#VRML V2.0 utf8
# 3D model generated by easyeda2kicad.py (https://github.com/uPesy/easyeda2kicad.py)

Shape{
    appearance Appearance {
        material  Material 	{
            diffuseColor 0.7529411764705882 1.0 1.0
            specularColor 0.3764705882352941 0.5019607843137255 0.5019607843137255
            ambientIntensity 0.9261
            transparency 0.0
            shininess 0.5
        }
    }
    geometry IndexedFaceSet {
        ccw TRUE
        solid FALSE
        coord DEF co Coordinate {
            point [
                0.9913 0.0 0.1182, 0.9867 -0.0209 0.1185, 0.8336 -0.0 0.1186, 0.9847 -0.0304 0.1186, 0.9817 -0.0371 0.1189, 0.9777 -0.0463 0.1193, 0.9769 -0.0474 0.1194, 0.9726 -0.0531 0.1197, 0.893 -0.0695 0.1209, 0.9724 -0.0534 0.1198, 0.9674 -0.0576 0.12, 0.9649 -0.0598 0.1202, 0.9598 -0.0623 0.1204, 0.9535 -0.0656 0.1206, 0.9507 -0.0663 0.1207, 0.9225 -0.0737 0.1213, 0.9075 -0.0721 0.1211, 0.8964 -0.0708 0.121, 0.2559 -0.1291 0.1278, 0.2559 0.0 0.1181, 0.3754 0.0 0.1184, 0.3392 -0.0928 0.1231, 0.3536 -0.0928 0.1231, 0.368 -0.0928 0.1231, 0.3879 -0.0378 0.1189, 0.4692 -0.0378 0.1189, 0.3779 -0.0653 0.1206, 0.4786 -0.0653 0.1206, 0.488 -0.0929 0.1231, 0.5024 -0.0929 0.1231, 0.5168 -0.0928 0.1231, 0.8072 -0.0088 0.1182, 0.8072 -0.0713 0.1211, 0.7676 -0.0713 0.1211, 0.728 -0.0713 0.1211, 0.6896 -0.0213 0.1184, 0.7808 -0.0929 0.1231, 0.8336 -0.0929 0.1231, 1.2756 -0.1291 0.1278, 0.5731 -0.0751 0.1214, 0.5777 -0.0785 0.1217, 0.5432 -0.0416 0.1192, 0.5479 -0.0512 0.1196, 0.5115 -0.0788 0.1224, 0.551 -0.0548 0.1199, 0.5606 -0.066 0.1206, 0.5867 -0.0822 0.122, 0.5973 -0.0865 0.1224, 0.6011 -0.0871 0.1225, 0.6361 -0.0929 0.1231, 0.6628 -0.0929 0.1231, 0.6896 -0.0929 0.1231, 0.728 -0.0928 0.1231, 0.6896 -0.0805 0.1219, 1.0352 -0.0713 0.1211, 1.0089 -0.0433 0.1192, 1.0724 -0.0713 0.1211, 1.0111 -0.0379 0.1189, 1.1096 -0.0713 0.1211, 1.0123 -0.0311 0.1188, 1.1096 -0.0087 0.1181, 1.0181 0.0 0.1181, 1.1096 -0.0 0.1184, 0.9262 -0.0952 0.1234, 0.963 -0.0843 0.1222, 1.0352 -0.0929 0.1231, 0.9671 -0.0831 0.1221, 0.9813 -0.0757 0.1214, 0.9874 -0.0725 0.1212, 0.9919 -0.0686 0.1208, 0.9972 -0.064 0.1205, 0.9984 -0.0624 0.1204, 1.004 -0.0545 0.1198, 1.0047 -0.0535 0.1198, 0.872 -0.0612 0.1203, 0.8336 -0.0213 0.1184, 0.8336 -0.0805 0.1219, 0.872 -0.0827 0.1221, 0.8833 -0.0869 0.1225, 0.8983 -0.0925 0.1231, 0.9012 -0.0927 0.1231, 1.136 -0.0929 0.1231, 1.136 -0.0805 0.1219, 1.136 -0.0213 0.1184, 1.2756 0.0 0.1181, 1.136 -0.0 0.1186, 1.136 0.0412 0.1191, 1.2756 0.1291 0.1278, 1.136 0.1037 0.1243, 1.1096 0.1037 0.1243, 1.0184 0.0017 0.1181, 1.0157 0.0207 0.1185, 1.1096 0.0538 0.1198, 1.0073 0.0535 0.1198, 1.0107 0.0427 0.1192, 1.0141 0.0321 0.1187, 1.0048 0.0574 0.12, 0.9962 0.0712 0.121, 0.9958 0.0718 0.1211, 0.9903 0.078 0.1216, 0.9901 0.0781 0.1216, 0.978 0.0876 0.1226, 0.9734 0.0912 0.1229, 0.9657 0.0946 0.1233, 0.9556 0.099 0.1238, 0.9524 0.0996 0.1239, 0.9183 0.1061 0.1246, 0.8336 0.1037 0.1243, 0.7832 0.1037 0.1243, 0.6896 0.0412 0.1191, 0.6896 0.1037 0.1243, 0.7328 0.1037 0.1243, 0.5753 0.0865 0.1225, 0.5684 0.0834 0.1221, 0.4424 0.1037 0.1243, 0.5634 0.0795 0.1218, 0.5577 0.0752 0.1214, 0.5564 0.0736 0.1212, 0.5498 0.0654 0.1206, 0.5491 0.0645 0.1205, 0.5438 0.0537 0.1198, 0.5312 0.0079 0.1181, 0.5327 0.0 0.1183, 0.4816 0.0 0.1184, 0.5382 -0.0291 0.1187, 0.5389 -0.0328 0.1187, 0.5413 0.0485 0.1195, 0.5395 0.0412 0.1192, 0.4778 0.01 0.1184, 0.4796 0.0055 0.1181, 0.2559 0.1291 0.1278, 0.6618 0.1037 0.1243, 0.634 0.1037 0.1243, 0.5953 0.0945 0.1233, 0.5911 0.0935 0.1232, 0.4292 0.1037 0.1243, 0.416 0.1037 0.1243, 0.4105 0.0897 0.1235, 0.3776 0.0055 0.1181, 0.3758 0.0009 0.1184, 0.77 0.0822 0.122, 0.8072 0.0822 0.122, 0.8072 0.0799 0.1218, 0.8072 0.0174 0.1183, 0.7724 0.0175 0.1183, 0.7376 0.0175 0.1183, 0.7328 0.0822 0.122, 0.8072 -0.0042 0.1181, 0.7724 -0.0042 0.1181, 0.7376 -0.0042 0.1181, 0.7376 -0.0 0.1182, 0.6896 -0.0 0.1186, 0.8942 0.0815 0.122, 0.8981 0.082 0.122, 0.8947 0.1045 0.1244, 0.872 0.0983 0.1237, 0.8336 0.0412 0.1191, 0.872 0.072 0.1211, 0.8862 0.078 0.1216, 0.9181 0.0846 0.1222, 0.9436 0.0767 0.1215, 0.9539 0.072 0.1211, 0.9633 0.0677 0.1208, 0.9663 0.0653 0.1206, 0.9738 0.0595 0.1202, 0.9784 0.0536 0.1198, 0.9796 0.052 0.1197, 0.9826 0.0457 0.1193, 0.992 0.0033 0.1181, 0.986 0.0356 0.1189, 0.985 0.0406 0.1191, 1.2756 -0.2553 0.1566, 0.2559 -0.2553 0.1566, 1.2756 -0.3758 0.2039, 0.2559 -0.3758 0.2039, 1.2756 -0.4879 0.2686, 0.2559 -0.4879 0.2686, 1.2756 -0.5891 0.3493, 0.2559 -0.5891 0.3493, 1.2756 -0.6772 0.4442, 0.2559 -0.6772 0.4442, 1.2756 -0.7501 0.5512, 0.2559 -0.7501 0.5512, 1.2756 -0.8063 0.6678, 0.2559 -0.8063 0.6678, 1.2756 -0.8444 0.7915, 0.2559 -0.8444 0.7915, 1.2756 -0.8637 0.9195, 0.2559 -0.8637 0.9195, 1.2756 -0.8637 1.049, 0.2559 -0.8637 1.049, 1.2756 -0.8444 1.177, 0.2559 -0.8444 1.177, 1.2756 -0.8063 1.3007, 0.2559 -0.8063 1.3007, 1.2756 -0.7501 1.4173, 0.2559 -0.7501 1.4173, 1.2756 -0.6772 1.5243, 0.2559 -0.6772 1.5243, 1.2756 -0.5891 1.6192, 0.2559 -0.5891 1.6192, 1.2756 -0.4879 1.6999, 0.2559 -0.4879 1.6999, 1.2756 -0.3758 1.7646, 0.2559 -0.3758 1.7646, 1.2756 -0.2553 1.8119, 0.2559 -0.2553 1.8119, 1.2756 -0.1291 1.8407, 0.2559 -0.1291 1.8407, 1.2756 -0.0 1.8504, 0.2559 0.0 1.8504, 1.2756 0.1291 1.8407, 0.2559 0.1291 1.8407, 1.2756 0.2553 1.8119, 0.2559 0.2553 1.8119, 1.2756 0.3758 1.7646, 0.2559 0.3758 1.7646, 1.2756 0.4879 1.6999, 0.2559 0.4879 1.6999, 1.2756 0.5891 1.6192, 0.2559 0.5891 1.6192, 1.2756 0.6772 1.5243, 0.2559 0.6772 1.5243, 1.2756 0.7501 1.4173, 0.2559 0.7501 1.4173, 1.2756 0.8063 1.3007, 0.2559 0.8063 1.3007, 1.2756 0.8444 1.177, 0.2559 0.8444 1.177, 1.2756 0.8637 1.049, 0.2559 0.8637 1.049, 1.2756 0.8637 0.9195, 0.2559 0.8637 0.9195, 1.2756 0.8444 0.7915, 0.2559 0.8444 0.7915, 1.2756 0.8063 0.6678, 0.2559 0.8063 0.6678, 1.2756 0.7501 0.5512, 0.2559 0.7501 0.5512, 1.2756 0.6772 0.4442, 0.2559 0.6772 0.4442, 1.2756 0.5891 0.3493, 0.2559 0.5891 0.3493, 1.2756 0.4879 0.2686, 0.2559 0.4879 0.2686, 1.2756 0.3758 0.2039, 0.2559 0.3758 0.2039, 1.2756 0.2553 0.1566, 0.2559 0.2553 0.1566
            ]
        }
        coordIndex [
            0,1,2,-1,2,1,3,-1,2,3,4,-1,4,5,2,-1,2,5,6,-1,2,6,7,-1,8,7,9,-1,9,10,8,-1,8,10,11,-1,8,11,12,-1,12,13,14,-1,14,15,16,-1,12,14,8,-1,8,14,16,-1,8,16,17,-1,18,19,20,-1,20,21,18,-1,18,21,22,-1,18,22,23,-1,24,25,26,-1,26,25,23,-1,25,27,23,-1,23,27,28,-1,23,28,18,-1,18,28,29,-1,18,29,30,-1,31,32,33,-1,33,34,35,-1,36,37,38,-1,39,40,30,-1,41,42,43,-1,43,42,44,-1,43,44,30,-1,30,44,45,-1,30,45,39,-1,40,46,30,-1,30,46,47,-1,30,47,48,-1,49,50,38,-1,38,50,51,-1,36,38,52,-1,52,38,51,-1,52,51,34,-1,34,51,53,-1,34,53,35,-1,54,55,56,-1,56,55,57,-1,56,57,58,-1,58,57,59,-1,58,59,60,-1,60,59,61,-1,60,61,62,-1,63,64,65,-1,65,64,66,-1,65,66,67,-1,67,68,65,-1,65,68,69,-1,65,69,70,-1,70,71,65,-1,65,71,72,-1,65,72,54,-1,54,72,73,-1,54,73,55,-1,7,8,2,-1,2,8,74,-1,2,74,75,-1,75,74,76,-1,76,74,77,-1,76,77,37,-1,37,77,78,-1,37,78,79,-1,79,80,37,-1,37,80,63,-1,37,63,38,-1,38,63,65,-1,38,65,81,-1,81,82,38,-1,38,82,83,-1,38,83,84,-1,83,85,84,-1,84,85,86,-1,84,86,87,-1,87,86,88,-1,87,88,89,-1,61,90,62,-1,62,90,91,-1,62,91,92,-1,93,89,94,-1,94,89,92,-1,94,92,95,-1,95,92,91,-1,93,96,89,-1,89,96,97,-1,89,97,98,-1,98,99,89,-1,89,99,100,-1,89,100,101,-1,101,102,89,-1,89,102,103,-1,89,103,104,-1,104,105,89,-1,89,105,106,-1,89,106,87,-1,87,106,107,-1,87,107,108,-1,109,110,111,-1,112,113,114,-1,113,115,114,-1,114,115,116,-1,114,116,117,-1,117,118,114,-1,114,118,119,-1,114,119,120,-1,121,122,123,-1,123,122,124,-1,123,124,43,-1,43,124,125,-1,43,125,41,-1,120,126,114,-1,114,126,127,-1,114,127,128,-1,128,127,121,-1,128,121,129,-1,129,121,123,-1,111,110,130,-1,130,110,131,-1,130,131,132,-1,132,133,114,-1,114,133,134,-1,114,134,112,-1,132,114,130,-1,130,114,135,-1,130,135,136,-1,136,137,130,-1,130,137,138,-1,130,138,19,-1,19,138,139,-1,19,139,20,-1,140,141,142,-1,142,143,144,-1,144,145,142,-1,142,145,146,-1,142,146,140,-1,147,31,148,-1,148,31,33,-1,148,33,149,-1,149,33,35,-1,149,35,150,-1,150,35,151,-1,150,151,145,-1,145,151,109,-1,145,109,146,-1,146,109,111,-1,152,153,2,-1,106,154,107,-1,107,154,155,-1,107,155,156,-1,156,155,157,-1,156,157,2,-1,2,157,158,-1,2,158,152,-1,153,159,2,-1,2,159,160,-1,2,160,161,-1,161,162,2,-1,2,162,163,-1,2,163,164,-1,164,165,2,-1,2,165,166,-1,2,166,167,-1,168,0,169,-1,169,0,2,-1,169,2,170,-1,170,2,167,-1,48,49,30,-1,30,49,38,-1,30,38,18,-1,18,38,171,-1,18,171,172,-1,172,171,173,-1,172,173,174,-1,174,173,175,-1,174,175,176,-1,176,175,177,-1,176,177,178,-1,178,177,179,-1,178,179,180,-1,180,179,181,-1,180,181,182,-1,182,181,183,-1,182,183,184,-1,184,183,185,-1,184,185,186,-1,186,185,187,-1,186,187,188,-1,188,187,189,-1,188,189,190,-1,190,189,191,-1,190,191,192,-1,192,191,193,-1,192,193,194,-1,194,193,195,-1,194,195,196,-1,196,195,197,-1,196,197,198,-1,198,197,199,-1,198,199,200,-1,200,199,201,-1,200,201,202,-1,202,201,203,-1,202,203,204,-1,204,203,205,-1,204,205,206,-1,206,205,207,-1,206,207,208,-1,208,207,209,-1,208,209,210,-1,210,209,211,-1,210,211,212,-1,212,211,213,-1,212,213,214,-1,214,213,215,-1,214,215,216,-1,216,215,217,-1,216,217,218,-1,218,217,219,-1,218,219,220,-1,220,219,221,-1,220,221,222,-1,222,221,223,-1,222,223,224,-1,224,223,225,-1,224,225,226,-1,226,225,227,-1,226,227,228,-1,228,227,229,-1,228,229,230,-1,230,229,231,-1,230,231,232,-1,232,231,233,-1,232,233,234,-1,234,233,235,-1,234,235,236,-1,236,235,237,-1,236,237,238,-1,238,237,239,-1,238,239,240,-1,240,239,241,-1,240,241,242,-1,242,241,243,-1,242,243,244,-1,244,243,245,-1,244,245,246,-1,246,245,247,-1,246,247,248,-1,248,247,87,-1,248,87,130,-1,130,87,108,-1,130,108,111,-1,
        ]
    }
}
Shape{
    appearance Appearance {
        material  Material 	{
            diffuseColor 1.0 1.0 1.0
            specularColor 0.5019607843137255 0.5019607843137255 0.5019607843137255
            ambientIntensity 1.0
            transparency 0.0
            shininess 0.5
        }
    }
    geometry IndexedFaceSet {
        ccw TRUE
        solid FALSE
        coord DEF co Coordinate {
            point [
                1.4764 0.0687 0.0024, 1.4764 0.0 0.0, 1.2756 0.0 0.0, 1.2756 -0.0687 0.0024, 1.4764 -0.0687 0.0024, 1.4764 -0.2046 0.0215, 1.2756 -0.2046 0.0215, 1.4764 -0.3366 0.0594, 1.2756 -0.3366 0.0594, 1.4764 -0.4621 0.1152, 1.2756 -0.4621 0.1152, 1.4764 -0.5785 0.188, 1.2756 -0.5785 0.188, 1.4764 -0.6837 0.2762, 1.2756 -0.6837 0.2762, 1.4764 -0.7756 0.3783, 1.2756 -0.7756 0.3783, 1.4764 -0.8524 0.4921, 1.2756 -0.8524 0.4921, 1.4764 -0.9126 0.6155, 1.2756 -0.9126 0.6155, 1.4764 -0.955 0.7461, 1.2756 -0.955 0.7461, 1.4764 -0.9789 0.8814, 1.2756 -0.9789 0.8814, 1.4764 -0.9837 1.0186, 1.2756 -0.9837 1.0186, 1.4764 -0.9693 1.1552, 1.2756 -0.9693 1.1552, 1.4764 -0.9361 1.2884, 1.2756 -0.9361 1.2884, 1.4764 -0.8846 1.4157, 1.2756 -0.8846 1.4157, 1.4764 -0.816 1.5346, 1.2756 -0.816 1.5346, 1.4764 -0.7314 1.6428, 1.2756 -0.7314 1.6428, 1.4764 -0.6327 1.7382, 1.2756 -0.6327 1.7382, 1.4764 -0.5216 1.8189, 1.2756 -0.5216 1.8189, 1.4764 -0.4003 1.8834, 1.2756 -0.4003 1.8834, 1.4764 -0.2713 1.9304, 1.2756 -0.2713 1.9304, 1.4764 -0.137 1.9589, 1.2756 -0.137 1.9589, 1.4764 0.0 1.9685, 1.2756 0.0 1.9685, 1.4764 0.137 1.9589, 1.2756 0.137 1.9589, 1.4764 0.2713 1.9304, 1.2756 0.2713 1.9304, 1.4764 0.4003 1.8834, 1.2756 0.4003 1.8834, 1.4764 0.5216 1.8189, 1.2756 0.5216 1.8189, 1.4764 0.6327 1.7382, 1.2756 0.6327 1.7382, 1.4764 0.7314 1.6428, 1.2756 0.7314 1.6428, 1.4764 0.816 1.5346, 1.2756 0.816 1.5346, 1.4764 0.8846 1.4157, 1.2756 0.8846 1.4157, 1.4764 0.9361 1.2884, 1.2756 0.9361 1.2884, 1.4764 0.9693 1.1552, 1.2756 0.9693 1.1552, 1.4764 0.9837 1.0186, 1.2756 0.9837 1.0186, 1.4764 0.9789 0.8814, 1.2756 0.9789 0.8814, 1.4764 0.955 0.7461, 1.2756 0.955 0.7461, 1.4764 0.9126 0.6155, 1.2756 0.9126 0.6155, 1.4764 0.8524 0.4921, 1.2756 0.8524 0.4921, 1.4764 0.7756 0.3783, 1.2756 0.7756 0.3783, 1.4764 0.6837 0.2762, 1.2756 0.6837 0.2762, 1.4764 0.5785 0.188, 1.2756 0.5785 0.188, 1.4764 0.4621 0.1152, 1.2756 0.4621 0.1152, 1.4764 0.3366 0.0594, 1.2756 0.3366 0.0594, 1.4764 0.2046 0.0215, 1.2756 0.2046 0.0215, 1.2756 0.0687 0.0024, 1.4764 0.0 0.9843, 1.2756 0.0 0.1181, 1.2756 0.1291 0.1278, 1.2756 0.2553 0.1566, 1.2756 0.3758 0.2039, 1.2756 0.4879 0.2686, 1.2756 0.5891 0.3493, 1.2756 0.6772 0.4442, 1.2756 0.7501 0.5512, 1.2756 0.8063 0.6678, 1.2756 0.8444 0.7915, 1.2756 0.8637 0.9195, 1.2756 0.8637 1.049, 1.2756 0.8444 1.177, 1.2756 0.8063 1.3007, 1.2756 0.7501 1.4173, 1.2756 -0.1291 0.1278, 1.2756 -0.2553 0.1566, 1.2756 -0.3758 0.2039, 1.2756 -0.4879 0.2686, 1.2756 -0.5891 0.3493, 1.2756 -0.6772 0.4442, 1.2756 -0.7501 0.5512, 1.2756 -0.8063 0.6678, 1.2756 -0.8444 0.7915, 1.2756 -0.8637 0.9195, 1.2756 -0.8637 1.049, 1.2756 -0.8444 1.177, 1.2756 -0.8063 1.3007, 1.2756 -0.7501 1.4173, 1.2756 -0.6772 1.5243, 1.2756 -0.5891 1.6192, 1.2756 -0.4879 1.6999, 1.2756 -0.3758 1.7646, 1.2756 -0.2553 1.8119, 1.2756 -0.1291 1.8407, 1.2756 -0.0 1.8504, 1.2756 0.1291 1.8407, 1.2756 0.2553 1.8119, 1.2756 0.3758 1.7646, 1.2756 0.4879 1.6999, 1.2756 0.5891 1.6192, 1.2756 0.6772 1.5243, 0.2559 -0.0687 0.0024, 0.2559 0.0 0.1181, 0.2559 -0.2046 0.0215, 0.2559 -0.1291 0.1278, 0.2559 -0.3366 0.0594, 0.2559 -0.2553 0.1566, 0.2559 -0.4621 0.1152, 0.2559 -0.3758 0.2039, 0.2559 -0.5785 0.188, 0.2559 -0.4879 0.2686, 0.2559 -0.6837 0.2762, 0.2559 -0.5891 0.3493, 0.2559 -0.7756 0.3783, 0.2559 -0.6772 0.4442, 0.2559 -0.8524 0.4921, 0.2559 -0.7501 0.5512, 0.2559 -0.9126 0.6155, 0.2559 -0.8063 0.6678, 0.2559 -0.955 0.7461, 0.2559 -0.8444 0.7915, 0.2559 -0.9789 0.8814, 0.2559 -0.8637 0.9195, 0.2559 -0.9837 1.0186, 0.2559 -0.8637 1.049, 0.2559 -0.9693 1.1552, 0.2559 -0.8444 1.177, 0.2559 -0.9361 1.2884, 0.2559 -0.8063 1.3007, 0.2559 -0.8846 1.4157, 0.2559 -0.7501 1.4173, 0.2559 0.7501 1.4173, 0.2559 0.816 1.5346, 0.2559 0.6772 1.5243, 0.2559 0.7314 1.6428, 0.2559 0.5891 1.6192, 0.2559 0.6327 1.7382, 0.2559 0.4879 1.6999, 0.2559 0.5216 1.8189, 0.2559 0.3758 1.7646, 0.2559 0.4003 1.8834, 0.2559 0.2553 1.8119, 0.2559 0.2713 1.9304, 0.2559 0.1291 1.8407, 0.2559 0.137 1.9589, 0.2559 0.0 1.8504, 0.2559 0.0 1.9685, 0.2559 -0.1291 1.8407, 0.2559 -0.137 1.9589, 0.2559 -0.2553 1.8119, 0.2559 -0.2713 1.9304, 0.2559 -0.3758 1.7646, 0.2559 -0.4003 1.8834, 0.2559 -0.4879 1.6999, 0.2559 -0.5216 1.8189, 0.2559 -0.5891 1.6192, 0.2559 -0.6327 1.7382, 0.2559 -0.6772 1.5243, 0.2559 -0.7314 1.6428, 0.2559 -0.816 1.5346, 0.2559 0.0 0.0, 0.2559 0.0687 0.0024, 0.2559 0.1291 0.1278, 0.2559 0.2046 0.0215, 0.2559 0.2553 0.1566, 0.2559 0.3366 0.0594, 0.2559 0.3758 0.2039, 0.2559 0.4621 0.1152, 0.2559 0.4879 0.2686, 0.2559 0.5785 0.188, 0.2559 0.5891 0.3493, 0.2559 0.6837 0.2762, 0.2559 0.6772 0.4442, 0.2559 0.7756 0.3783, 0.2559 0.7501 0.5512, 0.2559 0.8524 0.4921, 0.2559 0.8063 0.6678, 0.2559 0.9126 0.6155, 0.2559 0.8444 0.7915, 0.2559 0.955 0.7461, 0.2559 0.8637 0.9195, 0.2559 0.9789 0.8814, 0.2559 0.8637 1.049, 0.2559 0.9837 1.0186, 0.2559 0.8444 1.177, 0.2559 0.9693 1.1552, 0.2559 0.8063 1.3007, 0.2559 0.9361 1.2884, 0.2559 0.8846 1.4157, -0.2559 0.0 0.1181, -0.2559 0.0 0.0, -0.2559 -0.0687 0.0024, -0.2559 -0.1291 0.1278, -0.2559 -0.2046 0.0215, -0.2559 -0.2553 0.1566, -0.2559 -0.3366 0.0594, -0.2559 -0.3758 0.2039, -0.2559 -0.4621 0.1152, -0.2559 -0.4879 0.2686, -0.2559 -0.5785 0.188, -0.2559 -0.5891 0.3493, -0.2559 -0.6837 0.2762, -0.2559 -0.6772 0.4442, -0.2559 -0.7756 0.3783, -0.2559 -0.7501 0.5512, -0.2559 -0.8524 0.4921, -0.2559 -0.8063 0.6678, -0.2559 -0.9126 0.6155, -0.2559 -0.8444 0.7915, -0.2559 -0.955 0.7461, -0.2559 -0.8637 0.9195, -0.2559 -0.9789 0.8814, -0.2559 -0.8637 1.049, -0.2559 -0.9837 1.0186, -0.2559 -0.8444 1.177, -0.2559 -0.9693 1.1552, -0.2559 -0.8063 1.3007, -0.2559 -0.9361 1.2884, -0.2559 -0.7501 1.4173, -0.2559 0.7501 1.4173, -0.2559 0.8846 1.4157, -0.2559 0.8063 1.3007, -0.2559 0.9361 1.2884, -0.2559 0.8444 1.177, -0.2559 0.9693 1.1552, -0.2559 0.8637 1.049, -0.2559 0.9837 1.0186, -0.2559 0.8637 0.9195, -0.2559 0.9789 0.8814, -0.2559 0.8444 0.7915, -0.2559 0.955 0.7461, -0.2559 0.8063 0.6678, -0.2559 0.9126 0.6155, -0.2559 0.7501 0.5512, -0.2559 0.8524 0.4921, -0.2559 0.6772 0.4442, -0.2559 0.7756 0.3783, -0.2559 0.5891 0.3493, -0.2559 0.6837 0.2762, -0.2559 0.4879 0.2686, -0.2559 0.5785 0.188, -0.2559 0.3758 0.2039, -0.2559 0.4621 0.1152, -0.2559 0.2553 0.1566, -0.2559 0.3366 0.0594, -0.2559 0.1291 0.1278, -0.2559 0.2046 0.0215, -0.2559 0.0687 0.0024, -0.2559 -0.8846 1.4157, -0.2559 -0.816 1.5346, -0.2559 -0.6772 1.5243, -0.2559 -0.7314 1.6428, -0.2559 -0.5891 1.6192, -0.2559 -0.6327 1.7382, -0.2559 -0.4879 1.6999, -0.2559 -0.5216 1.8189, -0.2559 -0.3758 1.7646, -0.2559 -0.4003 1.8834, -0.2559 -0.2553 1.8119, -0.2559 -0.2713 1.9304, -0.2559 -0.1291 1.8407, -0.2559 -0.137 1.9589, -0.2559 0.0 1.8504, -0.2559 0.0 1.9685, -0.2559 0.1291 1.8407, -0.2559 0.137 1.9589, -0.2559 0.2553 1.8119, -0.2559 0.2713 1.9304, -0.2559 0.3758 1.7646, -0.2559 0.4003 1.8834, -0.2559 0.4879 1.6999, -0.2559 0.5216 1.8189, -0.2559 0.5891 1.6192, -0.2559 0.6327 1.7382, -0.2559 0.6772 1.5243, -0.2559 0.7314 1.6428, -0.2559 0.816 1.5346, -1.4764 -0.5062 1.9685, -1.4764 -0.0 1.4173, -1.4764 -0.0645 1.4125, -1.4764 0.0645 1.4125, -1.4764 0.5062 1.9685, -1.4764 0.1276 1.3981, -1.4764 0.1879 1.3744, -1.4764 0.583 1.9609, -1.4764 0.244 1.3421, -1.4764 0.0645 0.556, -1.4764 0.5062 0.0, -1.4764 0.0 0.5512, -1.4764 -0.5062 0.0, -1.4764 -0.0645 0.556, -1.4764 0.9543 0.3274, -1.4764 0.3386 0.7142, -1.4764 0.3751 0.7677, -1.4764 0.8689 1.7689, -1.4764 0.3386 1.2543, -1.4764 0.2946 1.3017, -1.4764 0.6569 1.9385, -1.4764 0.7249 1.9022, -1.4764 0.7846 1.8532, -1.4764 -0.1276 1.3981, -1.4764 -0.1879 1.3744, -1.4764 -0.583 1.9609, -1.4764 -0.244 1.3421, -1.4764 -0.2946 1.3017, -1.4764 -0.7249 1.9022, -1.4764 -0.6569 1.9385, -1.4764 -0.9543 1.6411, -1.4764 -0.3386 1.2543, -1.4764 -0.3751 1.2008, -1.4764 -0.4031 1.1425, -1.4764 -0.9843 1.4905, -1.4764 -0.9767 1.5673, -1.4764 -0.7846 0.1153, -1.4764 -0.8689 0.1996, -1.4764 -0.2946 0.6668, -1.4764 -0.3386 0.7142, -1.4764 -0.7249 0.0664, -1.4764 -0.244 0.6264, -1.4764 -0.6569 0.03, -1.4764 0.1276 0.5704, -1.4764 0.1879 0.5941, -1.4764 0.583 0.0076, -1.4764 0.244 0.6264, -1.4764 0.4031 0.826, -1.4764 0.9843 0.478, -1.4764 0.9767 0.4012, -1.4764 -0.9179 1.7092, -1.4764 -0.8689 1.7689, -1.4764 -0.7846 1.8532, -1.4764 -0.583 0.0076, -1.4764 -0.1879 0.5941, -1.4764 -0.1276 0.5704, -1.4764 0.2946 0.6668, -1.4764 0.7249 0.0664, -1.4764 0.6569 0.03, -1.4764 0.9179 0.2593, -1.4764 0.8689 0.1996, -1.4764 0.7846 0.1153, -1.4764 0.9179 1.7092, -1.4764 0.9543 1.6411, -1.4764 0.3751 1.2008, -1.4764 0.9767 1.5673, -1.4764 0.4031 1.1425, -1.4764 0.9843 1.4905, -1.4764 0.4222 1.0806, -1.4764 -0.4222 1.0806, -1.4764 -0.4319 1.0166, -1.4764 -0.9843 0.478, -1.4764 -0.4319 0.9519, -1.4764 -0.4222 0.8879, -1.4764 -0.4031 0.826, -1.4764 -0.9767 0.4012, -1.4764 -0.3751 0.7677, -1.4764 -0.9543 0.3274, -1.4764 -0.9179 0.2593, -1.4764 0.4222 0.8879, -1.4764 0.4319 0.9519, -1.4764 0.4319 1.0166, -1.2756 0.7846 1.8532, -1.2756 0.8689 1.7689, -1.2756 0.9843 0.478, -1.2756 0.9843 1.4905, -1.2756 0.7846 0.1153, -1.2756 0.8689 0.1996, -1.2756 -0.5062 0.0, -1.2756 0.5062 0.0, -1.2756 -0.8689 0.1996, -1.2756 -0.7846 0.1153, -1.2756 -0.9843 0.478, -1.2756 -0.9843 1.4905, -1.2756 -0.8689 1.7689, -1.2756 -0.7846 1.8532, -1.2756 -0.5062 1.9685, -1.2756 0.5062 1.9685, -1.2756 -0.1291 0.1278, -1.2756 0.0 0.1181, -1.2756 0.1291 0.1278, -1.2756 0.4879 1.6999, -1.2756 0.583 1.9609, -1.2756 0.3758 1.7646, -1.2756 0.2553 1.8119, -1.2756 0.7501 1.4173, -1.2756 0.8063 1.3007, -1.2756 -0.9543 0.3274, -1.2756 -0.6772 0.4442, -1.2756 -0.7501 0.5512, -1.2756 -0.8063 0.6678, -1.2756 -0.9767 0.4012, -1.2756 -0.7249 1.9022, -1.2756 -0.5891 1.6192, -1.2756 -0.4879 1.6999, -1.2756 -0.2553 1.8119, -1.2756 -0.3758 1.7646, -1.2756 -0.583 1.9609, -1.2756 -0.6569 1.9385, -1.2756 0.5891 1.6192, -1.2756 0.7249 1.9022, -1.2756 0.6569 1.9385, -1.2756 0.6772 1.5243, -1.2756 -0.9179 0.2593, -1.2756 -0.5891 0.3493, -1.2756 0.9767 1.5673, -1.2756 0.9543 1.6411, -1.2756 0.9179 1.7092, -1.2756 0.5891 0.3493, -1.2756 0.6772 0.4442, -1.2756 -0.2553 0.1566, -1.2756 -0.3758 0.2039, -1.2756 -0.583 0.0076, -1.2756 -0.4879 0.2686, -1.2756 -0.7249 0.0664, -1.2756 -0.6569 0.03, -1.2756 -0.8637 1.049, -1.2756 -0.8637 0.9195, -1.2756 -0.8444 0.7915, -1.2756 -0.6772 1.5243, -1.2756 -0.1291 1.8407, -1.2756 0.0 1.8504, -1.2756 0.1291 1.8407, -1.2756 0.7249 0.0664, -1.2756 0.4879 0.2686, -1.2756 0.6569 0.03, -1.2756 0.8637 0.9195, -1.2756 0.8637 1.049, -1.2756 0.8444 1.177, -1.2756 0.9179 0.2593, -1.2756 0.9543 0.3274, -1.2756 0.7501 0.5512, -1.2756 0.9767 0.4012, -1.2756 0.8063 0.6678, -1.2756 0.8444 0.7915, -1.2756 0.583 0.0076, -1.2756 0.3758 0.2039, -1.2756 0.2553 0.1566, -1.2756 -0.8444 1.177, -1.2756 -0.8063 1.3007, -1.2756 -0.9767 1.5673, -1.2756 -0.7501 1.4173, -1.2756 -0.9543 1.6411, -1.2756 -0.9179 1.7092
            ]
        }
        coordIndex [
            0,1,2,-1,2,1,3,-1,1,4,3,-1,3,4,5,-1,3,5,6,-1,6,5,7,-1,6,7,8,-1,8,7,9,-1,8,9,10,-1,10,9,11,-1,10,11,12,-1,12,11,13,-1,12,13,14,-1,14,13,15,-1,14,15,16,-1,16,15,17,-1,16,17,18,-1,18,17,19,-1,18,19,20,-1,20,19,21,-1,20,21,22,-1,22,21,23,-1,22,23,24,-1,24,23,25,-1,24,25,26,-1,26,25,27,-1,26,27,28,-1,28,27,29,-1,28,29,30,-1,30,29,31,-1,30,31,32,-1,32,31,33,-1,32,33,34,-1,34,33,35,-1,34,35,36,-1,36,35,37,-1,36,37,38,-1,38,37,39,-1,38,39,40,-1,40,39,41,-1,40,41,42,-1,42,41,43,-1,42,43,44,-1,44,43,45,-1,44,45,46,-1,46,45,47,-1,46,47,48,-1,48,47,49,-1,48,49,50,-1,50,49,51,-1,50,51,52,-1,52,51,53,-1,52,53,54,-1,54,53,55,-1,54,55,56,-1,56,55,57,-1,56,57,58,-1,58,57,59,-1,58,59,60,-1,60,59,61,-1,60,61,62,-1,62,61,63,-1,62,63,64,-1,64,63,65,-1,64,65,66,-1,66,65,67,-1,66,67,68,-1,68,67,69,-1,68,69,70,-1,70,69,71,-1,70,71,72,-1,72,71,73,-1,72,73,74,-1,74,73,75,-1,74,75,76,-1,76,75,77,-1,76,77,78,-1,78,77,79,-1,78,79,80,-1,80,79,81,-1,80,81,82,-1,82,81,83,-1,82,83,84,-1,84,83,85,-1,84,85,86,-1,86,85,87,-1,86,87,88,-1,88,87,89,-1,88,89,90,-1,90,89,0,-1,90,0,91,-1,91,0,2,-1,1,0,92,-1,7,5,92,-1,92,5,4,-1,92,4,1,-1,13,11,92,-1,92,11,9,-1,92,9,7,-1,19,17,92,-1,92,17,15,-1,92,15,13,-1,25,23,92,-1,92,23,21,-1,92,21,19,-1,31,29,92,-1,92,29,27,-1,92,27,25,-1,37,35,92,-1,92,35,33,-1,92,33,31,-1,43,41,92,-1,92,41,39,-1,92,39,37,-1,49,47,92,-1,92,47,45,-1,92,45,43,-1,55,53,92,-1,92,53,51,-1,92,51,49,-1,61,59,92,-1,92,59,57,-1,92,57,55,-1,67,65,92,-1,92,65,63,-1,92,63,61,-1,73,71,92,-1,92,71,69,-1,92,69,67,-1,79,77,92,-1,92,77,75,-1,92,75,73,-1,85,83,92,-1,92,83,81,-1,92,81,79,-1,0,89,92,-1,92,89,87,-1,92,87,85,-1,91,93,90,-1,90,93,94,-1,90,94,88,-1,88,94,95,-1,88,95,86,-1,86,95,96,-1,86,96,84,-1,84,96,97,-1,84,97,82,-1,82,97,98,-1,82,98,80,-1,80,98,99,-1,80,99,78,-1,78,99,100,-1,78,100,76,-1,76,100,101,-1,76,101,74,-1,74,101,102,-1,74,102,72,-1,72,102,103,-1,72,103,70,-1,70,103,104,-1,70,104,68,-1,68,104,105,-1,68,105,66,-1,66,105,106,-1,66,106,64,-1,64,106,107,-1,91,2,93,-1,93,2,3,-1,93,3,108,-1,108,3,6,-1,108,6,109,-1,109,6,8,-1,109,8,110,-1,110,8,10,-1,110,10,111,-1,111,10,12,-1,111,12,112,-1,112,12,14,-1,112,14,113,-1,113,14,16,-1,113,16,114,-1,114,16,18,-1,114,18,115,-1,115,18,20,-1,115,20,116,-1,116,20,22,-1,116,22,117,-1,117,22,24,-1,117,24,118,-1,118,24,26,-1,118,26,119,-1,119,26,28,-1,119,28,120,-1,120,28,30,-1,120,30,121,-1,30,32,121,-1,121,32,34,-1,121,34,122,-1,122,34,36,-1,122,36,123,-1,123,36,38,-1,123,38,124,-1,124,38,40,-1,124,40,125,-1,125,40,42,-1,125,42,126,-1,126,42,44,-1,126,44,127,-1,127,44,46,-1,127,46,128,-1,128,46,48,-1,128,48,129,-1,129,48,50,-1,129,50,130,-1,130,50,52,-1,130,52,131,-1,131,52,54,-1,131,54,132,-1,132,54,56,-1,132,56,133,-1,133,56,58,-1,133,58,134,-1,134,58,60,-1,134,60,107,-1,107,60,62,-1,107,62,64,-1,135,136,137,-1,137,136,138,-1,137,138,139,-1,139,138,140,-1,139,140,141,-1,141,140,142,-1,141,142,143,-1,143,142,144,-1,143,144,145,-1,145,144,146,-1,145,146,147,-1,147,146,148,-1,147,148,149,-1,149,148,150,-1,149,150,151,-1,151,150,152,-1,151,152,153,-1,153,152,154,-1,153,154,155,-1,155,154,156,-1,155,156,157,-1,157,156,158,-1,157,158,159,-1,159,158,160,-1,159,160,161,-1,161,160,162,-1,161,162,163,-1,163,162,164,-1,165,166,167,-1,167,166,168,-1,167,168,169,-1,169,168,170,-1,169,170,171,-1,171,170,172,-1,171,172,173,-1,173,172,174,-1,173,174,175,-1,175,174,176,-1,175,176,177,-1,177,176,178,-1,177,178,179,-1,179,178,180,-1,179,180,181,-1,181,180,182,-1,181,182,183,-1,183,182,184,-1,183,184,185,-1,185,184,186,-1,185,186,187,-1,187,186,188,-1,187,188,189,-1,189,188,190,-1,189,190,191,-1,191,190,192,-1,191,192,164,-1,164,192,193,-1,164,193,163,-1,135,194,136,-1,136,194,195,-1,136,195,196,-1,196,195,197,-1,196,197,198,-1,198,197,199,-1,198,199,200,-1,200,199,201,-1,200,201,202,-1,202,201,203,-1,202,203,204,-1,204,203,205,-1,204,205,206,-1,206,205,207,-1,206,207,208,-1,208,207,209,-1,208,209,210,-1,210,209,211,-1,210,211,212,-1,212,211,213,-1,212,213,214,-1,214,213,215,-1,214,215,216,-1,216,215,217,-1,216,217,218,-1,218,217,219,-1,218,219,220,-1,220,219,221,-1,220,221,165,-1,165,221,222,-1,165,222,166,-1,223,224,225,-1,223,225,226,-1,226,225,227,-1,226,227,228,-1,228,227,229,-1,228,229,230,-1,230,229,231,-1,230,231,232,-1,232,231,233,-1,232,233,234,-1,234,233,235,-1,234,235,236,-1,236,235,237,-1,236,237,238,-1,238,237,239,-1,238,239,240,-1,240,239,241,-1,240,241,242,-1,242,241,243,-1,242,243,244,-1,244,243,245,-1,244,245,246,-1,246,245,247,-1,246,247,248,-1,248,247,249,-1,248,249,250,-1,250,249,251,-1,250,251,252,-1,253,254,255,-1,255,254,256,-1,255,256,257,-1,257,256,258,-1,257,258,259,-1,259,258,260,-1,259,260,261,-1,261,260,262,-1,261,262,263,-1,263,262,264,-1,263,264,265,-1,265,264,266,-1,265,266,267,-1,267,266,268,-1,267,268,269,-1,269,268,270,-1,269,270,271,-1,271,270,272,-1,271,272,273,-1,273,272,274,-1,273,274,275,-1,275,274,276,-1,275,276,277,-1,277,276,278,-1,277,278,279,-1,279,278,280,-1,279,280,223,-1,223,280,281,-1,223,281,224,-1,251,282,252,-1,252,282,283,-1,252,283,284,-1,284,283,285,-1,284,285,286,-1,286,285,287,-1,286,287,288,-1,288,287,289,-1,288,289,290,-1,290,289,291,-1,290,291,292,-1,292,291,293,-1,292,293,294,-1,294,293,295,-1,294,295,296,-1,296,295,297,-1,296,297,298,-1,298,297,299,-1,298,299,300,-1,300,299,301,-1,300,301,302,-1,302,301,303,-1,302,303,304,-1,304,303,305,-1,304,305,306,-1,306,305,307,-1,306,307,308,-1,308,307,309,-1,308,309,253,-1,253,309,310,-1,253,310,254,-1,195,194,224,-1,224,194,225,-1,194,135,225,-1,225,135,137,-1,225,137,227,-1,227,137,139,-1,227,139,229,-1,229,139,141,-1,229,141,231,-1,231,141,143,-1,231,143,233,-1,233,143,145,-1,233,145,235,-1,235,145,147,-1,235,147,237,-1,237,147,149,-1,237,149,239,-1,239,149,151,-1,239,151,241,-1,241,151,153,-1,241,153,243,-1,243,153,155,-1,243,155,245,-1,245,155,157,-1,245,157,247,-1,247,157,159,-1,247,159,249,-1,249,159,161,-1,249,161,251,-1,251,161,163,-1,251,163,282,-1,282,163,193,-1,282,193,283,-1,283,193,192,-1,283,192,285,-1,285,192,190,-1,285,190,287,-1,287,190,188,-1,287,188,289,-1,289,188,186,-1,289,186,291,-1,291,186,184,-1,291,184,293,-1,293,184,182,-1,293,182,295,-1,295,182,180,-1,295,180,297,-1,297,180,178,-1,297,178,299,-1,299,178,176,-1,299,176,301,-1,301,176,174,-1,301,174,303,-1,303,174,172,-1,303,172,305,-1,305,172,170,-1,305,170,307,-1,307,170,168,-1,307,168,309,-1,309,168,166,-1,309,166,310,-1,310,166,222,-1,310,222,254,-1,254,222,221,-1,254,221,256,-1,256,221,219,-1,256,219,258,-1,258,219,217,-1,258,217,260,-1,260,217,215,-1,260,215,262,-1,262,215,213,-1,262,213,264,-1,264,213,211,-1,264,211,266,-1,266,211,209,-1,266,209,268,-1,268,209,207,-1,268,207,270,-1,270,207,205,-1,270,205,272,-1,272,205,203,-1,272,203,274,-1,274,203,201,-1,274,201,276,-1,276,201,199,-1,276,199,278,-1,278,199,197,-1,278,197,280,-1,280,197,195,-1,280,195,281,-1,281,195,224,-1,311,312,313,-1,312,311,314,-1,314,311,315,-1,314,315,316,-1,316,315,317,-1,317,315,318,-1,317,318,319,-1,320,321,322,-1,322,321,323,-1,322,323,324,-1,325,326,327,-1,328,329,330,-1,318,331,319,-1,319,331,332,-1,319,332,330,-1,330,332,333,-1,330,333,328,-1,313,334,311,-1,311,334,335,-1,311,335,336,-1,336,335,337,-1,338,339,337,-1,337,339,340,-1,337,340,336,-1,341,342,343,-1,344,345,343,-1,343,345,346,-1,343,346,341,-1,347,348,349,-1,349,348,350,-1,347,349,351,-1,351,349,352,-1,351,352,353,-1,320,354,321,-1,321,354,355,-1,321,355,356,-1,356,355,357,-1,358,359,327,-1,327,359,360,-1,327,360,325,-1,341,361,342,-1,342,361,362,-1,342,362,338,-1,338,362,363,-1,338,363,339,-1,353,352,364,-1,364,352,365,-1,364,365,323,-1,323,365,366,-1,323,366,324,-1,367,368,357,-1,357,368,369,-1,357,369,356,-1,325,370,326,-1,326,370,371,-1,326,371,367,-1,367,371,372,-1,367,372,368,-1,328,373,329,-1,329,373,374,-1,329,374,375,-1,375,374,376,-1,375,376,377,-1,377,376,378,-1,377,378,379,-1,344,380,345,-1,345,380,381,-1,345,381,382,-1,382,381,383,-1,383,384,382,-1,382,384,385,-1,382,385,386,-1,386,385,387,-1,386,387,388,-1,388,387,350,-1,388,350,389,-1,389,350,348,-1,358,390,359,-1,359,390,391,-1,359,391,378,-1,378,391,392,-1,378,392,379,-1,393,394,333,-1,333,394,328,-1,359,378,395,-1,395,378,396,-1,372,371,397,-1,397,371,398,-1,323,321,399,-1,399,321,400,-1,348,347,401,-1,401,347,402,-1,403,404,382,-1,382,404,345,-1,405,406,362,-1,362,406,363,-1,407,408,311,-1,311,408,315,-1,409,399,410,-1,410,399,400,-1,410,400,411,-1,412,413,414,-1,414,413,408,-1,414,408,415,-1,416,417,396,-1,418,419,420,-1,421,403,420,-1,420,403,422,-1,420,422,418,-1,423,424,425,-1,426,407,427,-1,427,407,428,-1,427,428,425,-1,425,428,429,-1,425,429,423,-1,430,431,412,-1,412,431,432,-1,412,432,413,-1,433,394,430,-1,430,394,393,-1,430,393,431,-1,418,434,419,-1,419,434,401,-1,419,401,435,-1,396,436,416,-1,416,436,437,-1,416,437,433,-1,433,437,438,-1,433,438,394,-1,397,398,439,-1,439,398,440,-1,409,441,399,-1,399,441,442,-1,399,442,443,-1,443,442,444,-1,401,402,435,-1,435,402,445,-1,435,445,444,-1,444,445,446,-1,444,446,443,-1,447,404,448,-1,448,404,403,-1,448,403,449,-1,449,403,421,-1,423,406,424,-1,424,406,405,-1,424,405,450,-1,426,451,407,-1,407,451,452,-1,407,452,408,-1,408,452,453,-1,408,453,415,-1,397,439,454,-1,454,439,455,-1,454,455,456,-1,457,395,458,-1,458,395,396,-1,458,396,459,-1,459,396,417,-1,398,460,440,-1,440,460,461,-1,440,461,462,-1,462,461,463,-1,462,463,464,-1,464,463,395,-1,464,395,465,-1,465,395,457,-1,456,455,466,-1,466,455,467,-1,466,467,400,-1,400,467,468,-1,400,468,411,-1,447,469,404,-1,404,469,470,-1,404,470,471,-1,471,470,472,-1,471,472,473,-1,473,472,450,-1,473,450,474,-1,474,450,405,-1,
        ]
    }
}
Shape{
    appearance Appearance {
        material  Material 	{
            diffuseColor 0.7529411764705882 1.0 1.0
            specularColor 0.3764705882352941 0.5019607843137255 0.5019607843137255
            ambientIntensity 0.9261
            transparency 0.0
            shininess 0.5
        }
    }
    geometry IndexedFaceSet {
        ccw TRUE
        solid FALSE
        coord DEF co Coordinate {
            point [
                -1.2756 0.0 1.8504, -0.2559 0.1291 1.8407, -1.2756 0.1291 1.8407, -0.2559 0.2553 1.8119, -1.2756 0.2553 1.8119, -0.2559 0.3758 1.7646, -1.2756 0.3758 1.7646, -0.2559 0.4879 1.6999, -1.2756 0.4879 1.6999, -0.2559 0.5891 1.6192, -1.2756 0.5891 1.6192, -0.2559 0.6772 1.5243, -1.2756 0.6772 1.5243, -0.2559 0.7501 1.4173, -1.2756 0.7501 1.4173, -0.2559 0.8063 1.3007, -1.2756 0.8063 1.3007, -0.2559 0.8444 1.177, -1.2756 0.8444 1.177, -0.2559 0.8637 1.049, -1.2756 0.8637 1.049, -0.2559 0.8637 0.9195, -1.2756 0.8637 0.9195, -0.2559 0.8444 0.7915, -1.2756 0.8444 0.7915, -0.2559 0.8063 0.6678, -1.2756 0.8063 0.6678, -0.2559 0.7501 0.5512, -1.2756 0.7501 0.5512, -0.2559 0.6772 0.4442, -1.2756 0.6772 0.4442, -0.2559 0.5891 0.3493, -1.2756 0.5891 0.3493, -0.2559 0.4879 0.2686, -1.2756 0.4879 0.2686, -0.2559 0.3758 0.2039, -1.2756 0.3758 0.2039, -0.2559 0.2553 0.1566, -1.2756 0.2553 0.1566, -0.2559 0.1291 0.1278, -1.2756 0.1291 0.1278, -0.2559 0.0 0.1181, -1.2756 0.0 0.1181, -0.2559 -0.1291 0.1278, -1.2756 -0.1291 0.1278, -0.2559 -0.2553 0.1566, -1.2756 -0.2553 0.1566, -0.2559 -0.3758 0.2039, -1.2756 -0.3758 0.2039, -0.2559 -0.4879 0.2686, -1.2756 -0.4879 0.2686, -0.2559 -0.5891 0.3493, -1.2756 -0.5891 0.3493, -0.2559 -0.6772 0.4442, -1.2756 -0.6772 0.4442, -0.2559 -0.7501 0.5512, -1.2756 -0.7501 0.5512, -0.2559 -0.8063 0.6678, -1.2756 -0.8063 0.6678, -0.2559 -0.8444 0.7915, -1.2756 -0.8444 0.7915, -0.2559 -0.8637 0.9195, -1.2756 -0.8637 0.9195, -0.2559 -0.8637 1.049, -1.2756 -0.8637 1.049, -0.2559 -0.8444 1.177, -1.2756 -0.8444 1.177, -0.2559 -0.8063 1.3007, -1.2756 -0.8063 1.3007, -0.2559 -0.7501 1.4173, -1.2756 -0.7501 1.4173, -0.2559 -0.6772 1.5243, -1.2756 -0.6772 1.5243, -0.2559 -0.5891 1.6192, -1.2756 -0.5891 1.6192, -0.2559 -0.4879 1.6999, -1.2756 -0.4879 1.6999, -0.2559 -0.3758 1.7646, -1.2756 -0.3758 1.7646, -0.2559 -0.2553 1.8119, -1.2756 -0.2553 1.8119, -0.2559 -0.1291 1.8407, -1.2756 -0.1291 1.8407, -0.2559 0.0 1.8504
            ]
        }
        coordIndex [
            0,1,2,-1,2,1,3,-1,2,3,4,-1,4,3,5,-1,4,5,6,-1,6,5,7,-1,6,7,8,-1,8,7,9,-1,8,9,10,-1,10,9,11,-1,10,11,12,-1,12,11,13,-1,12,13,14,-1,14,13,15,-1,14,15,16,-1,16,15,17,-1,16,17,18,-1,18,17,19,-1,18,19,20,-1,20,19,21,-1,20,21,22,-1,22,21,23,-1,22,23,24,-1,24,23,25,-1,24,25,26,-1,26,25,27,-1,26,27,28,-1,28,27,29,-1,28,29,30,-1,30,29,31,-1,30,31,32,-1,32,31,33,-1,32,33,34,-1,34,33,35,-1,34,35,36,-1,36,35,37,-1,36,37,38,-1,38,37,39,-1,38,39,40,-1,40,39,41,-1,40,41,42,-1,42,41,43,-1,42,43,44,-1,44,43,45,-1,44,45,46,-1,46,45,47,-1,46,47,48,-1,48,47,49,-1,48,49,50,-1,50,49,51,-1,50,51,52,-1,52,51,53,-1,52,53,54,-1,54,53,55,-1,54,55,56,-1,56,55,57,-1,56,57,58,-1,58,57,59,-1,58,59,60,-1,60,59,61,-1,60,61,62,-1,62,61,63,-1,62,63,64,-1,64,63,65,-1,64,65,66,-1,66,65,67,-1,66,67,68,-1,68,67,69,-1,68,69,70,-1,70,69,71,-1,70,71,72,-1,72,71,73,-1,72,73,74,-1,74,73,75,-1,74,75,76,-1,76,75,77,-1,76,77,78,-1,78,77,79,-1,78,79,80,-1,80,79,81,-1,80,81,82,-1,82,81,83,-1,82,83,0,-1,0,83,1,-1,
        ]
    }
}
Shape{
    appearance Appearance {
        material  Material 	{
            diffuseColor 1.0 1.0 1.0
            specularColor 0.5019607843137255 0.5019607843137255 0.5019607843137255
            ambientIntensity 1.0
            transparency 0.0
            shininess 0.5
        }
    }
    geometry IndexedFaceSet {
        ccw TRUE
        solid FALSE
        coord DEF co Coordinate {
            point [
                -1.437 0.1708 0.6295, -1.315 0.1787 0.6335, -1.437 0.2218 0.659, -1.315 0.2314 0.6657, -1.437 0.2448 0.6773, -1.315 0.2448 0.6772, -1.437 0.2678 0.6956, -1.315 0.2784 0.7059, -1.437 0.3078 0.7388, -1.315 0.3071 0.7394, -1.315 0.3185 0.7528, -1.437 0.341 0.7874, -1.315 0.3508 0.8055, -1.437 0.3537 0.8139, -1.315 0.3542 0.8137, -1.437 0.3665 0.8404, -1.315 0.3744 0.8626, -1.437 0.3838 0.8966, -1.315 0.3827 0.8969, -1.315 0.3889 0.9227, -1.437 0.3926 0.9548, -1.315 0.3937 0.9843, -1.437 0.3926 0.9843, -1.437 0.3926 1.0137, -1.315 0.3889 1.0458, -1.437 0.3838 1.0719, -1.315 0.3827 1.0716, -1.437 0.3665 1.1281, -1.315 0.3744 1.1059, -1.437 0.3537 1.1546, -1.315 0.3542 1.1548, -1.315 0.3508 1.163, -1.437 0.341 1.1811, -1.315 0.3185 1.2157, -1.437 0.3078 1.2297, -1.315 0.3071 1.2291, -1.437 0.2678 1.2729, -1.315 0.2784 1.2626, -1.437 0.2448 1.2912, -1.315 0.2448 1.2913, -1.437 0.2218 1.3095, -1.315 0.2314 1.3028, -1.315 0.1787 1.335, -1.437 0.1708 1.339, -1.315 0.1706 1.3384, -1.437 0.116 1.3605, -1.315 0.1217 1.3587, -1.437 0.0874 1.367, -1.315 0.0873 1.3669, -1.437 0.0587 1.3736, -1.315 0.0616 1.3731, -1.437 0.0 1.378, -1.315 0.0 1.378, -1.437 -0.0587 1.3736, -1.315 -0.0616 1.3731, -1.437 -0.0874 1.367, -1.315 -0.0873 1.3669, -1.437 -0.116 1.3605, -1.315 -0.1217 1.3587, -1.437 -0.1708 1.339, -1.315 -0.1706 1.3384, -1.315 -0.1787 1.335, -1.437 -0.2218 1.3095, -1.315 -0.2314 1.3028, -1.437 -0.2448 1.2912, -1.315 -0.2448 1.2913, -1.437 -0.2678 1.2729, -1.315 -0.2784 1.2626, -1.437 -0.3078 1.2297, -1.315 -0.3071 1.2291, -1.315 -0.3185 1.2157, -1.437 -0.341 1.1811, -1.315 -0.3508 1.163, -1.437 -0.3537 1.1546, -1.315 -0.3542 1.1548, -1.437 -0.3665 1.1281, -1.315 -0.3744 1.1059, -1.437 -0.3838 1.0719, -1.315 -0.3827 1.0716, -1.315 -0.3889 1.0458, -1.437 -0.3926 1.0137, -1.315 -0.3937 0.9843, -1.437 -0.3926 0.9843, -1.437 -0.3926 0.9548, -1.315 -0.3889 0.9227, -1.437 -0.3838 0.8966, -1.315 -0.3827 0.8969, -1.437 -0.3665 0.8404, -1.315 -0.3744 0.8626, -1.437 -0.3537 0.8139, -1.315 -0.3542 0.8137, -1.437 -0.341 0.7874, -1.315 -0.3508 0.8055, -1.315 -0.3185 0.7528, -1.437 -0.3078 0.7388, -1.315 -0.3071 0.7394, -1.437 -0.2678 0.6956, -1.315 -0.2784 0.7059, -1.437 -0.2448 0.6773, -1.315 -0.2448 0.6772, -1.437 -0.2218 0.659, -1.315 -0.2314 0.6657, -1.315 -0.1787 0.6335, -1.437 -0.1708 0.6295, -1.315 -0.1706 0.6301, -1.437 -0.116 0.608, -1.315 -0.1217 0.6098, -1.437 -0.0874 0.6015, -1.315 -0.0873 0.6016, -1.437 -0.0587 0.5949, -1.315 -0.0616 0.5954, -1.437 -0.0 0.5906, -1.315 0.0 0.5906, -1.437 0.0587 0.5949, -1.315 0.0616 0.5954, -1.437 0.0874 0.6015, -1.315 0.0873 0.6016, -1.437 0.116 0.608, -1.315 0.1217 0.6098, -1.315 0.1706 0.6301, -1.2756 0.285 0.8088, -1.2756 0.2867 0.776, -1.2756 0.2512 0.7632, -1.2756 0.2505 0.7337, -1.2756 0.2102 0.7239, -1.2756 0.2083 0.6976, -1.2756 0.1632 0.6921, -1.2756 0.1609 0.6685, -1.2756 0.1115 0.6687, -1.2756 0.1095 0.6473, -1.2756 0.0566 0.6544, -1.2756 0.0554 0.6343, -1.2756 0.0 0.6496, -1.2756 -0.0 0.6299, -1.2756 -0.0566 0.6544, -1.2756 -0.0554 0.6343, -1.2756 -0.1115 0.6687, -1.2756 -0.1095 0.6473, -1.2756 -0.1632 0.6921, -1.2756 -0.1609 0.6685, -1.2756 -0.2102 0.7239, -1.2756 -0.2083 0.6976, -1.2756 -0.2512 0.7632, -1.2756 -0.2505 0.7337, -1.2756 -0.285 0.8088, -1.2756 -0.0284 1.3177, -1.2756 0.0 1.3386, -1.2756 0.0284 1.3177, -1.2756 0.0554 1.3342, -1.2756 0.0843 1.3081, -1.2756 0.1095 1.3212, -1.2756 0.1378 1.2892, -1.2756 0.1609 1.3, -1.2756 0.1874 1.2615, -1.2756 0.2083 1.2709, -1.2756 0.2316 1.2259, -1.2756 0.2505 1.2348, -1.2756 0.2691 1.1832, -1.2756 0.2867 1.1925, -1.2756 0.2988 1.1349, -1.2756 0.3157 1.1451, -1.2756 0.32 1.0822, -1.2756 0.337 1.0937, -1.2756 0.3319 1.0268, -1.2756 0.35 1.0397, -1.2756 0.3343 0.97, -1.2756 0.3543 0.9843, -1.2756 0.3271 0.9137, -1.2756 0.35 0.9288, -1.2756 0.3105 0.8595, -1.2756 0.337 0.8748, -1.2756 0.3157 0.8234, -1.2756 -0.2867 0.776, -1.2756 -0.3157 0.8234, -1.2756 -0.3105 0.8595, -1.2756 -0.337 0.8748, -1.2756 -0.3271 0.9137, -1.2756 -0.35 0.9288, -1.2756 -0.3343 0.97, -1.2756 -0.3543 0.9843, -1.2756 -0.3319 1.0268, -1.2756 -0.35 1.0397, -1.2756 -0.32 1.0822, -1.2756 -0.337 1.0937, -1.2756 -0.2988 1.1349, -1.2756 -0.3157 1.1451, -1.2756 -0.2691 1.1832, -1.2756 -0.2867 1.1925, -1.2756 -0.2316 1.2259, -1.2756 -0.2505 1.2348, -1.2756 -0.1874 1.2615, -1.2756 -0.2083 1.2709, -1.2756 -0.1378 1.2892, -1.2756 -0.1609 1.3, -1.2756 -0.0843 1.3081, -1.2756 -0.1095 1.3212, -1.2756 -0.0554 1.3342, -1.1969 -0.0 1.2795, -1.2362 -0.0 1.2785, -1.2362 0.025 1.2785, -1.1969 0.0734 1.2703, -1.2362 0.0734 1.2702, -1.2362 0.0744 1.27, -1.1969 0.1422 1.243, -1.2362 0.1216 1.2533, -1.2362 0.202 1.1993, -1.1969 0.2021 1.1995, -1.2362 0.1653 1.2289, -1.2362 0.1417 1.2421, -1.2362 0.2043 1.1974, -1.2362 0.2374 1.1598, -1.1969 0.2493 1.1425, -1.2362 0.2805 1.0754, -1.1969 0.2808 1.0755, -1.2362 0.2637 1.1172, -1.2362 0.2484 1.1419, -1.2362 0.2823 1.0707, -1.2362 0.2929 1.0218, -1.1969 0.2947 1.0028, -1.2362 0.2895 0.929, -1.1969 0.29 0.9289, -1.2362 0.295 0.9717, -1.2362 0.2937 1.0028, -1.2362 0.2886 0.922, -1.2362 0.274 0.8742, -1.1969 0.2672 0.8585, -1.2362 0.227 0.7964, -1.1969 0.2275 0.796, -1.2362 0.2514 0.8294, -1.2362 0.2663 0.859, -1.2362 0.2217 0.7892, -1.2362 0.1855 0.7545, -1.1969 0.1736 0.7454, -1.2362 0.1084 0.7104, -1.1969 0.1087 0.7097, -1.2362 0.144 0.7265, -1.2362 0.1731 0.7461, -1.2362 -0.0369 0.6921, -1.1969 -0.037 0.6913, -1.2362 -0.0 0.689, -1.1969 0.0 0.689, -1.2362 0.0369 0.6921, -1.1969 0.037 0.6913, -1.2362 0.0499 0.6932, -1.2362 0.0984 0.7058, -1.2362 -0.0499 0.6932, -1.2362 -0.0984 0.7058, -1.1969 -0.1087 0.7097, -1.2362 -0.1084 0.7104, -1.1969 -0.1736 0.7454, -1.2362 -0.144 0.7265, -1.2362 -0.1731 0.7461, -1.2362 -0.1855 0.7545, -1.1969 -0.2275 0.796, -1.2362 -0.2217 0.7892, -1.2362 -0.227 0.7964, -1.1969 -0.2672 0.8585, -1.2362 -0.2514 0.8294, -1.2362 -0.2663 0.859, -1.2362 -0.274 0.8742, -1.1969 -0.29 0.9289, -1.2362 -0.2886 0.922, -1.2362 -0.2895 0.929, -1.1969 -0.2947 1.0028, -1.2362 -0.295 0.9717, -1.2362 -0.2937 1.0028, -1.2362 -0.2929 1.0218, -1.1969 -0.2808 1.0755, -1.2362 -0.2823 1.0707, -1.2362 -0.2805 1.0754, -1.1969 -0.2493 1.1425, -1.2362 -0.2637 1.1172, -1.2362 -0.2484 1.1419, -1.2362 -0.2374 1.1598, -1.2362 -0.2043 1.1974, -1.1969 -0.2021 1.1995, -1.2362 -0.202 1.1993, -1.1969 -0.1422 1.243, -1.2362 -0.1653 1.2289, -1.2362 -0.1417 1.2421, -1.2362 -0.1216 1.2533, -1.1969 -0.0734 1.2703, -1.2362 -0.0744 1.27, -1.2362 -0.0734 1.2702, -1.2362 -0.025 1.2785, -1.1969 0.0 0.9843, -1.3062 -0.0614 0.5964, -1.3062 -0.1214 0.6108, -1.3062 -0.1783 0.6343, -1.3062 -0.2308 0.6665, -1.3062 -0.2777 0.7066, -1.3062 -0.3177 0.7534, -1.3062 -0.3499 0.806, -1.3062 -0.3735 0.8629, -1.3062 -0.3879 0.9228, -1.3062 -0.3927 0.9843, -1.3062 -0.3879 1.0457, -1.3062 -0.3735 1.1056, -1.3062 -0.3499 1.1625, -1.3062 -0.3177 1.2151, -1.3062 -0.2777 1.2619, -1.3062 -0.2308 1.302, -1.3062 -0.1783 1.3342, -1.3062 -0.1214 1.3577, -1.3062 -0.0614 1.3721, -1.3062 0.0 1.377, -1.3062 0.0614 1.3721, -1.3062 0.1214 1.3577, -1.3062 0.1783 1.3342, -1.3062 0.2308 1.302, -1.3062 0.2777 1.2619, -1.3062 0.3177 1.2151, -1.3062 0.3499 1.1625, -1.3062 0.3735 1.1056, -1.3062 0.3879 1.0457, -1.3062 0.3927 0.9843, -1.3062 0.3879 0.9228, -1.3062 0.3735 0.8629, -1.3062 0.3499 0.806, -1.3062 0.3177 0.7534, -1.3062 0.2777 0.7066, -1.3062 0.2308 0.6665, -1.3062 0.1783 0.6343, -1.3062 0.1214 0.6108, -1.3062 0.0614 0.5964, -1.3062 0.0 0.5915, -1.2979 0.061 0.5992, -1.2979 0.1205 0.6135, -1.2979 0.177 0.6369, -1.2979 0.2291 0.6689, -1.2979 0.2756 0.7086, -1.2979 0.3154 0.7551, -1.2979 0.3473 0.8073, -1.2979 0.3707 0.8638, -1.2979 0.385 0.9233, -1.2979 0.3898 0.9843, -1.2979 0.385 1.0452, -1.2979 0.3707 1.1047, -1.2979 0.3473 1.1612, -1.2979 0.3154 1.2134, -1.2979 0.2756 1.2599, -1.2979 0.2291 1.2996, -1.2979 0.177 1.3316, -1.2979 0.1205 1.355, -1.2979 0.061 1.3693, -1.2979 0.0 1.3741, -1.2979 -0.061 1.3693, -1.2979 -0.1205 1.355, -1.2979 -0.177 1.3316, -1.2979 -0.2291 1.2996, -1.2979 -0.2756 1.2599, -1.2979 -0.3154 1.2134, -1.2979 -0.3473 1.1612, -1.2979 -0.3707 1.1047, -1.2979 -0.385 1.0452, -1.2979 -0.3898 0.9843, -1.2979 -0.385 0.9233, -1.2979 -0.3707 0.8638, -1.2979 -0.3473 0.8073, -1.2979 -0.3154 0.7551, -1.2979 -0.2756 0.7086, -1.2979 -0.2291 0.6689, -1.2979 -0.177 0.6369, -1.2979 -0.1205 0.6135, -1.2979 -0.061 0.5992, -1.2979 0.0 0.5944, -1.2904 0.0602 0.6039, -1.2904 0.119 0.618, -1.2904 0.1748 0.6411, -1.2904 0.2264 0.6727, -1.2904 0.2723 0.7119, -1.2904 0.3116 0.7579, -1.2904 0.3431 0.8094, -1.2904 0.3663 0.8652, -1.2904 0.3804 0.924, -1.2904 0.3851 0.9843, -1.2904 0.3804 1.0445, -1.2904 0.3663 1.1033, -1.2904 0.3431 1.1591, -1.2904 0.3116 1.2106, -1.2904 0.2723 1.2566, -1.2904 0.2264 1.2958, -1.2904 0.1748 1.3274, -1.2904 0.119 1.3505, -1.2904 0.0602 1.3646, -1.2904 0.0 1.3694, -1.2904 -0.0602 1.3646, -1.2904 -0.119 1.3505, -1.2904 -0.1748 1.3274, -1.2904 -0.2264 1.2958, -1.2904 -0.2723 1.2566, -1.2904 -0.3116 1.2106, -1.2904 -0.3431 1.1591, -1.2904 -0.3663 1.1033, -1.2904 -0.3804 1.0445, -1.2904 -0.3851 0.9843, -1.2904 -0.3804 0.924, -1.2904 -0.3663 0.8652, -1.2904 -0.3431 0.8094, -1.2904 -0.3116 0.7579, -1.2904 -0.2723 0.7119, -1.2904 -0.2264 0.6727, -1.2904 -0.1748 0.6411, -1.2904 -0.119 0.618, -1.2904 -0.0602 0.6039, -1.2904 0.0 0.5991, -1.2842 0.0593 0.61, -1.2842 0.1171 0.6239, -1.2842 0.172 0.6467, -1.2842 0.2227 0.6777, -1.2842 0.2679 0.7163, -1.2842 0.3065 0.7616, -1.2842 0.3376 0.8122, -1.2842 0.3603 0.8672, -1.2842 0.3742 0.925, -1.2842 0.3789 0.9843, -1.2842 0.3742 1.0435, -1.2842 0.3603 1.1013, -1.2842 0.3376 1.1563, -1.2842 0.3065 1.207, -1.2842 0.2679 1.2522, -1.2842 0.2227 1.2908, -1.2842 0.172 1.3218, -1.2842 0.1171 1.3446, -1.2842 0.0593 1.3585, -1.2842 0.0 1.3631, -1.2842 -0.0593 1.3585, -1.2842 -0.1171 1.3446, -1.2842 -0.172 1.3218, -1.2842 -0.2227 1.2908, -1.2842 -0.2679 1.2522, -1.2842 -0.3065 1.207, -1.2842 -0.3376 1.1563, -1.2842 -0.3603 1.1013, -1.2842 -0.3742 1.0435, -1.2842 -0.3789 0.9843, -1.2842 -0.3742 0.925, -1.2842 -0.3603 0.8672, -1.2842 -0.3376 0.8122, -1.2842 -0.3065 0.7616, -1.2842 -0.2679 0.7163, -1.2842 -0.2227 0.6777, -1.2842 -0.172 0.6467, -1.2842 -0.1171 0.6239, -1.2842 -0.0593 0.61, -1.2842 0.0 0.6054, -1.2795 0.0581 0.6174, -1.2795 0.1148 0.631, -1.2795 0.1686 0.6533, -1.2795 0.2183 0.6838, -1.2795 0.2626 0.7216, -1.2795 0.3005 0.7659, -1.2795 0.3309 0.8156, -1.2795 0.3532 0.8695, -1.2795 0.3668 0.9261, -1.2795 0.3714 0.9843, -1.2795 0.3668 1.0424, -1.2795 0.3532 1.099, -1.2795 0.3309 1.1529, -1.2795 0.3005 1.2026, -1.2795 0.2626 1.2469, -1.2795 0.2183 1.2847, -1.2795 0.1686 1.3152, -1.2795 0.1148 1.3375, -1.2795 0.0581 1.3511, -1.2795 0.0 1.3557, -1.2795 -0.0581 1.3511, -1.2795 -0.1148 1.3375, -1.2795 -0.1686 1.3152, -1.2795 -0.2183 1.2847, -1.2795 -0.2626 1.2469, -1.2795 -0.3005 1.2026, -1.2795 -0.3309 1.1529, -1.2795 -0.3532 1.099, -1.2795 -0.3668 1.0424, -1.2795 -0.3714 0.9843, -1.2795 -0.3668 0.9261, -1.2795 -0.3532 0.8695, -1.2795 -0.3309 0.8156, -1.2795 -0.3005 0.7659, -1.2795 -0.2626 0.7216, -1.2795 -0.2183 0.6838, -1.2795 -0.1686 0.6533, -1.2795 -0.1148 0.631, -1.2795 -0.0581 0.6174, -1.2795 0.0 0.6128, -1.2766 0.0568 0.6256, -1.2766 0.1122 0.6389, -1.2766 0.1648 0.6607, -1.2766 0.2134 0.6905, -1.2766 0.2567 0.7275, -1.2766 0.2937 0.7708, -1.2766 0.3235 0.8194, -1.2766 0.3453 0.8721, -1.2766 0.3586 0.9275, -1.2766 0.3631 0.9843, -1.2766 0.3586 1.0411, -1.2766 0.3453 1.0965, -1.2766 0.3235 1.1491, -1.2766 0.2937 1.1977, -1.2766 0.2567 1.241, -1.2766 0.2134 1.278, -1.2766 0.1648 1.3078, -1.2766 0.1122 1.3296, -1.2766 0.0568 1.3429, -1.2766 0.0 1.3473, -1.2766 -0.0568 1.3429, -1.2766 -0.1122 1.3296, -1.2766 -0.1648 1.3078, -1.2766 -0.2134 1.278, -1.2766 -0.2567 1.241, -1.2766 -0.2937 1.1977, -1.2766 -0.3235 1.1491, -1.2766 -0.3453 1.0965, -1.2766 -0.3586 1.0411, -1.2766 -0.3631 0.9843, -1.2766 -0.3586 0.9275, -1.2766 -0.3453 0.8721, -1.2766 -0.3235 0.8194, -1.2766 -0.2937 0.7708, -1.2766 -0.2567 0.7275, -1.2766 -0.2134 0.6905, -1.2766 -0.1648 0.6607, -1.2766 -0.1122 0.6389, -1.2766 -0.0568 0.6256, -1.2766 0.0 0.6212, -1.2464 0.0501 0.6919, -1.2464 0.1447 0.7253, -1.2464 0.2526 0.8287, -1.2464 0.2964 0.9717, -1.2464 0.2649 1.1178, -1.2464 0.1661 1.23, -1.2464 0.0252 1.2798, -1.2464 -0.0747 1.2713, -1.2464 -0.1661 1.23, -1.2464 -0.2052 1.1984, -1.2464 -0.2649 1.1178, -1.2464 -0.2836 1.0711, -1.2464 -0.2964 0.9717, -1.2464 -0.2526 0.8287, -1.2464 -0.1447 0.7253, -1.2742 -0.1582 0.701, -1.2742 -0.1081 0.6783, -1.2703 -0.1049 0.6873, -1.2742 -0.0548 0.6645, -1.2703 -0.0532 0.6738, -1.2641 -0.0519 0.6819, -1.2742 0.0 0.6598, -1.2703 0.0 0.6693, -1.2641 0.0 0.6774, -1.2559 0.0 0.6837, -1.2742 0.0548 0.6645, -1.2703 0.0532 0.6738, -1.2641 0.0519 0.6819, -1.2559 0.0508 0.688, -1.2559 -0.0508 0.688, -1.2464 -0.0501 0.6919, -1.2464 0.0 0.6876, -1.2464 -0.0988 0.7046, -1.2559 -0.1466 0.7219, -1.2559 -0.1001 0.7009, -1.2641 -0.1496 0.7164, -1.2641 -0.1022 0.695, -1.2703 -0.1536 0.7093, -1.2742 -0.2436 0.7699, -1.2742 -0.2763 0.8141, -1.2703 -0.2364 0.7762, -1.2703 -0.2682 0.8191, -1.2641 -0.2303 0.7816, -1.2641 -0.2613 0.8234, -1.2559 -0.2256 0.7857, -1.2559 -0.2559 0.8267, -1.2464 -0.2227 0.7883, -1.2742 -0.3172 0.9159, -1.2742 -0.3242 0.9705, -1.2703 -0.3079 0.9179, -1.2703 -0.3147 0.9709, -1.2641 -0.2999 0.9196, -1.2641 -0.3065 0.9712, -1.2559 -0.2938 0.9209, -1.2559 -0.3003 0.9715, -1.2464 -0.29 0.9218, -1.2742 -0.0275 1.3075, -1.2742 0.0275 1.3075, -1.2703 -0.0267 1.2981, -1.2703 0.0267 1.2981, -1.2641 -0.026 1.29, -1.2641 0.026 1.29, -1.2559 -0.0255 1.2837, -1.2559 0.0255 1.2837, -1.2464 -0.0252 1.2798, -1.2742 0.1336 1.2799, -1.2742 0.1817 1.2531, -1.2703 0.1297 1.2713, -1.2703 0.1764 1.2452, -1.2641 0.1264 1.2638, -1.2641 0.1718 1.2384, -1.2559 0.1238 1.2581, -1.2559 0.1683 1.2333, -1.2464 0.1222 1.2545, -1.2742 0.2609 1.1772, -1.2742 0.2897 1.1303, -1.2703 0.2532 1.1715, -1.2703 0.2812 1.126, -1.2641 0.2467 1.1667, -1.2641 0.274 1.1224, -1.2559 0.2416 1.163, -1.2559 0.2684 1.1196, -1.2464 0.2385 1.1606, -1.2742 0.3218 1.0255, -1.2742 0.3242 0.9705, -1.2703 0.3124 1.0243, -1.2703 0.3147 0.9709, -1.2641 0.3043 1.0232, -1.2641 0.3065 0.9712, -1.2559 0.2981 1.0224, -1.2559 0.3003 0.9715, -1.2464 0.2942 1.0219, -1.2742 0.3011 0.8633, -1.2742 0.2763 0.8141, -1.2703 0.2922 0.8668, -1.2703 0.2682 0.8191, -1.2641 0.2847 0.8699, -1.2641 0.2613 0.8234, -1.2559 0.2789 0.8722, -1.2559 0.2559 0.8267, -1.2464 0.2752 0.8737, -1.2742 0.2038 0.7318, -1.2742 0.1582 0.701, -1.2703 0.1979 0.7392, -1.2703 0.1536 0.7093, -1.2641 0.1927 0.7455, -1.2641 0.1496 0.7164, -1.2559 0.1888 0.7504, -1.2559 0.1466 0.7219, -1.2464 0.1863 0.7535, -1.2464 -0.1863 0.7535, -1.2559 -0.1888 0.7504, -1.2641 -0.1927 0.7455, -1.2703 -0.1979 0.7392, -1.2742 -0.2038 0.7318, -1.2464 -0.2752 0.8737, -1.2559 -0.2789 0.8722, -1.2641 -0.2847 0.8699, -1.2703 -0.2922 0.8668, -1.2742 -0.3011 0.8633, -1.2464 -0.2942 1.0219, -1.2559 -0.2981 1.0224, -1.2641 -0.3043 1.0232, -1.2703 -0.3124 1.0243, -1.2742 -0.3218 1.0255, -1.2742 -0.3102 1.0793, -1.2703 -0.3012 1.0765, -1.2641 -0.2934 1.0741, -1.2559 -0.2874 1.0723, -1.2559 -0.2684 1.1196, -1.2641 -0.274 1.1224, -1.2703 -0.2812 1.126, -1.2742 -0.2897 1.1303, -1.2464 -0.2385 1.1606, -1.2559 -0.2416 1.163, -1.2641 -0.2467 1.1667, -1.2703 -0.2532 1.1715, -1.2742 -0.2609 1.1772, -1.2742 -0.2245 1.2185, -1.2703 -0.2179 1.2116, -1.2641 -0.2123 1.2058, -1.2559 -0.208 1.2012, -1.2559 -0.1683 1.2333, -1.2641 -0.1718 1.2384, -1.2703 -0.1764 1.2452, -1.2742 -0.1817 1.2531, -1.2464 -0.1222 1.2545, -1.2559 -0.1238 1.2581, -1.2641 -0.1264 1.2638, -1.2703 -0.1297 1.2713, -1.2742 -0.1336 1.2799, -1.2742 -0.0818 1.2982, -1.2703 -0.0794 1.289, -1.2641 -0.0773 1.2812, -1.2559 -0.0757 1.2751, -1.2464 0.0747 1.2713, -1.2559 0.0757 1.2751, -1.2641 0.0773 1.2812, -1.2703 0.0794 1.289, -1.2742 0.0818 1.2982, -1.2464 0.2052 1.1984, -1.2559 0.208 1.2012, -1.2641 0.2123 1.2058, -1.2703 0.2179 1.2116, -1.2742 0.2245 1.2185, -1.2464 0.2836 1.0711, -1.2559 0.2874 1.0723, -1.2641 0.2934 1.0741, -1.2703 0.3012 1.0765, -1.2742 0.3102 1.0793, -1.2464 0.29 0.9218, -1.2559 0.2938 0.9209, -1.2641 0.2999 0.9196, -1.2703 0.3079 0.9179, -1.2742 0.3172 0.9159, -1.2464 0.2227 0.7883, -1.2559 0.2256 0.7857, -1.2641 0.2303 0.7816, -1.2703 0.2364 0.7762, -1.2742 0.2436 0.7699, -1.2464 0.0988 0.7046, -1.2559 0.1001 0.7009, -1.2641 0.1022 0.695, -1.2703 0.1049 0.6873, -1.2742 0.1081 0.6783, -1.4458 0.1163 0.6071, -1.4458 0.2685 0.6949, -1.4458 0.3674 0.8401, -1.4458 0.3936 1.0137, -1.4458 0.3418 1.1816, -1.4458 0.2223 1.3104, -1.4458 0.0588 1.3745, -1.4458 -0.1163 1.3614, -1.4458 -0.2685 1.2736, -1.4458 -0.3674 1.1284, -1.4458 -0.3936 0.9548, -1.4458 -0.3418 0.7869, -1.4458 -0.2223 0.6581, -1.4458 -0.0588 0.594, -1.4764 0.0 0.5512, -1.4764 -0.0645 0.556, -1.4754 0.0 0.5599, -1.4754 -0.0632 0.5647, -1.4725 0.0 0.5683, -1.4725 -0.062 0.5729, -1.4678 0.0 0.5757, -1.4678 -0.0609 0.5803, -1.4616 0.0 0.582, -1.4616 -0.06 0.5865, -1.4541 0.0 0.5867, -1.4541 -0.0593 0.5911, -1.4458 0.0 0.5896, -1.4458 -0.1163 0.6071, -1.4541 -0.1172 0.6043, -1.4616 -0.1186 0.5998, -1.4678 -0.1204 0.5939, -1.4725 -0.1226 0.5867, -1.4754 -0.1251 0.5788, -1.4764 -0.1276 0.5704, -1.4764 -0.1879 0.5941, -1.4754 -0.1841 0.602, -1.4725 -0.1805 0.6095, -1.4678 -0.1773 0.6162, -1.4616 -0.1745 0.6218, -1.4541 -0.1725 0.626, -1.4458 -0.1712 0.6287, -1.4764 -0.244 0.6264, -1.4754 -0.239 0.6337, -1.4725 -0.2343 0.6405, -1.4678 -0.2301 0.6467, -1.4616 -0.2266 0.6519, -1.4541 -0.224 0.6557, -1.4458 -0.2685 0.6949, -1.4541 -0.2704 0.6928, -1.4616 -0.2736 0.6894, -1.4678 -0.2779 0.6848, -1.4725 -0.2829 0.6793, -1.4754 -0.2886 0.6732, -1.4764 -0.2946 0.6668, -1.4764 -0.3386 0.7142, -1.4754 -0.3317 0.7197, -1.4725 -0.3252 0.7249, -1.4678 -0.3194 0.7295, -1.4616 -0.3145 0.7334, -1.4541 -0.3109 0.7364, -1.4458 -0.3086 0.7382, -1.4764 -0.3751 0.7677, -1.4754 -0.3675 0.7721, -1.4725 -0.3603 0.7763, -1.4678 -0.3538 0.78, -1.4616 -0.3484 0.7831, -1.4541 -0.3443 0.7855, -1.4458 -0.3674 0.8401, -1.4541 -0.3701 0.839, -1.4616 -0.3745 0.8373, -1.4678 -0.3803 0.835, -1.4725 -0.3872 0.8323, -1.4754 -0.395 0.8292, -1.4764 -0.4031 0.826, -1.4764 -0.4222 0.8879, -1.4754 -0.4137 0.8898, -1.4725 -0.4056 0.8917, -1.4678 -0.3983 0.8933, -1.4616 -0.3922 0.8947, -1.4541 -0.3876 0.8958, -1.4458 -0.3848 0.8964, -1.4764 -0.4319 0.9519, -1.4754 -0.4231 0.9525, -1.4725 -0.4148 0.9532, -1.4678 -0.4074 0.9537, -1.4616 -0.4012 0.9542, -1.4541 -0.3965 0.9545, -1.4764 -0.4319 1.0166, -1.4754 -0.4231 1.016, -1.4725 -0.4148 1.0153, -1.4678 -0.4074 1.0148, -1.4616 -0.4012 1.0143, -1.4541 -0.3965 1.014, -1.4458 -0.3936 1.0137, -1.4764 -0.4222 1.0806, -1.4754 -0.4137 1.0787, -1.4725 -0.4056 1.0768, -1.4678 -0.3983 1.0752, -1.4616 -0.3922 1.0738, -1.4541 -0.3876 1.0727, -1.4458 -0.3848 1.0721, -1.4764 -0.4031 1.1425, -1.4754 -0.395 1.1393, -1.4725 -0.3872 1.1362, -1.4678 -0.3803 1.1335, -1.4616 -0.3745 1.1312, -1.4541 -0.3701 1.1295, -1.4764 -0.3751 1.2008, -1.4754 -0.3675 1.1964, -1.4725 -0.3603 1.1922, -1.4678 -0.3538 1.1885, -1.4616 -0.3484 1.1854, -1.4541 -0.3443 1.1831, -1.4458 -0.3418 1.1816, -1.4764 -0.3386 1.2543, -1.4754 -0.3317 1.2488, -1.4725 -0.3252 1.2436, -1.4678 -0.3194 1.239, -1.4616 -0.3145 1.2351, -1.4541 -0.3109 1.2322, -1.4458 -0.3086 1.2303, -1.4764 -0.2946 1.3017, -1.4754 -0.2886 1.2953, -1.4725 -0.2829 1.2892, -1.4678 -0.2779 1.2837, -1.4616 -0.2736 1.2792, -1.4541 -0.2704 1.2757, -1.4458 -0.2223 1.3104, -1.4541 -0.224 1.3128, -1.4616 -0.2266 1.3166, -1.4678 -0.2301 1.3218, -1.4725 -0.2343 1.328, -1.4754 -0.239 1.3348, -1.4764 -0.244 1.3421, -1.4764 -0.1879 1.3744, -1.4754 -0.1841 1.3665, -1.4725 -0.1805 1.359, -1.4678 -0.1773 1.3523, -1.4616 -0.1745 1.3467, -1.4541 -0.1725 1.3425, -1.4458 -0.1712 1.3399, -1.4764 -0.1276 1.3981, -1.4754 -0.1251 1.3897, -1.4725 -0.1226 1.3818, -1.4678 -0.1204 1.3746, -1.4616 -0.1186 1.3687, -1.4541 -0.1172 1.3642, -1.4458 -0.0588 1.3745, -1.4541 -0.0593 1.3774, -1.4616 -0.06 1.382, -1.4678 -0.0609 1.3882, -1.4725 -0.062 1.3956, -1.4754 -0.0632 1.4038, -1.4764 -0.0645 1.4125, -1.4764 -0.0 1.4173, -1.4754 0.0 1.4086, -1.4725 0.0 1.4002, -1.4678 0.0 1.3928, -1.4616 0.0 1.3865, -1.4541 0.0 1.3819, -1.4458 0.0 1.3789, -1.4764 0.0645 1.4125, -1.4754 0.0632 1.4038, -1.4725 0.062 1.3956, -1.4678 0.0609 1.3882, -1.4616 0.06 1.382, -1.4541 0.0593 1.3774, -1.4764 0.1276 1.3981, -1.4754 0.1251 1.3897, -1.4725 0.1226 1.3818, -1.4678 0.1204 1.3746, -1.4616 0.1186 1.3687, -1.4541 0.1172 1.3642, -1.4458 0.1163 1.3614, -1.4764 0.1879 1.3744, -1.4754 0.1841 1.3665, -1.4725 0.1805 1.359, -1.4678 0.1773 1.3523, -1.4616 0.1745 1.3467, -1.4541 0.1725 1.3425, -1.4458 0.1712 1.3399, -1.4764 0.244 1.3421, -1.4754 0.239 1.3348, -1.4725 0.2343 1.328, -1.4678 0.2301 1.3218, -1.4616 0.2266 1.3166, -1.4541 0.224 1.3128, -1.4764 0.2946 1.3017, -1.4754 0.2886 1.2953, -1.4725 0.2829 1.2892, -1.4678 0.2779 1.2837, -1.4616 0.2736 1.2792, -1.4541 0.2704 1.2757, -1.4458 0.2685 1.2736, -1.4764 0.3386 1.2543, -1.4754 0.3317 1.2488, -1.4725 0.3252 1.2436, -1.4678 0.3194 1.239, -1.4616 0.3145 1.2351, -1.4541 0.3109 1.2322, -1.4458 0.3086 1.2303, -1.4764 0.3751 1.2008, -1.4754 0.3675 1.1964, -1.4725 0.3603 1.1922, -1.4678 0.3538 1.1885, -1.4616 0.3484 1.1854, -1.4541 0.3443 1.1831, -1.4458 0.3674 1.1284, -1.4541 0.3701 1.1295, -1.4616 0.3745 1.1312, -1.4678 0.3803 1.1335, -1.4725 0.3872 1.1362, -1.4754 0.395 1.1393, -1.4764 0.4031 1.1425, -1.4764 0.4222 1.0806, -1.4754 0.4137 1.0787, -1.4725 0.4056 1.0768, -1.4678 0.3983 1.0752, -1.4616 0.3922 1.0738, -1.4541 0.3876 1.0727, -1.4458 0.3848 1.0721, -1.4764 0.4319 1.0166, -1.4754 0.4231 1.016, -1.4725 0.4148 1.0153, -1.4678 0.4074 1.0148, -1.4616 0.4012 1.0143, -1.4541 0.3965 1.014, -1.4764 0.4319 0.9519, -1.4754 0.4231 0.9525, -1.4725 0.4148 0.9532, -1.4678 0.4074 0.9537, -1.4616 0.4012 0.9542, -1.4541 0.3965 0.9545, -1.4458 0.3936 0.9548, -1.4764 0.4222 0.8879, -1.4754 0.4137 0.8898, -1.4725 0.4056 0.8917, -1.4678 0.3983 0.8933, -1.4616 0.3922 0.8947, -1.4541 0.3876 0.8958, -1.4458 0.3848 0.8964, -1.4764 0.4031 0.826, -1.4754 0.395 0.8292, -1.4725 0.3872 0.8323, -1.4678 0.3803 0.835, -1.4616 0.3745 0.8373, -1.4541 0.3701 0.839, -1.4458 0.3418 0.7869, -1.4541 0.3443 0.7855, -1.4616 0.3484 0.7831, -1.4678 0.3538 0.78, -1.4725 0.3603 0.7763, -1.4754 0.3675 0.7721, -1.4764 0.3751 0.7677, -1.4764 0.3386 0.7142, -1.4754 0.3317 0.7197, -1.4725 0.3252 0.7249, -1.4678 0.3194 0.7295, -1.4616 0.3145 0.7334, -1.4541 0.3109 0.7364, -1.4458 0.3086 0.7382, -1.4764 0.2946 0.6668, -1.4754 0.2886 0.6732, -1.4725 0.2829 0.6793, -1.4678 0.2779 0.6848, -1.4616 0.2736 0.6894, -1.4541 0.2704 0.6928, -1.4764 0.244 0.6264, -1.4754 0.239 0.6337, -1.4725 0.2343 0.6405, -1.4678 0.2301 0.6467, -1.4616 0.2266 0.6519, -1.4541 0.224 0.6557, -1.4458 0.2223 0.6581, -1.4764 0.1879 0.5941, -1.4754 0.1841 0.602, -1.4725 0.1805 0.6095, -1.4678 0.1773 0.6162, -1.4616 0.1745 0.6218, -1.4541 0.1725 0.626, -1.4458 0.1712 0.6287, -1.4764 0.1276 0.5704, -1.4754 0.1251 0.5788, -1.4725 0.1226 0.5867, -1.4678 0.1204 0.5939, -1.4616 0.1186 0.5998, -1.4541 0.1172 0.6043, -1.4458 0.0588 0.594, -1.4541 0.0593 0.5911, -1.4616 0.06 0.5865, -1.4678 0.0609 0.5803, -1.4725 0.062 0.5729, -1.4754 0.0632 0.5647, -1.4764 0.0645 0.556, -1.2756 -0.9843 0.478, -1.4764 -0.9843 0.478, -1.4764 -0.9767 0.4012, -1.2756 -0.9767 0.4012, -1.4764 -0.9543 0.3274, -1.2756 -0.9543 0.3274, -1.4764 -0.9179 0.2593, -1.2756 -0.9179 0.2593, -1.4764 -0.8689 0.1996, -1.2756 -0.8689 0.1996, -1.2756 -0.7846 0.1153, -1.4764 -0.7846 0.1153, -1.4764 -0.7249 0.0664, -1.2756 -0.7249 0.0664, -1.4764 -0.6569 0.03, -1.2756 -0.6569 0.03, -1.4764 -0.583 0.0076, -1.2756 -0.583 0.0076, -1.4764 -0.5062 0.0, -1.2756 -0.5062 0.0, -1.2756 0.5062 0.0, -1.4764 0.5062 0.0, -1.4764 0.583 0.0076, -1.2756 0.583 0.0076, -1.4764 0.6569 0.03, -1.2756 0.6569 0.03, -1.4764 0.7249 0.0664, -1.2756 0.7249 0.0664, -1.4764 0.7846 0.1153, -1.2756 0.7846 0.1153, -1.2756 0.8689 0.1996, -1.4764 0.8689 0.1996, -1.4764 0.9179 0.2593, -1.2756 0.9179 0.2593, -1.4764 0.9543 0.3274, -1.2756 0.9543 0.3274, -1.4764 0.9767 0.4012, -1.2756 0.9767 0.4012, -1.4764 0.9843 0.478, -1.2756 0.9843 0.478, -1.2756 -0.8689 1.7689, -1.4764 -0.8689 1.7689, -1.4764 -0.9179 1.7092, -1.2756 -0.9179 1.7092, -1.4764 -0.9543 1.6411, -1.2756 -0.9543 1.6411, -1.4764 -0.9767 1.5673, -1.2756 -0.9767 1.5673, -1.4764 -0.9843 1.4905, -1.2756 -0.9843 1.4905, -1.2756 -0.5062 1.9685, -1.4764 -0.5062 1.9685, -1.4764 -0.583 1.9609, -1.2756 -0.583 1.9609, -1.4764 -0.6569 1.9385, -1.2756 -0.6569 1.9385, -1.4764 -0.7249 1.9022, -1.2756 -0.7249 1.9022, -1.4764 -0.7846 1.8532, -1.2756 -0.7846 1.8532, -1.2756 0.7846 1.8532, -1.4764 0.7846 1.8532, -1.4764 0.7249 1.9022, -1.2756 0.7249 1.9022, -1.4764 0.6569 1.9385, -1.2756 0.6569 1.9385, -1.4764 0.583 1.9609, -1.2756 0.583 1.9609, -1.4764 0.5062 1.9685, -1.2756 0.5062 1.9685, -1.2756 0.9843 1.4905, -1.4764 0.9843 1.4905, -1.4764 0.9767 1.5673, -1.2756 0.9767 1.5673, -1.4764 0.9543 1.6411, -1.2756 0.9543 1.6411, -1.4764 0.9179 1.7092, -1.2756 0.9179 1.7092, -1.4764 0.8689 1.7689, -1.2756 0.8689 1.7689
            ]
        }
        coordIndex [
            0,1,2,-1,2,1,3,-1,2,3,4,-1,4,3,5,-1,4,5,6,-1,6,5,7,-1,6,7,8,-1,7,9,8,-1,8,9,10,-1,8,10,11,-1,11,10,12,-1,11,12,13,-1,13,12,14,-1,13,14,15,-1,15,14,16,-1,15,16,17,-1,16,18,17,-1,17,18,19,-1,17,19,20,-1,20,19,21,-1,20,21,22,-1,22,21,23,-1,23,21,24,-1,23,24,25,-1,25,24,26,-1,25,26,27,-1,27,26,28,-1,27,28,29,-1,28,30,29,-1,29,30,31,-1,29,31,32,-1,32,31,33,-1,32,33,34,-1,34,33,35,-1,34,35,36,-1,36,35,37,-1,36,37,38,-1,38,37,39,-1,38,39,40,-1,39,41,40,-1,40,41,42,-1,40,42,43,-1,43,42,44,-1,43,44,45,-1,45,44,46,-1,45,46,47,-1,47,46,48,-1,47,48,49,-1,49,48,50,-1,49,50,51,-1,51,50,52,-1,51,52,53,-1,53,52,54,-1,53,54,55,-1,55,54,56,-1,55,56,57,-1,57,56,58,-1,57,58,59,-1,58,60,59,-1,59,60,61,-1,59,61,62,-1,62,61,63,-1,62,63,64,-1,64,63,65,-1,64,65,66,-1,66,65,67,-1,66,67,68,-1,67,69,68,-1,68,69,70,-1,68,70,71,-1,71,70,72,-1,71,72,73,-1,73,72,74,-1,73,74,75,-1,75,74,76,-1,75,76,77,-1,76,78,77,-1,77,78,79,-1,77,79,80,-1,80,79,81,-1,80,81,82,-1,82,81,83,-1,83,81,84,-1,83,84,85,-1,85,84,86,-1,85,86,87,-1,87,86,88,-1,87,88,89,-1,89,88,90,-1,89,90,91,-1,90,92,91,-1,91,92,93,-1,91,93,94,-1,94,93,95,-1,94,95,96,-1,96,95,97,-1,96,97,98,-1,98,97,99,-1,98,99,100,-1,99,101,100,-1,100,101,102,-1,100,102,103,-1,103,102,104,-1,103,104,105,-1,105,104,106,-1,105,106,107,-1,107,106,108,-1,107,108,109,-1,109,108,110,-1,109,110,111,-1,111,110,112,-1,111,112,113,-1,113,112,114,-1,113,114,115,-1,115,114,116,-1,115,116,117,-1,117,116,118,-1,117,118,0,-1,0,118,119,-1,0,119,1,-1,120,121,122,-1,122,121,123,-1,122,123,124,-1,124,123,125,-1,124,125,126,-1,126,125,127,-1,126,127,128,-1,128,127,129,-1,128,129,130,-1,130,129,131,-1,130,131,132,-1,132,131,133,-1,132,133,134,-1,134,133,135,-1,134,135,136,-1,136,135,137,-1,136,137,138,-1,138,137,139,-1,138,139,140,-1,140,139,141,-1,140,141,142,-1,142,141,143,-1,142,143,144,-1,145,146,147,-1,147,146,148,-1,147,148,149,-1,149,148,150,-1,149,150,151,-1,151,150,152,-1,151,152,153,-1,153,152,154,-1,153,154,155,-1,155,154,156,-1,155,156,157,-1,157,156,158,-1,157,158,159,-1,159,158,160,-1,159,160,161,-1,161,160,162,-1,161,162,163,-1,163,162,164,-1,163,164,165,-1,165,164,166,-1,165,166,167,-1,167,166,168,-1,167,168,169,-1,169,168,170,-1,169,170,120,-1,120,170,171,-1,120,171,121,-1,143,172,144,-1,144,172,173,-1,144,173,174,-1,174,173,175,-1,174,175,176,-1,176,175,177,-1,176,177,178,-1,178,177,179,-1,178,179,180,-1,180,179,181,-1,180,181,182,-1,182,181,183,-1,182,183,184,-1,184,183,185,-1,184,185,186,-1,186,185,187,-1,186,187,188,-1,188,187,189,-1,188,189,190,-1,190,189,191,-1,190,191,192,-1,192,191,193,-1,192,193,194,-1,194,193,195,-1,194,195,145,-1,145,195,196,-1,145,196,146,-1,197,198,199,-1,197,199,200,-1,199,201,200,-1,200,201,202,-1,200,202,203,-1,203,202,204,-1,205,206,207,-1,207,206,203,-1,207,203,208,-1,208,203,204,-1,205,209,206,-1,206,209,210,-1,206,210,211,-1,212,213,214,-1,214,213,211,-1,214,211,215,-1,215,211,210,-1,212,216,213,-1,213,216,217,-1,213,217,218,-1,219,220,221,-1,221,220,218,-1,221,218,222,-1,222,218,217,-1,219,223,220,-1,220,223,224,-1,220,224,225,-1,226,227,228,-1,228,227,225,-1,228,225,229,-1,229,225,224,-1,226,230,227,-1,227,230,231,-1,227,231,232,-1,233,234,235,-1,235,234,232,-1,235,232,236,-1,236,232,231,-1,237,238,239,-1,239,238,240,-1,239,240,241,-1,241,240,242,-1,241,242,243,-1,243,242,234,-1,243,234,244,-1,244,234,233,-1,237,245,238,-1,238,245,246,-1,238,246,247,-1,247,246,248,-1,247,248,249,-1,249,248,250,-1,250,251,249,-1,249,251,252,-1,249,252,253,-1,252,254,253,-1,253,254,255,-1,253,255,256,-1,256,255,257,-1,257,258,256,-1,256,258,259,-1,256,259,260,-1,259,261,260,-1,260,261,262,-1,260,262,263,-1,263,262,264,-1,264,265,263,-1,263,265,266,-1,263,266,267,-1,266,268,267,-1,267,268,269,-1,267,269,270,-1,270,269,271,-1,270,271,272,-1,272,273,270,-1,270,273,274,-1,270,274,275,-1,275,274,276,-1,275,276,277,-1,277,276,278,-1,278,279,277,-1,277,279,280,-1,277,280,281,-1,280,282,281,-1,281,282,283,-1,281,283,197,-1,197,283,284,-1,197,284,198,-1,240,238,285,-1,240,285,242,-1,227,232,285,-1,285,232,234,-1,285,234,242,-1,218,220,285,-1,285,220,225,-1,285,225,227,-1,206,211,285,-1,285,211,213,-1,285,213,218,-1,197,200,285,-1,285,200,203,-1,285,203,206,-1,275,277,285,-1,285,277,281,-1,285,281,197,-1,263,267,285,-1,285,267,270,-1,285,270,275,-1,253,256,285,-1,285,256,260,-1,285,260,263,-1,238,247,285,-1,285,247,249,-1,285,249,253,-1,286,108,287,-1,287,108,106,-1,287,106,288,-1,106,104,288,-1,288,104,102,-1,288,102,289,-1,102,101,289,-1,289,101,99,-1,289,99,290,-1,290,99,97,-1,290,97,291,-1,97,95,291,-1,291,95,93,-1,291,93,292,-1,93,92,292,-1,292,92,90,-1,292,90,293,-1,293,90,88,-1,293,88,294,-1,88,86,294,-1,294,86,84,-1,294,84,295,-1,295,84,81,-1,295,81,296,-1,81,79,296,-1,296,79,78,-1,296,78,297,-1,297,78,76,-1,297,76,298,-1,76,74,298,-1,298,74,72,-1,298,72,299,-1,72,70,299,-1,299,70,69,-1,299,69,300,-1,300,69,67,-1,300,67,301,-1,67,65,301,-1,301,65,63,-1,301,63,302,-1,63,61,302,-1,302,61,60,-1,302,60,303,-1,303,60,58,-1,303,58,304,-1,58,56,304,-1,304,56,54,-1,304,54,305,-1,305,54,52,-1,305,52,306,-1,52,50,306,-1,306,50,48,-1,306,48,307,-1,307,48,46,-1,307,46,308,-1,46,44,308,-1,308,44,42,-1,308,42,309,-1,42,41,309,-1,309,41,39,-1,309,39,310,-1,310,39,37,-1,310,37,311,-1,37,35,311,-1,311,35,33,-1,311,33,312,-1,33,31,312,-1,312,31,30,-1,312,30,313,-1,313,30,28,-1,313,28,314,-1,28,26,314,-1,314,26,24,-1,314,24,315,-1,315,24,21,-1,315,21,316,-1,21,19,316,-1,316,19,18,-1,316,18,317,-1,317,18,16,-1,317,16,318,-1,16,14,318,-1,318,14,12,-1,318,12,319,-1,12,10,319,-1,319,10,9,-1,319,9,320,-1,320,9,7,-1,320,7,321,-1,7,5,321,-1,321,5,3,-1,321,3,322,-1,3,1,322,-1,322,1,119,-1,322,119,323,-1,323,119,118,-1,323,118,324,-1,118,116,324,-1,324,116,114,-1,324,114,325,-1,325,114,112,-1,325,112,286,-1,286,112,110,-1,286,110,108,-1,324,326,323,-1,323,326,327,-1,323,327,322,-1,322,327,328,-1,322,328,321,-1,321,328,329,-1,321,329,320,-1,320,329,330,-1,320,330,319,-1,319,330,331,-1,319,331,318,-1,318,331,332,-1,318,332,317,-1,317,332,333,-1,317,333,316,-1,316,333,334,-1,316,334,315,-1,315,334,335,-1,315,335,314,-1,314,335,336,-1,314,336,313,-1,313,336,337,-1,313,337,312,-1,312,337,338,-1,312,338,311,-1,311,338,339,-1,311,339,310,-1,310,339,340,-1,310,340,309,-1,309,340,341,-1,309,341,308,-1,308,341,342,-1,308,342,307,-1,307,342,343,-1,307,343,306,-1,306,343,344,-1,306,344,305,-1,305,344,345,-1,305,345,304,-1,304,345,346,-1,304,346,303,-1,303,346,347,-1,303,347,302,-1,302,347,348,-1,302,348,301,-1,301,348,349,-1,301,349,300,-1,300,349,350,-1,300,350,299,-1,299,350,351,-1,299,351,298,-1,298,351,352,-1,298,352,297,-1,297,352,353,-1,297,353,296,-1,296,353,354,-1,296,354,295,-1,295,354,355,-1,295,355,294,-1,294,355,356,-1,294,356,293,-1,293,356,357,-1,293,357,292,-1,292,357,358,-1,292,358,291,-1,291,358,359,-1,291,359,290,-1,290,359,360,-1,290,360,289,-1,289,360,361,-1,289,361,288,-1,288,361,362,-1,288,362,287,-1,287,362,363,-1,287,363,286,-1,286,363,364,-1,286,364,325,-1,325,364,365,-1,325,365,324,-1,324,365,326,-1,326,366,327,-1,327,366,367,-1,327,367,328,-1,328,367,368,-1,328,368,329,-1,329,368,369,-1,329,369,330,-1,330,369,370,-1,330,370,331,-1,331,370,371,-1,331,371,332,-1,332,371,372,-1,332,372,333,-1,333,372,373,-1,333,373,334,-1,334,373,374,-1,334,374,335,-1,335,374,375,-1,335,375,336,-1,336,375,376,-1,336,376,337,-1,337,376,377,-1,337,377,338,-1,338,377,378,-1,338,378,339,-1,339,378,379,-1,339,379,340,-1,340,379,380,-1,340,380,341,-1,341,380,381,-1,341,381,342,-1,342,381,382,-1,342,382,343,-1,343,382,383,-1,343,383,344,-1,344,383,384,-1,344,384,345,-1,345,384,385,-1,345,385,346,-1,346,385,386,-1,346,386,347,-1,347,386,387,-1,347,387,348,-1,348,387,388,-1,348,388,349,-1,349,388,389,-1,349,389,350,-1,350,389,390,-1,350,390,351,-1,351,390,391,-1,351,391,352,-1,352,391,392,-1,352,392,353,-1,353,392,393,-1,353,393,354,-1,354,393,394,-1,354,394,355,-1,355,394,395,-1,355,395,356,-1,356,395,396,-1,356,396,357,-1,357,396,397,-1,357,397,358,-1,358,397,398,-1,358,398,359,-1,359,398,399,-1,359,399,360,-1,360,399,400,-1,360,400,361,-1,361,400,401,-1,361,401,362,-1,362,401,402,-1,362,402,363,-1,363,402,403,-1,363,403,364,-1,364,403,404,-1,364,404,365,-1,365,404,405,-1,365,405,326,-1,326,405,366,-1,366,406,367,-1,367,406,407,-1,367,407,368,-1,368,407,408,-1,368,408,369,-1,369,408,409,-1,369,409,370,-1,370,409,410,-1,370,410,371,-1,371,410,411,-1,371,411,372,-1,372,411,412,-1,372,412,373,-1,373,412,413,-1,373,413,374,-1,374,413,414,-1,374,414,375,-1,375,414,415,-1,375,415,376,-1,376,415,416,-1,376,416,377,-1,377,416,417,-1,377,417,378,-1,378,417,418,-1,378,418,379,-1,379,418,419,-1,379,419,380,-1,380,419,420,-1,380,420,381,-1,381,420,421,-1,381,421,382,-1,382,421,422,-1,382,422,383,-1,383,422,423,-1,383,423,384,-1,384,423,424,-1,384,424,385,-1,385,424,425,-1,385,425,386,-1,386,425,426,-1,386,426,387,-1,387,426,427,-1,387,427,388,-1,388,427,428,-1,388,428,389,-1,389,428,429,-1,389,429,390,-1,390,429,430,-1,390,430,391,-1,391,430,431,-1,391,431,392,-1,392,431,432,-1,392,432,393,-1,393,432,433,-1,393,433,394,-1,394,433,434,-1,394,434,395,-1,395,434,435,-1,395,435,396,-1,396,435,436,-1,396,436,397,-1,397,436,437,-1,397,437,398,-1,398,437,438,-1,398,438,399,-1,399,438,439,-1,399,439,400,-1,400,439,440,-1,400,440,401,-1,401,440,441,-1,401,441,402,-1,402,441,442,-1,402,442,403,-1,403,442,443,-1,403,443,404,-1,404,443,444,-1,404,444,405,-1,405,444,445,-1,405,445,366,-1,366,445,406,-1,406,446,407,-1,407,446,447,-1,407,447,408,-1,408,447,448,-1,408,448,409,-1,409,448,449,-1,409,449,410,-1,410,449,450,-1,410,450,411,-1,411,450,451,-1,411,451,412,-1,412,451,452,-1,412,452,413,-1,413,452,453,-1,413,453,414,-1,414,453,454,-1,414,454,415,-1,415,454,455,-1,415,455,416,-1,416,455,456,-1,416,456,417,-1,417,456,457,-1,417,457,418,-1,418,457,458,-1,418,458,419,-1,419,458,459,-1,419,459,420,-1,420,459,460,-1,420,460,421,-1,421,460,461,-1,421,461,422,-1,422,461,462,-1,422,462,423,-1,423,462,463,-1,423,463,424,-1,424,463,464,-1,424,464,425,-1,425,464,465,-1,425,465,426,-1,426,465,466,-1,426,466,427,-1,427,466,467,-1,427,467,428,-1,428,467,468,-1,428,468,429,-1,429,468,469,-1,429,469,430,-1,430,469,470,-1,430,470,431,-1,431,470,471,-1,431,471,432,-1,432,471,472,-1,432,472,433,-1,433,472,473,-1,433,473,434,-1,434,473,474,-1,434,474,435,-1,435,474,475,-1,435,475,436,-1,436,475,476,-1,436,476,437,-1,437,476,477,-1,437,477,438,-1,438,477,478,-1,438,478,439,-1,439,478,479,-1,439,479,440,-1,440,479,480,-1,440,480,441,-1,441,480,481,-1,441,481,442,-1,442,481,482,-1,442,482,443,-1,443,482,483,-1,443,483,444,-1,444,483,484,-1,444,484,445,-1,445,484,485,-1,445,485,406,-1,406,485,446,-1,446,486,447,-1,447,486,487,-1,447,487,448,-1,448,487,488,-1,448,488,449,-1,449,488,489,-1,449,489,450,-1,450,489,490,-1,450,490,451,-1,451,490,491,-1,451,491,452,-1,452,491,492,-1,452,492,453,-1,453,492,493,-1,453,493,454,-1,454,493,494,-1,454,494,455,-1,455,494,495,-1,455,495,456,-1,456,495,496,-1,456,496,457,-1,457,496,497,-1,457,497,458,-1,458,497,498,-1,458,498,459,-1,459,498,499,-1,459,499,460,-1,460,499,500,-1,460,500,461,-1,461,500,501,-1,461,501,462,-1,462,501,502,-1,462,502,463,-1,463,502,503,-1,463,503,464,-1,464,503,504,-1,464,504,465,-1,465,504,505,-1,465,505,466,-1,466,505,506,-1,466,506,467,-1,467,506,507,-1,467,507,468,-1,468,507,508,-1,468,508,469,-1,469,508,509,-1,469,509,470,-1,470,509,510,-1,470,510,471,-1,471,510,511,-1,471,511,472,-1,472,511,512,-1,472,512,473,-1,473,512,513,-1,473,513,474,-1,474,513,514,-1,474,514,475,-1,475,514,515,-1,475,515,476,-1,476,515,516,-1,476,516,477,-1,477,516,517,-1,477,517,478,-1,478,517,518,-1,478,518,479,-1,479,518,519,-1,479,519,480,-1,480,519,520,-1,480,520,481,-1,481,520,521,-1,481,521,482,-1,482,521,522,-1,482,522,483,-1,483,522,523,-1,483,523,484,-1,484,523,524,-1,484,524,485,-1,485,524,525,-1,485,525,446,-1,446,525,486,-1,486,131,487,-1,487,131,129,-1,487,129,488,-1,488,129,127,-1,488,127,489,-1,489,127,125,-1,489,125,490,-1,490,125,123,-1,490,123,491,-1,491,123,121,-1,491,121,492,-1,492,121,171,-1,492,171,493,-1,493,171,170,-1,493,170,494,-1,494,170,168,-1,494,168,495,-1,495,168,166,-1,495,166,496,-1,496,166,164,-1,496,164,497,-1,497,164,162,-1,497,162,498,-1,498,162,160,-1,498,160,499,-1,499,160,158,-1,499,158,500,-1,500,158,156,-1,500,156,501,-1,501,156,154,-1,501,154,502,-1,502,154,152,-1,502,152,503,-1,503,152,150,-1,503,150,504,-1,504,150,148,-1,504,148,505,-1,505,148,146,-1,505,146,506,-1,506,146,196,-1,506,196,507,-1,507,196,195,-1,507,195,508,-1,508,195,193,-1,508,193,509,-1,509,193,191,-1,509,191,510,-1,510,191,189,-1,510,189,511,-1,511,189,187,-1,511,187,512,-1,512,187,185,-1,512,185,513,-1,513,185,183,-1,513,183,514,-1,514,183,181,-1,514,181,515,-1,515,181,179,-1,515,179,516,-1,516,179,177,-1,516,177,517,-1,517,177,175,-1,517,175,518,-1,518,175,173,-1,518,173,519,-1,519,173,172,-1,519,172,520,-1,520,172,143,-1,520,143,521,-1,521,143,141,-1,521,141,522,-1,522,141,139,-1,522,139,523,-1,523,139,137,-1,523,137,524,-1,524,137,135,-1,524,135,525,-1,525,135,133,-1,525,133,486,-1,486,133,131,-1,241,243,526,-1,233,235,527,-1,226,228,528,-1,219,221,529,-1,212,214,530,-1,205,207,531,-1,201,199,532,-1,283,282,533,-1,279,278,534,-1,276,274,535,-1,272,271,536,-1,269,268,537,-1,265,264,538,-1,258,257,539,-1,251,250,540,-1,541,138,140,-1,136,138,542,-1,542,138,541,-1,542,541,543,-1,134,136,544,-1,544,136,542,-1,544,542,545,-1,545,542,543,-1,545,543,546,-1,132,134,547,-1,547,134,544,-1,547,544,548,-1,548,544,545,-1,548,545,549,-1,549,545,546,-1,549,546,550,-1,130,132,551,-1,551,132,547,-1,551,547,552,-1,552,547,548,-1,552,548,553,-1,553,548,549,-1,553,549,554,-1,554,549,550,-1,554,550,526,-1,555,556,557,-1,540,558,559,-1,559,558,560,-1,559,560,561,-1,561,560,562,-1,561,562,563,-1,142,144,564,-1,564,144,565,-1,564,565,566,-1,566,565,567,-1,566,567,568,-1,568,567,569,-1,568,569,570,-1,570,569,571,-1,570,571,572,-1,572,571,539,-1,176,178,573,-1,573,178,574,-1,573,574,575,-1,575,574,576,-1,575,576,577,-1,577,576,578,-1,577,578,579,-1,579,578,580,-1,579,580,581,-1,581,580,538,-1,145,147,582,-1,582,147,583,-1,582,583,584,-1,584,583,585,-1,584,585,586,-1,586,585,587,-1,586,587,588,-1,588,587,589,-1,588,589,590,-1,590,589,532,-1,151,153,591,-1,591,153,592,-1,591,592,593,-1,593,592,594,-1,593,594,595,-1,595,594,596,-1,595,596,597,-1,597,596,598,-1,597,598,599,-1,599,598,531,-1,157,159,600,-1,600,159,601,-1,600,601,602,-1,602,601,603,-1,602,603,604,-1,604,603,605,-1,604,605,606,-1,606,605,607,-1,606,607,608,-1,608,607,530,-1,163,165,609,-1,609,165,610,-1,609,610,611,-1,611,610,612,-1,611,612,613,-1,613,612,614,-1,613,614,615,-1,615,614,616,-1,615,616,617,-1,617,616,529,-1,169,120,618,-1,618,120,619,-1,618,619,620,-1,620,619,621,-1,620,621,622,-1,622,621,623,-1,622,623,624,-1,624,623,625,-1,624,625,626,-1,626,625,528,-1,124,126,627,-1,627,126,628,-1,627,628,629,-1,629,628,630,-1,629,630,631,-1,631,630,632,-1,631,632,633,-1,633,632,634,-1,633,634,635,-1,635,634,527,-1,239,557,237,-1,237,557,556,-1,237,556,245,-1,246,245,558,-1,558,245,556,-1,558,556,560,-1,560,556,555,-1,560,555,562,-1,540,250,558,-1,558,250,248,-1,558,248,246,-1,252,251,636,-1,636,251,540,-1,636,540,637,-1,637,540,559,-1,637,559,638,-1,638,559,561,-1,638,561,639,-1,639,561,563,-1,639,563,640,-1,140,142,640,-1,640,142,564,-1,640,564,639,-1,639,564,566,-1,639,566,638,-1,638,566,568,-1,638,568,637,-1,637,568,570,-1,637,570,636,-1,636,570,572,-1,636,572,252,-1,252,572,254,-1,539,257,572,-1,572,257,255,-1,572,255,254,-1,259,258,641,-1,641,258,539,-1,641,539,642,-1,642,539,571,-1,642,571,643,-1,643,571,569,-1,643,569,644,-1,644,569,567,-1,644,567,645,-1,645,567,565,-1,645,565,174,-1,174,565,144,-1,174,176,645,-1,645,176,573,-1,645,573,644,-1,644,573,575,-1,644,575,643,-1,643,575,577,-1,643,577,642,-1,642,577,579,-1,642,579,641,-1,641,579,581,-1,641,581,259,-1,259,581,261,-1,538,264,581,-1,581,264,262,-1,581,262,261,-1,266,265,646,-1,646,265,538,-1,646,538,647,-1,647,538,580,-1,647,580,648,-1,648,580,578,-1,648,578,649,-1,649,578,576,-1,649,576,650,-1,650,576,574,-1,650,574,180,-1,180,574,178,-1,180,182,650,-1,650,182,651,-1,650,651,649,-1,649,651,652,-1,649,652,648,-1,648,652,653,-1,648,653,647,-1,647,653,654,-1,647,654,646,-1,646,654,537,-1,646,537,266,-1,266,537,268,-1,271,269,536,-1,536,269,537,-1,536,537,655,-1,655,537,654,-1,655,654,656,-1,656,654,653,-1,656,653,657,-1,657,653,652,-1,657,652,658,-1,658,652,651,-1,658,651,184,-1,184,651,182,-1,273,272,659,-1,659,272,536,-1,659,536,660,-1,660,536,655,-1,660,655,661,-1,661,655,656,-1,661,656,662,-1,662,656,657,-1,662,657,663,-1,663,657,658,-1,663,658,186,-1,186,658,184,-1,186,188,663,-1,663,188,664,-1,663,664,662,-1,662,664,665,-1,662,665,661,-1,661,665,666,-1,661,666,660,-1,660,666,667,-1,660,667,659,-1,659,667,535,-1,659,535,273,-1,273,535,274,-1,278,276,534,-1,534,276,535,-1,534,535,668,-1,668,535,667,-1,668,667,669,-1,669,667,666,-1,669,666,670,-1,670,666,665,-1,670,665,671,-1,671,665,664,-1,671,664,190,-1,190,664,188,-1,280,279,672,-1,672,279,534,-1,672,534,673,-1,673,534,668,-1,673,668,674,-1,674,668,669,-1,674,669,675,-1,675,669,670,-1,675,670,676,-1,676,670,671,-1,676,671,192,-1,192,671,190,-1,192,194,676,-1,676,194,677,-1,676,677,675,-1,675,677,678,-1,675,678,674,-1,674,678,679,-1,674,679,673,-1,673,679,680,-1,673,680,672,-1,672,680,533,-1,672,533,280,-1,280,533,282,-1,284,283,590,-1,590,283,533,-1,590,533,588,-1,588,533,680,-1,588,680,586,-1,586,680,679,-1,586,679,584,-1,584,679,678,-1,584,678,582,-1,582,678,677,-1,582,677,145,-1,145,677,194,-1,532,199,590,-1,590,199,198,-1,590,198,284,-1,202,201,681,-1,681,201,532,-1,681,532,682,-1,682,532,589,-1,682,589,683,-1,683,589,587,-1,683,587,684,-1,684,587,585,-1,684,585,685,-1,685,585,583,-1,685,583,149,-1,149,583,147,-1,149,151,685,-1,685,151,591,-1,685,591,684,-1,684,591,593,-1,684,593,683,-1,683,593,595,-1,683,595,682,-1,682,595,597,-1,682,597,681,-1,681,597,599,-1,681,599,202,-1,202,599,204,-1,531,207,599,-1,599,207,208,-1,599,208,204,-1,209,205,686,-1,686,205,531,-1,686,531,687,-1,687,531,598,-1,687,598,688,-1,688,598,596,-1,688,596,689,-1,689,596,594,-1,689,594,690,-1,690,594,592,-1,690,592,155,-1,155,592,153,-1,155,157,690,-1,690,157,600,-1,690,600,689,-1,689,600,602,-1,689,602,688,-1,688,602,604,-1,688,604,687,-1,687,604,606,-1,687,606,686,-1,686,606,608,-1,686,608,209,-1,209,608,210,-1,530,214,608,-1,608,214,215,-1,608,215,210,-1,216,212,691,-1,691,212,530,-1,691,530,692,-1,692,530,607,-1,692,607,693,-1,693,607,605,-1,693,605,694,-1,694,605,603,-1,694,603,695,-1,695,603,601,-1,695,601,161,-1,161,601,159,-1,161,163,695,-1,695,163,609,-1,695,609,694,-1,694,609,611,-1,694,611,693,-1,693,611,613,-1,693,613,692,-1,692,613,615,-1,692,615,691,-1,691,615,617,-1,691,617,216,-1,216,617,217,-1,529,221,617,-1,617,221,222,-1,617,222,217,-1,223,219,696,-1,696,219,529,-1,696,529,697,-1,697,529,616,-1,697,616,698,-1,698,616,614,-1,698,614,699,-1,699,614,612,-1,699,612,700,-1,700,612,610,-1,700,610,167,-1,167,610,165,-1,167,169,700,-1,700,169,618,-1,700,618,699,-1,699,618,620,-1,699,620,698,-1,698,620,622,-1,698,622,697,-1,697,622,624,-1,697,624,696,-1,696,624,626,-1,696,626,223,-1,223,626,224,-1,528,228,626,-1,626,228,229,-1,626,229,224,-1,230,226,701,-1,701,226,528,-1,701,528,702,-1,702,528,625,-1,702,625,703,-1,703,625,623,-1,703,623,704,-1,704,623,621,-1,704,621,705,-1,705,621,619,-1,705,619,122,-1,122,619,120,-1,122,124,705,-1,705,124,627,-1,705,627,704,-1,704,627,629,-1,704,629,703,-1,703,629,631,-1,703,631,702,-1,702,631,633,-1,702,633,701,-1,701,633,635,-1,701,635,230,-1,230,635,231,-1,527,235,635,-1,635,235,236,-1,635,236,231,-1,244,233,706,-1,706,233,527,-1,706,527,707,-1,707,527,634,-1,707,634,708,-1,708,634,632,-1,708,632,709,-1,709,632,630,-1,709,630,710,-1,710,630,628,-1,710,628,128,-1,128,628,126,-1,128,130,710,-1,710,130,551,-1,710,551,709,-1,709,551,552,-1,709,552,708,-1,708,552,553,-1,708,553,707,-1,707,553,554,-1,707,554,706,-1,706,554,526,-1,706,526,244,-1,244,526,243,-1,140,640,541,-1,541,640,563,-1,541,563,543,-1,543,563,562,-1,543,562,546,-1,546,562,555,-1,546,555,550,-1,550,555,557,-1,550,557,526,-1,526,557,239,-1,526,239,241,-1,115,117,711,-1,4,6,712,-1,13,15,713,-1,22,23,714,-1,29,32,715,-1,38,40,716,-1,47,49,717,-1,55,57,718,-1,64,66,719,-1,73,75,720,-1,82,83,721,-1,89,91,722,-1,98,100,723,-1,107,109,724,-1,725,726,727,-1,727,726,728,-1,727,728,729,-1,729,728,730,-1,729,730,731,-1,731,730,732,-1,731,732,733,-1,733,732,734,-1,733,734,735,-1,735,734,736,-1,735,736,737,-1,737,736,724,-1,737,724,111,-1,111,724,109,-1,105,107,738,-1,738,107,724,-1,738,724,739,-1,739,724,736,-1,739,736,740,-1,740,736,734,-1,740,734,741,-1,741,734,732,-1,741,732,742,-1,742,732,730,-1,742,730,743,-1,743,730,728,-1,743,728,744,-1,744,728,726,-1,744,745,743,-1,743,745,746,-1,743,746,742,-1,742,746,747,-1,742,747,741,-1,741,747,748,-1,741,748,740,-1,740,748,749,-1,740,749,739,-1,739,749,750,-1,739,750,738,-1,738,750,751,-1,738,751,105,-1,105,751,103,-1,745,752,746,-1,746,752,753,-1,746,753,747,-1,747,753,754,-1,747,754,748,-1,748,754,755,-1,748,755,749,-1,749,755,756,-1,749,756,750,-1,750,756,757,-1,750,757,751,-1,751,757,723,-1,751,723,103,-1,103,723,100,-1,96,98,758,-1,758,98,723,-1,758,723,759,-1,759,723,757,-1,759,757,760,-1,760,757,756,-1,760,756,761,-1,761,756,755,-1,761,755,762,-1,762,755,754,-1,762,754,763,-1,763,754,753,-1,763,753,764,-1,764,753,752,-1,764,765,763,-1,763,765,766,-1,763,766,762,-1,762,766,767,-1,762,767,761,-1,761,767,768,-1,761,768,760,-1,760,768,769,-1,760,769,759,-1,759,769,770,-1,759,770,758,-1,758,770,771,-1,758,771,96,-1,96,771,94,-1,765,772,766,-1,766,772,773,-1,766,773,767,-1,767,773,774,-1,767,774,768,-1,768,774,775,-1,768,775,769,-1,769,775,776,-1,769,776,770,-1,770,776,777,-1,770,777,771,-1,771,777,722,-1,771,722,94,-1,94,722,91,-1,87,89,778,-1,778,89,722,-1,778,722,779,-1,779,722,777,-1,779,777,780,-1,780,777,776,-1,780,776,781,-1,781,776,775,-1,781,775,782,-1,782,775,774,-1,782,774,783,-1,783,774,773,-1,783,773,784,-1,784,773,772,-1,784,785,783,-1,783,785,786,-1,783,786,782,-1,782,786,787,-1,782,787,781,-1,781,787,788,-1,781,788,780,-1,780,788,789,-1,780,789,779,-1,779,789,790,-1,779,790,778,-1,778,790,791,-1,778,791,87,-1,87,791,85,-1,785,792,786,-1,786,792,793,-1,786,793,787,-1,787,793,794,-1,787,794,788,-1,788,794,795,-1,788,795,789,-1,789,795,796,-1,789,796,790,-1,790,796,797,-1,790,797,791,-1,791,797,721,-1,791,721,85,-1,85,721,83,-1,792,798,793,-1,793,798,799,-1,793,799,794,-1,794,799,800,-1,794,800,795,-1,795,800,801,-1,795,801,796,-1,796,801,802,-1,796,802,797,-1,797,802,803,-1,797,803,721,-1,721,803,804,-1,721,804,82,-1,82,804,80,-1,798,805,799,-1,799,805,806,-1,799,806,800,-1,800,806,807,-1,800,807,801,-1,801,807,808,-1,801,808,802,-1,802,808,809,-1,802,809,803,-1,803,809,810,-1,803,810,804,-1,804,810,811,-1,804,811,80,-1,80,811,77,-1,805,812,806,-1,806,812,813,-1,806,813,807,-1,807,813,814,-1,807,814,808,-1,808,814,815,-1,808,815,809,-1,809,815,816,-1,809,816,810,-1,810,816,817,-1,810,817,811,-1,811,817,720,-1,811,720,77,-1,77,720,75,-1,812,818,813,-1,813,818,819,-1,813,819,814,-1,814,819,820,-1,814,820,815,-1,815,820,821,-1,815,821,816,-1,816,821,822,-1,816,822,817,-1,817,822,823,-1,817,823,720,-1,720,823,824,-1,720,824,73,-1,73,824,71,-1,818,825,819,-1,819,825,826,-1,819,826,820,-1,820,826,827,-1,820,827,821,-1,821,827,828,-1,821,828,822,-1,822,828,829,-1,822,829,823,-1,823,829,830,-1,823,830,824,-1,824,830,831,-1,824,831,71,-1,71,831,68,-1,825,832,826,-1,826,832,833,-1,826,833,827,-1,827,833,834,-1,827,834,828,-1,828,834,835,-1,828,835,829,-1,829,835,836,-1,829,836,830,-1,830,836,837,-1,830,837,831,-1,831,837,719,-1,831,719,68,-1,68,719,66,-1,62,64,838,-1,838,64,719,-1,838,719,839,-1,839,719,837,-1,839,837,840,-1,840,837,836,-1,840,836,841,-1,841,836,835,-1,841,835,842,-1,842,835,834,-1,842,834,843,-1,843,834,833,-1,843,833,844,-1,844,833,832,-1,844,845,843,-1,843,845,846,-1,843,846,842,-1,842,846,847,-1,842,847,841,-1,841,847,848,-1,841,848,840,-1,840,848,849,-1,840,849,839,-1,839,849,850,-1,839,850,838,-1,838,850,851,-1,838,851,62,-1,62,851,59,-1,845,852,846,-1,846,852,853,-1,846,853,847,-1,847,853,854,-1,847,854,848,-1,848,854,855,-1,848,855,849,-1,849,855,856,-1,849,856,850,-1,850,856,857,-1,850,857,851,-1,851,857,718,-1,851,718,59,-1,59,718,57,-1,53,55,858,-1,858,55,718,-1,858,718,859,-1,859,718,857,-1,859,857,860,-1,860,857,856,-1,860,856,861,-1,861,856,855,-1,861,855,862,-1,862,855,854,-1,862,854,863,-1,863,854,853,-1,863,853,864,-1,864,853,852,-1,864,865,863,-1,863,865,866,-1,863,866,862,-1,862,866,867,-1,862,867,861,-1,861,867,868,-1,861,868,860,-1,860,868,869,-1,860,869,859,-1,859,869,870,-1,859,870,858,-1,858,870,871,-1,858,871,53,-1,53,871,51,-1,865,872,866,-1,866,872,873,-1,866,873,867,-1,867,873,874,-1,867,874,868,-1,868,874,875,-1,868,875,869,-1,869,875,876,-1,869,876,870,-1,870,876,877,-1,870,877,871,-1,871,877,717,-1,871,717,51,-1,51,717,49,-1,872,878,873,-1,873,878,879,-1,873,879,874,-1,874,879,880,-1,874,880,875,-1,875,880,881,-1,875,881,876,-1,876,881,882,-1,876,882,877,-1,877,882,883,-1,877,883,717,-1,717,883,884,-1,717,884,47,-1,47,884,45,-1,878,885,879,-1,879,885,886,-1,879,886,880,-1,880,886,887,-1,880,887,881,-1,881,887,888,-1,881,888,882,-1,882,888,889,-1,882,889,883,-1,883,889,890,-1,883,890,884,-1,884,890,891,-1,884,891,45,-1,45,891,43,-1,885,892,886,-1,886,892,893,-1,886,893,887,-1,887,893,894,-1,887,894,888,-1,888,894,895,-1,888,895,889,-1,889,895,896,-1,889,896,890,-1,890,896,897,-1,890,897,891,-1,891,897,716,-1,891,716,43,-1,43,716,40,-1,892,898,893,-1,893,898,899,-1,893,899,894,-1,894,899,900,-1,894,900,895,-1,895,900,901,-1,895,901,896,-1,896,901,902,-1,896,902,897,-1,897,902,903,-1,897,903,716,-1,716,903,904,-1,716,904,38,-1,38,904,36,-1,898,905,899,-1,899,905,906,-1,899,906,900,-1,900,906,907,-1,900,907,901,-1,901,907,908,-1,901,908,902,-1,902,908,909,-1,902,909,903,-1,903,909,910,-1,903,910,904,-1,904,910,911,-1,904,911,36,-1,36,911,34,-1,905,912,906,-1,906,912,913,-1,906,913,907,-1,907,913,914,-1,907,914,908,-1,908,914,915,-1,908,915,909,-1,909,915,916,-1,909,916,910,-1,910,916,917,-1,910,917,911,-1,911,917,715,-1,911,715,34,-1,34,715,32,-1,27,29,918,-1,918,29,715,-1,918,715,919,-1,919,715,917,-1,919,917,920,-1,920,917,916,-1,920,916,921,-1,921,916,915,-1,921,915,922,-1,922,915,914,-1,922,914,923,-1,923,914,913,-1,923,913,924,-1,924,913,912,-1,924,925,923,-1,923,925,926,-1,923,926,922,-1,922,926,927,-1,922,927,921,-1,921,927,928,-1,921,928,920,-1,920,928,929,-1,920,929,919,-1,919,929,930,-1,919,930,918,-1,918,930,931,-1,918,931,27,-1,27,931,25,-1,925,932,926,-1,926,932,933,-1,926,933,927,-1,927,933,934,-1,927,934,928,-1,928,934,935,-1,928,935,929,-1,929,935,936,-1,929,936,930,-1,930,936,937,-1,930,937,931,-1,931,937,714,-1,931,714,25,-1,25,714,23,-1,932,938,933,-1,933,938,939,-1,933,939,934,-1,934,939,940,-1,934,940,935,-1,935,940,941,-1,935,941,936,-1,936,941,942,-1,936,942,937,-1,937,942,943,-1,937,943,714,-1,714,943,944,-1,714,944,22,-1,22,944,20,-1,938,945,939,-1,939,945,946,-1,939,946,940,-1,940,946,947,-1,940,947,941,-1,941,947,948,-1,941,948,942,-1,942,948,949,-1,942,949,943,-1,943,949,950,-1,943,950,944,-1,944,950,951,-1,944,951,20,-1,20,951,17,-1,945,952,946,-1,946,952,953,-1,946,953,947,-1,947,953,954,-1,947,954,948,-1,948,954,955,-1,948,955,949,-1,949,955,956,-1,949,956,950,-1,950,956,957,-1,950,957,951,-1,951,957,713,-1,951,713,17,-1,17,713,15,-1,11,13,958,-1,958,13,713,-1,958,713,959,-1,959,713,957,-1,959,957,960,-1,960,957,956,-1,960,956,961,-1,961,956,955,-1,961,955,962,-1,962,955,954,-1,962,954,963,-1,963,954,953,-1,963,953,964,-1,964,953,952,-1,964,965,963,-1,963,965,966,-1,963,966,962,-1,962,966,967,-1,962,967,961,-1,961,967,968,-1,961,968,960,-1,960,968,969,-1,960,969,959,-1,959,969,970,-1,959,970,958,-1,958,970,971,-1,958,971,11,-1,11,971,8,-1,965,972,966,-1,966,972,973,-1,966,973,967,-1,967,973,974,-1,967,974,968,-1,968,974,975,-1,968,975,969,-1,969,975,976,-1,969,976,970,-1,970,976,977,-1,970,977,971,-1,971,977,712,-1,971,712,8,-1,8,712,6,-1,972,978,973,-1,973,978,979,-1,973,979,974,-1,974,979,980,-1,974,980,975,-1,975,980,981,-1,975,981,976,-1,976,981,982,-1,976,982,977,-1,977,982,983,-1,977,983,712,-1,712,983,984,-1,712,984,4,-1,4,984,2,-1,978,985,979,-1,979,985,986,-1,979,986,980,-1,980,986,987,-1,980,987,981,-1,981,987,988,-1,981,988,982,-1,982,988,989,-1,982,989,983,-1,983,989,990,-1,983,990,984,-1,984,990,991,-1,984,991,2,-1,2,991,0,-1,985,992,986,-1,986,992,993,-1,986,993,987,-1,987,993,994,-1,987,994,988,-1,988,994,995,-1,988,995,989,-1,989,995,996,-1,989,996,990,-1,990,996,997,-1,990,997,991,-1,991,997,711,-1,991,711,0,-1,0,711,117,-1,113,115,998,-1,998,115,711,-1,998,711,999,-1,999,711,997,-1,999,997,1000,-1,1000,997,996,-1,1000,996,1001,-1,1001,996,995,-1,1001,995,1002,-1,1002,995,994,-1,1002,994,1003,-1,1003,994,993,-1,1003,993,1004,-1,1004,993,992,-1,1004,725,1003,-1,1003,725,727,-1,1003,727,1002,-1,1002,727,729,-1,1002,729,1001,-1,1001,729,731,-1,1001,731,1000,-1,1000,731,733,-1,1000,733,999,-1,999,733,735,-1,999,735,998,-1,998,735,737,-1,998,737,113,-1,113,737,111,-1,1005,1006,1007,-1,1005,1007,1008,-1,1008,1007,1009,-1,1008,1009,1010,-1,1010,1009,1011,-1,1010,1011,1012,-1,1012,1011,1013,-1,1012,1013,1014,-1,1015,1016,1017,-1,1015,1017,1018,-1,1018,1017,1019,-1,1018,1019,1020,-1,1020,1019,1021,-1,1020,1021,1022,-1,1022,1021,1023,-1,1022,1023,1024,-1,1025,1026,1027,-1,1025,1027,1028,-1,1028,1027,1029,-1,1028,1029,1030,-1,1030,1029,1031,-1,1030,1031,1032,-1,1032,1031,1033,-1,1032,1033,1034,-1,1035,1036,1037,-1,1035,1037,1038,-1,1038,1037,1039,-1,1038,1039,1040,-1,1040,1039,1041,-1,1040,1041,1042,-1,1042,1041,1043,-1,1042,1043,1044,-1,1045,1046,1047,-1,1045,1047,1048,-1,1048,1047,1049,-1,1048,1049,1050,-1,1050,1049,1051,-1,1050,1051,1052,-1,1052,1051,1053,-1,1052,1053,1054,-1,1055,1056,1057,-1,1055,1057,1058,-1,1058,1057,1059,-1,1058,1059,1060,-1,1060,1059,1061,-1,1060,1061,1062,-1,1062,1061,1063,-1,1062,1063,1064,-1,1065,1066,1067,-1,1065,1067,1068,-1,1068,1067,1069,-1,1068,1069,1070,-1,1070,1069,1071,-1,1070,1071,1072,-1,1072,1071,1073,-1,1072,1073,1074,-1,1075,1076,1077,-1,1075,1077,1078,-1,1078,1077,1079,-1,1078,1079,1080,-1,1080,1079,1081,-1,1080,1081,1082,-1,1082,1081,1083,-1,1082,1083,1084,-1,
        ]
    }
}
Shape{
    appearance Appearance {
        material  Material 	{
            diffuseColor 0.0 0.0 0.0
            specularColor 0.0 0.0 0.0
            ambientIntensity 0.0
            transparency 0.0
            shininess 0.5
        }
    }
    geometry IndexedFaceSet {
        ccw TRUE
        solid FALSE
        coord DEF co Coordinate {
            point [
                0.4692 -0.0378 0.1189, 0.4692 -0.0376 0.1229, 0.4786 -0.0653 0.1206, 0.488 -0.0924 0.127, 0.488 -0.0929 0.1231, 0.3879 -0.0378 0.1189, 0.3879 -0.0376 0.1229, 0.368 -0.0928 0.1231, 0.368 -0.0924 0.127, 0.3779 -0.0653 0.1206, 0.3536 -0.0928 0.1231, 0.3536 -0.0924 0.127, 0.3392 -0.0928 0.1231, 0.3392 -0.0924 0.127, 0.416 0.1037 0.1243, 0.416 0.1032 0.1282, 0.4105 0.0897 0.1235, 0.4113 0.0913 0.1269, 0.3636 -0.0301 0.1226, 0.3754 0.0 0.1184, 0.3758 0.0009 0.1226, 0.3758 0.0009 0.1184, 0.3776 0.0054 0.1226, 0.3776 0.0055 0.1181, 0.3881 0.0323 0.1227, 0.4105 0.0893 0.1268, 0.4292 0.1037 0.1243, 0.4292 0.1032 0.1282, 0.4424 0.1037 0.1243, 0.4424 0.1032 0.1282, 0.5168 -0.0928 0.1231, 0.5168 -0.0924 0.127, 0.5115 -0.0788 0.1224, 0.5122 -0.0805 0.1258, 0.5115 -0.0785 0.1257, 0.4898 -0.0214 0.1223, 0.4816 0.0 0.1184, 0.4796 0.0054 0.1226, 0.4796 0.0055 0.1181, 0.4778 0.01 0.1184, 0.4661 0.041 0.123, 0.4778 0.01 0.1227, 0.5024 -0.0929 0.1231, 0.5024 -0.0924 0.127, 0.43 0.0795 0.1257, 0.4548 0.0054 0.1226, 0.4402 0.0463 0.1233, 0.4332 0.0658 0.1246, 0.4625 -0.0161 0.1222, 0.3967 -0.0161 0.1222, 0.4296 -0.0161 0.1222, 0.4038 0.0034 0.1221, 0.4045 0.0054 0.1221, 0.4264 0.0658 0.1246, 0.4625 -0.0162 0.1183, 0.4479 0.025 0.1185, 0.4332 0.0661 0.1206, 0.3967 -0.0162 0.1183, 0.4296 -0.0162 0.1183, 0.4115 0.025 0.1185, 0.4264 0.0661 0.1206, 0.4282 0.0729 0.1212, 0.43 0.0798 0.1218, 0.4314 0.0727 0.1212, 0.6896 0.0054 0.1221, 0.6896 0.1032 0.1282, 0.6896 0.0412 0.1191, 0.6896 0.1037 0.1243, 0.6896 -0.0 0.1186, 0.6896 -0.0213 0.1184, 0.6896 -0.0924 0.127, 0.6896 -0.0805 0.1219, 0.6896 -0.0929 0.1231, 0.6628 -0.0929 0.1231, 0.6628 -0.0924 0.127, 0.6361 -0.0929 0.1231, 0.6361 -0.0924 0.127, 0.5312 0.0079 0.1221, 0.5315 0.0056 0.1221, 0.5312 0.0079 0.1181, 0.5315 0.0054 0.1221, 0.5327 0.0 0.1183, 0.5382 -0.0291 0.1187, 0.537 -0.0263 0.1224, 0.538 -0.0289 0.1226, 0.5389 -0.0328 0.1187, 0.5432 -0.0416 0.1192, 0.5427 -0.0417 0.1231, 0.5428 -0.0421 0.1231, 0.5479 -0.0512 0.1196, 0.551 -0.0546 0.1238, 0.551 -0.0548 0.1199, 0.5535 -0.0583 0.124, 0.5606 -0.066 0.1206, 0.6028 -0.0875 0.1265, 0.6011 -0.0871 0.1225, 0.6011 -0.0869 0.1264, 0.5973 -0.0865 0.1224, 0.5866 -0.082 0.126, 0.5867 -0.0822 0.122, 0.5827 -0.0807 0.1258, 0.5777 -0.0785 0.1217, 0.5731 -0.0747 0.1253, 0.5731 -0.0751 0.1214, 0.5658 -0.0702 0.1249, 0.5609 -0.0654 0.1246, 0.5953 0.0945 0.1233, 0.634 0.1037 0.1243, 0.634 0.1032 0.1282, 0.6063 0.0973 0.1276, 0.5954 0.0939 0.1272, 0.5911 0.0935 0.1232, 0.5813 0.0895 0.1267, 0.5753 0.0865 0.1225, 0.5753 0.0862 0.1264, 0.5684 0.0834 0.1221, 0.5642 0.0802 0.1258, 0.5634 0.0795 0.1218, 0.5632 0.0794 0.1257, 0.5577 0.0752 0.1214, 0.5564 0.0732 0.1252, 0.5564 0.0736 0.1212, 0.5544 0.0714 0.125, 0.5498 0.0654 0.1206, 0.55 0.065 0.1245, 0.5491 0.0645 0.1205, 0.5467 0.0601 0.1241, 0.5438 0.0537 0.1198, 0.5439 0.0534 0.1237, 0.5413 0.0485 0.1195, 0.5395 0.0412 0.1192, 0.5393 0.0424 0.1231, 0.539 0.0411 0.1231, 0.6618 0.1037 0.1243, 0.6618 0.1032 0.1282, 0.5938 0.0728 0.1251, 0.5915 0.072 0.1251, 0.5863 0.0686 0.1248, 0.582 0.0657 0.1246, 0.5808 0.0644 0.1245, 0.5759 0.0589 0.1241, 0.5754 0.0584 0.124, 0.5705 0.0493 0.1235, 0.5677 0.0439 0.1232, 0.5648 0.0341 0.1228, 0.5602 0.0187 0.1222, 0.5576 0.0073 0.1221, 0.5579 0.0054 0.1221, 0.5625 -0.0216 0.1223, 0.5626 -0.0219 0.1223, 0.5661 -0.0315 0.1226, 0.5678 -0.0363 0.1228, 0.5703 -0.0401 0.123, 0.5743 -0.0461 0.1233, 0.5746 -0.0463 0.1233, 0.5797 -0.0509 0.1236, 0.5821 -0.0529 0.1237, 0.5885 -0.0563 0.1239, 0.5973 -0.0609 0.1242, 0.6036 -0.0627 0.1243, 0.6234 -0.0684 0.1248, 0.6352 -0.071 0.125, 0.6492 -0.071 0.125, 0.6632 -0.071 0.125, 0.6036 0.0763 0.1254, 0.606 0.0771 0.1255, 0.6342 0.0818 0.1259, 0.6487 0.0818 0.1259, 0.6632 0.0818 0.1259, 0.6632 0.0054 0.1221, 0.6342 0.0822 0.122, 0.6035 0.0765 0.1215, 0.6004 0.0759 0.1214, 0.5939 0.0731 0.1212, 0.5888 0.0709 0.121, 0.5862 0.069 0.1209, 0.5809 0.0651 0.1206, 0.5807 0.0648 0.1205, 0.5759 0.0592 0.1201, 0.575 0.0582 0.1201, 0.5706 0.0495 0.1196, 0.5674 0.0433 0.1192, 0.5649 0.0342 0.1189, 0.5576 0.0074 0.1181, 0.6632 0.0822 0.122, 0.6487 0.0822 0.122, 0.6632 0.0537 0.1198, 0.6632 0.0054 0.1185, 0.6632 -0.0713 0.1211, 0.6632 -0.0088 0.1181, 0.6352 -0.0714 0.1211, 0.6492 -0.0714 0.1211, 0.6272 -0.0696 0.1209, 0.6037 -0.0625 0.1204, 0.5923 -0.059 0.1201, 0.5885 -0.0567 0.12, 0.5796 -0.0513 0.1196, 0.5795 -0.0513 0.1196, 0.5763 -0.0484 0.1195, 0.5747 -0.0464 0.1194, 0.5702 -0.0408 0.1191, 0.5701 -0.0404 0.1191, 0.5659 -0.0317 0.1187, 0.5648 -0.0294 0.1186, 0.5633 -0.0218 0.1185, 0.558 0.0055 0.1182, 0.7376 -0.0041 0.1221, 0.7376 -0.0042 0.1181, 0.7376 0.0054 0.1221, 0.7376 -0.0 0.1182, 0.7376 0.0174 0.1222, 0.7376 0.0175 0.1183, 0.7724 0.0175 0.1183, 0.7724 0.0174 0.1222, 0.8072 0.0174 0.1183, 0.8072 0.0174 0.1222, 0.8072 0.0822 0.122, 0.8072 0.0818 0.1259, 0.8072 0.0799 0.1218, 0.77 0.0822 0.122, 0.77 0.0818 0.1259, 0.7328 0.0822 0.122, 0.7328 0.0818 0.1259, 0.7328 0.1037 0.1243, 0.7328 0.1032 0.1282, 0.7832 0.1037 0.1243, 0.7832 0.1032 0.1282, 0.8336 0.1037 0.1243, 0.8336 0.1032 0.1282, 0.8336 0.0054 0.1221, 0.8336 0.0412 0.1191, 0.8336 -0.0 0.1186, 0.8336 -0.0213 0.1184, 0.8336 -0.0924 0.127, 0.8336 -0.0805 0.1219, 0.8336 -0.0929 0.1231, 0.7808 -0.0929 0.1231, 0.7808 -0.0924 0.127, 0.728 -0.0928 0.1231, 0.728 -0.0924 0.127, 0.728 -0.0713 0.1211, 0.728 -0.071 0.125, 0.7676 -0.0713 0.1211, 0.7676 -0.071 0.125, 0.8072 -0.0713 0.1211, 0.8072 -0.071 0.125, 0.8072 -0.0041 0.1221, 0.8072 -0.0088 0.1182, 0.8072 -0.0042 0.1181, 0.7724 -0.0042 0.1181, 0.7724 -0.0041 0.1221, 0.9181 0.0842 0.1262, 0.9181 0.0846 0.1222, 0.8981 0.0819 0.1259, 0.8981 0.082 0.122, 0.8965 0.0817 0.1259, 0.8942 0.0815 0.122, 0.8861 0.0777 0.1256, 0.8862 0.078 0.1216, 0.8786 0.0749 0.1253, 0.872 0.072 0.1211, 0.872 0.0717 0.125, 0.872 0.0983 0.1237, 0.872 0.0979 0.1276, 0.8947 0.1045 0.1244, 0.9183 0.1061 0.1246, 0.9183 0.1056 0.1285, 0.8948 0.104 0.1283, 0.895 0.1041 0.1283, 1.0184 0.0017 0.1181, 1.0184 0.0017 0.122, 1.0179 0.0054 0.1221, 1.0157 0.0207 0.1185, 1.0156 0.0206 0.1225, 1.0141 0.0321 0.1187, 1.0133 0.0354 0.1228, 1.0107 0.0427 0.1192, 1.011 0.0425 0.1231, 1.0073 0.0535 0.1198, 1.0077 0.0522 0.1236, 1.0048 0.0574 0.12, 1.0048 0.0571 0.124, 0.9962 0.0712 0.121, 0.9977 0.0691 0.1248, 0.9961 0.0707 0.125, 0.9958 0.0718 0.1211, 0.9897 0.0774 0.1256, 0.9506 0.0999 0.1279, 0.9524 0.0996 0.1239, 0.9524 0.0993 0.1278, 0.9556 0.099 0.1238, 0.9659 0.0945 0.1272, 0.9657 0.0946 0.1233, 0.9674 0.094 0.1272, 0.9734 0.0912 0.1229, 0.9781 0.0871 0.1265, 0.978 0.0876 0.1226, 0.9843 0.0831 0.1261, 0.9901 0.0781 0.1216, 0.9903 0.078 0.1216, 1.0123 -0.0311 0.1188, 1.0111 -0.0379 0.1189, 1.0088 -0.0431 0.1232, 1.0089 -0.0433 0.1192, 1.0065 -0.0498 0.1235, 1.0047 -0.0535 0.1198, 1.0037 -0.0541 0.1238, 1.004 -0.0545 0.1198, 0.9985 -0.0622 0.1243, 0.9984 -0.0624 0.1204, 0.9984 -0.0624 0.1243, 0.9972 -0.064 0.1205, 0.9919 -0.0683 0.1248, 0.9919 -0.0686 0.1208, 0.9891 -0.071 0.125, 0.9874 -0.0725 0.1212, 0.9812 -0.0754 0.1254, 0.9813 -0.0757 0.1214, 0.9716 -0.0808 0.1258, 0.9671 -0.0831 0.1221, 0.963 -0.0837 0.1261, 0.963 -0.0843 0.1222, 0.9447 -0.0899 0.1267, 0.9262 -0.0952 0.1234, 0.9262 -0.0948 0.1273, 1.0126 -0.0321 0.1226, 1.0128 -0.0311 0.1226, 1.0181 0.0 0.1181, 0.8833 -0.0869 0.1225, 0.872 -0.0827 0.1221, 0.872 -0.0823 0.126, 0.9016 -0.0927 0.127, 0.9012 -0.0927 0.1231, 0.9012 -0.0926 0.127, 0.8983 -0.0925 0.1231, 0.8832 -0.0867 0.1264, 0.8802 -0.0858 0.1263, 0.872 -0.0612 0.1203, 0.872 -0.0609 0.1242, 0.9075 -0.0721 0.1211, 0.9225 -0.0737 0.1213, 0.9225 -0.0734 0.1252, 0.9135 -0.0728 0.1251, 0.9075 -0.0719 0.1251, 0.8964 -0.0708 0.121, 0.8934 -0.0697 0.1249, 0.893 -0.0695 0.1209, 0.8929 -0.0695 0.1249, 0.9493 -0.0668 0.1246, 0.9507 -0.0663 0.1207, 0.9508 -0.0662 0.1246, 0.9535 -0.0656 0.1206, 0.9599 -0.0621 0.1243, 0.9598 -0.0623 0.1204, 0.9629 -0.0608 0.1242, 0.9649 -0.0598 0.1202, 0.9673 -0.0573 0.124, 0.9674 -0.0576 0.12, 0.9717 -0.0539 0.1237, 0.9724 -0.0534 0.1198, 0.9726 -0.0528 0.1237, 0.9726 -0.0531 0.1197, 0.9769 -0.0472 0.1233, 0.9769 -0.0474 0.1194, 0.9773 -0.0467 0.1233, 0.9777 -0.0463 0.1193, 0.9818 -0.037 0.1229, 0.9817 -0.0371 0.1189, 0.9842 -0.0316 0.1226, 0.9847 -0.0304 0.1186, 0.9868 -0.0209 0.1224, 0.9867 -0.0209 0.1185, 0.9906 -0.0048 0.1221, 0.9913 0.0 0.1182, 0.992 0.0033 0.1221, 0.992 0.0033 0.1181, 0.9436 0.0767 0.1215, 0.9503 0.0738 0.1252, 0.9539 0.072 0.1211, 0.9539 0.0719 0.1251, 0.9633 0.0677 0.1208, 0.9664 0.0652 0.1245, 0.9663 0.0653 0.1206, 0.9673 0.0647 0.1245, 0.9738 0.0595 0.1202, 0.9736 0.059 0.1241, 0.9757 0.0571 0.1239, 0.9784 0.0536 0.1198, 0.9783 0.0532 0.1237, 0.9796 0.052 0.1197, 0.9823 0.047 0.1233, 0.9826 0.0457 0.1193, 0.9828 0.0456 0.1233, 0.985 0.0406 0.1191, 0.9863 0.0354 0.1228, 0.986 0.0356 0.1189, 0.9875 0.032 0.1226, 0.9917 0.0054 0.1221, 1.136 0.0054 0.1221, 1.136 0.1032 0.1282, 1.136 0.0412 0.1191, 1.136 0.1037 0.1243, 1.136 -0.0 0.1186, 1.136 -0.0213 0.1184, 1.136 -0.0924 0.127, 1.136 -0.0805 0.1219, 1.136 -0.0929 0.1231, 1.0352 -0.0929 0.1231, 1.0352 -0.0924 0.127, 1.0352 -0.0713 0.1211, 1.0352 -0.071 0.125, 1.0724 -0.0713 0.1211, 1.0724 -0.071 0.125, 1.1096 -0.0713 0.1211, 1.1096 -0.071 0.125, 1.1096 0.1037 0.1243, 1.1096 0.1032 0.1282, 1.1096 0.0538 0.1198, 1.1096 0.0054 0.1221, 1.1096 -0.0 0.1184, 1.1096 -0.0087 0.1181
            ]
        }
        coordIndex [
            0,1,2,-1,2,1,3,-1,2,3,4,-1,5,6,0,-1,0,6,1,-1,7,8,9,-1,9,8,6,-1,9,6,5,-1,8,7,10,-1,8,10,11,-1,11,10,12,-1,11,12,13,-1,14,15,16,-1,16,15,17,-1,13,12,18,-1,18,12,19,-1,18,19,20,-1,20,19,21,-1,20,21,22,-1,22,21,23,-1,22,23,24,-1,24,23,16,-1,24,16,25,-1,25,16,17,-1,15,14,26,-1,15,26,27,-1,27,26,28,-1,27,28,29,-1,30,31,32,-1,32,31,33,-1,33,34,32,-1,32,34,35,-1,32,35,36,-1,36,35,37,-1,36,37,38,-1,38,37,39,-1,29,28,40,-1,40,28,39,-1,40,39,41,-1,41,39,37,-1,31,30,42,-1,31,42,43,-1,43,42,4,-1,43,4,3,-1,27,29,44,-1,44,29,40,-1,45,46,40,-1,40,46,47,-1,40,47,44,-1,11,13,18,-1,33,31,43,-1,33,43,34,-1,3,1,43,-1,43,1,48,-1,43,48,34,-1,6,49,1,-1,1,49,50,-1,1,50,48,-1,8,11,6,-1,6,11,18,-1,6,18,49,-1,49,18,20,-1,49,20,51,-1,51,20,22,-1,51,22,52,-1,52,22,24,-1,52,24,53,-1,53,24,25,-1,53,25,44,-1,44,25,17,-1,44,17,27,-1,27,17,15,-1,40,41,45,-1,45,41,37,-1,45,37,48,-1,48,37,35,-1,48,35,34,-1,48,54,45,-1,45,54,55,-1,45,55,46,-1,46,55,56,-1,46,56,47,-1,49,57,58,-1,49,58,50,-1,50,58,54,-1,50,54,48,-1,59,57,51,-1,51,57,49,-1,51,52,59,-1,59,52,53,-1,59,53,60,-1,60,53,61,-1,61,53,44,-1,61,44,62,-1,62,44,63,-1,63,44,47,-1,63,47,56,-1,64,65,66,-1,66,65,67,-1,66,68,64,-1,64,68,69,-1,64,69,70,-1,70,69,71,-1,70,71,72,-1,70,72,73,-1,70,73,74,-1,74,73,75,-1,74,75,76,-1,77,78,79,-1,79,78,80,-1,79,80,81,-1,81,80,82,-1,80,83,82,-1,82,83,84,-1,82,84,85,-1,85,84,86,-1,84,87,86,-1,86,87,88,-1,86,88,89,-1,89,88,90,-1,89,90,91,-1,91,90,92,-1,91,92,93,-1,76,75,94,-1,94,75,95,-1,94,95,96,-1,96,95,97,-1,96,97,98,-1,98,97,99,-1,98,99,100,-1,100,99,101,-1,100,101,102,-1,102,101,103,-1,102,103,104,-1,104,103,93,-1,104,93,105,-1,105,93,92,-1,106,107,108,-1,108,109,106,-1,106,109,110,-1,106,110,111,-1,111,110,112,-1,111,112,113,-1,113,112,114,-1,113,114,115,-1,115,114,116,-1,115,116,117,-1,117,116,118,-1,117,118,119,-1,119,118,120,-1,119,120,121,-1,121,120,122,-1,121,122,123,-1,123,122,124,-1,123,124,125,-1,125,124,126,-1,125,126,127,-1,127,126,128,-1,127,128,129,-1,129,128,130,-1,128,131,130,-1,130,131,132,-1,130,132,79,-1,79,132,77,-1,108,107,133,-1,108,133,134,-1,134,133,67,-1,134,67,65,-1,135,136,112,-1,112,136,114,-1,114,136,137,-1,114,137,116,-1,116,137,138,-1,116,138,118,-1,138,139,118,-1,118,139,140,-1,118,140,120,-1,120,140,141,-1,120,141,122,-1,122,141,142,-1,122,142,124,-1,124,142,126,-1,126,142,128,-1,128,142,143,-1,128,143,131,-1,131,143,144,-1,131,144,132,-1,132,144,145,-1,132,145,77,-1,77,145,146,-1,77,146,78,-1,78,146,147,-1,78,147,80,-1,80,147,83,-1,83,147,148,-1,83,148,84,-1,84,148,149,-1,84,149,87,-1,87,149,150,-1,87,150,88,-1,88,150,151,-1,88,151,90,-1,90,151,152,-1,90,152,92,-1,92,152,153,-1,92,153,105,-1,153,154,105,-1,105,154,155,-1,105,155,104,-1,104,155,156,-1,104,156,102,-1,102,156,157,-1,102,157,100,-1,100,157,158,-1,100,158,98,-1,98,158,96,-1,96,158,159,-1,96,159,94,-1,94,159,160,-1,94,160,76,-1,160,161,76,-1,76,161,162,-1,76,162,74,-1,74,162,163,-1,135,112,164,-1,164,112,110,-1,164,110,165,-1,165,110,109,-1,165,109,166,-1,166,109,108,-1,166,108,167,-1,167,108,134,-1,167,134,168,-1,168,134,65,-1,168,65,169,-1,169,65,64,-1,169,64,163,-1,163,64,70,-1,163,70,74,-1,166,170,165,-1,165,170,171,-1,165,171,164,-1,164,171,172,-1,164,172,135,-1,135,172,173,-1,135,173,136,-1,136,173,174,-1,136,174,137,-1,137,174,175,-1,137,175,138,-1,138,175,176,-1,138,176,139,-1,139,176,177,-1,139,177,140,-1,140,177,178,-1,140,178,141,-1,141,178,179,-1,141,179,142,-1,142,179,180,-1,142,180,143,-1,143,180,181,-1,143,181,144,-1,144,181,182,-1,144,182,145,-1,145,182,183,-1,145,183,146,-1,168,184,185,-1,168,185,167,-1,167,185,170,-1,167,170,166,-1,184,168,186,-1,186,168,169,-1,186,169,187,-1,163,188,169,-1,169,188,189,-1,169,189,187,-1,161,190,191,-1,161,191,162,-1,162,191,188,-1,162,188,163,-1,190,161,192,-1,192,161,160,-1,192,160,193,-1,193,160,159,-1,193,159,194,-1,194,159,158,-1,194,158,195,-1,195,158,157,-1,195,157,196,-1,196,157,156,-1,196,156,197,-1,197,156,155,-1,197,155,198,-1,198,155,154,-1,198,154,199,-1,199,154,153,-1,199,153,200,-1,200,153,152,-1,200,152,201,-1,201,152,151,-1,201,151,202,-1,202,151,150,-1,202,150,203,-1,203,150,204,-1,150,149,204,-1,204,149,148,-1,204,148,205,-1,205,148,147,-1,205,147,183,-1,183,147,146,-1,206,207,208,-1,208,207,209,-1,208,209,210,-1,210,209,211,-1,210,211,212,-1,210,212,213,-1,213,212,214,-1,213,214,215,-1,216,217,218,-1,218,217,215,-1,218,215,214,-1,217,216,219,-1,217,219,220,-1,220,219,221,-1,220,221,222,-1,223,224,221,-1,221,224,222,-1,224,223,225,-1,224,225,226,-1,226,225,227,-1,226,227,228,-1,229,228,230,-1,230,228,227,-1,230,231,229,-1,229,231,232,-1,229,232,233,-1,233,232,234,-1,233,234,235,-1,233,235,236,-1,233,236,237,-1,237,236,238,-1,237,238,239,-1,240,241,238,-1,238,241,239,-1,241,240,242,-1,241,242,243,-1,243,242,244,-1,243,244,245,-1,245,244,246,-1,246,244,247,-1,246,247,248,-1,246,248,249,-1,246,249,250,-1,250,249,207,-1,250,207,206,-1,206,208,250,-1,250,208,229,-1,239,241,237,-1,237,241,243,-1,237,243,233,-1,233,243,245,-1,233,245,229,-1,229,245,246,-1,229,246,250,-1,222,224,220,-1,220,224,226,-1,220,226,217,-1,217,226,228,-1,217,228,215,-1,215,228,229,-1,215,229,213,-1,213,229,208,-1,213,208,210,-1,251,252,253,-1,253,252,254,-1,253,254,255,-1,255,254,256,-1,255,256,257,-1,257,256,258,-1,257,258,259,-1,259,258,260,-1,259,260,261,-1,262,263,260,-1,260,263,261,-1,264,265,266,-1,263,262,267,-1,267,262,264,-1,267,264,268,-1,268,264,266,-1,269,270,271,-1,269,271,272,-1,272,271,273,-1,272,273,274,-1,274,273,275,-1,274,275,276,-1,276,275,277,-1,276,277,278,-1,278,277,279,-1,278,279,280,-1,280,279,281,-1,280,281,282,-1,281,283,282,-1,282,283,284,-1,282,284,285,-1,285,284,286,-1,266,265,287,-1,287,265,288,-1,287,288,289,-1,289,288,290,-1,289,290,291,-1,291,290,292,-1,291,292,293,-1,293,292,294,-1,293,294,295,-1,295,294,296,-1,295,296,297,-1,297,296,298,-1,297,298,286,-1,286,298,299,-1,286,299,285,-1,300,301,302,-1,302,301,303,-1,302,303,304,-1,304,303,305,-1,304,305,306,-1,306,305,307,-1,306,307,308,-1,308,307,309,-1,308,309,310,-1,310,309,311,-1,310,311,312,-1,312,311,313,-1,312,313,314,-1,314,313,315,-1,314,315,316,-1,316,315,317,-1,316,317,318,-1,318,317,319,-1,318,319,320,-1,320,319,321,-1,320,321,322,-1,322,321,323,-1,322,323,324,-1,302,325,300,-1,300,325,326,-1,300,326,327,-1,327,326,270,-1,327,270,269,-1,328,329,330,-1,324,323,331,-1,331,323,332,-1,331,332,333,-1,333,332,334,-1,333,334,335,-1,335,334,328,-1,335,328,336,-1,336,328,330,-1,337,338,329,-1,329,338,330,-1,339,340,341,-1,341,342,339,-1,339,342,343,-1,339,343,344,-1,344,343,345,-1,344,345,346,-1,346,345,347,-1,346,347,337,-1,337,347,338,-1,341,340,348,-1,348,340,349,-1,348,349,350,-1,350,349,351,-1,350,351,352,-1,352,351,353,-1,352,353,354,-1,354,353,355,-1,354,355,356,-1,356,355,357,-1,356,357,358,-1,358,357,359,-1,358,359,360,-1,360,359,361,-1,360,361,362,-1,362,361,363,-1,362,363,364,-1,364,363,365,-1,364,365,366,-1,366,365,367,-1,366,367,368,-1,368,367,369,-1,368,369,370,-1,370,369,371,-1,370,371,372,-1,372,371,373,-1,372,373,374,-1,374,373,375,-1,252,251,376,-1,376,251,377,-1,376,377,378,-1,378,377,379,-1,378,379,380,-1,380,379,381,-1,380,381,382,-1,382,381,383,-1,382,383,384,-1,383,385,384,-1,384,385,386,-1,384,386,387,-1,387,386,388,-1,387,388,389,-1,389,388,390,-1,389,390,391,-1,391,390,392,-1,391,392,393,-1,393,392,394,-1,393,394,395,-1,395,394,396,-1,395,396,375,-1,375,396,397,-1,375,397,374,-1,330,338,336,-1,336,338,347,-1,336,347,335,-1,335,347,345,-1,335,345,333,-1,333,345,343,-1,333,343,331,-1,331,343,342,-1,331,342,324,-1,324,342,341,-1,324,341,322,-1,322,341,348,-1,322,348,320,-1,348,350,320,-1,320,350,352,-1,320,352,318,-1,318,352,354,-1,318,354,316,-1,316,354,356,-1,316,356,314,-1,356,358,314,-1,314,358,360,-1,314,360,312,-1,312,360,362,-1,312,362,310,-1,310,362,364,-1,310,364,308,-1,308,364,306,-1,306,364,366,-1,306,366,304,-1,304,366,368,-1,304,368,302,-1,270,326,370,-1,370,326,368,-1,368,326,325,-1,368,325,302,-1,370,372,270,-1,270,372,374,-1,270,374,271,-1,271,374,397,-1,271,397,273,-1,273,397,396,-1,273,396,275,-1,275,396,277,-1,277,396,394,-1,277,394,279,-1,279,394,392,-1,279,392,281,-1,281,392,390,-1,281,390,283,-1,283,390,388,-1,283,388,284,-1,284,388,386,-1,284,386,286,-1,286,386,385,-1,286,385,297,-1,297,385,383,-1,297,383,295,-1,295,383,381,-1,295,381,293,-1,293,381,379,-1,293,379,291,-1,291,379,377,-1,291,377,289,-1,289,377,287,-1,287,377,251,-1,287,251,266,-1,266,251,268,-1,268,251,253,-1,268,253,267,-1,253,255,267,-1,267,255,257,-1,267,257,263,-1,263,257,259,-1,263,259,261,-1,398,399,400,-1,400,399,401,-1,400,402,398,-1,398,402,403,-1,398,403,404,-1,404,403,405,-1,404,405,406,-1,407,408,406,-1,406,408,404,-1,409,410,407,-1,407,410,408,-1,410,409,411,-1,410,411,412,-1,412,411,413,-1,412,413,414,-1,415,416,417,-1,417,416,418,-1,417,418,419,-1,414,413,418,-1,418,413,420,-1,418,420,419,-1,415,401,416,-1,416,401,399,-1,416,399,418,-1,418,399,398,-1,418,398,414,-1,414,398,404,-1,414,404,412,-1,412,404,408,-1,412,408,410,-1,
        ]
    }
}
Shape{
    appearance Appearance {
        material  Material 	{
            diffuseColor 0.7529411764705882 1.0 1.0
            specularColor 0.3764705882352941 0.5019607843137255 0.5019607843137255
            ambientIntensity 0.9261
            transparency 0.0
            shininess 0.5
        }
    }
    geometry IndexedFaceSet {
        ccw TRUE
        solid FALSE
        coord DEF co Coordinate {
            point [
                0.4479 0.025 0.1185, 0.4625 -0.0162 0.1183, 0.4296 -0.0162 0.1183, 0.4264 0.0661 0.1206, 0.4115 0.025 0.1185, 0.3967 -0.0162 0.1183, 0.4332 0.0661 0.1206, 0.4314 0.0727 0.1212, 0.4282 0.0729 0.1212, 0.43 0.0798 0.1218, 0.6632 -0.0713 0.1211, 0.6492 -0.0714 0.1211, 0.6632 -0.0088 0.1181, 0.6352 -0.0714 0.1211, 0.6272 -0.0696 0.1209, 0.6037 -0.0625 0.1204, 0.6632 0.0054 0.1185, 0.5923 -0.059 0.1201, 0.5885 -0.0567 0.12, 0.5796 -0.0513 0.1196, 0.5795 -0.0513 0.1196, 0.5763 -0.0484 0.1195, 0.5747 -0.0464 0.1194, 0.5702 -0.0408 0.1191, 0.5701 -0.0404 0.1191, 0.5659 -0.0317 0.1187, 0.5648 -0.0294 0.1186, 0.5759 0.0592 0.1201, 0.5807 0.0648 0.1205, 0.6632 0.0537 0.1198, 0.575 0.0582 0.1201, 0.5809 0.0651 0.1206, 0.5862 0.069 0.1209, 0.5888 0.0709 0.121, 0.5939 0.0731 0.1212, 0.6004 0.0759 0.1214, 0.6035 0.0765 0.1215, 0.6342 0.0822 0.122, 0.6487 0.0822 0.122, 0.6632 0.0822 0.122, 0.5633 -0.0218 0.1185, 0.558 0.0055 0.1182, 0.5576 0.0074 0.1181, 0.5649 0.0342 0.1189, 0.5674 0.0433 0.1192, 0.5706 0.0495 0.1196
            ]
        }
        coordIndex [
            0,1,2,-1,3,2,4,-1,4,2,5,-1,0,2,6,-1,6,2,3,-1,6,3,7,-1,7,3,8,-1,7,8,9,-1,10,11,12,-1,12,11,13,-1,13,14,12,-1,12,14,15,-1,12,15,16,-1,16,15,17,-1,17,18,16,-1,16,18,19,-1,16,19,20,-1,20,21,16,-1,16,21,22,-1,16,22,23,-1,23,24,16,-1,16,24,25,-1,16,25,26,-1,27,28,29,-1,27,29,30,-1,28,31,29,-1,29,31,32,-1,29,32,33,-1,33,34,29,-1,29,34,35,-1,29,35,36,-1,36,37,29,-1,29,37,38,-1,29,38,39,-1,26,40,16,-1,16,40,41,-1,16,41,42,-1,42,43,16,-1,16,43,44,-1,16,44,29,-1,29,44,45,-1,29,45,30,-1,
        ]
    }
}