cal: averaged 256 frames; per-channel zero:
  (nc)  code +15877.1 -> +2.4227 V  (Vadc, offset unchanged)
  (nc)  code +15881.5 -> +2.4233 V  (Vadc, offset unchanged)
  i3    code +15827.0 -> bias +2.4150 V (was +2.4000) [SET]
  i4    code +15825.1 -> bias +2.4147 V (was +2.4000) [SET]
  i5    code +15833.7 -> bias +2.4160 V (was +2.4000) [SET]
  vrail code    +23.4 -> +0.0036 V  (V, offset unchanged)
  i7    code +15849.4 -> bias +2.4184 V (was +2.4000) [SET]
  i8    code +15836.1 -> bias +2.4164 V (was +2.4000) [SET]
cal: done -- current channels now read ~0 A at idle.
error: unknown command '' (try 'help')
>i3:24484:0.015283
>i4:24484:0.010867
>i5:24484:0.008726
>vrail:24484:0.021744
>i7:24484:0.038691
>i8:24484:0.010819
>seq:24484:24.000000
>i3:24678:0.027490
>i4:24678:0.036807
>i5:24678:0.027037
>vrail:24678:0.020004
>i7:24678:-0.000982
>i8:24678:0.029130
>seq:24678:13.000000
>i3:24878:-0.012183
>i4:24878:-0.019650
>i5:24878:-0.005007
>vrail:24878:0.020004
>i7:24878:0.000544
>i8:24878:-0.010543
>seq:24878:44.000000
>i3:25078:-0.021338
>i4:25078:-0.018125
>i5:25078:-0.024843
>vrail:25078:0.020004
>i7:25078:-0.007086
>i8:25078:-0.018172
>seq:25078:75.000000
>i3:25278:0.097680
>i4:25278:0.100894
>i5:25278:0.101805
>vrail:25278:0.019135
>i7:25278:0.087519
>i8:25278:0.106950
>seq:25278:106.000000
>i3:25478:0.041223
>i4:25478:0.044436
>i5:25478:0.046873
>vrail:25478:0.019135
>i7:25478:0.038691
>i8:25478:0.045915
>seq:25478:137.000000
>i3:25678:0.012231
>i4:25678:0.013919
>i5:25678:0.014830
>vrail:25678:0.018265
>i7:25678:0.031061
>i8:25678:0.019975
>seq:25678:167.000000
>i3:25878:0.077844
>i4:25878:0.074954
>i5:25878:0.078917
>vrail:25878:0.018265
>i7:25878:0.064631
>i8:25878:0.067277
>seq:25878:198.000000
rate: 24942 native frames in 0.249 s = 100005 Hz (100.01 kSPS) [nominal 200 kSPS] -- burst/autoburst now use the measured rate
error: unknown command '' (try 'help')
W (26345) 12vhpwr_proto: bad header 0x5c (alignment?)
>i3:26358:0.001550
>i4:26358:-0.010495
>i5:26358:-0.008059
>vrail:26358:0.018265
>i7:26358:-0.014715
>i8:26358:-0.002913
>seq:26358:63.000000
>i3:26558:0.006127
>i4:26558:0.003238
>i5:26558:0.005674
>vrail:26558:0.016525
>i7:26558:0.006647
>i8:26558:0.000138
>seq:26558:93.000000
>i3:26758:0.015283
>i4:26758:0.013919
>i5:26758:0.016356
>vrail:26758:0.016525
>i7:26758:-0.002508
>i8:26758:0.007768
>seq:26758:124.000000
>i3:26958:-0.027442
>i4:26958:-0.031857
>i5:26958:-0.021791
>vrail:26958:0.016525
>i7:26958:-0.016241
>i8:26958:-0.024276
>seq:26958:154.000000
>i3:27158:0.030541
>i4:27158:0.032229
>i5:27158:0.034666
>vrail:27158:0.017395
>i7:27158:0.003595
>i8:27158:0.038285
>seq:27158:185.000000
>i3:27358:-0.009131
>i4:27358:-0.004392
>i5:27358:-0.006533
>vrail:27358:0.017395
>i7:27358:0.003595
>i8:27358:-0.009017
>seq:27358:216.000000
>i3:27558:0.039697
>i4:27558:0.042911
>i5:27558:0.036192
>vrail:27558:0.017395
>i7:27558:0.060053
>i8:27558:0.039811
>seq:27558:246.000000
>i3:27758:0.016809
>i4:27758:0.004764
>i5:27758:0.008726
>vrail:27758:0.017395
>i7:27758:0.043268
>i8:27758:0.009294
>seq:27758:21.000000

===BURST_CSV_BEGIN===
# fastburst: 2048 frames @ 100.01 kSPS native (measured), 0 seq-gaps, 0 bad-hdr; us = idx x 9.999 us
us,seq,i3,i4,i5,vrail,i7,i8
0.0,59,0.0916,0.0872,0.0911,0.0157,0.0189,0.0856
10.0,60,0.0916,0.0902,0.0926,0.0165,0.0219,0.0825
20.0,61,0.0901,0.0902,0.0911,0.0165,0.0219,0.0841
30.0,62,0.0931,0.0902,0.0957,0.0174,0.0250,0.0902
40.0,63,0.0885,0.0902,0.0926,0.0174,0.0250,0.0947
50.0,64,0.0870,0.0933,0.0865,0.0174,0.0280,0.0978
60.0,65,0.0839,0.0948,0.0835,0.0165,0.0311,0.0978
70.0,66,0.0870,0.0948,0.0835,0.0157,0.0326,0.0947
80.0,67,0.0901,0.0902,0.0804,0.0174,0.0326,0.0932
90.0,68,0.0901,0.0917,0.0804,0.0165,0.0341,0.0871
100.0,69,0.0901,0.0887,0.0820,0.0174,0.0372,0.0856
110.0,70,0.0885,0.0841,0.0804,0.0174,0.0372,0.0841
120.0,71,0.0855,0.0795,0.0789,0.0157,0.0387,0.0795
130.0,72,0.0870,0.0780,0.0774,0.0157,0.0387,0.0825
140.0,73,0.0855,0.0734,0.0743,0.0148,0.0417,0.0841
150.0,74,0.0778,0.0750,0.0728,0.0157,0.0417,0.0734
160.0,75,0.0702,0.0734,0.0652,0.0165,0.0417,0.0673
170.0,76,0.0687,0.0719,0.0637,0.0148,0.0417,0.0627
180.0,77,0.0687,0.0673,0.0637,0.0157,0.0433,0.0627
190.0,78,0.0611,0.0597,0.0606,0.0157,0.0433,0.0535
200.0,79,0.0580,0.0536,0.0591,0.0157,0.0448,0.0474
210.0,80,0.0489,0.0521,0.0515,0.0157,0.0433,0.0429
220.0,81,0.0443,0.0505,0.0499,0.0157,0.0448,0.0429
230.0,82,0.0427,0.0490,0.0469,0.0157,0.0448,0.0490
240.0,83,0.0427,0.0460,0.0423,0.0165,0.0433,0.0535
250.0,84,0.0382,0.0460,0.0347,0.0157,0.0448,0.0459
260.0,85,0.0366,0.0414,0.0316,0.0174,0.0448,0.0429
270.0,86,0.0366,0.0368,0.0362,0.0165,0.0448,0.0368
280.0,87,0.0336,0.0353,0.0362,0.0157,0.0448,0.0337
290.0,88,0.0321,0.0353,0.0331,0.0157,0.0448,0.0337
300.0,89,0.0275,0.0277,0.0255,0.0165,0.0433,0.0291
310.0,90,0.0275,0.0246,0.0255,0.0148,0.0433,0.0261
320.0,91,0.0244,0.0200,0.0194,0.0157,0.0417,0.0246
330.0,92,0.0244,0.0231,0.0209,0.0148,0.0417,0.0215
340.0,93,0.0229,0.0246,0.0164,0.0157,0.0417,0.0200
350.0,94,0.0229,0.0231,0.0164,0.0165,0.0417,0.0169
360.0,95,0.0275,0.0185,0.0164,0.0139,0.0417,0.0139
370.0,96,0.0244,0.0093,0.0194,0.0157,0.0402,0.0154
380.0,97,0.0260,0.0124,0.0240,0.0165,0.0402,0.0200
390.0,98,0.0229,0.0124,0.0316,0.0157,0.0387,0.0215
400.0,99,0.0214,0.0124,0.0331,0.0157,0.0402,0.0246
410.0,100,0.0199,0.0093,0.0362,0.0157,0.0402,0.0246
420.0,101,0.0229,0.0124,0.0331,0.0165,0.0402,0.0215
430.0,102,0.0260,0.0139,0.0286,0.0174,0.0402,0.0200
440.0,103,0.0290,0.0124,0.0286,0.0165,0.0387,0.0246
450.0,104,0.0305,0.0139,0.0240,0.0165,0.0387,0.0200
460.0,105,0.0275,0.0139,0.0209,0.0157,0.0372,0.0200
470.0,106,0.0214,0.0185,0.0148,0.0157,0.0341,0.0123
480.0,107,0.0183,0.0154,0.0103,0.0148,0.0372,0.0078
490.0,108,0.0199,0.0078,0.0118,0.0157,0.0356,0.0078
500.0,109,0.0122,0.0109,0.0118,0.0157,0.0372,0.0047
510.0,110,0.0107,0.0109,0.0072,0.0157,0.0341,0.0032
520.0,111,0.0092,0.0078,0.0072,0.0157,0.0356,0.0047
530.0,112,0.0046,0.0002,0.0103,0.0165,0.0356,0.0017
540.0,113,0.0000,-0.0044,0.0072,0.0157,0.0311,0.0032
550.0,114,0.0015,0.0002,0.0026,0.0148,0.0311,0.0062
560.0,115,0.0015,0.0048,-0.0004,0.0148,0.0311,0.0032
570.0,116,0.0000,0.0048,0.0011,0.0174,0.0311,0.0017
580.0,117,0.0000,0.0048,0.0026,0.0165,0.0295,0.0001
590.0,118,-0.0015,0.0048,0.0057,0.0157,0.0311,-0.0044
600.0,119,0.0031,0.0063,0.0103,0.0165,0.0311,-0.0044
610.0,120,0.0107,0.0093,0.0087,0.0157,0.0280,0.0001
620.0,121,0.0092,0.0109,0.0133,0.0157,0.0280,0.0047
630.0,122,0.0183,0.0124,0.0087,0.0157,0.0280,0.0032
640.0,123,0.0199,0.0093,0.0057,0.0165,0.0265,0.0078
650.0,124,0.0183,0.0032,0.0041,0.0157,0.0265,0.0078
660.0,125,0.0122,0.0017,0.0011,0.0157,0.0265,0.0078
670.0,126,0.0061,0.0017,-0.0004,0.0165,0.0250,0.0093
680.0,127,0.0061,0.0048,0.0041,0.0165,0.0280,0.0062
690.0,128,-0.0015,0.0063,0.0026,0.0165,0.0250,0.0032
700.0,129,-0.0046,0.0078,0.0057,0.0157,0.0265,0.0047
710.0,130,0.0031,0.0048,0.0041,0.0165,0.0250,0.0032
720.0,131,0.0061,0.0017,-0.0004,0.0174,0.0234,0.0047
730.0,132,0.0061,0.0032,0.0026,0.0165,0.0250,0.0062
740.0,133,0.0077,0.0063,0.0057,0.0165,0.0250,0.0078
750.0,134,0.0077,0.0078,0.0103,0.0174,0.0219,0.0139
760.0,135,0.0107,0.0078,0.0118,0.0165,0.0219,0.0184
770.0,136,0.0138,0.0109,0.0118,0.0165,0.0219,0.0200
780.0,137,0.0153,0.0124,0.0118,0.0157,0.0219,0.0169
790.0,138,0.0168,0.0139,0.0148,0.0165,0.0234,0.0200
800.0,139,0.0244,0.0246,0.0209,0.0157,0.0250,0.0215
810.0,140,0.0305,0.0261,0.0301,0.0148,0.0250,0.0230
820.0,141,0.0336,0.0246,0.0301,0.0165,0.0234,0.0230
830.0,142,0.0260,0.0185,0.0225,0.0174,0.0234,0.0184
840.0,143,0.0229,0.0154,0.0209,0.0157,0.0234,0.0169
850.0,144,0.0168,0.0124,0.0194,0.0165,0.0234,0.0169
860.0,145,0.0138,0.0154,0.0164,0.0157,0.0234,0.0169
870.0,146,0.0107,0.0093,0.0133,0.0165,0.0265,0.0169
880.0,147,0.0061,0.0032,0.0103,0.0165,0.0234,0.0123
890.0,148,0.0077,0.0017,0.0041,0.0183,0.0234,0.0093
900.0,149,0.0061,0.0048,0.0041,0.0148,0.0219,0.0078
910.0,150,0.0046,0.0078,0.0072,0.0165,0.0234,0.0078
920.0,151,0.0061,0.0017,0.0026,0.0165,0.0219,0.0108
930.0,152,0.0046,-0.0013,0.0011,0.0157,0.0219,0.0032
940.0,153,0.0077,-0.0044,0.0041,0.0174,0.0234,-0.0014
950.0,154,0.0046,-0.0029,0.0072,0.0157,0.0219,-0.0044
959.9,155,0.0000,0.0002,0.0072,0.0165,0.0219,-0.0090
969.9,156,-0.0061,0.0002,0.0041,0.0157,0.0204,-0.0044
979.9,157,-0.0061,0.0017,-0.0035,0.0165,0.0189,-0.0014
989.9,158,-0.0061,-0.0044,0.0011,0.0157,0.0189,0.0001
999.9,159,-0.0030,-0.0059,0.0011,0.0165,0.0173,0.0001
1009.9,160,0.0015,-0.0044,-0.0050,0.0183,0.0189,0.0001
1019.9,161,0.0031,-0.0044,-0.0111,0.0165,0.0189,-0.0014
1029.9,162,0.0000,-0.0059,-0.0065,0.0157,0.0158,-0.0044
1039.9,163,-0.0046,-0.0059,-0.0020,0.0165,0.0173,-0.0014
1049.9,164,0.0000,-0.0074,-0.0004,0.0165,0.0158,-0.0044
1059.9,165,-0.0015,-0.0044,0.0011,0.0165,0.0173,-0.0044
1069.9,166,0.0015,-0.0044,0.0026,0.0165,0.0143,-0.0014
1079.9,167,0.0015,-0.0013,0.0057,0.0174,0.0158,0.0001
1089.9,168,0.0077,-0.0044,0.0026,0.0157,0.0158,0.0017
1099.9,169,0.0122,0.0032,0.0026,0.0165,0.0173,0.0017
1109.9,170,0.0138,0.0093,0.0057,0.0165,0.0158,0.0062
1119.9,171,0.0168,0.0078,0.0087,0.0174,0.0158,0.0123
1129.9,172,0.0214,0.0124,0.0118,0.0165,0.0158,0.0169
1139.9,173,0.0260,0.0154,0.0133,0.0174,0.0158,0.0169
1149.9,174,0.0321,0.0215,0.0148,0.0165,0.0173,0.0123
1159.9,175,0.0321,0.0215,0.0209,0.0165,0.0158,0.0184
1169.9,176,0.0382,0.0292,0.0286,0.0174,0.0158,0.0261
1179.9,177,0.0397,0.0338,0.0331,0.0174,0.0173,0.0246
1189.9,178,0.0443,0.0368,0.0423,0.0157,0.0173,0.0215
1199.9,179,0.0473,0.0353,0.0392,0.0165,0.0189,0.0230
1209.9,180,0.0473,0.0383,0.0362,0.0174,0.0204,0.0322
1219.9,181,0.0443,0.0399,0.0392,0.0174,0.0204,0.0413
1229.9,182,0.0412,0.0399,0.0438,0.0174,0.0204,0.0444
1239.9,183,0.0397,0.0414,0.0377,0.0165,0.0204,0.0520
1249.9,184,0.0412,0.0368,0.0331,0.0174,0.0219,0.0505
1259.9,185,0.0427,0.0399,0.0347,0.0183,0.0204,0.0459
1269.9,186,0.0412,0.0383,0.0347,0.0165,0.0204,0.0413
1279.9,187,0.0397,0.0353,0.0331,0.0165,0.0219,0.0337
1289.9,188,0.0321,0.0322,0.0270,0.0165,0.0250,0.0322
1299.9,189,0.0321,0.0277,0.0255,0.0183,0.0234,0.0291
1309.9,190,0.0229,0.0231,0.0255,0.0174,0.0234,0.0246
1319.9,191,0.0214,0.0231,0.0255,0.0183,0.0250,0.0215
1329.9,192,0.0244,0.0231,0.0225,0.0165,0.0219,0.0169
1339.9,193,0.0244,0.0246,0.0209,0.0174,0.0234,0.0154
1349.9,194,0.0199,0.0246,0.0194,0.0165,0.0234,0.0123
1359.9,195,0.0153,0.0277,0.0209,0.0183,0.0234,0.0154
1369.9,196,0.0199,0.0185,0.0209,0.0183,0.0250,0.0169
1379.9,197,0.0229,0.0185,0.0225,0.0165,0.0250,0.0093
1389.9,198,0.0290,0.0231,0.0255,0.0165,0.0234,0.0154
1399.9,199,0.0290,0.0246,0.0301,0.0174,0.0234,0.0230
1409.9,200,0.0290,0.0231,0.0286,0.0174,0.0234,0.0307
1419.9,201,0.0229,0.0246,0.0331,0.0157,0.0234,0.0337
1429.9,202,0.0260,0.0292,0.0377,0.0165,0.0250,0.0368
1439.9,203,0.0290,0.0338,0.0377,0.0165,0.0265,0.0352
1449.9,204,0.0366,0.0399,0.0377,0.0174,0.0250,0.0368
1459.9,205,0.0351,0.0460,0.0362,0.0165,0.0265,0.0352
1469.9,206,0.0351,0.0490,0.0377,0.0174,0.0280,0.0337
1479.9,207,0.0336,0.0460,0.0392,0.0165,0.0265,0.0368
1489.9,208,0.0321,0.0368,0.0408,0.0174,0.0265,0.0429
1499.9,209,0.0366,0.0383,0.0423,0.0174,0.0280,0.0459
1509.9,210,0.0427,0.0414,0.0484,0.0174,0.0295,0.0444
1519.9,211,0.0489,0.0490,0.0469,0.0174,0.0295,0.0474
1529.9,212,0.0534,0.0551,0.0499,0.0174,0.0295,0.0505
1539.9,213,0.0595,0.0582,0.0515,0.0183,0.0280,0.0535
1549.9,214,0.0580,0.0566,0.0499,0.0174,0.0311,0.0581
1559.9,215,0.0626,0.0521,0.0530,0.0183,0.0311,0.0581
1569.9,216,0.0626,0.0551,0.0560,0.0183,0.0295,0.0596
1579.9,217,0.0672,0.0551,0.0515,0.0174,0.0341,0.0612
1589.9,218,0.0702,0.0551,0.0560,0.0174,0.0341,0.0658
1599.9,219,0.0748,0.0566,0.0560,0.0174,0.0356,0.0658
1609.9,220,0.0687,0.0566,0.0560,0.0165,0.0356,0.0658
1619.9,221,0.0565,0.0597,0.0515,0.0165,0.0356,0.0490
1629.9,222,0.0473,0.0566,0.0392,0.0183,0.0372,0.0429
1639.9,223,0.0443,0.0475,0.0316,0.0165,0.0372,0.0352
1649.9,224,0.0336,0.0383,0.0255,0.0174,0.0356,0.0276
1659.9,225,0.0290,0.0307,0.0240,0.0174,0.0356,0.0261
1669.9,226,0.0214,0.0215,0.0240,0.0165,0.0372,0.0230
1679.9,227,0.0168,0.0170,0.0240,0.0165,0.0356,0.0169
1689.9,228,0.0122,0.0124,0.0133,0.0174,0.0372,0.0108
1699.9,229,0.0046,0.0078,-0.0004,0.0165,0.0326,0.0078
1709.9,230,0.0000,0.0048,-0.0050,0.0174,0.0341,0.0093
1719.9,231,-0.0015,0.0017,-0.0035,0.0157,0.0341,0.0047
1729.9,232,-0.0030,-0.0059,0.0011,0.0174,0.0341,-0.0029
1739.9,233,-0.0061,-0.0044,0.0011,0.0165,0.0326,-0.0060
1749.9,234,-0.0061,-0.0059,0.0011,0.0165,0.0311,-0.0090
1759.9,235,-0.0091,-0.0044,-0.0020,0.0165,0.0280,-0.0136
1769.9,236,-0.0122,-0.0059,-0.0081,0.0174,0.0311,-0.0136
1779.9,237,-0.0107,-0.0059,-0.0081,0.0174,0.0295,-0.0075
1789.9,238,-0.0107,-0.0105,-0.0096,0.0174,0.0265,-0.0090
1799.9,239,-0.0122,-0.0059,-0.0081,0.0183,0.0265,-0.0090
1809.9,240,-0.0107,-0.0074,-0.0081,0.0191,0.0265,-0.0044
1819.9,241,-0.0076,-0.0090,-0.0126,0.0174,0.0265,-0.0060
1829.9,242,-0.0137,-0.0059,-0.0172,0.0174,0.0250,-0.0090
1839.9,243,-0.0168,-0.0044,-0.0172,0.0165,0.0250,-0.0105
1849.9,244,-0.0137,-0.0090,-0.0126,0.0174,0.0234,-0.0075
1859.9,245,-0.0122,-0.0090,-0.0096,0.0165,0.0219,-0.0075
1869.9,246,-0.0015,-0.0044,-0.0035,0.0174,0.0204,0.0001
1879.9,247,0.0015,0.0063,-0.0020,0.0174,0.0189,-0.0014
1889.9,248,-0.0046,0.0078,-0.0020,0.0165,0.0204,0.0032
1899.9,249,0.0000,0.0093,0.0026,0.0174,0.0204,0.0047
1909.9,250,0.0077,0.0109,0.0057,0.0165,0.0204,0.0047
1919.9,251,0.0092,0.0139,0.0057,0.0174,0.0204,0.0093
1929.9,252,0.0214,0.0246,0.0164,0.0165,0.0189,0.0169
1939.9,253,0.0275,0.0353,0.0255,0.0174,0.0204,0.0261
1949.9,254,0.0366,0.0460,0.0270,0.0183,0.0219,0.0276
1959.9,255,0.0443,0.0536,0.0408,0.0174,0.0219,0.0337
1969.9,0,0.0550,0.0612,0.0545,0.0174,0.0250,0.0474
1979.9,1,0.0641,0.0673,0.0652,0.0183,0.0250,0.0612
1989.9,2,0.0702,0.0765,0.0698,0.0183,0.0250,0.0734
1999.9,3,0.0824,0.0811,0.0789,0.0183,0.0265,0.0841
2009.9,4,0.0885,0.0902,0.0911,0.0183,0.0280,0.0871
2019.9,5,0.0962,0.0933,0.1003,0.0174,0.0295,0.0917
2029.9,6,0.1053,0.0933,0.1064,0.0174,0.0326,0.0993
2039.9,7,0.1053,0.0994,0.1079,0.0174,0.0356,0.0978
2049.9,8,0.1023,0.1009,0.1049,0.0174,0.0356,0.1008
2059.9,9,0.1038,0.1009,0.0988,0.0183,0.0387,0.0932
2069.9,10,0.1023,0.0994,0.0972,0.0183,0.0402,0.0902
2079.9,11,0.1007,0.0994,0.0972,0.0183,0.0417,0.0963
2089.9,12,0.0977,0.0963,0.0957,0.0174,0.0433,0.0963
2099.9,13,0.0962,0.0978,0.0896,0.0183,0.0448,0.0947
2109.9,14,0.0962,0.1009,0.0865,0.0183,0.0448,0.0886
2119.9,15,0.0931,0.1009,0.0911,0.0174,0.0463,0.0856
2129.9,16,0.0916,0.0994,0.0911,0.0174,0.0478,0.0856
2139.9,17,0.0885,0.1009,0.0881,0.0174,0.0494,0.0917
2149.9,18,0.0824,0.0994,0.0896,0.0174,0.0509,0.0947
2159.9,19,0.0839,0.0963,0.0911,0.0174,0.0509,0.0902
2169.9,20,0.0885,0.0887,0.0865,0.0174,0.0509,0.0841
2179.9,21,0.0901,0.0856,0.0850,0.0174,0.0524,0.0856
2189.9,22,0.0885,0.0856,0.0835,0.0165,0.0539,0.0902
2199.9,23,0.0839,0.0856,0.0865,0.0165,0.0555,0.0917
2209.9,24,0.0809,0.0872,0.0865,0.0165,0.0555,0.0902
2219.9,25,0.0794,0.0841,0.0850,0.0165,0.0555,0.0886
2229.9,26,0.0778,0.0811,0.0789,0.0174,0.0570,0.0810
2239.9,27,0.0794,0.0719,0.0728,0.0183,0.0570,0.0734
2249.9,28,0.0717,0.0643,0.0728,0.0183,0.0585,0.0703
2259.9,29,0.0656,0.0658,0.0637,0.0174,0.0570,0.0658
2269.9,30,0.0626,0.0658,0.0606,0.0174,0.0601,0.0596
2279.9,31,0.0641,0.0536,0.0499,0.0174,0.0585,0.0505
2289.9,32,0.0534,0.0414,0.0362,0.0165,0.0585,0.0413
2299.9,33,0.0427,0.0307,0.0286,0.0165,0.0555,0.0322
2309.9,34,0.0366,0.0307,0.0225,0.0174,0.0539,0.0276
2319.9,35,0.0275,0.0277,0.0118,0.0165,0.0570,0.0215
2329.9,36,0.0229,0.0185,0.0057,0.0174,0.0539,0.0215
2339.9,37,0.0168,0.0139,0.0041,0.0174,0.0539,0.0184
2349.9,38,0.0183,0.0048,0.0011,0.0165,0.0524,0.0078
2359.9,39,0.0138,0.0002,-0.0065,0.0165,0.0494,0.0017
2369.9,40,0.0061,0.0032,-0.0065,0.0174,0.0478,-0.0014
2379.9,41,0.0077,0.0048,-0.0050,0.0174,0.0509,0.0001
2389.9,42,0.0107,0.0063,-0.0004,0.0165,0.0478,0.0032
2399.9,43,0.0122,0.0032,0.0072,0.0165,0.0478,0.0047
2409.9,44,0.0138,0.0063,0.0148,0.0174,0.0478,0.0078
2419.9,45,0.0122,0.0139,0.0179,0.0174,0.0448,0.0108
2429.9,46,0.0183,0.0139,0.0179,0.0157,0.0448,0.0123
2439.9,47,0.0199,0.0154,0.0209,0.0165,0.0433,0.0123
2449.9,48,0.0244,0.0139,0.0209,0.0183,0.0463,0.0154
2459.9,49,0.0229,0.0139,0.0194,0.0165,0.0433,0.0200
2469.9,50,0.0244,0.0093,0.0148,0.0174,0.0448,0.0215
2479.9,51,0.0244,0.0124,0.0103,0.0183,0.0417,0.0200
2489.9,52,0.0214,0.0109,0.0072,0.0174,0.0417,0.0123
2499.9,53,0.0138,0.0109,0.0041,0.0165,0.0417,0.0078
2509.9,54,0.0046,0.0048,-0.0020,0.0165,0.0417,0.0047
2519.9,55,-0.0046,0.0017,-0.0035,0.0174,0.0387,0.0047
2529.9,56,-0.0091,0.0002,-0.0096,0.0157,0.0372,0.0017
2539.9,57,-0.0122,-0.0044,-0.0081,0.0165,0.0372,-0.0060
2549.9,58,-0.0107,-0.0120,-0.0096,0.0165,0.0372,-0.0166
2559.9,59,-0.0107,-0.0181,-0.0142,0.0165,0.0341,-0.0243
2569.9,60,-0.0168,-0.0197,-0.0142,0.0165,0.0326,-0.0258
2579.9,61,-0.0229,-0.0181,-0.0172,0.0174,0.0341,-0.0197
2589.9,62,-0.0244,-0.0227,-0.0218,0.0174,0.0311,-0.0166
2599.9,63,-0.0229,-0.0242,-0.0203,0.0174,0.0295,-0.0212
2609.9,64,-0.0259,-0.0242,-0.0218,0.0165,0.0295,-0.0166
2619.9,65,-0.0259,-0.0258,-0.0248,0.0174,0.0280,-0.0182
2629.9,66,-0.0259,-0.0319,-0.0248,0.0183,0.0265,-0.0212
2639.9,67,-0.0259,-0.0258,-0.0279,0.0174,0.0265,-0.0212
2649.9,68,-0.0274,-0.0242,-0.0309,0.0174,0.0250,-0.0182
2659.9,69,-0.0244,-0.0242,-0.0279,0.0174,0.0219,-0.0121
2669.9,70,-0.0274,-0.0258,-0.0248,0.0174,0.0219,-0.0227
2679.9,71,-0.0290,-0.0303,-0.0294,0.0183,0.0204,-0.0304
2689.9,72,-0.0320,-0.0349,-0.0264,0.0165,0.0204,-0.0319
2699.9,73,-0.0335,-0.0380,-0.0279,0.0174,0.0189,-0.0334
2709.9,74,-0.0320,-0.0364,-0.0294,0.0165,0.0173,-0.0334
2719.9,75,-0.0320,-0.0364,-0.0294,0.0174,0.0173,-0.0227
2729.9,76,-0.0244,-0.0334,-0.0309,0.0157,0.0143,-0.0258
2739.9,77,-0.0198,-0.0288,-0.0294,0.0183,0.0158,-0.0243
2749.9,78,-0.0274,-0.0288,-0.0309,0.0174,0.0143,-0.0243
2759.9,79,-0.0290,-0.0258,-0.0218,0.0191,0.0128,-0.0273
2769.9,80,-0.0229,-0.0227,-0.0172,0.0165,0.0112,-0.0258
2779.9,81,-0.0168,-0.0197,-0.0157,0.0174,0.0128,-0.0227
2789.9,82,-0.0198,-0.0166,-0.0172,0.0174,0.0097,-0.0197
2799.9,83,-0.0152,-0.0151,-0.0218,0.0174,0.0112,-0.0182
2809.9,84,-0.0076,-0.0166,-0.0218,0.0174,0.0112,-0.0197
2819.9,85,-0.0046,-0.0151,-0.0218,0.0174,0.0112,-0.0151
2829.9,86,-0.0122,-0.0151,-0.0203,0.0174,0.0097,-0.0151
2839.9,87,-0.0183,-0.0151,-0.0142,0.0174,0.0097,-0.0090
2849.9,88,-0.0091,-0.0105,-0.0111,0.0183,0.0082,-0.0090
2859.9,89,-0.0091,-0.0059,-0.0126,0.0165,0.0082,-0.0090
2869.9,90,-0.0107,-0.0044,-0.0050,0.0183,0.0097,0.0001
2879.8,91,-0.0061,0.0032,0.0041,0.0183,0.0082,0.0093
2889.8,92,0.0000,0.0078,0.0041,0.0183,0.0082,0.0169
2899.8,93,0.0046,0.0109,0.0103,0.0174,0.0051,0.0139
2909.8,94,0.0168,0.0109,0.0118,0.0183,0.0097,0.0154
2919.8,95,0.0229,0.0124,0.0225,0.0191,0.0097,0.0230
2929.8,96,0.0290,0.0200,0.0270,0.0183,0.0112,0.0230
2939.8,97,0.0305,0.0261,0.0255,0.0174,0.0112,0.0261
2949.8,98,0.0382,0.0277,0.0316,0.0183,0.0112,0.0261
2959.8,99,0.0443,0.0261,0.0377,0.0183,0.0128,0.0276
2969.8,100,0.0427,0.0322,0.0423,0.0183,0.0143,0.0276
2979.8,101,0.0397,0.0338,0.0392,0.0191,0.0143,0.0337
2989.8,102,0.0366,0.0338,0.0362,0.0174,0.0143,0.0383
2999.8,103,0.0366,0.0353,0.0392,0.0183,0.0158,0.0429
3009.8,104,0.0382,0.0307,0.0408,0.0191,0.0173,0.0413
3019.8,105,0.0336,0.0261,0.0392,0.0174,0.0189,0.0383
3029.8,106,0.0351,0.0261,0.0362,0.0174,0.0173,0.0368
3039.8,107,0.0351,0.0277,0.0316,0.0165,0.0158,0.0368
3049.8,108,0.0412,0.0322,0.0270,0.0183,0.0189,0.0368
3059.8,109,0.0412,0.0322,0.0270,0.0183,0.0204,0.0322
3069.8,110,0.0427,0.0353,0.0286,0.0174,0.0204,0.0276
3079.8,111,0.0412,0.0429,0.0392,0.0183,0.0219,0.0368
3089.8,112,0.0443,0.0399,0.0453,0.0183,0.0219,0.0474
3099.8,113,0.0473,0.0399,0.0438,0.0183,0.0219,0.0490
3109.8,114,0.0489,0.0399,0.0408,0.0191,0.0219,0.0490
3119.8,115,0.0427,0.0414,0.0392,0.0191,0.0234,0.0490
3129.8,116,0.0412,0.0414,0.0438,0.0183,0.0250,0.0490
3139.8,117,0.0366,0.0368,0.0469,0.0183,0.0250,0.0444
3149.8,118,0.0366,0.0338,0.0453,0.0183,0.0250,0.0398
3159.8,119,0.0366,0.0338,0.0392,0.0174,0.0250,0.0337
3169.8,120,0.0397,0.0399,0.0316,0.0183,0.0250,0.0322
3179.8,121,0.0397,0.0322,0.0225,0.0183,0.0250,0.0291
3189.8,122,0.0351,0.0292,0.0225,0.0183,0.0234,0.0276
3199.8,123,0.0336,0.0277,0.0286,0.0183,0.0234,0.0337
3209.8,124,0.0336,0.0261,0.0362,0.0191,0.0265,0.0337
3219.8,125,0.0351,0.0231,0.0469,0.0183,0.0280,0.0352
3229.8,126,0.0351,0.0322,0.0438,0.0183,0.0265,0.0413
3239.8,127,0.0366,0.0399,0.0408,0.0183,0.0280,0.0429
3249.8,128,0.0412,0.0399,0.0392,0.0183,0.0280,0.0444
3259.8,129,0.0443,0.0383,0.0331,0.0174,0.0280,0.0398
3269.8,130,0.0382,0.0383,0.0301,0.0183,0.0280,0.0383
3279.8,131,0.0351,0.0383,0.0270,0.0191,0.0265,0.0307
3289.8,132,0.0290,0.0338,0.0301,0.0191,0.0265,0.0307
3299.8,133,0.0275,0.0322,0.0331,0.0183,0.0295,0.0322
3309.8,134,0.0290,0.0368,0.0377,0.0183,0.0280,0.0337
3319.8,135,0.0366,0.0414,0.0392,0.0183,0.0311,0.0352
3329.8,136,0.0366,0.0353,0.0362,0.0183,0.0311,0.0337
3339.8,137,0.0351,0.0277,0.0377,0.0183,0.0295,0.0368
3349.8,138,0.0290,0.0231,0.0392,0.0174,0.0326,0.0383
3359.8,139,0.0244,0.0200,0.0316,0.0183,0.0295,0.0337
3369.8,140,0.0229,0.0215,0.0286,0.0183,0.0295,0.0215
3379.8,141,0.0138,0.0231,0.0225,0.0191,0.0295,0.0154
3389.8,142,0.0107,0.0139,0.0148,0.0183,0.0265,0.0062
3399.8,143,0.0092,0.0063,0.0103,0.0183,0.0280,0.0047
3409.8,144,0.0061,0.0048,0.0026,0.0183,0.0280,0.0017
3419.8,145,0.0015,0.0063,-0.0004,0.0183,0.0265,-0.0029
3429.8,146,-0.0046,0.0017,-0.0004,0.0200,0.0265,-0.0105
3439.8,147,-0.0091,-0.0044,-0.0050,0.0183,0.0265,-0.0166
3449.8,148,-0.0137,-0.0120,-0.0096,0.0191,0.0250,-0.0212
3459.8,149,-0.0168,-0.0151,-0.0111,0.0183,0.0265,-0.0227
3469.8,150,-0.0137,-0.0151,-0.0126,0.0174,0.0234,-0.0227
3479.8,151,-0.0152,-0.0135,-0.0142,0.0191,0.0234,-0.0212
3489.8,152,-0.0122,-0.0166,-0.0172,0.0183,0.0204,-0.0105
3499.8,153,-0.0091,-0.0151,-0.0172,0.0183,0.0204,-0.0075
3509.8,154,-0.0107,-0.0074,-0.0096,0.0174,0.0204,-0.0029
3519.8,155,-0.0061,-0.0044,-0.0050,0.0174,0.0189,0.0017
3529.8,156,0.0000,0.0002,0.0026,0.0183,0.0204,0.0032
3539.8,157,0.0046,0.0093,0.0072,0.0191,0.0189,0.0078
3549.8,158,0.0046,0.0185,0.0133,0.0191,0.0173,0.0047
3559.8,159,0.0031,0.0200,0.0148,0.0183,0.0189,0.0093
3569.8,160,0.0046,0.0215,0.0179,0.0183,0.0173,0.0108
3579.8,161,0.0031,0.0170,0.0179,0.0183,0.0189,0.0139
3589.8,162,0.0107,0.0139,0.0164,0.0165,0.0189,0.0154
3599.8,163,0.0138,0.0124,0.0179,0.0183,0.0173,0.0215
3609.8,164,0.0138,0.0154,0.0209,0.0174,0.0189,0.0276
3619.8,165,0.0214,0.0231,0.0209,0.0183,0.0189,0.0276
3629.8,166,0.0229,0.0292,0.0240,0.0183,0.0204,0.0291
3639.8,167,0.0183,0.0307,0.0301,0.0183,0.0204,0.0276
3649.8,168,0.0214,0.0307,0.0423,0.0183,0.0219,0.0307
3659.8,169,0.0275,0.0292,0.0408,0.0183,0.0189,0.0368
3669.8,170,0.0351,0.0322,0.0423,0.0183,0.0219,0.0368
3679.8,171,0.0397,0.0368,0.0423,0.0183,0.0219,0.0383
3689.8,172,0.0412,0.0383,0.0408,0.0165,0.0219,0.0429
3699.8,173,0.0382,0.0399,0.0408,0.0183,0.0250,0.0520
3709.8,174,0.0382,0.0444,0.0423,0.0183,0.0234,0.0474
3719.8,175,0.0382,0.0460,0.0423,0.0183,0.0250,0.0413
3729.8,176,0.0351,0.0399,0.0392,0.0183,0.0250,0.0337
3739.8,177,0.0321,0.0322,0.0286,0.0174,0.0265,0.0276
3749.8,178,0.0290,0.0277,0.0225,0.0174,0.0250,0.0230
3759.8,179,0.0260,0.0231,0.0209,0.0183,0.0250,0.0215
3769.8,180,0.0260,0.0215,0.0240,0.0183,0.0234,0.0184
3779.8,181,0.0229,0.0200,0.0255,0.0183,0.0265,0.0184
3789.8,182,0.0229,0.0139,0.0225,0.0183,0.0265,0.0169
3799.8,183,0.0153,0.0078,0.0164,0.0174,0.0234,0.0139
3809.8,184,0.0138,0.0048,0.0072,0.0174,0.0234,0.0154
3819.8,185,0.0107,0.0048,-0.0004,0.0183,0.0250,0.0123
3829.8,186,0.0092,0.0002,0.0011,0.0183,0.0250,0.0078
3839.8,187,0.0061,0.0002,0.0041,0.0183,0.0219,0.0032
3849.8,188,0.0046,0.0017,0.0087,0.0174,0.0219,-0.0044
3859.8,189,0.0077,0.0048,0.0057,0.0183,0.0234,-0.0014
3869.8,190,0.0122,0.0170,0.0057,0.0183,0.0219,0.0047
3879.8,191,0.0107,0.0200,0.0103,0.0174,0.0219,0.0078
3889.8,192,0.0168,0.0231,0.0072,0.0174,0.0234,0.0108
3899.8,193,0.0168,0.0231,0.0164,0.0165,0.0204,0.0169
3909.8,194,0.0244,0.0277,0.0225,0.0174,0.0219,0.0230
3919.8,195,0.0305,0.0353,0.0286,0.0174,0.0219,0.0337
3929.8,196,0.0305,0.0353,0.0347,0.0183,0.0234,0.0398
3939.8,197,0.0366,0.0368,0.0362,0.0174,0.0250,0.0429
3949.8,198,0.0382,0.0414,0.0438,0.0174,0.0250,0.0459
3959.8,199,0.0412,0.0460,0.0530,0.0174,0.0250,0.0505
3969.8,200,0.0504,0.0521,0.0530,0.0174,0.0250,0.0551
3979.8,201,0.0534,0.0597,0.0545,0.0174,0.0265,0.0596
3989.8,202,0.0504,0.0643,0.0560,0.0183,0.0280,0.0581
3999.8,203,0.0519,0.0612,0.0606,0.0191,0.0295,0.0551
4009.8,204,0.0565,0.0627,0.0621,0.0174,0.0311,0.0551
4019.8,205,0.0565,0.0627,0.0576,0.0174,0.0295,0.0627
4029.8,206,0.0611,0.0612,0.0560,0.0191,0.0326,0.0627
4039.8,207,0.0595,0.0597,0.0576,0.0183,0.0326,0.0581
4049.8,208,0.0626,0.0597,0.0591,0.0174,0.0326,0.0612
4059.8,209,0.0626,0.0643,0.0576,0.0183,0.0326,0.0658
4069.8,210,0.0656,0.0597,0.0530,0.0191,0.0372,0.0612
4079.8,211,0.0672,0.0536,0.0530,0.0183,0.0372,0.0596
4089.8,212,0.0641,0.0551,0.0545,0.0191,0.0341,0.0566
4099.8,213,0.0565,0.0521,0.0499,0.0174,0.0341,0.0535
4109.8,214,0.0489,0.0460,0.0484,0.0183,0.0372,0.0490
4119.8,215,0.0489,0.0429,0.0423,0.0174,0.0387,0.0368
4129.8,216,0.0458,0.0399,0.0362,0.0174,0.0402,0.0398
4139.8,217,0.0443,0.0383,0.0301,0.0174,0.0387,0.0398
4149.8,218,0.0427,0.0399,0.0316,0.0183,0.0387,0.0398
4159.8,219,0.0427,0.0444,0.0362,0.0183,0.0372,0.0337
4169.8,220,0.0382,0.0383,0.0377,0.0174,0.0387,0.0307
4179.8,221,0.0351,0.0322,0.0286,0.0183,0.0372,0.0261
4189.8,222,0.0321,0.0292,0.0270,0.0183,0.0356,0.0230
4199.8,223,0.0305,0.0246,0.0270,0.0174,0.0372,0.0215
4209.8,224,0.0244,0.0246,0.0255,0.0174,0.0387,0.0215
4219.8,225,0.0229,0.0246,0.0255,0.0174,0.0372,0.0200
4229.8,226,0.0199,0.0170,0.0209,0.0165,0.0356,0.0169
4239.8,227,0.0229,0.0078,0.0164,0.0174,0.0356,0.0139
4249.8,228,0.0199,0.0048,0.0148,0.0174,0.0372,0.0108
4259.8,229,0.0122,0.0048,0.0148,0.0174,0.0356,0.0078
4269.8,230,0.0122,0.0032,0.0103,0.0174,0.0356,0.0078
4279.8,231,0.0092,0.0048,0.0103,0.0174,0.0326,0.0017
4289.8,232,0.0092,0.0093,0.0103,0.0174,0.0326,0.0093
4299.8,233,0.0092,0.0139,0.0118,0.0165,0.0311,0.0093
4309.8,234,0.0061,0.0154,0.0103,0.0174,0.0311,0.0093
4319.8,235,0.0031,0.0139,0.0118,0.0174,0.0311,0.0001
4329.8,236,0.0031,0.0139,0.0103,0.0183,0.0311,-0.0014
4339.8,237,0.0046,0.0170,0.0087,0.0183,0.0295,0.0062
4349.8,238,0.0092,0.0124,0.0087,0.0174,0.0295,0.0108
4359.8,239,0.0046,0.0109,0.0103,0.0174,0.0280,0.0139
4369.8,240,0.0138,0.0109,0.0133,0.0183,0.0295,0.0093
4379.8,241,0.0107,0.0124,0.0103,0.0183,0.0311,0.0062
4389.8,242,0.0122,0.0093,0.0057,0.0183,0.0295,0.0032
4399.8,243,0.0122,0.0063,0.0057,0.0165,0.0295,-0.0029
4409.8,244,0.0092,0.0002,0.0026,0.0183,0.0280,-0.0044
4419.8,245,0.0031,-0.0029,0.0026,0.0191,0.0265,-0.0029
4429.8,246,-0.0046,-0.0044,-0.0004,0.0183,0.0265,-0.0044
4439.8,247,-0.0091,-0.0013,-0.0050,0.0183,0.0280,-0.0075
4449.8,248,-0.0107,-0.0090,-0.0035,0.0183,0.0250,-0.0121
4459.8,249,-0.0046,-0.0074,-0.0081,0.0183,0.0234,-0.0166
4469.8,250,-0.0046,-0.0135,-0.0142,0.0174,0.0234,-0.0136
4479.8,251,-0.0152,-0.0151,-0.0172,0.0191,0.0219,-0.0136
4489.8,252,-0.0229,-0.0242,-0.0248,0.0183,0.0234,-0.0151
4499.8,253,-0.0229,-0.0273,-0.0233,0.0174,0.0189,-0.0182
4509.8,254,-0.0229,-0.0303,-0.0248,0.0174,0.0189,-0.0227
4519.8,255,-0.0244,-0.0319,-0.0233,0.0183,0.0189,-0.0243
4529.8,0,-0.0274,-0.0349,-0.0325,0.0183,0.0173,-0.0304
4539.8,1,-0.0320,-0.0380,-0.0416,0.0183,0.0158,-0.0350
4549.8,2,-0.0335,-0.0380,-0.0401,0.0183,0.0158,-0.0395
4559.8,3,-0.0335,-0.0425,-0.0371,0.0183,0.0128,-0.0395
4569.8,4,-0.0335,-0.0441,-0.0401,0.0183,0.0112,-0.0395
4579.8,5,-0.0320,-0.0456,-0.0432,0.0183,0.0128,-0.0426
4589.8,6,-0.0320,-0.0517,-0.0447,0.0191,0.0097,-0.0395
4599.8,7,-0.0366,-0.0547,-0.0447,0.0183,0.0097,-0.0472
4609.8,8,-0.0366,-0.0425,-0.0416,0.0183,0.0097,-0.0426
4619.8,9,-0.0351,-0.0334,-0.0325,0.0174,0.0082,-0.0426
4629.8,10,-0.0366,-0.0303,-0.0340,0.0174,0.0066,-0.0365
4639.8,11,-0.0366,-0.0273,-0.0355,0.0174,0.0066,-0.0319
4649.8,12,-0.0335,-0.0273,-0.0355,0.0174,0.0036,-0.0304
4659.8,13,-0.0305,-0.0319,-0.0340,0.0174,0.0036,-0.0289
4669.8,14,-0.0274,-0.0319,-0.0325,0.0183,0.0036,-0.0258
4679.8,15,-0.0229,-0.0319,-0.0264,0.0183,0.0021,-0.0212
4689.8,16,-0.0213,-0.0288,-0.0218,0.0191,0.0021,-0.0227
4699.8,17,-0.0183,-0.0258,-0.0233,0.0183,0.0021,-0.0182
4709.8,18,-0.0183,-0.0212,-0.0187,0.0165,0.0021,-0.0182
4719.8,19,-0.0137,-0.0135,-0.0157,0.0183,0.0005,-0.0166
4729.8,20,-0.0061,-0.0135,-0.0157,0.0191,0.0005,-0.0075
4739.8,21,0.0000,-0.0120,-0.0111,0.0183,0.0005,-0.0090
4749.8,22,0.0107,-0.0029,-0.0035,0.0183,0.0005,0.0017
4759.8,23,0.0214,0.0139,0.0164,0.0183,0.0021,0.0169
4769.8,24,0.0336,0.0368,0.0331,0.0174,0.0036,0.0352
4779.8,25,0.0519,0.0566,0.0484,0.0183,0.0036,0.0535
4789.8,26,0.0641,0.0704,0.0606,0.0191,0.0051,0.0703
4799.7,27,0.0794,0.0841,0.0804,0.0183,0.0066,0.0795
4809.7,28,0.0931,0.0948,0.0957,0.0174,0.0097,0.0947
4819.7,29,0.1038,0.1055,0.1094,0.0191,0.0143,0.1115
4829.7,30,0.1084,0.1100,0.1171,0.0174,0.0158,0.1192
4839.7,31,0.1099,0.1116,0.1201,0.0183,0.0173,0.1146
4849.7,32,0.1175,0.1162,0.1186,0.0183,0.0204,0.1131
4859.7,33,0.1084,0.1085,0.1201,0.0191,0.0234,0.1115
4869.7,34,0.1099,0.1039,0.1125,0.0183,0.0250,0.1069
4879.7,35,0.1023,0.0994,0.1064,0.0183,0.0295,0.0993
4889.7,36,0.0977,0.0963,0.1033,0.0191,0.0280,0.0963
4899.7,37,0.0946,0.0948,0.0988,0.0183,0.0295,0.0963
4909.7,38,0.0977,0.0933,0.0988,0.0174,0.0311,0.0947
4919.7,39,0.0962,0.0917,0.1003,0.0183,0.0326,0.0963
4929.7,40,0.0977,0.0963,0.1079,0.0200,0.0356,0.0978
4939.7,41,0.0962,0.0933,0.1049,0.0183,0.0387,0.0993
4949.7,42,0.0931,0.0948,0.1033,0.0191,0.0417,0.0978
4959.7,43,0.0946,0.0978,0.0988,0.0183,0.0402,0.0978
4969.7,44,0.0946,0.0948,0.0926,0.0183,0.0387,0.0978
4979.7,45,0.0946,0.0902,0.0926,0.0183,0.0417,0.0963
4989.7,46,0.0962,0.0872,0.0881,0.0191,0.0448,0.0932
4999.7,47,0.0977,0.0917,0.0804,0.0200,0.0463,0.0917
5009.7,48,0.0946,0.0872,0.0804,0.0183,0.0448,0.0856
5019.7,49,0.0901,0.0887,0.0774,0.0183,0.0463,0.0780
5029.7,50,0.0839,0.0856,0.0698,0.0183,0.0478,0.0764
5039.7,51,0.0885,0.0811,0.0682,0.0183,0.0494,0.0780
5049.7,52,0.0855,0.0765,0.0759,0.0183,0.0494,0.0795
5059.7,53,0.0824,0.0750,0.0804,0.0183,0.0509,0.0764
5069.7,54,0.0748,0.0734,0.0759,0.0191,0.0539,0.0703
5079.7,55,0.0733,0.0689,0.0759,0.0174,0.0524,0.0673
5089.7,56,0.0702,0.0658,0.0667,0.0174,0.0539,0.0673
5099.7,57,0.0717,0.0719,0.0637,0.0183,0.0539,0.0719
5109.7,58,0.0733,0.0795,0.0652,0.0183,0.0524,0.0764
5119.7,59,0.0748,0.0795,0.0667,0.0191,0.0524,0.0795
5129.7,60,0.0763,0.0750,0.0713,0.0183,0.0555,0.0810
5139.7,61,0.0794,0.0765,0.0743,0.0191,0.0570,0.0886
5149.7,62,0.0733,0.0780,0.0743,0.0183,0.0570,0.0871
5159.7,63,0.0687,0.0795,0.0789,0.0183,0.0570,0.0856
5169.7,64,0.0763,0.0826,0.0804,0.0174,0.0585,0.0810
5179.7,65,0.0824,0.0826,0.0820,0.0174,0.0585,0.0841
5189.7,66,0.0824,0.0856,0.0926,0.0183,0.0601,0.0841
5199.7,67,0.0855,0.0887,0.1003,0.0174,0.0601,0.0917
5209.7,68,0.0855,0.0933,0.0988,0.0183,0.0601,0.0932
5219.7,69,0.0855,0.0917,0.0988,0.0174,0.0631,0.0902
5229.7,70,0.0870,0.0917,0.1018,0.0174,0.0631,0.0886
5239.7,71,0.0870,0.0917,0.1003,0.0183,0.0631,0.0917
5249.7,72,0.0870,0.0948,0.0988,0.0183,0.0631,0.0932
5259.7,73,0.0885,0.0994,0.0972,0.0191,0.0662,0.0902
5269.7,74,0.0931,0.0994,0.0972,0.0183,0.0646,0.0932
5279.7,75,0.0916,0.0994,0.0942,0.0183,0.0662,0.0932
5289.7,76,0.0901,0.0978,0.0911,0.0174,0.0692,0.0932
5299.7,77,0.0885,0.0978,0.0911,0.0183,0.0662,0.0917
5309.7,78,0.0839,0.0948,0.0865,0.0191,0.0707,0.0871
5319.7,79,0.0839,0.0887,0.0881,0.0183,0.0723,0.0825
5329.7,80,0.0763,0.0811,0.0835,0.0183,0.0692,0.0810
5339.7,81,0.0748,0.0719,0.0789,0.0174,0.0692,0.0810
5349.7,82,0.0748,0.0704,0.0713,0.0174,0.0692,0.0810
5359.7,83,0.0748,0.0689,0.0682,0.0183,0.0707,0.0764
5369.7,84,0.0748,0.0689,0.0743,0.0183,0.0677,0.0749
5379.7,85,0.0778,0.0795,0.0789,0.0183,0.0707,0.0810
5389.7,86,0.0794,0.0887,0.0789,0.0183,0.0707,0.0825
5399.7,87,0.0824,0.0917,0.0774,0.0183,0.0723,0.0810
5409.7,88,0.0855,0.0902,0.0804,0.0174,0.0707,0.0871
5419.7,89,0.0839,0.0917,0.0835,0.0183,0.0723,0.0932
5429.7,90,0.0916,0.0872,0.0804,0.0183,0.0738,0.0932
5439.7,91,0.0946,0.0887,0.0865,0.0174,0.0738,0.0932
5449.7,92,0.0946,0.0856,0.0881,0.0183,0.0738,0.0902
5459.7,93,0.0931,0.0856,0.0942,0.0183,0.0753,0.0917
5469.7,94,0.0916,0.0887,0.0957,0.0183,0.0768,0.0871
5479.7,95,0.0931,0.0902,0.1033,0.0174,0.0768,0.0947
5489.7,96,0.0962,0.0948,0.1064,0.0174,0.0799,0.1024
5499.7,97,0.1023,0.0978,0.1064,0.0174,0.0784,0.1039
5509.7,98,0.1099,0.1055,0.1125,0.0174,0.0784,0.1054
5519.7,99,0.1114,0.1116,0.1110,0.0183,0.0784,0.1069
5529.7,100,0.1129,0.1100,0.1110,0.0183,0.0814,0.1100
5539.7,101,0.1053,0.1070,0.1079,0.0183,0.0799,0.1131
5549.7,102,0.0977,0.0994,0.1018,0.0183,0.0799,0.1054
5559.7,103,0.0916,0.0948,0.1003,0.0165,0.0814,0.0902
5569.7,104,0.0901,0.0887,0.0957,0.0174,0.0799,0.0841
5579.7,105,0.0824,0.0780,0.0911,0.0174,0.0829,0.0810
5589.7,106,0.0763,0.0704,0.0804,0.0183,0.0829,0.0749
5599.7,107,0.0672,0.0658,0.0698,0.0183,0.0829,0.0673
5609.7,108,0.0626,0.0643,0.0606,0.0191,0.0799,0.0673
5619.7,109,0.0580,0.0582,0.0545,0.0183,0.0799,0.0581
5629.7,110,0.0519,0.0582,0.0560,0.0165,0.0784,0.0581
5639.7,111,0.0504,0.0566,0.0560,0.0174,0.0784,0.0505
5649.7,112,0.0504,0.0521,0.0499,0.0174,0.0784,0.0429
5659.7,113,0.0473,0.0505,0.0484,0.0183,0.0768,0.0398
5669.7,114,0.0443,0.0505,0.0499,0.0183,0.0753,0.0413
5679.7,115,0.0519,0.0536,0.0453,0.0174,0.0753,0.0520
5689.7,116,0.0611,0.0505,0.0515,0.0165,0.0768,0.0612
5699.7,117,0.0565,0.0490,0.0515,0.0174,0.0753,0.0658
5709.7,118,0.0580,0.0551,0.0560,0.0157,0.0768,0.0642
5719.7,119,0.0565,0.0643,0.0682,0.0174,0.0753,0.0658
5729.7,120,0.0641,0.0719,0.0728,0.0174,0.0753,0.0688
5739.7,121,0.0687,0.0734,0.0682,0.0165,0.0738,0.0764
5749.7,122,0.0763,0.0734,0.0713,0.0174,0.0753,0.0810
5759.7,123,0.0763,0.0719,0.0743,0.0165,0.0753,0.0810
5769.7,124,0.0763,0.0719,0.0713,0.0174,0.0753,0.0825
5779.7,125,0.0809,0.0811,0.0759,0.0165,0.0738,0.0810
5789.7,126,0.0839,0.0872,0.0835,0.0165,0.0768,0.0825
5799.7,127,0.0855,0.0856,0.0926,0.0165,0.0753,0.0856
5809.7,128,0.0931,0.0856,0.0942,0.0174,0.0768,0.0871
5819.7,129,0.0962,0.0826,0.0926,0.0174,0.0768,0.0902
5829.7,130,0.0946,0.0856,0.0942,0.0174,0.0784,0.0932
5839.7,131,0.0901,0.0887,0.0835,0.0174,0.0768,0.0902
5849.7,132,0.0931,0.0902,0.0804,0.0174,0.0799,0.0947
5859.7,133,0.0946,0.0933,0.0865,0.0174,0.0799,0.1008
5869.7,134,0.0946,0.0978,0.0881,0.0174,0.0784,0.1039
5879.7,135,0.0977,0.0994,0.0865,0.0165,0.0814,0.1024
5889.7,136,0.0931,0.1024,0.0820,0.0165,0.0814,0.0978
5899.7,137,0.0931,0.0978,0.0835,0.0165,0.0829,0.0963
5909.7,138,0.0916,0.0978,0.0835,0.0165,0.0829,0.0917
5919.7,139,0.0916,0.0948,0.0865,0.0165,0.0829,0.0886
5929.7,140,0.0946,0.0902,0.0896,0.0165,0.0814,0.0841
5939.7,141,0.0916,0.0978,0.0881,0.0183,0.0845,0.0856
5949.7,142,0.0839,0.0902,0.0835,0.0183,0.0860,0.0856
5959.7,143,0.0824,0.0826,0.0759,0.0183,0.0829,0.0810
5969.7,144,0.0748,0.0704,0.0698,0.0165,0.0829,0.0734
5979.7,145,0.0702,0.0658,0.0698,0.0174,0.0829,0.0627
5989.7,146,0.0641,0.0643,0.0682,0.0174,0.0814,0.0612
5999.7,147,0.0611,0.0566,0.0591,0.0174,0.0799,0.0596
6009.7,148,0.0611,0.0505,0.0484,0.0174,0.0814,0.0581
6019.7,149,0.0565,0.0505,0.0484,0.0183,0.0814,0.0581
6029.7,150,0.0580,0.0505,0.0515,0.0165,0.0814,0.0520
6039.7,151,0.0550,0.0429,0.0499,0.0165,0.0784,0.0551
6049.7,152,0.0550,0.0460,0.0530,0.0165,0.0784,0.0535
6059.7,153,0.0550,0.0490,0.0545,0.0165,0.0753,0.0490
6069.7,154,0.0550,0.0505,0.0530,0.0174,0.0768,0.0444
6079.7,155,0.0534,0.0521,0.0530,0.0165,0.0784,0.0413
6089.7,156,0.0519,0.0505,0.0545,0.0165,0.0768,0.0474
6099.7,157,0.0519,0.0505,0.0530,0.0174,0.0753,0.0490
6109.7,158,0.0504,0.0536,0.0530,0.0174,0.0738,0.0535
6119.7,159,0.0519,0.0536,0.0530,0.0165,0.0738,0.0581
6129.7,160,0.0534,0.0505,0.0499,0.0174,0.0738,0.0566
6139.7,161,0.0550,0.0521,0.0515,0.0165,0.0753,0.0520
6149.7,162,0.0565,0.0505,0.0453,0.0174,0.0738,0.0490
6159.7,163,0.0565,0.0490,0.0484,0.0174,0.0738,0.0490
6169.7,164,0.0550,0.0490,0.0576,0.0183,0.0723,0.0490
6179.7,165,0.0534,0.0536,0.0560,0.0183,0.0707,0.0520
6189.7,166,0.0550,0.0582,0.0515,0.0183,0.0707,0.0566
6199.7,167,0.0504,0.0582,0.0453,0.0165,0.0707,0.0520
6209.7,168,0.0458,0.0536,0.0438,0.0165,0.0707,0.0444
6219.7,169,0.0443,0.0505,0.0438,0.0165,0.0707,0.0429
6229.7,170,0.0458,0.0444,0.0453,0.0165,0.0692,0.0383
6239.7,171,0.0458,0.0444,0.0438,0.0157,0.0677,0.0398
6249.7,172,0.0397,0.0383,0.0362,0.0174,0.0692,0.0429
6259.7,173,0.0397,0.0368,0.0331,0.0165,0.0692,0.0398
6269.7,174,0.0351,0.0368,0.0331,0.0165,0.0662,0.0368
6279.7,175,0.0336,0.0322,0.0316,0.0174,0.0662,0.0307
6289.7,176,0.0336,0.0277,0.0240,0.0165,0.0646,0.0276
6299.7,177,0.0351,0.0277,0.0225,0.0174,0.0662,0.0291
6309.7,178,0.0290,0.0215,0.0270,0.0174,0.0631,0.0276
6319.7,179,0.0244,0.0215,0.0240,0.0174,0.0631,0.0276
6329.7,180,0.0229,0.0215,0.0255,0.0174,0.0616,0.0261
6339.7,181,0.0183,0.0215,0.0194,0.0165,0.0601,0.0261
6349.7,182,0.0168,0.0200,0.0179,0.0165,0.0616,0.0246
6359.7,183,0.0153,0.0139,0.0148,0.0174,0.0601,0.0184
6369.7,184,0.0138,0.0109,0.0148,0.0174,0.0585,0.0093
6379.7,185,0.0168,0.0078,0.0133,0.0165,0.0570,0.0108
6389.7,186,0.0168,0.0109,0.0118,0.0165,0.0555,0.0123
6399.7,187,0.0168,0.0124,0.0133,0.0157,0.0539,0.0200
6409.7,188,0.0183,0.0170,0.0148,0.0174,0.0539,0.0276
6419.7,189,0.0138,0.0185,0.0194,0.0165,0.0539,0.0246
6429.7,190,0.0138,0.0170,0.0225,0.0174,0.0539,0.0184
6439.7,191,0.0229,0.0109,0.0240,0.0174,0.0555,0.0184
6449.7,192,0.0229,0.0154,0.0225,0.0174,0.0509,0.0169
6459.7,193,0.0168,0.0139,0.0194,0.0165,0.0509,0.0215
6469.7,194,0.0153,0.0185,0.0209,0.0165,0.0509,0.0200
6479.7,195,0.0153,0.0277,0.0194,0.0157,0.0509,0.0200
6489.7,196,0.0199,0.0292,0.0179,0.0165,0.0478,0.0200
6499.7,197,0.0229,0.0277,0.0209,0.0183,0.0478,0.0200
6509.7,198,0.0214,0.0277,0.0270,0.0174,0.0478,0.0246
6519.7,199,0.0214,0.0246,0.0270,0.0183,0.0478,0.0261
6529.7,200,0.0275,0.0215,0.0225,0.0174,0.0478,0.0246
6539.7,201,0.0275,0.0154,0.0240,0.0183,0.0494,0.0215
6549.7,202,0.0229,0.0109,0.0209,0.0165,0.0463,0.0184
6559.7,203,0.0199,0.0139,0.0164,0.0174,0.0448,0.0108
6569.7,204,0.0138,0.0185,0.0103,0.0174,0.0448,0.0108
6579.7,205,0.0092,0.0200,0.0103,0.0157,0.0463,0.0108
6589.7,206,0.0138,0.0170,0.0011,0.0174,0.0417,0.0108
6599.7,207,0.0107,0.0124,0.0011,0.0157,0.0417,0.0123
6609.7,208,0.0077,0.0093,-0.0035,0.0174,0.0433,0.0108
6619.7,209,0.0031,0.0078,0.0041,0.0174,0.0402,0.0078
6629.7,210,0.0015,0.0093,0.0026,0.0174,0.0402,0.0047
6639.7,211,0.0077,0.0032,0.0026,0.0174,0.0372,0.0047
6649.7,212,0.0077,-0.0013,-0.0004,0.0165,0.0387,0.0062
6659.7,213,0.0031,0.0032,-0.0004,0.0183,0.0387,0.0108
6669.7,214,0.0031,0.0017,-0.0065,0.0174,0.0372,0.0139
6679.7,215,0.0031,0.0017,0.0026,0.0165,0.0372,0.0123
6689.7,216,0.0046,-0.0029,0.0041,0.0165,0.0372,0.0062
6699.7,217,0.0046,-0.0029,0.0026,0.0174,0.0356,0.0062
6709.7,218,0.0077,0.0017,0.0057,0.0174,0.0356,0.0062
6719.6,219,0.0092,0.0017,0.0087,0.0165,0.0341,0.0032
6729.6,220,0.0061,0.0017,0.0087,0.0174,0.0341,0.0047
6739.6,221,0.0061,-0.0029,0.0072,0.0183,0.0326,0.0062
6749.6,222,0.0061,0.0032,0.0057,0.0165,0.0311,0.0078
6759.6,223,0.0107,0.0048,0.0026,0.0157,0.0311,0.0047
6769.6,224,0.0077,0.0048,0.0057,0.0174,0.0295,0.0047
6779.6,225,0.0107,0.0063,0.0072,0.0174,0.0311,0.0032
6789.6,226,0.0077,0.0063,0.0057,0.0165,0.0311,0.0062
6799.6,227,0.0061,0.0063,0.0026,0.0157,0.0280,0.0047
6809.6,228,0.0031,0.0048,-0.0004,0.0165,0.0295,0.0123
6819.6,229,0.0031,0.0063,-0.0004,0.0165,0.0280,0.0108
6829.6,230,0.0046,0.0063,-0.0004,0.0174,0.0280,0.0078
6839.6,231,0.0077,0.0063,0.0026,0.0174,0.0280,0.0047
6849.6,232,0.0122,0.0078,0.0011,0.0174,0.0295,0.0001
6859.6,233,0.0122,0.0078,0.0011,0.0174,0.0265,-0.0029
6869.6,234,0.0107,0.0093,-0.0004,0.0165,0.0265,-0.0029
6879.6,235,0.0122,0.0078,0.0011,0.0174,0.0250,-0.0029
6889.6,236,0.0138,0.0078,0.0011,0.0183,0.0280,0.0001
6899.6,237,0.0122,0.0078,0.0041,0.0183,0.0280,0.0093
6909.6,238,0.0153,0.0185,0.0103,0.0174,0.0250,0.0154
6919.6,239,0.0183,0.0231,0.0133,0.0174,0.0265,0.0184
6929.6,240,0.0275,0.0261,0.0164,0.0174,0.0265,0.0200
6939.6,241,0.0366,0.0277,0.0194,0.0174,0.0265,0.0230
6949.6,242,0.0382,0.0307,0.0225,0.0183,0.0265,0.0230
6959.6,243,0.0351,0.0338,0.0331,0.0183,0.0265,0.0246
6969.6,244,0.0290,0.0353,0.0347,0.0174,0.0265,0.0200
6979.6,245,0.0260,0.0322,0.0270,0.0174,0.0280,0.0169
6989.6,246,0.0260,0.0307,0.0225,0.0183,0.0250,0.0200
6999.6,247,0.0244,0.0307,0.0209,0.0183,0.0250,0.0215
7009.6,248,0.0229,0.0261,0.0164,0.0183,0.0265,0.0246
7019.6,249,0.0199,0.0246,0.0164,0.0183,0.0265,0.0154
7029.6,250,0.0183,0.0200,0.0164,0.0174,0.0265,0.0093
7039.6,251,0.0138,0.0139,0.0103,0.0174,0.0265,0.0078
7049.6,252,0.0031,0.0063,0.0057,0.0174,0.0250,0.0062
7059.6,253,-0.0076,-0.0013,-0.0004,0.0183,0.0250,0.0032
7069.6,254,-0.0107,-0.0105,-0.0035,0.0174,0.0250,-0.0014
7079.6,255,-0.0122,-0.0135,-0.0065,0.0174,0.0234,-0.0105
7089.6,0,-0.0183,-0.0135,-0.0081,0.0165,0.0204,-0.0182
7099.6,1,-0.0168,-0.0212,-0.0111,0.0174,0.0234,-0.0197
7109.6,2,-0.0229,-0.0242,-0.0172,0.0191,0.0219,-0.0258
7119.6,3,-0.0229,-0.0212,-0.0157,0.0165,0.0204,-0.0289
7129.6,4,-0.0213,-0.0197,-0.0203,0.0174,0.0173,-0.0258
7139.6,5,-0.0198,-0.0212,-0.0248,0.0174,0.0173,-0.0243
7149.6,6,-0.0168,-0.0212,-0.0294,0.0174,0.0189,-0.0182
7159.6,7,-0.0198,-0.0197,-0.0248,0.0174,0.0173,-0.0136
7169.6,8,-0.0229,-0.0197,-0.0187,0.0183,0.0143,-0.0166
7179.6,9,-0.0213,-0.0181,-0.0187,0.0165,0.0158,-0.0151
7189.6,10,-0.0183,-0.0181,-0.0187,0.0174,0.0158,-0.0136
7199.6,11,-0.0152,-0.0166,-0.0142,0.0174,0.0128,-0.0090
7209.6,12,-0.0137,-0.0105,-0.0065,0.0174,0.0143,-0.0075
7219.6,13,-0.0076,-0.0044,-0.0035,0.0183,0.0143,-0.0044
7229.6,14,-0.0015,0.0017,-0.0020,0.0183,0.0143,0.0032
7239.6,15,0.0000,0.0078,-0.0035,0.0183,0.0112,0.0078
7249.6,16,-0.0046,0.0093,-0.0035,0.0183,0.0143,0.0032
7259.6,17,0.0000,0.0109,0.0011,0.0174,0.0143,0.0032
7269.6,18,0.0061,0.0154,0.0041,0.0191,0.0128,0.0093
7279.6,19,0.0107,0.0154,0.0072,0.0183,0.0128,0.0078
7289.6,20,0.0138,0.0154,0.0072,0.0183,0.0128,0.0093
7299.6,21,0.0138,0.0139,0.0148,0.0183,0.0128,0.0123
7309.6,22,0.0199,0.0215,0.0194,0.0191,0.0128,0.0184
7319.6,23,0.0199,0.0246,0.0240,0.0183,0.0143,0.0276
7329.6,24,0.0229,0.0261,0.0347,0.0191,0.0158,0.0291
7339.6,25,0.0275,0.0307,0.0347,0.0174,0.0158,0.0276
7349.6,26,0.0260,0.0338,0.0316,0.0183,0.0143,0.0322
7359.6,27,0.0275,0.0322,0.0240,0.0191,0.0143,0.0368
7369.6,28,0.0290,0.0307,0.0240,0.0191,0.0158,0.0322
7379.6,29,0.0321,0.0322,0.0240,0.0183,0.0189,0.0322
7389.6,30,0.0336,0.0292,0.0240,0.0183,0.0173,0.0307
7399.6,31,0.0336,0.0261,0.0286,0.0183,0.0173,0.0307
7409.6,32,0.0290,0.0277,0.0316,0.0183,0.0173,0.0276
7419.6,33,0.0290,0.0277,0.0392,0.0174,0.0189,0.0337
7429.6,34,0.0351,0.0368,0.0453,0.0183,0.0173,0.0398
7439.6,35,0.0427,0.0414,0.0530,0.0191,0.0189,0.0429
7449.6,36,0.0504,0.0490,0.0545,0.0183,0.0204,0.0459
7459.6,37,0.0595,0.0597,0.0576,0.0191,0.0219,0.0520
7469.6,38,0.0641,0.0658,0.0621,0.0200,0.0219,0.0612
7479.6,39,0.0717,0.0658,0.0728,0.0191,0.0219,0.0703
7489.6,40,0.0763,0.0643,0.0804,0.0183,0.0280,0.0734
7499.6,41,0.0748,0.0658,0.0820,0.0191,0.0265,0.0703
7509.6,42,0.0733,0.0658,0.0759,0.0191,0.0265,0.0703
7519.6,43,0.0763,0.0673,0.0698,0.0183,0.0295,0.0658
7529.6,44,0.0702,0.0597,0.0652,0.0174,0.0295,0.0612
7539.6,45,0.0595,0.0536,0.0530,0.0183,0.0280,0.0520
7549.6,46,0.0473,0.0444,0.0453,0.0191,0.0311,0.0474
7559.6,47,0.0366,0.0322,0.0408,0.0191,0.0311,0.0444
7569.6,48,0.0290,0.0277,0.0392,0.0191,0.0311,0.0383
7579.6,49,0.0214,0.0277,0.0286,0.0191,0.0326,0.0261
7589.6,50,0.0214,0.0231,0.0225,0.0191,0.0311,0.0169
7599.6,51,0.0214,0.0139,0.0240,0.0191,0.0311,0.0139
7609.6,52,0.0168,0.0124,0.0240,0.0191,0.0311,0.0139
7619.6,53,0.0168,0.0154,0.0164,0.0183,0.0311,0.0169
7629.6,54,0.0183,0.0185,0.0148,0.0191,0.0311,0.0215
7639.6,55,0.0199,0.0185,0.0164,0.0191,0.0311,0.0215
7649.6,56,0.0183,0.0231,0.0225,0.0191,0.0311,0.0200
7659.6,57,0.0153,0.0215,0.0286,0.0191,0.0326,0.0139
7669.6,58,0.0199,0.0170,0.0301,0.0191,0.0311,0.0184
7679.6,59,0.0229,0.0154,0.0301,0.0191,0.0295,0.0261
7689.6,60,0.0275,0.0200,0.0301,0.0191,0.0311,0.0246
7699.6,61,0.0305,0.0246,0.0286,0.0183,0.0295,0.0169
7709.6,62,0.0275,0.0200,0.0270,0.0191,0.0295,0.0184
7719.6,63,0.0214,0.0246,0.0148,0.0183,0.0311,0.0200
7729.6,64,0.0183,0.0246,0.0103,0.0183,0.0295,0.0169
7739.6,65,0.0229,0.0170,0.0103,0.0183,0.0280,0.0139
7749.6,66,0.0214,0.0093,0.0087,0.0191,0.0295,0.0154
7759.6,67,0.0183,0.0093,0.0103,0.0174,0.0265,0.0123
7769.6,68,0.0183,0.0063,0.0118,0.0191,0.0280,0.0108
7779.6,69,0.0122,0.0078,0.0103,0.0191,0.0280,0.0108
7789.6,70,0.0122,0.0109,0.0087,0.0191,0.0280,0.0093
7799.6,71,0.0122,0.0093,0.0041,0.0191,0.0265,0.0093
7809.6,72,0.0107,0.0048,0.0026,0.0183,0.0280,0.0093
7819.6,73,0.0122,0.0002,0.0011,0.0191,0.0280,0.0108
7829.6,74,0.0122,0.0002,-0.0050,0.0183,0.0265,0.0047
7839.6,75,0.0107,-0.0044,-0.0096,0.0191,0.0250,0.0017
7849.6,76,0.0061,-0.0029,-0.0050,0.0183,0.0265,0.0062
7859.6,77,0.0061,-0.0029,-0.0065,0.0191,0.0265,0.0093
7869.6,78,0.0031,0.0048,0.0011,0.0191,0.0250,0.0123
7879.6,79,0.0031,0.0109,0.0057,0.0191,0.0250,0.0154
7889.6,80,0.0092,0.0139,0.0087,0.0183,0.0234,0.0169
7899.6,81,0.0107,0.0139,0.0072,0.0183,0.0234,0.0123
7909.6,82,0.0077,0.0124,0.0087,0.0191,0.0250,0.0108
7919.6,83,0.0015,0.0093,0.0103,0.0209,0.0234,0.0047
7929.6,84,-0.0061,0.0078,0.0103,0.0200,0.0234,0.0062
7939.6,85,-0.0076,0.0063,0.0087,0.0191,0.0219,0.0108
7949.6,86,-0.0061,0.0017,0.0087,0.0191,0.0219,0.0108
7959.6,87,0.0015,0.0032,0.0041,0.0191,0.0204,0.0062
7969.6,88,0.0061,0.0032,-0.0004,0.0183,0.0204,0.0001
7979.6,89,0.0061,0.0002,-0.0004,0.0183,0.0204,-0.0044
7989.6,90,0.0031,0.0002,0.0026,0.0191,0.0219,-0.0105
7999.6,91,0.0046,-0.0013,-0.0065,0.0200,0.0189,-0.0075
8009.6,92,0.0031,-0.0013,-0.0035,0.0200,0.0204,-0.0044
8019.6,93,0.0031,0.0002,-0.0035,0.0200,0.0204,-0.0029
8029.6,94,0.0000,0.0002,0.0011,0.0200,0.0189,0.0017
8039.6,95,0.0015,-0.0044,-0.0035,0.0200,0.0173,0.0032
8049.6,96,-0.0015,-0.0059,-0.0065,0.0191,0.0158,-0.0014
8059.6,97,0.0031,-0.0059,-0.0111,0.0200,0.0173,-0.0014
8069.6,98,0.0015,0.0002,-0.0126,0.0200,0.0189,0.0017
8079.6,99,-0.0015,0.0002,-0.0142,0.0200,0.0173,0.0078
8089.6,100,0.0000,0.0017,-0.0035,0.0191,0.0173,0.0001
8099.6,101,-0.0030,0.0078,0.0041,0.0200,0.0158,0.0017
8109.6,102,-0.0030,0.0109,0.0103,0.0191,0.0173,0.0017
8119.6,103,-0.0061,0.0078,0.0103,0.0183,0.0158,0.0062
8129.6,104,0.0000,0.0032,0.0072,0.0200,0.0189,0.0032
8139.6,105,0.0000,0.0048,-0.0004,0.0191,0.0158,-0.0014
8149.6,106,0.0031,0.0032,-0.0004,0.0191,0.0143,-0.0044
8159.6,107,0.0046,-0.0044,-0.0020,0.0191,0.0158,-0.0044
8169.6,108,0.0077,-0.0074,-0.0065,0.0200,0.0128,-0.0029
8179.6,109,0.0061,-0.0090,-0.0050,0.0200,0.0128,-0.0029
8189.6,110,0.0000,-0.0090,-0.0020,0.0200,0.0128,-0.0044
8199.6,111,-0.0061,-0.0135,-0.0081,0.0191,0.0128,-0.0060
8209.6,112,-0.0091,-0.0151,-0.0172,0.0200,0.0143,-0.0090
8219.6,113,-0.0137,-0.0197,-0.0203,0.0200,0.0128,-0.0121
8229.6,114,-0.0168,-0.0181,-0.0187,0.0200,0.0112,-0.0136
8239.6,115,-0.0137,-0.0181,-0.0187,0.0200,0.0097,-0.0166
8249.6,116,-0.0213,-0.0242,-0.0233,0.0183,0.0097,-0.0182
8259.6,117,-0.0259,-0.0242,-0.0218,0.0200,0.0066,-0.0197
8269.6,118,-0.0244,-0.0227,-0.0172,0.0200,0.0082,-0.0227
8279.6,119,-0.0244,-0.0135,-0.0081,0.0200,0.0066,-0.0197
8289.6,120,-0.0213,-0.0090,-0.0035,0.0191,0.0066,-0.0182
8299.6,121,-0.0152,-0.0090,-0.0004,0.0209,0.0066,-0.0151
8309.6,122,-0.0107,-0.0059,0.0011,0.0200,0.0066,-0.0121
8319.6,123,-0.0046,-0.0120,-0.0004,0.0191,0.0082,-0.0105
8329.6,124,0.0031,-0.0090,-0.0035,0.0200,0.0066,-0.0060
8339.6,125,0.0046,-0.0044,-0.0050,0.0209,0.0082,-0.0014
8349.6,126,0.0031,-0.0044,-0.0050,0.0209,0.0082,0.0001
8359.6,127,0.0031,-0.0044,-0.0035,0.0200,0.0036,-0.0029
8369.6,128,0.0031,-0.0029,-0.0035,0.0200,0.0051,-0.0044
8379.6,129,0.0015,0.0078,0.0057,0.0200,0.0051,0.0001
8389.6,130,0.0031,0.0093,-0.0020,0.0209,0.0051,0.0047
8399.6,131,-0.0046,0.0063,-0.0020,0.0200,0.0066,0.0032
8409.6,132,-0.0046,-0.0013,-0.0050,0.0209,0.0066,0.0032
8419.6,133,-0.0046,-0.0044,-0.0004,0.0200,0.0036,0.0017
8429.6,134,-0.0046,-0.0059,-0.0035,0.0200,0.0036,0.0017
8439.6,135,-0.0076,-0.0090,-0.0050,0.0191,0.0051,0.0001
8449.6,136,-0.0046,-0.0044,-0.0065,0.0200,0.0051,0.0001
8459.6,137,-0.0046,-0.0029,-0.0096,0.0200,0.0051,-0.0029
8469.6,138,-0.0076,-0.0013,-0.0096,0.0217,0.0051,-0.0060
8479.6,139,-0.0030,-0.0059,-0.0081,0.0209,0.0051,-0.0075
8489.6,140,-0.0061,-0.0059,-0.0081,0.0200,0.0051,-0.0044
8499.6,141,-0.0091,-0.0074,-0.0126,0.0209,0.0051,-0.0090
8509.6,142,-0.0076,-0.0120,-0.0157,0.0200,0.0036,-0.0075
8519.6,143,-0.0061,-0.0151,-0.0172,0.0209,0.0036,-0.0060
8529.6,144,-0.0046,-0.0135,-0.0187,0.0200,0.0021,-0.0121
8539.6,145,-0.0030,-0.0120,-0.0187,0.0200,0.0021,-0.0121
8549.6,146,-0.0046,-0.0120,-0.0081,0.0200,0.0036,-0.0105
8559.6,147,-0.0107,-0.0120,-0.0081,0.0209,0.0036,-0.0105
8569.6,148,-0.0076,-0.0197,-0.0081,0.0200,0.0021,-0.0166
8579.6,149,-0.0076,-0.0181,-0.0096,0.0191,0.0005,-0.0227
8589.6,150,-0.0137,-0.0197,-0.0111,0.0191,0.0021,-0.0197
8599.6,151,-0.0152,-0.0151,-0.0065,0.0209,0.0021,-0.0197
8609.6,152,-0.0152,-0.0166,-0.0004,0.0200,0.0021,-0.0197
8619.6,153,-0.0152,-0.0166,-0.0050,0.0209,0.0005,-0.0151
8629.6,154,-0.0122,-0.0135,-0.0096,0.0217,0.0005,-0.0090
8639.5,155,-0.0061,-0.0059,-0.0065,0.0200,-0.0010,-0.0060
8649.5,156,-0.0030,-0.0044,-0.0111,0.0209,-0.0025,-0.0044
8659.5,157,-0.0015,-0.0013,-0.0142,0.0200,0.0005,0.0047
8669.5,158,-0.0030,0.0002,-0.0157,0.0209,0.0005,0.0062
8679.5,159,-0.0030,-0.0059,-0.0065,0.0209,-0.0010,0.0078
8689.5,160,0.0015,-0.0059,0.0011,0.0200,0.0005,0.0017
8699.5,161,0.0061,-0.0013,0.0072,0.0209,0.0005,-0.0014
8709.5,162,0.0122,0.0032,0.0072,0.0217,0.0005,0.0017
8719.5,163,0.0168,0.0109,0.0072,0.0200,-0.0010,0.0062
8729.5,164,0.0168,0.0170,0.0179,0.0209,0.0036,0.0123
8739.5,165,0.0168,0.0154,0.0194,0.0191,0.0036,0.0139
8749.5,166,0.0214,0.0200,0.0225,0.0200,0.0036,0.0184
8759.5,167,0.0199,0.0170,0.0148,0.0200,0.0051,0.0169
8769.5,168,0.0229,0.0215,0.0133,0.0217,0.0036,0.0184
8779.5,169,0.0244,0.0185,0.0087,0.0209,0.0051,0.0215
8789.5,170,0.0244,0.0231,0.0072,0.0200,0.0066,0.0184
8799.5,171,0.0214,0.0215,0.0103,0.0209,0.0021,0.0154
8809.5,172,0.0183,0.0185,0.0194,0.0209,0.0066,0.0169
8819.5,173,0.0183,0.0200,0.0225,0.0209,0.0051,0.0154
8829.5,174,0.0183,0.0215,0.0194,0.0200,0.0066,0.0123
8839.5,175,0.0199,0.0185,0.0164,0.0200,0.0082,0.0154
8849.5,176,0.0199,0.0170,0.0133,0.0200,0.0082,0.0123
8859.5,177,0.0138,0.0109,0.0133,0.0209,0.0082,0.0139
8869.5,178,0.0199,0.0093,0.0179,0.0209,0.0082,0.0139
8879.5,179,0.0229,0.0093,0.0179,0.0200,0.0082,0.0139
8889.5,180,0.0199,0.0124,0.0148,0.0209,0.0082,0.0154
8899.5,181,0.0168,0.0170,0.0072,0.0191,0.0097,0.0154
8909.5,182,0.0138,0.0185,0.0072,0.0200,0.0082,0.0108
8919.5,183,0.0061,0.0139,0.0118,0.0200,0.0097,0.0169
8929.5,184,0.0061,0.0124,0.0103,0.0209,0.0097,0.0169
8939.5,185,0.0077,0.0109,0.0087,0.0209,0.0112,0.0169
8949.5,186,0.0107,0.0109,0.0072,0.0209,0.0082,0.0093
8959.5,187,0.0092,0.0093,0.0103,0.0209,0.0097,0.0032
8969.5,188,0.0153,0.0078,0.0118,0.0209,0.0097,0.0062
8979.5,189,0.0153,0.0078,0.0133,0.0200,0.0097,0.0123
8989.5,190,0.0168,0.0078,0.0148,0.0200,0.0082,0.0200
8999.5,191,0.0260,0.0185,0.0164,0.0209,0.0097,0.0276
9009.5,192,0.0244,0.0231,0.0148,0.0217,0.0112,0.0337
9019.5,193,0.0275,0.0231,0.0194,0.0217,0.0143,0.0352
9029.5,194,0.0305,0.0246,0.0301,0.0209,0.0128,0.0291
9039.5,195,0.0275,0.0231,0.0347,0.0200,0.0128,0.0276
9049.5,196,0.0275,0.0200,0.0362,0.0200,0.0128,0.0337
9059.5,197,0.0305,0.0277,0.0347,0.0200,0.0128,0.0368
9069.5,198,0.0321,0.0292,0.0286,0.0200,0.0158,0.0352
9079.5,199,0.0336,0.0261,0.0255,0.0200,0.0158,0.0276
9089.5,200,0.0305,0.0231,0.0240,0.0209,0.0158,0.0246
9099.5,201,0.0214,0.0154,0.0164,0.0217,0.0158,0.0230
9109.5,202,0.0168,0.0109,0.0103,0.0209,0.0143,0.0154
9119.5,203,0.0138,0.0032,0.0041,0.0209,0.0158,0.0078
9129.5,204,0.0153,-0.0013,-0.0020,0.0200,0.0158,0.0062
9139.5,205,0.0092,-0.0029,0.0026,0.0209,0.0143,0.0017
9149.5,206,0.0077,-0.0059,0.0087,0.0209,0.0158,0.0062
9159.5,207,0.0031,-0.0029,0.0057,0.0209,0.0158,0.0078
9169.5,208,0.0046,0.0002,-0.0020,0.0200,0.0143,0.0078
9179.5,209,0.0046,0.0048,-0.0020,0.0200,0.0128,0.0032
9189.5,210,0.0061,0.0093,0.0011,0.0209,0.0158,-0.0029
9199.5,211,0.0077,0.0170,0.0057,0.0200,0.0143,0.0032
9209.5,212,0.0061,0.0154,0.0103,0.0200,0.0143,0.0062
9219.5,213,0.0046,0.0109,0.0118,0.0200,0.0128,0.0017
9229.5,214,0.0046,0.0078,0.0103,0.0200,0.0128,0.0001
9239.5,215,0.0031,0.0078,0.0072,0.0200,0.0128,0.0001
9249.5,216,0.0015,0.0048,0.0041,0.0209,0.0112,0.0032
9259.5,217,0.0000,0.0063,-0.0004,0.0200,0.0143,0.0032
9269.5,218,-0.0076,0.0093,0.0041,0.0191,0.0128,0.0047
9279.5,219,-0.0061,0.0063,0.0041,0.0209,0.0128,0.0032
9289.5,220,-0.0061,0.0048,0.0011,0.0200,0.0112,-0.0014
9299.5,221,-0.0061,-0.0013,-0.0020,0.0200,0.0112,-0.0060
9309.5,222,-0.0015,-0.0059,-0.0035,0.0200,0.0128,-0.0105
9319.5,223,-0.0061,-0.0029,-0.0050,0.0200,0.0128,-0.0090
9329.5,224,-0.0061,-0.0044,-0.0004,0.0200,0.0128,-0.0105
9339.5,225,-0.0061,-0.0074,-0.0020,0.0200,0.0112,-0.0136
9349.5,226,-0.0046,-0.0059,0.0011,0.0209,0.0112,-0.0105
9359.5,227,-0.0015,-0.0044,0.0011,0.0200,0.0097,-0.0044
9369.5,228,0.0031,-0.0013,0.0011,0.0200,0.0097,-0.0014
9379.5,229,0.0046,-0.0029,-0.0020,0.0200,0.0082,0.0047
9389.5,230,0.0015,-0.0059,-0.0065,0.0217,0.0066,-0.0029
9399.5,231,-0.0046,-0.0090,-0.0081,0.0200,0.0082,-0.0029
9409.5,232,-0.0015,-0.0120,-0.0035,0.0200,0.0097,-0.0014
9419.5,233,0.0015,-0.0120,-0.0004,0.0209,0.0112,0.0001
9429.5,234,0.0000,-0.0105,-0.0050,0.0200,0.0082,-0.0014
9439.5,235,-0.0030,-0.0120,-0.0035,0.0209,0.0082,0.0001
9449.5,236,-0.0046,-0.0074,-0.0004,0.0200,0.0066,-0.0014
9459.5,237,-0.0015,-0.0090,0.0026,0.0209,0.0066,0.0017
9469.5,238,0.0000,-0.0105,0.0011,0.0200,0.0066,-0.0014
9479.5,239,0.0015,-0.0029,0.0026,0.0209,0.0082,0.0001
9489.5,240,0.0061,0.0048,0.0041,0.0209,0.0082,0.0001
9499.5,241,0.0138,0.0109,-0.0004,0.0191,0.0066,0.0062
9509.5,242,0.0199,0.0139,0.0011,0.0200,0.0082,0.0139
9519.5,243,0.0199,0.0154,0.0041,0.0209,0.0097,0.0169
9529.5,244,0.0199,0.0200,0.0118,0.0200,0.0082,0.0215
9539.5,245,0.0214,0.0154,0.0179,0.0200,0.0097,0.0215
9549.5,246,0.0260,0.0170,0.0209,0.0200,0.0097,0.0246
9559.5,247,0.0275,0.0170,0.0194,0.0191,0.0112,0.0184
9569.5,248,0.0229,0.0200,0.0240,0.0200,0.0112,0.0154
9579.5,249,0.0199,0.0185,0.0301,0.0209,0.0097,0.0230
9589.5,250,0.0229,0.0154,0.0255,0.0200,0.0112,0.0246
9599.5,251,0.0229,0.0154,0.0194,0.0209,0.0097,0.0291
9609.5,252,0.0229,0.0154,0.0209,0.0209,0.0128,0.0337
9619.5,253,0.0244,0.0139,0.0209,0.0209,0.0128,0.0291
9629.5,254,0.0214,0.0124,0.0164,0.0191,0.0128,0.0246
9639.5,255,0.0183,0.0124,0.0179,0.0200,0.0143,0.0230
9649.5,0,0.0183,0.0124,0.0164,0.0209,0.0128,0.0200
9659.5,1,0.0168,0.0063,0.0164,0.0209,0.0128,0.0184
9669.5,2,0.0153,0.0078,0.0194,0.0217,0.0143,0.0139
9679.5,3,0.0153,0.0063,0.0179,0.0209,0.0128,0.0093
9689.5,4,0.0138,0.0032,0.0133,0.0200,0.0143,0.0093
9699.5,5,0.0077,0.0032,0.0072,0.0200,0.0143,0.0032
9709.5,6,0.0061,0.0078,0.0057,0.0209,0.0143,0.0017
9719.5,7,0.0031,0.0093,0.0133,0.0209,0.0143,0.0032
9729.5,8,-0.0030,0.0078,0.0072,0.0200,0.0128,0.0062
9739.5,9,0.0000,0.0017,0.0026,0.0209,0.0112,0.0062
9749.5,10,0.0046,0.0048,0.0087,0.0209,0.0128,0.0047
9759.5,11,0.0046,0.0048,0.0087,0.0217,0.0143,0.0001
9769.5,12,0.0077,0.0093,0.0072,0.0217,0.0128,-0.0029
9779.5,13,0.0092,0.0109,0.0118,0.0209,0.0097,0.0062
9789.5,14,0.0077,0.0109,0.0148,0.0217,0.0128,0.0032
9799.5,15,0.0092,0.0093,0.0148,0.0209,0.0128,-0.0029
9809.5,16,0.0138,0.0032,0.0148,0.0209,0.0143,0.0093
9819.5,17,0.0183,0.0078,0.0148,0.0200,0.0158,0.0062
9829.5,18,0.0122,0.0109,0.0164,0.0209,0.0143,0.0078
9839.5,19,0.0138,0.0139,0.0164,0.0209,0.0143,0.0078
9849.5,20,0.0107,0.0170,0.0148,0.0209,0.0128,0.0093
9859.5,21,0.0122,0.0139,0.0133,0.0217,0.0128,0.0108
9869.5,22,0.0107,0.0063,0.0103,0.0217,0.0128,0.0078
9879.5,23,0.0107,0.0063,0.0072,0.0217,0.0128,-0.0014
9889.5,24,0.0122,0.0048,0.0118,0.0200,0.0128,-0.0014
9899.5,25,0.0092,0.0002,0.0103,0.0209,0.0128,-0.0029
9909.5,26,0.0046,0.0032,0.0087,0.0200,0.0112,0.0001
9919.5,27,-0.0046,0.0002,0.0057,0.0217,0.0128,-0.0060
9929.5,28,-0.0107,0.0002,0.0026,0.0200,0.0128,-0.0060
9939.5,29,-0.0137,-0.0059,-0.0004,0.0209,0.0143,-0.0044
9949.5,30,-0.0091,-0.0074,-0.0004,0.0217,0.0128,-0.0060
9959.5,31,-0.0091,-0.0090,-0.0035,0.0209,0.0158,-0.0075
9969.5,32,-0.0091,-0.0074,-0.0050,0.0200,0.0128,-0.0136
9979.5,33,-0.0091,-0.0044,-0.0096,0.0217,0.0128,-0.0121
9989.5,34,-0.0137,-0.0074,-0.0081,0.0209,0.0097,-0.0060
9999.5,35,-0.0122,-0.0074,-0.0020,0.0226,0.0128,-0.0014
10009.5,36,-0.0137,-0.0074,0.0011,0.0200,0.0082,-0.0014
10019.5,37,-0.0091,-0.0105,0.0011,0.0200,0.0097,-0.0014
10029.5,38,-0.0061,-0.0120,-0.0050,0.0209,0.0097,-0.0105
10039.5,39,-0.0076,-0.0151,-0.0050,0.0209,0.0097,-0.0090
10049.5,40,-0.0046,-0.0135,-0.0020,0.0209,0.0097,-0.0060
10059.5,41,-0.0015,-0.0135,-0.0035,0.0217,0.0097,-0.0075
10069.5,42,-0.0046,-0.0120,0.0026,0.0200,0.0097,-0.0136
10079.5,43,-0.0076,-0.0135,-0.0020,0.0200,0.0097,-0.0136
10089.5,44,-0.0091,-0.0120,-0.0096,0.0209,0.0082,-0.0136
10099.5,45,-0.0107,-0.0105,-0.0157,0.0217,0.0082,-0.0212
10109.5,46,-0.0076,-0.0135,-0.0218,0.0217,0.0066,-0.0197
10119.5,47,-0.0061,-0.0135,-0.0187,0.0209,0.0066,-0.0166
10129.5,48,-0.0137,-0.0135,-0.0157,0.0209,0.0066,-0.0136
10139.5,49,-0.0152,-0.0135,-0.0126,0.0209,0.0082,-0.0121
10149.5,50,-0.0168,-0.0181,-0.0126,0.0200,0.0036,-0.0136
10159.5,51,-0.0168,-0.0197,-0.0111,0.0209,0.0066,-0.0151
10169.5,52,-0.0107,-0.0166,-0.0157,0.0217,0.0051,-0.0090
10179.5,53,-0.0061,-0.0074,-0.0081,0.0209,0.0066,-0.0044
10189.5,54,-0.0046,-0.0090,-0.0004,0.0200,0.0051,-0.0060
10199.5,55,0.0000,0.0002,0.0057,0.0209,0.0066,-0.0029
10209.5,56,0.0046,0.0063,0.0072,0.0209,0.0066,0.0078
10219.5,57,0.0077,0.0109,0.0087,0.0200,0.0066,0.0123
10229.5,58,0.0107,0.0109,0.0148,0.0209,0.0051,0.0169
10239.5,59,0.0168,0.0170,0.0225,0.0209,0.0097,0.0215
10249.5,60,0.0244,0.0246,0.0270,0.0209,0.0066,0.0230
10259.5,61,0.0290,0.0277,0.0255,0.0209,0.0066,0.0307
10269.5,62,0.0336,0.0307,0.0240,0.0217,0.0082,0.0261
10279.5,63,0.0336,0.0307,0.0179,0.0200,0.0082,0.0215
10289.5,64,0.0275,0.0200,0.0240,0.0200,0.0097,0.0200
10299.5,65,0.0229,0.0231,0.0225,0.0217,0.0097,0.0261
10309.5,66,0.0229,0.0231,0.0194,0.0217,0.0097,0.0261
10319.5,67,0.0199,0.0215,0.0179,0.0217,0.0097,0.0200
10329.5,68,0.0183,0.0246,0.0194,0.0209,0.0097,0.0169
10339.5,69,0.0138,0.0215,0.0225,0.0209,0.0097,0.0169
10349.5,70,0.0183,0.0185,0.0179,0.0209,0.0112,0.0184
10359.5,71,0.0229,0.0185,0.0148,0.0209,0.0128,0.0169
10369.5,72,0.0244,0.0277,0.0240,0.0217,0.0112,0.0169
10379.5,73,0.0244,0.0261,0.0225,0.0217,0.0128,0.0200
10389.5,74,0.0229,0.0215,0.0194,0.0209,0.0128,0.0246
10399.5,75,0.0183,0.0185,0.0148,0.0200,0.0143,0.0246
10409.5,76,0.0229,0.0124,0.0164,0.0209,0.0128,0.0230
10419.5,77,0.0260,0.0139,0.0118,0.0217,0.0128,0.0169
10429.5,78,0.0183,0.0093,0.0072,0.0217,0.0143,0.0169
10439.5,79,0.0138,0.0048,0.0087,0.0217,0.0128,0.0184
10449.5,80,0.0077,0.0032,0.0072,0.0200,0.0143,0.0230
10459.5,81,0.0046,0.0048,0.0072,0.0217,0.0143,0.0215
10469.5,82,0.0061,0.0048,0.0011,0.0217,0.0158,0.0108
10479.5,83,0.0046,0.0032,0.0041,0.0209,0.0128,0.0078
10489.5,84,-0.0015,0.0032,0.0057,0.0217,0.0128,-0.0014
10499.5,85,-0.0030,0.0078,0.0057,0.0217,0.0128,0.0001
10509.5,86,-0.0030,0.0048,0.0087,0.0209,0.0128,0.0062
10519.5,87,0.0015,0.0048,0.0133,0.0209,0.0128,0.0108
10529.5,88,0.0092,0.0078,0.0133,0.0217,0.0143,0.0139
10539.5,89,0.0138,0.0093,0.0133,0.0217,0.0143,0.0139
10549.5,90,0.0168,0.0139,0.0148,0.0200,0.0128,0.0184
10559.4,91,0.0153,0.0200,0.0164,0.0200,0.0143,0.0184
10569.4,92,0.0199,0.0231,0.0240,0.0200,0.0143,0.0169
10579.4,93,0.0260,0.0200,0.0331,0.0209,0.0158,0.0184
10589.4,94,0.0275,0.0215,0.0377,0.0209,0.0158,0.0184
10599.4,95,0.0244,0.0246,0.0347,0.0209,0.0143,0.0246
10609.4,96,0.0260,0.0246,0.0270,0.0209,0.0158,0.0276
10619.4,97,0.0290,0.0246,0.0209,0.0209,0.0143,0.0230
10629.4,98,0.0321,0.0231,0.0164,0.0217,0.0173,0.0200
10639.4,99,0.0199,0.0154,0.0118,0.0209,0.0158,0.0123
10649.4,100,0.0077,0.0124,0.0057,0.0209,0.0143,0.0093
10659.4,101,-0.0030,0.0093,0.0072,0.0226,0.0158,0.0093
10669.4,102,-0.0030,0.0017,-0.0004,0.0226,0.0143,0.0078
10679.4,103,-0.0076,-0.0059,-0.0065,0.0209,0.0143,-0.0014
10689.4,104,-0.0137,-0.0090,-0.0172,0.0209,0.0128,-0.0060
10699.4,105,-0.0152,-0.0151,-0.0248,0.0209,0.0128,-0.0121
10709.4,106,-0.0152,-0.0197,-0.0294,0.0209,0.0112,-0.0166
10719.4,107,-0.0183,-0.0135,-0.0340,0.0209,0.0128,-0.0197
10729.4,108,-0.0259,-0.0227,-0.0371,0.0209,0.0128,-0.0212
10739.4,109,-0.0259,-0.0273,-0.0309,0.0209,0.0112,-0.0227
10749.4,110,-0.0229,-0.0303,-0.0279,0.0209,0.0097,-0.0258
10759.4,111,-0.0244,-0.0303,-0.0233,0.0200,0.0082,-0.0304
10769.4,112,-0.0244,-0.0319,-0.0279,0.0209,0.0082,-0.0319
10779.4,113,-0.0229,-0.0349,-0.0248,0.0209,0.0066,-0.0350
10789.4,114,-0.0244,-0.0303,-0.0294,0.0209,0.0051,-0.0319
10799.4,115,-0.0259,-0.0242,-0.0264,0.0209,0.0066,-0.0319
10809.4,116,-0.0244,-0.0258,-0.0279,0.0200,0.0066,-0.0380
10819.4,117,-0.0244,-0.0258,-0.0218,0.0209,0.0036,-0.0365
10829.4,118,-0.0259,-0.0273,-0.0248,0.0209,0.0036,-0.0350
10839.4,119,-0.0244,-0.0242,-0.0187,0.0200,0.0021,-0.0289
10849.4,120,-0.0229,-0.0242,-0.0203,0.0209,0.0051,-0.0212
10859.4,121,-0.0259,-0.0273,-0.0233,0.0200,0.0021,-0.0182
10869.4,122,-0.0244,-0.0242,-0.0233,0.0200,0.0021,-0.0227
10879.4,123,-0.0198,-0.0212,-0.0218,0.0209,0.0021,-0.0227
10889.4,124,-0.0168,-0.0197,-0.0187,0.0217,0.0005,-0.0212
10899.4,125,-0.0107,-0.0166,-0.0157,0.0217,-0.0010,-0.0166
10909.4,126,-0.0030,-0.0151,-0.0065,0.0217,-0.0025,-0.0090
10919.4,127,-0.0015,-0.0120,-0.0065,0.0209,0.0005,-0.0060
10929.4,128,-0.0015,-0.0120,-0.0111,0.0209,-0.0025,-0.0029
10939.4,129,-0.0030,-0.0166,-0.0065,0.0200,0.0005,0.0017
10949.4,130,0.0046,-0.0197,-0.0111,0.0217,-0.0025,-0.0029
10959.4,131,0.0031,-0.0074,-0.0065,0.0209,-0.0010,-0.0029
10969.4,132,-0.0015,0.0048,-0.0020,0.0209,-0.0025,0.0032
10979.4,133,0.0000,0.0048,0.0026,0.0226,0.0005,0.0108
10989.4,134,0.0031,0.0078,0.0041,0.0217,0.0021,0.0108
10999.4,135,0.0046,0.0109,0.0072,0.0217,0.0021,0.0123
11009.4,136,0.0061,0.0139,0.0103,0.0209,0.0036,0.0215
11019.4,137,0.0107,0.0185,0.0133,0.0209,0.0005,0.0230
11029.4,138,0.0183,0.0246,0.0255,0.0200,0.0005,0.0246
11039.4,139,0.0229,0.0215,0.0286,0.0209,0.0036,0.0200
11049.4,140,0.0244,0.0231,0.0316,0.0209,0.0036,0.0261
11059.4,141,0.0351,0.0307,0.0392,0.0217,0.0051,0.0307
11069.4,142,0.0382,0.0353,0.0392,0.0209,0.0051,0.0291
11079.4,143,0.0366,0.0353,0.0377,0.0226,0.0082,0.0307
11089.4,144,0.0366,0.0399,0.0408,0.0209,0.0066,0.0352
11099.4,145,0.0412,0.0414,0.0408,0.0217,0.0097,0.0383
11109.4,146,0.0397,0.0399,0.0438,0.0217,0.0097,0.0383
11119.4,147,0.0412,0.0399,0.0423,0.0217,0.0112,0.0368
11129.4,148,0.0412,0.0353,0.0392,0.0200,0.0097,0.0383
11139.4,149,0.0427,0.0307,0.0316,0.0217,0.0082,0.0368
11149.4,150,0.0412,0.0353,0.0316,0.0217,0.0112,0.0307
11159.4,151,0.0351,0.0353,0.0331,0.0209,0.0143,0.0276
11169.4,152,0.0336,0.0307,0.0331,0.0217,0.0128,0.0215
11179.4,153,0.0290,0.0353,0.0301,0.0226,0.0128,0.0215
11189.4,154,0.0244,0.0338,0.0331,0.0209,0.0143,0.0230
11199.4,155,0.0321,0.0414,0.0362,0.0200,0.0173,0.0322
11209.4,156,0.0427,0.0490,0.0438,0.0209,0.0173,0.0459
11219.4,157,0.0550,0.0597,0.0545,0.0217,0.0173,0.0612
11229.4,158,0.0641,0.0673,0.0637,0.0209,0.0173,0.0703
11239.4,159,0.0717,0.0780,0.0698,0.0209,0.0204,0.0749
11249.4,160,0.0763,0.0963,0.0804,0.0209,0.0234,0.0825
11259.4,161,0.0885,0.1146,0.0957,0.0200,0.0234,0.0963
11269.4,162,0.1023,0.1207,0.1110,0.0209,0.0265,0.1085
11279.4,163,0.1190,0.1238,0.1247,0.0209,0.0295,0.1192
11289.4,164,0.1267,0.1253,0.1323,0.0209,0.0295,0.1192
11299.4,165,0.1328,0.1284,0.1338,0.0209,0.0326,0.1268
11309.4,166,0.1312,0.1375,0.1308,0.0209,0.0372,0.1344
11319.4,167,0.1343,0.1467,0.1354,0.0200,0.0417,0.1405
11329.4,168,0.1450,0.1512,0.1445,0.0209,0.0417,0.1481
11339.4,169,0.1557,0.1512,0.1506,0.0217,0.0448,0.1512
11349.4,170,0.1618,0.1512,0.1613,0.0209,0.0494,0.1634
11359.4,171,0.1648,0.1574,0.1720,0.0200,0.0524,0.1695
11369.4,172,0.1694,0.1619,0.1735,0.0200,0.0555,0.1741
11379.4,173,0.1740,0.1696,0.1781,0.0209,0.0555,0.1741
11389.4,174,0.1755,0.1772,0.1812,0.0200,0.0601,0.1802
11399.4,175,0.1801,0.1818,0.1796,0.0200,0.0631,0.1878
11409.4,176,0.1847,0.1863,0.1827,0.0209,0.0692,0.1893
11419.4,177,0.1923,0.1818,0.1857,0.0217,0.0707,0.1939
11429.4,178,0.1923,0.1772,0.1857,0.0209,0.0723,0.1939
11439.4,179,0.1892,0.1787,0.1842,0.0209,0.0753,0.1924
11449.4,180,0.1831,0.1787,0.1842,0.0209,0.0784,0.1863
11459.4,181,0.1770,0.1741,0.1857,0.0191,0.0784,0.1771
11469.4,182,0.1770,0.1757,0.1781,0.0191,0.0829,0.1710
11479.4,183,0.1709,0.1665,0.1735,0.0191,0.0860,0.1710
11489.4,184,0.1587,0.1543,0.1659,0.0191,0.0890,0.1604
11499.4,185,0.1496,0.1467,0.1598,0.0191,0.0906,0.1527
11509.4,186,0.1480,0.1436,0.1552,0.0191,0.0921,0.1436
11519.4,187,0.1435,0.1329,0.1445,0.0191,0.0906,0.1359
11529.4,188,0.1374,0.1284,0.1338,0.0191,0.0936,0.1314
11539.4,189,0.1221,0.1207,0.1171,0.0200,0.0921,0.1222
11549.4,190,0.1038,0.1055,0.1003,0.0191,0.0951,0.1054
11559.4,191,0.0901,0.0872,0.0865,0.0200,0.0951,0.0841
11569.4,192,0.0763,0.0734,0.0698,0.0191,0.0921,0.0673
11579.4,193,0.0595,0.0551,0.0591,0.0191,0.0906,0.0505
11589.4,194,0.0412,0.0383,0.0423,0.0183,0.0875,0.0322
11599.4,195,0.0275,0.0215,0.0255,0.0200,0.0890,0.0169
11609.4,196,0.0138,0.0109,0.0164,0.0183,0.0875,0.0123
11619.4,197,0.0061,0.0063,0.0072,0.0191,0.0860,0.0062
11629.4,198,-0.0015,0.0032,0.0026,0.0191,0.0814,-0.0014
11639.4,199,-0.0030,0.0002,-0.0004,0.0191,0.0799,-0.0121
11649.4,200,-0.0061,-0.0044,-0.0065,0.0191,0.0784,-0.0166
11659.4,201,-0.0137,-0.0090,-0.0126,0.0183,0.0784,-0.0151
11669.4,202,-0.0137,-0.0059,-0.0111,0.0183,0.0738,-0.0075
11679.4,203,-0.0076,0.0002,-0.0096,0.0183,0.0738,-0.0044
11689.4,204,-0.0030,0.0017,-0.0035,0.0183,0.0692,-0.0044
11699.4,205,0.0031,0.0078,0.0072,0.0183,0.0707,-0.0014
11709.4,206,0.0077,0.0093,0.0225,0.0183,0.0692,0.0093
11719.4,207,0.0183,0.0185,0.0331,0.0191,0.0677,0.0215
11729.4,208,0.0321,0.0338,0.0392,0.0200,0.0662,0.0383
11739.4,209,0.0427,0.0536,0.0484,0.0183,0.0692,0.0505
11749.4,210,0.0534,0.0658,0.0591,0.0183,0.0662,0.0612
11759.4,211,0.0702,0.0795,0.0728,0.0183,0.0662,0.0703
11769.4,212,0.0885,0.0917,0.0881,0.0191,0.0677,0.0810
11779.4,213,0.0992,0.0978,0.0957,0.0183,0.0677,0.0917
11789.4,214,0.1114,0.1024,0.1064,0.0183,0.0692,0.1008
11799.4,215,0.1160,0.1039,0.1125,0.0174,0.0723,0.1069
11809.4,216,0.1175,0.1070,0.1140,0.0191,0.0723,0.1176
11819.4,217,0.1206,0.1116,0.1186,0.0183,0.0723,0.1207
11829.4,218,0.1206,0.1207,0.1232,0.0191,0.0738,0.1253
11839.4,219,0.1312,0.1314,0.1293,0.0183,0.0753,0.1268
11849.4,220,0.1374,0.1360,0.1369,0.0183,0.0768,0.1344
11859.4,221,0.1404,0.1406,0.1400,0.0183,0.0799,0.1375
11869.4,222,0.1435,0.1451,0.1400,0.0191,0.0814,0.1420
11879.4,223,0.1511,0.1512,0.1476,0.0174,0.0829,0.1466
11889.4,224,0.1541,0.1543,0.1552,0.0191,0.0845,0.1527
11899.4,225,0.1602,0.1650,0.1598,0.0174,0.0875,0.1649
11909.4,226,0.1618,0.1696,0.1659,0.0174,0.0890,0.1710
11919.4,227,0.1679,0.1696,0.1735,0.0183,0.0890,0.1741
11929.4,228,0.1786,0.1711,0.1781,0.0183,0.0951,0.1787
11939.4,229,0.1816,0.1711,0.1750,0.0183,0.0951,0.1771
11949.4,230,0.1770,0.1696,0.1735,0.0183,0.0982,0.1771
11959.4,231,0.1770,0.1680,0.1766,0.0183,0.0997,0.1787
11969.4,232,0.1755,0.1711,0.1812,0.0174,0.1028,0.1756
11979.4,233,0.1724,0.1757,0.1781,0.0183,0.1043,0.1787
11989.4,234,0.1709,0.1726,0.1766,0.0183,0.1058,0.1802
11999.4,235,0.1724,0.1757,0.1781,0.0183,0.1074,0.1771
12009.4,236,0.1755,0.1757,0.1827,0.0191,0.1089,0.1710
12019.4,237,0.1740,0.1741,0.1827,0.0174,0.1104,0.1771
12029.4,238,0.1724,0.1711,0.1781,0.0183,0.1119,0.1756
12039.4,239,0.1709,0.1726,0.1766,0.0174,0.1150,0.1741
12049.4,240,0.1740,0.1741,0.1735,0.0191,0.1165,0.1741
12059.4,241,0.1740,0.1741,0.1735,0.0174,0.1180,0.1771
12069.4,242,0.1740,0.1757,0.1766,0.0165,0.1196,0.1802
12079.4,243,0.1770,0.1787,0.1720,0.0174,0.1211,0.1832
12089.4,244,0.1755,0.1802,0.1644,0.0174,0.1226,0.1832
12099.4,245,0.1709,0.1787,0.1613,0.0174,0.1257,0.1787
12109.4,246,0.1602,0.1711,0.1552,0.0174,0.1241,0.1710
12119.4,247,0.1557,0.1650,0.1491,0.0174,0.1257,0.1558
12129.4,248,0.1465,0.1528,0.1476,0.0174,0.1257,0.1436
12139.4,249,0.1358,0.1390,0.1384,0.0165,0.1272,0.1314
12149.4,250,0.1282,0.1299,0.1323,0.0157,0.1257,0.1253
12159.4,251,0.1175,0.1177,0.1216,0.0165,0.1272,0.1131
12169.4,252,0.1053,0.1085,0.1110,0.0157,0.1272,0.1054
12179.4,253,0.0901,0.1024,0.1018,0.0165,0.1241,0.0917
12189.4,254,0.0839,0.0933,0.0972,0.0174,0.1241,0.0871
12199.4,255,0.0809,0.0780,0.0942,0.0165,0.1226,0.0856
12209.4,0,0.0809,0.0750,0.0911,0.0165,0.1211,0.0841
12219.4,1,0.0763,0.0689,0.0820,0.0165,0.1196,0.0795
12229.4,2,0.0748,0.0643,0.0789,0.0157,0.1180,0.0749
12239.4,3,0.0748,0.0643,0.0774,0.0157,0.1165,0.0719
12249.4,4,0.0687,0.0597,0.0682,0.0165,0.1150,0.0658
12259.4,5,0.0656,0.0536,0.0576,0.0157,0.1150,0.0642
12269.4,6,0.0595,0.0582,0.0515,0.0148,0.1150,0.0566
12279.4,7,0.0565,0.0643,0.0484,0.0157,0.1135,0.0535
12289.4,8,0.0550,0.0582,0.0453,0.0157,0.1104,0.0535
12299.4,9,0.0534,0.0505,0.0515,0.0157,0.1104,0.0551
12309.4,10,0.0504,0.0490,0.0545,0.0157,0.1104,0.0551
12319.4,11,0.0534,0.0490,0.0560,0.0157,0.1074,0.0520
12329.4,12,0.0595,0.0521,0.0484,0.0157,0.1074,0.0505
12339.4,13,0.0565,0.0490,0.0484,0.0148,0.1058,0.0505
12349.4,14,0.0519,0.0490,0.0469,0.0148,0.1043,0.0520
12359.4,15,0.0534,0.0505,0.0438,0.0157,0.1028,0.0566
12369.4,16,0.0534,0.0536,0.0515,0.0148,0.1013,0.0612
12379.4,17,0.0519,0.0536,0.0484,0.0148,0.0997,0.0581
12389.4,18,0.0504,0.0536,0.0515,0.0148,0.0997,0.0596
12399.4,19,0.0550,0.0551,0.0499,0.0157,0.0982,0.0566
12409.4,20,0.0580,0.0521,0.0530,0.0148,0.0967,0.0581
12419.4,21,0.0611,0.0475,0.0560,0.0148,0.0982,0.0581
12429.4,22,0.0656,0.0475,0.0560,0.0157,0.0967,0.0581
12439.4,23,0.0687,0.0551,0.0560,0.0148,0.0967,0.0535
12449.4,24,0.0672,0.0627,0.0545,0.0157,0.0921,0.0551
12459.4,25,0.0626,0.0627,0.0484,0.0157,0.0936,0.0566
12469.4,26,0.0550,0.0597,0.0453,0.0157,0.0936,0.0581
12479.3,27,0.0519,0.0536,0.0423,0.0139,0.0921,0.0581
12489.3,28,0.0458,0.0521,0.0453,0.0148,0.0906,0.0551
12499.3,29,0.0458,0.0551,0.0499,0.0139,0.0906,0.0551
12509.3,30,0.0473,0.0597,0.0530,0.0157,0.0890,0.0612
12519.3,31,0.0504,0.0566,0.0560,0.0157,0.0906,0.0658
12529.3,32,0.0519,0.0582,0.0530,0.0157,0.0906,0.0673
12539.3,33,0.0534,0.0566,0.0515,0.0148,0.0875,0.0673
12549.3,34,0.0550,0.0612,0.0530,0.0157,0.0890,0.0673
12559.3,35,0.0595,0.0673,0.0576,0.0157,0.0860,0.0734
12569.3,36,0.0641,0.0673,0.0637,0.0148,0.0875,0.0749
12579.3,37,0.0641,0.0750,0.0713,0.0148,0.0875,0.0734
12589.3,38,0.0656,0.0780,0.0728,0.0139,0.0860,0.0703
12599.3,39,0.0687,0.0780,0.0713,0.0157,0.0860,0.0688
12609.3,40,0.0687,0.0734,0.0667,0.0157,0.0845,0.0688
12619.3,41,0.0656,0.0658,0.0606,0.0157,0.0829,0.0688
12629.3,42,0.0626,0.0612,0.0560,0.0165,0.0860,0.0627
12639.3,43,0.0565,0.0536,0.0545,0.0148,0.0829,0.0596
12649.3,44,0.0534,0.0490,0.0515,0.0148,0.0829,0.0581
12659.3,45,0.0504,0.0399,0.0499,0.0148,0.0829,0.0535
12669.3,46,0.0489,0.0444,0.0469,0.0148,0.0814,0.0474
12679.3,47,0.0473,0.0460,0.0392,0.0157,0.0814,0.0429
12689.3,48,0.0412,0.0414,0.0316,0.0157,0.0784,0.0383
12699.3,49,0.0382,0.0368,0.0301,0.0148,0.0784,0.0352
12709.3,50,0.0366,0.0368,0.0255,0.0148,0.0768,0.0322
12719.3,51,0.0382,0.0368,0.0240,0.0148,0.0768,0.0307
12729.3,52,0.0397,0.0307,0.0270,0.0157,0.0753,0.0352
12739.3,53,0.0351,0.0353,0.0331,0.0157,0.0723,0.0368
12749.3,54,0.0336,0.0368,0.0377,0.0165,0.0738,0.0398
12759.3,55,0.0305,0.0338,0.0377,0.0148,0.0707,0.0368
12769.3,56,0.0290,0.0322,0.0331,0.0157,0.0707,0.0368
12779.3,57,0.0305,0.0322,0.0377,0.0157,0.0707,0.0352
12789.3,58,0.0290,0.0353,0.0423,0.0148,0.0677,0.0368
12799.3,59,0.0305,0.0368,0.0408,0.0148,0.0707,0.0383
12809.3,60,0.0290,0.0399,0.0438,0.0148,0.0662,0.0429
12819.3,61,0.0351,0.0444,0.0438,0.0165,0.0692,0.0459
12829.3,62,0.0427,0.0521,0.0453,0.0157,0.0662,0.0490
12839.3,63,0.0443,0.0551,0.0484,0.0157,0.0677,0.0490
12849.3,64,0.0534,0.0582,0.0530,0.0157,0.0662,0.0520
12859.3,65,0.0580,0.0612,0.0499,0.0139,0.0662,0.0581
12869.3,66,0.0580,0.0566,0.0484,0.0148,0.0662,0.0581
12879.3,67,0.0565,0.0536,0.0499,0.0157,0.0662,0.0535
12889.3,68,0.0534,0.0490,0.0469,0.0139,0.0646,0.0535
12899.3,69,0.0534,0.0505,0.0484,0.0148,0.0662,0.0566
12909.3,70,0.0519,0.0475,0.0499,0.0148,0.0662,0.0505
12919.3,71,0.0489,0.0444,0.0438,0.0157,0.0646,0.0490
12929.3,72,0.0427,0.0429,0.0469,0.0139,0.0662,0.0459
12939.3,73,0.0427,0.0368,0.0499,0.0148,0.0631,0.0413
12949.3,74,0.0412,0.0368,0.0469,0.0148,0.0631,0.0429
12959.3,75,0.0366,0.0307,0.0331,0.0148,0.0631,0.0413
12969.3,76,0.0336,0.0246,0.0225,0.0157,0.0616,0.0307
12979.3,77,0.0321,0.0154,0.0209,0.0148,0.0616,0.0276
12989.3,78,0.0275,0.0154,0.0255,0.0157,0.0601,0.0276
12999.3,79,0.0275,0.0170,0.0286,0.0157,0.0601,0.0291
13009.3,80,0.0244,0.0246,0.0240,0.0157,0.0601,0.0276
13019.3,81,0.0214,0.0246,0.0209,0.0157,0.0570,0.0230
13029.3,82,0.0183,0.0246,0.0164,0.0157,0.0570,0.0200
13039.3,83,0.0214,0.0185,0.0209,0.0139,0.0570,0.0215
13049.3,84,0.0229,0.0139,0.0225,0.0157,0.0555,0.0230
13059.3,85,0.0214,0.0109,0.0240,0.0148,0.0555,0.0184
13069.3,86,0.0199,0.0124,0.0194,0.0148,0.0539,0.0139
13079.3,87,0.0153,0.0170,0.0179,0.0148,0.0524,0.0139
13089.3,88,0.0138,0.0139,0.0179,0.0148,0.0524,0.0154
13099.3,89,0.0122,0.0124,0.0164,0.0148,0.0509,0.0169
13109.3,90,0.0138,0.0063,0.0133,0.0139,0.0494,0.0154
13119.3,91,0.0107,0.0063,0.0103,0.0165,0.0509,0.0154
13129.3,92,0.0061,0.0063,0.0087,0.0165,0.0494,0.0139
13139.3,93,0.0031,0.0109,0.0026,0.0148,0.0463,0.0139
13149.3,94,0.0061,0.0170,0.0041,0.0165,0.0463,0.0123
13159.3,95,0.0077,0.0170,0.0087,0.0157,0.0463,0.0093
13169.3,96,0.0092,0.0124,0.0118,0.0148,0.0463,0.0123
13179.3,97,0.0092,0.0109,0.0103,0.0157,0.0433,0.0108
13189.3,98,0.0122,0.0124,0.0133,0.0157,0.0433,0.0154
13199.3,99,0.0107,0.0139,0.0118,0.0157,0.0433,0.0123
13209.3,100,0.0138,0.0185,0.0057,0.0148,0.0417,0.0078
13219.3,101,0.0107,0.0139,0.0026,0.0148,0.0417,0.0078
13229.3,102,0.0077,0.0124,0.0041,0.0148,0.0417,0.0078
13239.3,103,0.0077,0.0093,0.0072,0.0148,0.0433,0.0047
13249.3,104,0.0046,0.0063,0.0057,0.0148,0.0402,0.0001
13259.3,105,0.0000,0.0017,0.0041,0.0148,0.0402,0.0001
13269.3,106,-0.0076,0.0063,-0.0004,0.0157,0.0372,0.0032
13279.3,107,-0.0107,0.0048,-0.0065,0.0157,0.0372,-0.0014
13289.3,108,-0.0137,-0.0059,-0.0035,0.0148,0.0372,-0.0044
13299.3,109,-0.0122,-0.0105,-0.0020,0.0148,0.0372,-0.0044
13309.3,110,-0.0091,-0.0090,0.0041,0.0157,0.0341,0.0017
13319.3,111,-0.0015,-0.0059,0.0011,0.0157,0.0326,0.0047
13329.3,112,0.0031,-0.0059,0.0011,0.0148,0.0341,0.0017
13339.3,113,0.0031,-0.0029,-0.0020,0.0148,0.0326,-0.0044
13349.3,114,-0.0046,-0.0044,-0.0096,0.0165,0.0295,-0.0121
13359.3,115,-0.0122,-0.0105,-0.0142,0.0157,0.0311,-0.0182
13369.3,116,-0.0183,-0.0181,-0.0187,0.0148,0.0311,-0.0151
13379.3,117,-0.0198,-0.0181,-0.0187,0.0157,0.0295,-0.0212
13389.3,118,-0.0198,-0.0227,-0.0233,0.0148,0.0265,-0.0212
13399.3,119,-0.0244,-0.0288,-0.0279,0.0157,0.0250,-0.0243
13409.3,120,-0.0305,-0.0364,-0.0294,0.0148,0.0250,-0.0273
13419.3,121,-0.0305,-0.0349,-0.0294,0.0165,0.0219,-0.0304
13429.3,122,-0.0351,-0.0273,-0.0294,0.0148,0.0219,-0.0289
13439.3,123,-0.0335,-0.0303,-0.0279,0.0148,0.0204,-0.0289
13449.3,124,-0.0335,-0.0334,-0.0309,0.0157,0.0189,-0.0319
13459.3,125,-0.0351,-0.0303,-0.0264,0.0165,0.0219,-0.0334
13469.3,126,-0.0335,-0.0288,-0.0203,0.0157,0.0173,-0.0319
13479.3,127,-0.0351,-0.0319,-0.0187,0.0148,0.0189,-0.0258
13489.3,128,-0.0305,-0.0273,-0.0233,0.0157,0.0173,-0.0212
13499.3,129,-0.0259,-0.0273,-0.0264,0.0157,0.0173,-0.0182
13509.3,130,-0.0229,-0.0288,-0.0279,0.0157,0.0143,-0.0166
13519.3,131,-0.0213,-0.0273,-0.0264,0.0157,0.0143,-0.0166
13529.3,132,-0.0229,-0.0288,-0.0264,0.0157,0.0128,-0.0182
13539.3,133,-0.0290,-0.0303,-0.0294,0.0157,0.0128,-0.0212
13549.3,134,-0.0351,-0.0334,-0.0279,0.0157,0.0112,-0.0243
13559.3,135,-0.0305,-0.0334,-0.0294,0.0165,0.0112,-0.0243
13569.3,136,-0.0274,-0.0319,-0.0264,0.0165,0.0097,-0.0258
13579.3,137,-0.0259,-0.0273,-0.0218,0.0174,0.0082,-0.0289
13589.3,138,-0.0290,-0.0242,-0.0264,0.0157,0.0066,-0.0243
13599.3,139,-0.0244,-0.0288,-0.0279,0.0157,0.0066,-0.0258
13609.3,140,-0.0229,-0.0349,-0.0294,0.0165,0.0051,-0.0319
13619.3,141,-0.0244,-0.0395,-0.0325,0.0157,0.0066,-0.0289
13629.3,142,-0.0259,-0.0380,-0.0309,0.0165,0.0051,-0.0289
13639.3,143,-0.0244,-0.0380,-0.0340,0.0157,0.0051,-0.0258
13649.3,144,-0.0213,-0.0303,-0.0340,0.0165,0.0021,-0.0212
13659.3,145,-0.0229,-0.0288,-0.0309,0.0165,0.0005,-0.0212
13669.3,146,-0.0229,-0.0258,-0.0279,0.0165,0.0021,-0.0227
13679.3,147,-0.0198,-0.0288,-0.0233,0.0165,0.0021,-0.0212
13689.3,148,-0.0168,-0.0288,-0.0218,0.0165,0.0005,-0.0166
13699.3,149,-0.0183,-0.0212,-0.0218,0.0165,0.0005,-0.0166
13709.3,150,-0.0183,-0.0151,-0.0218,0.0165,0.0021,-0.0136
13719.3,151,-0.0137,-0.0105,-0.0187,0.0174,-0.0010,-0.0090
13729.3,152,-0.0061,-0.0135,-0.0111,0.0165,-0.0010,-0.0075
13739.3,153,-0.0076,-0.0151,-0.0111,0.0165,0.0005,-0.0090
13749.3,154,-0.0076,-0.0197,-0.0111,0.0165,-0.0010,-0.0136
13759.3,155,-0.0107,-0.0181,-0.0126,0.0165,0.0005,-0.0121
13769.3,156,-0.0152,-0.0120,-0.0081,0.0165,-0.0010,-0.0075
13779.3,157,-0.0122,-0.0090,-0.0035,0.0174,-0.0010,-0.0060
13789.3,158,-0.0046,-0.0090,0.0011,0.0165,0.0005,-0.0029
13799.3,159,-0.0015,-0.0074,0.0026,0.0165,-0.0025,0.0001
13809.3,160,0.0046,-0.0013,0.0011,0.0174,0.0005,-0.0029
13819.3,161,0.0077,0.0002,0.0026,0.0174,-0.0010,0.0017
13829.3,162,0.0077,0.0048,0.0041,0.0174,0.0021,0.0078
13839.3,163,0.0138,0.0124,0.0103,0.0174,0.0021,0.0154
13849.3,164,0.0183,0.0139,0.0194,0.0165,0.0021,0.0093
13859.3,165,0.0229,0.0170,0.0240,0.0174,0.0021,0.0139
13869.3,166,0.0229,0.0185,0.0316,0.0165,0.0036,0.0246
13879.3,167,0.0275,0.0215,0.0316,0.0174,0.0051,0.0291
13889.3,168,0.0321,0.0200,0.0301,0.0165,0.0051,0.0322
13899.3,169,0.0290,0.0261,0.0347,0.0165,0.0036,0.0352
13909.3,170,0.0275,0.0338,0.0331,0.0165,0.0066,0.0352
13919.3,171,0.0321,0.0399,0.0377,0.0165,0.0082,0.0368
13929.3,172,0.0397,0.0429,0.0423,0.0183,0.0097,0.0398
13939.3,173,0.0412,0.0414,0.0408,0.0174,0.0097,0.0459
13949.3,174,0.0412,0.0475,0.0377,0.0165,0.0128,0.0505
13959.3,175,0.0458,0.0521,0.0423,0.0174,0.0112,0.0490
13969.3,176,0.0504,0.0551,0.0530,0.0174,0.0128,0.0551
13979.3,177,0.0534,0.0597,0.0484,0.0165,0.0128,0.0551
13989.3,178,0.0626,0.0643,0.0484,0.0165,0.0158,0.0505
13999.3,179,0.0656,0.0612,0.0545,0.0165,0.0173,0.0505
14009.3,180,0.0702,0.0658,0.0621,0.0174,0.0173,0.0566
14019.3,181,0.0687,0.0643,0.0682,0.0183,0.0173,0.0642
14029.3,182,0.0641,0.0673,0.0759,0.0165,0.0204,0.0688
14039.3,183,0.0626,0.0704,0.0698,0.0174,0.0219,0.0703
14049.3,184,0.0641,0.0704,0.0698,0.0157,0.0219,0.0688
14059.3,185,0.0687,0.0689,0.0698,0.0165,0.0250,0.0688
14069.3,186,0.0672,0.0673,0.0667,0.0174,0.0250,0.0703
14079.3,187,0.0672,0.0704,0.0652,0.0174,0.0280,0.0673
14089.3,188,0.0641,0.0673,0.0667,0.0174,0.0265,0.0596
14099.3,189,0.0641,0.0658,0.0652,0.0157,0.0265,0.0551
14109.3,190,0.0565,0.0597,0.0621,0.0174,0.0280,0.0520
14119.3,191,0.0489,0.0536,0.0515,0.0183,0.0295,0.0535
14129.3,192,0.0443,0.0460,0.0438,0.0174,0.0311,0.0474
14139.3,193,0.0473,0.0444,0.0438,0.0174,0.0311,0.0429
14149.3,194,0.0443,0.0429,0.0423,0.0174,0.0326,0.0444
14159.3,195,0.0382,0.0414,0.0392,0.0174,0.0311,0.0429
14169.3,196,0.0305,0.0414,0.0362,0.0174,0.0311,0.0459
14179.3,197,0.0260,0.0353,0.0423,0.0165,0.0295,0.0413
14189.3,198,0.0290,0.0353,0.0438,0.0174,0.0326,0.0337
14199.3,199,0.0290,0.0399,0.0392,0.0183,0.0311,0.0352
14209.3,200,0.0321,0.0368,0.0347,0.0174,0.0341,0.0398
14219.3,201,0.0366,0.0353,0.0362,0.0174,0.0326,0.0398
14229.3,202,0.0397,0.0338,0.0347,0.0165,0.0356,0.0368
14239.3,203,0.0412,0.0399,0.0377,0.0165,0.0341,0.0291
14249.3,204,0.0397,0.0399,0.0377,0.0165,0.0311,0.0291
14259.3,205,0.0351,0.0399,0.0316,0.0165,0.0326,0.0307
14269.3,206,0.0290,0.0353,0.0286,0.0165,0.0326,0.0291
14279.3,207,0.0290,0.0383,0.0286,0.0165,0.0341,0.0276
14289.3,208,0.0305,0.0368,0.0331,0.0165,0.0326,0.0383
14299.3,209,0.0351,0.0383,0.0362,0.0174,0.0326,0.0413
14309.3,210,0.0366,0.0399,0.0347,0.0165,0.0356,0.0429
14319.3,211,0.0351,0.0399,0.0316,0.0165,0.0326,0.0413
14329.3,212,0.0305,0.0338,0.0331,0.0165,0.0341,0.0383
14339.3,213,0.0351,0.0338,0.0362,0.0174,0.0326,0.0352
14349.3,214,0.0412,0.0353,0.0362,0.0174,0.0341,0.0398
14359.3,215,0.0412,0.0307,0.0377,0.0165,0.0341,0.0398
14369.3,216,0.0366,0.0368,0.0392,0.0174,0.0341,0.0398
14379.3,217,0.0351,0.0383,0.0408,0.0157,0.0341,0.0383
14389.3,218,0.0427,0.0414,0.0438,0.0165,0.0326,0.0368
14399.2,219,0.0412,0.0429,0.0438,0.0157,0.0356,0.0429
14409.2,220,0.0382,0.0414,0.0469,0.0165,0.0341,0.0474
14419.2,221,0.0397,0.0383,0.0408,0.0165,0.0356,0.0429
14429.2,222,0.0366,0.0383,0.0408,0.0174,0.0356,0.0413
14439.2,223,0.0336,0.0399,0.0408,0.0165,0.0356,0.0368
14449.2,224,0.0321,0.0383,0.0377,0.0174,0.0387,0.0368
14459.2,225,0.0305,0.0383,0.0362,0.0174,0.0372,0.0368
14469.2,226,0.0321,0.0353,0.0362,0.0174,0.0356,0.0307
14479.2,227,0.0351,0.0292,0.0270,0.0157,0.0356,0.0307
14489.2,228,0.0382,0.0322,0.0255,0.0165,0.0372,0.0261
14499.2,229,0.0382,0.0322,0.0240,0.0165,0.0387,0.0276
14509.2,230,0.0305,0.0292,0.0255,0.0165,0.0356,0.0307
14519.2,231,0.0290,0.0322,0.0286,0.0174,0.0372,0.0307
14529.2,232,0.0260,0.0353,0.0240,0.0165,0.0356,0.0246
14539.2,233,0.0229,0.0322,0.0255,0.0165,0.0356,0.0215
14549.2,234,0.0229,0.0246,0.0255,0.0174,0.0356,0.0215
14559.2,235,0.0244,0.0185,0.0255,0.0165,0.0356,0.0184
14569.2,236,0.0244,0.0139,0.0255,0.0165,0.0356,0.0184
14579.2,237,0.0275,0.0154,0.0194,0.0165,0.0356,0.0154
14589.2,238,0.0321,0.0139,0.0133,0.0174,0.0356,0.0139
14599.2,239,0.0336,0.0170,0.0087,0.0174,0.0356,0.0108
14609.2,240,0.0275,0.0185,0.0087,0.0165,0.0341,0.0123
14619.2,241,0.0260,0.0185,0.0118,0.0174,0.0356,0.0108
14629.2,242,0.0229,0.0139,0.0118,0.0174,0.0341,0.0078
14639.2,243,0.0168,0.0124,0.0103,0.0165,0.0326,0.0062
14649.2,244,0.0107,0.0124,0.0057,0.0165,0.0311,0.0062
14659.2,245,0.0077,0.0093,0.0057,0.0165,0.0326,0.0017
14669.2,246,0.0000,0.0093,0.0087,0.0165,0.0311,0.0001
14679.2,247,0.0046,0.0078,0.0118,0.0157,0.0311,0.0001
14689.2,248,0.0138,0.0154,0.0179,0.0165,0.0311,0.0032
14699.2,249,0.0183,0.0139,0.0194,0.0165,0.0295,0.0078
14709.2,250,0.0168,0.0048,0.0225,0.0174,0.0295,0.0032
14719.2,251,0.0122,0.0017,0.0225,0.0165,0.0295,0.0047
14729.2,252,0.0061,0.0063,0.0194,0.0165,0.0280,0.0001
14739.2,253,0.0077,0.0124,0.0148,0.0157,0.0280,0.0001
14749.2,254,0.0046,0.0154,0.0103,0.0174,0.0280,0.0078
14759.2,255,0.0061,0.0139,0.0087,0.0165,0.0295,0.0139
14769.2,0,0.0092,0.0093,0.0041,0.0165,0.0265,0.0169
14779.2,1,0.0138,0.0032,0.0087,0.0174,0.0265,0.0154
14789.2,2,0.0214,0.0063,0.0087,0.0174,0.0280,0.0184
14799.2,3,0.0199,0.0078,0.0118,0.0174,0.0265,0.0154
14809.2,4,0.0153,0.0139,0.0209,0.0174,0.0280,0.0123
14819.2,5,0.0138,0.0154,0.0209,0.0165,0.0280,0.0139
14829.2,6,0.0092,0.0200,0.0225,0.0165,0.0265,0.0154
14839.2,7,0.0077,0.0246,0.0225,0.0165,0.0265,0.0184
14849.2,8,0.0122,0.0261,0.0209,0.0165,0.0265,0.0200
14859.2,9,0.0183,0.0231,0.0225,0.0174,0.0250,0.0139
14869.2,10,0.0199,0.0185,0.0255,0.0165,0.0265,0.0123
14879.2,11,0.0229,0.0154,0.0270,0.0165,0.0250,0.0078
14889.2,12,0.0260,0.0170,0.0225,0.0165,0.0265,0.0108
14899.2,13,0.0229,0.0170,0.0225,0.0174,0.0280,0.0108
14909.2,14,0.0183,0.0185,0.0209,0.0165,0.0280,0.0123
14919.2,15,0.0214,0.0185,0.0225,0.0165,0.0250,0.0139
14929.2,16,0.0229,0.0261,0.0255,0.0174,0.0250,0.0215
14939.2,17,0.0244,0.0231,0.0255,0.0183,0.0250,0.0261
14949.2,18,0.0260,0.0200,0.0194,0.0183,0.0280,0.0307
14959.2,19,0.0260,0.0185,0.0194,0.0165,0.0250,0.0322
14969.2,20,0.0290,0.0261,0.0209,0.0174,0.0265,0.0276
14979.2,21,0.0305,0.0261,0.0240,0.0157,0.0265,0.0200
14989.2,22,0.0275,0.0368,0.0255,0.0165,0.0280,0.0200
14999.2,23,0.0260,0.0368,0.0301,0.0174,0.0265,0.0215
15009.2,24,0.0275,0.0353,0.0301,0.0174,0.0265,0.0215
15019.2,25,0.0290,0.0307,0.0316,0.0165,0.0280,0.0215
15029.2,26,0.0336,0.0246,0.0347,0.0174,0.0265,0.0230
15039.2,27,0.0412,0.0292,0.0423,0.0157,0.0250,0.0307
15049.2,28,0.0458,0.0383,0.0408,0.0165,0.0295,0.0413
15059.2,29,0.0504,0.0414,0.0438,0.0165,0.0295,0.0474
15069.2,30,0.0565,0.0429,0.0484,0.0174,0.0311,0.0490
15079.2,31,0.0672,0.0475,0.0530,0.0165,0.0295,0.0505
15089.2,32,0.0702,0.0551,0.0530,0.0165,0.0311,0.0505
15099.2,33,0.0702,0.0612,0.0576,0.0165,0.0326,0.0596
15109.2,34,0.0687,0.0673,0.0637,0.0165,0.0326,0.0673
15119.2,35,0.0748,0.0811,0.0713,0.0174,0.0356,0.0749
15129.2,36,0.0839,0.0887,0.0774,0.0165,0.0356,0.0810
15139.2,37,0.0855,0.0902,0.0789,0.0174,0.0372,0.0856
15149.2,38,0.0839,0.0887,0.0835,0.0165,0.0387,0.0871
15159.2,39,0.0839,0.0887,0.0835,0.0165,0.0402,0.0902
15169.2,40,0.0839,0.0872,0.0820,0.0174,0.0417,0.0902
15179.2,41,0.0870,0.0826,0.0820,0.0174,0.0417,0.0856
15189.2,42,0.0855,0.0795,0.0804,0.0174,0.0433,0.0825
15199.2,43,0.0824,0.0704,0.0713,0.0174,0.0433,0.0780
15209.2,44,0.0778,0.0612,0.0621,0.0165,0.0433,0.0703
15219.2,45,0.0687,0.0551,0.0621,0.0174,0.0448,0.0703
15229.2,46,0.0641,0.0536,0.0621,0.0183,0.0433,0.0627
15239.2,47,0.0550,0.0536,0.0576,0.0174,0.0448,0.0596
15249.2,48,0.0504,0.0460,0.0438,0.0165,0.0478,0.0535
15259.2,49,0.0458,0.0444,0.0392,0.0174,0.0463,0.0520
15269.2,50,0.0397,0.0353,0.0392,0.0165,0.0463,0.0429
15279.2,51,0.0351,0.0292,0.0316,0.0174,0.0448,0.0307
15289.2,52,0.0275,0.0231,0.0209,0.0174,0.0448,0.0200
15299.2,53,0.0183,0.0246,0.0164,0.0157,0.0433,0.0154
15309.2,54,0.0122,0.0170,0.0118,0.0165,0.0433,0.0154
15319.2,55,0.0092,0.0109,0.0087,0.0165,0.0417,0.0078
15329.2,56,0.0061,0.0078,0.0041,0.0174,0.0417,0.0017
15339.2,57,0.0015,0.0078,0.0057,0.0165,0.0402,0.0001
15349.2,58,-0.0030,0.0032,-0.0035,0.0157,0.0372,0.0017
15359.2,59,-0.0046,0.0002,-0.0096,0.0174,0.0387,-0.0029
15369.2,60,-0.0076,-0.0044,-0.0081,0.0165,0.0372,-0.0044
15379.2,61,-0.0107,0.0017,-0.0050,0.0165,0.0341,-0.0044
15389.2,62,-0.0122,-0.0013,-0.0065,0.0174,0.0372,-0.0044
15399.2,63,-0.0091,-0.0044,0.0011,0.0157,0.0356,-0.0060
15409.2,64,-0.0091,-0.0044,-0.0004,0.0165,0.0326,0.0001
15419.2,65,-0.0091,-0.0029,0.0011,0.0157,0.0326,0.0062
15429.2,66,-0.0046,-0.0029,-0.0020,0.0165,0.0326,0.0062
15439.2,67,-0.0015,-0.0044,0.0026,0.0165,0.0311,0.0062
15449.2,68,-0.0061,-0.0029,-0.0004,0.0165,0.0295,0.0017
15459.2,69,-0.0076,-0.0013,-0.0035,0.0165,0.0295,-0.0029
15469.2,70,-0.0091,0.0002,-0.0035,0.0165,0.0295,-0.0029
15479.2,71,-0.0091,0.0002,-0.0050,0.0165,0.0280,-0.0014
15489.2,72,-0.0076,-0.0090,-0.0065,0.0165,0.0280,-0.0014
15499.2,73,-0.0046,-0.0074,-0.0035,0.0174,0.0280,0.0001
15509.2,74,0.0015,-0.0074,-0.0065,0.0174,0.0265,0.0032
15519.2,75,0.0015,-0.0044,-0.0035,0.0165,0.0280,0.0047
15529.2,76,-0.0015,-0.0044,-0.0081,0.0165,0.0295,0.0062
15539.2,77,-0.0015,-0.0074,-0.0126,0.0165,0.0250,0.0017
15549.2,78,-0.0015,-0.0074,-0.0081,0.0165,0.0250,-0.0014
15559.2,79,-0.0046,-0.0059,-0.0065,0.0157,0.0234,-0.0090
15569.2,80,-0.0061,-0.0044,-0.0065,0.0165,0.0234,-0.0121
15579.2,81,-0.0046,-0.0074,-0.0126,0.0165,0.0250,-0.0136
15589.2,82,-0.0061,-0.0090,-0.0126,0.0174,0.0219,-0.0090
15599.2,83,-0.0046,-0.0105,-0.0096,0.0174,0.0204,-0.0044
15609.2,84,-0.0046,-0.0135,-0.0142,0.0165,0.0219,-0.0090
15619.2,85,-0.0061,-0.0197,-0.0142,0.0165,0.0189,-0.0121
15629.2,86,-0.0076,-0.0181,-0.0111,0.0165,0.0204,-0.0090
15639.2,87,-0.0061,-0.0151,-0.0004,0.0174,0.0189,-0.0060
15649.2,88,-0.0061,-0.0135,-0.0004,0.0148,0.0158,-0.0105
15659.2,89,-0.0107,-0.0135,-0.0035,0.0174,0.0158,-0.0121
15669.2,90,-0.0137,-0.0120,-0.0065,0.0174,0.0189,-0.0136
15679.2,91,-0.0137,-0.0166,-0.0081,0.0174,0.0189,-0.0121
15689.2,92,-0.0137,-0.0135,-0.0065,0.0174,0.0173,-0.0090
15699.2,93,-0.0091,-0.0105,-0.0050,0.0174,0.0158,-0.0060
15709.2,94,-0.0107,-0.0120,-0.0065,0.0165,0.0128,-0.0060
15719.2,95,-0.0091,-0.0105,-0.0096,0.0165,0.0143,-0.0090
15729.2,96,-0.0122,-0.0029,-0.0157,0.0165,0.0128,-0.0121
15739.2,97,-0.0183,-0.0059,-0.0157,0.0165,0.0143,-0.0136
15749.2,98,-0.0213,-0.0044,-0.0157,0.0183,0.0128,-0.0166
15759.2,99,-0.0259,-0.0044,-0.0157,0.0174,0.0112,-0.0136
15769.2,100,-0.0198,-0.0044,-0.0157,0.0183,0.0112,-0.0090
15779.2,101,-0.0152,-0.0044,-0.0142,0.0174,0.0097,-0.0060
15789.2,102,-0.0091,-0.0105,-0.0081,0.0183,0.0097,0.0001
15799.2,103,-0.0107,-0.0105,-0.0020,0.0174,0.0097,0.0017
15809.2,104,-0.0076,-0.0059,-0.0020,0.0165,0.0097,0.0001
15819.2,105,-0.0076,0.0002,-0.0096,0.0165,0.0097,-0.0014
15829.2,106,-0.0015,0.0017,-0.0065,0.0174,0.0112,-0.0090
15839.2,107,-0.0030,-0.0013,0.0041,0.0165,0.0112,-0.0060
15849.2,108,-0.0015,0.0002,0.0072,0.0174,0.0082,0.0017
15859.2,109,0.0046,0.0032,0.0133,0.0174,0.0097,0.0047
15869.2,110,0.0107,0.0093,0.0103,0.0174,0.0112,0.0047
15879.2,111,0.0122,0.0124,0.0118,0.0174,0.0082,0.0108
15889.2,112,0.0138,0.0185,0.0164,0.0174,0.0097,0.0154
15899.2,113,0.0092,0.0185,0.0240,0.0174,0.0097,0.0200
15909.2,114,0.0077,0.0154,0.0225,0.0174,0.0097,0.0169
15919.2,115,0.0122,0.0185,0.0209,0.0183,0.0128,0.0139
15929.2,116,0.0153,0.0200,0.0133,0.0165,0.0128,0.0200
15939.2,117,0.0168,0.0215,0.0148,0.0174,0.0112,0.0200
15949.2,118,0.0183,0.0185,0.0194,0.0183,0.0112,0.0261
15959.2,119,0.0244,0.0200,0.0270,0.0174,0.0143,0.0230
15969.2,120,0.0229,0.0170,0.0255,0.0174,0.0128,0.0154
15979.2,121,0.0199,0.0200,0.0240,0.0191,0.0143,0.0108
15989.2,122,0.0199,0.0154,0.0209,0.0165,0.0128,0.0108
15999.2,123,0.0199,0.0200,0.0103,0.0174,0.0112,0.0184
16009.2,124,0.0214,0.0215,0.0103,0.0183,0.0128,0.0246
16019.2,125,0.0122,0.0215,0.0179,0.0191,0.0128,0.0307
16029.2,126,0.0107,0.0200,0.0301,0.0183,0.0158,0.0322
16039.2,127,0.0168,0.0215,0.0255,0.0174,0.0143,0.0276
16049.2,128,0.0214,0.0200,0.0240,0.0174,0.0173,0.0261
16059.2,129,0.0260,0.0231,0.0286,0.0165,0.0143,0.0215
16069.2,130,0.0290,0.0231,0.0255,0.0183,0.0158,0.0230
16079.2,131,0.0305,0.0246,0.0255,0.0174,0.0173,0.0261
16089.2,132,0.0305,0.0246,0.0270,0.0183,0.0189,0.0307
16099.2,133,0.0382,0.0231,0.0270,0.0174,0.0158,0.0291
16109.2,134,0.0382,0.0261,0.0194,0.0174,0.0189,0.0261
16119.2,135,0.0382,0.0261,0.0209,0.0183,0.0204,0.0291
16129.2,136,0.0336,0.0292,0.0209,0.0191,0.0173,0.0352
16139.2,137,0.0290,0.0277,0.0209,0.0174,0.0189,0.0322
16149.2,138,0.0260,0.0292,0.0240,0.0174,0.0204,0.0322
16159.2,139,0.0229,0.0277,0.0209,0.0174,0.0204,0.0246
16169.2,140,0.0183,0.0277,0.0194,0.0174,0.0189,0.0215
16179.2,141,0.0138,0.0124,0.0209,0.0174,0.0189,0.0169
16189.2,142,0.0061,0.0063,0.0225,0.0174,0.0204,0.0200
16199.2,143,0.0046,0.0017,0.0164,0.0183,0.0189,0.0154
16209.2,144,0.0015,-0.0013,0.0164,0.0183,0.0189,0.0154
16219.2,145,0.0046,0.0063,0.0072,0.0174,0.0189,0.0093
16229.2,146,0.0077,0.0093,0.0026,0.0183,0.0189,0.0017
16239.2,147,0.0061,0.0154,-0.0020,0.0165,0.0173,0.0032
16249.2,148,0.0015,0.0154,-0.0035,0.0174,0.0173,0.0062
16259.2,149,0.0031,0.0154,-0.0020,0.0165,0.0189,0.0017
16269.2,150,0.0046,0.0109,-0.0004,0.0183,0.0158,-0.0044
16279.2,151,0.0000,0.0063,-0.0035,0.0174,0.0158,0.0017
16289.2,152,-0.0030,0.0002,-0.0065,0.0174,0.0158,0.0032
16299.2,153,0.0015,-0.0029,-0.0020,0.0174,0.0173,0.0017
16309.2,154,-0.0030,-0.0029,-0.0004,0.0174,0.0189,-0.0014
16319.1,155,0.0000,-0.0044,-0.0004,0.0165,0.0173,-0.0029
16329.1,156,-0.0030,-0.0044,-0.0035,0.0174,0.0143,-0.0014
16339.1,157,-0.0076,-0.0044,0.0011,0.0183,0.0158,0.0001
16349.1,158,-0.0046,-0.0074,0.0011,0.0183,0.0158,0.0017
16359.1,159,0.0031,-0.0029,-0.0050,0.0183,0.0158,0.0017
16369.1,160,0.0031,-0.0029,-0.0050,0.0183,0.0158,0.0047
16379.1,161,-0.0015,-0.0013,-0.0035,0.0183,0.0143,0.0032
16389.1,162,-0.0061,-0.0029,-0.0020,0.0183,0.0128,-0.0060
16399.1,163,-0.0091,-0.0013,-0.0096,0.0165,0.0143,-0.0136
16409.1,164,-0.0107,-0.0044,-0.0111,0.0174,0.0128,-0.0182
16419.1,165,-0.0122,-0.0105,-0.0081,0.0183,0.0112,-0.0166
16429.1,166,-0.0168,-0.0120,-0.0081,0.0174,0.0112,-0.0151
16439.1,167,-0.0152,-0.0090,-0.0065,0.0183,0.0128,-0.0182
16449.1,168,-0.0107,-0.0120,-0.0096,0.0174,0.0097,-0.0136
16459.1,169,-0.0122,-0.0090,-0.0096,0.0183,0.0112,-0.0090
16469.1,170,-0.0152,-0.0074,-0.0081,0.0174,0.0082,-0.0105
16479.1,171,-0.0107,-0.0120,-0.0035,0.0174,0.0097,-0.0151
16489.1,172,-0.0076,-0.0135,-0.0065,0.0191,0.0082,-0.0136
16499.1,173,-0.0137,-0.0181,-0.0126,0.0174,0.0097,-0.0090
16509.1,174,-0.0168,-0.0197,-0.0187,0.0191,0.0066,-0.0060
16519.1,175,-0.0137,-0.0212,-0.0218,0.0183,0.0066,-0.0105
16529.1,176,-0.0168,-0.0181,-0.0172,0.0174,0.0066,-0.0212
16539.1,177,-0.0213,-0.0151,-0.0203,0.0183,0.0051,-0.0227
16549.1,178,-0.0259,-0.0197,-0.0187,0.0174,0.0066,-0.0212
16559.1,179,-0.0305,-0.0197,-0.0264,0.0183,0.0082,-0.0182
16569.1,180,-0.0244,-0.0212,-0.0279,0.0183,0.0036,-0.0197
16579.1,181,-0.0213,-0.0166,-0.0279,0.0191,0.0036,-0.0197
16589.1,182,-0.0213,-0.0166,-0.0264,0.0191,0.0021,-0.0227
16599.1,183,-0.0244,-0.0197,-0.0233,0.0191,0.0036,-0.0227
16609.1,184,-0.0274,-0.0212,-0.0203,0.0174,0.0036,-0.0258
16619.1,185,-0.0274,-0.0227,-0.0203,0.0183,0.0021,-0.0304
16629.1,186,-0.0244,-0.0227,-0.0248,0.0174,0.0021,-0.0258
16639.1,187,-0.0259,-0.0212,-0.0218,0.0183,0.0021,-0.0273
16649.1,188,-0.0198,-0.0242,-0.0248,0.0183,0.0021,-0.0258
16659.1,189,-0.0183,-0.0242,-0.0294,0.0174,-0.0010,-0.0243
16669.1,190,-0.0168,-0.0181,-0.0279,0.0174,-0.0010,-0.0227
16679.1,191,-0.0168,-0.0242,-0.0264,0.0183,-0.0025,-0.0182
16689.1,192,-0.0168,-0.0273,-0.0248,0.0165,-0.0010,-0.0151
16699.1,193,-0.0152,-0.0227,-0.0218,0.0183,0.0005,-0.0151
16709.1,194,-0.0168,-0.0181,-0.0187,0.0191,0.0005,-0.0136
16719.1,195,-0.0152,-0.0135,-0.0187,0.0191,0.0005,-0.0121
16729.1,196,-0.0152,-0.0074,-0.0142,0.0183,-0.0010,-0.0136
16739.1,197,-0.0091,-0.0059,-0.0065,0.0174,-0.0010,-0.0090
16749.1,198,-0.0076,0.0002,-0.0004,0.0183,0.0005,-0.0029
16759.1,199,-0.0030,0.0093,0.0041,0.0191,-0.0010,0.0032
16769.1,200,0.0077,0.0109,0.0072,0.0183,-0.0025,0.0093
16779.1,201,0.0107,0.0139,0.0148,0.0183,0.0005,0.0123
16789.1,202,0.0138,0.0139,0.0240,0.0183,-0.0025,0.0123
16799.1,203,0.0168,0.0170,0.0209,0.0183,0.0021,0.0154
16809.1,204,0.0244,0.0185,0.0194,0.0200,0.0005,0.0215
16819.1,205,0.0275,0.0215,0.0209,0.0183,0.0036,0.0246
16829.1,206,0.0321,0.0185,0.0225,0.0191,0.0051,0.0230
16839.1,207,0.0321,0.0185,0.0194,0.0191,0.0021,0.0261
16849.1,208,0.0290,0.0185,0.0194,0.0183,0.0036,0.0230
16859.1,209,0.0229,0.0185,0.0255,0.0183,0.0051,0.0261
16869.1,210,0.0199,0.0261,0.0209,0.0183,0.0066,0.0246
16879.1,211,0.0168,0.0246,0.0209,0.0183,0.0066,0.0246
16889.1,212,0.0199,0.0277,0.0270,0.0191,0.0036,0.0276
16899.1,213,0.0199,0.0261,0.0286,0.0191,0.0066,0.0200
16909.1,214,0.0168,0.0246,0.0270,0.0183,0.0066,0.0169
16919.1,215,0.0183,0.0246,0.0240,0.0191,0.0082,0.0139
16929.1,216,0.0168,0.0185,0.0194,0.0183,0.0082,0.0184
16939.1,217,0.0229,0.0215,0.0164,0.0200,0.0082,0.0154
16949.1,218,0.0214,0.0200,0.0194,0.0191,0.0097,0.0139
16959.1,219,0.0229,0.0154,0.0225,0.0191,0.0097,0.0154
16969.1,220,0.0199,0.0109,0.0209,0.0183,0.0097,0.0139
16979.1,221,0.0107,0.0109,0.0133,0.0200,0.0082,0.0093
16989.1,222,0.0092,0.0139,0.0103,0.0183,0.0097,0.0123
16999.1,223,0.0077,0.0139,0.0103,0.0174,0.0112,0.0139
17009.1,224,0.0061,0.0124,0.0133,0.0174,0.0112,0.0108
17019.1,225,0.0031,0.0109,0.0103,0.0183,0.0082,0.0093
17029.1,226,0.0061,0.0048,0.0118,0.0191,0.0097,0.0078
17039.1,227,0.0092,0.0063,0.0148,0.0183,0.0097,0.0032
17049.1,228,0.0138,0.0093,0.0103,0.0183,0.0112,0.0047
17059.1,229,0.0107,0.0093,0.0103,0.0183,0.0112,0.0047
17069.1,230,0.0077,0.0109,0.0057,0.0191,0.0097,0.0062
17079.1,231,0.0046,0.0078,0.0011,0.0191,0.0112,0.0032
17089.1,232,0.0107,0.0139,0.0041,0.0191,0.0082,0.0032
17099.1,233,0.0138,0.0124,0.0072,0.0191,0.0112,0.0123
17109.1,234,0.0138,0.0124,0.0133,0.0174,0.0097,0.0123
17119.1,235,0.0107,0.0124,0.0164,0.0174,0.0112,0.0108
17129.1,236,0.0153,0.0185,0.0164,0.0191,0.0112,0.0108
17139.1,237,0.0153,0.0215,0.0103,0.0191,0.0112,0.0184
17149.1,238,0.0153,0.0215,0.0118,0.0183,0.0128,0.0169
17159.1,239,0.0199,0.0154,0.0133,0.0183,0.0128,0.0169
17169.1,240,0.0168,0.0124,0.0209,0.0183,0.0112,0.0169
17179.1,241,0.0168,0.0109,0.0225,0.0174,0.0112,0.0169
17189.1,242,0.0122,0.0139,0.0240,0.0183,0.0128,0.0184
17199.1,243,0.0107,0.0078,0.0194,0.0191,0.0128,0.0139
17209.1,244,0.0107,0.0063,0.0118,0.0191,0.0097,0.0108
17219.1,245,0.0092,0.0032,0.0072,0.0191,0.0128,0.0108
17229.1,246,0.0107,0.0032,0.0011,0.0183,0.0128,0.0093
17239.1,247,0.0092,0.0093,-0.0004,0.0191,0.0128,0.0078
17249.1,248,0.0092,0.0002,0.0041,0.0191,0.0143,0.0078
17259.1,249,0.0107,0.0002,0.0072,0.0183,0.0112,0.0093
17269.1,250,0.0107,0.0078,0.0103,0.0183,0.0128,0.0093
17279.1,251,0.0061,0.0139,0.0103,0.0191,0.0143,0.0093
17289.1,252,0.0092,0.0215,0.0133,0.0183,0.0143,0.0093
17299.1,253,0.0168,0.0215,0.0148,0.0183,0.0128,0.0139
17309.1,254,0.0138,0.0139,0.0164,0.0174,0.0128,0.0123
17319.1,255,0.0122,0.0124,0.0179,0.0174,0.0128,0.0123
17329.1,0,0.0092,0.0124,0.0148,0.0183,0.0143,0.0139
17339.1,1,0.0092,0.0215,0.0148,0.0174,0.0143,0.0154
17349.1,2,0.0107,0.0261,0.0133,0.0191,0.0128,0.0200
17359.1,3,0.0183,0.0277,0.0164,0.0183,0.0128,0.0230
17369.1,4,0.0168,0.0338,0.0209,0.0174,0.0143,0.0276
17379.1,5,0.0244,0.0353,0.0225,0.0183,0.0158,0.0307
17389.1,6,0.0260,0.0338,0.0225,0.0183,0.0158,0.0337
17399.1,7,0.0199,0.0338,0.0225,0.0191,0.0158,0.0368
17409.1,8,0.0260,0.0261,0.0255,0.0191,0.0158,0.0352
17419.1,9,0.0290,0.0215,0.0301,0.0191,0.0173,0.0337
17429.1,10,0.0321,0.0261,0.0286,0.0174,0.0173,0.0337
17439.1,11,0.0321,0.0292,0.0331,0.0191,0.0173,0.0383
17449.1,12,0.0290,0.0261,0.0347,0.0183,0.0173,0.0398
17459.1,13,0.0275,0.0231,0.0362,0.0191,0.0173,0.0352
17469.1,14,0.0214,0.0170,0.0270,0.0183,0.0189,0.0291
17479.1,15,0.0199,0.0154,0.0148,0.0191,0.0189,0.0230
17489.1,16,0.0168,0.0139,0.0057,0.0174,0.0219,0.0215
17499.1,17,0.0107,0.0109,0.0041,0.0183,0.0189,0.0246
17509.1,18,0.0077,0.0002,0.0026,0.0183,0.0173,0.0169
17519.1,19,0.0000,-0.0059,0.0057,0.0183,0.0189,0.0093
17529.1,20,-0.0030,-0.0074,0.0041,0.0174,0.0173,0.0032
17539.1,21,-0.0107,-0.0044,-0.0020,0.0183,0.0189,-0.0044
17549.1,22,-0.0152,-0.0044,-0.0050,0.0183,0.0158,-0.0090
17559.1,23,-0.0137,-0.0120,-0.0142,0.0191,0.0173,-0.0090
17569.1,24,-0.0137,-0.0166,-0.0172,0.0183,0.0158,-0.0121
17579.1,25,-0.0198,-0.0166,-0.0157,0.0200,0.0143,-0.0197
17589.1,26,-0.0198,-0.0242,-0.0142,0.0183,0.0143,-0.0273
17599.1,27,-0.0137,-0.0258,-0.0157,0.0183,0.0128,-0.0273
17609.1,28,-0.0122,-0.0212,-0.0218,0.0183,0.0128,-0.0197
17619.1,29,-0.0183,-0.0197,-0.0279,0.0183,0.0112,-0.0227
17629.1,30,-0.0229,-0.0258,-0.0340,0.0174,0.0112,-0.0166
17639.1,31,-0.0244,-0.0319,-0.0325,0.0183,0.0082,-0.0212
17649.1,32,-0.0183,-0.0288,-0.0264,0.0183,0.0097,-0.0197
17659.1,33,-0.0168,-0.0303,-0.0233,0.0174,0.0097,-0.0151
17669.1,34,-0.0183,-0.0288,-0.0203,0.0183,0.0082,-0.0166
17679.1,35,-0.0168,-0.0258,-0.0233,0.0183,0.0066,-0.0121
17689.1,36,-0.0152,-0.0258,-0.0264,0.0183,0.0082,-0.0166
17699.1,37,-0.0152,-0.0273,-0.0233,0.0183,0.0066,-0.0182
17709.1,38,-0.0168,-0.0242,-0.0294,0.0191,0.0036,-0.0182
17719.1,39,-0.0152,-0.0212,-0.0279,0.0191,0.0066,-0.0197
17729.1,40,-0.0183,-0.0212,-0.0264,0.0191,0.0036,-0.0182
17739.1,41,-0.0229,-0.0212,-0.0233,0.0183,0.0051,-0.0182
17749.1,42,-0.0229,-0.0258,-0.0248,0.0183,0.0051,-0.0227
17759.1,43,-0.0229,-0.0288,-0.0279,0.0174,0.0036,-0.0227
17769.1,44,-0.0183,-0.0288,-0.0203,0.0183,0.0005,-0.0289
17779.1,45,-0.0152,-0.0258,-0.0126,0.0183,0.0021,-0.0304
17789.1,46,-0.0168,-0.0105,-0.0096,0.0200,0.0036,-0.0227
17799.1,47,-0.0183,-0.0105,-0.0096,0.0191,0.0021,-0.0182
17809.1,48,-0.0198,-0.0151,-0.0065,0.0191,0.0005,-0.0105
17819.1,49,-0.0137,-0.0197,-0.0065,0.0191,0.0005,-0.0060
17829.1,50,-0.0091,-0.0151,-0.0065,0.0183,0.0005,-0.0014
17839.1,51,-0.0046,-0.0135,-0.0050,0.0200,0.0021,0.0062
17849.1,52,-0.0015,-0.0074,0.0011,0.0183,-0.0010,0.0032
17859.1,53,0.0031,-0.0029,0.0026,0.0191,0.0005,0.0001
17869.1,54,0.0061,-0.0029,-0.0050,0.0183,0.0005,0.0017
17879.1,55,0.0031,0.0017,-0.0065,0.0191,0.0021,0.0062
17889.1,56,0.0031,0.0093,-0.0020,0.0174,0.0021,0.0062
17899.1,57,0.0046,0.0093,-0.0020,0.0191,0.0036,0.0123
17909.1,58,0.0046,0.0093,0.0011,0.0191,0.0036,0.0139
17919.1,59,0.0092,0.0063,0.0026,0.0191,0.0021,0.0169
17929.1,60,0.0077,0.0048,0.0011,0.0191,0.0005,0.0169
17939.1,61,0.0077,0.0002,-0.0020,0.0174,0.0021,0.0123
17949.1,62,0.0061,0.0017,-0.0004,0.0183,0.0036,0.0078
17959.1,63,0.0015,0.0048,0.0011,0.0191,0.0051,0.0032
17969.1,64,0.0015,0.0032,0.0011,0.0183,0.0051,0.0017
17979.1,65,-0.0015,0.0017,0.0011,0.0183,0.0036,-0.0029
17989.1,66,-0.0076,0.0002,-0.0065,0.0191,0.0036,-0.0090
17999.1,67,-0.0046,-0.0059,-0.0096,0.0183,0.0005,-0.0121
18009.1,68,-0.0076,-0.0059,-0.0081,0.0183,0.0021,-0.0136
18019.1,69,-0.0091,-0.0090,-0.0065,0.0183,0.0021,-0.0105
18029.1,70,-0.0046,-0.0074,-0.0050,0.0183,0.0021,-0.0060
18039.1,71,-0.0061,-0.0029,-0.0065,0.0183,0.0036,-0.0090
18049.1,72,-0.0061,-0.0044,-0.0050,0.0191,0.0036,-0.0121
18059.1,73,-0.0061,-0.0090,-0.0050,0.0183,0.0021,-0.0090
18069.1,74,-0.0015,-0.0059,-0.0035,0.0183,0.0021,-0.0029
18079.1,75,0.0000,-0.0059,-0.0050,0.0191,0.0021,0.0047
18089.1,76,-0.0015,-0.0105,-0.0035,0.0183,0.0021,0.0078
18099.1,77,0.0000,-0.0105,0.0011,0.0183,0.0021,0.0032
18109.1,78,-0.0015,-0.0135,0.0041,0.0183,0.0021,0.0001
18119.1,79,-0.0061,-0.0181,-0.0004,0.0174,0.0005,0.0001
18129.1,80,-0.0091,-0.0120,0.0026,0.0183,0.0036,0.0001
18139.1,81,-0.0091,-0.0074,-0.0020,0.0183,0.0005,-0.0029
18149.1,82,-0.0091,-0.0074,-0.0050,0.0183,0.0021,-0.0075
18159.1,83,-0.0107,-0.0059,-0.0050,0.0191,0.0021,-0.0136
18169.1,84,-0.0076,-0.0135,-0.0065,0.0191,0.0021,-0.0090
18179.1,85,-0.0091,-0.0135,-0.0081,0.0191,0.0005,-0.0060
18189.1,86,-0.0091,-0.0090,-0.0096,0.0191,0.0005,-0.0075
18199.1,87,-0.0061,-0.0105,-0.0142,0.0191,0.0005,-0.0075
18209.1,88,-0.0091,-0.0105,-0.0142,0.0191,0.0005,-0.0136
18219.1,89,-0.0198,-0.0120,-0.0126,0.0183,-0.0010,-0.0136
18229.1,90,-0.0168,-0.0181,-0.0172,0.0183,0.0021,-0.0166
18239.0,91,-0.0168,-0.0151,-0.0172,0.0191,-0.0010,-0.0151
18249.0,92,-0.0168,-0.0151,-0.0172,0.0191,0.0005,-0.0151
18259.0,93,-0.0168,-0.0181,-0.0187,0.0183,0.0005,-0.0121
18269.0,94,-0.0183,-0.0197,-0.0172,0.0191,-0.0010,-0.0151
18279.0,95,-0.0198,-0.0151,-0.0172,0.0191,-0.0010,-0.0151
18289.0,96,-0.0122,-0.0135,-0.0142,0.0191,-0.0010,-0.0227
18299.0,97,-0.0122,-0.0151,-0.0157,0.0183,-0.0010,-0.0258
18309.0,98,-0.0122,-0.0120,-0.0142,0.0191,-0.0010,-0.0197
18319.0,99,-0.0107,-0.0090,-0.0096,0.0183,-0.0010,-0.0243
18329.0,100,-0.0091,-0.0105,-0.0126,0.0174,-0.0010,-0.0197
18339.0,101,-0.0076,-0.0105,-0.0065,0.0183,-0.0010,-0.0136
18349.0,102,-0.0046,-0.0135,-0.0065,0.0200,-0.0010,-0.0044
18359.0,103,-0.0015,-0.0090,-0.0050,0.0183,0.0005,0.0047
18369.0,104,0.0031,0.0002,-0.0020,0.0174,-0.0025,0.0108
18379.0,105,0.0046,0.0032,0.0041,0.0174,-0.0025,0.0108
18389.0,106,0.0046,0.0017,0.0072,0.0174,-0.0010,0.0078
18399.0,107,0.0077,0.0063,0.0087,0.0183,-0.0010,0.0047
18409.0,108,0.0122,0.0078,0.0057,0.0191,0.0005,0.0001
18419.0,109,0.0077,0.0063,0.0041,0.0191,0.0005,0.0047
18429.0,110,0.0077,0.0048,0.0041,0.0191,-0.0010,0.0093
18439.0,111,0.0031,0.0032,0.0057,0.0183,-0.0010,0.0154
18449.0,112,-0.0030,0.0017,0.0041,0.0191,0.0005,0.0169
18459.0,113,0.0000,0.0002,0.0011,0.0183,0.0005,0.0078
18469.0,114,0.0077,-0.0013,0.0026,0.0174,0.0021,0.0062
18479.0,115,0.0122,-0.0029,0.0026,0.0183,0.0005,0.0078
18489.0,116,0.0122,0.0017,-0.0020,0.0191,0.0021,0.0093
18499.0,117,0.0061,0.0093,-0.0020,0.0183,-0.0010,0.0062
18509.0,118,-0.0015,0.0109,0.0041,0.0183,0.0005,0.0017
18519.0,119,-0.0076,0.0109,0.0041,0.0191,0.0005,-0.0029
18529.0,120,-0.0076,0.0032,0.0041,0.0183,0.0005,-0.0060
18539.0,121,-0.0061,0.0002,-0.0020,0.0191,0.0005,-0.0029
18549.0,122,-0.0061,-0.0044,-0.0020,0.0174,0.0021,-0.0060
18559.0,123,-0.0015,-0.0044,-0.0096,0.0183,0.0005,-0.0060
18569.0,124,0.0077,-0.0044,-0.0035,0.0165,0.0005,-0.0075
18579.0,125,0.0061,0.0002,-0.0004,0.0183,-0.0010,-0.0090
18589.0,126,0.0031,0.0063,0.0057,0.0174,-0.0010,-0.0075
18599.0,127,-0.0015,0.0048,0.0026,0.0183,-0.0010,-0.0060
18609.0,128,-0.0030,0.0063,0.0041,0.0183,0.0005,-0.0029
18619.0,129,0.0015,0.0063,0.0041,0.0183,0.0005,-0.0014
18629.0,130,0.0107,0.0078,0.0133,0.0183,0.0005,0.0123
18639.0,131,0.0214,0.0078,0.0194,0.0183,0.0005,0.0215
18649.0,132,0.0290,0.0139,0.0301,0.0183,0.0036,0.0291
18659.0,133,0.0336,0.0261,0.0362,0.0191,0.0051,0.0322
18669.0,134,0.0458,0.0383,0.0423,0.0174,0.0051,0.0368
18679.0,135,0.0519,0.0475,0.0515,0.0183,0.0066,0.0444
18689.0,136,0.0565,0.0658,0.0560,0.0174,0.0066,0.0551
18699.0,137,0.0641,0.0795,0.0637,0.0174,0.0097,0.0642
18709.0,138,0.0733,0.0887,0.0743,0.0183,0.0112,0.0764
18719.0,139,0.0778,0.0887,0.0835,0.0174,0.0158,0.0841
18729.0,140,0.0809,0.0856,0.0835,0.0183,0.0143,0.0871
18739.0,141,0.0763,0.0811,0.0865,0.0183,0.0173,0.0856
18749.0,142,0.0748,0.0765,0.0850,0.0183,0.0189,0.0780
18759.0,143,0.0778,0.0780,0.0804,0.0183,0.0204,0.0749
18769.0,144,0.0778,0.0780,0.0774,0.0183,0.0204,0.0719
18779.0,145,0.0702,0.0750,0.0713,0.0183,0.0219,0.0749
18789.0,146,0.0717,0.0750,0.0743,0.0183,0.0234,0.0749
18799.0,147,0.0717,0.0811,0.0743,0.0183,0.0250,0.0795
18809.0,148,0.0778,0.0856,0.0774,0.0191,0.0295,0.0886
18819.0,149,0.0855,0.0841,0.0865,0.0183,0.0295,0.0886
18829.0,150,0.0931,0.0872,0.0896,0.0191,0.0295,0.0886
18839.0,151,0.0916,0.0872,0.0865,0.0183,0.0311,0.0825
18849.0,152,0.0885,0.0872,0.0835,0.0191,0.0356,0.0795
18859.0,153,0.0839,0.0826,0.0835,0.0183,0.0341,0.0795
18869.0,154,0.0763,0.0811,0.0789,0.0183,0.0356,0.0780
18879.0,155,0.0656,0.0765,0.0667,0.0183,0.0356,0.0673
18889.0,156,0.0611,0.0704,0.0591,0.0183,0.0356,0.0612
18899.0,157,0.0626,0.0658,0.0576,0.0174,0.0372,0.0596
18909.0,158,0.0611,0.0643,0.0560,0.0191,0.0417,0.0627
18919.0,159,0.0611,0.0582,0.0652,0.0174,0.0417,0.0642
18929.0,160,0.0626,0.0551,0.0652,0.0174,0.0417,0.0642
18939.0,161,0.0626,0.0566,0.0637,0.0165,0.0402,0.0673
18949.0,162,0.0672,0.0689,0.0667,0.0183,0.0402,0.0688
18959.0,163,0.0687,0.0765,0.0682,0.0165,0.0417,0.0703
18969.0,164,0.0733,0.0795,0.0728,0.0183,0.0433,0.0719
18979.0,165,0.0702,0.0811,0.0743,0.0183,0.0433,0.0749
18989.0,166,0.0733,0.0765,0.0713,0.0174,0.0463,0.0764
18999.0,167,0.0824,0.0719,0.0713,0.0174,0.0494,0.0780
19009.0,168,0.0855,0.0750,0.0774,0.0165,0.0494,0.0810
19019.0,169,0.0855,0.0795,0.0804,0.0183,0.0478,0.0902
19029.0,170,0.0855,0.0902,0.0820,0.0183,0.0509,0.0871
19039.0,171,0.0870,0.0948,0.0865,0.0174,0.0509,0.0856
19049.0,172,0.0855,0.0963,0.0911,0.0174,0.0524,0.0917
19059.0,173,0.0870,0.0978,0.0850,0.0183,0.0539,0.0932
19069.0,174,0.0855,0.0933,0.0820,0.0183,0.0539,0.0978
19079.0,175,0.0870,0.0902,0.0804,0.0183,0.0555,0.0932
19089.0,176,0.0839,0.0856,0.0820,0.0183,0.0555,0.0886
19099.0,177,0.0824,0.0811,0.0835,0.0191,0.0585,0.0871
19109.0,178,0.0794,0.0780,0.0804,0.0183,0.0570,0.0871
19119.0,179,0.0839,0.0734,0.0774,0.0174,0.0570,0.0841
19129.0,180,0.0824,0.0734,0.0743,0.0183,0.0585,0.0749
19139.0,181,0.0748,0.0704,0.0698,0.0191,0.0570,0.0688
19149.0,182,0.0717,0.0689,0.0637,0.0174,0.0585,0.0596
19159.0,183,0.0702,0.0719,0.0606,0.0165,0.0585,0.0581
19169.0,184,0.0656,0.0658,0.0621,0.0183,0.0585,0.0612
19179.0,185,0.0611,0.0673,0.0652,0.0191,0.0585,0.0612
19189.0,186,0.0626,0.0689,0.0576,0.0183,0.0585,0.0627
19199.0,187,0.0565,0.0750,0.0545,0.0183,0.0585,0.0581
19209.0,188,0.0580,0.0734,0.0621,0.0174,0.0585,0.0596
19219.0,189,0.0626,0.0719,0.0637,0.0174,0.0601,0.0627
19229.0,190,0.0580,0.0704,0.0682,0.0165,0.0601,0.0673
19239.0,191,0.0611,0.0627,0.0713,0.0165,0.0616,0.0719
19249.0,192,0.0672,0.0597,0.0759,0.0174,0.0616,0.0719
19259.0,193,0.0672,0.0643,0.0743,0.0183,0.0616,0.0734
19269.0,194,0.0687,0.0704,0.0728,0.0165,0.0616,0.0749
19279.0,195,0.0733,0.0750,0.0698,0.0174,0.0616,0.0764
19289.0,196,0.0733,0.0765,0.0743,0.0174,0.0631,0.0795
19299.0,197,0.0702,0.0719,0.0743,0.0174,0.0631,0.0886
19309.0,198,0.0717,0.0689,0.0774,0.0174,0.0646,0.0871
19319.0,199,0.0778,0.0689,0.0820,0.0174,0.0646,0.0841
19329.0,200,0.0824,0.0795,0.0835,0.0174,0.0631,0.0841
19339.0,201,0.0824,0.0872,0.0911,0.0174,0.0662,0.0795
19349.0,202,0.0809,0.0933,0.0926,0.0174,0.0677,0.0810
19359.0,203,0.0733,0.0872,0.0881,0.0174,0.0662,0.0825
19369.0,204,0.0717,0.0765,0.0820,0.0165,0.0677,0.0856
19379.0,205,0.0763,0.0734,0.0774,0.0165,0.0662,0.0810
19389.0,206,0.0733,0.0719,0.0789,0.0165,0.0677,0.0719
19399.0,207,0.0702,0.0704,0.0743,0.0165,0.0677,0.0673
19409.0,208,0.0641,0.0689,0.0743,0.0174,0.0692,0.0612
19419.0,209,0.0595,0.0612,0.0728,0.0183,0.0677,0.0612
19429.0,210,0.0565,0.0551,0.0652,0.0165,0.0692,0.0596
19439.0,211,0.0550,0.0490,0.0576,0.0174,0.0692,0.0596
19449.0,212,0.0473,0.0490,0.0530,0.0165,0.0677,0.0551
19459.0,213,0.0427,0.0521,0.0530,0.0165,0.0662,0.0490
19469.0,214,0.0473,0.0536,0.0438,0.0174,0.0677,0.0490
19479.0,215,0.0534,0.0490,0.0392,0.0174,0.0662,0.0490
19489.0,216,0.0534,0.0490,0.0392,0.0165,0.0677,0.0429
19499.0,217,0.0504,0.0505,0.0408,0.0183,0.0631,0.0352
19509.0,218,0.0458,0.0444,0.0392,0.0165,0.0646,0.0368
19519.0,219,0.0473,0.0429,0.0408,0.0157,0.0631,0.0383
19529.0,220,0.0427,0.0460,0.0453,0.0157,0.0646,0.0398
19539.0,221,0.0427,0.0521,0.0484,0.0157,0.0662,0.0444
19549.0,222,0.0489,0.0536,0.0453,0.0165,0.0631,0.0459
19559.0,223,0.0565,0.0505,0.0484,0.0183,0.0631,0.0459
19569.0,224,0.0595,0.0505,0.0438,0.0183,0.0646,0.0474
19579.0,225,0.0595,0.0551,0.0438,0.0165,0.0616,0.0474
19589.0,226,0.0550,0.0551,0.0484,0.0174,0.0616,0.0474
19599.0,227,0.0489,0.0536,0.0469,0.0165,0.0616,0.0474
19609.0,228,0.0412,0.0460,0.0362,0.0157,0.0616,0.0444
19619.0,229,0.0321,0.0368,0.0331,0.0165,0.0601,0.0352
19629.0,230,0.0290,0.0261,0.0270,0.0174,0.0601,0.0291
19639.0,231,0.0275,0.0200,0.0225,0.0174,0.0585,0.0246
19649.0,232,0.0229,0.0185,0.0148,0.0174,0.0585,0.0184
19659.0,233,0.0199,0.0200,0.0148,0.0174,0.0555,0.0123
19669.0,234,0.0199,0.0154,0.0148,0.0174,0.0555,0.0062
19679.0,235,0.0214,0.0124,0.0133,0.0165,0.0570,0.0047
19689.0,236,0.0168,0.0109,0.0087,0.0174,0.0555,0.0062
19699.0,237,0.0138,0.0032,0.0087,0.0174,0.0555,0.0047
19709.0,238,0.0153,0.0017,0.0087,0.0174,0.0524,0.0139
19719.0,239,0.0214,0.0032,0.0103,0.0165,0.0524,0.0108
19729.0,240,0.0229,0.0109,0.0148,0.0174,0.0494,0.0093
19739.0,241,0.0199,0.0170,0.0164,0.0174,0.0524,0.0108
19749.0,242,0.0183,0.0154,0.0148,0.0165,0.0494,0.0139
19759.0,243,0.0168,0.0139,0.0118,0.0174,0.0494,0.0215
19769.0,244,0.0199,0.0139,0.0179,0.0165,0.0463,0.0184
19779.0,245,0.0260,0.0093,0.0240,0.0174,0.0448,0.0230
19789.0,246,0.0275,0.0154,0.0255,0.0183,0.0478,0.0261
19799.0,247,0.0275,0.0215,0.0240,0.0165,0.0463,0.0184
19809.0,248,0.0260,0.0277,0.0255,0.0174,0.0463,0.0215
19819.0,249,0.0275,0.0292,0.0301,0.0174,0.0448,0.0276
19829.0,250,0.0275,0.0246,0.0286,0.0174,0.0463,0.0352
19839.0,251,0.0290,0.0261,0.0240,0.0174,0.0433,0.0368
19849.0,252,0.0244,0.0261,0.0286,0.0183,0.0448,0.0276
19859.0,253,0.0229,0.0215,0.0331,0.0174,0.0448,0.0261
19869.0,254,0.0214,0.0246,0.0331,0.0174,0.0448,0.0307
19879.0,255,0.0305,0.0368,0.0347,0.0165,0.0417,0.0383
19889.0,0,0.0351,0.0490,0.0347,0.0165,0.0433,0.0413
19899.0,1,0.0397,0.0460,0.0347,0.0165,0.0448,0.0429
19909.0,2,0.0397,0.0444,0.0392,0.0183,0.0448,0.0444
19919.0,3,0.0443,0.0399,0.0392,0.0165,0.0448,0.0413
19929.0,4,0.0504,0.0368,0.0377,0.0174,0.0448,0.0398
19939.0,5,0.0489,0.0353,0.0377,0.0174,0.0448,0.0413
19949.0,6,0.0534,0.0353,0.0392,0.0174,0.0433,0.0383
19959.0,7,0.0519,0.0383,0.0438,0.0174,0.0417,0.0429
19969.0,8,0.0458,0.0429,0.0438,0.0165,0.0463,0.0413
19979.0,9,0.0427,0.0444,0.0423,0.0174,0.0448,0.0444
19989.0,10,0.0427,0.0475,0.0453,0.0174,0.0448,0.0490
19999.0,11,0.0443,0.0460,0.0560,0.0165,0.0433,0.0520
20009.0,12,0.0504,0.0444,0.0591,0.0165,0.0448,0.0551
20019.0,13,0.0489,0.0490,0.0591,0.0165,0.0463,0.0566
20029.0,14,0.0504,0.0490,0.0560,0.0183,0.0463,0.0581
20039.0,15,0.0504,0.0505,0.0621,0.0174,0.0494,0.0551
20049.0,16,0.0504,0.0566,0.0667,0.0174,0.0463,0.0596
20059.0,17,0.0519,0.0582,0.0652,0.0174,0.0463,0.0642
20069.0,18,0.0519,0.0566,0.0637,0.0183,0.0463,0.0612
20079.0,19,0.0565,0.0551,0.0637,0.0174,0.0463,0.0566
20089.0,20,0.0550,0.0536,0.0576,0.0174,0.0478,0.0459
20099.0,21,0.0519,0.0490,0.0469,0.0165,0.0478,0.0383
20109.0,22,0.0458,0.0521,0.0423,0.0165,0.0478,0.0383
20119.0,23,0.0412,0.0551,0.0423,0.0174,0.0478,0.0398
20129.0,24,0.0366,0.0505,0.0408,0.0174,0.0478,0.0429
20139.0,25,0.0366,0.0444,0.0347,0.0174,0.0478,0.0429
20149.0,26,0.0382,0.0399,0.0347,0.0174,0.0494,0.0368
20158.9,27,0.0397,0.0383,0.0331,0.0174,0.0478,0.0337
20168.9,28,0.0382,0.0383,0.0316,0.0157,0.0463,0.0352
20178.9,29,0.0366,0.0414,0.0347,0.0165,0.0463,0.0322
20188.9,30,0.0351,0.0429,0.0301,0.0165,0.0478,0.0322
20198.9,31,0.0336,0.0429,0.0255,0.0165,0.0478,0.0307
20208.9,32,0.0305,0.0399,0.0286,0.0183,0.0463,0.0291
20218.9,33,0.0275,0.0307,0.0286,0.0148,0.0448,0.0230
20228.9,34,0.0244,0.0261,0.0255,0.0174,0.0448,0.0215
20238.9,35,0.0229,0.0215,0.0225,0.0165,0.0433,0.0200
20248.9,36,0.0229,0.0200,0.0179,0.0165,0.0433,0.0169
20258.9,37,0.0214,0.0154,0.0179,0.0174,0.0448,0.0169
20268.9,38,0.0183,0.0170,0.0209,0.0183,0.0433,0.0154
20278.9,39,0.0168,0.0170,0.0225,0.0165,0.0448,0.0184
20288.9,40,0.0138,0.0185,0.0209,0.0165,0.0417,0.0184
20298.9,41,0.0092,0.0154,0.0194,0.0174,0.0402,0.0169
20308.9,42,0.0122,0.0154,0.0240,0.0174,0.0417,0.0184
20318.9,43,0.0229,0.0170,0.0209,0.0165,0.0402,0.0215
20328.9,44,0.0336,0.0215,0.0240,0.0174,0.0417,0.0139
20338.9,45,0.0351,0.0322,0.0301,0.0174,0.0417,0.0139
20348.9,46,0.0336,0.0338,0.0347,0.0165,0.0387,0.0276
20358.9,47,0.0305,0.0277,0.0392,0.0183,0.0402,0.0368
20368.9,48,0.0351,0.0231,0.0377,0.0183,0.0417,0.0337
20378.9,49,0.0382,0.0277,0.0331,0.0174,0.0387,0.0261
20388.9,50,0.0458,0.0277,0.0362,0.0174,0.0417,0.0322
20398.9,51,0.0443,0.0368,0.0331,0.0174,0.0417,0.0368
20408.9,52,0.0443,0.0460,0.0377,0.0165,0.0417,0.0413
20418.9,53,0.0473,0.0551,0.0331,0.0174,0.0402,0.0459
20428.9,54,0.0504,0.0536,0.0347,0.0174,0.0417,0.0474
20438.9,55,0.0504,0.0536,0.0423,0.0174,0.0402,0.0429
20448.9,56,0.0550,0.0475,0.0392,0.0174,0.0417,0.0368
20458.9,57,0.0550,0.0429,0.0438,0.0165,0.0417,0.0398
20468.9,58,0.0901,0.0872,0.0881,0.0157,0.0189,0.0810
===BURST_CSV_END===
error: unknown command '' (try 'help')
>i3:28603:0.004601
>i4:28603:-0.002866
>i5:28603:0.002623
>vrail:28603:0.017395
>i7:28603:-0.000982
>i8:28603:0.012345
>seq:28603:158.000000
>i3:29428:-0.019813
>i4:29428:-0.028806
>i5:29428:-0.024843
>vrail:29428:0.019135
>i7:29428:-0.010138
>i8:29428:-0.025802
>seq:29428:228.000000
>i3:29628:-0.024390
>i4:29628:-0.024228
>i5:29628:-0.030947
>vrail:29628:0.019135
>i7:29628:0.003595
>i8:29628:-0.030379
>seq:29628:3.000000
>i3:29828:0.059533
>i4:29828:0.064273
>i5:29828:0.072813
>vrail:29828:0.019135
>i7:29828:0.078363
>i8:29828:0.065751
>seq:29828:33.000000
>i3:30028:-0.024390
>i4:30028:-0.037961
>i5:30028:-0.018740
>vrail:30028:0.019135
>i7:30028:0.015802
>i8:30028:-0.018172
>seq:30028:64.000000
>i3:30228:-0.009131
>i4:30228:-0.013547
>i5:30228:-0.018740
>vrail:30228:0.018265
>i7:30228:0.015802
>i8:30228:-0.016646
>seq:30228:94.000000
>i3:30428:0.058007
>i4:30428:0.056643
>i5:30428:0.057554
>vrail:30428:0.018265
>i7:30428:0.026484
>i8:30428:0.042863
>seq:30428:125.000000
>i3:30628:0.032067
>i4:30628:0.023074
>i5:30628:0.031614
>vrail:30628:0.017395
>i7:30628:0.028009
>i8:30628:0.026078
>seq:30628:155.000000
>i3:30828:0.071740
>i4:30828:0.078006
>i5:30828:0.083494
>vrail:30828:0.017395
>i7:30828:0.075312
>i8:30828:0.082536
>seq:30828:186.000000
>i3:31028:-0.032020
>i4:31028:-0.030332
>i5:31028:-0.030947
>vrail:31028:0.017395
>i7:31028:-0.016241
>i8:31028:-0.036483
>seq:31028:217.000000
>i3:31228:-0.042701
>i4:31228:-0.041013
>i5:31228:-0.032473
>vrail:31228:0.018265
>i7:31228:-0.014715
>i8:31228:-0.036483
>seq:31228:247.000000
>i3:31428:0.004601
>i4:31428:-0.004392
>i5:31428:-0.000429
>vrail:31428:0.017395
>i7:31428:0.024958
>i8:31428:0.006242
>seq:31428:22.000000
>i3:31628:0.013757
>i4:31628:0.010867
>i5:31628:0.004148
>vrail:31628:0.017395
>i7:31628:0.003595
>i8:31628:0.012345
>seq:31628:52.000000
>i3:31828:0.115991
>i4:31828:0.106997
>i5:31828:0.107908
>vrail:31828:0.018265
>i7:31828:0.107355
>i8:31828:0.103898
>seq:31828:83.000000
>i3:32028:0.007653
>i4:32028:-0.008969
>i5:32028:0.005674
>vrail:32028:0.018265
>i7:32028:0.020380
>i8:32028:0.003190
>seq:32028:113.000000
>i3:32228:0.015283
>i4:32228:0.013919
>i5:32228:0.023985
>vrail:32228:0.018265
>i7:32228:0.009699
>i8:32228:0.021501
>seq:32228:144.000000
>i3:32428:0.021386
>i4:32428:0.016971
>i5:32428:0.014830
>vrail:32428:0.018265
>i7:32428:0.024958
>i8:32428:0.026078
>seq:32428:175.000000
>i3:32628:0.007653
>i4:32628:0.001712
>i5:32628:0.004148
>vrail:32628:0.018265
>i7:32628:0.021906
>i8:32628:0.006242
>seq:32628:206.000000
>i3:32828:0.056481
>i4:32828:0.049014
>i5:32828:0.054502
>vrail:32828:0.017395
>i7:32828:0.066156
>i8:32828:0.055070
>seq:32828:237.000000
>i3:33028:-0.010657
>i4:33028:-0.013547
>i5:33028:-0.014162
>vrail:33028:0.017395
>i7:33028:-0.028448
>i8:33028:-0.018172
>seq:33028:11.000000
>i3:33228:0.029016
>i4:33228:0.029178
>i5:33228:0.036192
>vrail:33228:0.017395
>i7:33228:0.008173
>i8:33228:0.035233
>seq:33228:42.000000
>i3:33428:-0.030494
>i4:33428:-0.031857
>i5:33428:-0.023317
>vrail:33428:0.019135
>i7:33428:-0.016241
>i8:33428:-0.031905
>seq:33428:72.000000
>i3:33628:-0.010657
>i4:33628:-0.013547
>i5:33628:-0.006533
>vrail:33628:0.019135
>i7:33628:0.023432
>i8:33628:-0.019698
>seq:33628:103.000000
>i3:33828:0.093102
>i4:33828:0.094790
>i5:33828:0.097227
>vrail:33828:0.019135
>i7:33828:0.060053
>i8:33828:0.096269
>seq:33828:134.000000
>i3:34028:0.029016
>i4:34028:0.033755
>i5:34028:0.033140
>vrail:34028:0.019135
>i7:34028:0.014277
>i8:34028:0.023026
>seq:34028:165.000000
>i3:34228:-0.015235
>i4:34228:-0.010495
>i5:34228:-0.006533
>vrail:34228:0.018265
>i7:34228:0.024958
>i8:34228:-0.015121
>seq:34228:196.000000
>i3:34428:-0.016761
>i4:34428:-0.001340
>i5:34428:-0.003481
>vrail:34428:0.018265
>i7:34428:0.009699
>i8:34428:-0.002913
>seq:34428:226.000000
>i3:34628:0.044274
>i4:34628:0.045962
>i5:34628:0.040770
>vrail:34628:0.018265
>i7:34628:0.067682
>i8:34628:0.053544
>seq:34628:1.000000
>i3:34828:0.035119
>i4:34828:0.027652
>i5:34828:0.027037
>vrail:34828:0.018265
>i7:34828:-0.008612
>i8:34828:0.036759
>seq:34828:31.000000
>i3:35028:-0.071692
>i4:35028:-0.071530
>i5:35028:-0.070620
>vrail:35028:0.018265
>i7:35028:-0.026922
>i8:35028:-0.077682
>seq:35028:62.000000
>i3:35228:-0.071692
>i4:35228:-0.086789
>i5:35228:-0.070620
>vrail:35228:0.019135
>i7:35228:-0.011663
>i8:35228:-0.074630
>seq:35228:92.000000
>i3:35428:-0.035071
>i4:35428:-0.031857
>i5:35428:-0.030947
>vrail:35428:0.019135
>i7:35428:-0.022345
>i8:35428:-0.027328
>seq:35428:123.000000
>i3:35628:0.022912
>i4:35628:0.029178
>i5:35628:0.017881
>vrail:35628:0.019135
>i7:35628:0.049372
>i8:35628:0.016923
>seq:35628:154.000000
>i3:35828:-0.022864
>i4:35828:-0.028806
>i5:35828:-0.017214
>vrail:35828:0.020004
>i7:35828:-0.008612
>i8:35828:-0.024276
>seq:35828:184.000000
>i3:36028:0.003076
>i4:36028:0.018497
>i5:36028:0.010252
>vrail:36028:0.020004
>i7:36028:0.012751
>i8:36028:0.024552
>seq:36028:215.000000
>i3:36228:-0.012183
>i4:36228:-0.022702
>i5:36228:-0.011110
>vrail:36228:0.020004
>i7:36228:0.035639
>i8:36228:-0.007491
>seq:36228:245.000000
>i3:36428:0.021386
>i4:36428:0.018497
>i5:36428:0.020933
>vrail:36428:0.017395
>i7:36428:0.053949
>i8:36428:0.009294
>seq:36428:20.000000
>i3:36628:0.073266
>i4:36628:0.078006
>i5:36628:0.081968
>vrail:36628:0.015656
>i7:36628:0.096674
>i8:36628:0.082536
>seq:36628:50.000000
>i3:36828:-0.004554
>i4:36828:0.010867
>i5:36828:0.002623
>vrail:36828:0.015656
>i7:36828:0.005121
>i8:36828:0.006242
>seq:36828:81.000000
>i3:37028:0.030541
>i4:37028:0.033755
>i5:37028:0.037718
>vrail:37028:0.015656
>i7:37028:-0.005560
>i8:37028:0.038285
>seq:37028:112.000000
>i3:37228:-0.032020
>i4:37228:-0.041013
>i5:37228:-0.040102
>vrail:37228:0.017395
>i7:37228:-0.026922
>i8:37228:-0.041060
>seq:37228:143.000000
>i3:37428:0.045800
>i4:37428:0.045962
>i5:37428:0.042295
>vrail:37428:0.017395
>i7:37428:0.026484
>i8:37428:0.044389
>seq:37428:174.000000
>i3:37628:0.036645
>i4:37628:0.027652
>i5:37628:0.022459
>vrail:37628:0.017395
>i7:37628:0.058527
>i8:37628:0.023026
>seq:37628:204.000000
>i3:37828:-0.027442
>i4:37828:-0.022702
>i5:37828:-0.029421
>vrail:37828:0.017395
>i7:37828:-0.008612
>i8:37828:-0.027328
>seq:37828:235.000000
>i3:38028:-0.047278
>i4:38028:-0.054746
>i5:38028:-0.049257
>vrail:38028:0.017395
>i7:38028:0.005121
>i8:38028:-0.048690
>seq:38028:9.000000
>i3:38228:0.012231
>i4:38228:0.010867
>i5:38228:0.005674
>vrail:38228:0.018265
>i7:38228:-0.002508
>i8:38228:0.012345
>seq:38228:40.000000
>i3:38428:0.021386
>i4:38428:0.027652
>i5:38428:0.028563
>vrail:38428:0.019135
>i7:38428:0.029535
>i8:38428:0.018449
>seq:38428:70.000000
>i3:38628:0.146508
>i4:38628:0.137515
>i5:38628:0.144529
>vrail:38628:0.019135
>i7:38628:0.099726
>i8:38628:0.142045
>seq:38628:101.000000
>i3:38828:0.004601
>i4:38828:0.001712
>i5:38828:-0.000429
>vrail:38828:0.020004
>i7:38828:-0.014715
>i8:38828:0.001664
>seq:38828:132.000000
>i3:39028:-0.025916
>i4:39028:-0.019650
>i5:39028:-0.014162
>vrail:39028:0.020004
>i7:39028:-0.019293
>i8:39028:-0.009017
>seq:39028:162.000000
>i3:39228:-0.003028
>i4:39228:0.000186
>i5:39228:0.001097
>vrail:39228:0.020004
>i7:39228:-0.004034
>i8:39228:0.003190
>seq:39228:193.000000
>i3:39428:-0.056434
>i4:39428:-0.056272
>i5:39428:-0.059938
>vrail:39428:0.020004
>i7:39428:-0.033026
>i8:39428:-0.045638
>seq:39428:223.000000
>i3:39628:0.050378
>i4:39628:0.049014
>i5:39628:0.039244
>vrail:39628:0.021744
>i7:39628:0.018854
>i8:39628:0.044389
>seq:39628:254.000000
>i3:39828:-0.065589
>i4:39828:-0.068479
>i5:39828:-0.070620
>vrail:39828:0.021744
>i7:39828:-0.017767
>i8:39828:-0.068526
>seq:39828:28.000000
>i3:40028:-0.021338
>i4:40028:-0.016599
>i5:40028:-0.020266
>vrail:40028:0.021744
>i7:40028:-0.004034
>i8:40028:-0.022750
>seq:40028:59.000000
>i3:40228:-0.054908
>i4:40228:-0.057797
>i5:40228:-0.047731
>vrail:40228:0.021744
>i7:40228:-0.005560
>i8:40228:-0.041060
>seq:40228:90.000000
>i3:40428:0.090051
>i4:40428:0.085635
>i5:40428:0.092649
>vrail:40428:0.020004
>i7:40428:0.072260
>i8:40428:0.094743
>seq:40428:120.000000
>i3:40628:0.109887
>i4:40628:0.102420
>i5:40628:0.115538
>vrail:40628:0.020004
>i7:40628:0.023432
>i8:40628:0.117631
>seq:40628:151.000000
>i3:40828:-0.012183
>i4:40828:-0.012021
>i5:40828:-0.014162
>vrail:40828:0.020004
>i7:40828:0.008173
>i8:40828:-0.010543
>seq:40828:181.000000
>i3:41028:-0.015235
>i4:41028:-0.004392
>i5:41028:-0.008059
>vrail:41028:0.019135
>i7:41028:0.011225
>i8:41028:-0.004439
>seq:41028:212.000000
>i3:41228:0.015283
>i4:41228:0.012393
>i5:41228:0.002623
>vrail:41228:0.019135
>i7:41228:0.009699
>i8:41228:0.010819
>seq:41228:242.000000
>i3:41428:-0.028968
>i4:41428:-0.028806
>i5:41428:-0.040102
>vrail:41428:0.019135
>i7:41428:0.005121
>i8:41428:-0.036483
>seq:41428:17.000000
>i3:41628:-0.056434
>i4:41628:-0.053220
>i5:41628:-0.056887
>vrail:41628:0.019135
>i7:41628:-0.017767
>i8:41628:-0.053267
>seq:41628:48.000000
>i3:41828:-0.053382
>i4:41828:-0.056272
>i5:41828:-0.055361
>vrail:41828:0.019135
>i7:41828:-0.040655
>i8:41828:-0.057845
>seq:41828:78.000000
>i3:42028:-0.053382
>i4:42028:-0.059323
>i5:42028:-0.052309
>vrail:42028:0.020004
>i7:42028:-0.029974
>i8:42028:-0.057845
>seq:42028:109.000000
>i3:42228:-0.024390
>i4:42228:-0.018125
>i5:42228:-0.026369
>vrail:42228:0.020004
>i7:42228:0.031061
>i8:42228:-0.016646
>seq:42228:139.000000
>i3:42428:0.006127
>i4:42428:0.015445
>i5:42428:0.011778
>vrail:42428:0.020004
>i7:42428:0.049372
>i8:42428:0.018449
>seq:42428:170.000000
>i3:42628:0.016809
>i4:42628:0.018497
>i5:42628:0.028563
>vrail:42628:0.020004
>i7:42628:0.018854
>i8:42628:0.016923
>seq:42628:200.000000
>i3:42828:-0.010657
>i4:42828:-0.012021
>i5:42828:-0.009584
>vrail:42828:0.020004
>i7:42828:-0.005560
>i8:42828:-0.009017
>seq:42828:231.000000
>i3:43028:-0.003028
>i4:43028:0.001712
>i5:43028:0.004148
>vrail:43028:0.020004
>i7:43028:-0.017767
>i8:43028:0.000138
>seq:43028:6.000000
>i3:43228:-0.001502
>i4:43228:-0.007443
>i5:43228:-0.001955
>vrail:43228:0.020004
>i7:43228:0.002069
>i8:43228:0.000138
>seq:43228:37.000000
>i3:43428:0.024438
>i4:43428:0.024600
>i5:43428:0.027037
>vrail:43428:0.020004
>i7:43428:0.046320
>i8:43428:0.029130
>seq:43428:68.000000
>i3:43628:-0.067115
>i4:43628:-0.065427
>i5:43628:-0.070620
>vrail:43628:0.020004
>i7:43628:-0.043707
>i8:43628:-0.068526
>seq:43628:98.000000
>i3:43828:-0.070167
>i4:43828:-0.077634
>i5:43828:-0.082827
>vrail:43828:0.020004
>i7:43828:-0.034552
>i8:43828:-0.076156
>seq:43828:129.000000
>i3:44028:-0.061011
>i4:44028:-0.066953
>i5:44028:-0.064516
>vrail:44028:0.020004
>i7:44028:-0.055914
>i8:44028:-0.063949
>seq:44028:159.000000
>i3:44228:-0.050330
>i4:44228:-0.044065
>i5:44228:-0.056887
>vrail:44228:0.020004
>i7:44228:-0.048285
>i8:44228:-0.056319
>seq:44228:190.000000
>i3:44428:0.074792
>i4:44428:0.073428
>i5:44428:0.072813
>vrail:44428:0.020004
>i7:44428:0.082941
>i8:44428:0.081010
>seq:44428:220.000000
>i3:44628:-0.036597
>i4:44628:-0.031857
>i5:44628:-0.041628
>vrail:44628:0.020004
>i7:44628:-0.022345
>i8:44628:-0.034957
>seq:44628:251.000000
>i3:44828:-0.024390
>i4:44828:-0.033383
>i5:44828:-0.033998
>vrail:44828:0.020004
>i7:44828:-0.010138
>i8:44828:-0.034957
>seq:44828:26.000000
>i3:45028:-0.012183
>i4:45028:-0.013547
>i5:45028:-0.024843
>vrail:45028:0.020004
>i7:45028:-0.004034
>i8:45028:-0.022750
>seq:45028:56.000000
>i3:45228:-0.064063
>i4:45228:-0.053220
>i5:45228:-0.047731
>vrail:45228:0.020004
>i7:45228:-0.017767
>i8:45228:-0.056319
>seq:45228:87.000000
>i3:45428:0.071740
>i4:45428:0.088687
>i5:45428:0.083494
>vrail:45428:0.021744
>i7:45428:0.034113
>i8:45428:0.082536
>seq:45428:117.000000
>i3:45628:-0.033545
>i4:45628:-0.042539
>i5:45628:-0.046206
>vrail:45628:0.021744
>i7:45628:-0.048285
>i8:45628:-0.036483
>seq:45628:148.000000
>i3:45828:-0.064063
>i4:45828:-0.063901
>i5:45828:-0.067568
>vrail:45828:0.022614
>i7:45828:-0.055914
>i8:45828:-0.051742
>seq:45828:178.000000
>i3:46028:-0.036597
>i4:46028:-0.033383
>i5:46028:-0.038576
>vrail:46028:0.022614
>i7:46028:-0.022345
>i8:46028:-0.034957
>seq:46028:209.000000
>i3:46228:-0.041175
>i4:46228:-0.050168
>i5:46228:-0.047731
>vrail:46228:0.022614
>i7:46228:-0.002508
>i8:46228:-0.033431
>seq:46228:240.000000
>i3:46428:0.083947
>i4:46428:0.084109
>i5:46428:0.088072
>vrail:46428:0.022614
>i7:46428:0.003595
>i8:46428:0.085588
>seq:46428:14.000000
>i3:46628:-0.009131
>i4:46628:-0.004392
>i5:46628:-0.020266
>vrail:46628:0.022614
>i7:46628:-0.007086
>i8:46628:-0.007491
>seq:46628:45.000000
>i3:46828:-0.015235
>i4:46828:-0.015073
>i5:46828:-0.015688
>vrail:46828:0.021744
>i7:46828:0.014277
>i8:46828:-0.015121
>seq:46828:75.000000
>i3:47028:-0.028968
>i4:47028:-0.028806
>i5:47028:-0.020266
>vrail:47028:0.021744
>i7:47028:-0.016241
>i8:47028:-0.027328
>seq:47028:106.000000
>i3:47228:0.033593
>i4:47228:0.036807
>i5:47228:0.025511
>vrail:47228:0.021744
>i7:47228:0.037165
>i8:47228:0.039811
>seq:47228:136.000000
>i3:47428:-0.004554
>i4:47428:-0.001340
>i5:47428:-0.001955
>vrail:47428:0.021744
>i7:47428:-0.008612
>i8:47428:0.003190
>seq:47428:167.000000
>i3:47628:-0.024390
>i4:47628:-0.021176
>i5:47628:-0.020266
>vrail:47628:0.021744
>i7:47628:-0.016241
>i8:47628:-0.030379
>seq:47628:198.000000
>i3:47828:-0.042701
>i4:47828:-0.030332
>i5:47828:-0.026369
>vrail:47828:0.021744
>i7:47828:-0.022345
>i8:47828:-0.036483
>seq:47828:229.000000
>i3:48028:-0.035071
>i4:48028:-0.044065
>i5:48028:-0.038576
>vrail:48028:0.022614
>i7:48028:-0.051336
>i8:48028:-0.044112
>seq:48028:4.000000
>i3:48228:0.012231
>i4:48228:0.006289
>i5:48228:0.010252
>vrail:48228:0.022614
>i7:48228:0.035639
>i8:48228:0.010819
>seq:48228:34.000000
>i3:48428:0.004601
>i4:48428:0.004764
>i5:48428:0.008726
>vrail:48428:0.023483
>i7:48428:-0.026922
>i8:48428:-0.001388
>seq:48428:65.000000
>i3:48628:-0.051856
>i4:48628:-0.037961
>i5:48628:-0.050783
>vrail:48628:0.022614
>i7:48628:-0.026922
>i8:48628:-0.041060
>seq:48628:95.000000
>i3:48828:-0.015235
>i4:48828:-0.015073
>i5:48828:-0.017214
>vrail:48828:0.022614
>i7:48828:-0.007086
>i8:48828:-0.019698
>seq:48828:126.000000
>i3:49028:-0.009131
>i4:49028:-0.005918
>i5:49028:0.001097
>vrail:49028:0.020874
>i7:49028:0.008173
>i8:49028:-0.004439
>seq:49028:157.000000
>i3:49228:0.105309
>i4:49228:0.094790
>i5:49228:0.098753
>vrail:49228:0.020874
>i7:49228:0.111933
>i8:49228:0.096269
>seq:49228:188.000000
>i3:49428:0.006127
>i4:49428:0.000186
>i5:49428:0.002623
>vrail:49428:0.020874
>i7:49428:-0.004034
>i8:49428:0.003190
>seq:49428:219.000000
>i3:49628:-0.041175
>i4:49628:-0.051694
>i5:49628:-0.049257
>vrail:49628:0.020004
>i7:49628:-0.007086
>i8:49628:-0.045638
>seq:49628:249.000000
>i3:49828:-0.036597
>i4:49828:-0.031857
>i5:49828:-0.035524
>vrail:49828:0.020004
>i7:49828:-0.020819
>i8:49828:-0.028853
>seq:49828:24.000000
>i3:50028:-0.041175
>i4:50028:-0.039487
>i5:50028:-0.037050
>vrail:50028:0.022614
>i7:50028:-0.045233
>i8:50028:-0.044112
>seq:50028:54.000000
>i3:50228:0.041223
>i4:50228:0.047488
>i5:50228:0.043821
>vrail:50228:0.022614
>i7:50228:0.055475
>i8:50228:0.036759
>seq:50228:85.000000
>i3:50428:0.000024
>i4:50428:-0.004392
>i5:50428:-0.009584
>vrail:50428:0.020874
>i7:50428:0.000544
>i8:50428:-0.009017
>seq:50428:115.000000
>i3:50628:-0.039649
>i4:50628:-0.036435
>i5:50628:-0.037050
>vrail:50628:0.022614
>i7:50628:-0.025396
>i8:50628:-0.038009
>seq:50628:146.000000
>i3:50828:0.001550
>i4:50828:-0.002866
>i5:50828:-0.003481
>vrail:50828:0.020874
>i7:50828:0.000544
>i8:50828:-0.009017
>seq:50828:177.000000
>i3:51028:0.012231
>i4:51028:0.013919
>i5:51028:0.013304
>vrail:51028:0.020874
>i7:51028:0.020380
>i8:51028:0.006242
>seq:51028:207.000000
>i3:51228:0.112939
>i4:51228:0.105472
>i5:51228:0.101805
>vrail:51228:0.020874
>i7:51228:0.090570
>i8:51228:0.100846
>seq:51228:238.000000
>i3:51428:-0.006080
>i4:51428:-0.008969
>i5:51428:-0.009584
>vrail:51428:0.021744
>i7:51428:-0.008612
>i8:51428:-0.007491
>seq:51428:12.000000
>i3:51628:-0.016761
>i4:51628:-0.025754
>i5:51628:-0.021791
>vrail:51628:0.021744
>i7:51628:-0.020819
>i8:51628:-0.025802
>seq:51628:43.000000
>i3:51828:0.058007
>i4:51828:0.058169
>i5:51828:0.068235
>vrail:51828:0.021744
>i7:51828:0.031061
>i8:51828:0.062699
>seq:51828:73.000000
>i3:52028:-0.038123
>i4:52028:-0.034909
>i5:52028:-0.030947
>vrail:52028:0.021744
>i7:52028:-0.022345
>i8:52028:-0.033431
>seq:52028:104.000000
>i3:52228:0.097680
>i4:52228:0.097842
>i5:52228:0.089598
>vrail:52228:0.022614
>i7:52228:0.009699
>i8:52228:0.096269
>seq:52228:135.000000
>i3:52428:-0.039649
>i4:52428:-0.039487
>i5:52428:-0.038576
>vrail:52428:0.021744
>i7:52428:-0.042181
>i8:52428:-0.033431
>seq:52428:166.000000
>i3:52628:-0.004554
>i4:52628:-0.005918
>i5:52628:-0.008059
>vrail:52628:0.021744
>i7:52628:-0.017767
>i8:52628:-0.010543
>seq:52628:197.000000
>i3:52828:-0.051856
>i4:52828:-0.048642
>i5:52828:-0.053835
>vrail:52828:0.021744
>i7:52828:-0.005560
>i8:52828:-0.053267
>seq:52828:227.000000
>i3:53028:0.041223
>i4:53028:0.049014
>i5:53028:0.042295
>vrail:53028:0.021744
>i7:53028:0.082941
>i8:53028:0.050492
>seq:53028:2.000000
>i3:53228:-0.006080
>i4:53228:-0.015073
>i5:53228:-0.006533
>vrail:53228:0.021744
>i7:53228:-0.000982
>i8:53228:-0.009017
>seq:53228:32.000000
>i3:53428:-0.006080
>i4:53428:-0.008969
>i5:53428:-0.008059
>vrail:53428:0.021744
>i7:53428:-0.000982
>i8:53428:-0.009017
>seq:53428:63.000000
>i3:53628:0.004601
>i4:53628:0.003238
>i5:53628:-0.003481
>vrail:53628:0.021744
>i7:53628:-0.000982
>i8:53628:-0.002913
>seq:53628:94.000000
>i3:53828:-0.003028
>i4:53828:-0.005918
>i5:53828:-0.008059
>vrail:53828:0.021744
>i7:53828:-0.007086
>i8:53828:-0.005965
>seq:53828:125.000000
>i3:54028:-0.007606
>i4:54028:-0.013547
>i5:54028:-0.009584
>vrail:54028:0.021744
>i7:54028:0.026484
>i8:54028:-0.009017
>seq:54028:156.000000
>i3:54228:-0.050330
>i4:54228:-0.047116
>i5:54228:-0.056887
>vrail:54228:0.021744
>i7:54228:-0.043707
>i8:54228:-0.042586
>seq:54228:186.000000
>i3:54428:-0.045753
>i4:54428:-0.051694
>i5:54428:-0.049257
>vrail:54428:0.021744
>i7:54428:-0.051336
>i8:54428:-0.054793
>seq:54428:217.000000
>i3:54628:-0.053382
>i4:54628:-0.048642
>i5:54628:-0.061464
>vrail:54628:0.020874
>i7:54628:-0.051336
>i8:54628:-0.050216
>seq:54628:247.000000
>i3:54828:-0.018287
>i4:54828:-0.007443
>i5:54828:-0.014162
>vrail:54828:0.020874
>i7:54828:-0.022345
>i8:54828:-0.007491
>seq:54828:22.000000
>i3:55028:0.038171
>i4:55028:0.038333
>i5:55028:0.030088
>vrail:55028:0.020874
>i7:55028:0.049372
>i8:55028:0.042863
>seq:55028:52.000000
>i3:55228:-0.051856
>i4:55228:-0.050168
>i5:55228:-0.050783
>vrail:55228:0.020874
>i7:55228:-0.013189
>i8:55228:-0.056319
>seq:55228:83.000000
>i3:55428:0.024438
>i4:55428:0.020022
>i5:55428:0.027037
>vrail:55428:0.020874
>i7:55428:0.012751
>i8:55428:0.023026
>seq:55428:114.000000
>i3:55628:-0.013709
>i4:55628:-0.008969
>i5:55628:-0.012636
>vrail:55628:0.020874
>i7:55628:-0.007086
>i8:55628:-0.009017
>seq:55628:144.000000
>i3:55828:0.000024
>i4:55828:-0.005918
>i5:55828:0.004148
>vrail:55828:0.020874
>i7:55828:0.012751
>i8:55828:0.001664
>seq:55828:175.000000
>i3:56028:0.021386
>i4:56028:0.029178
>i5:56028:0.016356
>vrail:56028:0.020874
>i7:56028:0.041742
>i8:56028:0.016923
>seq:56028:205.000000
>i3:56228:-0.021338
>i4:56228:-0.022702
>i5:56228:-0.024843
>vrail:56228:0.020004
>i7:56228:-0.008612
>i8:56228:-0.025802
>seq:56228:236.000000
>i3:56428:-0.025916
>i4:56428:-0.037961
>i5:56428:-0.029421
>vrail:56428:0.020004
>i7:56428:-0.028448
>i8:56428:-0.030379
>seq:56428:10.000000
>i3:56628:-0.077796
>i4:56628:-0.068479
>i5:56628:-0.075197
>vrail:56628:0.020004
>i7:56628:-0.051336
>i8:56628:-0.062423
>seq:56628:41.000000
>i3:56828:-0.036597
>i4:56828:-0.034909
>i5:56828:-0.033998
>vrail:56828:0.020004
>i7:56828:-0.007086
>i8:56828:-0.038009
>seq:56828:72.000000
>i3:57028:0.056481
>i4:57028:0.058169
>i5:57028:0.057554
>vrail:57028:0.019135
>i7:57028:0.053949
>i8:57028:0.055070
>seq:57028:102.000000
>i3:57228:-0.016761
>i4:57228:-0.012021
>i5:57228:-0.012636
>vrail:57228:0.019135
>i7:57228:-0.014715
>i8:57228:-0.009017
>seq:57228:133.000000
>i3:57428:-0.012183
>i4:57428:-0.019650
>i5:57428:-0.020266
>vrail:57428:0.019135
>i7:57428:-0.008612
>i8:57428:-0.013595
>seq:57428:163.000000
>i3:57628:0.033593
>i4:57628:0.032229
>i5:57628:0.034666
>vrail:57628:0.019135
>i7:57628:0.049372
>i8:57628:0.027604
>seq:57628:194.000000
>i3:57828:0.001550
>i4:57828:-0.004392
>i5:57828:-0.003481
>vrail:57828:0.019135
>i7:57828:0.038691
>i8:57828:0.001664
>seq:57828:224.000000
>i3:58028:0.134301
>i4:58028:0.129886
>i5:58028:0.133848
>vrail:58028:0.019135
>i7:58028:0.040216
>i8:58028:0.137467
>seq:58028:255.000000
>i3:58228:-0.047278
>i4:58228:-0.039487
>i5:58228:-0.047731
>vrail:58228:0.019135
>i7:58228:-0.007086
>i8:58228:-0.041060
>seq:58228:29.000000
>i3:58428:-0.035071
>i4:58428:-0.027280
>i5:58428:-0.038576
>vrail:58428:0.020004
>i7:58428:-0.045233
>i8:58428:-0.038009
>seq:58428:60.000000
>i3:58628:-0.059485
>i4:58628:-0.056272
>i5:58628:-0.055361
>vrail:58628:0.020004
>i7:58628:-0.034552
>i8:58628:-0.062423
>seq:58628:91.000000
>i3:58828:-0.025916
>i4:58828:-0.019650
>i5:58828:-0.026369
>vrail:58828:0.020004
>i7:58828:0.000544
>i8:58828:-0.019698
>seq:58828:121.000000
>i3:59028:-0.019813
>i4:59028:-0.021176
>i5:59028:-0.018740
>vrail:59028:0.020004
>i7:59028:-0.034552
>i8:59028:-0.021224
>seq:59028:152.000000
>i3:59228:-0.010657
>i4:59228:-0.024228
>i5:59228:-0.021791
>vrail:59228:0.020004
>i7:59228:-0.022345
>i8:59228:-0.019698
>seq:59228:182.000000
>i3:59428:-0.003028
>i4:59428:-0.002866
>i5:59428:-0.005007
>vrail:59428:0.020004
>i7:59428:-0.004034
>i8:59428:0.001664
>seq:59428:213.000000
>i3:59628:-0.001502
>i4:59628:0.001712
>i5:59628:0.007200
>vrail:59628:0.020004
>i7:59628:0.012751
>i8:59628:-0.004439
>seq:59628:243.000000
>i3:59828:-0.012183
>i4:59828:-0.012021
>i5:59828:-0.008059
>vrail:59828:0.020004
>i7:59828:0.032587
>i8:59828:-0.002913
>seq:59828:18.000000
>i3:60028:-0.004554
>i4:60028:-0.008969
>i5:60028:0.005674
>vrail:60028:0.020004
>i7:60028:-0.016241
>i8:60028:0.003190
>seq:60028:49.000000
>i3:60228:-0.028968
>i4:60228:-0.030332
>i5:60228:-0.024843
>vrail:60228:0.020004
>i7:60228:-0.023870
>i8:60228:-0.028853
>seq:60228:79.000000
>i3:60428:-0.018287
>i4:60428:-0.025754
>i5:60428:-0.029421
>vrail:60428:0.020004
>i7:60428:-0.019293
>i8:60428:-0.028853
>seq:60428:110.000000
>i3:60628:-0.048804
>i4:60628:-0.041013
>i5:60628:-0.044680
>vrail:60628:0.020004
>i7:60628:-0.029974
>i8:60628:-0.044112
>seq:60628:140.000000
>i3:60828:-0.039649
>i4:60828:-0.036435
>i5:60828:-0.037050
>vrail:60828:0.020004
>i7:60828:0.052423
>i8:60828:-0.031905
>seq:60828:171.000000
>i3:61028:-0.044227
>i4:61028:-0.047116
>i5:61028:-0.047731
>vrail:61028:0.020004
>i7:61028:-0.037603
>i8:61028:-0.042586
>seq:61028:201.000000
>i3:61228:-0.042701
>i4:61228:-0.042539
>i5:61228:-0.044680
>vrail:61228:0.020004
>i7:61228:-0.037603
>i8:61228:-0.051742
>seq:61228:232.000000
>i3:61428:-0.038123
>i4:61428:-0.031857
>i5:61428:-0.037050
>vrail:61428:0.020004
>i7:61428:-0.002508
>i8:61428:-0.030379
>seq:61428:7.000000
>i3:61628:-0.015235
>i4:61628:-0.007443
>i5:61628:-0.009584
>vrail:61628:0.020004
>i7:61628:-0.014715
>i8:61628:-0.002913
>seq:61628:38.000000
>i3:61828:0.088525
>i4:61828:0.091739
>i5:61828:0.083494
>vrail:61828:0.020004
>i7:61828:0.078363
>i8:61828:0.082536
>seq:61828:69.000000
>i3:62028:0.018334
>i4:62028:0.016971
>i5:62028:0.016356
>vrail:62028:0.016525
>i7:62028:0.049372
>i8:62028:0.019975
>seq:62028:99.000000
>i3:62228:0.067163
>i4:62228:0.068851
>i5:62228:0.060606
>vrail:62228:0.016525
>i7:62228:0.021906
>i8:62228:0.067277
>seq:62228:130.000000
>i3:62428:-0.042701
>i4:62428:-0.042539
>i5:62428:-0.043154
>vrail:62428:0.016525
>i7:62428:0.011225
>i8:62428:-0.045638
>seq:62428:160.000000
>i3:62628:-0.012183
>i4:62628:-0.024228
>i5:62628:-0.017214
>vrail:62628:0.016525
>i7:62628:0.026484
>i8:62628:-0.009017
>seq:62628:191.000000
>i3:62828:0.039697
>i4:62828:0.041385
>i5:62828:0.027037
>vrail:62828:0.016525
>i7:62828:0.017328
>i8:62828:0.039811
>seq:62828:222.000000
>i3:63028:-0.053382
>i4:63028:-0.059323
>i5:63028:-0.059938
>vrail:63028:0.018265
>i7:63028:-0.042181
>i8:63028:-0.053267
>seq:63028:253.000000
>i3:63228:-0.062537
>i4:63228:-0.057797
>i5:63228:-0.062990
>vrail:63228:0.019135
>i7:63228:-0.054388
>i8:63228:-0.057845
>seq:63228:28.000000
>i3:63428:-0.036597
>i4:63428:-0.041013
>i5:63428:-0.040102
>vrail:63428:0.019135
>i7:63428:-0.014715
>i8:63428:-0.042586
>seq:63428:58.000000
>i3:63628:-0.032020
>i4:63628:-0.039487
>i5:63628:-0.035524
>vrail:63628:0.019135
>i7:63628:0.002069
>i8:63628:-0.045638
>seq:63628:89.000000
>i3:63828:0.122094
>i4:63828:0.120730
>i5:63828:0.114012
>vrail:63828:0.018265
>i7:63828:0.073786
>i8:63828:0.119157
>seq:63828:119.000000
>i3:64028:-0.024390
>i4:64028:-0.022702
>i5:64028:-0.027895
>vrail:64028:0.018265
>i7:64028:-0.014715
>i8:64028:-0.022750
>seq:64028:150.000000
>i3:64228:0.006127
>i4:64228:0.004764
>i5:64228:0.008726
>vrail:64228:0.018265
>i7:64228:0.003595
>i8:64228:0.010819
>seq:64228:180.000000
>i3:64428:-0.033545
>i4:64428:-0.024228
>i5:64428:-0.029421
>vrail:64428:0.018265
>i7:64428:0.011225
>i8:64428:-0.027328
>seq:64428:211.000000
>i3:64628:-0.015235
>i4:64628:-0.012021
>i5:64628:-0.012636
>vrail:64628:0.018265
>i7:64628:0.023432
>i8:64628:-0.016646
>seq:64628:242.000000
>i3:64828:-0.030494
>i4:64828:-0.033383
>i5:64828:-0.040102
>vrail:64828:0.018265
>i7:64828:-0.042181
>i8:64828:-0.028853
>seq:64828:16.000000
>i3:65028:-0.041175
>i4:65028:-0.027280
>i5:65028:-0.033998
>vrail:65028:0.018265
>i7:65028:-0.029974
>i8:65028:-0.033431
>seq:65028:47.000000
>i3:65228:-0.059485
>i4:65228:-0.056272
>i5:65228:-0.061464
>vrail:65228:0.018265
>i7:65228:-0.042181
>i8:65228:-0.054793
>seq:65228:77.000000
>i3:65428:-0.033545
>i4:65428:-0.042539
>i5:65428:-0.033998
>vrail:65428:0.019135
>i7:65428:-0.029974
>i8:65428:-0.025802
>seq:65428:108.000000
>i3:65628:0.039697
>i4:65628:0.038333
>i5:65628:0.042295
>vrail:65628:0.019135
>i7:65628:0.049372
>i8:65628:0.030656
>seq:65628:138.000000
>i3:65828:-0.010657
>i4:65828:-0.007443
>i5:65828:-0.011110
>vrail:65828:0.019135
>i7:65828:-0.011663
>i8:65828:-0.002913
>seq:65828:169.000000
>i3:66028:-0.025916
>i4:66028:-0.027280
>i5:66028:-0.030947
>vrail:66028:0.019135
>i7:66028:-0.005560
>i8:66028:-0.027328
>seq:66028:200.000000
>i3:66228:0.038171
>i4:66228:0.029178
>i5:66228:0.028563
>vrail:66228:0.019135
>i7:66228:0.028009
>i8:66228:0.029130
>seq:66228:230.000000
>i3:66428:0.004601
>i4:66428:0.004764
>i5:66428:0.010252
>vrail:66428:0.018265
>i7:66428:0.015802
>i8:66428:0.000138
>seq:66428:5.000000
>i3:66628:0.038171
>i4:66628:0.038333
>i5:66628:0.037718
>vrail:66628:0.018265
>i7:66628:0.087519
>i8:66628:0.038285
>seq:66628:35.000000
>i3:66828:0.006127
>i4:66828:0.006289
>i5:66828:0.005674
>vrail:66828:0.018265
>i7:66828:-0.005560
>i8:66828:0.003190
>seq:66828:66.000000
>i3:67028:-0.025916
>i4:67028:-0.027280
>i5:67028:-0.024843
>vrail:67028:0.018265
>i7:67028:-0.013189
>i8:67028:-0.022750
>seq:67028:96.000000
>i3:67228:-0.057960
>i4:67228:-0.060849
>i5:67228:-0.058413
>vrail:67228:0.018265
>i7:67228:-0.034552
>i8:67228:-0.065475
>seq:67228:127.000000
>i3:67428:-0.041175
>i4:67428:-0.042539
>i5:67428:-0.046206
>vrail:67428:0.019135
>i7:67428:-0.034552
>i8:67428:-0.039535
>seq:67428:158.000000
>i3:67628:0.067163
>i4:67628:0.074954
>i5:67628:0.072813
>vrail:67628:0.019135
>i7:67628:0.066156
>i8:67628:0.076432
>seq:67628:188.000000
>i3:67828:-0.021338
>i4:67828:-0.030332
>i5:67828:-0.030947
>vrail:67828:0.019135
>i7:67828:-0.016241
>i8:67828:-0.016646
>seq:67828:219.000000
>i3:68028:-0.010657
>i4:68028:-0.018125
>i5:68028:-0.026369
>vrail:68028:0.019135
>i7:68028:-0.011663
>i8:68028:-0.022750
>seq:68028:249.000000
>i3:68228:0.000024
>i4:68228:0.003238
>i5:68228:-0.000429
>vrail:68228:0.019135
>i7:68228:0.006647
>i8:68228:0.001664
>seq:68228:24.000000
>i3:68428:-0.009131
>i4:68428:-0.013547
>i5:68428:-0.012636
>vrail:68428:0.019135
>i7:68428:-0.002508
>i8:68428:-0.013595
>seq:68428:54.000000
>i3:68628:0.096154
>i4:68628:0.103946
>i5:68628:0.104856
>vrail:68628:0.019135
>i7:68628:0.089045
>i8:68628:0.091691
>seq:68628:85.000000
>i3:68828:0.019860
>i4:68828:0.020022
>i5:68828:0.017881
>vrail:68828:0.018265
>i7:68828:0.015802
>i8:68828:0.026078
>seq:68828:115.000000
>i3:69028:-0.045753
>i4:69028:-0.042539
>i5:69028:-0.044680
>vrail:69028:0.018265
>i7:69028:-0.014715
>i8:69028:-0.038009
>seq:69028:146.000000
>i3:69228:0.001550
>i4:69228:0.012393
>i5:69228:0.010252
>vrail:69228:0.019135
>i7:69228:0.026484
>i8:69228:0.004716
>seq:69228:177.000000
>i3:69428:-0.062537
>i4:69428:-0.062375
>i5:69428:-0.064516
>vrail:69428:0.018265
>i7:69428:-0.011663
>i8:69428:-0.056319
>seq:69428:207.000000
>i3:69628:0.106835
>i4:69628:0.103946
>i5:69628:0.098753
>vrail:69628:0.018265
>i7:69628:0.044794
>i8:69628:0.103898
>seq:69628:238.000000
>i3:69828:-0.036597
>i4:69828:-0.028806
>i5:69828:-0.035524
>vrail:69828:0.019135
>i7:69828:-0.025396
>i8:69828:-0.030379
>seq:69828:12.000000
>i3:70028:-0.036597
>i4:70028:-0.034909
>i5:70028:-0.041628
>vrail:70028:0.019135
>i7:70028:-0.020819
>i8:70028:-0.039535
>seq:70028:43.000000
>i3:70228:-0.001502
>i4:70228:-0.001340
>i5:70228:0.004148
>vrail:70228:0.019135
>i7:70228:0.000544
>i8:70228:0.000138
>seq:70228:73.000000
>i3:70428:-0.050330
>i4:70428:-0.048642
>i5:70428:-0.047731
>vrail:70428:0.019135
>i7:70428:0.024958
>i8:70428:-0.047164
>seq:70428:104.000000
>i3:70628:0.094628
>i4:70628:0.087161
>i5:70628:0.089598
>vrail:70628:0.020874
>i7:70628:0.029535
>i8:70628:0.087113
>seq:70628:135.000000
>i3:70828:0.021386
>i4:70828:0.004764
>i5:70828:0.016356
>vrail:70828:0.019135
>i7:70828:0.026484
>i8:70828:0.012345
>seq:70828:165.000000
>i3:71028:0.067163
>i4:71028:0.062747
>i5:71028:0.069761
>vrail:71028:0.019135
>i7:71028:0.087519
>i8:71028:0.071855
>seq:71028:196.000000
>i3:71228:-0.001502
>i4:71228:0.012393
>i5:71228:-0.009584
>vrail:71228:0.019135
>i7:71228:-0.004034
>i8:71228:-0.001388
>seq:71228:226.000000
>i3:71428:-0.019813
>i4:71428:-0.019650
>i5:71428:-0.020266
>vrail:71428:0.019135
>i7:71428:0.002069
>i8:71428:-0.027328
>seq:71428:1.000000
>i3:71628:-0.054908
>i4:71628:-0.050168
>i5:71628:-0.053835
>vrail:71628:0.019135
>i7:71628:-0.025396
>i8:71628:-0.047164
>seq:71628:31.000000
>i3:71828:-0.051856
>i4:71828:-0.059323
>i5:71828:-0.049257
>vrail:71828:0.020004
>i7:71828:-0.046759
>i8:71828:-0.047164
>seq:71828:62.000000
>i3:72028:0.038171
>i4:72028:0.035281
>i5:72028:0.027037
>vrail:72028:0.020004
>i7:72028:0.006647
>i8:72028:0.041337
>seq:72028:93.000000
>i3:72228:0.044274
>i4:72228:0.050540
>i5:72228:0.040770
>vrail:72228:0.020004
>i7:72228:0.029535
>i8:72228:0.045915
>seq:72228:123.000000
>i3:72428:0.036645
>i4:72428:0.038333
>i5:72428:0.042295
>vrail:72428:0.020004
>i7:72428:0.067682
>i8:72428:0.036759
>seq:72428:154.000000
>i3:72628:-0.010657
>i4:72628:-0.018125
>i5:72628:-0.015688
>vrail:72628:0.020004
>i7:72628:-0.004034
>i8:72628:-0.005965
>seq:72628:184.000000
>i3:72828:-0.012183
>i4:72828:-0.015073
>i5:72828:-0.006533
>vrail:72828:0.020004
>i7:72828:-0.013189
>i8:72828:-0.004439
>seq:72828:215.000000
>i3:73028:-0.030494
>i4:73028:-0.039487
>i5:73028:-0.029421
>vrail:73028:0.021744
>i7:73028:-0.022345
>i8:73028:-0.024276
>seq:73028:245.000000
>i3:73228:-0.018287
>i4:73228:-0.010495
>i5:73228:-0.023317
>vrail:73228:0.021744
>i7:73228:-0.013189
>i8:73228:-0.016646
>seq:73228:20.000000
>i3:73428:0.009179
>i4:73428:0.004764
>i5:73428:0.007200
>vrail:73428:0.021744
>i7:73428:0.028009
>i8:73428:0.004716
>seq:73428:51.000000
>i3:73628:-0.035071
>i4:73628:-0.028806
>i5:73628:-0.037050
>vrail:73628:0.021744
>i7:73628:-0.026922
>i8:73628:-0.036483
>seq:73628:82.000000
>i3:73828:-0.042701
>i4:73828:-0.045590
>i5:73828:-0.059938
>vrail:73828:0.022614
>i7:73828:-0.048285
>i8:73828:-0.054793
>seq:73828:113.000000
cal: averaged 256 frames; per-channel zero:
  (nc)  code +15879.6 -> +2.4230 V  (Vadc, offset unchanged)
  (nc)  code +15883.3 -> +2.4236 V  (Vadc, offset unchanged)
  i3    code +15825.6 -> bias +2.4148 V (was +2.4150) [SET]
  i4    code +15824.0 -> bias +2.4146 V (was +2.4147) [SET]
  i5    code +15832.4 -> bias +2.4158 V (was +2.4160) [SET]
  vrail code    +21.8 -> +0.0033 V  (V, offset unchanged)
  i7    code +15846.5 -> bias +2.4180 V (was +2.4184) [SET]
  i8    code +15834.7 -> bias +2.4162 V (was +2.4164) [SET]
cal: done -- current channels now read ~0 A at idle.
error: unknown command '' (try 'help')
>i3:74063:-0.040264
>i4:74063:-0.042725
>i5:74063:-0.037467
>vrail:74063:0.020874
>i7:74063:-0.017543
>i8:74063:-0.035620
>seq:74063:153.000000
>i3:74258:-0.050945
>i4:74258:-0.054932
>i5:74258:-0.057304
>vrail:74258:0.022614
>i7:74258:-0.043483
>i8:74258:-0.056982
>seq:74258:149.000000
>i3:74458:-0.053997
>i4:74458:-0.041199
>i5:74458:-0.038993
>vrail:74458:0.022614
>i7:74458:-0.022120
>i8:74458:-0.041723
>seq:74458:179.000000
>i3:74658:-0.025005
>i4:74658:-0.028992
>i5:74658:-0.019157
>vrail:74658:0.022614
>i7:74658:0.040441
>i8:74658:-0.026464
>seq:74658:210.000000
>i3:74858:-0.012798
>i4:74858:-0.013733
>i5:74858:-0.023735
>vrail:74858:0.022614
>i7:74858:-0.011439
>i8:74858:-0.017309
>seq:74858:240.000000
>i3:75058:0.007038
>i4:75058:0.004578
>i5:75058:0.009835
>vrail:75058:0.022614
>i7:75058:-0.002284
>i8:75058:0.011683
>seq:75058:15.000000
>i3:75258:-0.002117
>i4:75258:-0.015259
>i5:75258:-0.010002
>vrail:75258:0.022614
>i7:75258:0.003819
>i8:75258:-0.015783
>seq:75258:46.000000
>i3:75458:-0.025005
>i4:75458:-0.027466
>i5:75458:-0.023735
>vrail:75458:0.021744
>i7:75458:-0.014491
>i8:75458:-0.018835
>seq:75458:77.000000
>i3:75658:0.036030
>i4:75658:0.039673
>i5:75658:0.044930
>vrail:75658:0.021744
>i7:75658:0.014501
>i8:75658:0.042200
>seq:75658:108.000000
>i3:75858:-0.052471
>i4:75858:-0.061035
>i5:75858:-0.051200
>vrail:75858:0.021744
>i7:75858:-0.052638
>i8:75858:-0.055456
>seq:75858:138.000000
>i3:76058:-0.044842
>i4:76058:-0.048828
>i5:76058:-0.054252
>vrail:76058:0.022614
>i7:76058:-0.054164
>i8:76058:-0.047827
>seq:76058:169.000000
>i3:76258:-0.052471
>i4:76258:-0.042725
>i5:76258:-0.048149
>vrail:76258:0.022614
>i7:76258:-0.038905
>i8:76258:-0.052404
>seq:76258:199.000000
>i3:76458:0.043659
>i4:76458:0.044250
>i5:76458:0.038826
>vrail:76458:0.022614
>i7:76458:0.045018
>i8:76458:0.042200
>seq:76458:230.000000
>i3:76658:0.032978
>i4:76658:0.033569
>i5:76658:0.032723
>vrail:76658:0.022614
>i7:76658:0.041966
>i8:76658:0.034571
>seq:76658:5.000000
>i3:76858:-0.015850
>i4:76858:-0.015259
>i5:76858:-0.020683
>vrail:76858:0.022614
>i7:76858:-0.011439
>i8:76858:-0.018835
>seq:76858:36.000000
>i3:77058:0.016193
>i4:77058:0.022888
>i5:77058:0.023568
>vrail:77058:0.022614
>i7:77058:0.020604
>i8:77058:0.016260
>seq:77058:67.000000
>i3:77258:-0.023479
>i4:77258:-0.022888
>i5:77258:-0.020683
>vrail:77258:0.022614
>i7:77258:-0.020595
>i8:77258:-0.027990
>seq:77258:97.000000
>i3:77458:-0.025005
>i4:77458:-0.010681
>i5:77458:-0.014579
>vrail:77458:0.022614
>i7:77458:-0.005336
>i8:77458:-0.015783
>seq:77458:128.000000
>i3:77658:0.019245
>i4:77658:0.013733
>i5:77658:0.002205
>vrail:77658:0.022614
>i7:77658:0.048070
>i8:77658:0.007105
>seq:77658:158.000000
>i3:77858:0.003986
>i4:77858:0.001526
>i5:77858:0.006783
>vrail:77858:0.020874
>i7:77858:-0.016017
>i8:77858:0.004053
>seq:77858:189.000000
>i3:78058:-0.038738
>i4:78058:-0.032043
>i5:78058:-0.038993
>vrail:78058:0.020874
>i7:78058:-0.041957
>i8:78058:-0.038671
>seq:78058:219.000000
>i3:78258:-0.012798
>i4:78258:-0.007629
>i5:78258:0.008309
>vrail:78258:0.020874
>i7:78258:-0.028224
>i8:78258:-0.000525
>seq:78258:250.000000
>i3:78458:-0.018902
>i4:78458:-0.024414
>i5:78458:-0.023735
>vrail:78458:0.020874
>i7:78458:-0.025172
>i8:78458:-0.029516
>seq:78458:25.000000
>i3:78658:0.029926
>i4:78658:0.027466
>i5:78658:0.035775
>vrail:78658:0.020874
>i7:78658:0.034337
>i8:78658:0.034571
>seq:78658:55.000000
>i3:78858:0.003986
>i4:78858:-0.000000
>i5:78858:0.008309
>vrail:78858:0.022614
>i7:78858:-0.011439
>i8:78858:0.001001
>seq:78858:86.000000
>i3:79058:-0.020428
>i4:79058:-0.028992
>i5:79058:-0.019157
>vrail:79058:0.020874
>i7:79058:-0.003810
>i8:79058:-0.024939
>seq:79058:116.000000
>i3:79258:0.000935
>i4:79258:-0.009155
>i5:79258:0.002205
>vrail:79258:0.020874
>i7:79258:0.006871
>i8:79258:0.007105
>seq:79258:147.000000
>i3:79458:-0.015850
>i4:79458:-0.009155
>i5:79458:-0.019157
>vrail:79458:0.020874
>i7:79458:0.023656
>i8:79458:-0.011206
>seq:79458:177.000000
>i3:79658:0.072651
>i4:79658:0.077820
>i5:79658:0.076973
>vrail:79658:0.020874
>i7:79658:-0.003810
>i8:79658:0.074244
>seq:79658:208.000000
>i3:79858:-0.043316
>i4:79858:-0.042725
>i5:79858:-0.038993
>vrail:79858:0.020874
>i7:79858:-0.034328
>i8:79858:-0.034094
>seq:79858:239.000000
>i3:80058:-0.050945
>i4:80058:-0.051880
>i5:80058:-0.048149
>vrail:80058:0.020874
>i7:80058:-0.040431
>i8:80058:-0.040197
>seq:80058:13.000000
>i3:80258:-0.049419
>i4:80258:-0.044250
>i5:80258:-0.043571
>vrail:80258:0.020874
>i7:80258:-0.046535
>i8:80258:-0.046301
>seq:80258:44.000000
>i3:80458:0.011616
>i4:80458:0.004578
>i5:80458:0.008309
>vrail:80458:0.020874
>i7:80458:0.029759
>i8:80458:0.014734
>seq:80458:74.000000
>i3:80658:-0.021954
>i4:80658:-0.009155
>i5:80658:-0.014579
>vrail:80658:0.020874
>i7:80658:0.006871
>i8:80658:-0.018835
>seq:80658:105.000000
>i3:80858:0.025349
>i4:80858:0.025940
>i5:80858:0.029671
>vrail:80858:0.020874
>i7:80858:0.008397
>i8:80858:0.036097
>seq:80858:135.000000
>i3:81058:-0.020428
>i4:81058:-0.024414
>i5:81058:-0.025260
>vrail:81058:0.019135
>i7:81058:-0.005336
>i8:81058:-0.029516
>seq:81058:166.000000
>i3:81258:0.000935
>i4:81258:-0.000000
>i5:81258:-0.000846
>vrail:81258:0.019135
>i7:81258:0.017552
>i8:81258:-0.011206
>seq:81258:197.000000
>i3:81458:0.040607
>i4:81458:0.048828
>i5:81458:0.049508
>vrail:81458:0.019135
>i7:81458:0.058751
>i8:81458:0.045252
>seq:81458:228.000000
>i3:81658:-0.034161
>i4:81658:-0.030518
>i5:81658:-0.031364
>vrail:81658:0.019135
>i7:81658:-0.000758
>i8:81658:-0.029516
>seq:81658:3.000000
>i3:81858:-0.017376
>i4:81858:-0.027466
>i5:81858:-0.020683
>vrail:81858:0.019135
>i7:81858:-0.022120
>i8:81858:-0.026464
>seq:81858:33.000000
>i3:82058:-0.075359
>i4:82058:-0.079346
>i5:82058:-0.072563
>vrail:82058:0.019135
>i7:82058:0.006871
>i8:82058:-0.072241
>seq:82058:64.000000
>i3:82258:-0.000591
>i4:82258:0.001526
>i5:82258:-0.003898
>vrail:82258:0.019135
>i7:82258:-0.035853
>i8:82258:0.004053
>seq:82258:94.000000
>i3:82458:0.037556
>i4:82458:0.039673
>i5:82458:0.046456
>vrail:82458:0.019135
>i7:82458:0.038915
>i8:82458:0.046778
>seq:82458:125.000000
>i3:82658:-0.023479
>i4:82658:-0.027466
>i5:82658:-0.017631
>vrail:82658:0.019135
>i7:82658:-0.026698
>i8:82658:-0.023413
>seq:82658:155.000000
>i3:82858:-0.029583
>i4:82858:-0.027466
>i5:82858:-0.032890
>vrail:82858:0.019135
>i7:82858:-0.022120
>i8:82858:-0.032568
>seq:82858:186.000000
>i3:83058:0.010090
>i4:83058:0.016785
>i5:83058:0.023568
>vrail:83058:0.019135
>i7:83058:-0.006862
>i8:83058:0.013208
>seq:83058:217.000000
>i3:83258:-0.000591
>i4:83258:0.006104
>i5:83258:0.003731
>vrail:83258:0.019135
>i7:83258:-0.008388
>i8:83258:-0.002050
>seq:83258:247.000000
>i3:83458:0.089436
>i4:83458:0.091553
>i5:83458:0.095284
>vrail:83458:0.018265
>i7:83458:0.099950
>i8:83458:0.100183
>seq:83458:22.000000
>i3:83658:0.003986
>i4:83658:0.013733
>i5:83658:0.011361
>vrail:83658:0.017395
>i7:83658:0.022130
>i8:83658:0.001001
>seq:83658:52.000000
>i3:83858:-0.009747
>i4:83858:-0.015259
>i5:83858:-0.006950
>vrail:83858:0.017395
>i7:83858:0.000768
>i8:83858:-0.012732
>seq:83858:83.000000
>i3:84058:-0.020428
>i4:84058:-0.021362
>i5:84058:-0.016105
>vrail:84058:0.017395
>i7:84058:-0.006862
>i8:84058:-0.014257
>seq:84058:113.000000
>i3:84258:-0.008221
>i4:84258:-0.001526
>i5:84258:-0.008476
>vrail:84258:0.017395
>i7:84258:-0.025172
>i8:84258:-0.009680
>seq:84258:144.000000
>i3:84458:0.098591
>i4:84458:0.093079
>i5:84458:0.089180
>vrail:84458:0.018265
>i7:84458:0.069432
>i8:84458:0.092554
>seq:84458:175.000000
>i3:84658:0.014668
>i4:84658:0.013733
>i5:84658:0.005257
>vrail:84658:0.019135
>i7:84658:-0.006862
>i8:84658:0.013208
>seq:84658:205.000000
>i3:84858:0.020771
>i4:84858:0.012207
>i5:84858:0.009835
>vrail:84858:0.019135
>i7:84858:-0.017543
>i8:84858:0.007105
>seq:84858:236.000000
>i3:85058:-0.012798
>i4:85058:-0.013733
>i5:85058:-0.014579
>vrail:85058:0.019135
>i7:85058:0.014501
>i8:85058:-0.006628
>seq:85058:10.000000
>i3:85258:-0.026531
>i4:85258:-0.032043
>i5:85258:-0.028312
>vrail:85258:0.018265
>i7:85258:-0.016017
>i8:85258:-0.021887
>seq:85258:41.000000
>i3:85458:0.113850
>i4:85458:0.114441
>i5:85458:0.121224
>vrail:85458:0.018265
>i7:85458:0.048070
>i8:85458:0.113916
>seq:85458:71.000000
>i3:85658:0.118427
>i4:85658:0.109863
>i5:85658:0.102913
>vrail:85658:0.018265
>i7:85658:0.020604
>i8:85658:0.109339
>seq:85658:102.000000
>i3:85858:-0.017376
>i4:85858:-0.027466
>i5:85858:-0.026786
>vrail:85858:0.018265
>i7:85858:-0.012965
>i8:85858:-0.021887
>seq:85858:133.000000
>i3:86058:0.043659
>i4:86058:0.038147
>i5:86058:0.043404
>vrail:86058:0.018265
>i7:86058:0.008397
>i8:86058:0.040674
>seq:86058:163.000000
>i3:86258:-0.034161
>i4:86258:-0.027466
>i5:86258:-0.026786
>vrail:86258:0.018265
>i7:86258:0.014501
>i8:86258:-0.023413
>seq:86258:194.000000
>i3:86458:-0.043316
>i4:86458:-0.044250
>i5:86458:-0.042045
>vrail:86458:0.019135
>i7:86458:-0.037379
>i8:86458:-0.047827
>seq:86458:224.000000
>i3:86658:-0.011272
>i4:86658:-0.010681
>i5:86658:-0.006950
>vrail:86658:0.019135
>i7:86658:-0.034328
>i8:86658:-0.002050
>seq:86658:255.000000
>i3:86858:-0.037212
>i4:86858:-0.038147
>i5:86858:-0.037467
>vrail:86858:0.020004
>i7:86858:-0.060267
>i8:86858:-0.044775
>seq:86858:29.000000
>i3:87058:-0.012798
>i4:87058:-0.006104
>i5:87058:-0.010002
>vrail:87058:0.020004
>i7:87058:-0.017543
>i8:87058:-0.011206
>seq:87058:60.000000
>i3:87258:0.020771
>i4:87258:0.027466
>i5:87258:0.023568
>vrail:87258:0.020004
>i7:87258:0.016026
>i8:87258:0.034571
>seq:87258:91.000000
>i3:87458:0.014668
>i4:87458:0.009155
>i5:87458:0.017464
>vrail:87458:0.019135
>i7:87458:0.020604
>i8:87458:0.004053
>seq:87458:122.000000
>i3:87658:0.019245
>i4:87658:0.027466
>i5:87658:0.020516
>vrail:87658:0.018265
>i7:87658:0.012975
>i8:87658:0.022364
>seq:87658:153.000000
>i3:87858:-0.009747
>i4:87858:-0.004578
>i5:87858:-0.002372
>vrail:87858:0.018265
>i7:87858:0.031285
>i8:87858:-0.012732
>seq:87858:183.000000
>i3:88058:0.058918
>i4:88058:0.062561
>i5:88058:0.057137
>vrail:88058:0.018265
>i7:88058:0.032811
>i8:88058:0.066614
>seq:88058:214.000000
>i3:88258:0.016193
>i4:88258:0.028992
>i5:88258:0.025094
>vrail:88258:0.017395
>i7:88258:0.037389
>i8:88258:0.025415
>seq:88258:244.000000
>i3:88458:-0.050945
>i4:88458:-0.047302
>i5:88458:-0.057304
>vrail:88458:0.017395
>i7:88458:-0.040431
>i8:88458:-0.049353
>seq:88458:19.000000
>i3:88658:-0.055523
>i4:88658:-0.054932
>i5:88658:-0.051200
>vrail:88658:0.018265
>i7:88658:-0.051112
>i8:88658:-0.041723
>seq:88658:49.000000
>i3:88858:-0.029583
>i4:88858:-0.024414
>i5:88858:-0.032890
>vrail:88858:0.020004
>i7:88858:-0.051112
>i8:88858:-0.035620
>seq:88858:80.000000
>i3:89058:-0.041790
>i4:89058:-0.044250
>i5:89058:-0.042045
>vrail:89058:0.020004
>i7:89058:-0.040431
>i8:89058:-0.052404
>seq:89058:111.000000
>i3:89258:-0.034161
>i4:89258:-0.035095
>i5:89258:-0.026786
>vrail:89258:0.020004
>i7:89258:0.022130
>i8:89258:-0.029516
>seq:89258:141.000000
>i3:89458:0.005512
>i4:89458:0.007629
>i5:89458:0.011361
>vrail:89458:0.020004
>i7:89458:-0.011439
>i8:89458:0.001001
>seq:89458:172.000000
>i3:89658:0.020771
>i4:89658:0.013733
>i5:89658:0.022042
>vrail:89658:0.019135
>i7:89658:-0.006862
>i8:89658:0.019312
>seq:89658:202.000000
>i3:89858:0.028400
>i4:89858:0.032043
>i5:89858:0.026619
>vrail:89858:0.019135
>i7:89858:0.025182
>i8:89858:0.029993
>seq:89858:233.000000
>i3:90058:0.034504
>i4:90058:0.039673
>i5:90058:0.038826
>vrail:90058:0.019135
>i7:90058:0.022130
>i8:90058:0.034571
>seq:90058:7.000000
>i3:90258:0.054340
>i4:90258:0.056458
>i5:90258:0.052559
>vrail:90258:0.019135
>i7:90258:0.048070
>i8:90258:0.055933
>seq:90258:38.000000
>i3:90458:0.010090
>i4:90458:-0.003052
>i5:90458:0.011361
>vrail:90458:0.019135
>i7:90458:-0.005336
>i8:90458:0.011683
>seq:90458:69.000000
>i3:90658:-0.000591
>i4:90658:-0.000000
>i5:90658:0.002205
>vrail:90658:0.019135
>i7:90658:0.000768
>i8:90658:0.002527
>seq:90658:100.000000
>i3:90858:-0.038738
>i4:90858:-0.044250
>i5:90858:-0.035942
>vrail:90858:0.019135
>i7:90858:-0.038905
>i8:90858:-0.040197
>seq:90858:131.000000
>i3:91058:0.032978
>i4:91058:0.033569
>i5:91058:0.043404
>vrail:91058:0.019135
>i7:91058:0.043492
>i8:91058:0.045252
>seq:91058:161.000000
>i3:91258:0.142841
>i4:91258:0.141907
>i5:91258:0.136483
>vrail:91258:0.019135
>i7:91258:0.025182
>i8:91258:0.147486
>seq:91258:192.000000
>i3:91458:0.057392
>i4:91458:0.059509
>i5:91458:0.061715
>vrail:91458:0.017395
>i7:91458:0.048070
>i8:91458:0.068140
>seq:91458:222.000000
>i3:91658:-0.026531
>i4:91658:-0.018311
>i5:91658:-0.014579
>vrail:91658:0.017395
>i7:91658:-0.029750
>i8:91658:-0.029516
>seq:91658:253.000000
>i3:91858:-0.021954
>i4:91858:-0.028992
>i5:91858:-0.026786
>vrail:91858:0.017395
>i7:91858:-0.006862
>i8:91858:-0.023413
>seq:91858:28.000000
>i3:92058:0.013142
>i4:92058:0.010681
>i5:92058:0.011361
>vrail:92058:0.017395
>i7:92058:0.057225
>i8:92058:0.013208
>seq:92058:59.000000
>i3:92258:0.036030
>i4:92258:0.045776
>i5:92258:0.038826
>vrail:92258:0.017395
>i7:92258:0.014501
>i8:92258:0.048304
>seq:92258:90.000000
>i3:92458:0.037556
>i4:92458:0.036621
>i5:92458:0.038826
>vrail:92458:0.017395
>i7:92458:0.043492
>i8:92458:0.034571
>seq:92458:120.000000
>i3:92658:-0.003643
>i4:92658:-0.003052
>i5:92658:-0.008476
>vrail:92658:0.017395
>i7:92658:-0.009913
>i8:92658:-0.000525
>seq:92658:151.000000
>i3:92858:0.019245
>i4:92858:0.013733
>i5:92858:0.017464
>vrail:92858:0.017395
>i7:92858:0.003819
>i8:92858:0.020838
>seq:92858:181.000000
>i3:93058:0.010090
>i4:93058:0.013733
>i5:93058:0.014412
>vrail:93058:0.018265
>i7:93058:0.002294
>i8:93058:0.011683
>seq:93058:212.000000
>i3:93258:0.000935
>i4:93258:0.009155
>i5:93258:0.002205
>vrail:93258:0.018265
>i7:93258:-0.011439
>i8:93258:0.007105
>seq:93258:242.000000
>i3:93458:-0.025005
>i4:93458:-0.039673
>i5:93458:-0.032890
>vrail:93458:0.019135
>i7:93458:-0.031276
>i8:93458:-0.029516
>seq:93458:17.000000
>i3:93658:0.026875
>i4:93658:0.032043
>i5:93658:0.023568
>vrail:93658:0.019135
>i7:93658:-0.016017
>i8:93658:0.019312
>seq:93658:48.000000
>i3:93858:0.026875
>i4:93858:0.021362
>i5:93858:0.025094
>vrail:93858:0.019135
>i7:93858:0.019078
>i8:93858:0.026941
>seq:93858:78.000000
>i3:94058:-0.035686
>i4:94058:-0.038147
>i5:94058:-0.028312
>vrail:94058:0.018265
>i7:94058:0.029759
>i8:94058:-0.024939
>seq:94058:109.000000
>i3:94258:-0.017376
>i4:94258:-0.007629
>i5:94258:-0.017631
>vrail:94258:0.018265
>i7:94258:-0.014491
>i8:94258:-0.012732
>seq:94258:139.000000
>i3:94458:0.054340
>i4:94458:0.042725
>i5:94458:0.038826
>vrail:94458:0.018265
>i7:94458:0.006871
>i8:94458:0.045252
>seq:94458:170.000000
>i3:94658:0.052814
>i4:94658:0.059509
>i5:94658:0.055611
>vrail:94658:0.020004
>i7:94658:-0.000758
>i8:94658:0.054407
>seq:94658:200.000000
>i3:94858:-0.006695
>i4:94858:-0.009155
>i5:94858:-0.019157
>vrail:94858:0.020004
>i7:94858:-0.028224
>i8:94858:-0.006628
>seq:94858:231.000000
>i3:95058:0.032978
>i4:95058:0.042725
>i5:95058:0.044930
>vrail:95058:0.020004
>i7:95058:0.046544
>i8:95058:0.043726
>seq:95058:6.000000
>i3:95258:-0.031109
>i4:95258:-0.035095
>i5:95258:-0.025260
>vrail:95258:0.020874
>i7:95258:-0.035853
>i8:95258:-0.032568
>seq:95258:36.000000
>i3:95458:-0.053997
>i4:95458:-0.047302
>i5:95458:-0.048149
>vrail:95458:0.020874
>i7:95458:-0.051112
>i8:95458:-0.041723
>seq:95458:67.000000
>i3:95658:0.020771
>i4:95658:0.022888
>i5:95658:0.023568
>vrail:95658:0.020004
>i7:95658:0.003819
>i8:95658:0.025415
>seq:95658:97.000000
>i3:95858:0.010090
>i4:95858:0.010681
>i5:95858:0.002205
>vrail:95858:0.020004
>i7:95858:0.003819
>i8:95858:0.004053
>seq:95858:128.000000
>i3:96058:0.000935
>i4:96058:-0.004578
>i5:96058:0.011361
>vrail:96058:0.020874
>i7:96058:0.043492
>i8:96058:0.008631
>seq:96058:158.000000
>i3:96258:0.000935
>i4:96258:-0.012207
>i5:96258:0.002205
>vrail:96258:0.020874
>i7:96258:-0.016017
>i8:96258:-0.006628
>seq:96258:189.000000
>i3:96458:0.016193
>i4:96458:0.022888
>i5:96458:0.025094
>vrail:96458:0.020874
>i7:96458:0.011449
>i8:96458:0.017786
>seq:96458:220.000000
>i3:96658:0.055866
>i4:96658:0.064087
>i5:96658:0.051033
>vrail:96658:0.020874
>i7:96658:0.040441
>i8:96658:0.049829
>seq:96658:251.000000
>i3:96858:0.036030
>i4:96858:0.033569
>i5:96858:0.037301
>vrail:96858:0.020874
>i7:96858:0.016026
>i8:96858:0.036097
>seq:96858:26.000000
>i3:97058:0.052814
>i4:97058:0.062561
>i5:97058:0.052559
>vrail:97058:0.020874
>i7:97058:-0.003810
>i8:97058:0.062037
>seq:97058:56.000000
>i3:97258:0.005512
>i4:97258:0.009155
>i5:97258:0.008309
>vrail:97258:0.020874
>i7:97258:-0.028224
>i8:97258:0.013208
>seq:97258:87.000000
>i3:97458:-0.014324
>i4:97458:-0.019836
>i5:97458:-0.016105
>vrail:97458:0.021744
>i7:97458:-0.020595
>i8:97458:-0.020361
>seq:97458:117.000000
>i3:97658:0.023823
>i4:97658:0.028992
>i5:97658:0.026619
>vrail:97658:0.021744
>i7:97658:0.006871
>i8:97658:0.020838
>seq:97658:148.000000
>i3:97858:0.032978
>i4:97858:0.028992
>i5:97858:0.026619
>vrail:97858:0.021744
>i7:97858:0.045018
>i8:97858:0.031519
>seq:97858:179.000000
>i3:98058:0.084858
>i4:98058:0.085449
>i5:98058:0.095284
>vrail:98058:0.020874
>i7:98058:0.002294
>i8:98058:0.100183
>seq:98058:210.000000
>i3:98258:0.065022
>i4:98258:0.059509
>i5:98258:0.066292
>vrail:98258:0.020874
>i7:98258:0.032811
>i8:98258:0.065088
>seq:98258:241.000000
>i3:98458:0.016193
>i4:98458:0.024414
>i5:98458:0.023568
>vrail:98458:0.020874
>i7:98458:0.020604
>i8:98458:0.025415
>seq:98458:15.000000
>i3:98658:-0.000591
>i4:98658:-0.001526
>i5:98658:0.008309
>vrail:98658:0.020874
>i7:98658:0.005345
>i8:98658:0.004053
>seq:98658:46.000000
>i3:98858:0.269489
>i4:98858:0.274658
>i5:98858:0.272286
>vrail:98858:0.022614
>i7:98858:0.057225
>i8:98858:0.261927
>seq:98858:76.000000
>i3:99058:0.385456
>i4:99058:0.392151
>i5:99058:0.401986
>vrail:99058:0.022614
>i7:99058:-0.011439
>i8:99058:0.379419
>seq:99058:107.000000
>i3:99258:0.754719
>i4:99258:0.773621
>i5:99258:0.791085
>vrail:99258:12.002563
>i7:99258:-0.019069
>i8:99258:0.744104
>seq:99258:137.000000
>i3:99458:0.351887
>i4:99458:0.350952
>i5:99458:0.371468
>vrail:99458:12.002563
>i7:99458:-0.038905
>i8:99458:0.335169
>seq:99458:168.000000
>i3:99658:0.408344
>i4:99658:0.424194
>i5:99658:0.429451
>vrail:99658:12.003433
>i7:99658:-0.026698
>i8:99658:0.403833
>seq:99658:199.000000
>i3:99858:0.423603
>i4:99858:0.424194
>i5:99858:0.441658
>vrail:99858:12.003433
>i7:99858:0.061803
>i8:99858:0.416040
>seq:99858:229.000000
>i3:100058:0.382404
>i4:100058:0.407410
>i5:100058:0.397408
>vrail:100058:12.003433
>i7:100058:0.019078
>i8:100058:0.376368
>seq:100058:4.000000
>i3:100258:0.415974
>i4:100258:0.419617
>i5:100258:0.430977
>vrail:100258:12.004303
>i7:100258:0.016026
>i8:100258:0.409937
>seq:100258:34.000000
>i3:100458:0.289326
>i4:100458:0.283813
>i5:100458:0.296700
>vrail:100458:12.004303
>i7:100458:0.020604
>i8:100458:0.287867
>seq:100458:65.000000
>i3:100658:0.235920
>i4:100658:0.253296
>i5:100658:0.257027
>vrail:100658:12.005173
>i7:100658:-0.009913
>i8:100658:0.231409
>seq:100658:95.000000
>i3:100858:0.385456
>i4:100858:0.379944
>i5:100858:0.394356
>vrail:100858:12.005173
>i7:100858:0.089269
>i8:100858:0.368738
>seq:100858:126.000000
>i3:101058:0.255756
>i4:101058:0.273132
>i5:101058:0.269234
>vrail:101058:12.006042
>i7:101058:0.008397
>i8:101058:0.263453
>seq:101058:157.000000
>i3:101258:0.232868
>i4:101258:0.242615
>i5:101258:0.244820
>vrail:101258:12.006042
>i7:101258:-0.012965
>i8:101258:0.231409
>seq:101258:187.000000
>i3:101458:0.267963
>i4:101458:0.267029
>i5:101458:0.279915
>vrail:101458:12.005173
>i7:101458:0.009923
>i8:101458:0.264978
>seq:101458:218.000000
>i3:101658:0.255756
>i4:101658:0.254822
>i5:101658:0.258553
>vrail:101658:12.006042
>i7:101658:-0.022120
>i8:101658:0.251245
>seq:101658:248.000000
>i3:101858:0.328999
>i4:101858:0.329590
>i5:101858:0.347054
>vrail:101858:12.006042
>i7:101858:0.063329
>i8:101858:0.326014
>seq:101858:23.000000
>i3:102058:0.283222
>i4:102058:0.288391
>i5:102058:0.298226
>vrail:102058:12.006912
>i7:102058:-0.019069
>i8:102058:0.287867
>seq:102058:53.000000
>i3:102258:0.248127
>i4:102258:0.254822
>i5:102258:0.255501
>vrail:102258:12.006912
>i7:102258:-0.011439
>i8:102258:0.246668
>seq:102258:84.000000
>i3:102458:0.269489
>i4:102458:0.277710
>i5:102458:0.290596
>vrail:102458:12.006912
>i7:102458:0.032811
>i8:102458:0.274134
>seq:102458:115.000000
>i3:102658:0.315266
>i4:102658:0.315857
>i5:102658:0.334847
>vrail:102658:12.006042
>i7:102658:0.040441
>i8:102658:0.315332
>seq:102658:146.000000
>i3:102858:0.397663
>i4:102858:0.401306
>i5:102858:0.397408
>vrail:102858:12.006912
>i7:102858:0.084691
>i8:102858:0.393152
>seq:102858:177.000000
>i3:103058:0.304585
>i4:103058:0.306702
>i5:103058:0.313485
>vrail:103058:12.006912
>i7:103058:0.031285
>i8:103058:0.312281
>seq:103058:207.000000
>i3:103258:0.225239
>i4:103258:0.227356
>i5:103258:0.231087
>vrail:103258:12.006912
>i7:103258:-0.031276
>i8:103258:0.225306
>seq:103258:238.000000
>i3:103458:0.257282
>i4:103458:0.256348
>i5:103458:0.261605
>vrail:103458:12.006912
>i7:103458:-0.020595
>i8:103458:0.246668
>seq:103458:12.000000
>i3:103658:0.232868
>i4:103658:0.241089
>i5:103658:0.243294
>vrail:103658:12.006912
>i7:103658:-0.005336
>i8:103658:0.237513
>seq:103658:43.000000
>i3:103858:0.339680
>i4:103858:0.344849
>i5:103858:0.357735
>vrail:103858:12.006912
>i7:103858:0.016026
>i8:103858:0.344324
>seq:103858:74.000000
>i3:104058:0.342731
>i4:104058:0.347900
>i5:104058:0.357735
>vrail:104058:12.006042
>i7:104058:0.035863
>i8:104058:0.339746
>seq:104058:105.000000
>i3:104258:0.274067
>i4:104258:0.282288
>i5:104258:0.279915
>vrail:104258:12.006042
>i7:104258:0.005345
>i8:104258:0.274134
>seq:104258:136.000000
>i3:104458:0.281696
>i4:104458:0.288391
>i5:104458:0.295174
>vrail:104458:12.005173
>i7:104458:0.023656
>i8:104458:0.281763
>seq:104458:166.000000
>i3:104658:0.257282
>i4:104658:0.254822
>i5:104658:0.261605
>vrail:104658:12.005173
>i7:104658:0.028234
>i8:104658:0.251245
>seq:104658:197.000000
>i3:104858:0.263386
>i4:104858:0.265503
>i5:104858:0.270760
>vrail:104858:12.005173
>i7:104858:0.038915
>i8:104858:0.254297
>seq:104858:227.000000

===BURST_CSV_BEGIN===
# fastburst: 2048 frames @ 100.01 kSPS native (measured), 0 seq-gaps, 0 bad-hdr; us = idx x 9.999 us
us,seq,i3,i4,i5,vrail,i7,i8
0.0,106,0.3458,0.3418,0.3440,12.0078,0.0633,0.3367
10.0,107,0.3427,0.3418,0.3440,12.0069,0.0618,0.3321
20.0,108,0.3336,0.3403,0.3379,12.0069,0.0603,0.3291
30.0,109,0.3259,0.3372,0.3364,12.0078,0.0618,0.3260
40.0,110,0.3214,0.3326,0.3348,12.0078,0.0633,0.3199
50.0,111,0.3122,0.3281,0.3272,12.0078,0.0618,0.3108
60.0,112,0.3092,0.3265,0.3181,12.0078,0.0603,0.3092
70.0,113,0.3076,0.3189,0.3120,12.0078,0.0618,0.3138
80.0,114,0.3031,0.3128,0.3089,12.0060,0.0649,0.3123
90.0,115,0.3046,0.3113,0.3074,12.0069,0.0618,0.3077
100.0,116,0.3046,0.3052,0.3150,12.0060,0.0603,0.3031
110.0,117,0.3076,0.3098,0.3150,12.0069,0.0603,0.2955
120.0,118,0.3061,0.3082,0.3150,12.0069,0.0618,0.2970
130.0,119,0.3046,0.3036,0.3104,12.0078,0.0603,0.2985
140.0,120,0.3046,0.3052,0.3089,12.0078,0.0588,0.2970
150.0,121,0.3061,0.3067,0.3089,12.0078,0.0603,0.3001
160.0,122,0.3076,0.3067,0.3104,12.0069,0.0618,0.3062
170.0,123,0.3046,0.3052,0.3181,12.0069,0.0603,0.3062
180.0,124,0.3031,0.3082,0.3211,12.0060,0.0603,0.3047
190.0,125,0.3076,0.3036,0.3196,12.0078,0.0603,0.3001
200.0,126,0.3137,0.3098,0.3181,12.0069,0.0603,0.3001
210.0,127,0.3137,0.3113,0.3181,12.0060,0.0618,0.3062
220.0,128,0.3076,0.3052,0.3181,12.0069,0.0618,0.3077
230.0,129,0.3076,0.3128,0.3181,12.0069,0.0588,0.3047
240.0,130,0.3031,0.3128,0.3257,12.0078,0.0588,0.3092
250.0,131,0.3046,0.3189,0.3272,12.0069,0.0603,0.3138
260.0,132,0.3122,0.3235,0.3226,12.0078,0.0588,0.3169
270.0,133,0.3153,0.3281,0.3272,12.0069,0.0588,0.3184
280.0,134,0.3122,0.3250,0.3318,12.0060,0.0588,0.3169
290.0,135,0.3137,0.3204,0.3287,12.0078,0.0603,0.3123
300.0,136,0.3168,0.3204,0.3318,12.0069,0.0603,0.3108
310.0,137,0.3198,0.3220,0.3348,12.0069,0.0618,0.3108
320.0,138,0.3153,0.3204,0.3379,12.0069,0.0618,0.3108
330.0,139,0.3168,0.3265,0.3379,12.0069,0.0618,0.3199
340.0,140,0.3244,0.3326,0.3425,12.0078,0.0603,0.3260
350.0,141,0.3275,0.3357,0.3486,12.0069,0.0603,0.3291
360.0,142,0.3336,0.3387,0.3562,12.0078,0.0633,0.3260
370.0,143,0.3336,0.3372,0.3547,12.0069,0.0633,0.3199
380.0,144,0.3321,0.3387,0.3440,12.0078,0.0633,0.3245
390.0,145,0.3244,0.3433,0.3394,12.0078,0.0649,0.3245
400.0,146,0.3168,0.3403,0.3364,12.0069,0.0649,0.3260
410.0,147,0.3107,0.3265,0.3257,12.0060,0.0649,0.3184
420.0,148,0.3107,0.3174,0.3211,12.0060,0.0664,0.3062
430.0,149,0.3092,0.3098,0.3135,12.0078,0.0679,0.2985
440.0,150,0.3015,0.2991,0.3120,12.0069,0.0633,0.2985
450.0,151,0.3031,0.2991,0.3089,12.0060,0.0649,0.2955
460.0,152,0.2985,0.2960,0.3165,12.0052,0.0633,0.2924
470.0,153,0.3000,0.2975,0.3074,12.0060,0.0618,0.2863
480.0,154,0.2970,0.2975,0.3074,12.0069,0.0618,0.2863
490.0,155,0.2893,0.2899,0.3059,12.0060,0.0633,0.2863
500.0,156,0.2832,0.2869,0.2998,12.0069,0.0618,0.2833
510.0,157,0.2786,0.2884,0.2921,12.0060,0.0603,0.2802
520.0,158,0.2802,0.2884,0.2906,12.0078,0.0603,0.2757
530.0,159,0.2832,0.2838,0.2906,12.0060,0.0588,0.2711
540.0,160,0.2863,0.2777,0.2952,12.0069,0.0588,0.2757
550.0,161,0.2771,0.2808,0.2921,12.0060,0.0572,0.2741
560.0,162,0.2725,0.2792,0.2845,12.0052,0.0588,0.2696
570.0,163,0.2695,0.2747,0.2784,12.0069,0.0557,0.2604
580.0,164,0.2649,0.2686,0.2784,12.0060,0.0542,0.2573
590.0,165,0.2603,0.2640,0.2753,12.0078,0.0542,0.2573
600.0,166,0.2588,0.2609,0.2677,12.0060,0.0542,0.2589
610.0,167,0.2588,0.2640,0.2601,12.0078,0.0511,0.2635
620.0,168,0.2558,0.2609,0.2586,12.0069,0.0511,0.2573
630.0,169,0.2558,0.2579,0.2586,12.0060,0.0481,0.2543
640.0,170,0.2542,0.2594,0.2570,12.0060,0.0481,0.2482
650.0,171,0.2527,0.2594,0.2570,12.0060,0.0465,0.2436
660.0,172,0.2542,0.2594,0.2647,12.0060,0.0481,0.2421
670.0,173,0.2588,0.2594,0.2677,12.0069,0.0450,0.2436
680.0,174,0.2512,0.2457,0.2631,12.0069,0.0435,0.2406
690.0,175,0.2451,0.2411,0.2631,12.0060,0.0435,0.2406
700.0,176,0.2359,0.2365,0.2601,12.0060,0.0389,0.2390
710.0,177,0.2329,0.2380,0.2540,12.0069,0.0389,0.2360
720.0,178,0.2344,0.2350,0.2494,12.0069,0.0389,0.2345
730.0,179,0.2359,0.2426,0.2448,12.0060,0.0374,0.2345
740.0,180,0.2405,0.2502,0.2433,12.0052,0.0374,0.2345
750.0,181,0.2405,0.2563,0.2555,12.0052,0.0359,0.2406
760.0,182,0.2420,0.2625,0.2616,12.0060,0.0343,0.2451
770.0,183,0.2466,0.2640,0.2601,12.0069,0.0328,0.2421
780.0,184,0.2466,0.2609,0.2586,12.0060,0.0328,0.2406
790.0,185,0.2512,0.2579,0.2616,12.0060,0.0313,0.2436
800.0,186,0.2573,0.2563,0.2601,12.0060,0.0313,0.2528
810.0,187,0.2558,0.2594,0.2616,12.0060,0.0313,0.2543
820.0,188,0.2573,0.2594,0.2570,12.0060,0.0313,0.2558
830.0,189,0.2588,0.2579,0.2570,12.0060,0.0313,0.2528
840.0,190,0.2527,0.2533,0.2570,12.0069,0.0313,0.2467
850.0,191,0.2451,0.2487,0.2524,12.0060,0.0267,0.2421
860.0,192,0.2466,0.2441,0.2463,12.0060,0.0267,0.2360
870.0,193,0.2451,0.2457,0.2494,12.0060,0.0267,0.2360
880.0,194,0.2390,0.2472,0.2494,12.0069,0.0252,0.2360
890.0,195,0.2374,0.2472,0.2524,12.0052,0.0252,0.2329
900.0,196,0.2359,0.2411,0.2540,12.0060,0.0252,0.2329
910.0,197,0.2313,0.2380,0.2509,12.0060,0.0221,0.2299
920.0,198,0.2268,0.2335,0.2463,12.0069,0.0237,0.2253
930.0,199,0.2252,0.2274,0.2433,12.0060,0.0191,0.2253
940.0,200,0.2283,0.2258,0.2372,12.0060,0.0206,0.2268
950.0,201,0.2252,0.2243,0.2311,12.0060,0.0176,0.2238
959.9,202,0.2222,0.2258,0.2326,12.0060,0.0191,0.2238
969.9,203,0.2191,0.2289,0.2372,12.0060,0.0145,0.2253
979.9,204,0.2176,0.2258,0.2402,12.0060,0.0176,0.2223
989.9,205,0.2222,0.2213,0.2387,12.0043,0.0145,0.2177
999.9,206,0.2237,0.2197,0.2372,12.0060,0.0145,0.2207
1009.9,207,0.2268,0.2228,0.2372,12.0052,0.0130,0.2207
1019.9,208,0.2237,0.2274,0.2387,12.0060,0.0114,0.2238
1029.9,209,0.2222,0.2289,0.2387,12.0052,0.0114,0.2207
1039.9,210,0.2252,0.2289,0.2387,12.0060,0.0099,0.2192
1049.9,211,0.2298,0.2289,0.2418,12.0069,0.0084,0.2268
1059.9,212,0.2329,0.2335,0.2418,12.0060,0.0099,0.2345
1069.9,213,0.2344,0.2396,0.2448,12.0060,0.0069,0.2360
1079.9,214,0.2344,0.2457,0.2433,12.0060,0.0084,0.2390
1089.9,215,0.2298,0.2487,0.2402,12.0043,0.0053,0.2406
1099.9,216,0.2268,0.2487,0.2418,12.0060,0.0053,0.2345
1109.9,217,0.2268,0.2487,0.2433,12.0060,0.0069,0.2329
1119.9,218,0.2329,0.2518,0.2433,12.0060,0.0053,0.2345
1129.9,219,0.2374,0.2457,0.2479,12.0060,0.0038,0.2345
1139.9,220,0.2405,0.2426,0.2479,12.0060,0.0038,0.2360
1149.9,221,0.2390,0.2380,0.2433,12.0060,0.0023,0.2345
1159.9,222,0.2374,0.2319,0.2433,12.0060,0.0023,0.2314
1169.9,223,0.2374,0.2365,0.2433,12.0060,0.0023,0.2345
1179.9,224,0.2329,0.2335,0.2418,12.0060,0.0023,0.2375
1189.9,225,0.2298,0.2365,0.2357,12.0060,0.0023,0.2345
1199.9,226,0.2283,0.2380,0.2357,12.0060,0.0008,0.2268
1209.9,227,0.2237,0.2365,0.2357,12.0052,0.0023,0.2284
1219.9,228,0.2237,0.2365,0.2402,12.0060,0.0008,0.2329
1229.9,229,0.2222,0.2350,0.2448,12.0060,-0.0008,0.2360
1239.9,230,0.2298,0.2380,0.2479,12.0060,-0.0023,0.2329
1249.9,231,0.2344,0.2319,0.2509,12.0060,-0.0008,0.2268
1259.9,232,0.2329,0.2365,0.2494,12.0069,-0.0008,0.2238
1269.9,233,0.2298,0.2396,0.2448,12.0069,-0.0008,0.2223
1279.9,234,0.2283,0.2426,0.2372,12.0060,-0.0008,0.2238
1289.9,235,0.2313,0.2457,0.2418,12.0060,-0.0008,0.2284
1299.9,236,0.2313,0.2441,0.2479,12.0060,-0.0038,0.2314
1309.9,237,0.2359,0.2396,0.2479,12.0060,-0.0023,0.2299
1319.9,238,0.2405,0.2426,0.2387,12.0069,-0.0038,0.2329
1329.9,239,0.2374,0.2472,0.2387,12.0069,-0.0023,0.2329
1339.9,240,0.2405,0.2457,0.2387,12.0069,-0.0038,0.2360
1349.9,241,0.2451,0.2457,0.2418,12.0069,-0.0069,0.2345
1359.9,242,0.2466,0.2426,0.2463,12.0069,-0.0023,0.2314
1369.9,243,0.2405,0.2426,0.2494,12.0060,-0.0023,0.2345
1379.9,244,0.2359,0.2411,0.2570,12.0069,-0.0023,0.2406
1389.9,245,0.2344,0.2396,0.2555,12.0069,-0.0069,0.2421
1399.9,246,0.2405,0.2411,0.2540,12.0069,-0.0038,0.2406
1409.9,247,0.2435,0.2411,0.2524,12.0060,-0.0023,0.2390
1419.9,248,0.2405,0.2396,0.2524,12.0060,-0.0069,0.2360
1429.9,249,0.2420,0.2426,0.2524,12.0060,-0.0038,0.2390
1439.9,250,0.2481,0.2457,0.2570,12.0052,-0.0053,0.2451
1449.9,251,0.2466,0.2472,0.2555,12.0060,-0.0038,0.2512
1459.9,252,0.2481,0.2533,0.2540,12.0052,-0.0023,0.2558
1469.9,253,0.2466,0.2594,0.2570,12.0052,-0.0038,0.2543
1479.9,254,0.2481,0.2640,0.2616,12.0060,-0.0038,0.2543
1489.9,255,0.2512,0.2655,0.2677,12.0060,-0.0038,0.2528
1499.9,0,0.2527,0.2655,0.2647,12.0060,-0.0038,0.2543
1509.9,1,0.2542,0.2548,0.2631,12.0052,-0.0038,0.2512
1519.9,2,0.2512,0.2457,0.2616,12.0069,-0.0023,0.2451
1529.9,3,0.2542,0.2441,0.2616,12.0078,-0.0038,0.2421
1539.9,4,0.2542,0.2426,0.2631,12.0069,-0.0038,0.2482
1549.9,5,0.2497,0.2487,0.2601,12.0069,-0.0023,0.2467
1559.9,6,0.2435,0.2548,0.2555,12.0060,-0.0053,0.2436
1569.9,7,0.2466,0.2579,0.2524,12.0069,-0.0023,0.2421
1579.9,8,0.2466,0.2579,0.2524,12.0060,-0.0023,0.2421
1589.9,9,0.2481,0.2579,0.2479,12.0060,-0.0038,0.2390
1599.9,10,0.2512,0.2426,0.2463,12.0069,-0.0038,0.2360
1609.9,11,0.2481,0.2365,0.2479,12.0052,-0.0053,0.2406
1619.9,12,0.2466,0.2380,0.2494,12.0060,-0.0023,0.2406
1629.9,13,0.2420,0.2411,0.2524,12.0069,-0.0053,0.2482
1639.9,14,0.2374,0.2426,0.2586,12.0060,-0.0053,0.2512
1649.9,15,0.2344,0.2441,0.2631,12.0060,-0.0038,0.2512
1659.9,16,0.2344,0.2457,0.2631,12.0060,-0.0069,0.2467
1669.9,17,0.2374,0.2457,0.2570,12.0069,-0.0084,0.2436
1679.9,18,0.2405,0.2502,0.2494,12.0060,-0.0053,0.2421
1689.9,19,0.2542,0.2548,0.2540,12.0060,-0.0053,0.2436
1699.9,20,0.2588,0.2609,0.2631,12.0069,-0.0053,0.2436
1709.9,21,0.2573,0.2609,0.2662,12.0069,-0.0038,0.2497
1719.9,22,0.2542,0.2518,0.2708,12.0060,-0.0053,0.2467
1729.9,23,0.2542,0.2533,0.2692,12.0060,-0.0038,0.2497
1739.9,24,0.2588,0.2609,0.2723,12.0060,-0.0038,0.2512
1749.9,25,0.2619,0.2579,0.2723,12.0052,-0.0023,0.2543
1759.9,26,0.2634,0.2533,0.2692,12.0078,-0.0038,0.2558
1769.9,27,0.2649,0.2579,0.2631,12.0060,-0.0023,0.2558
1779.9,28,0.2649,0.2625,0.2601,12.0060,-0.0038,0.2528
1789.9,29,0.2603,0.2594,0.2631,12.0060,-0.0023,0.2528
1799.9,30,0.2558,0.2579,0.2662,12.0060,-0.0023,0.2528
1809.9,31,0.2512,0.2548,0.2616,12.0060,-0.0038,0.2512
1819.9,32,0.2481,0.2518,0.2586,12.0069,-0.0023,0.2558
1829.9,33,0.2512,0.2533,0.2647,12.0052,-0.0038,0.2512
1839.9,34,0.2512,0.2579,0.2677,12.0060,-0.0038,0.2512
1849.9,35,0.2497,0.2625,0.2662,12.0069,-0.0038,0.2451
1859.9,36,0.2466,0.2579,0.2631,12.0078,-0.0023,0.2421
1869.9,37,0.2466,0.2533,0.2586,12.0060,-0.0023,0.2406
1879.9,38,0.2420,0.2472,0.2555,12.0069,-0.0023,0.2436
1889.9,39,0.2435,0.2487,0.2494,12.0069,-0.0023,0.2390
1899.9,40,0.2420,0.2518,0.2479,12.0069,-0.0023,0.2345
1909.9,41,0.2435,0.2472,0.2555,12.0069,-0.0038,0.2345
1919.9,42,0.2435,0.2487,0.2509,12.0078,-0.0038,0.2345
1929.9,43,0.2420,0.2487,0.2433,12.0069,-0.0069,0.2360
1939.9,44,0.2451,0.2502,0.2448,12.0069,-0.0053,0.2345
1949.9,45,0.2405,0.2457,0.2463,12.0078,-0.0038,0.2314
1959.9,46,0.2313,0.2457,0.2479,12.0060,-0.0069,0.2360
1969.9,47,0.2298,0.2411,0.2448,12.0069,-0.0053,0.2390
1979.9,48,0.2313,0.2380,0.2433,12.0069,-0.0053,0.2406
1989.9,49,0.2283,0.2335,0.2402,12.0069,-0.0053,0.2375
1999.9,50,0.2298,0.2304,0.2357,12.0078,-0.0053,0.2299
2009.9,51,0.2283,0.2304,0.2357,12.0060,-0.0069,0.2192
2019.9,52,0.2283,0.2289,0.2357,12.0078,-0.0069,0.2162
2029.9,53,0.2283,0.2335,0.2357,12.0069,-0.0069,0.2238
2039.9,54,0.2298,0.2289,0.2372,12.0069,-0.0084,0.2238
2049.9,55,0.2268,0.2274,0.2357,12.0069,-0.0069,0.2299
2059.9,56,0.2191,0.2243,0.2357,12.0060,-0.0084,0.2345
2069.9,57,0.2207,0.2319,0.2402,12.0069,-0.0069,0.2314
2079.9,58,0.2252,0.2365,0.2418,12.0078,-0.0084,0.2268
2089.9,59,0.2252,0.2350,0.2402,12.0078,-0.0084,0.2253
2099.9,60,0.2191,0.2304,0.2357,12.0069,-0.0069,0.2314
2109.9,61,0.2191,0.2335,0.2372,12.0069,-0.0084,0.2314
2119.9,62,0.2191,0.2380,0.2387,12.0069,-0.0084,0.2345
2129.9,63,0.2207,0.2457,0.2402,12.0078,-0.0099,0.2345
2139.9,64,0.2268,0.2472,0.2494,12.0069,-0.0099,0.2329
2149.9,65,0.2268,0.2441,0.2555,12.0060,-0.0099,0.2360
2159.9,66,0.2298,0.2380,0.2540,12.0069,-0.0099,0.2345
2169.9,67,0.2344,0.2396,0.2448,12.0069,-0.0099,0.2329
2179.9,68,0.2359,0.2411,0.2418,12.0069,-0.0099,0.2329
2189.9,69,0.2374,0.2426,0.2433,12.0078,-0.0099,0.2284
2199.9,70,0.2405,0.2426,0.2418,12.0060,-0.0084,0.2360
2209.9,71,0.2405,0.2472,0.2448,12.0069,-0.0084,0.2360
2219.9,72,0.2420,0.2487,0.2463,12.0069,-0.0099,0.2375
2229.9,73,0.2435,0.2457,0.2448,12.0069,-0.0084,0.2406
2239.9,74,0.2466,0.2441,0.2540,12.0069,-0.0084,0.2375
2249.9,75,0.2481,0.2441,0.2555,12.0069,-0.0099,0.2436
2259.9,76,0.2497,0.2472,0.2555,12.0069,-0.0084,0.2467
2269.9,77,0.2558,0.2518,0.2631,12.0069,-0.0114,0.2451
2279.9,78,0.2527,0.2518,0.2631,12.0078,-0.0099,0.2467
2289.9,79,0.2481,0.2579,0.2647,12.0069,-0.0069,0.2451
2299.9,80,0.2466,0.2579,0.2601,12.0069,-0.0053,0.2512
2309.9,81,0.2451,0.2625,0.2601,12.0069,-0.0069,0.2512
2319.9,82,0.2451,0.2609,0.2616,12.0078,-0.0084,0.2451
2329.9,83,0.2466,0.2563,0.2616,12.0078,-0.0084,0.2421
2339.9,84,0.2466,0.2609,0.2586,12.0078,-0.0084,0.2451
2349.9,85,0.2497,0.2609,0.2586,12.0078,-0.0069,0.2482
2359.9,86,0.2481,0.2609,0.2647,12.0060,-0.0069,0.2512
2369.9,87,0.2542,0.2609,0.2631,12.0078,-0.0069,0.2497
2379.9,88,0.2558,0.2594,0.2616,12.0078,-0.0053,0.2482
2389.9,89,0.2527,0.2563,0.2616,12.0069,-0.0069,0.2497
2399.9,90,0.2451,0.2548,0.2631,12.0078,-0.0069,0.2512
2409.9,91,0.2481,0.2518,0.2692,12.0069,-0.0053,0.2528
2419.9,92,0.2512,0.2579,0.2662,12.0087,-0.0069,0.2558
2429.9,93,0.2527,0.2625,0.2647,12.0069,-0.0069,0.2512
2439.9,94,0.2588,0.2655,0.2662,12.0069,-0.0053,0.2528
2449.9,95,0.2634,0.2686,0.2708,12.0069,-0.0053,0.2589
2459.9,96,0.2634,0.2686,0.2723,12.0069,-0.0069,0.2650
2469.9,97,0.2649,0.2686,0.2738,12.0069,-0.0069,0.2665
2479.9,98,0.2634,0.2747,0.2799,12.0078,-0.0069,0.2635
2489.9,99,0.2680,0.2777,0.2814,12.0078,-0.0038,0.2680
2499.9,100,0.2695,0.2777,0.2814,12.0069,-0.0038,0.2665
2509.9,101,0.2725,0.2777,0.2799,12.0060,-0.0038,0.2665
2519.9,102,0.2741,0.2823,0.2860,12.0069,-0.0023,0.2696
2529.9,103,0.2725,0.2853,0.2814,12.0069,-0.0038,0.2726
2539.9,104,0.2786,0.2884,0.2875,12.0078,-0.0023,0.2787
2549.9,105,0.2832,0.2899,0.2936,12.0069,-0.0023,0.2802
2559.9,106,0.2847,0.2914,0.2952,12.0078,0.0008,0.2818
2569.9,107,0.2893,0.2991,0.2967,12.0069,0.0008,0.2909
2579.9,108,0.2970,0.3052,0.3074,12.0078,0.0023,0.2955
2589.9,109,0.3061,0.3113,0.3135,12.0078,0.0038,0.2970
2599.9,110,0.3137,0.3174,0.3211,12.0078,0.0038,0.3016
2609.9,111,0.3183,0.3220,0.3272,12.0078,0.0069,0.3077
2619.9,112,0.3198,0.3250,0.3318,12.0078,0.0053,0.3184
2629.9,113,0.3183,0.3265,0.3318,12.0078,0.0084,0.3230
2639.9,114,0.3183,0.3281,0.3272,12.0069,0.0114,0.3199
2649.9,115,0.3092,0.3250,0.3242,12.0069,0.0084,0.3184
2659.9,116,0.3015,0.3174,0.3211,12.0069,0.0130,0.3123
2669.9,117,0.3092,0.3143,0.3181,12.0069,0.0160,0.3108
2679.9,118,0.3153,0.3143,0.3181,12.0069,0.0160,0.3108
2689.9,119,0.3092,0.3067,0.3150,12.0078,0.0160,0.3077
2699.9,120,0.3107,0.3006,0.3089,12.0078,0.0176,0.3047
2709.9,121,0.3092,0.2960,0.3074,12.0069,0.0160,0.2879
2719.9,122,0.2985,0.2930,0.2998,12.0078,0.0176,0.2818
2729.9,123,0.2924,0.2884,0.2998,12.0069,0.0176,0.2818
2739.9,124,0.2802,0.2823,0.2967,12.0060,0.0191,0.2757
2749.9,125,0.2695,0.2747,0.2860,12.0069,0.0176,0.2726
2759.9,126,0.2664,0.2686,0.2723,12.0069,0.0176,0.2650
2769.9,127,0.2649,0.2640,0.2662,12.0060,0.0176,0.2619
2779.9,128,0.2588,0.2640,0.2616,12.0069,0.0176,0.2512
2789.9,129,0.2466,0.2594,0.2540,12.0078,0.0176,0.2436
2799.9,130,0.2466,0.2533,0.2524,12.0078,0.0160,0.2390
2809.9,131,0.2466,0.2487,0.2555,12.0078,0.0160,0.2375
2819.9,132,0.2481,0.2502,0.2524,12.0060,0.0145,0.2406
2829.9,133,0.2451,0.2472,0.2494,12.0069,0.0130,0.2390
2839.9,134,0.2466,0.2457,0.2494,12.0078,0.0145,0.2360
2849.9,135,0.2420,0.2411,0.2448,12.0069,0.0130,0.2329
2859.9,136,0.2405,0.2396,0.2387,12.0078,0.0114,0.2253
2869.9,137,0.2420,0.2365,0.2418,12.0060,0.0114,0.2177
2879.8,138,0.2374,0.2350,0.2433,12.0069,0.0099,0.2177
2889.8,139,0.2344,0.2319,0.2448,12.0078,0.0099,0.2223
2899.8,140,0.2283,0.2274,0.2372,12.0069,0.0099,0.2238
2909.8,141,0.2222,0.2304,0.2341,12.0069,0.0099,0.2253
2919.8,142,0.2161,0.2274,0.2326,12.0069,0.0069,0.2238
2929.8,143,0.2130,0.2258,0.2341,12.0069,0.0069,0.2162
2939.8,144,0.2176,0.2197,0.2296,12.0060,0.0053,0.2100
2949.8,145,0.2207,0.2274,0.2265,12.0060,0.0023,0.2070
2959.8,146,0.2146,0.2289,0.2235,12.0069,0.0023,0.2024
2969.8,147,0.2130,0.2258,0.2158,12.0060,0.0023,0.1978
2979.8,148,0.2115,0.2274,0.2189,12.0078,0.0008,0.1933
2989.8,149,0.2054,0.2213,0.2174,12.0069,-0.0008,0.1963
2999.8,150,0.2069,0.2167,0.2174,12.0078,-0.0038,0.2039
3009.8,151,0.2069,0.2121,0.2158,12.0069,-0.0038,0.2055
3019.8,152,0.2085,0.2136,0.2174,12.0078,-0.0038,0.2039
3029.8,153,0.2100,0.2075,0.2158,12.0060,-0.0038,0.2131
3039.8,154,0.2054,0.2090,0.2143,12.0069,-0.0053,0.2100
3049.8,155,0.2008,0.2045,0.2113,12.0060,-0.0069,0.2070
3059.8,156,0.2008,0.2060,0.2128,12.0060,-0.0069,0.2009
3069.8,157,0.2024,0.1984,0.2128,12.0069,-0.0069,0.1994
3079.8,158,0.1993,0.1968,0.2128,12.0069,-0.0099,0.2009
3089.8,159,0.2008,0.2045,0.2128,12.0060,-0.0114,0.1978
3099.8,160,0.1962,0.2060,0.2128,12.0069,-0.0114,0.1948
3109.8,161,0.1947,0.2090,0.2143,12.0069,-0.0130,0.1978
3119.8,162,0.1962,0.2075,0.2189,12.0069,-0.0145,0.2009
3129.8,163,0.2039,0.2060,0.2158,12.0069,-0.0160,0.2009
3139.8,164,0.2100,0.2045,0.2082,12.0069,-0.0160,0.1978
3149.8,165,0.2146,0.2060,0.2036,12.0060,-0.0175,0.2009
3159.8,166,0.2130,0.2075,0.2097,12.0069,-0.0175,0.2055
3169.8,167,0.2100,0.2106,0.2143,12.0069,-0.0191,0.2009
3179.8,168,0.2100,0.2167,0.2174,12.0060,-0.0206,0.2039
3189.8,169,0.2085,0.2197,0.2158,12.0060,-0.0206,0.2085
3199.8,170,0.2054,0.2213,0.2143,12.0078,-0.0191,0.2085
3209.8,171,0.2069,0.2182,0.2158,12.0060,-0.0191,0.2055
3219.8,172,0.2130,0.2213,0.2204,12.0060,-0.0221,0.2024
3229.8,173,0.2161,0.2213,0.2235,12.0069,-0.0206,0.2055
3239.8,174,0.2161,0.2182,0.2250,12.0060,-0.0221,0.2100
3249.8,175,0.2161,0.2182,0.2250,12.0060,-0.0206,0.2116
3259.8,176,0.2100,0.2182,0.2235,12.0069,-0.0236,0.2085
3269.8,177,0.2146,0.2197,0.2219,12.0069,-0.0221,0.2070
3279.8,178,0.2130,0.2197,0.2219,12.0069,-0.0221,0.2039
3289.8,179,0.2146,0.2228,0.2235,12.0069,-0.0221,0.2055
3299.8,180,0.2146,0.2243,0.2235,12.0069,-0.0252,0.2100
3309.8,181,0.2176,0.2289,0.2296,12.0060,-0.0252,0.2192
3319.8,182,0.2161,0.2274,0.2280,12.0078,-0.0236,0.2192
3329.8,183,0.2191,0.2289,0.2280,12.0069,-0.0252,0.2162
3339.8,184,0.2207,0.2243,0.2280,12.0060,-0.0252,0.2223
3349.8,185,0.2237,0.2258,0.2402,12.0060,-0.0236,0.2238
3359.8,186,0.2207,0.2258,0.2433,12.0087,-0.0236,0.2207
3369.8,187,0.2237,0.2274,0.2433,12.0078,-0.0236,0.2223
3379.8,188,0.2222,0.2304,0.2463,12.0078,-0.0236,0.2268
3389.8,189,0.2237,0.2319,0.2448,12.0069,-0.0252,0.2238
3399.8,190,0.2237,0.2274,0.2402,12.0060,-0.0252,0.2223
3409.8,191,0.2161,0.2243,0.2402,12.0069,-0.0252,0.2223
3419.8,192,0.2130,0.2258,0.2357,12.0069,-0.0267,0.2146
3429.8,193,0.2146,0.2182,0.2341,12.0060,-0.0252,0.2085
3439.8,194,0.2130,0.2167,0.2311,12.0060,-0.0252,0.2100
3449.8,195,0.2069,0.2197,0.2311,12.0060,-0.0252,0.2100
3459.8,196,0.2146,0.2197,0.2326,12.0060,-0.0252,0.2116
3469.8,197,0.2161,0.2182,0.2250,12.0078,-0.0252,0.2055
3479.8,198,0.2115,0.2151,0.2219,12.0078,-0.0252,0.2024
3489.8,199,0.2115,0.2136,0.2219,12.0069,-0.0267,0.2070
3499.8,200,0.2176,0.2106,0.2265,12.0069,-0.0267,0.2116
3509.8,201,0.2237,0.2106,0.2296,12.0069,-0.0267,0.2100
3519.8,202,0.2191,0.2121,0.2280,12.0078,-0.0282,0.2116
3529.8,203,0.2161,0.2151,0.2296,12.0069,-0.0282,0.2131
3539.8,204,0.2207,0.2121,0.2280,12.0060,-0.0267,0.2162
3549.8,205,0.2252,0.2151,0.2235,12.0069,-0.0282,0.2146
3559.8,206,0.2252,0.2182,0.2235,12.0069,-0.0267,0.2146
3569.8,207,0.2237,0.2197,0.2219,12.0069,-0.0267,0.2207
3579.8,208,0.2222,0.2243,0.2250,12.0078,-0.0282,0.2223
3589.8,209,0.2222,0.2289,0.2265,12.0060,-0.0267,0.2177
3599.8,210,0.2191,0.2243,0.2357,12.0078,-0.0282,0.2162
3609.8,211,0.2207,0.2304,0.2372,12.0069,-0.0297,0.2177
3619.8,212,0.2207,0.2289,0.2418,12.0060,-0.0267,0.2238
3629.8,213,0.2207,0.2243,0.2448,12.0060,-0.0297,0.2253
3639.8,214,0.2237,0.2289,0.2448,12.0069,-0.0267,0.2253
3649.8,215,0.2298,0.2350,0.2402,12.0060,-0.0267,0.2207
3659.8,216,0.2298,0.2350,0.2357,12.0069,-0.0267,0.2223
3669.8,217,0.2283,0.2289,0.2372,12.0078,-0.0282,0.2268
3679.8,218,0.2313,0.2319,0.2418,12.0069,-0.0252,0.2299
3689.8,219,0.2313,0.2289,0.2479,12.0069,-0.0282,0.2360
3699.8,220,0.2268,0.2289,0.2463,12.0060,-0.0252,0.2375
3709.8,221,0.2313,0.2350,0.2418,12.0069,-0.0267,0.2299
3719.8,222,0.2359,0.2396,0.2418,12.0069,-0.0267,0.2284
3729.8,223,0.2374,0.2426,0.2418,12.0078,-0.0267,0.2299
3739.8,224,0.2374,0.2426,0.2402,12.0069,-0.0252,0.2253
3749.8,225,0.2344,0.2365,0.2387,12.0069,-0.0252,0.2238
3759.8,226,0.2283,0.2319,0.2418,12.0069,-0.0252,0.2238
3769.8,227,0.2237,0.2289,0.2433,12.0069,-0.0252,0.2284
3779.8,228,0.2176,0.2350,0.2402,12.0069,-0.0252,0.2268
3789.8,229,0.2161,0.2289,0.2357,12.0060,-0.0236,0.2268
3799.8,230,0.2176,0.2228,0.2357,12.0060,-0.0252,0.2268
3809.8,231,0.2161,0.2182,0.2326,12.0069,-0.0252,0.2238
3819.8,232,0.2176,0.2151,0.2250,12.0060,-0.0252,0.2207
3829.8,233,0.2176,0.2213,0.2250,12.0069,-0.0252,0.2207
3839.8,234,0.2207,0.2319,0.2311,12.0060,-0.0236,0.2223
3849.8,235,0.2176,0.2289,0.2280,12.0069,-0.0252,0.2162
3859.8,236,0.2161,0.2258,0.2296,12.0060,-0.0267,0.2131
3869.8,237,0.2176,0.2289,0.2280,12.0069,-0.0252,0.2146
3879.8,238,0.2237,0.2304,0.2296,12.0060,-0.0252,0.2192
3889.8,239,0.2252,0.2319,0.2311,12.0060,-0.0252,0.2162
3899.8,240,0.2268,0.2289,0.2311,12.0060,-0.0252,0.2177
3909.8,241,0.2252,0.2274,0.2326,12.0060,-0.0252,0.2162
3919.8,242,0.2207,0.2304,0.2296,12.0060,-0.0267,0.2177
3929.8,243,0.2222,0.2335,0.2265,12.0069,-0.0252,0.2177
3939.8,244,0.2237,0.2350,0.2280,12.0069,-0.0267,0.2177
3949.8,245,0.2313,0.2350,0.2326,12.0060,-0.0252,0.2131
3959.8,246,0.2329,0.2335,0.2326,12.0060,-0.0252,0.2238
3969.8,247,0.2298,0.2335,0.2357,12.0060,-0.0236,0.2345
3979.8,248,0.2313,0.2335,0.2418,12.0060,-0.0252,0.2345
3989.8,249,0.2283,0.2304,0.2387,12.0069,-0.0252,0.2329
3999.8,250,0.2283,0.2304,0.2357,12.0069,-0.0252,0.2360
4009.8,251,0.2283,0.2365,0.2372,12.0060,-0.0252,0.2345
4019.8,252,0.2283,0.2441,0.2387,12.0069,-0.0252,0.2375
4029.8,253,0.2329,0.2472,0.2418,12.0060,-0.0252,0.2360
4039.8,254,0.2405,0.2472,0.2448,12.0069,-0.0252,0.2329
4049.8,255,0.2420,0.2457,0.2479,12.0078,-0.0252,0.2360
4059.8,0,0.2435,0.2441,0.2433,12.0069,-0.0252,0.2329
4069.8,1,0.2435,0.2411,0.2418,12.0069,-0.0221,0.2299
4079.8,2,0.2435,0.2411,0.2479,12.0060,-0.0221,0.2345
4089.8,3,0.2405,0.2380,0.2479,12.0060,-0.0221,0.2360
4099.8,4,0.2374,0.2380,0.2463,12.0052,-0.0236,0.2390
4109.8,5,0.2390,0.2380,0.2448,12.0060,-0.0221,0.2406
4119.8,6,0.2405,0.2396,0.2433,12.0069,-0.0221,0.2436
4129.8,7,0.2420,0.2365,0.2463,12.0060,-0.0236,0.2451
4139.8,8,0.2405,0.2365,0.2479,12.0069,-0.0221,0.2421
4149.8,9,0.2374,0.2441,0.2509,12.0069,-0.0206,0.2406
4159.8,10,0.2390,0.2472,0.2494,12.0052,-0.0191,0.2375
4169.8,11,0.2405,0.2411,0.2479,12.0069,-0.0206,0.2390
4179.8,12,0.2405,0.2350,0.2448,12.0069,-0.0206,0.2406
4189.8,13,0.2420,0.2304,0.2509,12.0078,-0.0206,0.2390
4199.8,14,0.2374,0.2319,0.2540,12.0078,-0.0191,0.2345
4209.8,15,0.2298,0.2365,0.2509,12.0069,-0.0206,0.2284
4219.8,16,0.2298,0.2350,0.2418,12.0069,-0.0191,0.2299
4229.8,17,0.2344,0.2365,0.2463,12.0069,-0.0191,0.2314
4239.8,18,0.2390,0.2396,0.2463,12.0069,-0.0206,0.2329
4249.8,19,0.2420,0.2380,0.2448,12.0052,-0.0191,0.2314
4259.8,20,0.2359,0.2350,0.2402,12.0060,-0.0206,0.2329
4269.8,21,0.2344,0.2396,0.2402,12.0069,-0.0206,0.2253
4279.8,22,0.2344,0.2350,0.2448,12.0060,-0.0191,0.2238
4289.8,23,0.2344,0.2335,0.2402,12.0078,-0.0191,0.2223
4299.8,24,0.2359,0.2350,0.2341,12.0060,-0.0206,0.2284
4309.8,25,0.2344,0.2365,0.2372,12.0060,-0.0206,0.2299
4319.8,26,0.2329,0.2411,0.2402,12.0069,-0.0206,0.2299
4329.8,27,0.2283,0.2441,0.2448,12.0052,-0.0221,0.2268
4339.8,28,0.2313,0.2457,0.2463,12.0060,-0.0206,0.2253
4349.8,29,0.2329,0.2472,0.2463,12.0060,-0.0206,0.2299
4359.8,30,0.2390,0.2502,0.2448,12.0052,-0.0175,0.2390
4369.8,31,0.2435,0.2441,0.2494,12.0069,-0.0191,0.2451
4379.8,32,0.2481,0.2441,0.2509,12.0069,-0.0191,0.2436
4389.8,33,0.2466,0.2502,0.2524,12.0060,-0.0175,0.2436
4399.8,34,0.2497,0.2518,0.2601,12.0052,-0.0191,0.2451
4409.8,35,0.2481,0.2594,0.2616,12.0052,-0.0175,0.2497
4419.8,36,0.2497,0.2594,0.2631,12.0060,-0.0191,0.2512
4429.8,37,0.2527,0.2594,0.2677,12.0052,-0.0160,0.2528
4439.8,38,0.2558,0.2609,0.2738,12.0060,-0.0160,0.2512
4449.8,39,0.2558,0.2625,0.2708,12.0060,-0.0145,0.2543
4459.8,40,0.2588,0.2579,0.2677,12.0060,-0.0145,0.2573
4469.8,41,0.2558,0.2548,0.2677,12.0069,-0.0145,0.2619
4479.8,42,0.2542,0.2594,0.2662,12.0060,-0.0145,0.2589
4489.8,43,0.2542,0.2579,0.2647,12.0069,-0.0160,0.2528
4499.8,44,0.2497,0.2609,0.2631,12.0052,-0.0130,0.2512
4509.8,45,0.2466,0.2594,0.2662,12.0060,-0.0145,0.2528
4519.8,46,0.2435,0.2563,0.2647,12.0052,-0.0114,0.2467
4529.8,47,0.2420,0.2579,0.2631,12.0052,-0.0145,0.2436
4539.8,48,0.2451,0.2579,0.2601,12.0060,-0.0130,0.2421
4549.8,49,0.2451,0.2533,0.2692,12.0060,-0.0114,0.2467
4559.8,50,0.2512,0.2548,0.2769,12.0060,-0.0114,0.2512
4569.8,51,0.2634,0.2609,0.2845,12.0078,-0.0114,0.2543
4579.8,52,0.2741,0.2670,0.2891,12.0060,-0.0114,0.2558
4589.8,53,0.2786,0.2777,0.2952,12.0060,-0.0099,0.2650
4599.8,54,0.2817,0.2869,0.2998,12.0060,-0.0084,0.2772
4609.8,55,0.2863,0.2930,0.3059,12.0060,-0.0069,0.2863
4619.8,56,0.2924,0.2945,0.3135,12.0060,-0.0069,0.2940
4629.8,57,0.3000,0.3052,0.3181,12.0060,-0.0069,0.2940
4639.8,58,0.3076,0.3159,0.3211,12.0060,-0.0053,0.3016
4649.8,59,0.3092,0.3204,0.3257,12.0069,-0.0038,0.3047
4659.8,60,0.3107,0.3220,0.3303,12.0060,0.0008,0.3077
4669.8,61,0.3168,0.3220,0.3348,12.0052,0.0038,0.3169
4679.8,62,0.3259,0.3265,0.3348,12.0060,0.0023,0.3230
4689.8,63,0.3290,0.3296,0.3318,12.0043,0.0069,0.3306
4699.8,64,0.3321,0.3235,0.3333,12.0043,0.0069,0.3260
4709.8,65,0.3321,0.3235,0.3410,12.0052,0.0084,0.3230
4719.8,66,0.3275,0.3235,0.3318,12.0069,0.0130,0.3275
4729.8,67,0.3229,0.3220,0.3257,12.0052,0.0130,0.3245
4739.8,68,0.3259,0.3174,0.3181,12.0060,0.0145,0.3184
4749.8,69,0.3137,0.3174,0.3165,12.0069,0.0130,0.3092
4759.8,70,0.3122,0.3128,0.3150,12.0060,0.0160,0.3031
4769.8,71,0.3107,0.3082,0.3135,12.0060,0.0176,0.3031
4779.8,72,0.3122,0.3082,0.3135,12.0069,0.0176,0.3016
4789.8,73,0.3061,0.3067,0.3089,12.0069,0.0191,0.3001
4799.7,74,0.3015,0.3098,0.3104,12.0060,0.0176,0.2970
4809.7,75,0.2970,0.3067,0.3089,12.0052,0.0191,0.2894
4819.7,76,0.2954,0.3021,0.3150,12.0060,0.0206,0.2894
4829.7,77,0.2954,0.3021,0.3165,12.0052,0.0221,0.2924
4839.7,78,0.2985,0.2975,0.3059,12.0060,0.0221,0.2940
4849.7,79,0.2954,0.2914,0.3013,12.0043,0.0237,0.2894
4859.7,80,0.2939,0.2838,0.2998,12.0052,0.0237,0.2802
4869.7,81,0.2893,0.2808,0.2998,12.0034,0.0252,0.2757
4879.7,82,0.2786,0.2762,0.2936,12.0043,0.0252,0.2711
4889.7,83,0.2695,0.2762,0.2875,12.0052,0.0237,0.2696
4899.7,84,0.2649,0.2808,0.2784,12.0052,0.0221,0.2650
4909.7,85,0.2588,0.2762,0.2769,12.0060,0.0221,0.2604
4919.7,86,0.2558,0.2686,0.2708,12.0060,0.0206,0.2528
4929.7,87,0.2512,0.2594,0.2662,12.0060,0.0221,0.2467
4939.7,88,0.2497,0.2563,0.2601,12.0052,0.0221,0.2421
4949.7,89,0.2512,0.2548,0.2616,12.0052,0.0206,0.2436
4959.7,90,0.2512,0.2502,0.2692,12.0043,0.0191,0.2451
4969.7,91,0.2481,0.2502,0.2677,12.0052,0.0191,0.2451
4979.7,92,0.2420,0.2518,0.2647,12.0043,0.0191,0.2528
4989.7,93,0.2497,0.2563,0.2647,12.0043,0.0191,0.2558
4999.7,94,0.2588,0.2640,0.2631,12.0052,0.0176,0.2528
5009.7,95,0.2619,0.2716,0.2723,12.0052,0.0191,0.2604
5019.7,96,0.2664,0.2762,0.2799,12.0052,0.0176,0.2665
5029.7,97,0.2756,0.2838,0.2830,12.0026,0.0176,0.2650
5039.7,98,0.2802,0.2838,0.2860,12.0043,0.0206,0.2711
5049.7,99,0.2847,0.2792,0.2921,12.0043,0.0206,0.2833
5059.7,100,0.2893,0.2808,0.2952,12.0043,0.0206,0.2879
5069.7,101,0.2924,0.2945,0.2967,12.0052,0.0221,0.2909
5079.7,102,0.2954,0.3036,0.2982,12.0060,0.0221,0.2970
5089.7,103,0.3031,0.3036,0.3074,12.0052,0.0221,0.2955
5099.7,104,0.3092,0.3098,0.3104,12.0060,0.0237,0.3001
5109.7,105,0.3092,0.3098,0.3196,12.0043,0.0252,0.3016
5119.7,106,0.3122,0.3128,0.3196,12.0034,0.0237,0.3047
5129.7,107,0.3092,0.3128,0.3211,12.0060,0.0267,0.3031
5139.7,108,0.3076,0.3143,0.3181,12.0034,0.0252,0.3047
5149.7,109,0.3015,0.3143,0.3211,12.0052,0.0267,0.3047
5159.7,110,0.3031,0.3143,0.3196,12.0043,0.0298,0.3001
5169.7,111,0.3031,0.3067,0.3135,12.0043,0.0282,0.2955
5179.7,112,0.2939,0.3036,0.3120,12.0034,0.0282,0.2955
5189.7,113,0.2878,0.2960,0.3074,12.0034,0.0298,0.2924
5199.7,114,0.2817,0.2914,0.2982,12.0043,0.0298,0.2848
5209.7,115,0.2832,0.2823,0.2921,12.0052,0.0313,0.2772
5219.7,116,0.2832,0.2808,0.2830,12.0034,0.0298,0.2757
5229.7,117,0.2756,0.2792,0.2769,12.0043,0.0298,0.2711
5239.7,118,0.2725,0.2808,0.2830,12.0043,0.0298,0.2696
5249.7,119,0.2725,0.2777,0.2830,12.0043,0.0298,0.2680
5259.7,120,0.2680,0.2777,0.2845,12.0043,0.0298,0.2680
5269.7,121,0.2603,0.2762,0.2814,12.0043,0.0282,0.2680
5279.7,122,0.2558,0.2762,0.2769,12.0034,0.0282,0.2696
5289.7,123,0.2603,0.2792,0.2769,12.0034,0.0282,0.2696
5299.7,124,0.2664,0.2731,0.2799,12.0043,0.0282,0.2680
5309.7,125,0.2634,0.2701,0.2784,12.0043,0.0282,0.2680
5319.7,126,0.2634,0.2686,0.2753,12.0034,0.0252,0.2650
5329.7,127,0.2619,0.2701,0.2784,12.0034,0.0267,0.2635
5339.7,128,0.2649,0.2686,0.2784,12.0034,0.0282,0.2619
5349.7,129,0.2680,0.2701,0.2830,12.0043,0.0267,0.2604
5359.7,130,0.2680,0.2701,0.2814,12.0034,0.0267,0.2680
5369.7,131,0.2725,0.2716,0.2860,12.0034,0.0282,0.2696
5379.7,132,0.2756,0.2869,0.2906,12.0043,0.0252,0.2787
5389.7,133,0.2847,0.2945,0.2936,12.0043,0.0267,0.2848
5399.7,134,0.2893,0.2975,0.2936,12.0043,0.0298,0.2894
5409.7,135,0.2939,0.2960,0.2982,12.0043,0.0282,0.2894
5419.7,136,0.2970,0.2975,0.2998,12.0043,0.0298,0.2909
5429.7,137,0.2939,0.2975,0.2982,12.0043,0.0282,0.2940
5439.7,138,0.2924,0.3036,0.2982,12.0034,0.0282,0.3031
5449.7,139,0.2939,0.3036,0.3013,12.0043,0.0298,0.3016
5459.7,140,0.2939,0.3006,0.3074,12.0034,0.0313,0.2985
5469.7,141,0.2909,0.3006,0.3120,12.0034,0.0328,0.2940
5479.7,142,0.2954,0.2991,0.3089,12.0026,0.0328,0.2940
5489.7,143,0.3031,0.3006,0.3104,12.0034,0.0328,0.2955
5499.7,144,0.3107,0.3052,0.3120,12.0026,0.0343,0.3062
5509.7,145,0.3061,0.3113,0.3120,12.0034,0.0343,0.3092
5519.7,146,0.3061,0.3143,0.3135,12.0026,0.0343,0.3108
5529.7,147,0.3076,0.3189,0.3150,12.0026,0.0328,0.3108
5539.7,148,0.3076,0.3174,0.3104,12.0034,0.0374,0.3031
5549.7,149,0.3046,0.3159,0.3104,12.0034,0.0359,0.3047
5559.7,150,0.3061,0.3174,0.3089,12.0026,0.0374,0.3047
5569.7,151,0.3092,0.3098,0.3120,12.0026,0.0389,0.3016
5579.7,152,0.3061,0.3036,0.3074,12.0026,0.0359,0.3016
5589.7,153,0.3061,0.3006,0.3074,12.0034,0.0374,0.2955
5599.7,154,0.3031,0.2914,0.2998,12.0034,0.0389,0.2894
5609.7,155,0.2970,0.2869,0.2982,12.0026,0.0389,0.2818
5619.7,156,0.2909,0.2823,0.2921,12.0034,0.0359,0.2741
5629.7,157,0.2863,0.2792,0.2845,12.0034,0.0359,0.2711
5639.7,158,0.2710,0.2731,0.2769,12.0034,0.0374,0.2711
5649.7,159,0.2619,0.2716,0.2723,12.0026,0.0343,0.2604
5659.7,160,0.2588,0.2686,0.2769,12.0026,0.0343,0.2482
5669.7,161,0.2573,0.2640,0.2799,12.0017,0.0343,0.2421
5679.7,162,0.2558,0.2594,0.2723,12.0026,0.0343,0.2421
5689.7,163,0.2542,0.2579,0.2662,12.0026,0.0328,0.2406
5699.7,164,0.2527,0.2518,0.2616,12.0026,0.0313,0.2390
5709.7,165,0.2466,0.2426,0.2570,12.0034,0.0313,0.2467
5719.7,166,0.2420,0.2472,0.2570,12.0017,0.0282,0.2451
5729.7,167,0.2390,0.2502,0.2631,12.0026,0.0282,0.2482
5739.7,168,0.2374,0.2518,0.2601,12.0026,0.0313,0.2451
5749.7,169,0.2405,0.2548,0.2586,12.0026,0.0282,0.2436
5759.7,170,0.2497,0.2594,0.2555,12.0017,0.0282,0.2436
5769.7,171,0.2573,0.2518,0.2524,12.0026,0.0252,0.2421
5779.7,172,0.2588,0.2502,0.2570,12.0026,0.0267,0.2406
5789.7,173,0.2558,0.2502,0.2601,12.0026,0.0267,0.2451
5799.7,174,0.2527,0.2487,0.2601,12.0026,0.0237,0.2421
5809.7,175,0.2558,0.2518,0.2555,12.0026,0.0237,0.2467
5819.7,176,0.2542,0.2487,0.2540,12.0026,0.0237,0.2512
5829.7,177,0.2527,0.2518,0.2524,12.0034,0.0221,0.2512
5839.7,178,0.2497,0.2518,0.2555,12.0026,0.0206,0.2467
5849.7,179,0.2466,0.2518,0.2570,12.0017,0.0206,0.2436
5859.7,180,0.2420,0.2518,0.2540,12.0017,0.0221,0.2421
5869.7,181,0.2405,0.2472,0.2540,12.0017,0.0191,0.2360
5879.7,182,0.2435,0.2457,0.2555,12.0017,0.0191,0.2329
5889.7,183,0.2512,0.2518,0.2540,12.0017,0.0176,0.2299
5899.7,184,0.2573,0.2548,0.2555,12.0017,0.0176,0.2314
5909.7,185,0.2588,0.2579,0.2586,12.0034,0.0191,0.2375
5919.7,186,0.2619,0.2563,0.2647,12.0017,0.0160,0.2421
5929.7,187,0.2634,0.2655,0.2662,12.0026,0.0176,0.2467
5939.7,188,0.2619,0.2670,0.2692,12.0017,0.0176,0.2497
5949.7,189,0.2619,0.2609,0.2708,12.0017,0.0176,0.2528
5959.7,190,0.2588,0.2594,0.2708,12.0034,0.0160,0.2543
5969.7,191,0.2588,0.2609,0.2677,12.0017,0.0145,0.2558
5979.7,192,0.2603,0.2594,0.2677,12.0017,0.0145,0.2543
5989.7,193,0.2573,0.2533,0.2662,12.0017,0.0145,0.2512
5999.7,194,0.2527,0.2518,0.2586,12.0017,0.0145,0.2467
6009.7,195,0.2512,0.2533,0.2570,12.0017,0.0130,0.2451
6019.7,196,0.2497,0.2502,0.2540,12.0017,0.0114,0.2482
6029.7,197,0.2527,0.2518,0.2524,12.0026,0.0114,0.2497
6039.7,198,0.2497,0.2533,0.2463,12.0026,0.0114,0.2436
6049.7,199,0.2420,0.2487,0.2479,12.0026,0.0114,0.2406
6059.7,200,0.2359,0.2441,0.2509,12.0026,0.0099,0.2360
6069.7,201,0.2405,0.2441,0.2586,12.0017,0.0114,0.2314
6079.7,202,0.2390,0.2441,0.2555,12.0026,0.0114,0.2345
6089.7,203,0.2374,0.2457,0.2479,12.0008,0.0084,0.2345
6099.7,204,0.2329,0.2441,0.2433,12.0017,0.0084,0.2329
6109.7,205,0.2298,0.2365,0.2479,12.0026,0.0069,0.2390
6119.7,206,0.2344,0.2365,0.2479,12.0017,0.0084,0.2390
6129.7,207,0.2374,0.2396,0.2509,12.0017,0.0069,0.2375
6139.7,208,0.2329,0.2487,0.2524,12.0026,0.0053,0.2375
6149.7,209,0.2390,0.2502,0.2494,12.0017,0.0053,0.2406
6159.7,210,0.2466,0.2579,0.2509,12.0026,0.0053,0.2482
6169.7,211,0.2481,0.2640,0.2524,12.0017,0.0038,0.2573
6179.7,212,0.2512,0.2670,0.2631,12.0017,0.0053,0.2558
6189.7,213,0.2542,0.2731,0.2769,12.0026,0.0053,0.2589
6199.7,214,0.2588,0.2777,0.2830,12.0026,0.0053,0.2635
6209.7,215,0.2649,0.2853,0.2799,12.0017,0.0069,0.2772
6219.7,216,0.2695,0.2869,0.2784,12.0017,0.0069,0.2802
6229.7,217,0.2710,0.2869,0.2784,12.0026,0.0069,0.2802
6239.7,218,0.2695,0.2823,0.2906,12.0026,0.0084,0.2772
6249.7,219,0.2741,0.2808,0.2891,12.0026,0.0084,0.2772
6259.7,220,0.2802,0.2762,0.2875,12.0017,0.0084,0.2787
6269.7,221,0.2802,0.2747,0.2845,12.0026,0.0084,0.2741
6279.7,222,0.2756,0.2731,0.2814,12.0026,0.0084,0.2665
6289.7,223,0.2695,0.2777,0.2769,12.0017,0.0084,0.2650
6299.7,224,0.2680,0.2731,0.2738,12.0026,0.0084,0.2665
6309.7,225,0.2649,0.2747,0.2662,12.0017,0.0084,0.2650
6319.7,226,0.2634,0.2701,0.2631,12.0008,0.0099,0.2619
6329.7,227,0.2573,0.2670,0.2601,12.0017,0.0099,0.2604
6339.7,228,0.2497,0.2670,0.2540,12.0008,0.0084,0.2543
6349.7,229,0.2451,0.2686,0.2509,12.0008,0.0099,0.2589
6359.7,230,0.2497,0.2701,0.2555,12.0026,0.0084,0.2619
6369.7,231,0.2558,0.2655,0.2662,12.0017,0.0084,0.2573
6379.7,232,0.2588,0.2594,0.2753,12.0017,0.0084,0.2543
6389.7,233,0.2573,0.2609,0.2753,12.0026,0.0069,0.2497
6399.7,234,0.2512,0.2625,0.2677,12.0026,0.0053,0.2512
6409.7,235,0.2497,0.2655,0.2647,12.0026,0.0069,0.2482
6419.7,236,0.2573,0.2625,0.2647,12.0017,0.0069,0.2467
6429.7,237,0.2573,0.2609,0.2631,12.0000,0.0053,0.2467
6439.7,238,0.2527,0.2563,0.2586,12.0026,0.0053,0.2497
6449.7,239,0.2481,0.2518,0.2570,12.0008,0.0053,0.2528
6459.7,240,0.2481,0.2518,0.2540,12.0017,0.0069,0.2406
6469.7,241,0.2435,0.2487,0.2540,12.0017,0.0038,0.2390
6479.7,242,0.2435,0.2487,0.2524,12.0017,0.0053,0.2345
6489.7,243,0.2390,0.2441,0.2463,12.0017,0.0038,0.2329
6499.7,244,0.2374,0.2396,0.2402,12.0017,0.0038,0.2375
6509.7,245,0.2405,0.2380,0.2433,12.0026,0.0038,0.2406
6519.7,246,0.2451,0.2411,0.2479,12.0017,0.0023,0.2390
6529.7,247,0.2435,0.2426,0.2509,12.0008,0.0008,0.2360
6539.7,248,0.2420,0.2457,0.2540,12.0026,0.0023,0.2390
6549.7,249,0.2497,0.2518,0.2586,12.0008,-0.0008,0.2390
6559.7,250,0.2588,0.2609,0.2647,12.0017,0.0023,0.2467
6569.7,251,0.2664,0.2670,0.2662,12.0017,0.0023,0.2558
6579.7,252,0.2756,0.2731,0.2845,12.0026,0.0038,0.2680
6589.7,253,0.2802,0.2838,0.2952,12.0017,0.0038,0.2802
6599.7,254,0.2939,0.2975,0.3059,12.0017,0.0023,0.2909
6609.7,255,0.3061,0.3128,0.3135,12.0017,0.0053,0.3047
6619.7,0,0.3168,0.3189,0.3196,12.0017,0.0069,0.3092
6629.7,1,0.3229,0.3204,0.3318,12.0017,0.0069,0.3169
6639.7,2,0.3290,0.3372,0.3410,12.0026,0.0084,0.3260
6649.7,3,0.3366,0.3403,0.3410,12.0034,0.0114,0.3382
6659.7,4,0.3458,0.3433,0.3440,12.0026,0.0145,0.3458
6669.7,5,0.3519,0.3540,0.3501,12.0017,0.0160,0.3504
6679.7,6,0.3580,0.3601,0.3593,12.0017,0.0191,0.3520
6689.7,7,0.3626,0.3677,0.3776,12.0017,0.0206,0.3550
6699.7,8,0.3687,0.3723,0.3928,12.0026,0.0252,0.3596
6709.7,9,0.3732,0.3799,0.3974,12.0026,0.0267,0.3703
6719.6,10,0.3824,0.3891,0.3989,12.0017,0.0298,0.3779
6729.6,11,0.3870,0.3937,0.3989,12.0026,0.0313,0.3840
6739.6,12,0.3839,0.3983,0.4020,12.0017,0.0343,0.3932
6749.6,13,0.3870,0.3983,0.4035,12.0026,0.0374,0.4008
6759.6,14,0.3931,0.4044,0.4066,12.0008,0.0389,0.3977
6769.6,15,0.3916,0.4044,0.4111,12.0017,0.0404,0.3962
6779.6,16,0.3885,0.4044,0.4127,12.0017,0.0435,0.3932
6789.6,17,0.3900,0.3983,0.4066,12.0026,0.0481,0.3870
6799.6,18,0.3885,0.3906,0.4005,12.0017,0.0465,0.3794
6809.6,19,0.3794,0.3922,0.3944,12.0017,0.0511,0.3779
6819.6,20,0.3794,0.3876,0.3913,12.0017,0.0511,0.3794
6829.6,21,0.3839,0.3906,0.3959,12.0017,0.0542,0.3794
6839.6,22,0.3839,0.3937,0.3959,12.0017,0.0557,0.3840
6849.6,23,0.3809,0.3906,0.3989,12.0008,0.0603,0.3855
6859.6,24,0.3870,0.3922,0.4005,12.0017,0.0603,0.3855
6869.6,25,0.3885,0.3922,0.4005,12.0017,0.0618,0.3855
6879.6,26,0.3916,0.3983,0.4035,12.0017,0.0633,0.3825
6889.6,27,0.3946,0.4044,0.4081,12.0008,0.0679,0.3870
6899.6,28,0.3946,0.4044,0.4050,12.0008,0.0679,0.3932
6909.6,29,0.3916,0.3983,0.4050,12.0026,0.0679,0.3962
6919.6,30,0.3916,0.3922,0.4020,12.0026,0.0694,0.3932
6929.6,31,0.3916,0.3967,0.4020,12.0026,0.0710,0.3901
6939.6,32,0.3977,0.3906,0.4035,12.0000,0.0755,0.3886
6949.6,33,0.3992,0.3922,0.4020,12.0008,0.0755,0.3901
6959.6,34,0.3946,0.3937,0.3989,12.0000,0.0755,0.3901
6969.6,35,0.3839,0.3952,0.3944,12.0008,0.0786,0.3916
6979.6,36,0.3809,0.3967,0.3974,12.0017,0.0816,0.3947
6989.6,37,0.3870,0.3983,0.4020,12.0008,0.0816,0.3977
6999.6,38,0.3916,0.3998,0.4081,12.0008,0.0832,0.4008
7009.6,39,0.3916,0.4044,0.4096,12.0008,0.0832,0.3993
7019.6,40,0.3977,0.4059,0.4081,12.0008,0.0862,0.3947
7029.6,41,0.4007,0.4044,0.4066,12.0017,0.0893,0.3993
7039.6,42,0.4007,0.4059,0.4066,12.0008,0.0893,0.3993
7049.6,43,0.4038,0.4074,0.4081,12.0008,0.0893,0.3977
7059.6,44,0.4038,0.4044,0.4081,12.0008,0.0923,0.3932
7069.6,45,0.4038,0.4089,0.4096,12.0017,0.0923,0.3916
7079.6,46,0.4007,0.4074,0.4081,12.0008,0.0954,0.3916
7089.6,47,0.3977,0.4059,0.4020,12.0008,0.0954,0.3993
7099.6,48,0.3961,0.4028,0.3959,12.0000,0.0969,0.3993
7109.6,49,0.3931,0.4059,0.3989,12.0000,0.0984,0.3886
7119.6,50,0.3885,0.4013,0.3974,12.0017,0.0999,0.3825
7129.6,51,0.3885,0.4028,0.4005,12.0008,0.0999,0.3870
7139.6,52,0.3824,0.4044,0.4020,12.0008,0.1015,0.3855
7149.6,53,0.3809,0.4028,0.4035,12.0000,0.1030,0.3870
7159.6,54,0.3839,0.3983,0.4005,12.0008,0.1030,0.3932
7169.6,55,0.3916,0.3906,0.4020,12.0000,0.1045,0.3932
7179.6,56,0.3900,0.3937,0.4050,11.9991,0.1030,0.3901
7189.6,57,0.3916,0.3983,0.4020,12.0008,0.1030,0.3825
7199.6,58,0.3931,0.3906,0.4050,12.0000,0.1061,0.3870
7209.6,59,0.3900,0.3876,0.4081,11.9991,0.1061,0.3870
7219.6,60,0.3885,0.3845,0.4081,12.0008,0.1045,0.3794
7229.6,61,0.3839,0.3891,0.3959,12.0008,0.1061,0.3779
7239.6,62,0.3809,0.3952,0.3974,12.0008,0.1061,0.3794
7249.6,63,0.3763,0.3937,0.3974,12.0017,0.1061,0.3825
7259.6,64,0.3732,0.3891,0.3928,12.0008,0.1076,0.3825
7269.6,65,0.3778,0.3906,0.3913,12.0000,0.1091,0.3855
7279.6,66,0.3778,0.3906,0.3883,12.0008,0.1076,0.3855
7289.6,67,0.3824,0.3906,0.3883,12.0017,0.1091,0.3809
7299.6,68,0.3870,0.3891,0.3852,11.9991,0.1106,0.3779
7309.6,69,0.3839,0.3830,0.3852,12.0000,0.1122,0.3825
7319.6,70,0.3809,0.3769,0.3852,11.9982,0.1137,0.3840
7329.6,71,0.3778,0.3677,0.3821,12.0000,0.1106,0.3779
7339.6,72,0.3778,0.3647,0.3867,12.0000,0.1122,0.3748
7349.6,73,0.3778,0.3693,0.3852,12.0000,0.1122,0.3779
7359.6,74,0.3778,0.3769,0.3821,12.0000,0.1106,0.3733
7369.6,75,0.3748,0.3784,0.3791,12.0008,0.1106,0.3672
7379.6,76,0.3732,0.3830,0.3791,12.0000,0.1091,0.3642
7389.6,77,0.3732,0.3784,0.3791,12.0000,0.1106,0.3642
7399.6,78,0.3717,0.3784,0.3806,12.0000,0.1106,0.3626
7409.6,79,0.3732,0.3784,0.3730,12.0008,0.1106,0.3642
7419.6,80,0.3732,0.3784,0.3745,12.0000,0.1106,0.3687
7429.6,81,0.3702,0.3738,0.3760,12.0000,0.1106,0.3626
7439.6,82,0.3641,0.3693,0.3776,11.9991,0.1106,0.3581
7449.6,83,0.3610,0.3647,0.3760,11.9991,0.1106,0.3550
7459.6,84,0.3595,0.3647,0.3745,12.0000,0.1122,0.3520
7469.6,85,0.3565,0.3571,0.3730,12.0000,0.1122,0.3489
7479.6,86,0.3504,0.3479,0.3654,12.0000,0.1122,0.3443
7489.6,87,0.3397,0.3372,0.3501,12.0000,0.1091,0.3336
7499.6,88,0.3290,0.3265,0.3394,11.9991,0.1106,0.3291
7509.6,89,0.3259,0.3235,0.3318,11.9991,0.1091,0.3260
7519.6,90,0.3198,0.3220,0.3257,11.9991,0.1076,0.3153
7529.6,91,0.3107,0.3143,0.3211,11.9991,0.1061,0.3077
7539.6,92,0.3031,0.3036,0.3135,12.0008,0.1030,0.2955
7549.6,93,0.3015,0.2960,0.3028,12.0000,0.1030,0.2848
7559.6,94,0.2909,0.2899,0.2936,11.9991,0.0984,0.2772
7569.6,95,0.2863,0.2808,0.2753,11.9991,0.0984,0.2696
7579.6,96,0.2802,0.2777,0.2662,11.9991,0.0969,0.2680
7589.6,97,0.2695,0.2701,0.2708,12.0000,0.0938,0.2680
7599.6,98,0.2649,0.2655,0.2738,12.0008,0.0923,0.2665
7609.6,99,0.2664,0.2701,0.2814,12.0000,0.0908,0.2635
7619.6,100,0.2649,0.2701,0.2814,11.9991,0.0877,0.2635
7629.6,101,0.2649,0.2670,0.2753,12.0000,0.0847,0.2650
7639.6,102,0.2649,0.2701,0.2738,11.9991,0.0847,0.2619
7649.6,103,0.2634,0.2686,0.2692,12.0000,0.0832,0.2573
7659.6,104,0.2588,0.2670,0.2738,11.9991,0.0801,0.2512
7669.6,105,0.2588,0.2655,0.2738,11.9991,0.0786,0.2421
7679.6,106,0.2558,0.2686,0.2677,11.9991,0.0740,0.2375
7689.6,107,0.2527,0.2670,0.2570,11.9991,0.0725,0.2345
7699.6,108,0.2466,0.2548,0.2494,11.9991,0.0740,0.2436
7709.6,109,0.2451,0.2533,0.2479,12.0000,0.0694,0.2406
7719.6,110,0.2466,0.2548,0.2448,12.0000,0.0694,0.2406
7729.6,111,0.2481,0.2548,0.2494,11.9991,0.0649,0.2375
7739.6,112,0.2466,0.2472,0.2540,11.9991,0.0664,0.2345
7749.6,113,0.2481,0.2396,0.2555,11.9991,0.0633,0.2223
7759.6,114,0.2451,0.2350,0.2509,11.9991,0.0603,0.2238
7769.6,115,0.2451,0.2350,0.2479,12.0000,0.0588,0.2268
7779.6,116,0.2466,0.2350,0.2433,11.9991,0.0588,0.2314
7789.6,117,0.2451,0.2426,0.2433,11.9991,0.0542,0.2345
7799.6,118,0.2466,0.2457,0.2463,12.0000,0.0526,0.2421
7809.6,119,0.2527,0.2487,0.2524,12.0008,0.0511,0.2436
7819.6,120,0.2603,0.2563,0.2586,12.0000,0.0511,0.2482
7829.6,121,0.2725,0.2655,0.2662,12.0000,0.0511,0.2558
7839.6,122,0.2802,0.2747,0.2753,11.9991,0.0496,0.2604
7849.6,123,0.2817,0.2823,0.2875,11.9991,0.0481,0.2680
7859.6,124,0.2924,0.2930,0.2998,11.9991,0.0496,0.2787
7869.6,125,0.2985,0.3021,0.3074,12.0000,0.0465,0.2940
7879.6,126,0.3076,0.3082,0.3120,12.0000,0.0496,0.3077
7889.6,127,0.3153,0.3113,0.3196,12.0000,0.0481,0.3199
7899.6,128,0.3214,0.3174,0.3318,11.9991,0.0496,0.3214
7909.6,129,0.3275,0.3296,0.3333,12.0000,0.0496,0.3199
7919.6,130,0.3305,0.3311,0.3348,12.0000,0.0511,0.3199
7929.6,131,0.3305,0.3296,0.3364,11.9991,0.0526,0.3230
7939.6,132,0.3321,0.3326,0.3410,12.0000,0.0526,0.3214
7949.6,133,0.3321,0.3372,0.3440,12.0008,0.0542,0.3291
7959.6,134,0.3351,0.3418,0.3486,12.0008,0.0526,0.3382
7969.6,135,0.3321,0.3448,0.3562,12.0000,0.0542,0.3443
7979.6,136,0.3351,0.3448,0.3577,12.0000,0.0557,0.3458
7989.6,137,0.3382,0.3448,0.3547,12.0000,0.0572,0.3458
7999.6,138,0.3397,0.3418,0.3532,11.9991,0.0542,0.3428
8009.6,139,0.3366,0.3342,0.3425,12.0008,0.0572,0.3352
8019.6,140,0.3275,0.3250,0.3333,12.0000,0.0572,0.3169
8029.6,141,0.3137,0.3174,0.3196,11.9991,0.0557,0.3031
8039.6,142,0.3000,0.3052,0.3104,12.0008,0.0557,0.2894
8049.6,143,0.2832,0.2884,0.2936,12.0000,0.0542,0.2726
8059.6,144,0.2695,0.2747,0.2830,12.0000,0.0542,0.2619
8069.6,145,0.2497,0.2655,0.2708,12.0000,0.0542,0.2573
8079.6,146,0.2359,0.2487,0.2616,11.9991,0.0542,0.2528
8089.6,147,0.2237,0.2380,0.2524,11.9991,0.0511,0.2421
8099.6,148,0.2191,0.2304,0.2433,12.0000,0.0496,0.2329
8109.6,149,0.2207,0.2258,0.2341,12.0008,0.0465,0.2223
8119.6,150,0.2222,0.2197,0.2311,11.9991,0.0450,0.2192
8129.6,151,0.2252,0.2167,0.2250,12.0000,0.0404,0.2162
8139.6,152,0.2252,0.2136,0.2280,11.9991,0.0404,0.2131
8149.6,153,0.2252,0.2182,0.2280,11.9991,0.0374,0.2100
8159.6,154,0.2222,0.2228,0.2296,11.9991,0.0359,0.2085
8169.6,155,0.2191,0.2213,0.2311,11.9991,0.0343,0.2100
8179.6,156,0.2222,0.2213,0.2326,11.9991,0.0313,0.2146
8189.6,157,0.2237,0.2258,0.2372,12.0000,0.0313,0.2162
8199.6,158,0.2237,0.2289,0.2418,11.9991,0.0298,0.2177
8209.6,159,0.2237,0.2350,0.2433,12.0000,0.0282,0.2284
8219.6,160,0.2329,0.2411,0.2357,11.9991,0.0282,0.2253
8229.6,161,0.2420,0.2441,0.2341,12.0000,0.0252,0.2268
8239.6,162,0.2451,0.2426,0.2402,11.9991,0.0237,0.2314
8249.6,163,0.2451,0.2411,0.2448,11.9991,0.0237,0.2375
8259.6,164,0.2435,0.2441,0.2433,12.0000,0.0237,0.2375
8269.6,165,0.2435,0.2472,0.2463,11.9982,0.0237,0.2421
8279.6,166,0.2451,0.2487,0.2509,12.0000,0.0221,0.2467
8289.6,167,0.2466,0.2518,0.2570,12.0000,0.0206,0.2436
8299.6,168,0.2527,0.2594,0.2647,12.0008,0.0221,0.2467
8309.6,169,0.2649,0.2686,0.2692,12.0000,0.0191,0.2573
8319.6,170,0.2695,0.2762,0.2753,12.0008,0.0206,0.2604
8329.6,171,0.2741,0.2808,0.2845,11.9991,0.0221,0.2635
8339.6,172,0.2817,0.2823,0.2921,11.9991,0.0206,0.2680
8349.6,173,0.2847,0.2838,0.2921,12.0008,0.0221,0.2741
8359.6,174,0.2893,0.2823,0.2936,12.0000,0.0206,0.2757
8369.6,175,0.2893,0.2853,0.2952,12.0008,0.0206,0.2741
8379.6,176,0.2863,0.2899,0.2906,12.0000,0.0191,0.2757
8389.6,177,0.2802,0.2899,0.2860,12.0000,0.0206,0.2772
8399.6,178,0.2771,0.2869,0.2799,11.9982,0.0221,0.2802
8409.6,179,0.2725,0.2838,0.2784,12.0017,0.0221,0.2726
8419.6,180,0.2710,0.2747,0.2769,12.0000,0.0221,0.2665
8429.6,181,0.2695,0.2747,0.2723,12.0000,0.0206,0.2711
8439.6,182,0.2619,0.2731,0.2738,11.9991,0.0191,0.2650
8449.6,183,0.2542,0.2701,0.2723,11.9991,0.0191,0.2635
8459.6,184,0.2497,0.2655,0.2662,12.0008,0.0191,0.2543
8469.6,185,0.2466,0.2625,0.2586,12.0000,0.0206,0.2497
8479.6,186,0.2435,0.2502,0.2540,12.0000,0.0206,0.2512
8489.6,187,0.2374,0.2441,0.2586,12.0008,0.0191,0.2497
8499.6,188,0.2374,0.2457,0.2509,12.0000,0.0176,0.2512
8509.6,189,0.2405,0.2411,0.2418,12.0008,0.0191,0.2482
8519.6,190,0.2390,0.2426,0.2418,12.0000,0.0160,0.2451
8529.6,191,0.2359,0.2365,0.2387,12.0008,0.0160,0.2406
8539.6,192,0.2298,0.2304,0.2357,12.0000,0.0130,0.2329
8549.6,193,0.2313,0.2304,0.2387,12.0008,0.0145,0.2314
8559.6,194,0.2344,0.2365,0.2433,12.0000,0.0114,0.2268
8569.6,195,0.2359,0.2380,0.2494,12.0000,0.0114,0.2253
8579.6,196,0.2374,0.2396,0.2509,12.0008,0.0114,0.2253
8589.6,197,0.2374,0.2396,0.2509,12.0008,0.0114,0.2223
8599.6,198,0.2390,0.2396,0.2463,12.0008,0.0069,0.2238
8609.6,199,0.2374,0.2380,0.2418,12.0017,0.0099,0.2192
8619.6,200,0.2359,0.2380,0.2402,12.0008,0.0084,0.2192
8629.6,201,0.2313,0.2380,0.2387,12.0000,0.0084,0.2238
8639.5,202,0.2252,0.2319,0.2326,12.0008,0.0069,0.2253
8649.5,203,0.2176,0.2304,0.2326,12.0017,0.0069,0.2268
8659.5,204,0.2191,0.2350,0.2357,12.0008,0.0038,0.2238
8669.5,205,0.2222,0.2380,0.2326,12.0008,0.0038,0.2207
8679.5,206,0.2283,0.2396,0.2311,12.0008,0.0053,0.2192
8689.5,207,0.2329,0.2380,0.2357,12.0000,0.0023,0.2284
8699.5,208,0.2435,0.2411,0.2418,12.0008,0.0038,0.2360
8709.5,209,0.2527,0.2487,0.2463,12.0017,0.0038,0.2467
8719.5,210,0.2573,0.2548,0.2540,12.0026,0.0038,0.2467
8729.5,211,0.2588,0.2518,0.2616,12.0017,0.0023,0.2421
8739.5,212,0.2558,0.2502,0.2631,12.0008,0.0038,0.2451
8749.5,213,0.2558,0.2563,0.2586,12.0017,0.0023,0.2467
8759.5,214,0.2573,0.2640,0.2601,12.0017,0.0038,0.2528
8769.5,215,0.2603,0.2655,0.2616,12.0017,0.0038,0.2558
8779.5,216,0.2573,0.2609,0.2631,12.0026,0.0023,0.2558
8789.5,217,0.2573,0.2579,0.2586,12.0017,0.0053,0.2589
8799.5,218,0.2573,0.2579,0.2616,12.0017,0.0023,0.2573
8809.5,219,0.2512,0.2563,0.2616,12.0026,0.0023,0.2558
8819.5,220,0.2481,0.2502,0.2616,12.0026,0.0053,0.2558
8829.5,221,0.2481,0.2518,0.2601,12.0026,0.0023,0.2573
8839.5,222,0.2497,0.2548,0.2647,12.0026,0.0038,0.2589
8849.5,223,0.2466,0.2563,0.2616,12.0017,0.0053,0.2589
8859.5,224,0.2481,0.2548,0.2601,12.0026,0.0038,0.2436
8869.5,225,0.2435,0.2518,0.2570,12.0017,0.0038,0.2329
8879.5,226,0.2420,0.2502,0.2555,12.0026,0.0053,0.2314
8889.5,227,0.2435,0.2487,0.2524,12.0017,0.0023,0.2375
8899.5,228,0.2420,0.2518,0.2494,12.0026,0.0023,0.2406
8909.5,229,0.2374,0.2487,0.2524,12.0026,0.0023,0.2467
8919.5,230,0.2405,0.2487,0.2540,12.0026,0.0023,0.2482
8929.5,231,0.2405,0.2426,0.2479,12.0034,0.0008,0.2467
8939.5,232,0.2344,0.2426,0.2524,12.0026,0.0023,0.2482
8949.5,233,0.2298,0.2426,0.2509,12.0017,0.0038,0.2421
8959.5,234,0.2344,0.2396,0.2494,12.0017,0.0008,0.2360
8969.5,235,0.2405,0.2457,0.2494,12.0026,-0.0008,0.2345
8979.5,236,0.2451,0.2487,0.2479,12.0026,-0.0008,0.2406
8989.5,237,0.2481,0.2472,0.2479,12.0026,-0.0008,0.2451
8999.5,238,0.2466,0.2441,0.2448,12.0034,0.0008,0.2406
9009.5,239,0.2466,0.2457,0.2524,12.0026,0.0008,0.2406
9019.5,240,0.2466,0.2502,0.2586,12.0017,0.0008,0.2345
9029.5,241,0.2527,0.2533,0.2586,12.0017,-0.0008,0.2375
9039.5,242,0.2481,0.2533,0.2555,12.0017,-0.0023,0.2421
9049.5,243,0.2527,0.2548,0.2601,12.0026,-0.0023,0.2421
9059.5,244,0.2512,0.2563,0.2586,12.0026,-0.0008,0.2451
9069.5,245,0.2512,0.2563,0.2586,12.0026,-0.0008,0.2512
9079.5,246,0.2542,0.2548,0.2616,12.0034,-0.0008,0.2528
9089.5,247,0.2542,0.2548,0.2631,12.0034,0.0023,0.2512
9099.5,248,0.2603,0.2625,0.2647,12.0026,-0.0023,0.2543
9109.5,249,0.2634,0.2640,0.2662,12.0034,-0.0008,0.2619
9119.5,250,0.2680,0.2625,0.2662,12.0034,0.0023,0.2665
9129.5,251,0.2710,0.2625,0.2692,12.0034,0.0008,0.2680
9139.5,252,0.2649,0.2655,0.2692,12.0017,-0.0023,0.2650
9149.5,253,0.2588,0.2609,0.2692,12.0034,0.0023,0.2589
9159.5,254,0.2603,0.2625,0.2708,12.0043,0.0008,0.2543
9169.5,255,0.2634,0.2686,0.2662,12.0043,0.0023,0.2558
9179.5,0,0.2634,0.2701,0.2692,12.0043,0.0008,0.2573
9189.5,1,0.2573,0.2655,0.2662,12.0026,0.0023,0.2589
9199.5,2,0.2527,0.2670,0.2723,12.0026,0.0023,0.2635
9209.5,3,0.2527,0.2686,0.2753,12.0034,0.0023,0.2635
9219.5,4,0.2542,0.2686,0.2769,12.0052,0.0038,0.2635
9229.5,5,0.2603,0.2701,0.2753,12.0034,0.0008,0.2650
9239.5,6,0.2588,0.2655,0.2738,12.0034,0.0023,0.2619
9249.5,7,0.2558,0.2655,0.2723,12.0026,0.0023,0.2558
9259.5,8,0.2573,0.2655,0.2631,12.0034,0.0038,0.2482
9269.5,9,0.2527,0.2609,0.2631,12.0026,0.0023,0.2512
9279.5,10,0.2497,0.2563,0.2540,12.0034,0.0053,0.2467
9289.5,11,0.2435,0.2548,0.2494,12.0034,0.0023,0.2451
9299.5,12,0.2451,0.2563,0.2509,12.0043,0.0038,0.2406
9309.5,13,0.2512,0.2502,0.2540,12.0043,0.0023,0.2375
9319.5,14,0.2527,0.2457,0.2540,12.0034,0.0008,0.2390
9329.5,15,0.2497,0.2441,0.2555,12.0034,-0.0008,0.2406
9339.5,16,0.2420,0.2426,0.2555,12.0034,0.0023,0.2390
9349.5,17,0.2405,0.2441,0.2494,12.0034,0.0008,0.2360
9359.5,18,0.2481,0.2502,0.2463,12.0034,0.0008,0.2421
9369.5,19,0.2466,0.2518,0.2479,12.0034,0.0008,0.2406
9379.5,20,0.2451,0.2441,0.2555,12.0043,0.0008,0.2390
9389.5,21,0.2435,0.2396,0.2586,12.0034,0.0008,0.2299
9399.5,22,0.2451,0.2396,0.2570,12.0034,0.0008,0.2284
9409.5,23,0.2435,0.2396,0.2555,12.0052,-0.0008,0.2253
9419.5,24,0.2405,0.2396,0.2479,12.0034,-0.0008,0.2284
9429.5,25,0.2344,0.2396,0.2418,12.0052,-0.0023,0.2314
9439.5,26,0.2268,0.2365,0.2402,12.0043,-0.0008,0.2329
9449.5,27,0.2298,0.2365,0.2372,12.0052,-0.0023,0.2360
9459.5,28,0.2359,0.2335,0.2418,12.0034,-0.0023,0.2314
9469.5,29,0.2359,0.2319,0.2418,12.0043,-0.0023,0.2345
9479.5,30,0.2268,0.2289,0.2357,12.0043,-0.0038,0.2299
9489.5,31,0.2252,0.2289,0.2341,12.0034,-0.0023,0.2238
9499.5,32,0.2252,0.2350,0.2311,12.0034,-0.0053,0.2238
9509.5,33,0.2313,0.2350,0.2372,12.0043,-0.0069,0.2238
9519.5,34,0.2359,0.2365,0.2448,12.0060,-0.0038,0.2314
9529.5,35,0.2451,0.2411,0.2555,12.0043,-0.0023,0.2360
9539.5,36,0.2451,0.2411,0.2616,12.0043,-0.0023,0.2345
9549.5,37,0.2359,0.2396,0.2616,12.0052,-0.0038,0.2345
9559.5,38,0.2329,0.2396,0.2586,12.0060,-0.0038,0.2360
9569.5,39,0.2298,0.2396,0.2509,12.0034,-0.0038,0.2314
9579.5,40,0.2252,0.2396,0.2448,12.0043,-0.0053,0.2299
9589.5,41,0.2283,0.2365,0.2402,12.0043,-0.0053,0.2329
9599.5,42,0.2237,0.2380,0.2311,12.0043,-0.0069,0.2345
9609.5,43,0.2207,0.2396,0.2372,12.0052,-0.0053,0.2345
9619.5,44,0.2237,0.2396,0.2402,12.0052,-0.0069,0.2314
9629.5,45,0.2222,0.2335,0.2402,12.0043,-0.0069,0.2268
9639.5,46,0.2176,0.2335,0.2326,12.0043,-0.0053,0.2162
9649.5,47,0.2115,0.2319,0.2387,12.0052,-0.0084,0.2116
9659.5,48,0.2130,0.2304,0.2402,12.0052,-0.0053,0.2116
9669.5,49,0.2176,0.2304,0.2387,12.0052,-0.0069,0.2223
9679.5,50,0.2176,0.2304,0.2402,12.0052,-0.0084,0.2268
9689.5,51,0.2191,0.2380,0.2418,12.0043,-0.0099,0.2268
9699.5,52,0.2222,0.2350,0.2418,12.0052,-0.0099,0.2253
9709.5,53,0.2222,0.2335,0.2402,12.0052,-0.0084,0.2268
9719.5,54,0.2237,0.2335,0.2402,12.0043,-0.0099,0.2314
9729.5,55,0.2283,0.2319,0.2387,12.0052,-0.0099,0.2329
9739.5,56,0.2374,0.2304,0.2402,12.0052,-0.0084,0.2314
9749.5,57,0.2451,0.2365,0.2433,12.0060,-0.0069,0.2375
9759.5,58,0.2466,0.2457,0.2448,12.0052,-0.0099,0.2406
9769.5,59,0.2497,0.2472,0.2494,12.0052,-0.0084,0.2421
9779.5,60,0.2466,0.2518,0.2555,12.0052,-0.0114,0.2528
9789.5,61,0.2527,0.2563,0.2647,12.0060,-0.0084,0.2528
9799.5,62,0.2573,0.2609,0.2723,12.0043,-0.0084,0.2543
9809.5,63,0.2680,0.2701,0.2753,12.0052,-0.0053,0.2619
9819.5,64,0.2695,0.2716,0.2814,12.0043,-0.0053,0.2680
9829.5,65,0.2710,0.2731,0.2875,12.0060,-0.0069,0.2711
9839.5,66,0.2741,0.2808,0.2906,12.0060,-0.0053,0.2696
9849.5,67,0.2741,0.2808,0.2875,12.0069,-0.0038,0.2665
9859.5,68,0.2771,0.2731,0.2830,12.0060,-0.0038,0.2696
9869.5,69,0.2710,0.2686,0.2799,12.0060,-0.0038,0.2604
9879.5,70,0.2634,0.2640,0.2845,12.0052,-0.0023,0.2604
9889.5,71,0.2619,0.2640,0.2814,12.0060,-0.0023,0.2589
9899.5,72,0.2603,0.2686,0.2723,12.0060,-0.0038,0.2589
9909.5,73,0.2573,0.2670,0.2708,12.0052,-0.0023,0.2604
9919.5,74,0.2603,0.2670,0.2769,12.0069,-0.0023,0.2589
9929.5,75,0.2634,0.2670,0.2753,12.0060,-0.0038,0.2589
9939.5,76,0.2619,0.2655,0.2769,12.0052,-0.0023,0.2589
9949.5,77,0.2603,0.2655,0.2677,12.0060,-0.0008,0.2589
9959.5,78,0.2588,0.2625,0.2692,12.0060,-0.0023,0.2558
9969.5,79,0.2603,0.2655,0.2738,12.0060,-0.0008,0.2604
9979.5,80,0.2573,0.2701,0.2753,12.0052,0.0008,0.2635
9989.5,81,0.2588,0.2731,0.2784,12.0052,-0.0008,0.2696
9999.5,82,0.2634,0.2716,0.2769,12.0052,0.0008,0.2726
10009.5,83,0.2619,0.2701,0.2753,12.0069,0.0023,0.2726
10019.5,84,0.2542,0.2655,0.2708,12.0060,0.0023,0.2635
10029.5,85,0.2466,0.2594,0.2662,12.0052,0.0023,0.2558
10039.5,86,0.2435,0.2502,0.2601,12.0060,0.0008,0.2421
10049.5,87,0.2405,0.2472,0.2509,12.0052,-0.0023,0.2390
10059.5,88,0.2329,0.2441,0.2418,12.0060,-0.0008,0.2375
10069.5,89,0.2283,0.2350,0.2402,12.0052,-0.0008,0.2329
10079.5,90,0.2268,0.2289,0.2402,12.0060,-0.0008,0.2299
10089.5,91,0.2283,0.2243,0.2418,12.0069,-0.0008,0.2253
10099.5,92,0.2268,0.2243,0.2387,12.0069,-0.0023,0.2314
10109.5,93,0.2283,0.2258,0.2311,12.0043,-0.0053,0.2329
10119.5,94,0.2237,0.2228,0.2235,12.0052,-0.0038,0.2284
10129.5,95,0.2207,0.2274,0.2235,12.0069,-0.0038,0.2223
10139.5,96,0.2176,0.2274,0.2265,12.0060,-0.0038,0.2162
10149.5,97,0.2176,0.2304,0.2280,12.0069,-0.0053,0.2070
10159.5,98,0.2207,0.2289,0.2341,12.0069,-0.0069,0.2024
10169.5,99,0.2207,0.2289,0.2357,12.0069,-0.0069,0.2039
10179.5,100,0.2207,0.2274,0.2280,12.0069,-0.0053,0.2039
10189.5,101,0.2161,0.2243,0.2235,12.0060,-0.0069,0.2085
10199.5,102,0.2130,0.2228,0.2219,12.0052,-0.0084,0.2116
10209.5,103,0.2115,0.2228,0.2204,12.0069,-0.0069,0.2146
10219.5,104,0.2146,0.2213,0.2219,12.0052,-0.0084,0.2116
10229.5,105,0.2130,0.2182,0.2235,12.0069,-0.0084,0.2116
10239.5,106,0.2115,0.2182,0.2235,12.0069,-0.0084,0.2070
10249.5,107,0.2130,0.2213,0.2235,12.0052,-0.0099,0.2039
10259.5,108,0.2130,0.2243,0.2296,12.0052,-0.0130,0.2085
10269.5,109,0.2161,0.2243,0.2280,12.0060,-0.0114,0.2100
10279.5,110,0.2252,0.2274,0.2296,12.0069,-0.0114,0.2116
10289.5,111,0.2329,0.2319,0.2357,12.0069,-0.0130,0.2223
10299.5,112,0.2374,0.2365,0.2357,12.0060,-0.0130,0.2345
10309.5,113,0.2435,0.2441,0.2448,12.0087,-0.0130,0.2406
10319.5,114,0.2527,0.2548,0.2555,12.0060,-0.0114,0.2497
10329.5,115,0.2573,0.2579,0.2631,12.0069,-0.0099,0.2543
10339.5,116,0.2603,0.2655,0.2738,12.0069,-0.0114,0.2573
10349.5,117,0.2619,0.2731,0.2799,12.0069,-0.0084,0.2680
10359.5,118,0.2634,0.2777,0.2845,12.0069,-0.0084,0.2711
10369.5,119,0.2725,0.2823,0.2875,12.0078,-0.0099,0.2711
10379.5,120,0.2817,0.2838,0.2921,12.0069,-0.0099,0.2757
10389.5,121,0.2878,0.2945,0.2936,12.0069,-0.0084,0.2833
10399.5,122,0.2909,0.3036,0.3043,12.0060,-0.0069,0.2940
10409.5,123,0.2954,0.3128,0.3059,12.0069,-0.0038,0.3016
10419.5,124,0.2954,0.3113,0.3059,12.0060,-0.0023,0.3047
10429.5,125,0.2939,0.3036,0.3074,12.0078,-0.0008,0.3016
10439.5,126,0.3000,0.3036,0.3104,12.0069,-0.0008,0.3047
10449.5,127,0.3046,0.3036,0.3150,12.0060,0.0023,0.3016
10459.5,128,0.3031,0.3021,0.3150,12.0069,0.0053,0.2970
10469.5,129,0.2985,0.3036,0.3135,12.0069,0.0053,0.2955
10479.5,130,0.2970,0.2991,0.3059,12.0060,0.0053,0.2940
10489.5,131,0.2970,0.2960,0.3043,12.0078,0.0069,0.2985
10499.5,132,0.2954,0.3006,0.3059,12.0060,0.0084,0.2985
10509.5,133,0.2985,0.3006,0.3043,12.0069,0.0084,0.2970
10519.5,134,0.2939,0.2960,0.3043,12.0060,0.0114,0.2909
10529.5,135,0.2924,0.2914,0.2982,12.0069,0.0099,0.2818
10539.5,136,0.2832,0.2899,0.2967,12.0069,0.0114,0.2757
10549.5,137,0.2786,0.2853,0.2921,12.0069,0.0099,0.2711
10559.4,138,0.2725,0.2792,0.2875,12.0078,0.0099,0.2696
10569.4,139,0.2695,0.2731,0.2784,12.0069,0.0099,0.2635
10579.4,140,0.2680,0.2701,0.2723,12.0069,0.0130,0.2573
10589.4,141,0.2588,0.2686,0.2662,12.0060,0.0130,0.2573
10599.4,142,0.2527,0.2609,0.2692,12.0069,0.0114,0.2558
10609.4,143,0.2512,0.2563,0.2692,12.0069,0.0114,0.2558
10619.4,144,0.2481,0.2472,0.2738,12.0069,0.0099,0.2543
10629.4,145,0.2481,0.2457,0.2692,12.0069,0.0099,0.2451
10639.4,146,0.2466,0.2457,0.2601,12.0069,0.0099,0.2360
10649.4,147,0.2497,0.2518,0.2570,12.0069,0.0114,0.2345
10659.4,148,0.2466,0.2548,0.2479,12.0078,0.0099,0.2360
10669.4,149,0.2466,0.2533,0.2387,12.0078,0.0084,0.2375
10679.4,150,0.2420,0.2426,0.2341,12.0078,0.0069,0.2375
10689.4,151,0.2374,0.2335,0.2387,12.0060,0.0038,0.2345
10699.4,152,0.2283,0.2304,0.2372,12.0069,0.0069,0.2314
10709.4,153,0.2252,0.2304,0.2402,12.0069,0.0053,0.2284
10719.4,154,0.2268,0.2319,0.2402,12.0069,0.0038,0.2238
10729.4,155,0.2222,0.2350,0.2357,12.0069,0.0053,0.2268
10739.4,156,0.2222,0.2396,0.2341,12.0078,0.0053,0.2253
10749.4,157,0.2207,0.2411,0.2341,12.0069,0.0008,0.2268
10759.4,158,0.2207,0.2380,0.2387,12.0078,0.0008,0.2253
10769.4,159,0.2191,0.2380,0.2402,12.0078,0.0023,0.2253
10779.4,160,0.2207,0.2365,0.2463,12.0069,0.0023,0.2253
10789.4,161,0.2222,0.2365,0.2433,12.0087,-0.0008,0.2253
10799.4,162,0.2298,0.2411,0.2433,12.0069,-0.0023,0.2268
10809.4,163,0.2329,0.2457,0.2448,12.0060,-0.0038,0.2314
10819.4,164,0.2359,0.2457,0.2509,12.0069,-0.0023,0.2360
10829.4,165,0.2420,0.2533,0.2570,12.0069,-0.0023,0.2406
10839.4,166,0.2481,0.2640,0.2631,12.0078,-0.0038,0.2512
10849.4,167,0.2542,0.2686,0.2662,12.0069,-0.0008,0.2589
10859.4,168,0.2619,0.2731,0.2738,12.0069,-0.0008,0.2635
10869.4,169,0.2680,0.2731,0.2799,12.0060,-0.0008,0.2665
10879.4,170,0.2725,0.2747,0.2860,12.0069,0.0023,0.2726
10889.4,171,0.2771,0.2808,0.2891,12.0078,0.0008,0.2757
10899.4,172,0.2786,0.2853,0.2906,12.0069,0.0008,0.2802
10909.4,173,0.2817,0.2884,0.2891,12.0069,0.0008,0.2848
10919.4,174,0.2863,0.2869,0.2906,12.0069,0.0053,0.2833
10929.4,175,0.2893,0.2899,0.2936,12.0087,0.0053,0.2818
10939.4,176,0.2909,0.2914,0.2967,12.0078,0.0069,0.2818
10949.4,177,0.2832,0.2945,0.3013,12.0078,0.0038,0.2802
10959.4,178,0.2847,0.2930,0.3028,12.0069,0.0069,0.2802
10969.4,179,0.2863,0.2960,0.3013,12.0078,0.0084,0.2863
10979.4,180,0.2863,0.2945,0.3013,12.0078,0.0084,0.2894
10989.4,181,0.2863,0.2945,0.2936,12.0078,0.0084,0.2894
10999.4,182,0.2802,0.2945,0.2952,12.0060,0.0084,0.2863
11009.4,183,0.2771,0.2930,0.2906,12.0069,0.0084,0.2772
11019.4,184,0.2725,0.2899,0.2814,12.0078,0.0099,0.2696
11029.4,185,0.2649,0.2792,0.2799,12.0078,0.0099,0.2635
11039.4,186,0.2573,0.2686,0.2692,12.0078,0.0114,0.2558
11049.4,187,0.2542,0.2609,0.2662,12.0078,0.0084,0.2482
11059.4,188,0.2527,0.2625,0.2677,12.0069,0.0114,0.2482
11069.4,189,0.2497,0.2625,0.2662,12.0069,0.0099,0.2512
11079.4,190,0.2451,0.2594,0.2677,12.0069,0.0114,0.2543
11089.4,191,0.2435,0.2579,0.2677,12.0069,0.0114,0.2589
11099.4,192,0.2466,0.2625,0.2662,12.0078,0.0099,0.2543
11109.4,193,0.2497,0.2625,0.2631,12.0078,0.0114,0.2497
11119.4,194,0.2527,0.2594,0.2647,12.0060,0.0114,0.2482
11129.4,195,0.2558,0.2609,0.2677,12.0069,0.0084,0.2467
11139.4,196,0.2512,0.2563,0.2677,12.0069,0.0099,0.2558
11149.4,197,0.2481,0.2533,0.2631,12.0078,0.0114,0.2543
11159.4,198,0.2451,0.2441,0.2631,12.0069,0.0084,0.2543
11169.4,199,0.2497,0.2411,0.2631,12.0060,0.0084,0.2558
11179.4,200,0.2588,0.2441,0.2662,12.0060,0.0084,0.2573
11189.4,201,0.2573,0.2518,0.2692,12.0060,0.0084,0.2573
11199.4,202,0.2542,0.2594,0.2708,12.0069,0.0084,0.2528
11209.4,203,0.2497,0.2640,0.2708,12.0069,0.0084,0.2512
11219.4,204,0.2481,0.2640,0.2662,12.0069,0.0084,0.2497
11229.4,205,0.2435,0.2609,0.2631,12.0078,0.0084,0.2497
11239.4,206,0.2435,0.2548,0.2586,12.0069,0.0084,0.2497
11249.4,207,0.2497,0.2502,0.2570,12.0069,0.0084,0.2528
11259.4,208,0.2512,0.2518,0.2601,12.0069,0.0069,0.2558
11269.4,209,0.2497,0.2502,0.2540,12.0078,0.0069,0.2543
11279.4,210,0.2420,0.2457,0.2509,12.0078,0.0069,0.2512
11289.4,211,0.2344,0.2411,0.2433,12.0078,0.0053,0.2436
11299.4,212,0.2359,0.2365,0.2372,12.0078,0.0053,0.2375
11309.4,213,0.2359,0.2411,0.2433,12.0078,0.0053,0.2345
11319.4,214,0.2344,0.2411,0.2463,12.0078,0.0023,0.2299
11329.4,215,0.2313,0.2396,0.2463,12.0069,0.0053,0.2345
11339.4,216,0.2298,0.2365,0.2433,12.0069,0.0053,0.2329
11349.4,217,0.2329,0.2350,0.2418,12.0069,0.0038,0.2284
11359.4,218,0.2329,0.2335,0.2372,12.0069,0.0008,0.2284
11369.4,219,0.2344,0.2335,0.2387,12.0069,0.0008,0.2223
11379.4,220,0.2268,0.2350,0.2387,12.0069,0.0023,0.2207
11389.4,221,0.2252,0.2396,0.2341,12.0078,0.0008,0.2192
11399.4,222,0.2268,0.2457,0.2341,12.0060,0.0023,0.2238
11409.4,223,0.2283,0.2411,0.2372,12.0060,0.0008,0.2253
11419.4,224,0.2252,0.2365,0.2296,12.0069,-0.0008,0.2253
11429.4,225,0.2298,0.2319,0.2280,12.0078,-0.0023,0.2268
11439.4,226,0.2252,0.2319,0.2326,12.0078,-0.0023,0.2238
11449.4,227,0.2283,0.2380,0.2341,12.0087,-0.0023,0.2207
11459.4,228,0.2283,0.2426,0.2357,12.0069,-0.0038,0.2223
11469.4,229,0.2283,0.2441,0.2418,12.0078,-0.0023,0.2238
11479.4,230,0.2222,0.2396,0.2433,12.0069,-0.0038,0.2223
11489.4,231,0.2237,0.2335,0.2448,12.0069,-0.0023,0.2238
11499.4,232,0.2268,0.2243,0.2448,12.0069,-0.0038,0.2253
11509.4,233,0.2313,0.2274,0.2357,12.0069,-0.0053,0.2284
11519.4,234,0.2313,0.2304,0.2402,12.0078,-0.0069,0.2268
11529.4,235,0.2283,0.2335,0.2418,12.0078,-0.0069,0.2223
11539.4,236,0.2313,0.2304,0.2418,12.0078,-0.0053,0.2192
11549.4,237,0.2329,0.2304,0.2433,12.0069,-0.0069,0.2223
11559.4,238,0.2298,0.2365,0.2418,12.0069,-0.0084,0.2207
11569.4,239,0.2268,0.2426,0.2418,12.0078,-0.0053,0.2268
11579.4,240,0.2298,0.2411,0.2402,12.0087,-0.0084,0.2314
11589.4,241,0.2344,0.2411,0.2433,12.0078,-0.0084,0.2329
11599.4,242,0.2344,0.2426,0.2402,12.0069,-0.0084,0.2299
11609.4,243,0.2283,0.2441,0.2372,12.0087,-0.0099,0.2329
11619.4,244,0.2313,0.2457,0.2387,12.0078,-0.0099,0.2314
11629.4,245,0.2359,0.2502,0.2448,12.0078,-0.0099,0.2329
11639.4,246,0.2451,0.2502,0.2463,12.0078,-0.0099,0.2284
11649.4,247,0.2497,0.2487,0.2540,12.0069,-0.0099,0.2375
11659.4,248,0.2497,0.2518,0.2631,12.0069,-0.0099,0.2436
11669.4,249,0.2512,0.2548,0.2647,12.0069,-0.0084,0.2528
11679.4,250,0.2573,0.2594,0.2662,12.0069,-0.0069,0.2665
11689.4,251,0.2619,0.2670,0.2662,12.0069,-0.0069,0.2711
11699.4,252,0.2619,0.2716,0.2662,12.0078,-0.0053,0.2665
11709.4,253,0.2573,0.2686,0.2723,12.0078,-0.0053,0.2604
11719.4,254,0.2619,0.2686,0.2784,12.0060,-0.0053,0.2558
11729.4,255,0.2680,0.2686,0.2830,12.0087,-0.0069,0.2573
11739.4,0,0.2710,0.2686,0.2784,12.0078,-0.0023,0.2619
11749.4,1,0.2649,0.2701,0.2784,12.0078,-0.0038,0.2650
11759.4,2,0.2619,0.2701,0.2738,12.0087,-0.0053,0.2665
11769.4,3,0.2588,0.2670,0.2708,12.0078,-0.0038,0.2589
11779.4,4,0.2603,0.2670,0.2769,12.0087,-0.0023,0.2543
11789.4,5,0.2573,0.2609,0.2753,12.0078,-0.0023,0.2512
11799.4,6,0.2542,0.2609,0.2738,12.0078,-0.0038,0.2528
11809.4,7,0.2512,0.2579,0.2677,12.0078,-0.0038,0.2497
11819.4,8,0.2527,0.2548,0.2601,12.0069,-0.0023,0.2467
11829.4,9,0.2497,0.2533,0.2570,12.0078,-0.0023,0.2528
11839.4,10,0.2481,0.2548,0.2524,12.0078,-0.0023,0.2497
11849.4,11,0.2481,0.2548,0.2524,12.0069,-0.0008,0.2467
11859.4,12,0.2512,0.2548,0.2540,12.0087,-0.0023,0.2512
11869.4,13,0.2497,0.2533,0.2479,12.0078,-0.0023,0.2512
11879.4,14,0.2466,0.2487,0.2524,12.0078,-0.0023,0.2451
11889.4,15,0.2466,0.2502,0.2586,12.0078,-0.0038,0.2467
11899.4,16,0.2435,0.2548,0.2601,12.0078,-0.0008,0.2497
11909.4,17,0.2420,0.2548,0.2555,12.0069,-0.0023,0.2467
11919.4,18,0.2405,0.2548,0.2524,12.0078,-0.0038,0.2497
11929.4,19,0.2420,0.2548,0.2540,12.0078,-0.0023,0.2512
11939.4,20,0.2390,0.2594,0.2586,12.0069,-0.0023,0.2528
11949.4,21,0.2405,0.2594,0.2555,12.0078,-0.0038,0.2558
11959.4,22,0.2420,0.2563,0.2540,12.0078,-0.0023,0.2512
11969.4,23,0.2497,0.2533,0.2524,12.0078,-0.0023,0.2482
11979.4,24,0.2527,0.2579,0.2540,12.0078,-0.0038,0.2436
11989.4,25,0.2527,0.2548,0.2540,12.0078,-0.0038,0.2421
11999.4,26,0.2466,0.2563,0.2524,12.0078,-0.0023,0.2451
12009.4,27,0.2451,0.2502,0.2524,12.0078,-0.0008,0.2497
12019.4,28,0.2466,0.2487,0.2555,12.0078,-0.0038,0.2436
12029.4,29,0.2435,0.2487,0.2570,12.0078,-0.0023,0.2375
12039.4,30,0.2420,0.2548,0.2586,12.0078,-0.0023,0.2390
12049.4,31,0.2420,0.2548,0.2540,12.0078,-0.0038,0.2390
12059.4,32,0.2344,0.2441,0.2494,12.0087,-0.0038,0.2345
12069.4,33,0.2359,0.2396,0.2494,12.0078,-0.0023,0.2329
12079.4,34,0.2390,0.2396,0.2509,12.0069,-0.0038,0.2329
12089.4,35,0.2344,0.2365,0.2524,12.0078,-0.0053,0.2329
12099.4,36,0.2344,0.2304,0.2463,12.0078,-0.0053,0.2329
12109.4,37,0.2313,0.2350,0.2448,12.0078,-0.0053,0.2329
12119.4,38,0.2344,0.2319,0.2357,12.0078,-0.0069,0.2329
12129.4,39,0.2374,0.2396,0.2387,12.0078,-0.0099,0.2329
12139.4,40,0.2390,0.2426,0.2372,12.0078,-0.0084,0.2314
12149.4,41,0.2344,0.2426,0.2357,12.0087,-0.0069,0.2299
12159.4,42,0.2313,0.2380,0.2402,12.0069,-0.0084,0.2299
12169.4,43,0.2298,0.2304,0.2418,12.0069,-0.0114,0.2299
12179.4,44,0.2237,0.2289,0.2387,12.0087,-0.0084,0.2299
12189.4,45,0.2268,0.2289,0.2326,12.0087,-0.0084,0.2253
12199.4,46,0.2298,0.2304,0.2311,12.0078,-0.0114,0.2223
12209.4,47,0.2298,0.2304,0.2265,12.0078,-0.0099,0.2223
12219.4,48,0.2237,0.2350,0.2311,12.0095,-0.0084,0.2192
12229.4,49,0.2207,0.2350,0.2265,12.0078,-0.0099,0.2207
12239.4,50,0.2252,0.2335,0.2265,12.0078,-0.0114,0.2207
12249.4,51,0.2252,0.2335,0.2296,12.0078,-0.0114,0.2223
12259.4,52,0.2268,0.2335,0.2326,12.0087,-0.0130,0.2207
12269.4,53,0.2252,0.2380,0.2326,12.0078,-0.0114,0.2207
12279.4,54,0.2298,0.2426,0.2402,12.0078,-0.0114,0.2253
12289.4,55,0.2298,0.2426,0.2418,12.0078,-0.0114,0.2284
12299.4,56,0.2313,0.2411,0.2479,12.0087,-0.0145,0.2253
12309.4,57,0.2313,0.2396,0.2479,12.0069,-0.0145,0.2238
12319.4,58,0.2268,0.2365,0.2479,12.0078,-0.0130,0.2223
12329.4,59,0.2344,0.2350,0.2479,12.0069,-0.0130,0.2268
12339.4,60,0.2374,0.2365,0.2463,12.0078,-0.0130,0.2329
12349.4,61,0.2359,0.2411,0.2494,12.0078,-0.0130,0.2329
12359.4,62,0.2329,0.2472,0.2570,12.0087,-0.0114,0.2314
12369.4,63,0.2359,0.2487,0.2601,12.0069,-0.0130,0.2375
12379.4,64,0.2405,0.2441,0.2555,12.0078,-0.0130,0.2360
12389.4,65,0.2466,0.2441,0.2479,12.0095,-0.0114,0.2360
12399.4,66,0.2527,0.2426,0.2433,12.0078,-0.0130,0.2329
12409.4,67,0.2512,0.2441,0.2494,12.0078,-0.0130,0.2406
12419.4,68,0.2512,0.2472,0.2540,12.0078,-0.0130,0.2421
12429.4,69,0.2512,0.2502,0.2586,12.0078,-0.0130,0.2497
12439.4,70,0.2527,0.2594,0.2616,12.0078,-0.0114,0.2573
12449.4,71,0.2558,0.2716,0.2677,12.0078,-0.0114,0.2604
12459.4,72,0.2588,0.2762,0.2738,12.0078,-0.0084,0.2650
12469.4,73,0.2649,0.2747,0.2784,12.0078,-0.0069,0.2650
12479.3,74,0.2695,0.2747,0.2769,12.0078,-0.0099,0.2604
12489.3,75,0.2725,0.2777,0.2784,12.0078,-0.0069,0.2680
12499.3,76,0.2695,0.2823,0.2830,12.0069,-0.0069,0.2696
12509.3,77,0.2725,0.2838,0.2845,12.0069,-0.0069,0.2696
12519.3,78,0.2771,0.2792,0.2921,12.0069,-0.0038,0.2757
12529.3,79,0.2802,0.2762,0.2952,12.0087,-0.0069,0.2757
12539.3,80,0.2786,0.2762,0.2952,12.0069,-0.0038,0.2772
12549.3,81,0.2802,0.2792,0.2952,12.0095,-0.0023,0.2802
12559.3,82,0.2817,0.2853,0.2952,12.0078,-0.0023,0.2802
12569.3,83,0.2786,0.2899,0.2936,12.0078,-0.0023,0.2802
12579.3,84,0.2786,0.2899,0.2967,12.0078,-0.0023,0.2802
12589.3,85,0.2786,0.2930,0.2998,12.0069,-0.0008,0.2802
12599.3,86,0.2832,0.2960,0.3043,12.0078,0.0023,0.2818
12609.3,87,0.2847,0.2960,0.3135,12.0078,0.0038,0.2787
12619.3,88,0.2863,0.2945,0.3135,12.0078,0.0023,0.2833
12629.3,89,0.2878,0.2945,0.3104,12.0069,0.0053,0.2863
12639.3,90,0.2832,0.2884,0.3059,12.0078,0.0038,0.2833
12649.3,91,0.2725,0.2869,0.3028,12.0087,0.0038,0.2711
12659.3,92,0.2680,0.2808,0.2891,12.0087,0.0038,0.2635
12669.3,93,0.2695,0.2701,0.2784,12.0078,0.0053,0.2543
12679.3,94,0.2680,0.2594,0.2723,12.0078,0.0038,0.2512
12689.3,95,0.2649,0.2548,0.2677,12.0078,0.0069,0.2497
12699.3,96,0.2588,0.2533,0.2570,12.0078,0.0038,0.2467
12709.3,97,0.2481,0.2533,0.2524,12.0078,0.0053,0.2497
12719.3,98,0.2451,0.2518,0.2524,12.0078,0.0053,0.2436
12729.3,99,0.2420,0.2472,0.2555,12.0087,0.0038,0.2390
12739.3,100,0.2405,0.2411,0.2616,12.0069,0.0069,0.2467
12749.3,101,0.2359,0.2457,0.2586,12.0069,0.0038,0.2451
12759.3,102,0.2329,0.2487,0.2601,12.0069,0.0053,0.2375
12769.3,103,0.2390,0.2487,0.2570,12.0078,0.0023,0.2375
12779.3,104,0.2405,0.2487,0.2540,12.0069,0.0008,0.2299
12789.3,105,0.2405,0.2457,0.2479,12.0078,0.0008,0.2314
12799.3,106,0.2390,0.2457,0.2357,12.0078,0.0038,0.2345
12809.3,107,0.2405,0.2411,0.2311,12.0087,0.0023,0.2390
12819.3,108,0.2329,0.2396,0.2311,12.0078,0.0008,0.2360
12829.3,109,0.2313,0.2411,0.2357,12.0069,0.0008,0.2284
12839.3,110,0.2252,0.2380,0.2357,12.0060,-0.0008,0.2223
12849.3,111,0.2207,0.2319,0.2326,12.0078,-0.0008,0.2253
12859.3,112,0.2176,0.2319,0.2357,12.0087,-0.0008,0.2223
12869.3,113,0.2207,0.2304,0.2418,12.0078,-0.0038,0.2162
12879.3,114,0.2161,0.2274,0.2357,12.0078,-0.0038,0.2192
12889.3,115,0.2130,0.2289,0.2357,12.0078,-0.0053,0.2177
12899.3,116,0.2146,0.2243,0.2311,12.0069,-0.0038,0.2116
12909.3,117,0.2191,0.2289,0.2311,12.0078,-0.0053,0.2131
12919.3,118,0.2207,0.2335,0.2326,12.0069,-0.0038,0.2192
12929.3,119,0.2237,0.2289,0.2311,12.0069,-0.0053,0.2192
12939.3,120,0.2237,0.2228,0.2311,12.0069,-0.0084,0.2177
12949.3,121,0.2237,0.2213,0.2357,12.0069,-0.0069,0.2146
12959.3,122,0.2176,0.2289,0.2341,12.0078,-0.0069,0.2116
12969.3,123,0.2176,0.2289,0.2265,12.0069,-0.0069,0.2085
12979.3,124,0.2222,0.2274,0.2280,12.0069,-0.0084,0.2177
12989.3,125,0.2191,0.2274,0.2280,12.0087,-0.0084,0.2238
12999.3,126,0.2176,0.2228,0.2296,12.0078,-0.0099,0.2238
13009.3,127,0.2191,0.2213,0.2204,12.0078,-0.0114,0.2253
13019.3,128,0.2191,0.2197,0.2158,12.0078,-0.0130,0.2223
13029.3,129,0.2176,0.2228,0.2174,12.0087,-0.0114,0.2223
13039.3,130,0.2191,0.2258,0.2265,12.0078,-0.0114,0.2238
13049.3,131,0.2222,0.2274,0.2250,12.0060,-0.0099,0.2238
13059.3,132,0.2237,0.2319,0.2311,12.0069,-0.0114,0.2192
13069.3,133,0.2237,0.2319,0.2296,12.0078,-0.0114,0.2223
13079.3,134,0.2176,0.2304,0.2265,12.0078,-0.0145,0.2207
13089.3,135,0.2176,0.2319,0.2296,12.0087,-0.0130,0.2192
13099.3,136,0.2237,0.2274,0.2341,12.0069,-0.0130,0.2223
13109.3,137,0.2313,0.2274,0.2341,12.0069,-0.0145,0.2223
13119.3,138,0.2374,0.2304,0.2357,12.0078,-0.0145,0.2223
13129.3,139,0.2390,0.2335,0.2372,12.0078,-0.0130,0.2223
13139.3,140,0.2268,0.2396,0.2418,12.0060,-0.0130,0.2253
13149.3,141,0.2268,0.2365,0.2402,12.0069,-0.0130,0.2299
13159.3,142,0.2329,0.2411,0.2402,12.0078,-0.0130,0.2314
13169.3,143,0.2405,0.2441,0.2433,12.0069,-0.0145,0.2299
13179.3,144,0.2435,0.2441,0.2448,12.0069,-0.0145,0.2329
13189.3,145,0.2435,0.2502,0.2463,12.0069,-0.0145,0.2329
13199.3,146,0.2466,0.2518,0.2509,12.0078,-0.0130,0.2329
13209.3,147,0.2481,0.2502,0.2509,12.0069,-0.0130,0.2390
13219.3,148,0.2481,0.2487,0.2479,12.0078,-0.0130,0.2421
13229.3,149,0.2481,0.2487,0.2509,12.0078,-0.0130,0.2467
13239.3,150,0.2481,0.2548,0.2509,12.0069,-0.0145,0.2436
13249.3,151,0.2466,0.2548,0.2524,12.0087,-0.0130,0.2436
13259.3,152,0.2390,0.2457,0.2540,12.0078,-0.0130,0.2451
13269.3,153,0.2420,0.2472,0.2570,12.0087,-0.0130,0.2482
13279.3,154,0.2435,0.2457,0.2540,12.0069,-0.0130,0.2467
13289.3,155,0.2435,0.2441,0.2524,12.0069,-0.0114,0.2482
13299.3,156,0.2435,0.2426,0.2570,12.0078,-0.0114,0.2421
13309.3,157,0.2435,0.2426,0.2555,12.0078,-0.0130,0.2360
13319.3,158,0.2451,0.2487,0.2540,12.0069,-0.0130,0.2375
13329.3,159,0.2435,0.2533,0.2555,12.0069,-0.0114,0.2375
13339.3,160,0.2466,0.2548,0.2555,12.0087,-0.0130,0.2314
13349.3,161,0.2420,0.2533,0.2524,12.0069,-0.0114,0.2329
13359.3,162,0.2420,0.2548,0.2570,12.0069,-0.0114,0.2375
13369.3,163,0.2497,0.2472,0.2601,12.0078,-0.0130,0.2421
13379.3,164,0.2512,0.2502,0.2647,12.0069,-0.0130,0.2451
13389.3,165,0.2542,0.2472,0.2662,12.0069,-0.0114,0.2497
13399.3,166,0.2573,0.2472,0.2647,12.0078,-0.0114,0.2497
13409.3,167,0.2588,0.2502,0.2647,12.0069,-0.0114,0.2512
13419.3,168,0.2619,0.2502,0.2631,12.0069,-0.0130,0.2512
13429.3,169,0.2603,0.2548,0.2570,12.0069,-0.0099,0.2482
13439.3,170,0.2573,0.2579,0.2555,12.0078,-0.0099,0.2497
13449.3,171,0.2542,0.2533,0.2570,12.0069,-0.0084,0.2482
13459.3,172,0.2481,0.2502,0.2601,12.0069,-0.0084,0.2467
13469.3,173,0.2466,0.2441,0.2540,12.0069,-0.0084,0.2482
13479.3,174,0.2497,0.2457,0.2509,12.0060,-0.0099,0.2528
13489.3,175,0.2527,0.2548,0.2570,12.0069,-0.0069,0.2528
13499.3,176,0.2512,0.2594,0.2601,12.0078,-0.0084,0.2558
13509.3,177,0.2542,0.2701,0.2662,12.0069,-0.0069,0.2558
13519.3,178,0.2573,0.2792,0.2723,12.0078,-0.0084,0.2589
13529.3,179,0.2634,0.2838,0.2769,12.0078,-0.0069,0.2619
13539.3,180,0.2649,0.2853,0.2875,12.0060,-0.0069,0.2665
13549.3,181,0.2771,0.2914,0.2967,12.0060,-0.0023,0.2741
13559.3,182,0.2878,0.3006,0.3089,12.0078,-0.0023,0.2879
13569.3,183,0.2985,0.3036,0.3211,12.0078,-0.0008,0.3001
13579.3,184,0.3092,0.3098,0.3242,12.0087,0.0008,0.3092
13589.3,185,0.3183,0.3204,0.3287,12.0078,0.0038,0.3153
13599.3,186,0.3198,0.3281,0.3379,12.0069,0.0038,0.3245
13609.3,187,0.3229,0.3372,0.3425,12.0069,0.0038,0.3291
13619.3,188,0.3229,0.3464,0.3440,12.0087,0.0084,0.3397
13629.3,189,0.3259,0.3448,0.3455,12.0087,0.0099,0.3397
13639.3,190,0.3305,0.3448,0.3440,12.0069,0.0114,0.3397
13649.3,191,0.3351,0.3433,0.3410,12.0069,0.0130,0.3397
13659.3,192,0.3351,0.3403,0.3394,12.0069,0.0160,0.3367
13669.3,193,0.3321,0.3387,0.3455,12.0078,0.0176,0.3382
13679.3,194,0.3290,0.3418,0.3440,12.0069,0.0191,0.3352
13689.3,195,0.3382,0.3403,0.3440,12.0060,0.0206,0.3367
13699.3,196,0.3443,0.3418,0.3501,12.0069,0.0221,0.3367
13709.3,197,0.3458,0.3494,0.3516,12.0069,0.0237,0.3397
13719.3,198,0.3473,0.3571,0.3577,12.0069,0.0267,0.3382
13729.3,199,0.3473,0.3586,0.3608,12.0069,0.0282,0.3382
13739.3,200,0.3488,0.3601,0.3608,12.0069,0.0298,0.3352
13749.3,201,0.3473,0.3616,0.3654,12.0069,0.0298,0.3336
13759.3,202,0.3397,0.3555,0.3547,12.0078,0.0328,0.3367
13769.3,203,0.3397,0.3525,0.3471,12.0060,0.0343,0.3382
13779.3,204,0.3382,0.3525,0.3379,12.0069,0.0343,0.3367
13789.3,205,0.3336,0.3464,0.3364,12.0069,0.0374,0.3382
13799.3,206,0.3351,0.3433,0.3394,12.0069,0.0389,0.3352
13809.3,207,0.3397,0.3403,0.3410,12.0069,0.0389,0.3321
13819.3,208,0.3382,0.3433,0.3425,12.0069,0.0404,0.3321
13829.3,209,0.3443,0.3464,0.3501,12.0060,0.0420,0.3382
13839.3,210,0.3443,0.3540,0.3608,12.0069,0.0450,0.3428
13849.3,211,0.3534,0.3616,0.3593,12.0069,0.0465,0.3474
13859.3,212,0.3534,0.3601,0.3562,12.0060,0.0465,0.3520
13869.3,213,0.3549,0.3586,0.3547,12.0060,0.0496,0.3520
13879.3,214,0.3519,0.3601,0.3562,12.0060,0.0496,0.3474
13889.3,215,0.3473,0.3601,0.3593,12.0069,0.0481,0.3458
13899.3,216,0.3473,0.3555,0.3593,12.0078,0.0511,0.3428
13909.3,217,0.3397,0.3525,0.3562,12.0069,0.0526,0.3413
13919.3,218,0.3351,0.3510,0.3516,12.0069,0.0526,0.3382
13929.3,219,0.3336,0.3464,0.3486,12.0060,0.0542,0.3336
13939.3,220,0.3290,0.3418,0.3425,12.0060,0.0542,0.3260
13949.3,221,0.3259,0.3372,0.3364,12.0060,0.0557,0.3260
13959.3,222,0.3259,0.3342,0.3303,12.0069,0.0572,0.3184
13969.3,223,0.3275,0.3281,0.3272,12.0069,0.0557,0.3169
13979.3,224,0.3244,0.3204,0.3272,12.0052,0.0557,0.3169
13989.3,225,0.3229,0.3189,0.3242,12.0060,0.0572,0.3123
13999.3,226,0.3183,0.3189,0.3226,12.0069,0.0572,0.3062
14009.3,227,0.3092,0.3143,0.3211,12.0069,0.0572,0.2985
14019.3,228,0.3061,0.3098,0.3165,12.0069,0.0557,0.3001
14029.3,229,0.3046,0.3113,0.3089,12.0069,0.0557,0.3001
14039.3,230,0.3031,0.3067,0.3074,12.0060,0.0557,0.2970
14049.3,231,0.3000,0.3021,0.3043,12.0052,0.0557,0.2940
14059.3,232,0.3015,0.2991,0.3043,12.0060,0.0557,0.2940
14069.3,233,0.2954,0.3021,0.3043,12.0052,0.0557,0.2955
14079.3,234,0.2847,0.3021,0.2998,12.0060,0.0557,0.2940
14089.3,235,0.2832,0.2960,0.2967,12.0060,0.0557,0.2879
14099.3,236,0.2786,0.2884,0.2952,12.0060,0.0542,0.2848
14109.3,237,0.2756,0.2838,0.2952,12.0069,0.0542,0.2787
14119.3,238,0.2725,0.2838,0.2952,12.0069,0.0526,0.2802
14129.3,239,0.2771,0.2838,0.2952,12.0060,0.0542,0.2802
14139.3,240,0.2756,0.2808,0.2921,12.0060,0.0511,0.2757
14149.3,241,0.2756,0.2853,0.2906,12.0052,0.0511,0.2787
14159.3,242,0.2756,0.2869,0.2875,12.0060,0.0511,0.2772
14169.3,243,0.2786,0.2777,0.2860,12.0052,0.0511,0.2741
14179.3,244,0.2802,0.2747,0.2799,12.0052,0.0496,0.2711
14189.3,245,0.2802,0.2762,0.2830,12.0052,0.0496,0.2711
14199.3,246,0.2817,0.2762,0.2830,12.0052,0.0496,0.2696
14209.3,247,0.2802,0.2792,0.2845,12.0052,0.0465,0.2741
14219.3,248,0.2802,0.2808,0.2891,12.0052,0.0465,0.2802
14229.3,249,0.2786,0.2884,0.2906,12.0052,0.0465,0.2833
14239.3,250,0.2817,0.2945,0.3013,12.0060,0.0465,0.2848
14249.3,251,0.2771,0.2991,0.3059,12.0060,0.0465,0.2879
14259.3,252,0.2786,0.2991,0.3074,12.0052,0.0465,0.2909
14269.3,253,0.2878,0.2991,0.3074,12.0052,0.0465,0.2894
14279.3,254,0.2939,0.2975,0.3089,12.0060,0.0450,0.2894
14289.3,255,0.2863,0.3021,0.3074,12.0052,0.0465,0.2924
14299.3,0,0.2847,0.2991,0.3013,12.0060,0.0481,0.2909
14309.3,1,0.2924,0.2975,0.2982,12.0052,0.0481,0.2909
14319.3,2,0.2970,0.2960,0.2952,12.0052,0.0450,0.2879
14329.3,3,0.2893,0.2884,0.2891,12.0052,0.0450,0.2894
14339.3,4,0.2863,0.2899,0.2906,12.0052,0.0465,0.2848
14349.3,5,0.2817,0.2930,0.2952,12.0060,0.0465,0.2787
14359.3,6,0.2817,0.2884,0.2936,12.0060,0.0450,0.2787
14369.3,7,0.2756,0.2792,0.2936,12.0060,0.0435,0.2772
14379.3,8,0.2664,0.2716,0.2875,12.0060,0.0420,0.2741
14389.3,9,0.2695,0.2686,0.2830,12.0060,0.0435,0.2711
14399.2,10,0.2695,0.2701,0.2814,12.0060,0.0420,0.2665
14409.2,11,0.2695,0.2701,0.2799,12.0052,0.0420,0.2635
14419.2,12,0.2725,0.2625,0.2799,12.0060,0.0404,0.2680
14429.2,13,0.2664,0.2579,0.2708,12.0069,0.0404,0.2665
14439.2,14,0.2573,0.2594,0.2708,12.0069,0.0404,0.2589
14449.2,15,0.2512,0.2594,0.2677,12.0060,0.0389,0.2558
14459.2,16,0.2481,0.2563,0.2631,12.0043,0.0374,0.2528
14469.2,17,0.2405,0.2579,0.2570,12.0060,0.0374,0.2467
14479.2,18,0.2435,0.2579,0.2509,12.0060,0.0374,0.2421
14489.2,19,0.2481,0.2533,0.2479,12.0060,0.0359,0.2436
14499.2,20,0.2435,0.2518,0.2463,12.0052,0.0343,0.2390
14509.2,21,0.2374,0.2441,0.2509,12.0043,0.0343,0.2360
14519.2,22,0.2374,0.2411,0.2494,12.0060,0.0328,0.2268
14529.2,23,0.2405,0.2396,0.2494,12.0060,0.0313,0.2238
14539.2,24,0.2420,0.2441,0.2494,12.0060,0.0298,0.2253
14549.2,25,0.2420,0.2441,0.2479,12.0052,0.0267,0.2253
14559.2,26,0.2390,0.2457,0.2448,12.0052,0.0252,0.2268
14569.2,27,0.2374,0.2441,0.2479,12.0060,0.0282,0.2329
14579.2,28,0.2359,0.2411,0.2463,12.0069,0.0267,0.2329
14589.2,29,0.2374,0.2396,0.2463,12.0052,0.0221,0.2299
14599.2,30,0.2374,0.2335,0.2509,12.0060,0.0221,0.2268
14609.2,31,0.2390,0.2380,0.2494,12.0052,0.0221,0.2299
14619.2,32,0.2451,0.2472,0.2463,12.0052,0.0221,0.2360
14629.2,33,0.2512,0.2518,0.2463,12.0060,0.0206,0.2451
14639.2,34,0.2542,0.2594,0.2540,12.0060,0.0206,0.2528
14649.2,35,0.2558,0.2609,0.2586,12.0060,0.0206,0.2558
14659.2,36,0.2634,0.2548,0.2647,12.0060,0.0176,0.2512
14669.2,37,0.2649,0.2579,0.2692,12.0052,0.0191,0.2573
14679.2,38,0.2634,0.2625,0.2677,12.0069,0.0191,0.2589
14689.2,39,0.2634,0.2670,0.2662,12.0052,0.0176,0.2573
14699.2,40,0.2664,0.2762,0.2662,12.0060,0.0176,0.2512
14709.2,41,0.2634,0.2762,0.2662,12.0052,0.0191,0.2558
14719.2,42,0.2649,0.2731,0.2738,12.0060,0.0206,0.2650
14729.2,43,0.2634,0.2731,0.2738,12.0060,0.0191,0.2665
14739.2,44,0.2649,0.2731,0.2784,12.0069,0.0191,0.2619
14749.2,45,0.2725,0.2731,0.2814,12.0060,0.0191,0.2619
14759.2,46,0.2741,0.2731,0.2784,12.0060,0.0160,0.2619
14769.2,47,0.2710,0.2747,0.2723,12.0060,0.0191,0.2604
14779.2,48,0.2649,0.2655,0.2677,12.0052,0.0160,0.2589
14789.2,49,0.2634,0.2594,0.2647,12.0052,0.0160,0.2543
14799.2,50,0.2588,0.2579,0.2631,12.0060,0.0176,0.2543
14809.2,51,0.2573,0.2594,0.2692,12.0052,0.0160,0.2543
14819.2,52,0.2619,0.2655,0.2692,12.0052,0.0176,0.2528
14829.2,53,0.2710,0.2716,0.2723,12.0052,0.0176,0.2558
14839.2,54,0.2771,0.2716,0.2753,12.0052,0.0160,0.2604
14849.2,55,0.2756,0.2701,0.2784,12.0060,0.0160,0.2650
14859.2,56,0.2680,0.2686,0.2784,12.0069,0.0160,0.2619
14869.2,57,0.2634,0.2625,0.2784,12.0060,0.0160,0.2543
14879.2,58,0.2603,0.2640,0.2738,12.0052,0.0176,0.2558
14889.2,59,0.2619,0.2640,0.2753,12.0052,0.0176,0.2573
14899.2,60,0.2588,0.2594,0.2692,12.0043,0.0176,0.2604
14909.2,61,0.2649,0.2609,0.2708,12.0060,0.0160,0.2635
14919.2,62,0.2634,0.2747,0.2738,12.0060,0.0176,0.2665
14929.2,63,0.2634,0.2762,0.2723,12.0052,0.0160,0.2650
14939.2,64,0.2619,0.2716,0.2769,12.0060,0.0160,0.2589
14949.2,65,0.2588,0.2625,0.2799,12.0052,0.0160,0.2589
14959.2,66,0.2588,0.2594,0.2784,12.0043,0.0160,0.2604
14969.2,67,0.2588,0.2625,0.2738,12.0052,0.0145,0.2573
14979.2,68,0.2527,0.2625,0.2708,12.0060,0.0145,0.2512
14989.2,69,0.2466,0.2563,0.2616,12.0060,0.0145,0.2482
14999.2,70,0.2466,0.2548,0.2540,12.0069,0.0145,0.2436
15009.2,71,0.2451,0.2518,0.2555,12.0052,0.0145,0.2406
15019.2,72,0.2435,0.2487,0.2540,12.0060,0.0160,0.2375
15029.2,73,0.2405,0.2472,0.2494,12.0060,0.0130,0.2375
15039.2,74,0.2435,0.2441,0.2494,12.0052,0.0130,0.2436
15049.2,75,0.2420,0.2457,0.2586,12.0060,0.0114,0.2482
15059.2,76,0.2481,0.2548,0.2662,12.0069,0.0114,0.2497
15069.2,77,0.2527,0.2640,0.2692,12.0052,0.0114,0.2558
15079.2,78,0.2558,0.2655,0.2692,12.0069,0.0130,0.2573
15089.2,79,0.2558,0.2625,0.2647,12.0060,0.0114,0.2528
15099.2,80,0.2573,0.2670,0.2647,12.0052,0.0130,0.2512
15109.2,81,0.2603,0.2670,0.2708,12.0043,0.0114,0.2573
15119.2,82,0.2603,0.2625,0.2723,12.0060,0.0130,0.2604
15129.2,83,0.2542,0.2655,0.2723,12.0060,0.0130,0.2589
15139.2,84,0.2588,0.2640,0.2753,12.0052,0.0114,0.2589
15149.2,85,0.2603,0.2594,0.2753,12.0052,0.0114,0.2558
15159.2,86,0.2619,0.2579,0.2753,12.0052,0.0114,0.2543
15169.2,87,0.2588,0.2625,0.2692,12.0060,0.0114,0.2512
15179.2,88,0.2542,0.2655,0.2662,12.0060,0.0114,0.2406
15189.2,89,0.2466,0.2625,0.2677,12.0052,0.0130,0.2390
15199.2,90,0.2435,0.2533,0.2616,12.0043,0.0114,0.2406
15209.2,91,0.2435,0.2472,0.2524,12.0060,0.0084,0.2329
15219.2,92,0.2390,0.2441,0.2433,12.0060,0.0069,0.2268
15229.2,93,0.2374,0.2380,0.2433,12.0052,0.0084,0.2253
15239.2,94,0.2298,0.2304,0.2433,12.0060,0.0084,0.2238
15249.2,95,0.2252,0.2243,0.2372,12.0060,0.0069,0.2223
15259.2,96,0.2252,0.2258,0.2326,12.0060,0.0069,0.2238
15269.2,97,0.2222,0.2304,0.2326,12.0052,0.0069,0.2192
15279.2,98,0.2207,0.2289,0.2326,12.0060,0.0038,0.2162
15289.2,99,0.2237,0.2258,0.2341,12.0060,0.0038,0.2131
15299.2,100,0.2222,0.2197,0.2311,12.0060,0.0023,0.2100
15309.2,101,0.2207,0.2182,0.2296,12.0060,0.0038,0.2100
15319.2,102,0.2146,0.2228,0.2265,12.0052,0.0008,0.2146
15329.2,103,0.2085,0.2243,0.2265,12.0060,0.0008,0.2207
15339.2,104,0.2100,0.2213,0.2235,12.0060,-0.0008,0.2207
15349.2,105,0.2146,0.2243,0.2235,12.0060,-0.0008,0.2192
15359.2,106,0.2237,0.2182,0.2280,12.0052,-0.0008,0.2177
15369.2,107,0.2298,0.2167,0.2341,12.0052,-0.0023,0.2207
15379.2,108,0.2313,0.2197,0.2341,12.0052,-0.0008,0.2268
15389.2,109,0.2268,0.2228,0.2341,12.0052,-0.0038,0.2329
15399.2,110,0.2268,0.2289,0.2341,12.0060,-0.0038,0.2314
15409.2,111,0.2283,0.2304,0.2357,12.0069,-0.0038,0.2329
15419.2,112,0.2268,0.2319,0.2357,12.0069,-0.0023,0.2345
15429.2,113,0.2313,0.2365,0.2357,12.0060,-0.0053,0.2329
15439.2,114,0.2298,0.2350,0.2402,12.0069,-0.0053,0.2284
15449.2,115,0.2329,0.2304,0.2387,12.0060,-0.0053,0.2284
15459.2,116,0.2329,0.2335,0.2372,12.0052,-0.0053,0.2238
15469.2,117,0.2329,0.2304,0.2357,12.0060,-0.0069,0.2299
15479.2,118,0.2313,0.2289,0.2341,12.0060,-0.0038,0.2268
15489.2,119,0.2283,0.2319,0.2326,12.0052,-0.0069,0.2253
15499.2,120,0.2283,0.2365,0.2357,12.0060,-0.0053,0.2223
15509.2,121,0.2313,0.2335,0.2387,12.0060,-0.0084,0.2253
15519.2,122,0.2329,0.2304,0.2402,12.0060,-0.0084,0.2314
15529.2,123,0.2313,0.2335,0.2479,12.0069,-0.0069,0.2406
15539.2,124,0.2374,0.2441,0.2479,12.0060,-0.0084,0.2467
15549.2,125,0.2435,0.2518,0.2509,12.0069,-0.0069,0.2436
15559.2,126,0.2481,0.2548,0.2509,12.0060,-0.0069,0.2451
15569.2,127,0.2481,0.2548,0.2509,12.0069,-0.0053,0.2482
15579.2,128,0.2542,0.2548,0.2524,12.0060,-0.0069,0.2451
15589.2,129,0.2558,0.2533,0.2601,12.0069,-0.0069,0.2421
15599.2,130,0.2542,0.2563,0.2601,12.0069,-0.0069,0.2406
15609.2,131,0.2481,0.2518,0.2570,12.0060,-0.0069,0.2482
15619.2,132,0.2481,0.2518,0.2570,12.0060,-0.0084,0.2543
15629.2,133,0.2497,0.2533,0.2647,12.0069,-0.0084,0.2512
15639.2,134,0.2512,0.2579,0.2662,12.0060,-0.0053,0.2543
15649.2,135,0.2527,0.2609,0.2647,12.0060,-0.0069,0.2528
15659.2,136,0.2542,0.2625,0.2616,12.0060,-0.0069,0.2543
15669.2,137,0.2573,0.2594,0.2616,12.0060,-0.0069,0.2573
15679.2,138,0.2573,0.2609,0.2647,12.0060,-0.0038,0.2543
15689.2,139,0.2558,0.2563,0.2662,12.0060,-0.0053,0.2528
15699.2,140,0.2497,0.2579,0.2586,12.0060,-0.0038,0.2528
15709.2,141,0.2435,0.2533,0.2540,12.0052,-0.0069,0.2497
15719.2,142,0.2405,0.2487,0.2509,12.0052,-0.0053,0.2467
15729.2,143,0.2390,0.2502,0.2555,12.0060,-0.0038,0.2451
15739.2,144,0.2466,0.2533,0.2540,12.0069,-0.0038,0.2467
15749.2,145,0.2497,0.2518,0.2540,12.0078,-0.0053,0.2451
15759.2,146,0.2512,0.2533,0.2540,12.0060,-0.0038,0.2421
15769.2,147,0.2435,0.2548,0.2570,12.0060,-0.0038,0.2436
15779.2,148,0.2374,0.2563,0.2631,12.0052,-0.0038,0.2467
15789.2,149,0.2497,0.2548,0.2631,12.0052,-0.0069,0.2482
15799.2,150,0.2542,0.2502,0.2616,12.0060,-0.0038,0.2451
15809.2,151,0.2512,0.2502,0.2601,12.0069,-0.0038,0.2451
15819.2,152,0.2512,0.2472,0.2601,12.0069,-0.0053,0.2375
15829.2,153,0.2497,0.2487,0.2570,12.0060,-0.0069,0.2360
15839.2,154,0.2542,0.2533,0.2555,12.0060,-0.0053,0.2406
15849.2,155,0.2573,0.2548,0.2540,12.0060,-0.0053,0.2528
15859.2,156,0.2542,0.2594,0.2540,12.0060,-0.0038,0.2604
15869.2,157,0.2466,0.2609,0.2570,12.0060,-0.0053,0.2604
15879.2,158,0.2435,0.2625,0.2555,12.0069,-0.0038,0.2543
15889.2,159,0.2451,0.2670,0.2586,12.0052,-0.0038,0.2543
15899.2,160,0.2420,0.2701,0.2631,12.0069,-0.0053,0.2482
15909.2,161,0.2405,0.2625,0.2647,12.0069,-0.0023,0.2406
15919.2,162,0.2497,0.2579,0.2662,12.0069,-0.0053,0.2406
15929.2,163,0.2512,0.2563,0.2662,12.0069,-0.0038,0.2497
15939.2,164,0.2466,0.2548,0.2677,12.0078,-0.0053,0.2482
15949.2,165,0.2435,0.2548,0.2631,12.0069,-0.0038,0.2467
15959.2,166,0.2420,0.2563,0.2677,12.0069,-0.0023,0.2482
15969.2,167,0.2451,0.2533,0.2677,12.0069,-0.0053,0.2497
15979.2,168,0.2435,0.2472,0.2647,12.0060,-0.0053,0.2497
15989.2,169,0.2405,0.2487,0.2570,12.0069,-0.0053,0.2436
15999.2,170,0.2435,0.2502,0.2494,12.0069,-0.0053,0.2375
16009.2,171,0.2390,0.2426,0.2524,12.0078,-0.0053,0.2360
16019.2,172,0.2344,0.2411,0.2509,12.0078,-0.0038,0.2375
16029.2,173,0.2329,0.2396,0.2479,12.0069,-0.0053,0.2375
16039.2,174,0.2344,0.2426,0.2479,12.0069,-0.0069,0.2345
16049.2,175,0.2344,0.2457,0.2463,12.0078,-0.0069,0.2314
16059.2,176,0.2298,0.2457,0.2418,12.0069,-0.0084,0.2268
16069.2,177,0.2237,0.2426,0.2402,12.0069,-0.0084,0.2192
16079.2,178,0.2191,0.2365,0.2433,12.0069,-0.0069,0.2177
16089.2,179,0.2222,0.2304,0.2448,12.0069,-0.0084,0.2192
16099.2,180,0.2283,0.2274,0.2433,12.0078,-0.0069,0.2207
16109.2,181,0.2313,0.2335,0.2433,12.0069,-0.0069,0.2131
16119.2,182,0.2252,0.2304,0.2387,12.0078,-0.0084,0.2116
16129.2,183,0.2222,0.2274,0.2387,12.0069,-0.0099,0.2055
16139.2,184,0.2268,0.2197,0.2372,12.0078,-0.0114,0.2100
16149.2,185,0.2237,0.2167,0.2341,12.0078,-0.0114,0.2070
16159.2,186,0.2222,0.2182,0.2296,12.0087,-0.0114,0.2085
16169.2,187,0.2176,0.2182,0.2280,12.0069,-0.0114,0.2116
16179.2,188,0.2146,0.2228,0.2250,12.0078,-0.0130,0.2146
16189.2,189,0.2207,0.2228,0.2280,12.0078,-0.0145,0.2131
16199.2,190,0.2283,0.2228,0.2296,12.0060,-0.0130,0.2100
16209.2,191,0.2252,0.2258,0.2341,12.0069,-0.0130,0.2070
16219.2,192,0.2237,0.2304,0.2341,12.0078,-0.0145,0.2116
16229.2,193,0.2237,0.2365,0.2311,12.0078,-0.0130,0.2131
16239.2,194,0.2252,0.2335,0.2235,12.0069,-0.0145,0.2146
16249.2,195,0.2268,0.2258,0.2204,12.0069,-0.0145,0.2146
16259.2,196,0.2252,0.2228,0.2189,12.0069,-0.0160,0.2223
16269.2,197,0.2237,0.2274,0.2280,12.0069,-0.0160,0.2223
16279.2,198,0.2283,0.2319,0.2357,12.0069,-0.0160,0.2223
16289.2,199,0.2268,0.2304,0.2357,12.0078,-0.0160,0.2223
16299.2,200,0.2313,0.2335,0.2418,12.0078,-0.0175,0.2223
16309.2,201,0.2344,0.2350,0.2463,12.0078,-0.0175,0.2207
16319.1,202,0.2374,0.2380,0.2463,12.0069,-0.0145,0.2268
16329.1,203,0.2390,0.2426,0.2463,12.0078,-0.0175,0.2268
16339.1,204,0.2374,0.2457,0.2463,12.0078,-0.0175,0.2299
16349.1,205,0.2390,0.2426,0.2509,12.0069,-0.0175,0.2390
16359.1,206,0.2497,0.2502,0.2616,12.0078,-0.0130,0.2451
16369.1,207,0.2573,0.2548,0.2647,12.0078,-0.0145,0.2512
16379.1,208,0.2634,0.2579,0.2677,12.0087,-0.0145,0.2512
16389.1,209,0.2649,0.2594,0.2708,12.0087,-0.0160,0.2589
16399.1,210,0.2603,0.2701,0.2738,12.0078,-0.0145,0.2665
16409.1,211,0.2588,0.2762,0.2830,12.0078,-0.0114,0.2680
16419.1,212,0.2588,0.2777,0.2830,12.0087,-0.0145,0.2680
16429.1,213,0.2634,0.2762,0.2830,12.0078,-0.0114,0.2680
16439.1,214,0.2680,0.2701,0.2814,12.0078,-0.0099,0.2680
16449.1,215,0.2680,0.2747,0.2799,12.0078,-0.0099,0.2635
16459.1,216,0.2695,0.2716,0.2769,12.0087,-0.0084,0.2665
16469.1,217,0.2634,0.2716,0.2769,12.0087,-0.0084,0.2726
16479.1,218,0.2558,0.2701,0.2753,12.0087,-0.0069,0.2726
16489.1,219,0.2558,0.2640,0.2723,12.0078,-0.0069,0.2680
16499.1,220,0.2619,0.2716,0.2723,12.0069,-0.0069,0.2619
16509.1,221,0.2603,0.2777,0.2784,12.0078,-0.0084,0.2558
16519.1,222,0.2527,0.2731,0.2677,12.0087,-0.0053,0.2528
16529.1,223,0.2497,0.2701,0.2662,12.0087,-0.0053,0.2497
16539.1,224,0.2497,0.2579,0.2708,12.0087,-0.0038,0.2543
16549.1,225,0.2466,0.2548,0.2708,12.0078,-0.0053,0.2512
16559.1,226,0.2435,0.2594,0.2692,12.0087,-0.0069,0.2451
16569.1,227,0.2420,0.2579,0.2647,12.0087,-0.0069,0.2436
16579.1,228,0.2390,0.2533,0.2570,12.0069,-0.0038,0.2451
16589.1,229,0.2313,0.2472,0.2570,12.0087,-0.0038,0.2406
16599.1,230,0.2329,0.2411,0.2524,12.0087,-0.0053,0.2390
16609.1,231,0.2405,0.2411,0.2540,12.0078,-0.0069,0.2436
16619.1,232,0.2405,0.2396,0.2555,12.0087,-0.0084,0.2497
16629.1,233,0.2374,0.2426,0.2601,12.0087,-0.0069,0.2497
16639.1,234,0.2405,0.2457,0.2601,12.0078,-0.0053,0.2512
16649.1,235,0.2435,0.2518,0.2570,12.0078,-0.0053,0.2528
16659.1,236,0.2481,0.2472,0.2555,12.0087,-0.0069,0.2528
16669.1,237,0.2481,0.2457,0.2601,12.0095,-0.0038,0.2482
16679.1,238,0.2451,0.2518,0.2555,12.0087,-0.0053,0.2512
16689.1,239,0.2466,0.2533,0.2448,12.0078,-0.0038,0.2467
16699.1,240,0.2451,0.2533,0.2479,12.0078,-0.0053,0.2451
16709.1,241,0.2420,0.2518,0.2524,12.0087,-0.0053,0.2360
16719.1,242,0.2435,0.2518,0.2555,12.0078,-0.0038,0.2360
16729.1,243,0.2435,0.2472,0.2540,12.0087,-0.0053,0.2345
16739.1,244,0.2344,0.2380,0.2540,12.0078,-0.0069,0.2345
16749.1,245,0.2329,0.2350,0.2463,12.0087,-0.0053,0.2375
16759.1,246,0.2344,0.2365,0.2418,12.0087,-0.0053,0.2421
16769.1,247,0.2344,0.2411,0.2387,12.0087,-0.0069,0.2406
16779.1,248,0.2344,0.2365,0.2387,12.0095,-0.0069,0.2314
16789.1,249,0.2329,0.2304,0.2433,12.0087,-0.0084,0.2314
16799.1,250,0.2298,0.2289,0.2402,12.0087,-0.0069,0.2314
16809.1,251,0.2298,0.2304,0.2387,12.0087,-0.0069,0.2284
16819.1,252,0.2268,0.2319,0.2357,12.0078,-0.0084,0.2299
16829.1,253,0.2237,0.2258,0.2372,12.0078,-0.0069,0.2284
16839.1,254,0.2207,0.2319,0.2387,12.0078,-0.0069,0.2253
16849.1,255,0.2222,0.2289,0.2418,12.0087,-0.0084,0.2223
16859.1,0,0.2237,0.2319,0.2509,12.0078,-0.0084,0.2268
16869.1,1,0.2298,0.2350,0.2494,12.0078,-0.0099,0.2360
16879.1,2,0.2344,0.2365,0.2494,12.0095,-0.0099,0.2406
16889.1,3,0.2420,0.2411,0.2494,12.0087,-0.0114,0.2421
16899.1,4,0.2466,0.2457,0.2494,12.0095,-0.0099,0.2451
16909.1,5,0.2481,0.2563,0.2524,12.0087,-0.0084,0.2436
16919.1,6,0.2558,0.2625,0.2586,12.0078,-0.0084,0.2482
16929.1,7,0.2573,0.2640,0.2662,12.0087,-0.0084,0.2482
16939.1,8,0.2573,0.2655,0.2692,12.0087,-0.0099,0.2512
16949.1,9,0.2588,0.2670,0.2692,12.0095,-0.0069,0.2543
16959.1,10,0.2573,0.2686,0.2753,12.0078,-0.0069,0.2589
16969.1,11,0.2558,0.2747,0.2769,12.0087,-0.0069,0.2589
16979.1,12,0.2542,0.2777,0.2784,12.0087,-0.0069,0.2589
16989.1,13,0.2558,0.2747,0.2830,12.0087,-0.0069,0.2619
16999.1,14,0.2573,0.2792,0.2845,12.0087,-0.0053,0.2650
17009.1,15,0.2573,0.2823,0.2875,12.0087,-0.0038,0.2680
17019.1,16,0.2573,0.2792,0.2814,12.0078,-0.0053,0.2711
17029.1,17,0.2603,0.2747,0.2708,12.0087,-0.0053,0.2635
17039.1,18,0.2603,0.2701,0.2677,12.0087,-0.0038,0.2619
17049.1,19,0.2634,0.2777,0.2662,12.0087,-0.0038,0.2558
17059.1,20,0.2634,0.2731,0.2692,12.0087,-0.0038,0.2528
17069.1,21,0.2588,0.2640,0.2723,12.0087,-0.0053,0.2497
17079.1,22,0.2527,0.2579,0.2708,12.0095,-0.0053,0.2482
17089.1,23,0.2512,0.2625,0.2647,12.0095,-0.0038,0.2482
17099.1,24,0.2527,0.2640,0.2586,12.0078,-0.0053,0.2497
17109.1,25,0.2512,0.2670,0.2524,12.0078,-0.0038,0.2482
17119.1,26,0.2466,0.2655,0.2524,12.0078,-0.0038,0.2467
17129.1,27,0.2374,0.2563,0.2494,12.0078,-0.0038,0.2406
17139.1,28,0.2359,0.2518,0.2540,12.0087,-0.0038,0.2406
17149.1,29,0.2359,0.2487,0.2586,12.0095,-0.0038,0.2406
17159.1,30,0.2390,0.2441,0.2570,12.0095,-0.0038,0.2406
17169.1,31,0.2405,0.2426,0.2570,12.0087,-0.0038,0.2345
17179.1,32,0.2359,0.2441,0.2540,12.0078,-0.0038,0.2345
17189.1,33,0.2359,0.2457,0.2555,12.0087,-0.0038,0.2329
17199.1,34,0.2344,0.2457,0.2570,12.0087,-0.0053,0.2345
17209.1,35,0.2344,0.2457,0.2555,12.0087,-0.0069,0.2360
17219.1,36,0.2359,0.2472,0.2524,12.0078,-0.0053,0.2360
17229.1,37,0.2435,0.2502,0.2555,12.0078,-0.0069,0.2360
17239.1,38,0.2435,0.2533,0.2555,12.0087,-0.0053,0.2345
17249.1,39,0.2435,0.2457,0.2570,12.0095,-0.0053,0.2360
17259.1,40,0.2405,0.2457,0.2524,12.0087,-0.0053,0.2406
17269.1,41,0.2405,0.2472,0.2494,12.0078,-0.0069,0.2436
17279.1,42,0.2451,0.2396,0.2509,12.0095,-0.0069,0.2436
17289.1,43,0.2451,0.2411,0.2555,12.0087,-0.0069,0.2390
17299.1,44,0.2420,0.2426,0.2570,12.0078,-0.0053,0.2345
17309.1,45,0.2359,0.2396,0.2540,12.0095,-0.0069,0.2390
17319.1,46,0.2313,0.2380,0.2540,12.0078,-0.0069,0.2436
17329.1,47,0.2298,0.2396,0.2509,12.0087,-0.0084,0.2390
17339.1,48,0.2283,0.2457,0.2448,12.0087,-0.0084,0.2329
17349.1,49,0.2313,0.2441,0.2433,12.0095,-0.0084,0.2299
17359.1,50,0.2329,0.2396,0.2433,12.0095,-0.0084,0.2299
17369.1,51,0.2359,0.2380,0.2463,12.0078,-0.0099,0.2284
17379.1,52,0.2420,0.2426,0.2494,12.0087,-0.0084,0.2406
17389.1,53,0.2466,0.2502,0.2509,12.0095,-0.0084,0.2436
17399.1,54,0.2512,0.2579,0.2555,12.0095,-0.0084,0.2482
17409.1,55,0.2481,0.2609,0.2524,12.0078,-0.0084,0.2558
17419.1,56,0.2527,0.2655,0.2555,12.0087,-0.0084,0.2604
17429.1,57,0.2603,0.2655,0.2601,12.0087,-0.0099,0.2543
17439.1,58,0.2588,0.2640,0.2647,12.0078,-0.0099,0.2467
17449.1,59,0.2619,0.2625,0.2677,12.0087,-0.0053,0.2467
17459.1,60,0.2573,0.2594,0.2647,12.0095,-0.0053,0.2482
17469.1,61,0.2588,0.2518,0.2616,12.0087,-0.0084,0.2451
17479.1,62,0.2558,0.2487,0.2616,12.0078,-0.0053,0.2451
17489.1,63,0.2542,0.2518,0.2601,12.0087,-0.0069,0.2482
17499.1,64,0.2512,0.2502,0.2509,12.0095,-0.0084,0.2528
17509.1,65,0.2481,0.2518,0.2555,12.0095,-0.0099,0.2528
17519.1,66,0.2451,0.2487,0.2616,12.0087,-0.0069,0.2467
17529.1,67,0.2435,0.2472,0.2570,12.0095,-0.0069,0.2406
17539.1,68,0.2466,0.2411,0.2555,12.0095,-0.0069,0.2406
17549.1,69,0.2451,0.2396,0.2570,12.0087,-0.0069,0.2406
17559.1,70,0.2420,0.2411,0.2555,12.0078,-0.0084,0.2360
17569.1,71,0.2390,0.2380,0.2540,12.0095,-0.0069,0.2314
17579.1,72,0.2344,0.2411,0.2494,12.0087,-0.0084,0.2329
17589.1,73,0.2344,0.2487,0.2463,12.0069,-0.0084,0.2390
17599.1,74,0.2329,0.2533,0.2418,12.0078,-0.0084,0.2406
17609.1,75,0.2390,0.2518,0.2433,12.0078,-0.0084,0.2375
17619.1,76,0.2344,0.2502,0.2448,12.0078,-0.0069,0.2345
17629.1,77,0.2374,0.2441,0.2463,12.0087,-0.0069,0.2329
17639.1,78,0.2435,0.2380,0.2448,12.0095,-0.0084,0.2314
17649.1,79,0.2451,0.2380,0.2448,12.0078,-0.0099,0.2284
17659.1,80,0.2405,0.2457,0.2433,12.0095,-0.0099,0.2299
17669.1,81,0.2420,0.2502,0.2463,12.0095,-0.0084,0.2314
17679.1,82,0.2497,0.2518,0.2540,12.0087,-0.0084,0.2360
17689.1,83,0.2542,0.2487,0.2570,12.0078,-0.0099,0.2406
17699.1,84,0.2527,0.2472,0.2494,12.0069,-0.0084,0.2375
17709.1,85,0.2481,0.2548,0.2494,12.0087,-0.0084,0.2421
17719.1,86,0.2497,0.2502,0.2540,12.0095,-0.0099,0.2451
17729.1,87,0.2466,0.2457,0.2509,12.0087,-0.0084,0.2436
17739.1,88,0.2497,0.2472,0.2494,12.0087,-0.0069,0.2406
17749.1,89,0.2451,0.2487,0.2479,12.0095,-0.0069,0.2421
17759.1,90,0.2435,0.2472,0.2463,12.0087,-0.0069,0.2451
17769.1,91,0.2405,0.2502,0.2463,12.0087,-0.0084,0.2345
17779.1,92,0.2329,0.2533,0.2463,12.0104,-0.0099,0.2299
17789.1,93,0.2359,0.2487,0.2479,12.0087,-0.0084,0.2299
17799.1,94,0.2451,0.2441,0.2479,12.0087,-0.0069,0.2314
17809.1,95,0.2451,0.2457,0.2509,12.0095,-0.0099,0.2345
17819.1,96,0.2435,0.2457,0.2524,12.0087,-0.0084,0.2345
17829.1,97,0.2344,0.2441,0.2524,12.0087,-0.0084,0.2299
17839.1,98,0.2329,0.2441,0.2540,12.0095,-0.0084,0.2329
17849.1,99,0.2374,0.2411,0.2555,12.0087,-0.0099,0.2314
17859.1,100,0.2374,0.2426,0.2494,12.0095,-0.0084,0.2375
17869.1,101,0.2420,0.2426,0.2494,12.0078,-0.0084,0.2375
17879.1,102,0.2420,0.2411,0.2463,12.0087,-0.0084,0.2390
17889.1,103,0.2435,0.2426,0.2448,12.0087,-0.0099,0.2406
17899.1,104,0.2435,0.2457,0.2448,12.0087,-0.0099,0.2360
17909.1,105,0.2374,0.2426,0.2479,12.0078,-0.0099,0.2390
17919.1,106,0.2374,0.2380,0.2448,12.0095,-0.0099,0.2375
17929.1,107,0.2390,0.2396,0.2448,12.0087,-0.0099,0.2375
17939.1,108,0.2405,0.2518,0.2463,12.0078,-0.0084,0.2345
17949.1,109,0.2374,0.2563,0.2509,12.0087,-0.0099,0.2360
17959.1,110,0.2374,0.2533,0.2540,12.0087,-0.0114,0.2390
17969.1,111,0.2405,0.2518,0.2509,12.0087,-0.0114,0.2436
17979.1,112,0.2466,0.2487,0.2524,12.0087,-0.0099,0.2436
17989.1,113,0.2466,0.2487,0.2555,12.0087,-0.0099,0.2482
17999.1,114,0.2497,0.2487,0.2616,12.0087,-0.0099,0.2467
18009.1,115,0.2512,0.2548,0.2631,12.0095,-0.0099,0.2467
18019.1,116,0.2451,0.2563,0.2601,12.0087,-0.0084,0.2497
18029.1,117,0.2466,0.2548,0.2540,12.0095,-0.0084,0.2604
18039.1,118,0.2466,0.2548,0.2524,12.0095,-0.0084,0.2543
18049.1,119,0.2588,0.2533,0.2555,12.0095,-0.0069,0.2512
18059.1,120,0.2634,0.2487,0.2524,12.0087,-0.0099,0.2451
18069.1,121,0.2619,0.2502,0.2509,12.0078,-0.0099,0.2451
18079.1,122,0.2527,0.2472,0.2555,12.0087,-0.0099,0.2467
18089.1,123,0.2451,0.2487,0.2509,12.0095,-0.0099,0.2406
18099.1,124,0.2435,0.2548,0.2509,12.0087,-0.0084,0.2421
18109.1,125,0.2420,0.2563,0.2524,12.0078,-0.0084,0.2451
18119.1,126,0.2405,0.2533,0.2479,12.0087,-0.0099,0.2421
18129.1,127,0.2405,0.2487,0.2479,12.0087,-0.0084,0.2390
18139.1,128,0.2435,0.2472,0.2463,12.0087,-0.0069,0.2329
18149.1,129,0.2466,0.2441,0.2463,12.0095,-0.0084,0.2360
18159.1,130,0.2481,0.2426,0.2540,12.0095,-0.0084,0.2406
18169.1,131,0.2512,0.2472,0.2555,12.0087,-0.0069,0.2451
18179.1,132,0.2573,0.2533,0.2616,12.0087,-0.0069,0.2467
18189.1,133,0.2573,0.2563,0.2647,12.0087,-0.0069,0.2497
18199.1,134,0.2497,0.2579,0.2662,12.0087,-0.0099,0.2512
18209.1,135,0.2512,0.2533,0.2616,12.0078,-0.0069,0.2482
18219.1,136,0.2497,0.2548,0.2616,12.0087,-0.0084,0.2497
18229.1,137,0.2512,0.2548,0.2601,12.0078,-0.0084,0.2497
18239.0,138,0.2542,0.2625,0.2555,12.0087,-0.0084,0.2512
18249.0,139,0.2573,0.2625,0.2570,12.0087,-0.0069,0.2512
18259.0,140,0.2573,0.2563,0.2509,12.0087,-0.0084,0.2482
18269.0,141,0.2497,0.2609,0.2509,12.0095,-0.0069,0.2421
18279.0,142,0.2420,0.2640,0.2524,12.0078,-0.0069,0.2375
18289.0,143,0.2344,0.2609,0.2540,12.0087,-0.0053,0.2314
18299.0,144,0.2374,0.2579,0.2524,12.0078,-0.0069,0.2299
18309.0,145,0.2405,0.2472,0.2479,12.0087,-0.0069,0.2268
18319.0,146,0.2451,0.2457,0.2402,12.0078,-0.0084,0.2238
18329.0,147,0.2435,0.2426,0.2341,12.0087,-0.0084,0.2268
18339.0,148,0.2390,0.2472,0.2326,12.0087,-0.0069,0.2268
18349.0,149,0.2405,0.2472,0.2402,12.0087,-0.0069,0.2253
18359.0,150,0.2374,0.2350,0.2402,12.0078,-0.0084,0.2314
18369.0,151,0.2344,0.2289,0.2418,12.0078,-0.0084,0.2329
18379.0,152,0.2359,0.2289,0.2341,12.0078,-0.0069,0.2360
18389.0,153,0.2344,0.2304,0.2326,12.0087,-0.0099,0.2314
18399.0,154,0.2329,0.2335,0.2357,12.0087,-0.0084,0.2314
18409.0,155,0.2329,0.2380,0.2402,12.0078,-0.0099,0.2299
18419.0,156,0.2390,0.2380,0.2357,12.0087,-0.0114,0.2284
18429.0,157,0.2374,0.2411,0.2387,12.0095,-0.0084,0.2345
18439.0,158,0.2390,0.2396,0.2448,12.0087,-0.0099,0.2329
18449.0,159,0.2374,0.2396,0.2555,12.0078,-0.0084,0.2375
18459.0,160,0.2405,0.2426,0.2555,12.0087,-0.0099,0.2375
18469.0,161,0.2359,0.2411,0.2494,12.0087,-0.0114,0.2314
18479.0,162,0.2313,0.2441,0.2448,12.0095,-0.0084,0.2299
18489.0,163,0.2344,0.2441,0.2448,12.0087,-0.0099,0.2345
18499.0,164,0.2374,0.2472,0.2448,12.0069,-0.0114,0.2390
18509.0,165,0.2374,0.2457,0.2448,12.0095,-0.0099,0.2390
18519.0,166,0.2374,0.2487,0.2463,12.0095,-0.0099,0.2390
18529.0,167,0.2359,0.2487,0.2524,12.0087,-0.0114,0.2284
18539.0,168,0.2344,0.2518,0.2555,12.0078,-0.0114,0.2253
18549.0,169,0.2390,0.2502,0.2509,12.0087,-0.0099,0.2299
18559.0,170,0.2344,0.2502,0.2433,12.0078,-0.0114,0.2375
18569.0,171,0.2313,0.2441,0.2402,12.0087,-0.0114,0.2421
18579.0,172,0.2374,0.2426,0.2387,12.0087,-0.0114,0.2482
18589.0,173,0.2435,0.2396,0.2418,12.0087,-0.0099,0.2482
18599.0,174,0.2451,0.2457,0.2463,12.0087,-0.0114,0.2436
18609.0,175,0.2374,0.2441,0.2479,12.0095,-0.0130,0.2451
18619.0,176,0.2313,0.2411,0.2448,12.0078,-0.0130,0.2406
18629.0,177,0.2268,0.2426,0.2479,12.0095,-0.0114,0.2360
18639.0,178,0.2283,0.2487,0.2494,12.0087,-0.0114,0.2314
18649.0,179,0.2298,0.2487,0.2448,12.0078,-0.0130,0.2299
18659.0,180,0.2298,0.2487,0.2448,12.0087,-0.0114,0.2329
18669.0,181,0.2313,0.2441,0.2402,12.0078,-0.0114,0.2329
18679.0,182,0.2313,0.2396,0.2448,12.0087,-0.0114,0.2329
18689.0,183,0.2344,0.2411,0.2479,12.0095,-0.0145,0.2329
18699.0,184,0.2405,0.2380,0.2463,12.0095,-0.0145,0.2360
18709.0,185,0.2451,0.2380,0.2433,12.0087,-0.0130,0.2360
18719.0,186,0.2466,0.2396,0.2402,12.0078,-0.0130,0.2406
18729.0,187,0.2420,0.2411,0.2448,12.0078,-0.0145,0.2436
18739.0,188,0.2435,0.2396,0.2448,12.0095,-0.0130,0.2436
18749.0,189,0.2466,0.2396,0.2509,12.0095,-0.0114,0.2406
18759.0,190,0.2481,0.2396,0.2463,12.0095,-0.0130,0.2406
18769.0,191,0.2435,0.2380,0.2402,12.0095,-0.0145,0.2390
18779.0,192,0.2466,0.2426,0.2402,12.0087,-0.0145,0.2360
18789.0,193,0.2466,0.2426,0.2433,12.0095,-0.0130,0.2360
18799.0,194,0.2497,0.2472,0.2448,12.0078,-0.0114,0.2390
18809.0,195,0.2451,0.2472,0.2463,12.0087,-0.0114,0.2390
18819.0,196,0.2374,0.2472,0.2433,12.0069,-0.0114,0.2390
18829.0,197,0.2359,0.2441,0.2402,12.0078,-0.0114,0.2390
18839.0,198,0.2359,0.2487,0.2418,12.0087,-0.0114,0.2314
18849.0,199,0.2390,0.2502,0.2448,12.0087,-0.0099,0.2314
18859.0,200,0.2405,0.2441,0.2463,12.0087,-0.0114,0.2253
18869.0,201,0.2435,0.2396,0.2479,12.0087,-0.0099,0.2253
18879.0,202,0.2390,0.2380,0.2448,12.0087,-0.0114,0.2284
18889.0,203,0.2344,0.2411,0.2448,12.0078,-0.0114,0.2390
18899.0,204,0.2329,0.2411,0.2418,12.0087,-0.0114,0.2390
18909.0,205,0.2298,0.2426,0.2402,12.0087,-0.0114,0.2390
18919.0,206,0.2344,0.2457,0.2509,12.0095,-0.0114,0.2421
18929.0,207,0.2420,0.2426,0.2555,12.0078,-0.0099,0.2406
18939.0,208,0.2451,0.2457,0.2555,12.0078,-0.0114,0.2421
18949.0,209,0.2481,0.2518,0.2540,12.0087,-0.0130,0.2451
18959.0,210,0.2466,0.2518,0.2555,12.0095,-0.0099,0.2451
18969.0,211,0.2451,0.2518,0.2601,12.0087,-0.0099,0.2451
18979.0,212,0.2405,0.2548,0.2647,12.0095,-0.0099,0.2467
18989.0,213,0.2466,0.2609,0.2692,12.0087,-0.0084,0.2467
18999.0,214,0.2497,0.2609,0.2677,12.0087,-0.0099,0.2436
19009.0,215,0.2603,0.2594,0.2662,12.0087,-0.0084,0.2436
19019.0,216,0.2588,0.2594,0.2586,12.0087,-0.0099,0.2451
19029.0,217,0.2542,0.2548,0.2570,12.0087,-0.0084,0.2436
19039.0,218,0.2497,0.2533,0.2555,12.0087,-0.0099,0.2436
19049.0,219,0.2420,0.2533,0.2570,12.0087,-0.0084,0.2406
19059.0,220,0.2359,0.2502,0.2555,12.0087,-0.0084,0.2390
19069.0,221,0.2374,0.2441,0.2479,12.0095,-0.0099,0.2360
19079.0,222,0.2344,0.2457,0.2494,12.0095,-0.0084,0.2345
19089.0,223,0.2359,0.2487,0.2509,12.0078,-0.0084,0.2314
19099.0,224,0.2374,0.2487,0.2479,12.0095,-0.0099,0.2268
19109.0,225,0.2420,0.2502,0.2479,12.0087,-0.0084,0.2284
19119.0,226,0.2451,0.2533,0.2479,12.0087,-0.0084,0.2329
19129.0,227,0.2451,0.2502,0.2494,12.0087,-0.0069,0.2360
19139.0,228,0.2481,0.2518,0.2524,12.0078,-0.0084,0.2421
19149.0,229,0.2481,0.2548,0.2524,12.0087,-0.0099,0.2467
19159.0,230,0.2512,0.2533,0.2570,12.0087,-0.0099,0.2451
19169.0,231,0.2512,0.2579,0.2601,12.0095,-0.0114,0.2482
19179.0,232,0.2466,0.2579,0.2555,12.0095,-0.0069,0.2467
19189.0,233,0.2497,0.2594,0.2524,12.0104,-0.0099,0.2451
19199.0,234,0.2435,0.2518,0.2509,12.0087,-0.0084,0.2390
19209.0,235,0.2451,0.2441,0.2509,12.0087,-0.0084,0.2360
19219.0,236,0.2405,0.2441,0.2601,12.0087,-0.0069,0.2360
19229.0,237,0.2344,0.2426,0.2586,12.0078,-0.0069,0.2314
19239.0,238,0.2359,0.2441,0.2524,12.0095,-0.0099,0.2299
19249.0,239,0.2359,0.2441,0.2433,12.0087,-0.0084,0.2299
19259.0,240,0.2329,0.2441,0.2402,12.0078,-0.0099,0.2314
19269.0,241,0.2374,0.2411,0.2357,12.0078,-0.0099,0.2299
19279.0,242,0.2359,0.2411,0.2387,12.0087,-0.0084,0.2314
19289.0,243,0.2359,0.2380,0.2448,12.0078,-0.0099,0.2314
19299.0,244,0.2283,0.2426,0.2463,12.0087,-0.0069,0.2299
19309.0,245,0.2283,0.2426,0.2494,12.0095,-0.0099,0.2268
19319.0,246,0.2283,0.2396,0.2509,12.0087,-0.0099,0.2268
19329.0,247,0.2313,0.2365,0.2479,12.0087,-0.0114,0.2284
19339.0,248,0.2374,0.2365,0.2448,12.0087,-0.0099,0.2375
19349.0,249,0.2374,0.2411,0.2372,12.0095,-0.0114,0.2451
19359.0,250,0.2374,0.2441,0.2418,12.0095,-0.0099,0.2451
19369.0,251,0.2405,0.2472,0.2479,12.0078,-0.0114,0.2390
19379.0,252,0.2405,0.2457,0.2509,12.0078,-0.0114,0.2360
19389.0,253,0.2329,0.2441,0.2524,12.0087,-0.0114,0.2375
19399.0,254,0.2344,0.2441,0.2555,12.0087,-0.0130,0.2360
19409.0,255,0.2390,0.2487,0.2570,12.0087,-0.0114,0.2421
19419.0,0,0.2435,0.2533,0.2570,12.0095,-0.0114,0.2467
19429.0,1,0.2497,0.2548,0.2509,12.0078,-0.0099,0.2528
19439.0,2,0.2512,0.2594,0.2540,12.0087,-0.0114,0.2543
19449.0,3,0.2527,0.2655,0.2647,12.0078,-0.0099,0.2573
19459.0,4,0.2558,0.2686,0.2662,12.0095,-0.0099,0.2635
19469.0,5,0.2558,0.2670,0.2692,12.0087,-0.0084,0.2604
19479.0,6,0.2558,0.2670,0.2677,12.0095,-0.0084,0.2543
19489.0,7,0.2619,0.2686,0.2723,12.0095,-0.0084,0.2558
19499.0,8,0.2695,0.2701,0.2784,12.0095,-0.0053,0.2619
19509.0,9,0.2771,0.2686,0.2784,12.0087,-0.0069,0.2619
19519.0,10,0.2756,0.2686,0.2769,12.0095,-0.0069,0.2619
19529.0,11,0.2741,0.2762,0.2814,12.0078,-0.0053,0.2665
19539.0,12,0.2802,0.2823,0.2891,12.0087,-0.0038,0.2726
19549.0,13,0.2832,0.2808,0.2952,12.0095,-0.0038,0.2833
19559.0,14,0.2832,0.2853,0.3013,12.0087,-0.0023,0.2909
19569.0,15,0.2817,0.2869,0.3028,12.0095,0.0008,0.2894
19579.0,16,0.2878,0.2914,0.3043,12.0104,0.0008,0.2924
19589.0,17,0.2939,0.2930,0.3043,12.0087,0.0008,0.2924
19599.0,18,0.2924,0.2945,0.3013,12.0087,0.0023,0.2924
19609.0,19,0.2924,0.2930,0.3028,12.0087,0.0038,0.2909
19619.0,20,0.2863,0.2914,0.2982,12.0095,0.0038,0.2894
19629.0,21,0.2817,0.2869,0.2936,12.0087,0.0038,0.2848
19639.0,22,0.2786,0.2823,0.2891,12.0095,0.0038,0.2818
19649.0,23,0.2771,0.2838,0.2784,12.0095,0.0053,0.2772
19659.0,24,0.2817,0.2808,0.2723,12.0078,0.0053,0.2726
19669.0,25,0.2771,0.2777,0.2692,12.0087,0.0069,0.2757
19679.0,26,0.2695,0.2777,0.2723,12.0087,0.0069,0.2711
19689.0,27,0.2649,0.2731,0.2723,12.0095,0.0084,0.2650
19699.0,28,0.2588,0.2701,0.2723,12.0087,0.0069,0.2604
19709.0,29,0.2558,0.2640,0.2769,12.0095,0.0084,0.2589
19719.0,30,0.2588,0.2655,0.2784,12.0078,0.0069,0.2573
19729.0,31,0.2603,0.2716,0.2784,12.0087,0.0069,0.2650
19739.0,32,0.2649,0.2777,0.2784,12.0087,0.0069,0.2696
19749.0,33,0.2756,0.2823,0.2814,12.0078,0.0069,0.2787
19759.0,34,0.2847,0.2792,0.2830,12.0087,0.0099,0.2772
19769.0,35,0.2878,0.2777,0.2860,12.0087,0.0084,0.2802
19779.0,36,0.2832,0.2777,0.2891,12.0087,0.0084,0.2757
19789.0,37,0.2771,0.2808,0.2921,12.0095,0.0099,0.2741
19799.0,38,0.2771,0.2853,0.2906,12.0087,0.0114,0.2696
19809.0,39,0.2817,0.2838,0.2906,12.0087,0.0099,0.2711
19819.0,40,0.2786,0.2838,0.2875,12.0078,0.0099,0.2696
19829.0,41,0.2741,0.2853,0.2875,12.0087,0.0099,0.2757
19839.0,42,0.2710,0.2808,0.2830,12.0095,0.0130,0.2802
19849.0,43,0.2664,0.2792,0.2784,12.0078,0.0114,0.2741
19859.0,44,0.2634,0.2731,0.2753,12.0069,0.0145,0.2711
19869.0,45,0.2603,0.2655,0.2753,12.0087,0.0130,0.2650
19879.0,46,0.2603,0.2670,0.2692,12.0087,0.0114,0.2635
19889.0,47,0.2603,0.2670,0.2677,12.0078,0.0130,0.2604
19899.0,48,0.2603,0.2640,0.2662,12.0078,0.0130,0.2589
19909.0,49,0.2558,0.2609,0.2662,12.0095,0.0130,0.2589
19919.0,50,0.2497,0.2609,0.2708,12.0069,0.0130,0.2558
19929.0,51,0.2497,0.2625,0.2708,12.0069,0.0099,0.2512
19939.0,52,0.2512,0.2609,0.2647,12.0069,0.0114,0.2528
19949.0,53,0.2497,0.2609,0.2662,12.0078,0.0130,0.2558
19959.0,54,0.2481,0.2579,0.2662,12.0069,0.0130,0.2558
19969.0,55,0.2512,0.2563,0.2647,12.0078,0.0099,0.2543
19979.0,56,0.2466,0.2579,0.2647,12.0078,0.0114,0.2482
19989.0,57,0.2405,0.2518,0.2631,12.0078,0.0099,0.2421
19999.0,58,0.2390,0.2487,0.2570,12.0087,0.0099,0.2360
20009.0,59,0.2390,0.2472,0.2509,12.0087,0.0084,0.2238
20019.0,60,0.2344,0.2487,0.2448,12.0078,0.0084,0.2238
20029.0,61,0.2344,0.2441,0.2418,12.0078,0.0084,0.2299
20039.0,62,0.2344,0.2441,0.2433,12.0078,0.0099,0.2345
20049.0,63,0.2329,0.2426,0.2433,12.0078,0.0099,0.2299
20059.0,64,0.2313,0.2396,0.2524,12.0078,0.0069,0.2284
20069.0,65,0.2344,0.2396,0.2540,12.0078,0.0053,0.2314
20079.0,66,0.2344,0.2396,0.2509,12.0069,0.0053,0.2284
20089.0,67,0.2359,0.2396,0.2479,12.0078,0.0053,0.2329
20099.0,68,0.2420,0.2365,0.2448,12.0069,0.0038,0.2390
20109.0,69,0.2420,0.2426,0.2433,12.0069,0.0053,0.2436
20119.0,70,0.2497,0.2548,0.2448,12.0069,0.0023,0.2421
20129.0,71,0.2527,0.2609,0.2479,12.0095,0.0038,0.2436
20139.0,72,0.2558,0.2625,0.2524,12.0069,0.0069,0.2528
20149.0,73,0.2558,0.2609,0.2601,12.0078,0.0069,0.2573
20158.9,74,0.2603,0.2670,0.2677,12.0087,0.0069,0.2635
20168.9,75,0.2619,0.2686,0.2738,12.0078,0.0053,0.2635
20178.9,76,0.2634,0.2701,0.2784,12.0087,0.0053,0.2711
20188.9,77,0.2649,0.2731,0.2799,12.0078,0.0069,0.2726
20198.9,78,0.2680,0.2716,0.2769,12.0078,0.0053,0.2711
20208.9,79,0.2710,0.2716,0.2784,12.0078,0.0099,0.2711
20218.9,80,0.2741,0.2731,0.2738,12.0069,0.0069,0.2680
20228.9,81,0.2710,0.2808,0.2769,12.0078,0.0099,0.2650
20238.9,82,0.2710,0.2792,0.2784,12.0078,0.0114,0.2619
20248.9,83,0.2756,0.2792,0.2814,12.0069,0.0084,0.2635
20258.9,84,0.2786,0.2884,0.2936,12.0078,0.0099,0.2696
20268.9,85,0.2847,0.2945,0.2967,12.0078,0.0114,0.2787
20278.9,86,0.2909,0.3006,0.2998,12.0087,0.0114,0.2879
20288.9,87,0.2954,0.3052,0.3013,12.0069,0.0130,0.2940
20298.9,88,0.2970,0.3098,0.3089,12.0078,0.0160,0.3001
20308.9,89,0.2970,0.3128,0.3165,12.0069,0.0145,0.3016
20318.9,90,0.2909,0.3159,0.3150,12.0069,0.0160,0.3001
20328.9,91,0.2909,0.3159,0.3059,12.0069,0.0176,0.2955
20338.9,92,0.2954,0.3067,0.2998,12.0069,0.0176,0.2970
20348.9,93,0.3000,0.2991,0.3013,12.0069,0.0191,0.2970
20358.9,94,0.3000,0.3021,0.3074,12.0069,0.0206,0.3031
20368.9,95,0.3031,0.3021,0.3104,12.0069,0.0206,0.3016
20378.9,96,0.2985,0.3021,0.3074,12.0087,0.0191,0.2970
20388.9,97,0.2970,0.3021,0.3028,12.0069,0.0221,0.2955
20398.9,98,0.2954,0.2991,0.3074,12.0069,0.0221,0.2985
20408.9,99,0.2970,0.3021,0.3059,12.0060,0.0237,0.2970
20418.9,100,0.2985,0.3006,0.3059,12.0069,0.0221,0.2940
20428.9,101,0.3015,0.3113,0.3074,12.0052,0.0267,0.2955
20438.9,102,0.3076,0.3159,0.3135,12.0069,0.0252,0.2970
20448.9,103,0.3153,0.3220,0.3211,12.0078,0.0267,0.3047
20458.9,104,0.3259,0.3296,0.3196,12.0069,0.0298,0.3184
20468.9,105,0.3427,0.3494,0.3425,12.0078,0.0603,0.3367
===BURST_CSV_END===
error: unknown command '' (try 'help')
>i3:105100:0.345783
>i4:105100:0.341797
>i5:105100:0.344002
>vrail:105100:12.005173
>i7:105100:0.063329
>i8:105100:0.336695
>seq:105100:106.000000
>i3:106538:0.272541
>i4:106538:0.268555
>i5:106538:0.278389
>vrail:106538:12.005173
>i7:106538:0.017552
>i8:106538:0.258875
>seq:106538:155.000000
>i3:106738:0.304585
>i4:106738:0.306702
>i5:106738:0.316536
>vrail:106738:12.006042
>i7:106738:0.054173
>i8:106738:0.300074
>seq:106738:185.000000
>i3:106938:0.271015
>i4:106938:0.262451
>i5:106938:0.279915
>vrail:106938:12.006042
>i7:106938:0.014501
>i8:106938:0.263453
>seq:106938:216.000000
>i3:107138:0.310688
>i4:107138:0.311279
>i5:107138:0.327218
>vrail:107138:12.006042
>i7:107138:0.061803
>i8:107138:0.309229
>seq:107138:246.000000
>i3:107338:0.351887
>i4:107338:0.344849
>i5:107338:0.363839
>vrail:107338:12.005173
>i7:107338:0.040441
>i8:107338:0.350428
>seq:107338:21.000000
>i3:107538:0.252705
>i4:107538:0.251770
>i5:107538:0.253975
>vrail:107538:12.005173
>i7:107538:-0.012965
>i8:107538:0.248194
>seq:107538:52.000000
>i3:107738:0.269489
>i4:107738:0.277710
>i5:107738:0.281441
>vrail:107738:12.005173
>i7:107738:-0.012965
>i8:107738:0.268030
>seq:107738:83.000000
>i3:107938:0.354939
>i4:107938:0.350952
>i5:107938:0.354683
>vrail:107938:12.007782
>i7:107938:0.019078
>i8:107938:0.351954
>seq:107938:114.000000
>i3:108138:0.266438
>i4:108138:0.268555
>i5:108138:0.261605
>vrail:108138:12.007782
>i7:108138:0.037389
>i8:108138:0.260401
>seq:108138:144.000000
>i3:108338:0.238972
>i4:108338:0.238037
>i5:108338:0.246346
>vrail:108338:12.008652
>i7:108338:-0.016017
>i8:108338:0.228357
>seq:108338:175.000000
>i3:108538:0.260334
>i4:108538:0.267029
>i5:108538:0.281441
>vrail:108538:12.008652
>i7:108538:0.006871
>i8:108538:0.263453
>seq:108538:205.000000
>i3:108738:0.271015
>i4:108738:0.285339
>i5:108738:0.275338
>vrail:108738:12.006042
>i7:108738:0.008397
>i8:108738:0.266504
>seq:108738:236.000000
>i3:108938:0.196247
>i4:108938:0.199890
>i5:108938:0.191414
>vrail:108938:12.006042
>i7:108938:-0.017543
>i8:108938:0.203943
>seq:108938:10.000000
>i3:109138:0.386982
>i4:109138:0.396729
>i5:109138:0.395882
>vrail:109138:12.006042
>i7:109138:0.078588
>i8:109138:0.371790
>seq:109138:41.000000
>i3:109338:0.284748
>i4:109338:0.299072
>i5:109338:0.301278
>vrail:109338:12.006042
>i7:109338:0.016026
>i8:109338:0.292444
>seq:109338:72.000000
>i3:109538:0.277119
>i4:109538:0.291443
>i5:109538:0.284493
>vrail:109538:12.006042
>i7:109538:0.005345
>i8:109538:0.287867
>seq:109538:102.000000
>i3:109738:0.231342
>i4:109738:0.218201
>i5:109738:0.228035
>vrail:109738:12.004303
>i7:109738:0.002294
>i8:109738:0.217676
>seq:109738:133.000000
>i3:109938:0.246601
>i4:109938:0.244141
>i5:109938:0.257027
>vrail:109938:12.004303
>i7:109938:-0.028224
>i8:109938:0.240564
>seq:109938:163.000000
>i3:110138:0.304585
>i4:110138:0.314331
>i5:110138:0.322640
>vrail:110138:12.004303
>i7:110138:0.043492
>i8:110138:0.312281
>seq:110138:194.000000
>i3:110338:0.269489
>i4:110338:0.257874
>i5:110338:0.267708
>vrail:110338:12.004303
>i7:110338:-0.016017
>i8:110338:0.258875
>seq:110338:224.000000
>i3:110538:0.283222
>i4:110538:0.289917
>i5:110538:0.284493
>vrail:110538:12.004303
>i7:110538:-0.014491
>i8:110538:0.280237
>seq:110538:255.000000
>i3:110738:0.322895
>i4:110738:0.331116
>i5:110738:0.336373
>vrail:110738:12.004303
>i7:110738:0.063329
>i8:110738:0.324488
>seq:110738:30.000000
>i3:110938:0.248127
>i4:110938:0.256348
>i5:110938:0.266182
>vrail:110938:12.003433
>i7:110938:0.022130
>i8:110938:0.249720
>seq:110938:60.000000
>i3:111138:0.373249
>i4:111138:0.381470
>i5:111138:0.389779
>vrail:111138:12.000824
>i7:111138:0.096898
>i8:111138:0.368738
>seq:111138:91.000000
>i3:111338:0.371723
>i4:111338:0.370789
>i5:111338:0.376046
>vrail:111338:12.000824
>i7:111338:0.026708
>i8:111338:0.367212
>seq:111338:121.000000
>i3:111538:0.321369
>i4:111538:0.326538
>i5:111538:0.324166
>vrail:111538:12.000824
>i7:111538:0.019078
>i8:111538:0.312281
>seq:111538:152.000000
>i3:111738:0.222187
>i4:111738:0.239563
>i5:111738:0.224984
>vrail:111738:12.004303
>i7:111738:-0.000758
>i8:111738:0.219202
>seq:111738:182.000000
>i3:111938:0.243549
>i4:111938:0.244141
>i5:111938:0.266182
>vrail:111938:12.004303
>i7:111938:-0.011439
>i8:111938:0.245142
>seq:111938:213.000000
>i3:112138:0.344257
>i4:112138:0.343323
>i5:112138:0.354683
>vrail:112138:12.004303
>i7:112138:0.045018
>i8:112138:0.345850
>seq:112138:244.000000
>i3:112338:0.286274
>i4:112338:0.292969
>i5:112338:0.308907
>vrail:112338:12.004303
>i7:112338:-0.017543
>i8:112338:0.289392
>seq:112338:19.000000
>i3:112538:0.254230
>i4:112538:0.259399
>i5:112538:0.273812
>vrail:112538:12.004303
>i7:112538:-0.003810
>i8:112538:0.263453
>seq:112538:50.000000
>i3:112738:0.266438
>i4:112738:0.279236
>i5:112738:0.289071
>vrail:112738:12.001694
>i7:112738:-0.003810
>i8:112738:0.274134
>seq:112738:80.000000
>i3:112938:0.272541
>i4:112938:0.279236
>i5:112938:0.282967
>vrail:112938:12.001694
>i7:112938:0.032811
>i8:112938:0.274134
>seq:112938:111.000000
>i3:113138:0.391560
>i4:113138:0.392151
>i5:113138:0.406563
>vrail:113138:12.001694
>i7:113138:0.032811
>i8:113138:0.390100
>seq:113138:141.000000
>i3:113338:0.333576
>i4:113338:0.347900
>i5:113338:0.342476
>vrail:113338:12.001694
>i7:113338:0.016026
>i8:113338:0.330591
>seq:113338:172.000000
>i3:113538:0.280170
>i4:113538:0.286865
>i5:113538:0.304329
>vrail:113538:12.001694
>i7:113538:0.041966
>i8:113538:0.301600
>seq:113538:202.000000
>i3:113738:0.301533
>i4:113738:0.306702
>i5:113738:0.304329
>vrail:113738:12.000824
>i7:113738:0.020604
>i8:113738:0.292444
>seq:113738:233.000000
>i3:113938:0.330524
>i4:113938:0.331116
>i5:113938:0.345528
>vrail:113938:11.999954
>i7:113938:0.061803
>i8:113938:0.332117
>seq:113938:8.000000
>i3:114138:0.271015
>i4:114138:0.265503
>i5:114138:0.284493
>vrail:114138:11.999954
>i7:114138:-0.008388
>i8:114138:0.258875
>seq:114138:38.000000
>i3:114338:0.231342
>i4:114338:0.239563
>i5:114338:0.240242
>vrail:114338:11.999954
>i7:114338:-0.012965
>i8:114338:0.234461
>seq:114338:69.000000
>i3:114538:0.251179
>i4:114538:0.250244
>i5:114538:0.264657
>vrail:114538:12.000824
>i7:114538:-0.005336
>i8:114538:0.252771
>seq:114538:99.000000
>i3:114738:0.277119
>i4:114738:0.285339
>i5:114738:0.290596
>vrail:114738:12.002563
>i7:114738:-0.009913
>i8:114738:0.272608
>seq:114738:130.000000
>i3:114938:0.295429
>i4:114938:0.299072
>i5:114938:0.296700
>vrail:114938:12.002563
>i7:114938:0.046544
>i8:114938:0.283289
>seq:114938:160.000000
>i3:115138:0.306110
>i4:115138:0.306702
>i5:115138:0.308907
>vrail:115138:12.002563
>i7:115138:0.032811
>i8:115138:0.303125
>seq:115138:191.000000
>i3:115338:0.286274
>i4:115338:0.294495
>i5:115338:0.304329
>vrail:115338:12.003433
>i7:115338:0.037389
>i8:115338:0.298548
>seq:115338:222.000000
>i3:115538:0.257282
>i4:115538:0.270081
>i5:115538:0.270760
>vrail:115538:12.003433
>i7:115538:0.023656
>i8:115538:0.263453
>seq:115538:252.000000
>i3:115738:0.290852
>i4:115738:0.299072
>i5:115738:0.295174
>vrail:115738:12.003433
>i7:115738:0.032811
>i8:115738:0.280237
>seq:115738:27.000000
>i3:115938:0.267963
>i4:115938:0.267029
>i5:115938:0.267708
>vrail:115938:12.003433
>i7:115938:0.046544
>i8:115938:0.255823
>seq:115938:57.000000
>i3:116138:0.249653
>i4:116138:0.267029
>i5:116138:0.269234
>vrail:116138:12.000824
>i7:116138:0.008397
>i8:116138:0.249720
>seq:116138:88.000000
>i3:116338:0.258808
>i4:116338:0.271606
>i5:116338:0.275338
>vrail:116338:12.000824
>i7:116338:-0.014491
>i8:116338:0.263453
>seq:116338:118.000000
>i3:116538:0.264912
>i4:116538:0.270081
>i5:116538:0.275338
>vrail:116538:12.000824
>i7:116538:-0.020595
>i8:116538:0.251245
>seq:116538:149.000000
>i3:116738:0.248127
>i4:116738:0.265503
>i5:116738:0.266182
>vrail:116738:12.000824
>i7:116738:0.019078
>i8:116738:0.257349
>seq:116738:180.000000
>i3:116938:0.296955
>i4:116938:0.300598
>i5:116938:0.308907
>vrail:116938:12.000824
>i7:116938:0.061803
>i8:116938:0.295496
>seq:116938:210.000000
>i3:117138:0.249653
>i4:117138:0.257874
>i5:117138:0.264657
>vrail:117138:12.001694
>i7:117138:0.025182
>i8:117138:0.251245
>seq:117138:241.000000
>i3:117338:0.365620
>i4:117338:0.357056
>i5:117338:0.369942
>vrail:117338:12.000824
>i7:117338:0.057225
>i8:117338:0.355005
>seq:117338:15.000000
>i3:117538:0.335102
>i4:117538:0.338745
>i5:117538:0.342476
>vrail:117538:12.000824
>i7:117538:0.058751
>i8:117538:0.333643
>seq:117538:46.000000
>i3:117738:0.342731
>i4:117738:0.355530
>i5:117738:0.365365
>vrail:117738:12.000824
>i7:117738:0.031285
>i8:117738:0.344324
>seq:117738:76.000000
>i3:117938:0.400715
>i4:117938:0.407410
>i5:117938:0.414193
>vrail:117938:12.000824
>i7:117938:0.110631
>i8:117938:0.397730
>seq:117938:107.000000
>i3:118138:0.274067
>i4:118138:0.267029
>i5:118138:0.282967
>vrail:118138:12.000824
>i7:118138:0.022130
>i8:118138:0.271082
>seq:118138:138.000000
>i3:118338:0.278645
>i4:118338:0.277710
>i5:118338:0.292122
>vrail:118338:12.000824
>i7:118338:0.012975
>i8:118338:0.266504
>seq:118338:169.000000
>i3:118538:0.267963
>i4:118538:0.267029
>i5:118538:0.278389
>vrail:118538:12.000824
>i7:118538:0.020604
>i8:118538:0.266504
>seq:118538:200.000000
>i3:118738:0.263386
>i4:118738:0.270081
>i5:118738:0.278389
>vrail:118738:12.000824
>i7:118738:0.020604
>i8:118738:0.264978
>seq:118738:230.000000
>i3:118938:0.368671
>i4:118938:0.378418
>i5:118938:0.374520
>vrail:118938:12.002563
>i7:118938:0.029759
>i8:118938:0.373316
>seq:118938:5.000000
>i3:119138:0.300007
>i4:119138:0.314331
>i5:119138:0.315011
>vrail:119138:12.003433
>i7:119138:0.006871
>i8:119138:0.315332
>seq:119138:35.000000
>i3:119338:0.229816
>i4:119338:0.236511
>i5:119338:0.235665
>vrail:119338:12.003433
>i7:119338:0.000768
>i8:119338:0.226831
>seq:119338:66.000000
>i3:119538:0.325947
>i4:119538:0.329590
>i5:119538:0.328743
>vrail:119538:12.003433
>i7:119538:0.057225
>i8:119538:0.315332
>seq:119538:97.000000
>i3:119738:0.306110
>i4:119738:0.317383
>i5:119738:0.316536
>vrail:119738:12.003433
>i7:119738:0.051122
>i8:119738:0.307703
>seq:119738:128.000000
>i3:119938:0.284748
>i4:119938:0.297546
>i5:119938:0.296700
>vrail:119938:12.003433
>i7:119938:0.025182
>i8:119938:0.280237
>seq:119938:159.000000
>i3:120138:0.263386
>i4:120138:0.253296
>i5:120138:0.263131
>vrail:120138:12.003433
>i7:120138:0.011449
>i8:120138:0.243616
>seq:120138:189.000000
>i3:120338:0.272541
>i4:120338:0.271606
>i5:120338:0.279915
>vrail:120338:12.004303
>i7:120338:0.009923
>i8:120338:0.261927
>seq:120338:220.000000
>i3:120538:0.209980
>i4:120538:0.219727
>i5:120538:0.220406
>vrail:120538:12.004303
>i7:120538:-0.002284
>i8:120538:0.206995
>seq:120538:250.000000
>i3:120738:0.286274
>i4:120738:0.296021
>i5:120738:0.302804
>vrail:120738:12.004303
>i7:120738:0.017552
>i8:120738:0.284815
>seq:120738:25.000000
>i3:120938:0.240498
>i4:120938:0.236511
>i5:120938:0.250924
>vrail:120938:12.004303
>i7:120938:-0.022120
>i8:120938:0.234461
>seq:120938:55.000000
>i3:121138:0.257282
>i4:121138:0.263977
>i5:121138:0.261605
>vrail:121138:12.004303
>i7:121138:-0.006862
>i8:121138:0.251245
>seq:121138:86.000000
>i3:121338:0.226765
>i4:121338:0.241089
>i5:121338:0.238717
>vrail:121338:12.004303
>i7:121338:0.011449
>i8:121338:0.229883
>seq:121338:117.000000
>i3:121538:0.237446
>i4:121538:0.248718
>i5:121538:0.246346
>vrail:121538:12.004303
>i7:121538:0.031285
>i8:121538:0.243616
>seq:121538:147.000000
>i3:121738:0.315266
>i4:121738:0.320435
>i5:121738:0.311959
>vrail:121738:12.004303
>i7:121738:0.034337
>i8:121738:0.316858
>seq:121738:178.000000
>i3:121938:0.309162
>i4:121938:0.321960
>i5:121938:0.327218
>vrail:121938:12.004303
>i7:121938:0.037389
>i8:121938:0.321436
>seq:121938:208.000000
>i3:122138:0.306110
>i4:122138:0.315857
>i5:122138:0.321114
>vrail:122138:12.004303
>i7:122138:0.052648
>i8:122138:0.301600
>seq:122138:239.000000
>i3:122338:0.321369
>i4:122338:0.315857
>i5:122338:0.325692
>vrail:122338:12.004303
>i7:122338:0.016026
>i8:122338:0.307703
>seq:122338:13.000000
>i3:122538:0.307636
>i4:122538:0.311279
>i5:122538:0.310433
>vrail:122538:12.004303
>i7:122538:0.029759
>i8:122538:0.295496
>seq:122538:44.000000
>i3:122738:0.333576
>i4:122738:0.340271
>i5:122738:0.356209
>vrail:122738:12.004303
>i7:122738:0.069432
>i8:122738:0.330591
>seq:122738:75.000000
>i3:122938:0.261860
>i4:122938:0.273132
>i5:122938:0.275338
>vrail:122938:12.004303
>i7:122938:-0.012965
>i8:122938:0.271082
>seq:122938:105.000000
>i3:123138:0.271015
>i4:123138:0.268555
>i5:123138:0.281441
>vrail:123138:12.006042
>i7:123138:0.037389
>i8:123138:0.266504
>seq:123138:136.000000
>i3:123338:0.203876
>i4:123338:0.202942
>i5:123338:0.208199
>vrail:123338:12.006042
>i7:123338:-0.054164
>i8:123338:0.184107
>seq:123338:166.000000
>i3:123538:0.283222
>i4:123538:0.283813
>i5:123538:0.287545
>vrail:123538:12.006042
>i7:123538:0.017552
>i8:123538:0.275660
>seq:123538:197.000000
>i3:123738:0.351887
>i4:123738:0.352478
>i5:123738:0.357735
>vrail:123738:12.006042
>i7:123738:0.048070
>i8:123738:0.344324
>seq:123738:227.000000
>i3:123938:0.281696
>i4:123938:0.291443
>i5:123938:0.289071
>vrail:123938:12.006042
>i7:123938:0.034337
>i8:123938:0.289392
>seq:123938:2.000000
>i3:124138:0.460224
>i4:124138:0.468445
>i5:124138:0.463021
>vrail:124138:12.006042
>i7:124138:0.060277
>i8:124138:0.451136
>seq:124138:33.000000
>i3:124338:0.470905
>i4:124338:0.482178
>i5:124338:0.475228
>vrail:124338:12.006042
>i7:124338:0.048070
>i8:124338:0.458765
>seq:124338:64.000000
>i3:124538:0.385456
>i4:124538:0.396729
>i5:124538:0.403512
>vrail:124538:12.004303
>i7:124538:0.016026
>i8:124538:0.385523
>seq:124538:95.000000
>i3:124738:0.344257
>i4:124738:0.357056
>i5:124738:0.362313
>vrail:124738:12.004303
>i7:124738:0.040441
>i8:124738:0.345850
>seq:124738:125.000000
>i3:124938:0.412922
>i4:124938:0.416565
>i5:124938:0.432503
>vrail:124938:12.004303
>i7:124938:-0.011439
>i8:124938:0.406885
>seq:124938:156.000000
>i3:125138:0.504475
>i4:125138:0.514221
>i5:125138:0.522530
>vrail:125138:12.005173
>i7:125138:-0.022120
>i8:125138:0.493860
>seq:125138:186.000000
>i3:125338:0.449543
>i4:125338:0.463867
>i5:125338:0.473702
>vrail:125338:12.005173
>i7:125338:-0.005336
>i8:125338:0.454187
>seq:125338:217.000000
>i3:125538:0.463276
>i4:125538:0.471497
>i5:125538:0.484383
>vrail:125538:12.005173
>i7:125538:0.034337
>i8:125538:0.466394
>seq:125538:247.000000
>i3:125738:0.396137
>i4:125738:0.421143
>i5:125738:0.423348
>vrail:125738:12.005173
>i7:125738:0.002294
>i8:125738:0.397730
>seq:125738:22.000000
>i3:125938:0.415974
>i4:125938:0.428772
>i5:125938:0.432503
>vrail:125938:12.006042
>i7:125938:0.017552
>i8:125938:0.409937
>seq:125938:53.000000
>i3:126138:0.379353
>i4:126138:0.393677
>i5:126138:0.401986
>vrail:126138:12.006042
>i7:126138:0.014501
>i8:126138:0.385523
>seq:126138:83.000000
>i3:126338:0.455647
>i4:126338:0.469971
>i5:126338:0.473702
>vrail:126338:12.006042
>i7:126338:0.055699
>i8:126338:0.446558
>seq:126338:114.000000
>i3:126538:0.403767
>i4:126538:0.422668
>i5:126538:0.424874
>vrail:126538:12.006042
>i7:126538:0.070958
>i8:126538:0.397730
>seq:126538:144.000000
>i3:126738:0.513630
>i4:126738:0.518799
>i5:126738:0.533211
>vrail:126738:12.007782
>i7:126738:0.014501
>i8:126738:0.507593
>seq:126738:175.000000
>i3:126938:0.388508
>i4:126938:0.386047
>i5:126938:0.398934
>vrail:126938:12.007782
>i7:126938:0.025182
>i8:126938:0.380945
>seq:126938:205.000000
>i3:127138:0.408344
>i4:127138:0.408936
>i5:127138:0.418770
>vrail:127138:12.010391
>i7:127138:-0.020595
>i8:127138:0.399256
>seq:127138:236.000000
>i3:127338:0.390034
>i4:127338:0.408936
>i5:127338:0.406563
>vrail:127338:12.010391
>i7:127338:-0.023646
>i8:127338:0.390100
>seq:127338:11.000000
>i3:127538:0.425129
>i4:127538:0.442505
>i5:127538:0.434029
>vrail:127538:12.010391
>i7:127538:0.040441
>i8:127538:0.422144
>seq:127538:41.000000
>i3:127738:0.437336
>i4:127738:0.445557
>i5:127738:0.456917
>vrail:127738:12.010391
>i7:127738:0.009923
>i8:127738:0.426722
>seq:127738:72.000000
>i3:127938:0.391560
>i4:127938:0.402832
>i5:127938:0.405037
>vrail:127938:12.010391
>i7:127938:0.008397
>i8:127938:0.393152
>seq:127938:102.000000
>i3:128138:0.415974
>i4:128138:0.434875
>i5:128138:0.435555
>vrail:128138:12.010391
>i7:128138:0.026708
>i8:128138:0.414515
>seq:128138:133.000000
>i3:128338:0.538044
>i4:128338:0.546265
>i5:128338:0.556099
>vrail:128338:12.010391
>i7:128338:0.064855
>i8:128338:0.535059
>seq:128338:163.000000
>i3:128538:0.499897
>i4:128538:0.505066
>i5:128538:0.527108
>vrail:128538:12.009521
>i7:128538:0.099950
>i8:128538:0.501490
>seq:128538:194.000000
>i3:128738:0.414448
>i4:128738:0.419617
>i5:128738:0.429451
>vrail:128738:12.009521
>i7:128738:0.016026
>i8:128738:0.399256
>seq:128738:225.000000
>i3:128938:0.440388
>i4:128938:0.456238
>i5:128938:0.467598
>vrail:128938:12.009521
>i7:128938:0.025182
>i8:128938:0.449610
>seq:128938:0.000000
>i3:129138:0.374775
>i4:129138:0.382996
>i5:129138:0.380623
>vrail:129138:12.009521
>i7:129138:0.026708
>i8:129138:0.358057
>seq:129138:31.000000
>i3:129338:0.414448
>i4:129338:0.434875
>i5:129338:0.440133
>vrail:129338:12.009521
>i7:129338:-0.031276
>i8:129338:0.419092
>seq:129338:61.000000
>i3:129538:0.524311
>i4:129538:0.546265
>i5:129538:0.546944
>vrail:129538:12.010391
>i7:129538:0.049596
>i8:129538:0.522852
>seq:129538:92.000000
>i3:129738:0.451069
>i4:129738:0.457764
>i5:129738:0.458443
>vrail:129738:12.010391
>i7:129738:-0.008388
>i8:129738:0.441980
>seq:129738:122.000000
>i3:129938:0.397663
>i4:129938:0.413513
>i5:129938:0.421822
>vrail:129938:12.010391
>i7:129938:-0.017543
>i8:129938:0.402308
>seq:129938:153.000000
>i3:130138:0.475483
>i4:130138:0.480652
>i5:130138:0.496590
>vrail:130138:12.010391
>i7:130138:0.011449
>i8:130138:0.463343
>seq:130138:184.000000
>i3:130338:0.458698
>i4:130338:0.476074
>i5:130338:0.488961
>vrail:130338:12.008652
>i7:130338:0.023656
>i8:130338:0.458765
>seq:130338:215.000000
>i3:130538:0.655537
>i4:130538:0.675964
>i5:130538:0.684273
>vrail:130538:12.008652
>i7:130538:0.086217
>i8:130538:0.651026
>seq:130538:246.000000
>i3:130738:0.751667
>i4:130738:0.779724
>i5:130738:0.795662
>vrail:130738:12.007782
>i7:130738:0.031285
>i8:130738:0.745630
>seq:130738:20.000000
>i3:130938:0.444965
>i4:130938:0.445557
>i5:130938:0.459969
>vrail:130938:12.006042
>i7:130938:0.040441
>i8:130938:0.449610
>seq:130938:51.000000
>i3:131138:0.440388
>i4:131138:0.448608
>i5:131138:0.458443
>vrail:131138:12.006042
>i7:131138:0.043492
>i8:131138:0.432825
>seq:131138:81.000000
>i3:131338:0.361042
>i4:131338:0.360107
>i5:131338:0.376046
>vrail:131338:12.005173
>i7:131338:0.006871
>i8:131338:0.353479
>seq:131338:112.000000
>i3:131538:0.409870
>i4:131538:0.419617
>i5:131538:0.427926
>vrail:131538:12.005173
>i7:131538:0.000768
>i8:131538:0.408411
>seq:131538:142.000000
>i3:131738:0.357990
>i4:131738:0.372314
>i5:131738:0.377572
>vrail:131738:12.005173
>i7:131738:-0.016017
>i8:131738:0.356531
>seq:131738:173.000000
>i3:131938:0.567036
>i4:131938:0.573730
>i5:131938:0.591195
>vrail:131938:12.009521
>i7:131938:-0.005336
>i8:131938:0.560999
>seq:131938:204.000000
>i3:132138:0.486164
>i4:132138:0.494385
>i5:132138:0.499642
>vrail:132138:12.009521
>i7:132138:0.011449
>i8:132138:0.466394
>seq:132138:234.000000
>i3:132338:0.431232
>i4:132338:0.436401
>i5:132338:0.459969
>vrail:132338:12.009521
>i7:132338:0.061803
>i8:132338:0.431299
>seq:132338:9.000000
>i3:132538:0.467854
>i4:132538:0.479126
>i5:132538:0.498116
>vrail:132538:12.005173
>i7:132538:0.061803
>i8:132538:0.486231
>seq:132538:39.000000
>i3:132738:0.423603
>i4:132738:0.442505
>i5:132738:0.447762
>vrail:132738:12.005173
>i7:132738:0.046544
>i8:132738:0.435877
>seq:132738:70.000000
>i3:132938:0.458698
>i4:132938:0.465393
>i5:132938:0.481331
>vrail:132938:12.005173
>i7:132938:0.054173
>i8:132938:0.440454
>seq:132938:100.000000
>i3:133138:0.480061
>i4:133138:0.494385
>i5:133138:0.505745
>vrail:133138:12.004303
>i7:133138:0.049596
>i8:133138:0.478601
>seq:133138:131.000000
>i3:133338:0.420551
>i4:133338:0.433350
>i5:133338:0.443184
>vrail:133338:12.005173
>i7:133338:0.032811
>i8:133338:0.416040
>seq:133338:162.000000
>i3:133538:0.347309
>i4:133538:0.347900
>i5:133538:0.362313
>vrail:133538:12.004303
>i7:133538:0.017552
>i8:133538:0.342798
>seq:133538:192.000000
>i3:133738:0.399189
>i4:133738:0.421143
>i5:133738:0.427926
>vrail:133738:12.004303
>i7:133738:-0.011439
>i8:133738:0.409937
>seq:133738:223.000000
>i3:133938:0.429707
>i4:133938:0.434875
>i5:133938:0.441658
>vrail:133938:12.006042
>i7:133938:0.032811
>i8:133938:0.416040
>seq:133938:253.000000
>i3:134138:0.394611
>i4:134138:0.408936
>i5:134138:0.417244
>vrail:134138:12.006042
>i7:134138:0.012975
>i8:134138:0.387049
>seq:134138:28.000000
>i3:134338:0.402241
>i4:134338:0.410461
>i5:134338:0.415719
>vrail:134338:12.006912
>i7:134338:0.046544
>i8:134338:0.391626
>seq:134338:58.000000
>i3:134538:0.390034
>i4:134538:0.402832
>i5:134538:0.412667
>vrail:134538:12.006912
>i7:134538:0.028234
>i8:134538:0.385523
>seq:134538:89.000000
>i3:134738:0.432758
>i4:134738:0.440979
>i5:134738:0.443184
>vrail:134738:12.006912
>i7:134738:0.026708
>i8:134738:0.422144
>seq:134738:120.000000
>i3:134938:0.443439
>i4:134938:0.447083
>i5:134938:0.458443
>vrail:134938:12.006042
>i7:134938:0.037389
>i8:134938:0.425196
>seq:134938:151.000000
>i3:135138:0.448017
>i4:135138:0.451660
>i5:135138:0.458443
>vrail:135138:12.006042
>i7:135138:0.028234
>i8:135138:0.435877
>seq:135138:182.000000
>i3:135338:0.502949
>i4:135338:0.509644
>i5:135338:0.511849
>vrail:135338:12.006042
>i7:135338:0.086217
>i8:135338:0.484705
>seq:135338:212.000000
>i3:135538:0.420551
>i4:135538:0.434875
>i5:135538:0.434029
>vrail:135538:12.006912
>i7:135538:0.009923
>i8:135538:0.422144
>seq:135538:243.000000
>i3:135738:0.245075
>i4:135738:0.267029
>i5:135738:0.275338
>vrail:135738:12.006912
>i7:135738:0.003819
>i8:135738:0.249720
>seq:135738:17.000000
>i3:135938:0.179462
>i4:135938:0.177002
>i5:135938:0.174630
>vrail:135938:12.006912
>i7:135938:-0.019069
>i8:135938:0.167322
>seq:135938:48.000000
>i3:136138:0.209980
>i4:136138:0.218201
>i5:136138:0.205147
>vrail:136138:12.008652
>i7:136138:0.023656
>i8:136138:0.200891
>seq:136138:78.000000
>i3:136338:0.318317
>i4:136338:0.323486
>i5:136338:0.330269
>vrail:136338:12.008652
>i7:136338:0.045018
>i8:136338:0.319910
>seq:136338:109.000000
>i3:136538:0.228291
>i4:136538:0.233459
>i5:136538:0.237191
>vrail:136538:12.008652
>i7:136538:0.032811
>i8:136538:0.232935
>seq:136538:140.000000
>i3:136738:0.419025
>i4:136738:0.427246
>i5:136738:0.432503
>vrail:136738:12.008652
>i7:136738:0.031285
>i8:136738:0.409937
>seq:136738:170.000000
>i3:136938:0.409870
>i4:136938:0.405884
>i5:136938:0.421822
>vrail:136938:12.007782
>i7:136938:0.029759
>i8:136938:0.397730
>seq:136938:201.000000
>i3:137138:0.460224
>i4:137138:0.473022
>i5:137138:0.476754
>vrail:137138:12.006042
>i7:137138:0.083165
>i8:137138:0.461817
>seq:137138:231.000000
>i3:137338:0.493793
>i4:137338:0.498962
>i5:137338:0.504220
>vrail:137338:12.006042
>i7:137338:0.035863
>i8:137338:0.475550
>seq:137338:6.000000
>i3:137538:0.478535
>i4:137538:0.480652
>i5:137538:0.487435
>vrail:137538:12.006912
>i7:137538:0.022130
>i8:137538:0.472498
>seq:137538:36.000000
>i3:137738:0.457172
>i4:137738:0.466919
>i5:137738:0.475228
>vrail:137738:12.006912
>i7:137738:0.019078
>i8:137738:0.445032
>seq:137738:67.000000
>i3:137938:0.313740
>i4:137938:0.321960
>i5:137938:0.339425
>vrail:137938:12.006912
>i7:137938:-0.023646
>i8:137938:0.306177
>seq:137938:98.000000
>i3:138138:0.379353
>i4:138138:0.396729
>i5:138138:0.394356
>vrail:138138:12.006912
>i7:138138:0.023656
>i8:138138:0.364161
>seq:138138:128.000000
>i3:138338:0.354939
>i4:138338:0.372314
>i5:138338:0.365365
>vrail:138338:12.008652
>i7:138338:0.020604
>i8:138338:0.351954
>seq:138338:159.000000
>i3:138538:0.422077
>i4:138538:0.425720
>i5:138538:0.441658
>vrail:138538:12.009521
>i7:138538:0.008397
>i8:138538:0.409937
>seq:138538:189.000000
>i3:138738:0.380878
>i4:138738:0.386047
>i5:138738:0.397408
>vrail:138738:12.009521
>i7:138738:0.023656
>i8:138738:0.367212
>seq:138738:220.000000
>i3:138938:0.394611
>i4:138938:0.390625
>i5:138938:0.418770
>vrail:138938:12.007782
>i7:138938:0.016026
>i8:138938:0.391626
>seq:138938:250.000000
>i3:139138:0.414448
>i4:139138:0.433350
>i5:139138:0.432503
>vrail:139138:12.007782
>i7:139138:0.061803
>i8:139138:0.414515
>seq:139138:25.000000
>i3:139338:0.322895
>i4:139338:0.326538
>i5:139338:0.334847
>vrail:139338:12.007782
>i7:139338:0.022130
>i8:139338:0.315332
>seq:139338:56.000000
>i3:139538:0.374775
>i4:139538:0.384521
>i5:139538:0.394356
>vrail:139538:12.007782
>i7:139538:0.011449
>i8:139538:0.379419
>seq:139538:87.000000
>i3:139738:0.345783
>i4:139738:0.354004
>i5:139738:0.357735
>vrail:139738:12.007782
>i7:139738:-0.032802
>i8:139738:0.344324
>seq:139738:118.000000
>i3:139938:0.357990
>i4:139938:0.358582
>i5:139938:0.376046
>vrail:139938:12.007782
>i7:139938:0.005345
>i8:139938:0.356531
>seq:139938:148.000000
>i3:140138:0.307636
>i4:140138:0.326538
>i5:140138:0.319588
>vrail:140138:12.008652
>i7:140138:-0.003810
>i8:140138:0.304651
>seq:140138:179.000000
>i3:140338:0.312214
>i4:140338:0.323486
>i5:140338:0.342476
>vrail:140338:12.008652
>i7:140338:-0.041957
>i8:140338:0.310755
>seq:140338:209.000000
>i3:140538:0.356464
>i4:140538:0.364685
>i5:140538:0.372994
>vrail:140538:12.008652
>i7:140538:-0.016017
>i8:140538:0.351954
>seq:140538:240.000000
>i3:140738:0.386982
>i4:140738:0.402832
>i5:140738:0.418770
>vrail:140738:12.007782
>i7:140738:-0.017543
>i8:140738:0.387049
>seq:140738:14.000000
>i3:140938:0.345783
>i4:140938:0.352478
>i5:140938:0.363839
>vrail:140938:12.007782
>i7:140938:-0.008388
>i8:140938:0.341272
>seq:140938:45.000000
>i3:141138:0.457172
>i4:141138:0.466919
>i5:141138:0.476754
>vrail:141138:12.006912
>i7:141138:0.051122
>i8:141138:0.455713
>seq:141138:76.000000
>i3:141338:0.420551
>i4:141338:0.433350
>i5:141338:0.452340
>vrail:141338:12.006912
>i7:141338:-0.008388
>i8:141338:0.420618
>seq:141338:106.000000
>i3:141538:0.452595
>i4:141538:0.469971
>i5:141538:0.481331
>vrail:141538:12.006042
>i7:141538:0.022130
>i8:141538:0.446558
>seq:141538:137.000000
>i3:141738:0.344257
>i4:141738:0.355530
>i5:141738:0.356209
>vrail:141738:12.006912
>i7:141738:-0.014491
>i8:141738:0.330591
>seq:141738:167.000000
>i3:141938:0.383930
>i4:141938:0.375366
>i5:141938:0.380623
>vrail:141938:12.006912
>i7:141938:0.006871
>i8:141938:0.374842
>seq:141938:198.000000
>i3:142138:0.513630
>i4:142138:0.529480
>i5:142138:0.543892
>vrail:142138:12.006912
>i7:142138:0.026708
>i8:142138:0.516748
>seq:142138:228.000000
>i3:142338:0.397663
>i4:142338:0.413513
>i5:142338:0.429451
>vrail:142338:12.006912
>i7:142338:-0.022120
>i8:142338:0.397730
>seq:142338:3.000000
>i3:142538:0.483112
>i4:142538:0.492859
>i5:142538:0.511849
>vrail:142538:12.006912
>i7:142538:-0.038905
>i8:142538:0.475550
>seq:142538:34.000000
>i3:142738:0.457172
>i4:142738:0.471497
>i5:142738:0.475228
>vrail:142738:12.006912
>i7:142738:0.009923
>i8:142738:0.454187
>seq:142738:64.000000
>i3:142938:0.399189
>i4:142938:0.407410
>i5:142938:0.412667
>vrail:142938:12.006042
>i7:142938:0.025182
>i8:142938:0.382471
>seq:142938:95.000000
>i3:143138:0.461750
>i4:143138:0.477600
>i5:143138:0.475228
>vrail:143138:12.006042
>i7:143138:0.029759
>i8:143138:0.452662
>seq:143138:125.000000
>i3:143338:0.499897
>i4:143338:0.514221
>i5:143338:0.524056
>vrail:143338:12.006042
>i7:143338:0.046544
>i8:143338:0.486231
>seq:143338:156.000000
>i3:143538:0.417500
>i4:143538:0.430298
>i5:143538:0.426400
>vrail:143538:12.005173
>i7:143538:0.025182
>i8:143538:0.414515
>seq:143538:186.000000
>i3:143738:0.196247
>i4:143738:0.199890
>i5:143738:0.208199
>vrail:143738:12.004303
>i7:143738:0.003819
>i8:143738:0.208521
>seq:143738:217.000000
>i3:143938:0.228291
>i4:143938:0.234985
>i5:143938:0.240242
>vrail:143938:12.004303
>i7:143938:0.045018
>i8:143938:0.231409
>seq:143938:248.000000
>i3:144138:0.179462
>i4:144138:0.187683
>i5:144138:0.179207
>vrail:144138:12.004303
>i7:144138:-0.029750
>i8:144138:0.181055
>seq:144138:22.000000
>i3:144338:0.180988
>i4:144338:0.187683
>i5:144338:0.191414
>vrail:144338:12.008652
>i7:144338:-0.008388
>i8:144338:0.181055
>seq:144338:53.000000
>i3:144538:0.373249
>i4:144538:0.381470
>i5:144538:0.403512
>vrail:144538:12.008652
>i7:144538:-0.011439
>i8:144538:0.377893
>seq:144538:83.000000
>i3:144738:0.361042
>i4:144738:0.369263
>i5:144738:0.371468
>vrail:144738:12.008652
>i7:144738:-0.002284
>i8:144738:0.350428
>seq:144738:114.000000
>i3:144938:0.441914
>i4:144938:0.445557
>i5:144938:0.461495
>vrail:144938:12.007782
>i7:144938:0.078588
>i8:144938:0.438929
>seq:144938:144.000000
>i3:145138:0.437336
>i4:145138:0.463867
>i5:145138:0.459969
>vrail:145138:12.006042
>i7:145138:-0.006862
>i8:145138:0.435877
>seq:145138:175.000000
>i3:145338:0.473957
>i4:145338:0.491333
>i5:145338:0.505745
>vrail:145338:12.006042
>i7:145338:0.003819
>i8:145338:0.478601
>seq:145338:206.000000
>i3:145538:0.504475
>i4:145538:0.511169
>i5:145538:0.521004
>vrail:145538:12.005173
>i7:145538:0.040441
>i8:145538:0.490808
>seq:145538:237.000000
>i3:145738:0.408344
>i4:145738:0.413513
>i5:145738:0.420296
>vrail:145738:12.005173
>i7:145738:0.000768
>i8:145738:0.391626
>seq:145738:12.000000
>i3:145938:0.525837
>i4:145938:0.537109
>i5:145938:0.548470
>vrail:145938:12.005173
>i7:145938:0.087743
>i8:145938:0.524378
>seq:145938:42.000000
>i3:146138:0.399189
>i4:146138:0.411987
>i5:146138:0.420296
>vrail:146138:12.005173
>i7:146138:-0.011439
>i8:146138:0.397730
>seq:146138:73.000000
>i3:146338:0.419025
>i4:146338:0.427246
>i5:146338:0.430977
>vrail:146338:12.004303
>i7:146338:-0.026698
>i8:146338:0.411463
>seq:146338:103.000000
>i3:146538:0.390034
>i4:146538:0.396729
>i5:146538:0.417244
>vrail:146538:12.003433
>i7:146538:-0.017543
>i8:146538:0.391626
>seq:146538:134.000000
>i3:146738:0.394611
>i4:146738:0.401306
>i5:146738:0.411141
>vrail:146738:12.003433
>i7:146738:-0.016017
>i8:146738:0.383997
>seq:146738:164.000000
>i3:146938:0.550251
>i4:146938:0.550842
>i5:146938:0.553048
>vrail:146938:12.004303
>i7:146938:0.072484
>i8:146938:0.538111
>seq:146938:195.000000
>i3:147138:0.368671
>i4:147138:0.386047
>i5:147138:0.377572
>vrail:147138:12.004303
>i7:147138:-0.009913
>i8:147138:0.359583
>seq:147138:226.000000
>i3:147338:0.373249
>i4:147338:0.390625
>i5:147338:0.389779
>vrail:147338:12.005173
>i7:147338:-0.006862
>i8:147338:0.371790
>seq:147338:0.000000
>i3:147538:0.441914
>i4:147538:0.453186
>i5:147538:0.466073
>vrail:147538:12.005173
>i7:147538:0.035863
>i8:147538:0.437403
>seq:147538:31.000000
>i3:147738:0.272541
>i4:147738:0.276184
>i5:147738:0.279915
>vrail:147738:12.005173
>i7:147738:0.032811
>i8:147738:0.272608
>seq:147738:61.000000
>i3:147938:0.348835
>i4:147938:0.360107
>i5:147938:0.362313
>vrail:147938:12.004303
>i7:147938:0.078588
>i8:147938:0.338221
>seq:147938:92.000000
>i3:148138:0.237446
>i4:148138:0.236511
>i5:148138:0.260079
>vrail:148138:12.004303
>i7:148138:0.003819
>i8:148138:0.232935
>seq:148138:122.000000
>i3:148338:0.245075
>i4:148338:0.254822
>i5:148338:0.263131
>vrail:148338:12.004303
>i7:148338:0.003819
>i8:148338:0.249720
>seq:148338:153.000000
>i3:148538:0.196247
>i4:148538:0.195312
>i5:148538:0.202096
>vrail:148538:12.004303
>i7:148538:-0.023646
>i8:148538:0.193262
>seq:148538:184.000000
>i3:148738:0.179462
>i4:148738:0.196838
>i5:148738:0.188363
>vrail:148738:12.003433
>i7:148738:-0.029750
>i8:148738:0.179529
>seq:148738:214.000000
>i3:148938:0.293903
>i4:148938:0.309753
>i5:148938:0.307381
>vrail:148938:12.003433
>i7:148938:0.006871
>i8:148938:0.304651
>seq:148938:245.000000
>i3:149138:0.255756
>i4:149138:0.247192
>i5:149138:0.270760
>vrail:149138:12.003433
>i7:149138:0.002294
>i8:149138:0.249720
>seq:149138:19.000000
>i3:149338:0.173359
>i4:149338:0.173950
>i5:149338:0.173104
>vrail:149338:12.004303
>i7:149338:0.008397
>i8:149338:0.164270
>seq:149338:50.000000
>i3:149538:0.226765
>i4:149538:0.239563
>i5:149538:0.229561
>vrail:149538:12.004303
>i7:149538:0.012975
>i8:149538:0.225306
>seq:149538:80.000000
>i3:149738:0.229816
>i4:149738:0.233459
>i5:149738:0.235665
>vrail:149738:12.005173
>i7:149738:0.041966
>i8:149738:0.234461
>seq:149738:111.000000
>i3:149938:0.232868
>i4:149938:0.230408
>i5:149938:0.234139
>vrail:149938:12.005173
>i7:149938:0.009923
>i8:149938:0.229883
>seq:149938:142.000000
>i3:150138:0.180988
>i4:150138:0.183105
>i5:150138:0.188363
>vrail:150138:12.005173
>i7:150138:0.012975
>i8:150138:0.184107
>seq:150138:173.000000
>i3:150338:0.205402
>i4:150338:0.218201
>i5:150338:0.224984
>vrail:150338:12.002563
>i7:150338:0.041966
>i8:150338:0.219202
>seq:150338:204.000000
>i3:150538:0.141315
>i4:150538:0.143433
>i5:150538:0.148690
>vrail:150538:12.002563
>i7:150538:0.002294
>i8:150538:0.141382
>seq:150538:234.000000
>i3:150738:0.229816
>i4:150738:0.224304
>i5:150738:0.235665
>vrail:150738:12.002563
>i7:150738:0.052648
>i8:150738:0.229883
>seq:150738:9.000000
>i3:150938:0.182514
>i4:150938:0.186157
>i5:150938:0.188363
>vrail:150938:12.002563
>i7:150938:0.003819
>i8:150938:0.178003
>seq:150938:39.000000
>i3:151138:0.180988
>i4:151138:0.177002
>i5:151138:0.183785
>vrail:151138:12.002563
>i7:151138:-0.009913
>i8:151138:0.174952
>seq:151138:70.000000
>i3:151338:0.191669
>i4:151338:0.204468
>i5:151338:0.202096
>vrail:151338:12.002563
>i7:151338:0.009923
>i8:151338:0.187159
>seq:151338:100.000000
>i3:151538:0.278645
>i4:151538:0.286865
>i5:151538:0.281441
>vrail:151538:12.001694
>i7:151538:0.052648
>i8:151538:0.269556
>seq:151538:131.000000
>i3:151738:0.245075
>i4:151738:0.244141
>i5:151738:0.250924
>vrail:151738:12.000824
>i7:151738:0.093846
>i8:151738:0.239038
>seq:151738:162.000000
>i3:151938:0.203876
>i4:151938:0.196838
>i5:151938:0.202096
>vrail:151938:12.000824
>i7:151938:0.019078
>i8:151938:0.187159
>seq:151938:192.000000
>i3:152138:0.190144
>i4:152138:0.183105
>i5:152138:0.195992
>vrail:152138:12.000824
>i7:152138:0.016026
>i8:152138:0.184107
>seq:152138:223.000000
>i3:152338:0.167255
>i4:152338:0.172424
>i5:152338:0.185311
>vrail:152338:12.000824
>i7:152338:0.020604
>i8:152338:0.164270
>seq:152338:253.000000
>i3:152538:0.229816
>i4:152538:0.219727
>i5:152538:0.232613
>vrail:152538:12.000824
>i7:152538:0.031285
>i8:152538:0.217676
>seq:152538:28.000000
>i3:152738:0.292377
>i4:152738:0.294495
>i5:152738:0.295174
>vrail:152738:11.999954
>i7:152738:0.090795
>i8:152738:0.292444
>seq:152738:58.000000
>i3:152938:0.209980
>i4:152938:0.212097
>i5:152938:0.212777
>vrail:152938:11.999954
>i7:152938:0.002294
>i8:152938:0.208521
>seq:152938:89.000000
>i3:153138:0.209980
>i4:153138:0.221252
>i5:153138:0.205147
>vrail:153138:11.999954
>i7:153138:-0.032802
>i8:153138:0.206995
>seq:153138:120.000000
>i3:153338:0.243549
>i4:153338:0.260925
>i5:153338:0.255501
>vrail:153338:12.001694
>i7:153338:0.043492
>i8:153338:0.242090
>seq:153338:150.000000
>i3:153538:0.203876
>i4:153538:0.209045
>i5:153538:0.220406
>vrail:153538:12.001694
>i7:153538:0.052648
>i8:153538:0.191736
>seq:153538:181.000000
>i3:153738:0.248127
>i4:153738:0.251770
>i5:153738:0.243294
>vrail:153738:12.002563
>i7:153738:0.049596
>i8:153738:0.243616
>seq:153738:211.000000
>i3:153938:0.161152
>i4:153938:0.158691
>i5:153938:0.159371
>vrail:153938:12.003433
>i7:153938:0.016026
>i8:153938:0.159693
>seq:153938:242.000000
>i3:154138:0.213032
>i4:154138:0.222778
>i5:154138:0.224984
>vrail:154138:12.003433
>i7:154138:0.029759
>i8:154138:0.217676
>seq:154138:16.000000
>i3:154338:0.208454
>i4:154338:0.207520
>i5:154338:0.218880
>vrail:154338:12.003433
>i7:154338:0.055699
>i8:154338:0.211573
>seq:154338:47.000000
>i3:154538:0.232868
>i4:154538:0.238037
>i5:154538:0.234139
>vrail:154538:12.004303
>i7:154538:0.026708
>i8:154538:0.220728
>seq:154538:78.000000
>i3:154738:0.347309
>i4:154738:0.352478
>i5:154738:0.353158
>vrail:154738:12.005173
>i7:154738:0.020604
>i8:154738:0.339746
>seq:154738:109.000000
>i3:154938:0.177937
>i4:154938:0.195312
>i5:154938:0.208199
>vrail:154938:12.004303
>i7:154938:0.006871
>i8:154938:0.184107
>seq:154938:140.000000
>i3:155138:0.180988
>i4:155138:0.173950
>i5:155138:0.176156
>vrail:155138:12.004303
>i7:155138:-0.023646
>i8:155138:0.164270
>seq:155138:170.000000
>i3:155338:0.182514
>i4:155338:0.184631
>i5:155338:0.188363
>vrail:155338:12.004303
>i7:155338:-0.003810
>i8:155338:0.184107
>seq:155338:201.000000
>i3:155538:0.121479
>i4:155538:0.134277
>i5:155538:0.139534
>vrail:155538:12.005173
>i7:155538:-0.037379
>i8:155538:0.118494
>seq:155538:231.000000
>i3:155738:0.148945
>i4:155738:0.161743
>i5:155738:0.162423
>vrail:155738:12.005173
>i7:155738:-0.031276
>i8:155738:0.149012
>seq:155738:6.000000
>i3:155938:0.165730
>i4:155938:0.166321
>i5:155938:0.183785
>vrail:155938:12.006912
>i7:155938:0.008397
>i8:155938:0.158167
>seq:155938:36.000000
>i3:156138:0.168781
>i4:156138:0.161743
>i5:156138:0.156319
>vrail:156138:12.006912
>i7:156138:0.017552
>i8:156138:0.167322
>seq:156138:67.000000
>i3:156338:0.275593
>i4:156338:0.270081
>i5:156338:0.273812
>vrail:156338:12.006912
>i7:156338:0.069432
>i8:156338:0.258875
>seq:156338:98.000000
>i3:156538:0.209980
>i4:156538:0.212097
>i5:156538:0.215828
>vrail:156538:12.006912
>i7:156538:0.038915
>i8:156538:0.211573
>seq:156538:128.000000
>i3:156738:0.191669
>i4:156738:0.198364
>i5:156738:0.202096
>vrail:156738:12.006912
>i7:156738:-0.009913
>i8:156738:0.190210
>seq:156738:159.000000
>i3:156938:0.182514
>i4:156938:0.190735
>i5:156938:0.191414
>vrail:156938:12.006912
>i7:156938:-0.022120
>i8:156938:0.191736
>seq:156938:189.000000
>i3:157138:0.135212
>i4:157138:0.137329
>i5:157138:0.138009
>vrail:157138:12.007782
>i7:157138:-0.029750
>i8:157138:0.135279
>seq:157138:220.000000
>i3:157338:0.174885
>i4:157338:0.170898
>i5:157338:0.177681
>vrail:157338:12.007782
>i7:157338:-0.019069
>i8:157338:0.165796
>seq:157338:250.000000
>i3:157538:0.238972
>i4:157538:0.245667
>i5:157538:0.249398
>vrail:157538:12.007782
>i7:157538:0.055699
>i8:157538:0.242090
>seq:157538:25.000000
>i3:157738:0.118427
>i4:157738:0.120544
>i5:157738:0.133431
>vrail:157738:12.007782
>i7:157738:-0.011439
>i8:157738:0.123072
>seq:157738:56.000000
>i3:157938:0.162678
>i4:157938:0.163269
>i5:157938:0.162423
>vrail:157938:12.008652
>i7:157938:-0.006862
>i8:157938:0.147486
>seq:157938:87.000000
>i3:158138:0.217609
>i4:158138:0.222778
>i5:158138:0.238717
>vrail:158138:12.006912
>i7:158138:0.016026
>i8:158138:0.213099
>seq:158138:118.000000
>i3:158338:0.153522
>i4:158338:0.166321
>i5:158338:0.154793
>vrail:158338:12.006912
>i7:158338:-0.003810
>i8:158338:0.156641
>seq:158338:148.000000
>i3:158538:0.267963
>i4:158538:0.267029
>i5:158538:0.276864
>vrail:158538:12.007782
>i7:158538:0.090795
>i8:158538:0.258875
>seq:158538:179.000000
>i3:158738:0.119953
>i4:158738:0.117493
>i5:158738:0.133431
>vrail:158738:12.007782
>i7:158738:0.017552
>i8:158738:0.121546
>seq:158738:209.000000
>i3:158938:0.197773
>i4:158938:0.198364
>i5:158938:0.205147
>vrail:158938:12.007782
>i7:158938:0.003819
>i8:158938:0.199366
>seq:158938:240.000000
>i3:159138:0.110798
>i4:159138:0.131226
>i5:159138:0.118172
>vrail:159138:12.008652
>i7:159138:-0.028224
>i8:159138:0.112391
>seq:159138:15.000000
>i3:159338:0.196247
>i4:159338:0.180054
>i5:159338:0.186837
>vrail:159338:12.008652
>i7:159338:0.028234
>i8:159338:0.181055
>seq:159338:46.000000
>i3:159538:0.272541
>i4:159538:0.283813
>i5:159538:0.286019
>vrail:159538:12.008652
>i7:159538:0.060277
>i8:159538:0.278711
>seq:159538:77.000000
>i3:159738:0.119953
>i4:159738:0.122070
>i5:159738:0.128853
>vrail:159738:12.008652
>i7:159738:-0.040431
>i8:159738:0.120020
>seq:159738:107.000000
>i3:159938:0.106220
>i4:159938:0.123596
>i5:159938:0.112069
>vrail:159938:12.010391
>i7:159938:-0.037379
>i8:159938:0.112391
>seq:159938:138.000000
>i3:160138:0.136738
>i4:160138:0.137329
>i5:160138:0.144112
>vrail:160138:12.008652
>i7:160138:0.025182
>i8:160138:0.144434
>seq:160138:168.000000
>i3:160338:0.162678
>i4:160338:0.163269
>i5:160338:0.168526
>vrail:160338:12.008652
>i7:160338:0.031285
>i8:160338:0.165796
>seq:160338:199.000000
>i3:160538:0.725727
>i4:160538:0.746155
>i5:160538:0.748360
>vrail:160538:12.007782
>i7:160538:0.063329
>i8:160538:0.712061
>seq:160538:229.000000
>i3:160738:0.182514
>i4:160738:0.187683
>i5:160738:0.189888
>vrail:160738:12.007782
>i7:160738:0.003819
>i8:160738:0.171900
>seq:160738:4.000000
>i3:160938:0.107746
>i4:160938:0.119019
>i5:160938:0.109017
>vrail:160938:12.006912
>i7:160938:0.000768
>i8:160938:0.113916
>seq:160938:35.000000
>i3:161138:0.185566
>i4:161138:0.187683
>i5:161138:0.189888
>vrail:161138:12.007782
>i7:161138:-0.008388
>i8:161138:0.179529
>seq:161138:65.000000
>i3:161338:0.144367
>i4:161338:0.152588
>i5:161338:0.142586
>vrail:161338:12.007782
>i7:161338:0.041966
>i8:161338:0.145960
>seq:161338:96.000000
>i3:161538:0.260334
>i4:161538:0.263977
>i5:161538:0.272286
>vrail:161538:12.008652
>i7:161538:-0.005336
>i8:161538:0.258875
>seq:161538:126.000000
>i3:161738:0.100117
>i4:161738:0.111389
>i5:161738:0.113595
>vrail:161738:12.008652
>i7:161738:-0.041957
>i8:161738:0.104761
>seq:161738:157.000000
>i3:161938:0.141315
>i4:161938:0.151062
>i5:161938:0.159371
>vrail:161938:12.009521
>i7:161938:-0.048060
>i8:161938:0.141382
>seq:161938:187.000000
>i3:162138:0.133686
>i4:162138:0.143433
>i5:162138:0.144112
>vrail:162138:12.009521
>i7:162138:-0.038905
>i8:162138:0.138330
>seq:162138:218.000000
>i3:162338:0.220661
>i4:162338:0.222778
>i5:162338:0.220406
>vrail:162338:12.009521
>i7:162338:0.061803
>i8:162338:0.219202
>seq:162338:249.000000
>i3:162538:0.121479
>i4:162538:0.129700
>i5:162538:0.121224
>vrail:162538:12.008652
>i7:162538:0.025182
>i8:162538:0.118494
>seq:162538:24.000000
>i3:162738:0.225239
>i4:162738:0.234985
>i5:162738:0.241768
>vrail:162738:12.008652
>i7:162738:0.063329
>i8:162738:0.225306
>seq:162738:55.000000
>i3:162938:0.185566
>i4:162938:0.196838
>i5:162938:0.192940
>vrail:162938:12.008652
>i7:162938:-0.005336
>i8:162938:0.193262
>seq:162938:85.000000
>i3:163138:0.300007
>i4:163138:0.314331
>i5:163138:0.302804
>vrail:163138:12.006042
>i7:163138:0.046544
>i8:163138:0.303125
>seq:163138:116.000000
>i3:163338:0.264912
>i4:163338:0.267029
>i5:163338:0.260079
>vrail:163338:12.005173
>i7:163338:0.052648
>i8:163338:0.260401
>seq:163338:146.000000
>i3:163538:0.225239
>i4:163538:0.239563
>i5:163538:0.246346
>vrail:163538:12.005173
>i7:163538:0.006871
>i8:163538:0.234461
>seq:163538:177.000000
>i3:163738:0.209980
>i4:163738:0.213623
>i5:163738:0.223458
>vrail:163738:12.005173
>i7:163738:0.006871
>i8:163738:0.210047
>seq:163738:207.000000
>i3:163938:0.147419
>i4:163938:0.161743
>i5:163938:0.156319
>vrail:163938:12.005173
>i7:163938:-0.017543
>i8:163938:0.150537
>seq:163938:238.000000
>i3:164138:0.110798
>i4:164138:0.106812
>i5:164138:0.110543
>vrail:164138:12.005173
>i7:164138:-0.026698
>i8:164138:0.107813
>seq:164138:13.000000
>i3:164338:0.921040
>i4:164338:0.921631
>i5:164338:0.990975
>vrail:164338:12.005173
>i7:164338:0.051122
>i8:164338:0.931787
>seq:164338:43.000000
>i3:164538:0.654011
>i4:164538:0.675964
>i5:164538:0.669014
>vrail:164538:12.005173
>i7:164538:0.016026
>i8:164538:0.634241
>seq:164538:74.000000
>i3:164738:0.402241
>i4:164738:0.396729
>i5:164738:0.420296
>vrail:164738:12.005173
>i7:164738:0.006871
>i8:164738:0.393152
>seq:164738:104.000000
>i3:164938:0.600605
>i4:164938:0.627136
>i5:164938:0.626290
>vrail:164938:12.005173
>i7:164938:0.020604
>i8:164938:0.593042
>seq:164938:135.000000
>i3:165138:0.580769
>i4:165138:0.596619
>i5:165138:0.636971
>vrail:165138:12.005173
>i7:165138:0.038915
>i8:165138:0.603724
>seq:165138:165.000000
>i3:165338:1.075153
>i4:165338:1.077271
>i5:165338:1.132882
>vrail:165338:12.004303
>i7:165338:0.077062
>i8:165338:1.063013
>seq:165338:196.000000
>i3:165538:0.811176
>i4:165538:0.836182
>i5:165538:0.853646
>vrail:165538:12.004303
>i7:165538:-0.020595
>i8:165538:0.794458
>seq:165538:227.000000
>i3:165738:0.821857
>i4:165738:0.827026
>i5:165738:0.852120
>vrail:165738:12.004303
>i7:165738:-0.034328
>i8:165738:0.805140
>seq:165738:1.000000
>i3:165938:0.396137
>i4:165938:0.407410
>i5:165938:0.405037
>vrail:165938:12.005173
>i7:165938:0.008397
>i8:165938:0.387049
>seq:165938:32.000000
>i3:166138:0.374775
>i4:166138:0.396729
>i5:166138:0.405037
>vrail:166138:12.005173
>i7:166138:-0.019069
>i8:166138:0.373316
>seq:166138:62.000000
>i3:166338:0.446491
>i4:166338:0.462341
>i5:166338:0.463021
>vrail:166338:12.005173
>i7:166338:0.011449
>i8:166338:0.443506
>seq:166338:93.000000
>i3:166538:0.333576
>i4:166538:0.341797
>i5:166538:0.350106
>vrail:166538:12.005173
>i7:166538:0.000768
>i8:166538:0.327539
>seq:166538:123.000000
>i3:166738:0.356464
>i4:166738:0.367737
>i5:166738:0.374520
>vrail:166738:12.006912
>i7:166738:-0.012965
>i8:166738:0.345850
>seq:166738:154.000000
>i3:166938:0.342731
>i4:166938:0.350952
>i5:166938:0.345528
>vrail:166938:12.006912
>i7:166938:0.005345
>i8:166938:0.321436
>seq:166938:185.000000
>i3:167138:0.370197
>i4:167138:0.386047
>i5:167138:0.377572
>vrail:167138:12.006912
>i7:167138:0.025182
>i8:167138:0.355005
>seq:167138:216.000000
>i3:167338:0.444965
>i4:167338:0.456238
>i5:167338:0.461495
>vrail:167338:12.006042
>i7:167338:0.023656
>i8:167338:0.431299
>seq:167338:247.000000
>i3:167538:0.492268
>i4:167538:0.505066
>i5:167538:0.490487
>vrail:167538:12.006042
>i7:167538:0.003819
>i8:167538:0.474024
>seq:167538:21.000000
>i3:167738:0.373249
>i4:167738:0.375366
>i5:167738:0.382149
>vrail:167738:12.006042
>i7:167738:-0.008388
>i8:167738:0.359583
>seq:167738:52.000000
>i3:167938:0.290852
>i4:167938:0.303650
>i5:167938:0.307381
>vrail:167938:12.006042
>i7:167938:-0.017543
>i8:167938:0.280237
>seq:167938:82.000000
>i3:168138:0.264912
>i4:168138:0.263977
>i5:168138:0.279915
>vrail:168138:12.006042
>i7:168138:-0.002284
>i8:168138:0.266504
>seq:168138:113.000000
>i3:168338:0.214558
>i4:168338:0.231934
>i5:168338:0.231087
>vrail:168338:12.006042
>i7:168338:-0.011439
>i8:168338:0.217676
>seq:168338:143.000000
>i3:168538:0.260334
>i4:168538:0.274658
>i5:168538:0.279915
>vrail:168538:12.006042
>i7:168538:-0.020595
>i8:168538:0.263453
>seq:168538:174.000000
>i3:168738:0.267963
>i4:168738:0.273132
>i5:168738:0.289071
>vrail:168738:12.006042
>i7:168738:-0.019069
>i8:168738:0.271082
>seq:168738:205.000000
>i3:168938:0.240498
>i4:168938:0.239563
>i5:168938:0.252450
>vrail:168938:12.006912
>i7:168938:-0.019069
>i8:168938:0.229883
>seq:168938:235.000000
>i3:169138:0.213032
>i4:169138:0.210571
>i5:169138:0.212777
>vrail:169138:12.006912
>i7:169138:0.046544
>i8:169138:0.193262
>seq:169138:10.000000
>i3:169338:0.269489
>i4:169338:0.285339
>i5:169338:0.281441
>vrail:169338:12.006912
>i7:169338:0.014501
>i8:169338:0.261927
>seq:169338:40.000000
>i3:169538:0.171833
>i4:169538:0.173950
>i5:169538:0.194466
>vrail:169538:12.006912
>i7:169538:-0.000758
>i8:169538:0.185633
>seq:169538:71.000000
>i3:169738:0.158100
>i4:169738:0.163269
>i5:169738:0.160897
>vrail:169738:12.006912
>i7:169738:0.006871
>i8:169738:0.155115
>seq:169738:101.000000
>i3:169938:0.153522
>i4:169938:0.161743
>i5:169938:0.153267
>vrail:169938:12.006912
>i7:169938:-0.008388
>i8:169938:0.145960
>seq:169938:132.000000
>i3:170138:0.171833
>i4:170138:0.184631
>i5:170138:0.180733
>vrail:170138:12.006912
>i7:170138:-0.005336
>i8:170138:0.158167
>seq:170138:163.000000
>i3:170338:0.148945
>i4:170338:0.155640
>i5:170338:0.160897
>vrail:170338:12.006912
>i7:170338:-0.040431
>i8:170338:0.145960
>seq:170338:194.000000
>i3:170538:0.139790
>i4:170538:0.154114
>i5:170538:0.147164
>vrail:170538:12.006912
>i7:170538:-0.048060
>i8:170538:0.145960
>seq:170538:225.000000
>i3:170738:0.176411
>i4:170738:0.173950
>i5:170738:0.170052
>vrail:170738:12.005173
>i7:170738:0.028234
>i8:170738:0.167322
>seq:170738:255.000000
>i3:170938:0.161152
>i4:170938:0.152588
>i5:170938:0.160897
>vrail:170938:12.006912
>i7:170938:0.017552
>i8:170938:0.153589
>seq:170938:30.000000
>i3:171138:0.287800
>i4:171138:0.292969
>i5:171138:0.299752
>vrail:171138:12.006042
>i7:171138:0.086217
>i8:171138:0.281763
>seq:171138:60.000000
>i3:171338:0.148945
>i4:171338:0.169373
>i5:171338:0.160897
>vrail:171338:12.006042
>i7:171338:0.029759
>i8:171338:0.156641
>seq:171338:91.000000
>i3:171538:0.112324
>i4:171538:0.108337
>i5:171538:0.113595
>vrail:171538:12.006042
>i7:171538:-0.008388
>i8:171538:0.112391
>seq:171538:122.000000
>i3:171738:0.110798
>i4:171738:0.112915
>i5:171738:0.109017
>vrail:171738:12.006912
>i7:171738:-0.026698
>i8:171738:0.106287
>seq:171738:153.000000
>i3:171938:0.112324
>i4:171938:0.119019
>i5:171938:0.113595
>vrail:171938:12.006912
>i7:171938:0.002294
>i8:171938:0.107813
>seq:171938:184.000000
>i3:172138:0.306110
>i4:172138:0.302124
>i5:172138:0.319588
>vrail:172138:12.009521
>i7:172138:0.019078
>i8:172138:0.297022
>seq:172138:214.000000
>i3:172338:0.153522
>i4:172338:0.160217
>i5:172338:0.170052
>vrail:172338:12.009521
>i7:172338:-0.048060
>i8:172338:0.158167
>seq:172338:245.000000
>i3:172538:0.164204
>i4:172538:0.172424
>i5:172538:0.163949
>vrail:172538:12.007782
>i7:172538:-0.017543
>i8:172538:0.161219
>seq:172538:19.000000
>i3:172738:0.133686
>i4:172738:0.149536
>i5:172738:0.151742
>vrail:172738:12.008652
>i7:172738:-0.023646
>i8:172738:0.141382
>seq:172738:50.000000
>i3:172938:0.148945
>i4:172938:0.155640
>i5:172938:0.162423
>vrail:172938:12.007782
>i7:172938:0.009923
>i8:172938:0.152063
>seq:172938:80.000000
>i3:173138:0.235920
>i4:173138:0.245667
>i5:173138:0.253975
>vrail:173138:12.007782
>i7:173138:-0.005336
>i8:173138:0.232935
>seq:173138:111.000000
>i3:173338:0.127583
>i4:173338:0.137329
>i5:173338:0.130379
>vrail:173338:12.007782
>i7:173338:-0.008388
>i8:173338:0.135279
>seq:173338:142.000000
>i3:173538:0.211506
>i4:173538:0.209045
>i5:173538:0.214303
>vrail:173538:12.006912
>i7:173538:-0.003810
>i8:173538:0.200891
>seq:173538:172.000000
>i3:173738:0.144367
>i4:173738:0.143433
>i5:173738:0.153267
>vrail:173738:12.006912
>i7:173738:-0.011439
>i8:173738:0.150537
>seq:173738:203.000000
>i3:173938:0.228291
>i4:173938:0.233459
>i5:173938:0.235665
>vrail:173938:12.006912
>i7:173938:0.051122
>i8:173938:0.219202
>seq:173938:233.000000
>i3:174138:0.182514
>i4:174138:0.181580
>i5:174138:0.180733
>vrail:174138:12.006912
>i7:174138:-0.022120
>i8:174138:0.184107
>seq:174138:8.000000
>i3:174338:0.072651
>i4:174338:0.071716
>i5:174338:0.072396
>vrail:174338:12.009521
>i7:174338:-0.025172
>i8:174338:0.062037
>seq:174338:38.000000
>i3:174538:0.084858
>i4:174538:0.090027
>i5:174538:0.078499
>vrail:174538:12.009521
>i7:174538:-0.031276
>i8:174538:0.083399
>seq:174538:69.000000
>i3:174738:0.139790
>i4:174738:0.137329
>i5:174738:0.133431
>vrail:174738:12.008652
>i7:174738:-0.038905
>i8:174738:0.135279
>seq:174738:100.000000
>i3:174938:0.127583
>i4:174938:0.131226
>i5:174938:0.125802
>vrail:174938:12.008652
>i7:174938:0.041966
>i8:174938:0.129175
>seq:174938:131.000000
>i3:175138:0.043659
>i4:175138:0.047302
>i5:175138:0.044930
>vrail:175138:12.008652
>i7:175138:-0.011439
>i8:175138:0.045252
>seq:175138:162.000000
>i3:175338:0.074177
>i4:175338:0.077820
>i5:175338:0.080025
>vrail:175338:12.008652
>i7:175338:-0.000758
>i8:175338:0.081873
>seq:175338:192.000000
>i3:175538:0.164204
>i4:175538:0.175476
>i5:175538:0.174630
>vrail:175538:12.008652
>i7:175538:0.006871
>i8:175538:0.168848
>seq:175538:223.000000
>i3:175738:0.170307
>i4:175738:0.158691
>i5:175738:0.180733
>vrail:175738:12.008652
>i7:175738:0.008397
>i8:175738:0.170374
>seq:175738:253.000000
>i3:175938:0.235920
>i4:175938:0.233459
>i5:175938:0.237191
>vrail:175938:12.008652
>i7:175938:0.083165
>i8:175938:0.231409
>seq:175938:28.000000
>i3:176138:0.132160
>i4:176138:0.137329
>i5:176138:0.138009
>vrail:176138:12.008652
>i7:176138:-0.020595
>i8:176138:0.133753
>seq:176138:58.000000
>i3:176338:0.151997
>i4:176338:0.143433
>i5:176338:0.167000
>vrail:176338:12.006912
>i7:176338:-0.000758
>i8:176338:0.159693
>seq:176338:89.000000
>i3:176538:0.126057
>i4:176538:0.129700
>i5:176538:0.142586
>vrail:176538:12.006042
>i7:176538:-0.006862
>i8:176538:0.136805
>seq:176538:120.000000
>i3:176738:0.113850
>i4:176738:0.120544
>i5:176738:0.122750
>vrail:176738:12.006042
>i7:176738:-0.038905
>i8:176738:0.116968
>seq:176738:150.000000
>i3:176938:0.129108
>i4:176938:0.131226
>i5:176938:0.122750
>vrail:176938:12.007782
>i7:176938:0.043492
>i8:176938:0.124598
>seq:176938:181.000000
>i3:177138:0.063496
>i4:177138:0.061035
>i5:177138:0.067818
>vrail:177138:12.006912
>i7:177138:0.028234
>i8:177138:0.058985
>seq:177138:211.000000
>i3:177338:0.367146
>i4:177338:0.367737
>i5:177338:0.382149
>vrail:177338:12.006912
>i7:177338:-0.022120
>i8:177338:0.358057
>seq:177338:242.000000
>i3:177538:0.452595
>i4:177538:0.469971
>i5:177538:0.481331
>vrail:177538:12.006912
>i7:177538:0.054173
>i8:177538:0.445032
>seq:177538:16.000000
>i3:177738:0.408344
>i4:177738:0.419617
>i5:177738:0.432503
>vrail:177738:12.006042
>i7:177738:0.045018
>i8:177738:0.400782
>seq:177738:47.000000
>i3:177938:0.551777
>i4:177938:0.553894
>i5:177938:0.572884
>vrail:177938:12.006042
>i7:177938:0.066381
>i8:177938:0.551844
>seq:177938:78.000000
>i3:178138:0.374775
>i4:178138:0.381470
>i5:178138:0.395882
>vrail:178138:12.006042
>i7:178138:-0.019069
>i8:178138:0.368738
>seq:178138:108.000000
>i3:178338:0.359516
>i4:178338:0.390625
>i5:178338:0.395882
>vrail:178338:12.006912
>i7:178338:-0.025172
>i8:178338:0.365686
>seq:178338:139.000000
>i3:178538:0.438862
>i4:178538:0.457764
>i5:178538:0.455391
>vrail:178538:12.006912
>i7:178538:0.005345
>i8:178538:0.437403
>seq:178538:169.000000
>i3:178738:0.393085
>i4:178738:0.401306
>i5:178738:0.394356
>vrail:178738:12.006912
>i7:178738:0.026708
>i8:178738:0.377893
>seq:178738:200.000000
>i3:178938:0.481586
>i4:178938:0.488281
>i5:178938:0.504220
>vrail:178938:12.007782
>i7:178938:-0.017543
>i8:178938:0.481653
>seq:178938:230.000000
>i3:179138:0.345783
>i4:179138:0.352478
>i5:179138:0.356209
>vrail:179138:12.007782
>i7:179138:-0.025172
>i8:179138:0.341272
>seq:179138:5.000000
>i3:179338:0.443439
>i4:179338:0.471497
>i5:179338:0.467598
>vrail:179338:12.007782
>i7:179338:-0.025172
>i8:179338:0.443506
>seq:179338:36.000000
>i3:179538:0.449543
>i4:179538:0.463867
>i5:179538:0.476754
>vrail:179538:12.007782
>i7:179538:0.017552
>i8:179538:0.454187
>seq:179538:67.000000
>i3:179738:0.202351
>i4:179738:0.213623
>i5:179738:0.215828
>vrail:179738:12.007782
>i7:179738:0.012975
>i8:179738:0.197840
>seq:179738:98.000000
>i3:179938:0.260334
>i4:179938:0.263977
>i5:179938:0.255501
>vrail:179938:12.006912
>i7:179938:0.019078
>i8:179938:0.255823
>seq:179938:128.000000
>i3:180138:0.211506
>i4:180138:0.209045
>i5:180138:0.220406
>vrail:180138:12.006912
>i7:180138:0.012975
>i8:180138:0.214624
>seq:180138:159.000000
>i3:180338:0.289326
>i4:180338:0.292969
>i5:180338:0.307381
>vrail:180338:12.006042
>i7:180338:-0.006862
>i8:180338:0.292444
>seq:180338:189.000000
>i3:180538:0.225239
>i4:180538:0.242615
>i5:180538:0.237191
>vrail:180538:12.006042
>i7:180538:-0.026698
>i8:180538:0.232935
>seq:180538:220.000000
>i3:180738:0.206928
>i4:180738:0.213623
>i5:180738:0.212777
>vrail:180738:12.005173
>i7:180738:0.006871
>i8:180738:0.200891
>seq:180738:250.000000
>i3:180938:0.150471
>i4:180938:0.155640
>i5:180938:0.157845
>vrail:180938:12.005173
>i7:180938:-0.012965
>i8:180938:0.149012
>seq:180938:25.000000
>i3:181138:0.382404
>i4:181138:0.395203
>i5:181138:0.405037
>vrail:181138:12.005173
>i7:181138:-0.032802
>i8:181138:0.377893
>seq:181138:56.000000
>i3:181338:0.339680
>i4:181338:0.355530
>i5:181338:0.360787
>vrail:181338:12.003433
>i7:181338:-0.022120
>i8:181338:0.336695
>seq:181338:86.000000
>i3:181538:0.405293
>i4:181538:0.413513
>i5:181538:0.430977
>vrail:181538:12.003433
>i7:181538:0.045018
>i8:181538:0.394678
>seq:181538:117.000000
>i3:181738:0.412922
>i4:181738:0.419617
>i5:181738:0.424874
>vrail:181738:12.003433
>i7:181738:0.049596
>i8:181738:0.400782
>seq:181738:147.000000
>i3:181938:0.390034
>i4:181938:0.395203
>i5:181938:0.392830
>vrail:181938:12.003433
>i7:181938:0.000768
>i8:181938:0.385523
>seq:181938:178.000000
>i3:182138:0.399189
>i4:182138:0.428772
>i5:182138:0.429451
>vrail:182138:12.003433
>i7:182138:0.023656
>i8:182138:0.408411
>seq:182138:208.000000
>i3:182338:0.454121
>i4:182338:0.466919
>i5:182338:0.466073
>vrail:182338:12.004303
>i7:182338:0.002294
>i8:182338:0.437403
>seq:182338:239.000000
>i3:182538:0.444965
>i4:182538:0.463867
>i5:182538:0.467598
>vrail:182538:12.004303
>i7:182538:0.025182
>i8:182538:0.443506
>seq:182538:14.000000
>i3:182738:0.444965
>i4:182738:0.457764
>i5:182738:0.456917
>vrail:182738:12.004303
>i7:182738:0.045018
>i8:182738:0.441980
>seq:182738:44.000000
>i3:182938:0.399189
>i4:182938:0.413513
>i5:182938:0.420296
>vrail:182938:12.004303
>i7:182938:-0.031276
>i8:182938:0.393152
>seq:182938:75.000000
>i3:183138:0.402241
>i4:183138:0.415039
>i5:183138:0.426400
>vrail:183138:12.004303
>i7:183138:-0.029750
>i8:183138:0.397730
>seq:183138:105.000000
>i3:183338:0.332050
>i4:183338:0.343323
>i5:183338:0.347054
>vrail:183338:12.003433
>i7:183338:-0.016017
>i8:183338:0.326014
>seq:183338:136.000000
>i3:183538:0.423603
>i4:183538:0.422668
>i5:183538:0.438607
>vrail:183538:12.003433
>i7:183538:0.002294
>i8:183538:0.400782
>seq:183538:166.000000
>i3:183738:0.341206
>i4:183738:0.343323
>i5:183738:0.351632
>vrail:183738:12.004303
>i7:183738:0.052648
>i8:183738:0.335169
>seq:183738:197.000000
>i3:183938:0.316792
>i4:183938:0.328064
>i5:183938:0.331795
>vrail:183938:12.004303
>i7:183938:0.035863
>i8:183938:0.316858
>seq:183938:228.000000
>i3:184138:0.266438
>i4:184138:0.270081
>i5:184138:0.269234
>vrail:184138:12.004303
>i7:184138:-0.009913
>i8:184138:0.258875
>seq:184138:3.000000
>i3:184338:0.229816
>i4:184338:0.230408
>i5:184338:0.243294
>vrail:184338:12.004303
>i7:184338:0.026708
>i8:184338:0.223780
>seq:184338:34.000000
>i3:184538:0.246601
>i4:184538:0.241089
>i5:184538:0.243294
>vrail:184538:12.004303
>i7:184538:0.052648
>i8:184538:0.237513
>seq:184538:64.000000
>i3:184738:0.287800
>i4:184738:0.288391
>i5:184738:0.292122
>vrail:184738:12.004303
>i7:184738:-0.003810
>i8:184738:0.274134
>seq:184738:95.000000
>i3:184938:0.180988
>i4:184938:0.189209
>i5:184938:0.199044
>vrail:184938:12.004303
>i7:184938:-0.035853
>i8:184938:0.190210
>seq:184938:125.000000
>i3:185138:0.177937
>i4:185138:0.184631
>i5:185138:0.192940
>vrail:185138:12.004303
>i7:185138:-0.019069
>i8:185138:0.178003
>seq:185138:156.000000
>i3:185338:0.100117
>i4:185338:0.099182
>i5:185338:0.089180
>vrail:185338:12.005173
>i7:185338:-0.052638
>i8:185338:0.098658
>seq:185338:186.000000
>i3:185538:0.234394
>i4:185538:0.242615
>i5:185538:0.257027
>vrail:185538:12.005173
>i7:185538:0.026708
>i8:185538:0.237513
>seq:185538:217.000000
>i3:185738:0.209980
>i4:185738:0.202942
>i5:185738:0.218880
>vrail:185738:12.005173
>i7:185738:-0.019069
>i8:185738:0.191736
>seq:185738:248.000000
>i3:185938:0.371723
>i4:185938:0.373840
>i5:185938:0.372994
>vrail:185938:12.002563
>i7:185938:0.003819
>i8:185938:0.359583
>seq:185938:22.000000
>i3:186138:-0.177593
>i4:186138:-0.175476
>i5:186138:-0.170219
>vrail:186138:12.004303
>i7:186138:-0.006862
>i8:186138:-0.160742
>seq:186138:53.000000
>i3:186338:0.281696
>i4:186338:0.279236
>i5:186338:0.289071
>vrail:186338:12.002563
>i7:186338:0.019078
>i8:186338:0.286341
>seq:186338:83.000000
>i3:186538:0.277119
>i4:186538:0.282288
>i5:186538:0.286019
>vrail:186538:12.002563
>i7:186538:0.101476
>i8:186538:0.274134
>seq:186538:114.000000
>i3:186738:0.162678
>i4:186738:0.158691
>i5:186738:0.170052
>vrail:186738:12.001694
>i7:186738:0.038915
>i8:186738:0.145960
>seq:186738:144.000000
>i3:186938:0.103168
>i4:186938:0.109863
>i5:186938:0.115120
>vrail:186938:12.002563
>i7:186938:-0.019069
>i8:186938:0.112391
>seq:186938:175.000000
>i3:187138:0.100117
>i4:187138:0.102234
>i5:187138:0.101388
>vrail:187138:12.002563
>i7:187138:-0.002284
>i8:187138:0.101709
>seq:187138:206.000000
>i3:187338:0.155048
>i4:187338:0.151062
>i5:187338:0.156319
>vrail:187338:12.002563
>i7:187338:0.000768
>i8:187338:0.149012
>seq:187338:236.000000
>i3:187538:0.206928
>i4:187538:0.205994
>i5:187538:0.211251
>vrail:187538:12.002563
>i7:187538:0.058751
>i8:187538:0.190210
>seq:187538:11.000000
>i3:187738:0.109272
>i4:187738:0.117493
>i5:187738:0.125802
>vrail:187738:12.003433
>i7:187738:-0.031276
>i8:187738:0.112391
>seq:187738:41.000000
>i3:187938:0.196247
>i4:187938:0.184631
>i5:187938:0.202096
>vrail:187938:12.003433
>i7:187938:-0.006862
>i8:187938:0.196314
>seq:187938:72.000000
>i3:188138:0.158100
>i4:188138:0.164795
>i5:188138:0.171578
>vrail:188138:12.003433
>i7:188138:-0.019069
>i8:188138:0.156641
>seq:188138:102.000000
>i3:188338:0.158100
>i4:188338:0.158691
>i5:188338:0.156319
>vrail:188338:12.003433
>i7:188338:-0.016017
>i8:188338:0.153589
>seq:188338:133.000000
>i3:188538:0.263386
>i4:188538:0.263977
>i5:188538:0.272286
>vrail:188538:12.003433
>i7:188538:0.075536
>i8:188538:0.281763
>seq:188538:164.000000
>i3:188738:0.187092
>i4:188738:0.198364
>i5:188738:0.200570
>vrail:188738:12.005173
>i7:188738:0.003819
>i8:188738:0.187159
>seq:188738:195.000000
>i3:188938:0.231342
>i4:188938:0.234985
>i5:188938:0.229561
>vrail:188938:12.004303
>i7:188938:0.002294
>i8:188938:0.223780
>seq:188938:226.000000
>i3:189138:0.281696
>i4:189138:0.285339
>i5:189138:0.292122
>vrail:189138:12.003433
>i7:189138:0.064855
>i8:189138:0.283289
>seq:189138:0.000000
>i3:189338:0.164204
>i4:189338:0.172424
>i5:189338:0.176156
>vrail:189338:12.004303
>i7:189338:-0.019069
>i8:189338:0.167322
>seq:189338:31.000000
>i3:189538:0.162678
>i4:189538:0.170898
>i5:189538:0.173104
>vrail:189538:12.004303
>i7:189538:0.058751
>i8:189538:0.170374
>seq:189538:61.000000
>i3:189738:0.036030
>i4:189738:0.024414
>i5:189738:0.035775
>vrail:189738:12.004303
>i7:189738:-0.016017
>i8:189738:0.026941
>seq:189738:92.000000
>i3:189938:0.386982
>i4:189938:0.398254
>i5:189938:0.412667
>vrail:189938:12.006042
>i7:189938:-0.029750
>i8:189938:0.391626
>seq:189938:122.000000
>i3:190138:0.335102
>i4:190138:0.340271
>i5:190138:0.339425
>vrail:190138:12.006042
>i7:190138:0.000768
>i8:190138:0.321436
>seq:190138:153.000000
>i3:190338:0.388508
>i4:190338:0.405884
>i5:190338:0.403512
>vrail:190338:12.006912
>i7:190338:-0.000758
>i8:190338:0.373316
>seq:190338:184.000000
>i3:190538:0.594501
>i4:190538:0.599670
>i5:190538:0.624764
>vrail:190538:12.006912
>i7:190538:0.048070
>i8:190538:0.582361
>seq:190538:214.000000
>i3:190738:0.473957
>i4:190738:0.482178
>i5:190738:0.487435
>vrail:190738:12.006042
>i7:190738:0.026708
>i8:190738:0.463343
>seq:190738:245.000000
>i3:190938:0.403767
>i4:190938:0.408936
>i5:190938:0.415719
>vrail:190938:12.005173
>i7:190938:0.012975
>i8:190938:0.397730
>seq:190938:19.000000
>i3:191138:0.428181
>i4:191138:0.450134
>i5:191138:0.450814
>vrail:191138:12.005173
>i7:191138:0.003819
>i8:191138:0.431299
>seq:191138:50.000000
>i3:191338:0.335102
>i4:191338:0.346375
>i5:191338:0.356209
>vrail:191338:12.004303
>i7:191338:-0.023646
>i8:191338:0.330591
>seq:191338:80.000000
>i3:191538:0.394611
>i4:191538:0.405884
>i5:191538:0.408089
>vrail:191538:12.004303
>i7:191538:-0.025172
>i8:191538:0.382471
>seq:191538:111.000000
>i3:191738:0.429707
>i4:191738:0.439453
>i5:191738:0.450814
>vrail:191738:12.004303
>i7:191738:-0.000758
>i8:191738:0.423670
>seq:191738:142.000000
>i3:191938:0.411396
>i4:191938:0.425720
>i5:191938:0.430977
>vrail:191938:12.005173
>i7:191938:-0.031276
>i8:191938:0.400782
>seq:191938:172.000000
>i3:192138:0.560932
>i4:192138:0.590515
>i5:192138:0.568306
>vrail:192138:12.005173
>i7:192138:-0.012965
>i8:192138:0.538111
>seq:192138:203.000000
>i3:192338:0.361042
>i4:192338:0.376892
>i5:192338:0.385201
>vrail:192338:12.005173
>i7:192338:0.005345
>i8:192338:0.362635
>seq:192338:233.000000
>i3:192538:0.359516
>i4:192538:0.375366
>i5:192538:0.379097
>vrail:192538:12.005173
>i7:192538:0.014501
>i8:192538:0.364161
>seq:192538:8.000000
>i3:192738:0.422077
>i4:192738:0.427246
>i5:192738:0.441658
>vrail:192738:12.005173
>i7:192738:-0.000758
>i8:192738:0.422144
>seq:192738:38.000000
>i3:192938:0.496845
>i4:192938:0.506592
>i5:192938:0.505745
>vrail:192938:12.005173
>i7:192938:0.003819
>i8:192938:0.484705
>seq:192938:69.000000
>i3:193138:0.492268
>i4:193138:0.503540
>i5:193138:0.530159
>vrail:193138:12.005173
>i7:193138:0.017552
>i8:193138:0.492334
>seq:193138:100.000000
>i3:193338:0.423603
>i4:193338:0.447083
>i5:193338:0.447762
>vrail:193338:12.005173
>i7:193338:0.045018
>i8:193338:0.420618
>seq:193338:131.000000
>i3:193538:0.386982
>i4:193538:0.395203
>i5:193538:0.406563
>vrail:193538:12.005173
>i7:193538:0.000768
>i8:193538:0.390100
>seq:193538:162.000000
>i3:193738:0.483112
>i4:193738:0.495911
>i5:193738:0.508797
>vrail:193738:12.005173
>i7:193738:-0.035853
>i8:193738:0.472498
>seq:193738:192.000000
>i3:193938:0.353413
>i4:193938:0.376892
>i5:193938:0.380623
>vrail:193938:12.004303
>i7:193938:-0.025172
>i8:193938:0.351954
>seq:193938:223.000000
>i3:194138:0.354939
>i4:194138:0.367737
>i5:194138:0.374520
>vrail:194138:12.004303
>i7:194138:-0.051112
>i8:194138:0.347376
>seq:194138:253.000000
>i3:194338:0.457172
>i4:194338:0.468445
>i5:194338:0.469124
>vrail:194338:12.004303
>i7:194338:0.054173
>i8:194338:0.454187
>seq:194338:28.000000
>i3:194538:0.396137
>i4:194538:0.413513
>i5:194538:0.414193
>vrail:194538:12.004303
>i7:194538:-0.012965
>i8:194538:0.393152
>seq:194538:58.000000
>i3:194738:0.419025
>i4:194738:0.425720
>i5:194738:0.435555
>vrail:194738:12.004303
>i7:194738:0.000768
>i8:194738:0.409937
>seq:194738:89.000000
>i3:194938:0.509052
>i4:194938:0.518799
>i5:194938:0.531685
>vrail:194938:12.004303
>i7:194938:0.023656
>i8:194938:0.499964
>seq:194938:120.000000
>i3:195138:0.391560
>i4:195138:0.407410
>i5:195138:0.405037
>vrail:195138:12.005173
>i7:195138:-0.003810
>i8:195138:0.394678
>seq:195138:150.000000
>i3:195338:0.496845
>i4:195338:0.502014
>i5:195338:0.501168
>vrail:195338:12.005173
>i7:195338:0.075536
>i8:195338:0.483179
>seq:195338:181.000000
>i3:195538:0.412922
>i4:195538:0.404358
>i5:195538:0.426400
>vrail:195538:12.005173
>i7:195538:-0.002284
>i8:195538:0.403833
>seq:195538:211.000000
>i3:195738:0.193195
>i4:195738:0.205994
>i5:195738:0.212777
>vrail:195738:12.005173
>i7:195738:-0.012965
>i8:195738:0.202417
>seq:195738:242.000000
>i3:195938:0.219135
>i4:195938:0.213623
>i5:195938:0.220406
>vrail:195938:12.006042
>i7:195938:-0.006862
>i8:195938:0.214624
>seq:195938:16.000000
>i3:196138:0.242023
>i4:196138:0.248718
>i5:196138:0.247872
>vrail:196138:12.006042
>i7:196138:-0.011439
>i8:196138:0.243616
>seq:196138:47.000000
>i3:196338:0.354939
>i4:196338:0.364685
>i5:196338:0.363839
>vrail:196338:12.006042
>i7:196338:0.052648
>i8:196338:0.347376
>seq:196338:78.000000
>i3:196538:0.234394
>i4:196538:0.222778
>i5:196538:0.223458
>vrail:196538:12.006912
>i7:196538:0.002294
>i8:196538:0.220728
>seq:196538:109.000000
>i3:196738:0.211506
>i4:196738:0.225830
>i5:196738:0.220406
>vrail:196738:12.006912
>i7:196738:-0.003810
>i8:196738:0.217676
>seq:196738:140.000000
>i3:196938:0.209980
>i4:196938:0.213623
>i5:196938:0.228035
>vrail:196938:12.006912
>i7:196938:-0.000758
>i8:196938:0.213099
>seq:196938:170.000000
>i3:197138:0.266438
>i4:197138:0.268555
>i5:197138:0.281441
>vrail:197138:12.006912
>i7:197138:0.064855
>i8:197138:0.264978
>seq:197138:201.000000
>i3:197338:0.203876
>i4:197338:0.218201
>i5:197338:0.218880
>vrail:197338:12.007782
>i7:197338:-0.002284
>i8:197338:0.200891
>seq:197338:231.000000
>i3:197538:0.074177
>i4:197538:0.073242
>i5:197538:0.076973
>vrail:197538:12.007782
>i7:197538:0.016026
>i8:197538:0.078821
>seq:197538:6.000000
>i3:197738:0.090961
>i4:197738:0.082397
>i5:197738:0.084603
>vrail:197738:12.006912
>i7:197738:0.016026
>i8:197738:0.091028
>seq:197738:36.000000
>i3:197938:0.182514
>i4:197938:0.192261
>i5:197938:0.188363
>vrail:197938:12.007782
>i7:197938:-0.005336
>i8:197938:0.170374
>seq:197938:67.000000
>i3:198138:0.087910
>i4:198138:0.090027
>i5:198138:0.105965
>vrail:198138:12.007782
>i7:198138:-0.005336
>i8:198138:0.092554
>seq:198138:98.000000
>i3:198338:0.162678
>i4:198338:0.169373
>i5:198338:0.173104
>vrail:198338:12.005173
>i7:198338:-0.038905
>i8:198338:0.162745
>seq:198338:128.000000
>i3:198538:0.101643
>i4:198538:0.111389
>i5:198538:0.115120
>vrail:198538:12.005173
>i7:198538:-0.031276
>i8:198538:0.109339
>seq:198538:159.000000
>i3:198738:0.045185
>i4:198738:0.047302
>i5:198738:0.051033
>vrail:198738:12.007782
>i7:198738:-0.025172
>i8:198738:0.049829
>seq:198738:189.000000
>i3:198938:0.151997
>i4:198938:0.154114
>i5:198938:0.154793
>vrail:198938:12.005173
>i7:198938:0.014501
>i8:198938:0.141382
>seq:198938:220.000000
>i3:199138:0.208454
>i4:199138:0.209045
>i5:199138:0.214303
>vrail:199138:12.005173
>i7:199138:0.064855
>i8:199138:0.208521
>seq:199138:250.000000
>i3:199338:0.863056
>i4:199338:0.888062
>i5:199338:0.902474
>vrail:199338:12.005173
>i7:199338:0.016026
>i8:199338:0.853968
>seq:199338:25.000000
>i3:199538:0.168781
>i4:199538:0.180054
>i5:199538:0.182259
>vrail:199538:12.005173
>i7:199538:0.005345
>i8:199538:0.162745
>seq:199538:56.000000
>i3:199738:0.173359
>i4:199738:0.161743
>i5:199738:0.182259
>vrail:199738:12.005173
>i7:199738:-0.002284
>i8:199738:0.156641
>seq:199738:86.000000
>i3:199938:0.159626
>i4:199938:0.169373
>i5:199938:0.163949
>vrail:199938:12.006042
>i7:199938:-0.034328
>i8:199938:0.165796
>seq:199938:117.000000
>i3:200138:0.222187
>i4:200138:0.222778
>i5:200138:0.228035
>vrail:200138:12.006912
>i7:200138:0.049596
>i8:200138:0.216150
>seq:200138:147.000000
>i3:200338:0.167255
>i4:200338:0.158691
>i5:200338:0.168526
>vrail:200338:12.006912
>i7:200338:-0.032802
>i8:200338:0.162745
>seq:200338:178.000000
>i3:200538:0.185566
>i4:200538:0.186157
>i5:200538:0.189888
>vrail:200538:12.006912
>i7:200538:-0.008388
>i8:200538:0.176477
>seq:200538:208.000000
>i3:200738:0.229816
>i4:200738:0.221252
>i5:200738:0.234139
>vrail:200738:12.004303
>i7:200738:0.000768
>i8:200738:0.214624
>seq:200738:239.000000
>i3:200938:0.281696
>i4:200938:0.294495
>i5:200938:0.304329
>vrail:200938:12.004303
>i7:200938:0.023656
>i8:200938:0.277185
>seq:200938:14.000000
>i3:201138:0.284748
>i4:201138:0.294495
>i5:201138:0.298226
>vrail:201138:12.004303
>i7:201138:0.093846
>i8:201138:0.286341
>seq:201138:45.000000
>i3:201338:0.196247
>i4:201338:0.199890
>i5:201338:0.206673
>vrail:201338:12.004303
>i7:201338:0.000768
>i8:201338:0.202417
>seq:201338:76.000000
>i3:201538:0.251179
>i4:201538:0.257874
>i5:201538:0.260079
>vrail:201538:12.004303
>i7:201538:0.019078
>i8:201538:0.254297
>seq:201538:106.000000
>i3:201738:0.161152
>i4:201738:0.166321
>i5:201738:0.163949
>vrail:201738:12.005173
>i7:201738:0.022130
>i8:201738:0.156641
>seq:201738:137.000000
>i3:201938:0.139790
>i4:201938:0.141907
>i5:201938:0.138009
>vrail:201938:12.006042
>i7:201938:0.002294
>i8:201938:0.129175
>seq:201938:167.000000
>i3:202138:0.335102
>i4:202138:0.335693
>i5:202138:0.334847
>vrail:202138:12.006042
>i7:202138:0.058751
>i8:202138:0.336695
>seq:202138:198.000000
>i3:202338:0.094013
>i4:202338:0.103760
>i5:202338:0.093758
>vrail:202338:12.006042
>i7:202338:-0.037379
>i8:202338:0.106287
>seq:202338:228.000000
>i3:202538:0.132160
>i4:202538:0.126648
>i5:202538:0.142586
>vrail:202538:12.006042
>i7:202538:-0.029750
>i8:202538:0.132227
>seq:202538:3.000000
>i3:202738:0.133686
>i4:202738:0.131226
>i5:202738:0.134957
>vrail:202738:12.006042
>i7:202738:0.002294
>i8:202738:0.135279
>seq:202738:34.000000
>i3:202938:0.141315
>i4:202938:0.138855
>i5:202938:0.145638
>vrail:202938:12.005173
>i7:202938:-0.026698
>i8:202938:0.132227
>seq:202938:64.000000
>i3:203138:0.205402
>i4:203138:0.202942
>i5:203138:0.214303
>vrail:203138:12.005173
>i7:203138:-0.009913
>i8:203138:0.199366
>seq:203138:95.000000
>i3:203338:0.132160
>i4:203338:0.129700
>i5:203338:0.141060
>vrail:203338:12.004303
>i7:203338:-0.012965
>i8:203338:0.144434
>seq:203338:125.000000
>i3:203538:0.246601
>i4:203538:0.254822
>i5:203538:0.258553
>vrail:203538:12.002563
>i7:203538:0.020604
>i8:203538:0.240564
>seq:203538:156.000000
>i3:203738:0.278645
>i4:203738:0.285339
>i5:203738:0.292122
>vrail:203738:12.002563
>i7:203738:0.020604
>i8:203738:0.278711
>seq:203738:186.000000
>i3:203938:0.174885
>i4:203938:0.167847
>i5:203938:0.176156
>vrail:203938:12.001694
>i7:203938:0.023656
>i8:203938:0.159693
>seq:203938:217.000000
>i3:204138:0.148945
>i4:204138:0.152588
>i5:204138:0.151742
>vrail:204138:12.001694
>i7:204138:0.011449
>i8:204138:0.141382
>seq:204138:248.000000
>i3:204338:0.200825
>i4:204338:0.201416
>i5:204338:0.191414
>vrail:204338:12.001694
>i7:204338:-0.016017
>i8:204338:0.187159
>seq:204338:23.000000
>i3:204538:0.156574
>i4:204538:0.157166
>i5:204538:0.160897
>vrail:204538:12.001694
>i7:204538:-0.022120
>i8:204538:0.149012
>seq:204538:54.000000
>i3:204738:0.187092
>i4:204738:0.199890
>i5:204738:0.199044
>vrail:204738:12.001694
>i7:204738:-0.029750
>i8:204738:0.194788
>seq:204738:84.000000
>i3:204938:0.216084
>i4:204938:0.225830
>i5:204938:0.218880
>vrail:204938:12.000824
>i7:204938:0.009923
>i8:204938:0.217676
>seq:204938:115.000000
>i3:205138:0.138264
>i4:205138:0.144958
>i5:205138:0.159371
>vrail:205138:12.000824
>i7:205138:-0.009913
>i8:205138:0.147486
>seq:205138:145.000000
>i3:205338:0.228291
>i4:205338:0.241089
>i5:205338:0.253975
>vrail:205338:12.000824
>i7:205338:-0.000758
>i8:205338:0.220728
>seq:205338:176.000000
>i3:205538:0.350361
>i4:205538:0.355530
>i5:205538:0.366890
>vrail:205538:12.001694
>i7:205538:0.002294
>i8:205538:0.345850
>seq:205538:207.000000
>i3:205738:0.261860
>i4:205738:0.260925
>i5:205738:0.272286
>vrail:205738:12.001694
>i7:205738:0.017552
>i8:205738:0.260401
>seq:205738:238.000000
>i3:205938:0.272541
>i4:205938:0.285339
>i5:205938:0.286019
>vrail:205938:12.001694
>i7:205938:0.058751
>i8:205938:0.280237
>seq:205938:13.000000
>i3:206138:0.173359
>i4:206138:0.181580
>i5:206138:0.186837
>vrail:206138:12.001694
>i7:206138:0.009923
>i8:206138:0.178003
>seq:206138:43.000000
>i3:206338:0.209980
>i4:206338:0.213623
>i5:206338:0.208199
>vrail:206338:12.001694
>i7:206338:-0.012965
>i8:206338:0.200891
>seq:206338:74.000000
>i3:206538:0.203876
>i4:206538:0.201416
>i5:206538:0.217354
>vrail:206538:12.003433
>i7:206538:-0.029750
>i8:206538:0.203943
>seq:206538:104.000000
>i3:206738:0.168781
>i4:206738:0.172424
>i5:206738:0.180733
>vrail:206738:12.003433
>i7:206738:-0.025172
>i8:206738:0.165796
>seq:206738:135.000000
>i3:206938:0.148945
>i4:206938:0.157166
>i5:206938:0.151742
>vrail:206938:12.004303
>i7:206938:0.028234
>i8:206938:0.142908
>seq:206938:165.000000
>i3:207138:0.110798
>i4:207138:0.120544
>i5:207138:0.113595
>vrail:207138:12.004303
>i7:207138:-0.038905
>i8:207138:0.104761
>seq:207138:196.000000
>i3:207338:0.165730
>i4:207338:0.154114
>i5:207338:0.163949
>vrail:207338:12.005173
>i7:207338:0.005345
>i8:207338:0.153589
>seq:207338:227.000000
>i3:207538:0.176411
>i4:207538:0.183105
>i5:207538:0.194466
>vrail:207538:12.004303
>i7:207538:-0.012965
>i8:207538:0.179529
>seq:207538:1.000000
>i3:207738:0.217609
>i4:207738:0.218201
>i5:207738:0.224984
>vrail:207738:12.004303
>i7:207738:0.011449
>i8:207738:0.213099
>seq:207738:32.000000
>i3:207938:0.306110
>i4:207938:0.311279
>i5:207938:0.313485
>vrail:207938:12.005173
>i7:207938:0.074010
>i8:207938:0.312281
>seq:207938:62.000000
>i3:208138:0.159626
>i4:208138:0.160217
>i5:208138:0.165474
>vrail:208138:12.005173
>i7:208138:-0.003810
>i8:208138:0.155115
>seq:208138:93.000000
>i3:208338:0.187092
>i4:208338:0.199890
>i5:208338:0.208199
>vrail:208338:12.005173
>i7:208338:-0.031276
>i8:208338:0.203943
>seq:208338:123.000000
>i3:208538:0.110798
>i4:208538:0.115967
>i5:208538:0.124276
>vrail:208538:12.006042
>i7:208538:-0.034328
>i8:208538:0.120020
>seq:208538:154.000000
>i3:208738:0.123005
>i4:208738:0.122070
>i5:208738:0.127327
>vrail:208738:12.006042
>i7:208738:-0.002284
>i8:208738:0.129175
>seq:208738:185.000000
>i3:208938:0.167255
>i4:208938:0.172424
>i5:208938:0.180733
>vrail:208938:12.007782
>i7:208938:-0.052638
>i8:208938:0.171900
>seq:208938:216.000000
>i3:209138:0.118427
>i4:209138:0.123596
>i5:209138:0.127327
>vrail:209138:12.007782
>i7:209138:-0.029750
>i8:209138:0.118494
>seq:209138:247.000000
>i3:209338:0.083332
>i4:209338:0.094604
>i5:209338:0.089180
>vrail:209338:12.006912
>i7:209338:-0.031276
>i8:209338:0.084925
>seq:209338:21.000000
>i3:209538:0.184040
>i4:209538:0.195312
>i5:209538:0.185311
>vrail:209538:12.006912
>i7:209538:0.006871
>i8:209538:0.176477
>seq:209538:52.000000
>i3:209738:0.185566
>i4:209738:0.190735
>i5:209738:0.194466
>vrail:209738:12.006912
>i7:209738:0.038915
>i8:209738:0.190210
>seq:209738:82.000000
>i3:209938:0.156574
>i4:209938:0.161743
>i5:209938:0.159371
>vrail:209938:12.006912
>i7:209938:0.000768
>i8:209938:0.152063
>seq:209938:113.000000
>i3:210138:0.168781
>i4:210138:0.170898
>i5:210138:0.170052
>vrail:210138:12.005173
>i7:210138:0.002294
>i8:210138:0.159693
>seq:210138:143.000000
>i3:210338:0.214558
>i4:210338:0.216675
>i5:210338:0.231087
>vrail:210338:12.005173
>i7:210338:0.023656
>i8:210338:0.210047
>seq:210338:174.000000
>i3:210538:0.171833
>i4:210538:0.183105
>i5:210538:0.180733
>vrail:210538:12.005173
>i7:210538:-0.019069
>i8:210538:0.170374
>seq:210538:205.000000
>i3:210738:0.226765
>i4:210738:0.221252
>i5:210738:0.228035
>vrail:210738:12.005173
>i7:210738:0.052648
>i8:210738:0.213099
>seq:210738:235.000000
>i3:210938:0.139790
>i4:210938:0.144958
>i5:210938:0.144112
>vrail:210938:12.005173
>i7:210938:-0.034328
>i8:210938:0.133753
>seq:210938:10.000000
>i3:211138:0.103168
>i4:211138:0.105286
>i5:211138:0.104439
>vrail:211138:12.005173
>i7:211138:-0.054164
>i8:211138:0.100183
>seq:211138:40.000000
>i3:211338:0.123005
>i4:211338:0.128174
>i5:211338:0.128853
>vrail:211338:12.005173
>i7:211338:-0.035853
>i8:211338:0.116968
>seq:211338:71.000000
>i3:211538:0.124531
>i4:211538:0.134277
>i5:211538:0.138009
>vrail:211538:12.005173
>i7:211538:-0.017543
>i8:211538:0.124598
>seq:211538:101.000000
>i3:211738:0.119953
>i4:211738:0.128174
>i5:211738:0.130379
>vrail:211738:12.005173
>i7:211738:-0.035853
>i8:211738:0.118494
>seq:211738:132.000000
>i3:211938:0.173359
>i4:211938:0.178528
>i5:211938:0.174630
>vrail:211938:12.007782
>i7:211938:0.011449
>i8:211938:0.173426
>seq:211938:163.000000
>i3:212138:0.173359
>i4:212138:0.173950
>i5:212138:0.174630
>vrail:212138:12.009521
>i7:212138:0.008397
>i8:212138:0.178003
>seq:212138:194.000000
>i3:212338:0.156574
>i4:212338:0.152588
>i5:212338:0.162423
>vrail:212338:12.009521
>i7:212338:0.012975
>i8:212338:0.149012
>seq:212338:225.000000
>i3:212538:0.191669
>i4:212538:0.190735
>i5:212538:0.185311
>vrail:212538:12.009521
>i7:212538:0.035863
>i8:212538:0.191736
>seq:212538:255.000000
>i3:212738:0.249653
>i4:212738:0.253296
>i5:212738:0.253975
>vrail:212738:12.006912
>i7:212738:0.066381
>i8:212738:0.242090
>seq:212738:30.000000
>i3:212938:0.081806
>i4:212938:0.080872
>i5:212938:0.073922
>vrail:212938:12.006912
>i7:212938:-0.026698
>i8:212938:0.075769
>seq:212938:60.000000
>i3:213138:0.228291
>i4:213138:0.224304
>i5:213138:0.244820
>vrail:213138:12.006912
>i7:213138:-0.009913
>i8:213138:0.229883
>seq:213138:91.000000
>i3:213338:0.182514
>i4:213338:0.178528
>i5:213338:0.194466
>vrail:213338:12.006912
>i7:213338:-0.019069
>i8:213338:0.171900
>seq:213338:121.000000
>i3:213538:0.164204
>i4:213538:0.184631
>i5:213538:0.179207
>vrail:213538:12.006042
>i7:213538:-0.017543
>i8:213538:0.170374
>seq:213538:152.000000
>i3:213738:0.298481
>i4:213738:0.296021
>i5:213738:0.308907
>vrail:213738:12.006042
>i7:213738:0.051122
>i8:213738:0.298548
>seq:213738:183.000000
>i3:213938:0.158100
>i4:213938:0.163269
>i5:213938:0.170052
>vrail:213938:12.006042
>i7:213938:0.000768
>i8:213938:0.168848
>seq:213938:213.000000
>i3:214138:0.164204
>i4:214138:0.170898
>i5:214138:0.171578
>vrail:214138:12.006042
>i7:214138:-0.002284
>i8:214138:0.159693
>seq:214138:244.000000
>i3:214338:0.194721
>i4:214338:0.202942
>i5:214338:0.203621
>vrail:214338:12.006042
>i7:214338:0.034337
>i8:214338:0.205469
>seq:214338:18.000000
>i3:214538:0.113850
>i4:214538:0.119019
>i5:214538:0.112069
>vrail:214538:12.005173
>i7:214538:0.011449
>i8:214538:0.110865
>seq:214538:49.000000
>i3:214738:0.278645
>i4:214738:0.282288
>i5:214738:0.293648
>vrail:214738:12.006912
>i7:214738:0.020604
>i8:214738:0.283289
>seq:214738:79.000000
>i3:214938:0.132160
>i4:214938:0.144958
>i5:214938:0.150216
>vrail:214938:12.006912
>i7:214938:-0.020595
>i8:214938:0.132227
>seq:214938:110.000000
>i3:215138:0.133686
>i4:215138:0.137329
>i5:215138:0.142586
>vrail:215138:12.006042
>i7:215138:-0.003810
>i8:215138:0.132227
>seq:215138:141.000000
>i3:215338:0.159626
>i4:215338:0.151062
>i5:215338:0.162423
>vrail:215338:12.006042
>i7:215338:-0.008388
>i8:215338:0.155115
>seq:215338:171.000000
>i3:215538:0.130634
>i4:215538:0.131226
>i5:215538:0.133431
>vrail:215538:12.006042
>i7:215538:-0.000758
>i8:215538:0.127649
>seq:215538:202.000000
>i3:215738:0.191669
>i4:215738:0.190735
>i5:215738:0.188363
>vrail:215738:12.006042
>i7:215738:-0.017543
>i8:215738:0.184107
>seq:215738:232.000000
>i3:215938:0.165730
>i4:215938:0.167847
>i5:215938:0.170052
>vrail:215938:12.006042
>i7:215938:-0.005336
>i8:215938:0.150537
>seq:215938:7.000000
>i3:216138:0.162678
>i4:216138:0.170898
>i5:216138:0.174630
>vrail:216138:12.005173
>i7:216138:0.000768
>i8:216138:0.164270
>seq:216138:37.000000
>i3:216338:0.184040
>i4:216338:0.187683
>i5:216338:0.186837
>vrail:216338:12.006042
>i7:216338:0.002294
>i8:216338:0.185633
>seq:216338:68.000000
>i3:216538:0.211506
>i4:216538:0.212097
>i5:216538:0.214303
>vrail:216538:12.007782
>i7:216538:0.054173
>i8:216538:0.203943
>seq:216538:99.000000
>i3:216738:0.174885
>i4:216738:0.190735
>i5:216738:0.186837
>vrail:216738:12.007782
>i7:216738:0.019078
>i8:216738:0.181055
>seq:216738:130.000000
>i3:216938:0.188618
>i4:216938:0.187683
>i5:216938:0.195992
>vrail:216938:12.007782
>i7:216938:0.000768
>i8:216938:0.170374
>seq:216938:161.000000
>i3:217138:0.167255
>i4:217138:0.163269
>i5:217138:0.171578
>vrail:217138:12.007782
>i7:217138:-0.017543
>i8:217138:0.159693
>seq:217138:191.000000
>i3:217338:0.124531
>i4:217338:0.138855
>i5:217338:0.133431
>vrail:217338:12.007782
>i7:217338:-0.028224
>i8:217338:0.130701
>seq:217338:222.000000
>i3:217538:0.245075
>i4:217538:0.244141
>i5:217538:0.252450
>vrail:217538:12.007782
>i7:217538:0.057225
>i8:217538:0.243616
>seq:217538:252.000000
>i3:217738:0.155048
>i4:217738:0.152588
>i5:217738:0.157845
>vrail:217738:12.006912
>i7:217738:-0.016017
>i8:217738:0.155115
>seq:217738:27.000000
>i3:217938:0.164204
>i4:217938:0.167847
>i5:217938:0.173104
>vrail:217938:12.005173
>i7:217938:-0.019069
>i8:217938:0.162745
>seq:217938:57.000000
>i3:218138:0.141315
>i4:218138:0.146484
>i5:218138:0.148690
>vrail:218138:12.005173
>i7:218138:-0.008388
>i8:218138:0.136805
>seq:218138:88.000000
>i3:218338:0.156574
>i4:218338:0.155640
>i5:218338:0.163949
>vrail:218338:12.005173
>i7:218338:0.006871
>i8:218338:0.153589
>seq:218338:119.000000
>i3:218538:0.237446
>i4:218538:0.236511
>i5:218538:0.247872
>vrail:218538:12.005173
>i7:218538:0.098424
>i8:218538:0.237513
>seq:218538:149.000000
>i3:218738:0.187092
>i4:218738:0.187683
>i5:218738:0.200570
>vrail:218738:12.005173
>i7:218738:0.006871
>i8:218738:0.188684
>seq:218738:180.000000
>i3:218938:0.159626
>i4:218938:0.163269
>i5:218938:0.160897
>vrail:218938:12.004303
>i7:218938:0.014501
>i8:218938:0.159693
>seq:218938:210.000000
>i3:219138:0.155048
>i4:219138:0.160217
>i5:219138:0.160897
>vrail:219138:12.004303
>i7:219138:-0.006862
>i8:219138:0.158167
>seq:219138:241.000000
>i3:219338:0.162678
>i4:219338:0.170898
>i5:219338:0.168526
>vrail:219338:12.004303
>i7:219338:0.000768
>i8:219338:0.164270
>seq:219338:15.000000
>i3:219538:0.295429
>i4:219538:0.302124
>i5:219538:0.304329
>vrail:219538:12.004303
>i7:219538:0.058751
>i8:219538:0.300074
>seq:219538:46.000000
>i3:219738:0.155048
>i4:219738:0.155640
>i5:219738:0.151742
>vrail:219738:12.004303
>i7:219738:-0.032802
>i8:219738:0.155115
>seq:219738:77.000000
>i3:219938:0.147419
>i4:219938:0.160217
>i5:219938:0.167000
>vrail:219938:12.005173
>i7:219938:-0.014491
>i8:219938:0.153589
>seq:219938:108.000000
>i3:220138:0.136738
>i4:220138:0.134277
>i5:220138:0.142586
>vrail:220138:12.006912
>i7:220138:-0.032802
>i8:220138:0.129175
>seq:220138:139.000000
>i3:220338:0.121479
>i4:220338:0.131226
>i5:220338:0.133431
>vrail:220338:12.006912
>i7:220338:0.020604
>i8:220338:0.129175
>seq:220338:169.000000
>i3:220538:0.296955
>i4:220538:0.309753
>i5:220538:0.304329
>vrail:220538:12.006912
>i7:220538:0.058751
>i8:220538:0.303125
>seq:220538:200.000000
>i3:220738:0.173359
>i4:220738:0.175476
>i5:220738:0.176156
>vrail:220738:12.005173
>i7:220738:0.019078
>i8:220738:0.164270
>seq:220738:230.000000
>i3:220938:0.228291
>i4:220938:0.241089
>i5:220938:0.243294
>vrail:220938:12.003433
>i7:220938:0.017552
>i8:220938:0.234461
>seq:220938:5.000000
>i3:221138:0.216084
>i4:221138:0.212097
>i5:221138:0.220406
>vrail:221138:12.003433
>i7:221138:0.011449
>i8:221138:0.219202
>seq:221138:35.000000
>i3:221338:0.182514
>i4:221338:0.177002
>i5:221338:0.176156
>vrail:221338:12.002563
>i7:221338:0.052648
>i8:221338:0.171900
>seq:221338:66.000000
>i3:221538:0.159626
>i4:221538:0.173950
>i5:221538:0.179207
>vrail:221538:12.002563
>i7:221538:-0.012965
>i8:221538:0.156641
>seq:221538:97.000000
>i3:221738:0.214558
>i4:221738:0.212097
>i5:221738:0.205147
>vrail:221738:12.001694
>i7:221738:0.005345
>i8:221738:0.211573
>seq:221738:127.000000
>i3:221938:0.110798
>i4:221938:0.119019
>i5:221938:0.115120
>vrail:221938:12.001694
>i7:221938:-0.037379
>i8:221938:0.109339
>seq:221938:158.000000
>i3:222138:0.110798
>i4:222138:0.117493
>i5:222138:0.112069
>vrail:222138:12.002563
>i7:222138:-0.038905
>i8:222138:0.104761
>seq:222138:188.000000
>i3:222338:0.153522
>i4:222338:0.161743
>i5:222338:0.151742
>vrail:222338:12.002563
>i7:222338:0.019078
>i8:222338:0.144434
>seq:222338:219.000000
>i3:222538:0.173359
>i4:222538:0.184631
>i5:222538:0.188363
>vrail:222538:12.002563
>i7:222538:0.002294
>i8:222538:0.178003
>seq:222538:249.000000
>i3:222738:0.176411
>i4:222738:0.180054
>i5:222738:0.173104
>vrail:222738:12.002563
>i7:222738:0.019078
>i8:222738:0.170374
>seq:222738:24.000000
>i3:222938:0.142841
>i4:222938:0.141907
>i5:222938:0.127327
>vrail:222938:12.002563
>i7:222938:0.008397
>i8:222938:0.132227
>seq:222938:54.000000
>i3:223138:0.197773
>i4:223138:0.189209
>i5:223138:0.203621
>vrail:223138:12.001694
>i7:223138:0.017552
>i8:223138:0.190210
>seq:223138:85.000000
>i3:223338:0.187092
>i4:223338:0.186157
>i5:223338:0.189888
>vrail:223338:12.000824
>i7:223338:0.048070
>i8:223338:0.184107
>seq:223338:116.000000
>i3:223538:0.266438
>i4:223538:0.271606
>i5:223538:0.282967
>vrail:223538:12.000824
>i7:223538:0.011449
>i8:223538:0.271082
>seq:223538:146.000000
>i3:223738:0.138264
>i4:223738:0.161743
>i5:223738:0.162423
>vrail:223738:12.000824
>i7:223738:-0.032802
>i8:223738:0.147486
>seq:223738:177.000000
>i3:223938:0.129108
>i4:223938:0.129700
>i5:223938:0.130379
>vrail:223938:12.000824
>i7:223938:-0.052638
>i8:223938:0.127649
>seq:223938:207.000000
>i3:224138:0.138264
>i4:224138:0.137329
>i5:224138:0.133431
>vrail:224138:12.000824
>i7:224138:-0.025172
>i8:224138:0.129175
>seq:224138:238.000000
>i3:224338:0.208454
>i4:224338:0.210571
>i5:224338:0.221932
>vrail:224338:12.003433
>i7:224338:0.052648
>i8:224338:0.206995
>seq:224338:12.000000
>i3:224538:0.165730
>i4:224538:0.173950
>i5:224538:0.177681
>vrail:224538:12.003433
>i7:224538:-0.022120
>i8:224538:0.174952
>seq:224538:43.000000
>i3:224738:0.168781
>i4:224738:0.175476
>i5:224738:0.179207
>vrail:224738:12.002563
>i7:224738:-0.014491
>i8:224738:0.176477
>seq:224738:74.000000
>i3:224938:0.226765
>i4:224938:0.230408
>i5:224938:0.231087
>vrail:224938:12.002563
>i7:224938:0.025182
>i8:224938:0.222254
>seq:224938:104.000000
>i3:225138:0.199299
>i4:225138:0.205994
>i5:225138:0.206673
>vrail:225138:12.002563
>i7:225138:0.006871
>i8:225138:0.196314
>seq:225138:135.000000
>i3:225338:0.319843
>i4:225338:0.338745
>i5:225338:0.333321
>vrail:225338:12.002563
>i7:225338:0.090795
>i8:225338:0.327539
>seq:225338:165.000000
>i3:225538:0.191669
>i4:225538:0.193787
>i5:225538:0.214303
>vrail:225538:12.002563
>i7:225538:0.008397
>i8:225538:0.185633
>seq:225538:196.000000
>i3:225738:0.296955
>i4:225738:0.302124
>i5:225738:0.299752
>vrail:225738:12.002563
>i7:225738:0.005345
>i8:225738:0.290918
>seq:225738:226.000000
>i3:225938:0.136738
>i4:225938:0.146484
>i5:225938:0.139534
>vrail:225938:12.002563
>i7:225938:-0.017543
>i8:225938:0.139856
>seq:225938:1.000000
>i3:226138:0.223713
>i4:226138:0.209045
>i5:226138:0.218880
>vrail:226138:12.002563
>i7:226138:-0.009913
>i8:226138:0.211573
>seq:226138:32.000000
>i3:226338:0.293903
>i4:226338:0.296021
>i5:226338:0.293648
>vrail:226338:12.002563
>i7:226338:0.002294
>i8:226338:0.284815
>seq:226338:63.000000
>i3:226538:0.182514
>i4:226538:0.181580
>i5:226538:0.182259
>vrail:226538:12.002563
>i7:226538:0.049596
>i8:226538:0.171900
>seq:226538:94.000000
>i3:226738:0.209980
>i4:226738:0.210571
>i5:226738:0.212777
>vrail:226738:12.003433
>i7:226738:0.011449
>i8:226738:0.214624
>seq:226738:124.000000
>i3:226938:0.246601
>i4:226938:0.244141
>i5:226938:0.244820
>vrail:226938:12.002563
>i7:226938:0.026708
>i8:226938:0.237513
>seq:226938:155.000000
>i3:227138:0.202351
>i4:227138:0.207520
>i5:227138:0.212777
>vrail:227138:12.001694
>i7:227138:0.034337
>i8:227138:0.202417
>seq:227138:185.000000
>i3:227338:0.193195
>i4:227338:0.193787
>i5:227338:0.197518
>vrail:227338:12.001694
>i7:227338:0.006871
>i8:227338:0.194788
>seq:227338:216.000000
>i3:227538:0.219135
>i4:227538:0.225830
>i5:227538:0.223458
>vrail:227538:12.001694
>i7:227538:0.012975
>i8:227538:0.211573
>seq:227538:246.000000
>i3:227738:0.228291
>i4:227738:0.225830
>i5:227738:0.228035
>vrail:227738:12.001694
>i7:227738:-0.006862
>i8:227738:0.217676
>seq:227738:21.000000
>i3:227938:0.174885
>i4:227938:0.190735
>i5:227938:0.189888
>vrail:227938:12.001694
>i7:227938:-0.016017
>i8:227938:0.173426
>seq:227938:52.000000
>i3:228138:0.133686
>i4:228138:0.140381
>i5:228138:0.147164
>vrail:228138:12.003433
>i7:228138:-0.002284
>i8:228138:0.135279
>seq:228138:82.000000
>i3:228338:0.173359
>i4:228338:0.178528
>i5:228338:0.170052
>vrail:228338:12.003433
>i7:228338:-0.025172
>i8:228338:0.162745
>seq:228338:113.000000
>i3:228538:0.136738
>i4:228538:0.149536
>i5:228538:0.138009
>vrail:228538:12.006042
>i7:228538:-0.032802
>i8:228538:0.132227
>seq:228538:143.000000
>i3:228738:0.185566
>i4:228738:0.192261
>i5:228738:0.194466
>vrail:228738:12.006042
>i7:228738:-0.000758
>i8:228738:0.188684
>seq:228738:174.000000
>i3:228938:0.225239
>i4:228938:0.221252
>i5:228938:0.228035
>vrail:228938:12.006042
>i7:228938:0.012975
>i8:228938:0.226831
>seq:228938:204.000000
>i3:229138:0.203876
>i4:229138:0.215149
>i5:229138:0.218880
>vrail:229138:12.006042
>i7:229138:0.069432
>i8:229138:0.199366
>seq:229138:235.000000
>i3:229338:0.182514
>i4:229338:0.187683
>i5:229338:0.186837
>vrail:229338:12.003433
>i7:229338:0.020604
>i8:229338:0.182581
>seq:229338:10.000000
>i3:229538:0.255756
>i4:229538:0.263977
>i5:229538:0.266182
>vrail:229538:12.003433
>i7:229538:0.005345
>i8:229538:0.258875
>seq:229538:41.000000
>i3:229738:0.168781
>i4:229738:0.164795
>i5:229738:0.160897
>vrail:229738:12.003433
>i7:229738:-0.019069
>i8:229738:0.164270
>seq:229738:72.000000
>i3:229938:0.133686
>i4:229938:0.134277
>i5:229938:0.125802
>vrail:229938:12.003433
>i7:229938:0.003819
>i8:229938:0.127649
>seq:229938:102.000000
>i3:230138:0.226765
>i4:230138:0.216675
>i5:230138:0.232613
>vrail:230138:12.004303
>i7:230138:0.043492
>i8:230138:0.211573
>seq:230138:133.000000
>i3:230338:0.156574
>i4:230338:0.161743
>i5:230338:0.160897
>vrail:230338:12.004303
>i7:230338:-0.040431
>i8:230338:0.156641
>seq:230338:163.000000
>i3:230538:0.167255
>i4:230538:0.166321
>i5:230538:0.162423
>vrail:230538:12.005173
>i7:230538:-0.045009
>i8:230538:0.167322
>seq:230538:194.000000
>i3:230738:0.162678
>i4:230738:0.170898
>i5:230738:0.179207
>vrail:230738:12.004303
>i7:230738:0.002294
>i8:230738:0.162745
>seq:230738:224.000000
>i3:230938:0.193195
>i4:230938:0.196838
>i5:230938:0.200570
>vrail:230938:12.004303
>i7:230938:0.009923
>i8:230938:0.193262
>seq:230938:255.000000
>i3:231138:0.310688
>i4:231138:0.306702
>i5:231138:0.318062
>vrail:231138:12.004303
>i7:231138:0.083165
>i8:231138:0.300074
>seq:231138:30.000000
>i3:231338:0.187092
>i4:231338:0.187683
>i5:231338:0.200570
>vrail:231338:12.003433
>i7:231338:0.016026
>i8:231338:0.197840
>seq:231338:60.000000
>i3:231538:0.197773
>i4:231538:0.201416
>i5:231538:0.200570
>vrail:231538:12.003433
>i7:231538:0.020604
>i8:231538:0.194788
>seq:231538:91.000000
>i3:231738:0.174885
>i4:231738:0.175476
>i5:231738:0.171578
>vrail:231738:12.003433
>i7:231738:0.000768
>i8:231738:0.179529
>seq:231738:121.000000
>i3:231938:0.196247
>i4:231938:0.201416
>i5:231938:0.189888
>vrail:231938:12.004303
>i7:231938:0.022130
>i8:231938:0.187159
>seq:231938:152.000000
>i3:232138:0.289326
>i4:232138:0.292969
>i5:232138:0.292122
>vrail:232138:12.004303
>i7:232138:0.060277
>i8:232138:0.289392
>seq:232138:182.000000
>i3:232338:0.130634
>i4:232338:0.137329
>i5:232338:0.134957
>vrail:232338:12.005173
>i7:232338:-0.011439
>i8:232338:0.120020
>seq:232338:213.000000
>i3:232538:0.150471
>i4:232538:0.148010
>i5:232538:0.168526
>vrail:232538:12.005173
>i7:232538:-0.029750
>i8:232538:0.145960
>seq:232538:244.000000
>i3:232738:0.180988
>i4:232738:0.173950
>i5:232738:0.189888
>vrail:232738:12.005173
>i7:232738:-0.016017
>i8:232738:0.173426
>seq:232738:19.000000
>i3:232938:0.188618
>i4:232938:0.201416
>i5:232938:0.206673
>vrail:232938:12.005173
>i7:232938:0.032811
>i8:232938:0.191736
>seq:232938:50.000000
>i3:233138:0.177937
>i4:233138:0.183105
>i5:233138:0.188363
>vrail:233138:12.005173
>i7:233138:-0.009913
>i8:233138:0.184107
>seq:233138:80.000000
>i3:233338:0.176411
>i4:233338:0.183105
>i5:233338:0.182259
>vrail:233338:12.005173
>i7:233338:-0.000758
>i8:233338:0.174952
>seq:233338:111.000000
>i3:233538:0.148945
>i4:233538:0.151062
>i5:233538:0.138009
>vrail:233538:12.005173
>i7:233538:0.009923
>i8:233538:0.142908
>seq:233538:141.000000
>i3:233738:0.155048
>i4:233738:0.149536
>i5:233738:0.151742
>vrail:233738:12.005173
>i7:233738:0.005345
>i8:233738:0.149012
>seq:233738:172.000000
>i3:233938:0.238972
>i4:233938:0.241089
>i5:233938:0.244820
>vrail:233938:12.005173
>i7:233938:0.070958
>i8:233938:0.229883
>seq:233938:202.000000
>i3:234138:0.164204
>i4:234138:0.175476
>i5:234138:0.192940
>vrail:234138:12.005173
>i7:234138:-0.012965
>i8:234138:0.171900
>seq:234138:233.000000
>i3:234338:0.177937
>i4:234338:0.186157
>i5:234338:0.191414
>vrail:234338:12.005173
>i7:234338:-0.005336
>i8:234338:0.182581
>seq:234338:8.000000
>i3:234538:0.171833
>i4:234538:0.173950
>i5:234538:0.176156
>vrail:234538:12.004303
>i7:234538:-0.019069
>i8:234538:0.165796
>seq:234538:38.000000
>i3:234738:0.173359
>i4:234738:0.177002
>i5:234738:0.174630
>vrail:234738:12.007782
>i7:234738:-0.029750
>i8:234738:0.171900
>seq:234738:69.000000
>i3:234938:0.202351
>i4:234938:0.207520
>i5:234938:0.215828
>vrail:234938:12.007782
>i7:234938:0.037389
>i8:234938:0.202417
>seq:234938:99.000000
>i3:235138:0.130634
>i4:235138:0.141907
>i5:235138:0.136483
>vrail:235138:12.007782
>i7:235138:-0.028224
>i8:235138:0.130701
>seq:235138:130.000000
>i3:235338:0.260334
>i4:235338:0.263977
>i5:235338:0.263131
>vrail:235338:12.005173
>i7:235338:0.060277
>i8:235338:0.257349
>seq:235338:160.000000
>i3:235538:0.167255
>i4:235538:0.163269
>i5:235538:0.176156
>vrail:235538:12.005173
>i7:235538:0.005345
>i8:235538:0.167322
>seq:235538:191.000000
>i3:235738:0.190144
>i4:235738:0.189209
>i5:235738:0.200570
>vrail:235738:12.005173
>i7:235738:0.002294
>i8:235738:0.176477
>seq:235738:222.000000
>i3:235938:0.524311
>i4:235938:0.550842
>i5:235938:0.554574
>vrail:235938:12.004303
>i7:235938:0.083165
>i8:235938:0.521326
>seq:235938:253.000000
>i3:236138:0.190144
>i4:236138:0.192261
>i5:236138:0.199044
>vrail:236138:12.004303
>i7:236138:0.005345
>i8:236138:0.185633
>seq:236138:28.000000
>i3:236338:0.202351
>i4:236338:0.216675
>i5:236338:0.217354
>vrail:236338:12.004303
>i7:236338:0.017552
>i8:236338:0.206995
>seq:236338:58.000000
>i3:236538:0.162678
>i4:236538:0.160217
>i5:236538:0.167000
>vrail:236538:12.006912
>i7:236538:-0.022120
>i8:236538:0.156641
>seq:236538:89.000000
>i3:236738:0.133686
>i4:236738:0.143433
>i5:236738:0.148690
>vrail:236738:12.007782
>i7:236738:-0.017543
>i8:236738:0.138330
>seq:236738:119.000000
>i3:236938:0.264912
>i4:236938:0.253296
>i5:236938:0.279915
>vrail:236938:12.008652
>i7:236938:0.058751
>i8:236938:0.272608
>seq:236938:150.000000
>i3:237138:0.745564
>i4:237138:0.769043
>i5:237138:0.780404
>vrail:237138:12.007782
>i7:237138:-0.019069
>i8:237138:0.741053
>seq:237138:180.000000
>i3:237338:0.182514
>i4:237338:0.181580
>i5:237338:0.202096
>vrail:237338:12.007782
>i7:237338:-0.006862
>i8:237338:0.182581
>seq:237338:211.000000
>i3:237538:0.153522
>i4:237538:0.152588
>i5:237538:0.156319
>vrail:237538:12.006912
>i7:237538:0.035863
>i8:237538:0.152063
>seq:237538:242.000000
>i3:237738:0.151997
>i4:237738:0.158691
>i5:237738:0.157845
>vrail:237738:12.005173
>i7:237738:0.078588
>i8:237738:0.155115
>seq:237738:16.000000
>i3:237938:0.327473
>i4:237938:0.331116
>i5:237938:0.315011
>vrail:237938:12.005173
>i7:237938:0.067906
>i8:237938:0.322962
>seq:237938:47.000000
>i3:238138:0.205402
>i4:238138:0.205994
>i5:238138:0.208199
>vrail:238138:12.005173
>i7:238138:0.006871
>i8:238138:0.197840
>seq:238138:77.000000
>i3:238338:0.142841
>i4:238338:0.146484
>i5:238338:0.144112
>vrail:238338:12.005173
>i7:238338:-0.003810
>i8:238338:0.144434
>seq:238338:108.000000
>i3:238538:0.184040
>i4:238538:0.186157
>i5:238538:0.180733
>vrail:238538:12.006042
>i7:238538:-0.016017
>i8:238538:0.171900
>seq:238538:138.000000
>i3:238738:0.206928
>i4:238738:0.212097
>i5:238738:0.214303
>vrail:238738:12.006042
>i7:238738:0.028234
>i8:238738:0.205469
>seq:238738:169.000000
>i3:238938:0.225239
>i4:238938:0.228882
>i5:238938:0.237191
>vrail:238938:12.006042
>i7:238938:-0.014491
>i8:238938:0.217676
>seq:238938:200.000000
>i3:239138:0.130634
>i4:239138:0.134277
>i5:239138:0.125802
>vrail:239138:12.006042
>i7:239138:-0.029750
>i8:239138:0.124598
>seq:239138:231.000000
>i3:239338:0.165730
>i4:239338:0.167847
>i5:239338:0.173104
>vrail:239338:12.006042
>i7:239338:-0.028224
>i8:239338:0.164270
>seq:239338:6.000000
>i3:239538:0.127583
>i4:239538:0.129700
>i5:239538:0.122750
>vrail:239538:12.005173
>i7:239538:-0.020595
>i8:239538:0.133753
>seq:239538:36.000000
>i3:239738:0.220661
>i4:239738:0.222778
>i5:239738:0.220406
>vrail:239738:12.005173
>i7:239738:0.067906
>i8:239738:0.211573
>seq:239738:67.000000
>i3:239938:0.182514
>i4:239938:0.195312
>i5:239938:0.195992
>vrail:239938:12.005173
>i7:239938:0.014501
>i8:239938:0.174952
>seq:239938:97.000000
>i3:240138:0.194721
>i4:240138:0.192261
>i5:240138:0.203621
>vrail:240138:12.005173
>i7:240138:0.009923
>i8:240138:0.191736
>seq:240138:128.000000
>i3:240338:0.234394
>i4:240338:0.239563
>i5:240338:0.244820
>vrail:240338:12.005173
>i7:240338:0.057225
>i8:240338:0.237513
>seq:240338:158.000000
>i3:240538:0.196247
>i4:240538:0.190735
>i5:240538:0.199044
>vrail:240538:12.002563
>i7:240538:0.017552
>i8:240538:0.200891
>seq:240538:189.000000
>i3:240738:0.145893
>i4:240738:0.144958
>i5:240738:0.142586
>vrail:240738:12.006042
>i7:240738:-0.016017
>i8:240738:0.144434
>seq:240738:220.000000
>i3:240938:0.200825
>i4:240938:0.204468
>i5:240938:0.200570
>vrail:240938:12.006042
>i7:240938:-0.000758
>i8:240938:0.190210
>seq:240938:250.000000
>i3:241138:0.176411
>i4:241138:0.183105
>i5:241138:0.188363
>vrail:241138:12.006042
>i7:241138:-0.035853
>i8:241138:0.187159
>seq:241138:25.000000
>i3:241338:0.234394
>i4:241338:0.225830
>i5:241338:0.234139
>vrail:241338:12.004303
>i7:241338:0.003819
>i8:241338:0.228357
>seq:241338:55.000000
>i3:241538:0.194721
>i4:241538:0.215149
>i5:241538:0.208199
>vrail:241538:12.004303
>i7:241538:-0.019069
>i8:241538:0.205469
>seq:241538:86.000000
>i3:241738:0.289326
>i4:241738:0.292969
>i5:241738:0.290596
>vrail:241738:12.002563
>i7:241738:0.083165
>i8:241738:0.278711
>seq:241738:116.000000
>i3:241938:0.237446
>i4:241938:0.253296
>i5:241938:0.253975
>vrail:241938:12.002563
>i7:241938:0.016026
>i8:241938:0.248194
>seq:241938:147.000000
>i3:242138:0.190144
>i4:242138:0.202942
>i5:242138:0.194466
>vrail:242138:12.002563
>i7:242138:0.002294
>i8:242138:0.197840
>seq:242138:178.000000
>i3:242338:0.205402
>i4:242338:0.212097
>i5:242338:0.218880
>vrail:242338:12.003433
>i7:242338:0.008397
>i8:242338:0.202417
>seq:242338:208.000000
>i3:242538:0.243549
>i4:242538:0.234985
>i5:242538:0.246346
>vrail:242538:12.003433
>i7:242538:0.020604
>i8:242538:0.239038
>seq:242538:239.000000
>i3:242738:0.264912
>i4:242738:0.268555
>i5:242738:0.269234
>vrail:242738:12.003433
>i7:242738:0.063329
>i8:242738:0.264978
>seq:242738:13.000000
>i3:242938:0.158100
>i4:242938:0.177002
>i5:242938:0.173104
>vrail:242938:12.003433
>i7:242938:-0.017543
>i8:242938:0.162745
>seq:242938:44.000000
>i3:243138:0.209980
>i4:243138:0.219727
>i5:243138:0.224984
>vrail:243138:12.002563
>i7:243138:-0.008388
>i8:243138:0.225306
>seq:243138:74.000000
>i3:243338:0.240498
>i4:243338:0.242615
>i5:243338:0.257027
>vrail:243338:12.002563
>i7:243338:0.019078
>i8:243338:0.248194
>seq:243338:105.000000
>i3:243538:0.226765
>i4:243538:0.231934
>i5:243538:0.238717
>vrail:243538:12.002563
>i7:243538:0.017552
>i8:243538:0.226831
>seq:243538:135.000000
>i3:243738:0.300007
>i4:243738:0.302124
>i5:243738:0.307381
>vrail:243738:12.000824
>i7:243738:0.046544
>i8:243738:0.290918
>seq:243738:166.000000
>i3:243938:0.254230
>i4:243938:0.260925
>i5:243938:0.264657
>vrail:243938:12.000824
>i7:243938:0.009923
>i8:243938:0.261927
>seq:243938:197.000000
>i3:244138:0.266438
>i4:244138:0.271606
>i5:244138:0.279915
>vrail:244138:12.000824
>i7:244138:0.003819
>i8:244138:0.255823
>seq:244138:227.000000
>i3:244338:0.289326
>i4:244338:0.292969
>i5:244338:0.289071
>vrail:244338:12.001694
>i7:244338:0.055699
>i8:244338:0.280237
>seq:244338:2.000000
>i3:244538:0.217609
>i4:244538:0.219727
>i5:244538:0.229561
>vrail:244538:12.001694
>i7:244538:0.057225
>i8:244538:0.213099
>seq:244538:32.000000
>i3:244738:0.290852
>i4:244738:0.309753
>i5:244738:0.310433
>vrail:244738:12.002563
>i7:244738:0.028234
>i8:244738:0.306177
>seq:244738:63.000000
>i3:244938:0.225239
>i4:244938:0.230408
>i5:244938:0.243294
>vrail:244938:12.002563
>i7:244938:-0.012965
>i8:244938:0.220728
>seq:244938:93.000000
>i3:245138:0.214558
>i4:245138:0.228882
>i5:245138:0.217354
>vrail:245138:12.002563
>i7:245138:0.016026
>i8:245138:0.210047
>seq:245138:124.000000
>i3:245338:0.147419
>i4:245338:0.155640
>i5:245338:0.157845
>vrail:245338:12.002563
>i7:245338:-0.025172
>i8:245338:0.136805
>seq:245338:155.000000
>i3:245538:0.231342
>i4:245538:0.245667
>i5:245538:0.243294
>vrail:245538:12.002563
>i7:245538:-0.006862
>i8:245538:0.234461
>seq:245538:186.000000
>i3:245738:0.179462
>i4:245738:0.195312
>i5:245738:0.188363
>vrail:245738:12.004303
>i7:245738:-0.025172
>i8:245738:0.190210
>seq:245738:217.000000
>i3:245938:0.170307
>i4:245938:0.184631
>i5:245938:0.176156
>vrail:245938:12.006042
>i7:245938:-0.017543
>i8:245938:0.178003
>seq:245938:247.000000
>i3:246138:0.182514
>i4:246138:0.195312
>i5:246138:0.199044
>vrail:246138:12.006042
>i7:246138:0.003819
>i8:246138:0.182581
>seq:246138:22.000000
>i3:246338:0.257282
>i4:246338:0.268555
>i5:246338:0.264657
>vrail:246338:12.005173
>i7:246338:0.028234
>i8:246338:0.263453
>seq:246338:52.000000
>i3:246538:0.295429
>i4:246538:0.289917
>i5:246538:0.289071
>vrail:246538:12.005173
>i7:246538:0.064855
>i8:246538:0.283289
>seq:246538:83.000000
>i3:246738:0.191669
>i4:246738:0.193787
>i5:246738:0.203621
>vrail:246738:12.005173
>i7:246738:0.009923
>i8:246738:0.199366
>seq:246738:113.000000
>i3:246938:0.193195
>i4:246938:0.187683
>i5:246938:0.189888
>vrail:246938:12.005173
>i7:246938:-0.002284
>i8:246938:0.185633
>seq:246938:144.000000
>i3:247138:0.136738
>i4:247138:0.129700
>i5:247138:0.142586
>vrail:247138:12.006912
>i7:247138:-0.023646
>i8:247138:0.133753
>seq:247138:175.000000
>i3:247338:0.119953
>i4:247338:0.126648
>i5:247338:0.127327
>vrail:247338:12.006912
>i7:247338:-0.003810
>i8:247338:0.127649
>seq:247338:205.000000
>i3:247538:0.174885
>i4:247538:0.180054
>i5:247538:0.176156
>vrail:247538:12.006912
>i7:247538:0.040441
>i8:247538:0.173426
>seq:247538:236.000000
>i3:247738:0.158100
>i4:247738:0.154114
>i5:247738:0.163949
>vrail:247738:12.004303
>i7:247738:-0.008388
>i8:247738:0.161219
>seq:247738:10.000000
>i3:247938:0.159626
>i4:247938:0.160217
>i5:247938:0.154793
>vrail:247938:12.004303
>i7:247938:-0.022120
>i8:247938:0.158167
>seq:247938:41.000000
>i3:248138:0.174885
>i4:248138:0.183105
>i5:248138:0.183785
>vrail:248138:12.004303
>i7:248138:-0.003810
>i8:248138:0.168848
>seq:248138:71.000000
>i3:248338:0.171833
>i4:248338:0.166321
>i5:248338:0.171578
>vrail:248338:12.006912
>i7:248338:0.014501
>i8:248338:0.159693
>seq:248338:102.000000
>i3:248538:0.144367
>i4:248538:0.143433
>i5:248538:0.144112
>vrail:248538:12.006912
>i7:248538:0.057225
>i8:248538:0.139856
>seq:248538:133.000000
>i3:248738:0.196247
>i4:248738:0.187683
>i5:248738:0.200570
>vrail:248738:12.007782
>i7:248738:0.020604
>i8:248738:0.200891
>seq:248738:164.000000
>i3:248938:0.184040
>i4:248938:0.195312
>i5:248938:0.200570
>vrail:248938:12.007782
>i7:248938:0.016026
>i8:248938:0.193262
>seq:248938:195.000000
>i3:249138:0.182514
>i4:249138:0.178528
>i5:249138:0.176156
>vrail:249138:12.008652
>i7:249138:0.028234
>i8:249138:0.184107
>seq:249138:225.000000
>i3:249338:0.167255
>i4:249338:0.166321
>i5:249338:0.180733
>vrail:249338:12.008652
>i7:249338:0.006871
>i8:249338:0.164270
>seq:249338:0.000000
>i3:249538:0.315266
>i4:249538:0.338745
>i5:249538:0.331795
>vrail:249538:12.008652
>i7:249538:0.043492
>i8:249538:0.313807
>seq:249538:30.000000
>i3:249738:0.298481
>i4:249738:0.300598
>i5:249738:0.298226
>vrail:249738:12.008652
>i7:249738:-0.041957
>i8:249738:0.287867
>seq:249738:61.000000
>i3:249938:0.267963
>i4:249938:0.288391
>i5:249938:0.298226
>vrail:249938:12.007782
>i7:249938:-0.025172
>i8:249938:0.271082
>seq:249938:91.000000
>i3:250138:0.315266
>i4:250138:0.328064
>i5:250138:0.328743
>vrail:250138:12.007782
>i7:250138:-0.034328
>i8:250138:0.318384
>seq:250138:122.000000
>i3:250338:0.420551
>i4:250338:0.424194
>i5:250338:0.430977
>vrail:250338:12.007782
>i7:250338:0.064855
>i8:250338:0.400782
>seq:250338:153.000000
>i3:250538:0.443439
>i4:250538:0.465393
>i5:250538:0.472176
>vrail:250538:12.008652
>i7:250538:0.035863
>i8:250538:0.454187
>seq:250538:183.000000
>i3:250738:0.361042
>i4:250738:0.358582
>i5:250738:0.372994
>vrail:250738:12.007782
>i7:250738:0.011449
>i8:250738:0.345850
>seq:250738:214.000000
>i3:250938:0.330524
>i4:250938:0.343323
>i5:250938:0.354683
>vrail:250938:12.007782
>i7:250938:-0.003810
>i8:250938:0.333643
>seq:250938:244.000000
>i3:251138:0.388508
>i4:251138:0.399780
>i5:251138:0.409615
>vrail:251138:12.006912
>i7:251138:0.002294
>i8:251138:0.385523
>seq:251138:19.000000
>i3:251338:0.313740
>i4:251338:0.326538
>i5:251338:0.324166
>vrail:251338:12.006912
>i7:251338:0.023656
>i8:251338:0.318384
>seq:251338:49.000000
>i3:251538:0.408344
>i4:251538:0.418091
>i5:251538:0.430977
>vrail:251538:12.006042
>i7:251538:0.002294
>i8:251538:0.406885
>seq:251538:80.000000
>i3:251738:0.289326
>i4:251738:0.289917
>i5:251738:0.305855
>vrail:251738:12.006042
>i7:251738:-0.046535
>i8:251738:0.295496
>seq:251738:111.000000
>i3:251938:0.336628
>i4:251938:0.355530
>i5:251938:0.350106
>vrail:251938:12.006042
>i7:251938:-0.023646
>i8:251938:0.342798
>seq:251938:142.000000
>i3:252138:0.301533
>i4:252138:0.318909
>i5:252138:0.318062
>vrail:252138:12.008652
>i7:252138:-0.031276
>i8:252138:0.313807
>seq:252138:173.000000
>i3:252338:0.338154
>i4:252338:0.343323
>i5:252338:0.356209
>vrail:252338:12.008652
>i7:252338:0.038915
>i8:252338:0.330591
>seq:252338:203.000000
>i3:252538:0.403767
>i4:252538:0.421143
>i5:252538:0.426400
>vrail:252538:12.008652
>i7:252538:0.014501
>i8:252538:0.406885
>seq:252538:234.000000
>i3:252738:0.383930
>i4:252738:0.402832
>i5:252738:0.401986
>vrail:252738:12.007782
>i7:252738:0.005345
>i8:252738:0.380945
>seq:252738:8.000000
>i3:252938:0.248127
>i4:252938:0.253296
>i5:252938:0.250924
>vrail:252938:12.007782
>i7:252938:0.014501
>i8:252938:0.251245
>seq:252938:39.000000
>i3:253138:0.248127
>i4:253138:0.242615
>i5:253138:0.253975
>vrail:253138:12.007782
>i7:253138:-0.002284
>i8:253138:0.242090
>seq:253138:69.000000
>i3:253338:0.321369
>i4:253338:0.326538
>i5:253338:0.324166
>vrail:253338:12.006042
>i7:253338:0.064855
>i8:253338:0.306177
>seq:253338:100.000000
>i3:253538:0.235920
>i4:253538:0.251770
>i5:253538:0.257027
>vrail:253538:12.006042
>i7:253538:0.014501
>i8:253538:0.249720
>seq:253538:131.000000
>i3:253738:0.275593
>i4:253738:0.276184
>i5:253738:0.284493
>vrail:253738:12.007782
>i7:253738:-0.020595
>i8:253738:0.280237
>seq:253738:161.000000
>i3:253938:0.193195
>i4:253938:0.204468
>i5:253938:0.200570
>vrail:253938:12.006912
>i7:253938:-0.016017
>i8:253938:0.190210
>seq:253938:192.000000
>i3:254138:0.260334
>i4:254138:0.268555
>i5:254138:0.267708
>vrail:254138:12.006042
>i7:254138:-0.011439
>i8:254138:0.260401
>seq:254138:222.000000
>i3:254338:0.214558
>i4:254338:0.224304
>i5:254338:0.218880
>vrail:254338:12.006912
>i7:254338:0.023656
>i8:254338:0.206995
>seq:254338:253.000000
>i3:254538:0.274067
>i4:254538:0.283813
>i5:254538:0.290596
>vrail:254538:12.007782
>i7:254538:-0.019069
>i8:254538:0.277185
>seq:254538:27.000000
>i3:254738:0.211506
>i4:254738:0.213623
>i5:254738:0.215828
>vrail:254738:12.007782
>i7:254738:0.026708
>i8:254738:0.211573
>seq:254738:58.000000
>i3:254938:0.351887
>i4:254938:0.372314
>i5:254938:0.372994
>vrail:254938:12.007782
>i7:254938:0.029759
>i8:254938:0.361109
>seq:254938:89.000000
>i3:255138:0.220661
>i4:255138:0.216675
>i5:255138:0.220406
>vrail:255138:12.007782
>i7:255138:0.022130
>i8:255138:0.210047
>seq:255138:120.000000
>i3:255338:0.336628
>i4:255338:0.328064
>i5:255338:0.344002
>vrail:255338:12.007782
>i7:255338:0.058751
>i8:255338:0.327539
>seq:255338:151.000000
>i3:255538:0.208454
>i4:255538:0.204468
>i5:255538:0.212777
>vrail:255538:12.005173
>i7:255538:0.019078
>i8:255538:0.203943
>seq:255538:181.000000
>i3:255738:0.214558
>i4:255738:0.218201
>i5:255738:0.226510
>vrail:255738:12.005173
>i7:255738:-0.023646
>i8:255738:0.210047
>seq:255738:212.000000
>i3:255938:0.235920
>i4:255938:0.247192
>i5:255938:0.247872
>vrail:255938:12.007782
>i7:255938:-0.032802
>i8:255938:0.235987
>seq:255938:242.000000
>i3:256138:0.220661
>i4:256138:0.227356
>i5:256138:0.243294
>vrail:256138:12.007782
>i7:256138:0.016026
>i8:256138:0.228357
>seq:256138:17.000000
>i3:256338:0.269489
>i4:256338:0.263977
>i5:256338:0.282967
>vrail:256338:12.005173
>i7:256338:0.011449
>i8:256338:0.266504
>seq:256338:47.000000
>i3:256538:0.194721
>i4:256538:0.192261
>i5:256538:0.209725
>vrail:256538:12.006042
>i7:256538:-0.012965
>i8:256538:0.191736
>seq:256538:78.000000
>i3:256738:0.217609
>i4:256738:0.210571
>i5:256738:0.220406
>vrail:256738:12.005173
>i7:256738:0.012975
>i8:256738:0.214624
>seq:256738:109.000000
>i3:256938:0.196247
>i4:256938:0.199890
>i5:256938:0.195992
>vrail:256938:12.005173
>i7:256938:0.025182
>i8:256938:0.200891
>seq:256938:139.000000
>i3:257138:0.194721
>i4:257138:0.189209
>i5:257138:0.195992
>vrail:257138:12.003433
>i7:257138:0.061803
>i8:257138:0.193262
>seq:257138:170.000000
>i3:257338:0.200825
>i4:257338:0.193787
>i5:257338:0.206673
>vrail:257338:12.005173
>i7:257338:0.002294
>i8:257338:0.187159
>seq:257338:200.000000
>i3:257538:0.196247
>i4:257538:0.201416
>i5:257538:0.203621
>vrail:257538:12.005173
>i7:257538:0.008397
>i8:257538:0.193262
>seq:257538:231.000000
>i3:257738:0.223713
>i4:257738:0.219727
>i5:257738:0.229561
>vrail:257738:12.002563
>i7:257738:0.022130
>i8:257738:0.220728
>seq:257738:5.000000
>i3:257938:0.158100
>i4:257938:0.152588
>i5:257938:0.160897
>vrail:257938:12.005173
>i7:257938:-0.002284
>i8:257938:0.155115
>seq:257938:36.000000
>i3:258138:0.223713
>i4:258138:0.213623
>i5:258138:0.223458
>vrail:258138:12.005173
>i7:258138:0.037389
>i8:258138:0.210047
>seq:258138:67.000000
>i3:258338:0.159626
>i4:258338:0.158691
>i5:258338:0.159371
>vrail:258338:12.005173
>i7:258338:-0.041957
>i8:258338:0.152063
>seq:258338:97.000000
>i3:258538:0.419025
>i4:258538:0.439453
>i5:258538:0.444710
>vrail:258538:12.005173
>i7:258538:-0.011439
>i8:258538:0.428247
>seq:258538:128.000000
>i3:258738:0.321369
>i4:258738:0.323486
>i5:258738:0.347054
>vrail:258738:12.005173
>i7:258738:0.006871
>i8:258738:0.322962
>seq:258738:158.000000
>i3:258938:0.423603
>i4:258938:0.431824
>i5:258938:0.444710
>vrail:258938:12.005173
>i7:258938:0.025182
>i8:258938:0.420618
>seq:258938:189.000000
rate: 24899 native frames in 0.249 s = 99999 Hz (100.00 kSPS) [nominal 200 kSPS] -- burst/autoburst now use the measured rate
error: unknown command '' (try 'help')
W (259395) 12vhpwr_proto: bad header 0x5c (alignment?)
>i3:259408:0.419025
>i4:259408:0.428772
>i5:259408:0.441658
>vrail:259408:12.004303
>i7:259408:0.045018
>i8:259408:0.409937
>seq:259408:77.000000
>i3:259608:0.466328
>i4:259608:0.473022
>i5:259608:0.487435
>vrail:259608:12.004303
>i7:259608:0.020604
>i8:259608:0.467920
>seq:259608:107.000000
>i3:259808:0.446491
>i4:259808:0.450134
>i5:259808:0.470650
>vrail:259808:12.004303
>i7:259808:-0.008388
>i8:259808:0.440454
>seq:259808:138.000000
>i3:260008:0.370197
>i4:260008:0.376892
>i5:260008:0.388253
>vrail:260008:12.006042
>i7:260008:-0.002284
>i8:260008:0.356531
>seq:260008:168.000000
>i3:260208:0.391560
>i4:260208:0.408936
>i5:260208:0.412667
>vrail:260208:12.006042
>i7:260208:0.061803
>i8:260208:0.396204
>seq:260208:199.000000
>i3:260408:0.333576
>i4:260408:0.338745
>i5:260408:0.344002
>vrail:260408:12.006042
>i7:260408:0.012975
>i8:260408:0.324488
>seq:260408:230.000000
>i3:260608:0.315266
>i4:260608:0.331116
>i5:260608:0.334847
>vrail:260608:12.005173
>i7:260608:-0.017543
>i8:260608:0.309229
>seq:260608:4.000000
>i3:260808:0.354939
>i4:260808:0.375366
>i5:260808:0.371468
>vrail:260808:12.004303
>i7:260808:0.026708
>i8:260808:0.355005
>seq:260808:35.000000
>i3:261008:0.310688
>i4:261008:0.329590
>i5:261008:0.327218
>vrail:261008:12.003433
>i7:261008:-0.008388
>i8:261008:0.310755
>seq:261008:65.000000
>i3:261208:0.460224
>i4:261208:0.457764
>i5:261208:0.476754
>vrail:261208:12.003433
>i7:261208:0.084691
>i8:261208:0.452662
>seq:261208:96.000000
>i3:261408:0.440388
>i4:261408:0.447083
>i5:261408:0.452340
>vrail:261408:12.003433
>i7:261408:0.052648
>i8:261408:0.438929
>seq:261408:126.000000
>i3:261608:0.328999
>i4:261608:0.337219
>i5:261608:0.334847
>vrail:261608:12.003433
>i7:261608:0.074010
>i8:261608:0.327539
>seq:261608:157.000000
>i3:261808:0.242023
>i4:261808:0.233459
>i5:261808:0.247872
>vrail:261808:12.003433
>i7:261808:0.052648
>i8:261808:0.237513
>seq:261808:188.000000
>i3:262008:0.184040
>i4:262008:0.178528
>i5:262008:0.182259
>vrail:262008:12.004303
>i7:262008:0.019078
>i8:262008:0.167322
>seq:262008:219.000000
>i3:262208:0.219135
>i4:262208:0.227356
>i5:262208:0.221932
>vrail:262208:12.004303
>i7:262208:0.032811
>i8:262208:0.211573
>seq:262208:250.000000
>i3:262408:0.269489
>i4:262408:0.277710
>i5:262408:0.276864
>vrail:262408:12.004303
>i7:262408:0.008397
>i8:262408:0.268030
>seq:262408:24.000000
>i3:262608:0.220661
>i4:262608:0.225830
>i5:262608:0.223458
>vrail:262608:12.004303
>i7:262608:-0.003810
>i8:262608:0.216150
>seq:262608:55.000000
>i3:262808:0.185566
>i4:262808:0.180054
>i5:262808:0.186837
>vrail:262808:12.004303
>i7:262808:0.022130
>i8:262808:0.167322
>seq:262808:85.000000
>i3:263008:0.151997
>i4:263008:0.152588
>i5:263008:0.150216
>vrail:263008:12.002563
>i7:263008:0.006871
>i8:263008:0.139856
>seq:263008:116.000000
>i3:263208:0.249653
>i4:263208:0.256348
>i5:263208:0.264657
>vrail:263208:12.002563
>i7:263208:0.060277
>i8:263208:0.248194
>seq:263208:146.000000
>i3:263408:0.205402
>i4:263408:0.215149
>i5:263408:0.217354
>vrail:263408:12.002563
>i7:263408:0.043492
>i8:263408:0.203943
>seq:263408:177.000000
>i3:263608:0.272541
>i4:263608:0.273132
>i5:263608:0.279915
>vrail:263608:12.002563
>i7:263608:0.058751
>i8:263608:0.260401
>seq:263608:208.000000
>i3:263808:0.188618
>i4:263808:0.187683
>i5:263808:0.188363
>vrail:263808:12.002563
>i7:263808:0.077062
>i8:263808:0.181055
>seq:263808:238.000000
>i3:264008:0.257282
>i4:264008:0.276184
>i5:264008:0.269234
>vrail:264008:12.001694
>i7:264008:0.031285
>i8:264008:0.255823
>seq:264008:13.000000
>i3:264208:0.240498
>i4:264208:0.245667
>i5:264208:0.246346
>vrail:264208:12.000824
>i7:264208:0.041966
>i8:264208:0.242090
>seq:264208:43.000000
>i3:264408:0.132160
>i4:264408:0.148010
>i5:264408:0.148690
>vrail:264408:12.000824
>i7:264408:-0.045009
>i8:264408:0.132227
>seq:264408:74.000000
>i3:264608:0.090961
>i4:264608:0.086975
>i5:264608:0.093758
>vrail:264608:12.000824
>i7:264608:-0.066371
>i8:264608:0.089502
>seq:264608:104.000000
>i3:264808:0.115376
>i4:264808:0.120544
>i5:264808:0.122750
>vrail:264808:12.000824
>i7:264808:-0.006862
>i8:264808:0.097132
>seq:264808:135.000000
>i3:265008:0.327473
>i4:265008:0.334167
>i5:265008:0.334847
>vrail:265008:12.000824
>i7:265008:-0.020595
>i8:265008:0.319910
>seq:265008:166.000000
>i3:265208:0.402241
>i4:265208:0.413513
>i5:265208:0.418770
>vrail:265208:11.999954
>i7:265208:-0.035853
>i8:265208:0.400782
>seq:265208:197.000000
>i3:265408:0.388508
>i4:265408:0.402832
>i5:265408:0.414193
>vrail:265408:11.999954
>i7:265408:0.000768
>i8:265408:0.376368
>seq:265408:228.000000
>i3:265608:0.385456
>i4:265608:0.402832
>i5:265608:0.414193
>vrail:265608:11.999084
>i7:265608:-0.019069
>i8:265608:0.383997
>seq:265608:2.000000
>i3:265808:0.405293
>i4:265808:0.424194
>i5:265808:0.423348
>vrail:265808:11.999084
>i7:265808:0.002294
>i8:265808:0.402308
>seq:265808:33.000000
>i3:266008:0.443439
>i4:266008:0.440979
>i5:266008:0.461495
>vrail:266008:11.999084
>i7:266008:0.048070
>i8:266008:0.437403
>seq:266008:63.000000
>i3:266208:0.322895
>i4:266208:0.340271
>i5:266208:0.356209
>vrail:266208:11.999954
>i7:266208:-0.037379
>i8:266208:0.322962
>seq:266208:94.000000
>i3:266408:0.365620
>i4:266408:0.369263
>i5:266408:0.380623
>vrail:266408:11.999084
>i7:266408:0.012975
>i8:266408:0.356531
>seq:266408:124.000000
>i3:266608:0.296955
>i4:266608:0.303650
>i5:266608:0.308907
>vrail:266608:11.999954
>i7:266608:-0.045009
>i8:266608:0.287867
>seq:266608:155.000000
>i3:266808:0.309162
>i4:266808:0.323486
>i5:266808:0.331795
>vrail:266808:11.999954
>i7:266808:-0.023646
>i8:266808:0.313807
>seq:266808:186.000000
>i3:267008:0.464802
>i4:267008:0.471497
>i5:267008:0.481331
>vrail:267008:12.000824
>i7:267008:-0.006862
>i8:267008:0.457239
>seq:267008:216.000000
>i3:267208:0.306110
>i4:267208:0.311279
>i5:267208:0.330269
>vrail:267208:12.000824
>i7:267208:-0.032802
>i8:267208:0.306177
>seq:267208:247.000000
>i3:267408:0.312214
>i4:267408:0.328064
>i5:267408:0.328743
>vrail:267408:12.000824
>i7:267408:-0.000758
>i8:267408:0.318384
>seq:267408:21.000000
>i3:267608:0.223713
>i4:267608:0.210571
>i5:267608:0.231087
>vrail:267608:12.000824
>i7:267608:-0.003810
>i8:267608:0.211573
>seq:267608:52.000000
>i3:267808:0.220661
>i4:267808:0.225830
>i5:267808:0.237191
>vrail:267808:12.000824
>i7:267808:0.060277
>i8:267808:0.217676
>seq:267808:82.000000
>i3:268008:0.287800
>i4:268008:0.282288
>i5:268008:0.296700
>vrail:268008:12.000824
>i7:268008:0.052648
>i8:268008:0.275660
>seq:268008:113.000000
>i3:268208:0.246601
>i4:268208:0.259399
>i5:268208:0.252450
>vrail:268208:12.000824
>i7:268208:-0.000758
>i8:268208:0.239038
>seq:268208:144.000000
>i3:268408:0.193195
>i4:268408:0.195312
>i5:268408:0.200570
>vrail:268408:12.000824
>i7:268408:0.009923
>i8:268408:0.191736
>seq:268408:174.000000
>i3:268608:0.188618
>i4:268608:0.196838
>i5:268608:0.212777
>vrail:268608:12.000824
>i7:268608:-0.035853
>i8:268608:0.190210
>seq:268608:205.000000
>i3:268808:0.156574
>i4:268808:0.160217
>i5:268808:0.173104
>vrail:268808:12.000824
>i7:268808:0.017552
>i8:268808:0.159693
>seq:268808:235.000000
>i3:269008:0.213032
>i4:269008:0.227356
>i5:269008:0.235665
>vrail:269008:12.000824
>i7:269008:0.005345
>i8:269008:0.216150
>seq:269008:10.000000
>i3:269208:0.170307
>i4:269208:0.181580
>i5:269208:0.186837
>vrail:269208:12.000824
>i7:269208:-0.031276
>i8:269208:0.174952
>seq:269208:40.000000
>i3:269408:0.168781
>i4:269408:0.180054
>i5:269408:0.186837
>vrail:269408:12.000824
>i7:269408:-0.031276
>i8:269408:0.179529
>seq:269408:71.000000
>i3:269608:0.135212
>i4:269608:0.137329
>i5:269608:0.144112
>vrail:269608:12.000824
>i7:269608:-0.025172
>i8:269608:0.127649
>seq:269608:102.000000
>i3:269808:0.225239
>i4:269808:0.231934
>i5:269808:0.241768
>vrail:269808:12.000824
>i7:269808:0.061803
>i8:269808:0.229883
>seq:269808:133.000000
>i3:270008:0.295429
>i4:270008:0.311279
>i5:270008:0.316536
>vrail:270008:12.000824
>i7:270008:0.034337
>i8:270008:0.307703
>seq:270008:164.000000
>i3:270208:0.187092
>i4:270208:0.181580
>i5:270208:0.191414
>vrail:270208:12.000824
>i7:270208:-0.022120
>i8:270208:0.174952
>seq:270208:194.000000
>i3:270408:0.151997
>i4:270408:0.158691
>i5:270408:0.156319
>vrail:270408:12.000824
>i7:270408:-0.026698
>i8:270408:0.156641
>seq:270408:225.000000
>i3:270608:0.136738
>i4:270608:0.148010
>i5:270608:0.147164
>vrail:270608:12.001694
>i7:270608:-0.038905
>i8:270608:0.138330
>seq:270608:255.000000
>i3:270808:0.168781
>i4:270808:0.170898
>i5:270808:0.182259
>vrail:270808:12.001694
>i7:270808:0.020604
>i8:270808:0.161219
>seq:270808:30.000000
>i3:271008:0.217609
>i4:271008:0.231934
>i5:271008:0.234139
>vrail:271008:12.001694
>i7:271008:-0.032802
>i8:271008:0.229883
>seq:271008:60.000000
>i3:271208:0.167255
>i4:271208:0.172424
>i5:271208:0.174630
>vrail:271208:12.001694
>i7:271208:-0.032802
>i8:271208:0.165796
>seq:271208:91.000000
>i3:271408:0.165730
>i4:271408:0.164795
>i5:271408:0.167000
>vrail:271408:12.000824
>i7:271408:-0.045009
>i8:271408:0.159693
>seq:271408:122.000000
>i3:271608:0.216084
>i4:271608:0.216675
>i5:271608:0.206673
>vrail:271608:11.999084
>i7:271608:-0.026698
>i8:271608:0.210047
>seq:271608:153.000000
>i3:271808:0.226765
>i4:271808:0.218201
>i5:271808:0.224984
>vrail:271808:11.999084
>i7:271808:0.040441
>i8:271808:0.223780
>seq:271808:184.000000
>i3:272008:0.222187
>i4:272008:0.222778
>i5:272008:0.232613
>vrail:272008:11.999084
>i7:272008:0.009923
>i8:272008:0.214624
>seq:272008:214.000000
>i3:272208:0.193195
>i4:272208:0.207520
>i5:272208:0.215828
>vrail:272208:11.999084
>i7:272208:-0.006862
>i8:272208:0.203943
>seq:272208:245.000000
usage: autoburst <thresh_codes> [<ntrig>]  (~655 codes/A on i*)
error: 1
error: unknown command '' (try 'help')
>i3:272408:0.240498
>i4:272408:0.251770
>i5:272408:0.247872
>vrail:272408:11.999084
>i7:272408:0.058751
>i8:272408:0.240564
>seq:272408:19.000000
>i3:272608:0.168781
>i4:272608:0.184631
>i5:272608:0.183785
>vrail:272608:11.998215
>i7:272608:0.000768
>i8:272608:0.170374
>seq:272608:50.000000
>i3:272808:0.223713
>i4:272808:0.218201
>i5:272808:0.223458
>vrail:272808:11.998215
>i7:272808:0.040441
>i8:272808:0.219202
>seq:272808:80.000000
>i3:273008:0.162678
>i4:273008:0.161743
>i5:273008:0.171578
>vrail:273008:12.000824
>i7:273008:-0.045009
>i8:273008:0.159693
>seq:273008:111.000000
>i3:273208:0.245075
>i4:273208:0.239563
>i5:273208:0.252450
>vrail:273208:12.000824
>i7:273208:0.052648
>i8:273208:0.239038
>seq:273208:142.000000
>i3:273408:0.133686
>i4:273408:0.131226
>i5:273408:0.136483
>vrail:273408:11.998215
>i7:273408:0.011449
>i8:273408:0.124598
>seq:273408:172.000000
>i3:273608:0.213032
>i4:273608:0.218201
>i5:273608:0.226510
>vrail:273608:11.999084
>i7:273608:-0.037379
>i8:273608:0.210047
>seq:273608:203.000000
>i3:273808:0.191669
>i4:273808:0.193787
>i5:273808:0.200570
>vrail:273808:11.999954
>i7:273808:0.029759
>i8:273808:0.185633
>seq:273808:233.000000
>i3:274008:0.216084
>i4:274008:0.222778
>i5:274008:0.229561
>vrail:274008:11.999084
>i7:274008:0.026708
>i8:274008:0.216150
>seq:274008:8.000000
>i3:274208:0.242023
>i4:274208:0.241089
>i5:274208:0.244820
>vrail:274208:11.999084
>i7:274208:-0.002284
>i8:274208:0.242090
>seq:274208:38.000000
>i3:274408:0.251179
>i4:274408:0.257874
>i5:274408:0.249398
>vrail:274408:11.999954
>i7:274408:-0.005336
>i8:274408:0.239038
>seq:274408:69.000000
>i3:274608:0.248127
>i4:274608:0.253296
>i5:274608:0.252450
>vrail:274608:11.999954
>i7:274608:0.005345
>i8:274608:0.245142
>seq:274608:100.000000
>i3:274808:0.278645
>i4:274808:0.291443
>i5:274808:0.299752
>vrail:274808:12.000824
>i7:274808:0.029759
>i8:274808:0.284815
>seq:274808:130.000000
>i3:275008:0.187092
>i4:275008:0.184631
>i5:275008:0.186837
>vrail:275008:12.001694
>i7:275008:-0.040431
>i8:275008:0.185633
>seq:275008:161.000000
>i3:275208:0.187092
>i4:275208:0.201416
>i5:275208:0.195992
>vrail:275208:12.004303
>i7:275208:-0.037379
>i8:275208:0.194788
>seq:275208:191.000000
>i3:275408:0.176411
>i4:275408:0.177002
>i5:275408:0.182259
>vrail:275408:12.002563
>i7:275408:-0.029750
>i8:275408:0.168848
>seq:275408:222.000000
>i3:275608:0.232868
>i4:275608:0.242615
>i5:275608:0.258553
>vrail:275608:12.002563
>i7:275608:-0.014491
>i8:275608:0.228357
>seq:275608:252.000000
>i3:275808:0.251179
>i4:275808:0.250244
>i5:275808:0.263131
>vrail:275808:12.003433
>i7:275808:0.028234
>i8:275808:0.245142
>seq:275808:27.000000
>i3:276008:0.220661
>i4:276008:0.213623
>i5:276008:0.240242
>vrail:276008:12.002563
>i7:276008:-0.005336
>i8:276008:0.222254
>seq:276008:58.000000
>i3:276208:0.161152
>i4:276208:0.172424
>i5:276208:0.171578
>vrail:276208:12.002563
>i7:276208:-0.019069
>i8:276208:0.168848
>seq:276208:89.000000
>i3:276408:0.222187
>i4:276408:0.213623
>i5:276408:0.224984
>vrail:276408:12.000824
>i7:276408:0.017552
>i8:276408:0.214624
>seq:276408:120.000000
>i3:276608:0.194721
>i4:276608:0.204468
>i5:276608:0.211251
>vrail:276608:12.000824
>i7:276608:0.023656
>i8:276608:0.193262
>seq:276608:150.000000
autoburst: thresh=500 codes (~0.76 A), ntrig=1 -- watching the stream, induce the transient...

===BURST_CSV_BEGIN===
# autoburst TRIGGER 1/1: ch=i7 dev=7157 codes (~10.92 A); native ring 2048 frames @ 100.00 kSPS (measured), 0 seq-gaps; us = idx x 10.000 (transient near the TAIL)
us,seq,i3,i4,i5,vrail,i7,i8
0.0,191,0.2298,0.2396,0.2433,11.9991,0.0298,0.2268
10.0,192,0.2313,0.2396,0.2418,12.0008,0.0313,0.2253
20.0,193,0.2313,0.2441,0.2402,12.0000,0.0328,0.2268
30.0,194,0.2344,0.2457,0.2311,12.0008,0.0343,0.2253
40.0,195,0.2313,0.2365,0.2326,11.9991,0.0359,0.2284
50.0,196,0.2252,0.2258,0.2296,12.0000,0.0343,0.2253
60.0,197,0.2207,0.2151,0.2265,12.0008,0.0359,0.2223
70.0,198,0.2161,0.2106,0.2235,12.0000,0.0343,0.2131
80.0,199,0.2085,0.2090,0.2158,12.0000,0.0343,0.2055
90.0,200,0.2039,0.2090,0.2128,12.0008,0.0343,0.1994
100.0,201,0.2039,0.2060,0.2097,12.0008,0.0359,0.1917
110.0,202,0.2039,0.2075,0.2082,12.0008,0.0374,0.1933
120.0,203,0.2039,0.2106,0.2082,12.0000,0.0374,0.1948
130.0,204,0.2054,0.2045,0.2021,12.0000,0.0359,0.1978
140.0,205,0.2039,0.1984,0.2067,12.0017,0.0374,0.1994
150.0,206,0.2054,0.1999,0.2082,12.0008,0.0374,0.2039
160.0,207,0.2085,0.2029,0.2128,12.0000,0.0343,0.2009
170.0,208,0.2100,0.2045,0.2113,12.0000,0.0359,0.2009
180.0,209,0.2085,0.2060,0.2128,12.0000,0.0359,0.2039
190.0,210,0.2100,0.2060,0.2143,12.0000,0.0343,0.2070
200.0,211,0.2008,0.2060,0.2128,12.0000,0.0343,0.2070
210.0,212,0.2008,0.2029,0.2113,12.0000,0.0328,0.2024
220.0,213,0.2039,0.2090,0.2082,12.0000,0.0343,0.2009
230.0,214,0.2085,0.2106,0.2051,12.0008,0.0343,0.2039
240.0,215,0.2115,0.2106,0.2036,12.0008,0.0328,0.2055
250.0,216,0.2085,0.2121,0.2067,12.0008,0.0328,0.2024
260.0,217,0.2115,0.2045,0.2036,12.0000,0.0328,0.2024
270.0,218,0.2024,0.1999,0.2006,12.0008,0.0313,0.1994
280.0,219,0.1947,0.1968,0.1975,12.0008,0.0328,0.1963
290.0,220,0.1932,0.1938,0.1945,12.0000,0.0313,0.1917
300.0,221,0.1871,0.1907,0.1990,12.0008,0.0313,0.1902
310.0,222,0.1871,0.1938,0.2036,12.0008,0.0313,0.1902
320.0,223,0.1871,0.1953,0.2021,12.0008,0.0313,0.1811
330.0,224,0.1856,0.1862,0.1960,12.0017,0.0298,0.1765
340.0,225,0.1856,0.1785,0.1899,12.0000,0.0313,0.1734
350.0,226,0.1810,0.1755,0.1914,12.0017,0.0313,0.1704
360.0,227,0.1840,0.1785,0.1945,12.0008,0.0298,0.1658
370.0,228,0.1856,0.1801,0.1975,12.0008,0.0298,0.1719
380.0,229,0.1886,0.1862,0.2036,12.0017,0.0298,0.1750
390.0,230,0.1901,0.1938,0.2051,12.0008,0.0313,0.1811
400.0,231,0.1947,0.2014,0.2097,12.0026,0.0298,0.1933
410.0,232,0.2069,0.2075,0.2143,12.0008,0.0298,0.2055
420.0,233,0.2161,0.2167,0.2250,12.0008,0.0282,0.2116
430.0,234,0.2176,0.2243,0.2311,12.0017,0.0267,0.2207
440.0,235,0.2207,0.2304,0.2357,12.0008,0.0282,0.2253
450.0,236,0.2222,0.2365,0.2387,12.0008,0.0298,0.2253
460.0,237,0.2268,0.2365,0.2387,12.0008,0.0267,0.2268
470.0,238,0.2268,0.2335,0.2372,12.0000,0.0282,0.2253
480.0,239,0.2268,0.2289,0.2326,12.0008,0.0282,0.2177
490.0,240,0.2252,0.2243,0.2250,12.0008,0.0282,0.2131
500.0,241,0.2191,0.2197,0.2235,12.0017,0.0282,0.2100
510.0,242,0.2176,0.2167,0.2219,12.0008,0.0282,0.2100
520.0,243,0.2161,0.2197,0.2280,12.0017,0.0282,0.2116
530.0,244,0.2130,0.2197,0.2235,12.0008,0.0282,0.2116
540.0,245,0.2130,0.2228,0.2235,12.0017,0.0282,0.2100
550.0,246,0.2130,0.2197,0.2296,12.0008,0.0282,0.2100
560.0,247,0.2115,0.2213,0.2357,12.0008,0.0282,0.2085
570.0,248,0.2176,0.2319,0.2372,12.0000,0.0282,0.2116
580.0,249,0.2191,0.2319,0.2372,12.0008,0.0267,0.2192
590.0,250,0.2222,0.2350,0.2402,12.0000,0.0267,0.2268
600.0,251,0.2313,0.2396,0.2463,12.0000,0.0267,0.2329
610.0,252,0.2359,0.2441,0.2540,12.0000,0.0267,0.2375
620.0,253,0.2435,0.2518,0.2647,11.9991,0.0267,0.2436
630.0,254,0.2542,0.2579,0.2708,12.0000,0.0252,0.2482
640.0,255,0.2619,0.2625,0.2753,12.0000,0.0252,0.2604
650.0,0,0.2680,0.2686,0.2784,11.9991,0.0267,0.2696
660.0,1,0.2680,0.2731,0.2799,12.0000,0.0252,0.2680
670.0,2,0.2741,0.2792,0.2830,11.9991,0.0237,0.2650
680.0,3,0.2741,0.2838,0.2830,12.0000,0.0252,0.2665
690.0,4,0.2695,0.2853,0.2860,12.0008,0.0267,0.2665
700.0,5,0.2725,0.2823,0.2845,12.0000,0.0252,0.2680
710.0,6,0.2741,0.2792,0.2845,12.0000,0.0267,0.2680
720.0,7,0.2710,0.2792,0.2845,11.9991,0.0252,0.2680
730.0,8,0.2695,0.2777,0.2830,12.0000,0.0237,0.2696
740.0,9,0.2741,0.2716,0.2845,12.0000,0.0252,0.2665
750.0,10,0.2741,0.2716,0.2875,11.9991,0.0252,0.2665
760.0,11,0.2741,0.2731,0.2814,12.0000,0.0267,0.2696
770.0,12,0.2786,0.2731,0.2830,12.0017,0.0252,0.2696
780.0,13,0.2725,0.2731,0.2799,12.0008,0.0237,0.2650
790.0,14,0.2664,0.2747,0.2799,12.0000,0.0252,0.2650
800.0,15,0.2619,0.2731,0.2830,12.0000,0.0252,0.2665
810.0,16,0.2573,0.2701,0.2753,12.0000,0.0252,0.2604
820.0,17,0.2573,0.2625,0.2677,12.0000,0.0267,0.2543
830.0,18,0.2558,0.2563,0.2616,11.9991,0.0267,0.2528
840.0,19,0.2481,0.2579,0.2509,12.0000,0.0282,0.2482
850.0,20,0.2405,0.2502,0.2433,12.0000,0.0267,0.2360
860.0,21,0.2374,0.2411,0.2387,12.0000,0.0267,0.2314
870.0,22,0.2329,0.2350,0.2387,12.0000,0.0252,0.2329
880.0,23,0.2252,0.2304,0.2387,12.0000,0.0252,0.2268
890.0,24,0.2329,0.2350,0.2418,12.0000,0.0282,0.2314
900.0,25,0.2405,0.2396,0.2433,12.0000,0.0282,0.2345
910.0,26,0.2405,0.2457,0.2463,12.0008,0.0282,0.2314
920.0,27,0.2420,0.2502,0.2494,12.0000,0.0282,0.2406
930.0,28,0.2435,0.2518,0.2570,12.0000,0.0282,0.2436
940.0,29,0.2435,0.2579,0.2616,12.0000,0.0267,0.2497
950.0,30,0.2466,0.2609,0.2662,12.0008,0.0298,0.2558
960.0,31,0.2497,0.2625,0.2647,12.0000,0.0282,0.2619
970.0,32,0.2527,0.2594,0.2586,12.0000,0.0282,0.2619
980.0,33,0.2573,0.2625,0.2601,12.0008,0.0298,0.2558
990.0,34,0.2542,0.2625,0.2647,12.0017,0.0282,0.2528
1000.0,35,0.2542,0.2594,0.2616,12.0008,0.0313,0.2497
1010.0,36,0.2542,0.2563,0.2524,12.0008,0.0328,0.2467
1020.0,37,0.2481,0.2457,0.2540,12.0008,0.0328,0.2436
1030.0,38,0.2390,0.2380,0.2509,12.0008,0.0313,0.2421
1040.0,39,0.2329,0.2304,0.2357,12.0008,0.0328,0.2375
1050.0,40,0.2252,0.2258,0.2311,12.0026,0.0313,0.2284
1060.0,41,0.2207,0.2213,0.2326,12.0008,0.0328,0.2162
1070.0,42,0.2146,0.2197,0.2219,12.0017,0.0313,0.2070
1080.0,43,0.2085,0.2213,0.2189,12.0017,0.0328,0.2085
1090.0,44,0.2069,0.2121,0.2174,12.0008,0.0328,0.2039
1100.0,45,0.2069,0.2090,0.2113,12.0026,0.0359,0.1978
1110.0,46,0.2039,0.2075,0.2082,12.0017,0.0313,0.1978
1120.0,47,0.2024,0.2106,0.2051,12.0017,0.0328,0.2024
1130.0,48,0.2008,0.2090,0.2051,12.0017,0.0328,0.2024
1140.0,49,0.2024,0.2075,0.2097,12.0008,0.0313,0.2039
1150.0,50,0.2100,0.2090,0.2143,12.0017,0.0313,0.2055
1160.0,51,0.2115,0.2121,0.2204,12.0008,0.0328,0.2070
1170.0,52,0.2100,0.2167,0.2250,12.0017,0.0313,0.2055
1180.0,53,0.2115,0.2121,0.2235,12.0008,0.0298,0.2100
1190.0,54,0.2100,0.2136,0.2219,12.0008,0.0313,0.2070
1200.0,55,0.2039,0.2090,0.2174,12.0017,0.0313,0.2100
1210.0,56,0.1993,0.2136,0.2082,12.0017,0.0313,0.2100
1220.0,57,0.1978,0.2106,0.2082,12.0017,0.0282,0.2070
1230.0,58,0.1962,0.2045,0.2021,12.0026,0.0298,0.2009
1240.0,59,0.1962,0.1968,0.2006,12.0026,0.0298,0.1978
1250.0,60,0.1947,0.1892,0.1960,12.0017,0.0298,0.1841
1260.0,61,0.1871,0.1923,0.1975,12.0026,0.0267,0.1795
1270.0,62,0.1856,0.1968,0.1945,12.0026,0.0267,0.1795
1280.0,63,0.1856,0.1953,0.1945,12.0026,0.0282,0.1780
1290.0,64,0.1886,0.1938,0.1975,12.0008,0.0267,0.1765
1300.0,65,0.1917,0.1923,0.2036,12.0017,0.0252,0.1780
1310.0,66,0.1917,0.1953,0.2067,12.0026,0.0252,0.1856
1320.0,67,0.1932,0.2014,0.2113,12.0026,0.0267,0.1917
1330.0,68,0.1917,0.2014,0.2051,12.0026,0.0267,0.1963
1340.0,69,0.1978,0.2060,0.2021,12.0026,0.0252,0.1994
1350.0,70,0.1993,0.2075,0.2021,12.0026,0.0252,0.2024
1360.0,71,0.2024,0.2106,0.2113,12.0017,0.0237,0.2009
1370.0,72,0.2054,0.2151,0.2189,12.0026,0.0237,0.2009
1380.0,73,0.2069,0.2182,0.2250,12.0026,0.0221,0.2024
1390.0,74,0.2054,0.2243,0.2235,12.0034,0.0237,0.2100
1400.0,75,0.2115,0.2258,0.2219,12.0034,0.0252,0.2131
1410.0,76,0.2146,0.2258,0.2189,12.0026,0.0237,0.2146
1420.0,77,0.2100,0.2228,0.2128,12.0034,0.0252,0.2162
1430.0,78,0.2069,0.2121,0.2082,12.0026,0.0252,0.2131
1440.0,79,0.2054,0.2029,0.2051,12.0026,0.0237,0.2055
1450.0,80,0.1962,0.1923,0.1975,12.0026,0.0252,0.1963
1460.0,81,0.1886,0.1862,0.1960,12.0017,0.0237,0.1872
1470.0,82,0.1795,0.1816,0.1823,12.0017,0.0252,0.1750
1480.0,83,0.1703,0.1785,0.1701,12.0034,0.0237,0.1673
1490.0,84,0.1688,0.1709,0.1655,12.0034,0.0237,0.1658
1500.0,85,0.1657,0.1678,0.1639,12.0026,0.0221,0.1704
1510.0,86,0.1642,0.1709,0.1685,12.0026,0.0252,0.1704
1520.0,87,0.1688,0.1740,0.1746,12.0034,0.0252,0.1704
1530.0,88,0.1749,0.1770,0.1792,12.0034,0.0221,0.1780
1540.0,89,0.1840,0.1831,0.1899,12.0017,0.0237,0.1887
1550.0,90,0.1871,0.1892,0.1945,12.0026,0.0221,0.1917
1560.0,91,0.1917,0.2029,0.2021,12.0026,0.0221,0.1948
1570.0,92,0.1978,0.2060,0.2036,12.0026,0.0221,0.1963
1580.0,93,0.2008,0.2045,0.2051,12.0026,0.0191,0.2055
1590.0,94,0.2054,0.2090,0.2082,12.0043,0.0191,0.2116
1600.0,95,0.2115,0.2060,0.2158,12.0017,0.0206,0.2100
1610.0,96,0.2146,0.2151,0.2174,12.0017,0.0206,0.2100
1620.0,97,0.2176,0.2182,0.2235,12.0034,0.0206,0.2100
1630.0,98,0.2161,0.2258,0.2311,12.0026,0.0221,0.2162
1640.0,99,0.2207,0.2258,0.2402,12.0026,0.0206,0.2177
1650.0,100,0.2237,0.2258,0.2402,12.0026,0.0206,0.2192
1660.0,101,0.2283,0.2243,0.2433,12.0026,0.0191,0.2192
1670.0,102,0.2298,0.2319,0.2494,12.0026,0.0176,0.2192
1680.0,103,0.2313,0.2350,0.2509,12.0026,0.0191,0.2268
1690.0,104,0.2359,0.2350,0.2586,12.0026,0.0206,0.2284
1700.0,105,0.2359,0.2411,0.2570,12.0017,0.0206,0.2284
1710.0,106,0.2359,0.2396,0.2448,12.0017,0.0221,0.2299
1720.0,107,0.2390,0.2350,0.2402,12.0034,0.0237,0.2329
1730.0,108,0.2405,0.2350,0.2387,12.0017,0.0237,0.2345
1740.0,109,0.2405,0.2380,0.2387,12.0026,0.0237,0.2360
1750.0,110,0.2420,0.2304,0.2311,12.0017,0.0267,0.2390
1760.0,111,0.2435,0.2319,0.2311,12.0043,0.0252,0.2451
1770.0,112,0.2435,0.2365,0.2387,12.0043,0.0267,0.2467
1780.0,113,0.2435,0.2396,0.2509,12.0026,0.0267,0.2421
1790.0,114,0.2420,0.2426,0.2494,12.0017,0.0252,0.2406
1800.0,115,0.2420,0.2457,0.2479,12.0026,0.0282,0.2375
1810.0,116,0.2405,0.2457,0.2524,12.0034,0.0298,0.2406
1820.0,117,0.2390,0.2518,0.2524,12.0034,0.0298,0.2436
1830.0,118,0.2451,0.2518,0.2524,12.0034,0.0282,0.2436
1840.0,119,0.2481,0.2548,0.2524,12.0034,0.0313,0.2497
1850.0,120,0.2527,0.2563,0.2494,12.0026,0.0313,0.2512
1860.0,121,0.2558,0.2579,0.2555,12.0034,0.0328,0.2482
1870.0,122,0.2573,0.2609,0.2616,12.0034,0.0343,0.2558
1880.0,123,0.2573,0.2670,0.2647,12.0026,0.0343,0.2680
1890.0,124,0.2664,0.2792,0.2784,12.0026,0.0374,0.2802
1900.0,125,0.2756,0.2930,0.2921,12.0034,0.0374,0.2879
1910.0,126,0.2832,0.3006,0.3013,12.0043,0.0404,0.2940
1920.0,127,0.2924,0.3036,0.3135,12.0034,0.0404,0.3001
1930.0,128,0.3015,0.3113,0.3181,12.0043,0.0450,0.3077
1940.0,129,0.3076,0.3220,0.3242,12.0034,0.0465,0.3077
1950.0,130,0.3153,0.3265,0.3333,12.0026,0.0481,0.3092
1960.0,131,0.3229,0.3281,0.3364,12.0034,0.0511,0.3214
1970.0,132,0.3259,0.3311,0.3440,12.0043,0.0511,0.3306
1980.0,133,0.3305,0.3326,0.3501,12.0034,0.0526,0.3397
1990.0,134,0.3305,0.3326,0.3516,12.0034,0.0542,0.3458
2000.0,135,0.3305,0.3311,0.3516,12.0026,0.0572,0.3397
2010.0,136,0.3305,0.3342,0.3440,12.0034,0.0588,0.3336
2020.0,137,0.3382,0.3387,0.3364,12.0034,0.0633,0.3291
2030.0,138,0.3382,0.3403,0.3348,12.0043,0.0633,0.3230
2040.0,139,0.3412,0.3387,0.3379,12.0043,0.0664,0.3260
2050.0,140,0.3366,0.3296,0.3455,12.0034,0.0679,0.3275
2060.0,141,0.3321,0.3235,0.3425,12.0034,0.0710,0.3245
2070.0,142,0.3259,0.3189,0.3410,12.0034,0.0725,0.3199
2080.0,143,0.3229,0.3159,0.3425,12.0034,0.0771,0.3169
2090.0,144,0.3305,0.3204,0.3394,12.0034,0.0771,0.3184
2100.0,145,0.3321,0.3265,0.3394,12.0034,0.0786,0.3245
2110.0,146,0.3351,0.3342,0.3425,12.0034,0.0801,0.3352
2120.0,147,0.3382,0.3387,0.3471,12.0026,0.0847,0.3382
2130.0,148,0.3397,0.3464,0.3486,12.0043,0.0847,0.3382
2140.0,149,0.3443,0.3540,0.3608,12.0034,0.0877,0.3458
2150.0,150,0.3488,0.3616,0.3684,12.0034,0.0908,0.3489
2160.0,151,0.3519,0.3647,0.3715,12.0017,0.0908,0.3520
2170.0,152,0.3595,0.3632,0.3776,12.0026,0.0923,0.3596
2180.0,153,0.3641,0.3601,0.3791,12.0034,0.0954,0.3626
2190.0,154,0.3656,0.3647,0.3730,12.0034,0.0984,0.3626
2200.0,155,0.3656,0.3616,0.3730,12.0034,0.0984,0.3611
2210.0,156,0.3610,0.3662,0.3745,12.0043,0.0999,0.3581
2220.0,157,0.3610,0.3632,0.3776,12.0034,0.1030,0.3535
2230.0,158,0.3504,0.3632,0.3730,12.0026,0.1030,0.3520
2240.0,159,0.3458,0.3601,0.3623,12.0026,0.1076,0.3504
2250.0,160,0.3504,0.3571,0.3562,12.0017,0.1091,0.3504
2260.0,161,0.3504,0.3494,0.3547,12.0034,0.1076,0.3489
2270.0,162,0.3519,0.3494,0.3562,12.0017,0.1076,0.3489
2280.0,163,0.3504,0.3494,0.3516,12.0026,0.1091,0.3443
2290.0,164,0.3488,0.3494,0.3501,12.0026,0.1122,0.3413
2300.0,165,0.3549,0.3494,0.3486,12.0026,0.1137,0.3428
2310.0,166,0.3488,0.3464,0.3440,12.0026,0.1137,0.3397
2320.0,167,0.3366,0.3403,0.3394,12.0034,0.1137,0.3306
2330.0,168,0.3259,0.3342,0.3333,12.0026,0.1152,0.3199
2340.0,169,0.3214,0.3296,0.3287,12.0017,0.1152,0.3169
2350.0,170,0.3183,0.3220,0.3257,12.0026,0.1152,0.3153
2360.0,171,0.3183,0.3189,0.3257,12.0026,0.1183,0.3169
2370.0,172,0.3168,0.3235,0.3272,12.0034,0.1167,0.3153
2380.0,173,0.3137,0.3296,0.3242,12.0043,0.1198,0.3123
2390.0,174,0.3198,0.3387,0.3287,12.0034,0.1198,0.3123
2400.0,175,0.3275,0.3387,0.3348,12.0008,0.1213,0.3184
2410.0,176,0.3290,0.3403,0.3394,12.0026,0.1213,0.3230
2420.0,177,0.3366,0.3403,0.3455,12.0017,0.1213,0.3245
2430.0,178,0.3366,0.3372,0.3486,12.0026,0.1244,0.3275
2440.0,179,0.3382,0.3326,0.3471,12.0034,0.1244,0.3260
2450.0,180,0.3351,0.3311,0.3471,12.0034,0.1244,0.3306
2460.0,181,0.3275,0.3311,0.3394,12.0017,0.1244,0.3275
2470.0,182,0.3305,0.3265,0.3379,12.0017,0.1244,0.3230
2480.0,183,0.3275,0.3281,0.3318,12.0017,0.1259,0.3199
2490.0,184,0.3275,0.3281,0.3348,12.0008,0.1259,0.3230
2500.0,185,0.3259,0.3204,0.3318,12.0017,0.1259,0.3260
2510.0,186,0.3259,0.3250,0.3272,12.0008,0.1244,0.3214
2520.0,187,0.3275,0.3281,0.3303,12.0017,0.1274,0.3184
2530.0,188,0.3336,0.3326,0.3303,12.0026,0.1259,0.3245
2540.0,189,0.3305,0.3403,0.3303,12.0034,0.1259,0.3260
2550.0,190,0.3336,0.3433,0.3318,12.0017,0.1259,0.3230
2560.0,191,0.3305,0.3403,0.3318,12.0026,0.1259,0.3184
2570.0,192,0.3244,0.3311,0.3287,12.0017,0.1259,0.3199
2580.0,193,0.3229,0.3250,0.3287,12.0017,0.1259,0.3138
2590.0,194,0.3153,0.3143,0.3211,12.0017,0.1289,0.3138
2600.0,195,0.3122,0.3113,0.3074,12.0026,0.1259,0.3047
2610.0,196,0.3092,0.3128,0.3013,12.0017,0.1274,0.3001
2620.0,197,0.3031,0.3082,0.3013,12.0026,0.1274,0.3016
2630.0,198,0.3000,0.3067,0.3059,12.0008,0.1244,0.2970
2640.0,199,0.3031,0.3006,0.3104,12.0008,0.1259,0.2909
2650.0,200,0.3092,0.3036,0.3135,12.0026,0.1244,0.2955
2660.0,201,0.3122,0.3113,0.3150,12.0026,0.1259,0.3016
2670.0,202,0.3153,0.3128,0.3181,12.0017,0.1259,0.3092
2680.0,203,0.3061,0.3128,0.3181,12.0017,0.1274,0.3123
2690.0,204,0.3092,0.3128,0.3211,12.0008,0.1274,0.3092
2700.0,205,0.3092,0.3113,0.3196,12.0017,0.1244,0.3047
2710.0,206,0.3031,0.3082,0.3135,12.0017,0.1259,0.3092
2720.0,207,0.3031,0.3067,0.3059,12.0017,0.1259,0.3077
2730.0,208,0.3015,0.3006,0.3028,12.0026,0.1244,0.3001
2740.0,209,0.2939,0.2960,0.2982,12.0026,0.1259,0.2940
2750.0,210,0.2863,0.2960,0.2921,12.0026,0.1228,0.2848
2760.0,211,0.2802,0.2884,0.2921,12.0008,0.1244,0.2833
2770.0,212,0.2741,0.2808,0.2967,12.0000,0.1244,0.2726
2780.0,213,0.2741,0.2747,0.2936,12.0008,0.1228,0.2665
2790.0,214,0.2756,0.2701,0.2799,12.0008,0.1213,0.2635
2800.0,215,0.2649,0.2716,0.2723,12.0017,0.1228,0.2604
2810.0,216,0.2558,0.2655,0.2662,12.0008,0.1213,0.2635
2820.0,217,0.2512,0.2563,0.2524,12.0017,0.1228,0.2512
2830.0,218,0.2497,0.2533,0.2494,12.0000,0.1198,0.2421
2840.0,219,0.2527,0.2533,0.2463,12.0008,0.1198,0.2390
2850.0,220,0.2588,0.2579,0.2524,12.0000,0.1198,0.2421
2860.0,221,0.2588,0.2594,0.2616,12.0017,0.1183,0.2482
2870.0,222,0.2634,0.2625,0.2708,12.0008,0.1183,0.2558
2880.0,223,0.2664,0.2655,0.2753,12.0008,0.1183,0.2635
2890.0,224,0.2725,0.2762,0.2814,12.0008,0.1167,0.2741
2900.0,225,0.2771,0.2853,0.2875,12.0008,0.1167,0.2863
2910.0,226,0.2817,0.2914,0.2998,12.0017,0.1167,0.2970
2920.0,227,0.2863,0.2899,0.3059,12.0017,0.1152,0.2955
2930.0,228,0.2878,0.2914,0.3089,12.0008,0.1137,0.2909
2940.0,229,0.2893,0.2869,0.3028,12.0008,0.1122,0.2879
2950.0,230,0.2878,0.2792,0.2967,12.0017,0.1122,0.2833
2960.0,231,0.2847,0.2777,0.2891,12.0026,0.1137,0.2772
2970.0,232,0.2832,0.2838,0.2875,12.0017,0.1122,0.2726
2980.0,233,0.2817,0.2792,0.2799,12.0017,0.1122,0.2680
2990.0,234,0.2756,0.2731,0.2753,12.0008,0.1091,0.2619
3000.0,235,0.2619,0.2655,0.2692,12.0017,0.1076,0.2604
3010.0,236,0.2481,0.2579,0.2586,12.0017,0.1061,0.2573
3020.0,237,0.2390,0.2502,0.2555,12.0017,0.1076,0.2528
3030.0,238,0.2359,0.2457,0.2540,12.0017,0.1045,0.2421
3040.0,239,0.2359,0.2426,0.2479,12.0017,0.1045,0.2314
3050.0,240,0.2329,0.2365,0.2418,12.0017,0.1030,0.2238
3060.0,241,0.2252,0.2319,0.2341,12.0008,0.1030,0.2192
3070.0,242,0.2176,0.2274,0.2219,12.0026,0.1015,0.2146
3080.0,243,0.2069,0.2182,0.2128,12.0008,0.1015,0.2085
3090.0,244,0.2008,0.2121,0.2051,12.0017,0.0999,0.2070
3100.0,245,0.1993,0.2121,0.2097,12.0008,0.0984,0.2024
3110.0,246,0.2008,0.2167,0.2128,12.0008,0.0969,0.2024
3120.0,247,0.2024,0.2167,0.2219,12.0008,0.0938,0.2039
3130.0,248,0.2069,0.2197,0.2280,12.0017,0.0923,0.2131
3140.0,249,0.2146,0.2243,0.2326,12.0008,0.0938,0.2131
3150.0,250,0.2207,0.2289,0.2372,12.0008,0.0923,0.2192
3160.0,251,0.2176,0.2350,0.2387,12.0017,0.0893,0.2223
3170.0,252,0.2207,0.2380,0.2402,12.0026,0.0893,0.2299
3180.0,253,0.2313,0.2411,0.2479,12.0017,0.0908,0.2299
3190.0,254,0.2451,0.2487,0.2509,12.0017,0.0877,0.2314
3200.0,255,0.2466,0.2502,0.2524,12.0026,0.0862,0.2329
3210.0,0,0.2435,0.2457,0.2479,12.0017,0.0862,0.2345
3220.0,1,0.2435,0.2426,0.2372,12.0008,0.0877,0.2284
3230.0,2,0.2329,0.2396,0.2326,12.0008,0.0862,0.2253
3240.0,3,0.2222,0.2289,0.2326,12.0017,0.0832,0.2192
3250.0,4,0.2161,0.2243,0.2296,12.0017,0.0832,0.2146
3260.0,5,0.2115,0.2213,0.2265,12.0026,0.0847,0.2070
3270.0,6,0.2130,0.2213,0.2189,12.0017,0.0786,0.2055
3280.0,7,0.2085,0.2121,0.2189,12.0017,0.0801,0.1994
3290.0,8,0.2085,0.2090,0.2189,12.0026,0.0801,0.2024
3300.0,9,0.2100,0.2151,0.2174,12.0034,0.0786,0.2039
3310.0,10,0.2069,0.2106,0.2143,12.0034,0.0771,0.2085
3320.0,11,0.2085,0.2045,0.2067,12.0034,0.0771,0.2070
3330.0,12,0.1993,0.2060,0.2021,12.0034,0.0755,0.2039
3340.0,13,0.1947,0.1968,0.1990,12.0034,0.0740,0.1933
3350.0,14,0.1947,0.1953,0.2021,12.0034,0.0740,0.1841
3360.0,15,0.2008,0.1953,0.2021,12.0026,0.0725,0.1902
3370.0,16,0.2024,0.2029,0.2097,12.0034,0.0755,0.1948
3380.0,17,0.2085,0.2121,0.2113,12.0017,0.0710,0.2024
3390.0,18,0.2100,0.2151,0.2113,12.0017,0.0725,0.2085
3400.0,19,0.2130,0.2167,0.2143,12.0026,0.0710,0.2177
3410.0,20,0.2115,0.2167,0.2280,12.0034,0.0725,0.2223
3420.0,21,0.2176,0.2197,0.2357,12.0034,0.0694,0.2268
3430.0,22,0.2237,0.2243,0.2418,12.0026,0.0710,0.2268
3440.0,23,0.2298,0.2289,0.2402,12.0034,0.0725,0.2253
3450.0,24,0.2298,0.2304,0.2387,12.0026,0.0694,0.2268
3460.0,25,0.2207,0.2274,0.2372,12.0026,0.0710,0.2253
3470.0,26,0.2161,0.2228,0.2326,12.0026,0.0694,0.2238
3480.0,27,0.2146,0.2197,0.2326,12.0034,0.0679,0.2238
3490.0,28,0.2146,0.2182,0.2280,12.0043,0.0679,0.2223
3500.0,29,0.2130,0.2136,0.2204,12.0034,0.0679,0.2162
3510.0,30,0.2085,0.2121,0.2158,12.0034,0.0679,0.2131
3520.0,31,0.2039,0.2151,0.2204,12.0026,0.0694,0.2100
3530.0,32,0.2100,0.2121,0.2204,12.0034,0.0664,0.2085
3540.0,33,0.2130,0.2106,0.2128,12.0017,0.0679,0.2100
3550.0,34,0.2115,0.2090,0.2097,12.0034,0.0633,0.2024
3560.0,35,0.2100,0.2014,0.2067,12.0034,0.0649,0.1948
3570.0,36,0.2085,0.1953,0.2006,12.0034,0.0649,0.1902
3580.0,37,0.2039,0.1907,0.1929,12.0034,0.0618,0.1963
3590.0,38,0.1993,0.1831,0.1914,12.0017,0.0618,0.1917
3600.0,39,0.1947,0.1846,0.1884,12.0034,0.0633,0.1841
3610.0,40,0.1917,0.1831,0.1884,12.0034,0.0618,0.1795
3620.0,41,0.1856,0.1846,0.1914,12.0034,0.0603,0.1841
3630.0,42,0.1795,0.1877,0.1914,12.0034,0.0603,0.1872
3640.0,43,0.1840,0.1862,0.1929,12.0034,0.0588,0.1933
3650.0,44,0.1932,0.1923,0.1899,12.0026,0.0588,0.1963
3660.0,45,0.1932,0.1907,0.1990,12.0034,0.0572,0.1963
3670.0,46,0.1932,0.1907,0.2021,12.0043,0.0572,0.1933
3680.0,47,0.1932,0.1923,0.2021,12.0026,0.0557,0.1948
3690.0,48,0.1932,0.1923,0.2021,12.0026,0.0557,0.1933
3700.0,49,0.1932,0.1953,0.2082,12.0034,0.0542,0.1933
3710.0,50,0.1947,0.1953,0.2097,12.0034,0.0542,0.1872
3720.0,51,0.1962,0.1953,0.2051,12.0043,0.0526,0.1872
3730.0,52,0.1962,0.1999,0.2036,12.0026,0.0511,0.1826
3740.0,53,0.1886,0.1907,0.2021,12.0043,0.0511,0.1811
3750.0,54,0.1932,0.1892,0.1990,12.0034,0.0511,0.1872
3760.0,55,0.1917,0.1892,0.1975,12.0026,0.0496,0.1902
3770.0,56,0.1856,0.1892,0.1990,12.0034,0.0481,0.1887
3780.0,57,0.1840,0.1862,0.1990,12.0017,0.0465,0.1856
3790.0,58,0.1886,0.1816,0.2036,12.0034,0.0465,0.1826
3800.0,59,0.1901,0.1907,0.2006,12.0026,0.0465,0.1811
3810.0,60,0.1871,0.1907,0.1914,12.0034,0.0450,0.1811
3820.0,61,0.1779,0.1877,0.1868,12.0026,0.0481,0.1811
3830.0,62,0.1764,0.1801,0.1838,12.0034,0.0450,0.1780
3840.0,63,0.1779,0.1801,0.1807,12.0026,0.0420,0.1734
3850.0,64,0.1703,0.1785,0.1762,12.0017,0.0420,0.1704
3860.0,65,0.1642,0.1755,0.1777,12.0026,0.0404,0.1658
3870.0,66,0.1612,0.1755,0.1762,12.0026,0.0404,0.1612
3880.0,67,0.1657,0.1770,0.1777,12.0034,0.0404,0.1688
3890.0,68,0.1795,0.1877,0.1807,12.0026,0.0389,0.1765
3900.0,69,0.1901,0.1938,0.1914,12.0034,0.0389,0.1841
3910.0,70,0.2024,0.2014,0.1899,12.0034,0.0389,0.1902
3920.0,71,0.2054,0.2029,0.1960,12.0034,0.0389,0.1933
3930.0,72,0.2054,0.1938,0.1975,12.0034,0.0374,0.1948
3940.0,73,0.1947,0.1892,0.1914,12.0034,0.0404,0.1841
3950.0,74,0.1749,0.1740,0.1746,12.0043,0.0404,0.1734
3960.0,75,0.1535,0.1511,0.1548,12.0026,0.0404,0.1475
3970.0,76,0.1291,0.1266,0.1319,12.0034,0.0389,0.1231
3980.0,77,0.1047,0.1053,0.1060,12.0043,0.0374,0.1048
3990.0,78,0.0879,0.0885,0.0831,12.0034,0.0374,0.0865
4000.0,79,0.0757,0.0778,0.0800,12.0034,0.0389,0.0773
4010.0,80,0.0772,0.0748,0.0816,12.0026,0.0359,0.0773
4020.0,81,0.0788,0.0763,0.0877,12.0017,0.0359,0.0834
4030.0,82,0.0833,0.0824,0.0999,12.0026,0.0374,0.0926
4040.0,83,0.0986,0.1007,0.1044,12.0026,0.0343,0.1063
4050.0,84,0.1200,0.1129,0.1227,12.0017,0.0359,0.1231
4060.0,85,0.1383,0.1312,0.1395,12.0017,0.0328,0.1383
4070.0,86,0.1550,0.1419,0.1594,12.0008,0.0343,0.1521
4080.0,87,0.1718,0.1556,0.1777,12.0017,0.0359,0.1673
4090.0,88,0.1825,0.1740,0.1884,12.0017,0.0328,0.1765
4100.0,89,0.1871,0.1877,0.2067,12.0008,0.0328,0.1826
4110.0,90,0.1932,0.1938,0.2113,12.0017,0.0328,0.1948
4120.0,91,0.2054,0.2106,0.2189,12.0017,0.0313,0.2116
4130.0,92,0.2130,0.2197,0.2250,12.0008,0.0313,0.2192
4140.0,93,0.2222,0.2304,0.2296,11.9991,0.0313,0.2207
4150.0,94,0.2283,0.2380,0.2387,12.0008,0.0313,0.2253
4160.0,95,0.2344,0.2472,0.2494,12.0000,0.0328,0.2360
4170.0,96,0.2344,0.2502,0.2586,12.0008,0.0313,0.2436
4180.0,97,0.2405,0.2472,0.2647,12.0008,0.0313,0.2451
4190.0,98,0.2512,0.2502,0.2616,12.0008,0.0298,0.2467
4200.0,99,0.2588,0.2548,0.2616,12.0000,0.0328,0.2497
4210.0,100,0.2619,0.2518,0.2631,12.0000,0.0282,0.2497
4220.0,101,0.2603,0.2487,0.2616,12.0000,0.0313,0.2482
4230.0,102,0.2588,0.2502,0.2570,11.9991,0.0328,0.2390
4240.0,103,0.2497,0.2518,0.2555,12.0008,0.0298,0.2314
4250.0,104,0.2435,0.2518,0.2586,12.0008,0.0298,0.2360
4260.0,105,0.2405,0.2533,0.2601,12.0017,0.0282,0.2390
4270.0,106,0.2435,0.2518,0.2555,12.0000,0.0298,0.2451
4280.0,107,0.2451,0.2518,0.2524,11.9991,0.0282,0.2436
4290.0,108,0.2481,0.2548,0.2479,12.0000,0.0313,0.2360
4300.0,109,0.2390,0.2518,0.2494,12.0008,0.0298,0.2375
4310.0,110,0.2390,0.2487,0.2494,12.0008,0.0282,0.2390
4320.0,111,0.2374,0.2426,0.2524,12.0000,0.0313,0.2390
4330.0,112,0.2344,0.2380,0.2494,12.0000,0.0313,0.2360
4340.0,113,0.2329,0.2335,0.2448,12.0000,0.0298,0.2329
4350.0,114,0.2268,0.2274,0.2387,12.0008,0.0298,0.2284
4360.0,115,0.2237,0.2289,0.2341,12.0008,0.0313,0.2284
4370.0,116,0.2283,0.2304,0.2296,12.0008,0.0328,0.2238
4380.0,117,0.2329,0.2319,0.2357,12.0017,0.0328,0.2253
4390.0,118,0.2313,0.2365,0.2402,12.0017,0.0328,0.2284
4400.0,119,0.2344,0.2441,0.2509,12.0017,0.0328,0.2360
4410.0,120,0.2405,0.2472,0.2570,12.0008,0.0343,0.2406
4420.0,121,0.2466,0.2472,0.2570,12.0000,0.0343,0.2436
4430.0,122,0.2466,0.2457,0.2555,12.0017,0.0343,0.2497
4440.0,123,0.2435,0.2441,0.2494,12.0017,0.0359,0.2482
4450.0,124,0.2435,0.2457,0.2433,12.0008,0.0343,0.2467
4460.0,125,0.2420,0.2441,0.2341,12.0017,0.0359,0.2451
4470.0,126,0.2390,0.2411,0.2357,12.0017,0.0374,0.2421
4480.0,127,0.2359,0.2365,0.2372,12.0026,0.0389,0.2360
4490.0,128,0.2222,0.2243,0.2280,12.0017,0.0389,0.2268
4500.0,129,0.2115,0.2136,0.2158,12.0017,0.0359,0.2146
4510.0,130,0.2054,0.2075,0.2082,12.0034,0.0359,0.2085
4520.0,131,0.1932,0.2045,0.1990,12.0026,0.0374,0.2070
4530.0,132,0.1856,0.2075,0.2021,12.0026,0.0359,0.2055
4540.0,133,0.1886,0.2060,0.2082,12.0034,0.0359,0.2024
4550.0,134,0.1962,0.2045,0.2113,12.0026,0.0359,0.2009
4560.0,135,0.2039,0.2060,0.2143,12.0026,0.0374,0.1994
4570.0,136,0.2069,0.2106,0.2174,12.0026,0.0359,0.2085
4580.0,137,0.2130,0.2182,0.2280,12.0034,0.0328,0.2223
4590.0,138,0.2237,0.2228,0.2357,12.0034,0.0359,0.2268
4600.0,139,0.2283,0.2274,0.2341,12.0026,0.0343,0.2299
4610.0,140,0.2313,0.2304,0.2296,12.0026,0.0313,0.2238
4620.0,141,0.2283,0.2274,0.2296,12.0034,0.0359,0.2207
4630.0,142,0.2176,0.2258,0.2250,12.0034,0.0359,0.2116
4640.0,143,0.2100,0.2274,0.2280,12.0034,0.0328,0.2116
4650.0,144,0.2069,0.2243,0.2296,12.0026,0.0328,0.2100
4660.0,145,0.2100,0.2182,0.2250,12.0034,0.0313,0.2116
4670.0,146,0.2115,0.2151,0.2235,12.0026,0.0328,0.2177
4680.0,147,0.2130,0.2136,0.2128,12.0034,0.0313,0.2024
4690.0,148,0.2161,0.2167,0.2143,12.0026,0.0313,0.2024
4700.0,149,0.2146,0.2213,0.2204,12.0043,0.0313,0.2100
4710.0,150,0.2207,0.2304,0.2250,12.0026,0.0313,0.2207
4720.0,151,0.2268,0.2335,0.2265,12.0026,0.0313,0.2238
4730.0,152,0.2298,0.2335,0.2326,12.0026,0.0328,0.2253
4740.0,153,0.2298,0.2304,0.2433,12.0034,0.0328,0.2253
4750.0,154,0.2313,0.2304,0.2479,12.0026,0.0343,0.2253
4760.0,155,0.2359,0.2335,0.2524,12.0026,0.0343,0.2299
4770.0,156,0.2435,0.2441,0.2586,12.0017,0.0343,0.2451
4780.0,157,0.2542,0.2502,0.2723,12.0017,0.0343,0.2573
4790.0,158,0.2680,0.2655,0.2860,12.0026,0.0374,0.2665
4800.0,159,0.2725,0.2792,0.2982,12.0026,0.0343,0.2741
4810.0,160,0.2802,0.2930,0.2982,12.0017,0.0359,0.2863
4820.0,161,0.2909,0.3006,0.3028,12.0017,0.0374,0.2924
4830.0,162,0.3000,0.3021,0.3104,12.0017,0.0389,0.2985
4840.0,163,0.3046,0.3067,0.3165,12.0017,0.0359,0.3047
4850.0,164,0.3076,0.3128,0.3181,12.0034,0.0374,0.3123
4860.0,165,0.3061,0.3128,0.3211,12.0026,0.0374,0.3123
4870.0,166,0.3076,0.3128,0.3226,12.0026,0.0404,0.3077
4880.0,167,0.3107,0.3113,0.3196,12.0034,0.0404,0.3016
4890.0,168,0.3076,0.3159,0.3196,12.0017,0.0420,0.2985
4900.0,169,0.3092,0.3143,0.3211,12.0017,0.0420,0.3016
4910.0,170,0.3092,0.3128,0.3272,12.0026,0.0435,0.3062
4920.0,171,0.3076,0.3128,0.3257,12.0026,0.0450,0.3031
4930.0,172,0.3000,0.3098,0.3211,12.0017,0.0481,0.2940
4940.0,173,0.2924,0.3098,0.3120,12.0026,0.0481,0.2863
4950.0,174,0.2893,0.3052,0.3013,12.0026,0.0465,0.2863
4960.0,175,0.2847,0.2914,0.2906,12.0026,0.0465,0.2818
4970.0,176,0.2756,0.2777,0.2738,12.0034,0.0465,0.2696
4980.0,177,0.2680,0.2655,0.2601,12.0026,0.0481,0.2573
4990.0,178,0.2558,0.2563,0.2601,12.0034,0.0465,0.2497
5000.0,179,0.2481,0.2518,0.2540,12.0034,0.0481,0.2421
5010.0,180,0.2466,0.2487,0.2494,12.0034,0.0496,0.2390
5020.0,181,0.2466,0.2457,0.2448,12.0026,0.0481,0.2406
5030.0,182,0.2497,0.2411,0.2479,12.0026,0.0496,0.2406
5040.0,183,0.2451,0.2350,0.2509,12.0034,0.0481,0.2375
5050.0,184,0.2420,0.2350,0.2509,12.0034,0.0465,0.2329
5060.0,185,0.2298,0.2335,0.2448,12.0034,0.0496,0.2284
5070.0,186,0.2252,0.2411,0.2433,12.0034,0.0481,0.2238
5080.0,187,0.2329,0.2396,0.2311,12.0026,0.0450,0.2223
5090.0,188,0.2313,0.2396,0.2311,12.0026,0.0465,0.2238
5100.0,189,0.2313,0.2350,0.2372,12.0034,0.0481,0.2238
5110.0,190,0.2252,0.2335,0.2372,12.0034,0.0465,0.2284
5120.0,191,0.2207,0.2289,0.2341,12.0026,0.0450,0.2238
5130.0,192,0.2161,0.2274,0.2280,12.0026,0.0435,0.2177
5140.0,193,0.2115,0.2274,0.2250,12.0026,0.0420,0.2146
5150.0,194,0.2085,0.2182,0.2219,12.0034,0.0420,0.2100
5160.0,195,0.2069,0.2151,0.2158,12.0017,0.0389,0.2070
5170.0,196,0.2115,0.2151,0.2082,12.0034,0.0389,0.2055
5180.0,197,0.2054,0.2151,0.2006,12.0034,0.0374,0.2024
5190.0,198,0.1962,0.2045,0.1960,12.0034,0.0359,0.1948
5200.0,199,0.1871,0.1953,0.1960,12.0043,0.0374,0.1887
5210.0,200,0.1840,0.1907,0.1960,12.0034,0.0359,0.1872
5220.0,201,0.1779,0.1877,0.1884,12.0043,0.0343,0.1811
5230.0,202,0.1779,0.1846,0.1823,12.0043,0.0343,0.1719
5240.0,203,0.1779,0.1846,0.1777,12.0034,0.0313,0.1658
5250.0,204,0.1718,0.1816,0.1762,12.0017,0.0313,0.1658
5260.0,205,0.1703,0.1785,0.1792,12.0034,0.0313,0.1688
5270.0,206,0.1749,0.1785,0.1792,12.0043,0.0298,0.1688
5280.0,207,0.1749,0.1785,0.1868,12.0034,0.0298,0.1704
5290.0,208,0.1764,0.1816,0.1945,12.0043,0.0298,0.1765
5300.0,209,0.1825,0.1892,0.2021,12.0034,0.0282,0.1841
5310.0,210,0.1886,0.1953,0.1975,12.0034,0.0282,0.1887
5320.0,211,0.1947,0.1999,0.1990,12.0034,0.0267,0.1917
5330.0,212,0.1993,0.2029,0.2067,12.0034,0.0282,0.1963
5340.0,213,0.1993,0.2014,0.2097,12.0034,0.0282,0.1963
5350.0,214,0.1993,0.2014,0.2113,12.0034,0.0282,0.1963
5360.0,215,0.2024,0.2045,0.2097,12.0034,0.0237,0.1978
5370.0,216,0.2069,0.2075,0.2097,12.0043,0.0252,0.1978
5380.0,217,0.2115,0.2106,0.2113,12.0026,0.0267,0.2055
5390.0,218,0.2161,0.2167,0.2158,12.0043,0.0282,0.2085
5400.0,219,0.2176,0.2197,0.2235,12.0052,0.0282,0.2085
5410.0,220,0.2207,0.2258,0.2235,12.0034,0.0267,0.2116
5420.0,221,0.2252,0.2258,0.2280,12.0034,0.0282,0.2177
5430.0,222,0.2237,0.2243,0.2326,12.0052,0.0252,0.2192
5440.0,223,0.2191,0.2274,0.2250,12.0034,0.0282,0.2177
5450.0,224,0.2207,0.2258,0.2189,12.0034,0.0282,0.2146
5460.0,225,0.2176,0.2258,0.2158,12.0052,0.0298,0.2177
5470.0,226,0.2191,0.2197,0.2158,12.0034,0.0298,0.2162
5480.0,227,0.2207,0.2213,0.2113,12.0034,0.0298,0.2070
5490.0,228,0.2161,0.2197,0.2128,12.0034,0.0282,0.2024
5500.0,229,0.2176,0.2151,0.2189,12.0043,0.0298,0.2024
5510.0,230,0.2161,0.2075,0.2158,12.0052,0.0298,0.2070
5520.0,231,0.2130,0.2090,0.2189,12.0052,0.0313,0.2116
5530.0,232,0.2100,0.2136,0.2235,12.0043,0.0328,0.2177
5540.0,233,0.2130,0.2243,0.2235,12.0052,0.0313,0.2223
5550.0,234,0.2237,0.2289,0.2174,12.0043,0.0313,0.2253
5560.0,235,0.2268,0.2243,0.2265,12.0060,0.0313,0.2192
5570.0,236,0.2252,0.2304,0.2280,12.0060,0.0313,0.2177
5580.0,237,0.2268,0.2304,0.2326,12.0060,0.0359,0.2223
5590.0,238,0.2237,0.2258,0.2326,12.0052,0.0328,0.2268
5600.0,239,0.2237,0.2258,0.2372,12.0043,0.0328,0.2268
5610.0,240,0.2222,0.2335,0.2372,12.0052,0.0328,0.2238
5620.0,241,0.2237,0.2365,0.2402,12.0043,0.0328,0.2268
5630.0,242,0.2222,0.2350,0.2402,12.0043,0.0343,0.2299
5640.0,243,0.2222,0.2304,0.2387,12.0034,0.0343,0.2299
5650.0,244,0.2222,0.2350,0.2372,12.0052,0.0328,0.2360
5660.0,245,0.2268,0.2335,0.2418,12.0060,0.0343,0.2345
5670.0,246,0.2268,0.2319,0.2402,12.0043,0.0328,0.2284
5680.0,247,0.2222,0.2274,0.2326,12.0043,0.0359,0.2238
5690.0,248,0.2252,0.2258,0.2326,12.0052,0.0359,0.2238
5700.0,249,0.2191,0.2228,0.2250,12.0052,0.0359,0.2192
5710.0,250,0.2146,0.2167,0.2174,12.0052,0.0359,0.2100
5720.0,251,0.2069,0.2060,0.2113,12.0052,0.0343,0.1994
5730.0,252,0.2054,0.2045,0.2051,12.0043,0.0343,0.1948
5740.0,253,0.2008,0.1984,0.2006,12.0052,0.0343,0.1948
5750.0,254,0.1917,0.1892,0.1945,12.0034,0.0374,0.1933
5760.0,255,0.1856,0.1892,0.1868,12.0052,0.0359,0.1841
5770.0,0,0.1840,0.1831,0.1823,12.0052,0.0359,0.1795
5780.0,1,0.1810,0.1785,0.1792,12.0052,0.0343,0.1750
5790.0,2,0.1764,0.1785,0.1792,12.0043,0.0359,0.1719
5800.0,3,0.1718,0.1816,0.1777,12.0060,0.0328,0.1719
5810.0,4,0.1734,0.1785,0.1777,12.0052,0.0343,0.1719
5820.0,5,0.1734,0.1740,0.1792,12.0043,0.0328,0.1673
5830.0,6,0.1764,0.1801,0.1762,12.0034,0.0328,0.1688
5840.0,7,0.1779,0.1770,0.1792,12.0043,0.0328,0.1719
5850.0,8,0.1856,0.1770,0.1868,12.0043,0.0298,0.1841
5860.0,9,0.1886,0.1892,0.1914,12.0052,0.0313,0.1917
5870.0,10,0.1962,0.1999,0.2051,12.0052,0.0313,0.2024
5880.0,11,0.2069,0.2045,0.2143,12.0043,0.0313,0.2039
5890.0,12,0.2100,0.2136,0.2158,12.0060,0.0313,0.2024
5900.0,13,0.2161,0.2182,0.2189,12.0060,0.0298,0.2024
5910.0,14,0.2176,0.2106,0.2235,12.0052,0.0298,0.2024
5920.0,15,0.2237,0.2090,0.2219,12.0043,0.0282,0.2039
5930.0,16,0.2237,0.2090,0.2189,12.0043,0.0282,0.2085
5940.0,17,0.2191,0.2029,0.2158,12.0034,0.0298,0.2024
5950.0,18,0.2085,0.1953,0.2097,12.0052,0.0298,0.2009
5960.0,19,0.1978,0.1968,0.2051,12.0043,0.0252,0.1994
5970.0,20,0.1917,0.1938,0.2006,12.0043,0.0267,0.1872
5980.0,21,0.1810,0.1892,0.1975,12.0026,0.0282,0.1841
5990.0,22,0.1795,0.1846,0.1960,12.0034,0.0282,0.1811
6000.0,23,0.1825,0.1801,0.1929,12.0043,0.0282,0.1872
6010.0,24,0.1871,0.1816,0.1899,12.0043,0.0252,0.1841
6020.0,25,0.1810,0.1801,0.1838,12.0043,0.0252,0.1826
6030.0,26,0.1795,0.1816,0.1838,12.0034,0.0237,0.1826
6040.0,27,0.1779,0.1816,0.1929,12.0043,0.0237,0.1856
6050.0,28,0.1718,0.1740,0.1975,12.0043,0.0221,0.1856
6060.0,29,0.1718,0.1755,0.2006,12.0043,0.0237,0.1856
6070.0,30,0.1840,0.1801,0.1929,12.0043,0.0237,0.1811
6080.0,31,0.1886,0.1877,0.1899,12.0043,0.0206,0.1826
6090.0,32,0.1962,0.1892,0.1990,12.0043,0.0221,0.1856
6100.0,33,0.1962,0.1938,0.2097,12.0052,0.0221,0.1948
6110.0,34,0.1978,0.2029,0.2143,12.0043,0.0206,0.1948
6120.0,35,0.2024,0.1999,0.2174,12.0043,0.0206,0.1978
6130.0,36,0.2100,0.2014,0.2158,12.0043,0.0206,0.2024
6140.0,37,0.2130,0.2075,0.2082,12.0052,0.0221,0.2055
6150.0,38,0.2100,0.2090,0.2051,12.0043,0.0206,0.1994
6160.0,39,0.2100,0.2090,0.2082,12.0043,0.0191,0.1948
6170.0,40,0.2176,0.2029,0.2143,12.0052,0.0191,0.1978
6180.0,41,0.2130,0.1984,0.2158,12.0043,0.0206,0.1963
6190.0,42,0.2039,0.1968,0.2143,12.0043,0.0191,0.1933
6200.0,43,0.2024,0.1953,0.2128,12.0052,0.0191,0.1933
6210.0,44,0.2024,0.1938,0.2036,12.0052,0.0191,0.1917
6220.1,45,0.1978,0.1877,0.1945,12.0052,0.0191,0.1902
6230.1,46,0.1947,0.1892,0.1914,12.0060,0.0176,0.1902
6240.1,47,0.1871,0.1892,0.1884,12.0052,0.0160,0.1887
6250.1,48,0.1825,0.1907,0.1945,12.0060,0.0191,0.1872
6260.1,49,0.1840,0.1938,0.1975,12.0034,0.0191,0.1933
6270.1,50,0.1871,0.2045,0.2006,12.0052,0.0191,0.2009
6280.1,51,0.1978,0.2090,0.2021,12.0060,0.0191,0.2039
6290.1,52,0.2054,0.2090,0.2082,12.0060,0.0160,0.2100
6300.1,53,0.2115,0.2136,0.2113,12.0052,0.0176,0.2131
6310.1,54,0.2130,0.2182,0.2158,12.0052,0.0176,0.2131
6320.1,55,0.2115,0.2228,0.2250,12.0043,0.0176,0.2085
6330.1,56,0.2176,0.2243,0.2250,12.0043,0.0191,0.2100
6340.1,57,0.2161,0.2182,0.2204,12.0043,0.0206,0.2085
6350.1,58,0.2207,0.2151,0.2143,12.0043,0.0191,0.2085
6360.1,59,0.2146,0.2136,0.2174,12.0043,0.0191,0.2100
6370.1,60,0.2100,0.2075,0.2189,12.0052,0.0191,0.2055
6380.1,61,0.2024,0.2090,0.2143,12.0043,0.0191,0.2039
6390.1,62,0.1993,0.2106,0.2174,12.0060,0.0206,0.2055
6400.1,63,0.2054,0.2075,0.2128,12.0052,0.0191,0.2009
6410.1,64,0.2069,0.2090,0.2082,12.0052,0.0176,0.2009
6420.1,65,0.2054,0.2060,0.2082,12.0052,0.0191,0.1978
6430.1,66,0.1962,0.1968,0.2021,12.0052,0.0191,0.1948
6440.1,67,0.1932,0.1862,0.1899,12.0060,0.0191,0.1872
6450.1,68,0.1871,0.1770,0.1853,12.0052,0.0176,0.1811
6460.1,69,0.1795,0.1709,0.1777,12.0060,0.0176,0.1750
6470.1,70,0.1779,0.1663,0.1655,12.0034,0.0176,0.1582
6480.1,71,0.1642,0.1602,0.1624,12.0052,0.0191,0.1460
6490.1,72,0.1535,0.1602,0.1624,12.0060,0.0176,0.1414
6500.1,73,0.1550,0.1663,0.1624,12.0043,0.0176,0.1460
6510.1,74,0.1535,0.1709,0.1639,12.0052,0.0191,0.1536
6520.1,75,0.1550,0.1694,0.1701,12.0052,0.0160,0.1566
6530.1,76,0.1612,0.1724,0.1792,12.0052,0.0191,0.1643
6540.1,77,0.1718,0.1770,0.1929,12.0052,0.0160,0.1780
6550.1,78,0.1856,0.1892,0.2021,12.0034,0.0176,0.1917
6560.1,79,0.1993,0.1984,0.2097,12.0043,0.0176,0.2039
6570.1,80,0.2085,0.2045,0.2143,12.0060,0.0160,0.2024
6580.1,81,0.2115,0.2090,0.2219,12.0052,0.0160,0.1994
6590.1,82,0.2085,0.2136,0.2250,12.0043,0.0160,0.2039
6600.1,83,0.2024,0.2182,0.2250,12.0052,0.0176,0.2131
6610.1,84,0.2069,0.2197,0.2250,12.0052,0.0160,0.2131
6620.1,85,0.2146,0.2213,0.2250,12.0052,0.0176,0.2131
6630.1,86,0.2222,0.2243,0.2235,12.0052,0.0145,0.2192
6640.1,87,0.2313,0.2289,0.2265,12.0043,0.0176,0.2299
6650.1,88,0.2329,0.2243,0.2296,12.0052,0.0145,0.2314
6660.1,89,0.2313,0.2258,0.2357,12.0052,0.0191,0.2268
6670.1,90,0.2237,0.2304,0.2402,12.0043,0.0176,0.2284
6680.1,91,0.2252,0.2319,0.2341,12.0043,0.0160,0.2284
6690.1,92,0.2283,0.2274,0.2296,12.0043,0.0176,0.2329
6700.1,93,0.2283,0.2274,0.2311,12.0052,0.0191,0.2314
6710.1,94,0.2252,0.2258,0.2341,12.0052,0.0191,0.2253
6720.1,95,0.2237,0.2228,0.2326,12.0052,0.0191,0.2223
6730.1,96,0.2237,0.2243,0.2280,12.0052,0.0206,0.2162
6740.1,97,0.2237,0.2274,0.2250,12.0043,0.0206,0.2162
6750.1,98,0.2222,0.2319,0.2219,12.0052,0.0221,0.2192
6760.1,99,0.2237,0.2350,0.2250,12.0060,0.0221,0.2192
6770.1,100,0.2207,0.2350,0.2296,12.0043,0.0221,0.2223
6780.1,101,0.2252,0.2365,0.2341,12.0043,0.0237,0.2253
6790.1,102,0.2283,0.2304,0.2296,12.0052,0.0206,0.2284
6800.1,103,0.2329,0.2243,0.2265,12.0043,0.0252,0.2284
6810.1,104,0.2359,0.2289,0.2296,12.0052,0.0267,0.2223
6820.1,105,0.2283,0.2304,0.2326,12.0052,0.0237,0.2207
6830.1,106,0.2252,0.2319,0.2418,12.0034,0.0267,0.2207
6840.1,107,0.2207,0.2274,0.2418,12.0043,0.0267,0.2192
6850.1,108,0.2191,0.2258,0.2357,12.0052,0.0267,0.2116
6860.1,109,0.2207,0.2304,0.2296,12.0052,0.0267,0.2100
6870.1,110,0.2222,0.2350,0.2280,12.0052,0.0267,0.2131
6880.1,111,0.2252,0.2365,0.2326,12.0060,0.0282,0.2177
6890.1,112,0.2268,0.2411,0.2372,12.0060,0.0282,0.2238
6900.1,113,0.2283,0.2457,0.2448,12.0060,0.0282,0.2299
6910.1,114,0.2359,0.2548,0.2555,12.0052,0.0298,0.2345
6920.1,115,0.2359,0.2533,0.2509,12.0060,0.0298,0.2390
6930.1,116,0.2420,0.2518,0.2509,12.0060,0.0313,0.2360
6940.1,117,0.2451,0.2487,0.2494,12.0060,0.0313,0.2329
6950.1,118,0.2359,0.2380,0.2463,12.0052,0.0328,0.2314
6960.1,119,0.2298,0.2304,0.2357,12.0052,0.0328,0.2268
6970.1,120,0.2222,0.2304,0.2265,12.0052,0.0313,0.2207
6980.1,121,0.2100,0.2197,0.2143,12.0043,0.0328,0.2146
6990.1,122,0.2008,0.2106,0.2097,12.0043,0.0313,0.2085
7000.1,123,0.1962,0.2045,0.2021,12.0060,0.0328,0.2039
7010.1,124,0.1978,0.2014,0.2051,12.0060,0.0328,0.2024
7020.1,125,0.1978,0.1938,0.2036,12.0052,0.0328,0.1948
7030.1,126,0.1947,0.1801,0.1975,12.0060,0.0328,0.1887
7040.1,127,0.1901,0.1785,0.1868,12.0052,0.0313,0.1826
7050.1,128,0.1871,0.1755,0.1792,12.0060,0.0328,0.1765
7060.1,129,0.1856,0.1770,0.1746,12.0060,0.0313,0.1780
7070.1,130,0.1795,0.1785,0.1746,12.0060,0.0282,0.1795
7080.1,131,0.1749,0.1755,0.1701,12.0069,0.0298,0.1811
7090.1,132,0.1779,0.1724,0.1762,12.0052,0.0298,0.1811
7100.1,133,0.1795,0.1770,0.1777,12.0060,0.0298,0.1826
7110.1,134,0.1749,0.1724,0.1762,12.0069,0.0282,0.1795
7120.1,135,0.1703,0.1663,0.1762,12.0052,0.0267,0.1719
7130.1,136,0.1703,0.1724,0.1746,12.0043,0.0267,0.1673
7140.1,137,0.1703,0.1801,0.1777,12.0060,0.0252,0.1688
7150.1,138,0.1764,0.1801,0.1838,12.0052,0.0252,0.1734
7160.1,139,0.1871,0.1892,0.1960,12.0052,0.0252,0.1780
7170.1,140,0.1871,0.1984,0.2036,12.0052,0.0267,0.1902
7180.1,141,0.1871,0.1953,0.2082,12.0052,0.0237,0.1963
7190.1,142,0.1886,0.1984,0.2021,12.0060,0.0237,0.1978
7200.1,143,0.1901,0.2045,0.1945,12.0060,0.0237,0.1917
7210.1,144,0.1795,0.1907,0.1853,12.0052,0.0237,0.1872
7220.1,145,0.1749,0.1846,0.1807,12.0060,0.0237,0.1826
7230.1,146,0.1795,0.1846,0.1792,12.0060,0.0221,0.1765
7240.1,147,0.1840,0.1831,0.1731,12.0052,0.0237,0.1780
7250.1,148,0.1810,0.1862,0.1685,12.0060,0.0191,0.1780
7260.1,149,0.1810,0.1892,0.1746,12.0060,0.0237,0.1734
7270.1,150,0.1795,0.1892,0.1838,12.0060,0.0221,0.1719
7280.1,151,0.1749,0.1877,0.1838,12.0052,0.0221,0.1658
7290.1,152,0.1764,0.1892,0.1823,12.0060,0.0206,0.1719
7300.1,153,0.1795,0.1923,0.1807,12.0052,0.0221,0.1795
7310.1,154,0.1886,0.1999,0.1792,12.0060,0.0206,0.1811
7320.1,155,0.1856,0.1968,0.1823,12.0060,0.0221,0.1795
7330.1,156,0.1810,0.1907,0.1807,12.0060,0.0206,0.1795
7340.1,157,0.1734,0.1846,0.1762,12.0060,0.0191,0.1765
7350.1,158,0.1703,0.1801,0.1731,12.0060,0.0206,0.1750
7360.1,159,0.1673,0.1755,0.1777,12.0052,0.0206,0.1688
7370.1,160,0.1642,0.1709,0.1838,12.0060,0.0176,0.1612
7380.1,161,0.1596,0.1678,0.1807,12.0069,0.0206,0.1566
7390.1,162,0.1581,0.1648,0.1716,12.0052,0.0176,0.1551
7400.1,163,0.1627,0.1648,0.1701,12.0052,0.0191,0.1536
7410.1,164,0.1627,0.1740,0.1731,12.0052,0.0176,0.1597
7420.1,165,0.1657,0.1816,0.1777,12.0052,0.0191,0.1765
7430.1,166,0.1673,0.1801,0.1868,12.0052,0.0176,0.1872
7440.1,167,0.1718,0.1831,0.1960,12.0052,0.0176,0.1887
7450.1,168,0.1810,0.1877,0.2021,12.0069,0.0176,0.1856
7460.1,169,0.1901,0.1923,0.1914,12.0060,0.0191,0.1826
7470.1,170,0.1962,0.1907,0.1929,12.0052,0.0191,0.1872
7480.1,171,0.1962,0.1877,0.1929,12.0052,0.0206,0.1841
7490.1,172,0.1932,0.1892,0.1975,12.0052,0.0191,0.1826
7500.1,173,0.1917,0.1862,0.1975,12.0052,0.0191,0.1933
7510.1,174,0.1978,0.1907,0.2067,12.0060,0.0206,0.2009
7520.1,175,0.2024,0.1953,0.2082,12.0052,0.0237,0.2024
7530.1,176,0.2024,0.2014,0.2082,12.0052,0.0221,0.2024
7540.1,177,0.2039,0.2090,0.2113,12.0060,0.0206,0.1994
7550.1,178,0.2069,0.2151,0.2143,12.0060,0.0221,0.2024
7560.1,179,0.2085,0.2167,0.2174,12.0052,0.0206,0.2070
7570.1,180,0.2085,0.2197,0.2174,12.0043,0.0237,0.2116
7580.1,181,0.2115,0.2243,0.2204,12.0052,0.0252,0.2131
7590.1,182,0.2191,0.2304,0.2265,12.0052,0.0252,0.2146
7600.1,183,0.2222,0.2274,0.2280,12.0043,0.0267,0.2177
7610.1,184,0.2252,0.2289,0.2265,12.0052,0.0267,0.2207
7620.1,185,0.2268,0.2289,0.2280,12.0052,0.0252,0.2253
7630.1,186,0.2252,0.2365,0.2265,12.0052,0.0252,0.2253
7640.1,187,0.2237,0.2335,0.2387,12.0052,0.0267,0.2253
7650.1,188,0.2191,0.2243,0.2372,12.0060,0.0267,0.2299
7660.1,189,0.2191,0.2243,0.2341,12.0060,0.0298,0.2299
7670.1,190,0.2207,0.2289,0.2280,12.0060,0.0298,0.2238
7680.1,191,0.2222,0.2228,0.2204,12.0052,0.0298,0.2177
7690.1,192,0.2191,0.2075,0.2158,12.0043,0.0298,0.2100
7700.1,193,0.2130,0.1968,0.2036,12.0043,0.0313,0.2039
7710.1,194,0.2054,0.1938,0.1929,12.0043,0.0298,0.1994
7720.1,195,0.2008,0.1938,0.1884,12.0052,0.0313,0.1978
7730.1,196,0.1917,0.1877,0.1945,12.0060,0.0313,0.1933
7740.1,197,0.1901,0.1846,0.1960,12.0060,0.0282,0.1856
7750.1,198,0.1825,0.1831,0.1975,12.0043,0.0313,0.1826
7760.1,199,0.1810,0.1831,0.1960,12.0052,0.0298,0.1811
7770.1,200,0.1810,0.1846,0.1990,12.0052,0.0282,0.1841
7780.1,201,0.1856,0.1892,0.1990,12.0043,0.0282,0.1841
7790.1,202,0.1840,0.1984,0.2021,12.0052,0.0282,0.1841
7800.1,203,0.1840,0.1968,0.2036,12.0052,0.0267,0.1887
7810.1,204,0.1825,0.1892,0.1990,12.0043,0.0267,0.1856
7820.1,205,0.1840,0.1862,0.1960,12.0043,0.0282,0.1811
7830.1,206,0.1856,0.1862,0.1929,12.0043,0.0267,0.1826
7840.1,207,0.1825,0.1892,0.1929,12.0052,0.0267,0.1811
7850.1,208,0.1840,0.1846,0.1884,12.0052,0.0267,0.1780
7860.1,209,0.1825,0.1801,0.1899,12.0043,0.0237,0.1780
7870.1,210,0.1764,0.1801,0.1868,12.0052,0.0252,0.1780
7880.1,211,0.1749,0.1770,0.1823,12.0060,0.0252,0.1765
7890.1,212,0.1810,0.1755,0.1853,12.0060,0.0252,0.1750
7900.1,213,0.1840,0.1755,0.1884,12.0060,0.0237,0.1780
7910.1,214,0.1840,0.1801,0.1929,12.0060,0.0237,0.1750
7920.1,215,0.1871,0.1801,0.1929,12.0052,0.0237,0.1765
7930.1,216,0.1871,0.1846,0.1929,12.0052,0.0221,0.1856
7940.1,217,0.1932,0.1862,0.1945,12.0052,0.0237,0.1856
7950.1,218,0.1886,0.1877,0.1945,12.0052,0.0237,0.1856
7960.1,219,0.1856,0.1877,0.1914,12.0060,0.0237,0.1872
7970.1,220,0.1825,0.1816,0.1899,12.0060,0.0252,0.1887
7980.1,221,0.1840,0.1816,0.1899,12.0043,0.0267,0.1872
7990.1,222,0.1871,0.1923,0.1945,12.0052,0.0237,0.1902
8000.1,223,0.1901,0.1984,0.2006,12.0060,0.0237,0.1933
8010.1,224,0.1962,0.1999,0.2021,12.0052,0.0252,0.1948
8020.1,225,0.2054,0.2045,0.2067,12.0043,0.0267,0.1978
8030.1,226,0.2130,0.2060,0.2128,12.0052,0.0282,0.1948
8040.1,227,0.2130,0.2090,0.2143,12.0052,0.0282,0.2024
8050.1,228,0.2146,0.2136,0.2204,12.0060,0.0282,0.2116
8060.1,229,0.2146,0.2182,0.2235,12.0052,0.0298,0.2146
8070.1,230,0.2176,0.2182,0.2189,12.0052,0.0313,0.2192
8080.1,231,0.2146,0.2197,0.2204,12.0060,0.0298,0.2238
8090.1,232,0.2191,0.2258,0.2280,12.0052,0.0313,0.2238
8100.1,233,0.2222,0.2258,0.2326,12.0060,0.0313,0.2238
8110.1,234,0.2207,0.2258,0.2372,12.0052,0.0328,0.2223
8120.1,235,0.2283,0.2197,0.2357,12.0060,0.0328,0.2238
8130.1,236,0.2268,0.2197,0.2433,12.0052,0.0328,0.2253
8140.1,237,0.2298,0.2258,0.2479,12.0052,0.0328,0.2268
8150.1,238,0.2237,0.2426,0.2479,12.0052,0.0343,0.2314
8160.1,239,0.2283,0.2472,0.2463,12.0052,0.0343,0.2375
8170.1,240,0.2329,0.2548,0.2402,12.0052,0.0359,0.2390
8180.1,241,0.2298,0.2487,0.2402,12.0043,0.0374,0.2390
8190.1,242,0.2329,0.2411,0.2341,12.0069,0.0374,0.2360
8200.1,243,0.2344,0.2380,0.2341,12.0052,0.0359,0.2284
8210.1,244,0.2237,0.2319,0.2265,12.0060,0.0374,0.2207
8220.1,245,0.2191,0.2243,0.2174,12.0052,0.0389,0.2177
8230.1,246,0.2146,0.2121,0.2143,12.0060,0.0374,0.2100
8240.1,247,0.2161,0.2121,0.2189,12.0052,0.0374,0.2100
8250.1,248,0.2176,0.2060,0.2296,12.0043,0.0374,0.2100
8260.1,249,0.2191,0.2090,0.2296,12.0043,0.0420,0.2116
8270.1,250,0.2146,0.2182,0.2311,12.0043,0.0420,0.2131
8280.1,251,0.2176,0.2213,0.2357,12.0052,0.0389,0.2207
8290.1,252,0.2222,0.2228,0.2326,12.0043,0.0389,0.2192
8300.1,253,0.2313,0.2304,0.2402,12.0034,0.0389,0.2223
8310.1,254,0.2451,0.2380,0.2479,12.0052,0.0404,0.2192
8320.1,255,0.2405,0.2411,0.2494,12.0052,0.0404,0.2192
8330.1,0,0.2359,0.2426,0.2494,12.0052,0.0404,0.2223
8340.1,1,0.2344,0.2335,0.2418,12.0052,0.0389,0.2299
8350.1,2,0.2298,0.2274,0.2357,12.0043,0.0420,0.2268
8360.1,3,0.2252,0.2136,0.2296,12.0043,0.0435,0.2253
8370.1,4,0.2207,0.2136,0.2235,12.0052,0.0404,0.2192
8380.1,5,0.2161,0.2121,0.2158,12.0043,0.0404,0.2146
8390.1,6,0.2069,0.2151,0.2113,12.0052,0.0420,0.2039
8400.1,7,0.1993,0.2075,0.2128,12.0043,0.0420,0.2024
8410.1,8,0.1993,0.2060,0.2082,12.0052,0.0420,0.1978
8420.1,9,0.2054,0.2045,0.2082,12.0052,0.0389,0.1963
8430.1,10,0.2024,0.2060,0.2097,12.0043,0.0389,0.1963
8440.1,11,0.1993,0.2075,0.2097,12.0052,0.0389,0.1948
8450.1,12,0.1917,0.2045,0.2082,12.0043,0.0404,0.1933
8460.1,13,0.1856,0.1999,0.2082,12.0052,0.0389,0.1902
8470.1,14,0.1856,0.1984,0.2036,12.0034,0.0374,0.1856
8480.1,15,0.1901,0.1877,0.1960,12.0043,0.0389,0.1826
8490.1,16,0.1917,0.1846,0.1975,12.0043,0.0389,0.1856
8500.1,17,0.1917,0.1892,0.1975,12.0034,0.0389,0.1841
8510.1,18,0.1886,0.1999,0.1990,12.0043,0.0374,0.1856
8520.1,19,0.1901,0.2045,0.1975,12.0034,0.0359,0.1841
8530.1,20,0.1901,0.2060,0.1914,12.0052,0.0374,0.1856
8540.1,21,0.1917,0.2090,0.1929,12.0043,0.0343,0.1948
8550.1,22,0.1932,0.2106,0.1914,12.0043,0.0374,0.2024
8560.1,23,0.1962,0.2106,0.1990,12.0034,0.0359,0.2024
8570.1,24,0.1978,0.2075,0.2113,12.0043,0.0359,0.1963
8580.1,25,0.1978,0.2045,0.2113,12.0043,0.0343,0.2009
8590.1,26,0.1978,0.2014,0.2143,12.0052,0.0359,0.2009
8600.1,27,0.2069,0.2029,0.2113,12.0052,0.0343,0.2009
8610.1,28,0.2100,0.2029,0.2143,12.0052,0.0343,0.1948
8620.1,29,0.2069,0.2060,0.2128,12.0043,0.0343,0.1994
8630.1,30,0.2039,0.2060,0.2036,12.0034,0.0343,0.1978
8640.1,31,0.1932,0.2029,0.2082,12.0043,0.0359,0.1933
8650.1,32,0.1917,0.1953,0.2021,12.0034,0.0343,0.1872
8660.1,33,0.1871,0.1862,0.1960,12.0043,0.0328,0.1826
8670.1,34,0.1795,0.1831,0.1945,12.0052,0.0313,0.1841
8680.1,35,0.1795,0.1770,0.1899,12.0052,0.0313,0.1795
8690.1,36,0.1795,0.1755,0.1868,12.0043,0.0313,0.1780
8700.1,37,0.1779,0.1740,0.1853,12.0060,0.0298,0.1719
8710.1,38,0.1779,0.1831,0.1838,12.0043,0.0313,0.1719
8720.1,39,0.1856,0.1907,0.1884,12.0043,0.0313,0.1826
8730.1,40,0.1871,0.2014,0.2021,12.0052,0.0313,0.1917
8740.1,41,0.1947,0.2045,0.2082,12.0043,0.0313,0.2009
8750.1,42,0.2039,0.2182,0.2128,12.0043,0.0298,0.2070
8760.1,43,0.2191,0.2319,0.2296,12.0043,0.0298,0.2177
8770.1,44,0.2313,0.2396,0.2387,12.0034,0.0298,0.2284
8780.1,45,0.2420,0.2472,0.2509,12.0043,0.0313,0.2375
8790.1,46,0.2558,0.2518,0.2647,12.0043,0.0298,0.2467
8800.1,47,0.2619,0.2625,0.2769,12.0034,0.0313,0.2604
8810.1,48,0.2634,0.2747,0.2784,12.0043,0.0328,0.2696
8820.1,49,0.2710,0.2838,0.2814,12.0043,0.0328,0.2833
8830.1,50,0.2817,0.2884,0.2891,12.0034,0.0343,0.2924
8840.1,51,0.2954,0.2960,0.3013,12.0026,0.0359,0.2940
8850.1,52,0.3031,0.3036,0.3043,12.0034,0.0389,0.3031
8860.1,53,0.3076,0.3128,0.3150,12.0034,0.0404,0.3108
8870.1,54,0.3153,0.3174,0.3226,12.0034,0.0420,0.3108
8880.1,55,0.3153,0.3204,0.3181,12.0034,0.0404,0.3169
8890.1,56,0.3168,0.3220,0.3165,12.0034,0.0435,0.3214
8900.1,57,0.3183,0.3174,0.3150,12.0026,0.0465,0.3138
8910.1,58,0.3137,0.3128,0.3104,12.0017,0.0481,0.3108
8920.1,59,0.3153,0.3036,0.3089,12.0026,0.0496,0.3108
8930.1,60,0.3153,0.3052,0.3135,12.0034,0.0542,0.3184
8940.1,61,0.3198,0.3174,0.3181,12.0026,0.0542,0.3199
8950.1,62,0.3290,0.3311,0.3257,12.0034,0.0542,0.3245
8960.1,63,0.3366,0.3387,0.3425,12.0026,0.0588,0.3352
8970.1,64,0.3412,0.3448,0.3516,12.0026,0.0618,0.3474
8980.1,65,0.3534,0.3571,0.3623,12.0017,0.0618,0.3535
8990.1,66,0.3626,0.3677,0.3715,12.0017,0.0649,0.3657
9000.1,67,0.3732,0.3784,0.3791,12.0017,0.0679,0.3779
9010.1,68,0.3794,0.3876,0.3959,12.0008,0.0694,0.3870
9020.1,69,0.3885,0.3922,0.4005,12.0017,0.0694,0.3916
9030.1,70,0.3946,0.3952,0.4050,12.0008,0.0755,0.4008
9040.1,71,0.3992,0.3937,0.4066,12.0017,0.0755,0.4023
9050.1,72,0.4022,0.3967,0.4066,12.0017,0.0786,0.3993
9060.1,73,0.3992,0.3937,0.4035,12.0008,0.0801,0.3916
9070.1,74,0.3931,0.3922,0.4020,12.0017,0.0801,0.3870
9080.1,75,0.3885,0.3891,0.3944,12.0026,0.0816,0.3779
9090.1,76,0.3732,0.3799,0.3806,12.0017,0.0816,0.3764
9100.1,77,0.3687,0.3723,0.3776,12.0008,0.0847,0.3703
9110.1,78,0.3610,0.3708,0.3760,12.0008,0.0862,0.3642
9120.1,79,0.3565,0.3708,0.3715,12.0008,0.0862,0.3565
9130.1,80,0.3565,0.3693,0.3638,12.0008,0.0877,0.3504
9140.1,81,0.3519,0.3647,0.3577,12.0008,0.0893,0.3458
9150.1,82,0.3443,0.3555,0.3532,12.0008,0.0908,0.3458
9160.1,83,0.3397,0.3494,0.3501,12.0008,0.0893,0.3413
9170.1,84,0.3321,0.3403,0.3455,12.0008,0.0908,0.3352
9180.1,85,0.3214,0.3357,0.3379,12.0017,0.0893,0.3260
9190.1,86,0.3198,0.3357,0.3318,12.0000,0.0908,0.3260
9200.1,87,0.3183,0.3342,0.3318,12.0000,0.0908,0.3275
9210.1,88,0.3214,0.3281,0.3333,12.0000,0.0908,0.3291
9220.1,89,0.3198,0.3174,0.3287,12.0008,0.0923,0.3260
9230.1,90,0.3183,0.3143,0.3257,12.0000,0.0938,0.3184
9240.1,91,0.3183,0.3159,0.3287,12.0000,0.0938,0.3138
9250.1,92,0.3122,0.3159,0.3257,12.0008,0.0954,0.3108
9260.1,93,0.3107,0.3159,0.3181,12.0000,0.0923,0.3092
9270.1,94,0.3076,0.3174,0.3135,12.0008,0.0923,0.3047
9280.1,95,0.3046,0.3128,0.3089,12.0000,0.0938,0.3062
9290.1,96,0.2985,0.3067,0.3043,12.0000,0.0938,0.3016
9300.1,97,0.2909,0.2975,0.3013,12.0008,0.0938,0.2924
9310.1,98,0.2863,0.2869,0.2982,12.0017,0.0908,0.2787
9320.1,99,0.2771,0.2762,0.2906,12.0008,0.0908,0.2696
9330.1,100,0.2649,0.2640,0.2784,12.0008,0.0908,0.2558
9340.1,101,0.2542,0.2548,0.2647,12.0017,0.0908,0.2482
9350.1,102,0.2435,0.2502,0.2540,12.0008,0.0893,0.2360
9360.1,103,0.2329,0.2350,0.2402,11.9991,0.0893,0.2253
9370.1,104,0.2222,0.2274,0.2311,12.0008,0.0862,0.2162
9380.1,105,0.2146,0.2258,0.2235,12.0008,0.0862,0.2085
9390.1,106,0.2085,0.2182,0.2204,12.0008,0.0847,0.2024
9400.1,107,0.2024,0.2121,0.2174,12.0017,0.0832,0.2055
9410.1,108,0.1993,0.2090,0.2158,12.0000,0.0801,0.2024
9420.1,109,0.1978,0.2075,0.2067,12.0000,0.0801,0.2024
9430.1,110,0.2024,0.2106,0.2113,12.0000,0.0801,0.2085
9440.1,111,0.2024,0.2136,0.2174,12.0008,0.0801,0.2162
9450.1,112,0.2008,0.2167,0.2280,12.0008,0.0771,0.2177
9460.1,113,0.2100,0.2213,0.2326,12.0008,0.0755,0.2192
9470.1,114,0.2146,0.2304,0.2326,12.0008,0.0740,0.2268
9480.1,115,0.2176,0.2380,0.2326,12.0017,0.0740,0.2314
9490.1,116,0.2268,0.2350,0.2387,12.0017,0.0725,0.2314
9500.1,117,0.2390,0.2426,0.2433,12.0008,0.0740,0.2375
9510.1,118,0.2497,0.2487,0.2418,12.0017,0.0740,0.2467
9520.1,119,0.2573,0.2533,0.2509,12.0026,0.0755,0.2467
9530.1,120,0.2573,0.2518,0.2524,12.0008,0.0710,0.2451
9540.1,121,0.2466,0.2457,0.2524,12.0008,0.0725,0.2421
9550.1,122,0.2390,0.2457,0.2494,12.0008,0.0710,0.2390
9560.1,123,0.2313,0.2380,0.2387,12.0017,0.0710,0.2329
9570.1,124,0.2252,0.2319,0.2280,12.0017,0.0710,0.2345
9580.1,125,0.2222,0.2289,0.2296,12.0008,0.0694,0.2314
9590.1,126,0.2176,0.2258,0.2265,12.0017,0.0694,0.2268
9600.1,127,0.2176,0.2243,0.2204,12.0017,0.0679,0.2162
9610.1,128,0.2222,0.2243,0.2158,12.0017,0.0664,0.2116
9620.1,129,0.2161,0.2274,0.2204,12.0008,0.0649,0.2039
9630.1,130,0.2161,0.2274,0.2280,11.9991,0.0633,0.2039
9640.1,131,0.2207,0.2167,0.2265,12.0000,0.0633,0.2116
9650.1,132,0.2191,0.2151,0.2280,12.0000,0.0649,0.2146
9660.1,133,0.2207,0.2182,0.2296,12.0008,0.0618,0.2146
9670.1,134,0.2161,0.2243,0.2311,12.0017,0.0633,0.2207
9680.1,135,0.2176,0.2243,0.2296,12.0017,0.0618,0.2284
9690.1,136,0.2207,0.2228,0.2235,12.0008,0.0588,0.2299
9700.1,137,0.2176,0.2243,0.2204,12.0008,0.0603,0.2299
9710.1,138,0.2222,0.2258,0.2204,12.0017,0.0603,0.2192
9720.1,139,0.2237,0.2228,0.2235,12.0008,0.0618,0.2207
9730.1,140,0.2176,0.2228,0.2235,12.0017,0.0603,0.2223
9740.1,141,0.2161,0.2228,0.2280,12.0017,0.0572,0.2238
9750.1,142,0.2176,0.2228,0.2265,12.0017,0.0557,0.2192
9760.1,143,0.2176,0.2213,0.2280,12.0008,0.0542,0.2131
9770.1,144,0.2222,0.2197,0.2265,12.0008,0.0572,0.2162
9780.1,145,0.2222,0.2167,0.2219,12.0017,0.0557,0.2238
9790.1,146,0.2176,0.2197,0.2280,12.0017,0.0557,0.2223
9800.1,147,0.2130,0.2167,0.2250,12.0000,0.0526,0.2177
9810.1,148,0.2115,0.2136,0.2235,12.0000,0.0542,0.2100
9820.1,149,0.2085,0.2106,0.2250,12.0000,0.0511,0.2100
9830.1,150,0.2115,0.2060,0.2219,12.0000,0.0511,0.1978
9840.1,151,0.2100,0.2045,0.2189,12.0017,0.0496,0.1933
9850.1,152,0.2008,0.2014,0.2097,12.0008,0.0481,0.1902
9860.1,153,0.1901,0.2075,0.1990,12.0000,0.0481,0.1872
9870.1,154,0.1932,0.2029,0.1975,12.0008,0.0465,0.1872
9880.1,155,0.1932,0.1953,0.1945,12.0008,0.0450,0.1856
9890.1,156,0.1901,0.1999,0.1929,12.0008,0.0435,0.1856
9900.1,157,0.1901,0.2075,0.2006,12.0017,0.0435,0.1887
9910.1,158,0.1993,0.2136,0.2051,12.0017,0.0404,0.1933
9920.1,159,0.2008,0.2090,0.2097,12.0017,0.0420,0.1948
9930.1,160,0.1932,0.2090,0.2082,12.0000,0.0420,0.1978
9940.1,161,0.1901,0.2029,0.2128,12.0008,0.0404,0.2009
9950.1,162,0.1947,0.1984,0.2113,12.0008,0.0374,0.2024
9960.1,163,0.1901,0.1968,0.2051,12.0008,0.0389,0.1963
9970.1,164,0.1871,0.1968,0.2006,12.0008,0.0374,0.1917
9980.1,165,0.1871,0.2014,0.1929,12.0017,0.0343,0.1902
9990.1,166,0.1871,0.1923,0.1807,12.0000,0.0359,0.1902
10000.1,167,0.1856,0.1938,0.1746,12.0008,0.0328,0.1887
10010.1,168,0.1795,0.1953,0.1731,12.0008,0.0343,0.1841
10020.1,169,0.1795,0.1907,0.1777,12.0017,0.0328,0.1750
10030.1,170,0.1779,0.1816,0.1823,12.0026,0.0328,0.1719
10040.1,171,0.1795,0.1816,0.1792,12.0026,0.0313,0.1734
10050.1,172,0.1810,0.1816,0.1823,12.0008,0.0282,0.1734
10060.1,173,0.1734,0.1724,0.1777,12.0017,0.0328,0.1704
10070.1,174,0.1688,0.1694,0.1731,12.0026,0.0282,0.1688
10080.1,175,0.1627,0.1678,0.1701,12.0017,0.0267,0.1658
10090.1,176,0.1627,0.1709,0.1655,12.0034,0.0267,0.1643
10100.1,177,0.1627,0.1694,0.1731,12.0026,0.0237,0.1597
10110.1,178,0.1688,0.1678,0.1731,12.0017,0.0252,0.1643
10120.1,179,0.1703,0.1694,0.1731,12.0017,0.0237,0.1643
10130.1,180,0.1810,0.1724,0.1746,12.0026,0.0237,0.1673
10140.1,181,0.1810,0.1755,0.1807,12.0017,0.0221,0.1688
10150.1,182,0.1810,0.1770,0.1853,12.0017,0.0206,0.1719
10160.1,183,0.1825,0.1831,0.1884,12.0026,0.0206,0.1704
10170.1,184,0.1856,0.1862,0.1884,12.0008,0.0206,0.1780
10180.1,185,0.1917,0.1877,0.1884,12.0034,0.0206,0.1841
10190.1,186,0.1932,0.1816,0.1899,12.0026,0.0206,0.1872
10200.1,187,0.1825,0.1846,0.1929,12.0008,0.0176,0.1841
10210.1,188,0.1871,0.1877,0.1960,12.0017,0.0206,0.1811
10220.1,189,0.1856,0.1907,0.1914,12.0026,0.0176,0.1826
10230.1,190,0.1917,0.1923,0.1838,12.0017,0.0176,0.1872
10240.1,191,0.1917,0.1938,0.1823,12.0026,0.0176,0.1917
10250.1,192,0.1886,0.1892,0.1884,12.0017,0.0191,0.1917
10260.1,193,0.1871,0.1846,0.1929,12.0008,0.0176,0.1887
10270.1,194,0.1856,0.1846,0.1945,12.0026,0.0176,0.1872
10280.1,195,0.1840,0.1846,0.1990,12.0034,0.0160,0.1826
10290.1,196,0.1856,0.1938,0.1975,12.0026,0.0176,0.1841
10300.1,197,0.1840,0.1892,0.1945,12.0026,0.0160,0.1841
10310.1,198,0.1886,0.1816,0.1884,12.0026,0.0145,0.1811
10320.1,199,0.1825,0.1831,0.1807,12.0017,0.0176,0.1750
10330.1,200,0.1810,0.1831,0.1731,12.0017,0.0176,0.1811
10340.1,201,0.1734,0.1831,0.1701,12.0026,0.0160,0.1856
10350.1,202,0.1749,0.1831,0.1701,12.0017,0.0160,0.1887
10360.1,203,0.1779,0.1846,0.1716,12.0026,0.0160,0.1856
10370.1,204,0.1871,0.1877,0.1853,12.0034,0.0176,0.1902
10380.1,205,0.1932,0.1892,0.2036,12.0034,0.0160,0.1994
10390.1,206,0.1993,0.1846,0.2021,12.0026,0.0160,0.2009
10400.1,207,0.2024,0.1877,0.2036,12.0017,0.0145,0.2009
10410.1,208,0.1947,0.1923,0.2067,12.0026,0.0145,0.1963
10420.1,209,0.1932,0.1984,0.2143,12.0008,0.0160,0.1994
10430.1,210,0.1917,0.2014,0.2158,12.0034,0.0160,0.1963
10440.1,211,0.1917,0.1984,0.2128,12.0034,0.0160,0.1917
10450.1,212,0.1932,0.2045,0.2067,12.0017,0.0145,0.1841
10460.1,213,0.1917,0.2045,0.2051,12.0017,0.0160,0.1887
10470.1,214,0.2008,0.2060,0.2097,12.0017,0.0145,0.1948
10480.1,215,0.2100,0.2106,0.2067,12.0017,0.0191,0.2024
10490.1,216,0.2191,0.2167,0.2158,12.0026,0.0191,0.2039
10500.1,217,0.2207,0.2121,0.2219,12.0026,0.0160,0.2100
10510.1,218,0.2237,0.2167,0.2296,12.0026,0.0176,0.2162
10520.1,219,0.2283,0.2243,0.2402,12.0026,0.0176,0.2253
10530.1,220,0.2344,0.2350,0.2448,12.0034,0.0160,0.2299
10540.1,221,0.2390,0.2411,0.2494,12.0034,0.0176,0.2299
10550.1,222,0.2435,0.2472,0.2509,12.0026,0.0191,0.2345
10560.1,223,0.2420,0.2502,0.2570,12.0034,0.0206,0.2375
10570.1,224,0.2435,0.2487,0.2570,12.0034,0.0206,0.2406
10580.1,225,0.2451,0.2472,0.2601,12.0034,0.0221,0.2390
10590.1,226,0.2497,0.2502,0.2723,12.0034,0.0237,0.2390
10600.1,227,0.2573,0.2579,0.2784,12.0017,0.0267,0.2467
10610.1,228,0.2680,0.2731,0.2784,12.0026,0.0282,0.2528
10620.1,229,0.2771,0.2823,0.2830,12.0026,0.0282,0.2726
10630.1,230,0.2832,0.2930,0.2860,12.0017,0.0298,0.2940
10640.1,231,0.2909,0.3036,0.2982,12.0034,0.0313,0.3031
10650.1,232,0.2954,0.3098,0.3120,12.0026,0.0343,0.3077
10660.1,233,0.3061,0.3174,0.3211,12.0034,0.0374,0.3108
10670.1,234,0.3107,0.3189,0.3303,12.0034,0.0389,0.3138
10680.1,235,0.3137,0.3311,0.3318,12.0034,0.0404,0.3123
10690.1,236,0.3183,0.3357,0.3364,12.0026,0.0450,0.3199
10700.1,237,0.3259,0.3372,0.3379,12.0026,0.0465,0.3260
10710.1,238,0.3290,0.3342,0.3379,12.0026,0.0496,0.3291
10720.1,239,0.3366,0.3342,0.3440,12.0026,0.0496,0.3336
10730.1,240,0.3443,0.3403,0.3486,12.0017,0.0526,0.3382
10740.1,241,0.3458,0.3479,0.3486,12.0043,0.0557,0.3474
10750.1,242,0.3458,0.3525,0.3501,12.0034,0.0572,0.3489
10760.1,243,0.3427,0.3464,0.3516,12.0026,0.0603,0.3428
10770.1,244,0.3366,0.3403,0.3516,12.0026,0.0618,0.3397
10780.1,245,0.3351,0.3403,0.3532,12.0026,0.0649,0.3336
10790.1,246,0.3336,0.3387,0.3425,12.0026,0.0664,0.3321
10800.1,247,0.3305,0.3342,0.3333,12.0026,0.0679,0.3214
10810.1,248,0.3259,0.3235,0.3181,12.0034,0.0694,0.3092
10820.1,249,0.3137,0.3098,0.3150,12.0034,0.0725,0.3047
10830.1,250,0.2970,0.2991,0.3165,12.0026,0.0740,0.3016
10840.1,251,0.2909,0.3036,0.3104,12.0034,0.0740,0.3016
10850.1,252,0.2893,0.3036,0.3059,12.0026,0.0755,0.3001
10860.1,253,0.2878,0.3021,0.3028,12.0034,0.0755,0.2955
10870.1,254,0.2924,0.3036,0.3089,12.0017,0.0786,0.2940
10880.1,255,0.2970,0.3036,0.3089,12.0017,0.0755,0.2940
10890.1,0,0.2939,0.3021,0.3059,12.0026,0.0771,0.2909
10900.1,1,0.2954,0.2975,0.3043,12.0026,0.0801,0.2909
10910.1,2,0.2970,0.2991,0.3074,12.0026,0.0801,0.2924
10920.1,3,0.2970,0.2960,0.3104,12.0026,0.0816,0.2970
10930.1,4,0.3000,0.2975,0.3104,12.0017,0.0801,0.3016
10940.1,5,0.3000,0.2991,0.3135,12.0017,0.0816,0.3001
10950.1,6,0.3031,0.2975,0.3165,12.0026,0.0847,0.3016
10960.1,7,0.3031,0.3006,0.3165,12.0034,0.0832,0.3016
10970.1,8,0.3046,0.3082,0.3165,12.0017,0.0847,0.3016
10980.1,9,0.3107,0.3174,0.3150,12.0026,0.0862,0.3031
10990.1,10,0.3137,0.3189,0.3135,12.0017,0.0893,0.3077
11000.1,11,0.3076,0.3159,0.3120,12.0026,0.0908,0.3092
11010.1,12,0.3015,0.3128,0.3089,12.0026,0.0908,0.3108
11020.1,13,0.2924,0.3067,0.2982,12.0026,0.0908,0.3016
11030.1,14,0.2832,0.2945,0.2875,12.0026,0.0923,0.2879
11040.1,15,0.2741,0.2808,0.2799,12.0026,0.0908,0.2741
11050.1,16,0.2680,0.2655,0.2738,12.0017,0.0893,0.2635
11060.1,17,0.2573,0.2457,0.2555,12.0017,0.0893,0.2482
11070.1,18,0.2420,0.2335,0.2402,12.0026,0.0877,0.2314
11080.1,19,0.2283,0.2258,0.2280,12.0034,0.0877,0.2162
11090.1,20,0.2161,0.2167,0.2097,12.0034,0.0862,0.2070
11100.1,21,0.2069,0.2106,0.1990,12.0026,0.0832,0.1994
11110.1,22,0.1978,0.1999,0.1929,12.0034,0.0801,0.1933
11120.1,23,0.1917,0.2014,0.1990,12.0017,0.0801,0.1902
11130.1,24,0.1901,0.2029,0.2036,12.0026,0.0786,0.1872
11140.1,25,0.1901,0.2060,0.2113,12.0026,0.0771,0.1902
11150.1,26,0.1932,0.2121,0.2158,12.0017,0.0740,0.1933
11160.1,27,0.2024,0.2182,0.2128,12.0017,0.0725,0.1963
11170.1,28,0.2085,0.2167,0.2143,12.0034,0.0694,0.2039
11180.1,29,0.2146,0.2213,0.2219,12.0017,0.0694,0.2024
11190.1,30,0.2161,0.2182,0.2204,12.0026,0.0694,0.2039
11200.1,31,0.2100,0.2106,0.2219,12.0026,0.0679,0.2070
11210.1,32,0.2054,0.2075,0.2143,12.0017,0.0664,0.2055
11220.1,33,0.1993,0.2075,0.2128,12.0026,0.0633,0.2009
11230.1,34,0.1993,0.2060,0.2097,12.0034,0.0633,0.2009
11240.1,35,0.2100,0.2060,0.2097,12.0034,0.0649,0.2039
11250.1,36,0.2130,0.2090,0.2143,12.0026,0.0633,0.2131
11260.1,37,0.2207,0.2213,0.2204,12.0026,0.0618,0.2207
11270.1,38,0.2313,0.2335,0.2326,12.0034,0.0618,0.2268
11280.1,39,0.2435,0.2365,0.2402,12.0034,0.0649,0.2360
11290.1,40,0.2481,0.2426,0.2509,12.0043,0.0618,0.2421
11300.1,41,0.2527,0.2487,0.2601,12.0034,0.0633,0.2467
11310.1,42,0.2542,0.2563,0.2631,12.0026,0.0633,0.2482
11320.1,43,0.2558,0.2563,0.2647,12.0026,0.0633,0.2497
11330.1,44,0.2588,0.2533,0.2662,12.0034,0.0664,0.2512
11340.1,45,0.2573,0.2579,0.2616,12.0034,0.0679,0.2543
11350.1,46,0.2588,0.2625,0.2647,12.0026,0.0694,0.2650
11360.1,47,0.2649,0.2701,0.2708,12.0034,0.0679,0.2711
11370.1,48,0.2710,0.2777,0.2784,12.0026,0.0694,0.2787
11380.1,49,0.2817,0.2853,0.2845,12.0043,0.0725,0.2940
11390.1,50,0.2924,0.2930,0.2921,12.0034,0.0740,0.3001
11400.1,51,0.3046,0.2991,0.2952,12.0043,0.0755,0.3047
11410.1,52,0.3107,0.3067,0.3013,12.0034,0.0771,0.3047
11420.1,53,0.3061,0.3128,0.3043,12.0026,0.0786,0.3016
11430.1,54,0.2985,0.3036,0.3043,12.0026,0.0786,0.3016
11440.1,55,0.2909,0.2975,0.3074,12.0034,0.0816,0.3001
11450.1,56,0.2802,0.2945,0.2952,12.0026,0.0801,0.2833
11460.1,57,0.2741,0.2823,0.2814,12.0026,0.0832,0.2665
11470.1,58,0.2649,0.2731,0.2708,12.0034,0.0816,0.2558
11480.1,59,0.2497,0.2640,0.2601,12.0043,0.0801,0.2436
11490.1,60,0.2374,0.2533,0.2448,12.0034,0.0786,0.2314
11500.1,61,0.2329,0.2380,0.2311,12.0026,0.0816,0.2314
11510.1,62,0.2283,0.2304,0.2250,12.0017,0.0801,0.2238
11520.1,63,0.2222,0.2182,0.2280,12.0026,0.0786,0.2131
11530.1,64,0.2146,0.2106,0.2189,12.0034,0.0786,0.2055
11540.1,65,0.2085,0.2045,0.2128,12.0026,0.0786,0.2009
11550.1,66,0.2115,0.2045,0.2113,12.0026,0.0755,0.2009
11560.1,67,0.2100,0.1999,0.2051,12.0008,0.0755,0.1978
11570.1,68,0.2085,0.2045,0.2021,12.0026,0.0740,0.1978
11580.1,69,0.2008,0.2029,0.1990,12.0026,0.0725,0.1963
11590.1,70,0.1962,0.2060,0.1990,12.0017,0.0725,0.1933
11600.1,71,0.1917,0.1984,0.1990,12.0008,0.0710,0.1948
11610.1,72,0.1917,0.1938,0.2036,12.0017,0.0710,0.1917
11620.1,73,0.1856,0.1923,0.2021,12.0026,0.0710,0.1887
11630.1,74,0.1825,0.1923,0.1929,12.0026,0.0664,0.1811
11640.1,75,0.1886,0.1923,0.1914,12.0017,0.0679,0.1795
11650.1,76,0.1901,0.1831,0.1945,12.0026,0.0664,0.1734
11660.1,77,0.1840,0.1846,0.1868,12.0026,0.0679,0.1734
11670.1,78,0.1764,0.1831,0.1853,12.0026,0.0649,0.1734
11680.1,79,0.1749,0.1801,0.1792,12.0026,0.0633,0.1719
11690.1,80,0.1688,0.1755,0.1701,12.0026,0.0649,0.1734
11700.1,81,0.1642,0.1709,0.1670,12.0017,0.0633,0.1719
11710.1,82,0.1596,0.1663,0.1685,12.0017,0.0633,0.1658
11720.1,83,0.1566,0.1602,0.1624,12.0017,0.0618,0.1643
11730.1,84,0.1612,0.1587,0.1563,12.0017,0.0618,0.1688
11740.1,85,0.1642,0.1587,0.1624,12.0017,0.0588,0.1688
11750.1,86,0.1596,0.1648,0.1655,12.0017,0.0572,0.1658
11760.1,87,0.1566,0.1678,0.1609,12.0017,0.0572,0.1643
11770.1,88,0.1535,0.1648,0.1533,12.0017,0.0542,0.1582
11780.1,89,0.1581,0.1572,0.1456,12.0017,0.0557,0.1551
11790.1,90,0.1627,0.1511,0.1472,12.0017,0.0557,0.1505
11800.1,91,0.1612,0.1450,0.1517,12.0034,0.0526,0.1460
11810.1,92,0.1566,0.1419,0.1533,12.0008,0.0542,0.1414
11820.1,93,0.1489,0.1434,0.1563,12.0017,0.0526,0.1490
11830.1,94,0.1474,0.1450,0.1594,12.0017,0.0526,0.1475
11840.1,95,0.1459,0.1450,0.1609,12.0026,0.0496,0.1444
11850.1,96,0.1459,0.1465,0.1548,12.0017,0.0496,0.1475
11860.1,97,0.1474,0.1526,0.1502,12.0026,0.0481,0.1521
11870.1,98,0.1474,0.1587,0.1517,12.0017,0.0465,0.1505
11880.1,99,0.1520,0.1556,0.1533,12.0008,0.0450,0.1521
11890.1,100,0.1612,0.1572,0.1533,12.0026,0.0420,0.1551
11900.1,101,0.1612,0.1587,0.1533,12.0017,0.0450,0.1505
11910.1,102,0.1673,0.1648,0.1578,12.0017,0.0420,0.1505
11920.1,103,0.1642,0.1694,0.1578,12.0017,0.0420,0.1536
11930.1,104,0.1657,0.1678,0.1670,12.0008,0.0389,0.1612
11940.1,105,0.1688,0.1724,0.1624,12.0017,0.0359,0.1627
11950.1,106,0.1749,0.1785,0.1731,12.0008,0.0343,0.1643
11960.1,107,0.1840,0.1816,0.1807,12.0026,0.0343,0.1643
11970.1,108,0.1764,0.1862,0.1807,12.0017,0.0359,0.1658
11980.1,109,0.1764,0.1846,0.1807,12.0017,0.0328,0.1734
11990.1,110,0.1840,0.1831,0.1884,12.0008,0.0313,0.1887
12000.1,111,0.1886,0.1816,0.1960,12.0008,0.0313,0.1948
12010.1,112,0.1856,0.1816,0.1960,12.0034,0.0313,0.1948
12020.1,113,0.1917,0.1923,0.1990,12.0026,0.0313,0.1887
12030.1,114,0.1947,0.1999,0.2021,12.0008,0.0313,0.1902
12040.1,115,0.1993,0.1953,0.2006,12.0017,0.0298,0.1948
12050.1,116,0.2008,0.1999,0.1975,12.0008,0.0282,0.1917
12060.1,117,0.2008,0.1968,0.1929,12.0017,0.0282,0.1948
12070.1,118,0.1962,0.1953,0.1914,12.0008,0.0298,0.1978
12080.1,119,0.1932,0.1923,0.1929,12.0017,0.0282,0.1933
12090.1,120,0.1962,0.1923,0.1990,12.0008,0.0267,0.1917
12100.1,121,0.1962,0.1953,0.1990,12.0017,0.0267,0.1872
12110.1,122,0.1947,0.1999,0.1929,12.0017,0.0267,0.1887
12120.1,123,0.1978,0.2060,0.1990,12.0017,0.0267,0.1933
12130.1,124,0.2039,0.2167,0.2036,12.0017,0.0267,0.2024
12140.1,125,0.2100,0.2167,0.2113,12.0017,0.0252,0.2055
12150.1,126,0.2130,0.2167,0.2082,12.0017,0.0267,0.2039
12160.1,127,0.2146,0.2182,0.2113,12.0017,0.0267,0.2024
12170.1,128,0.2207,0.2197,0.2174,12.0017,0.0267,0.2070
12180.1,129,0.2252,0.2182,0.2174,12.0017,0.0267,0.2146
12190.1,130,0.2191,0.2197,0.2143,12.0026,0.0267,0.2177
12200.1,131,0.2176,0.2151,0.2174,12.0026,0.0267,0.2131
12210.1,132,0.2130,0.2167,0.2174,12.0026,0.0282,0.2162
12220.1,133,0.2130,0.2213,0.2189,12.0017,0.0282,0.2192
12230.1,134,0.2176,0.2213,0.2235,12.0017,0.0282,0.2192
12240.1,135,0.2191,0.2136,0.2143,12.0026,0.0267,0.2192
12250.1,136,0.2222,0.2106,0.2097,12.0026,0.0282,0.2131
12260.1,137,0.2130,0.2045,0.2097,12.0017,0.0252,0.2116
12270.1,138,0.2008,0.2029,0.2067,12.0026,0.0267,0.2055
12280.1,139,0.1932,0.2029,0.2067,12.0026,0.0267,0.1994
12290.1,140,0.1886,0.1984,0.1990,12.0026,0.0267,0.1933
12300.1,141,0.1825,0.1846,0.1884,12.0026,0.0267,0.1841
12310.1,142,0.1703,0.1724,0.1777,12.0026,0.0267,0.1719
12320.1,143,0.1627,0.1678,0.1670,12.0034,0.0237,0.1688
12330.1,144,0.1596,0.1633,0.1624,12.0034,0.0267,0.1643
12340.1,145,0.1505,0.1572,0.1639,12.0034,0.0252,0.1612
12350.1,146,0.1566,0.1556,0.1624,12.0017,0.0267,0.1551
12360.1,147,0.1673,0.1633,0.1670,12.0017,0.0237,0.1566
12370.1,148,0.1779,0.1831,0.1701,12.0034,0.0237,0.1627
12380.1,149,0.1871,0.1968,0.1823,12.0026,0.0252,0.1765
12390.1,150,0.1917,0.2045,0.1975,12.0034,0.0252,0.1872
12400.1,151,0.2024,0.2136,0.2082,12.0026,0.0237,0.2055
12410.1,152,0.2115,0.2243,0.2189,12.0026,0.0267,0.2192
12420.1,153,0.2207,0.2304,0.2280,12.0034,0.0267,0.2268
12430.1,154,0.2298,0.2289,0.2311,12.0043,0.0267,0.2253
12440.1,155,0.2329,0.2258,0.2265,12.0026,0.0267,0.2207
12450.1,156,0.2268,0.2213,0.2158,12.0034,0.0282,0.2131
12460.1,157,0.2115,0.2106,0.2036,12.0034,0.0282,0.2055
12470.1,158,0.1962,0.2014,0.1990,12.0043,0.0298,0.2024
12480.1,159,0.1901,0.2029,0.1914,12.0034,0.0282,0.1948
12490.1,160,0.1810,0.1984,0.1899,12.0034,0.0298,0.1856
12500.1,161,0.1795,0.1846,0.1884,12.0034,0.0267,0.1856
12510.1,162,0.1749,0.1846,0.1853,12.0034,0.0267,0.1856
12520.1,163,0.1779,0.1801,0.1807,12.0043,0.0267,0.1780
12530.1,164,0.1764,0.1816,0.1823,12.0034,0.0282,0.1704
12540.1,165,0.1673,0.1770,0.1792,12.0026,0.0252,0.1704
12550.1,166,0.1612,0.1709,0.1762,12.0034,0.0252,0.1658
12560.1,167,0.1627,0.1602,0.1746,12.0034,0.0267,0.1643
12570.1,168,0.1657,0.1633,0.1716,12.0034,0.0252,0.1597
12580.1,169,0.1673,0.1648,0.1701,12.0034,0.0237,0.1536
12590.1,170,0.1627,0.1587,0.1701,12.0034,0.0237,0.1536
12600.1,171,0.1596,0.1556,0.1685,12.0017,0.0206,0.1490
12610.1,172,0.1566,0.1526,0.1594,12.0034,0.0221,0.1521
12620.1,173,0.1489,0.1511,0.1548,12.0043,0.0191,0.1475
12630.1,174,0.1474,0.1526,0.1533,12.0026,0.0191,0.1490
12640.1,175,0.1505,0.1556,0.1548,12.0034,0.0191,0.1597
12650.1,176,0.1520,0.1602,0.1563,12.0026,0.0160,0.1627
12660.1,177,0.1581,0.1724,0.1655,12.0043,0.0191,0.1673
12670.1,178,0.1657,0.1755,0.1762,12.0034,0.0176,0.1704
12680.1,179,0.1764,0.1740,0.1868,12.0043,0.0160,0.1719
12690.1,180,0.1795,0.1801,0.1945,12.0043,0.0145,0.1734
12700.1,181,0.1779,0.1770,0.1853,12.0043,0.0160,0.1673
12710.1,182,0.1840,0.1816,0.1792,12.0043,0.0145,0.1688
12720.1,183,0.1840,0.1831,0.1762,12.0034,0.0160,0.1765
12730.1,184,0.1871,0.1877,0.1731,12.0034,0.0145,0.1719
12740.1,185,0.1810,0.1877,0.1731,12.0043,0.0145,0.1658
12750.1,186,0.1764,0.1816,0.1777,12.0043,0.0145,0.1673
12760.1,187,0.1718,0.1785,0.1762,12.0043,0.0130,0.1734
12770.1,188,0.1718,0.1770,0.1792,12.0043,0.0130,0.1795
12780.1,189,0.1734,0.1801,0.1807,12.0043,0.0130,0.1780
12790.1,190,0.1749,0.1831,0.1777,12.0052,0.0130,0.1765
12800.1,191,0.1688,0.1846,0.1807,12.0043,0.0130,0.1719
12810.1,192,0.1642,0.1770,0.1746,12.0052,0.0145,0.1688
12820.1,193,0.1596,0.1694,0.1701,12.0052,0.0130,0.1704
12830.1,194,0.1612,0.1663,0.1746,12.0052,0.0114,0.1719
12840.1,195,0.1642,0.1633,0.1777,12.0052,0.0145,0.1719
12850.1,196,0.1657,0.1617,0.1746,12.0052,0.0130,0.1688
12860.1,197,0.1673,0.1633,0.1716,12.0052,0.0130,0.1658
12870.1,198,0.1688,0.1663,0.1731,12.0043,0.0114,0.1673
12880.1,199,0.1673,0.1709,0.1777,12.0052,0.0130,0.1704
12890.1,200,0.1718,0.1770,0.1929,12.0060,0.0114,0.1734
12900.1,201,0.1825,0.1923,0.2006,12.0052,0.0114,0.1826
12910.1,202,0.1932,0.1984,0.2128,12.0060,0.0130,0.1933
12920.1,203,0.2024,0.1999,0.2158,12.0052,0.0114,0.1994
12930.1,204,0.2115,0.2029,0.2158,12.0052,0.0114,0.2024
12940.1,205,0.2069,0.2045,0.2204,12.0043,0.0114,0.2070
12950.1,206,0.2085,0.2106,0.2235,12.0052,0.0114,0.2100
12960.1,207,0.2146,0.2213,0.2250,12.0060,0.0099,0.2085
12970.1,208,0.2207,0.2213,0.2265,12.0052,0.0099,0.2146
12980.1,209,0.2283,0.2243,0.2280,12.0052,0.0099,0.2207
12990.1,210,0.2359,0.2228,0.2311,12.0052,0.0145,0.2223
13000.1,211,0.2435,0.2289,0.2357,12.0043,0.0145,0.2238
13010.1,212,0.2420,0.2304,0.2433,12.0034,0.0145,0.2253
13020.1,213,0.2451,0.2441,0.2509,12.0060,0.0130,0.2268
13030.1,214,0.2466,0.2457,0.2509,12.0043,0.0160,0.2314
13040.1,215,0.2527,0.2548,0.2555,12.0043,0.0176,0.2451
13050.1,216,0.2603,0.2655,0.2677,12.0052,0.0191,0.2573
13060.1,217,0.2649,0.2716,0.2799,12.0034,0.0206,0.2711
13070.1,218,0.2695,0.2823,0.2875,12.0052,0.0221,0.2848
13080.1,219,0.2771,0.2914,0.2967,12.0060,0.0221,0.2940
13090.1,220,0.2893,0.3006,0.3059,12.0052,0.0267,0.3031
13100.1,221,0.3015,0.3113,0.3150,12.0043,0.0282,0.3077
13110.1,222,0.3137,0.3220,0.3226,12.0052,0.0313,0.3123
13120.1,223,0.3168,0.3311,0.3226,12.0043,0.0328,0.3108
13130.1,224,0.3214,0.3342,0.3226,12.0052,0.0359,0.3199
13140.1,225,0.3214,0.3387,0.3287,12.0034,0.0389,0.3230
13150.1,226,0.3229,0.3433,0.3333,12.0034,0.0404,0.3260
13160.1,227,0.3275,0.3387,0.3379,12.0034,0.0435,0.3306
13170.1,228,0.3366,0.3372,0.3410,12.0034,0.0435,0.3352
13180.1,229,0.3412,0.3387,0.3501,12.0043,0.0450,0.3382
13190.1,230,0.3458,0.3372,0.3501,12.0043,0.0465,0.3397
13200.1,231,0.3473,0.3342,0.3562,12.0034,0.0496,0.3397
13210.1,232,0.3458,0.3403,0.3562,12.0043,0.0526,0.3413
13220.1,233,0.3473,0.3403,0.3501,12.0026,0.0557,0.3443
13230.1,234,0.3519,0.3479,0.3593,12.0034,0.0572,0.3489
13240.1,235,0.3549,0.3586,0.3699,12.0034,0.0603,0.3565
13250.1,236,0.3580,0.3632,0.3745,12.0026,0.0618,0.3611
13260.1,237,0.3595,0.3616,0.3776,12.0017,0.0618,0.3626
13270.1,238,0.3626,0.3647,0.3760,12.0008,0.0633,0.3581
13280.1,239,0.3610,0.3647,0.3730,12.0008,0.0649,0.3550
13290.1,240,0.3595,0.3555,0.3684,12.0008,0.0649,0.3520
13300.1,241,0.3519,0.3448,0.3577,12.0008,0.0664,0.3428
13310.1,242,0.3382,0.3372,0.3425,12.0008,0.0694,0.3275
13320.1,243,0.3244,0.3235,0.3211,12.0008,0.0694,0.3153
13330.1,244,0.3061,0.3082,0.3043,12.0000,0.0710,0.3016
13340.1,245,0.2893,0.2960,0.2875,12.0008,0.0710,0.2894
13350.1,246,0.2741,0.2853,0.2784,12.0000,0.0725,0.2757
13360.1,247,0.2680,0.2762,0.2799,12.0017,0.0710,0.2680
13370.1,248,0.2680,0.2731,0.2784,12.0000,0.0725,0.2696
13380.1,249,0.2664,0.2747,0.2708,12.0008,0.0740,0.2650
13390.1,250,0.2649,0.2792,0.2723,11.9991,0.0710,0.2650
13400.1,251,0.2741,0.2792,0.2692,11.9991,0.0710,0.2650
13410.1,252,0.2817,0.2762,0.2753,12.0000,0.0725,0.2635
13420.1,253,0.2893,0.2762,0.2860,11.9991,0.0725,0.2665
13430.1,254,0.2878,0.2838,0.2936,12.0000,0.0694,0.2711
13440.1,255,0.2832,0.2914,0.2952,11.9991,0.0710,0.2757
13450.1,0,0.2863,0.2991,0.3013,11.9991,0.0725,0.2802
13460.1,1,0.2878,0.2960,0.2998,11.9982,0.0694,0.2802
13470.1,2,0.2909,0.2930,0.2982,11.9991,0.0694,0.2772
13480.1,3,0.2893,0.2914,0.2967,11.9991,0.0694,0.2741
13490.1,4,0.2832,0.2899,0.2982,12.0000,0.0694,0.2757
13500.1,5,0.2863,0.2884,0.2952,11.9982,0.0664,0.2741
13510.1,6,0.2832,0.2838,0.2906,11.9991,0.0664,0.2726
13520.1,7,0.2771,0.2762,0.2845,12.0000,0.0649,0.2680
13530.1,8,0.2756,0.2747,0.2814,11.9982,0.0649,0.2726
13540.1,9,0.2756,0.2762,0.2814,11.9991,0.0649,0.2711
13550.1,10,0.2741,0.2747,0.2860,11.9991,0.0633,0.2741
13560.1,11,0.2710,0.2731,0.2845,11.9982,0.0633,0.2711
13570.1,12,0.2603,0.2716,0.2769,11.9973,0.0603,0.2604
13580.1,13,0.2481,0.2640,0.2662,11.9965,0.0618,0.2528
13590.1,14,0.2451,0.2625,0.2631,11.9982,0.0588,0.2482
13600.1,15,0.2466,0.2670,0.2601,11.9982,0.0588,0.2512
13610.1,16,0.2497,0.2716,0.2601,11.9982,0.0588,0.2543
13620.1,17,0.2527,0.2731,0.2631,11.9973,0.0572,0.2604
13630.1,18,0.2558,0.2701,0.2692,11.9973,0.0557,0.2619
13640.1,19,0.2649,0.2701,0.2738,11.9973,0.0557,0.2665
13650.1,20,0.2680,0.2792,0.2784,11.9982,0.0557,0.2741
13660.1,21,0.2741,0.2899,0.2814,11.9982,0.0557,0.2848
13670.1,22,0.2863,0.2975,0.2906,11.9991,0.0557,0.2909
13680.1,23,0.2970,0.3021,0.2982,11.9982,0.0572,0.2970
13690.1,24,0.3092,0.3128,0.3120,11.9973,0.0572,0.3016
13700.1,25,0.3076,0.3128,0.3181,11.9982,0.0557,0.3092
13710.1,26,0.3092,0.3220,0.3242,11.9991,0.0557,0.3138
13720.1,27,0.3183,0.3296,0.3318,11.9991,0.0572,0.3184
13730.1,28,0.3244,0.3357,0.3379,11.9982,0.0572,0.3214
13740.1,29,0.3305,0.3372,0.3364,11.9982,0.0572,0.3260
13750.1,30,0.3290,0.3357,0.3333,11.9973,0.0588,0.3291
13760.1,31,0.3305,0.3326,0.3287,11.9982,0.0603,0.3275
13770.1,32,0.3290,0.3357,0.3303,11.9982,0.0633,0.3230
13780.1,33,0.3259,0.3387,0.3318,11.9982,0.0649,0.3260
13790.1,34,0.3305,0.3357,0.3318,11.9991,0.0618,0.3230
13800.1,35,0.3382,0.3326,0.3348,11.9991,0.0664,0.3230
13810.1,36,0.3366,0.3326,0.3410,11.9991,0.0679,0.3336
13820.1,37,0.3290,0.3342,0.3394,11.9991,0.0679,0.3321
13830.1,38,0.3259,0.3265,0.3379,11.9982,0.0694,0.3260
13840.1,39,0.3214,0.3189,0.3303,11.9982,0.0694,0.3169
13850.1,40,0.3153,0.3159,0.3196,11.9991,0.0694,0.3077
13860.1,41,0.3076,0.3113,0.3181,11.9991,0.0679,0.3062
13870.1,42,0.3015,0.3052,0.3120,11.9991,0.0694,0.3001
13880.1,43,0.2970,0.2991,0.3074,11.9991,0.0679,0.2909
13890.1,44,0.2939,0.2991,0.2998,11.9982,0.0694,0.2863
13900.1,45,0.2893,0.2975,0.2936,12.0000,0.0694,0.2863
13910.1,46,0.2832,0.2914,0.2921,11.9982,0.0679,0.2818
13920.1,47,0.2802,0.2838,0.2891,12.0000,0.0679,0.2772
13930.1,48,0.2786,0.2747,0.2830,11.9991,0.0664,0.2726
13940.1,49,0.2771,0.2686,0.2860,11.9991,0.0679,0.2741
13950.1,50,0.2771,0.2655,0.2845,11.9973,0.0649,0.2696
13960.1,51,0.2710,0.2670,0.2723,11.9982,0.0649,0.2650
13970.1,52,0.2664,0.2686,0.2723,11.9991,0.0649,0.2589
13980.1,53,0.2603,0.2625,0.2708,11.9982,0.0649,0.2558
13990.1,54,0.2558,0.2579,0.2677,11.9991,0.0633,0.2558
14000.1,55,0.2588,0.2609,0.2662,11.9982,0.0603,0.2589
14010.1,56,0.2588,0.2594,0.2753,11.9991,0.0603,0.2604
14020.1,57,0.2588,0.2579,0.2692,11.9991,0.0603,0.2528
14030.1,58,0.2619,0.2594,0.2647,11.9991,0.0588,0.2543
14040.1,59,0.2664,0.2594,0.2601,11.9982,0.0572,0.2528
14050.1,60,0.2649,0.2518,0.2616,11.9973,0.0588,0.2482
14060.1,61,0.2649,0.2533,0.2524,12.0000,0.0588,0.2497
14070.1,62,0.2588,0.2502,0.2494,11.9991,0.0557,0.2528
14080.1,63,0.2512,0.2487,0.2479,12.0000,0.0557,0.2482
14090.1,64,0.2497,0.2533,0.2463,11.9991,0.0557,0.2497
14100.1,65,0.2435,0.2563,0.2494,11.9991,0.0557,0.2497
14110.1,66,0.2405,0.2548,0.2555,11.9991,0.0542,0.2497
14120.1,67,0.2405,0.2548,0.2601,12.0000,0.0542,0.2497
14130.1,68,0.2435,0.2548,0.2647,12.0000,0.0542,0.2497
14140.1,69,0.2481,0.2594,0.2631,12.0008,0.0557,0.2497
14150.1,70,0.2466,0.2579,0.2601,11.9991,0.0542,0.2528
14160.1,71,0.2481,0.2533,0.2631,12.0000,0.0526,0.2482
14170.1,72,0.2481,0.2563,0.2647,12.0000,0.0542,0.2497
14180.1,73,0.2451,0.2472,0.2677,12.0000,0.0526,0.2528
14190.1,74,0.2466,0.2487,0.2662,12.0000,0.0511,0.2558
14200.1,75,0.2497,0.2487,0.2662,11.9982,0.0496,0.2543
14210.1,76,0.2466,0.2472,0.2631,11.9991,0.0511,0.2467
14220.1,77,0.2405,0.2457,0.2570,12.0000,0.0496,0.2375
14230.1,78,0.2344,0.2487,0.2479,12.0000,0.0496,0.2345
14240.1,79,0.2252,0.2457,0.2448,11.9991,0.0465,0.2314
14250.1,80,0.2237,0.2350,0.2402,11.9991,0.0465,0.2299
14260.1,81,0.2268,0.2380,0.2418,11.9982,0.0481,0.2314
14270.1,82,0.2313,0.2411,0.2448,11.9991,0.0465,0.2360
14280.1,83,0.2374,0.2441,0.2433,12.0000,0.0450,0.2375
14290.1,84,0.2329,0.2411,0.2433,12.0000,0.0435,0.2345
14300.1,85,0.2313,0.2304,0.2402,11.9991,0.0435,0.2268
14310.1,86,0.2237,0.2243,0.2341,12.0000,0.0420,0.2146
14320.1,87,0.2146,0.2182,0.2265,12.0000,0.0420,0.2024
14330.1,88,0.2008,0.2060,0.2174,12.0000,0.0420,0.1933
14340.1,89,0.1993,0.1999,0.2082,12.0000,0.0420,0.1933
14350.1,90,0.1932,0.1953,0.2051,12.0008,0.0404,0.1917
14360.1,91,0.1917,0.1923,0.1990,12.0008,0.0404,0.1902
14370.1,92,0.1932,0.1953,0.2021,12.0000,0.0389,0.1933
14380.1,93,0.1947,0.1953,0.2036,12.0000,0.0389,0.1933
14390.1,94,0.1993,0.1968,0.2067,12.0000,0.0343,0.1933
14400.1,95,0.2039,0.1999,0.2036,12.0000,0.0359,0.1872
14410.1,96,0.2069,0.1999,0.2006,11.9991,0.0343,0.1872
14420.1,97,0.2054,0.2029,0.2021,12.0000,0.0343,0.1902
14430.1,98,0.2024,0.2045,0.2097,12.0000,0.0313,0.1933
14440.1,99,0.1962,0.2045,0.2082,12.0000,0.0343,0.1917
14450.1,100,0.1947,0.2014,0.2067,12.0000,0.0313,0.1887
14460.1,101,0.1947,0.1999,0.2036,12.0008,0.0313,0.1917
14470.1,102,0.1978,0.2029,0.2021,12.0000,0.0328,0.1933
14480.1,103,0.1993,0.2045,0.2051,12.0000,0.0328,0.1948
14490.1,104,0.2039,0.1984,0.2097,11.9991,0.0313,0.2024
14500.1,105,0.2069,0.1953,0.2174,12.0008,0.0313,0.2100
14510.1,106,0.2130,0.1984,0.2204,12.0008,0.0282,0.2085
14520.1,107,0.2115,0.2045,0.2189,12.0008,0.0298,0.2116
14530.1,108,0.2100,0.2090,0.2158,12.0000,0.0298,0.2100
14540.1,109,0.2085,0.2075,0.2143,12.0000,0.0282,0.2039
14550.1,110,0.2008,0.2151,0.2158,12.0008,0.0267,0.2009
14560.1,111,0.2008,0.2151,0.2189,12.0000,0.0267,0.1978
14570.1,112,0.1993,0.2182,0.2189,12.0000,0.0298,0.2009
14580.1,113,0.2054,0.2182,0.2219,12.0008,0.0298,0.2039
14590.1,114,0.2069,0.2182,0.2204,12.0000,0.0298,0.2055
14600.1,115,0.2085,0.2151,0.2128,12.0017,0.0282,0.2070
14610.1,116,0.2130,0.2167,0.2158,12.0008,0.0267,0.2039
14620.1,117,0.2176,0.2167,0.2296,12.0000,0.0267,0.2085
14630.1,118,0.2161,0.2136,0.2296,12.0008,0.0252,0.2131
14640.1,119,0.2130,0.2167,0.2265,12.0000,0.0267,0.2131
14650.1,120,0.2069,0.2213,0.2174,12.0008,0.0252,0.2100
14660.1,121,0.2054,0.2197,0.2097,12.0000,0.0267,0.2100
14670.1,122,0.2069,0.2228,0.2143,12.0008,0.0267,0.2146
14680.1,123,0.2069,0.2197,0.2143,11.9991,0.0298,0.2116
14690.1,124,0.2100,0.2182,0.2235,12.0000,0.0252,0.2085
14700.1,125,0.2115,0.2182,0.2235,12.0008,0.0267,0.2039
14710.1,126,0.2100,0.2151,0.2189,12.0008,0.0282,0.2039
14720.1,127,0.2130,0.2167,0.2189,12.0000,0.0252,0.2039
14730.1,128,0.2085,0.2121,0.2128,12.0017,0.0252,0.1978
14740.1,129,0.2069,0.2151,0.2113,12.0008,0.0252,0.2024
14750.1,130,0.2069,0.2136,0.2082,12.0008,0.0252,0.2024
14760.1,131,0.2008,0.2090,0.2051,12.0000,0.0252,0.2009
14770.1,132,0.1932,0.1999,0.2021,12.0008,0.0252,0.1963
14780.1,133,0.1871,0.1953,0.2006,12.0008,0.0252,0.1963
14790.1,134,0.1871,0.1862,0.1884,12.0008,0.0252,0.1994
14800.1,135,0.1886,0.1862,0.1929,12.0008,0.0267,0.2024
14810.1,136,0.1932,0.1877,0.1990,12.0008,0.0252,0.1994
14820.1,137,0.1993,0.2029,0.2051,12.0000,0.0252,0.1963
14830.1,138,0.2039,0.2121,0.2067,12.0026,0.0237,0.2009
14840.1,139,0.2115,0.2151,0.2097,12.0008,0.0267,0.2024
14850.1,140,0.2191,0.2151,0.2204,12.0008,0.0267,0.2070
14860.1,141,0.2207,0.2151,0.2265,12.0008,0.0282,0.2085
14870.1,142,0.2298,0.2182,0.2357,12.0008,0.0267,0.2070
14880.1,143,0.2344,0.2197,0.2372,12.0008,0.0282,0.2100
14890.1,144,0.2329,0.2335,0.2372,12.0000,0.0267,0.2146
14900.1,145,0.2313,0.2365,0.2296,12.0017,0.0267,0.2192
14910.1,146,0.2268,0.2335,0.2280,12.0008,0.0267,0.2238
14920.1,147,0.2146,0.2335,0.2250,12.0000,0.0267,0.2223
14930.1,148,0.2115,0.2243,0.2219,12.0008,0.0282,0.2177
14940.1,149,0.2100,0.2106,0.2204,12.0026,0.0282,0.2192
14950.1,150,0.2069,0.2075,0.2204,12.0008,0.0282,0.2162
14960.1,151,0.1962,0.1999,0.2158,12.0000,0.0298,0.2055
14970.1,152,0.1886,0.1984,0.2128,12.0008,0.0298,0.1948
14980.1,153,0.1825,0.1938,0.2006,12.0026,0.0282,0.1887
14990.1,154,0.1749,0.1846,0.1899,12.0017,0.0298,0.1811
15000.1,155,0.1673,0.1831,0.1838,12.0017,0.0282,0.1765
15010.1,156,0.1703,0.1694,0.1807,12.0017,0.0298,0.1719
15020.1,157,0.1642,0.1617,0.1731,12.0008,0.0282,0.1627
15030.1,158,0.1596,0.1587,0.1655,12.0017,0.0298,0.1521
15040.1,159,0.1566,0.1572,0.1563,12.0008,0.0298,0.1475
15050.1,160,0.1474,0.1511,0.1441,12.0017,0.0282,0.1460
15060.1,161,0.1444,0.1419,0.1441,12.0017,0.0298,0.1429
15070.1,162,0.1383,0.1358,0.1411,12.0017,0.0282,0.1368
15080.1,163,0.1337,0.1328,0.1395,12.0017,0.0298,0.1322
15090.1,164,0.1322,0.1343,0.1441,12.0026,0.0298,0.1307
15100.1,165,0.1306,0.1343,0.1472,12.0017,0.0282,0.1292
15110.1,166,0.1306,0.1282,0.1441,12.0017,0.0313,0.1215
15120.1,167,0.1200,0.1266,0.1350,12.0017,0.0298,0.1185
15130.1,168,0.1169,0.1297,0.1334,12.0026,0.0282,0.1200
15140.1,169,0.1215,0.1282,0.1273,12.0026,0.0282,0.1139
15150.1,170,0.1245,0.1282,0.1227,12.0017,0.0282,0.1139
15160.1,171,0.1245,0.1282,0.1182,12.0026,0.0298,0.1200
15170.1,172,0.1200,0.1236,0.1197,12.0017,0.0267,0.1185
15180.1,173,0.1200,0.1190,0.1227,12.0017,0.0267,0.1185
15190.1,174,0.1184,0.1190,0.1289,12.0026,0.0282,0.1170
15200.1,175,0.1108,0.1205,0.1273,12.0034,0.0267,0.1200
15210.1,176,0.1154,0.1190,0.1212,12.0017,0.0298,0.1200
15220.1,177,0.1200,0.1129,0.1227,12.0026,0.0282,0.1215
15230.1,178,0.1261,0.1099,0.1182,12.0026,0.0298,0.1231
15240.1,179,0.1245,0.1099,0.1182,12.0026,0.0282,0.1185
15250.1,180,0.1230,0.1144,0.1166,12.0026,0.0282,0.1200
15260.1,181,0.1200,0.1221,0.1197,12.0026,0.0298,0.1185
15270.1,182,0.1184,0.1221,0.1151,12.0034,0.0282,0.1231
15280.1,183,0.1215,0.1251,0.1197,12.0017,0.0267,0.1231
15290.1,184,0.1230,0.1266,0.1166,12.0026,0.0282,0.1200
15300.1,185,0.1245,0.1266,0.1182,12.0043,0.0267,0.1185
15310.1,186,0.1245,0.1221,0.1227,12.0034,0.0267,0.1124
15320.1,187,0.1154,0.1205,0.1197,12.0043,0.0298,0.1139
15330.1,188,0.1123,0.1205,0.1166,12.0034,0.0282,0.1124
15340.1,189,0.1123,0.1221,0.1197,12.0034,0.0298,0.1139
15350.1,190,0.1169,0.1236,0.1166,12.0034,0.0282,0.1139
15360.1,191,0.1215,0.1251,0.1182,12.0026,0.0252,0.1124
15370.1,192,0.1245,0.1266,0.1197,12.0026,0.0267,0.1170
15380.1,193,0.1230,0.1221,0.1243,12.0043,0.0282,0.1200
15390.1,194,0.1276,0.1175,0.1289,12.0034,0.0282,0.1231
15400.1,195,0.1291,0.1221,0.1334,12.0043,0.0282,0.1231
15410.1,196,0.1322,0.1251,0.1411,12.0034,0.0282,0.1261
15420.1,197,0.1352,0.1328,0.1365,12.0026,0.0267,0.1292
15430.1,198,0.1367,0.1373,0.1380,12.0043,0.0282,0.1368
15440.1,199,0.1398,0.1373,0.1441,12.0060,0.0282,0.1414
15450.1,200,0.1444,0.1465,0.1517,12.0034,0.0267,0.1475
15460.1,201,0.1413,0.1480,0.1502,12.0034,0.0267,0.1505
15470.1,202,0.1444,0.1434,0.1487,12.0043,0.0298,0.1536
15480.1,203,0.1505,0.1434,0.1533,12.0034,0.0313,0.1536
15490.1,204,0.1550,0.1450,0.1563,12.0052,0.0298,0.1521
15500.1,205,0.1627,0.1526,0.1685,12.0043,0.0298,0.1582
15510.1,206,0.1673,0.1663,0.1746,12.0043,0.0328,0.1643
15520.1,207,0.1688,0.1801,0.1838,12.0043,0.0328,0.1795
15530.1,208,0.1810,0.1877,0.1929,12.0043,0.0343,0.1902
15540.1,209,0.1932,0.1938,0.2006,12.0034,0.0359,0.1978
15550.1,210,0.1962,0.1999,0.2067,12.0034,0.0374,0.2055
15560.1,211,0.1962,0.2014,0.1975,12.0043,0.0359,0.2039
15570.1,212,0.1993,0.2029,0.1929,12.0052,0.0389,0.1994
15580.1,213,0.2039,0.2045,0.1929,12.0043,0.0389,0.1994
15590.1,214,0.1962,0.1999,0.1929,12.0043,0.0404,0.1948
15600.1,215,0.1932,0.1938,0.1899,12.0052,0.0420,0.1933
15610.1,216,0.1886,0.1877,0.1868,12.0060,0.0404,0.1902
15620.1,217,0.1901,0.1892,0.1838,12.0052,0.0420,0.1887
15630.1,218,0.1932,0.1907,0.1868,12.0052,0.0450,0.1933
15640.1,219,0.1993,0.1923,0.1914,12.0043,0.0450,0.1978
15650.1,220,0.1993,0.1938,0.1929,12.0052,0.0465,0.1948
15660.1,221,0.1978,0.2029,0.1960,12.0060,0.0481,0.1948
15670.1,222,0.2008,0.2014,0.2006,12.0052,0.0496,0.1933
15680.1,223,0.1962,0.1953,0.2006,12.0060,0.0496,0.1917
15690.1,224,0.1978,0.1892,0.1960,12.0060,0.0526,0.1933
15700.1,225,0.1917,0.1892,0.1990,12.0060,0.0542,0.1978
15710.1,226,0.1886,0.1923,0.1960,12.0052,0.0557,0.1994
15720.1,227,0.1932,0.1999,0.1914,12.0060,0.0572,0.2009
15730.1,228,0.1947,0.2014,0.2006,12.0060,0.0572,0.2055
15740.1,229,0.2024,0.2075,0.2051,12.0052,0.0603,0.2070
15750.1,230,0.2161,0.2136,0.2204,12.0060,0.0618,0.2100
15760.1,231,0.2283,0.2197,0.2296,12.0052,0.0649,0.2192
15770.1,232,0.2390,0.2335,0.2387,12.0060,0.0664,0.2314
15780.1,233,0.2481,0.2411,0.2479,12.0052,0.0679,0.2436
15790.1,234,0.2527,0.2518,0.2509,12.0060,0.0710,0.2497
15800.1,235,0.2527,0.2579,0.2601,12.0060,0.0740,0.2619
15810.1,236,0.2466,0.2579,0.2631,12.0060,0.0755,0.2696
15820.1,237,0.2466,0.2563,0.2616,12.0043,0.0771,0.2650
15830.1,238,0.2497,0.2563,0.2631,12.0052,0.0801,0.2650
15840.1,239,0.2527,0.2594,0.2631,12.0060,0.0832,0.2619
15850.1,240,0.2603,0.2640,0.2616,12.0052,0.0847,0.2604
15860.1,241,0.2664,0.2579,0.2631,12.0060,0.0877,0.2619
15870.1,242,0.2649,0.2563,0.2662,12.0052,0.0893,0.2573
15880.1,243,0.2680,0.2625,0.2723,12.0060,0.0923,0.2635
15890.1,244,0.2741,0.2731,0.2830,12.0069,0.0923,0.2680
15900.1,245,0.2771,0.2792,0.2936,12.0052,0.0938,0.2696
15910.1,246,0.2847,0.2823,0.2982,12.0052,0.0984,0.2650
15920.1,247,0.2878,0.2853,0.3043,12.0060,0.0999,0.2680
15930.1,248,0.2893,0.2884,0.2998,12.0052,0.1015,0.2772
15940.1,249,0.2863,0.2869,0.2998,12.0060,0.1030,0.2848
15950.1,250,0.2863,0.2853,0.2967,12.0052,0.1061,0.2818
15960.1,251,0.2878,0.2914,0.2936,12.0069,0.1061,0.2802
15970.1,252,0.2893,0.2914,0.2891,12.0060,0.1076,0.2772
15980.1,253,0.2893,0.2869,0.2921,12.0052,0.1076,0.2833
15990.1,254,0.2939,0.2884,0.3043,12.0043,0.1106,0.2909
16000.1,255,0.2954,0.2975,0.3120,12.0052,0.1106,0.2940
16010.1,0,0.3061,0.3052,0.3211,12.0060,0.1122,0.2970
16020.1,1,0.3107,0.3113,0.3303,12.0052,0.1106,0.3077
16030.1,2,0.3183,0.3174,0.3333,12.0052,0.1152,0.3138
16040.1,3,0.3183,0.3265,0.3303,12.0043,0.1137,0.3169
16050.1,4,0.3259,0.3281,0.3303,12.0043,0.1137,0.3184
16060.1,5,0.3275,0.3281,0.3242,12.0043,0.1152,0.3153
16070.1,6,0.3244,0.3235,0.3226,12.0052,0.1167,0.3153
16080.1,7,0.3168,0.3265,0.3211,12.0043,0.1167,0.3214
16090.1,8,0.3153,0.3250,0.3211,12.0052,0.1167,0.3214
16100.1,9,0.3168,0.3204,0.3242,12.0043,0.1167,0.3184
16110.1,10,0.3153,0.3250,0.3196,12.0034,0.1183,0.3184
16120.1,11,0.3168,0.3220,0.3165,12.0026,0.1213,0.3199
16130.1,12,0.3137,0.3128,0.3181,12.0026,0.1198,0.3123
16140.1,13,0.3137,0.3128,0.3226,12.0043,0.1198,0.3092
16150.1,14,0.3168,0.3143,0.3150,12.0043,0.1213,0.3077
16160.1,15,0.3183,0.3113,0.3120,12.0034,0.1213,0.3001
16170.1,16,0.3122,0.3082,0.3120,12.0034,0.1228,0.3031
16180.1,17,0.3076,0.3113,0.3089,12.0026,0.1244,0.3001
16190.1,18,0.3046,0.3067,0.3089,12.0017,0.1244,0.2985
16200.1,19,0.2970,0.3006,0.3074,12.0026,0.1259,0.2940
16210.1,20,0.2954,0.2930,0.3028,12.0026,0.1244,0.2955
16220.1,21,0.2893,0.2884,0.2982,12.0034,0.1274,0.2924
16230.1,22,0.2924,0.2914,0.2952,12.0026,0.1274,0.2940
16240.1,23,0.2939,0.2945,0.2967,12.0026,0.1259,0.2940
16250.1,24,0.2924,0.2914,0.2936,12.0008,0.1274,0.2909
16260.1,25,0.2954,0.2991,0.3028,12.0017,0.1289,0.2940
16270.1,26,0.2985,0.3082,0.3104,12.0017,0.1289,0.3016
16280.1,27,0.3031,0.3082,0.3165,12.0008,0.1305,0.3031
16290.1,28,0.3046,0.3082,0.3242,12.0017,0.1289,0.3047
16300.1,29,0.3061,0.3159,0.3226,12.0017,0.1305,0.3123
16310.1,30,0.3107,0.3204,0.3165,12.0000,0.1305,0.3138
16320.1,31,0.3107,0.3204,0.3120,11.9991,0.1305,0.3062
16330.1,32,0.3122,0.3174,0.3120,12.0000,0.1305,0.3062
16340.1,33,0.3092,0.3128,0.3104,12.0008,0.1289,0.3092
16350.1,34,0.3076,0.3143,0.3150,12.0017,0.1320,0.3108
16360.1,35,0.3076,0.3143,0.3165,12.0000,0.1320,0.3031
16370.1,36,0.3061,0.3098,0.3104,11.9991,0.1320,0.3031
16380.1,37,0.3061,0.3098,0.3043,12.0000,0.1305,0.3047
16390.1,38,0.3000,0.3036,0.3074,12.0000,0.1320,0.3062
16400.1,39,0.3015,0.2991,0.3104,11.9991,0.1335,0.3047
16410.1,40,0.3015,0.2991,0.3013,12.0000,0.1335,0.2985
16420.1,41,0.2954,0.2991,0.2998,12.0000,0.1320,0.2970
16430.1,42,0.2909,0.3036,0.2998,12.0000,0.1335,0.2955
16440.1,43,0.2863,0.2991,0.2982,11.9991,0.1320,0.2894
16450.1,44,0.2802,0.2930,0.2906,11.9991,0.1320,0.2833
16460.1,45,0.2756,0.2853,0.2875,11.9991,0.1335,0.2757
16470.1,46,0.2695,0.2792,0.2891,11.9991,0.1335,0.2711
16480.1,47,0.2756,0.2792,0.2830,11.9991,0.1335,0.2680
16490.1,48,0.2786,0.2777,0.2830,11.9982,0.1335,0.2665
16500.1,49,0.2786,0.2762,0.2814,11.9991,0.1335,0.2680
16510.1,50,0.2710,0.2762,0.2799,11.9982,0.1335,0.2757
16520.1,51,0.2725,0.2777,0.2784,11.9982,0.1320,0.2757
16530.1,52,0.2771,0.2808,0.2814,11.9973,0.1335,0.2741
16540.1,53,0.2741,0.2853,0.2952,11.9982,0.1335,0.2741
16550.1,54,0.2771,0.2869,0.2982,11.9982,0.1335,0.2787
16560.1,55,0.2832,0.2914,0.2967,11.9982,0.1305,0.2879
16570.1,56,0.2847,0.2914,0.2936,11.9965,0.1305,0.2863
16580.1,57,0.2832,0.2884,0.2875,11.9965,0.1305,0.2787
16590.1,58,0.2802,0.2869,0.2875,11.9965,0.1305,0.2741
16600.1,59,0.2725,0.2853,0.2891,11.9965,0.1274,0.2726
16610.1,60,0.2710,0.2838,0.2814,11.9973,0.1274,0.2741
16620.1,61,0.2741,0.2823,0.2723,11.9965,0.1274,0.2696
16630.1,62,0.2771,0.2792,0.2723,11.9973,0.1289,0.2711
16640.1,63,0.2741,0.2777,0.2738,11.9973,0.1244,0.2711
16650.1,64,0.2695,0.2762,0.2723,11.9965,0.1244,0.2696
16660.1,65,0.2634,0.2747,0.2692,11.9956,0.1244,0.2711
16670.1,66,0.2619,0.2716,0.2723,11.9965,0.1244,0.2680
16680.1,67,0.2619,0.2762,0.2738,11.9956,0.1244,0.2711
16690.1,68,0.2680,0.2777,0.2753,11.9956,0.1213,0.2741
16700.1,69,0.2680,0.2777,0.2738,11.9956,0.1228,0.2726
16710.1,70,0.2664,0.2762,0.2769,11.9965,0.1198,0.2680
16720.1,71,0.2725,0.2747,0.2784,11.9965,0.1198,0.2696
16730.1,72,0.2802,0.2747,0.2723,11.9973,0.1198,0.2680
16740.1,73,0.2786,0.2731,0.2692,11.9965,0.1183,0.2680
16750.1,74,0.2756,0.2716,0.2662,11.9965,0.1198,0.2650
16760.1,75,0.2741,0.2701,0.2647,11.9956,0.1183,0.2573
16770.1,76,0.2634,0.2594,0.2616,11.9956,0.1137,0.2543
16780.1,77,0.2573,0.2579,0.2692,11.9973,0.1152,0.2604
16790.1,78,0.2542,0.2594,0.2708,11.9947,0.1167,0.2619
16800.1,79,0.2512,0.2579,0.2753,11.9956,0.1137,0.2558
16810.1,80,0.2497,0.2548,0.2692,11.9965,0.1122,0.2573
16820.1,81,0.2497,0.2533,0.2662,11.9956,0.1106,0.2650
16830.1,82,0.2512,0.2518,0.2601,11.9947,0.1091,0.2635
16840.1,83,0.2466,0.2487,0.2586,11.9965,0.1076,0.2543
16850.1,84,0.2420,0.2441,0.2524,11.9965,0.1045,0.2421
16860.1,85,0.2329,0.2380,0.2433,11.9956,0.1030,0.2314
16870.1,86,0.2237,0.2319,0.2357,11.9956,0.1015,0.2253
16880.1,87,0.2191,0.2289,0.2296,11.9956,0.1015,0.2238
16890.1,88,0.2146,0.2213,0.2250,11.9956,0.0969,0.2116
16900.1,89,0.2130,0.2121,0.2158,11.9965,0.0969,0.2116
16910.1,90,0.2146,0.2106,0.2128,11.9947,0.0938,0.2100
16920.1,91,0.2115,0.2075,0.2128,11.9965,0.0923,0.2070
16930.1,92,0.2085,0.2075,0.2158,11.9965,0.0908,0.2070
16940.1,93,0.2085,0.2121,0.2128,11.9973,0.0877,0.2039
16950.1,94,0.2085,0.2136,0.2143,11.9965,0.0877,0.2009
16960.1,95,0.2100,0.2167,0.2128,11.9965,0.0862,0.1978
16970.1,96,0.2085,0.2121,0.2128,11.9956,0.0832,0.2009
16980.1,97,0.2054,0.2090,0.2189,11.9973,0.0816,0.2085
16990.1,98,0.1993,0.2075,0.2189,11.9956,0.0816,0.2146
17000.1,99,0.1947,0.2060,0.2189,11.9965,0.0816,0.2177
17010.1,100,0.1993,0.2029,0.2250,11.9973,0.0801,0.2146
17020.1,101,0.2039,0.2090,0.2235,11.9973,0.0786,0.2116
17030.1,102,0.2024,0.2121,0.2219,11.9982,0.0786,0.2085
17040.1,103,0.2085,0.2136,0.2235,11.9973,0.0771,0.2100
17050.1,104,0.2146,0.2167,0.2280,11.9973,0.0771,0.2116
17060.1,105,0.2176,0.2197,0.2265,11.9965,0.0740,0.2146
17070.1,106,0.2237,0.2274,0.2341,11.9965,0.0740,0.2207
17080.1,107,0.2283,0.2380,0.2418,11.9965,0.0740,0.2268
17090.1,108,0.2359,0.2457,0.2479,11.9982,0.0740,0.2299
17100.1,109,0.2374,0.2441,0.2509,11.9973,0.0725,0.2360
17110.1,110,0.2405,0.2441,0.2509,11.9973,0.0725,0.2390
17120.1,111,0.2420,0.2457,0.2509,11.9973,0.0694,0.2375
17130.1,112,0.2466,0.2396,0.2479,11.9973,0.0679,0.2375
17140.1,113,0.2435,0.2380,0.2418,11.9973,0.0664,0.2345
17150.1,114,0.2359,0.2365,0.2387,11.9973,0.0664,0.2299
17160.1,115,0.2268,0.2365,0.2357,11.9973,0.0664,0.2223
17170.1,116,0.2252,0.2365,0.2341,11.9973,0.0664,0.2162
17180.1,117,0.2222,0.2365,0.2326,11.9973,0.0664,0.2162
17190.1,118,0.2237,0.2335,0.2311,11.9973,0.0633,0.2253
17200.1,119,0.2207,0.2304,0.2311,11.9973,0.0618,0.2238
17210.1,120,0.2222,0.2350,0.2341,11.9965,0.0633,0.2253
17220.1,121,0.2191,0.2335,0.2311,11.9973,0.0618,0.2284
17230.1,122,0.2176,0.2304,0.2341,11.9965,0.0603,0.2284
17240.1,123,0.2207,0.2274,0.2387,11.9965,0.0603,0.2253
17250.1,124,0.2252,0.2258,0.2357,11.9965,0.0588,0.2207
17260.1,125,0.2313,0.2274,0.2357,11.9965,0.0618,0.2192
17270.1,126,0.2390,0.2319,0.2418,11.9965,0.0588,0.2238
17280.1,127,0.2451,0.2365,0.2540,11.9973,0.0557,0.2314
17290.1,128,0.2512,0.2457,0.2601,11.9956,0.0557,0.2451
17300.1,129,0.2588,0.2594,0.2708,11.9973,0.0572,0.2558
17310.1,130,0.2649,0.2686,0.2799,11.9973,0.0572,0.2604
17320.1,131,0.2664,0.2792,0.2814,11.9973,0.0557,0.2635
17330.1,132,0.2634,0.2762,0.2814,11.9956,0.0526,0.2635
17340.1,133,0.2527,0.2594,0.2769,11.9956,0.0511,0.2573
17350.1,134,0.2420,0.2502,0.2647,11.9965,0.0511,0.2482
17360.1,135,0.2435,0.2426,0.2540,11.9965,0.0511,0.2421
17370.1,136,0.2405,0.2380,0.2494,11.9973,0.0481,0.2360
17380.1,137,0.2344,0.2319,0.2509,11.9965,0.0481,0.2253
17390.1,138,0.2359,0.2258,0.2479,11.9965,0.0465,0.2223
17400.1,139,0.2359,0.2213,0.2418,11.9965,0.0465,0.2192
17410.1,140,0.2313,0.2213,0.2326,11.9956,0.0465,0.2192
17420.1,141,0.2329,0.2274,0.2265,11.9956,0.0465,0.2253
17430.1,142,0.2329,0.2258,0.2296,11.9965,0.0435,0.2268
17440.1,143,0.2268,0.2274,0.2296,11.9965,0.0465,0.2253
17450.1,144,0.2237,0.2289,0.2341,11.9973,0.0420,0.2223
17460.1,145,0.2161,0.2319,0.2372,11.9973,0.0404,0.2177
17470.1,146,0.2191,0.2304,0.2311,11.9965,0.0404,0.2192
17480.1,147,0.2237,0.2274,0.2372,11.9965,0.0404,0.2238
17490.1,148,0.2283,0.2274,0.2463,11.9973,0.0389,0.2207
17500.1,149,0.2344,0.2274,0.2479,11.9965,0.0389,0.2146
17510.1,150,0.2359,0.2304,0.2494,11.9965,0.0359,0.2223
17520.1,151,0.2344,0.2304,0.2433,11.9965,0.0374,0.2314
17530.1,152,0.2298,0.2319,0.2387,11.9965,0.0359,0.2299
17540.1,153,0.2252,0.2319,0.2311,11.9982,0.0359,0.2284
17550.1,154,0.2207,0.2274,0.2326,11.9973,0.0343,0.2314
17560.1,155,0.2176,0.2243,0.2280,11.9973,0.0328,0.2253
17570.1,156,0.2191,0.2182,0.2235,11.9982,0.0343,0.2177
17580.1,157,0.2191,0.2151,0.2296,11.9973,0.0359,0.2146
17590.1,158,0.2237,0.2197,0.2341,11.9965,0.0343,0.2162
17600.1,159,0.2191,0.2213,0.2250,11.9956,0.0313,0.2131
17610.1,160,0.2161,0.2258,0.2250,11.9956,0.0328,0.2162
17620.1,161,0.2176,0.2274,0.2219,11.9965,0.0328,0.2162
17630.1,162,0.2176,0.2258,0.2235,11.9973,0.0328,0.2207
17640.1,163,0.2161,0.2167,0.2265,11.9982,0.0328,0.2207
17650.1,164,0.2161,0.2182,0.2296,11.9965,0.0328,0.2162
17660.1,165,0.2207,0.2213,0.2372,11.9973,0.0343,0.2223
17670.1,166,0.2252,0.2274,0.2387,11.9973,0.0313,0.2207
17680.1,167,0.2268,0.2304,0.2357,11.9982,0.0328,0.2207
17690.1,168,0.2222,0.2274,0.2387,11.9991,0.0313,0.2162
17700.1,169,0.2176,0.2197,0.2341,11.9982,0.0328,0.2116
17710.1,170,0.2115,0.2136,0.2219,11.9982,0.0328,0.2055
17720.1,171,0.2024,0.2106,0.2113,11.9973,0.0328,0.1978
17730.1,172,0.1962,0.1999,0.2006,11.9982,0.0359,0.1917
17740.1,173,0.1840,0.1907,0.1884,11.9982,0.0343,0.1811
17750.1,174,0.1764,0.1862,0.1777,11.9991,0.0359,0.1780
17760.1,175,0.1764,0.1831,0.1746,11.9982,0.0343,0.1750
17770.1,176,0.1749,0.1816,0.1746,11.9991,0.0328,0.1719
17780.1,177,0.1779,0.1831,0.1792,11.9982,0.0343,0.1734
17790.1,178,0.1779,0.1816,0.1823,11.9982,0.0328,0.1734
17800.1,179,0.1795,0.1862,0.1838,11.9991,0.0343,0.1719
17810.1,180,0.1749,0.1846,0.1838,11.9982,0.0328,0.1750
17820.1,181,0.1779,0.1801,0.1884,11.9973,0.0328,0.1826
17830.1,182,0.1779,0.1801,0.1975,11.9982,0.0343,0.1856
17840.1,183,0.1825,0.1831,0.2021,12.0000,0.0328,0.1917
17850.1,184,0.1901,0.1923,0.1990,12.0000,0.0328,0.1902
17860.1,185,0.1917,0.1999,0.1945,12.0000,0.0328,0.1856
17870.1,186,0.1962,0.2060,0.2067,12.0000,0.0328,0.1887
17880.1,187,0.2054,0.2136,0.2219,12.0000,0.0328,0.1978
17890.1,188,0.2100,0.2151,0.2235,12.0008,0.0328,0.2070
17900.1,189,0.2146,0.2182,0.2265,12.0008,0.0313,0.2146
17910.1,190,0.2176,0.2197,0.2311,11.9991,0.0313,0.2223
17920.1,191,0.2252,0.2274,0.2341,12.0000,0.0313,0.2192
17930.1,192,0.2298,0.2304,0.2326,12.0000,0.0313,0.2177
17940.1,193,0.2374,0.2396,0.2326,12.0008,0.0298,0.2223
17950.1,194,0.2390,0.2365,0.2326,12.0008,0.0328,0.2253
17960.1,195,0.2298,0.2243,0.2341,12.0008,0.0328,0.2238
17970.1,196,0.2268,0.2182,0.2341,12.0000,0.0328,0.2177
17980.1,197,0.2176,0.2151,0.2311,12.0000,0.0313,0.2146
17990.1,198,0.2146,0.2136,0.2250,12.0008,0.0313,0.2162
18000.1,199,0.2191,0.2090,0.2265,12.0008,0.0298,0.2162
18010.1,200,0.2161,0.2136,0.2296,12.0008,0.0313,0.2207
18020.1,201,0.2161,0.2243,0.2311,12.0008,0.0328,0.2253
18030.1,202,0.2115,0.2289,0.2280,12.0017,0.0298,0.2314
18040.1,203,0.2146,0.2274,0.2280,12.0017,0.0328,0.2253
18050.1,204,0.2176,0.2167,0.2174,12.0017,0.0313,0.2192
18060.1,205,0.2222,0.2136,0.2082,12.0008,0.0328,0.2116
18070.1,206,0.2191,0.2045,0.2097,12.0017,0.0298,0.2055
18080.1,207,0.2069,0.2029,0.2097,12.0017,0.0328,0.2024
18090.1,208,0.1978,0.2045,0.2082,12.0017,0.0343,0.2009
18100.1,209,0.1978,0.2014,0.2067,12.0017,0.0313,0.1978
18110.1,210,0.1901,0.2014,0.2067,12.0008,0.0359,0.1948
18120.1,211,0.1932,0.2060,0.2067,12.0008,0.0313,0.1963
18130.1,212,0.1978,0.2090,0.2097,12.0017,0.0328,0.2039
18140.1,213,0.2054,0.2075,0.2113,12.0017,0.0313,0.2131
18150.1,214,0.2100,0.2106,0.2113,12.0017,0.0313,0.2162
18160.1,215,0.2176,0.2151,0.2143,12.0017,0.0313,0.2192
18170.1,216,0.2237,0.2182,0.2204,12.0026,0.0298,0.2192
18180.1,217,0.2222,0.2228,0.2219,12.0034,0.0298,0.2223
18190.1,218,0.2191,0.2258,0.2265,12.0034,0.0298,0.2177
18200.1,219,0.2115,0.2213,0.2235,12.0026,0.0313,0.2162
18210.1,220,0.2130,0.2151,0.2174,12.0034,0.0313,0.2116
18220.1,221,0.2130,0.2106,0.2128,12.0026,0.0298,0.2070
18230.1,222,0.2115,0.2090,0.2128,12.0017,0.0298,0.2039
18240.1,223,0.2115,0.2075,0.2204,12.0034,0.0328,0.2039
18250.1,224,0.2146,0.2090,0.2204,12.0026,0.0328,0.2009
18260.1,225,0.2222,0.2136,0.2265,12.0026,0.0328,0.2100
18270.1,226,0.2268,0.2258,0.2372,12.0017,0.0343,0.2253
18280.1,227,0.2283,0.2319,0.2509,12.0034,0.0328,0.2406
18290.1,228,0.2344,0.2426,0.2509,12.0017,0.0343,0.2421
18300.1,229,0.2451,0.2502,0.2524,12.0034,0.0374,0.2421
18310.1,230,0.2466,0.2472,0.2509,12.0034,0.0359,0.2451
18320.1,231,0.2466,0.2487,0.2540,12.0026,0.0359,0.2345
18330.1,232,0.2451,0.2502,0.2479,12.0026,0.0374,0.2375
18340.1,233,0.2481,0.2502,0.2494,12.0043,0.0374,0.2451
18350.1,234,0.2497,0.2518,0.2524,12.0043,0.0404,0.2482
18360.1,235,0.2542,0.2518,0.2555,12.0034,0.0389,0.2482
18370.1,236,0.2497,0.2533,0.2570,12.0043,0.0420,0.2451
18380.1,237,0.2497,0.2594,0.2586,12.0043,0.0420,0.2497
18390.1,238,0.2558,0.2594,0.2586,12.0034,0.0404,0.2467
18400.1,239,0.2588,0.2609,0.2586,12.0034,0.0435,0.2467
18410.1,240,0.2634,0.2670,0.2662,12.0026,0.0435,0.2482
18420.1,241,0.2695,0.2747,0.2662,12.0034,0.0465,0.2497
18430.1,242,0.2558,0.2747,0.2662,12.0043,0.0450,0.2497
18440.1,243,0.2497,0.2655,0.2616,12.0043,0.0481,0.2436
18450.1,244,0.2390,0.2518,0.2509,12.0034,0.0481,0.2360
18460.1,245,0.2344,0.2426,0.2372,12.0034,0.0511,0.2284
18470.1,246,0.2252,0.2274,0.2250,12.0043,0.0465,0.2192
18480.1,247,0.2100,0.2151,0.2128,12.0017,0.0511,0.2085
18490.1,248,0.1962,0.2045,0.1975,12.0043,0.0511,0.2024
18500.1,249,0.1871,0.1938,0.1914,12.0034,0.0511,0.1978
18510.1,250,0.1825,0.1846,0.1929,12.0026,0.0496,0.1948
18520.1,251,0.1871,0.1877,0.1960,12.0034,0.0511,0.1933
18530.1,252,0.1993,0.1953,0.2021,12.0026,0.0511,0.1994
18540.1,253,0.2039,0.2014,0.2036,12.0034,0.0526,0.2085
18550.1,254,0.2069,0.2045,0.2143,12.0026,0.0526,0.2146
18560.1,255,0.2130,0.2121,0.2265,12.0008,0.0526,0.2192
18570.1,0,0.2191,0.2151,0.2357,12.0026,0.0526,0.2253
18580.1,1,0.2252,0.2258,0.2524,12.0034,0.0542,0.2299
18590.1,2,0.2359,0.2411,0.2570,12.0026,0.0542,0.2329
18600.1,3,0.2420,0.2548,0.2570,12.0026,0.0557,0.2390
18610.1,4,0.2466,0.2609,0.2570,12.0026,0.0557,0.2467
18620.1,5,0.2527,0.2594,0.2586,12.0034,0.0557,0.2543
18630.1,6,0.2588,0.2670,0.2555,12.0017,0.0557,0.2604
18640.1,7,0.2649,0.2670,0.2616,12.0026,0.0572,0.2604
18650.2,8,0.2710,0.2625,0.2677,12.0017,0.0572,0.2650
18660.2,9,0.2695,0.2609,0.2738,12.0017,0.0588,0.2665
18670.2,10,0.2710,0.2640,0.2738,12.0017,0.0588,0.2650
18680.2,11,0.2649,0.2625,0.2692,12.0008,0.0588,0.2604
18690.2,12,0.2588,0.2655,0.2540,12.0017,0.0588,0.2543
18700.2,13,0.2420,0.2579,0.2494,12.0017,0.0572,0.2512
18710.2,14,0.2359,0.2487,0.2448,12.0017,0.0572,0.2421
18720.2,15,0.2283,0.2380,0.2372,12.0008,0.0588,0.2360
18730.2,16,0.2237,0.2350,0.2372,12.0008,0.0588,0.2314
18740.2,17,0.2222,0.2335,0.2357,12.0008,0.0572,0.2253
18750.2,18,0.2207,0.2258,0.2250,12.0008,0.0572,0.2207
18760.2,19,0.2146,0.2151,0.2174,12.0008,0.0557,0.2100
18770.2,20,0.2100,0.2167,0.2143,12.0008,0.0557,0.2024
18780.2,21,0.2039,0.2213,0.2143,12.0008,0.0557,0.1948
18790.2,22,0.1962,0.2136,0.2097,12.0008,0.0557,0.1978
18800.2,23,0.1978,0.2045,0.2051,12.0008,0.0542,0.1948
18810.2,24,0.2024,0.1984,0.2006,12.0000,0.0526,0.1887
18820.2,25,0.2054,0.1953,0.2021,12.0000,0.0526,0.1856
18830.2,26,0.2039,0.1938,0.2097,11.9991,0.0526,0.1902
18840.2,27,0.2085,0.1999,0.2143,12.0000,0.0511,0.2009
18850.2,28,0.2085,0.2090,0.2235,11.9991,0.0511,0.2162
18860.2,29,0.2176,0.2274,0.2372,12.0000,0.0496,0.2299
18870.2,30,0.2283,0.2396,0.2494,12.0008,0.0481,0.2375
18880.2,31,0.2374,0.2502,0.2586,12.0000,0.0481,0.2467
18890.2,32,0.2527,0.2625,0.2677,12.0000,0.0496,0.2573
18900.2,33,0.2634,0.2747,0.2799,12.0000,0.0465,0.2635
18910.2,34,0.2756,0.2762,0.2860,12.0000,0.0465,0.2726
18920.2,35,0.2802,0.2731,0.2891,12.0000,0.0465,0.2757
18930.2,36,0.2786,0.2701,0.2860,12.0000,0.0450,0.2726
18940.2,37,0.2664,0.2670,0.2799,11.9991,0.0465,0.2604
18950.2,38,0.2603,0.2609,0.2723,12.0000,0.0450,0.2497
18960.2,39,0.2573,0.2502,0.2647,12.0000,0.0450,0.2421
18970.2,40,0.2527,0.2441,0.2494,12.0000,0.0450,0.2345
18980.2,41,0.2466,0.2411,0.2418,12.0008,0.0435,0.2329
18990.2,42,0.2451,0.2365,0.2433,12.0008,0.0435,0.2345
19000.2,43,0.2420,0.2426,0.2463,12.0008,0.0435,0.2360
19010.2,44,0.2466,0.2472,0.2524,11.9991,0.0435,0.2329
19020.2,45,0.2481,0.2548,0.2570,11.9991,0.0435,0.2375
19030.2,46,0.2481,0.2640,0.2616,12.0008,0.0435,0.2406
19040.2,47,0.2527,0.2655,0.2708,12.0000,0.0450,0.2497
19050.2,48,0.2588,0.2686,0.2723,12.0008,0.0450,0.2543
19060.2,49,0.2634,0.2655,0.2753,12.0008,0.0450,0.2558
19070.2,50,0.2619,0.2609,0.2692,12.0008,0.0450,0.2558
19080.2,51,0.2588,0.2594,0.2631,12.0008,0.0465,0.2589
19090.2,52,0.2619,0.2579,0.2647,12.0000,0.0481,0.2635
19100.2,53,0.2680,0.2670,0.2647,12.0008,0.0465,0.2650
19110.2,54,0.2741,0.2701,0.2723,12.0008,0.0496,0.2665
19120.2,55,0.2771,0.2731,0.2769,12.0008,0.0496,0.2650
19130.2,56,0.2725,0.2731,0.2784,12.0000,0.0496,0.2696
19140.2,57,0.2771,0.2747,0.2723,12.0008,0.0481,0.2772
19150.2,58,0.2771,0.2777,0.2769,12.0008,0.0496,0.2802
19160.2,59,0.2802,0.2838,0.2845,12.0008,0.0511,0.2802
19170.2,60,0.2832,0.2838,0.2952,12.0008,0.0511,0.2757
19180.2,61,0.2863,0.2838,0.2936,12.0017,0.0511,0.2772
19190.2,62,0.2786,0.2747,0.2845,12.0017,0.0542,0.2711
19200.2,63,0.2741,0.2686,0.2738,12.0008,0.0526,0.2711
19210.2,64,0.2710,0.2686,0.2708,12.0008,0.0542,0.2680
19220.2,65,0.2695,0.2655,0.2677,12.0017,0.0557,0.2619
19230.2,66,0.2634,0.2594,0.2662,12.0017,0.0542,0.2589
19240.2,67,0.2603,0.2655,0.2677,12.0017,0.0557,0.2573
19250.2,68,0.2573,0.2655,0.2616,12.0017,0.0542,0.2650
19260.2,69,0.2603,0.2686,0.2662,12.0008,0.0572,0.2665
19270.2,70,0.2649,0.2731,0.2723,12.0017,0.0588,0.2665
19280.2,71,0.2664,0.2792,0.2692,12.0008,0.0603,0.2741
19290.2,72,0.2695,0.2762,0.2799,12.0008,0.0603,0.2787
19300.2,73,0.2741,0.2853,0.2814,12.0008,0.0588,0.2757
19310.2,74,0.2756,0.2853,0.2845,12.0017,0.0618,0.2726
19320.2,75,0.2756,0.2823,0.2906,12.0017,0.0618,0.2833
19330.2,76,0.2725,0.2777,0.2967,12.0026,0.0633,0.2787
19340.2,77,0.2725,0.2747,0.2906,12.0008,0.0618,0.2757
19350.2,78,0.2710,0.2747,0.2845,12.0017,0.0618,0.2787
19360.2,79,0.2710,0.2747,0.2738,12.0017,0.0618,0.2757
19370.2,80,0.2695,0.2747,0.2723,12.0026,0.0649,0.2726
19380.2,81,0.2680,0.2731,0.2738,12.0026,0.0633,0.2680
19390.2,82,0.2634,0.2655,0.2753,12.0026,0.0649,0.2665
19400.2,83,0.2573,0.2579,0.2769,12.0026,0.0649,0.2665
19410.2,84,0.2619,0.2579,0.2662,12.0026,0.0664,0.2665
19420.2,85,0.2603,0.2579,0.2494,12.0017,0.0664,0.2573
19430.2,86,0.2619,0.2518,0.2418,12.0026,0.0664,0.2451
19440.2,87,0.2527,0.2411,0.2341,12.0026,0.0664,0.2268
19450.2,88,0.2268,0.2197,0.2189,12.0017,0.0664,0.2162
19460.2,89,0.2039,0.2060,0.2021,12.0034,0.0664,0.2039
19470.2,90,0.1856,0.1877,0.1929,12.0017,0.0649,0.1933
19480.2,91,0.1688,0.1709,0.1792,12.0008,0.0664,0.1734
19490.2,92,0.1566,0.1587,0.1655,12.0017,0.0664,0.1582
19500.2,93,0.1459,0.1511,0.1578,12.0026,0.0649,0.1490
19510.2,94,0.1398,0.1450,0.1456,12.0026,0.0649,0.1460
19520.2,95,0.1322,0.1358,0.1441,12.0026,0.0633,0.1490
19530.2,96,0.1383,0.1312,0.1395,12.0017,0.0649,0.1460
19540.2,97,0.1383,0.1328,0.1395,12.0026,0.0618,0.1444
19550.2,98,0.1398,0.1312,0.1350,12.0008,0.0603,0.1475
19560.2,99,0.1367,0.1282,0.1334,12.0017,0.0603,0.1444
19570.2,100,0.1276,0.1221,0.1365,12.0017,0.0588,0.1353
19580.2,101,0.1230,0.1266,0.1350,12.0008,0.0572,0.1292
19590.2,102,0.1245,0.1312,0.1319,12.0017,0.0572,0.1307
19600.2,103,0.1337,0.1328,0.1395,12.0000,0.0572,0.1322
19610.2,104,0.1474,0.1404,0.1472,12.0008,0.0557,0.1399
19620.2,105,0.1520,0.1495,0.1548,12.0008,0.0542,0.1475
19630.2,106,0.1627,0.1556,0.1716,12.0017,0.0526,0.1597
19640.2,107,0.1657,0.1694,0.1853,12.0008,0.0526,0.1734
19650.2,108,0.1764,0.1846,0.2021,12.0017,0.0511,0.1917
19660.2,109,0.1962,0.2075,0.2204,12.0017,0.0496,0.2070
19670.2,110,0.2191,0.2258,0.2372,12.0017,0.0481,0.2299
19680.2,111,0.2420,0.2411,0.2479,12.0017,0.0481,0.2451
19690.2,112,0.2588,0.2472,0.2570,12.0008,0.0465,0.2543
19700.2,113,0.2603,0.2487,0.2677,12.0008,0.0435,0.2573
19710.2,114,0.2603,0.2518,0.2708,12.0008,0.0435,0.2528
19720.2,115,0.2573,0.2563,0.2662,12.0008,0.0435,0.2512
19730.2,116,0.2542,0.2609,0.2586,12.0017,0.0450,0.2467
19740.2,117,0.2527,0.2548,0.2524,12.0008,0.0435,0.2406
19750.2,118,0.2542,0.2518,0.2524,12.0017,0.0420,0.2406
19760.2,119,0.2481,0.2533,0.2586,12.0017,0.0420,0.2436
19770.2,120,0.2481,0.2548,0.2570,12.0017,0.0404,0.2451
19780.2,121,0.2466,0.2548,0.2570,12.0008,0.0404,0.2436
19790.2,122,0.2451,0.2533,0.2586,12.0017,0.0389,0.2421
19800.2,123,0.2451,0.2533,0.2540,12.0017,0.0404,0.2406
19810.2,124,0.2466,0.2518,0.2463,12.0008,0.0404,0.2329
19820.2,125,0.2451,0.2472,0.2418,12.0026,0.0404,0.2268
19830.2,126,0.2344,0.2441,0.2357,12.0034,0.0389,0.2207
19840.2,127,0.2329,0.2350,0.2250,12.0017,0.0404,0.2146
19850.2,128,0.2237,0.2258,0.2189,12.0026,0.0374,0.2024
19860.2,129,0.2100,0.2151,0.2113,12.0034,0.0389,0.2055
19870.2,130,0.1993,0.2045,0.2051,12.0017,0.0404,0.2039
19880.2,131,0.1886,0.1953,0.2006,12.0026,0.0404,0.1978
19890.2,132,0.1856,0.1907,0.2036,12.0026,0.0389,0.1933
19900.2,133,0.1871,0.1968,0.2067,12.0026,0.0404,0.1978
19910.2,134,0.1962,0.1999,0.2082,12.0034,0.0404,0.1933
19920.2,135,0.2008,0.1984,0.2067,12.0026,0.0389,0.1933
19930.2,136,0.2024,0.2014,0.2113,12.0026,0.0389,0.1948
19940.2,137,0.1993,0.2075,0.2067,12.0043,0.0374,0.1963
19950.2,138,0.2024,0.2045,0.1990,12.0034,0.0404,0.2024
19960.2,139,0.1947,0.1999,0.1945,12.0043,0.0374,0.2024
19970.2,140,0.1917,0.2014,0.2021,12.0034,0.0389,0.1994
19980.2,141,0.1932,0.1984,0.2021,12.0034,0.0389,0.1978
19990.2,142,0.1978,0.1984,0.2006,12.0026,0.0389,0.2055
20000.2,143,0.2039,0.2014,0.2021,12.0043,0.0359,0.2070
20010.2,144,0.2115,0.1999,0.2082,12.0034,0.0374,0.2100
20020.2,145,0.2100,0.2060,0.2097,12.0034,0.0374,0.2085
20030.2,146,0.2100,0.2136,0.2082,12.0043,0.0374,0.2039
20040.2,147,0.2085,0.2167,0.2082,12.0043,0.0374,0.2055
20050.2,148,0.2054,0.2167,0.2128,12.0052,0.0374,0.2070
20060.2,149,0.2069,0.2151,0.2204,12.0043,0.0374,0.2116
20070.2,150,0.2100,0.2106,0.2113,12.0043,0.0359,0.2131
20080.2,151,0.2039,0.2029,0.2174,12.0052,0.0359,0.2100
20090.2,152,0.2008,0.2090,0.2174,12.0034,0.0359,0.2131
20100.2,153,0.1993,0.2151,0.2189,12.0034,0.0374,0.2146
20110.2,154,0.2069,0.2243,0.2219,12.0043,0.0374,0.2162
20120.2,155,0.2176,0.2274,0.2265,12.0043,0.0374,0.2207
20130.2,156,0.2283,0.2319,0.2341,12.0034,0.0374,0.2268
20140.2,157,0.2359,0.2350,0.2372,12.0043,0.0389,0.2314
20150.2,158,0.2420,0.2380,0.2448,12.0043,0.0389,0.2390
20160.2,159,0.2481,0.2441,0.2540,12.0052,0.0389,0.2421
20170.2,160,0.2512,0.2472,0.2540,12.0069,0.0374,0.2467
20180.2,161,0.2527,0.2457,0.2494,12.0052,0.0389,0.2467
20190.2,162,0.2451,0.2441,0.2479,12.0052,0.0389,0.2421
20200.2,163,0.2329,0.2365,0.2448,12.0043,0.0374,0.2284
20210.2,164,0.2252,0.2304,0.2357,12.0043,0.0389,0.2192
20220.2,165,0.2161,0.2182,0.2235,12.0060,0.0389,0.2085
20230.2,166,0.2069,0.2121,0.2113,12.0052,0.0359,0.2009
20240.2,167,0.2008,0.2029,0.2006,12.0052,0.0389,0.1933
20250.2,168,0.1978,0.2060,0.1945,12.0060,0.0359,0.1856
20260.2,169,0.2008,0.2014,0.1899,12.0060,0.0359,0.1856
20270.2,170,0.2008,0.1953,0.1884,12.0069,0.0374,0.1872
20280.2,171,0.1962,0.1892,0.1853,12.0052,0.0343,0.1826
20290.2,172,0.1917,0.1831,0.1823,12.0060,0.0359,0.1780
20300.2,173,0.1856,0.1785,0.1792,12.0052,0.0359,0.1688
20310.2,174,0.1779,0.1740,0.1792,12.0052,0.0328,0.1643
20320.2,175,0.1734,0.1740,0.1792,12.0060,0.0343,0.1597
20330.2,176,0.1734,0.1709,0.1792,12.0060,0.0328,0.1643
20340.2,177,0.1749,0.1724,0.1777,12.0060,0.0343,0.1688
20350.2,178,0.1749,0.1785,0.1762,12.0069,0.0313,0.1719
20360.2,179,0.1749,0.1785,0.1670,12.0069,0.0313,0.1719
20370.2,180,0.1764,0.1740,0.1701,12.0069,0.0298,0.1719
20380.2,181,0.1718,0.1755,0.1731,12.0060,0.0298,0.1750
20390.2,182,0.1734,0.1831,0.1762,12.0060,0.0298,0.1734
20400.2,183,0.1825,0.1892,0.1823,12.0078,0.0298,0.1795
20410.2,184,0.1886,0.1862,0.1914,12.0060,0.0298,0.1795
20420.2,185,0.1825,0.1877,0.1945,12.0060,0.0313,0.1811
20430.2,186,0.1810,0.1923,0.1975,12.0069,0.0313,0.1872
20440.2,187,0.1871,0.1938,0.1960,12.0078,0.0298,0.1872
20450.2,188,0.1917,0.1938,0.1914,12.0078,0.0282,0.1826
20460.2,189,0.1932,0.1907,0.1975,12.0069,0.0282,0.1795
20470.2,190,0.2329,0.2411,0.2448,12.0008,0.0298,0.2223
===BURST_CSV_END===
autoburst: done after 1/1 triggers
error: unknown command '' (try 'help')
>i3:278212:0.225239
>i4:278212:0.234985
>i5:278212:0.235665
>vrail:278212:11.999954
>i7:278212:0.081639
>i8:278212:0.225306
>seq:278212:0.000000
>i3:278408:0.173359
>i4:278408:0.180054
>i5:278408:0.177681
>vrail:278408:11.999954
>i7:278408:0.012975
>i8:278408:0.161219
>seq:278408:235.000000
>i3:278608:0.203876
>i4:278608:0.201416
>i5:278608:0.208199
>vrail:278608:11.999954
>i7:278608:0.026708
>i8:278608:0.199366
>seq:278608:10.000000
>i3:278808:0.176411
>i4:278808:0.164795
>i5:278808:0.173104
>vrail:278808:12.004303
>i7:278808:-0.005336
>i8:278808:0.155115
>seq:278808:40.000000
>i3:279008:0.187092
>i4:279008:0.187683
>i5:279008:0.192940
>vrail:279008:12.004303
>i7:279008:0.008397
>i8:279008:0.176477
>seq:279008:71.000000
>i3:279208:0.116901
>i4:279208:0.108337
>i5:279208:0.127327
>vrail:279208:12.005173
>i7:279208:-0.043483
>i8:279208:0.116968
>seq:279208:102.000000
>i3:279408:0.243549
>i4:279408:0.253296
>i5:279408:0.258553
>vrail:279408:12.005173
>i7:279408:0.019078
>i8:279408:0.245142
>seq:279408:133.000000
>i3:279608:0.219135
>i4:279608:0.230408
>i5:279608:0.228035
>vrail:279608:12.005173
>i7:279608:0.020604
>i8:279608:0.214624
>seq:279608:164.000000
>i3:279808:0.158100
>i4:279808:0.154114
>i5:279808:0.163949
>vrail:279808:12.005173
>i7:279808:-0.019069
>i8:279808:0.161219
>seq:279808:194.000000
>i3:280008:0.165730
>i4:280008:0.161743
>i5:280008:0.171578
>vrail:280008:12.006912
>i7:280008:-0.022120
>i8:280008:0.170374
>seq:280008:225.000000
>i3:280208:0.104694
>i4:280208:0.115967
>i5:280208:0.105965
>vrail:280208:12.009521
>i7:280208:-0.006862
>i8:280208:0.094080
>seq:280208:255.000000
>i3:280408:0.124531
>i4:280408:0.132751
>i5:280408:0.130379
>vrail:280408:12.009521
>i7:280408:0.003819
>i8:280408:0.123072
>seq:280408:30.000000
>i3:280608:0.208454
>i4:280608:0.215149
>i5:280608:0.215828
>vrail:280608:12.009521
>i7:280608:0.041966
>i8:280608:0.200891
>seq:280608:60.000000
>i3:280808:0.132160
>i4:280808:0.137329
>i5:280808:0.142586
>vrail:280808:12.008652
>i7:280808:-0.019069
>i8:280808:0.138330
>seq:280808:91.000000
>i3:281008:0.142841
>i4:281008:0.148010
>i5:281008:0.153267
>vrail:281008:12.007782
>i7:281008:-0.003810
>i8:281008:0.147486
>seq:281008:122.000000
>i3:281208:0.106220
>i4:281208:0.102234
>i5:281208:0.093758
>vrail:281208:12.006042
>i7:281208:-0.019069
>i8:281208:0.092554
>seq:281208:152.000000
>i3:281408:0.139790
>i4:281408:0.126648
>i5:281408:0.145638
>vrail:281408:12.006042
>i7:281408:-0.005336
>i8:281408:0.130701
>seq:281408:183.000000
>i3:281608:0.213032
>i4:281608:0.213623
>i5:281608:0.217354
>vrail:281608:12.006042
>i7:281608:0.011449
>i8:281608:0.211573
>seq:281608:213.000000
>i3:281808:0.151997
>i4:281808:0.154114
>i5:281808:0.159371
>vrail:281808:12.006042
>i7:281808:-0.038905
>i8:281808:0.149012
>seq:281808:244.000000
>i3:282008:0.127583
>i4:282008:0.129700
>i5:282008:0.127327
>vrail:282008:12.006042
>i7:282008:-0.037379
>i8:282008:0.120020
>seq:282008:18.000000
>i3:282208:0.133686
>i4:282208:0.129700
>i5:282208:0.136483
>vrail:282208:12.006912
>i7:282208:-0.028224
>i8:282208:0.121546
>seq:282208:49.000000
>i3:282408:0.162678
>i4:282408:0.169373
>i5:282408:0.170052
>vrail:282408:12.006912
>i7:282408:0.058751
>i8:282408:0.170374
>seq:282408:79.000000
>i3:282608:0.269489
>i4:282608:0.285339
>i5:282608:0.275338
>vrail:282608:12.005173
>i7:282608:0.034337
>i8:282608:0.268030
>seq:282608:110.000000
>i3:282808:0.193195
>i4:282808:0.195312
>i5:282808:0.206673
>vrail:282808:12.005173
>i7:282808:0.020604
>i8:282808:0.190210
>seq:282808:141.000000
>i3:283008:0.229816
>i4:283008:0.231934
>i5:283008:0.232613
>vrail:283008:12.006042
>i7:283008:-0.000758
>i8:283008:0.223780
>seq:283008:171.000000
>i3:283208:0.246601
>i4:283208:0.248718
>i5:283208:0.250924
>vrail:283208:12.005173
>i7:283208:0.017552
>i8:283208:0.243616
>seq:283208:202.000000
>i3:283408:0.179462
>i4:283408:0.175476
>i5:283408:0.171578
>vrail:283408:12.005173
>i7:283408:0.025182
>i8:283408:0.173426
>seq:283408:232.000000
>i3:283608:0.109272
>i4:283608:0.115967
>i5:283608:0.113595
>vrail:283608:12.005173
>i7:283608:-0.025172
>i8:283608:0.107813
>seq:283608:7.000000
>i3:283808:0.184040
>i4:283808:0.173950
>i5:283808:0.188363
>vrail:283808:12.004303
>i7:283808:-0.016017
>i8:283808:0.176477
>seq:283808:37.000000
>i3:284008:0.161152
>i4:284008:0.161743
>i5:284008:0.167000
>vrail:284008:12.004303
>i7:284008:-0.032802
>i8:284008:0.159693
>seq:284008:68.000000
>i3:284208:0.110798
>i4:284208:0.108337
>i5:284208:0.127327
>vrail:284208:12.004303
>i7:284208:-0.049586
>i8:284208:0.124598
>seq:284208:99.000000
>i3:284408:0.194721
>i4:284408:0.207520
>i5:284408:0.208199
>vrail:284408:12.005173
>i7:284408:0.061803
>i8:284408:0.200891
>seq:284408:129.000000
>i3:284608:0.156574
>i4:284608:0.158691
>i5:284608:0.160897
>vrail:284608:12.005173
>i7:284608:-0.005336
>i8:284608:0.158167
>seq:284608:160.000000
>i3:284808:0.145893
>i4:284808:0.151062
>i5:284808:0.160897
>vrail:284808:12.005173
>i7:284808:0.002294
>i8:284808:0.152063
>seq:284808:190.000000
>i3:285008:0.084858
>i4:285008:0.099182
>i5:285008:0.093758
>vrail:285008:12.005173
>i7:285008:0.009923
>i8:285008:0.087976
>seq:285008:221.000000
>i3:285208:0.135212
>i4:285208:0.131226
>i5:285208:0.139534
>vrail:285208:12.005173
>i7:285208:-0.008388
>i8:285208:0.127649
>seq:285208:251.000000
>i3:285408:0.196247
>i4:285408:0.212097
>i5:285408:0.208199
>vrail:285408:12.004303
>i7:285408:0.067906
>i8:285408:0.203943
>seq:285408:26.000000
>i3:285608:0.145893
>i4:285608:0.140381
>i5:285608:0.150216
>vrail:285608:12.004303
>i7:285608:-0.023646
>i8:285608:0.139856
>seq:285608:57.000000
>i3:285808:0.121479
>i4:285808:0.128174
>i5:285808:0.121224
>vrail:285808:12.003433
>i7:285808:-0.043483
>i8:285808:0.115442
>seq:285808:88.000000
>i3:286008:0.141315
>i4:286008:0.138855
>i5:286008:0.142586
>vrail:286008:12.003433
>i7:286008:-0.008388
>i8:286008:0.130701
>seq:286008:119.000000
>i3:286208:0.139790
>i4:286208:0.141907
>i5:286208:0.150216
>vrail:286208:12.003433
>i7:286208:-0.045009
>i8:286208:0.139856
>seq:286208:149.000000
>i3:286408:0.182514
>i4:286408:0.196838
>i5:286408:0.192940
>vrail:286408:12.003433
>i7:286408:0.037389
>i8:286408:0.188684
>seq:286408:180.000000
>i3:286608:0.142841
>i4:286608:0.137329
>i5:286608:0.153267
>vrail:286608:12.003433
>i7:286608:-0.011439
>i8:286608:0.138330
>seq:286608:210.000000
>i3:286808:0.196247
>i4:286808:0.201416
>i5:286808:0.208199
>vrail:286808:12.004303
>i7:286808:-0.003810
>i8:286808:0.185633
>seq:286808:241.000000
>i3:287008:0.203876
>i4:287008:0.205994
>i5:287008:0.212777
>vrail:287008:12.003433
>i7:287008:0.037389
>i8:287008:0.203943
>seq:287008:15.000000
>i3:287208:0.151997
>i4:287208:0.148010
>i5:287208:0.151742
>vrail:287208:12.003433
>i7:287208:-0.008388
>i8:287208:0.147486
>seq:287208:46.000000
>i3:287408:0.251179
>i4:287408:0.247192
>i5:287408:0.255501
>vrail:287408:12.003433
>i7:287408:0.075536
>i8:287408:0.239038
>seq:287408:77.000000
>i3:287608:0.179462
>i4:287608:0.178528
>i5:287608:0.185311
>vrail:287608:12.003433
>i7:287608:-0.002284
>i8:287608:0.181055
>seq:287608:107.000000
>i3:287808:0.133686
>i4:287808:0.140381
>i5:287808:0.142586
>vrail:287808:12.003433
>i7:287808:-0.026698
>i8:287808:0.142908
>seq:287808:138.000000
>i3:288008:0.179462
>i4:288008:0.183105
>i5:288008:0.189888
>vrail:288008:12.003433
>i7:288008:-0.025172
>i8:288008:0.171900
>seq:288008:168.000000
>i3:288208:0.153522
>i4:288208:0.152588
>i5:288208:0.162423
>vrail:288208:12.003433
>i7:288208:-0.025172
>i8:288208:0.159693
>seq:288208:199.000000
>i3:288408:0.283222
>i4:288408:0.286865
>i5:288408:0.298226
>vrail:288408:12.003433
>i7:288408:-0.005336
>i8:288408:0.284815
>seq:288408:229.000000
>i3:288608:0.155048
>i4:288608:0.152588
>i5:288608:0.157845
>vrail:288608:12.003433
>i7:288608:-0.034328
>i8:288608:0.142908
>seq:288608:4.000000
>i3:288808:0.150471
>i4:288808:0.167847
>i5:288808:0.176156
>vrail:288808:12.006042
>i7:288808:-0.025172
>i8:288808:0.150537
>seq:288808:35.000000
>i3:289008:0.153522
>i4:289008:0.161743
>i5:289008:0.168526
>vrail:289008:12.006042
>i7:289008:0.016026
>i8:289008:0.152063
>seq:289008:66.000000
>i3:289208:0.225239
>i4:289208:0.225830
>i5:289208:0.229561
>vrail:289208:12.006042
>i7:289208:0.029759
>i8:289208:0.219202
>seq:289208:97.000000
>i3:289408:0.151997
>i4:289408:0.152588
>i5:289408:0.160897
>vrail:289408:12.003433
>i7:289408:0.008397
>i8:289408:0.149012
>seq:289408:127.000000
>i3:289608:0.142841
>i4:289608:0.138855
>i5:289608:0.130379
>vrail:289608:12.003433
>i7:289608:-0.000758
>i8:289608:0.139856
>seq:289608:158.000000
>i3:289808:0.130634
>i4:289808:0.140381
>i5:289808:0.139534
>vrail:289808:12.003433
>i7:289808:-0.017543
>i8:289808:0.130701
>seq:289808:188.000000
>i3:290008:0.142841
>i4:290008:0.143433
>i5:290008:0.148690
>vrail:290008:12.003433
>i7:290008:-0.031276
>i8:290008:0.139856
>seq:290008:219.000000
>i3:290208:0.147419
>i4:290208:0.157166
>i5:290208:0.160897
>vrail:290208:12.005173
>i7:290208:0.022130
>i8:290208:0.162745
>seq:290208:249.000000
>i3:290408:0.147419
>i4:290408:0.146484
>i5:290408:0.157845
>vrail:290408:12.005173
>i7:290408:-0.045009
>i8:290408:0.144434
>seq:290408:24.000000
>i3:290608:0.110798
>i4:290608:0.123596
>i5:290608:0.110543
>vrail:290608:12.005173
>i7:290608:-0.034328
>i8:290608:0.113916
>seq:290608:55.000000
>i3:290808:0.153522
>i4:290808:0.160217
>i5:290808:0.165474
>vrail:290808:12.006912
>i7:290808:-0.014491
>i8:290808:0.153589
>seq:290808:85.000000
>i3:291008:0.174885
>i4:291008:0.160217
>i5:291008:0.176156
>vrail:291008:12.006912
>i7:291008:0.006871
>i8:291008:0.167322
>seq:291008:116.000000
>i3:291208:0.194721
>i4:291208:0.198364
>i5:291208:0.205147
>vrail:291208:12.006912
>i7:291208:0.069432
>i8:291208:0.199366
>seq:291208:146.000000
>i3:291408:0.182514
>i4:291408:0.178528
>i5:291408:0.177681
>vrail:291408:12.004303
>i7:291408:0.002294
>i8:291408:0.171900
>seq:291408:177.000000
>i3:291608:0.161152
>i4:291608:0.175476
>i5:291608:0.185311
>vrail:291608:12.004303
>i7:291608:-0.008388
>i8:291608:0.171900
>seq:291608:207.000000
>i3:291808:0.164204
>i4:291808:0.166321
>i5:291808:0.168526
>vrail:291808:12.004303
>i7:291808:-0.006862
>i8:291808:0.152063
>seq:291808:238.000000
>i3:292008:0.126057
>i4:292008:0.129700
>i5:292008:0.133431
>vrail:292008:12.005173
>i7:292008:-0.035853
>i8:292008:0.126123
>seq:292008:13.000000
>i3:292208:0.151997
>i4:292208:0.157166
>i5:292208:0.165474
>vrail:292208:12.006042
>i7:292208:-0.012965
>i8:292208:0.161219
>seq:292208:44.000000
>i3:292408:0.123005
>i4:292408:0.131226
>i5:292408:0.121224
>vrail:292408:12.006912
>i7:292408:-0.003810
>i8:292408:0.126123
>seq:292408:75.000000
>i3:292608:0.155048
>i4:292608:0.157166
>i5:292608:0.165474
>vrail:292608:12.007782
>i7:292608:-0.029750
>i8:292608:0.158167
>seq:292608:105.000000
>i3:292808:0.156574
>i4:292808:0.155640
>i5:292808:0.159371
>vrail:292808:12.007782
>i7:292808:-0.000758
>i8:292808:0.138330
>seq:292808:136.000000
>i3:293008:0.155048
>i4:293008:0.163269
>i5:293008:0.170052
>vrail:293008:12.007782
>i7:293008:-0.026698
>i8:293008:0.156641
>seq:293008:166.000000
>i3:293208:0.319843
>i4:293208:0.323486
>i5:293208:0.330269
>vrail:293208:12.006912
>i7:293208:0.069432
>i8:293208:0.313807
>seq:293208:197.000000
>i3:293408:0.191669
>i4:293408:0.192261
>i5:293408:0.199044
>vrail:293408:12.006912
>i7:293408:0.000768
>i8:293408:0.194788
>seq:293408:227.000000
>i3:293608:0.176411
>i4:293608:0.181580
>i5:293608:0.182259
>vrail:293608:12.006912
>i7:293608:-0.006862
>i8:293608:0.171900
>seq:293608:2.000000
>i3:293808:0.156574
>i4:293808:0.152588
>i5:293808:0.163949
>vrail:293808:12.006912
>i7:293808:0.011449
>i8:293808:0.147486
>seq:293808:33.000000
>i3:294008:0.248127
>i4:294008:0.254822
>i5:294008:0.257027
>vrail:294008:12.006042
>i7:294008:0.048070
>i8:294008:0.249720
>seq:294008:63.000000
>i3:294208:0.283222
>i4:294208:0.286865
>i5:294208:0.279915
>vrail:294208:12.004303
>i7:294208:0.041966
>i8:294208:0.280237
>seq:294208:94.000000
>i3:294408:0.173359
>i4:294408:0.186157
>i5:294408:0.176156
>vrail:294408:12.004303
>i7:294408:-0.012965
>i8:294408:0.173426
>seq:294408:124.000000
>i3:294608:0.216084
>i4:294608:0.225830
>i5:294608:0.220406
>vrail:294608:12.004303
>i7:294608:-0.017543
>i8:294608:0.206995
>seq:294608:155.000000
>i3:294808:0.179462
>i4:294808:0.190735
>i5:294808:0.192940
>vrail:294808:12.004303
>i7:294808:-0.019069
>i8:294808:0.185633
>seq:294808:185.000000
>i3:295008:0.066547
>i4:295008:0.068665
>i5:295008:0.063241
>vrail:295008:12.004303
>i7:295008:-0.031276
>i8:295008:0.072718
>seq:295008:216.000000
>i3:295208:0.144367
>i4:295208:0.141907
>i5:295208:0.147164
>vrail:295208:12.004303
>i7:295208:-0.017543
>i8:295208:0.136805
>seq:295208:247.000000
>i3:295408:0.142841
>i4:295408:0.149536
>i5:295408:0.154793
>vrail:295408:12.005173
>i7:295408:0.002294
>i8:295408:0.144434
>seq:295408:22.000000
>i3:295608:0.080280
>i4:295608:0.088501
>i5:295608:0.096810
>vrail:295608:12.005173
>i7:295608:0.011449
>i8:295608:0.080347
>seq:295608:53.000000
>i3:295808:0.229816
>i4:295808:0.230408
>i5:295808:0.243294
>vrail:295808:12.005173
>i7:295808:0.000768
>i8:295808:0.232935
>seq:295808:83.000000
>i3:296008:0.191669
>i4:296008:0.202942
>i5:296008:0.203621
>vrail:296008:12.006042
>i7:296008:0.045018
>i8:296008:0.191736
>seq:296008:114.000000
>i3:296208:0.255756
>i4:296208:0.251770
>i5:296208:0.257027
>vrail:296208:12.006042
>i7:296208:0.008397
>i8:296208:0.248194
>seq:296208:144.000000
>i3:296408:0.147419
>i4:296408:0.143433
>i5:296408:0.167000
>vrail:296408:12.006912
>i7:296408:-0.028224
>i8:296408:0.149012
>seq:296408:175.000000
>i3:296608:0.150471
>i4:296608:0.158691
>i5:296608:0.167000
>vrail:296608:12.006912
>i7:296608:-0.005336
>i8:296608:0.156641
>seq:296608:205.000000
>i3:296808:0.106220
>i4:296808:0.108337
>i5:296808:0.115120
>vrail:296808:12.006912
>i7:296808:-0.006862
>i8:296808:0.116968
>seq:296808:236.000000
>i3:297008:0.246601
>i4:297008:0.248718
>i5:297008:0.249398
>vrail:297008:12.005173
>i7:297008:0.054173
>i8:297008:0.237513
>seq:297008:11.000000
>i3:297208:0.165730
>i4:297208:0.163269
>i5:297208:0.167000
>vrail:297208:12.005173
>i7:297208:-0.025172
>i8:297208:0.158167
>seq:297208:41.000000
>i3:297408:0.184040
>i4:297408:0.196838
>i5:297408:0.194466
>vrail:297408:12.004303
>i7:297408:0.003819
>i8:297408:0.176477
>seq:297408:72.000000
>i3:297608:0.249653
>i4:297608:0.256348
>i5:297608:0.267708
>vrail:297608:12.005173
>i7:297608:0.035863
>i8:297608:0.254297
>seq:297608:102.000000
>i3:297808:0.203876
>i4:297808:0.219727
>i5:297808:0.217354
>vrail:297808:12.005173
>i7:297808:0.019078
>i8:297808:0.200891
>seq:297808:133.000000
>i3:298008:0.240498
>i4:298008:0.242615
>i5:298008:0.250924
>vrail:298008:12.005173
>i7:298008:0.072484
>i8:298008:0.239038
>seq:298008:163.000000
>i3:298208:0.347309
>i4:298208:0.349426
>i5:298208:0.354683
>vrail:298208:12.005173
>i7:298208:0.041966
>i8:298208:0.345850
>seq:298208:194.000000
>i3:298408:0.245075
>i4:298408:0.250244
>i5:298408:0.249398
>vrail:298408:12.005173
>i7:298408:0.032811
>i8:298408:0.243616
>seq:298408:225.000000
>i3:298608:0.156574
>i4:298608:0.154114
>i5:298608:0.163949
>vrail:298608:12.005173
>i7:298608:0.006871
>i8:298608:0.153589
>seq:298608:0.000000
>i3:298808:0.127583
>i4:298808:0.140381
>i5:298808:0.142586
>vrail:298808:12.006042
>i7:298808:-0.052638
>i8:298808:0.139856
>seq:298808:31.000000
>i3:299008:0.232868
>i4:299008:0.239563
>i5:299008:0.237191
>vrail:299008:12.006042
>i7:299008:0.041966
>i8:299008:0.234461
>seq:299008:61.000000
>i3:299208:0.129108
>i4:299208:0.125122
>i5:299208:0.136483
>vrail:299208:12.006042
>i7:299208:-0.031276
>i8:299208:0.124598
>seq:299208:92.000000
>i3:299408:0.151997
>i4:299408:0.152588
>i5:299408:0.162423
>vrail:299408:12.006042
>i7:299408:-0.025172
>i8:299408:0.147486
>seq:299408:122.000000
>i3:299608:0.138264
>i4:299608:0.144958
>i5:299608:0.151742
>vrail:299608:12.006912
>i7:299608:-0.022120
>i8:299608:0.142908
>seq:299608:153.000000
>i3:299808:0.202351
>i4:299808:0.210571
>i5:299808:0.218880
>vrail:299808:12.006042
>i7:299808:0.016026
>i8:299808:0.213099
>seq:299808:183.000000
>i3:300008:0.328999
>i4:300008:0.329590
>i5:300008:0.344002
>vrail:300008:12.004303
>i7:300008:0.049596
>i8:300008:0.315332
>seq:300008:214.000000
>i3:300208:0.193195
>i4:300208:0.201416
>i5:300208:0.197518
>vrail:300208:12.004303
>i7:300208:0.009923
>i8:300208:0.194788
>seq:300208:245.000000
>i3:300408:0.171833
>i4:300408:0.167847
>i5:300408:0.176156
>vrail:300408:12.004303
>i7:300408:-0.022120
>i8:300408:0.164270
>seq:300408:19.000000
>i3:300608:0.167255
>i4:300608:0.161743
>i5:300608:0.171578
>vrail:300608:12.004303
>i7:300608:-0.006862
>i8:300608:0.159693
>seq:300608:50.000000
>i3:300808:0.159626
>i4:300808:0.166321
>i5:300808:0.173104
>vrail:300808:12.004303
>i7:300808:-0.009913
>i8:300808:0.156641
>seq:300808:80.000000
>i3:301008:0.184040
>i4:301008:0.193787
>i5:301008:0.195992
>vrail:301008:12.005173
>i7:301008:-0.016017
>i8:301008:0.185633
>seq:301008:111.000000
>i3:301208:0.170307
>i4:301208:0.173950
>i5:301208:0.183785
>vrail:301208:12.005173
>i7:301208:0.009923
>i8:301208:0.168848
>seq:301208:141.000000
>i3:301408:0.161152
>i4:301408:0.178528
>i5:301408:0.176156
>vrail:301408:12.004303
>i7:301408:-0.022120
>i8:301408:0.161219
>seq:301408:172.000000
>i3:301608:0.187092
>i4:301608:0.190735
>i5:301608:0.197518
>vrail:301608:12.004303
>i7:301608:-0.006862
>i8:301608:0.187159
>seq:301608:203.000000
>i3:301808:0.196247
>i4:301808:0.201416
>i5:301808:0.215828
>vrail:301808:12.005173
>i7:301808:0.009923
>i8:301808:0.200891
>seq:301808:234.000000
>i3:302008:0.173359
>i4:302008:0.177002
>i5:302008:0.182259
>vrail:302008:12.005173
>i7:302008:-0.003810
>i8:302008:0.173426
>seq:302008:9.000000
>i3:302208:0.223713
>i4:302208:0.228882
>i5:302208:0.249398
>vrail:302208:12.006042
>i7:302208:0.014501
>i8:302208:0.222254
>seq:302208:39.000000
>i3:302408:0.238972
>i4:302408:0.245667
>i5:302408:0.250924
>vrail:302408:12.006042
>i7:302408:0.031285
>i8:302408:0.237513
>seq:302408:70.000000
>i3:302608:0.225239
>i4:302608:0.225830
>i5:302608:0.232613
>vrail:302608:12.005173
>i7:302608:0.032811
>i8:302608:0.219202
>seq:302608:100.000000
>i3:302808:0.274067
>i4:302808:0.283813
>i5:302808:0.270760
>vrail:302808:12.005173
>i7:302808:0.067906
>i8:302808:0.261927
>seq:302808:131.000000
>i3:303008:0.126057
>i4:303008:0.128174
>i5:303008:0.133431
>vrail:303008:12.005173
>i7:303008:-0.041957
>i8:303008:0.116968
>seq:303008:161.000000
>i3:303208:0.151997
>i4:303208:0.146484
>i5:303208:0.162423
>vrail:303208:12.005173
>i7:303208:-0.041957
>i8:303208:0.142908
>seq:303208:192.000000
>i3:303408:0.129108
>i4:303408:0.125122
>i5:303408:0.131905
>vrail:303408:12.005173
>i7:303408:-0.041957
>i8:303408:0.121546
>seq:303408:223.000000
>i3:303608:0.220661
>i4:303608:0.233459
>i5:303608:0.226510
>vrail:303608:12.003433
>i7:303608:0.043492
>i8:303608:0.222254
>seq:303608:253.000000
>i3:303808:0.255756
>i4:303808:0.250244
>i5:303808:0.261605
>vrail:303808:12.003433
>i7:303808:0.037389
>i8:303808:0.261927
>seq:303808:28.000000
>i3:304008:0.188618
>i4:304008:0.189209
>i5:304008:0.195992
>vrail:304008:12.003433
>i7:304008:-0.014491
>i8:304008:0.179529
>seq:304008:58.000000
>i3:304208:0.209980
>i4:304208:0.212097
>i5:304208:0.218880
>vrail:304208:12.003433
>i7:304208:0.003819
>i8:304208:0.199366
>seq:304208:89.000000
>i3:304408:0.167255
>i4:304408:0.164795
>i5:304408:0.168526
>vrail:304408:12.002563
>i7:304408:0.006871
>i8:304408:0.165796
>seq:304408:119.000000
>i3:304608:0.104694
>i4:304608:0.108337
>i5:304608:0.107491
>vrail:304608:12.002563
>i7:304608:0.000768
>i8:304608:0.098658
>seq:304608:150.000000
>i3:304808:0.199299
>i4:304808:0.212097
>i5:304808:0.218880
>vrail:304808:12.002563
>i7:304808:0.022130
>i8:304808:0.203943
>seq:304808:181.000000
>i3:305008:0.123005
>i4:305008:0.128174
>i5:305008:0.131905
>vrail:305008:12.002563
>i7:305008:-0.022120
>i8:305008:0.116968
>seq:305008:212.000000
>i3:305208:0.132160
>i4:305208:0.137329
>i5:305208:0.142586
>vrail:305208:12.002563
>i7:305208:-0.041957
>i8:305208:0.132227
>seq:305208:243.000000
>i3:305408:0.127583
>i4:305408:0.123596
>i5:305408:0.138009
>vrail:305408:12.004303
>i7:305408:-0.043483
>i8:305408:0.123072
>seq:305408:17.000000
>i3:305608:0.226765
>i4:305608:0.234985
>i5:305608:0.240242
>vrail:305608:12.004303
>i7:305608:0.026708
>i8:305608:0.237513
>seq:305608:48.000000
>i3:305808:0.298481
>i4:305808:0.296021
>i5:305808:0.301278
>vrail:305808:12.004303
>i7:305808:0.037389
>i8:305808:0.284815
>seq:305808:78.000000
>i3:306008:0.216084
>i4:306008:0.218201
>i5:306008:0.224984
>vrail:306008:12.004303
>i7:306008:-0.005336
>i8:306008:0.205469
>seq:306008:109.000000
>i3:306208:0.216084
>i4:306208:0.221252
>i5:306208:0.226510
>vrail:306208:12.004303
>i7:306208:0.020604
>i8:306208:0.213099
>seq:306208:139.000000
>i3:306408:0.206928
>i4:306408:0.199890
>i5:306408:0.212777
>vrail:306408:12.002563
>i7:306408:-0.000758
>i8:306408:0.194788
>seq:306408:170.000000
>i3:306608:0.173359
>i4:306608:0.183105
>i5:306608:0.188363
>vrail:306608:12.002563
>i7:306608:0.006871
>i8:306608:0.174952
>seq:306608:201.000000
>i3:306808:0.209980
>i4:306808:0.215149
>i5:306808:0.221932
>vrail:306808:12.002563
>i7:306808:-0.000758
>i8:306808:0.211573
>seq:306808:231.000000
>i3:307008:0.170307
>i4:307008:0.175476
>i5:307008:0.176156
>vrail:307008:12.002563
>i7:307008:-0.012965
>i8:307008:0.178003
>seq:307008:6.000000
>i3:307208:0.139790
>i4:307208:0.146484
>i5:307208:0.150216
>vrail:307208:12.003433
>i7:307208:-0.022120
>i8:307208:0.139856
>seq:307208:36.000000
>i3:307408:0.170307
>i4:307408:0.170898
>i5:307408:0.171578
>vrail:307408:12.003433
>i7:307408:-0.000758
>i8:307408:0.162745
>seq:307408:67.000000
>i3:307608:0.240498
>i4:307608:0.242615
>i5:307608:0.247872
>vrail:307608:12.003433
>i7:307608:0.016026
>i8:307608:0.235987
>seq:307608:97.000000
>i3:307808:0.208454
>i4:307808:0.201416
>i5:307808:0.208199
>vrail:307808:12.003433
>i7:307808:-0.014491
>i8:307808:0.202417
>seq:307808:128.000000
>i3:308008:0.219135
>i4:308008:0.213623
>i5:308008:0.228035
>vrail:308008:12.003433
>i7:308008:0.028234
>i8:308008:0.213099
>seq:308008:159.000000
>i3:308208:0.193195
>i4:308208:0.198364
>i5:308208:0.199044
>vrail:308208:12.002563
>i7:308208:-0.009913
>i8:308208:0.190210
>seq:308208:190.000000
>i3:308408:0.219135
>i4:308408:0.219727
>i5:308408:0.221932
>vrail:308408:12.002563
>i7:308408:0.012975
>i8:308408:0.216150
>seq:308408:221.000000
>i3:308608:0.203876
>i4:308608:0.216675
>i5:308608:0.215828
>vrail:308608:12.002563
>i7:308608:0.035863
>i8:308608:0.200891
>seq:308608:251.000000
>i3:308808:0.199299
>i4:308808:0.196838
>i5:308808:0.191414
>vrail:308808:12.001694
>i7:308808:-0.005336
>i8:308808:0.188684
>seq:308808:26.000000
>i3:309008:0.187092
>i4:309008:0.213623
>i5:309008:0.206673
>vrail:309008:12.001694
>i7:309008:-0.009913
>i8:309008:0.194788
>seq:309008:56.000000
>i3:309208:0.217609
>i4:309208:0.239563
>i5:309208:0.235665
>vrail:309208:12.001694
>i7:309208:-0.014491
>i8:309208:0.223780
>seq:309208:87.000000
>i3:309408:0.260334
>i4:309408:0.277710
>i5:309408:0.281441
>vrail:309408:12.001694
>i7:309408:0.006871
>i8:309408:0.263453
>seq:309408:117.000000
>i3:309608:0.174885
>i4:309608:0.178528
>i5:309608:0.183785
>vrail:309608:12.000824
>i7:309608:0.051122
>i8:309608:0.162745
>seq:309608:148.000000
>i3:309808:0.174885
>i4:309808:0.177002
>i5:309808:0.177681
>vrail:309808:12.000824
>i7:309808:-0.026698
>i8:309808:0.170374
>seq:309808:179.000000
>i3:310008:0.188618
>i4:310008:0.184631
>i5:310008:0.197518
>vrail:310008:12.000824
>i7:310008:-0.019069
>i8:310008:0.182581
>seq:310008:209.000000
>i3:310208:0.235920
>i4:310208:0.234985
>i5:310208:0.234139
>vrail:310208:12.000824
>i7:310208:0.009923
>i8:310208:0.222254
>seq:310208:240.000000
>i3:310408:0.180988
>i4:310408:0.178528
>i5:310408:0.200570
>vrail:310408:12.000824
>i7:310408:-0.014491
>i8:310408:0.185633
>seq:310408:14.000000
>i3:310608:0.292377
>i4:310608:0.289917
>i5:310608:0.305855
>vrail:310608:12.000824
>i7:310608:0.090795
>i8:310608:0.287867
>seq:310608:45.000000
>i3:310808:0.180988
>i4:310808:0.192261
>i5:310808:0.189888
>vrail:310808:12.001694
>i7:310808:-0.003810
>i8:310808:0.171900
>seq:310808:75.000000
>i3:311008:0.168781
>i4:311008:0.170898
>i5:311008:0.176156
>vrail:311008:12.001694
>i7:311008:-0.009913
>i8:311008:0.167322
>seq:311008:106.000000
>i3:311208:0.193195
>i4:311208:0.207520
>i5:311208:0.205147
>vrail:311208:12.001694
>i7:311208:0.022130
>i8:311208:0.188684
>seq:311208:137.000000
>i3:311408:0.245075
>i4:311408:0.248718
>i5:311408:0.243294
>vrail:311408:11.999954
>i7:311408:0.026708
>i8:311408:0.249720
>seq:311408:168.000000
>i3:311608:0.356464
>i4:311608:0.360107
>i5:311608:0.351632
>vrail:311608:11.999954
>i7:311608:0.052648
>i8:311608:0.350428
>seq:311608:199.000000
>i3:311808:0.208454
>i4:311808:0.212097
>i5:311808:0.214303
>vrail:311808:11.999954
>i7:311808:-0.038905
>i8:311808:0.205469
>seq:311808:229.000000
>i3:312008:0.217609
>i4:312008:0.209045
>i5:312008:0.214303
>vrail:312008:11.999954
>i7:312008:-0.038905
>i8:312008:0.202417
>seq:312008:4.000000
>i3:312208:0.202351
>i4:312208:0.205994
>i5:312208:0.208199
>vrail:312208:11.999954
>i7:312208:-0.031276
>i8:312208:0.202417
>seq:312208:34.000000
>i3:312408:0.205402
>i4:312408:0.216675
>i5:312408:0.211251
>vrail:312408:12.001694
>i7:312408:0.005345
>i8:312408:0.205469
>seq:312408:65.000000
>i3:312608:0.350361
>i4:312608:0.361633
>i5:312608:0.357735
>vrail:312608:12.001694
>i7:312608:0.011449
>i8:312608:0.342798
>seq:312608:95.000000
>i3:312808:0.235920
>i4:312808:0.248718
>i5:312808:0.249398
>vrail:312808:12.000824
>i7:312808:0.020604
>i8:312808:0.237513
>seq:312808:126.000000
>i3:313008:0.271015
>i4:313008:0.283813
>i5:313008:0.284493
>vrail:313008:12.000824
>i7:313008:0.006871
>i8:313008:0.260401
>seq:313008:157.000000
>i3:313208:0.232868
>i4:313208:0.238037
>i5:313208:0.243294
>vrail:313208:12.000824
>i7:313208:0.009923
>i8:313208:0.228357
>seq:313208:187.000000
>i3:313408:0.177937
>i4:313408:0.181580
>i5:313408:0.180733
>vrail:313408:12.000824
>i7:313408:0.011449
>i8:313408:0.165796
>seq:313408:219.000000
>i3:313608:0.242023
>i4:313608:0.242615
>i5:313608:0.241768
>vrail:313608:12.001694
>i7:313608:-0.025172
>i8:313608:0.237513
>seq:313608:249.000000
>i3:313808:0.196247
>i4:313808:0.195312
>i5:313808:0.200570
>vrail:313808:12.001694
>i7:313808:-0.040431
>i8:313808:0.184107
>seq:313808:24.000000
>i3:314008:0.180988
>i4:314008:0.193787
>i5:314008:0.191414
>vrail:314008:12.006042
>i7:314008:-0.052638
>i8:314008:0.178003
>seq:314008:54.000000
>i3:314208:0.148945
>i4:314208:0.155640
>i5:314208:0.163949
>vrail:314208:12.006042
>i7:314208:-0.026698
>i8:314208:0.152063
>seq:314208:85.000000
>i3:314408:0.214558
>i4:314408:0.241089
>i5:314408:0.240242
>vrail:314408:12.006042
>i7:314408:0.019078
>i8:314408:0.226831
>seq:314408:115.000000
>i3:314608:0.173359
>i4:314608:0.183105
>i5:314608:0.192940
>vrail:314608:12.006042
>i7:314608:-0.016017
>i8:314608:0.179529
>seq:314608:146.000000
>i3:314808:0.206928
>i4:314808:0.213623
>i5:314808:0.217354
>vrail:314808:12.004303
>i7:314808:0.009923
>i8:314808:0.202417
>seq:314808:177.000000
>i3:315008:0.193195
>i4:315008:0.196838
>i5:315008:0.199044
>vrail:315008:12.004303
>i7:315008:0.000768
>i8:315008:0.191736
>seq:315008:207.000000
>i3:315208:0.161152
>i4:315208:0.160217
>i5:315208:0.173104
>vrail:315208:12.004303
>i7:315208:-0.008388
>i8:315208:0.153589
>seq:315208:238.000000
>i3:315408:0.312214
>i4:315408:0.320435
>i5:315408:0.319588
>vrail:315408:12.003433
>i7:315408:0.084691
>i8:315408:0.303125
>seq:315408:12.000000
>i3:315608:0.213032
>i4:315608:0.225830
>i5:315608:0.229561
>vrail:315608:12.003433
>i7:315608:-0.006862
>i8:315608:0.216150
>seq:315608:43.000000
>i3:315808:0.185566
>i4:315808:0.178528
>i5:315808:0.194466
>vrail:315808:12.004303
>i7:315808:-0.025172
>i8:315808:0.184107
>seq:315808:73.000000
>i3:316008:0.188618
>i4:316008:0.181580
>i5:316008:0.188363
>vrail:316008:12.005173
>i7:316008:-0.029750
>i8:316008:0.168848
>seq:316008:104.000000
>i3:316208:0.180988
>i4:316208:0.175476
>i5:316208:0.189888
>vrail:316208:12.005173
>i7:316208:-0.038905
>i8:316208:0.176477
>seq:316208:135.000000
>i3:316408:0.216084
>i4:316408:0.202942
>i5:316408:0.224984
>vrail:316408:12.006042
>i7:316408:0.012975
>i8:316408:0.208521
>seq:316408:165.000000
>i3:316608:0.174885
>i4:316608:0.183105
>i5:316608:0.182259
>vrail:316608:12.007782
>i7:316608:-0.017543
>i8:316608:0.184107
>seq:316608:196.000000
>i3:316808:0.148945
>i4:316808:0.146484
>i5:316808:0.148690
>vrail:316808:12.006912
>i7:316808:-0.012965
>i8:316808:0.152063
>seq:316808:226.000000
>i3:317008:0.190144
>i4:317008:0.190735
>i5:317008:0.206673
>vrail:317008:12.006912
>i7:317008:0.000768
>i8:317008:0.191736
>seq:317008:1.000000
>i3:317208:0.167255
>i4:317208:0.161743
>i5:317208:0.174630
>vrail:317208:12.006042
>i7:317208:0.031285
>i8:317208:0.168848
>seq:317208:31.000000
>i3:317408:0.217609
>i4:317408:0.227356
>i5:317408:0.226510
>vrail:317408:12.006042
>i7:317408:0.054173
>i8:317408:0.219202
>seq:317408:62.000000
>i3:317608:0.147419
>i4:317608:0.166321
>i5:317608:0.159371
>vrail:317608:12.006042
>i7:317608:-0.002284
>i8:317608:0.159693
>seq:317608:93.000000
>i3:317808:0.158100
>i4:317808:0.154114
>i5:317808:0.165474
>vrail:317808:12.005173
>i7:317808:-0.020595
>i8:317808:0.155115
>seq:317808:124.000000
>i3:318008:0.061970
>i4:318008:0.064087
>i5:318008:0.060189
>vrail:318008:12.005173
>i7:318008:-0.011439
>i8:318008:0.051355
>seq:318008:155.000000
>i3:318208:0.203876
>i4:318208:0.199890
>i5:318208:0.208199
>vrail:318208:12.009521
>i7:318208:-0.035853
>i8:318208:0.194788
>seq:318208:185.000000
>i3:318408:0.287800
>i4:318408:0.294495
>i5:318408:0.299752
>vrail:318408:12.009521
>i7:318408:-0.025172
>i8:318408:0.287867
>seq:318408:216.000000
>i3:318608:0.213032
>i4:318608:0.228882
>i5:318608:0.221932
>vrail:318608:12.009521
>i7:318608:-0.012965
>i8:318608:0.202417
>seq:318608:246.000000
>i3:318808:0.258808
>i4:318808:0.257874
>i5:318808:0.272286
>vrail:318808:12.010391
>i7:318808:0.011449
>i8:318808:0.254297
>seq:318808:21.000000
>i3:319008:0.190144
>i4:319008:0.192261
>i5:319008:0.199044
>vrail:319008:12.010391
>i7:319008:-0.016017
>i8:319008:0.185633
>seq:319008:51.000000
>i3:319208:0.202351
>i4:319208:0.212097
>i5:319208:0.203621
>vrail:319208:12.010391
>i7:319208:-0.000758
>i8:319208:0.206995
>seq:319208:82.000000
>i3:319408:0.206928
>i4:319408:0.219727
>i5:319408:0.215828
>vrail:319408:12.010391
>i7:319408:0.000768
>i8:319408:0.208521
>seq:319408:113.000000
>i3:319608:0.286274
>i4:319608:0.297546
>i5:319608:0.293648
>vrail:319608:12.010391
>i7:319608:0.040441
>i8:319608:0.289392
>seq:319608:143.000000
>i3:319808:0.391560
>i4:319808:0.398254
>i5:319808:0.420296
>vrail:319808:12.011261
>i7:319808:-0.003810
>i8:319808:0.388575
>seq:319808:174.000000
>i3:320008:0.342731
>i4:320008:0.357056
>i5:320008:0.357735
>vrail:320008:12.011261
>i7:320008:0.002294
>i8:320008:0.335169
>seq:320008:204.000000
>i3:320208:0.376301
>i4:320208:0.378418
>i5:320208:0.389779
>vrail:320208:12.011261
>i7:320208:0.022130
>i8:320208:0.367212
>seq:320208:235.000000
>i3:320408:2.250080
>i4:320408:2.323914
>i5:320408:2.382576
>vrail:320408:12.006042
>i7:320408:0.017552
>i8:320408:2.222681
>seq:320408:9.000000
>i3:320608:0.643330
>i4:320608:0.701904
>i5:320608:0.658333
>vrail:320608:12.005173
>i7:320608:-0.002284
>i8:320608:0.623560
>seq:320608:40.000000
>i3:320808:2.677326
>i4:320808:2.760315
>i5:320808:2.814400
>vrail:320808:12.001694
>i7:320808:-0.029750
>i8:320808:2.631617
>seq:320808:71.000000
>i3:321008:3.090839
>i4:321008:3.187561
>i5:321008:3.243172
>vrail:321008:11.990387
>i7:321008:0.006871
>i8:321008:3.049707
>seq:321008:102.000000
>i3:321208:3.290730
>i4:321208:3.379822
>i5:321208:3.456795
>vrail:321208:11.989517
>i7:321208:0.046544
>i8:321208:3.232813
>seq:321208:133.000000
>i3:321408:3.853779
>i4:321408:3.970337
>i5:321408:4.056466
>vrail:321408:11.987778
>i7:321408:-0.000758
>i8:321408:3.786707
>seq:321408:163.000000
>i3:321608:4.169636
>i4:321608:4.289246
>i5:321608:4.389107
>vrail:321608:11.986908
>i7:321608:0.008397
>i8:321608:4.088831
>seq:321608:194.000000
>i3:321808:4.305439
>i4:321808:4.434204
>i5:321808:4.531014
>vrail:321808:11.983429
>i7:321808:0.037389
>i8:321808:4.226160
>seq:321808:224.000000
>i3:322008:2.962666
>i4:322008:3.033447
>i5:322008:3.121102
>vrail:322008:11.983429
>i7:322008:-0.032802
>i8:322008:2.913904
>seq:322008:255.000000
>i3:322208:3.098469
>i4:322208:3.144836
>i5:322208:3.224862
>vrail:322208:11.983429
>i7:322208:0.034337
>i8:322208:3.016138
>seq:322208:29.000000
>i3:322408:1.099567
>i4:322408:1.121521
>i5:322408:1.180184
>vrail:322408:11.993866
>i7:322408:-0.012965
>i8:322408:1.117945
>seq:322408:60.000000
>i3:322608:4.438190
>i4:322608:4.579163
>i5:322608:4.675972
>vrail:322608:11.993866
>i7:322608:-0.022120
>i8:322608:4.348230
>seq:322608:91.000000
>i3:322808:3.087788
>i4:322808:3.117371
>i5:322808:3.269112
>vrail:322808:11.993866
>i7:322808:-0.011439
>i8:322808:3.051233
>seq:322808:122.000000
>i3:323008:4.477863
>i4:323008:4.638672
>i5:323008:4.720223
>vrail:323008:11.993866
>i7:323008:-0.003810
>i8:323008:4.403162
>seq:323008:153.000000
>i3:323208:3.452473
>i4:323208:3.504944
>i5:323208:3.607857
>vrail:323208:11.993866
>i7:323208:0.069432
>i8:323208:3.376245
>seq:323208:183.000000
>i3:323408:3.316669
>i4:323408:3.372192
>i5:323408:3.473580
>vrail:323408:11.993866
>i7:323408:-0.005336
>i8:323408:3.249598
>seq:323408:214.000000
>i3:323608:4.493122
>i4:323608:4.624939
>i5:323608:4.723275
>vrail:323608:11.993866
>i7:323608:-0.009913
>i8:323608:4.409266
>seq:323608:244.000000
>i3:323808:4.331379
>i4:323808:4.469299
>i5:323808:4.556954
>vrail:323808:11.976471
>i7:323808:0.002294
>i8:323808:4.252100
>seq:323808:19.000000
>i3:324008:4.583149
>i4:324008:4.710388
>i5:324008:4.813302
>vrail:324008:11.976471
>i7:324008:-0.023646
>i8:324008:4.487085
>seq:324008:49.000000
>i3:324208:1.047688
>i4:324208:1.051331
>i5:324208:1.077950
>vrail:324208:11.976471
>i7:324208:-0.000758
>i8:324208:1.030970
>seq:324208:80.000000
>i3:324408:5.170612
>i4:324408:5.271912
>i5:324408:5.507576
>vrail:324408:11.976471
>i7:324408:-0.022120
>i8:324408:5.135584
>seq:324408:111.000000
>i3:324608:4.874592
>i4:324608:5.027771
>i5:324608:5.116951
>vrail:324608:11.976471
>i7:324608:-0.019069
>i8:324608:4.766321
>seq:324608:141.000000

===BURST_CSV_BEGIN===
# fastburst: 2048 frames @ 100.00 kSPS native (measured), 0 seq-gaps, 0 bad-hdr; us = idx x 10.000 us
us,seq,i3,i4,i5,vrail,i7,i8
0.0,210,4.4336,4.5792,4.6744,11.9791,-0.0252,4.3559
10.0,211,4.4443,4.5853,4.6897,11.9791,-0.0252,4.3696
20.0,212,4.4565,4.5914,4.6958,11.9791,-0.0252,4.3818
30.0,213,4.4702,4.6036,4.7019,11.9782,-0.0267,4.3910
40.0,214,4.4824,4.6204,4.7126,11.9799,-0.0236,4.4032
50.0,215,4.4916,4.6265,4.7263,11.9799,-0.0236,4.4138
60.0,216,4.4916,4.6326,4.7324,11.9782,-0.0236,4.4184
70.0,217,4.4962,4.6356,4.7324,11.9782,-0.0236,4.4199
80.0,218,4.5084,4.6387,4.7324,11.9782,-0.0221,4.4184
90.0,219,4.5099,4.6356,4.7324,11.9782,-0.0206,4.4230
100.0,220,4.5084,4.6417,4.7370,11.9773,-0.0206,4.4245
110.0,221,4.5114,4.6448,4.7477,11.9791,-0.0191,4.4306
120.0,222,4.5160,4.6585,4.7523,11.9782,-0.0206,4.4383
130.0,223,4.5206,4.6677,4.7553,11.9782,-0.0206,4.4489
140.0,224,4.5221,4.6738,4.7584,11.9782,-0.0175,4.4489
150.0,225,4.5206,4.6738,4.7568,11.9782,-0.0191,4.4398
160.0,226,4.5114,4.6570,4.7446,11.9782,-0.0160,4.4276
170.0,227,4.4962,4.6341,4.7263,11.9791,-0.0191,4.4093
180.0,228,4.4718,4.6173,4.6989,11.9782,-0.0160,4.3910
190.0,229,4.4519,4.5959,4.6714,11.9791,-0.0160,4.3665
200.0,230,4.4321,4.5731,4.6500,11.9791,-0.0130,4.3421
210.0,231,4.4092,4.5441,4.6256,11.9773,-0.0145,4.3192
220.0,232,4.3878,4.5227,4.6119,11.9782,-0.0145,4.2994
230.0,233,4.3726,4.5090,4.5951,11.9782,-0.0160,4.2887
240.0,234,4.3634,4.4983,4.5798,11.9791,-0.0145,4.2780
250.0,235,4.3588,4.4907,4.5722,11.9782,-0.0145,4.2750
260.0,236,4.3558,4.4846,4.5722,11.9791,-0.0130,4.2811
270.0,237,4.3512,4.4815,4.5737,11.9791,-0.0114,4.2811
280.0,238,4.3527,4.4830,4.5783,11.9791,-0.0084,4.2826
290.0,239,4.3512,4.4846,4.5737,11.9782,-0.0114,4.2765
300.0,240,4.3558,4.4846,4.5753,11.9791,-0.0099,4.2719
310.0,241,4.3573,4.4830,4.5783,11.9791,-0.0099,4.2735
320.0,242,4.3558,4.4891,4.5875,11.9782,-0.0130,4.2780
330.0,243,4.3634,4.4876,4.5936,11.9773,-0.0099,4.2826
340.0,244,4.3665,4.4846,4.5920,11.9782,-0.0099,4.2826
350.0,245,4.3665,4.4830,4.5905,11.9773,-0.0114,4.2872
360.0,246,4.3619,4.4861,4.5859,11.9782,-0.0099,4.2887
370.0,247,4.3588,4.4861,4.5798,11.9782,-0.0114,4.2857
380.0,248,4.3588,4.4846,4.5798,11.9791,-0.0099,4.2796
390.0,249,4.3588,4.4861,4.5768,11.9782,-0.0114,4.2719
400.0,250,4.3573,4.4861,4.5707,11.9773,-0.0099,4.2750
410.0,251,4.3588,4.4876,4.5737,11.9782,-0.0084,4.2826
420.0,252,4.3726,4.4968,4.5829,11.9782,-0.0099,4.2902
430.0,253,4.3833,4.5090,4.6043,11.9782,-0.0099,4.2979
440.0,254,4.3970,4.5227,4.6287,11.9791,-0.0099,4.3162
450.0,255,4.4107,4.5441,4.6485,11.9782,-0.0084,4.3345
460.0,0,4.4290,4.5609,4.6622,11.9782,-0.0084,4.3513
470.0,1,4.4412,4.5685,4.6729,11.9782,-0.0099,4.3604
480.0,2,4.4504,4.5731,4.6867,11.9782,-0.0084,4.3711
490.0,3,4.4641,4.5776,4.6973,11.9782,-0.0099,4.3803
500.0,4,4.4763,4.5898,4.7034,11.9791,-0.0084,4.3894
510.0,5,4.4824,4.5990,4.7080,11.9782,-0.0069,4.3925
520.0,6,4.4870,4.6097,4.7065,11.9765,-0.0053,4.3955
530.0,7,4.4840,4.6188,4.7080,11.9765,-0.0053,4.3971
540.0,8,4.4885,4.6219,4.7080,11.9765,-0.0053,4.4016
550.0,9,4.4809,4.6219,4.6973,11.9782,-0.0053,4.4001
560.0,10,4.4718,4.6188,4.6943,11.9782,-0.0023,4.4016
570.0,11,4.4657,4.6188,4.6897,11.9782,-0.0038,4.3955
580.0,12,4.4550,4.6112,4.6821,11.9782,-0.0023,4.3757
590.0,13,4.4397,4.5914,4.6699,11.9782,-0.0008,4.3543
600.0,14,4.4245,4.5639,4.6500,11.9773,0.0023,4.3406
610.0,15,4.4092,4.5471,4.6363,11.9773,0.0008,4.3284
620.0,16,4.4061,4.5380,4.6332,11.9773,0.0008,4.3238
630.0,17,4.4016,4.5349,4.6271,11.9773,0.0023,4.3269
640.0,18,4.4077,4.5380,4.6332,11.9765,0.0023,4.3314
650.0,19,4.4092,4.5425,4.6378,11.9782,0.0038,4.3345
660.0,20,4.4107,4.5456,4.6455,11.9782,0.0038,4.3330
670.0,21,4.4153,4.5486,4.6485,11.9782,0.0053,4.3299
680.0,22,4.4107,4.5471,4.6455,11.9782,0.0053,4.3299
690.0,23,4.4061,4.5441,4.6363,11.9782,0.0053,4.3330
700.0,24,4.4061,4.5395,4.6302,11.9773,0.0053,4.3284
710.0,25,4.4031,4.5288,4.6241,11.9773,0.0053,4.3223
720.0,26,4.3939,4.5227,4.6195,11.9773,0.0053,4.3116
730.0,27,4.3833,4.5212,4.6088,11.9773,0.0053,4.3025
740.0,28,4.3756,4.5135,4.6027,11.9765,0.0023,4.2933
750.0,29,4.3711,4.5029,4.5936,11.9765,0.0023,4.2902
760.0,30,4.3695,4.4998,4.5859,11.9765,0.0023,4.2857
770.0,31,4.3665,4.4937,4.5798,11.9765,0.0008,4.2826
780.0,32,4.3680,4.4922,4.5798,11.9773,0.0008,4.2811
790.0,33,4.3665,4.4952,4.5875,11.9773,-0.0023,4.2796
800.0,34,4.3680,4.4937,4.5905,11.9773,-0.0038,4.2780
810.0,35,4.3680,4.4952,4.5890,11.9773,-0.0038,4.2780
820.0,36,4.3649,4.4968,4.5890,11.9765,-0.0053,4.2750
830.0,37,4.3634,4.4983,4.5875,11.9773,-0.0069,4.2719
840.0,38,4.3634,4.4998,4.5920,11.9773,-0.0069,4.2750
850.0,39,4.3680,4.5074,4.6012,11.9782,-0.0084,4.2841
860.0,40,4.3802,4.5212,4.6134,11.9765,-0.0069,4.2918
870.0,41,4.3939,4.5303,4.6256,11.9765,-0.0099,4.3070
880.0,42,4.4092,4.5395,4.6363,11.9765,-0.0053,4.3192
890.0,43,4.4214,4.5486,4.6485,11.9773,-0.0038,4.3314
900.0,44,4.4306,4.5624,4.6607,11.9765,-0.0038,4.3452
910.0,45,4.4443,4.5761,4.6699,11.9773,-0.0038,4.3650
920.0,46,4.4534,4.5853,4.6790,11.9765,-0.0008,4.3803
930.0,47,4.4672,4.5929,4.6943,11.9765,0.0023,4.3879
940.0,48,4.4748,4.5990,4.7111,11.9765,0.0038,4.3955
950.0,49,4.4809,4.6082,4.7233,11.9782,0.0069,4.4032
960.0,50,4.4855,4.6234,4.7279,11.9756,0.0084,4.4154
970.0,51,4.4946,4.6402,4.7355,11.9773,0.0099,4.4245
980.0,52,4.5053,4.6432,4.7401,11.9765,0.0145,4.4306
990.0,53,4.5069,4.6448,4.7401,11.9765,0.0160,4.4291
1000.0,54,4.5099,4.6402,4.7370,11.9765,0.0176,4.4291
1010.0,55,4.5114,4.6387,4.7355,11.9765,0.0206,4.4261
1020.0,56,4.5160,4.6326,4.7309,11.9773,0.0237,4.4276
1030.0,57,4.5145,4.6265,4.7217,11.9782,0.0267,4.4230
1040.0,58,4.5023,4.6249,4.7126,11.9765,0.0282,4.4093
1050.0,59,4.4901,4.6265,4.7065,11.9765,0.0313,4.3971
1060.0,60,4.4748,4.6143,4.7004,11.9773,0.0328,4.3864
1070.0,61,4.4611,4.6005,4.6897,11.9773,0.0359,4.3803
1080.0,62,4.4550,4.5929,4.6836,11.9773,0.0374,4.3803
1090.0,63,4.4565,4.5868,4.6775,11.9773,0.0374,4.3818
1100.0,64,4.4672,4.5883,4.6882,11.9773,0.0374,4.3879
1110.0,65,4.4794,4.6036,4.7050,11.9782,0.0435,4.4001
1120.0,66,4.4931,4.6280,4.7279,11.9773,0.0450,4.4215
1130.0,67,4.5130,4.6509,4.7584,11.9773,0.0450,4.4444
1140.0,68,4.5374,4.6692,4.7874,11.9773,0.0465,4.4672
1150.0,69,4.5587,4.6860,4.8102,11.9765,0.0481,4.4886
1160.0,70,4.5770,4.7073,4.8286,11.9765,0.0511,4.5069
1170.0,71,4.5969,4.7226,4.8438,11.9765,0.0542,4.5161
1180.0,72,4.6076,4.7394,4.8453,11.9756,0.0542,4.5252
1190.0,73,4.6121,4.7424,4.8469,11.9747,0.0557,4.5313
1200.0,74,4.6121,4.7424,4.8469,11.9765,0.0588,4.5329
1210.0,75,4.6076,4.7409,4.8438,11.9756,0.0588,4.5313
1220.0,76,4.6030,4.7363,4.8362,11.9756,0.0603,4.5283
1230.0,77,4.5923,4.7287,4.8255,11.9747,0.0618,4.5161
1240.0,78,4.5816,4.7195,4.8164,11.9747,0.0633,4.5023
1250.0,79,4.5740,4.7134,4.8072,11.9756,0.0633,4.4901
1260.0,80,4.5664,4.7043,4.7935,11.9747,0.0664,4.4795
1270.0,81,4.5618,4.6936,4.7843,11.9756,0.0649,4.4688
1280.0,82,4.5542,4.6890,4.7797,11.9756,0.0633,4.4688
1290.0,83,4.5496,4.6768,4.7736,11.9756,0.0679,4.4657
1300.0,84,4.5420,4.6722,4.7691,11.9747,0.0679,4.4611
1310.0,85,4.5282,4.6677,4.7599,11.9756,0.0679,4.4505
1320.0,86,4.5206,4.6600,4.7523,11.9747,0.0694,4.4444
1330.0,87,4.5038,4.6371,4.7401,11.9747,0.0679,4.4306
1340.0,88,4.4840,4.6173,4.7202,11.9756,0.0694,4.4093
1350.0,89,4.4596,4.6005,4.6928,11.9765,0.0679,4.3772
1360.0,90,4.4397,4.5807,4.6607,11.9756,0.0694,4.3498
1370.0,91,4.4199,4.5593,4.6378,11.9756,0.0694,4.3299
1380.0,92,4.4107,4.5456,4.6226,11.9756,0.0694,4.3162
1390.0,93,4.4061,4.5349,4.6256,11.9765,0.0694,4.3131
1400.0,94,4.4016,4.5349,4.6302,11.9756,0.0694,4.3147
1410.0,95,4.3924,4.5364,4.6287,11.9765,0.0664,4.3238
1420.0,96,4.3924,4.5380,4.6271,11.9765,0.0710,4.3253
1430.0,97,4.3955,4.5395,4.6271,11.9756,0.0710,4.3238
1440.0,98,4.4000,4.5410,4.6287,11.9756,0.0694,4.3253
1450.0,99,4.4031,4.5395,4.6256,11.9747,0.0694,4.3177
1460.0,100,4.3970,4.5334,4.6195,11.9756,0.0649,4.3116
1470.0,101,4.3894,4.5197,4.6073,11.9756,0.0679,4.3009
1480.0,102,4.3802,4.5120,4.6043,11.9739,0.0649,4.3009
1490.0,103,4.3726,4.5090,4.5997,11.9756,0.0649,4.2979
1500.0,104,4.3665,4.5029,4.5875,11.9747,0.0633,4.2902
1510.0,105,4.3604,4.4952,4.5737,11.9756,0.0633,4.2872
1520.0,106,4.3543,4.4861,4.5692,11.9756,0.0603,4.2826
1530.0,107,4.3436,4.4861,4.5676,11.9756,0.0603,4.2780
1540.0,108,4.3405,4.4830,4.5692,11.9747,0.0588,4.2765
1550.0,109,4.3421,4.4815,4.5722,11.9739,0.0572,4.2780
1560.0,110,4.3482,4.4846,4.5692,11.9739,0.0572,4.2750
1570.0,111,4.3527,4.4815,4.5707,11.9756,0.0557,4.2750
1580.0,112,4.3527,4.4769,4.5722,11.9765,0.0542,4.2750
1590.0,113,4.3482,4.4754,4.5707,11.9756,0.0526,4.2689
1600.0,114,4.3451,4.4739,4.5676,11.9747,0.0496,4.2719
1610.0,115,4.3451,4.4724,4.5615,11.9756,0.0496,4.2704
1620.0,116,4.3512,4.4739,4.5615,11.9756,0.0496,4.2689
1630.0,117,4.3497,4.4708,4.5646,11.9747,0.0450,4.2674
1640.0,118,4.3497,4.4708,4.5692,11.9756,0.0450,4.2628
1650.0,119,4.3466,4.4724,4.5692,11.9756,0.0435,4.2582
1660.0,120,4.3466,4.4693,4.5692,11.9756,0.0450,4.2597
1670.0,121,4.3436,4.4662,4.5661,11.9756,0.0420,4.2643
1680.0,122,4.3360,4.4662,4.5692,11.9756,0.0420,4.2689
1690.0,123,4.3466,4.4708,4.5707,11.9765,0.0404,4.2735
1700.0,124,4.3543,4.4769,4.5844,11.9756,0.0389,4.2826
1710.0,125,4.3665,4.4952,4.5982,11.9747,0.0404,4.2872
1720.0,126,4.3787,4.5135,4.6149,11.9756,0.0374,4.3009
1730.0,127,4.4031,4.5364,4.6394,11.9756,0.0374,4.3208
1740.0,128,4.4214,4.5532,4.6546,11.9756,0.0359,4.3391
1750.0,129,4.4367,4.5746,4.6699,11.9756,0.0374,4.3513
1760.0,130,4.4428,4.5883,4.6775,11.9773,0.0328,4.3604
1770.0,131,4.4504,4.5929,4.6851,11.9747,0.0313,4.3665
1780.0,132,4.4580,4.6005,4.6882,11.9756,0.0328,4.3772
1790.0,133,4.4641,4.6005,4.6973,11.9747,0.0328,4.3833
1800.0,134,4.4657,4.5990,4.6973,11.9747,0.0343,4.3894
1810.0,135,4.4657,4.5990,4.6958,11.9747,0.0282,4.3925
1820.0,136,4.4641,4.6005,4.7019,11.9756,0.0298,4.3894
1830.0,137,4.4626,4.6036,4.7050,11.9756,0.0282,4.3894
1840.0,138,4.4596,4.5975,4.6928,11.9747,0.0282,4.3833
1850.0,139,4.4565,4.5868,4.6760,11.9756,0.0252,4.3681
1860.0,140,4.4412,4.5700,4.6668,11.9756,0.0252,4.3543
1870.0,141,4.4260,4.5502,4.6485,11.9747,0.0252,4.3421
1880.0,142,4.4016,4.5242,4.6180,11.9765,0.0237,4.3162
1890.0,143,4.3451,4.4678,4.5463,11.9756,0.0237,4.2552
1900.0,144,4.2276,4.3594,4.4105,11.9756,0.0252,4.1285
1910.0,145,4.0460,4.1824,4.1999,11.9765,0.0252,3.9256
1920.0,146,3.8050,3.9352,3.9115,11.9782,0.0237,3.6555
1930.0,147,3.5044,3.6270,3.5743,11.9782,0.0237,3.3381
1940.0,148,3.1702,3.2883,3.2096,11.9791,0.0237,2.9963
1950.0,149,2.8177,2.9388,2.8342,11.9808,0.0237,2.6560
1960.0,150,2.4698,2.5879,2.4711,11.9817,0.0221,2.3188
1970.0,151,2.1326,2.2476,2.1262,11.9843,0.0221,1.9984
1980.0,152,1.8183,1.9287,1.8104,11.9860,0.0237,1.7069
1990.0,153,1.5344,1.6357,1.5296,11.9869,0.0237,1.4414
2000.0,154,1.2796,1.3840,1.2885,11.9886,0.0206,1.2110
2010.0,155,1.0721,1.1719,1.0917,11.9904,0.0221,1.0264
2020.0,156,0.9043,0.9979,0.9345,11.9921,0.0206,0.8799
2030.0,157,0.7730,0.8575,0.8048,11.9939,0.0191,0.7655
2040.0,158,0.6738,0.7492,0.7041,11.9947,0.0191,0.6663
2050.0,159,0.5976,0.6683,0.6232,11.9965,0.0206,0.5900
2060.0,160,0.5426,0.6042,0.5607,11.9965,0.0176,0.5351
2070.0,161,0.5029,0.5585,0.5210,12.0000,0.0191,0.4984
2080.0,162,0.4694,0.5219,0.4996,12.0000,0.0191,0.4771
2090.0,163,0.4618,0.5081,0.5012,12.0017,0.0176,0.4740
2100.0,164,0.4770,0.5188,0.5225,12.0017,0.0176,0.4954
2110.0,165,0.5197,0.5554,0.5714,12.0026,0.0160,0.5427
2120.0,166,0.5884,0.6256,0.6522,12.0034,0.0160,0.6190
2130.0,167,0.6830,0.7187,0.7560,12.0034,0.0160,0.7151
2140.0,168,0.7776,0.8118,0.8628,12.0034,0.0145,0.8158
2150.0,169,0.8554,0.8896,0.9452,12.0043,0.0145,0.8921
2160.0,170,0.9119,0.9415,0.9925,12.0034,0.0130,0.9333
2170.0,171,0.9409,0.9674,1.0108,12.0034,0.0145,0.9409
2180.0,172,0.9516,0.9689,1.0017,12.0043,0.0145,0.9348
2190.0,173,0.9470,0.9659,0.9818,12.0052,0.0145,0.9211
2200.0,174,0.9470,0.9613,0.9711,12.0043,0.0114,0.9135
2210.0,175,0.9790,0.9964,1.0108,12.0052,0.0130,0.9623
2220.0,176,1.0782,1.1002,1.1466,12.0043,0.0114,1.0890
2230.0,177,1.2628,1.2924,1.3908,12.0026,0.0114,1.3102
2240.0,178,1.5466,1.5823,1.7341,12.0017,0.0130,1.6230
2250.0,179,1.9083,1.9394,2.1339,12.0008,0.0114,1.9923
2260.0,180,2.2791,2.3056,2.5245,11.9991,0.0114,2.3524
2270.0,181,2.5995,2.6230,2.8449,11.9982,0.0114,2.6484
2280.0,182,2.8391,2.8549,3.0524,11.9982,0.0099,2.8529
2290.0,183,2.9840,3.0045,3.1562,11.9965,0.0099,2.9551
2300.0,184,3.0451,3.0716,3.1943,11.9947,0.0084,2.9871
2310.0,185,3.0756,3.1113,3.2157,11.9939,0.0069,3.0070
2320.0,186,3.1030,3.1479,3.2447,11.9939,0.0053,3.0268
2330.0,187,3.1534,3.2074,3.3027,11.9930,0.0053,3.0818
2340.0,188,3.2358,3.2990,3.3988,11.9921,0.0038,3.1703
2350.0,189,3.3319,3.3997,3.5102,11.9904,0.0053,3.2679
2360.0,190,3.4143,3.4760,3.5941,11.9913,0.0038,3.3412
2370.0,191,3.4571,3.5217,3.6353,11.9904,0.0023,3.3823
2380.0,192,3.4693,3.5355,3.6353,11.9878,0.0008,3.3839
2390.0,193,3.4601,3.5309,3.6109,11.9886,-0.0008,3.3732
2400.0,194,3.4296,3.5141,3.5804,11.9886,-0.0008,3.3381
2410.0,195,3.3960,3.4836,3.5422,11.9878,-0.0008,3.3045
2420.0,196,3.3838,3.4790,3.5392,11.9878,-0.0023,3.3030
2430.0,197,3.4326,3.5355,3.6155,11.9860,-0.0023,3.3717
2440.0,198,3.5547,3.6575,3.7772,11.9860,-0.0008,3.5197
2450.0,199,3.7546,3.8605,4.0122,11.9852,-0.0038,3.7440
2460.0,200,4.0140,4.1214,4.3098,11.9843,-0.0038,4.0202
2470.0,201,4.3085,4.4159,4.6348,11.9834,-0.0053,4.3055
2480.0,202,4.6045,4.7134,4.9506,11.9817,-0.0053,4.5954
2490.0,203,4.8853,4.9896,5.2344,11.9799,-0.0053,4.8640
2500.0,204,5.1264,5.2246,5.4664,11.9791,-0.0069,5.0852
2510.0,205,5.3140,5.4138,5.6327,11.9782,-0.0069,5.2516
2520.0,206,5.4437,5.5496,5.7410,11.9773,-0.0069,5.3614
2530.0,207,5.5231,5.6381,5.8051,11.9765,-0.0053,5.4224
2540.0,208,5.5567,5.6839,5.8204,11.9747,-0.0053,5.4377
2550.0,209,5.5490,5.6824,5.8036,11.9756,-0.0053,5.4240
2560.0,210,5.5155,5.6503,5.7639,11.9747,-0.0038,5.3797
2570.0,211,5.4682,5.6046,5.7014,11.9747,-0.0038,5.3217
2580.0,212,5.4041,5.5450,5.6358,11.9730,-0.0023,5.2546
2590.0,213,5.3308,5.4779,5.5640,11.9739,-0.0023,5.1829
2600.0,214,5.2545,5.4138,5.4923,11.9739,-0.0008,5.1203
2610.0,215,5.1889,5.3421,5.4267,11.9739,-0.0008,5.0608
2620.0,216,5.1294,5.2765,5.3672,11.9721,0.0023,5.0074
2630.0,217,5.0760,5.2246,5.3138,11.9730,0.0008,4.9555
2640.0,218,5.0257,5.1819,5.2619,11.9739,0.0038,4.9067
2650.0,219,4.9768,5.1376,5.2131,11.9739,0.0038,4.8701
2660.0,220,4.9234,5.0934,5.1688,11.9739,0.0069,4.8365
2670.0,221,4.8792,5.0476,5.1276,11.9739,0.0069,4.7984
2680.0,222,4.8395,5.0079,5.0880,11.9739,0.0084,4.7602
2690.0,223,4.8044,4.9652,5.0513,11.9747,0.0069,4.7129
2700.0,224,4.7632,4.9255,5.0147,11.9747,0.0069,4.6641
2710.0,225,4.7220,4.8828,4.9720,11.9747,0.0084,4.6229
2720.0,226,4.6839,4.8431,4.9323,11.9739,0.0069,4.5847
2730.0,227,4.6503,4.8080,4.8942,11.9739,0.0084,4.5512
2740.0,228,4.6213,4.7684,4.8606,11.9747,0.0069,4.5207
2750.0,229,4.5954,4.7363,4.8286,11.9739,0.0069,4.5023
2760.0,230,4.5709,4.7104,4.7935,11.9739,0.0084,4.4795
2770.0,231,4.5465,4.6860,4.7691,11.9739,0.0084,4.4627
2780.0,232,4.5282,4.6646,4.7507,11.9747,0.0084,4.4444
2790.0,233,4.5175,4.6539,4.7385,11.9747,0.0099,4.4306
2800.0,234,4.5099,4.6448,4.7324,11.9739,0.0053,4.4230
2810.0,235,4.5084,4.6387,4.7324,11.9756,0.0038,4.4184
2820.0,236,4.5023,4.6310,4.7233,11.9747,0.0069,4.4154
2830.0,237,4.5008,4.6295,4.7233,11.9747,0.0069,4.4154
2840.0,238,4.5008,4.6310,4.7263,11.9747,0.0053,4.4215
2850.0,239,4.4977,4.6234,4.7279,11.9747,0.0038,4.4245
2860.0,240,4.4962,4.6249,4.7279,11.9747,0.0053,4.4184
2870.0,241,4.4992,4.6280,4.7324,11.9739,0.0038,4.4199
2880.0,242,4.4931,4.6310,4.7279,11.9747,0.0069,4.4199
2890.0,243,4.4931,4.6326,4.7263,11.9747,0.0053,4.4138
2900.0,244,4.4931,4.6326,4.7248,11.9747,0.0069,4.4032
2910.0,245,4.4916,4.6234,4.7233,11.9747,0.0053,4.3986
2920.0,246,4.4916,4.6204,4.7187,11.9739,0.0053,4.3940
2930.0,247,4.4885,4.6158,4.7187,11.9739,0.0069,4.3940
2940.0,248,4.4840,4.6143,4.7156,11.9747,0.0053,4.3925
2950.0,249,4.4840,4.6112,4.7111,11.9747,0.0053,4.3925
2960.0,250,4.4794,4.6127,4.6989,11.9730,0.0069,4.3864
2970.0,251,4.4687,4.6051,4.6851,11.9739,0.0069,4.3787
2980.0,252,4.4565,4.5914,4.6760,11.9739,0.0084,4.3757
2990.0,253,4.4489,4.5746,4.6668,11.9747,0.0069,4.3681
3000.0,254,4.4428,4.5700,4.6638,11.9756,0.0084,4.3589
3010.0,255,4.4351,4.5639,4.6546,11.9747,0.0069,4.3528
3020.0,0,4.4321,4.5563,4.6439,11.9730,0.0084,4.3437
3030.0,1,4.4214,4.5441,4.6378,11.9739,0.0069,4.3360
3040.0,2,4.4123,4.5456,4.6409,11.9747,0.0084,4.3284
3050.0,3,4.4077,4.5441,4.6409,11.9730,0.0084,4.3208
3060.0,4,4.4077,4.5425,4.6439,11.9730,0.0099,4.3192
3070.0,5,4.4092,4.5380,4.6455,11.9739,0.0084,4.3253
3080.0,6,4.4061,4.5380,4.6485,11.9739,0.0099,4.3299
3090.0,7,4.4077,4.5380,4.6470,11.9730,0.0084,4.3314
3100.0,8,4.4031,4.5425,4.6455,11.9747,0.0084,4.3360
3110.0,9,4.4061,4.5471,4.6455,11.9739,0.0099,4.3391
3120.0,10,4.4138,4.5486,4.6516,11.9739,0.0084,4.3437
3130.0,11,4.4199,4.5547,4.6592,11.9730,0.0084,4.3467
3140.0,12,4.4199,4.5609,4.6622,11.9730,0.0084,4.3482
3150.0,13,4.4168,4.5593,4.6546,11.9730,0.0069,4.3482
3160.0,14,4.4168,4.5486,4.6485,11.9739,0.0069,4.3406
3170.0,15,4.4138,4.5456,4.6409,11.9739,0.0053,4.3314
3180.0,16,4.4092,4.5364,4.6317,11.9747,0.0053,4.3284
3190.0,17,4.4000,4.5303,4.6241,11.9730,0.0038,4.3238
3200.0,18,4.3924,4.5273,4.6271,11.9730,0.0023,4.3177
3210.0,19,4.3909,4.5303,4.6317,11.9721,0.0023,4.3147
3220.0,20,4.3894,4.5334,4.6378,11.9721,0.0023,4.3238
3230.0,21,4.3939,4.5380,4.6317,11.9721,-0.0008,4.3253
3240.0,22,4.3970,4.5441,4.6363,11.9721,-0.0008,4.3253
3250.0,23,4.4000,4.5486,4.6424,11.9730,-0.0038,4.3299
3260.0,24,4.4046,4.5471,4.6470,11.9721,-0.0038,4.3360
3270.0,25,4.4107,4.5471,4.6485,11.9730,-0.0084,4.3375
3280.0,26,4.4077,4.5395,4.6439,11.9713,-0.0099,4.3253
3290.0,27,4.4107,4.5349,4.6378,11.9721,-0.0114,4.3192
3300.0,28,4.4077,4.5319,4.6348,11.9721,-0.0114,4.3162
3310.0,29,4.4046,4.5319,4.6302,11.9721,-0.0145,4.3162
3320.0,30,4.4016,4.5303,4.6226,11.9730,-0.0145,4.3147
3330.0,31,4.3955,4.5288,4.6210,11.9721,-0.0160,4.3177
3340.0,32,4.3878,4.5258,4.6226,11.9730,-0.0175,4.3101
3350.0,33,4.3909,4.5273,4.6226,11.9730,-0.0175,4.3055
3360.0,34,4.3939,4.5273,4.6256,11.9730,-0.0206,4.3040
3370.0,35,4.3985,4.5288,4.6271,11.9721,-0.0236,4.3040
3380.0,36,4.3909,4.5273,4.6241,11.9730,-0.0221,4.3055
3390.0,37,4.3863,4.5197,4.6149,11.9721,-0.0236,4.3040
3400.0,38,4.3726,4.5074,4.6058,11.9730,-0.0221,4.2887
3410.0,39,4.3604,4.4907,4.5859,11.9713,-0.0252,4.2719
3420.0,40,4.3451,4.4662,4.5646,11.9730,-0.0252,4.2506
3430.0,41,4.3207,4.4418,4.5417,11.9730,-0.0282,4.2262
3440.0,42,4.2902,4.4159,4.5158,11.9739,-0.0297,4.2033
3450.0,43,4.2658,4.3945,4.4868,11.9730,-0.0282,4.1758
3460.0,44,4.2459,4.3762,4.4669,11.9721,-0.0297,4.1529
3470.0,45,4.2291,4.3671,4.4532,11.9721,-0.0297,4.1438
3480.0,46,4.2230,4.3579,4.4471,11.9730,-0.0328,4.1407
3490.0,47,4.2246,4.3533,4.4440,11.9721,-0.0313,4.1453
3500.0,48,4.2276,4.3640,4.4517,11.9730,-0.0297,4.1560
3510.0,49,4.2337,4.3716,4.4608,11.9730,-0.0297,4.1667
3520.0,50,4.2475,4.3823,4.4746,11.9730,-0.0328,4.1758
3530.0,51,4.2612,4.4006,4.4898,11.9739,-0.0328,4.1834
3540.0,52,4.2764,4.4067,4.5035,11.9739,-0.0328,4.2002
3550.0,53,4.2948,4.4174,4.5234,11.9730,-0.0328,4.2216
3560.0,54,4.3161,4.4418,4.5402,11.9730,-0.0328,4.2399
3570.0,55,4.3344,4.4647,4.5585,11.9713,-0.0328,4.2567
3580.0,56,4.3543,4.4815,4.5783,11.9713,-0.0313,4.2704
3590.0,57,4.3711,4.4968,4.5859,11.9721,-0.0343,4.2872
3600.0,58,4.3817,4.5166,4.6073,11.9730,-0.0359,4.3040
3610.0,59,4.3955,4.5303,4.6271,11.9721,-0.0343,4.3208
3620.0,60,4.4092,4.5441,4.6424,11.9739,-0.0343,4.3345
3630.0,61,4.4184,4.5593,4.6546,11.9730,-0.0328,4.3452
3640.0,62,4.4229,4.5685,4.6622,11.9721,-0.0328,4.3543
3650.0,63,4.4306,4.5624,4.6638,11.9730,-0.0313,4.3528
3660.0,64,4.4275,4.5624,4.6653,11.9713,-0.0328,4.3467
3670.0,65,4.4229,4.5624,4.6622,11.9721,-0.0328,4.3421
3680.0,66,4.4229,4.5593,4.6561,11.9730,-0.0328,4.3360
3690.0,67,4.4214,4.5532,4.6485,11.9739,-0.0328,4.3314
3700.0,68,4.4123,4.5456,4.6409,11.9721,-0.0328,4.3314
3710.0,69,4.4000,4.5334,4.6317,11.9721,-0.0313,4.3238
3720.0,70,4.3909,4.5212,4.6287,11.9721,-0.0328,4.3086
3730.0,71,4.3787,4.5105,4.6134,11.9730,-0.0313,4.2918
3740.0,72,4.3680,4.5029,4.6012,11.9721,-0.0328,4.2872
3750.0,73,4.3604,4.4937,4.5890,11.9730,-0.0297,4.2811
3760.0,74,4.3497,4.4830,4.5768,11.9721,-0.0313,4.2735
3770.0,75,4.3421,4.4800,4.5646,11.9730,-0.0313,4.2674
3780.0,76,4.3329,4.4662,4.5600,11.9730,-0.0297,4.2613
3790.0,77,4.3237,4.4540,4.5463,11.9721,-0.0282,4.2582
3800.0,78,4.3161,4.4495,4.5371,11.9730,-0.0297,4.2490
3810.0,79,4.3115,4.4449,4.5325,11.9730,-0.0313,4.2384
3820.0,80,4.3070,4.4403,4.5280,11.9730,-0.0297,4.2323
3830.0,81,4.2993,4.4357,4.5203,11.9730,-0.0297,4.2277
3840.0,82,4.2978,4.4296,4.5158,11.9721,-0.0282,4.2216
3850.0,83,4.2887,4.4296,4.5173,11.9730,-0.0297,4.2185
3860.0,84,4.2871,4.4250,4.5264,11.9730,-0.0297,4.2170
3870.0,85,4.2948,4.4266,4.5310,11.9721,-0.0297,4.2185
3880.0,86,4.3039,4.4327,4.5386,11.9721,-0.0343,4.2262
3890.0,87,4.3054,4.4312,4.5371,11.9739,-0.0328,4.2246
3900.0,88,4.3024,4.4357,4.5295,11.9721,-0.0328,4.2262
3910.0,89,4.2993,4.4327,4.5249,11.9721,-0.0328,4.2246
3920.0,90,4.2978,4.4266,4.5234,11.9730,-0.0343,4.2170
3930.0,91,4.2948,4.4250,4.5188,11.9730,-0.0328,4.2094
3940.0,92,4.3009,4.4250,4.5158,11.9721,-0.0343,4.2063
3950.0,93,4.3039,4.4266,4.5234,11.9730,-0.0359,4.2124
3960.0,94,4.3115,4.4403,4.5371,11.9713,-0.0359,4.2231
3970.0,95,4.3299,4.4556,4.5524,11.9730,-0.0374,4.2445
3980.0,96,4.3451,4.4739,4.5722,11.9721,-0.0359,4.2735
3990.0,97,4.3634,4.4922,4.5905,11.9721,-0.0359,4.3040
4000.0,98,4.3817,4.5135,4.6149,11.9713,-0.0374,4.3223
4010.0,99,4.4077,4.5380,4.6348,11.9721,-0.0359,4.3375
4020.0,100,4.4306,4.5563,4.6592,11.9713,-0.0359,4.3543
4030.0,101,4.4519,4.5807,4.6790,11.9721,-0.0359,4.3681
4040.0,102,4.4641,4.6036,4.6973,11.9713,-0.0343,4.3818
4050.0,103,4.4748,4.6127,4.7080,11.9721,-0.0328,4.3940
4060.0,104,4.4855,4.6204,4.7172,11.9721,-0.0328,4.4047
4070.0,105,4.4916,4.6219,4.7202,11.9721,-0.0313,4.4062
4080.0,106,4.4992,4.6265,4.7294,11.9713,-0.0282,4.4093
4090.0,107,4.5053,4.6356,4.7294,11.9704,-0.0267,4.4108
4100.0,108,4.5069,4.6432,4.7248,11.9713,-0.0252,4.4138
4110.0,109,4.5053,4.6478,4.7233,11.9713,-0.0236,4.4154
4120.0,110,4.5099,4.6539,4.7294,11.9713,-0.0221,4.4184
4130.0,111,4.5084,4.6494,4.7370,11.9713,-0.0206,4.4154
4140.0,112,4.5114,4.6448,4.7370,11.9713,-0.0221,4.4138
4150.0,113,4.5114,4.6402,4.7340,11.9713,-0.0206,4.4138
4160.0,114,4.5069,4.6402,4.7355,11.9713,-0.0206,4.4154
4170.0,115,4.5023,4.6326,4.7294,11.9713,-0.0145,4.4169
4180.0,116,4.4977,4.6234,4.7187,11.9721,-0.0175,4.4108
4190.0,117,4.4870,4.6143,4.7095,11.9721,-0.0130,4.4032
4200.0,118,4.4733,4.6051,4.6973,11.9713,-0.0114,4.3910
4210.0,119,4.4611,4.5914,4.6790,11.9713,-0.0130,4.3726
4220.0,120,4.4489,4.5807,4.6699,11.9721,-0.0099,4.3620
4230.0,121,4.4412,4.5639,4.6577,11.9713,-0.0084,4.3574
4240.0,122,4.4290,4.5563,4.6500,11.9721,-0.0084,4.3498
4250.0,123,4.4184,4.5532,4.6424,11.9713,-0.0069,4.3360
4260.0,124,4.4168,4.5502,4.6439,11.9704,-0.0069,4.3314
4270.0,125,4.4107,4.5441,4.6409,11.9713,-0.0053,4.3299
4280.0,126,4.4061,4.5349,4.6317,11.9713,-0.0053,4.3253
4290.0,127,4.3985,4.5273,4.6195,11.9721,-0.0038,4.3162
4300.0,128,4.3894,4.5181,4.6058,11.9721,-0.0038,4.3055
4310.0,129,4.3756,4.5074,4.5920,11.9713,-0.0023,4.2902
4320.0,130,4.3649,4.4937,4.5829,11.9713,-0.0038,4.2780
4330.0,131,4.3451,4.4785,4.5692,11.9713,-0.0069,4.2658
4340.0,132,4.3268,4.4632,4.5524,11.9713,-0.0069,4.2536
4350.0,133,4.3176,4.4495,4.5402,11.9713,-0.0084,4.2445
4360.0,134,4.3070,4.4373,4.5280,11.9721,-0.0084,4.2353
4370.0,135,4.2963,4.4312,4.5203,11.9721,-0.0084,4.2231
4380.0,136,4.2871,4.4250,4.5142,11.9713,-0.0099,4.2185
4390.0,137,4.2887,4.4174,4.5127,11.9721,-0.0084,4.2094
4400.0,138,4.2887,4.4159,4.5158,11.9713,-0.0130,4.2002
4410.0,139,4.2871,4.4174,4.5188,11.9730,-0.0160,4.2033
4420.0,140,4.2856,4.4159,4.5158,11.9713,-0.0160,4.2063
4430.0,141,4.2856,4.4189,4.5158,11.9721,-0.0160,4.2094
4440.0,142,4.2917,4.4189,4.5127,11.9721,-0.0175,4.2140
4450.0,143,4.3024,4.4205,4.5173,11.9730,-0.0175,4.2140
4460.0,144,4.3070,4.4281,4.5188,11.9721,-0.0191,4.2094
4470.0,145,4.3054,4.4312,4.5142,11.9730,-0.0206,4.2094
4480.0,146,4.2902,4.4266,4.5097,11.9721,-0.0221,4.2078
4490.0,147,4.2780,4.4189,4.5035,11.9730,-0.0252,4.2048
4500.0,148,4.2688,4.4098,4.4974,11.9730,-0.0236,4.2017
4510.0,149,4.2627,4.4006,4.4913,11.9730,-0.0252,4.1834
4520.0,150,4.2566,4.3900,4.4807,11.9730,-0.0267,4.1728
4530.0,151,4.2475,4.3884,4.4715,11.9721,-0.0267,4.1712
4540.0,152,4.2505,4.3915,4.4730,11.9721,-0.0297,4.1789
4550.0,153,4.2597,4.4006,4.4837,11.9721,-0.0282,4.1926
4560.0,154,4.2780,4.4220,4.5035,11.9721,-0.0282,4.2094
4570.0,155,4.2963,4.4388,4.5264,11.9713,-0.0297,4.2262
4580.0,156,4.3207,4.4662,4.5509,11.9721,-0.0297,4.2490
4590.0,157,4.3436,4.4846,4.5722,11.9713,-0.0328,4.2719
4600.0,158,4.3619,4.5044,4.6012,11.9713,-0.0313,4.2933
4610.0,159,4.3756,4.5258,4.6302,11.9721,-0.0328,4.3101
4620.0,160,4.3878,4.5380,4.6424,11.9713,-0.0343,4.3269
4630.0,161,4.4000,4.5395,4.6470,11.9713,-0.0343,4.3375
4640.0,162,4.4061,4.5349,4.6439,11.9721,-0.0359,4.3375
4650.0,163,4.4031,4.5258,4.6317,11.9721,-0.0328,4.3253
4660.0,164,4.3939,4.5166,4.6165,11.9730,-0.0359,4.3055
4670.0,165,4.3741,4.5044,4.6027,11.9730,-0.0359,4.2826
4680.0,166,4.3588,4.4922,4.5905,11.9721,-0.0389,4.2704
4690.0,167,4.3451,4.4846,4.5768,11.9739,-0.0359,4.2597
4700.0,168,4.3390,4.4815,4.5707,11.9721,-0.0374,4.2552
4710.0,169,4.3314,4.4662,4.5539,11.9721,-0.0359,4.2475
4720.0,170,4.2826,4.4189,4.4974,11.9713,-0.0389,4.1911
4730.0,171,4.1849,4.3152,4.3693,11.9713,-0.0374,4.0766
4740.0,172,4.0140,4.1382,4.1572,11.9739,-0.0389,3.8828
4750.0,173,3.7699,3.8849,3.8673,11.9756,-0.0389,3.6158
4760.0,174,3.4616,3.5721,3.5239,11.9756,-0.0420,3.2969
4770.0,175,3.1229,3.2364,3.1562,11.9765,-0.0389,2.9536
4780.0,176,2.7643,2.8885,2.7839,11.9773,-0.0404,2.6057
4790.0,177,2.4179,2.5345,2.4161,11.9799,-0.0404,2.2700
4800.0,178,2.0822,2.1957,2.0774,11.9817,-0.0420,1.9526
4810.0,179,1.7679,1.8860,1.7646,11.9826,-0.0404,1.6596
4820.0,180,1.4841,1.5991,1.4838,11.9843,-0.0404,1.3941
4830.0,181,1.2308,1.3443,1.2351,11.9869,-0.0420,1.1637
4840.0,182,1.0279,1.1246,1.0306,11.9878,-0.0420,0.9760
4850.0,183,0.8570,0.9460,0.8689,11.9904,-0.0435,0.8235
4860.0,184,0.7196,0.8072,0.7362,11.9913,-0.0450,0.7014
4870.0,185,0.6098,0.6927,0.6354,11.9921,-0.0450,0.5976
4880.0,186,0.5182,0.5920,0.5469,11.9930,-0.0465,0.5152
4890.0,187,0.4511,0.5173,0.4783,11.9956,-0.0465,0.4496
4900.0,188,0.3961,0.4623,0.4340,11.9973,-0.0450,0.4038
4910.0,189,0.3626,0.4272,0.4050,11.9973,-0.0465,0.3733
4920.0,190,0.3549,0.4105,0.4035,11.9956,-0.0481,0.3718
4930.0,191,0.3763,0.4242,0.4295,11.9982,-0.0481,0.3962
4940.0,192,0.4251,0.4730,0.4890,11.9991,-0.0481,0.4557
4950.0,193,0.5136,0.5554,0.5851,11.9982,-0.0496,0.5473
4960.0,194,0.6265,0.6592,0.7056,12.0000,-0.0496,0.6571
4970.0,195,0.7364,0.7538,0.8155,11.9991,-0.0511,0.7639
4980.0,196,0.8188,0.8301,0.8933,11.9991,-0.0496,0.8387
4990.0,197,0.8753,0.8804,0.9345,11.9991,-0.0496,0.8799
5000.0,198,0.9088,0.9171,0.9559,12.0008,-0.0496,0.8967
5010.0,199,0.9149,0.9338,0.9605,12.0008,-0.0496,0.8997
5020.0,200,0.9149,0.9323,0.9574,12.0017,-0.0496,0.9013
5030.0,201,0.9302,0.9491,0.9772,12.0000,-0.0511,0.9226
5040.0,202,0.9912,1.0178,1.0673,11.9991,-0.0496,1.0020
5050.0,203,1.1316,1.1642,1.2443,12.0008,-0.0511,1.1652
5060.0,204,1.3712,1.4069,1.5281,11.9982,-0.0496,1.4323
5070.0,205,1.7069,1.7395,1.9065,11.9965,-0.0511,1.7848
5080.0,206,2.0868,2.1149,2.3200,11.9956,-0.0511,2.1662
5090.0,207,2.4530,2.4841,2.7000,11.9947,-0.0496,2.5187
5100.0,208,2.7597,2.7878,2.9945,11.9930,-0.0481,2.7873
5110.0,209,2.9657,2.9938,3.1745,11.9930,-0.0481,2.9582
5120.0,210,3.0786,3.1097,3.2584,11.9913,-0.0496,3.0390
5130.0,211,3.1320,3.1631,3.2874,11.9895,-0.0481,3.0665
5140.0,212,3.1671,3.2043,3.3027,11.9904,-0.0481,3.0863
5150.0,213,3.1977,3.2471,3.3424,11.9895,-0.0496,3.1184
5160.0,214,3.2495,3.3142,3.4110,11.9878,-0.0496,3.1779
5170.0,215,3.3274,3.4012,3.5056,11.9869,-0.0496,3.2649
5180.0,216,3.4082,3.4851,3.5972,11.9869,-0.0465,3.3473
5190.0,217,3.4708,3.5446,3.6536,11.9860,-0.0465,3.4113
5200.0,218,3.5013,3.5706,3.6689,11.9860,-0.0481,3.4327
5210.0,219,3.4982,3.5736,3.6552,11.9852,-0.0511,3.4190
5220.0,220,3.4815,3.5645,3.6353,11.9852,-0.0496,3.3900
5230.0,221,3.4464,3.5416,3.5895,11.9852,-0.0481,3.3488
5240.0,222,3.4097,3.5049,3.5483,11.9852,-0.0450,3.3106
5250.0,223,3.4052,3.4958,3.5575,11.9834,-0.0481,3.3122
5260.0,224,3.4601,3.5522,3.6460,11.9826,-0.0481,3.3885
5270.0,225,3.5837,3.6880,3.8169,11.9826,-0.0481,3.5487
5280.0,226,3.7836,3.9001,4.0656,11.9817,-0.0481,3.7791
5290.0,227,4.0445,4.1595,4.3632,11.9817,-0.0481,4.0583
5300.0,228,4.3390,4.4479,4.6729,11.9799,-0.0496,4.3482
5310.0,229,4.6350,4.7348,4.9720,11.9799,-0.0496,4.6305
5320.0,230,4.9021,5.0049,5.2375,11.9773,-0.0511,4.8838
5330.0,231,5.1264,5.2322,5.4542,11.9782,-0.0511,5.0913
5340.0,232,5.2927,5.4062,5.6113,11.9765,-0.0496,5.2393
5350.0,233,5.4071,5.5191,5.7120,11.9765,-0.0496,5.3278
5360.0,234,5.4682,5.5801,5.7593,11.9730,-0.0496,5.3599
5370.0,235,5.4788,5.5984,5.7517,11.9747,-0.0496,5.3523
5380.0,236,5.4560,5.5847,5.7044,11.9747,-0.0511,5.3172
5390.0,237,5.4102,5.5405,5.6449,11.9730,-0.0481,5.2622
5400.0,238,5.3476,5.4794,5.5732,11.9739,-0.0496,5.1920
5410.0,239,5.2774,5.4108,5.5015,11.9730,-0.0496,5.1219
5420.0,240,5.2057,5.3421,5.4313,11.9730,-0.0496,5.0547
5430.0,241,5.1309,5.2765,5.3611,11.9730,-0.0496,4.9952
5440.0,242,5.0699,5.2200,5.3001,11.9721,-0.0496,4.9403
5450.0,243,5.0134,5.1682,5.2497,11.9721,-0.0481,4.8975
5460.0,244,4.9677,5.1224,5.2039,11.9721,-0.0496,4.8579
5470.0,245,4.9280,5.0873,5.1612,11.9730,-0.0481,4.8213
5480.0,246,4.8929,5.0537,5.1246,11.9721,-0.0481,4.7877
5490.0,247,4.8624,5.0217,5.0956,11.9721,-0.0481,4.7572
5500.0,248,4.8242,4.9835,5.0651,11.9739,-0.0511,4.7221
5510.0,249,4.7891,4.9530,5.0315,11.9730,-0.0481,4.6931
5520.0,250,4.7571,4.9149,4.9995,11.9739,-0.0496,4.6595
5530.0,251,4.7205,4.8828,4.9628,11.9730,-0.0496,4.6198
5540.0,252,4.6823,4.8447,4.9262,11.9747,-0.0496,4.5847
5550.0,253,4.6488,4.8065,4.8911,11.9739,-0.0496,4.5542
5560.0,254,4.6198,4.7760,4.8576,11.9739,-0.0481,4.5222
5570.0,255,4.5908,4.7409,4.8270,11.9747,-0.0481,4.4947
5580.0,0,4.5603,4.7119,4.8011,11.9739,-0.0465,4.4657
5590.0,1,4.5313,4.6875,4.7782,11.9730,-0.0465,4.4413
5600.0,2,4.5069,4.6585,4.7523,11.9739,-0.0481,4.4215
5610.0,3,4.4901,4.6387,4.7309,11.9747,-0.0481,4.4001
5620.0,4,4.4794,4.6234,4.7126,11.9747,-0.0465,4.3925
5630.0,5,4.4687,4.6127,4.7050,11.9747,-0.0450,4.3864
5640.0,6,4.4580,4.6051,4.7019,11.9730,-0.0450,4.3864
5650.0,7,4.4550,4.5975,4.6989,11.9747,-0.0450,4.3833
5660.0,8,4.4565,4.6036,4.6989,11.9739,-0.0465,4.3803
5670.0,9,4.4596,4.6005,4.7019,11.9730,-0.0465,4.3818
5680.0,10,4.4672,4.6005,4.7095,11.9739,-0.0465,4.3910
5690.0,11,4.4718,4.6066,4.7141,11.9730,-0.0481,4.3910
5700.0,12,4.4763,4.6143,4.7156,11.9739,-0.0465,4.3971
5710.0,13,4.4824,4.6204,4.7248,11.9730,-0.0450,4.4016
5720.0,14,4.4885,4.6265,4.7340,11.9747,-0.0435,4.4016
5730.0,15,4.4946,4.6326,4.7324,11.9747,-0.0450,4.4047
5740.0,16,4.5023,4.6402,4.7355,11.9739,-0.0435,4.4154
5750.0,17,4.5084,4.6371,4.7416,11.9721,-0.0450,4.4215
5760.0,18,4.5084,4.6402,4.7477,11.9730,-0.0450,4.4215
5770.0,19,4.5069,4.6387,4.7477,11.9747,-0.0450,4.4230
5780.0,20,4.4977,4.6356,4.7401,11.9739,-0.0450,4.4215
5790.0,21,4.4870,4.6219,4.7248,11.9739,-0.0435,4.4123
5800.0,22,4.4687,4.6097,4.7050,11.9747,-0.0435,4.3864
5810.0,23,4.4473,4.5898,4.6760,11.9747,-0.0435,4.3589
5820.0,24,4.4260,4.5685,4.6424,11.9747,-0.0420,4.3299
5830.0,25,4.3955,4.5380,4.6134,11.9747,-0.0404,4.2964
5840.0,26,4.3695,4.5090,4.5829,11.9739,-0.0420,4.2735
5850.0,27,4.3421,4.4815,4.5585,11.9739,-0.0420,4.2521
5860.0,28,4.3192,4.4586,4.5386,11.9730,-0.0435,4.2368
5870.0,29,4.3009,4.4434,4.5188,11.9739,-0.0420,4.2231
5880.0,30,4.2932,4.4342,4.5127,11.9747,-0.0404,4.2094
5890.0,31,4.2917,4.4327,4.5127,11.9739,-0.0404,4.2078
5900.0,32,4.2948,4.4327,4.5219,11.9739,-0.0404,4.2124
5910.0,33,4.2993,4.4342,4.5219,11.9739,-0.0389,4.2231
5920.0,34,4.3039,4.4418,4.5295,11.9747,-0.0404,4.2307
5930.0,35,4.3085,4.4479,4.5386,11.9747,-0.0435,4.2368
5940.0,36,4.3176,4.4525,4.5509,11.9747,-0.0420,4.2460
5950.0,37,4.3283,4.4586,4.5554,11.9739,-0.0420,4.2490
5960.0,38,4.3299,4.4601,4.5646,11.9739,-0.0420,4.2506
5970.0,39,4.3329,4.4678,4.5692,11.9739,-0.0404,4.2567
5980.0,40,4.3360,4.4693,4.5737,11.9739,-0.0435,4.2628
5990.0,41,4.3436,4.4739,4.5707,11.9730,-0.0420,4.2643
6000.0,42,4.3482,4.4846,4.5737,11.9747,-0.0404,4.2735
6010.0,43,4.3543,4.4907,4.5783,11.9730,-0.0404,4.2811
6020.0,44,4.3741,4.5044,4.5982,11.9730,-0.0404,4.2918
6030.0,45,4.3924,4.5227,4.6165,11.9730,-0.0404,4.3025
6040.0,46,4.4016,4.5334,4.6409,11.9739,-0.0389,4.3238
6050.0,47,4.4107,4.5486,4.6577,11.9739,-0.0420,4.3360
6060.0,48,4.4168,4.5502,4.6622,11.9739,-0.0404,4.3421
6070.0,49,4.4214,4.5532,4.6577,11.9739,-0.0420,4.3406
6080.0,50,4.4199,4.5517,4.6485,11.9739,-0.0404,4.3284
6090.0,51,4.4046,4.5441,4.6332,11.9721,-0.0420,4.3147
6100.0,52,4.3863,4.5288,4.6134,11.9739,-0.0420,4.2933
6110.0,53,4.3711,4.5135,4.5982,11.9747,-0.0404,4.2811
6120.0,54,4.3588,4.4952,4.5890,11.9739,-0.0404,4.2811
6130.0,55,4.3573,4.4922,4.5859,11.9739,-0.0389,4.2796
6140.0,56,4.3665,4.4952,4.5890,11.9739,-0.0404,4.2826
6150.0,57,4.3772,4.4983,4.5982,11.9739,-0.0389,4.2857
6160.0,58,4.3863,4.5044,4.6088,11.9730,-0.0389,4.2902
6170.0,59,4.3909,4.5197,4.6195,11.9730,-0.0374,4.2994
6180.0,60,4.3955,4.5273,4.6271,11.9739,-0.0374,4.3086
6190.0,61,4.3985,4.5319,4.6302,11.9739,-0.0389,4.3162
6200.0,62,4.4000,4.5380,4.6332,11.9739,-0.0374,4.3238
6210.0,63,4.4046,4.5410,4.6394,11.9747,-0.0389,4.3345
6220.1,64,4.4107,4.5471,4.6439,11.9739,-0.0359,4.3345
6230.1,65,4.4123,4.5532,4.6485,11.9739,-0.0359,4.3314
6240.1,66,4.4107,4.5486,4.6500,11.9747,-0.0343,4.3330
6250.1,67,4.4123,4.5395,4.6531,11.9730,-0.0359,4.3330
6260.1,68,4.4138,4.5364,4.6470,11.9730,-0.0343,4.3345
6270.1,69,4.4123,4.5425,4.6394,11.9756,-0.0343,4.3314
6280.1,70,4.4061,4.5425,4.6332,11.9739,-0.0328,4.3299
6290.1,71,4.3939,4.5319,4.6226,11.9730,-0.0328,4.3223
6300.1,72,4.3939,4.5303,4.6088,11.9739,-0.0313,4.3070
6310.1,73,4.3909,4.5273,4.6012,11.9747,-0.0328,4.2979
6320.1,74,4.3817,4.5181,4.5997,11.9747,-0.0328,4.2948
6330.1,75,4.3711,4.5105,4.5966,11.9747,-0.0343,4.2872
6340.1,76,4.3680,4.5013,4.6012,11.9730,-0.0328,4.2902
6350.1,77,4.3711,4.4998,4.6043,11.9721,-0.0313,4.2979
6360.1,78,4.3787,4.5044,4.6058,11.9747,-0.0297,4.3025
6370.1,79,4.3863,4.5105,4.6119,11.9739,-0.0297,4.3040
6380.1,80,4.3848,4.5197,4.6149,11.9730,-0.0297,4.3101
6390.1,81,4.3878,4.5258,4.6256,11.9730,-0.0313,4.3116
6400.1,82,4.3924,4.5273,4.6256,11.9730,-0.0297,4.3101
6410.1,83,4.3909,4.5288,4.6271,11.9730,-0.0297,4.3131
6420.1,84,4.3863,4.5258,4.6256,11.9739,-0.0297,4.3086
6430.1,85,4.3848,4.5258,4.6210,11.9739,-0.0297,4.3086
6440.1,86,4.3833,4.5181,4.6088,11.9747,-0.0328,4.2979
6450.1,87,4.3787,4.5090,4.6012,11.9739,-0.0313,4.2902
6460.1,88,4.3680,4.5013,4.5966,11.9730,-0.0313,4.2811
6470.1,89,4.3588,4.4952,4.5875,11.9730,-0.0313,4.2750
6480.1,90,4.3558,4.4876,4.5768,11.9739,-0.0313,4.2704
6490.1,91,4.3527,4.4861,4.5692,11.9747,-0.0313,4.2643
6500.1,92,4.3497,4.4846,4.5661,11.9739,-0.0328,4.2582
6510.1,93,4.3466,4.4754,4.5585,11.9747,-0.0328,4.2521
6520.1,94,4.3405,4.4662,4.5600,11.9756,-0.0328,4.2445
6530.1,95,4.3283,4.4632,4.5615,11.9730,-0.0343,4.2445
6540.1,96,4.3237,4.4632,4.5554,11.9739,-0.0343,4.2475
6550.1,97,4.3207,4.4586,4.5463,11.9739,-0.0343,4.2460
6560.1,98,4.3192,4.4540,4.5371,11.9747,-0.0343,4.2384
6570.1,99,4.3176,4.4525,4.5386,11.9747,-0.0328,4.2338
6580.1,100,4.3146,4.4510,4.5402,11.9730,-0.0343,4.2338
6590.1,101,4.3146,4.4464,4.5432,11.9739,-0.0359,4.2353
6600.1,102,4.3131,4.4403,4.5463,11.9739,-0.0343,4.2353
6610.1,103,4.3100,4.4373,4.5447,11.9747,-0.0359,4.2384
6620.1,104,4.3009,4.4388,4.5386,11.9756,-0.0389,4.2399
6630.1,105,4.3009,4.4449,4.5356,11.9747,-0.0359,4.2399
6640.1,106,4.3085,4.4495,4.5402,11.9747,-0.0374,4.2414
6650.1,107,4.3146,4.4632,4.5539,11.9730,-0.0374,4.2475
6660.1,108,4.3299,4.4739,4.5692,11.9739,-0.0389,4.2582
6670.1,109,4.3482,4.4830,4.5859,11.9756,-0.0374,4.2719
6680.1,110,4.3680,4.4983,4.6012,11.9747,-0.0389,4.2872
6690.1,111,4.3894,4.5166,4.6134,11.9747,-0.0389,4.3040
6700.1,112,4.4061,4.5319,4.6271,11.9747,-0.0404,4.3208
6710.1,113,4.4229,4.5456,4.6363,11.9756,-0.0420,4.3299
6720.1,114,4.4290,4.5563,4.6485,11.9747,-0.0420,4.3360
6730.1,115,4.4260,4.5609,4.6561,11.9747,-0.0420,4.3375
6740.1,116,4.4306,4.5593,4.6531,11.9739,-0.0435,4.3345
6750.1,117,4.4229,4.5578,4.6409,11.9739,-0.0435,4.3330
6760.1,118,4.4092,4.5486,4.6287,11.9730,-0.0404,4.3223
6770.1,119,4.3939,4.5242,4.6088,11.9747,-0.0435,4.3070
6780.1,120,4.3741,4.5013,4.5890,11.9730,-0.0420,4.2841
6790.1,121,4.3482,4.4800,4.5753,11.9739,-0.0435,4.2658
6800.1,122,4.3375,4.4708,4.5631,11.9739,-0.0450,4.2521
6810.1,123,4.3360,4.4693,4.5661,11.9747,-0.0435,4.2475
6820.1,124,4.3405,4.4724,4.5692,11.9747,-0.0435,4.2521
6830.1,125,4.3497,4.4830,4.5798,11.9747,-0.0450,4.2643
6840.1,126,4.3665,4.4952,4.5951,11.9747,-0.0465,4.2811
6850.1,127,4.3802,4.5135,4.6195,11.9739,-0.0450,4.3025
6860.1,128,4.4000,4.5349,4.6394,11.9747,-0.0450,4.3223
6870.1,129,4.4061,4.5349,4.6424,11.9747,-0.0465,4.3208
6880.1,130,4.3955,4.5181,4.6195,11.9739,-0.0465,4.3055
6890.1,131,4.3665,4.4937,4.5798,11.9739,-0.0465,4.2780
6900.1,132,4.3314,4.4617,4.5402,11.9739,-0.0465,4.2445
6910.1,133,4.3039,4.4373,4.5081,11.9739,-0.0465,4.2140
6920.1,134,4.2841,4.4159,4.4913,11.9747,-0.0465,4.1895
6930.1,135,4.2703,4.3991,4.4837,11.9747,-0.0481,4.1804
6940.1,136,4.2703,4.4006,4.4898,11.9739,-0.0481,4.1850
6950.1,137,4.2795,4.4159,4.5158,11.9756,-0.0465,4.1972
6960.1,138,4.2993,4.4312,4.5341,11.9756,-0.0481,4.2201
6970.1,139,4.3176,4.4464,4.5524,11.9756,-0.0496,4.2368
6980.1,140,4.3314,4.4678,4.5661,11.9747,-0.0465,4.2506
6990.1,141,4.3421,4.4815,4.5737,11.9756,-0.0465,4.2674
7000.1,142,4.3497,4.4876,4.5844,11.9747,-0.0481,4.2780
7010.1,143,4.3573,4.4907,4.5890,11.9756,-0.0496,4.2796
7020.1,144,4.3604,4.4891,4.5859,11.9739,-0.0496,4.2750
7030.1,145,4.3619,4.4861,4.5829,11.9747,-0.0481,4.2735
7040.1,146,4.3619,4.4830,4.5844,11.9747,-0.0511,4.2735
7050.1,147,4.3558,4.4830,4.5798,11.9747,-0.0511,4.2750
7060.1,148,4.3497,4.4739,4.5783,11.9739,-0.0481,4.2689
7070.1,149,4.3451,4.4708,4.5798,11.9747,-0.0496,4.2643
7080.1,150,4.3436,4.4647,4.5753,11.9747,-0.0496,4.2552
7090.1,151,4.3360,4.4632,4.5692,11.9747,-0.0511,4.2521
7100.1,152,4.3299,4.4601,4.5631,11.9747,-0.0496,4.2521
7110.1,153,4.3268,4.4525,4.5646,11.9756,-0.0496,4.2521
7120.1,154,4.3268,4.4571,4.5707,11.9739,-0.0496,4.2490
7130.1,155,4.3283,4.4617,4.5631,11.9756,-0.0542,4.2475
7140.1,156,4.3299,4.4632,4.5585,11.9747,-0.0526,4.2506
7150.1,157,4.3299,4.4617,4.5554,11.9756,-0.0511,4.2536
7160.1,158,4.3268,4.4586,4.5524,11.9756,-0.0526,4.2521
7170.1,159,4.3192,4.4571,4.5493,11.9747,-0.0542,4.2460
7180.1,160,4.3176,4.4525,4.5493,11.9747,-0.0542,4.2399
7190.1,161,4.3131,4.4464,4.5447,11.9756,-0.0557,4.2338
7200.1,162,4.3070,4.4479,4.5386,11.9756,-0.0557,4.2292
7210.1,163,4.3039,4.4418,4.5341,11.9747,-0.0511,4.2307
7220.1,164,4.2978,4.4373,4.5280,11.9756,-0.0511,4.2292
7230.1,165,4.3009,4.4342,4.5234,11.9747,-0.0526,4.2262
7240.1,166,4.3039,4.4342,4.5203,11.9756,-0.0542,4.2307
7250.1,167,4.3039,4.4373,4.5264,11.9765,-0.0542,4.2353
7260.1,168,4.3054,4.4434,4.5356,11.9756,-0.0526,4.2323
7270.1,169,4.3131,4.4495,4.5371,11.9765,-0.0511,4.2368
7280.1,170,4.3176,4.4525,4.5402,11.9756,-0.0511,4.2445
7290.1,171,4.3176,4.4525,4.5478,11.9756,-0.0526,4.2445
7300.1,172,4.3390,4.4632,4.5676,11.9765,-0.0526,4.2597
7310.1,173,4.3619,4.4846,4.5920,11.9756,-0.0526,4.2841
7320.1,174,4.3863,4.5105,4.6226,11.9756,-0.0542,4.3147
7330.1,175,4.4153,4.5364,4.6516,11.9756,-0.0526,4.3437
7340.1,176,4.4412,4.5715,4.6790,11.9756,-0.0526,4.3696
7350.1,177,4.4718,4.6005,4.7156,11.9756,-0.0526,4.3940
7360.1,178,4.5008,4.6280,4.7446,11.9756,-0.0511,4.4230
7370.1,179,4.5297,4.6646,4.7629,11.9765,-0.0526,4.4505
7380.1,180,4.5557,4.6875,4.7813,11.9747,-0.0496,4.4703
7390.1,181,4.5755,4.7089,4.7965,11.9756,-0.0526,4.4810
7400.1,182,4.5740,4.7119,4.8011,11.9747,-0.0511,4.4749
7410.1,183,4.5664,4.6936,4.7935,11.9747,-0.0526,4.4672
7420.1,184,4.5526,4.6722,4.7721,11.9756,-0.0511,4.4550
7430.1,185,4.5328,4.6570,4.7523,11.9756,-0.0511,4.4383
7440.1,186,4.5099,4.6402,4.7370,11.9756,-0.0511,4.4184
7450.1,187,4.4809,4.6265,4.7156,11.9756,-0.0511,4.3940
7460.1,188,4.4580,4.5990,4.6928,11.9756,-0.0511,4.3681
7470.1,189,4.4367,4.5822,4.6683,11.9765,-0.0511,4.3498
7480.1,190,4.4229,4.5624,4.6470,11.9756,-0.0511,4.3375
7490.1,191,4.4123,4.5410,4.6302,11.9756,-0.0511,4.3238
7500.1,192,4.3985,4.5288,4.6287,11.9765,-0.0526,4.3086
7510.1,193,4.3939,4.5181,4.6226,11.9765,-0.0511,4.2948
7520.1,194,4.3924,4.5135,4.6180,11.9756,-0.0511,4.2979
7530.1,195,4.3878,4.5105,4.6104,11.9765,-0.0526,4.3009
7540.1,196,4.3711,4.4922,4.5829,11.9756,-0.0526,4.2780
7550.1,197,4.3085,4.4312,4.5051,11.9756,-0.0526,4.2063
7560.1,198,4.1803,4.3045,4.3555,11.9765,-0.0526,4.0629
7570.1,199,3.9835,4.1077,4.1221,11.9782,-0.0496,3.8508
7580.1,200,3.7271,3.8406,3.8215,11.9773,-0.0496,3.5716
7590.1,201,3.4143,3.5263,3.4736,11.9799,-0.0496,3.2481
7600.1,202,3.0725,3.1845,3.1028,11.9826,-0.0526,2.9078
7610.1,203,2.7170,2.8351,2.7320,11.9826,-0.0481,2.5645
7620.1,204,2.3660,2.4887,2.3719,11.9852,-0.0465,2.2273
7630.1,205,2.0349,2.1591,2.0362,11.9860,-0.0465,1.9099
7640.1,206,1.7267,1.8448,1.7234,11.9878,-0.0465,1.6139
7650.1,207,1.4459,1.5564,1.4365,11.9904,-0.0450,1.3499
7660.1,208,1.1957,1.2985,1.1909,11.9904,-0.0450,1.1149
7670.1,209,0.9851,1.0788,0.9788,11.9913,-0.0465,0.9181
7680.1,210,0.8066,0.8911,0.8124,11.9939,-0.0481,0.7594
7690.1,211,0.6571,0.7446,0.6705,11.9965,-0.0450,0.6327
7700.1,212,0.5319,0.6180,0.5576,11.9973,-0.0450,0.5335
7710.1,213,0.4389,0.5157,0.4691,11.9982,-0.0450,0.4481
7720.1,214,0.3732,0.4410,0.3989,11.9991,-0.0450,0.3825
7730.1,215,0.3183,0.3876,0.3486,12.0000,-0.0450,0.3352
7740.1,216,0.2863,0.3433,0.3150,12.0017,-0.0450,0.3077
7750.1,217,0.2710,0.3159,0.3104,12.0017,-0.0450,0.3001
7760.1,218,0.2832,0.3265,0.3333,12.0026,-0.0450,0.3214
7770.1,219,0.3275,0.3693,0.3837,12.0043,-0.0450,0.3672
7780.1,220,0.4068,0.4440,0.4691,12.0034,-0.0465,0.4466
7790.1,221,0.5106,0.5432,0.5805,12.0043,-0.0465,0.5579
7800.1,222,0.6235,0.6485,0.6965,12.0052,-0.0465,0.6678
7810.1,223,0.7227,0.7431,0.7880,12.0043,-0.0465,0.7578
7820.1,224,0.7974,0.8118,0.8567,12.0034,-0.0435,0.8173
7830.1,225,0.8447,0.8530,0.8948,12.0034,-0.0450,0.8555
7840.1,226,0.8676,0.8759,0.9101,12.0034,-0.0450,0.8769
7850.1,227,0.8783,0.8865,0.9177,12.0052,-0.0465,0.8708
7860.1,228,0.8905,0.9003,0.9299,12.0043,-0.0450,0.8769
7870.1,229,0.9378,0.9583,0.9971,12.0043,-0.0435,0.9379
7880.1,230,1.0553,1.0834,1.1390,12.0026,-0.0435,1.0676
7890.1,231,1.2506,1.2924,1.3770,12.0034,-0.0420,1.2919
7900.1,232,1.5421,1.5945,1.7219,12.0026,-0.0420,1.6154
7910.1,233,1.9174,1.9608,2.1400,12.0008,-0.0404,2.0014
7920.1,234,2.3157,2.3483,2.5596,11.9991,-0.0374,2.3905
7930.1,235,2.6727,2.6993,2.9197,11.9982,-0.0389,2.7201
7940.1,236,2.9398,2.9648,3.1654,11.9965,-0.0359,2.9582
7950.1,237,3.1076,3.1342,3.2920,11.9965,-0.0313,3.0879
7960.1,238,3.1946,3.2242,3.3469,11.9965,-0.0297,3.1367
7970.1,239,3.2358,3.2654,3.3744,11.9956,-0.0267,3.1550
7980.1,240,3.2648,3.2974,3.3958,11.9947,-0.0252,3.1764
7990.1,241,3.2968,3.3478,3.4370,11.9930,-0.0236,3.2237
8000.1,242,3.3609,3.4271,3.5148,11.9930,-0.0221,3.3030
8010.1,243,3.4433,3.5172,3.6124,11.9921,-0.0175,3.3961
8020.1,244,3.5166,3.5950,3.6964,11.9904,-0.0145,3.4708
8030.1,245,3.5684,3.6514,3.7452,11.9913,-0.0114,3.5136
8040.1,246,3.5822,3.6682,3.7528,11.9895,-0.0099,3.5151
8050.1,247,3.5715,3.6575,3.7437,11.9895,-0.0069,3.4922
8060.1,248,3.5501,3.6316,3.7192,11.9913,-0.0053,3.4617
8070.1,249,3.5181,3.6041,3.6780,11.9904,-0.0008,3.4281
8080.1,250,3.5013,3.5858,3.6643,11.9904,0.0023,3.4190
8090.1,251,3.5379,3.6179,3.7147,11.9895,0.0023,3.4663
8100.1,252,3.6371,3.7277,3.8489,11.9886,0.0069,3.5914
8110.1,253,3.8095,3.9093,4.0595,11.9869,0.0099,3.7898
8120.1,254,4.0460,4.1519,4.3388,11.9869,0.0114,4.0446
8130.1,255,4.3253,4.4281,4.6470,11.9860,0.0130,4.3269
8140.1,0,4.6137,4.7180,4.9522,11.9852,0.0145,4.6092
8150.1,1,4.8883,4.9896,5.2360,11.9826,0.0176,4.8640
8160.1,2,5.1218,5.2231,5.4633,11.9826,0.0176,5.0822
8170.1,3,5.3064,5.4108,5.6388,11.9817,0.0176,5.2439
8180.1,4,5.4392,5.5389,5.7532,11.9808,0.0176,5.3507
8190.1,5,5.5170,5.6137,5.8082,11.9799,0.0206,5.4072
8200.1,6,5.5460,5.6519,5.8189,11.9808,0.0191,5.4240
8210.1,7,5.5399,5.6580,5.8021,11.9799,0.0237,5.4163
8220.1,8,5.5124,5.6396,5.7609,11.9773,0.0221,5.3813
8230.1,9,5.4621,5.5954,5.7059,11.9782,0.0237,5.3248
8240.1,10,5.3949,5.5389,5.6358,11.9765,0.0252,5.2592
8250.1,11,5.3263,5.4733,5.5595,11.9782,0.0252,5.1875
8260.1,12,5.2606,5.4016,5.4908,11.9773,0.0237,5.1203
8270.1,13,5.1920,5.3345,5.4191,11.9773,0.0237,5.0639
8280.1,14,5.1279,5.2765,5.3641,11.9773,0.0267,5.0089
8290.1,15,5.0745,5.2292,5.3184,11.9773,0.0252,4.9647
8300.1,16,5.0302,5.1834,5.2772,11.9773,0.0267,4.9265
8310.1,17,4.9921,5.1392,5.2451,11.9791,0.0267,4.8884
8320.1,18,4.9585,5.1102,5.2039,11.9773,0.0267,4.8579
8330.1,19,4.9219,5.0827,5.1719,11.9782,0.0252,4.8228
8340.1,20,4.8822,5.0507,5.1322,11.9765,0.0237,4.7877
8350.1,21,4.8487,5.0064,5.0971,11.9782,0.0267,4.7450
8360.1,22,4.8120,4.9667,5.0559,11.9773,0.0267,4.7068
8370.1,23,4.7815,4.9240,5.0147,11.9765,0.0267,4.6763
8380.1,24,4.7434,4.8828,4.9720,11.9791,0.0267,4.6458
8390.1,25,4.7022,4.8431,4.9354,11.9791,0.0267,4.6046
8400.1,26,4.6564,4.8050,4.8972,11.9782,0.0267,4.5634
8410.1,27,4.6198,4.7653,4.8606,11.9791,0.0252,4.5329
8420.1,28,4.5877,4.7409,4.8301,11.9782,0.0237,4.5100
8430.1,29,4.5679,4.7195,4.8118,11.9791,0.0252,4.4856
8440.1,30,4.5542,4.7058,4.8011,11.9782,0.0267,4.4795
8450.1,31,4.5389,4.6844,4.7736,11.9782,0.0237,4.4596
8460.1,32,4.5099,4.6524,4.7340,11.9782,0.0252,4.4261
8470.1,33,4.4748,4.6280,4.6958,11.9782,0.0267,4.3955
8480.1,34,4.4580,4.6051,4.6806,11.9791,0.0267,4.3803
8490.1,35,4.4580,4.6036,4.6867,11.9791,0.0252,4.3833
8500.1,36,4.4672,4.6173,4.7156,11.9791,0.0282,4.4016
8510.1,37,4.4901,4.6432,4.7446,11.9791,0.0267,4.4291
8520.1,38,4.5236,4.6722,4.7767,11.9791,0.0282,4.4627
8530.1,39,4.5709,4.7104,4.8148,11.9782,0.0252,4.5023
8540.1,40,4.6121,4.7485,4.8576,11.9782,0.0282,4.5405
8550.1,41,4.6457,4.7821,4.8881,11.9773,0.0282,4.5710
8560.1,42,4.6640,4.8035,4.9049,11.9773,0.0267,4.5878
8570.1,43,4.6686,4.8080,4.9155,11.9765,0.0282,4.5908
8580.1,44,4.6640,4.8065,4.9140,11.9765,0.0267,4.5847
8590.1,45,4.6579,4.8035,4.9003,11.9773,0.0267,4.5710
8600.1,46,4.6533,4.7913,4.8972,11.9765,0.0267,4.5649
8610.1,47,4.6594,4.7943,4.9033,11.9765,0.0267,4.5710
8620.1,48,4.6533,4.7928,4.8896,11.9773,0.0267,4.5573
8630.1,49,4.5954,4.7318,4.8057,11.9773,0.0282,4.4840
8640.1,50,4.4458,4.5822,4.6210,11.9773,0.0267,4.3101
8650.1,51,4.2047,4.3335,4.3235,11.9782,0.0282,4.0415
8660.1,52,3.8812,4.0054,3.9512,11.9799,0.0267,3.6952
8670.1,53,3.5044,3.6255,3.5361,11.9808,0.0282,3.3030
8680.1,54,3.1015,3.2242,3.1028,11.9817,0.0267,2.9078
8690.1,55,2.7033,2.8336,2.7015,11.9843,0.0282,2.5385
8700.1,56,2.3432,2.4811,2.3521,11.9852,0.0267,2.2074
8710.1,57,2.0273,2.1637,2.0347,11.9869,0.0267,1.9114
8720.1,58,1.7404,1.8799,1.7570,11.9878,0.0267,1.6505
8730.1,59,1.4887,1.6235,1.5128,11.9904,0.0252,1.4277
8740.1,60,1.2766,1.4053,1.3129,11.9904,0.0237,1.2385
8750.1,61,1.1179,1.2329,1.1619,11.9921,0.0221,1.0996
8760.1,62,0.9943,1.0956,1.0413,11.9930,0.0206,0.9867
8770.1,63,0.8966,0.9903,0.9483,11.9947,0.0176,0.8936
8780.1,64,0.8158,0.9003,0.8689,11.9965,0.0176,0.8173
8790.1,65,0.7456,0.8209,0.7926,11.9973,0.0160,0.7456
8800.1,66,0.6784,0.7477,0.7255,11.9991,0.0114,0.6861
8810.1,67,0.6311,0.6882,0.6766,12.0000,0.0084,0.6373
8820.1,68,0.5884,0.6470,0.6431,12.0000,0.0053,0.6007
8830.1,69,0.5914,0.6485,0.6614,12.0008,0.0053,0.6159
8840.1,70,0.6800,0.7355,0.7743,12.0026,0.0038,0.7227
8850.1,71,0.8798,0.9308,1.0139,12.0008,0.0023,0.9440
8860.1,72,1.1804,1.2344,1.3663,12.0017,-0.0008,1.2797
8870.1,73,1.5787,1.6266,1.8165,12.0000,-0.0038,1.6947
8880.1,74,2.0349,2.0798,2.3170,11.9991,-0.0038,2.1555
8890.1,75,2.5141,2.5604,2.8297,11.9965,-0.0084,2.6331
8900.1,76,2.9947,3.0334,3.3240,11.9965,-0.0099,3.0848
8910.1,77,3.4357,3.4744,3.7650,11.9930,-0.0145,3.4922
8920.1,78,3.8156,3.8574,4.1312,11.9921,-0.0130,3.8401
8930.1,79,4.1284,4.1702,4.4273,11.9904,-0.0175,4.1178
8940.1,80,4.3680,4.4159,4.6455,11.9878,-0.0206,4.3208
8950.1,81,4.5420,4.5959,4.7950,11.9869,-0.0175,4.4581
8960.1,82,4.6579,4.7119,4.8896,11.9852,-0.0206,4.5466
8970.1,83,4.7220,4.7836,4.9369,11.9843,-0.0236,4.5985
8980.1,84,4.7495,4.8187,4.9598,11.9826,-0.0252,4.6214
8990.1,85,4.7525,4.8340,4.9537,11.9808,-0.0282,4.6198
9000.1,86,4.7418,4.8294,4.9399,11.9808,-0.0282,4.6046
9010.1,87,4.7159,4.8172,4.9155,11.9808,-0.0297,4.5832
9020.1,88,4.6961,4.8050,4.8896,11.9799,-0.0297,4.5680
9030.1,89,4.6716,4.7943,4.8789,11.9791,-0.0328,4.5542
9040.1,90,4.6579,4.7882,4.8759,11.9791,-0.0328,4.5451
9050.1,91,4.6472,4.7882,4.8713,11.9782,-0.0343,4.5405
9060.1,92,4.6366,4.7729,4.8667,11.9782,-0.0328,4.5359
9070.1,93,4.6243,4.7607,4.8560,11.9791,-0.0374,4.5313
9080.1,94,4.6091,4.7424,4.8423,11.9791,-0.0359,4.5161
9090.1,95,4.5923,4.7287,4.8194,11.9782,-0.0343,4.4978
9100.1,96,4.5709,4.7058,4.7904,11.9799,-0.0343,4.4688
9110.1,97,4.5450,4.6799,4.7568,11.9791,-0.0343,4.4367
9120.1,98,4.5114,4.6387,4.7202,11.9782,-0.0359,4.4001
9130.1,99,4.4718,4.5990,4.6851,11.9791,-0.0343,4.3620
9140.1,100,4.4321,4.5609,4.6485,11.9791,-0.0343,4.3223
9150.1,101,4.3894,4.5273,4.6043,11.9799,-0.0359,4.2841
9160.1,102,4.3421,4.4830,4.5615,11.9791,-0.0343,4.2429
9170.1,103,4.2963,4.4388,4.5219,11.9808,-0.0328,4.2033
9180.1,104,4.2612,4.3991,4.4852,11.9808,-0.0328,4.1697
9190.1,105,4.2276,4.3594,4.4486,11.9808,-0.0328,4.1422
9200.1,106,4.2002,4.3396,4.4212,11.9799,-0.0343,4.1209
9210.1,107,4.1803,4.3198,4.3998,11.9817,-0.0328,4.1041
9220.1,108,4.1605,4.3045,4.3845,11.9808,-0.0328,4.0904
9230.1,109,4.1590,4.2999,4.3830,11.9817,-0.0328,4.0827
9240.1,110,4.1651,4.2984,4.3891,11.9817,-0.0328,4.0934
9250.1,111,4.1742,4.3076,4.3937,11.9808,-0.0297,4.1087
9260.1,112,4.1895,4.3228,4.4044,11.9817,-0.0297,4.1239
9270.1,113,4.2063,4.3442,4.4288,11.9799,-0.0282,4.1438
9280.1,114,4.2307,4.3671,4.4486,11.9808,-0.0282,4.1712
9290.1,115,4.2536,4.3945,4.4776,11.9817,-0.0267,4.1895
9300.1,116,4.2795,4.4159,4.5035,11.9808,-0.0236,4.2170
9310.1,117,4.3009,4.4388,4.5341,11.9808,-0.0236,4.2414
9320.1,118,4.3360,4.4662,4.5646,11.9817,-0.0221,4.2658
9330.1,119,4.3711,4.4952,4.5951,11.9808,-0.0206,4.2902
9340.1,120,4.3985,4.5258,4.6271,11.9808,-0.0175,4.3208
9350.1,121,4.4260,4.5517,4.6607,11.9799,-0.0160,4.3543
9360.1,122,4.4565,4.5792,4.6928,11.9799,-0.0130,4.3833
9370.1,123,4.4885,4.6173,4.7294,11.9799,-0.0114,4.4169
9380.1,124,4.5114,4.6463,4.7492,11.9791,-0.0053,4.4383
9390.1,125,4.5252,4.6661,4.7645,11.9799,-0.0053,4.4550
9400.1,126,4.5358,4.6753,4.7752,11.9799,-0.0008,4.4596
9410.1,127,4.5404,4.6799,4.7736,11.9791,0.0023,4.4611
9420.1,128,4.5450,4.6829,4.7782,11.9808,0.0038,4.4596
9430.1,129,4.5389,4.6768,4.7736,11.9808,0.0069,4.4535
9440.1,130,4.5343,4.6722,4.7675,11.9799,0.0099,4.4520
9450.1,131,4.5252,4.6661,4.7614,11.9799,0.0114,4.4505
9460.1,132,4.5206,4.6616,4.7492,11.9791,0.0160,4.4489
9470.1,133,4.5221,4.6524,4.7401,11.9799,0.0176,4.4428
9480.1,134,4.5175,4.6371,4.7355,11.9799,0.0221,4.4291
9490.1,135,4.5069,4.6280,4.7202,11.9799,0.0221,4.4154
9500.1,136,4.4946,4.6204,4.7080,11.9799,0.0252,4.4062
9510.1,137,4.4824,4.6158,4.6973,11.9799,0.0282,4.4047
9520.1,138,4.4794,4.6082,4.6943,11.9791,0.0298,4.3955
9530.1,139,4.4763,4.6005,4.6943,11.9791,0.0313,4.3879
9540.1,140,4.4748,4.6005,4.6943,11.9791,0.0343,4.3894
9550.1,141,4.4687,4.6036,4.7019,11.9791,0.0328,4.3955
9560.1,142,4.4733,4.6112,4.7080,11.9791,0.0359,4.4047
9570.1,143,4.4840,4.6127,4.7126,11.9791,0.0359,4.4093
9580.1,144,4.4809,4.6158,4.7141,11.9782,0.0359,4.4047
9590.1,145,4.4763,4.6127,4.7065,11.9791,0.0343,4.3971
9600.1,146,4.4702,4.6036,4.7019,11.9791,0.0328,4.3849
9610.1,147,4.4611,4.5898,4.6897,11.9791,0.0328,4.3711
9620.1,148,4.4458,4.5792,4.6744,11.9791,0.0328,4.3574
9630.1,149,4.4321,4.5624,4.6561,11.9791,0.0328,4.3421
9640.1,150,4.4168,4.5395,4.6363,11.9773,0.0267,4.3253
9650.1,151,4.3955,4.5212,4.6149,11.9782,0.0221,4.3055
9660.1,152,4.3787,4.5013,4.5936,11.9773,0.0221,4.2811
9670.1,153,4.3604,4.4891,4.5753,11.9782,0.0191,4.2628
9680.1,154,4.3466,4.4739,4.5615,11.9782,0.0176,4.2460
9690.1,155,4.3299,4.4586,4.5524,11.9791,0.0145,4.2307
9700.1,156,4.3176,4.4510,4.5417,11.9773,0.0114,4.2262
9710.1,157,4.3039,4.4479,4.5371,11.9791,0.0099,4.2292
9720.1,158,4.2963,4.4403,4.5386,11.9791,0.0069,4.2368
9730.1,159,4.3024,4.4312,4.5402,11.9782,0.0053,4.2429
9740.1,160,4.3115,4.4357,4.5417,11.9782,0.0008,4.2445
9750.1,161,4.3253,4.4495,4.5463,11.9773,-0.0008,4.2475
9760.1,162,4.3329,4.4601,4.5554,11.9773,-0.0023,4.2475
9770.1,163,4.3375,4.4662,4.5661,11.9791,-0.0038,4.2536
9780.1,164,4.3344,4.4693,4.5692,11.9782,-0.0084,4.2536
9790.1,165,4.3360,4.4678,4.5722,11.9782,-0.0084,4.2460
9800.1,166,4.3329,4.4678,4.5661,11.9782,-0.0099,4.2445
9810.1,167,4.3329,4.4662,4.5570,11.9782,-0.0099,4.2460
9820.1,168,4.3375,4.4632,4.5539,11.9791,-0.0130,4.2460
9830.1,169,4.3299,4.4586,4.5539,11.9782,-0.0145,4.2475
9840.1,170,4.3268,4.4540,4.5478,11.9791,-0.0160,4.2445
9850.1,171,4.3253,4.4571,4.5463,11.9782,-0.0175,4.2429
9860.1,172,4.3253,4.4556,4.5463,11.9782,-0.0191,4.2429
9870.1,173,4.3299,4.4571,4.5509,11.9791,-0.0191,4.2460
9880.1,174,4.3299,4.4601,4.5570,11.9782,-0.0206,4.2460
9890.1,175,4.3344,4.4678,4.5646,11.9782,-0.0221,4.2521
9900.1,176,4.3436,4.4769,4.5814,11.9791,-0.0221,4.2597
9910.1,177,4.3558,4.4876,4.5905,11.9782,-0.0221,4.2689
9920.1,178,4.3695,4.4968,4.5951,11.9791,-0.0221,4.2796
9930.1,179,4.3787,4.5044,4.6043,11.9791,-0.0206,4.2933
9940.1,180,4.3894,4.5135,4.6088,11.9791,-0.0221,4.3009
9950.1,181,4.3939,4.5227,4.6180,11.9782,-0.0175,4.3086
9960.1,182,4.3985,4.5334,4.6256,11.9782,-0.0191,4.3147
9970.1,183,4.4000,4.5349,4.6317,11.9791,-0.0175,4.3238
9980.1,184,4.4046,4.5364,4.6332,11.9791,-0.0160,4.3345
9990.1,185,4.4046,4.5303,4.6332,11.9791,-0.0160,4.3345
10000.1,186,4.4061,4.5319,4.6332,11.9782,-0.0114,4.3314
10010.1,187,4.4031,4.5349,4.6302,11.9791,-0.0099,4.3238
10020.1,188,4.4016,4.5395,4.6241,11.9791,-0.0084,4.3253
10030.1,189,4.4016,4.5319,4.6149,11.9782,-0.0069,4.3238
10040.1,190,4.3985,4.5303,4.6104,11.9782,-0.0069,4.3253
10050.1,191,4.3939,4.5273,4.6149,11.9791,-0.0038,4.3238
10060.1,192,4.3878,4.5197,4.6119,11.9791,-0.0023,4.3086
10070.1,193,4.3756,4.5044,4.5966,11.9791,-0.0038,4.2918
10080.1,194,4.3573,4.4876,4.5768,11.9782,-0.0023,4.2765
10090.1,195,4.3466,4.4708,4.5631,11.9782,-0.0023,4.2674
10100.1,196,4.3268,4.4556,4.5524,11.9782,-0.0023,4.2506
10110.1,197,4.3100,4.4449,4.5386,11.9782,-0.0023,4.2368
10120.1,198,4.2963,4.4327,4.5249,11.9773,-0.0023,4.2185
10130.1,199,4.2826,4.4220,4.5142,11.9773,-0.0038,4.2094
10140.1,200,4.2719,4.4037,4.5081,11.9773,-0.0053,4.2017
10150.1,201,4.2612,4.3884,4.4974,11.9773,-0.0069,4.1895
10160.1,202,4.2520,4.3793,4.4776,11.9765,-0.0084,4.1789
10170.1,203,4.2398,4.3716,4.4700,11.9773,-0.0099,4.1697
10180.1,204,4.2368,4.3655,4.4593,11.9773,-0.0099,4.1560
10190.1,205,4.2383,4.3671,4.4578,11.9756,-0.0114,4.1605
10200.1,206,4.2475,4.3793,4.4654,11.9773,-0.0145,4.1743
10210.1,207,4.2673,4.4067,4.4883,11.9782,-0.0160,4.1941
10220.1,208,4.2902,4.4296,4.5188,11.9773,-0.0175,4.2124
10230.1,209,4.3146,4.4495,4.5447,11.9782,-0.0191,4.2353
10240.1,210,4.3390,4.4678,4.5570,11.9782,-0.0221,4.2567
10250.1,211,4.3558,4.4830,4.5753,11.9773,-0.0206,4.2689
10260.1,212,4.3604,4.4922,4.5859,11.9773,-0.0221,4.2735
10270.1,213,4.3588,4.4968,4.5905,11.9773,-0.0252,4.2750
10280.1,214,4.3588,4.4952,4.5920,11.9773,-0.0252,4.2796
10290.1,215,4.3543,4.4922,4.5844,11.9782,-0.0252,4.2765
10300.1,216,4.3512,4.4891,4.5722,11.9773,-0.0252,4.2719
10310.1,217,4.3421,4.4815,4.5631,11.9765,-0.0236,4.2597
10320.1,218,4.3375,4.4724,4.5539,11.9782,-0.0267,4.2460
10330.1,219,4.3344,4.4617,4.5509,11.9773,-0.0252,4.2399
10340.1,220,4.3222,4.4540,4.5478,11.9782,-0.0252,4.2353
10350.1,221,4.3176,4.4495,4.5463,11.9782,-0.0297,4.2338
10360.1,222,4.3131,4.4464,4.5402,11.9773,-0.0252,4.2307
10370.1,223,4.3085,4.4449,4.5432,11.9782,-0.0282,4.2307
10380.1,224,4.3131,4.4495,4.5478,11.9765,-0.0282,4.2384
10390.1,225,4.3207,4.4617,4.5570,11.9791,-0.0282,4.2490
10400.1,226,4.3283,4.4678,4.5661,11.9773,-0.0313,4.2613
10410.1,227,4.3436,4.4800,4.5829,11.9773,-0.0297,4.2719
10420.1,228,4.3573,4.4891,4.5920,11.9782,-0.0297,4.2796
10430.1,229,4.3680,4.5029,4.6027,11.9773,-0.0313,4.2902
10440.1,230,4.3817,4.5120,4.6134,11.9765,-0.0328,4.3009
10450.1,231,4.3939,4.5151,4.6195,11.9773,-0.0343,4.3086
10460.1,232,4.4016,4.5227,4.6287,11.9765,-0.0343,4.3116
10470.1,233,4.4031,4.5349,4.6363,11.9773,-0.0343,4.3162
10480.1,234,4.4092,4.5395,4.6394,11.9773,-0.0343,4.3208
10490.1,235,4.4123,4.5395,4.6378,11.9773,-0.0343,4.3192
10500.1,236,4.4092,4.5380,4.6378,11.9765,-0.0374,4.3223
10510.1,237,4.4016,4.5334,4.6271,11.9773,-0.0389,4.3116
10520.1,238,4.3894,4.5197,4.6073,11.9773,-0.0404,4.2994
10530.1,239,4.3680,4.5029,4.5905,11.9765,-0.0404,4.2811
10540.1,240,4.3451,4.4785,4.5707,11.9773,-0.0404,4.2597
10550.1,241,4.3268,4.4617,4.5509,11.9765,-0.0404,4.2445
10560.1,242,4.3100,4.4418,4.5325,11.9765,-0.0420,4.2262
10570.1,243,4.2932,4.4312,4.5127,11.9773,-0.0435,4.2063
10580.1,244,4.2673,4.4037,4.4852,11.9791,-0.0465,4.1743
10590.1,245,4.2124,4.3411,4.4196,11.9773,-0.0450,4.1132
10600.1,246,4.1117,4.2313,4.2899,11.9791,-0.0465,3.9942
10610.1,247,3.9331,4.0558,4.0794,11.9799,-0.0465,3.8050
10620.1,248,3.6905,3.8177,3.8001,11.9799,-0.0465,3.5456
10630.1,249,3.3930,3.5187,3.4690,11.9817,-0.0435,3.2404
10640.1,250,3.0634,3.1891,3.1058,11.9834,-0.0465,2.9047
10650.1,251,2.7262,2.8503,2.7412,11.9843,-0.0450,2.5691
10660.1,252,2.3905,2.5131,2.3887,11.9860,-0.0450,2.2471
10670.1,253,2.0700,2.1851,2.0591,11.9878,-0.0435,1.9358
10680.1,254,1.7649,1.8814,1.7539,11.9886,-0.0420,1.6505
10690.1,255,1.4917,1.6037,1.4884,11.9913,-0.0404,1.4002
10700.1,0,1.2537,1.3580,1.2595,11.9921,-0.0389,1.1805
10710.1,1,1.0523,1.1490,1.0688,11.9947,-0.0374,0.9989
10720.1,2,0.8920,0.9796,0.9086,11.9965,-0.0359,0.8555
10730.1,3,0.7608,0.8484,0.7896,11.9973,-0.0343,0.7472
10740.1,4,0.6708,0.7507,0.6995,11.9991,-0.0343,0.6678
10750.1,5,0.6021,0.6729,0.6309,12.0008,-0.0313,0.6144
10760.1,6,0.5533,0.6104,0.5805,12.0008,-0.0282,0.5717
10770.1,7,0.5152,0.5585,0.5439,12.0017,-0.0267,0.5335
10780.1,8,0.4846,0.5310,0.5241,12.0034,-0.0267,0.5061
10790.1,9,0.4755,0.5112,0.5103,12.0052,-0.0236,0.4908
10800.1,10,0.4663,0.4944,0.4951,12.0060,-0.0206,0.4755
10810.1,11,0.4587,0.4791,0.4874,12.0069,-0.0191,0.4664
10820.1,12,0.4541,0.4791,0.4905,12.0078,-0.0191,0.4694
10830.1,13,0.4587,0.4852,0.4920,12.0078,-0.0160,0.4725
10840.1,14,0.4694,0.4868,0.4920,12.0087,-0.0160,0.4740
10850.1,15,0.4724,0.4898,0.4966,12.0087,-0.0160,0.4740
10860.1,16,0.4709,0.4898,0.4951,12.0104,-0.0130,0.4710
10870.1,17,0.4679,0.4837,0.4874,12.0095,-0.0145,0.4649
10880.1,18,0.4709,0.4822,0.4844,12.0095,-0.0160,0.4618
10890.1,19,0.4724,0.4868,0.4890,12.0087,-0.0145,0.4649
10900.1,20,0.4785,0.4944,0.5073,12.0104,-0.0145,0.4817
10910.1,21,0.4923,0.5142,0.5363,12.0095,-0.0175,0.5061
10920.1,22,0.5182,0.5386,0.5607,12.0104,-0.0160,0.5320
10930.1,23,0.5457,0.5646,0.5820,12.0113,-0.0175,0.5564
10940.1,24,0.5792,0.5920,0.6187,12.0104,-0.0175,0.5839
10950.1,25,0.6128,0.6241,0.6553,12.0104,-0.0191,0.6129
10960.1,26,0.6571,0.6683,0.7102,12.0113,-0.0191,0.6571
10970.1,27,0.7211,0.7385,0.7865,12.0104,-0.0221,0.7243
10980.1,28,0.8097,0.8331,0.8887,12.0095,-0.0221,0.8265
10990.1,29,0.9241,0.9506,1.0139,12.0095,-0.0236,0.9470
11000.1,30,1.0538,1.0742,1.1542,12.0087,-0.0236,1.0752
11010.1,31,1.1759,1.1948,1.2717,12.0078,-0.0236,1.1897
11020.1,32,1.2674,1.2802,1.3496,12.0078,-0.0236,1.2690
11030.1,33,1.3193,1.3336,1.3984,12.0078,-0.0252,1.3102
11040.1,34,1.3422,1.3550,1.4136,12.0078,-0.0267,1.3239
11050.1,35,1.3452,1.3672,1.4136,12.0069,-0.0282,1.3178
11060.1,36,1.3330,1.3596,1.3938,12.0069,-0.0282,1.2980
11070.1,37,1.3162,1.3412,1.3663,12.0060,-0.0297,1.2827
11080.1,38,1.3284,1.3580,1.3862,12.0060,-0.0297,1.3041
11090.1,39,1.3956,1.4404,1.4838,12.0060,-0.0313,1.3926
11100.1,40,1.5482,1.5976,1.6791,12.0069,-0.0313,1.5666
11110.1,41,1.8015,1.8539,1.9828,12.0052,-0.0328,1.8427
11120.1,42,2.1356,2.1851,2.3612,12.0043,-0.0328,2.1967
11130.1,43,2.4927,2.5421,2.7488,12.0017,-0.0328,2.5599
11140.1,44,2.8131,2.8580,3.0677,12.0008,-0.0328,2.8620
11150.1,45,3.0466,3.0899,3.2859,12.0008,-0.0343,3.0604
11160.1,46,3.1885,3.2227,3.3897,11.9982,-0.0328,3.1550
11170.1,47,3.2327,3.2684,3.3942,11.9973,-0.0343,3.1657
11180.1,48,3.2266,3.2700,3.3668,11.9982,-0.0359,3.1367
11190.1,49,3.2114,3.2608,3.3378,11.9973,-0.0359,3.1062
11200.1,50,3.2053,3.2669,3.3347,11.9973,-0.0359,3.1046
11210.1,51,3.2343,3.3035,3.3744,11.9956,-0.0374,3.1474
11220.1,52,3.2877,3.3600,3.4431,11.9947,-0.0359,3.2130
11230.1,53,3.3411,3.4210,3.5117,11.9956,-0.0374,3.2771
11240.1,54,3.3762,3.4592,3.5499,11.9947,-0.0389,3.3106
11250.1,55,3.3792,3.4698,3.5514,11.9939,-0.0389,3.3061
11260.1,56,3.3640,3.4607,3.5270,11.9930,-0.0404,3.2786
11270.1,57,3.3365,3.4393,3.5010,11.9921,-0.0404,3.2496
11280.1,58,3.2999,3.4012,3.4629,11.9930,-0.0389,3.2191
11290.1,59,3.2770,3.3768,3.4461,11.9921,-0.0420,3.1992
11300.1,60,3.2999,3.4012,3.4797,11.9913,-0.0420,3.2359
11310.1,61,3.3945,3.5080,3.6109,11.9904,-0.0420,3.3610
11320.1,62,3.5730,3.6880,3.8322,11.9904,-0.0420,3.5685
11330.1,63,3.8233,3.9398,4.1251,11.9904,-0.0435,3.8340
11340.1,64,4.1193,4.2343,4.4425,11.9878,-0.0450,4.1331
11350.1,65,4.4351,4.5410,4.7645,11.9869,-0.0450,4.4337
11360.1,66,4.7266,4.8309,5.0574,11.9852,-0.0435,4.7083
11370.1,67,4.9784,5.0812,5.3092,11.9843,-0.0435,4.9418
11380.1,68,5.1828,5.2841,5.5045,11.9834,-0.0435,5.1295
11390.1,69,5.3324,5.4321,5.6403,11.9834,-0.0435,5.2500
11400.1,70,5.4239,5.5237,5.7212,11.9817,-0.0450,5.3217
11410.1,71,5.4727,5.5725,5.7517,11.9817,-0.0435,5.3538
11420.1,72,5.4788,5.5832,5.7365,11.9808,-0.0435,5.3462
11430.1,73,5.4468,5.5649,5.6922,11.9799,-0.0420,5.2973
11440.1,74,5.3903,5.5206,5.6266,11.9791,-0.0435,5.2378
11450.1,75,5.3171,5.4550,5.5518,11.9799,-0.0420,5.1661
11460.1,76,5.2454,5.3909,5.4710,11.9791,-0.0435,5.0990
11470.1,77,5.1767,5.3268,5.3977,11.9782,-0.0420,5.0333
11480.1,78,5.1126,5.2673,5.3413,11.9791,-0.0404,4.9769
11490.1,79,5.0562,5.2094,5.2955,11.9782,-0.0420,4.9265
11500.1,80,5.0089,5.1605,5.2482,11.9782,-0.0404,4.8884
11510.1,81,4.9631,5.1147,5.2070,11.9791,-0.0420,4.8563
11520.1,82,4.9249,5.0690,5.1719,11.9773,-0.0420,4.8228
11530.1,83,4.8929,5.0415,5.1414,11.9782,-0.0420,4.7968
11540.1,84,4.8654,5.0156,5.1231,11.9782,-0.0404,4.7709
11550.1,85,4.8425,4.9942,5.1017,11.9782,-0.0404,4.7556
11560.1,86,4.8273,4.9774,5.0895,11.9782,-0.0404,4.7373
11570.1,87,4.8151,4.9667,5.0727,11.9782,-0.0389,4.7266
11580.1,88,4.8029,4.9576,5.0529,11.9791,-0.0404,4.7144
11590.1,89,4.7861,4.9393,5.0330,11.9791,-0.0404,4.6992
11600.1,90,4.7678,4.9210,5.0147,11.9782,-0.0374,4.6763
11610.1,91,4.7525,4.8981,4.9949,11.9773,-0.0374,4.6580
11620.1,92,4.7312,4.8767,4.9750,11.9782,-0.0389,4.6427
11630.1,93,4.7128,4.8630,4.9567,11.9782,-0.0359,4.6259
11640.1,94,4.7006,4.8508,4.9384,11.9782,-0.0343,4.6076
11650.1,95,4.6900,4.8401,4.9232,11.9791,-0.0343,4.5954
11660.1,96,4.6762,4.8279,4.9201,11.9799,-0.0328,4.5878
11670.1,97,4.6594,4.8126,4.9094,11.9791,-0.0343,4.5786
11680.1,98,4.6472,4.7958,4.8926,11.9791,-0.0328,4.5649
11690.1,99,4.6366,4.7821,4.8743,11.9791,-0.0313,4.5466
11700.1,100,4.6137,4.7607,4.8499,11.9799,-0.0313,4.5207
11710.1,101,4.5923,4.7394,4.8225,11.9791,-0.0297,4.5008
11720.1,102,4.5694,4.7165,4.7950,11.9808,-0.0267,4.4749
11730.1,103,4.5435,4.6951,4.7691,11.9791,-0.0297,4.4581
11740.1,104,4.5206,4.6722,4.7538,11.9799,-0.0282,4.4413
11750.1,105,4.5038,4.6524,4.7355,11.9791,-0.0267,4.4276
11760.1,106,4.4901,4.6371,4.7202,11.9782,-0.0282,4.4138
11770.1,107,4.4733,4.6234,4.7004,11.9791,-0.0267,4.3940
11780.1,108,4.4580,4.6036,4.6790,11.9782,-0.0282,4.3742
11790.1,109,4.4367,4.5776,4.6577,11.9782,-0.0267,4.3498
11800.1,110,4.4229,4.5517,4.6394,11.9782,-0.0252,4.3299
11810.1,111,4.4092,4.5319,4.6241,11.9791,-0.0267,4.3116
11820.1,112,4.3924,4.5181,4.6134,11.9782,-0.0252,4.2918
11830.1,113,4.3711,4.5029,4.5905,11.9791,-0.0267,4.2735
11840.1,114,4.3482,4.4815,4.5676,11.9782,-0.0267,4.2613
11850.1,115,4.3283,4.4617,4.5539,11.9782,-0.0252,4.2490
11860.1,116,4.3100,4.4464,4.5402,11.9773,-0.0267,4.2399
11870.1,117,4.3024,4.4357,4.5386,11.9782,-0.0267,4.2323
11880.1,118,4.2993,4.4327,4.5402,11.9782,-0.0267,4.2246
11890.1,119,4.2993,4.4312,4.5356,11.9791,-0.0267,4.2216
11900.1,120,4.2932,4.4342,4.5264,11.9791,-0.0282,4.2201
11910.1,121,4.2917,4.4296,4.5188,11.9791,-0.0282,4.2185
11920.1,122,4.2917,4.4250,4.5158,11.9791,-0.0282,4.2185
11930.1,123,4.2887,4.4235,4.5127,11.9791,-0.0297,4.2155
11940.1,124,4.2856,4.4174,4.5127,11.9782,-0.0282,4.2155
11950.1,125,4.2871,4.4159,4.5142,11.9799,-0.0297,4.2109
11960.1,126,4.2902,4.4144,4.5112,11.9791,-0.0297,4.2078
11970.1,127,4.2917,4.4128,4.5081,11.9782,-0.0252,4.2078
11980.1,128,4.2856,4.4144,4.5020,11.9773,-0.0282,4.2033
11990.1,129,4.2749,4.4098,4.4974,11.9791,-0.0297,4.2002
12000.1,130,4.2764,4.4128,4.4944,11.9782,-0.0297,4.2002
12010.1,131,4.2734,4.4022,4.4929,11.9791,-0.0297,4.1972
12020.1,132,4.2719,4.3991,4.4883,11.9782,-0.0297,4.2017
12030.1,133,4.2703,4.4037,4.4898,11.9782,-0.0297,4.1972
12040.1,134,4.2688,4.4067,4.4959,11.9799,-0.0297,4.1941
12050.1,135,4.2719,4.4083,4.4990,11.9791,-0.0297,4.1972
12060.1,136,4.2673,4.4113,4.5020,11.9791,-0.0328,4.1941
12070.1,137,4.2688,4.4098,4.4959,11.9773,-0.0343,4.1941
12080.1,138,4.2627,4.4037,4.4898,11.9773,-0.0313,4.1941
12090.1,139,4.2642,4.3991,4.4898,11.9782,-0.0328,4.1865
12100.1,140,4.2627,4.4037,4.4959,11.9782,-0.0328,4.1911
12110.1,141,4.2688,4.4128,4.5051,11.9782,-0.0328,4.1987
12120.1,142,4.2810,4.4235,4.5142,11.9782,-0.0313,4.2078
12130.1,143,4.2963,4.4342,4.5310,11.9791,-0.0328,4.2216
12140.1,144,4.3131,4.4449,4.5463,11.9791,-0.0343,4.2323
12150.1,145,4.3222,4.4586,4.5585,11.9782,-0.0328,4.2445
12160.1,146,4.3314,4.4693,4.5646,11.9782,-0.0328,4.2552
12170.1,147,4.3390,4.4785,4.5737,11.9791,-0.0343,4.2658
12180.1,148,4.3436,4.4830,4.5768,11.9782,-0.0328,4.2735
12190.1,149,4.3512,4.4891,4.5768,11.9782,-0.0328,4.2765
12200.1,150,4.3543,4.4861,4.5753,11.9782,-0.0328,4.2857
12210.1,151,4.3604,4.4861,4.5768,11.9782,-0.0313,4.2887
12220.1,152,4.3665,4.4907,4.5814,11.9782,-0.0343,4.2887
12230.1,153,4.3665,4.4968,4.5890,11.9773,-0.0343,4.2811
12240.1,154,4.3649,4.4922,4.5920,11.9773,-0.0343,4.2765
12250.1,155,4.3588,4.4922,4.5890,11.9765,-0.0343,4.2750
12260.1,156,4.3543,4.4891,4.5844,11.9765,-0.0359,4.2765
12270.1,157,4.3512,4.4876,4.5829,11.9782,-0.0359,4.2704
12280.1,158,4.3527,4.4876,4.5814,11.9782,-0.0359,4.2704
12290.1,159,4.3527,4.4846,4.5753,11.9773,-0.0374,4.2735
12300.1,160,4.3497,4.4830,4.5753,11.9773,-0.0359,4.2704
12310.1,161,4.3512,4.4800,4.5798,11.9765,-0.0389,4.2674
12320.1,162,4.3497,4.4769,4.5814,11.9773,-0.0389,4.2643
12330.1,163,4.3466,4.4739,4.5829,11.9782,-0.0389,4.2674
12340.1,164,4.3421,4.4693,4.5783,11.9782,-0.0389,4.2643
12350.1,165,4.3436,4.4708,4.5737,11.9773,-0.0389,4.2613
12360.1,166,4.3421,4.4678,4.5737,11.9782,-0.0389,4.2552
12370.1,167,4.3390,4.4662,4.5707,11.9773,-0.0374,4.2521
12380.1,168,4.3360,4.4601,4.5692,11.9773,-0.0389,4.2521
12390.1,169,4.3329,4.4586,4.5661,11.9782,-0.0404,4.2490
12400.1,170,4.3329,4.4601,4.5661,11.9773,-0.0404,4.2475
12410.1,171,4.3360,4.4678,4.5631,11.9773,-0.0389,4.2552
12420.1,172,4.3436,4.4785,4.5737,11.9782,-0.0404,4.2628
12430.1,173,4.3543,4.4922,4.5829,11.9773,-0.0404,4.2735
12440.1,174,4.3726,4.5074,4.6027,11.9773,-0.0404,4.2933
12450.1,175,4.3909,4.5197,4.6226,11.9773,-0.0420,4.3192
12460.1,176,4.4061,4.5334,4.6363,11.9773,-0.0404,4.3345
12470.1,177,4.4214,4.5486,4.6546,11.9782,-0.0420,4.3421
12480.1,178,4.4321,4.5609,4.6622,11.9773,-0.0404,4.3452
12490.1,179,4.4382,4.5670,4.6699,11.9782,-0.0404,4.3498
12500.1,180,4.4382,4.5731,4.6699,11.9782,-0.0420,4.3559
12510.1,181,4.4397,4.5776,4.6683,11.9773,-0.0450,4.3559
12520.1,182,4.4382,4.5776,4.6653,11.9773,-0.0435,4.3498
12530.1,183,4.4351,4.5731,4.6638,11.9782,-0.0420,4.3482
12540.1,184,4.4290,4.5670,4.6577,11.9782,-0.0435,4.3467
12550.1,185,4.4184,4.5609,4.6500,11.9773,-0.0465,4.3421
12560.1,186,4.4107,4.5502,4.6378,11.9765,-0.0450,4.3314
12570.1,187,4.4061,4.5410,4.6271,11.9773,-0.0420,4.3208
12580.1,188,4.4000,4.5334,4.6165,11.9765,-0.0450,4.3131
12590.1,189,4.3878,4.5242,4.6088,11.9773,-0.0465,4.2979
12600.1,190,4.3756,4.5135,4.5951,11.9773,-0.0435,4.2857
12610.1,191,4.3558,4.4937,4.5753,11.9773,-0.0465,4.2658
12620.1,192,4.3360,4.4724,4.5554,11.9782,-0.0450,4.2475
12630.1,193,4.3207,4.4571,4.5371,11.9773,-0.0450,4.2384
12640.1,194,4.3131,4.4464,4.5295,11.9765,-0.0465,4.2277
12650.1,195,4.3054,4.4434,4.5325,11.9756,-0.0450,4.2277
12660.1,196,4.3054,4.4434,4.5371,11.9773,-0.0450,4.2307
12670.1,197,4.3131,4.4510,4.5493,11.9782,-0.0450,4.2460
12680.1,198,4.3268,4.4647,4.5707,11.9791,-0.0481,4.2567
12690.1,199,4.3436,4.4815,4.5936,11.9773,-0.0450,4.2719
12700.1,200,4.3680,4.4907,4.6027,11.9773,-0.0465,4.2887
12710.1,201,4.3848,4.5029,4.6119,11.9773,-0.0481,4.2994
12720.1,202,4.3924,4.5151,4.6256,11.9782,-0.0481,4.3086
12730.1,203,4.3909,4.5258,4.6302,11.9773,-0.0481,4.3177
12740.1,204,4.3939,4.5303,4.6332,11.9782,-0.0450,4.3192
12750.1,205,4.3985,4.5319,4.6317,11.9782,-0.0481,4.3147
12760.1,206,4.3939,4.5227,4.6165,11.9782,-0.0481,4.3070
12770.1,207,4.3787,4.5074,4.5951,11.9773,-0.0481,4.2872
12780.1,208,4.3512,4.4861,4.5676,11.9773,-0.0481,4.2597
12790.1,209,4.3237,4.4540,4.5356,11.9782,-0.0481,4.2307
12800.1,210,4.3024,4.4296,4.5142,11.9773,-0.0481,4.2078
12810.1,211,4.2932,4.4220,4.5051,11.9782,-0.0450,4.2002
12820.1,212,4.2948,4.4189,4.5097,11.9782,-0.0450,4.2017
12830.1,213,4.2963,4.4312,4.5219,11.9773,-0.0481,4.2170
12840.1,214,4.3100,4.4464,4.5402,11.9782,-0.0465,4.2399
12850.1,215,4.3253,4.4632,4.5631,11.9782,-0.0496,4.2613
12860.1,216,4.3451,4.4830,4.5844,11.9773,-0.0481,4.2796
12870.1,217,4.3665,4.5029,4.6058,11.9773,-0.0496,4.2933
12880.1,218,4.3802,4.5166,4.6165,11.9782,-0.0481,4.3025
12890.1,219,4.3909,4.5227,4.6210,11.9782,-0.0481,4.3070
12900.1,220,4.3894,4.5197,4.6119,11.9765,-0.0496,4.3009
12910.1,221,4.3817,4.5120,4.6012,11.9773,-0.0481,4.2902
12920.1,222,4.3680,4.4952,4.5859,11.9782,-0.0496,4.2765
12930.1,223,4.3527,4.4739,4.5615,11.9782,-0.0496,4.2536
12940.1,224,4.3314,4.4586,4.5447,11.9782,-0.0481,4.2353
12950.1,225,4.3161,4.4464,4.5386,11.9782,-0.0496,4.2277
12960.1,226,4.3070,4.4434,4.5341,11.9782,-0.0511,4.2292
12970.1,227,4.3085,4.4464,4.5402,11.9773,-0.0496,4.2323
12980.1,228,4.3146,4.4540,4.5447,11.9782,-0.0496,4.2414
12990.1,229,4.3237,4.4586,4.5600,11.9782,-0.0511,4.2506
13000.1,230,4.3344,4.4678,4.5707,11.9791,-0.0511,4.2613
13010.1,231,4.3405,4.4815,4.5844,11.9773,-0.0511,4.2704
13020.1,232,4.3527,4.4891,4.5951,11.9765,-0.0496,4.2811
13030.1,233,4.3634,4.4983,4.6012,11.9782,-0.0511,4.2902
13040.1,234,4.3741,4.5059,4.6043,11.9782,-0.0511,4.2902
13050.1,235,4.3802,4.5090,4.6119,11.9782,-0.0496,4.2933
13060.1,236,4.3772,4.5074,4.6134,11.9773,-0.0496,4.2979
13070.1,237,4.3756,4.5105,4.6104,11.9773,-0.0511,4.3025
13080.1,238,4.3741,4.5120,4.6043,11.9773,-0.0481,4.3025
13090.1,239,4.3787,4.5120,4.5997,11.9765,-0.0511,4.3025
13100.1,240,4.3802,4.5151,4.6058,11.9782,-0.0511,4.3055
13110.1,241,4.3558,4.4846,4.5676,11.9773,-0.0496,4.2658
13120.1,242,4.2642,4.3869,4.4486,11.9782,-0.0511,4.1514
13130.1,243,4.0933,4.2160,4.2441,11.9791,-0.0496,3.9485
13140.1,244,3.8400,3.9673,3.9512,11.9791,-0.0481,3.6753
13150.1,245,3.5242,3.6560,3.6048,11.9808,-0.0496,3.3564
13160.1,246,3.1763,3.3035,3.2249,11.9808,-0.0511,3.0146
13170.1,247,2.8177,2.9434,2.8495,11.9826,-0.0496,2.6682
13180.1,248,2.4820,2.6062,2.5016,11.9843,-0.0481,2.3463
13190.1,249,2.1753,2.2949,2.1949,11.9852,-0.0496,2.0579
13200.1,250,1.8930,2.0111,1.9141,11.9878,-0.0496,1.7909
13210.1,251,1.6474,1.7639,1.6761,11.9886,-0.0496,1.5696
13220.1,252,1.4612,1.5762,1.5006,11.9895,-0.0496,1.4079
13230.1,253,1.3269,1.4389,1.3847,11.9921,-0.0496,1.3011
13240.1,254,1.2415,1.3565,1.3145,11.9930,-0.0496,1.2354
13250.1,255,1.1850,1.2909,1.2717,11.9947,-0.0481,1.1927
13260.1,0,1.1347,1.2299,1.2229,11.9956,-0.0511,1.1408
13270.1,1,1.0782,1.1566,1.1603,11.9965,-0.0496,1.0798
13280.1,2,1.0156,1.0849,1.0825,11.9973,-0.0511,1.0127
13290.1,3,0.9500,1.0147,1.0078,11.9991,-0.0496,0.9425
13300.1,4,0.8982,0.9491,0.9406,12.0000,-0.0496,0.8814
13310.1,5,0.8508,0.8957,0.8842,12.0008,-0.0496,0.8326
13320.1,6,0.8264,0.8728,0.8643,12.0008,-0.0496,0.8173
13330.1,7,0.8554,0.9109,0.9284,12.0017,-0.0496,0.8753
13340.1,8,0.9805,1.0468,1.0978,12.0000,-0.0496,1.0340
13350.1,9,1.2155,1.2741,1.3785,12.0000,-0.0526,1.2873
13360.1,10,1.5344,1.5900,1.7448,12.0000,-0.0526,1.6261
13370.1,11,1.9144,1.9745,2.1659,11.9982,-0.0526,2.0167
13380.1,12,2.3294,2.3865,2.6038,11.9973,-0.0511,2.4302
13390.1,13,2.7521,2.7954,3.0372,11.9956,-0.0542,2.8315
13400.1,14,3.1442,3.1799,3.4309,11.9939,-0.0511,3.1977
13410.1,15,3.4906,3.5278,3.7772,11.9921,-0.0496,3.5212
13420.1,16,3.7912,3.8330,4.0656,11.9921,-0.0511,3.7913
13430.1,17,4.0293,4.0787,4.2899,11.9895,-0.0496,4.0034
13440.1,18,4.2200,4.2725,4.4654,11.9869,-0.0511,4.1651
13450.1,19,4.3604,4.4144,4.5920,11.9860,-0.0496,4.2811
13460.1,20,4.4489,4.5090,4.6714,11.9852,-0.0496,4.3528
13470.1,21,4.5084,4.5731,4.7172,11.9843,-0.0511,4.3986
13480.1,22,4.5420,4.6082,4.7401,11.9843,-0.0511,4.4215
13490.1,23,4.5557,4.6280,4.7538,11.9826,-0.0511,4.4276
13500.1,24,4.5481,4.6432,4.7523,11.9826,-0.0511,4.4276
13510.1,25,4.5358,4.6509,4.7416,11.9808,-0.0511,4.4184
13520.1,26,4.5145,4.6417,4.7202,11.9817,-0.0511,4.4123
13530.1,27,4.4916,4.6249,4.7065,11.9799,-0.0511,4.4016
13540.1,28,4.4763,4.5990,4.6912,11.9799,-0.0511,4.3787
13550.1,29,4.4596,4.5792,4.6668,11.9799,-0.0511,4.3589
13560.1,30,4.4428,4.5624,4.6470,11.9791,-0.0526,4.3406
13570.1,31,4.4199,4.5441,4.6195,11.9799,-0.0542,4.3238
13580.1,32,4.3955,4.5242,4.6027,11.9808,-0.0526,4.2994
13590.1,33,4.3726,4.5059,4.5875,11.9791,-0.0511,4.2780
13600.1,34,4.3543,4.4830,4.5722,11.9791,-0.0496,4.2552
13610.1,35,4.3390,4.4678,4.5585,11.9799,-0.0526,4.2414
13620.1,36,4.3253,4.4571,4.5478,11.9791,-0.0511,4.2338
13630.1,37,4.3085,4.4403,4.5325,11.9808,-0.0526,4.2231
13640.1,38,4.2826,4.4266,4.5066,11.9799,-0.0496,4.2002
13650.1,39,4.2597,4.3991,4.4761,11.9808,-0.0511,4.1743
13660.1,40,4.2398,4.3640,4.4440,11.9799,-0.0481,4.1483
13670.1,41,4.2139,4.3304,4.4105,11.9817,-0.0481,4.1163
13680.1,42,4.1834,4.2999,4.3815,11.9817,-0.0496,4.0812
13690.1,43,4.1498,4.2770,4.3616,11.9808,-0.0496,4.0522
13700.1,44,4.1193,4.2572,4.3433,11.9808,-0.0496,4.0385
13710.1,45,4.1025,4.2404,4.3296,11.9808,-0.0481,4.0385
13720.1,46,4.0994,4.2358,4.3281,11.9817,-0.0465,4.0339
13730.1,47,4.0994,4.2435,4.3235,11.9799,-0.0481,4.0385
13740.1,48,4.1025,4.2557,4.3281,11.9826,-0.0450,4.0431
13750.1,49,4.1147,4.2587,4.3388,11.9808,-0.0435,4.0492
13760.1,50,4.1269,4.2633,4.3555,11.9808,-0.0435,4.0629
13770.1,51,4.1467,4.2816,4.3738,11.9817,-0.0435,4.0766
13780.1,52,4.1681,4.3030,4.3906,11.9817,-0.0404,4.0919
13790.1,53,4.1956,4.3228,4.4181,11.9808,-0.0404,4.1178
13800.1,54,4.2124,4.3381,4.4318,11.9817,-0.0404,4.1331
13810.1,55,4.1956,4.3182,4.4074,11.9808,-0.0404,4.1102
13820.1,56,4.1254,4.2404,4.3052,11.9799,-0.0374,4.0232
13830.1,57,3.9713,4.0924,4.1297,11.9817,-0.0359,3.8538
13840.1,58,3.7454,3.8712,3.8673,11.9834,-0.0359,3.6097
13850.1,59,3.4586,3.5843,3.5453,11.9843,-0.0343,3.3122
13860.1,60,3.1351,3.2578,3.1943,11.9834,-0.0359,2.9871
13870.1,61,2.7979,2.9129,2.8327,11.9843,-0.0343,2.6484
13880.1,62,2.4607,2.5772,2.4741,11.9869,-0.0328,2.3173
13890.1,63,2.1372,2.2507,2.1339,11.9869,-0.0343,1.9999
13900.1,64,1.8274,1.9363,1.8256,11.9895,-0.0313,1.7054
13910.1,65,1.5390,1.6510,1.5449,11.9913,-0.0282,1.4414
13920.1,66,1.2873,1.3901,1.2992,11.9921,-0.0313,1.2110
13930.1,67,1.0706,1.1703,1.0871,11.9939,-0.0297,1.0203
13940.1,68,0.8920,0.9918,0.9208,11.9965,-0.0313,0.8646
13950.1,69,0.7578,0.8438,0.7865,11.9965,-0.0297,0.7380
13960.1,70,0.6510,0.7324,0.6782,11.9973,-0.0297,0.6388
13970.1,71,0.5640,0.6409,0.5942,12.0000,-0.0282,0.5579
13980.1,72,0.4953,0.5676,0.5302,12.0000,-0.0297,0.4984
13990.1,73,0.4434,0.5066,0.4813,12.0017,-0.0328,0.4588
14000.1,74,0.4053,0.4639,0.4508,12.0017,-0.0313,0.4298
14010.1,75,0.3778,0.4395,0.4218,12.0026,-0.0313,0.4115
14020.1,76,0.3732,0.4288,0.4157,12.0034,-0.0328,0.4115
14030.1,77,0.3916,0.4364,0.4386,12.0034,-0.0313,0.4267
14040.1,78,0.4373,0.4745,0.4935,12.0043,-0.0328,0.4679
14050.1,79,0.5136,0.5478,0.5820,12.0043,-0.0328,0.5457
14060.1,80,0.6189,0.6470,0.6965,12.0052,-0.0359,0.6556
14070.1,81,0.7273,0.7553,0.8155,12.0052,-0.0359,0.7624
14080.1,82,0.8203,0.8453,0.9086,12.0052,-0.0359,0.8524
14090.1,83,0.8844,0.9064,0.9620,12.0052,-0.0343,0.9028
14100.1,84,0.9271,0.9430,0.9833,12.0052,-0.0359,0.9211
14110.1,85,0.9455,0.9628,0.9940,12.0043,-0.0389,0.9272
14120.1,86,0.9500,0.9705,0.9940,12.0052,-0.0374,0.9303
14130.1,87,0.9394,0.9659,0.9879,12.0034,-0.0359,0.9318
14140.1,88,0.9500,0.9796,1.0139,12.0034,-0.0389,0.9501
14150.1,89,1.0141,1.0544,1.0978,12.0043,-0.0389,1.0294
14160.1,90,1.1591,1.1978,1.2733,12.0034,-0.0374,1.1942
14170.1,91,1.4002,1.4359,1.5540,12.0034,-0.0374,1.4506
14180.1,92,1.7237,1.7654,1.9279,12.0017,-0.0374,1.7970
14190.1,93,2.0960,2.1408,2.3368,12.0008,-0.0389,2.1784
14200.1,94,2.4576,2.4979,2.7122,11.9991,-0.0389,2.5263
14210.1,95,2.7628,2.7985,3.0112,11.9973,-0.0420,2.7995
14220.1,96,2.9764,3.0060,3.2004,11.9947,-0.0404,2.9765
14230.1,97,3.0924,3.1265,3.2813,11.9956,-0.0404,3.0558
14240.1,98,3.1412,3.1830,3.2966,11.9947,-0.0374,3.0802
14250.1,99,3.1717,3.2166,3.3088,11.9947,-0.0404,3.0924
14260.1,100,3.1961,3.2471,3.3271,11.9939,-0.0420,3.1107
14270.1,101,3.2434,3.3051,3.3836,11.9939,-0.0404,3.1626
14280.1,102,3.3121,3.3829,3.4705,11.9921,-0.0404,3.2404
14290.1,103,3.3792,3.4622,3.5560,11.9921,-0.0420,3.3244
14300.1,104,3.4357,3.5126,3.6109,11.9904,-0.0404,3.3701
14310.1,105,3.4571,3.5309,3.6323,11.9895,-0.0404,3.3808
14320.1,106,3.4525,3.5172,3.6048,11.9904,-0.0404,3.3610
14330.1,107,3.4204,3.4851,3.5621,11.9904,-0.0404,3.3259
14340.1,108,3.3731,3.4576,3.5148,11.9895,-0.0404,3.2816
14350.1,109,3.3197,3.4180,3.4721,11.9895,-0.0404,3.2374
14360.1,110,3.3045,3.4042,3.4660,11.9895,-0.0420,3.2359
14370.1,111,3.3502,3.4592,3.5422,11.9904,-0.0435,3.3045
14380.1,112,3.4723,3.5828,3.6979,11.9886,-0.0435,3.4510
14390.1,113,3.6707,3.7750,3.9313,11.9869,-0.0435,3.6707
14400.1,114,3.9240,4.0314,4.2152,11.9860,-0.0435,3.9408
14410.1,115,4.2108,4.3228,4.5356,11.9860,-0.0450,4.2262
14420.1,116,4.5084,4.6188,4.8484,11.9852,-0.0435,4.5161
14430.1,117,4.7891,4.8950,5.1337,11.9843,-0.0435,4.7816
14440.1,118,5.0287,5.1300,5.3672,11.9808,-0.0450,5.0013
14450.1,119,5.2194,5.3146,5.5366,11.9817,-0.0435,5.1630
14460.1,120,5.3476,5.4459,5.6480,11.9808,-0.0420,5.2653
14470.1,121,5.4163,5.5237,5.6998,11.9817,-0.0435,5.3233
14480.1,122,5.4422,5.5557,5.7136,11.9799,-0.0435,5.3385
14490.1,123,5.4361,5.5603,5.6983,11.9791,-0.0450,5.3202
14500.1,124,5.4056,5.5359,5.6602,11.9782,-0.0420,5.2729
14510.1,125,5.3598,5.4947,5.6007,11.9782,-0.0420,5.2195
14520.1,126,5.3003,5.4398,5.5366,11.9773,-0.0435,5.1630
14530.1,127,5.2332,5.3802,5.4725,11.9773,-0.0450,5.1020
14540.1,128,5.1645,5.3207,5.4084,11.9773,-0.0435,5.0425
14550.1,129,5.1065,5.2643,5.3443,11.9782,-0.0450,4.9937
14560.1,130,5.0577,5.2155,5.2970,11.9773,-0.0435,4.9448
14570.1,131,5.0150,5.1666,5.2619,11.9782,-0.0435,4.9037
14580.1,132,4.9753,5.1285,5.2177,11.9773,-0.0435,4.8670
14590.1,133,4.9387,5.0812,5.1826,11.9782,-0.0435,4.8243
14600.1,134,4.8960,5.0461,5.1444,11.9773,-0.0450,4.7877
14610.1,135,4.8578,5.0095,5.0971,11.9773,-0.0435,4.7480
14620.1,136,4.8105,4.9667,5.0437,11.9782,-0.0435,4.7038
14630.1,137,4.7632,4.9194,4.9918,11.9782,-0.0435,4.6534
14640.1,138,4.7083,4.8660,4.9415,11.9782,-0.0420,4.6015
14650.1,139,4.6579,4.8172,4.8896,11.9791,-0.0435,4.5603
14660.1,140,4.6106,4.7699,4.8453,11.9782,-0.0420,4.5207
14670.1,141,4.5709,4.7287,4.8011,11.9799,-0.0404,4.4825
14680.1,142,4.5343,4.6860,4.7599,11.9791,-0.0435,4.4444
14690.1,143,4.4992,4.6494,4.7156,11.9791,-0.0435,4.4138
14700.1,144,4.4718,4.6173,4.6897,11.9799,-0.0435,4.3849
14710.1,145,4.4473,4.5929,4.6729,11.9791,-0.0435,4.3604
14720.1,146,4.4321,4.5776,4.6592,11.9782,-0.0435,4.3467
14730.1,147,4.4245,4.5670,4.6516,11.9791,-0.0435,4.3421
14740.1,148,4.4168,4.5624,4.6516,11.9808,-0.0435,4.3452
14750.1,149,4.4199,4.5563,4.6577,11.9791,-0.0420,4.3498
14760.1,150,4.4214,4.5609,4.6653,11.9782,-0.0420,4.3559
14770.1,151,4.4275,4.5776,4.6714,11.9782,-0.0420,4.3635
14780.1,152,4.4367,4.5898,4.6836,11.9782,-0.0420,4.3711
14790.1,153,4.4504,4.6005,4.6928,11.9782,-0.0420,4.3787
14800.1,154,4.4702,4.6112,4.7050,11.9782,-0.0420,4.3940
14810.1,155,4.4840,4.6280,4.7156,11.9782,-0.0435,4.4093
14820.1,156,4.4962,4.6417,4.7279,11.9782,-0.0389,4.4291
14830.1,157,4.5084,4.6585,4.7523,11.9773,-0.0404,4.4413
14840.1,158,4.5252,4.6677,4.7721,11.9773,-0.0389,4.4535
14850.1,159,4.5389,4.6829,4.7889,11.9773,-0.0389,4.4657
14860.1,160,4.5496,4.6936,4.8041,11.9782,-0.0374,4.4703
14870.1,161,4.5557,4.7012,4.8072,11.9782,-0.0343,4.4703
14880.1,162,4.5587,4.7012,4.8011,11.9782,-0.0313,4.4657
14890.1,163,4.5526,4.6951,4.7874,11.9773,-0.0313,4.4627
14900.1,164,4.5420,4.6860,4.7660,11.9782,-0.0297,4.4428
14910.1,165,4.5297,4.6677,4.7446,11.9773,-0.0282,4.4322
14920.1,166,4.5145,4.6509,4.7248,11.9782,-0.0221,4.4184
14930.1,167,4.5008,4.6356,4.7095,11.9773,-0.0221,4.4154
14940.1,168,4.4885,4.6249,4.7004,11.9773,-0.0175,4.4093
14950.1,169,4.4763,4.6143,4.7004,11.9773,-0.0160,4.4032
14960.1,170,4.4748,4.6097,4.6989,11.9765,-0.0114,4.4016
14970.1,171,4.4718,4.6082,4.6973,11.9773,-0.0084,4.3971
14980.1,172,4.4702,4.6036,4.6958,11.9765,-0.0053,4.3940
14990.1,173,4.4687,4.5975,4.6973,11.9791,-0.0053,4.3925
15000.1,174,4.4641,4.5975,4.6912,11.9773,-0.0023,4.3849
15010.1,175,4.4626,4.5944,4.6958,11.9773,0.0008,4.3879
15020.1,176,4.4626,4.5975,4.7019,11.9773,0.0038,4.3910
15030.1,177,4.4626,4.5975,4.7019,11.9782,0.0038,4.3910
15040.1,178,4.4657,4.6005,4.7050,11.9782,0.0069,4.3894
15050.1,179,4.4687,4.5975,4.6989,11.9773,0.0053,4.3849
15060.1,180,4.4657,4.5898,4.6882,11.9765,0.0084,4.3772
15070.1,181,4.4626,4.5837,4.6790,11.9773,0.0084,4.3711
15080.1,182,4.4519,4.5761,4.6760,11.9773,0.0099,4.3650
15090.1,183,4.4397,4.5624,4.6699,11.9773,0.0114,4.3559
15100.1,184,4.4290,4.5456,4.6592,11.9765,0.0130,4.3482
15110.1,185,4.4229,4.5380,4.6500,11.9773,0.0160,4.3437
15120.1,186,4.4168,4.5425,4.6470,11.9782,0.0160,4.3406
15130.1,187,4.4184,4.5532,4.6622,11.9765,0.0145,4.3482
15140.1,188,4.4306,4.5639,4.6744,11.9765,0.0145,4.3559
15150.1,189,4.4397,4.5761,4.6897,11.9773,0.0160,4.3696
15160.1,190,4.4504,4.5853,4.6912,11.9756,0.0176,4.3864
15170.1,191,4.4657,4.5975,4.6989,11.9773,0.0176,4.3925
15180.1,192,4.4733,4.6051,4.7095,11.9773,0.0191,4.4016
15190.1,193,4.4794,4.6112,4.7172,11.9773,0.0221,4.4123
15200.1,194,4.4870,4.6143,4.7202,11.9756,0.0206,4.4123
15210.1,195,4.4962,4.6204,4.7248,11.9765,0.0206,4.4138
15220.1,196,4.4977,4.6204,4.7263,11.9765,0.0221,4.4108
15230.1,197,4.4946,4.6219,4.7263,11.9756,0.0206,4.4093
15240.1,198,4.4885,4.6234,4.7202,11.9747,0.0221,4.4016
15250.1,199,4.4885,4.6249,4.7172,11.9756,0.0221,4.3955
15260.1,200,4.4855,4.6265,4.7156,11.9765,0.0221,4.4047
15270.1,201,4.4718,4.6112,4.6958,11.9765,0.0237,4.3925
15280.1,202,4.4046,4.5410,4.6027,11.9756,0.0221,4.3055
15290.1,203,4.2536,4.3869,4.4166,11.9756,0.0237,4.1270
15300.1,204,4.0140,4.1473,4.1389,11.9765,0.0237,3.8661
15310.1,205,3.7119,3.8422,3.7925,11.9782,0.0237,3.5426
15320.1,206,3.3670,3.4973,3.4049,11.9791,0.0252,3.1855
15330.1,207,3.0069,3.1326,3.0189,11.9799,0.0237,2.8239
15340.1,208,2.6560,2.7832,2.6664,11.9826,0.0252,2.4912
15350.1,209,2.3340,2.4628,2.3490,11.9834,0.0252,2.1967
15360.1,210,2.0395,2.1729,2.0576,11.9852,0.0252,1.9343
15370.1,211,1.7725,1.8967,1.7921,11.9860,0.0267,1.6886
15380.1,212,1.5329,1.6571,1.5525,11.9886,0.0282,1.4628
15390.1,213,1.3269,1.4420,1.3526,11.9895,0.0267,1.2690
15400.1,214,1.1453,1.2543,1.1756,11.9913,0.0282,1.1073
15410.1,215,0.9958,1.0986,1.0261,11.9921,0.0267,0.9669
15420.1,216,0.8722,0.9644,0.9101,11.9939,0.0282,0.8540
15430.1,217,0.7822,0.8667,0.8292,11.9947,0.0282,0.7807
15440.1,218,0.7273,0.7996,0.7728,11.9956,0.0252,0.7304
15450.1,219,0.7150,0.7858,0.7819,11.9973,0.0282,0.7319
15460.1,220,0.7807,0.8530,0.8857,11.9973,0.0267,0.8219
15470.1,221,0.9531,1.0239,1.1024,11.9965,0.0282,1.0233
15480.1,222,1.2277,1.2909,1.4243,11.9973,0.0267,1.3255
15490.1,223,1.5878,1.6403,1.8241,11.9956,0.0267,1.7085
15500.1,224,2.0120,2.0523,2.2788,11.9947,0.0267,2.1357
15510.1,225,2.4622,2.4979,2.7488,11.9930,0.0267,2.5782
15520.1,226,2.9123,2.9434,3.2020,11.9921,0.0237,2.9963
15530.1,227,3.3258,3.3615,3.6216,11.9895,0.0252,3.3793
15540.1,228,3.6920,3.7308,3.9909,11.9886,0.0237,3.7135
15550.1,229,3.9972,4.0405,4.2991,11.9878,0.0221,3.9912
15560.1,230,4.2520,4.2892,4.5295,11.9852,0.0206,4.2140
15570.1,231,4.4397,4.4769,4.6943,11.9834,0.0206,4.3757
15580.1,232,4.5770,4.6188,4.8133,11.9826,0.0176,4.4871
15590.1,233,4.6655,4.7226,4.8865,11.9808,0.0160,4.5557
15600.1,234,4.7144,4.7806,4.9277,11.9799,0.0160,4.5924
15610.1,235,4.7327,4.8111,4.9461,11.9791,0.0145,4.6107
15620.1,236,4.7388,4.8264,4.9491,11.9782,0.0145,4.6107
15630.1,237,4.7342,4.8309,4.9522,11.9782,0.0145,4.6061
15640.1,238,4.7296,4.8309,4.9491,11.9773,0.0114,4.6031
15650.1,239,4.7312,4.8416,4.9491,11.9756,0.0114,4.6092
15660.1,240,4.7342,4.8508,4.9552,11.9756,0.0145,4.6168
15670.1,241,4.7403,4.8584,4.9598,11.9756,0.0114,4.6275
15680.1,242,4.7479,4.8691,4.9705,11.9756,0.0099,4.6397
15690.1,243,4.7464,4.8752,4.9781,11.9765,0.0099,4.6427
15700.1,244,4.7403,4.8767,4.9796,11.9756,0.0084,4.6397
15710.1,245,4.7342,4.8660,4.9689,11.9756,0.0084,4.6259
15720.1,246,4.7205,4.8508,4.9476,11.9765,0.0069,4.6122
15730.1,247,4.6976,4.8264,4.9232,11.9756,0.0099,4.5954
15740.1,248,4.6655,4.8050,4.8926,11.9756,0.0114,4.5680
15750.1,249,4.6350,4.7699,4.8621,11.9765,0.0084,4.5390
15760.1,250,4.5954,4.7287,4.8133,11.9756,0.0099,4.4947
15770.1,251,4.5420,4.6783,4.7492,11.9773,0.0084,4.4444
15780.1,252,4.4855,4.6219,4.6912,11.9773,0.0099,4.3894
15790.1,253,4.4245,4.5578,4.6271,11.9773,0.0099,4.3284
15800.1,254,4.3680,4.4922,4.5631,11.9773,0.0084,4.2643
15810.1,255,4.3100,4.4357,4.5142,11.9782,0.0069,4.2109
15820.1,0,4.2627,4.3961,4.4746,11.9791,0.0084,4.1712
15830.1,1,4.2307,4.3640,4.4486,11.9791,0.0069,4.1483
15840.1,2,4.2078,4.3442,4.4334,11.9773,0.0084,4.1300
15850.1,3,4.1895,4.3365,4.4150,11.9773,0.0084,4.1163
15860.1,4,4.1818,4.3243,4.4028,11.9782,0.0099,4.1087
15870.1,5,4.1742,4.3137,4.4028,11.9791,0.0069,4.1010
15880.1,6,4.1727,4.3076,4.4013,11.9773,0.0084,4.0995
15890.1,7,4.1818,4.3106,4.4120,11.9782,0.0084,4.1102
15900.1,8,4.2017,4.3228,4.4334,11.9773,0.0084,4.1255
15910.1,9,4.2291,4.3442,4.4578,11.9799,0.0099,4.1499
15920.1,10,4.2536,4.3716,4.4898,11.9782,0.0069,4.1789
15930.1,11,4.2780,4.3961,4.5173,11.9773,0.0084,4.2017
15940.1,12,4.2978,4.4266,4.5432,11.9773,0.0084,4.2307
15950.1,13,4.3192,4.4434,4.5554,11.9782,0.0069,4.2445
15960.1,14,4.3329,4.4586,4.5661,11.9773,0.0084,4.2567
15970.1,15,4.3405,4.4678,4.5768,11.9765,0.0069,4.2689
15980.1,16,4.3466,4.4739,4.5783,11.9773,0.0069,4.2719
15990.1,17,4.3558,4.4769,4.5844,11.9773,0.0069,4.2780
16000.1,18,4.3604,4.4830,4.5890,11.9765,0.0069,4.2811
16010.1,19,4.3588,4.4846,4.5890,11.9773,0.0053,4.2811
16020.1,20,4.3588,4.4861,4.5875,11.9765,0.0069,4.2811
16030.1,21,4.3573,4.4907,4.5905,11.9773,0.0038,4.2765
16040.1,22,4.3588,4.4907,4.5982,11.9773,0.0053,4.2780
16050.1,23,4.3543,4.4937,4.5966,11.9773,0.0023,4.2765
16060.1,24,4.3573,4.4983,4.5982,11.9765,0.0038,4.2780
16070.1,25,4.3634,4.4983,4.5997,11.9765,0.0038,4.2826
16080.1,26,4.3619,4.4922,4.6027,11.9773,0.0023,4.2857
16090.1,27,4.3634,4.4907,4.6012,11.9773,0.0023,4.2872
16100.1,28,4.3619,4.4907,4.5936,11.9773,0.0008,4.2841
16110.1,29,4.3619,4.4907,4.5890,11.9765,-0.0008,4.2857
16120.1,30,4.3649,4.4876,4.5875,11.9765,-0.0008,4.2826
16130.1,31,4.3695,4.4861,4.5890,11.9756,-0.0008,4.2735
16140.1,32,4.3695,4.4891,4.5890,11.9765,-0.0038,4.2750
16150.1,33,4.3634,4.4891,4.5798,11.9765,-0.0069,4.2719
16160.1,34,4.3482,4.4861,4.5722,11.9773,-0.0053,4.2613
16170.1,35,4.3360,4.4754,4.5615,11.9765,-0.0053,4.2552
16180.1,36,4.3253,4.4586,4.5478,11.9765,-0.0069,4.2475
16190.1,37,4.3222,4.4525,4.5463,11.9765,-0.0084,4.2399
16200.1,38,4.3146,4.4479,4.5371,11.9765,-0.0099,4.2338
16210.1,39,4.3009,4.4373,4.5341,11.9765,-0.0099,4.2262
16220.1,40,4.2978,4.4327,4.5264,11.9756,-0.0084,4.2185
16230.1,41,4.2978,4.4266,4.5249,11.9765,-0.0114,4.2124
16240.1,42,4.2978,4.4327,4.5264,11.9765,-0.0099,4.2109
16250.1,43,4.2993,4.4342,4.5280,11.9747,-0.0114,4.2140
16260.1,44,4.3009,4.4327,4.5280,11.9765,-0.0099,4.2140
16270.1,45,4.3054,4.4357,4.5249,11.9773,-0.0099,4.2201
16280.1,46,4.3054,4.4373,4.5249,11.9773,-0.0099,4.2262
16290.1,47,4.3054,4.4388,4.5219,11.9773,-0.0114,4.2338
16300.1,48,4.3115,4.4418,4.5295,11.9773,-0.0099,4.2399
16310.1,49,4.3207,4.4495,4.5417,11.9773,-0.0084,4.2475
16320.1,50,4.3360,4.4601,4.5524,11.9756,-0.0084,4.2628
16330.1,51,4.3451,4.4708,4.5646,11.9773,-0.0084,4.2704
16340.1,52,4.3466,4.4754,4.5768,11.9773,-0.0084,4.2735
16350.1,53,4.3558,4.4830,4.5844,11.9782,-0.0084,4.2811
16360.1,54,4.3695,4.4937,4.5920,11.9765,-0.0084,4.2887
16370.1,55,4.3802,4.4998,4.5982,11.9765,-0.0084,4.2933
16380.1,56,4.3833,4.5044,4.6058,11.9782,-0.0069,4.3025
16390.1,57,4.3894,4.5151,4.6119,11.9756,-0.0099,4.3055
16400.1,58,4.3909,4.5242,4.6104,11.9765,-0.0099,4.3086
16410.1,59,4.3924,4.5258,4.6149,11.9765,-0.0099,4.3101
16420.1,60,4.3924,4.5242,4.6165,11.9765,-0.0099,4.3116
16430.1,61,4.3894,4.5166,4.6134,11.9765,-0.0099,4.3070
16440.1,62,4.3817,4.5059,4.6043,11.9765,-0.0114,4.3025
16450.1,63,4.3756,4.5044,4.5982,11.9773,-0.0130,4.2948
16460.1,64,4.3695,4.4998,4.5905,11.9773,-0.0114,4.2887
16470.1,65,4.3619,4.4937,4.5829,11.9765,-0.0130,4.2841
16480.1,66,4.3634,4.4922,4.5814,11.9756,-0.0145,4.2750
16490.1,67,4.3619,4.4876,4.5814,11.9756,-0.0160,4.2735
16500.1,68,4.3497,4.4876,4.5829,11.9765,-0.0160,4.2674
16510.1,69,4.3405,4.4800,4.5783,11.9773,-0.0175,4.2567
16520.1,70,4.3344,4.4724,4.5737,11.9765,-0.0191,4.2506
16530.1,71,4.3253,4.4647,4.5646,11.9756,-0.0175,4.2429
16540.1,72,4.3161,4.4601,4.5585,11.9765,-0.0206,4.2384
16550.1,73,4.3115,4.4601,4.5570,11.9773,-0.0191,4.2353
16560.1,74,4.3131,4.4556,4.5463,11.9765,-0.0221,4.2353
16570.1,75,4.3176,4.4479,4.5432,11.9765,-0.0236,4.2353
16580.1,76,4.3161,4.4434,4.5447,11.9765,-0.0236,4.2399
16590.1,77,4.3176,4.4449,4.5509,11.9765,-0.0236,4.2445
16600.1,78,4.3222,4.4510,4.5539,11.9765,-0.0236,4.2490
16610.1,79,4.3329,4.4662,4.5615,11.9765,-0.0236,4.2521
16620.1,80,4.3405,4.4724,4.5707,11.9756,-0.0221,4.2582
16630.1,81,4.3405,4.4708,4.5707,11.9756,-0.0236,4.2567
16640.1,82,4.3436,4.4754,4.5722,11.9765,-0.0236,4.2536
16650.1,83,4.3482,4.4785,4.5737,11.9773,-0.0236,4.2613
16660.1,84,4.3482,4.4846,4.5722,11.9773,-0.0236,4.2704
16670.1,85,4.3527,4.4830,4.5707,11.9765,-0.0252,4.2780
16680.1,86,4.3588,4.4708,4.5737,11.9765,-0.0252,4.2796
16690.1,87,4.3573,4.4678,4.5768,11.9765,-0.0252,4.2719
16700.1,88,4.3512,4.4632,4.5722,11.9773,-0.0252,4.2658
16710.1,89,4.3375,4.4617,4.5585,11.9773,-0.0221,4.2567
16720.1,90,4.3283,4.4556,4.5493,11.9773,-0.0252,4.2429
16730.1,91,4.3207,4.4510,4.5447,11.9782,-0.0252,4.2414
16740.1,92,4.3115,4.4479,4.5386,11.9756,-0.0252,4.2323
16750.1,93,4.3146,4.4510,4.5402,11.9765,-0.0236,4.2277
16760.1,94,4.3207,4.4449,4.5402,11.9765,-0.0252,4.2277
16770.1,95,4.3237,4.4479,4.5356,11.9756,-0.0267,4.2231
16780.1,96,4.3207,4.4449,4.5310,11.9765,-0.0282,4.2262
16790.1,97,4.3161,4.4403,4.5295,11.9765,-0.0282,4.2277
16800.1,98,4.3100,4.4373,4.5310,11.9765,-0.0297,4.2231
16810.1,99,4.3054,4.4388,4.5356,11.9773,-0.0297,4.2231
16820.1,100,4.2993,4.4281,4.5295,11.9773,-0.0282,4.2155
16830.1,101,4.2734,4.3945,4.4898,11.9765,-0.0297,4.1834
16840.1,102,4.1940,4.3152,4.3830,11.9782,-0.0313,4.0904
16850.1,103,4.0506,4.1733,4.2091,11.9782,-0.0297,3.9210
16860.1,104,3.8309,3.9612,3.9573,11.9791,-0.0297,3.6829
16870.1,105,3.5471,3.6774,3.6368,11.9817,-0.0328,3.3885
16880.1,106,3.2205,3.3508,3.2737,11.9817,-0.0328,3.0573
16890.1,107,2.8772,3.0014,2.8983,11.9817,-0.0313,2.7125
16900.1,108,2.5263,2.6489,2.5291,11.9843,-0.0328,2.3737
16910.1,109,2.1814,2.3056,2.1873,11.9860,-0.0328,2.0533
16920.1,110,1.8610,1.9836,1.8684,11.9860,-0.0313,1.7481
16930.1,111,1.5665,1.6876,1.5800,11.9878,-0.0343,1.4781
16940.1,112,1.3040,1.4221,1.3251,11.9904,-0.0328,1.2431
16950.1,113,1.0843,1.1963,1.1039,11.9921,-0.0343,1.0432
16960.1,114,0.9073,1.0117,0.9315,11.9947,-0.0359,0.8769
16970.1,115,0.7654,0.8606,0.7987,11.9956,-0.0359,0.7456
16980.1,116,0.6540,0.7416,0.6889,11.9973,-0.0359,0.6480
16990.1,117,0.5686,0.6424,0.5988,11.9982,-0.0343,0.5625
17000.1,118,0.4968,0.5585,0.5256,12.0000,-0.0374,0.4984
17010.1,119,0.4419,0.4944,0.4737,12.0008,-0.0359,0.4435
17020.1,120,0.4022,0.4486,0.4432,12.0008,-0.0374,0.4130
17030.1,121,0.3763,0.4181,0.4203,12.0017,-0.0374,0.3870
17040.1,122,0.3778,0.4120,0.4233,12.0034,-0.0374,0.3855
17050.1,123,0.4007,0.4349,0.4554,12.0034,-0.0389,0.4145
17060.1,124,0.4587,0.4883,0.5241,12.0052,-0.0389,0.4786
17070.1,125,0.5487,0.5814,0.6263,12.0052,-0.0404,0.5793
17080.1,126,0.6586,0.6943,0.7514,12.0043,-0.0404,0.6968
17090.1,127,0.7730,0.8026,0.8659,12.0043,-0.0420,0.8128
17100.1,128,0.8600,0.8881,0.9452,12.0043,-0.0420,0.8906
17110.1,129,0.9180,0.9445,0.9986,12.0052,-0.0435,0.9333
17120.1,130,0.9531,0.9766,1.0169,12.0060,-0.0420,0.9486
17130.1,131,0.9714,0.9888,1.0184,12.0060,-0.0404,0.9547
17140.1,132,0.9653,0.9857,1.0062,12.0060,-0.0420,0.9425
17150.1,133,0.9607,0.9842,1.0047,12.0052,-0.0420,0.9409
17160.1,134,0.9897,1.0239,1.0551,12.0043,-0.0404,0.9867
17170.1,135,1.0828,1.1261,1.1802,12.0052,-0.0420,1.1012
17180.1,136,1.2689,1.3184,1.4060,12.0034,-0.0420,1.3117
17190.1,137,1.5604,1.6113,1.7463,12.0026,-0.0420,1.6276
17200.1,138,1.9235,1.9745,2.1613,12.0008,-0.0404,2.0106
17210.1,139,2.3050,2.3590,2.5672,12.0000,-0.0404,2.3905
17220.1,140,2.6438,2.6978,2.9060,11.9991,-0.0420,2.7033
17230.1,141,2.8925,2.9404,3.1303,11.9991,-0.0435,2.9185
17240.1,142,3.0435,3.0838,3.2432,11.9982,-0.0420,3.0207
17250.1,143,3.1061,3.1403,3.2706,11.9965,-0.0420,3.0451
17260.1,144,3.1229,3.1601,3.2584,11.9956,-0.0420,3.0421
17270.1,145,3.1336,3.1799,3.2569,11.9947,-0.0450,3.0451
17280.1,146,3.1671,3.2150,3.2996,11.9939,-0.0435,3.0833
17290.1,147,3.2266,3.2898,3.3866,11.9939,-0.0435,3.1550
17300.1,148,3.3106,3.3783,3.4904,11.9939,-0.0435,3.2511
17310.1,149,3.3914,3.4698,3.5819,11.9913,-0.0450,3.3396
17320.1,150,3.4525,3.5400,3.6399,11.9904,-0.0450,3.4007
17330.1,151,3.4815,3.5660,3.6613,11.9913,-0.0450,3.4220
17340.1,152,3.4921,3.5660,3.6582,11.9913,-0.0450,3.4098
17350.1,153,3.4784,3.5614,3.6399,11.9913,-0.0465,3.3930
17360.1,154,3.4555,3.5416,3.6109,11.9895,-0.0465,3.3701
17370.1,155,3.4448,3.5385,3.6109,11.9878,-0.0465,3.3671
17380.1,156,3.4921,3.5858,3.6674,11.9886,-0.0481,3.4235
17390.1,157,3.6051,3.7048,3.8169,11.9878,-0.0465,3.5517
17400.1,158,3.7943,3.8940,4.0427,11.9878,-0.0465,3.7562
17410.1,159,4.0415,4.1397,4.3311,11.9878,-0.0496,4.0293
17420.1,160,4.3268,4.4266,4.6455,11.9860,-0.0496,4.3253
17430.1,161,4.6198,4.7226,4.9583,11.9852,-0.0481,4.6183
17440.1,162,4.9005,4.9988,5.2421,11.9826,-0.0481,4.8823
17450.1,163,5.1386,5.2353,5.4710,11.9817,-0.0481,5.1005
17460.1,164,5.3201,5.4199,5.6312,11.9817,-0.0465,5.2531
17470.1,165,5.4407,5.5450,5.7349,11.9799,-0.0465,5.3507
17480.1,166,5.5048,5.6183,5.7807,11.9791,-0.0465,5.3935
17490.1,167,5.5246,5.6412,5.7792,11.9791,-0.0496,5.3858
17500.1,168,5.5033,5.6320,5.7456,11.9782,-0.0481,5.3523
17510.1,169,5.4544,5.5939,5.6907,11.9782,-0.0496,5.2989
17520.1,170,5.3934,5.5359,5.6235,11.9782,-0.0481,5.2424
17530.1,171,5.3263,5.4688,5.5610,11.9773,-0.0465,5.1844
17540.1,172,5.2561,5.4016,5.4954,11.9773,-0.0481,5.1264
17550.1,173,5.1920,5.3452,5.4328,11.9765,-0.0481,5.0654
17560.1,174,5.1325,5.2933,5.3733,11.9765,-0.0465,5.0089
17570.1,175,5.0775,5.2444,5.3199,11.9773,-0.0450,4.9632
17580.1,176,5.0287,5.1926,5.2695,11.9773,-0.0465,4.9159
17590.1,177,4.9906,5.1422,5.2283,11.9773,-0.0450,4.8808
17600.1,178,4.9585,5.1025,5.1932,11.9765,-0.0435,4.8487
17610.1,179,4.9234,5.0659,5.1597,11.9782,-0.0450,4.8182
17620.1,180,4.8837,5.0323,5.1261,11.9782,-0.0450,4.7846
17630.1,181,4.8456,4.9927,5.0880,11.9782,-0.0435,4.7511
17640.1,182,4.8059,4.9576,5.0468,11.9791,-0.0435,4.7144
17650.1,183,4.7693,4.9179,5.0132,11.9782,-0.0435,4.6732
17660.1,184,4.7312,4.8782,4.9705,11.9782,-0.0404,4.6320
17670.1,185,4.6961,4.8447,4.9323,11.9791,-0.0404,4.5969
17680.1,186,4.6610,4.8141,4.9018,11.9782,-0.0404,4.5680
17690.1,187,4.6274,4.7852,4.8743,11.9782,-0.0389,4.5435
17700.1,188,4.5969,4.7592,4.8438,11.9791,-0.0359,4.5146
17710.1,189,4.5740,4.7256,4.8164,11.9791,-0.0389,4.4932
17720.1,190,4.5511,4.6997,4.7980,11.9791,-0.0359,4.4672
17730.1,191,4.5297,4.6799,4.7828,11.9791,-0.0328,4.4474
17740.1,192,4.5114,4.6631,4.7568,11.9791,-0.0328,4.4367
17750.1,193,4.4992,4.6494,4.7431,11.9782,-0.0343,4.4276
17760.1,194,4.4931,4.6448,4.7401,11.9782,-0.0343,4.4123
17770.1,195,4.4977,4.6402,4.7355,11.9799,-0.0343,4.4077
17780.1,196,4.5038,4.6432,4.7370,11.9799,-0.0328,4.4123
17790.1,197,4.5099,4.6478,4.7401,11.9791,-0.0297,4.4261
17800.1,198,4.5130,4.6524,4.7492,11.9791,-0.0297,4.4322
17810.1,199,4.5236,4.6570,4.7553,11.9799,-0.0282,4.4428
17820.1,200,4.5328,4.6692,4.7645,11.9791,-0.0282,4.4550
17830.1,201,4.5420,4.6814,4.7813,11.9782,-0.0267,4.4672
17840.1,202,4.5481,4.6890,4.7904,11.9791,-0.0252,4.4779
17850.1,203,4.5542,4.6967,4.7980,11.9782,-0.0252,4.4917
17860.1,204,4.5618,4.7043,4.8118,11.9782,-0.0221,4.4993
17870.1,205,4.5725,4.7119,4.8209,11.9791,-0.0206,4.5039
17880.1,206,4.5786,4.7165,4.8209,11.9791,-0.0191,4.5039
17890.1,207,4.5801,4.7195,4.8286,11.9773,-0.0206,4.4993
17900.1,208,4.5755,4.7058,4.8102,11.9782,-0.0206,4.4871
17910.1,209,4.5603,4.6906,4.7813,11.9799,-0.0175,4.4688
17920.1,210,4.5358,4.6661,4.7538,11.9791,-0.0175,4.4428
17930.1,211,4.5053,4.6402,4.7263,11.9782,-0.0160,4.4123
17940.1,212,4.4702,4.6082,4.6943,11.9791,-0.0160,4.3787
17950.1,213,4.4351,4.5670,4.6607,11.9773,-0.0145,4.3452
17960.1,214,4.4092,4.5441,4.6302,11.9773,-0.0145,4.3177
17970.1,215,4.3863,4.5258,4.6058,11.9782,-0.0145,4.2948
17980.1,216,4.3680,4.5120,4.5951,11.9773,-0.0160,4.2826
17990.1,217,4.3543,4.4968,4.5875,11.9773,-0.0145,4.2735
18000.1,218,4.3451,4.4846,4.5768,11.9782,-0.0145,4.2674
18010.1,219,4.3405,4.4800,4.5615,11.9782,-0.0145,4.2643
18020.1,220,4.3329,4.4708,4.5585,11.9782,-0.0145,4.2552
18030.1,221,4.3253,4.4647,4.5600,11.9773,-0.0145,4.2475
18040.1,222,4.3253,4.4662,4.5570,11.9773,-0.0145,4.2384
18050.1,223,4.3237,4.4556,4.5570,11.9782,-0.0160,4.2429
18060.1,224,4.3268,4.4556,4.5554,11.9782,-0.0160,4.2445
18070.1,225,4.3283,4.4540,4.5509,11.9773,-0.0145,4.2460
18080.1,226,4.3268,4.4540,4.5493,11.9782,-0.0175,4.2445
18090.1,227,4.3222,4.4540,4.5432,11.9782,-0.0175,4.2414
18100.1,228,4.3176,4.4510,4.5386,11.9782,-0.0206,4.2353
18110.1,229,4.3161,4.4418,4.5371,11.9782,-0.0206,4.2292
18120.1,230,4.3161,4.4357,4.5280,11.9782,-0.0206,4.2246
18130.1,231,4.3131,4.4327,4.5219,11.9782,-0.0236,4.2246
18140.1,232,4.3039,4.4235,4.5173,11.9782,-0.0221,4.2124
18150.1,233,4.2963,4.4220,4.5158,11.9782,-0.0252,4.2124
18160.1,234,4.2887,4.4266,4.5112,11.9782,-0.0236,4.2063
18170.1,235,4.2841,4.4296,4.5081,11.9773,-0.0252,4.2017
18180.1,236,4.2810,4.4296,4.5020,11.9782,-0.0252,4.1987
18190.1,237,4.2810,4.4281,4.5020,11.9773,-0.0267,4.2048
18200.1,238,4.2826,4.4266,4.5112,11.9782,-0.0282,4.2109
18210.1,239,4.2963,4.4296,4.5219,11.9773,-0.0282,4.2231
18220.1,240,4.3115,4.4418,4.5371,11.9782,-0.0297,4.2338
18230.1,241,4.3299,4.4525,4.5509,11.9773,-0.0328,4.2445
18240.1,242,4.3405,4.4601,4.5646,11.9773,-0.0313,4.2582
18250.1,243,4.3573,4.4708,4.5783,11.9782,-0.0313,4.2750
18260.1,244,4.3695,4.4830,4.5875,11.9782,-0.0343,4.2841
18270.1,245,4.3711,4.4998,4.6027,11.9765,-0.0343,4.2948
18280.1,246,4.3787,4.5120,4.6088,11.9773,-0.0359,4.2964
18290.1,247,4.3756,4.5197,4.6134,11.9782,-0.0359,4.3009
18300.1,248,4.3833,4.5258,4.6195,11.9765,-0.0359,4.3116
18310.1,249,4.3909,4.5258,4.6256,11.9773,-0.0359,4.3131
18320.1,250,4.3955,4.5227,4.6210,11.9782,-0.0359,4.3086
18330.1,251,4.3985,4.5273,4.6210,11.9765,-0.0343,4.3040
18340.1,252,4.3970,4.5258,4.6195,11.9773,-0.0359,4.3055
18350.1,253,4.3955,4.5303,4.6210,11.9765,-0.0359,4.3025
18360.1,254,4.3878,4.5303,4.6165,11.9773,-0.0389,4.2994
18370.1,255,4.3848,4.5242,4.6027,11.9765,-0.0389,4.2979
18380.1,0,4.3787,4.5166,4.5920,11.9773,-0.0389,4.2918
18390.1,1,4.3680,4.5059,4.5859,11.9773,-0.0404,4.2872
18400.1,2,4.3680,4.4983,4.5844,11.9765,-0.0420,4.2826
18410.1,3,4.3680,4.4968,4.5829,11.9773,-0.0404,4.2765
18420.1,4,4.3649,4.4968,4.5829,11.9756,-0.0389,4.2689
18430.1,5,4.3588,4.4891,4.5829,11.9765,-0.0435,4.2628
18440.1,6,4.3482,4.4846,4.5783,11.9773,-0.0420,4.2628
18450.1,7,4.3482,4.4830,4.5722,11.9773,-0.0450,4.2613
18460.1,8,4.3451,4.4815,4.5737,11.9765,-0.0435,4.2628
18470.1,9,4.3436,4.4724,4.5646,11.9782,-0.0465,4.2582
18480.1,10,4.3436,4.4724,4.5646,11.9773,-0.0450,4.2506
18490.1,11,4.3375,4.4693,4.5600,11.9782,-0.0465,4.2521
18500.1,12,4.3314,4.4724,4.5570,11.9773,-0.0481,4.2490
18510.1,13,4.3360,4.4662,4.5539,11.9782,-0.0465,4.2506
18520.1,14,4.3405,4.4601,4.5554,11.9782,-0.0481,4.2506
18530.1,15,4.3421,4.4601,4.5600,11.9782,-0.0481,4.2521
18540.1,16,4.3360,4.4678,4.5646,11.9773,-0.0481,4.2552
18550.1,17,4.3299,4.4617,4.5676,11.9773,-0.0481,4.2521
18560.1,18,4.3329,4.4617,4.5692,11.9773,-0.0465,4.2536
18570.1,19,4.3329,4.4647,4.5753,11.9782,-0.0465,4.2552
18580.1,20,4.3344,4.4662,4.5676,11.9765,-0.0465,4.2552
18590.1,21,4.3314,4.4693,4.5646,11.9782,-0.0481,4.2567
18600.1,22,4.3360,4.4693,4.5661,11.9782,-0.0481,4.2613
18610.1,23,4.3390,4.4678,4.5692,11.9782,-0.0481,4.2643
18620.1,24,4.3466,4.4769,4.5737,11.9773,-0.0465,4.2719
18630.1,25,4.3588,4.4891,4.5829,11.9782,-0.0465,4.2841
18640.1,26,4.3665,4.4968,4.5905,11.9773,-0.0450,4.2887
18650.2,27,4.3711,4.5074,4.5997,11.9782,-0.0435,4.2933
18660.2,28,4.3726,4.5090,4.6073,11.9782,-0.0435,4.2979
18670.2,29,4.3787,4.5105,4.6134,11.9782,-0.0435,4.3040
18680.2,30,4.3756,4.5135,4.6027,11.9782,-0.0420,4.3025
18690.2,31,4.3756,4.5029,4.5936,11.9782,-0.0450,4.2933
18700.2,32,4.3680,4.4937,4.5768,11.9791,-0.0404,4.2796
18710.2,33,4.3558,4.4846,4.5646,11.9791,-0.0420,4.2735
18720.2,34,4.3451,4.4830,4.5539,11.9782,-0.0404,4.2597
18730.2,35,4.3375,4.4785,4.5524,11.9782,-0.0404,4.2536
18740.2,36,4.3360,4.4678,4.5631,11.9773,-0.0389,4.2490
18750.2,37,4.3360,4.4693,4.5707,11.9773,-0.0389,4.2506
18760.2,38,4.3436,4.4769,4.5737,11.9782,-0.0389,4.2597
18770.2,39,4.3512,4.4846,4.5768,11.9782,-0.0374,4.2658
18780.2,40,4.3573,4.4876,4.5768,11.9782,-0.0359,4.2765
18790.2,41,4.3649,4.4922,4.5798,11.9782,-0.0343,4.2887
18800.2,42,4.3711,4.4983,4.5920,11.9782,-0.0343,4.2948
18810.2,43,4.3848,4.5135,4.6119,11.9773,-0.0313,4.3070
18820.2,44,4.4000,4.5364,4.6348,11.9791,-0.0313,4.3208
18830.2,45,4.4199,4.5517,4.6516,11.9782,-0.0313,4.3391
18840.2,46,4.4397,4.5654,4.6699,11.9782,-0.0313,4.3574
18850.2,47,4.4550,4.5807,4.6806,11.9782,-0.0297,4.3665
18860.2,48,4.4641,4.5883,4.6928,11.9773,-0.0282,4.3742
18870.2,49,4.4687,4.6066,4.7004,11.9773,-0.0267,4.3864
18880.2,50,4.4718,4.6127,4.6989,11.9782,-0.0267,4.3910
18890.2,51,4.4733,4.6082,4.6928,11.9765,-0.0236,4.3925
18900.2,52,4.4657,4.5898,4.6821,11.9782,-0.0236,4.3757
18910.2,53,4.4534,4.5654,4.6607,11.9773,-0.0221,4.3589
18920.2,54,4.4336,4.5471,4.6394,11.9773,-0.0206,4.3406
18930.2,55,4.4123,4.5319,4.6241,11.9765,-0.0221,4.3177
18940.2,56,4.4000,4.5288,4.6256,11.9782,-0.0221,4.3147
18950.2,57,4.4016,4.5334,4.6302,11.9782,-0.0206,4.3208
18960.2,58,4.4077,4.5425,4.6394,11.9773,-0.0206,4.3330
18970.2,59,4.4214,4.5547,4.6516,11.9773,-0.0206,4.3513
18980.2,60,4.4321,4.5654,4.6653,11.9773,-0.0206,4.3650
18990.2,61,4.4397,4.5761,4.6775,11.9773,-0.0175,4.3711
19000.2,62,4.4458,4.5822,4.6867,11.9765,-0.0175,4.3711
19010.2,63,4.4489,4.5853,4.6897,11.9756,-0.0175,4.3726
19020.2,64,4.4489,4.5853,4.6897,11.9765,-0.0191,4.3726
19030.2,65,4.4397,4.5776,4.6882,11.9765,-0.0175,4.3711
19040.2,66,4.4367,4.5746,4.6821,11.9773,-0.0175,4.3665
19050.2,67,4.4367,4.5715,4.6729,11.9765,-0.0160,4.3620
19060.2,68,4.4336,4.5731,4.6699,11.9773,-0.0175,4.3513
19070.2,69,4.4260,4.5685,4.6577,11.9765,-0.0175,4.3406
19080.2,70,4.4138,4.5547,4.6455,11.9765,-0.0175,4.3284
19090.2,71,4.4061,4.5395,4.6317,11.9756,-0.0160,4.3162
19100.2,72,4.3970,4.5288,4.6195,11.9765,-0.0175,4.3101
19110.2,73,4.3894,4.5181,4.6073,11.9773,-0.0191,4.3009
19120.2,74,4.3848,4.5090,4.6058,11.9765,-0.0191,4.2948
19130.2,75,4.3817,4.5029,4.6073,11.9765,-0.0175,4.2964
19140.2,76,4.3787,4.5074,4.6058,11.9773,-0.0175,4.2994
19150.2,77,4.3756,4.5059,4.5951,11.9765,-0.0191,4.2964
19160.2,78,4.3711,4.5090,4.5997,11.9765,-0.0175,4.2948
19170.2,79,4.3680,4.5120,4.6043,11.9765,-0.0175,4.3009
19180.2,80,4.3741,4.5166,4.6043,11.9773,-0.0175,4.3040
19190.2,81,4.3741,4.5212,4.6119,11.9765,-0.0206,4.3040
19200.2,82,4.3817,4.5242,4.6180,11.9756,-0.0191,4.3070
19210.2,83,4.3878,4.5212,4.6210,11.9782,-0.0175,4.3101
19220.2,84,4.3924,4.5166,4.6226,11.9773,-0.0175,4.3101
19230.2,85,4.3955,4.5151,4.6180,11.9765,-0.0175,4.3131
19240.2,86,4.4016,4.5166,4.6165,11.9773,-0.0175,4.3177
19250.2,87,4.4000,4.5212,4.6149,11.9773,-0.0191,4.3162
19260.2,88,4.3970,4.5181,4.6134,11.9765,-0.0160,4.3162
19270.2,89,4.3894,4.5181,4.6104,11.9756,-0.0145,4.3116
19280.2,90,4.3848,4.5197,4.6134,11.9765,-0.0145,4.3040
19290.2,91,4.3817,4.5181,4.6104,11.9765,-0.0175,4.2948
19300.2,92,4.3802,4.5151,4.6027,11.9765,-0.0145,4.2979
19310.2,93,4.3787,4.5120,4.6012,11.9765,-0.0145,4.3009
19320.2,94,4.3772,4.5120,4.6043,11.9773,-0.0145,4.2964
19330.2,95,4.3726,4.5029,4.5982,11.9773,-0.0145,4.2918
19340.2,96,4.3680,4.4998,4.5936,11.9765,-0.0130,4.2887
19350.2,97,4.3665,4.4968,4.5875,11.9773,-0.0130,4.2826
19360.2,98,4.3649,4.4922,4.5814,11.9765,-0.0130,4.2765
19370.2,99,4.3619,4.4922,4.5783,11.9765,-0.0130,4.2750
19380.2,100,4.3604,4.4861,4.5829,11.9765,-0.0130,4.2719
19390.2,101,4.3588,4.4876,4.5844,11.9773,-0.0114,4.2674
19400.2,102,4.3604,4.4876,4.5875,11.9773,-0.0130,4.2735
19410.2,103,4.3604,4.4907,4.5829,11.9782,-0.0114,4.2765
19420.2,104,4.3634,4.4937,4.5814,11.9765,-0.0114,4.2811
19430.2,105,4.3665,4.4998,4.5859,11.9765,-0.0084,4.2841
19440.2,106,4.3649,4.4998,4.5859,11.9773,-0.0099,4.2841
19450.2,107,4.3665,4.4998,4.5859,11.9765,-0.0084,4.2796
19460.2,108,4.3619,4.4998,4.5859,11.9756,-0.0084,4.2796
19470.2,109,4.3573,4.4952,4.5859,11.9756,-0.0084,4.2872
19480.2,110,4.3588,4.4937,4.5875,11.9765,-0.0053,4.2872
19490.2,111,4.3634,4.4983,4.5951,11.9765,-0.0038,4.2948
19500.2,112,4.3756,4.5090,4.6119,11.9765,-0.0053,4.3040
19510.2,113,4.3939,4.5273,4.6226,11.9765,-0.0038,4.3162
19520.2,114,4.4107,4.5395,4.6394,11.9773,-0.0038,4.3269
19530.2,115,4.4290,4.5517,4.6485,11.9773,-0.0053,4.3406
19540.2,116,4.4367,4.5563,4.6592,11.9773,-0.0053,4.3543
19550.2,117,4.4458,4.5639,4.6668,11.9773,-0.0023,4.3604
19560.2,118,4.4489,4.5731,4.6729,11.9756,-0.0053,4.3650
19570.2,119,4.4596,4.5761,4.6790,11.9765,-0.0053,4.3696
19580.2,120,4.4611,4.5807,4.6851,11.9765,-0.0053,4.3742
19590.2,121,4.4611,4.5868,4.6897,11.9765,-0.0053,4.3772
19600.2,122,4.4626,4.5868,4.6912,11.9756,-0.0038,4.3742
19610.2,123,4.4565,4.5883,4.6806,11.9756,-0.0053,4.3681
19620.2,124,4.4489,4.5792,4.6714,11.9756,-0.0053,4.3635
19630.2,125,4.4382,4.5639,4.6592,11.9747,-0.0038,4.3559
19640.2,126,4.4229,4.5547,4.6409,11.9756,-0.0053,4.3360
19650.2,127,4.4061,4.5395,4.6210,11.9747,-0.0053,4.3162
19660.2,128,4.3833,4.5166,4.5920,11.9747,-0.0069,4.2857
19670.2,129,4.3222,4.4556,4.5234,11.9765,-0.0053,4.2185
19680.2,130,4.2063,4.3350,4.3876,11.9765,-0.0023,4.0904
19690.2,131,4.0232,4.1519,4.1663,11.9747,-0.0053,3.8905
19700.2,132,3.7729,3.8986,3.8779,11.9773,-0.0038,3.6204
19710.2,133,3.4723,3.5950,3.5407,11.9791,-0.0053,3.3076
19720.2,134,3.1351,3.2562,3.1745,11.9791,-0.0069,2.9704
19730.2,135,2.7857,2.9053,2.8022,11.9817,-0.0053,2.6270
19740.2,136,2.4347,2.5558,2.4421,11.9826,-0.0053,2.2959
19750.2,137,2.1005,2.2171,2.1049,11.9843,-0.0053,1.9770
19760.2,138,1.7877,1.9043,1.7921,11.9852,-0.0038,1.6856
19770.2,139,1.5085,1.6220,1.5082,11.9878,-0.0053,1.4246
19780.2,140,1.2644,1.3748,1.2733,11.9895,-0.0053,1.2049
19790.2,141,1.0629,1.1703,1.0856,11.9904,-0.0053,1.0264
19800.2,142,0.9073,1.0101,0.9406,11.9930,-0.0038,0.8860
19810.2,143,0.7898,0.8865,0.8338,11.9939,-0.0038,0.7853
19820.2,144,0.7089,0.7919,0.7499,11.9956,-0.0023,0.7105
19830.2,145,0.6494,0.7202,0.6889,11.9965,-0.0023,0.6556
19840.2,146,0.6128,0.6653,0.6477,11.9982,-0.0038,0.6190
19850.2,147,0.5899,0.6271,0.6248,11.9991,-0.0038,0.5991
19860.2,148,0.5731,0.6119,0.6187,12.0008,-0.0038,0.5869
19870.2,149,0.5747,0.6149,0.6263,12.0008,-0.0023,0.5869
19880.2,150,0.5945,0.6332,0.6553,12.0026,-0.0038,0.6144
19890.2,151,0.6449,0.6790,0.7102,12.0017,-0.0008,0.6678
19900.2,152,0.7181,0.7492,0.7941,12.0008,-0.0038,0.7472
19910.2,153,0.8142,0.8469,0.8994,12.0026,-0.0023,0.8509
19920.2,154,0.9134,0.9460,1.0047,12.0034,-0.0023,0.9425
19930.2,155,0.9928,1.0315,1.0795,12.0034,-0.0023,1.0157
19940.2,156,1.0462,1.0818,1.1222,12.0034,-0.0038,1.0569
19950.2,157,1.0736,1.1063,1.1405,12.0026,-0.0023,1.0752
19960.2,158,1.0858,1.1154,1.1405,12.0026,-0.0023,1.0798
19970.2,159,1.0828,1.1047,1.1283,12.0026,-0.0023,1.0691
19980.2,160,1.0752,1.0925,1.1161,12.0017,-0.0023,1.0600
19990.2,161,1.1057,1.1215,1.1573,12.0026,-0.0023,1.0951
20000.2,162,1.1957,1.2115,1.2748,12.0017,-0.0008,1.2049
20010.2,163,1.3620,1.3901,1.4869,12.0008,-0.0023,1.4094
20020.2,164,1.6275,1.6739,1.8058,12.0008,-0.0008,1.7054
20030.2,165,1.9846,2.0386,2.2086,11.9991,0.0008,2.0701
20040.2,166,2.3676,2.4139,2.6176,11.9991,0.0008,2.4439
20050.2,167,2.7139,2.7512,2.9670,11.9973,0.0008,2.7674
20060.2,168,2.9795,3.0121,3.2096,11.9956,0.0008,2.9978
20070.2,169,3.1458,3.1784,3.3439,11.9939,0.0008,3.1199
20080.2,170,3.2251,3.2639,3.3912,11.9939,0.0008,3.1703
20090.2,171,3.2572,3.2990,3.4049,11.9921,0.0023,3.1809
20100.2,172,3.2633,3.3234,3.4171,11.9913,0.0008,3.1870
20110.2,173,3.2800,3.3508,3.4431,11.9895,0.0038,3.2038
20120.2,174,3.3258,3.4073,3.5041,11.9895,0.0023,3.2633
20130.2,175,3.3914,3.4805,3.5819,11.9895,0.0023,3.3381
20140.2,176,3.4571,3.5446,3.6460,11.9886,0.0053,3.4007
20150.2,177,3.5044,3.5919,3.6750,11.9886,0.0038,3.4373
20160.2,178,3.5166,3.5965,3.6735,11.9869,0.0053,3.4358
20170.2,179,3.4998,3.5782,3.6491,11.9878,0.0053,3.4174
20180.2,180,3.4754,3.5538,3.6262,11.9869,0.0053,3.3915
20190.2,181,3.4448,3.5294,3.5911,11.9852,0.0069,3.3595
20200.2,182,3.4265,3.5202,3.5926,11.9843,0.0053,3.3534
20210.2,183,3.4677,3.5645,3.6567,11.9852,0.0069,3.4113
20220.2,184,3.5852,3.6896,3.8093,11.9843,0.0069,3.5563
20230.2,185,3.7775,3.8895,4.0397,11.9834,0.0053,3.7791
20240.2,186,4.0338,4.1428,4.3311,11.9826,0.0053,4.0492
20250.2,187,4.3207,4.4266,4.6500,11.9817,0.0053,4.3406
20260.2,188,4.6137,4.7150,4.9644,11.9799,0.0069,4.6229
20270.2,189,4.8853,4.9896,5.2360,11.9782,0.0069,4.8762
20280.2,190,5.1248,5.2216,5.4587,11.9765,0.0069,5.0883
20290.2,191,5.2973,5.3970,5.6235,11.9756,0.0069,5.2363
20300.2,192,5.4163,5.5237,5.7319,11.9765,0.0084,5.3294
20310.2,193,5.4880,5.6000,5.7792,11.9747,0.0069,5.3721
20320.2,194,5.5139,5.6320,5.7838,11.9730,0.0084,5.3828
20330.2,195,5.5063,5.6274,5.7593,11.9730,0.0084,5.3706
20340.2,196,5.4682,5.6000,5.7151,11.9721,0.0069,5.3355
20350.2,197,5.4117,5.5450,5.6525,11.9713,0.0069,5.2790
20360.2,198,5.3476,5.4871,5.5793,11.9704,0.0069,5.2104
20370.2,199,5.2774,5.4199,5.5091,11.9721,0.0069,5.1402
20380.2,200,5.2072,5.3528,5.4389,11.9730,0.0084,5.0745
20390.2,201,5.1325,5.2872,5.3702,11.9721,0.0084,5.0135
20400.2,202,5.0684,5.2200,5.3016,11.9713,0.0084,4.9555
20410.2,203,5.0089,5.1605,5.2451,11.9713,0.0084,4.9006
20420.2,204,4.9600,5.1147,5.1948,11.9721,0.0099,4.8457
20430.2,205,4.9112,5.0690,5.1520,11.9721,0.0084,4.7968
20440.2,206,4.8715,5.0323,5.1185,11.9713,0.0069,4.7617
20450.2,207,4.8303,4.9957,5.0834,11.9713,0.0069,4.7297
20460.2,208,4.7968,4.9515,5.0483,11.9713,0.0069,4.6961
20470.2,209,4.4275,4.5776,4.6683,11.9782,-0.0252,4.3452
===BURST_CSV_END===
error: unknown command '' (try 'help')
>i3:326221:4.551105
>i4:326221:4.676819
>i5:326221:4.787362
>vrail:326221:11.976471
>i7:326221:0.000768
>i8:326221:4.470301
>seq:326221:13.000000
>i3:326418:4.728107
>i4:326418:4.869080
>i5:326418:4.962838
>vrail:326418:11.976471
>i7:326418:0.026708
>i8:326418:4.635096
>seq:326418:21.000000
>i3:326618:4.493122
>i4:326618:4.647827
>i5:326618:4.730904
>vrail:326618:11.975601
>i7:326618:-0.034328
>i8:326618:4.403162
>seq:326618:52.000000
>i3:326818:4.392414
>i4:326818:4.524231
>i5:326818:4.627144
>vrail:326818:11.973862
>i7:326818:-0.008388
>i8:326818:4.313135
>seq:326818:82.000000
>i3:327018:3.342609
>i4:327018:3.431702
>i5:327018:3.502572
>vrail:327018:11.973862
>i7:327018:-0.008388
>i8:327018:3.270960
>seq:327018:113.000000
>i3:327218:0.423603
>i4:327218:0.460815
>i5:327218:0.466073
>vrail:327218:11.973862
>i7:327218:-0.026698
>i8:327218:0.441980
>seq:327218:143.000000
>i3:327418:1.441364
>i4:327418:1.533508
>i5:327418:1.499093
>vrail:327418:11.983429
>i7:327418:0.072484
>i8:327418:1.413965
>seq:327418:174.000000
>i3:327618:4.442768
>i4:327618:4.566956
>i5:327618:4.679024
>vrail:327618:11.983429
>i7:327618:0.005345
>i8:327618:4.369593
>seq:327618:205.000000
>i3:327818:4.697590
>i4:327818:4.837036
>i5:327818:4.949105
>vrail:327818:11.983429
>i7:327818:0.012975
>i8:327818:4.612207
>seq:327818:235.000000
>i3:328018:4.516010
>i4:328018:4.644775
>i5:328018:4.743111
>vrail:328018:11.973862
>i7:328018:0.002294
>i8:328018:4.429102
>seq:328018:10.000000
>i3:328218:4.474812
>i4:328218:4.598999
>i5:328218:4.691231
>vrail:328218:11.973862
>i7:328218:-0.009913
>i8:328218:4.383326
>seq:328218:40.000000
>i3:328418:4.650288
>i4:328418:4.798889
>i5:328418:4.900277
>vrail:328418:11.973862
>i7:328418:0.032811
>i8:328418:4.566431
>seq:328418:71.000000
>i3:328618:5.361347
>i4:328618:5.484009
>i5:328618:5.589974
>vrail:328618:11.973862
>i7:328618:-0.051112
>i8:328618:5.205774
>seq:328618:101.000000
>i3:328818:4.346638
>i4:328818:4.461670
>i5:328818:4.563057
>vrail:328818:11.973862
>i7:328818:-0.041957
>i8:328818:4.247522
>seq:328818:132.000000
>i3:329018:4.335957
>i4:329018:4.473877
>i5:329018:4.550850
>vrail:329018:11.973862
>i7:329018:-0.057216
>i8:329018:4.235315
>seq:329018:163.000000
>i3:329218:4.351215
>i4:329218:4.472351
>i5:329218:4.569161
>vrail:329218:11.973862
>i7:329218:-0.006862
>i8:329218:4.250574
>seq:329218:194.000000
>i3:329418:4.410725
>i4:329418:4.547119
>i5:329418:4.624093
>vrail:329418:11.973862
>i7:329418:0.041966
>i8:329418:4.311609
>seq:329418:225.000000
>i3:329618:4.430561
>i4:329618:4.559326
>i5:329618:4.653084
>vrail:329618:11.973862
>i7:329618:-0.006862
>i8:329618:4.342127
>seq:329618:255.000000
>i3:329818:4.473286
>i4:329818:4.614258
>i5:329818:4.706490
>vrail:329818:11.972992
>i7:329818:0.005345
>i8:329818:4.395533
>seq:329818:30.000000
>i3:330018:4.755573
>i4:330018:4.891968
>i5:330018:4.985726
>vrail:330018:11.971252
>i7:330018:0.067906
>i8:330018:4.661036
>seq:330018:60.000000
>i3:330218:4.543476
>i4:330218:4.673767
>i5:330218:4.770577
>vrail:330218:11.971252
>i7:330218:0.025182
>i8:330218:4.447412
>seq:330218:91.000000
>i3:330418:4.642658
>i4:330418:4.780579
>i5:330418:4.871285
>vrail:330418:11.969513
>i7:330418:0.083165
>i8:330418:4.548120
>seq:330418:121.000000
>i3:330618:3.608112
>i4:330618:3.684998
>i5:330618:3.798592
>vrail:330618:11.969513
>i7:330618:-0.008388
>i8:330618:3.536463
>seq:330618:152.000000
>i3:330818:4.429035
>i4:330818:4.571533
>i5:330818:4.657662
>vrail:330818:11.968643
>i7:330818:-0.016017
>i8:330818:4.348230
>seq:330818:183.000000
>i3:331018:1.729755
>i4:331018:1.832581
>i5:331018:1.801217
>vrail:331018:11.969513
>i7:331018:-0.029750
>i8:331018:1.674891
>seq:331018:213.000000
>i3:331218:4.438190
>i4:331218:4.588318
>i5:331218:4.675972
>vrail:331218:11.970383
>i7:331218:-0.045009
>i8:331218:4.361963
>seq:331218:244.000000
>i3:331418:4.679279
>i4:331418:4.815674
>i5:331418:4.917061
>vrail:331418:11.972992
>i7:331418:-0.000758
>i8:331418:4.593897
>seq:331418:18.000000
>i3:331618:1.363544
>i4:331618:1.370239
>i5:331618:1.404488
>vrail:331618:11.972992
>i7:331618:0.019078
>i8:331618:1.323938
>seq:331618:49.000000
>i3:331818:3.376179
>i4:331818:3.431702
>i5:331818:3.517830
>vrail:331818:11.983429
>i7:331818:-0.006862
>i8:331818:3.284693
>seq:331818:79.000000
>i3:332018:4.801350
>i4:332018:4.939270
>i5:332018:5.057442
>vrail:332018:11.972992
>i7:332018:0.008397
>i8:332018:4.715967
>seq:332018:110.000000
>i3:332218:3.620319
>i4:332218:3.700256
>i5:332218:3.797066
>vrail:332218:11.984299
>i7:332218:0.023656
>i8:332218:3.544092
>seq:332218:141.000000
>i3:332418:4.749470
>i4:332418:4.893494
>i5:332418:4.994881
>vrail:332418:11.984299
>i7:332418:-0.002284
>i8:332418:4.661036
>seq:332418:172.000000
>i3:332618:3.489094
>i4:332618:3.575134
>i5:332618:3.665841
>vrail:332618:11.984299
>i7:332618:-0.020595
>i8:332618:3.425074
>seq:332618:203.000000
>i3:332818:4.461079
>i4:332818:4.588318
>i5:332818:4.686654
>vrail:332818:11.972992
>i7:332818:-0.032802
>i8:332818:4.374170
>seq:332818:233.000000
>i3:333018:4.900532
>i4:333018:5.010986
>i5:333018:5.260384
>vrail:333018:11.979080
>i7:333018:-0.012965
>i8:333018:4.896021
>seq:333018:8.000000
>i3:333218:2.416401
>i4:333218:2.459717
>i5:333218:2.663338
>vrail:333218:11.979080
>i7:333218:0.005345
>i8:333218:2.495813
>seq:333218:38.000000
>i3:333418:4.389362
>i4:333418:4.516602
>i5:333418:4.614937
>vrail:333418:11.979080
>i7:333418:-0.014491
>i8:333418:4.308558
>seq:333418:69.000000
>i3:333618:0.544147
>i4:333618:0.593567
>i5:333618:0.566781
>vrail:333618:11.979080
>i7:333618:-0.043483
>i8:333618:0.536585
>seq:333618:100.000000
>i3:333818:1.554279
>i4:333818:1.602173
>i5:333818:1.680672
>vrail:333818:11.994736
>i7:333818:-0.038905
>i8:333818:1.574183
>seq:333818:131.000000
>i3:334018:4.631977
>i4:334018:4.769897
>i5:334018:4.877388
>vrail:334018:11.994736
>i7:334018:0.035863
>i8:334018:4.551172
>seq:334018:162.000000
>i3:334218:4.369526
>i4:334218:4.501343
>i5:334218:4.599679
>vrail:334218:11.973862
>i7:334218:0.035863
>i8:334218:4.284143
>seq:334218:192.000000
>i3:334418:4.284077
>i4:334418:4.423523
>i5:334418:4.500496
>vrail:334418:11.974731
>i7:334418:-0.006862
>i8:334418:4.200220
>seq:334418:223.000000
>i3:334618:4.465656
>i4:334618:4.600525
>i5:334618:4.689705
>vrail:334618:11.973862
>i7:334618:0.075536
>i8:334618:4.381800
>seq:334618:253.000000
>i3:334818:4.345112
>i4:334818:4.481506
>i5:334818:4.578316
>vrail:334818:11.971252
>i7:334818:-0.006862
>i8:334818:4.268885
>seq:334818:28.000000
>i3:335018:4.911213
>i4:335018:5.075073
>i5:335018:5.165780
>vrail:335018:11.971252
>i7:335018:0.032811
>i8:335018:4.816675
>seq:335018:58.000000
>i3:335218:4.671650
>i4:335218:4.817200
>i5:335218:4.910958
>vrail:335218:11.971252
>i7:335218:0.034337
>i8:335218:4.571009
>seq:335218:89.000000
>i3:335418:4.429035
>i4:335418:4.556274
>i5:335418:4.665291
>vrail:335418:11.971252
>i7:335418:-0.014491
>i8:335418:4.343653
>seq:335418:120.000000
>i3:335618:4.525166
>i4:335618:4.660034
>i5:335618:4.761422
>vrail:335618:11.973862
>i7:335618:-0.045009
>i8:335618:4.447412
>seq:335618:151.000000
>i3:335818:4.557209
>i4:335818:4.681396
>i5:335818:4.796517
>vrail:335818:11.973862
>i7:335818:-0.003810
>i8:335818:4.482508
>seq:335818:182.000000
>i3:336018:5.558186
>i4:336018:5.682373
>i5:336018:5.809700
>vrail:336018:11.973862
>i7:336018:0.037389
>i8:336018:5.411768
>seq:336018:212.000000
>i3:336218:4.621296
>i4:336218:4.751587
>i5:336218:4.845345
>vrail:336218:11.972992
>i7:336218:0.069432
>i8:336218:4.532862
>seq:336218:243.000000
>i3:336418:4.451923
>i4:336418:4.586792
>i5:336418:4.683602
>vrail:336418:11.970383
>i7:336418:0.032811
>i8:336418:4.369593
>seq:336418:17.000000
>i3:336618:0.655537
>i4:336618:0.679016
>i5:336618:0.714791
>vrail:336618:11.970383
>i7:336618:0.026708
>i8:336618:0.686121
>seq:336618:48.000000
>i3:336818:3.336506
>i4:336818:3.390503
>i5:336818:3.479683
>vrail:336818:11.972992
>i7:336818:0.025182
>i8:336818:3.246546
>seq:336818:78.000000
>i3:337018:4.407673
>i4:337018:4.533386
>i5:337018:4.619515
>vrail:337018:11.972992
>i7:337018:0.037389
>i8:337018:4.319239
>seq:337018:109.000000
>i3:337218:4.667072
>i4:337218:4.820251
>i5:337218:4.909432
>vrail:337218:11.979080
>i7:337218:-0.002284
>i8:337218:4.586267
>seq:337218:140.000000
>i3:337418:4.313068
>i4:337418:4.438782
>i5:337418:4.537117
>vrail:337418:11.979080
>i7:337418:-0.031276
>i8:337418:4.232264
>seq:337418:170.000000
>i3:337618:4.142170
>i4:337618:4.255676
>i5:337618:4.288399
>vrail:337618:11.977341
>i7:337618:-0.000758
>i8:337618:3.991175
>seq:337618:201.000000
>i3:337818:4.476337
>i4:337818:4.615784
>i5:337818:4.711068
>vrail:337818:11.977341
>i7:337818:-0.005336
>i8:337818:4.390955
>seq:337818:231.000000
>i3:338018:4.621296
>i4:338018:4.750061
>i5:338018:4.857552
>vrail:338018:11.977341
>i7:338018:0.034337
>i8:338018:4.525232
>seq:338018:6.000000
>i3:338218:4.403095
>i4:338218:4.545593
>i5:338218:4.637825
>vrail:338218:11.977341
>i7:338218:-0.028224
>i8:338218:4.328394
>seq:338218:36.000000
>i3:338418:4.602985
>i4:338418:4.739380
>i5:338418:4.837716
>vrail:338418:11.977341
>i7:338418:-0.016017
>i8:338418:4.516077
>seq:338418:67.000000
>i3:338618:2.877216
>i4:338618:3.001404
>i5:338618:2.904427
>vrail:338618:11.977341
>i7:338618:-0.014491
>i8:338618:2.720118
>seq:338618:98.000000
>i3:338818:4.410725
>i4:338818:4.537964
>i5:338818:4.645455
>vrail:338818:11.977341
>i7:338818:0.002294
>i8:338818:4.328394
>seq:338818:129.000000
>i3:339018:4.432087
>i4:339018:4.562378
>i5:339018:4.656136
>vrail:339018:11.978210
>i7:339018:0.043492
>i8:339018:4.352808
>seq:339018:160.000000
>i3:339218:4.337482
>i4:339218:4.472351
>i5:339218:4.550850
>vrail:339218:11.978210
>i7:339218:-0.017543
>i8:339218:4.249048
>seq:339218:190.000000
>i3:339418:4.450397
>i4:339418:4.582214
>i5:339418:4.671395
>vrail:339418:11.979950
>i7:339418:-0.043483
>i8:339418:4.355860
>seq:339418:221.000000
>i3:339618:4.395466
>i4:339618:4.545593
>i5:339618:4.633248
>vrail:339618:11.979950
>i7:339618:-0.051112
>i8:339618:4.319239
>seq:339618:251.000000
>i3:339818:4.390888
>i4:339818:4.531860
>i5:339818:4.625618
>vrail:339818:11.979950
>i7:339818:-0.025172
>i8:339818:4.317713
>seq:339818:26.000000
>i3:340018:0.632648
>i4:340018:0.657654
>i5:340018:0.693429
>vrail:340018:11.980820
>i7:340018:0.014501
>i8:340018:0.652552
>seq:340018:56.000000
>i3:340218:4.511433
>i4:340218:4.650879
>i5:340218:4.733956
>vrail:340218:11.980820
>i7:340218:-0.000758
>i8:340218:4.413843
>seq:340218:87.000000
>i3:340418:4.467182
>i4:340418:4.597473
>i5:340418:4.698861
>vrail:340418:11.979080
>i7:340418:0.022130
>i8:340418:4.389429
>seq:340418:118.000000
>i3:340618:1.517658
>i4:340618:1.602173
>i5:340618:1.564705
>vrail:340618:11.979080
>i7:340618:0.054173
>i8:340618:1.470423
>seq:340618:148.000000
>i3:340818:4.549580
>i4:340818:4.689026
>i5:340818:4.782784
>vrail:340818:11.979080
>i7:340818:0.034337
>i8:340818:4.470301
>seq:340818:179.000000
>i3:341018:0.606709
>i4:341018:0.642395
>i5:341018:0.644600
>vrail:341018:11.979080
>i7:341018:0.078588
>i8:341018:0.612879
>seq:341018:209.000000
>i3:341218:3.458576
>i4:341218:3.564453
>i5:341218:3.668892
>vrail:341218:11.992126
>i7:341218:-0.009913
>i8:341218:3.418970
>seq:341218:240.000000
>i3:341418:3.389912
>i4:341418:3.494263
>i5:341418:3.586495
>vrail:341418:11.992996
>i7:341418:-0.028224
>i8:341418:3.342676
>seq:341418:14.000000
>i3:341618:4.458027
>i4:341618:4.608154
>i5:341618:4.701912
>vrail:341618:11.992126
>i7:341618:-0.035853
>i8:341618:4.383326
>seq:341618:45.000000
>i3:341818:4.639606
>i4:341818:4.759216
>i5:341818:4.840767
>vrail:341818:11.992126
>i7:341818:-0.026698
>i8:341818:4.529810
>seq:341818:76.000000
>i3:342018:4.659443
>i4:342018:4.806519
>i5:342018:4.892647
>vrail:342018:11.981689
>i7:342018:0.048070
>i8:342018:4.571009
>seq:342018:107.000000
>i3:342218:3.498249
>i4:342218:3.579712
>i5:342218:3.673470
>vrail:342218:11.981689
>i7:342218:-0.023646
>i8:342218:3.434229
>seq:342218:138.000000
>i3:342418:3.545551
>i4:342418:3.620911
>i5:342418:3.723824
>vrail:342418:11.981689
>i7:342418:-0.011439
>i8:342418:3.475428
>seq:342418:168.000000
>i3:342618:4.468708
>i4:342618:4.602051
>i5:342618:4.701912
>vrail:342618:11.981689
>i7:342618:0.005345
>i8:342618:4.386377
>seq:342618:199.000000
>i3:342818:4.494648
>i4:342818:4.638672
>i5:342818:4.723275
>vrail:342818:11.979080
>i7:342818:0.016026
>i8:342818:4.422998
>seq:342818:229.000000
>i3:343018:4.509907
>i4:343018:4.647827
>i5:343018:4.740059
>vrail:343018:11.979950
>i7:343018:0.075536
>i8:343018:4.435205
>seq:343018:4.000000
>i3:343218:0.556355
>i4:343218:0.604248
>i5:343218:0.578988
>vrail:343218:11.979950
>i7:343218:-0.012965
>i8:343218:0.548792
>seq:343218:34.000000
>i3:343418:2.073078
>i4:343418:2.191162
>i5:343418:2.126229
>vrail:343418:11.979950
>i7:343418:0.037389
>i8:343418:2.002954
>seq:343418:65.000000
>i3:343618:4.546528
>i4:343618:4.689026
>i5:343618:4.781258
>vrail:343618:11.981689
>i7:343618:-0.022120
>i8:343618:4.458094
>seq:343618:96.000000
>i3:343818:4.429035
>i4:343818:4.573059
>i5:343818:4.653084
>vrail:343818:11.981689
>i7:343818:0.006871
>i8:343818:4.361963
>seq:343818:126.000000
>i3:344018:4.448872
>i4:344018:4.583740
>i5:344018:4.685128
>vrail:344018:11.981689
>i7:344018:-0.058742
>i8:344018:4.366541
>seq:344018:157.000000
>i3:344218:4.473286
>i4:344218:4.603577
>i5:344218:4.698861
>vrail:344218:11.980820
>i7:344218:-0.043483
>i8:344218:4.381800
>seq:344218:187.000000
>i3:344418:4.596882
>i4:344418:4.743958
>i5:344418:4.830086
>vrail:344418:11.979950
>i7:344418:-0.031276
>i8:344418:4.517603
>seq:344418:218.000000
>i3:344618:4.563313
>i4:344618:4.705811
>i5:344618:4.801095
>vrail:344618:11.979950
>i7:344618:-0.023646
>i8:344618:4.476404
>seq:344618:248.000000
>i3:344818:5.207233
>i4:344818:5.354309
>i5:344818:5.454171
>vrail:344818:11.979950
>i7:344818:0.028234
>i8:344818:5.085230
>seq:344818:23.000000
>i3:345018:4.790668
>i4:345018:4.945374
>i5:345018:5.037606
>vrail:345018:11.980820
>i7:345018:0.063329
>i8:345018:4.702234
>seq:345018:54.000000
>i3:345218:4.694538
>i4:345218:4.858398
>i5:345218:4.938424
>vrail:345218:11.980820
>i7:345218:0.006871
>i8:345218:4.596949
>seq:345218:85.000000
>i3:345418:4.447346
>i4:345418:4.583740
>i5:345418:4.669869
>vrail:345418:11.980820
>i7:345418:0.008397
>i8:345418:4.360437
>seq:345418:116.000000
>i3:345618:4.502277
>i4:345618:4.635620
>i5:345618:4.737008
>vrail:345618:11.980820
>i7:345618:0.017552
>i8:345618:4.427576
>seq:345618:146.000000
>i3:345818:1.299458
>i4:345818:1.309204
>i5:345818:1.343453
>vrail:345818:11.981689
>i7:345818:0.026708
>i8:345818:1.269007
>seq:345818:177.000000
>i3:346018:4.612141
>i4:346018:4.742432
>i5:346018:4.843819
>vrail:346018:11.981689
>i7:346018:0.006871
>i8:346018:4.529810
>seq:346018:207.000000
>i3:346218:4.418354
>i4:346218:4.560852
>i5:346218:4.646981
>vrail:346218:11.980820
>i7:346218:-0.017543
>i8:346218:4.336023
>seq:346218:238.000000
>i3:346418:4.508381
>i4:346418:4.638672
>i5:346418:4.723275
>vrail:346418:11.979080
>i7:346418:0.066381
>i8:346418:4.426050
>seq:346418:12.000000
>i3:346618:4.450397
>i4:346618:4.583740
>i5:346618:4.685128
>vrail:346618:11.979080
>i7:346618:0.052648
>i8:346618:4.374170
>seq:346618:43.000000
>i3:346818:4.525166
>i4:346818:4.647827
>i5:346818:4.744637
>vrail:346818:11.979080
>i7:346818:0.095372
>i8:346818:4.433680
>seq:346818:74.000000
>i3:347018:2.480488
>i4:347018:2.604675
>i5:347018:2.513802
>vrail:347018:11.979080
>i7:347018:0.035863
>i8:347018:2.361536
>seq:347018:104.000000
>i3:347218:3.399067
>i4:347218:3.466797
>i5:347218:3.549874
>vrail:347218:11.979080
>i7:347218:0.008397
>i8:347218:3.324366
>seq:347218:135.000000
>i3:347418:4.522114
>i4:347418:4.661560
>i5:347418:4.752266
>vrail:347418:11.979080
>i7:347418:0.080113
>i8:347418:4.442835
>seq:347418:165.000000
>i3:347618:4.500751
>i4:347618:4.629517
>i5:347618:4.724801
>vrail:347618:11.979080
>i7:347618:0.067906
>i8:347618:4.421473
>seq:347618:196.000000
>i3:347818:1.891499
>i4:347818:2.006531
>i5:347818:1.964486
>vrail:347818:11.986038
>i7:347818:0.098424
>i8:347818:1.848841
>seq:347818:226.000000
>i3:348018:4.630451
>i4:348018:4.779053
>i5:348018:4.880440
>vrail:348018:11.979080
>i7:348018:-0.031276
>i8:348018:4.558802
>seq:348018:1.000000
>i3:348218:4.334431
>i4:348218:4.454041
>i5:348218:4.560006
>vrail:348218:11.977341
>i7:348218:0.000768
>i8:348218:4.252100
>seq:348218:32.000000
>i3:348418:0.936298
>i4:348418:0.962830
>i5:348418:1.038277
>vrail:348418:11.979080
>i7:348418:-0.025172
>i8:348418:0.969934
>seq:348418:63.000000
>i3:348618:4.392414
>i4:348618:4.521179
>i5:348618:4.619515
>vrail:348618:11.979080
>i7:348618:-0.046535
>i8:348618:4.310083
>seq:348618:94.000000
>i3:348818:4.573994
>i4:348818:4.714966
>i5:348818:4.801095
>vrail:348818:11.978210
>i7:348818:0.099950
>i8:348818:4.496241
>seq:348818:124.000000
>i3:349018:1.149921
>i4:349018:1.171875
>i5:349018:1.221383
>vrail:349018:11.978210
>i7:349018:0.022130
>i8:349018:1.157618
>seq:349018:155.000000
>i3:349218:4.360371
>i4:349218:4.496765
>i5:349218:4.578316
>vrail:349218:11.978210
>i7:349218:0.049596
>i8:349218:4.273462
>seq:349218:185.000000
>i3:349418:4.889851
>i4:349418:5.067444
>i5:349418:5.142891
>vrail:349418:11.978210
>i7:349418:0.075536
>i8:349418:4.793787
>seq:349418:216.000000
>i3:349618:4.491596
>i4:349618:4.621887
>i5:349618:4.712594
>vrail:349618:11.978210
>i7:349618:0.084691
>i8:349618:4.404688
>seq:349618:246.000000
>i3:349818:4.424458
>i4:349818:4.562378
>i5:349818:4.656136
>vrail:349818:11.977341
>i7:349818:0.049596
>i8:349818:4.346704
>seq:349818:21.000000
>i3:350018:2.030354
>i4:350018:2.146912
>i5:350018:2.098763
>vrail:350018:11.977341
>i7:350018:-0.006862
>i8:350018:1.973963
>seq:350018:52.000000
>i3:350218:3.754597
>i4:350218:3.869629
>i5:350218:3.850472
>vrail:350218:11.977341
>i7:350218:0.035863
>i8:350218:3.599024
>seq:350218:82.000000
>i3:350418:4.583149
>i4:350418:4.724121
>i5:350418:4.791939
>vrail:350418:11.977341
>i7:350418:0.045018
>i8:350418:4.491663
>seq:350418:113.000000
>i3:350618:4.427509
>i4:350618:4.553223
>i5:350618:4.650033
>vrail:350618:11.977341
>i7:350618:0.003819
>i8:350618:4.354334
>seq:350618:143.000000
>i3:350818:4.451923
>i4:350818:4.585266
>i5:350818:4.686654
>vrail:350818:11.976471
>i7:350818:0.037389
>i8:350818:4.375696
>seq:350818:174.000000
>i3:351018:4.552631
>i4:351018:4.692078
>i5:351018:4.770577
>vrail:351018:11.976471
>i7:351018:0.022130
>i8:351018:4.473352
>seq:351018:204.000000
>i3:351218:4.407673
>i4:351218:4.534912
>i5:351218:4.646981
>vrail:351218:11.974731
>i7:351218:0.066381
>i8:351218:4.329920
>seq:351218:235.000000
>i3:351418:4.009418
>i4:351418:4.124451
>i5:351418:4.286873
>vrail:351418:11.976471
>i7:351418:0.077062
>i8:351418:4.001856
>seq:351418:10.000000
>i3:351618:4.618244
>i4:351618:4.756165
>i5:351618:4.852974
>vrail:351618:11.976471
>i7:351618:0.058751
>i8:351618:4.531336
>seq:351618:41.000000
>i3:351818:2.945881
>i4:351818:2.980042
>i5:351818:3.241646
>vrail:351818:11.976471
>i7:351818:0.055699
>i8:351818:3.019190
>seq:351818:72.000000
>i3:352018:3.714924
>i4:352018:3.833008
>i5:352018:3.989327
>vrail:352018:11.984299
>i7:352018:0.038915
>i8:352018:3.711939
>seq:352018:102.000000
>i3:352218:4.398518
>i4:352218:4.541016
>i5:352218:4.630196
>vrail:352218:11.984299
>i7:352218:-0.011439
>i8:352218:4.325342
>seq:352218:133.000000
>i3:352418:4.451923
>i4:352418:4.576111
>i5:352418:4.680550
>vrail:352418:11.975601
>i7:352418:0.049596
>i8:352418:4.381800
>seq:352418:163.000000
>i3:352618:1.026325
>i4:352618:1.049805
>i5:352618:1.119149
>vrail:352618:11.986908
>i7:352618:0.080113
>i8:352618:1.053858
>seq:352618:194.000000
>i3:352818:4.398518
>i4:352818:4.534912
>i5:352818:4.616463
>vrail:352818:11.976471
>i7:352818:0.008397
>i8:352818:4.319239
>seq:352818:224.000000
>i3:353018:0.809650
>i4:353018:0.816345
>i5:353018:0.842965
>vrail:353018:11.976471
>i7:353018:0.023656
>i8:353018:0.792933
>seq:353018:255.000000
>i3:353218:4.519062
>i4:353218:4.658508
>i5:353218:4.741585
>vrail:353218:11.977341
>i7:353218:0.035863
>i8:353218:4.430628
>seq:353218:30.000000
>i3:353418:4.409199
>i4:353418:4.545593
>i5:353418:4.628670
>vrail:353418:11.977341
>i7:353418:0.063329
>i8:353418:4.326868
>seq:353418:60.000000
>i3:353618:3.071003
>i4:353618:3.193665
>i5:353618:3.110421
>vrail:353618:11.977341
>i7:353618:0.131993
>i8:353618:2.916956
>seq:353618:91.000000
>i3:353818:4.424458
>i4:353818:4.553223
>i5:353818:4.659188
>vrail:353818:11.977341
>i7:353818:0.049596
>i8:353818:4.351282
>seq:353818:121.000000
>i3:354018:4.664021
>i4:354018:4.804993
>i5:354018:4.901803
>vrail:354018:11.974731
>i7:354018:0.051122
>i8:354018:4.592371
>seq:354018:152.000000
>i3:354218:3.569965
>i4:354218:3.642273
>i5:354218:3.757393
>vrail:354218:11.974731
>i7:354218:0.048070
>i8:354218:3.501368
>seq:354218:182.000000
>i3:354418:3.455524
>i4:354418:3.540039
>i5:354418:3.629220
>vrail:354418:11.980820
>i7:354418:0.046544
>i8:354418:3.380823
>seq:354418:213.000000
>i3:354618:4.474812
>i4:354618:4.605103
>i5:354618:4.698861
>vrail:354618:11.977341
>i7:354618:0.055699
>i8:354618:4.401636
>seq:354618:244.000000
>i3:354818:4.305439
>i4:354818:4.435730
>i5:354818:4.524910
>vrail:354818:11.977341
>i7:354818:-0.003810
>i8:354818:4.223108
>seq:354818:19.000000
>i3:355018:4.448872
>i4:355018:4.591370
>i5:355018:4.686654
>vrail:355018:11.977341
>i7:355018:0.005345
>i8:355018:4.366541
>seq:355018:50.000000
>i3:355218:4.529743
>i4:355218:4.670715
>i5:355218:4.762948
>vrail:355218:11.975601
>i7:355218:0.057225
>i8:355218:4.462671
>seq:355218:80.000000
>i3:355418:4.534321
>i4:355418:4.682922
>i5:355418:4.765999
>vrail:355418:11.975601
>i7:355418:0.061803
>i8:355418:4.462671
>seq:355418:111.000000
>i3:355618:4.136066
>i4:355618:4.246521
>i5:355618:4.260933
>vrail:355618:11.975601
>i7:355618:0.038915
>i8:355618:3.988123
>seq:355618:141.000000
>i3:355818:5.622272
>i4:355818:5.729675
>i5:355818:5.889046
>vrail:355818:11.975601
>i7:355818:0.075536
>i8:355818:5.485010
>seq:355818:172.000000
>i3:356018:4.660969
>i4:356018:4.792786
>i5:356018:4.903328
>vrail:356018:11.974731
>i7:356018:0.037389
>i8:356018:4.577112
>seq:356018:202.000000
>i3:356218:0.853901
>i4:356218:0.888062
>i5:356218:0.946724
>vrail:356218:11.978210
>i7:356218:0.049596
>i8:356218:0.887537
>seq:356218:233.000000
>i3:356418:1.146870
>i4:356418:1.161194
>i5:356418:1.212227
>vrail:356418:11.979080
>i7:356418:0.054173
>i8:356418:1.143885
>seq:356418:8.000000
>i3:356618:4.461079
>i4:356618:4.602051
>i5:356618:4.682076
>vrail:356618:11.979080
>i7:356618:0.046544
>i8:356618:4.380274
>seq:356618:38.000000
>i3:356818:4.372578
>i4:356818:4.513550
>i5:356818:4.593575
>vrail:356818:11.978210
>i7:356818:0.002294
>i8:356818:4.300928
>seq:356818:69.000000
>i3:357018:4.271870
>i4:357018:4.417419
>i5:357018:4.500496
>vrail:357018:11.978210
>i7:357018:-0.028224
>i8:357018:4.203272
>seq:357018:99.000000
>i3:357218:4.232197
>i4:357218:4.364014
>i5:357218:4.450142
>vrail:357218:11.978210
>i7:357218:-0.008388
>i8:357218:4.152918
>seq:357218:130.000000
>i3:357418:1.941853
>i4:357418:2.046204
>i5:357418:2.023995
>vrail:357418:11.978210
>i7:357418:0.081639
>i8:357418:1.902246
>seq:357418:160.000000
>i3:357618:3.457050
>i4:357618:3.527832
>i5:357618:3.613961
>vrail:357618:11.978210
>i7:357618:0.057225
>i8:357618:3.386927
>seq:357618:191.000000
>i3:357818:4.473286
>i4:357818:4.605103
>i5:357818:4.683602
>vrail:357818:11.977341
>i7:357818:0.040441
>i8:357818:4.387903
>seq:357818:222.000000
>i3:358018:4.503803
>i4:358018:4.623413
>i5:358018:4.735482
>vrail:358018:11.977341
>i7:358018:0.026708
>i8:358018:4.418421
>seq:358018:253.000000
>i3:358218:4.552631
>i4:358218:4.693604
>i5:358218:4.782784
>vrail:358218:11.977341
>i7:358218:0.083165
>i8:358218:4.468775
>seq:358218:28.000000
>i3:358418:4.563313
>i4:358418:4.693604
>i5:358418:4.790413
>vrail:358418:11.975601
>i7:358418:0.084691
>i8:358418:4.473352
>seq:358418:58.000000
>i3:358618:4.398518
>i4:358618:4.530334
>i5:358618:4.616463
>vrail:358618:11.975601
>i7:358618:0.066381
>i8:358618:4.305506
>seq:358618:89.000000
>i3:358818:4.744892
>i4:358818:4.891968
>i5:358818:4.987252
>vrail:358818:11.975601
>i7:358818:-0.006862
>i8:358818:4.648829
>seq:358818:119.000000
>i3:359018:4.412251
>i4:359018:4.550171
>i5:359018:4.646981
>vrail:359018:11.976471
>i7:359018:-0.000758
>i8:359018:4.334497
>seq:359018:150.000000
>i3:359218:4.358845
>i4:359218:4.507446
>i5:359218:4.595101
>vrail:359218:11.976471
>i7:359218:0.011449
>i8:359218:4.290247
>seq:359218:180.000000
>i3:359418:4.415302
>i4:359418:4.551697
>i5:359418:4.648507
>vrail:359418:11.976471
>i7:359418:0.077062
>i8:359418:4.340601
>seq:359418:211.000000
>i3:359618:4.445820
>i4:359618:4.580688
>i5:359618:4.683602
>vrail:359618:11.975601
>i7:359618:0.043492
>i8:359618:4.383326
>seq:359618:242.000000
>i3:359818:2.448444
>i4:359818:2.485657
>i5:359818:2.704537
>vrail:359818:11.975601
>i7:359818:0.000768
>i8:359818:2.514124
>seq:359818:16.000000
>i3:360018:0.602131
>i4:360018:0.639343
>i5:360018:0.665963
>vrail:360018:11.975601
>i7:360018:0.009923
>i8:360018:0.635767
>seq:360018:47.000000
>i3:360218:4.819660
>i4:360218:4.977417
>i5:360218:5.066597
>vrail:360218:11.975601
>i7:360218:0.049596
>i8:360218:4.725122
>seq:360218:77.000000
>i3:360418:4.447346
>i4:360418:4.580688
>i5:360418:4.680550
>vrail:360418:11.975601
>i7:360418:0.081639
>i8:360418:4.363489
>seq:360418:108.000000
>i3:360618:4.326801
>i4:360618:4.458618
>i5:360618:4.555428
>vrail:360618:11.978210
>i7:360618:0.034337
>i8:360618:4.249048
>seq:360618:138.000000
>i3:360818:4.500751
>i4:360818:4.631042
>i5:360818:4.720223
>vrail:360818:11.977341
>i7:360818:0.060277
>i8:360818:4.406214
>seq:360818:169.000000
>i3:361018:4.371052
>i4:361018:4.484558
>i5:361018:4.588997
>vrail:361018:11.977341
>i7:361018:0.000768
>i8:361018:4.270411
>seq:361018:200.000000
>i3:361218:4.378681
>i4:361218:4.505920
>i5:361218:4.601204
>vrail:361218:11.977341
>i7:361218:0.028234
>i8:361218:4.308558
>seq:361218:231.000000
rate: 24542 native frames in 0.245 s = 100000 Hz (100.00 kSPS) [nominal 200 kSPS] -- burst/autoburst now use the measured rate
error: unknown command '' (try 'help')
W (361685) 12vhpwr_proto: bad header 0x5c (alignment?)
>i3:361698:4.450397
>i4:361698:4.592896
>i5:361698:4.694283
>vrail:361698:11.977341
>i7:361698:-0.020595
>i8:361698:4.372644
>seq:361698:96.000000
>i3:361898:4.487019
>i4:361898:4.629517
>i5:361898:4.688179
>vrail:361898:11.977341
>i7:361898:0.101476
>i8:361898:4.384851
>seq:361898:127.000000
>i3:362098:4.448872
>i4:362098:4.591370
>i5:362098:4.694283
>vrail:362098:11.974731
>i7:362098:0.017552
>i8:362098:4.374170
>seq:362098:157.000000
>i3:362298:3.138142
>i4:362298:3.169250
>i5:362298:3.284371
>vrail:362298:11.974731
>i7:362298:-0.000758
>i8:362298:3.055811
>seq:362298:188.000000
>i3:362498:4.627399
>i4:362498:4.789734
>i5:362498:4.856026
>vrail:362498:11.972992
>i7:362498:0.026708
>i8:362498:4.528284
>seq:362498:218.000000
>i3:362698:4.386311
>i4:362698:4.515076
>i5:362698:4.610360
>vrail:362698:11.972992
>i7:362698:0.037389
>i8:362698:4.305506
>seq:362698:249.000000
>i3:362898:4.433613
>i4:362898:4.566956
>i5:362898:4.656136
>vrail:362898:11.972992
>i7:362898:0.019078
>i8:362898:4.348230
>seq:362898:23.000000
>i3:363098:4.284077
>i4:363098:4.415894
>i5:363098:4.503548
>vrail:363098:11.972992
>i7:363098:-0.025172
>i8:363098:4.207850
>seq:363098:54.000000
>i3:363298:4.282551
>i4:363298:4.415894
>i5:363298:4.500496
>vrail:363298:11.972992
>i7:363298:-0.048060
>i8:363298:4.203272
>seq:363298:85.000000
>i3:363498:4.381733
>i4:363498:4.521179
>i5:363498:4.616463
>vrail:363498:11.972992
>i7:363498:-0.019069
>i8:363498:4.305506
>seq:363498:116.000000
>i3:363698:4.329853
>i4:363698:4.470825
>i5:363698:4.576790
>vrail:363698:11.972992
>i7:363698:-0.020595
>i8:363698:4.253626
>seq:363698:147.000000
>i3:363898:4.577045
>i4:363898:4.708862
>i5:363898:4.811776
>vrail:363898:11.972992
>i7:363898:0.049596
>i8:363898:4.499292
>seq:363898:177.000000
>i3:364098:3.069477
>i4:364098:3.102112
>i5:364098:3.313363
>vrail:364098:11.972992
>i7:364098:-0.003810
>i8:364098:3.081751
>seq:364098:208.000000
>i3:364298:4.563313
>i4:364298:4.701233
>i5:364298:4.804146
>vrail:364298:11.972992
>i7:364298:0.017552
>i8:364298:4.471827
>seq:364298:238.000000
>i3:364498:4.371052
>i4:364498:4.501343
>i5:364498:4.601204
>vrail:364498:11.972992
>i7:364498:0.005345
>i8:364498:4.291773
>seq:364498:13.000000
>i3:364698:4.427509
>i4:364698:4.560852
>i5:364698:4.659188
>vrail:364698:11.972992
>i7:364698:0.051122
>i8:364698:4.340601
>seq:364698:43.000000
>i3:364898:4.595356
>i4:364898:4.722595
>i5:364898:4.814827
>vrail:364898:11.972992
>i7:364898:0.006871
>i8:364898:4.503870
>seq:364898:74.000000
>i3:365098:4.578571
>i4:365098:4.710388
>i5:365098:4.813302
>vrail:365098:11.972992
>i7:365098:-0.016017
>i8:365098:4.485559
>seq:365098:105.000000
>i3:365298:4.487019
>i4:365298:4.611206
>i5:365298:4.718697
>vrail:365298:11.972992
>i7:365298:-0.031276
>i8:365298:4.404688
>seq:365298:135.000000
>i3:365498:4.404621
>i4:365498:4.536438
>i5:365498:4.639351
>vrail:365498:11.972992
>i7:365498:-0.017543
>i8:365498:4.323816
>seq:365498:166.000000
>i3:365698:4.265766
>i4:365698:4.400635
>i5:365698:4.491341
>vrail:365698:11.972992
>i7:365698:0.014501
>i8:365698:4.200220
>seq:365698:196.000000
>i3:365898:3.255634
>i4:365898:3.291321
>i5:365898:3.478158
>vrail:365898:11.972992
>i7:365898:-0.012965
>i8:365898:3.243494
>seq:365898:227.000000
>i3:366098:4.311543
>i4:366098:4.446411
>i5:366098:4.537117
>vrail:366098:11.974731
>i7:366098:-0.017543
>i8:366098:4.226160
>seq:366098:1.000000
>i3:366298:4.413776
>i4:366298:4.550171
>i5:366298:4.653084
>vrail:366298:11.972992
>i7:366298:-0.009913
>i8:366298:4.334497
>seq:366298:32.000000
>i3:366498:5.185871
>i4:366498:5.343628
>i5:366498:5.434334
>vrail:366498:11.972122
>i7:366498:0.034337
>i8:366498:5.066919
>seq:366498:63.000000
>i3:366698:1.932697
>i4:366698:1.974487
>i5:366698:2.121651
>vrail:366698:11.974731
>i7:366698:0.087743
>i8:366698:1.990747
>seq:366698:94.000000
>i3:366898:4.459553
>i4:366898:4.588318
>i5:366898:4.688179
>vrail:366898:11.974731
>i7:366898:-0.005336
>i8:366898:4.372644
>seq:366898:125.000000
>i3:367098:4.393940
>i4:367098:4.527283
>i5:367098:4.636300
>vrail:367098:11.972122
>i7:367098:0.016026
>i8:367098:4.326868
>seq:367098:155.000000
>i3:367298:0.567036
>i4:367298:0.602722
>i5:367298:0.607979
>vrail:367298:11.974731
>i7:367298:-0.029750
>i8:367298:0.577784
>seq:367298:186.000000
>i3:367498:3.145771
>i4:367498:3.173828
>i5:367498:3.348458
>vrail:367498:11.992126
>i7:367498:-0.011439
>i8:367498:3.130579
>seq:367498:216.000000
>i3:367698:4.572468
>i4:367698:4.693604
>i5:367698:4.790413
>vrail:367698:11.974731
>i7:367698:0.035863
>i8:367698:4.471827
>seq:367698:247.000000
>i3:367898:4.499226
>i4:367898:4.634094
>i5:367898:4.733956
>vrail:367898:11.974731
>i7:367898:-0.028224
>i8:367898:4.415369
>seq:367898:21.000000
>i3:368098:4.387836
>i4:368098:4.512024
>i5:368098:4.619515
>vrail:368098:11.974731
>i7:368098:-0.028224
>i8:368098:4.313135
>seq:368098:52.000000
>i3:368298:4.476337
>i4:368298:4.606628
>i5:368298:4.700387
>vrail:368298:11.974731
>i7:368298:-0.002284
>i8:368298:4.394007
>seq:368298:83.000000
>i3:368498:4.459553
>i4:368498:4.589844
>i5:368498:4.691231
>vrail:368498:11.972992
>i7:368498:-0.002284
>i8:368498:4.380274
>seq:368498:113.000000
>i3:368698:4.465656
>i4:368698:4.592896
>i5:368698:4.694283
>vrail:368698:11.972992
>i7:368698:0.081639
>i8:368698:4.386377
>seq:368698:144.000000
>i3:368898:4.438190
>i4:368898:4.585266
>i5:368898:4.671395
>vrail:368898:11.972992
>i7:368898:-0.003810
>i8:368898:4.355860
>seq:368898:174.000000
>i3:369098:4.496174
>i4:369098:4.626465
>i5:369098:4.727852
>vrail:369098:11.972992
>i7:369098:-0.005336
>i8:369098:4.397058
>seq:369098:205.000000
>i3:369298:4.438190
>i4:369298:4.566956
>i5:369298:4.668343
>vrail:369298:11.972992
>i7:369298:-0.028224
>i8:369298:4.351282
>seq:369298:235.000000
>i3:369498:1.133137
>i4:369498:1.156616
>i5:369498:1.175606
>vrail:369498:11.974731
>i7:369498:-0.025172
>i8:369498:1.114893
>seq:369498:10.000000
>i3:369698:4.485493
>i4:369698:4.606628
>i5:369698:4.711068
>vrail:369698:11.974731
>i7:369698:0.025182
>i8:369698:4.406214
>seq:369698:41.000000
>i3:369898:4.413776
>i4:369898:4.548645
>i5:369898:4.651558
>vrail:369898:11.975601
>i7:369898:-0.034328
>i8:369898:4.348230
>seq:369898:72.000000
>i3:370098:4.319172
>i4:370098:4.444885
>i5:370098:4.543221
>vrail:370098:11.975601
>i7:370098:-0.020595
>i8:370098:4.238367
>seq:370098:103.000000
>i3:370298:4.387836
>i4:370298:4.519653
>i5:370298:4.613411
>vrail:370298:11.975601
>i7:370298:-0.017543
>i8:370298:4.302454
>seq:370298:133.000000
>i3:370498:4.377155
>i4:370498:4.507446
>i5:370498:4.607308
>vrail:370498:11.974731
>i7:370498:-0.005336
>i8:370498:4.288721
>seq:370498:164.000000
>i3:370698:4.619770
>i4:370698:4.754639
>i5:370698:4.852974
>vrail:370698:11.975601
>i7:370698:0.049596
>i8:370698:4.542017
>seq:370698:194.000000
>i3:370898:4.609089
>i4:370898:4.754639
>i5:370898:4.849923
>vrail:370898:11.976471
>i7:370898:-0.008388
>i8:370898:4.532862
>seq:370898:225.000000
>i3:371098:4.511433
>i4:371098:4.646301
>i5:371098:4.732430
>vrail:371098:11.974731
>i7:371098:0.017552
>i8:371098:4.427576
>seq:371098:255.000000
>i3:371298:4.393940
>i4:371298:4.513550
>i5:371298:4.619515
>vrail:371298:11.974731
>i7:371298:0.019078
>i8:371298:4.310083
>seq:371298:30.000000
>i3:371498:4.425983
>i4:371498:4.571533
>i5:371498:4.646981
>vrail:371498:11.974731
>i7:371498:0.029759
>i8:371498:4.348230
>seq:371498:61.000000
>i3:371698:4.598408
>i4:371698:4.736328
>i5:371698:4.854500
>vrail:371698:11.974731
>i7:371698:-0.046535
>i8:371698:4.516077
>seq:371698:91.000000
>i3:371898:4.488544
>i4:371898:4.623413
>i5:371898:4.718697
>vrail:371898:11.974731
>i7:371898:-0.051112
>i8:371898:4.403162
>seq:371898:122.000000
>i3:372098:4.352741
>i4:372098:4.486084
>i5:372098:4.578316
>vrail:372098:11.978210
>i7:372098:-0.054164
>i8:372098:4.271936
>seq:372098:152.000000
>i3:372298:4.549580
>i4:372298:4.685974
>i5:372298:4.785836
>vrail:372298:11.978210
>i7:372298:-0.019069
>i8:372298:4.461145
>seq:372298:183.000000
>i3:372498:4.422932
>i4:372498:4.566956
>i5:372498:4.648507
>vrail:372498:11.978210
>i7:372498:0.020604
>i8:372498:4.337549
>seq:372498:213.000000
>i3:372698:4.349689
>i4:372698:4.486084
>i5:372698:4.587471
>vrail:372698:11.978210
>i7:372698:0.008397
>i8:372698:4.281092
>seq:372698:244.000000
>i3:372898:4.384785
>i4:372898:4.524231
>i5:372898:4.617989
>vrail:372898:11.975601
>i7:372898:-0.005336
>i8:372898:4.307032
>seq:372898:19.000000
>i3:373098:4.345112
>i4:373098:4.489136
>i5:373098:4.578316
>vrail:373098:11.975601
>i7:373098:-0.029750
>i8:373098:4.264307
>seq:373098:50.000000
>i3:373298:4.386311
>i4:373298:4.518127
>i5:373298:4.605782
>vrail:373298:11.975601
>i7:373298:-0.016017
>i8:373298:4.299402
>seq:373298:81.000000
>i3:373498:4.386311
>i4:373498:4.521179
>i5:373498:4.599679
>vrail:373498:11.977341
>i7:373498:0.011449
>i8:373498:4.296350
>seq:373498:111.000000

===BURST_CSV_BEGIN===
# fastburst: 2048 frames @ 100.00 kSPS native (measured), 0 seq-gaps, 0 bad-hdr; us = idx x 10.000 us
us,seq,i3,i4,i5,vrail,i7,i8
0.0,130,4.4916,4.6219,4.7263,11.9782,-0.0069,4.4016
10.0,131,4.4977,4.6249,4.7324,11.9782,-0.0069,4.4108
20.0,132,4.5008,4.6310,4.7355,11.9791,-0.0084,4.4138
30.0,133,4.4946,4.6326,4.7324,11.9791,-0.0084,4.4138
40.0,134,4.4870,4.6280,4.7263,11.9799,-0.0084,4.4154
50.0,135,4.4809,4.6204,4.7202,11.9765,-0.0084,4.4077
60.0,136,4.4794,4.6173,4.7156,11.9782,-0.0099,4.4001
70.0,137,4.4748,4.6173,4.7034,11.9791,-0.0114,4.3894
80.0,138,4.4702,4.6066,4.6943,11.9773,-0.0114,4.3772
90.0,139,4.4565,4.5929,4.6882,11.9782,-0.0114,4.3665
100.0,140,4.4473,4.5853,4.6790,11.9782,-0.0114,4.3635
110.0,141,4.4412,4.5761,4.6729,11.9782,-0.0130,4.3543
120.0,142,4.4397,4.5731,4.6683,11.9773,-0.0160,4.3528
130.0,143,4.4397,4.5700,4.6683,11.9782,-0.0145,4.3559
140.0,144,4.4367,4.5715,4.6699,11.9791,-0.0160,4.3604
150.0,145,4.4397,4.5776,4.6668,11.9782,-0.0191,4.3665
160.0,146,4.4443,4.5746,4.6638,11.9782,-0.0145,4.3696
170.0,147,4.4412,4.5746,4.6607,11.9782,-0.0175,4.3711
180.0,148,4.4367,4.5761,4.6668,11.9782,-0.0175,4.3635
190.0,149,4.4336,4.5761,4.6668,11.9773,-0.0175,4.3513
200.0,150,4.4351,4.5807,4.6638,11.9773,-0.0191,4.3513
210.0,151,4.4321,4.5746,4.6622,11.9782,-0.0191,4.3528
220.0,152,4.4260,4.5731,4.6622,11.9791,-0.0191,4.3559
230.0,153,4.4275,4.5746,4.6638,11.9782,-0.0191,4.3559
240.0,154,4.4275,4.5685,4.6531,11.9773,-0.0191,4.3421
250.0,155,4.3939,4.5319,4.6088,11.9782,-0.0191,4.3009
260.0,156,4.3054,4.4388,4.5005,11.9782,-0.0175,4.1987
270.0,157,4.1544,4.2755,4.3113,11.9791,-0.0160,4.0217
280.0,158,3.9270,4.0512,4.0443,11.9791,-0.0160,3.7776
290.0,159,3.6417,3.7674,3.7192,11.9808,-0.0160,3.4815
300.0,160,3.3151,3.4454,3.3607,11.9817,-0.0130,3.1519
310.0,161,2.9810,3.1082,3.0067,11.9834,-0.0099,2.8224
320.0,162,2.6636,2.7878,2.6862,11.9860,-0.0130,2.5248
330.0,163,2.3859,2.5070,2.4238,11.9869,-0.0114,2.2807
340.0,164,2.1707,2.2934,2.2285,11.9878,-0.0099,2.0930
350.0,165,2.0105,2.1271,2.0850,11.9886,-0.0084,1.9557
360.0,166,1.8808,1.9958,1.9645,11.9904,-0.0069,1.8488
370.0,167,1.7740,1.8753,1.8546,11.9913,-0.0084,1.7481
380.0,168,1.6626,1.7578,1.7310,11.9921,-0.0084,1.6291
390.0,169,1.5421,1.6296,1.5967,11.9930,-0.0069,1.5025
400.0,170,1.4124,1.4999,1.4579,11.9947,-0.0069,1.3682
410.0,171,1.2796,1.3702,1.3160,11.9956,-0.0053,1.2354
420.0,172,1.1545,1.2390,1.1893,11.9982,-0.0053,1.1225
430.0,173,1.0416,1.1169,1.0795,11.9982,-0.0069,1.0127
440.0,174,0.9470,1.0132,0.9879,12.0000,-0.0069,0.9181
450.0,175,0.8646,0.9155,0.9071,12.0008,-0.0069,0.8433
460.0,176,0.7852,0.8392,0.8216,12.0034,-0.0069,0.7777
470.0,177,0.7196,0.7767,0.7545,12.0026,-0.0069,0.7151
480.0,178,0.6677,0.7263,0.7026,12.0043,-0.0053,0.6724
490.0,179,0.6342,0.6882,0.6675,12.0043,-0.0069,0.6403
500.0,180,0.6204,0.6653,0.6538,12.0043,-0.0069,0.6236
510.0,181,0.6250,0.6592,0.6629,12.0060,-0.0053,0.6312
520.0,182,0.6540,0.6790,0.6995,12.0060,-0.0053,0.6632
530.0,183,0.7135,0.7431,0.7697,12.0060,-0.0038,0.7227
540.0,184,0.7990,0.8331,0.8735,12.0060,-0.0038,0.8219
550.0,185,0.9027,0.9354,0.9910,12.0052,-0.0038,0.9348
560.0,186,1.0019,1.0239,1.0902,12.0052,-0.0053,1.0294
570.0,187,1.0797,1.0941,1.1573,12.0060,-0.0023,1.0935
580.0,188,1.1286,1.1429,1.1924,12.0052,-0.0038,1.1302
590.0,189,1.1499,1.1673,1.2138,12.0060,-0.0008,1.1469
600.0,190,1.1606,1.1749,1.2138,12.0060,-0.0008,1.1424
610.0,191,1.1560,1.1765,1.2046,12.0060,-0.0008,1.1302
620.0,192,1.1652,1.1917,1.2107,12.0060,-0.0008,1.1378
630.0,193,1.2155,1.2436,1.2824,12.0060,-0.0008,1.2049
640.0,194,1.3315,1.3672,1.4381,12.0052,0.0008,1.3514
650.0,195,1.5436,1.5854,1.6975,12.0034,0.0023,1.5894
660.0,196,1.8534,1.8982,2.0560,12.0034,0.0023,1.9175
670.0,197,2.2333,2.2720,2.4696,12.0026,0.0038,2.3097
680.0,198,2.6193,2.6520,2.8739,12.0008,0.0038,2.6881
690.0,199,2.9505,2.9770,3.1989,12.0000,0.0038,2.9902
700.0,200,3.1809,3.2089,3.4049,11.9973,0.0053,3.1794
710.0,201,3.3060,3.3401,3.5010,11.9965,0.0053,3.2664
720.0,202,3.3441,3.3752,3.5148,11.9982,0.0069,3.2740
730.0,203,3.3396,3.3768,3.4949,11.9956,0.0069,3.2542
740.0,204,3.3289,3.3737,3.4675,11.9947,0.0084,3.2343
750.0,205,3.3319,3.3859,3.4736,11.9939,0.0084,3.2435
760.0,206,3.3640,3.4271,3.5239,11.9930,0.0084,3.2847
770.0,207,3.4159,3.4958,3.5972,11.9921,0.0069,3.3518
780.0,208,3.4799,3.5553,3.6597,11.9930,0.0069,3.4129
790.0,209,3.5150,3.5980,3.6887,11.9913,0.0084,3.4480
800.0,210,3.5211,3.6102,3.6887,11.9904,0.0099,3.4541
810.0,211,3.5074,3.5950,3.6643,11.9904,0.0099,3.4327
820.0,212,3.4860,3.5736,3.6475,11.9895,0.0130,3.4052
830.0,213,3.4586,3.5477,3.6231,11.9904,0.0099,3.3747
840.0,214,3.4403,3.5324,3.6124,11.9895,0.0114,3.3640
850.0,215,3.4738,3.5706,3.6582,11.9886,0.0099,3.4098
860.0,216,3.5837,3.6804,3.7955,11.9878,0.0084,3.5410
870.0,217,3.7714,3.8681,4.0214,11.9869,0.0084,3.7577
880.0,218,4.0232,4.1168,4.3128,11.9852,0.0069,4.0278
890.0,219,4.3100,4.4067,4.6348,11.9843,0.0084,4.3253
900.0,220,4.6121,4.7073,4.9552,11.9834,0.0069,4.6153
910.0,221,4.8960,4.9988,5.2482,11.9826,0.0069,4.8823
920.0,222,5.1340,5.2429,5.4816,11.9808,0.0038,5.1066
930.0,223,5.3247,5.4321,5.6556,11.9808,0.0038,5.2683
940.0,224,5.4590,5.5679,5.7716,11.9791,0.0038,5.3751
950.0,225,5.5383,5.6458,5.8234,11.9782,0.0023,5.4316
960.0,226,5.5673,5.6824,5.8295,11.9773,0.0023,5.4408
970.0,227,5.5597,5.6793,5.8112,11.9765,0.0023,5.4270
980.0,228,5.5246,5.6519,5.7716,11.9756,-0.0008,5.3858
990.0,229,5.4743,5.6046,5.7105,11.9747,-0.0023,5.3309
1000.0,230,5.4132,5.5496,5.6434,11.9756,-0.0008,5.2653
1010.0,231,5.3400,5.4886,5.5732,11.9756,-0.0023,5.2012
1020.0,232,5.2667,5.4230,5.5030,11.9747,-0.0023,5.1386
1030.0,233,5.1981,5.3558,5.4435,11.9739,-0.0069,5.0761
1040.0,234,5.1416,5.2933,5.3855,11.9739,-0.0084,5.0196
1050.0,235,5.0821,5.2338,5.3306,11.9739,-0.0099,4.9693
1060.0,236,5.0287,5.1834,5.2695,11.9747,-0.0099,4.9250
1070.0,237,4.9814,5.1361,5.2177,11.9756,-0.0130,4.8777
1080.0,238,4.9402,5.0995,5.1780,11.9756,-0.0130,4.8319
1090.0,239,4.8960,5.0613,5.1368,11.9747,-0.0160,4.7892
1100.0,240,4.8563,5.0232,5.0986,11.9747,-0.0175,4.7511
1110.0,241,4.8166,4.9805,5.0635,11.9756,-0.0175,4.7160
1120.0,242,4.7861,4.9408,5.0254,11.9765,-0.0191,4.6763
1130.0,243,4.7495,4.8996,4.9842,11.9765,-0.0191,4.6443
1140.0,244,4.7128,4.8615,4.9461,11.9765,-0.0206,4.6076
1150.0,245,4.6732,4.8233,4.9064,11.9756,-0.0191,4.5725
1160.0,246,4.6350,4.7897,4.8698,11.9765,-0.0221,4.5405
1170.0,247,4.5984,4.7577,4.8392,11.9765,-0.0221,4.5100
1180.0,248,4.5725,4.7318,4.8102,11.9765,-0.0206,4.4856
1190.0,249,4.5496,4.6997,4.7874,11.9773,-0.0221,4.4657
1200.0,250,4.5282,4.6799,4.7675,11.9765,-0.0236,4.4459
1210.0,251,4.5191,4.6600,4.7492,11.9773,-0.0236,4.4291
1220.0,252,4.5023,4.6478,4.7385,11.9765,-0.0236,4.4169
1230.0,253,4.4946,4.6387,4.7294,11.9765,-0.0236,4.4138
1240.0,254,4.4885,4.6326,4.7233,11.9765,-0.0252,4.4123
1250.0,255,4.4870,4.6249,4.7248,11.9773,-0.0236,4.4062
1260.0,0,4.4824,4.6188,4.7248,11.9765,-0.0221,4.3971
1270.0,1,4.4824,4.6173,4.7263,11.9765,-0.0236,4.3986
1280.0,2,4.4870,4.6188,4.7263,11.9765,-0.0236,4.4047
1290.0,3,4.4885,4.6265,4.7248,11.9756,-0.0221,4.4123
1300.0,4,4.4946,4.6280,4.7355,11.9765,-0.0221,4.4215
1310.0,5,4.5038,4.6326,4.7416,11.9756,-0.0236,4.4291
1320.0,6,4.5160,4.6432,4.7477,11.9765,-0.0236,4.4367
1330.0,7,4.5252,4.6555,4.7538,11.9739,-0.0252,4.4444
1340.0,8,4.5282,4.6692,4.7629,11.9747,-0.0252,4.4474
1350.0,9,4.5267,4.6692,4.7721,11.9747,-0.0236,4.4489
1360.0,10,4.5206,4.6707,4.7706,11.9756,-0.0252,4.4489
1370.0,11,4.5236,4.6677,4.7736,11.9756,-0.0267,4.4489
1380.0,12,4.5297,4.6707,4.7721,11.9765,-0.0267,4.4428
1390.0,13,4.5313,4.6677,4.7721,11.9765,-0.0267,4.4444
1400.0,14,4.5328,4.6692,4.7675,11.9747,-0.0267,4.4474
1410.0,15,4.5282,4.6753,4.7645,11.9747,-0.0252,4.4520
1420.0,16,4.5221,4.6722,4.7538,11.9747,-0.0282,4.4459
1430.0,17,4.5130,4.6692,4.7462,11.9765,-0.0267,4.4337
1440.0,18,4.4992,4.6432,4.7355,11.9747,-0.0267,4.4215
1450.0,19,4.4840,4.6158,4.7217,11.9756,-0.0252,4.4047
1460.0,20,4.4641,4.5944,4.6973,11.9756,-0.0267,4.3833
1470.0,21,4.4412,4.5746,4.6714,11.9765,-0.0282,4.3589
1480.0,22,4.4184,4.5532,4.6378,11.9765,-0.0267,4.3375
1490.0,23,4.3955,4.5227,4.6104,11.9747,-0.0267,4.3147
1500.0,24,4.3711,4.4983,4.5920,11.9756,-0.0267,4.2887
1510.0,25,4.3466,4.4769,4.5753,11.9747,-0.0282,4.2643
1520.0,26,4.3329,4.4586,4.5585,11.9739,-0.0297,4.2460
1530.0,27,4.3222,4.4525,4.5524,11.9747,-0.0282,4.2399
1540.0,28,4.3115,4.4479,4.5478,11.9756,-0.0282,4.2338
1550.0,29,4.3115,4.4464,4.5478,11.9765,-0.0282,4.2368
1560.0,30,4.3131,4.4510,4.5509,11.9756,-0.0282,4.2399
1570.0,31,4.3176,4.4586,4.5600,11.9747,-0.0282,4.2460
1580.0,32,4.3299,4.4632,4.5631,11.9739,-0.0297,4.2582
1590.0,33,4.3390,4.4662,4.5722,11.9756,-0.0282,4.2658
1600.0,34,4.3512,4.4754,4.5798,11.9739,-0.0282,4.2735
1610.0,35,4.3604,4.4815,4.5875,11.9739,-0.0297,4.2841
1620.0,36,4.3649,4.4861,4.5905,11.9747,-0.0282,4.2841
1630.0,37,4.3695,4.4952,4.5920,11.9739,-0.0297,4.2887
1640.0,38,4.3711,4.5013,4.5966,11.9747,-0.0297,4.2918
1650.0,39,4.3726,4.5074,4.6043,11.9747,-0.0267,4.2964
1660.0,40,4.3726,4.5090,4.6088,11.9747,-0.0313,4.2933
1670.0,41,4.3741,4.5074,4.6058,11.9747,-0.0328,4.2857
1680.0,42,4.3756,4.5059,4.5982,11.9747,-0.0297,4.2826
1690.0,43,4.3726,4.5013,4.5890,11.9739,-0.0282,4.2872
1700.0,44,4.3711,4.5029,4.5829,11.9747,-0.0297,4.2841
1710.0,45,4.3680,4.4968,4.5829,11.9747,-0.0297,4.2811
1720.0,46,4.3649,4.4922,4.5859,11.9747,-0.0282,4.2811
1730.0,47,4.3665,4.4846,4.5890,11.9747,-0.0267,4.2872
1740.0,48,4.3726,4.4922,4.5951,11.9747,-0.0267,4.2918
1750.0,49,4.3711,4.4983,4.5997,11.9756,-0.0267,4.2948
1760.0,50,4.3726,4.5105,4.6012,11.9747,-0.0252,4.2964
1770.0,51,4.3756,4.5074,4.5982,11.9756,-0.0236,4.2994
1780.0,52,4.3802,4.5105,4.5982,11.9756,-0.0221,4.2964
1790.0,53,4.3817,4.5135,4.6027,11.9747,-0.0221,4.2948
1800.0,54,4.3894,4.5227,4.6088,11.9756,-0.0206,4.3025
1810.0,55,4.4016,4.5303,4.6226,11.9739,-0.0175,4.3192
1820.0,56,4.4214,4.5517,4.6485,11.9747,-0.0175,4.3391
1830.0,57,4.4519,4.5822,4.6821,11.9747,-0.0130,4.3681
1840.0,58,4.4870,4.6204,4.7187,11.9739,-0.0130,4.4001
1850.0,59,4.5191,4.6524,4.7523,11.9739,-0.0114,4.4383
1860.0,60,4.5450,4.6799,4.7858,11.9739,-0.0099,4.4703
1870.0,61,4.5725,4.7012,4.8011,11.9730,-0.0069,4.4917
1880.0,62,4.5831,4.7150,4.8102,11.9739,-0.0038,4.5054
1890.0,63,4.5816,4.7226,4.8164,11.9747,-0.0008,4.5023
1900.0,64,4.5786,4.7241,4.8179,11.9747,0.0023,4.4993
1910.0,65,4.5786,4.7180,4.8057,11.9747,0.0023,4.4901
1920.0,66,4.5740,4.7073,4.7980,11.9747,0.0069,4.4779
1930.0,67,4.5618,4.6967,4.7828,11.9747,0.0099,4.4672
1940.0,68,4.5511,4.6829,4.7736,11.9747,0.0114,4.4596
1950.0,69,4.5420,4.6707,4.7675,11.9739,0.0160,4.4520
1960.0,70,4.5404,4.6677,4.7629,11.9730,0.0191,4.4474
1970.0,71,4.5374,4.6616,4.7599,11.9747,0.0206,4.4428
1980.0,72,4.5328,4.6600,4.7614,11.9739,0.0221,4.4428
1990.0,73,4.5358,4.6600,4.7599,11.9739,0.0252,4.4459
2000.0,74,4.5343,4.6600,4.7553,11.9739,0.0267,4.4489
2010.0,75,4.5297,4.6555,4.7538,11.9730,0.0282,4.4383
2020.0,76,4.5252,4.6494,4.7568,11.9739,0.0298,4.4367
2030.0,77,4.5175,4.6494,4.7538,11.9747,0.0313,4.4383
2040.0,78,4.5130,4.6509,4.7431,11.9739,0.0343,4.4306
2050.0,79,4.5114,4.6478,4.7385,11.9739,0.0343,4.4230
2060.0,80,4.5069,4.6417,4.7294,11.9739,0.0359,4.4123
2070.0,81,4.4962,4.6326,4.7263,11.9739,0.0374,4.4062
2080.0,82,4.4901,4.6204,4.7202,11.9739,0.0389,4.4001
2090.0,83,4.4870,4.6112,4.7126,11.9739,0.0389,4.3940
2100.0,84,4.4855,4.6036,4.7080,11.9747,0.0404,4.3955
2110.0,85,4.4824,4.5959,4.7050,11.9730,0.0420,4.3925
2120.0,86,4.4824,4.5990,4.7126,11.9730,0.0404,4.3925
2130.0,87,4.4855,4.6127,4.7263,11.9739,0.0435,4.4047
2140.0,88,4.4931,4.6341,4.7370,11.9721,0.0420,4.4261
2150.0,89,4.5084,4.6524,4.7538,11.9730,0.0450,4.4474
2160.0,90,4.5328,4.6753,4.7706,11.9730,0.0465,4.4642
2170.0,91,4.5542,4.6936,4.7904,11.9739,0.0496,4.4825
2180.0,92,4.5648,4.7134,4.7965,11.9730,0.0481,4.4978
2190.0,93,4.5709,4.7211,4.8057,11.9730,0.0496,4.4993
2200.0,94,4.5664,4.7165,4.8026,11.9739,0.0511,4.4947
2210.0,95,4.5618,4.7058,4.7904,11.9730,0.0526,4.4795
2220.0,96,4.5496,4.6967,4.7782,11.9721,0.0526,4.4627
2230.0,97,4.5389,4.6768,4.7614,11.9730,0.0542,4.4459
2240.0,98,4.5267,4.6555,4.7477,11.9721,0.0542,4.4322
2250.0,99,4.5130,4.6448,4.7401,11.9739,0.0557,4.4291
2260.0,100,4.5038,4.6402,4.7340,11.9739,0.0557,4.4230
2270.0,101,4.4992,4.6356,4.7309,11.9730,0.0572,4.4199
2280.0,102,4.4992,4.6387,4.7294,11.9721,0.0572,4.4169
2290.0,103,4.4916,4.6356,4.7233,11.9730,0.0572,4.4184
2300.0,104,4.4840,4.6265,4.7172,11.9721,0.0572,4.4093
2310.0,105,4.4779,4.6112,4.7034,11.9721,0.0588,4.4001
2320.0,106,4.4718,4.5944,4.6958,11.9721,0.0572,4.3864
2330.0,107,4.4611,4.5792,4.6897,11.9730,0.0542,4.3726
2340.0,108,4.4489,4.5654,4.6836,11.9730,0.0542,4.3681
2350.0,109,4.4412,4.5593,4.6729,11.9721,0.0542,4.3589
2360.0,110,4.4428,4.5624,4.6729,11.9721,0.0526,4.3589
2370.0,111,4.4489,4.5731,4.6699,11.9713,0.0496,4.3604
2380.0,112,4.4458,4.5776,4.6668,11.9721,0.0465,4.3543
2390.0,113,4.4428,4.5776,4.6683,11.9713,0.0465,4.3498
2400.0,114,4.4397,4.5715,4.6699,11.9704,0.0435,4.3513
2410.0,115,4.4397,4.5685,4.6668,11.9721,0.0404,4.3513
2420.0,116,4.4367,4.5670,4.6577,11.9704,0.0389,4.3482
2430.0,117,4.4321,4.5654,4.6561,11.9721,0.0359,4.3452
2440.0,118,4.4367,4.5624,4.6516,11.9713,0.0359,4.3467
2450.0,119,4.4382,4.5624,4.6577,11.9721,0.0313,4.3421
2460.0,120,4.4336,4.5654,4.6577,11.9721,0.0282,4.3375
2470.0,121,4.4290,4.5670,4.6577,11.9721,0.0252,4.3360
2480.0,122,4.4275,4.5654,4.6607,11.9721,0.0252,4.3391
2490.0,123,4.4290,4.5609,4.6638,11.9704,0.0237,4.3482
2500.0,124,4.4351,4.5639,4.6683,11.9713,0.0206,4.3543
2510.0,125,4.4397,4.5700,4.6790,11.9713,0.0191,4.3620
2520.0,126,4.4443,4.5792,4.6867,11.9721,0.0191,4.3604
2530.0,127,4.4473,4.5822,4.6821,11.9721,0.0191,4.3635
2540.0,128,4.4473,4.5837,4.6790,11.9713,0.0176,4.3696
2550.0,129,4.4550,4.5822,4.6760,11.9713,0.0206,4.3696
2560.0,130,4.4550,4.5807,4.6760,11.9713,0.0145,4.3696
2570.0,131,4.4519,4.5807,4.6790,11.9713,0.0191,4.3650
2580.0,132,4.4504,4.5776,4.6760,11.9713,0.0191,4.3650
2590.0,133,4.4534,4.5792,4.6683,11.9721,0.0206,4.3650
2600.0,134,4.4519,4.5792,4.6699,11.9704,0.0206,4.3696
2610.0,135,4.4534,4.5837,4.6714,11.9713,0.0206,4.3681
2620.0,136,4.4504,4.5868,4.6760,11.9713,0.0237,4.3696
2630.0,137,4.4504,4.5853,4.6790,11.9704,0.0221,4.3742
2640.0,138,4.4504,4.5868,4.6760,11.9713,0.0221,4.3772
2650.0,139,4.4565,4.5868,4.6821,11.9730,0.0252,4.3803
2660.0,140,4.4565,4.5853,4.6867,11.9713,0.0252,4.3726
2670.0,141,4.4534,4.5822,4.6821,11.9713,0.0298,4.3742
2680.0,142,4.4534,4.5837,4.6744,11.9730,0.0298,4.3665
2690.0,143,4.4443,4.5776,4.6668,11.9721,0.0298,4.3528
2700.0,144,4.4321,4.5578,4.6546,11.9713,0.0298,4.3345
2710.0,145,4.4168,4.5395,4.6439,11.9721,0.0267,4.3299
2720.0,146,4.4000,4.5227,4.6363,11.9721,0.0267,4.3192
2730.0,147,4.3863,4.5151,4.6241,11.9713,0.0267,4.3116
2740.0,148,4.3817,4.5105,4.6119,11.9713,0.0267,4.2964
2750.0,149,4.3726,4.5013,4.6027,11.9713,0.0252,4.2811
2760.0,150,4.3619,4.4983,4.5951,11.9713,0.0252,4.2735
2770.0,151,4.3604,4.4937,4.5920,11.9721,0.0221,4.2750
2780.0,152,4.3558,4.4861,4.5859,11.9713,0.0191,4.2735
2790.0,153,4.3482,4.4739,4.5753,11.9713,0.0191,4.2735
2800.0,154,4.3375,4.4724,4.5661,11.9704,0.0145,4.2689
2810.0,155,4.3283,4.4647,4.5509,11.9704,0.0145,4.2567
2820.0,156,4.3207,4.4556,4.5402,11.9695,0.0130,4.2445
2830.0,157,4.3146,4.4449,4.5310,11.9686,0.0114,4.2307
2840.0,158,4.3024,4.4281,4.5188,11.9695,0.0099,4.2155
2850.0,159,4.2902,4.4159,4.5127,11.9704,0.0069,4.2048
2860.0,160,4.2887,4.4189,4.5142,11.9695,0.0084,4.2078
2870.0,161,4.2917,4.4266,4.5188,11.9704,0.0053,4.2185
2880.0,162,4.3054,4.4418,4.5402,11.9713,0.0053,4.2399
2890.0,163,4.3314,4.4662,4.5615,11.9713,0.0038,4.2628
2900.0,164,4.3543,4.4952,4.5875,11.9704,0.0038,4.2918
2910.0,165,4.3833,4.5197,4.6256,11.9713,0.0038,4.3177
2920.0,166,4.4107,4.5441,4.6546,11.9713,0.0038,4.3437
2930.0,167,4.4351,4.5700,4.6760,11.9695,0.0038,4.3635
2940.0,168,4.4596,4.5898,4.6928,11.9704,0.0008,4.3772
2950.0,169,4.4748,4.6051,4.7080,11.9704,0.0023,4.3864
2960.0,170,4.4824,4.6127,4.7080,11.9695,0.0008,4.3955
2970.0,171,4.4855,4.6143,4.7095,11.9704,-0.0008,4.4001
2980.0,172,4.4840,4.6082,4.7111,11.9695,0.0008,4.3971
2990.0,173,4.4763,4.6082,4.7111,11.9713,0.0038,4.3955
3000.0,174,4.4794,4.6051,4.7019,11.9695,0.0008,4.3849
3010.0,175,4.4702,4.6021,4.6928,11.9695,-0.0008,4.3757
3020.0,176,4.4580,4.5944,4.6775,11.9721,-0.0023,4.3650
3030.0,177,4.4443,4.5837,4.6607,11.9695,-0.0008,4.3559
3040.0,178,4.4336,4.5670,4.6546,11.9695,-0.0023,4.3452
3050.0,179,4.4260,4.5670,4.6577,11.9695,-0.0038,4.3406
3060.0,180,4.4168,4.5654,4.6500,11.9695,-0.0023,4.3375
3070.0,181,4.4138,4.5639,4.6439,11.9686,-0.0053,4.3360
3080.0,182,4.4184,4.5563,4.6394,11.9695,-0.0053,4.3345
3090.0,183,4.4229,4.5517,4.6439,11.9695,-0.0038,4.3330
3100.0,184,4.4199,4.5532,4.6485,11.9695,-0.0038,4.3375
3110.0,185,4.4229,4.5502,4.6500,11.9704,-0.0069,4.3360
3120.0,186,4.4184,4.5441,4.6485,11.9686,-0.0069,4.3360
3130.0,187,4.4107,4.5395,4.6439,11.9704,-0.0084,4.3330
3140.0,188,4.4016,4.5303,4.6287,11.9704,-0.0084,4.3253
3150.0,189,4.3970,4.5212,4.6104,11.9695,-0.0084,4.3147
3160.0,190,4.3711,4.4983,4.5753,11.9695,-0.0114,4.2750
3170.0,191,4.3009,4.4266,4.4883,11.9704,-0.0114,4.1926
3180.0,192,4.1727,4.2862,4.3326,11.9713,-0.0114,4.0431
3190.0,193,3.9682,4.0802,4.0885,11.9721,-0.0130,3.8188
3200.0,194,3.6966,3.8101,3.7788,11.9721,-0.0145,3.5304
3210.0,195,3.3792,3.4958,3.4339,11.9730,-0.0130,3.2084
3220.0,196,3.0390,3.1570,3.0753,11.9747,-0.0145,2.8742
3230.0,197,2.6987,2.8275,2.7381,11.9765,-0.0160,2.5645
3240.0,198,2.4057,2.5360,2.4497,11.9765,-0.0160,2.2990
3250.0,199,2.1738,2.3041,2.2300,11.9791,-0.0191,2.0930
3260.0,200,1.9983,2.1271,2.0698,11.9799,-0.0191,1.9404
3270.0,201,1.8610,1.9913,1.9431,11.9826,-0.0175,1.8214
3280.0,202,1.7465,1.8616,1.8180,11.9834,-0.0191,1.7100
3290.0,203,1.6275,1.7288,1.6868,11.9843,-0.0191,1.5910
3300.0,204,1.4963,1.5900,1.5540,11.9852,-0.0206,1.4628
3310.0,205,1.3605,1.4450,1.4091,11.9869,-0.0206,1.3285
3320.0,206,1.2247,1.3000,1.2611,11.9886,-0.0206,1.1897
3330.0,207,1.0858,1.1612,1.1130,11.9895,-0.0206,1.0584
3340.0,208,0.9638,1.0300,0.9879,11.9913,-0.0221,0.9394
3350.0,209,0.8524,0.9125,0.8765,11.9913,-0.0221,0.8311
3360.0,210,0.7562,0.8118,0.7819,11.9930,-0.0236,0.7349
3370.0,211,0.6723,0.7309,0.6950,11.9921,-0.0221,0.6526
3380.0,212,0.5991,0.6546,0.6171,11.9939,-0.0236,0.5885
3390.0,213,0.5426,0.5905,0.5592,11.9956,-0.0206,0.5396
3400.0,214,0.4999,0.5524,0.5302,11.9965,-0.0236,0.5091
3410.0,215,0.4740,0.5264,0.5118,11.9956,-0.0236,0.4969
3420.0,216,0.4709,0.5234,0.5225,11.9965,-0.0221,0.5000
3430.0,217,0.5014,0.5386,0.5546,11.9973,-0.0236,0.5290
3440.0,218,0.5579,0.5905,0.6217,11.9982,-0.0221,0.5930
3450.0,219,0.6494,0.6836,0.7239,11.9973,-0.0221,0.6938
3460.0,220,0.7685,0.8026,0.8567,11.9982,-0.0221,0.8097
3470.0,221,0.8920,0.9308,0.9925,11.9982,-0.0236,0.9333
3480.0,222,1.0065,1.0468,1.1161,11.9973,-0.0221,1.0386
3490.0,223,1.0996,1.1368,1.1970,11.9973,-0.0206,1.1164
3500.0,224,1.1621,1.1993,1.2488,11.9973,-0.0221,1.1729
3510.0,225,1.2079,1.2360,1.2763,11.9965,-0.0206,1.2019
3520.0,226,1.2354,1.2589,1.2885,11.9973,-0.0206,1.2156
3530.0,227,1.2552,1.2741,1.3023,11.9965,-0.0206,1.2232
3540.0,228,1.2949,1.3123,1.3511,11.9965,-0.0191,1.2690
3550.0,229,1.3819,1.4069,1.4640,11.9956,-0.0191,1.3789
3560.0,230,1.5421,1.5747,1.6685,11.9947,-0.0191,1.5666
3570.0,231,1.7984,1.8311,1.9691,11.9956,-0.0191,1.8473
3580.0,232,2.1372,2.1729,2.3582,11.9939,-0.0175,2.2059
3590.0,233,2.5125,2.5497,2.7671,11.9921,-0.0175,2.5767
3600.0,234,2.8604,2.8961,3.1196,11.9913,-0.0175,2.9047
3610.0,235,3.1305,3.1586,3.3698,11.9913,-0.0175,3.1443
3620.0,236,3.2953,3.3203,3.4995,11.9895,-0.0175,3.2710
3630.0,237,3.3609,3.3920,3.5316,11.9886,-0.0191,3.3030
3640.0,238,3.3670,3.4134,3.5056,11.9878,-0.0206,3.2801
3650.0,239,3.3502,3.4058,3.4812,11.9878,-0.0191,3.2496
3660.0,240,3.3380,3.4027,3.4705,11.9878,-0.0206,3.2359
3670.0,241,3.3487,3.4210,3.4888,11.9852,-0.0206,3.2572
3680.0,242,3.3869,3.4653,3.5545,11.9843,-0.0221,3.3183
3690.0,243,3.4525,3.5370,3.6338,11.9843,-0.0221,3.3930
3700.0,244,3.5089,3.5980,3.6979,11.9843,-0.0221,3.4495
3710.0,245,3.5425,3.6331,3.7284,11.9843,-0.0221,3.4739
3720.0,246,3.5471,3.6423,3.7162,11.9843,-0.0236,3.4724
3730.0,247,3.5394,3.6346,3.6933,11.9826,-0.0236,3.4525
3740.0,248,3.5181,3.6102,3.6658,11.9834,-0.0221,3.4297
3750.0,249,3.4830,3.5843,3.6338,11.9834,-0.0236,3.3961
3760.0,250,3.4647,3.5736,3.6338,11.9834,-0.0221,3.3885
3770.0,251,3.5059,3.6133,3.7009,11.9826,-0.0221,3.4510
3780.0,252,3.6234,3.7292,3.8566,11.9817,-0.0236,3.5944
3790.0,253,3.8172,3.9276,4.0900,11.9817,-0.0236,3.8111
3800.0,254,4.0705,4.1809,4.3800,11.9808,-0.0221,4.0736
3810.0,255,4.3619,4.4739,4.6943,11.9799,-0.0252,4.3681
3820.0,0,4.6518,4.7699,4.9979,11.9791,-0.0236,4.6519
3830.0,1,4.9204,5.0339,5.2680,11.9791,-0.0236,4.9067
3840.0,2,5.1462,5.2536,5.4847,11.9773,-0.0236,5.1051
3850.0,3,5.3186,5.4276,5.6419,11.9765,-0.0236,5.2516
3860.0,4,5.4407,5.5466,5.7395,11.9756,-0.0252,5.3523
3870.0,5,5.5139,5.6213,5.7899,11.9739,-0.0252,5.4011
3880.0,6,5.5353,5.6503,5.8021,11.9730,-0.0252,5.4072
3890.0,7,5.5231,5.6458,5.7792,11.9730,-0.0267,5.3889
3900.0,8,5.4849,5.6198,5.7380,11.9730,-0.0282,5.3446
3910.0,9,5.4331,5.5832,5.6846,11.9730,-0.0297,5.2912
3920.0,10,5.3812,5.5328,5.6281,11.9721,-0.0297,5.2424
3930.0,11,5.3293,5.4810,5.5778,11.9721,-0.0297,5.1936
3940.0,12,5.2789,5.4291,5.5274,11.9721,-0.0297,5.1493
3950.0,13,5.2286,5.3787,5.4786,11.9721,-0.0297,5.1020
3960.0,14,5.1798,5.3375,5.4343,11.9721,-0.0297,5.0532
3970.0,15,5.1355,5.2979,5.3886,11.9721,-0.0297,5.0135
3980.0,16,5.0913,5.2444,5.3382,11.9721,-0.0282,4.9708
3990.0,17,5.0440,5.1895,5.2802,11.9730,-0.0297,4.9235
4000.0,18,4.9799,5.1270,5.2146,11.9730,-0.0297,4.8609
4010.0,19,4.9158,5.0690,5.1490,11.9730,-0.0313,4.7984
4020.0,20,4.8502,5.0003,5.0834,11.9739,-0.0297,4.7312
4030.0,21,4.7815,4.9316,5.0101,11.9747,-0.0297,4.6626
4040.0,22,4.7083,4.8676,4.9354,11.9739,-0.0282,4.6000
4050.0,23,4.6427,4.8065,4.8652,11.9747,-0.0297,4.5451
4060.0,24,4.5831,4.7455,4.8087,11.9756,-0.0313,4.4978
4070.0,25,4.5343,4.6967,4.7675,11.9747,-0.0297,4.4535
4080.0,26,4.5069,4.6600,4.7385,11.9756,-0.0313,4.4184
4090.0,27,4.4916,4.6387,4.7187,11.9747,-0.0313,4.4032
4100.0,28,4.4901,4.6310,4.7156,11.9747,-0.0328,4.4062
4110.0,29,4.4901,4.6402,4.7340,11.9739,-0.0313,4.4169
4120.0,30,4.5069,4.6585,4.7568,11.9747,-0.0313,4.4352
4130.0,31,4.5328,4.6783,4.7919,11.9747,-0.0328,4.4611
4140.0,32,4.5679,4.7119,4.8301,11.9747,-0.0343,4.4947
4150.0,33,4.6045,4.7470,4.8682,11.9756,-0.0343,4.5344
4160.0,34,4.6396,4.7852,4.9094,11.9739,-0.0359,4.5680
4170.0,35,4.6732,4.8157,4.9384,11.9747,-0.0359,4.5954
4180.0,36,4.6961,4.8325,4.9567,11.9739,-0.0359,4.6107
4190.0,37,4.7037,4.8416,4.9628,11.9739,-0.0359,4.6122
4200.0,38,4.7052,4.8462,4.9598,11.9730,-0.0359,4.6122
4210.0,39,4.7083,4.8416,4.9552,11.9739,-0.0389,4.6137
4220.0,40,4.7037,4.8401,4.9461,11.9739,-0.0374,4.6122
4230.0,41,4.7022,4.8447,4.9354,11.9730,-0.0374,4.6061
4240.0,42,4.6930,4.8416,4.9369,11.9739,-0.0359,4.6031
4250.0,43,4.6854,4.8386,4.9354,11.9739,-0.0359,4.6000
4260.0,44,4.6732,4.8248,4.9247,11.9730,-0.0374,4.5924
4270.0,45,4.6594,4.8065,4.9064,11.9730,-0.0374,4.5786
4280.0,46,4.6350,4.7852,4.8804,11.9747,-0.0374,4.5573
4290.0,47,4.6137,4.7531,4.8423,11.9739,-0.0389,4.5237
4300.0,48,4.5770,4.7195,4.7965,11.9739,-0.0389,4.4871
4310.0,49,4.5420,4.6860,4.7614,11.9739,-0.0389,4.4535
4320.0,50,4.5099,4.6509,4.7279,11.9739,-0.0374,4.4199
4330.0,51,4.4779,4.6234,4.6989,11.9730,-0.0389,4.3894
4340.0,52,4.4489,4.5944,4.6775,11.9747,-0.0404,4.3635
4350.0,53,4.4275,4.5700,4.6561,11.9739,-0.0374,4.3375
4360.0,54,4.4107,4.5517,4.6363,11.9739,-0.0359,4.3238
4370.0,55,4.3970,4.5364,4.6241,11.9747,-0.0389,4.3192
4380.0,56,4.3848,4.5288,4.6271,11.9747,-0.0389,4.3208
4390.0,57,4.3833,4.5242,4.6210,11.9739,-0.0374,4.3192
4400.0,58,4.3848,4.5258,4.6165,11.9747,-0.0404,4.3131
4410.0,59,4.3863,4.5197,4.6119,11.9747,-0.0389,4.3070
4420.0,60,4.3878,4.5151,4.6043,11.9739,-0.0404,4.2979
4430.0,61,4.3802,4.5059,4.5966,11.9747,-0.0374,4.2918
4440.0,62,4.3711,4.4983,4.5783,11.9756,-0.0389,4.2796
4450.0,63,4.3543,4.4800,4.5615,11.9747,-0.0374,4.2674
4460.0,64,4.3360,4.4632,4.5478,11.9739,-0.0374,4.2475
4470.0,65,4.3222,4.4449,4.5402,11.9747,-0.0374,4.2353
4480.0,66,4.3054,4.4266,4.5280,11.9756,-0.0389,4.2201
4490.0,67,4.2902,4.4205,4.5142,11.9747,-0.0374,4.2063
4500.0,68,4.2826,4.4174,4.5051,11.9747,-0.0374,4.2048
4510.0,69,4.2810,4.4235,4.5081,11.9765,-0.0374,4.2063
4520.0,70,4.2856,4.4235,4.5097,11.9765,-0.0374,4.2124
4530.0,71,4.2948,4.4266,4.5127,11.9747,-0.0374,4.2170
4540.0,72,4.3039,4.4266,4.5234,11.9756,-0.0374,4.2246
4550.0,73,4.3131,4.4342,4.5402,11.9756,-0.0389,4.2338
4560.0,74,4.3176,4.4464,4.5493,11.9765,-0.0359,4.2429
4570.0,75,4.3283,4.4556,4.5615,11.9739,-0.0374,4.2490
4580.0,76,4.3390,4.4662,4.5737,11.9765,-0.0389,4.2628
4590.0,77,4.3482,4.4739,4.5783,11.9756,-0.0374,4.2750
4600.0,78,4.3558,4.4846,4.5875,11.9765,-0.0389,4.2796
4610.0,79,4.3695,4.4968,4.5920,11.9747,-0.0374,4.2918
4620.0,80,4.3817,4.5059,4.6027,11.9765,-0.0389,4.3040
4630.0,81,4.3924,4.5166,4.6088,11.9756,-0.0389,4.3131
4640.0,82,4.3985,4.5197,4.6195,11.9756,-0.0404,4.3192
4650.0,83,4.4000,4.5242,4.6210,11.9756,-0.0389,4.3223
4660.0,84,4.3985,4.5227,4.6241,11.9765,-0.0374,4.3192
4670.0,85,4.3985,4.5227,4.6302,11.9747,-0.0359,4.3223
4680.0,86,4.4016,4.5288,4.6409,11.9765,-0.0359,4.3269
4690.0,87,4.4061,4.5319,4.6424,11.9756,-0.0343,4.3314
4700.0,88,4.4077,4.5364,4.6424,11.9765,-0.0359,4.3360
4710.0,89,4.4092,4.5410,4.6439,11.9756,-0.0343,4.3330
4720.0,90,4.4138,4.5410,4.6439,11.9756,-0.0328,4.3284
4730.0,91,4.4138,4.5471,4.6439,11.9756,-0.0328,4.3314
4740.0,92,4.4184,4.5517,4.6470,11.9756,-0.0343,4.3360
4750.0,93,4.4138,4.5502,4.6485,11.9756,-0.0328,4.3360
4760.0,94,4.4138,4.5456,4.6485,11.9765,-0.0313,4.3345
4770.0,95,4.4107,4.5425,4.6439,11.9756,-0.0313,4.3299
4780.0,96,4.4138,4.5502,4.6363,11.9765,-0.0313,4.3238
4790.0,97,4.4046,4.5471,4.6348,11.9765,-0.0313,4.3208
4800.0,98,4.3955,4.5456,4.6302,11.9765,-0.0328,4.3086
4810.0,99,4.3909,4.5334,4.6287,11.9756,-0.0313,4.3025
4820.0,100,4.3894,4.5227,4.6210,11.9747,-0.0297,4.3025
4830.0,101,4.3939,4.5227,4.6180,11.9765,-0.0313,4.3070
4840.0,102,4.3924,4.5258,4.6165,11.9765,-0.0282,4.3101
4850.0,103,4.3924,4.5258,4.6149,11.9756,-0.0282,4.3101
4860.0,104,4.3909,4.5273,4.6149,11.9756,-0.0282,4.3162
4870.0,105,4.3909,4.5227,4.6210,11.9747,-0.0282,4.3177
4880.0,106,4.3878,4.5212,4.6180,11.9747,-0.0267,4.3147
4890.0,107,4.3802,4.5120,4.6088,11.9756,-0.0282,4.3101
4900.0,108,4.3787,4.5120,4.6027,11.9765,-0.0282,4.3025
4910.0,109,4.3772,4.5120,4.6027,11.9765,-0.0282,4.2964
4920.0,110,4.3802,4.5135,4.6119,11.9756,-0.0297,4.2964
4930.0,111,4.3939,4.5242,4.6180,11.9773,-0.0282,4.3009
4940.0,112,4.4123,4.5364,4.6317,11.9747,-0.0282,4.3208
4950.0,113,4.4260,4.5502,4.6439,11.9765,-0.0282,4.3391
4960.0,114,4.4367,4.5624,4.6592,11.9756,-0.0282,4.3528
4970.0,115,4.4473,4.5731,4.6775,11.9756,-0.0297,4.3574
4980.0,116,4.4504,4.5792,4.6882,11.9765,-0.0297,4.3589
4990.0,117,4.4580,4.5822,4.6928,11.9747,-0.0282,4.3681
5000.0,118,4.4534,4.5853,4.6943,11.9747,-0.0282,4.3757
5010.0,119,4.4534,4.5837,4.6943,11.9756,-0.0313,4.3726
5020.0,120,4.4519,4.5837,4.6928,11.9756,-0.0328,4.3665
5030.0,121,4.4504,4.5761,4.6882,11.9756,-0.0313,4.3604
5040.0,122,4.4473,4.5746,4.6851,11.9756,-0.0328,4.3589
5050.0,123,4.4443,4.5746,4.6775,11.9756,-0.0343,4.3589
5060.0,124,4.4321,4.5700,4.6638,11.9765,-0.0343,4.3482
5070.0,125,4.4153,4.5593,4.6424,11.9756,-0.0359,4.3330
5080.0,126,4.3909,4.5380,4.6134,11.9756,-0.0359,4.3070
5090.0,127,4.3695,4.5166,4.5859,11.9756,-0.0343,4.2841
5100.0,128,4.3497,4.4922,4.5676,11.9756,-0.0374,4.2597
5110.0,129,4.3329,4.4739,4.5631,11.9756,-0.0374,4.2490
5120.0,130,4.3283,4.4617,4.5585,11.9765,-0.0374,4.2429
5130.0,131,4.3268,4.4617,4.5600,11.9765,-0.0374,4.2414
5140.0,132,4.3344,4.4724,4.5646,11.9765,-0.0389,4.2506
5150.0,133,4.3451,4.4861,4.5844,11.9765,-0.0389,4.2613
5160.0,134,4.3558,4.4998,4.5951,11.9773,-0.0404,4.2780
5170.0,135,4.3665,4.5090,4.6027,11.9765,-0.0404,4.2948
5180.0,136,4.3756,4.5135,4.6104,11.9765,-0.0389,4.3070
5190.0,137,4.3848,4.5242,4.6210,11.9756,-0.0404,4.3116
5200.0,138,4.3970,4.5334,4.6256,11.9765,-0.0389,4.3147
5210.0,139,4.4000,4.5380,4.6378,11.9782,-0.0374,4.3238
5220.0,140,4.4168,4.5441,4.6455,11.9765,-0.0374,4.3345
5230.0,141,4.4321,4.5517,4.6592,11.9765,-0.0374,4.3452
5240.0,142,4.4397,4.5654,4.6683,11.9773,-0.0374,4.3543
5250.0,143,4.4519,4.5822,4.6790,11.9782,-0.0359,4.3696
5260.0,144,4.4626,4.5959,4.6882,11.9765,-0.0328,4.3803
5270.0,145,4.4657,4.5944,4.6867,11.9773,-0.0328,4.3833
5280.0,146,4.4702,4.5990,4.6867,11.9782,-0.0313,4.3894
5290.0,147,4.4763,4.6021,4.6973,11.9773,-0.0282,4.3849
5300.0,148,4.4794,4.6066,4.6989,11.9765,-0.0252,4.3864
5310.0,149,4.4779,4.6112,4.7019,11.9773,-0.0236,4.3894
5320.0,150,4.4763,4.6066,4.7034,11.9765,-0.0221,4.3986
5330.0,151,4.4870,4.6127,4.7095,11.9765,-0.0175,4.4062
5340.0,152,4.4977,4.6204,4.7202,11.9765,-0.0160,4.4123
5350.0,153,4.5053,4.6280,4.7309,11.9773,-0.0114,4.4245
5360.0,154,4.5160,4.6432,4.7416,11.9773,-0.0114,4.4306
5370.0,155,4.5236,4.6600,4.7553,11.9782,-0.0084,4.4398
5380.0,156,4.5297,4.6677,4.7599,11.9773,-0.0053,4.4550
5390.0,157,4.5343,4.6692,4.7721,11.9773,-0.0038,4.4596
5400.0,158,4.5389,4.6753,4.7797,11.9782,-0.0008,4.4596
5410.0,159,4.5481,4.6814,4.7858,11.9773,0.0023,4.4703
5420.0,160,4.5557,4.6890,4.7950,11.9765,0.0038,4.4734
5430.0,161,4.5618,4.6844,4.7935,11.9756,0.0069,4.4764
5440.0,162,4.5633,4.6814,4.7828,11.9765,0.0114,4.4703
5450.0,163,4.5572,4.6799,4.7752,11.9773,0.0130,4.4596
5460.0,164,4.5496,4.6753,4.7614,11.9765,0.0160,4.4596
5470.0,165,4.5358,4.6707,4.7599,11.9782,0.0206,4.4535
5480.0,166,4.5282,4.6661,4.7553,11.9773,0.0191,4.4505
5490.0,167,4.5236,4.6555,4.7507,11.9782,0.0237,4.4444
5500.0,168,4.5175,4.6478,4.7431,11.9773,0.0252,4.4352
5510.0,169,4.5099,4.6432,4.7324,11.9773,0.0252,4.4291
5520.0,170,4.5069,4.6387,4.7279,11.9773,0.0252,4.4245
5530.0,171,4.4962,4.6341,4.7263,11.9773,0.0282,4.4215
5540.0,172,4.4885,4.6280,4.7202,11.9773,0.0298,4.4169
5550.0,173,4.4840,4.6204,4.7202,11.9756,0.0328,4.4077
5560.0,174,4.4794,4.6143,4.7080,11.9756,0.0313,4.4032
5570.0,175,4.4794,4.6143,4.7004,11.9756,0.0359,4.3986
5580.0,176,4.4794,4.6112,4.7019,11.9765,0.0359,4.4001
5590.0,177,4.4748,4.6066,4.7034,11.9765,0.0359,4.4047
5600.0,178,4.4748,4.6066,4.6989,11.9773,0.0389,4.4016
5610.0,179,4.4779,4.6051,4.6989,11.9773,0.0404,4.3986
5620.0,180,4.4794,4.6005,4.6897,11.9765,0.0389,4.3955
5630.0,181,4.4748,4.5990,4.6867,11.9765,0.0389,4.3879
5640.0,182,4.4657,4.5959,4.6836,11.9773,0.0420,4.3818
5650.0,183,4.4550,4.5883,4.6806,11.9765,0.0450,4.3742
5660.0,184,4.4473,4.5822,4.6775,11.9765,0.0420,4.3665
5670.0,185,4.4473,4.5853,4.6760,11.9765,0.0450,4.3757
5680.0,186,4.4550,4.5898,4.6806,11.9765,0.0420,4.3787
5690.0,187,4.4611,4.5990,4.6882,11.9765,0.0435,4.3849
5700.0,188,4.4687,4.6051,4.6928,11.9773,0.0435,4.3910
5710.0,189,4.4794,4.6143,4.7050,11.9765,0.0450,4.4016
5720.0,190,4.4855,4.6204,4.7141,11.9765,0.0450,4.4077
5730.0,191,4.4916,4.6204,4.7233,11.9765,0.0450,4.4138
5740.0,192,4.4962,4.6249,4.7263,11.9756,0.0450,4.4123
5750.0,193,4.5008,4.6249,4.7217,11.9756,0.0435,4.4138
5760.0,194,4.5038,4.6265,4.7217,11.9765,0.0435,4.4199
5770.0,195,4.5069,4.6326,4.7294,11.9756,0.0450,4.4215
5780.0,196,4.5053,4.6341,4.7401,11.9765,0.0420,4.4230
5790.0,197,4.5084,4.6371,4.7492,11.9765,0.0435,4.4245
5800.0,198,4.5099,4.6356,4.7477,11.9756,0.0435,4.4276
5810.0,199,4.4962,4.6310,4.7340,11.9747,0.0435,4.4199
5820.0,200,4.4824,4.6265,4.7202,11.9765,0.0435,4.4123
5830.0,201,4.4718,4.6158,4.7050,11.9756,0.0450,4.3986
5840.0,202,4.4687,4.6082,4.6928,11.9747,0.0465,4.3894
5850.0,203,4.4641,4.6066,4.6882,11.9773,0.0465,4.3864
5860.0,204,4.4641,4.6097,4.6867,11.9756,0.0465,4.3925
5870.0,205,4.4733,4.6127,4.6943,11.9765,0.0465,4.4032
5880.0,206,4.4855,4.6204,4.7065,11.9756,0.0481,4.4093
5890.0,207,4.4946,4.6326,4.7233,11.9765,0.0511,4.4138
5900.0,208,4.5069,4.6432,4.7385,11.9773,0.0511,4.4199
5910.0,209,4.5160,4.6509,4.7492,11.9756,0.0526,4.4322
5920.0,210,4.5267,4.6616,4.7584,11.9756,0.0526,4.4444
5930.0,211,4.5343,4.6677,4.7675,11.9756,0.0542,4.4520
5940.0,212,4.5420,4.6707,4.7767,11.9765,0.0572,4.4581
5950.0,213,4.5511,4.6753,4.7843,11.9756,0.0588,4.4657
5960.0,214,4.5542,4.6768,4.7843,11.9765,0.0603,4.4734
5970.0,215,4.5587,4.6829,4.7813,11.9756,0.0633,4.4734
5980.0,216,4.5587,4.6875,4.7797,11.9756,0.0603,4.4764
5990.0,217,4.5587,4.6875,4.7767,11.9756,0.0633,4.4688
6000.0,218,4.5572,4.6829,4.7767,11.9747,0.0633,4.4627
6010.0,219,4.5481,4.6799,4.7782,11.9756,0.0664,4.4627
6020.0,220,4.5389,4.6738,4.7767,11.9765,0.0649,4.4611
6030.0,221,4.5358,4.6722,4.7706,11.9756,0.0649,4.4566
6040.0,222,4.5297,4.6646,4.7675,11.9756,0.0664,4.4505
6050.0,223,4.5252,4.6616,4.7553,11.9765,0.0694,4.4444
6060.0,224,4.5206,4.6585,4.7477,11.9739,0.0679,4.4428
6070.0,225,4.5160,4.6524,4.7416,11.9747,0.0679,4.4322
6080.0,226,4.5008,4.6326,4.7202,11.9747,0.0679,4.4123
6090.0,227,4.4489,4.5807,4.6561,11.9747,0.0694,4.3543
6100.0,228,4.3436,4.4754,4.5234,11.9756,0.0694,4.2323
6110.0,229,4.1666,4.2969,4.3220,11.9773,0.0710,4.0354
6120.0,230,3.9209,4.0466,4.0412,11.9773,0.0710,3.7684
6130.0,231,3.6249,3.7491,3.7101,11.9782,0.0694,3.4617
6140.0,232,3.2953,3.4149,3.3485,11.9791,0.0710,3.1275
6150.0,233,2.9596,3.0777,2.9929,11.9808,0.0740,2.8010
6160.0,234,2.6514,2.7725,2.6771,11.9817,0.0694,2.5095
6170.0,235,2.3966,2.5131,2.4314,11.9834,0.0710,2.2791
6180.0,236,2.1997,2.3117,2.2498,11.9852,0.0679,2.1143
6190.0,237,2.0471,2.1561,2.1094,11.9852,0.0679,1.9831
6200.0,238,1.9144,2.0203,1.9889,11.9869,0.0679,1.8687
6210.0,239,1.7847,1.8967,1.8638,11.9886,0.0664,1.7527
6220.0,240,1.6550,1.7609,1.7249,11.9904,0.0679,1.6230
6230.0,241,1.5253,1.6220,1.5830,11.9904,0.0664,1.4872
6240.0,242,1.3880,1.4771,1.4411,11.9921,0.0664,1.3484
6250.0,243,1.2552,1.3367,1.2931,11.9921,0.0649,1.2171
6260.0,244,1.1270,1.2054,1.1649,11.9947,0.0633,1.0981
6270.0,245,1.0111,1.0895,1.0444,11.9956,0.0618,0.9867
6280.0,246,0.9104,0.9827,0.9376,11.9956,0.0618,0.8921
6290.0,247,0.8234,0.8896,0.8475,11.9973,0.0603,0.8051
6300.0,248,0.7471,0.8041,0.7712,11.9973,0.0588,0.7258
6310.0,249,0.6815,0.7278,0.7117,11.9991,0.0603,0.6602
6320.0,250,0.6372,0.6714,0.6629,12.0008,0.0572,0.6220
6330.0,251,0.5991,0.6363,0.6339,12.0000,0.0542,0.5991
6340.0,252,0.5838,0.6180,0.6293,12.0017,0.0557,0.5930
6350.0,253,0.5976,0.6348,0.6415,12.0008,0.0526,0.6159
6360.0,254,0.6342,0.6744,0.6873,12.0008,0.0511,0.6617
6370.0,255,0.7013,0.7401,0.7682,12.0017,0.0481,0.7365
6380.0,0,0.7990,0.8347,0.8750,12.0017,0.0481,0.8357
6390.0,1,0.9104,0.9384,0.9971,12.0017,0.0481,0.9425
6400.0,2,1.0065,1.0376,1.1008,12.0017,0.0450,1.0371
6410.0,3,1.0904,1.1108,1.1756,12.0017,0.0435,1.1042
6420.0,4,1.1438,1.1597,1.2199,12.0008,0.0420,1.1485
6430.0,5,1.1804,1.1902,1.2427,12.0008,0.0404,1.1729
6440.0,6,1.2003,1.2054,1.2473,12.0017,0.0374,1.1820
6450.0,7,1.1987,1.2146,1.2412,12.0026,0.0359,1.1775
6460.0,8,1.2003,1.2299,1.2550,12.0008,0.0343,1.1820
6470.0,9,1.2522,1.2833,1.3282,12.0026,0.0313,1.2461
6480.0,10,1.3712,1.4099,1.4823,12.0008,0.0313,1.3865
6490.0,11,1.5833,1.6251,1.7387,12.0017,0.0282,1.6245
6500.0,12,1.8946,1.9333,2.0957,11.9991,0.0282,1.9511
6510.0,13,2.2653,2.3010,2.4970,11.9991,0.0282,2.3249
6520.0,14,2.6285,2.6672,2.8800,11.9965,0.0252,2.6728
6530.0,15,2.9321,2.9739,3.1791,11.9956,0.0206,2.9582
6540.0,16,3.1473,3.1860,3.3698,11.9947,0.0191,3.1397
6550.0,17,3.2724,3.3051,3.4568,11.9947,0.0191,3.2176
6560.0,18,3.3258,3.3585,3.4766,11.9939,0.0176,3.2465
6570.0,19,3.3441,3.3798,3.4843,11.9939,0.0145,3.2450
6580.0,20,3.3533,3.4012,3.4949,11.9930,0.0145,3.2526
6590.0,21,3.3762,3.4363,3.5331,11.9913,0.0130,3.2832
6600.0,22,3.4326,3.4988,3.6002,11.9904,0.0145,3.3457
6610.0,23,3.5013,3.5721,3.6857,11.9904,0.0084,3.4220
6620.0,24,3.5623,3.6316,3.7421,11.9904,0.0084,3.4831
6630.0,25,3.5913,3.6652,3.7650,11.9895,0.0069,3.5120
6640.0,26,3.5898,3.6652,3.7513,11.9878,0.0069,3.5044
6650.0,27,3.5623,3.6469,3.7238,11.9878,0.0099,3.4815
6660.0,28,3.5333,3.6224,3.6872,11.9886,0.0053,3.4449
6670.0,29,3.4952,3.5889,3.6430,11.9895,0.0069,3.3976
6680.0,30,3.4769,3.5706,3.6307,11.9878,0.0084,3.3885
6690.0,31,3.5074,3.6148,3.6948,11.9869,0.0069,3.4449
6700.0,32,3.6249,3.7354,3.8444,11.9869,0.0084,3.5883
6710.0,33,3.8248,3.9383,4.0855,11.9860,0.0099,3.8157
6720.0,34,4.0888,4.2099,4.3937,11.9852,0.0114,4.0995
6730.0,35,4.3939,4.5151,4.7294,11.9843,0.0130,4.4032
6740.0,36,4.7067,4.8279,5.0635,11.9834,0.0160,4.7144
6750.0,37,5.0043,5.1147,5.3611,11.9826,0.0160,4.9952
6760.0,38,5.2561,5.3558,5.6098,11.9817,0.0191,5.2287
6770.0,39,5.4529,5.5527,5.7914,11.9799,0.0191,5.3950
6780.0,40,5.5902,5.6885,5.9043,11.9799,0.0191,5.5048
6790.0,41,5.6665,5.7724,5.9592,11.9791,0.0237,5.5583
6800.0,42,5.6940,5.8029,5.9730,11.9773,0.0221,5.5644
6810.0,43,5.6803,5.7999,5.9440,11.9765,0.0221,5.5384
6820.0,44,5.6406,5.7617,5.8814,11.9747,0.0221,5.4850
6830.0,45,5.5689,5.6992,5.8021,11.9765,0.0206,5.4194
6840.0,46,5.4895,5.6213,5.7166,11.9765,0.0252,5.3370
6850.0,47,5.4117,5.5389,5.6358,11.9756,0.0221,5.2607
6860.0,48,5.3278,5.4642,5.5564,11.9765,0.0221,5.1859
6870.0,49,5.2515,5.3970,5.4847,11.9756,0.0237,5.1142
6880.0,50,5.1828,5.3329,5.4252,11.9765,0.0221,5.0608
6890.0,51,5.1187,5.2795,5.3687,11.9756,0.0252,5.0120
6900.0,52,5.0684,5.2353,5.3153,11.9765,0.0237,4.9632
6910.0,53,5.0272,5.1941,5.2695,11.9765,0.0252,4.9235
6920.0,54,4.9936,5.1544,5.2375,11.9765,0.0252,4.8884
6930.0,55,4.9616,5.1208,5.2009,11.9773,0.0237,4.8563
6940.0,56,4.9219,5.0873,5.1658,11.9773,0.0267,4.8213
6950.0,57,4.8807,5.0430,5.1200,11.9765,0.0267,4.7785
6960.0,58,4.8395,4.9988,5.0788,11.9773,0.0267,4.7389
6970.0,59,4.7998,4.9576,5.0391,11.9773,0.0282,4.6992
6980.0,60,4.7571,4.9149,4.9995,11.9773,0.0298,4.6595
6990.0,61,4.7266,4.8737,4.9674,11.9773,0.0313,4.6275
7000.0,62,4.7006,4.8508,4.9430,11.9773,0.0328,4.6061
7010.0,63,4.6869,4.8279,4.9277,11.9773,0.0313,4.5863
7020.0,64,4.6778,4.8203,4.9262,11.9773,0.0328,4.5832
7030.0,65,4.6732,4.8187,4.9232,11.9782,0.0343,4.5863
7040.0,66,4.6671,4.8111,4.9201,11.9782,0.0359,4.5832
7050.0,67,4.6640,4.8080,4.9186,11.9765,0.0359,4.5817
7060.0,68,4.6671,4.8126,4.9201,11.9773,0.0374,4.5847
7070.0,69,4.6732,4.8141,4.9262,11.9773,0.0374,4.5878
7080.0,70,4.6732,4.8187,4.9338,11.9765,0.0374,4.5908
7090.0,71,4.6778,4.8264,4.9323,11.9765,0.0359,4.5908
7100.0,72,4.6808,4.8264,4.9262,11.9773,0.0343,4.5893
7110.0,73,4.6716,4.8096,4.9125,11.9782,0.0343,4.5756
7120.0,74,4.6579,4.7867,4.8911,11.9765,0.0343,4.5573
7130.0,75,4.6366,4.7668,4.8652,11.9773,0.0328,4.5359
7140.0,76,4.6091,4.7409,4.8423,11.9773,0.0343,4.5161
7150.0,77,4.5816,4.7134,4.8057,11.9765,0.0313,4.4901
7160.0,78,4.5511,4.6844,4.7691,11.9765,0.0282,4.4566
7170.0,79,4.5130,4.6478,4.7340,11.9765,0.0252,4.4215
7180.0,80,4.4718,4.6158,4.6943,11.9765,0.0267,4.3864
7190.0,81,4.4321,4.5776,4.6531,11.9773,0.0206,4.3437
7200.0,82,4.3894,4.5349,4.6119,11.9782,0.0191,4.3055
7210.0,83,4.3588,4.5059,4.5829,11.9782,0.0160,4.2735
7220.0,84,4.3390,4.4907,4.5646,11.9765,0.0145,4.2552
7230.0,85,4.3283,4.4769,4.5570,11.9765,0.0099,4.2445
7240.0,86,4.3237,4.4708,4.5524,11.9773,0.0114,4.2384
7250.0,87,4.3222,4.4662,4.5509,11.9773,0.0069,4.2399
7260.0,88,4.3283,4.4617,4.5524,11.9773,0.0053,4.2414
7270.0,89,4.3344,4.4678,4.5585,11.9782,0.0023,4.2506
7280.0,90,4.3405,4.4785,4.5707,11.9765,-0.0008,4.2643
7290.0,91,4.3405,4.4861,4.5814,11.9773,-0.0023,4.2765
7300.0,92,4.3482,4.4952,4.5966,11.9773,-0.0053,4.2826
7310.0,93,4.3604,4.5044,4.6119,11.9765,-0.0084,4.2918
7320.0,94,4.3711,4.5074,4.6180,11.9765,-0.0114,4.3009
7330.0,95,4.3787,4.5120,4.6210,11.9773,-0.0130,4.3101
7340.0,96,4.3894,4.5151,4.6287,11.9773,-0.0145,4.3147
7350.0,97,4.3955,4.5242,4.6210,11.9782,-0.0160,4.3162
7360.0,98,4.3985,4.5334,4.6256,11.9773,-0.0191,4.3116
7370.0,99,4.3985,4.5364,4.6271,11.9773,-0.0206,4.3147
7380.0,100,4.3970,4.5334,4.6241,11.9773,-0.0221,4.3101
7390.0,101,4.3924,4.5227,4.6180,11.9765,-0.0236,4.3055
7400.0,102,4.3909,4.5166,4.6119,11.9756,-0.0221,4.2979
7410.0,103,4.3863,4.5105,4.6104,11.9773,-0.0267,4.2979
7420.0,104,4.3772,4.5059,4.6058,11.9782,-0.0267,4.2979
7430.0,105,4.3711,4.5013,4.5997,11.9773,-0.0297,4.2887
7440.0,106,4.3680,4.5044,4.5966,11.9782,-0.0313,4.2872
7450.0,107,4.3619,4.5029,4.5997,11.9782,-0.0313,4.2887
7460.0,108,4.3604,4.5044,4.5936,11.9773,-0.0313,4.2872
7470.0,109,4.3604,4.5044,4.5875,11.9791,-0.0328,4.2796
7480.0,110,4.3649,4.5059,4.5875,11.9773,-0.0328,4.2735
7490.0,111,4.3665,4.5059,4.5875,11.9765,-0.0343,4.2735
7500.0,112,4.3695,4.5013,4.5875,11.9782,-0.0343,4.2750
7510.0,113,4.3726,4.4983,4.5951,11.9791,-0.0359,4.2780
7520.0,114,4.3756,4.4998,4.6027,11.9773,-0.0359,4.2841
7530.0,115,4.3787,4.5029,4.6058,11.9773,-0.0359,4.2872
7540.0,116,4.3787,4.5044,4.6043,11.9782,-0.0359,4.2902
7550.0,117,4.3772,4.5090,4.6012,11.9782,-0.0359,4.2857
7560.0,118,4.3741,4.5105,4.5966,11.9782,-0.0359,4.2857
7570.0,119,4.3726,4.5120,4.5936,11.9773,-0.0343,4.2887
7580.0,120,4.3665,4.5105,4.5890,11.9782,-0.0328,4.2841
7590.0,121,4.3649,4.5074,4.5875,11.9791,-0.0343,4.2796
7600.0,122,4.3711,4.5044,4.5920,11.9782,-0.0328,4.2826
7610.0,123,4.3711,4.5059,4.5997,11.9773,-0.0328,4.2826
7620.0,124,4.3756,4.5059,4.6073,11.9773,-0.0328,4.2964
7630.0,125,4.3787,4.5135,4.6088,11.9773,-0.0328,4.3009
7640.0,126,4.3863,4.5120,4.6104,11.9791,-0.0313,4.2994
7650.0,127,4.3833,4.5105,4.6088,11.9773,-0.0313,4.2994
7660.0,128,4.3848,4.5135,4.6134,11.9773,-0.0328,4.2979
7670.0,129,4.3878,4.5197,4.6226,11.9782,-0.0328,4.3070
7680.0,130,4.3894,4.5258,4.6256,11.9773,-0.0313,4.3101
7690.0,131,4.3955,4.5258,4.6287,11.9791,-0.0343,4.3147
7700.0,132,4.3970,4.5334,4.6271,11.9791,-0.0328,4.3086
7710.0,133,4.3970,4.5349,4.6241,11.9791,-0.0328,4.2994
7720.0,134,4.3924,4.5288,4.6195,11.9782,-0.0343,4.2948
7730.0,135,4.3909,4.5227,4.6165,11.9782,-0.0343,4.2933
7740.0,136,4.3909,4.5166,4.6134,11.9782,-0.0328,4.2979
7750.0,137,4.3924,4.5166,4.6180,11.9773,-0.0313,4.2994
7760.0,138,4.3894,4.5197,4.6226,11.9773,-0.0328,4.3055
7770.0,139,4.3909,4.5288,4.6302,11.9773,-0.0328,4.3131
7780.0,140,4.4031,4.5380,4.6409,11.9782,-0.0328,4.3269
7790.0,141,4.4123,4.5517,4.6516,11.9773,-0.0328,4.3421
7800.0,142,4.4168,4.5624,4.6683,11.9782,-0.0343,4.3528
7810.0,143,4.4290,4.5715,4.6806,11.9782,-0.0343,4.3620
7820.0,144,4.4443,4.5776,4.6897,11.9773,-0.0359,4.3711
7830.0,145,4.4473,4.5853,4.6912,11.9791,-0.0374,4.3742
7840.0,146,4.4534,4.5898,4.6943,11.9782,-0.0359,4.3726
7850.0,147,4.4534,4.5883,4.6973,11.9773,-0.0374,4.3696
7860.0,148,4.4489,4.5837,4.6867,11.9799,-0.0374,4.3665
7870.0,149,4.4458,4.5792,4.6699,11.9791,-0.0389,4.3665
7880.0,150,4.4443,4.5776,4.6638,11.9782,-0.0389,4.3620
7890.0,151,4.4336,4.5731,4.6638,11.9782,-0.0374,4.3482
7900.0,152,4.4245,4.5654,4.6546,11.9782,-0.0374,4.3391
7910.0,153,4.4153,4.5471,4.6409,11.9791,-0.0404,4.3208
7920.0,154,4.4000,4.5273,4.6134,11.9782,-0.0404,4.3070
7930.0,155,4.3787,4.5059,4.5875,11.9773,-0.0420,4.2887
7940.0,156,4.3573,4.4815,4.5798,11.9791,-0.0404,4.2704
7950.0,157,4.3405,4.4662,4.5661,11.9782,-0.0404,4.2521
7960.0,158,4.3329,4.4617,4.5585,11.9782,-0.0404,4.2490
7970.0,159,4.3360,4.4662,4.5676,11.9791,-0.0450,4.2597
7980.0,160,4.3421,4.4800,4.5783,11.9791,-0.0435,4.2719
7990.0,161,4.3512,4.4937,4.5905,11.9799,-0.0420,4.2765
8000.0,162,4.3680,4.5074,4.5997,11.9791,-0.0435,4.2857
8010.0,163,4.3787,4.5135,4.6073,11.9782,-0.0465,4.2964
8020.0,164,4.3878,4.5227,4.6165,11.9791,-0.0435,4.3025
8030.0,165,4.3939,4.5288,4.6226,11.9782,-0.0450,4.3055
8040.0,166,4.3985,4.5349,4.6271,11.9791,-0.0435,4.3131
8050.0,167,4.3985,4.5334,4.6271,11.9791,-0.0465,4.3177
8060.0,168,4.3970,4.5380,4.6271,11.9791,-0.0435,4.3238
8070.0,169,4.3955,4.5303,4.6180,11.9791,-0.0465,4.3238
8080.0,170,4.3939,4.5258,4.6134,11.9799,-0.0450,4.3147
8090.0,171,4.3833,4.5212,4.6104,11.9799,-0.0435,4.3040
8100.0,172,4.3756,4.5197,4.6088,11.9791,-0.0450,4.2948
8110.0,173,4.3726,4.5212,4.6073,11.9799,-0.0435,4.2948
8120.0,174,4.3817,4.5227,4.6043,11.9791,-0.0435,4.3040
8130.0,175,4.3878,4.5227,4.6104,11.9791,-0.0404,4.3116
8140.0,176,4.3985,4.5242,4.6241,11.9799,-0.0404,4.3177
8150.0,177,4.4107,4.5364,4.6424,11.9791,-0.0420,4.3284
8160.0,178,4.4245,4.5517,4.6485,11.9791,-0.0389,4.3437
8170.0,179,4.4351,4.5715,4.6592,11.9799,-0.0389,4.3589
8180.0,180,4.4382,4.5822,4.6744,11.9799,-0.0374,4.3681
8190.0,181,4.4428,4.5883,4.6867,11.9799,-0.0359,4.3620
8200.0,182,4.4443,4.5898,4.6806,11.9808,-0.0359,4.3650
8210.0,183,4.4489,4.5898,4.6729,11.9799,-0.0343,4.3665
8220.0,184,4.4458,4.5853,4.6683,11.9799,-0.0343,4.3635
8230.0,185,4.4443,4.5746,4.6622,11.9799,-0.0328,4.3482
8240.0,186,4.4367,4.5654,4.6607,11.9791,-0.0328,4.3391
8250.0,187,4.4306,4.5654,4.6561,11.9799,-0.0313,4.3406
8260.0,188,4.4260,4.5670,4.6607,11.9799,-0.0313,4.3498
8270.0,189,4.4351,4.5807,4.6714,11.9799,-0.0297,4.3665
8280.0,190,4.4550,4.5898,4.6928,11.9799,-0.0297,4.3818
8290.0,191,4.4779,4.6066,4.7187,11.9799,-0.0297,4.3986
8300.0,192,4.4977,4.6326,4.7416,11.9791,-0.0297,4.4138
8310.0,193,4.5145,4.6509,4.7553,11.9791,-0.0282,4.4337
8320.0,194,4.5313,4.6661,4.7721,11.9782,-0.0282,4.4520
8330.0,195,4.5481,4.6753,4.7889,11.9799,-0.0236,4.4672
8340.0,196,4.5664,4.6906,4.7996,11.9799,-0.0236,4.4779
8350.0,197,4.5801,4.7028,4.8179,11.9791,-0.0221,4.4901
8360.0,198,4.5893,4.7104,4.8240,11.9799,-0.0221,4.4947
8370.0,199,4.5938,4.7195,4.8301,11.9791,-0.0206,4.5023
8380.0,200,4.5954,4.7241,4.8347,11.9791,-0.0191,4.5039
8390.0,201,4.5923,4.7256,4.8255,11.9799,-0.0206,4.5084
8400.0,202,4.5877,4.7241,4.8194,11.9799,-0.0206,4.5069
8410.0,203,4.5862,4.7211,4.8133,11.9799,-0.0160,4.5054
8420.0,204,4.5847,4.7134,4.8102,11.9791,-0.0160,4.4978
8430.0,205,4.5801,4.7089,4.8057,11.9791,-0.0145,4.4871
8440.0,206,4.5725,4.7028,4.7980,11.9808,-0.0130,4.4810
8450.0,207,4.5587,4.7028,4.7919,11.9799,-0.0130,4.4779
8460.0,208,4.5435,4.6982,4.7874,11.9791,-0.0130,4.4734
8470.0,209,4.5389,4.6936,4.7843,11.9791,-0.0130,4.4657
8480.0,210,4.5343,4.6829,4.7752,11.9799,-0.0145,4.4581
8490.0,211,4.5297,4.6707,4.7721,11.9791,-0.0099,4.4505
8500.0,212,4.5267,4.6616,4.7599,11.9791,-0.0114,4.4383
8510.0,213,4.5206,4.6463,4.7431,11.9799,-0.0114,4.4261
8520.0,214,4.5053,4.6326,4.7279,11.9799,-0.0114,4.4123
8530.0,215,4.4885,4.6127,4.7095,11.9791,-0.0114,4.3986
8540.0,216,4.4733,4.5959,4.6882,11.9791,-0.0099,4.3864
8550.0,217,4.4534,4.5822,4.6775,11.9799,-0.0114,4.3742
8560.0,218,4.4367,4.5670,4.6607,11.9791,-0.0114,4.3574
8570.0,219,4.4153,4.5471,4.6363,11.9791,-0.0099,4.3360
8580.0,220,4.3863,4.5288,4.6134,11.9799,-0.0114,4.3147
8590.0,221,4.3680,4.5029,4.5890,11.9799,-0.0114,4.2872
8600.0,222,4.3421,4.4724,4.5600,11.9808,-0.0130,4.2552
8610.0,223,4.3131,4.4449,4.5325,11.9808,-0.0145,4.2277
8620.0,224,4.2917,4.4205,4.5035,11.9808,-0.0145,4.1972
8630.0,225,4.2673,4.3976,4.4791,11.9799,-0.0145,4.1758
8640.0,226,4.2490,4.3762,4.4623,11.9799,-0.0130,4.1605
8650.0,227,4.2337,4.3625,4.4517,11.9817,-0.0175,4.1514
8660.0,228,4.2276,4.3518,4.4410,11.9799,-0.0175,4.1438
8670.0,229,4.2200,4.3457,4.4410,11.9799,-0.0175,4.1361
8680.0,230,4.2108,4.3427,4.4379,11.9799,-0.0175,4.1270
8690.0,231,4.2032,4.3396,4.4273,11.9799,-0.0191,4.1148
8700.0,232,4.2017,4.3335,4.4227,11.9808,-0.0191,4.1148
8710.0,233,4.2002,4.3381,4.4257,11.9808,-0.0206,4.1270
8720.0,234,4.2154,4.3503,4.4395,11.9799,-0.0221,4.1392
8730.0,235,4.2383,4.3640,4.4593,11.9817,-0.0221,4.1667
8740.0,236,4.2642,4.3839,4.4868,11.9817,-0.0236,4.1911
8750.0,237,4.2856,4.4083,4.5142,11.9817,-0.0236,4.2109
8760.0,238,4.3085,4.4312,4.5386,11.9808,-0.0236,4.2262
8770.0,239,4.3268,4.4540,4.5615,11.9817,-0.0236,4.2475
8780.0,240,4.3421,4.4785,4.5783,11.9817,-0.0252,4.2628
8790.0,241,4.3558,4.4937,4.5859,11.9808,-0.0236,4.2826
8800.0,242,4.3604,4.4968,4.5951,11.9817,-0.0236,4.2918
8810.0,243,4.3649,4.5013,4.5997,11.9808,-0.0267,4.2887
8820.0,244,4.3726,4.4998,4.6058,11.9808,-0.0252,4.2948
8830.0,245,4.3787,4.5074,4.6088,11.9808,-0.0252,4.2948
8840.0,246,4.3833,4.5151,4.6119,11.9808,-0.0267,4.2994
8850.0,247,4.3848,4.5181,4.6149,11.9808,-0.0282,4.3025
8860.0,248,4.3863,4.5181,4.6134,11.9826,-0.0297,4.2994
8870.0,249,4.3863,4.5181,4.6134,11.9808,-0.0282,4.3040
8880.0,250,4.3924,4.5166,4.6119,11.9808,-0.0297,4.3055
8890.0,251,4.3924,4.5212,4.6119,11.9817,-0.0313,4.3101
8900.0,252,4.3985,4.5227,4.6149,11.9808,-0.0297,4.3131
8910.0,253,4.4000,4.5242,4.6241,11.9817,-0.0297,4.3208
8920.0,254,4.3985,4.5242,4.6226,11.9799,-0.0297,4.3223
8930.0,255,4.3955,4.5258,4.6256,11.9799,-0.0313,4.3223
8940.0,0,4.3939,4.5258,4.6226,11.9808,-0.0313,4.3131
8950.0,1,4.3878,4.5212,4.6195,11.9799,-0.0328,4.3009
8960.0,2,4.3833,4.5135,4.6104,11.9817,-0.0343,4.2948
8970.0,3,4.3787,4.5074,4.6027,11.9808,-0.0297,4.2902
8980.0,4,4.3756,4.5074,4.5951,11.9808,-0.0313,4.2796
8990.0,5,4.3665,4.5044,4.5905,11.9799,-0.0343,4.2750
9000.0,6,4.3451,4.4846,4.5676,11.9808,-0.0313,4.2506
9010.0,7,4.2826,4.4235,4.4898,11.9808,-0.0328,4.1880
9020.0,8,4.1727,4.3030,4.3510,11.9808,-0.0328,4.0614
9030.0,9,3.9942,4.1122,4.1343,11.9826,-0.0328,3.8569
9040.0,10,3.7393,3.8574,3.8474,11.9826,-0.0343,3.5899
9050.0,11,3.4357,3.5538,3.5148,11.9852,-0.0359,3.2832
9060.0,12,3.1091,3.2257,3.1608,11.9860,-0.0343,2.9536
9070.0,13,2.7796,2.8946,2.8159,11.9869,-0.0328,2.6316
9080.0,14,2.4805,2.5925,2.5031,11.9886,-0.0328,2.3478
9090.0,15,2.2257,2.3392,2.2590,11.9895,-0.0343,2.1159
9100.0,16,2.0288,2.1500,2.0866,11.9904,-0.0343,1.9587
9110.0,17,1.8900,2.0065,1.9630,11.9930,-0.0359,1.8427
9120.0,18,1.7740,1.8875,1.8577,11.9921,-0.0343,1.7451
9130.0,19,1.6733,1.7746,1.7509,11.9939,-0.0313,1.6428
9140.0,20,1.5650,1.6571,1.6334,11.9956,-0.0328,1.5376
9150.0,21,1.4505,1.5366,1.5098,11.9973,-0.0359,1.4231
9160.0,22,1.3284,1.4114,1.3801,11.9991,-0.0328,1.2980
9170.0,23,1.2079,1.2802,1.2443,12.0000,-0.0328,1.1759
9180.0,24,1.0935,1.1612,1.1191,12.0017,-0.0343,1.0584
9190.0,25,0.9805,1.0437,1.0047,12.0000,-0.0328,0.9486
9200.0,26,0.8814,0.9384,0.9101,12.0026,-0.0328,0.8540
9210.0,27,0.7929,0.8484,0.8201,12.0043,-0.0313,0.7777
9220.0,28,0.7166,0.7690,0.7468,12.0052,-0.0328,0.7060
9230.0,29,0.6494,0.7065,0.6873,12.0069,-0.0313,0.6434
9240.0,30,0.6006,0.6500,0.6431,12.0078,-0.0328,0.5991
9250.0,31,0.5731,0.6180,0.6110,12.0069,-0.0328,0.5763
9260.0,32,0.5640,0.5997,0.6110,12.0095,-0.0328,0.5732
9270.0,33,0.5747,0.6104,0.6309,12.0095,-0.0328,0.5900
9280.0,34,0.6067,0.6470,0.6736,12.0095,-0.0328,0.6281
9290.0,35,0.6647,0.6989,0.7453,12.0095,-0.0328,0.6953
9300.0,36,0.7547,0.7858,0.8445,12.0095,-0.0343,0.7899
9310.0,37,0.8600,0.8850,0.9574,12.0087,-0.0328,0.8921
9320.0,38,0.9516,0.9796,1.0551,12.0095,-0.0343,0.9806
9330.0,39,1.0324,1.0544,1.1191,12.0095,-0.0359,1.0447
9340.0,40,1.0828,1.1017,1.1527,12.0087,-0.0328,1.0874
9350.0,41,1.1087,1.1276,1.1680,12.0095,-0.0328,1.0996
9360.0,42,1.1179,1.1322,1.1726,12.0095,-0.0359,1.1027
9370.0,43,1.1179,1.1261,1.1680,12.0095,-0.0343,1.0890
9380.0,44,1.1240,1.1383,1.1787,12.0078,-0.0343,1.0905
9390.0,45,1.1667,1.1963,1.2473,12.0095,-0.0359,1.1546
9400.0,46,1.2827,1.3245,1.3892,12.0087,-0.0374,1.2949
9410.0,47,1.4826,1.5396,1.6242,12.0087,-0.0374,1.5254
9420.0,48,1.7740,1.8463,1.9706,12.0087,-0.0374,1.8427
9430.0,49,2.1417,2.2064,2.3765,12.0060,-0.0374,2.2196
9440.0,50,2.5125,2.5742,2.7732,12.0052,-0.0359,2.5828
9450.0,51,2.8391,2.8839,3.0936,12.0026,-0.0389,2.8819
9460.0,52,3.0741,3.1128,3.2996,12.0034,-0.0359,3.0848
9470.0,53,3.2099,3.2425,3.3912,12.0017,-0.0374,3.1733
9480.0,54,3.2648,3.2974,3.4080,12.0008,-0.0374,3.1947
9490.0,55,3.2755,3.3173,3.4125,12.0008,-0.0359,3.1840
9500.0,56,3.2770,3.3279,3.4110,11.9982,-0.0374,3.1809
9510.0,57,3.2907,3.3508,3.4370,11.9982,-0.0359,3.2084
9520.0,58,3.3411,3.4073,3.5026,11.9973,-0.0359,3.2740
9530.0,59,3.4097,3.4805,3.5880,11.9973,-0.0359,3.3549
9540.0,60,3.4738,3.5538,3.6613,11.9956,-0.0343,3.4220
9550.0,61,3.5181,3.5965,3.6979,11.9956,-0.0343,3.4602
9560.0,62,3.5349,3.6148,3.7070,11.9947,-0.0343,3.4602
9570.0,63,3.5150,3.6041,3.6887,11.9939,-0.0343,3.4342
9580.0,64,3.4906,3.5782,3.6567,11.9939,-0.0343,3.4022
9590.0,65,3.4555,3.5477,3.6124,11.9939,-0.0343,3.3640
9600.0,66,3.4296,3.5248,3.5895,11.9930,-0.0328,3.3427
9610.0,67,3.4494,3.5446,3.6246,11.9921,-0.0343,3.3823
9620.0,68,3.5333,3.6392,3.7498,11.9921,-0.0343,3.4968
9630.0,69,3.7012,3.8162,3.9588,11.9913,-0.0343,3.6860
9640.0,70,3.9392,4.0573,4.2365,11.9904,-0.0343,3.9423
9650.0,71,4.2230,4.3396,4.5585,11.9895,-0.0343,4.2353
9660.0,72,4.5297,4.6417,4.8896,11.9895,-0.0359,4.5405
9670.0,73,4.8349,4.9393,5.1902,11.9878,-0.0343,4.8258
9680.0,74,5.0958,5.2048,5.4450,11.9869,-0.0359,5.0715
9690.0,75,5.3034,5.4123,5.6403,11.9843,-0.0359,5.2485
9700.0,76,5.4498,5.5588,5.7670,11.9834,-0.0359,5.3645
9710.0,77,5.5445,5.6488,5.8311,11.9826,-0.0343,5.4316
9720.0,78,5.5795,5.6870,5.8509,11.9826,-0.0359,5.4560
9730.0,79,5.5795,5.6931,5.8311,11.9817,-0.0374,5.4362
9740.0,80,5.5429,5.6610,5.7853,11.9817,-0.0359,5.3904
9750.0,81,5.4804,5.6091,5.7212,11.9817,-0.0374,5.3294
9760.0,82,5.4086,5.5496,5.6419,11.9808,-0.0374,5.2561
9770.0,83,5.3308,5.4825,5.5625,11.9817,-0.0374,5.1783
9780.0,84,5.2545,5.4077,5.4847,11.9808,-0.0359,5.1035
9790.0,85,5.1798,5.3345,5.4206,11.9799,-0.0389,5.0440
9800.0,86,5.1126,5.2643,5.3580,11.9791,-0.0374,4.9891
9810.0,87,5.0562,5.2063,5.2940,11.9808,-0.0374,4.9387
9820.0,88,5.0089,5.1590,5.2421,11.9808,-0.0359,4.8869
9830.0,89,4.9585,5.1147,5.1932,11.9808,-0.0374,4.8411
9840.0,90,4.9143,5.0705,5.1551,11.9817,-0.0374,4.7999
9850.0,91,4.8731,5.0339,5.1215,11.9808,-0.0389,4.7648
9860.0,92,4.8380,4.9927,5.0849,11.9808,-0.0374,4.7282
9870.0,93,4.7983,4.9530,5.0407,11.9817,-0.0374,4.6931
9880.0,94,4.7617,4.9149,4.9979,11.9808,-0.0359,4.6549
9890.0,95,4.7220,4.8828,4.9537,11.9817,-0.0404,4.6244
9900.0,96,4.6854,4.8523,4.9155,11.9826,-0.0343,4.5893
9910.0,97,4.6518,4.8172,4.8850,11.9817,-0.0359,4.5634
9920.0,98,4.6259,4.7867,4.8652,11.9826,-0.0359,4.5390
9930.0,99,4.6076,4.7684,4.8484,11.9826,-0.0359,4.5207
9940.0,100,4.6015,4.7516,4.8438,11.9817,-0.0343,4.5115
9950.0,101,4.5954,4.7394,4.8453,11.9817,-0.0343,4.5100
9960.0,102,4.5923,4.7348,4.8514,11.9817,-0.0359,4.5191
9970.0,103,4.5984,4.7409,4.8576,11.9834,-0.0328,4.5237
9980.0,104,4.6030,4.7501,4.8713,11.9808,-0.0328,4.5313
9990.0,105,4.6198,4.7638,4.8820,11.9826,-0.0313,4.5466
10000.0,106,4.6274,4.7668,4.8850,11.9817,-0.0328,4.5496
10010.0,107,4.6289,4.7745,4.8789,11.9808,-0.0328,4.5481
10020.0,108,4.6274,4.7729,4.8682,11.9808,-0.0328,4.5451
10030.0,109,4.6228,4.7607,4.8591,11.9808,-0.0297,4.5313
10040.0,110,4.6137,4.7470,4.8484,11.9808,-0.0328,4.5207
10050.0,111,4.5969,4.7348,4.8362,11.9817,-0.0313,4.5069
10060.0,112,4.5831,4.7256,4.8270,11.9808,-0.0297,4.4993
10070.0,113,4.5740,4.7150,4.8164,11.9808,-0.0343,4.4840
10080.0,114,4.5664,4.7104,4.8133,11.9808,-0.0313,4.4749
10090.0,115,4.5587,4.7012,4.7996,11.9799,-0.0313,4.4642
10100.0,116,4.5511,4.6844,4.7813,11.9799,-0.0297,4.4550
10110.0,117,4.5313,4.6661,4.7614,11.9808,-0.0328,4.4383
10120.0,118,4.5038,4.6463,4.7370,11.9808,-0.0313,4.4169
10130.0,119,4.4840,4.6249,4.7034,11.9817,-0.0297,4.3940
10140.0,120,4.4611,4.5959,4.6806,11.9808,-0.0297,4.3696
10150.0,121,4.4336,4.5746,4.6592,11.9808,-0.0313,4.3437
10160.0,122,4.4123,4.5532,4.6378,11.9817,-0.0313,4.3253
10170.0,123,4.3985,4.5380,4.6226,11.9808,-0.0313,4.3101
10180.0,124,4.3863,4.5273,4.6165,11.9817,-0.0313,4.3025
10190.0,125,4.3833,4.5303,4.6149,11.9808,-0.0313,4.3009
10200.0,126,4.3878,4.5303,4.6256,11.9808,-0.0297,4.3116
10210.0,127,4.4016,4.5425,4.6394,11.9808,-0.0313,4.3238
10220.0,128,4.4138,4.5593,4.6607,11.9808,-0.0297,4.3421
10230.0,129,4.4351,4.5731,4.6806,11.9808,-0.0297,4.3665
10240.0,130,4.4550,4.5898,4.7019,11.9799,-0.0297,4.3833
10250.0,131,4.4763,4.6005,4.7111,11.9799,-0.0297,4.3955
10260.0,132,4.4901,4.6188,4.7217,11.9791,-0.0282,4.4032
10270.0,133,4.5023,4.6280,4.7294,11.9799,-0.0313,4.4154
10280.0,134,4.5114,4.6417,4.7355,11.9791,-0.0313,4.4199
10290.0,135,4.5099,4.6463,4.7385,11.9799,-0.0297,4.4230
10300.0,136,4.5023,4.6402,4.7340,11.9808,-0.0297,4.4199
10310.0,137,4.4870,4.6265,4.7217,11.9799,-0.0297,4.4047
10320.0,138,4.4733,4.6112,4.6989,11.9791,-0.0297,4.3879
10330.0,139,4.4565,4.5944,4.6714,11.9791,-0.0297,4.3620
10340.0,140,4.4260,4.5715,4.6439,11.9799,-0.0282,4.3299
10350.0,141,4.4000,4.5532,4.6210,11.9808,-0.0297,4.3116
10360.0,142,4.3817,4.5334,4.6073,11.9799,-0.0297,4.2994
10370.0,143,4.3741,4.5166,4.5982,11.9808,-0.0297,4.2902
10380.0,144,4.3680,4.5044,4.5951,11.9799,-0.0297,4.2841
10390.0,145,4.3649,4.4983,4.5966,11.9799,-0.0282,4.2811
10400.0,146,4.3634,4.5013,4.6027,11.9791,-0.0297,4.2902
10410.0,147,4.3711,4.5105,4.6058,11.9799,-0.0297,4.2933
10420.0,148,4.3802,4.5135,4.6104,11.9791,-0.0313,4.3009
10430.0,149,4.3802,4.5227,4.6210,11.9799,-0.0297,4.3040
10440.0,150,4.3878,4.5319,4.6348,11.9799,-0.0297,4.3055
10450.0,151,4.3970,4.5319,4.6470,11.9791,-0.0328,4.3131
10460.0,152,4.4031,4.5410,4.6516,11.9808,-0.0313,4.3223
10470.0,153,4.4107,4.5456,4.6500,11.9799,-0.0297,4.3299
10480.0,154,4.4214,4.5486,4.6485,11.9791,-0.0297,4.3406
10490.0,155,4.4290,4.5517,4.6531,11.9791,-0.0297,4.3452
10500.0,156,4.4306,4.5578,4.6516,11.9799,-0.0297,4.3452
10510.0,157,4.4260,4.5593,4.6500,11.9799,-0.0313,4.3452
10520.0,158,4.4229,4.5547,4.6500,11.9808,-0.0313,4.3452
10530.0,159,4.4229,4.5517,4.6439,11.9799,-0.0328,4.3437
10540.0,160,4.4184,4.5517,4.6378,11.9799,-0.0313,4.3421
10550.0,161,4.4092,4.5441,4.6348,11.9799,-0.0297,4.3330
10560.0,162,4.4061,4.5425,4.6348,11.9799,-0.0297,4.3269
10570.0,163,4.4077,4.5364,4.6302,11.9799,-0.0297,4.3238
10580.0,164,4.4046,4.5364,4.6302,11.9799,-0.0313,4.3177
10590.0,165,4.4016,4.5395,4.6363,11.9799,-0.0297,4.3192
10600.0,166,4.4092,4.5425,4.6409,11.9799,-0.0282,4.3208
10610.0,167,4.4123,4.5425,4.6348,11.9799,-0.0282,4.3208
10620.0,168,4.4153,4.5441,4.6378,11.9799,-0.0282,4.3269
10630.0,169,4.4138,4.5410,4.6378,11.9791,-0.0297,4.3330
10640.0,170,4.4123,4.5410,4.6409,11.9782,-0.0267,4.3360
10650.0,171,4.4107,4.5456,4.6409,11.9799,-0.0297,4.3360
10660.0,172,4.4107,4.5425,4.6332,11.9791,-0.0282,4.3330
10670.0,173,4.4046,4.5441,4.6256,11.9799,-0.0297,4.3269
10680.0,174,4.4000,4.5364,4.6226,11.9808,-0.0297,4.3147
10690.0,175,4.3970,4.5303,4.6180,11.9799,-0.0267,4.3055
10700.0,176,4.3909,4.5242,4.6180,11.9799,-0.0282,4.2948
10710.0,177,4.3833,4.5197,4.6180,11.9799,-0.0282,4.2918
10720.0,178,4.3787,4.5135,4.6119,11.9808,-0.0282,4.2948
10730.0,179,4.3787,4.5105,4.6012,11.9799,-0.0297,4.2933
10740.0,180,4.3802,4.5029,4.5920,11.9791,-0.0236,4.2902
10750.0,181,4.3695,4.4983,4.5890,11.9808,-0.0282,4.2872
10760.0,182,4.3649,4.4937,4.5905,11.9808,-0.0282,4.2887
10770.0,183,4.3619,4.4922,4.5905,11.9808,-0.0282,4.2841
10780.0,184,4.3558,4.4922,4.5905,11.9791,-0.0252,4.2811
10790.0,185,4.3619,4.4968,4.5875,11.9791,-0.0282,4.2780
10800.0,186,4.3665,4.5013,4.5875,11.9791,-0.0267,4.2841
10810.0,187,4.3665,4.5059,4.5982,11.9791,-0.0297,4.2918
10820.0,188,4.3649,4.5029,4.5997,11.9799,-0.0282,4.2948
10830.0,189,4.3634,4.4952,4.5997,11.9799,-0.0297,4.2964
10840.0,190,4.3604,4.4922,4.5905,11.9799,-0.0297,4.2902
10850.0,191,4.3558,4.4907,4.5829,11.9791,-0.0282,4.2826
10860.0,192,4.3512,4.4907,4.5829,11.9799,-0.0297,4.2796
10870.0,193,4.3573,4.4922,4.5920,11.9799,-0.0297,4.2857
10880.0,194,4.3726,4.4998,4.6043,11.9782,-0.0297,4.2964
10890.0,195,4.3909,4.5181,4.6271,11.9782,-0.0313,4.3162
10900.0,196,4.4107,4.5364,4.6455,11.9791,-0.0313,4.3314
10910.0,197,4.4306,4.5593,4.6638,11.9791,-0.0297,4.3467
10920.0,198,4.4458,4.5822,4.6775,11.9799,-0.0313,4.3635
10930.0,199,4.4565,4.5914,4.6912,11.9799,-0.0282,4.3757
10940.0,200,4.4718,4.6005,4.7019,11.9799,-0.0297,4.3787
10950.0,201,4.4809,4.6051,4.7126,11.9782,-0.0282,4.3894
10960.0,202,4.4885,4.6112,4.7248,11.9791,-0.0297,4.3955
10970.0,203,4.4901,4.6097,4.7248,11.9791,-0.0282,4.4001
10980.0,204,4.4885,4.6173,4.7202,11.9791,-0.0297,4.4062
10990.0,205,4.4855,4.6234,4.7141,11.9791,-0.0282,4.4062
11000.0,206,4.4840,4.6173,4.7065,11.9799,-0.0297,4.3986
11010.0,207,4.4733,4.6097,4.6912,11.9782,-0.0282,4.3818
11020.0,208,4.4519,4.5929,4.6683,11.9782,-0.0282,4.3528
11030.0,209,4.4260,4.5654,4.6378,11.9782,-0.0297,4.3269
11040.0,210,4.3970,4.5349,4.6088,11.9791,-0.0267,4.3025
11050.0,211,4.3634,4.4998,4.5798,11.9799,-0.0252,4.2735
11060.0,212,4.3329,4.4724,4.5539,11.9799,-0.0267,4.2552
11070.0,213,4.3146,4.4571,4.5356,11.9799,-0.0267,4.2399
11080.0,214,4.3115,4.4464,4.5325,11.9791,-0.0267,4.2323
11090.0,215,4.3161,4.4510,4.5478,11.9791,-0.0267,4.2353
11100.0,216,4.3268,4.4571,4.5570,11.9782,-0.0252,4.2506
11110.0,217,4.3405,4.4769,4.5768,11.9799,-0.0252,4.2658
11120.0,218,4.3604,4.4937,4.5997,11.9791,-0.0252,4.2857
11130.0,219,4.3817,4.5151,4.6149,11.9799,-0.0267,4.3025
11140.0,220,4.4046,4.5349,4.6378,11.9782,-0.0267,4.3208
11150.0,221,4.4229,4.5578,4.6577,11.9799,-0.0282,4.3452
11160.0,222,4.4351,4.5654,4.6714,11.9791,-0.0252,4.3604
11170.0,223,4.4473,4.5761,4.6821,11.9799,-0.0282,4.3665
11180.0,224,4.4534,4.5822,4.6867,11.9782,-0.0267,4.3681
11190.0,225,4.4550,4.5868,4.6867,11.9799,-0.0267,4.3696
11200.0,226,4.4489,4.5914,4.6790,11.9782,-0.0267,4.3650
11210.0,227,4.4428,4.5868,4.6760,11.9791,-0.0267,4.3574
11220.0,228,4.4397,4.5822,4.6699,11.9791,-0.0252,4.3559
11230.0,229,4.4382,4.5792,4.6668,11.9782,-0.0297,4.3604
11240.0,230,4.4351,4.5731,4.6638,11.9791,-0.0297,4.3559
11250.0,231,4.4367,4.5639,4.6622,11.9782,-0.0282,4.3528
11260.0,232,4.4367,4.5593,4.6592,11.9791,-0.0297,4.3543
11270.0,233,4.4367,4.5593,4.6577,11.9791,-0.0313,4.3498
11280.0,234,4.4336,4.5609,4.6592,11.9799,-0.0297,4.3482
11290.0,235,4.4336,4.5532,4.6577,11.9791,-0.0297,4.3391
11300.0,236,4.4321,4.5502,4.6531,11.9782,-0.0297,4.3284
11310.0,237,4.4229,4.5471,4.6470,11.9799,-0.0297,4.3269
11320.0,238,4.4153,4.5425,4.6394,11.9791,-0.0297,4.3284
11330.0,239,4.4016,4.5364,4.6332,11.9799,-0.0297,4.3223
11340.0,240,4.3924,4.5410,4.6302,11.9791,-0.0297,4.3131
11350.0,241,4.3878,4.5303,4.6210,11.9799,-0.0282,4.3086
11360.0,242,4.3833,4.5227,4.6134,11.9791,-0.0297,4.3086
11370.0,243,4.3802,4.5212,4.6149,11.9791,-0.0297,4.3101
11380.0,244,4.3833,4.5258,4.6180,11.9791,-0.0282,4.3086
11390.0,245,4.3833,4.5303,4.6210,11.9791,-0.0267,4.3131
11400.0,246,4.3909,4.5349,4.6256,11.9791,-0.0236,4.3208
11410.0,247,4.3970,4.5334,4.6317,11.9791,-0.0252,4.3269
11420.0,248,4.4046,4.5334,4.6363,11.9791,-0.0236,4.3299
11430.0,249,4.4061,4.5334,4.6409,11.9799,-0.0252,4.3299
11440.0,250,4.4077,4.5425,4.6424,11.9799,-0.0252,4.3299
11450.0,251,4.4107,4.5471,4.6348,11.9782,-0.0206,4.3284
11460.0,252,4.4138,4.5502,4.6348,11.9799,-0.0206,4.3269
11470.0,253,4.4184,4.5517,4.6332,11.9799,-0.0191,4.3253
11480.0,254,4.4138,4.5486,4.6409,11.9791,-0.0206,4.3269
11490.0,255,4.4138,4.5441,4.6409,11.9791,-0.0191,4.3284
11500.0,0,4.4092,4.5380,4.6348,11.9791,-0.0206,4.3330
11510.0,1,4.4077,4.5349,4.6287,11.9799,-0.0191,4.3360
11520.0,2,4.4046,4.5258,4.6210,11.9791,-0.0160,4.3314
11530.0,3,4.3985,4.5212,4.6210,11.9799,-0.0160,4.3223
11540.0,4,4.3955,4.5181,4.6180,11.9791,-0.0160,4.3177
11550.0,5,4.3878,4.5212,4.6104,11.9799,-0.0130,4.3116
11560.0,6,4.3909,4.5273,4.6119,11.9799,-0.0130,4.3101
11570.0,7,4.3985,4.5349,4.6256,11.9799,-0.0145,4.3147
11580.0,8,4.4061,4.5456,4.6424,11.9791,-0.0114,4.3238
11590.0,9,4.4138,4.5578,4.6500,11.9791,-0.0114,4.3375
11600.0,10,4.4260,4.5670,4.6699,11.9791,-0.0099,4.3528
11610.0,11,4.4412,4.5807,4.6897,11.9791,-0.0084,4.3726
11620.0,12,4.4641,4.5914,4.7065,11.9799,-0.0069,4.3894
11630.0,13,4.4763,4.6021,4.7141,11.9782,-0.0084,4.4001
11640.0,14,4.4901,4.6173,4.7248,11.9791,-0.0053,4.4108
11650.0,15,4.4962,4.6265,4.7340,11.9791,-0.0038,4.4215
11660.0,16,4.5053,4.6295,4.7370,11.9791,-0.0023,4.4261
11670.0,17,4.5069,4.6341,4.7370,11.9782,0.0008,4.4230
11680.0,18,4.5008,4.6387,4.7340,11.9791,-0.0023,4.4230
11690.0,19,4.4916,4.6356,4.7294,11.9799,-0.0008,4.4169
11700.0,20,4.4763,4.6249,4.7217,11.9782,0.0008,4.4047
11710.0,21,4.4641,4.6066,4.7080,11.9799,0.0023,4.3879
11720.0,22,4.4504,4.5853,4.6897,11.9782,0.0008,4.3711
11730.0,23,4.4367,4.5715,4.6714,11.9791,0.0053,4.3559
11740.0,24,4.4336,4.5593,4.6561,11.9782,0.0023,4.3513
11750.0,25,4.4260,4.5563,4.6516,11.9791,0.0023,4.3452
11760.0,26,4.4229,4.5578,4.6561,11.9791,0.0023,4.3452
11770.0,27,4.4275,4.5654,4.6638,11.9782,0.0038,4.3543
11780.0,28,4.4382,4.5761,4.6744,11.9782,0.0053,4.3650
11790.0,29,4.4504,4.5853,4.6851,11.9791,0.0023,4.3757
11800.0,30,4.4565,4.5959,4.6958,11.9791,0.0023,4.3833
11810.0,31,4.4626,4.6066,4.7050,11.9799,0.0053,4.3833
11820.0,32,4.4763,4.6066,4.7095,11.9782,0.0038,4.3879
11830.0,33,4.4870,4.6097,4.7141,11.9791,0.0038,4.3955
11840.0,34,4.4931,4.6143,4.7172,11.9782,0.0038,4.3986
11850.0,35,4.4931,4.6143,4.7172,11.9791,0.0038,4.4047
11860.0,36,4.4855,4.6158,4.7080,11.9791,0.0038,4.4062
11870.0,37,4.4824,4.6112,4.7050,11.9773,0.0038,4.4001
11880.0,38,4.4794,4.6005,4.7004,11.9773,0.0038,4.3925
11890.0,39,4.4702,4.5975,4.6943,11.9782,0.0038,4.3849
11900.0,40,4.4657,4.5944,4.6851,11.9782,0.0038,4.3803
11910.0,41,4.4580,4.5822,4.6806,11.9791,0.0023,4.3742
11920.0,42,4.4367,4.5609,4.6516,11.9782,0.0053,4.3482
11930.0,43,4.3695,4.4983,4.5661,11.9791,0.0069,4.2658
11940.0,44,4.2368,4.3640,4.4105,11.9799,0.0038,4.1178
11950.0,45,4.0323,4.1595,4.1648,11.9808,0.0038,3.8966
11960.0,46,3.7653,3.8788,3.8550,11.9817,0.0038,3.6067
11970.0,47,3.4464,3.5583,3.4980,11.9817,0.0053,3.2816
11980.0,48,3.1000,3.2196,3.1333,11.9834,0.0038,2.9414
11990.0,49,2.7704,2.9007,2.7991,11.9852,0.0053,2.6255
12000.0,50,2.4820,2.6169,2.5169,11.9869,0.0038,2.3631
12010.0,51,2.2516,2.3880,2.3063,11.9869,0.0038,2.1677
12020.0,52,2.0700,2.2095,2.1491,11.9878,0.0038,2.0182
12030.0,53,1.9312,2.0630,2.0133,11.9886,0.0053,1.8931
12040.0,54,1.8045,1.9226,1.8806,11.9913,0.0038,1.7710
12050.0,55,1.6763,1.7761,1.7417,11.9930,0.0038,1.6398
12060.0,56,1.5451,1.6327,1.5906,11.9930,0.0053,1.4948
12070.0,57,1.4047,1.4847,1.4426,11.9939,0.0038,1.3529
12080.0,58,1.2613,1.3382,1.2946,11.9947,0.0053,1.2171
12090.0,59,1.1301,1.2039,1.1695,11.9965,0.0069,1.0966
12100.0,60,1.0172,1.0864,1.0566,11.9956,0.0069,0.9898
12110.0,61,0.9241,0.9827,0.9589,11.9982,0.0069,0.8982
12120.0,62,0.8447,0.8957,0.8750,12.0000,0.0053,0.8143
12130.0,63,0.7700,0.8209,0.7957,11.9991,0.0114,0.7487
12140.0,64,0.7044,0.7523,0.7300,12.0008,0.0114,0.6922
12150.0,65,0.6540,0.7034,0.6827,12.0026,0.0114,0.6587
12160.0,66,0.6265,0.6699,0.6614,12.0026,0.0130,0.6342
12170.0,67,0.6143,0.6454,0.6538,12.0034,0.0191,0.6205
12180.0,68,0.6265,0.6516,0.6751,12.0034,0.0206,0.6403
12190.0,69,0.6662,0.6866,0.7239,12.0043,0.0191,0.6815
12200.0,70,0.7395,0.7523,0.8002,12.0043,0.0221,0.7517
12210.0,71,0.8356,0.8545,0.9055,12.0026,0.0237,0.8585
12220.0,72,0.9577,0.9781,1.0368,12.0026,0.0252,0.9898
12230.0,73,1.0782,1.1017,1.1665,12.0043,0.0282,1.1088
12240.0,74,1.1804,1.2024,1.2641,12.0034,0.0313,1.1973
12250.0,75,1.2552,1.2772,1.3373,12.0026,0.0328,1.2599
12260.0,76,1.3071,1.3306,1.3847,12.0034,0.0359,1.2965
12270.0,77,1.3391,1.3535,1.4091,12.0017,0.0359,1.3209
12280.0,78,1.3529,1.3687,1.4167,12.0043,0.0389,1.3285
12290.0,79,1.3635,1.3824,1.4274,12.0034,0.0404,1.3346
12300.0,80,1.4093,1.4282,1.4823,12.0026,0.0420,1.3880
12310.0,81,1.5116,1.5305,1.6074,12.0026,0.0435,1.5131
12320.0,82,1.7038,1.7227,1.8287,12.0017,0.0435,1.7283
12330.0,83,1.9815,2.0218,2.1659,11.9991,0.0465,2.0335
12340.0,84,2.3355,2.3804,2.5733,11.9982,0.0465,2.4119
12350.0,85,2.7078,2.7481,2.9685,11.9973,0.0511,2.7842
12360.0,86,3.0374,3.0746,3.2981,11.9965,0.0496,3.0955
12370.0,87,3.2800,3.3157,3.5117,11.9956,0.0511,3.3000
12380.0,88,3.4174,3.4592,3.6216,11.9947,0.0511,3.3976
12390.0,89,3.4738,3.5141,3.6399,11.9930,0.0526,3.4113
12400.0,90,3.4860,3.5324,3.6262,11.9930,0.0526,3.3991
12410.0,91,3.4845,3.5355,3.6124,11.9921,0.0542,3.3869
12420.0,92,3.4937,3.5492,3.6216,11.9913,0.0557,3.4007
12430.0,93,3.5318,3.6011,3.6826,11.9913,0.0557,3.4525
12440.0,94,3.5959,3.6713,3.7788,11.9904,0.0572,3.5334
12450.0,95,3.6646,3.7506,3.8673,11.9895,0.0572,3.6097
12460.0,96,3.7241,3.8177,3.9252,11.9886,0.0588,3.6662
12470.0,97,3.7592,3.8513,3.9542,11.9886,0.0618,3.6906
12480.0,98,3.7668,3.8620,3.9481,11.9886,0.0633,3.6906
12490.0,99,3.7638,3.8589,3.9359,11.9878,0.0618,3.6845
12500.0,100,3.7500,3.8498,3.9146,11.9878,0.0618,3.6707
12510.0,101,3.7409,3.8467,3.9115,11.9886,0.0633,3.6616
12520.0,102,3.7699,3.8818,3.9664,11.9869,0.0633,3.7013
12530.0,103,3.8660,3.9856,4.0946,11.9869,0.0649,3.8249
12540.0,104,4.0384,4.1626,4.3037,11.9860,0.0679,4.0247
12550.0,105,4.2764,4.3976,4.5768,11.9869,0.0649,4.2826
12560.0,106,4.5648,4.6829,4.8957,11.9843,0.0679,4.5741
12570.0,107,4.8609,4.9789,5.2085,11.9817,0.0679,4.8655
12580.0,108,5.1401,5.2582,5.4984,11.9817,0.0679,5.1280
12590.0,109,5.3781,5.4993,5.7304,11.9799,0.0694,5.3431
12600.0,110,5.5673,5.6808,5.9028,11.9808,0.0664,5.5018
12610.0,111,5.7001,5.8136,6.0096,11.9791,0.0679,5.6010
12620.0,112,5.7779,5.8868,6.0660,11.9773,0.0679,5.6529
12630.0,113,5.8069,5.9128,6.0706,11.9773,0.0679,5.6620
12640.0,114,5.7947,5.9052,6.0386,11.9765,0.0679,5.6422
12650.0,115,5.7535,5.8701,5.9898,11.9765,0.0679,5.5949
12660.0,116,5.6909,5.8212,5.9287,11.9756,0.0649,5.5338
12670.0,117,5.6146,5.7556,5.8478,11.9765,0.0679,5.4575
12680.0,118,5.5277,5.6778,5.7624,11.9739,0.0679,5.3736
12690.0,119,5.4422,5.5954,5.6754,11.9739,0.0679,5.2943
12700.0,120,5.3598,5.5176,5.5930,11.9747,0.0664,5.2210
12710.0,121,5.2866,5.4413,5.5167,11.9756,0.0649,5.1539
12720.0,122,5.2164,5.3802,5.4542,11.9756,0.0649,5.0944
12730.0,123,5.1462,5.3192,5.3962,11.9747,0.0633,5.0364
12740.0,124,5.0836,5.2567,5.3352,11.9765,0.0649,4.9799
12750.0,125,5.0272,5.1956,5.2756,11.9765,0.0649,4.9265
12760.0,126,4.9707,5.1407,5.2192,11.9756,0.0618,4.8701
12770.0,127,4.9097,5.0812,5.1582,11.9773,0.0618,4.8121
12780.0,128,4.8487,5.0171,5.0971,11.9765,0.0618,4.7572
12790.0,129,4.7937,4.9515,5.0361,11.9765,0.0618,4.6961
12800.0,130,4.7327,4.8904,4.9766,11.9765,0.0603,4.6381
12810.0,131,4.6762,4.8355,4.9140,11.9765,0.0603,4.5786
12820.0,132,4.6243,4.7775,4.8530,11.9773,0.0588,4.5237
12830.0,133,4.5816,4.7195,4.8072,11.9782,0.0603,4.4810
12840.0,134,4.5435,4.6799,4.7752,11.9773,0.0557,4.4474
12850.0,135,4.5145,4.6539,4.7507,11.9782,0.0572,4.4215
12860.0,136,4.5008,4.6371,4.7340,11.9782,0.0542,4.4047
12870.0,137,4.4885,4.6295,4.7248,11.9765,0.0511,4.4016
12880.0,138,4.4901,4.6295,4.7279,11.9773,0.0496,4.4077
12890.0,139,4.4946,4.6326,4.7385,11.9782,0.0496,4.4169
12900.0,140,4.5069,4.6402,4.7492,11.9782,0.0481,4.4245
12910.0,141,4.5191,4.6570,4.7629,11.9765,0.0450,4.4337
12920.0,142,4.5358,4.6783,4.7797,11.9773,0.0450,4.4489
12930.0,143,4.5557,4.6906,4.7950,11.9756,0.0420,4.4688
12940.0,144,4.5740,4.7073,4.8148,11.9765,0.0404,4.4901
12950.0,145,4.5908,4.7287,4.8286,11.9765,0.0374,4.5100
12960.0,146,4.6045,4.7394,4.8484,11.9765,0.0359,4.5222
12970.0,147,4.6152,4.7440,4.8667,11.9747,0.0343,4.5268
12980.0,148,4.6167,4.7470,4.8652,11.9756,0.0328,4.5298
12990.0,149,4.6121,4.7440,4.8545,11.9773,0.0298,4.5252
13000.0,150,4.5999,4.7333,4.8392,11.9765,0.0282,4.5100
13010.0,151,4.5786,4.7150,4.8102,11.9765,0.0252,4.4840
13020.0,152,4.5587,4.7012,4.7797,11.9773,0.0237,4.4550
13030.0,153,4.5404,4.6783,4.7584,11.9756,0.0237,4.4367
13040.0,154,4.5130,4.6494,4.7385,11.9765,0.0206,4.4215
13050.0,155,4.4901,4.6249,4.7202,11.9756,0.0191,4.4016
13060.0,156,4.4657,4.5944,4.6897,11.9765,0.0160,4.3742
13070.0,157,4.4336,4.5624,4.6531,11.9756,0.0130,4.3437
13080.0,158,4.4092,4.5319,4.6195,11.9773,0.0114,4.3101
13090.0,159,4.3772,4.5044,4.5905,11.9765,0.0099,4.2750
13100.0,160,4.3512,4.4754,4.5707,11.9765,0.0084,4.2521
13110.0,161,4.3344,4.4571,4.5631,11.9782,0.0053,4.2399
13120.0,162,4.3299,4.4601,4.5631,11.9773,0.0038,4.2399
13130.0,163,4.3299,4.4662,4.5631,11.9773,0.0023,4.2490
13140.0,164,4.3421,4.4830,4.5783,11.9765,0.0038,4.2719
13150.0,165,4.3634,4.5044,4.5982,11.9765,-0.0008,4.2918
13160.0,166,4.3802,4.5227,4.6241,11.9773,-0.0023,4.3162
13170.0,167,4.4016,4.5425,4.6485,11.9773,-0.0038,4.3375
13180.0,168,4.4245,4.5578,4.6699,11.9773,-0.0038,4.3528
13190.0,169,4.4428,4.5715,4.6882,11.9756,-0.0053,4.3650
13200.0,170,4.4596,4.5868,4.6912,11.9782,-0.0084,4.3726
13210.0,171,4.4687,4.5975,4.6943,11.9765,-0.0069,4.3787
13220.0,172,4.4657,4.5975,4.6928,11.9756,-0.0099,4.3772
13230.0,173,4.4626,4.5929,4.6851,11.9773,-0.0099,4.3742
13240.0,174,4.4580,4.5883,4.6821,11.9782,-0.0114,4.3650
13250.0,175,4.4550,4.5837,4.6851,11.9765,-0.0145,4.3559
13260.0,176,4.4504,4.5776,4.6821,11.9773,-0.0145,4.3559
13270.0,177,4.4473,4.5731,4.6714,11.9773,-0.0160,4.3482
13280.0,178,4.4382,4.5685,4.6622,11.9773,-0.0160,4.3437
13290.0,179,4.4321,4.5609,4.6531,11.9765,-0.0191,4.3360
13300.0,180,4.4290,4.5441,4.6455,11.9765,-0.0191,4.3330
13310.0,181,4.4153,4.5349,4.6287,11.9773,-0.0206,4.3208
13320.0,182,4.4016,4.5319,4.6256,11.9773,-0.0206,4.3162
13330.0,183,4.3878,4.5212,4.6149,11.9773,-0.0236,4.3101
13340.0,184,4.3787,4.5120,4.6088,11.9773,-0.0236,4.2979
13350.0,185,4.3711,4.5074,4.6027,11.9773,-0.0252,4.2887
13360.0,186,4.3711,4.5044,4.5951,11.9773,-0.0252,4.2811
13370.0,187,4.3634,4.5013,4.5875,11.9773,-0.0282,4.2735
13380.0,188,4.3512,4.4983,4.5859,11.9773,-0.0282,4.2719
13390.0,189,4.3451,4.4907,4.5798,11.9773,-0.0313,4.2719
13400.0,190,4.3405,4.4815,4.5768,11.9765,-0.0297,4.2643
13410.0,191,4.3405,4.4754,4.5707,11.9773,-0.0328,4.2567
13420.0,192,4.3360,4.4708,4.5737,11.9782,-0.0313,4.2475
13430.0,193,4.3344,4.4693,4.5692,11.9773,-0.0328,4.2475
13440.0,194,4.3344,4.4662,4.5692,11.9765,-0.0343,4.2490
13450.0,195,4.3329,4.4662,4.5722,11.9782,-0.0343,4.2506
13460.0,196,4.3375,4.4693,4.5676,11.9782,-0.0359,4.2506
13470.0,197,4.3360,4.4754,4.5600,11.9782,-0.0374,4.2521
13480.0,198,4.3390,4.4739,4.5585,11.9782,-0.0374,4.2521
13490.0,199,4.3390,4.4662,4.5631,11.9773,-0.0359,4.2567
13500.0,200,4.3375,4.4647,4.5631,11.9773,-0.0374,4.2552
13510.0,201,4.3421,4.4662,4.5631,11.9782,-0.0374,4.2582
13520.0,202,4.3436,4.4693,4.5692,11.9782,-0.0359,4.2597
13530.0,203,4.3436,4.4739,4.5753,11.9791,-0.0389,4.2597
13540.0,204,4.3375,4.4800,4.5722,11.9782,-0.0389,4.2582
13550.0,205,4.3360,4.4785,4.5737,11.9782,-0.0404,4.2613
13560.0,206,4.3390,4.4785,4.5722,11.9782,-0.0389,4.2613
13570.0,207,4.3451,4.4785,4.5676,11.9791,-0.0404,4.2613
13580.0,208,4.3512,4.4861,4.5692,11.9791,-0.0374,4.2674
13590.0,209,4.3634,4.4998,4.5844,11.9782,-0.0404,4.2826
13600.0,210,4.3802,4.5135,4.6073,11.9782,-0.0374,4.3025
13610.0,211,4.4031,4.5334,4.6332,11.9782,-0.0374,4.3238
13620.0,212,4.4229,4.5517,4.6546,11.9782,-0.0374,4.3498
13630.0,213,4.4412,4.5700,4.6775,11.9765,-0.0389,4.3726
13640.0,214,4.4519,4.5868,4.6882,11.9791,-0.0389,4.3833
13650.0,215,4.4611,4.6036,4.6943,11.9782,-0.0389,4.3894
13660.0,216,4.4641,4.6112,4.6973,11.9773,-0.0374,4.3925
13670.0,217,4.4657,4.6066,4.6958,11.9782,-0.0389,4.3849
13680.0,218,4.4565,4.5914,4.6897,11.9782,-0.0389,4.3787
13690.0,219,4.4443,4.5746,4.6683,11.9782,-0.0389,4.3559
13700.0,220,4.4275,4.5547,4.6470,11.9765,-0.0374,4.3345
13710.0,221,4.4061,4.5349,4.6180,11.9773,-0.0389,4.3162
13720.0,222,4.3848,4.5151,4.5966,11.9782,-0.0404,4.3009
13730.0,223,4.3756,4.5059,4.5890,11.9782,-0.0389,4.2948
13740.0,224,4.3787,4.5105,4.6012,11.9782,-0.0420,4.3025
13750.0,225,4.3909,4.5212,4.6226,11.9782,-0.0404,4.3177
13760.0,226,4.4046,4.5334,4.6424,11.9782,-0.0404,4.3330
13770.0,227,4.4214,4.5502,4.6592,11.9773,-0.0404,4.3482
13780.0,228,4.4428,4.5715,4.6729,11.9791,-0.0389,4.3620
13790.0,229,4.4550,4.5914,4.6851,11.9773,-0.0389,4.3742
13800.0,230,4.4657,4.5990,4.6973,11.9782,-0.0404,4.3849
13810.0,231,4.4718,4.5944,4.6973,11.9791,-0.0420,4.3772
13820.0,232,4.4687,4.5853,4.6851,11.9791,-0.0404,4.3650
13830.0,233,4.4519,4.5731,4.6653,11.9782,-0.0389,4.3498
13840.0,234,4.4321,4.5593,4.6439,11.9782,-0.0374,4.3345
13850.0,235,4.4107,4.5471,4.6241,11.9791,-0.0374,4.3147
13860.0,236,4.3894,4.5212,4.6027,11.9799,-0.0389,4.2994
13870.0,237,4.3695,4.5013,4.5798,11.9791,-0.0374,4.2841
13880.0,238,4.3466,4.4876,4.5661,11.9799,-0.0389,4.2658
13890.0,239,4.3314,4.4739,4.5539,11.9799,-0.0404,4.2536
13900.0,240,4.3253,4.4662,4.5478,11.9799,-0.0404,4.2414
13910.0,241,4.3237,4.4556,4.5478,11.9799,-0.0404,4.2399
13920.0,242,4.3222,4.4556,4.5524,11.9799,-0.0404,4.2384
13930.0,243,4.3237,4.4678,4.5631,11.9808,-0.0404,4.2490
13940.0,244,4.3283,4.4739,4.5692,11.9799,-0.0404,4.2582
13950.0,245,4.3390,4.4785,4.5737,11.9799,-0.0404,4.2613
13960.0,246,4.3482,4.4754,4.5814,11.9799,-0.0389,4.2735
13970.0,247,4.3604,4.4800,4.5905,11.9808,-0.0389,4.2857
13980.0,248,4.3649,4.4907,4.5936,11.9799,-0.0404,4.2918
13990.0,249,4.3695,4.4998,4.6043,11.9799,-0.0404,4.2964
14000.0,250,4.3726,4.5074,4.6104,11.9799,-0.0374,4.2979
14010.0,251,4.3817,4.5105,4.6165,11.9799,-0.0374,4.3055
14020.0,252,4.3939,4.5197,4.6210,11.9799,-0.0389,4.3147
14030.0,253,4.3985,4.5273,4.6287,11.9808,-0.0389,4.3208
14040.0,254,4.4092,4.5349,4.6378,11.9808,-0.0389,4.3269
14050.0,255,4.4214,4.5471,4.6439,11.9799,-0.0359,4.3345
14060.0,0,4.4306,4.5578,4.6577,11.9799,-0.0374,4.3421
14070.0,1,4.4336,4.5639,4.6668,11.9799,-0.0374,4.3513
14080.0,2,4.4412,4.5746,4.6714,11.9799,-0.0359,4.3620
14090.0,3,4.4534,4.5914,4.6760,11.9808,-0.0359,4.3726
14100.0,4,4.4626,4.6021,4.6882,11.9799,-0.0389,4.3772
14110.0,5,4.4687,4.6082,4.6973,11.9799,-0.0374,4.3833
14120.0,6,4.4718,4.6158,4.7065,11.9791,-0.0374,4.3894
14130.0,7,4.4840,4.6219,4.7050,11.9791,-0.0389,4.3986
14140.0,8,4.4901,4.6173,4.7080,11.9791,-0.0359,4.4077
14150.0,9,4.4840,4.6158,4.7095,11.9791,-0.0374,4.4123
14160.0,10,4.4824,4.6127,4.7126,11.9799,-0.0374,4.4047
14170.0,11,4.4809,4.6112,4.7111,11.9799,-0.0374,4.3986
14180.0,12,4.4702,4.6051,4.7004,11.9799,-0.0374,4.3864
14190.0,13,4.4534,4.5883,4.6821,11.9799,-0.0359,4.3696
14200.0,14,4.4336,4.5715,4.6531,11.9799,-0.0389,4.3452
14210.0,15,4.4061,4.5486,4.6302,11.9799,-0.0374,4.3192
14220.0,16,4.3833,4.5227,4.6058,11.9808,-0.0374,4.2979
14230.0,17,4.3634,4.4998,4.5859,11.9799,-0.0359,4.2719
14240.0,18,4.3451,4.4800,4.5615,11.9791,-0.0343,4.2536
14250.0,19,4.3268,4.4586,4.5356,11.9808,-0.0359,4.2277
14260.0,20,4.3176,4.4403,4.5249,11.9808,-0.0343,4.2185
14270.0,21,4.3070,4.4357,4.5219,11.9808,-0.0359,4.2170
14280.0,22,4.3024,4.4342,4.5234,11.9808,-0.0359,4.2262
14290.0,23,4.3024,4.4449,4.5341,11.9817,-0.0343,4.2368
14300.0,24,4.3131,4.4510,4.5447,11.9817,-0.0343,4.2429
14310.0,25,4.3283,4.4617,4.5493,11.9817,-0.0359,4.2460
14320.0,26,4.3390,4.4647,4.5524,11.9808,-0.0359,4.2506
14330.0,27,4.3390,4.4571,4.5600,11.9808,-0.0343,4.2521
14340.0,28,4.3390,4.4647,4.5646,11.9817,-0.0343,4.2506
14350.0,29,4.3344,4.4678,4.5676,11.9808,-0.0328,4.2521
14360.0,30,4.3299,4.4678,4.5646,11.9808,-0.0343,4.2582
14370.0,31,4.3299,4.4678,4.5646,11.9817,-0.0359,4.2613
14380.0,32,4.3375,4.4678,4.5676,11.9817,-0.0343,4.2613
14390.0,33,4.3436,4.4724,4.5676,11.9808,-0.0343,4.2613
14400.0,34,4.3497,4.4785,4.5707,11.9808,-0.0374,4.2643
14410.0,35,4.3558,4.4800,4.5783,11.9808,-0.0359,4.2704
14420.0,36,4.3558,4.4846,4.5829,11.9808,-0.0343,4.2765
14430.0,37,4.3634,4.4937,4.5890,11.9808,-0.0343,4.2826
14440.0,38,4.3665,4.4998,4.6012,11.9817,-0.0343,4.2887
14450.0,39,4.3711,4.5044,4.6043,11.9817,-0.0359,4.2857
14460.0,40,4.3741,4.5120,4.6043,11.9799,-0.0343,4.2887
14470.0,41,4.3772,4.5166,4.6043,11.9808,-0.0359,4.2979
14480.0,42,4.3848,4.5181,4.6058,11.9808,-0.0343,4.3040
14490.0,43,4.3863,4.5135,4.6104,11.9817,-0.0343,4.3009
14500.0,44,4.3894,4.5135,4.6088,11.9799,-0.0343,4.3070
14510.0,45,4.3909,4.5166,4.6073,11.9808,-0.0343,4.3086
14520.0,46,4.3939,4.5166,4.6043,11.9817,-0.0328,4.3101
14530.0,47,4.4016,4.5227,4.6180,11.9808,-0.0313,4.3147
14540.0,48,4.4077,4.5364,4.6332,11.9808,-0.0313,4.3360
14550.0,49,4.4260,4.5563,4.6516,11.9808,-0.0297,4.3574
14560.0,50,4.4458,4.5792,4.6821,11.9817,-0.0328,4.3757
14570.0,51,4.4702,4.6005,4.7065,11.9808,-0.0297,4.3910
14580.0,52,4.4916,4.6158,4.7217,11.9808,-0.0297,4.4016
14590.0,53,4.5069,4.6310,4.7355,11.9799,-0.0297,4.4184
14600.0,54,4.5206,4.6432,4.7462,11.9808,-0.0282,4.4337
14610.0,55,4.5328,4.6616,4.7599,11.9799,-0.0267,4.4444
14620.0,56,4.5389,4.6722,4.7645,11.9799,-0.0267,4.4474
14630.0,57,4.5420,4.6677,4.7660,11.9817,-0.0252,4.4535
14640.0,58,4.5374,4.6616,4.7614,11.9808,-0.0267,4.4474
14650.0,59,4.5252,4.6509,4.7568,11.9799,-0.0236,4.4337
14660.0,60,4.5084,4.6356,4.7446,11.9817,-0.0236,4.4184
14670.0,61,4.4885,4.6158,4.7202,11.9808,-0.0236,4.3940
14680.0,62,4.4580,4.5929,4.6867,11.9808,-0.0236,4.3635
14690.0,63,4.4306,4.5685,4.6577,11.9817,-0.0252,4.3330
14700.0,64,4.4046,4.5425,4.6271,11.9808,-0.0236,4.3177
14710.0,65,4.3848,4.5273,4.6073,11.9817,-0.0236,4.3055
14720.0,66,4.3772,4.5212,4.5997,11.9808,-0.0236,4.3055
14730.0,67,4.3817,4.5197,4.6027,11.9826,-0.0221,4.3070
14740.0,68,4.3848,4.5212,4.6165,11.9808,-0.0221,4.3116
14750.0,69,4.3985,4.5303,4.6287,11.9808,-0.0236,4.3177
14760.0,70,4.4061,4.5380,4.6363,11.9808,-0.0236,4.3238
14770.0,71,4.4046,4.5410,4.6332,11.9817,-0.0236,4.3253
14780.0,72,4.3955,4.5380,4.6226,11.9808,-0.0236,4.3070
14790.0,73,4.3848,4.5197,4.6058,11.9817,-0.0252,4.2902
14800.0,74,4.3649,4.5029,4.5875,11.9808,-0.0267,4.2704
14810.0,75,4.3512,4.4815,4.5661,11.9808,-0.0252,4.2597
14820.0,76,4.3344,4.4678,4.5493,11.9817,-0.0252,4.2490
14830.0,77,4.3131,4.4556,4.5310,11.9817,-0.0267,4.2338
14840.0,78,4.2688,4.4144,4.4746,11.9808,-0.0267,4.1804
14850.0,79,4.1788,4.3152,4.3647,11.9826,-0.0252,4.0690
14860.0,80,4.0201,4.1504,4.1755,11.9826,-0.0267,3.8889
14870.0,81,3.7927,3.9185,3.9054,11.9834,-0.0267,3.6448
14880.0,82,3.5120,3.6301,3.5834,11.9843,-0.0282,3.3473
14890.0,83,3.1961,3.3020,3.2371,11.9860,-0.0282,3.0238
14900.0,84,2.8711,2.9709,2.8876,11.9878,-0.0267,2.7049
14910.0,85,2.5675,2.6672,2.5809,11.9886,-0.0282,2.4226
14920.0,86,2.3035,2.4155,2.3322,11.9904,-0.0297,2.1952
14930.0,87,2.1021,2.2125,2.1552,11.9913,-0.0297,2.0258
14940.0,88,1.9525,2.0660,2.0240,11.9921,-0.0297,1.9022
14950.0,89,1.8305,1.9394,1.9080,11.9930,-0.0282,1.7939
14960.0,90,1.7099,1.8250,1.7921,11.9956,-0.0297,1.6856
14970.0,91,1.5894,1.7014,1.6624,11.9973,-0.0297,1.5711
14980.0,92,1.4627,1.5656,1.5296,11.9973,-0.0282,1.4430
14990.0,93,1.3330,1.4313,1.3847,11.9982,-0.0297,1.3056
15000.0,94,1.2094,1.2924,1.2443,12.0000,-0.0282,1.1698
15010.0,95,1.0843,1.1642,1.1161,12.0026,-0.0282,1.0478
15020.0,96,0.9744,1.0468,1.0017,12.0026,-0.0282,0.9486
15030.0,97,0.8753,0.9384,0.8994,12.0034,-0.0282,0.8570
15040.0,98,0.7837,0.8408,0.8140,12.0052,-0.0267,0.7746
15050.0,99,0.7028,0.7584,0.7423,12.0060,-0.0252,0.7014
15060.0,100,0.6357,0.6912,0.6690,12.0078,-0.0221,0.6373
15070.0,101,0.5869,0.6378,0.6156,12.0069,-0.0221,0.5915
15080.0,102,0.5594,0.5981,0.5881,12.0069,-0.0221,0.5610
15090.0,103,0.5426,0.5768,0.5790,12.0087,-0.0236,0.5503
15100.0,104,0.5533,0.5829,0.5958,12.0095,-0.0206,0.5671
15110.0,105,0.5914,0.6210,0.6415,12.0078,-0.0191,0.6083
15120.0,106,0.6601,0.6882,0.7194,12.0087,-0.0206,0.6815
15130.0,107,0.7501,0.7812,0.8186,12.0095,-0.0191,0.7807
15140.0,108,0.8646,0.8865,0.9391,12.0087,-0.0191,0.8952
15150.0,109,0.9714,0.9903,1.0581,12.0087,-0.0175,1.0005
15160.0,110,1.0568,1.0712,1.1497,12.0078,-0.0160,1.0706
15170.0,111,1.1164,1.1337,1.1970,12.0095,-0.0145,1.1149
15180.0,112,1.1530,1.1734,1.2214,12.0095,-0.0160,1.1424
15190.0,113,1.1759,1.1902,1.2305,12.0095,-0.0145,1.1530
15200.0,114,1.1774,1.1948,1.2168,12.0087,-0.0160,1.1530
15210.0,115,1.1804,1.2024,1.2199,12.0087,-0.0145,1.1530
15220.0,116,1.2140,1.2436,1.2763,12.0095,-0.0130,1.2034
15230.0,117,1.3147,1.3443,1.4091,12.0095,-0.0145,1.3224
15240.0,118,1.4978,1.5335,1.6395,12.0078,-0.0145,1.5269
15250.0,119,1.7740,1.8188,1.9660,12.0069,-0.0145,1.8290
15260.0,120,2.1265,2.1790,2.3643,12.0069,-0.0160,2.1998
15270.0,121,2.5064,2.5558,2.7686,12.0052,-0.0145,2.5782
15280.0,122,2.8467,2.8961,3.1043,12.0017,-0.0160,2.8941
15290.0,123,3.0985,3.1433,3.3347,12.0026,-0.0160,3.1153
15300.0,124,3.2511,3.2944,3.4522,12.0017,-0.0160,3.2221
15310.0,125,3.3182,3.3463,3.4797,12.0008,-0.0191,3.2435
15320.0,126,3.3274,3.3569,3.4614,12.0000,-0.0175,3.2298
15330.0,127,3.3121,3.3508,3.4354,11.9991,-0.0175,3.2099
15340.0,128,3.3029,3.3569,3.4370,11.9982,-0.0191,3.2099
15350.0,129,3.3289,3.3951,3.4827,11.9991,-0.0191,3.2496
15360.0,130,3.3808,3.4561,3.5575,11.9973,-0.0191,3.3122
15370.0,131,3.4342,3.5172,3.6216,11.9965,-0.0206,3.3732
15380.0,132,3.4693,3.5522,3.6521,11.9956,-0.0221,3.4022
15390.0,133,3.4784,3.5568,3.6506,11.9956,-0.0221,3.3961
15400.0,134,3.4616,3.5400,3.6246,11.9947,-0.0236,3.3762
15410.0,135,3.4342,3.5233,3.5957,11.9947,-0.0267,3.3488
15420.0,136,3.4021,3.4958,3.5514,11.9939,-0.0236,3.3122
15430.0,137,3.3777,3.4698,3.5300,11.9939,-0.0252,3.2954
15440.0,138,3.3945,3.4973,3.5743,11.9939,-0.0252,3.3274
15450.0,139,3.4845,3.5934,3.7009,11.9939,-0.0267,3.4373
15460.0,140,3.6569,3.7689,3.9085,11.9930,-0.0282,3.6326
15470.0,141,3.8965,4.0115,4.1892,11.9913,-0.0267,3.8935
15480.0,142,4.1879,4.3015,4.5097,11.9913,-0.0282,4.1911
15490.0,143,4.4931,4.6036,4.8331,11.9895,-0.0282,4.5023
15500.0,144,4.7968,4.9011,5.1383,11.9878,-0.0297,4.7923
15510.0,145,5.0607,5.1620,5.3977,11.9869,-0.0282,5.0288
15520.0,146,5.2713,5.3726,5.5946,11.9860,-0.0297,5.2149
15530.0,147,5.4224,5.5176,5.7273,11.9852,-0.0313,5.3446
15540.0,148,5.5109,5.6152,5.8036,11.9843,-0.0313,5.4148
15550.0,149,5.5490,5.6580,5.8295,11.9834,-0.0313,5.4331
15560.0,150,5.5506,5.6641,5.8112,11.9834,-0.0313,5.4148
15570.0,151,5.5155,5.6335,5.7548,11.9826,-0.0313,5.3645
15580.0,152,5.4544,5.5847,5.6831,11.9826,-0.0313,5.3004
15590.0,153,5.3797,5.5206,5.6083,11.9826,-0.0313,5.2302
15600.0,154,5.3049,5.4535,5.5305,11.9799,-0.0328,5.1600
15610.0,155,5.2362,5.3833,5.4557,11.9808,-0.0313,5.0944
15620.0,156,5.1691,5.3162,5.3947,11.9808,-0.0313,5.0257
15630.0,157,5.1065,5.2582,5.3397,11.9817,-0.0328,4.9662
15640.0,158,5.0516,5.2094,5.2970,11.9799,-0.0328,4.9265
15650.0,159,5.0012,5.1620,5.2573,11.9817,-0.0328,4.8914
15660.0,160,4.9661,5.1178,5.2131,11.9826,-0.0328,4.8563
15670.0,161,4.9295,5.0797,5.1734,11.9817,-0.0343,4.8213
15680.0,162,4.8960,5.0430,5.1383,11.9808,-0.0343,4.7846
15690.0,163,4.8593,5.0034,5.1063,11.9808,-0.0343,4.7541
15700.0,164,4.8227,4.9683,5.0696,11.9826,-0.0343,4.7236
15710.0,165,4.7846,4.9332,5.0300,11.9834,-0.0328,4.6916
15720.0,166,4.7556,4.9026,4.9918,11.9817,-0.0328,4.6641
15730.0,167,4.7251,4.8706,4.9537,11.9817,-0.0359,4.6244
15740.0,168,4.6961,4.8355,4.9247,11.9817,-0.0359,4.5893
15750.0,169,4.6625,4.8004,4.8957,11.9826,-0.0359,4.5542
15760.0,170,4.6274,4.7714,4.8621,11.9826,-0.0343,4.5268
15770.0,171,4.5984,4.7470,4.8408,11.9817,-0.0343,4.5054
15780.0,172,4.5770,4.7211,4.8179,11.9826,-0.0343,4.4840
15790.0,173,4.5587,4.6997,4.7996,11.9834,-0.0343,4.4657
15800.0,174,4.5420,4.6860,4.7828,11.9826,-0.0343,4.4474
15810.0,175,4.5313,4.6722,4.7675,11.9826,-0.0343,4.4337
15820.0,176,4.5175,4.6616,4.7568,11.9817,-0.0328,4.4230
15830.0,177,4.5069,4.6509,4.7431,11.9817,-0.0343,4.4184
15840.0,178,4.5008,4.6371,4.7355,11.9834,-0.0359,4.4169
15850.0,179,4.4946,4.6280,4.7263,11.9817,-0.0343,4.4154
15860.0,180,4.4916,4.6280,4.7248,11.9826,-0.0359,4.4138
15870.0,181,4.4901,4.6310,4.7263,11.9808,-0.0359,4.4154
15880.0,182,4.4916,4.6280,4.7279,11.9808,-0.0359,4.4184
15890.0,183,4.4992,4.6310,4.7324,11.9817,-0.0359,4.4199
15900.0,184,4.5038,4.6387,4.7416,11.9826,-0.0359,4.4184
15910.0,185,4.5114,4.6463,4.7523,11.9826,-0.0359,4.4276
15920.0,186,4.5160,4.6631,4.7553,11.9817,-0.0359,4.4337
15930.0,187,4.5191,4.6646,4.7553,11.9799,-0.0389,4.4398
15940.0,188,4.5206,4.6616,4.7568,11.9817,-0.0359,4.4428
15950.0,189,4.5191,4.6600,4.7553,11.9808,-0.0343,4.4444
15960.0,190,4.5145,4.6661,4.7553,11.9817,-0.0343,4.4444
15970.0,191,4.5099,4.6646,4.7507,11.9817,-0.0359,4.4367
15980.0,192,4.5084,4.6570,4.7446,11.9826,-0.0343,4.4306
15990.0,193,4.5038,4.6494,4.7385,11.9808,-0.0359,4.4215
16000.0,194,4.5053,4.6463,4.7370,11.9817,-0.0374,4.4199
16010.0,195,4.5084,4.6448,4.7340,11.9817,-0.0389,4.4199
16020.0,196,4.5145,4.6463,4.7340,11.9817,-0.0359,4.4230
16030.0,197,4.5099,4.6417,4.7324,11.9817,-0.0343,4.4169
16040.0,198,4.4977,4.6310,4.7248,11.9808,-0.0359,4.4047
16050.0,199,4.4885,4.6188,4.7095,11.9817,-0.0374,4.3910
16060.0,200,4.4687,4.6051,4.6912,11.9817,-0.0359,4.3757
16070.0,201,4.4504,4.5868,4.6714,11.9817,-0.0359,4.3574
16080.0,202,4.4260,4.5624,4.6485,11.9826,-0.0374,4.3375
16090.0,203,4.3985,4.5395,4.6287,11.9817,-0.0343,4.3192
16100.0,204,4.3772,4.5197,4.6012,11.9817,-0.0359,4.3009
16110.0,205,4.3573,4.5013,4.5814,11.9817,-0.0359,4.2796
16120.0,206,4.3421,4.4876,4.5615,11.9834,-0.0359,4.2643
16130.0,207,4.3344,4.4754,4.5539,11.9817,-0.0343,4.2567
16140.0,208,4.3283,4.4678,4.5539,11.9817,-0.0359,4.2567
16150.0,209,4.3253,4.4647,4.5570,11.9817,-0.0343,4.2567
16160.0,210,4.3253,4.4678,4.5554,11.9826,-0.0343,4.2536
16170.0,211,4.3268,4.4678,4.5554,11.9817,-0.0328,4.2521
16180.0,212,4.3329,4.4693,4.5509,11.9817,-0.0313,4.2536
16190.0,213,4.3390,4.4739,4.5615,11.9817,-0.0328,4.2613
16200.0,214,4.3405,4.4739,4.5753,11.9817,-0.0343,4.2704
16210.0,215,4.3527,4.4830,4.5829,11.9817,-0.0328,4.2719
16220.0,216,4.3649,4.4891,4.5890,11.9817,-0.0328,4.2735
16230.0,217,4.3665,4.4907,4.5875,11.9817,-0.0343,4.2704
16240.0,218,4.3680,4.4952,4.5814,11.9826,-0.0359,4.2719
16250.0,219,4.3680,4.5044,4.5859,11.9817,-0.0343,4.2780
16260.0,220,4.3741,4.5135,4.6027,11.9808,-0.0359,4.2948
16270.0,221,4.3863,4.5197,4.6256,11.9808,-0.0343,4.3086
16280.0,222,4.4061,4.5364,4.6470,11.9817,-0.0343,4.3269
16290.0,223,4.4229,4.5502,4.6668,11.9817,-0.0343,4.3421
16300.0,224,4.4351,4.5639,4.6729,11.9808,-0.0359,4.3574
16310.0,225,4.4397,4.5670,4.6744,11.9817,-0.0343,4.3589
16320.0,226,4.4336,4.5593,4.6668,11.9799,-0.0343,4.3437
16330.0,227,4.4229,4.5456,4.6470,11.9817,-0.0343,4.3269
16340.0,228,4.4092,4.5258,4.6287,11.9817,-0.0359,4.3086
16350.0,229,4.3939,4.5120,4.6073,11.9817,-0.0359,4.2918
16360.0,230,4.3741,4.5013,4.5920,11.9817,-0.0343,4.2750
16370.0,231,4.3619,4.4922,4.5829,11.9808,-0.0343,4.2750
16380.0,232,4.3604,4.4952,4.5783,11.9808,-0.0359,4.2811
16390.0,233,4.3604,4.4998,4.5829,11.9808,-0.0374,4.2811
16400.0,234,4.3695,4.5059,4.5920,11.9817,-0.0359,4.2918
16410.0,235,4.3772,4.5166,4.6058,11.9826,-0.0359,4.2994
16420.0,236,4.3833,4.5319,4.6210,11.9799,-0.0328,4.3131
16430.0,237,4.3909,4.5349,4.6287,11.9808,-0.0343,4.3208
16440.0,238,4.4000,4.5395,4.6409,11.9808,-0.0343,4.3238
16450.0,239,4.4092,4.5486,4.6531,11.9808,-0.0343,4.3360
16460.0,240,4.4199,4.5547,4.6638,11.9808,-0.0328,4.3437
16470.0,241,4.4290,4.5639,4.6653,11.9817,-0.0343,4.3543
16480.0,242,4.4336,4.5700,4.6714,11.9808,-0.0328,4.3543
16490.0,243,4.4321,4.5685,4.6790,11.9799,-0.0343,4.3513
16500.0,244,4.4367,4.5685,4.6744,11.9808,-0.0359,4.3482
16510.0,245,4.4367,4.5639,4.6653,11.9808,-0.0343,4.3467
16520.0,246,4.4290,4.5639,4.6577,11.9817,-0.0328,4.3452
16530.0,247,4.4199,4.5593,4.6516,11.9817,-0.0343,4.3437
16540.0,248,4.4123,4.5532,4.6394,11.9808,-0.0343,4.3375
16550.0,249,4.4077,4.5502,4.6317,11.9808,-0.0389,4.3345
16560.0,250,4.4077,4.5486,4.6317,11.9817,-0.0359,4.3253
16570.0,251,4.4061,4.5456,4.6317,11.9808,-0.0343,4.3208
16580.0,252,4.4046,4.5456,4.6256,11.9817,-0.0359,4.3253
16590.0,253,4.4061,4.5471,4.6317,11.9808,-0.0343,4.3299
16600.0,254,4.4153,4.5532,4.6439,11.9799,-0.0343,4.3314
16610.0,255,4.4245,4.5624,4.6577,11.9808,-0.0359,4.3437
16620.0,0,4.4321,4.5761,4.6790,11.9808,-0.0359,4.3635
16630.0,1,4.4519,4.5944,4.6958,11.9808,-0.0359,4.3818
16640.0,2,4.4779,4.6143,4.7187,11.9808,-0.0343,4.4001
16650.0,3,4.4946,4.6341,4.7401,11.9799,-0.0343,4.4215
16660.0,4,4.5145,4.6524,4.7599,11.9799,-0.0359,4.4352
16670.0,5,4.5267,4.6692,4.7752,11.9799,-0.0359,4.4474
16680.0,6,4.5389,4.6738,4.7797,11.9799,-0.0359,4.4581
16690.0,7,4.5420,4.6768,4.7828,11.9808,-0.0343,4.4627
16700.0,8,4.5435,4.6722,4.7797,11.9799,-0.0343,4.4627
16710.0,9,4.5404,4.6646,4.7767,11.9808,-0.0343,4.4566
16720.0,10,4.5374,4.6616,4.7660,11.9791,-0.0328,4.4459
16730.0,11,4.5297,4.6524,4.7492,11.9799,-0.0359,4.4352
16740.0,12,4.5160,4.6356,4.7324,11.9791,-0.0343,4.4138
16750.0,13,4.4931,4.6127,4.7126,11.9791,-0.0343,4.3833
16760.0,14,4.4611,4.5822,4.6851,11.9791,-0.0343,4.3574
16770.0,15,4.4290,4.5639,4.6577,11.9799,-0.0359,4.3330
16780.0,16,4.4031,4.5380,4.6287,11.9799,-0.0374,4.3101
16790.0,17,4.3787,4.5135,4.6012,11.9808,-0.0389,4.2887
16800.0,18,4.3588,4.4937,4.5798,11.9799,-0.0374,4.2689
16810.0,19,4.3375,4.4739,4.5585,11.9808,-0.0389,4.2506
16820.0,20,4.3161,4.4586,4.5447,11.9808,-0.0374,4.2399
16830.0,21,4.2978,4.4464,4.5341,11.9808,-0.0404,4.2323
16840.0,22,4.2841,4.4327,4.5264,11.9808,-0.0404,4.2201
16850.0,23,4.2826,4.4235,4.5188,11.9808,-0.0420,4.2155
16860.0,24,4.2795,4.4174,4.5097,11.9808,-0.0420,4.2078
16870.0,25,4.2764,4.4128,4.5051,11.9808,-0.0404,4.2002
16880.0,26,4.2795,4.4159,4.5081,11.9808,-0.0435,4.2002
16890.0,27,4.2841,4.4250,4.5142,11.9799,-0.0435,4.2094
16900.0,28,4.2948,4.4388,4.5249,11.9799,-0.0450,4.2185
16910.0,29,4.3039,4.4418,4.5417,11.9808,-0.0450,4.2307
16920.0,30,4.3192,4.4525,4.5554,11.9799,-0.0481,4.2445
16930.0,31,4.3237,4.4601,4.5585,11.9808,-0.0465,4.2521
16940.0,32,4.3283,4.4571,4.5539,11.9817,-0.0481,4.2506
16950.0,33,4.3268,4.4510,4.5478,11.9799,-0.0465,4.2475
16960.0,34,4.3192,4.4479,4.5432,11.9817,-0.0465,4.2429
16970.0,35,4.3146,4.4464,4.5402,11.9817,-0.0481,4.2353
16980.0,36,4.3131,4.4479,4.5371,11.9808,-0.0496,4.2323
16990.0,37,4.3146,4.4479,4.5325,11.9799,-0.0496,4.2323
17000.0,38,4.3115,4.4464,4.5402,11.9799,-0.0511,4.2292
17010.0,39,4.3054,4.4434,4.5417,11.9808,-0.0526,4.2246
17020.0,40,4.3009,4.4418,4.5417,11.9808,-0.0511,4.2262
17030.0,41,4.3009,4.4403,4.5402,11.9808,-0.0526,4.2323
17040.0,42,4.3085,4.4373,4.5356,11.9808,-0.0511,4.2338
17050.0,43,4.3100,4.4312,4.5310,11.9799,-0.0511,4.2292
17060.0,44,4.3085,4.4281,4.5234,11.9817,-0.0511,4.2262
17070.0,45,4.3039,4.4266,4.5142,11.9826,-0.0511,4.2170
17080.0,46,4.2932,4.4235,4.5066,11.9808,-0.0511,4.2170
17090.0,47,4.2902,4.4235,4.5127,11.9808,-0.0511,4.2185
17100.0,48,4.2917,4.4235,4.5142,11.9817,-0.0526,4.2216
17110.0,49,4.2993,4.4342,4.5249,11.9799,-0.0526,4.2307
17120.0,50,4.3070,4.4464,4.5386,11.9799,-0.0526,4.2414
17130.0,51,4.3253,4.4693,4.5615,11.9799,-0.0511,4.2536
17140.0,52,4.3451,4.4922,4.5829,11.9808,-0.0526,4.2704
17150.0,53,4.3695,4.5074,4.5997,11.9808,-0.0542,4.2933
17160.0,54,4.3909,4.5212,4.6226,11.9808,-0.0526,4.3101
17170.0,55,4.4061,4.5349,4.6424,11.9799,-0.0526,4.3284
17180.0,56,4.4199,4.5425,4.6531,11.9799,-0.0526,4.3391
17190.0,57,4.4321,4.5517,4.6577,11.9791,-0.0542,4.3482
17200.0,58,4.4397,4.5624,4.6622,11.9791,-0.0557,4.3559
17210.0,59,4.4428,4.5685,4.6622,11.9791,-0.0542,4.3589
17220.0,60,4.4428,4.5685,4.6653,11.9808,-0.0542,4.3559
17230.0,61,4.4397,4.5700,4.6699,11.9799,-0.0526,4.3528
17240.0,62,4.4336,4.5654,4.6668,11.9799,-0.0526,4.3467
17250.0,63,4.4306,4.5609,4.6653,11.9799,-0.0542,4.3452
17260.0,64,4.4275,4.5532,4.6607,11.9817,-0.0542,4.3467
17270.0,65,4.4214,4.5502,4.6516,11.9799,-0.0557,4.3391
17280.0,66,4.4123,4.5517,4.6485,11.9791,-0.0542,4.3375
17290.0,67,4.4107,4.5547,4.6470,11.9791,-0.0542,4.3330
17300.0,68,4.4107,4.5486,4.6439,11.9799,-0.0542,4.3360
17310.0,69,4.4061,4.5395,4.6409,11.9791,-0.0557,4.3269
17320.0,70,4.4031,4.5364,4.6302,11.9799,-0.0542,4.3116
17330.0,71,4.3909,4.5242,4.6180,11.9808,-0.0526,4.2964
17340.0,72,4.3665,4.4998,4.5905,11.9791,-0.0557,4.2689
17350.0,73,4.3390,4.4739,4.5509,11.9799,-0.0557,4.2368
17360.0,74,4.3070,4.4418,4.5203,11.9799,-0.0557,4.2094
17370.0,75,4.2780,4.4159,4.5005,11.9799,-0.0542,4.1895
17380.0,76,4.2581,4.3976,4.4837,11.9799,-0.0542,4.1773
17390.0,77,4.2475,4.3869,4.4669,11.9799,-0.0557,4.1667
17400.0,78,4.2475,4.3777,4.4608,11.9799,-0.0557,4.1682
17410.0,79,4.2505,4.3747,4.4593,11.9799,-0.0557,4.1728
17420.0,80,4.2505,4.3762,4.4700,11.9808,-0.0557,4.1834
17430.0,81,4.2597,4.3839,4.4807,11.9817,-0.0557,4.1926
17440.0,82,4.2719,4.3976,4.4944,11.9808,-0.0557,4.1972
17450.0,83,4.2871,4.4113,4.5112,11.9817,-0.0572,4.2078
17460.0,84,4.2963,4.4220,4.5310,11.9808,-0.0572,4.2109
17470.0,85,4.3039,4.4281,4.5417,11.9808,-0.0572,4.2185
17480.0,86,4.3100,4.4388,4.5509,11.9799,-0.0542,4.2323
17490.0,87,4.3176,4.4434,4.5524,11.9799,-0.0542,4.2384
17500.0,88,4.3253,4.4510,4.5554,11.9799,-0.0557,4.2490
17510.0,89,4.3329,4.4525,4.5615,11.9799,-0.0557,4.2536
17520.0,90,4.3344,4.4601,4.5661,11.9791,-0.0557,4.2536
17530.0,91,4.3344,4.4678,4.5692,11.9808,-0.0557,4.2597
17540.0,92,4.3360,4.4708,4.5631,11.9799,-0.0557,4.2613
17550.0,93,4.3360,4.4647,4.5600,11.9799,-0.0557,4.2582
17560.0,94,4.3314,4.4617,4.5600,11.9791,-0.0557,4.2628
17570.0,95,4.3299,4.4617,4.5585,11.9799,-0.0542,4.2628
17580.0,96,4.3283,4.4632,4.5585,11.9799,-0.0557,4.2658
17590.0,97,4.3329,4.4693,4.5600,11.9799,-0.0542,4.2613
17600.0,98,4.3344,4.4693,4.5646,11.9791,-0.0557,4.2613
17610.0,99,4.3390,4.4678,4.5646,11.9791,-0.0557,4.2613
17620.0,100,4.3512,4.4785,4.5737,11.9799,-0.0526,4.2658
17630.0,101,4.3665,4.4937,4.5920,11.9808,-0.0542,4.2811
17640.0,102,4.3909,4.5166,4.6165,11.9782,-0.0542,4.3086
17650.0,103,4.4107,4.5349,4.6455,11.9791,-0.0542,4.3330
17660.0,104,4.4367,4.5578,4.6683,11.9782,-0.0526,4.3559
17670.0,105,4.4550,4.5807,4.6928,11.9782,-0.0526,4.3818
17680.0,106,4.4733,4.5975,4.7080,11.9791,-0.0526,4.3879
17690.0,107,4.4809,4.6066,4.7187,11.9791,-0.0511,4.3955
17700.0,108,4.4840,4.6143,4.7248,11.9791,-0.0511,4.3940
17710.0,109,4.4870,4.6143,4.7248,11.9791,-0.0496,4.3925
17720.0,110,4.4885,4.6173,4.7202,11.9791,-0.0511,4.3940
17730.0,111,4.4855,4.6158,4.7111,11.9791,-0.0496,4.3971
17740.0,112,4.4779,4.6097,4.7004,11.9799,-0.0496,4.3910
17750.0,113,4.4641,4.5990,4.6821,11.9791,-0.0511,4.3726
17760.0,114,4.4092,4.5517,4.6104,11.9791,-0.0496,4.3131
17770.0,115,4.2978,4.4418,4.4730,11.9799,-0.0496,4.1850
17780.0,116,4.1178,4.2480,4.2594,11.9791,-0.0496,3.9835
17790.0,117,3.8675,3.9795,3.9695,11.9808,-0.0496,3.7104
17800.0,118,3.5593,3.6652,3.6262,11.9808,-0.0465,3.3900
17810.0,119,3.2160,3.3295,3.2539,11.9826,-0.0481,3.0512
17820.0,120,2.8696,2.9953,2.9044,11.9852,-0.0465,2.7216
17830.0,121,2.5583,2.6855,2.5947,11.9852,-0.0465,2.4317
17840.0,122,2.3050,2.4353,2.3505,11.9852,-0.0450,2.1983
17850.0,123,2.1128,2.2385,2.1705,11.9869,-0.0435,2.0274
17860.0,124,1.9617,2.0828,2.0377,11.9895,-0.0450,1.8946
17870.0,125,1.8335,1.9455,1.9096,11.9904,-0.0481,1.7771
17880.0,126,1.7084,1.8173,1.7799,11.9921,-0.0465,1.6566
17890.0,127,1.5741,1.6800,1.6441,11.9921,-0.0465,1.5345
17900.0,128,1.4414,1.5381,1.4991,11.9947,-0.0465,1.4048
17910.0,129,1.3025,1.3962,1.3526,11.9956,-0.0435,1.2660
17920.0,130,1.1698,1.2573,1.2138,11.9973,-0.0450,1.1317
17930.0,131,1.0553,1.1261,1.0871,11.9982,-0.0435,1.0172
17940.0,132,0.9470,1.0101,0.9788,12.0008,-0.0450,0.9196
17950.0,133,0.8478,0.9048,0.8857,12.0008,-0.0450,0.8296
17960.0,134,0.7593,0.8072,0.7926,12.0017,-0.0435,0.7548
17970.0,135,0.6784,0.7355,0.7087,12.0034,-0.0435,0.6800
17980.0,136,0.6174,0.6699,0.6446,12.0034,-0.0435,0.6144
17990.0,137,0.5731,0.6149,0.6003,12.0060,-0.0420,0.5625
18000.0,138,0.5457,0.5783,0.5637,12.0052,-0.0389,0.5335
18010.0,139,0.5304,0.5554,0.5561,12.0069,-0.0404,0.5244
18020.0,140,0.5426,0.5676,0.5744,12.0060,-0.0389,0.5427
18030.0,141,0.5762,0.6073,0.6263,12.0069,-0.0389,0.5930
18040.0,142,0.6388,0.6775,0.7072,12.0060,-0.0420,0.6709
18050.0,143,0.7303,0.7736,0.8140,12.0069,-0.0404,0.7685
18060.0,144,0.8402,0.8835,0.9284,12.0069,-0.0404,0.8769
18070.0,145,0.9394,0.9750,1.0215,12.0069,-0.0374,0.9699
18080.0,146,1.0141,1.0437,1.0856,12.0069,-0.0389,1.0249
18090.0,147,1.0614,1.0910,1.1237,12.0078,-0.0389,1.0508
18100.0,148,1.0904,1.1139,1.1420,12.0069,-0.0389,1.0706
18110.0,149,1.1102,1.1230,1.1481,12.0078,-0.0389,1.0813
18120.0,150,1.1133,1.1261,1.1542,12.0069,-0.0343,1.0813
18130.0,151,1.1270,1.1520,1.1893,12.0069,-0.0359,1.1042
18140.0,152,1.1972,1.2207,1.2778,12.0060,-0.0359,1.1897
18150.0,153,1.3407,1.3718,1.4503,12.0060,-0.0328,1.3590
18160.0,154,1.5726,1.6113,1.7280,12.0043,-0.0343,1.6169
18170.0,155,1.8961,1.9485,2.1049,12.0034,-0.0328,1.9679
18180.0,156,2.2791,2.3315,2.5306,12.0026,-0.0328,2.3615
18190.0,157,2.6560,2.6932,2.9166,12.0008,-0.0313,2.7262
18200.0,158,2.9703,2.9953,3.2203,11.9991,-0.0297,3.0070
18210.0,159,3.1854,3.2013,3.4049,11.9982,-0.0297,3.1779
18220.0,160,3.2907,3.3127,3.4782,11.9991,-0.0267,3.2465
18230.0,161,3.3182,3.3478,3.4736,11.9965,-0.0236,3.2435
18240.0,162,3.3136,3.3478,3.4537,11.9973,-0.0236,3.2176
18250.0,163,3.3029,3.3493,3.4415,11.9947,-0.0252,3.2053
18260.0,164,3.3151,3.3722,3.4644,11.9956,-0.0236,3.2328
18270.0,165,3.3594,3.4271,3.5239,11.9939,-0.0221,3.2969
18280.0,166,3.4235,3.5004,3.6002,11.9930,-0.0221,3.3732
18290.0,167,3.4845,3.5706,3.6658,11.9939,-0.0221,3.4251
18300.0,168,3.5211,3.6087,3.6994,11.9921,-0.0206,3.4525
18310.0,169,3.5257,3.6163,3.6994,11.9913,-0.0191,3.4495
18320.0,170,3.5135,3.5995,3.6811,11.9904,-0.0175,3.4312
18330.0,171,3.4876,3.5812,3.6521,11.9913,-0.0175,3.4068
18340.0,172,3.4586,3.5583,3.6246,11.9895,-0.0145,3.3808
18350.0,173,3.4448,3.5492,3.6246,11.9895,-0.0160,3.3732
18360.0,174,3.4845,3.5934,3.6903,11.9895,-0.0160,3.4327
18370.0,175,3.6066,3.7170,3.8428,11.9878,-0.0145,3.5700
18380.0,176,3.8050,3.9185,4.0763,11.9869,-0.0160,3.7837
18390.0,177,4.0628,4.1779,4.3647,11.9869,-0.0145,4.0629
18400.0,178,4.3588,4.4708,4.6867,11.9852,-0.0145,4.3665
18410.0,179,4.6549,4.7699,4.9964,11.9852,-0.0160,4.6626
18420.0,180,4.9356,5.0491,5.2756,11.9834,-0.0160,4.9204
18430.0,181,5.1721,5.2841,5.5061,11.9817,-0.0160,5.1325
18440.0,182,5.3507,5.4672,5.6708,11.9808,-0.0175,5.2882
18450.0,183,5.4682,5.5893,5.7777,11.9791,-0.0206,5.3858
18460.0,184,5.5277,5.6580,5.8250,11.9773,-0.0191,5.4270
18470.0,185,5.5490,5.6717,5.8250,11.9773,-0.0191,5.4255
18480.0,186,5.5399,5.6534,5.7899,11.9765,-0.0206,5.3980
18490.0,187,5.4987,5.6213,5.7426,11.9765,-0.0206,5.3523
18500.0,188,5.4437,5.5725,5.6739,11.9765,-0.0221,5.2973
18510.0,189,5.3812,5.5176,5.5976,11.9765,-0.0221,5.2348
18520.0,190,5.3125,5.4581,5.5289,11.9756,-0.0236,5.1707
18530.0,191,5.2378,5.3909,5.4587,11.9765,-0.0267,5.1066
18540.0,192,5.1599,5.3223,5.3977,11.9756,-0.0252,5.0425
18550.0,193,5.0943,5.2582,5.3428,11.9765,-0.0252,4.9799
18560.0,194,5.0394,5.2002,5.2894,11.9765,-0.0267,4.9296
18570.0,195,4.9921,5.1483,5.2344,11.9765,-0.0267,4.8853
18580.0,196,4.9539,5.1056,5.1917,11.9747,-0.0267,4.8457
18590.0,197,4.9173,5.0659,5.1475,11.9765,-0.0297,4.8060
18600.0,198,4.8776,5.0232,5.1093,11.9765,-0.0297,4.7663
18610.0,199,4.8395,4.9820,5.0696,11.9765,-0.0297,4.7236
18620.0,200,4.7937,4.9377,5.0285,11.9765,-0.0297,4.6824
18630.0,201,4.7556,4.8904,4.9827,11.9773,-0.0297,4.6381
18640.0,202,4.7067,4.8523,4.9384,11.9765,-0.0297,4.5954
18650.0,203,4.6610,4.8111,4.9003,11.9773,-0.0297,4.5588
18660.0,204,4.6167,4.7729,4.8576,11.9773,-0.0313,4.5252
18670.0,205,4.5847,4.7394,4.8225,11.9773,-0.0313,4.4947
18680.0,206,4.5526,4.7089,4.7858,11.9773,-0.0343,4.4596
18690.0,207,4.5282,4.6738,4.7584,11.9773,-0.0328,4.4306
18700.0,208,4.4962,4.6402,4.7233,11.9782,-0.0328,4.4047
18710.0,209,4.4702,4.6127,4.6973,11.9782,-0.0328,4.3818
18720.0,210,4.4519,4.5944,4.6851,11.9773,-0.0328,4.3665
18730.0,211,4.4428,4.5837,4.6760,11.9773,-0.0343,4.3589
18740.0,212,4.4382,4.5837,4.6744,11.9782,-0.0313,4.3574
18750.0,213,4.4412,4.5883,4.6821,11.9765,-0.0328,4.3681
18760.0,214,4.4489,4.5944,4.6958,11.9782,-0.0328,4.3818
18770.0,215,4.4596,4.6066,4.7080,11.9773,-0.0328,4.3955
18780.0,216,4.4794,4.6188,4.7294,11.9773,-0.0343,4.4123
18790.0,217,4.4962,4.6356,4.7477,11.9765,-0.0343,4.4245
18800.0,218,4.5099,4.6448,4.7568,11.9756,-0.0343,4.4322
18810.0,219,4.5175,4.6555,4.7660,11.9765,-0.0328,4.4413
18820.0,220,4.5252,4.6661,4.7706,11.9765,-0.0343,4.4535
18830.0,221,4.5358,4.6692,4.7721,11.9765,-0.0359,4.4611
18840.0,222,4.5450,4.6753,4.7721,11.9765,-0.0328,4.4657
18850.0,223,4.5511,4.6829,4.7828,11.9765,-0.0343,4.4642
18860.0,224,4.5633,4.6921,4.7950,11.9756,-0.0328,4.4688
18870.0,225,4.5709,4.6967,4.8011,11.9756,-0.0343,4.4734
18880.0,226,4.5725,4.7043,4.8072,11.9756,-0.0328,4.4871
18890.0,227,4.5709,4.7058,4.8011,11.9756,-0.0343,4.4871
18900.0,228,4.5633,4.6982,4.7980,11.9756,-0.0359,4.4749
18910.0,229,4.5557,4.6890,4.7889,11.9756,-0.0343,4.4566
18920.0,230,4.5389,4.6692,4.7706,11.9756,-0.0343,4.4398
18930.0,231,4.5145,4.6417,4.7385,11.9747,-0.0343,4.4199
18940.0,232,4.4931,4.6249,4.7095,11.9747,-0.0343,4.3955
18950.0,233,4.4687,4.6021,4.6851,11.9756,-0.0359,4.3711
18960.0,234,4.4443,4.5807,4.6653,11.9756,-0.0359,4.3452
18970.0,235,4.4260,4.5578,4.6470,11.9747,-0.0343,4.3284
18980.0,236,4.4153,4.5441,4.6363,11.9756,-0.0328,4.3208
18990.0,237,4.4046,4.5380,4.6241,11.9756,-0.0343,4.3192
19000.0,238,4.3970,4.5319,4.6195,11.9747,-0.0343,4.3162
19010.0,239,4.3955,4.5273,4.6241,11.9756,-0.0328,4.3162
19020.0,240,4.3970,4.5334,4.6302,11.9756,-0.0343,4.3162
19030.0,241,4.4000,4.5334,4.6332,11.9765,-0.0328,4.3162
19040.0,242,4.4046,4.5364,4.6378,11.9756,-0.0313,4.3253
19050.0,243,4.4153,4.5380,4.6363,11.9747,-0.0297,4.3345
19060.0,244,4.4229,4.5456,4.6409,11.9730,-0.0297,4.3467
19070.0,245,4.4275,4.5578,4.6470,11.9747,-0.0282,4.3559
19080.0,246,4.4382,4.5700,4.6577,11.9747,-0.0282,4.3665
19090.0,247,4.4458,4.5822,4.6714,11.9739,-0.0267,4.3757
19100.0,248,4.4611,4.5990,4.6973,11.9756,-0.0252,4.3879
19110.0,249,4.4824,4.6280,4.7263,11.9747,-0.0206,4.4077
19120.0,250,4.5145,4.6509,4.7568,11.9739,-0.0191,4.4367
19130.0,251,4.5450,4.6768,4.7782,11.9747,-0.0191,4.4657
19140.0,252,4.5664,4.6982,4.7980,11.9756,-0.0130,4.4871
19150.0,253,4.5847,4.7165,4.8179,11.9747,-0.0130,4.5023
19160.0,254,4.5954,4.7333,4.8255,11.9747,-0.0069,4.5100
19170.0,255,4.6015,4.7409,4.8347,11.9739,-0.0069,4.5115
19180.0,0,4.6015,4.7379,4.8301,11.9739,-0.0038,4.5084
19190.0,1,4.6015,4.7287,4.8225,11.9739,-0.0008,4.5069
19200.0,2,4.6045,4.7287,4.8225,11.9739,0.0008,4.5084
19210.0,3,4.6060,4.7302,4.8240,11.9739,0.0023,4.5115
19220.0,4,4.6045,4.7363,4.8270,11.9739,0.0069,4.5130
19230.0,5,4.6045,4.7394,4.8270,11.9730,0.0099,4.5115
19240.0,6,4.5999,4.7409,4.8316,11.9739,0.0114,4.5100
19250.0,7,4.5954,4.7379,4.8362,11.9739,0.0145,4.5069
19260.0,8,4.5938,4.7287,4.8316,11.9739,0.0176,4.5054
19270.0,9,4.5877,4.7119,4.8194,11.9739,0.0191,4.4993
19280.0,10,4.5740,4.7058,4.8057,11.9730,0.0221,4.4917
19290.0,11,4.5603,4.6951,4.7889,11.9730,0.0267,4.4764
19300.0,12,4.5496,4.6829,4.7706,11.9747,0.0313,4.4657
19310.0,13,4.5465,4.6738,4.7629,11.9747,0.0343,4.4581
19320.0,14,4.5450,4.6738,4.7691,11.9739,0.0389,4.4596
19330.0,15,4.5496,4.6844,4.7797,11.9730,0.0404,4.4642
19340.0,16,4.5572,4.6921,4.7858,11.9739,0.0450,4.4749
19350.0,17,4.5618,4.7043,4.7950,11.9747,0.0465,4.4901
19360.0,18,4.5679,4.7089,4.8041,11.9739,0.0496,4.5039
19370.0,19,4.5770,4.7165,4.8057,11.9739,0.0511,4.5100
19380.0,20,4.5816,4.7226,4.8133,11.9721,0.0526,4.5084
19390.0,21,4.5862,4.7211,4.8194,11.9730,0.0588,4.5054
19400.0,22,4.5893,4.7256,4.8194,11.9739,0.0588,4.5069
19410.0,23,4.5923,4.7241,4.8225,11.9730,0.0618,4.5069
19420.0,24,4.5877,4.7211,4.8194,11.9739,0.0649,4.5100
19430.0,25,4.5847,4.7226,4.8301,11.9730,0.0649,4.5100
19440.0,26,4.5847,4.7256,4.8347,11.9739,0.0664,4.5146
19450.0,27,4.5877,4.7226,4.8316,11.9721,0.0710,4.5161
19460.0,28,4.5908,4.7211,4.8316,11.9730,0.0725,4.5130
19470.0,29,4.5862,4.7180,4.8255,11.9713,0.0725,4.5130
19480.0,30,4.5831,4.7150,4.8225,11.9721,0.0740,4.5069
19490.0,31,4.5770,4.7089,4.8194,11.9721,0.0771,4.5023
19500.0,32,4.5725,4.7089,4.8102,11.9730,0.0786,4.4993
19510.0,33,4.5709,4.7058,4.8072,11.9730,0.0771,4.5023
19520.0,34,4.5694,4.7028,4.8011,11.9721,0.0816,4.4978
19530.0,35,4.5694,4.7058,4.8011,11.9713,0.0816,4.4947
19540.0,36,4.5664,4.7028,4.8026,11.9713,0.0832,4.4932
19550.0,37,4.5648,4.7043,4.7996,11.9713,0.0847,4.4886
19560.0,38,4.5618,4.7028,4.7935,11.9721,0.0862,4.4886
19570.0,39,4.5603,4.7073,4.7904,11.9721,0.0862,4.4810
19580.0,40,4.5587,4.7028,4.7828,11.9721,0.0862,4.4795
19590.0,41,4.5526,4.6951,4.7797,11.9721,0.0862,4.4734
19600.0,42,4.5481,4.6875,4.7706,11.9721,0.0877,4.4749
19610.0,43,4.5435,4.6844,4.7614,11.9713,0.0893,4.4642
19620.0,44,4.5358,4.6799,4.7568,11.9721,0.0923,4.4566
19630.0,45,4.5313,4.6799,4.7599,11.9713,0.0893,4.4505
19640.0,46,4.5267,4.6753,4.7599,11.9713,0.0908,4.4474
19650.0,47,4.5221,4.6707,4.7599,11.9704,0.0923,4.4459
19660.0,48,4.5206,4.6631,4.7584,11.9713,0.0923,4.4428
19670.0,49,4.5236,4.6570,4.7568,11.9713,0.0938,4.4383
19680.0,50,4.5236,4.6570,4.7446,11.9721,0.0923,4.4352
19690.0,51,4.5191,4.6616,4.7431,11.9730,0.0923,4.4306
19700.0,52,4.5175,4.6555,4.7370,11.9704,0.0954,4.4215
19710.0,53,4.5069,4.6417,4.7294,11.9713,0.0923,4.4138
19720.0,54,4.5008,4.6295,4.7187,11.9721,0.0938,4.4077
19730.0,55,4.4916,4.6158,4.7080,11.9713,0.0923,4.4016
19740.0,56,4.4748,4.6036,4.6897,11.9713,0.0923,4.3910
19750.0,57,4.4565,4.5914,4.6744,11.9713,0.0923,4.3772
19760.0,58,4.4382,4.5746,4.6592,11.9721,0.0908,4.3650
19770.0,59,4.4229,4.5654,4.6470,11.9713,0.0923,4.3528
19780.0,60,4.4107,4.5532,4.6332,11.9704,0.0908,4.3375
19790.0,61,4.4016,4.5349,4.6195,11.9704,0.0877,4.3208
19800.0,62,4.3909,4.5166,4.6088,11.9713,0.0862,4.3070
19810.0,63,4.3772,4.5029,4.5966,11.9713,0.0862,4.2948
19820.0,64,4.3665,4.4952,4.5829,11.9713,0.0816,4.2857
19830.0,65,4.3543,4.4830,4.5753,11.9721,0.0801,4.2719
19840.0,66,4.3421,4.4739,4.5570,11.9721,0.0771,4.2582
19850.0,67,4.3360,4.4617,4.5524,11.9721,0.0740,4.2429
19860.0,68,4.3329,4.4571,4.5539,11.9713,0.0725,4.2399
19870.0,69,4.3329,4.4556,4.5615,11.9713,0.0710,4.2460
19880.0,70,4.3436,4.4647,4.5768,11.9713,0.0679,4.2582
19890.0,71,4.3634,4.4876,4.6043,11.9713,0.0664,4.2811
19900.0,72,4.3924,4.5181,4.6317,11.9704,0.0649,4.3116
19910.0,73,4.4214,4.5471,4.6607,11.9713,0.0633,4.3421
19920.0,74,4.4473,4.5731,4.6867,11.9704,0.0603,4.3726
19930.0,75,4.4718,4.5959,4.7080,11.9704,0.0618,4.3971
19940.0,76,4.4901,4.6173,4.7233,11.9713,0.0588,4.4138
19950.0,77,4.5008,4.6326,4.7279,11.9704,0.0572,4.4215
19960.0,78,4.5069,4.6432,4.7431,11.9695,0.0557,4.4276
19970.0,79,4.5145,4.6509,4.7446,11.9695,0.0542,4.4306
19980.0,80,4.5114,4.6478,4.7446,11.9695,0.0511,4.4291
19990.0,81,4.5069,4.6494,4.7477,11.9695,0.0511,4.4215
20000.0,82,4.5099,4.6478,4.7416,11.9713,0.0496,4.4199
20010.0,83,4.5099,4.6356,4.7309,11.9713,0.0481,4.4123
20020.0,84,4.4946,4.6219,4.7172,11.9704,0.0496,4.3955
20030.0,85,4.4794,4.6112,4.6989,11.9704,0.0465,4.3772
20040.0,86,4.4657,4.5959,4.6790,11.9704,0.0465,4.3650
20050.0,87,4.4519,4.5883,4.6653,11.9695,0.0465,4.3559
20060.0,88,4.4443,4.5822,4.6592,11.9695,0.0450,4.3589
20070.0,89,4.4412,4.5746,4.6668,11.9686,0.0450,4.3604
20080.0,90,4.4504,4.5792,4.6760,11.9704,0.0435,4.3726
20090.0,91,4.4580,4.5853,4.6912,11.9704,0.0450,4.3864
20100.0,92,4.4657,4.5898,4.7065,11.9704,0.0450,4.3910
20110.0,93,4.4748,4.6021,4.7156,11.9704,0.0435,4.4001
20120.0,94,4.4855,4.6204,4.7279,11.9704,0.0450,4.4062
20130.0,95,4.4977,4.6326,4.7340,11.9704,0.0450,4.4169
20140.0,96,4.5099,4.6402,4.7462,11.9704,0.0450,4.4306
20150.0,97,4.5145,4.6463,4.7553,11.9704,0.0450,4.4383
20160.0,98,4.5175,4.6524,4.7568,11.9704,0.0465,4.4383
20170.0,99,4.5236,4.6631,4.7553,11.9704,0.0450,4.4489
20180.0,100,4.5282,4.6646,4.7584,11.9704,0.0465,4.4428
20190.0,101,4.5282,4.6600,4.7553,11.9704,0.0481,4.4337
20200.0,102,4.5175,4.6463,4.7431,11.9704,0.0450,4.4230
20210.0,103,4.5008,4.6280,4.7248,11.9704,0.0465,4.4108
20220.0,104,4.4794,4.6143,4.7004,11.9695,0.0450,4.3910
20230.0,105,4.4550,4.5914,4.6775,11.9704,0.0450,4.3665
20240.0,106,4.4351,4.5670,4.6561,11.9704,0.0450,4.3467
20250.0,107,4.4168,4.5410,4.6378,11.9695,0.0435,4.3345
20260.0,108,4.3955,4.5273,4.6195,11.9686,0.0435,4.3192
20270.0,109,4.3817,4.5151,4.6088,11.9686,0.0374,4.3040
20280.0,110,4.3726,4.5059,4.5997,11.9704,0.0374,4.2948
20290.0,111,4.3634,4.4998,4.5905,11.9695,0.0359,4.2841
20300.0,112,4.3604,4.4937,4.5829,11.9686,0.0343,4.2811
20310.0,113,4.3604,4.4922,4.5798,11.9695,0.0328,4.2719
20320.0,114,4.3527,4.4922,4.5814,11.9686,0.0313,4.2719
20330.0,115,4.3497,4.4907,4.5829,11.9686,0.0282,4.2719
20340.0,116,4.3512,4.4876,4.5875,11.9686,0.0252,4.2719
20350.0,117,4.3512,4.4891,4.5844,11.9704,0.0252,4.2765
20360.0,118,4.3588,4.4952,4.5783,11.9695,0.0252,4.2857
20370.0,119,4.3619,4.5013,4.5753,11.9695,0.0237,4.2887
20380.0,120,4.3665,4.4998,4.5783,11.9695,0.0206,4.2887
20390.0,121,4.3741,4.4968,4.5905,11.9695,0.0206,4.2872
20400.0,122,4.3741,4.4983,4.5905,11.9695,0.0191,4.2811
20410.0,123,4.3695,4.4998,4.5920,11.9704,0.0191,4.2780
20420.0,124,4.3680,4.5044,4.5951,11.9695,0.0191,4.2811
20430.0,125,4.3756,4.5135,4.6012,11.9704,0.0176,4.2918
20440.0,126,4.3878,4.5242,4.6149,11.9704,0.0160,4.3101
20450.0,127,4.4000,4.5319,4.6271,11.9695,0.0176,4.3208
20460.0,128,4.4077,4.5395,4.6378,11.9704,0.0160,4.3238
20470.0,129,4.4794,4.6173,4.7217,11.9791,-0.0069,4.4016
===BURST_CSV_END===
error: unknown command '' (try 'help')
>i3:374685:4.825764
>i4:374685:4.966736
>i5:374685:5.065072
>vrail:374685:11.975601
>i7:374685:0.066381
>i8:374685:4.740381
>seq:374685:165.000000
>i3:375268:0.570087
>i4:375268:0.608826
>i5:375268:0.603402
>vrail:375268:11.977341
>i7:375268:0.037389
>i8:375268:0.576258
>seq:375268:84.000000
>i3:375468:4.470234
>i4:375468:4.605103
>i5:375468:4.701912
>vrail:375468:11.975601
>i7:375468:0.012975
>i8:375468:4.394007
>seq:375468:115.000000
>i3:375668:3.545551
>i4:375668:3.631592
>i5:375668:3.729928
>vrail:375668:11.977341
>i7:375668:0.020604
>i8:375668:3.480005
>seq:375668:145.000000
>i3:375868:1.755695
>i4:375868:1.789856
>i5:375868:1.935494
>vrail:375868:11.981689
>i7:375868:-0.026698
>i8:375868:1.813745
>seq:375868:176.000000
>i3:376068:4.458027
>i4:376068:4.595947
>i5:376068:4.691231
>vrail:376068:11.981689
>i7:376068:0.040441
>i8:376068:4.378748
>seq:376068:207.000000
>i3:376268:2.002888
>i4:376268:2.041626
>i5:376268:2.223885
>vrail:376268:11.981689
>i7:376268:-0.045009
>i8:376268:2.070093
>seq:376268:237.000000
>i3:376468:4.435139
>i4:376468:4.576111
>i5:376468:4.653084
>vrail:376468:11.981689
>i7:376468:0.009923
>i8:376468:4.339075
>seq:376468:12.000000
>i3:376668:4.488544
>i4:376668:4.615784
>i5:376668:4.708016
>vrail:376668:11.970383
>i7:376668:0.048070
>i8:376668:4.401636
>seq:376668:42.000000
>i3:376868:4.500751
>i4:376868:4.626465
>i5:376868:4.729378
>vrail:376868:11.969513
>i7:376868:0.034337
>i8:376868:4.412317
>seq:376868:73.000000
>i3:377068:0.789814
>i4:377068:0.851440
>i5:377068:0.810921
>vrail:377068:11.969513
>i7:377068:0.087743
>i8:377068:0.765467
>seq:377068:103.000000
>i3:377268:0.586872
>i4:377268:0.613403
>i5:377268:0.638497
>vrail:377268:11.969513
>i7:377268:0.028234
>i8:377268:0.605249
>seq:377268:134.000000
>i3:377468:4.506855
>i4:377468:4.643250
>i5:377468:4.735482
>vrail:377468:11.971252
>i7:377468:0.017552
>i8:377468:4.424524
>seq:377468:165.000000
>i3:377668:4.554157
>i4:377668:4.681396
>i5:377668:4.788888
>vrail:377668:11.971252
>i7:377668:0.051122
>i8:377668:4.465723
>seq:377668:196.000000
>i3:377868:4.557209
>i4:377868:4.690552
>i5:377868:4.793465
>vrail:377868:11.971252
>i7:377868:-0.022120
>i8:377868:4.477930
>seq:377868:227.000000
>i3:378068:4.560261
>i4:378068:4.692078
>i5:378068:4.785836
>vrail:378068:11.971252
>i7:378068:0.048070
>i8:378068:4.484034
>seq:378068:1.000000
>i3:378268:4.393940
>i4:378268:4.519653
>i5:378268:4.613411
>vrail:378268:11.971252
>i7:378268:-0.049586
>i8:378268:4.313135
>seq:378268:32.000000
>i3:378468:4.345112
>i4:378468:4.469299
>i5:378468:4.569161
>vrail:378468:11.971252
>i7:378468:-0.023646
>i8:378468:4.253626
>seq:378468:62.000000
>i3:378668:4.363422
>i4:378668:4.502869
>i5:378668:4.592049
>vrail:378668:11.971252
>i7:378668:-0.002284
>i8:378668:4.288721
>seq:378668:93.000000
>i3:378868:4.564838
>i4:378868:4.698181
>i5:378868:4.794991
>vrail:378868:11.972122
>i7:378868:-0.032802
>i8:378868:4.477930
>seq:378868:123.000000
>i3:379068:4.604511
>i4:379068:4.737854
>i5:379068:4.819405
>vrail:379068:11.972122
>i7:379068:0.063329
>i8:379068:4.509974
>seq:379068:154.000000
>i3:379268:4.398518
>i4:379268:4.530334
>i5:379268:4.634774
>vrail:379268:11.972992
>i7:379268:0.014501
>i8:379268:4.317713
>seq:379268:185.000000
>i3:379468:4.390888
>i4:379468:4.510498
>i5:379468:4.627144
>vrail:379468:11.972992
>i7:379468:0.016026
>i8:379468:4.310083
>seq:379468:215.000000
>i3:379668:4.406147
>i4:379668:4.553223
>i5:379668:4.628670
>vrail:379668:11.972992
>i7:379668:0.048070
>i8:379668:4.328394
>seq:379668:246.000000
>i3:379868:3.508930
>i4:379868:3.605652
>i5:379868:3.668892
>vrail:379868:11.972992
>i7:379868:0.034337
>i8:379868:3.420496
>seq:379868:20.000000
>i3:380068:3.486042
>i4:380068:3.573608
>i5:380068:3.659737
>vrail:380068:11.973862
>i7:380068:-0.022120
>i8:380068:3.411341
>seq:380068:51.000000
>i3:380268:1.040058
>i4:380268:1.063538
>i5:380268:1.122200
>vrail:380268:11.982559
>i7:380268:-0.003810
>i8:380268:1.064539
>seq:380268:81.000000
>i3:380468:4.424458
>i4:380468:4.568481
>i5:380468:4.663765
>vrail:380468:11.982559
>i7:380468:-0.011439
>i8:380468:4.351282
>seq:380468:112.000000
>i3:380668:4.377155
>i4:380668:4.501343
>i5:380668:4.598153
>vrail:380668:11.982559
>i7:380668:-0.019069
>i8:380668:4.299402
>seq:380668:143.000000
>i3:380868:4.430561
>i4:380868:4.556274
>i5:380868:4.675972
>vrail:380868:11.972992
>i7:380868:-0.003810
>i8:380868:4.363489
>seq:380868:174.000000
>i3:381068:4.642658
>i4:381068:4.794312
>i5:381068:4.898751
>vrail:381068:11.972992
>i7:381068:-0.014491
>i8:381068:4.566431
>seq:381068:205.000000
>i3:381268:4.425983
>i4:381268:4.551697
>i5:381268:4.633248
>vrail:381268:11.972992
>i7:381268:-0.002284
>i8:381268:4.334497
>seq:381268:235.000000
>i3:381468:4.509907
>i4:381468:4.650879
>i5:381468:4.743111
>vrail:381468:11.972992
>i7:381468:0.054173
>i8:381468:4.421473
>seq:381468:10.000000
>i3:381668:4.416828
>i4:381668:4.556274
>i5:381668:4.650033
>vrail:381668:11.972992
>i7:381668:0.057225
>i8:381668:4.339075
>seq:381668:40.000000
>i3:381868:4.451923
>i4:381868:4.579163
>i5:381868:4.672921
>vrail:381868:11.971252
>i7:381868:0.067906
>i8:381868:4.366541
>seq:381868:71.000000
>i3:382068:5.379658
>i4:382068:5.528259
>i5:382068:5.614388
>vrail:382068:11.971252
>i7:382068:-0.025172
>i8:382068:5.242395
>seq:382068:101.000000
>i3:382268:4.512959
>i4:382268:4.649353
>i5:382268:4.758370
>vrail:382268:11.971252
>i7:382268:-0.048060
>i8:382268:4.432154
>seq:382268:132.000000
>i3:382468:3.385334
>i4:382468:3.466797
>i5:382468:3.569710
>vrail:382468:11.976471
>i7:382468:-0.025172
>i8:382468:3.328943
>seq:382468:163.000000
>i3:382668:4.459553
>i4:382668:4.606628
>i5:382668:4.697335
>vrail:382668:11.976471
>i7:382668:0.008397
>i8:382668:4.375696
>seq:382668:194.000000
>i3:382868:5.520039
>i4:382868:5.632019
>i5:382868:5.826485
>vrail:382868:11.977341
>i7:382868:0.011449
>i8:382868:5.416346
>seq:382868:225.000000
>i3:383068:1.101093
>i4:383068:1.126099
>i5:383068:1.161873
>vrail:383068:11.977341
>i7:383068:-0.028224
>i8:383068:1.104212
>seq:383068:255.000000
>i3:383268:3.392963
>i4:383268:3.482056
>i5:383268:3.580391
>vrail:383268:11.988647
>i7:383268:-0.026698
>i8:383268:3.335047
>seq:383268:30.000000
>i3:383468:4.424458
>i4:383468:4.562378
>i5:383468:4.657662
>vrail:383468:11.977341
>i7:383468:-0.019069
>i8:383468:4.343653
>seq:383468:60.000000
>i3:383668:4.308491
>i4:383668:4.437256
>i5:383668:4.535592
>vrail:383668:11.977341
>i7:383668:0.017552
>i8:383668:4.230738
>seq:383668:91.000000
>i3:383868:4.435139
>i4:383868:4.583740
>i5:383868:4.671395
>vrail:383868:11.979080
>i7:383868:0.028234
>i8:383868:4.361963
>seq:383868:121.000000
>i3:384068:1.046162
>i4:384068:1.103210
>i5:384068:1.074898
>vrail:384068:11.979080
>i7:384068:-0.031276
>i8:384068:1.000452
>seq:384068:152.000000
>i3:384268:2.858906
>i4:384268:2.891541
>i5:384268:3.118050
>vrail:384268:11.979080
>i7:384268:-0.029750
>i8:384268:2.912378
>seq:384268:183.000000
>i3:384468:4.546528
>i4:384468:4.685974
>i5:384468:4.787362
>vrail:384468:11.979080
>i7:384468:-0.006862
>i8:384468:4.473352
>seq:384468:213.000000
>i3:384668:4.360371
>i4:384668:4.490662
>i5:384668:4.579842
>vrail:384668:11.979080
>i7:384668:-0.045009
>i8:384668:4.271936
>seq:384668:244.000000
>i3:384868:4.549580
>i4:384868:4.681396
>i5:384868:4.765999
>vrail:384868:11.980820
>i7:384868:-0.000758
>i8:384868:4.467249
>seq:384868:18.000000
>i3:385068:4.520588
>i4:385068:4.655457
>i5:385068:4.765999
>vrail:385068:11.977341
>i7:385068:-0.019069
>i8:385068:4.439783
>seq:385068:49.000000
>i3:385268:4.377155
>i4:385268:4.499817
>i5:385268:4.607308
>vrail:385268:11.977341
>i7:385268:-0.040431
>i8:385268:4.290247
>seq:385268:79.000000
>i3:385468:4.418354
>i4:385468:4.557800
>i5:385468:4.656136
>vrail:385468:11.977341
>i7:385468:0.031285
>i8:385468:4.348230
>seq:385468:110.000000
>i3:385668:4.425983
>i4:385668:4.553223
>i5:385668:4.659188
>vrail:385668:11.976471
>i7:385668:-0.000758
>i8:385668:4.343653
>seq:385668:141.000000
>i3:385868:4.569416
>i4:385868:4.705811
>i5:385868:4.799569
>vrail:385868:11.975601
>i7:385868:0.026708
>i8:385868:4.487085
>seq:385868:172.000000
>i3:386068:4.543476
>i4:386068:4.678345
>i5:386068:4.778206
>vrail:386068:11.976471
>i7:386068:0.016026
>i8:386068:4.461145
>seq:386068:203.000000
>i3:386268:4.444294
>i4:386268:4.580688
>i5:386268:4.689705
>vrail:386268:11.975601
>i7:386268:0.016026
>i8:386268:4.371119
>seq:386268:233.000000
>i3:386468:4.566364
>i4:386468:4.698181
>i5:386468:4.799569
>vrail:386468:11.975601
>i7:386468:0.006871
>i8:386468:4.479456
>seq:386468:8.000000
>i3:386668:5.175190
>i4:386668:5.288696
>i5:386668:5.518258
>vrail:386668:11.975601
>i7:386668:-0.003810
>i8:386668:5.135584
>seq:386668:38.000000
>i3:386868:4.348164
>i4:386868:4.479980
>i5:386868:4.563057
>vrail:386868:11.976471
>i7:386868:-0.048060
>i8:386868:4.255152
>seq:386868:69.000000
>i3:387068:4.400043
>i4:387068:4.534912
>i5:387068:4.628670
>vrail:387068:11.979950
>i7:387068:-0.043483
>i8:387068:4.319239
>seq:387068:99.000000
>i3:387268:4.319172
>i4:387268:4.438782
>i5:387268:4.549325
>vrail:387268:11.979950
>i7:387268:-0.020595
>i8:387268:4.233789
>seq:387268:130.000000
>i3:387468:4.390888
>i4:387468:4.519653
>i5:387468:4.617989
>vrail:387468:11.979950
>i7:387468:0.041966
>i8:387468:4.302454
>seq:387468:161.000000
>i3:387668:4.435139
>i4:387668:4.585266
>i5:387668:4.671395
>vrail:387668:11.977341
>i7:387668:0.048070
>i8:387668:4.360437
>seq:387668:191.000000
>i3:387868:3.344135
>i4:387868:3.393555
>i5:387868:3.482735
>vrail:387868:11.977341
>i7:387868:-0.009913
>i8:387868:3.249598
>seq:387868:222.000000
>i3:388068:4.407673
>i4:388068:4.551697
>i5:388068:4.637825
>vrail:388068:11.977341
>i7:388068:-0.014491
>i8:388068:4.320765
>seq:388068:252.000000
>i3:388268:4.418354
>i4:388268:4.550171
>i5:388268:4.657662
>vrail:388268:11.978210
>i7:388268:-0.019069
>i8:388268:4.337549
>seq:388268:27.000000
>i3:388468:4.520588
>i4:388468:4.660034
>i5:388468:4.749215
>vrail:388468:11.978210
>i7:388468:0.040441
>i8:388468:4.429102
>seq:388468:57.000000
>i3:388668:4.541950
>i4:388668:4.664612
>i5:388668:4.765999
>vrail:388668:11.978210
>i7:388668:0.041966
>i8:388668:4.450464
>seq:388668:88.000000
>i3:388868:4.487019
>i4:388868:4.617310
>i5:388868:4.712594
>vrail:388868:11.976471
>i7:388868:0.020604
>i8:388868:4.395533
>seq:388868:119.000000
>i3:389068:4.300861
>i4:389068:4.429626
>i5:389068:4.526436
>vrail:389068:11.976471
>i7:389068:-0.048060
>i8:389068:4.223108
>seq:389068:150.000000
>i3:389268:4.355793
>i4:389268:4.484558
>i5:389268:4.588997
>vrail:389268:11.976471
>i7:389268:-0.058742
>i8:389268:4.274988
>seq:389268:181.000000
>i3:389468:4.363422
>i4:389468:4.493713
>i5:389468:4.596627
>vrail:389468:11.976471
>i7:389468:-0.006862
>i8:389468:4.285669
>seq:389468:211.000000
>i3:389668:4.401569
>i4:389668:4.530334
>i5:389668:4.616463
>vrail:389668:11.979080
>i7:389668:0.049596
>i8:389668:4.313135
>seq:389668:242.000000
>i3:389868:4.512959
>i4:389868:4.643250
>i5:389868:4.741585
>vrail:389868:11.979950
>i7:389868:-0.019069
>i8:389868:4.427576
>seq:389868:16.000000
>i3:390068:4.351215
>i4:390068:4.470825
>i5:390068:4.564583
>vrail:390068:11.979080
>i7:390068:-0.011439
>i8:390068:4.261255
>seq:390068:47.000000
>i3:390268:4.416828
>i4:390268:4.547119
>i5:390268:4.640877
>vrail:390268:11.979080
>i7:390268:0.012975
>i8:390268:4.334497
>seq:390268:77.000000
>i3:390468:3.240376
>i4:390468:3.364563
>i5:390468:3.292000
>vrail:390468:11.979950
>i7:390468:0.037389
>i8:390468:3.089380
>seq:390468:108.000000
>i3:390668:4.445820
>i4:390668:4.582214
>i5:390668:4.686654
>vrail:390668:11.980820
>i7:390668:0.029759
>i8:390668:4.369593
>seq:390668:139.000000
>i3:390868:4.340534
>i4:390868:4.472351
>i5:390868:4.558480
>vrail:390868:11.980820
>i7:390868:-0.041957
>i8:390868:4.256678
>seq:390868:169.000000
>i3:391068:4.302387
>i4:391068:4.425049
>i5:391068:4.531014
>vrail:391068:11.980820
>i7:391068:-0.060267
>i8:391068:4.220057
>seq:391068:200.000000
>i3:391268:4.453449
>i4:391268:4.583740
>i5:391268:4.685128
>vrail:391268:11.980820
>i7:391268:-0.054164
>i8:391268:4.372644
>seq:391268:230.000000
>i3:391468:4.387836
