#VRML V2.0 utf8
# 3D model generated by easyeda2kicad.py (https://github.com/uPesy/easyeda2kicad.py)

Shape{
    appearance Appearance {
        material  Material 	{
            diffuseColor 0.2235294117647059 0.2235294117647059 0.2235294117647059
            specularColor 0.11372549019607843 0.11372549019607843 0.11372549019607843
            ambientIntensity 0.2235
            transparency 0.0
            shininess 0.5
        }
    }
    geometry IndexedFaceSet {
        ccw TRUE
        solid FALSE
        coord DEF co Coordinate {
            point [
                -0.9829 1.1811 6.851, -0.9832 1.1811 6.8518, -0.9767 1.1811 6.8518, -0.0833 1.1811 6.264, -0.0833 1.1811 6.8118, -0.0689 1.1811 6.8118, -0.4445 1.1811 6.8069, -0.449 1.1811 6.8118, -0.4143 1.1811 6.8015, -2.9928 1.1811 4.5267, -3.0002 1.1811 4.5567, -2.1749 1.1811 4.5567, -2.3147 1.1811 7.6491, -2.1749 1.1811 7.779, -2.1749 1.1811 7.4784, -0.0689 1.1811 4.1408, -0.0689 1.1811 2.3695, -0.0833 1.1811 2.3704, 0.0451 1.1811 2.3625, 0.1633 1.1811 4.6014, 0.1633 1.1811 4.5567, 0.1408 1.1811 4.5567, -0.0882 1.1811 7.2899, -0.0833 1.1811 7.3029, -0.0833 1.1811 7.2344, -0.1634 1.1811 7.478, -0.1673 1.1811 7.4784, -0.0833 1.1811 7.4784, -0.2429 1.1811 7.4753, -0.2429 1.1811 7.4784, -0.2322 1.1811 7.4784, 1.3496 1.1811 7.1547, 1.3476 1.1811 7.1657, 2.6747 1.1811 7.1657, 1.3377 1.1811 7.2188, 1.3306 1.1811 7.2344, 2.6336 1.1811 7.2344, 0.3693 1.1811 7.2946, 0.3233 1.1811 7.255, 0.1633 1.1811 7.4784, 0.1633 1.1811 7.2344, 0.5478 1.1811 7.4784, 0.5196 1.1811 7.4586, 0.4615 1.1811 7.3897, 0.4283 1.1811 7.323, 0.4199 1.1811 7.3201, 0.5868 1.1811 7.5058, 0.1633 1.1811 8.6507, 0.6714 1.1811 7.5389, 0.2724 1.1811 8.6495, 0.7512 1.1811 7.5491, 0.7444 1.1811 8.5719, 0.8294 1.1811 7.5408, 1.1991 1.1811 8.4237, 0.9087 1.1811 7.5125, 0.9566 1.1811 7.4839, 1.6261 1.1811 8.2084, 2.0157 1.1811 7.9309, 0.9631 1.1811 7.4784, 2.3587 1.1811 7.5977, 2.4489 1.1811 7.4784, 1.31 1.1811 7.2801, 1.2685 1.1811 7.3324, 1.1389 1.1811 7.4052, 1.0716 1.1811 7.413, 0.997 1.1811 7.4498, 1.0519 1.1811 7.4118, 1.0323 1.1811 7.4093, 1.2569 1.1811 7.3433, 1.2023 1.1811 7.3811, 2.6473 1.1811 7.2163, 1.2268 1.1811 6.9058, 1.2798 1.1811 6.9516, 2.8445 1.1811 6.8518, 1.1653 1.1811 6.8753, 1.3184 1.1811 7.0076, 1.3424 1.1811 7.0714, 1.3502 1.1811 7.1383, 1.1437 1.1811 6.8687, 1.136 1.1811 6.8518, 1.1269 1.1811 6.8319, 2.8661 1.1811 6.8118, 1.1108 1.1811 6.8118, 1.1017 1.1811 6.8004, 3.0928 1.1811 4.9227, 1.0685 1.1811 6.775, 2.9938 1.1811 4.5567, 1.0292 1.1811 6.7581, 0.6875 1.1811 5.9663, 0.678 1.1811 6.0572, 0.9409 1.1811 6.7562, 0.8524 1.1811 6.8118, 0.8686 1.1811 6.794, 0.4768 1.1811 6.3637, 0.6864 1.1811 5.8785, 2.8748 1.1811 6.7956, 3.0361 1.1811 6.3454, 0.5278 1.1811 6.3305, 0.9028 1.1811 6.7706, 0.5798 1.1811 6.2802, 0.6564 1.1811 6.1423, 0.6472 1.1811 6.1669, 0.6122 1.1811 6.2359, 0.5615 1.1811 5.4023, 0.6148 1.1811 5.5418, 3.1273 1.1811 5.8759, 3.1463 1.1811 5.398, 0.4091 1.1811 6.3912, 0.3648 1.1811 6.4012, 0.1633 1.1811 6.8118, 0.2854 1.1811 6.4065, 0.9889 1.1811 6.7516, 0.9823 1.1811 6.7514, 0.655 1.1811 5.6793, 0.6726 1.1811 5.7638, 0.4959 1.1811 5.2612, 0.8421 1.1811 6.8232, 0.8267 1.1811 6.8518, 0.2682 1.1811 7.1539, 0.2608 1.1811 7.0981, 0.1633 1.1811 7.1657, 0.6027 1.1811 6.961, 0.591 1.1811 6.9655, 0.5702 1.1811 7.0627, 0.8522 1.1811 7.0357, 0.6225 1.1811 7.1536, 0.8819 1.1811 7.0631, 0.918 1.1811 7.0828, 0.6133 1.1811 6.9536, 0.3675 1.1811 7.1121, 0.3753 1.1811 7.145, 0.3862 1.1811 7.1657, 1.2394 1.1811 7.1657, 0.291 1.1811 6.9833, 0.3252 1.1811 6.9363, 0.1633 1.1811 6.8518, 0.3719 1.1811 6.8973, 0.4242 1.1811 6.8722, 0.5777 1.1811 6.9671, 0.5761 1.1811 6.967, 0.571 1.1811 6.9658, 0.2691 1.1811 7.0372, 1.2288 1.1811 7.0727, 1.2087 1.1811 7.038, 1.1221 1.1811 7.0197, 1.1783 1.1811 7.0063, 1.1412 1.1811 6.9831, 1.0585 1.1811 7.0758, 1.0936 1.1811 7.0518, 1.2426 1.1811 7.1409, 1.2407 1.1811 7.1146, 1.0207 1.1811 7.0899, 0.9799 1.1811 7.0947, 0.9591 1.1811 7.0933, 0.402 1.1811 7.0071, 0.3831 1.1811 7.0336, 0.3711 1.1811 7.0639, 0.3667 1.1811 7.0972, 0.631 1.1811 6.9146, 0.6306 1.1811 6.9213, 0.8102 1.1811 6.938, 0.627 1.1811 6.9343, 0.6204 1.1811 6.9459, 0.6028 1.1811 6.8674, 0.6138 1.1811 6.8754, 0.8217 1.1811 6.8611, 0.6177 1.1811 6.8795, 0.6251 1.1811 6.8902, 0.6295 1.1811 6.9018, 0.8114 1.1811 6.9032, 0.8103 1.1811 6.921, 0.5675 1.1811 6.9654, 0.4906 1.1811 6.9648, 0.4599 1.1811 6.9705, 0.4811 1.1811 6.8606, 0.5819 1.1811 6.8613, 0.5915 1.1811 6.8629, 0.4297 1.1811 6.9842, 0.4043 1.1811 7.0047, 0.5127 1.1811 7.2314, 1.2223 1.1811 7.2202, 1.2372 1.1811 7.1822, 0.499 1.1811 7.2313, 0.3909 1.1811 7.1746, 0.4105 1.1811 7.1967, 0.4368 1.1811 7.2154, 0.4665 1.1811 7.2271, 0.5487 1.1811 7.3343, 0.5869 1.1811 7.3805, 0.9803 1.1811 7.2843, 0.5912 1.1811 7.3845, 0.639 1.1811 7.4182, 0.9538 1.1811 7.3381, 1.2123 1.1811 7.2344, 0.9924 1.1811 7.291, 0.5133 1.1811 7.2344, 0.5228 1.1811 7.279, 1.0306 1.1811 7.3053, 1.0706 1.1811 7.3105, 1.0884 1.1811 7.3097, 0.9152 1.1811 7.3836, 0.6924 1.1811 7.4391, 0.8691 1.1811 7.4167, 0.7502 1.1811 7.4466, 0.8132 1.1811 7.4389, 1.1306 1.1811 7.3, 1.1688 1.1811 7.2801, 1.1984 1.1811 7.2541, 0.3086 1.1811 7.2344, 0.2888 1.1811 7.2062, 0.2729 1.1811 7.1657, -0.7514 1.1811 7.4784, -0.778 1.1811 7.4738, -0.8111 1.1811 7.4735, -0.6786 1.1811 7.2344, -0.6848 1.1811 7.2344, -0.7514 1.1811 7.4055, -0.7192 1.1811 7.2344, -0.719 1.1811 7.234, -0.7514 1.1811 7.1657, -0.6848 1.1811 7.2342, -0.6786 1.1811 7.1657, -0.7514 1.1811 7.2344, -0.7514 1.1811 7.2994, -0.7426 1.1811 7.2995, -0.3953 1.1811 7.372, -0.4192 1.1811 7.3718, -0.4265 1.1811 7.4486, -0.4533 1.1811 7.4784, -0.4267 1.1811 7.4763, -0.3953 1.1811 7.4784, -0.3953 1.1811 7.4765, -0.3331 1.1811 7.3449, -0.3325 1.1811 7.2641, -0.3953 1.1811 7.3445, -0.3953 1.1811 7.2636, -0.419 1.1811 7.3443, -0.4307 1.1811 7.2634, -0.3953 1.1811 7.4488, -0.3338 1.1811 7.4493, -0.3333 1.1811 7.3724, -0.3013 1.1811 7.2369, -0.2861 1.1811 7.2344, -0.3953 1.1811 7.2344, -0.303 1.1811 7.4771, -0.2861 1.1811 7.4784, -0.4533 1.1811 7.2344, -0.4305 1.1811 7.236, -0.3953 1.1811 7.2363, -0.2549 1.1811 7.4717, -0.2547 1.1811 7.4393, -0.1982 1.1811 7.4539, -0.187 1.1811 7.4535, -0.2429 1.1811 7.2722, -0.2277 1.1811 7.4502, -0.2535 1.1811 7.2769, -0.252 1.1811 7.4407, -0.2429 1.1811 7.4443, -0.1664 1.1811 7.4492, -0.1476 1.1811 7.4402, -0.1325 1.1811 7.4277, -0.1308 1.1811 7.4259, -0.1191 1.1811 7.4093, -0.1109 1.1811 7.3886, -0.1068 1.1811 7.3557, -0.1071 1.1811 7.3451, -0.2298 1.1811 7.2665, -0.2026 1.1811 7.2616, -0.1914 1.1811 7.2613, -0.111 1.1811 7.3214, -0.1189 1.1811 7.3023, -0.1299 1.1811 7.287, -0.1365 1.1811 7.2806, -0.1702 1.1811 7.2636, -0.1526 1.1811 7.2699, -0.2429 1.1811 8.6495, -0.2295 1.1811 7.4792, -0.092 1.1811 7.4246, -0.1096 1.1811 7.4472, -0.1156 1.1811 7.4528, -0.1382 1.1811 7.4684, -0.0689 1.1811 7.4784, -0.0804 1.1811 7.398, -0.0833 1.1811 7.4046, -0.0786 1.1811 7.3151, -0.0689 1.1811 7.2344, -0.0742 1.1811 7.3541, -0.0747 1.1811 7.3666, -0.1678 1.1811 7.235, -0.1426 1.1811 7.2413, -0.1205 1.1811 7.253, -0.1044 1.1811 7.2671, -0.1024 1.1811 7.2693, -0.1943 1.1811 7.2344, -0.1867 1.1811 7.2337, -0.2429 1.1811 7.1657, -0.1771 1.1811 7.2344, -0.2533 1.1811 7.2472, -0.2492 1.1811 7.2452, -0.2429 1.1811 7.2344, -0.2429 1.1811 7.2432, -0.2233 1.1811 7.2369, 0.0304 1.1811 7.4784, 0.0319 1.1811 7.2667, -0.0638 1.1811 7.266, -0.0636 1.1811 7.2386, 0.0631 1.1811 7.2395, 0.0614 1.1811 7.4784, 0.0614 1.1811 7.4797, 0.0304 1.1811 7.4795, -0.0689 1.1811 8.6533, 0.1633 1.1811 2.3733, -0.2429 1.1811 3.7958, -0.1021 1.1811 4.075, -0.0833 1.1811 4.1123, -0.2429 1.1811 2.3802, -0.2861 1.1811 2.3829, -0.2861 1.1811 3.7101, -0.3953 1.1811 2.3896, -0.3953 1.1811 3.4935, -0.4323 1.1811 2.3918, -0.4533 1.1811 3.3785, -0.8997 1.1811 2.4931, -0.7514 1.1811 2.7872, -0.7514 1.1811 2.461, -0.6786 1.1811 2.9316, -0.6786 1.1811 2.4452, -0.4533 1.1811 2.3964, 2.9679 1.1811 4.4611, 2.7746 1.1811 4.0236, 2.5173 1.1811 3.6205, 1.4271 1.1811 2.7047, 0.9856 1.1811 2.5208, 0.5214 1.1811 2.4059, 2.2019 1.1811 3.261, 1.8357 1.1811 2.9533, -0.1981 1.1811 7.4819, -0.2058 1.1811 8.6548, -0.0833 1.1811 8.6534, -0.2861 1.1811 8.6434, -0.3953 1.1811 8.6279, -0.4533 1.1811 8.6196, -0.6793 1.1811 8.5876, -0.6786 1.1811 7.4784, -0.8426 1.1811 7.2988, -0.8661 1.1811 7.2344, -0.8666 1.1811 7.2329, -0.9009 1.1811 7.2327, -0.9767 1.1811 7.1657, -0.9003 1.1811 7.2344, -0.9767 1.1811 7.2344, -0.9767 1.1811 7.4784, -0.7514 1.1811 8.5658, -1.9644 1.1811 7.9747, -1.5689 1.1811 8.2436, -1.1372 1.1811 8.4494, -0.9767 1.1811 8.4979, -2.1749 1.1811 7.1657, -2.6343 1.1811 7.2344, -2.1749 1.1811 7.2344, -2.6116 1.1811 7.2742, -2.4499 1.1811 7.4784, -2.1749 1.1811 6.8118, -2.851 1.1811 6.8518, -2.1749 1.1811 6.8518, -2.8484 1.1811 6.8586, -2.6734 1.1811 7.1657, -3.121 1.1811 5.9446, -3.0195 1.1811 6.412, -2.8663 1.1811 6.8118, -3.1075 1.1811 4.991, -3.1505 1.1811 5.4673, -2.2534 1.1811 3.31, -2.5608 1.1811 3.6764, -2.8092 1.1811 4.0851, -1.1063 1.1811 4.5567, -1.296 1.1811 4.1805, -2.1749 1.1811 3.2411, -1.894 1.1811 2.9944, -0.9767 1.1811 4.8139, -0.9767 1.1811 6.8118, -0.7514 1.1811 6.8118, -0.7514 1.1811 5.2607, -0.6786 1.1811 6.8118, -0.6786 1.1811 5.4051, -0.4533 1.1811 5.8437, -0.4656 1.1811 5.8241, -0.464 1.1811 6.789, -0.4751 1.1811 6.8022, -0.4984 1.1811 5.7625, -0.4082 1.1811 6.8035, -0.462 1.1811 6.7872, -0.4533 1.1811 6.7812, -0.4514 1.1811 6.7799, -0.4393 1.1811 6.8033, -0.4252 1.1811 6.8, -0.4327 1.1811 6.8008, -0.4395 1.1811 6.7755, -0.4274 1.1811 6.7741, -0.3953 1.1811 5.9363, -0.4207 1.1811 6.7744, -0.408 1.1811 6.7767, -0.3953 1.1811 6.8118, -0.3847 1.1811 5.9532, -0.2932 1.1811 6.0714, -0.1924 1.1811 6.1766, -0.2429 1.1811 6.1239, -0.2429 1.1811 6.8118, -0.2861 1.1811 6.0789, -0.2861 1.1811 6.8118, -0.1448 1.1811 6.2185, 0.2431 1.1811 6.4035, 0.1633 1.1811 6.3871, 0.1523 1.1811 6.3849, 0.0558 1.1811 6.3483, -0.0456 1.1811 6.2919, -0.0689 1.1811 6.2747, -0.2719 1.1811 6.9813, -0.2731 1.1811 6.9921, -0.2763 1.1811 6.9604, -0.2731 1.1811 6.9696, -0.2711 1.1811 6.8932, -0.2829 1.1811 6.8857, -0.2861 1.1811 6.8845, -0.2861 1.1811 6.9483, -0.2802 1.1811 6.9541, -0.2851 1.1811 6.9489, -0.3167 1.1811 6.8518, -0.2893 1.1811 6.8551, -0.2861 1.1811 6.8518, -0.2861 1.1811 6.8564, -0.2429 1.1811 6.8518, -0.2708 1.1811 6.8621, -0.318 1.1811 6.8518, -0.3173 1.1811 6.8517, -0.3442 1.1811 6.8546, -0.3953 1.1811 6.8518, -0.3796 1.1811 7.0232, -0.3794 1.1811 6.9939, -0.2914 1.1811 7.0178, -0.301 1.1811 7.0234, -0.2861 1.1811 7.1657, -0.2768 1.1811 7.0017, -0.2824 1.1811 7.0098, -0.2861 1.1811 7.0131, -0.3855 1.1811 6.8898, -0.3817 1.1811 6.8803, -0.376 1.1811 6.8724, -0.3177 1.1811 7.029, -0.339 1.1811 7.0311, -0.3953 1.1811 7.1657, -0.3601 1.1811 7.0291, -0.3771 1.1811 6.9303, -0.3827 1.1811 6.922, -0.3858 1.1811 6.9131, -0.387 1.1811 6.9019, -0.3674 1.1811 6.865, -0.3602 1.1811 6.8606, -0.3359 1.1811 7.0067, -0.327 1.1811 7.0061, -0.3029 1.1811 6.9838, -0.3189 1.1811 7.004, -0.3122 1.1811 7.0004, -0.3031 1.1811 6.9798, -0.3043 1.1811 6.9751, -0.3064 1.1811 6.971, -0.3094 1.1811 6.9678, -0.3199 1.1811 6.9611, -0.3554 1.1811 7.0043, -0.3385 1.1811 6.9529, -0.3723 1.1811 6.9981, -0.3501 1.1811 6.9481, -0.37 1.1811 6.9368, -0.3076 1.1811 6.9965, -0.305 1.1811 6.9927, -0.3035 1.1811 6.9886, -0.3017 1.1811 6.8785, -0.3171 1.1811 6.9311, -0.2992 1.1811 6.9395, -0.3204 1.1811 6.8762, -0.3218 1.1811 6.8762, -0.3368 1.1811 6.9227, -0.3372 1.1811 6.8778, -0.3561 1.1811 6.8992, -0.3558 1.1811 6.9029, -0.345 1.1811 6.8806, -0.3477 1.1811 6.8823, -0.3512 1.1811 6.8853, -0.3539 1.1811 6.8892, -0.3554 1.1811 6.8934, -0.3545 1.1811 6.9076, -0.3522 1.1811 6.9116, -0.3485 1.1811 6.9156, -0.6011 1.1811 7.0939, -0.6786 1.1811 7.0934, -0.4811 1.1811 6.8972, -0.4847 1.1811 6.883, -0.4855 1.1811 6.883, -0.5682 1.1811 7.0255, -0.4533 1.1811 7.1657, -0.537 1.1811 7.0257, -0.4533 1.1811 6.979, -0.4893 1.1811 6.8969, -0.4869 1.1811 6.8889, -0.4533 1.1811 6.8518, -0.4533 1.1811 6.8974, -0.4035 1.1811 7.0267, -0.4372 1.1811 7.0265, -0.4696 1.1811 6.855, -0.4682 1.1811 6.8518, -0.4562 1.1811 6.8239, -0.4502 1.1811 6.8131, -0.4533 1.1811 6.8187, -0.4983 1.1811 6.8518, -0.489 1.1811 6.8286, -0.4802 1.1811 6.8118, -0.7248 1.1811 7.0931, -0.7246 1.1811 7.0654, -0.7288 1.1811 6.8802, -0.7514 1.1811 6.8518, -0.7286 1.1811 6.8528, -0.6786 1.1811 6.8518, -0.6786 1.1811 6.8532, -0.5994 1.1811 6.8537, -0.6312 1.1811 6.9617, -0.6306 1.1811 6.8809, -0.6786 1.1811 6.9614, -0.6786 1.1811 6.8806, -0.7171 1.1811 6.9611, -0.7173 1.1811 6.9886, -0.6786 1.1811 6.9889, -0.6786 1.1811 7.0658, -0.6319 1.1811 7.0661, -0.6314 1.1811 6.9892, -1.0761 1.1811 7.0906, -1.1092 1.1811 7.0903, -1.1647 1.1811 6.8497, -1.164 1.1811 6.8518, -1.0175 1.1811 6.8518, -1.1407 1.1811 6.9156, -1.0407 1.1811 6.9163, -0.0689 1.1811 7.1657, -0.0689 1.1811 6.8518, -0.0594 1.1811 7.0701, -0.0596 1.1811 7.0978, -0.0636 1.1811 6.8849, -0.0634 1.1811 6.8575, 0.0658 1.1811 6.8585, 0.0641 1.1811 7.0987, -0.0519 1.1811 6.9658, 0.034 1.1811 6.9664, 0.0346 1.1811 6.8856, -0.0521 1.1811 6.9933, 0.0338 1.1811 6.9939, 0.0333 1.1811 7.0708, -0.0833 1.1811 7.1657, -0.0833 1.1811 6.8518, -0.1052 1.1811 6.9394, -0.1099 1.1811 6.9875, -0.0991 1.1811 6.9309, -0.0948 1.1811 6.9204, -0.1848 1.1811 6.8657, -0.1744 1.1811 6.8589, -0.1999 1.1811 6.8566, -0.1622 1.1811 6.8545, -0.1466 1.1811 6.8529, -0.2102 1.1811 7.0206, -0.2181 1.1811 7.0128, -0.1693 1.1811 7.0323, -0.1877 1.1811 7.0304, -0.2003 1.1811 7.0265, -0.0975 1.1811 6.8794, -0.0939 1.1811 6.8895, -0.1388 1.1811 7.0288, -0.1164 1.1811 7.0203, -0.1101 1.1811 7.0167, -0.1147 1.1811 6.9473, -0.1278 1.1811 6.9537, -0.1279 1.1811 6.9991, -0.1498 1.1811 6.9589, -0.1764 1.1811 7.0067, -0.1663 1.1811 7.0079, -0.1467 1.1811 7.0058, -0.2001 1.1811 6.8831, -0.1993 1.1811 6.8831, -0.1944 1.1811 6.8757, -0.2242 1.1811 7.003, -0.2287 1.1811 6.9891, -0.2308 1.1811 6.9668, -0.1171 1.1811 6.8595, -0.107 1.1811 6.8667, -0.1037 1.1811 6.8701, -0.23 1.1811 6.8564, -0.2007 1.1811 6.9656, -0.1998 1.1811 6.9789, -0.1967 1.1811 6.9897, -0.1932 1.1811 6.9959, -0.1286 1.1811 6.8551, -0.0925 1.1811 6.9033, -0.0927 1.1811 6.9076, -0.1887 1.1811 7.0008, -0.1834 1.1811 7.0042, -0.5828 1.1811 7.4711, -0.6117 1.1811 7.4603, -0.6715 1.1811 7.3422, -0.6655 1.1811 7.3141, -0.6599 1.1811 7.4135, -0.6686 1.1811 7.3905, -0.6723 1.1811 7.3575, -0.6535 1.1811 7.2893, -0.6355 1.1811 7.2682, -0.6102 1.1811 7.2504, -0.5461 1.1811 7.4754, -0.5827 1.1811 7.2399, -0.5419 1.1811 7.2352, -0.4759 1.1811 7.2357, -0.4776 1.1811 7.4759, -0.6367 1.1811 7.443, -0.6451 1.1811 7.4346, -0.9636 1.1811 6.9309, -0.9516 1.1811 6.9061, -0.9336 1.1811 6.885, -0.9083 1.1811 6.8672, -0.8808 1.1811 6.8567, -0.8401 1.1811 6.852, -0.774 1.1811 6.8525, -0.7757 1.1811 7.0927, -0.8442 1.1811 7.0922, -0.8809 1.1811 7.0879, -0.9098 1.1811 7.0771, -0.9348 1.1811 7.0598, -0.9432 1.1811 7.0514, -0.958 1.1811 7.0303, -0.9667 1.1811 7.0073, -0.9704 1.1811 6.9743, -0.9696 1.1811 6.959, -1.0171 1.1811 6.8508, -1.199 1.1811 6.8495, -1.1982 1.1811 6.8518, 1.6863 -0.5408 0.5647, 1.6817 -0.525 0.5669, 1.6974 -0.5197 0.4346, 1.6983 -0.5631 0.5616, 1.692 -0.5515 0.5632, 1.7093 -0.5439 0.4311, 2.1717 -0.6247 0.5023, 2.1772 -0.6297 0.568, 2.1555 -0.6484 0.5643, 2.0846 -0.6955 0.5545, 2.0841 -0.6958 0.5544, 2.0742 -0.6749 0.4231, 1.9789 -0.7214 0.5467, 1.9721 -0.7218 0.5464, 1.9709 -0.6951 0.4155, 1.7716 -0.3936 0.1053, 1.7719 -0.4011 0.105, 1.7502 -0.3979 0.1452, 1.8911 -0.5752 0.1075, 1.9042 -0.58 0.1076, 1.8934 -0.6091 0.1773, 2.1378 -0.4921 0.1022, 2.1507 -0.4618 0.1037, 2.1741 -0.4659 0.1474, 2.1597 -0.2891 0.1592, 2.1414 -0.302 0.1155, 2.1371 -0.2957 0.116, 2.1311 -0.2492 0.1612, 2.1783 -0.3332 0.1566, 2.1497 -0.3199 0.114, 2.1415 -0.302 0.1155, 2.1639 -0.3842 0.1088, 2.162 -0.3649 0.1103, 2.1865 -0.379 0.1537, 2.1561 -0.3431 0.1121, 2.156 -0.3428 0.1121, 2.1632 -0.3936 0.1081, 2.1848 -0.4238 0.1506, 2.161 -0.4245 0.1059, 2.1561 -0.4494 0.1043, 2.1572 -0.4446 0.1046, 2.1606 -0.4307 0.1055, 2.1557 -0.5036 0.1441, 2.1377 -0.4921 0.1022, 2.1352 -0.4961 0.102, 2.131 -0.5357 0.141, 2.1127 -0.5243 0.1015, 2.127 -0.5087 0.1016, 2.08 -0.5551 0.1016, 2.0879 -0.5489 0.1015, 2.1172 -0.5755 0.1882, 2.0958 -0.5428 0.1013, 2.1491 -0.5465 0.1922, 2.1056 -0.5321 0.1014, 2.0651 -0.5631 0.1022, 2.0817 -0.5973 0.1847, 2.0589 -0.5664 0.1025, 2.0392 -0.577 0.1032, 2.0443 -0.6121 0.1817, 2.0292 -0.5803 0.1037, 2.0059 -0.6202 0.1794, 2.0182 -0.5835 0.1043, 2.0211 -0.5831 0.1041, 1.9661 -0.5903 0.1067, 1.9673 -0.5903 0.1066, 1.9676 -0.6222 0.1779, 1.9751 -0.5904 0.1063, 1.9976 -0.5868 0.1053, 1.9098 -0.582 0.1077, 1.9164 -0.5832 0.1076, 1.9299 -0.6184 0.1772, 1.9349 -0.5865 0.1073, 1.9553 -0.5902 0.107, 1.8758 -0.5665 0.107, 1.8583 -0.5945 0.1783, 1.8695 -0.563 0.1068, 1.8254 -0.5743 0.1801, 1.8507 -0.5523 0.1062, 1.7969 -0.492 0.1037, 1.805 -0.5052 0.104, 1.7694 -0.5172 0.1858, 1.8248 -0.5277 0.1049, 1.7954 -0.5486 0.1826, 1.8288 -0.5323 0.1051, 1.8358 -0.5402 0.1054, 1.756 -0.4386 0.142, 1.7757 -0.4379 0.1038, 1.7772 -0.4446 0.1036, 1.7349 -0.4393 0.1936, 1.7773 -0.4455 0.1036, 1.7488 -0.4805 0.1895, 1.7878 -0.4714 0.1036, 1.7947 -0.4884 0.1036, 1.7731 -0.4259 0.104, 1.7867 -0.3152 0.1099, 1.7839 -0.3247 0.1093, 1.7643 -0.3131 0.1517, 1.7784 -0.3431 0.108, 1.7527 -0.3555 0.1485, 1.7734 -0.3598 0.1069, 1.7709 -0.3796 0.1058, 1.7955 -0.2976 0.1113, 1.7853 -0.2728 0.1548, 1.797 -0.2954 0.1115, 1.8286 -0.2543 0.1152, 1.8282 -0.2547 0.1152, 1.8155 -0.2368 0.1576, 1.8229 -0.2598 0.1147, 1.8024 -0.288 0.1121, 1.8993 -0.187 0.1618, 1.8928 -0.2115 0.12, 1.8541 -0.2075 0.16, 1.8752 -0.2197 0.119, 1.8693 -0.2238 0.1185, 1.8638 -0.2276 0.1181, 1.8368 -0.2463 0.116, 1.9496 -0.1979 0.1222, 1.9376 -0.1991 0.1219, 1.9487 -0.1772 0.1631, 1.9167 -0.2049 0.121, 1.9046 -0.2082 0.1205, 2.0034 -0.2002 0.1229, 1.9962 -0.1997 0.1228, 1.9995 -0.1788 0.1636, 1.9672 -0.1978 0.1225, 1.9572 -0.1971 0.1224, 2.0182 -0.2037 0.1228, 2.0489 -0.1921 0.1635, 2.0227 -0.2048 0.1228, 2.0819 -0.2337 0.121, 2.0657 -0.2232 0.1217, 2.0936 -0.2162 0.1627, 2.0654 -0.223 0.1217, 2.0411 -0.2127 0.1223, 2.1162 -0.265 0.1184, 2.1057 -0.2554 0.1192, 2.0823 -0.2341 0.121, 1.7765 -0.6259 0.4199, 1.8198 -0.6561 0.4163, 1.8058 -0.6787 0.5472, 1.8729 -0.7094 0.5448, 1.8676 -0.678 0.4144, 1.8799 -0.7123 0.5446, 1.9185 -0.6912 0.4141, 1.8582 -0.7034 0.5452, 1.8154 -0.6857 0.5464, 1.8115 -0.6828 0.5468, 2.0084 -0.7197 0.548, 2.0233 -0.6897 0.4186, 2.0153 -0.7178 0.5486, 2.1279 -0.6721 0.5597, 2.1217 -0.6509 0.4289, 2.1337 -0.6671 0.5607, 2.0739 -0.7013 0.5532, 2.0506 -0.7078 0.5514, 2.0293 -0.7139 0.5497, 1.947 -0.7232 0.5453, 1.9425 -0.7225 0.5452, 1.9143 -0.7179 0.5449, 2.1907 -0.6112 0.5713, 2.2072 -0.5816 0.5104, 2.2109 -0.5837 0.5762, 2.217 -0.5754 0.5777, 2.2338 -0.5322 0.519, 2.2235 -0.5599 0.5803, 2.249 -0.4779 0.5935, 2.2439 -0.5086 0.5888, 2.2503 -0.4781 0.5277, 2.2431 -0.5133 0.5881, 2.235 -0.5326 0.5849, 2.2559 -0.4216 0.5363, 2.2542 -0.4469 0.5983, 2.2521 -0.4598 0.5963, 2.2501 -0.3646 0.5445, 2.2457 -0.3656 0.6099, 2.2488 -0.3774 0.6082, 2.2501 -0.3825 0.6075, 2.2523 -0.4161 0.6027, 2.2526 -0.4217 0.6019, 2.2383 -0.3372 0.6138, 2.2329 -0.3089 0.5519, 2.2262 -0.312 0.617, 2.2203 -0.2998 0.6186, 2.2046 -0.2575 0.5583, 2.2093 -0.277 0.6215, 2.1605 -0.2183 0.6284, 2.167 -0.2246 0.6277, 2.1663 -0.2122 0.5634, 2.194 -0.258 0.6238, 2.1976 -0.2625 0.6232, 2.1794 -0.5648 0.3116, 2.1931 -0.5173 0.255, 2.2078 -0.5227 0.3181, 2.2134 -0.4722 0.2607, 2.228 -0.4745 0.3249, 2.2243 -0.4226 0.2663, 2.2383 -0.4221 0.3317, 2.2248 -0.3703 0.2717, 2.2377 -0.3674 0.3382, 2.214 -0.3173 0.2767, 2.2253 -0.3123 0.3441, 2.1914 -0.2668 0.2811, 2.2009 -0.26 0.3493, 2.1577 -0.2213 0.2846, 2.1653 -0.2132 0.3536, 2.1139 -0.1837 0.2872, 2.1196 -0.1746 0.3566, 2.0623 -0.1563 0.2886, 2.066 -0.1465 0.3583, 2.0054 -0.141 0.2888, 2.0071 -0.1307 0.3585, 1.947 -0.1389 0.2878, 1.9465 -0.1283 0.3574, 1.8899 -0.1497 0.2857, 1.8873 -0.1391 0.3548, 1.8375 -0.1725 0.2825, 1.8325 -0.1622 0.351, 1.7922 -0.2056 0.2784, 1.785 -0.1959 0.3461, 1.7563 -0.2465 0.2736, 1.7467 -0.2378 0.3404, 1.7305 -0.2928 0.2682, 1.7188 -0.2857 0.334, 1.7154 -0.3419 0.2626, 1.7018 -0.3369 0.3273, 1.7109 -0.3915 0.257, 1.6957 -0.3891 0.3205, 1.7161 -0.4399 0.2514, 1.7292 -0.3945 0.198, 1.7325 -0.3481 0.2025, 1.7458 -0.302 0.2069, 1.7692 -0.2582 0.2111, 1.8025 -0.2193 0.2149, 1.8447 -0.1877 0.2181, 1.894 -0.1658 0.2207, 1.9477 -0.1553 0.2224, 2.0029 -0.1571 0.2231, 2.0566 -0.1716 0.223, 2.1052 -0.1976 0.2218, 2.1462 -0.2333 0.2198, 2.1775 -0.2765 0.217, 2.1982 -0.3243 0.2136, 2.2077 -0.3742 0.2096, 2.2064 -0.4231 0.2054, 2.1953 -0.4693 0.201, 2.1756 -0.5109 0.1965, 2.1442 -0.5998 0.3054, 2.104 -0.6271 0.3, 2.0605 -0.6463 0.2954, 2.0152 -0.6574 0.2918, 1.9693 -0.6608 0.2895, 1.9239 -0.6568 0.2884, 1.8798 -0.6455 0.2886, 1.8379 -0.6272 0.2901, 1.7991 -0.6021 0.2929, 1.7646 -0.5703 0.2968, 1.7357 -0.5322 0.3017, 1.7137 -0.4885 0.3074, 1.6999 -0.4404 0.3137, 2.1574 -0.2161 0.6286, 2.1192 -0.1753 0.5671, 2.1135 -0.1842 0.6318, 2.0461 -0.1532 0.634, 2.0673 -0.143 0.5005, 2.0391 -0.1503 0.6342, 2.0076 -0.1272 0.5008, 2.1075 -0.1798 0.6322, 2.122 -0.1708 0.4985, 2.1036 -0.177 0.6325, 2.0611 -0.1594 0.6336, 2.1442 -0.6581 0.5624, 2.1437 -0.6356 0.4322, 2.1644 -0.6181 0.4358, 2.2004 -0.5774 0.4435, 2.2281 -0.5301 0.4517, 2.2464 -0.4775 0.4601, 2.2539 -0.4216 0.4685, 2.2501 -0.3646 0.4764, 2.2345 -0.3082 0.4836, 2.2072 -0.2556 0.4899, 2.1693 -0.209 0.4949, 1.8311 -0.1592 0.5603, 1.8348 -0.1668 0.6253, 1.843 -0.1623 0.6262, 1.8872 -0.1386 0.5649, 1.8898 -0.1488 0.6297, 1.9036 -0.1448 0.6307, 1.9464 -0.1242 0.4995, 1.886 -0.134 0.4964, 1.9091 -0.1432 0.6311, 1.8343 -0.1671 0.6252, 1.7809 -0.1904 0.5543, 1.7897 -0.1916 0.6203, 1.7385 -0.2304 0.5472, 1.7747 -0.2046 0.6179, 1.7849 -0.1957 0.6195, 1.9471 -0.1409 0.6326, 1.972 -0.1394 0.6336, 2.0048 -0.1447 0.6339, 1.7013 -0.2886 0.6031, 1.7081 -0.2793 0.6047, 1.7052 -0.2775 0.5392, 1.7282 -0.2517 0.6094, 1.7417 -0.2332 0.6126, 1.6748 -0.3544 0.5923, 1.6822 -0.3297 0.5307, 1.6697 -0.3849 0.5876, 1.6701 -0.385 0.522, 1.6666 -0.4032 0.5848, 1.6755 -0.3505 0.5929, 1.6839 -0.3304 0.5962, 1.6953 -0.303 0.6007, 1.6666 -0.4469 0.5782, 1.6663 -0.4414 0.579, 1.6691 -0.4414 0.5133, 1.6648 -0.4142 0.5831, 1.6764 -0.4412 0.4462, 1.6754 -0.3858 0.4546, 1.6853 -0.3309 0.463, 1.7063 -0.2782 0.4713, 1.738 -0.2299 0.479, 1.7795 -0.1885 0.486, 1.8295 -0.1559 0.4918, 1.688 -0.4944 0.4383, 1.6811 -0.5228 0.5672, 1.6739 -0.4975 0.5708, 1.6789 -0.4964 0.5049, 1.6704 -0.4854 0.5726, 1.6684 -0.4784 0.5736, 1.7145 -0.5932 0.5575, 2.1911 -0.5718 0.3767, 2.2195 -0.5269 0.3843, 2.239 -0.4763 0.392, 2.2481 -0.4218 0.3997, 2.246 -0.3655 0.407, 2.232 -0.3093 0.4138, 2.2061 -0.2564 0.4196, 2.1691 -0.2092 0.4244, 2.1222 -0.1704 0.4277, 2.0676 -0.1422 0.4296, 2.0078 -0.1262 0.4299, 1.9463 -0.1235 0.4286, 1.886 -0.134 0.4257, 1.8299 -0.1567 0.4215, 1.7808 -0.1903 0.416, 1.7407 -0.2324 0.4095, 1.7108 -0.2809 0.4023, 1.6917 -0.3332 0.3947, 1.6838 -0.3872 0.3869, 1.6867 -0.4408 0.3792, 1.6995 -0.4917 0.372, 1.7211 -0.6009 0.5565, 1.7392 -0.5882 0.4249, 1.7246 -0.605 0.556, 1.7587 -0.6446 0.5509, -1.6888 0.5408 0.5647, -1.6842 0.525 0.5669, -1.6999 0.5197 0.4346, -1.7008 0.5631 0.5616, -1.6945 0.5515 0.5632, -1.7117 0.5439 0.4311, -2.1742 0.6247 0.5023, -2.1797 0.6297 0.568, -2.1579 0.6484 0.5643, -2.0871 0.6955 0.5545, -2.0865 0.6958 0.5544, -2.0767 0.6749 0.4231, -1.9814 0.7214 0.5467, -1.9746 0.7218 0.5464, -1.9734 0.6951 0.4155, -1.7741 0.3936 0.1053, -1.7744 0.4011 0.105, -1.7527 0.3979 0.1452, -1.8935 0.5752 0.1075, -1.9067 0.58 0.1076, -1.8958 0.6091 0.1773, -2.1403 0.4921 0.1022, -2.1532 0.4618 0.1037, -2.1766 0.4659 0.1474, -2.1622 0.2891 0.1592, -2.1439 0.302 0.1155, -2.1396 0.2957 0.116, -2.1336 0.2492 0.1612, -2.1808 0.3332 0.1566, -2.1522 0.3199 0.114, -2.1439 0.302 0.1155, -2.1664 0.3842 0.1088, -2.1645 0.3649 0.1103, -2.189 0.379 0.1537, -2.1585 0.3431 0.1121, -2.1585 0.3428 0.1121, -2.1657 0.3936 0.1081, -2.1873 0.4238 0.1506, -2.1635 0.4245 0.1059, -2.1586 0.4494 0.1043, -2.1597 0.4446 0.1046, -2.1631 0.4307 0.1055, -2.1582 0.5036 0.1441, -2.1402 0.4921 0.1022, -2.1377 0.4961 0.102, -2.1335 0.5357 0.141, -2.1152 0.5243 0.1015, -2.1295 0.5087 0.1016, -2.0825 0.5551 0.1016, -2.0904 0.5489 0.1015, -2.1197 0.5755 0.1882, -2.0983 0.5428 0.1013, -2.1516 0.5465 0.1922, -2.1081 0.5321 0.1014, -2.0676 0.5631 0.1022, -2.0842 0.5973 0.1847, -2.0614 0.5664 0.1025, -2.0416 0.577 0.1032, -2.0467 0.6121 0.1817, -2.0316 0.5803 0.1037, -2.0083 0.6202 0.1794, -2.0206 0.5835 0.1043, -2.0235 0.5831 0.1041, -1.9686 0.5903 0.1067, -1.9697 0.5903 0.1066, -1.97 0.6222 0.1779, -1.9776 0.5904 0.1063, -2.0001 0.5868 0.1053, -1.9123 0.582 0.1077, -1.9189 0.5832 0.1076, -1.9324 0.6184 0.1772, -1.9374 0.5865 0.1073, -1.9577 0.5902 0.107, -1.8782 0.5665 0.107, -1.8608 0.5945 0.1783, -1.872 0.563 0.1068, -1.8279 0.5743 0.1801, -1.8532 0.5523 0.1062, -1.7994 0.492 0.1037, -1.8075 0.5052 0.104, -1.7719 0.5172 0.1858, -1.8273 0.5277 0.1049, -1.7979 0.5486 0.1826, -1.8313 0.5323 0.1051, -1.8382 0.5402 0.1054, -1.7585 0.4386 0.142, -1.7782 0.4379 0.1038, -1.7796 0.4446 0.1036, -1.7374 0.4393 0.1936, -1.7798 0.4455 0.1036, -1.7513 0.4805 0.1895, -1.7903 0.4714 0.1036, -1.7972 0.4884 0.1036, -1.7755 0.4259 0.104, -1.7892 0.3152 0.1099, -1.7864 0.3247 0.1093, -1.7668 0.3131 0.1517, -1.7808 0.3431 0.108, -1.7552 0.3555 0.1485, -1.7758 0.3598 0.1069, -1.7734 0.3796 0.1058, -1.798 0.2976 0.1113, -1.7878 0.2728 0.1548, -1.7995 0.2954 0.1115, -1.8311 0.2543 0.1152, -1.8307 0.2547 0.1152, -1.818 0.2368 0.1576, -1.8254 0.2598 0.1147, -1.8049 0.288 0.1121, -1.9017 0.187 0.1618, -1.8953 0.2115 0.12, -1.8565 0.2075 0.16, -1.8777 0.2197 0.119, -1.8717 0.2238 0.1185, -1.8663 0.2276 0.1181, -1.8393 0.2463 0.116, -1.9521 0.1979 0.1222, -1.9401 0.1991 0.1219, -1.9512 0.1772 0.1631, -1.9192 0.2049 0.121, -1.9071 0.2082 0.1205, -2.0059 0.2002 0.1229, -1.9987 0.1997 0.1228, -2.0019 0.1788 0.1636, -1.9697 0.1978 0.1225, -1.9596 0.1971 0.1224, -2.0207 0.2037 0.1228, -2.0514 0.1921 0.1635, -2.0252 0.2048 0.1228, -2.0844 0.2337 0.121, -2.0682 0.2232 0.1217, -2.096 0.2162 0.1627, -2.0678 0.223 0.1217, -2.0436 0.2127 0.1223, -2.1187 0.265 0.1184, -2.1082 0.2554 0.1192, -2.0848 0.2341 0.121, -1.779 0.6259 0.4199, -1.8223 0.6561 0.4163, -1.8083 0.6787 0.5472, -1.8753 0.7094 0.5448, -1.8701 0.678 0.4144, -1.8824 0.7123 0.5446, -1.9209 0.6912 0.4141, -1.8607 0.7034 0.5452, -1.8179 0.6857 0.5464, -1.814 0.6828 0.5468, -2.0109 0.7197 0.548, -2.0258 0.6897 0.4186, -2.0178 0.7178 0.5486, -2.1304 0.6721 0.5597, -2.1242 0.6509 0.4289, -2.1362 0.6671 0.5607, -2.0764 0.7013 0.5532, -2.0531 0.7078 0.5514, -2.0317 0.7139 0.5497, -1.9495 0.7232 0.5453, -1.945 0.7225 0.5452, -1.9167 0.7179 0.5449, -2.1932 0.6112 0.5713, -2.2097 0.5816 0.5104, -2.2134 0.5837 0.5762, -2.2194 0.5754 0.5777, -2.2363 0.5322 0.519, -2.226 0.5599 0.5803, -2.2515 0.4779 0.5935, -2.2464 0.5086 0.5888, -2.2527 0.4781 0.5277, -2.2456 0.5133 0.5881, -2.2375 0.5326 0.5849, -2.2583 0.4216 0.5363, -2.2567 0.4469 0.5983, -2.2545 0.4598 0.5963, -2.2526 0.3646 0.5445, -2.2482 0.3656 0.6099, -2.2513 0.3774 0.6082, -2.2526 0.3825 0.6075, -2.2547 0.4161 0.6027, -2.2551 0.4217 0.6019, -2.2408 0.3372 0.6138, -2.2354 0.3089 0.5519, -2.2286 0.312 0.617, -2.2228 0.2998 0.6186, -2.2071 0.2575 0.5583, -2.2118 0.277 0.6215, -2.1629 0.2183 0.6284, -2.1695 0.2246 0.6277, -2.1688 0.2122 0.5634, -2.1964 0.258 0.6238, -2.2001 0.2625 0.6232, -2.1819 0.5648 0.3116, -2.1956 0.5173 0.255, -2.2103 0.5227 0.3181, -2.2158 0.4722 0.2607, -2.2305 0.4745 0.3249, -2.2268 0.4226 0.2663, -2.2408 0.4221 0.3317, -2.2273 0.3703 0.2717, -2.2401 0.3674 0.3382, -2.2164 0.3173 0.2767, -2.2277 0.3123 0.3441, -2.1939 0.2668 0.2811, -2.2034 0.26 0.3493, -2.1602 0.2213 0.2846, -2.1678 0.2132 0.3536, -2.1164 0.1837 0.2872, -2.1221 0.1746 0.3566, -2.0648 0.1563 0.2886, -2.0685 0.1465 0.3583, -2.0079 0.141 0.2888, -2.0095 0.1307 0.3585, -1.9495 0.1389 0.2878, -1.949 0.1283 0.3574, -1.8924 0.1497 0.2857, -1.8898 0.1391 0.3548, -1.8399 0.1725 0.2825, -1.835 0.1622 0.351, -1.7947 0.2056 0.2784, -1.7875 0.1959 0.3461, -1.7587 0.2465 0.2736, -1.7492 0.2378 0.3404, -1.733 0.2928 0.2682, -1.7213 0.2857 0.334, -1.7179 0.3419 0.2626, -1.7043 0.3369 0.3273, -1.7133 0.3915 0.257, -1.6982 0.3891 0.3205, -1.7186 0.4399 0.2514, -1.7316 0.3945 0.198, -1.735 0.3481 0.2025, -1.7483 0.302 0.2069, -1.7717 0.2582 0.2111, -1.805 0.2193 0.2149, -1.8472 0.1877 0.2181, -1.8964 0.1658 0.2207, -1.9502 0.1553 0.2224, -2.0054 0.1571 0.2231, -2.0591 0.1716 0.223, -2.1077 0.1976 0.2218, -2.1487 0.2333 0.2198, -2.18 0.2765 0.217, -2.2007 0.3243 0.2136, -2.2102 0.3742 0.2096, -2.2089 0.4231 0.2054, -2.1978 0.4693 0.201, -2.1781 0.5109 0.1965, -2.1467 0.5998 0.3054, -2.1064 0.6271 0.3, -2.063 0.6463 0.2954, -2.0177 0.6574 0.2918, -1.9718 0.6608 0.2895, -1.9264 0.6568 0.2884, -1.8822 0.6455 0.2886, -1.8403 0.6272 0.2901, -1.8016 0.6021 0.2929, -1.7671 0.5703 0.2968, -1.7381 0.5322 0.3017, -1.7161 0.4885 0.3074, -1.7024 0.4404 0.3137, -2.1599 0.2161 0.6286, -2.1216 0.1753 0.5671, -2.116 0.1842 0.6318, -2.0486 0.1532 0.634, -2.0698 0.143 0.5005, -2.0416 0.1503 0.6342, -2.0101 0.1272 0.5008, -2.0073 0.1447 0.6339, -2.11 0.1798 0.6322, -2.1245 0.1708 0.4985, -2.1061 0.177 0.6325, -2.0636 0.1594 0.6336, -2.1467 0.6581 0.5624, -2.1462 0.6356 0.4322, -2.1669 0.6181 0.4358, -2.2029 0.5774 0.4435, -2.2306 0.5301 0.4517, -2.2488 0.4775 0.4601, -2.2564 0.4216 0.4685, -2.2526 0.3646 0.4764, -2.2369 0.3082 0.4836, -2.2097 0.2556 0.4899, -2.1718 0.209 0.4949, -1.8336 0.1592 0.5603, -1.8373 0.1668 0.6253, -1.8455 0.1623 0.6262, -1.8896 0.1386 0.5649, -1.8923 0.1488 0.6297, -1.9061 0.1448 0.6307, -1.9488 0.1242 0.4995, -1.8885 0.134 0.4964, -1.9116 0.1432 0.6311, -1.8367 0.1671 0.6252, -1.7833 0.1904 0.5543, -1.7921 0.1916 0.6203, -1.7409 0.2304 0.5472, -1.7771 0.2046 0.6179, -1.7874 0.1957 0.6195, -1.9496 0.1409 0.6326, -1.9744 0.1394 0.6336, -1.9789 0.1401 0.6336, -1.7038 0.2886 0.6031, -1.7105 0.2793 0.6047, -1.7077 0.2775 0.5392, -1.7307 0.2517 0.6094, -1.7441 0.2332 0.6126, -1.6773 0.3544 0.5923, -1.6847 0.3297 0.5307, -1.6722 0.3849 0.5876, -1.6726 0.385 0.522, -1.6691 0.4032 0.5848, -1.678 0.3505 0.5929, -1.6864 0.3304 0.5962, -1.6978 0.303 0.6007, -1.6691 0.4469 0.5782, -1.6688 0.4414 0.579, -1.6715 0.4414 0.5133, -1.6672 0.4142 0.5831, -1.6789 0.4412 0.4462, -1.6778 0.3858 0.4546, -1.6878 0.3309 0.463, -1.7088 0.2782 0.4713, -1.7405 0.2299 0.479, -1.782 0.1885 0.486, -1.832 0.1559 0.4918, -1.6904 0.4944 0.4383, -1.6836 0.5228 0.5672, -1.6764 0.4975 0.5708, -1.6814 0.4964 0.5049, -1.6729 0.4854 0.5726, -1.6708 0.4784 0.5736, -1.717 0.5932 0.5575, -2.1936 0.5718 0.3767, -2.222 0.5269 0.3843, -2.2415 0.4763 0.392, -2.2506 0.4218 0.3997, -2.2485 0.3655 0.407, -2.2345 0.3093 0.4138, -2.2086 0.2564 0.4196, -2.1716 0.2092 0.4244, -2.1247 0.1704 0.4277, -2.0701 0.1422 0.4296, -2.0102 0.1262 0.4299, -1.9488 0.1235 0.4286, -1.8885 0.134 0.4257, -1.8324 0.1567 0.4215, -1.7833 0.1903 0.416, -1.7432 0.2324 0.4095, -1.7132 0.2809 0.4023, -1.6942 0.3332 0.3947, -1.6863 0.3872 0.3869, -1.6891 0.4408 0.3792, -1.702 0.4917 0.372, -1.7236 0.6009 0.5565, -1.7417 0.5882 0.4249, -1.7271 0.605 0.556, -1.7612 0.6446 0.5509, 3.0588 -1.1811 4.7659, 3.114 -1.1811 5.0476, 1.2935 -1.1811 4.1805, -0.5165 -1.1811 6.3408, -1.6772 -1.1811 8.1785, -1.9131 -1.1811 8.0148, -0.5509 -1.1811 6.313, -2.1331 -1.1811 7.8303, -0.5823 -1.1811 6.2802, -2.3354 -1.1811 7.6265, -0.6011 -1.1811 6.2562, -1.4274 -1.1811 8.32, -0.4793 -1.1811 6.3637, -1.1658 -1.1811 8.4382, -0.4387 -1.1811 6.3821, -0.8944 -1.1811 8.5321, -0.3957 -1.1811 6.3954, -0.6157 -1.1811 8.6009, -0.3672 -1.1811 6.4012, -0.3318 -1.1811 8.644, -0.3175 -1.1811 6.4062, -0.0452 -1.1811 8.6611, -0.265 -1.1811 6.4053, -0.2456 -1.1811 6.4035, 0.2418 -1.1811 8.652, -0.184 -1.1811 6.3926, 0.5268 -1.1811 8.6168, -0.1203 -1.1811 6.3737, 0.8073 -1.1811 8.5559, -0.0583 -1.1811 6.3483, 1.0812 -1.1811 8.4696, 1.346 -1.1811 8.3587, 0.0174 -1.1811 6.308, 1.5997 -1.1811 8.2242, 0.0942 -1.1811 6.2565, 1.84 -1.1811 8.0671, 0.1717 -1.1811 6.1932, 0.1899 -1.1811 6.1766, 2.0651 -1.1811 7.8888, 0.2734 -1.1811 6.0912, 2.273 -1.1811 7.6908, 2.462 -1.1811 7.4746, 0.3515 -1.1811 5.9957, 2.6305 -1.1811 7.2422, 0.4237 -1.1811 5.8906, 2.7771 -1.1811 6.9953, 0.4883 -1.1811 5.7775, 0.4959 -1.1811 5.7625, 2.9007 -1.1811 6.7361, -2.7017 -1.1811 3.8909, -2.5429 -1.1811 3.6517, -0.4984 -1.1811 5.2612, -0.6275 -1.1811 6.2139, -2.5182 -1.1811 7.4051, -0.6497 -1.1811 6.1669, -2.6802 -1.1811 7.1681, -0.6531 -1.1811 6.1581, -2.8199 -1.1811 6.9172, -0.6715 -1.1811 6.0995, -2.9362 -1.1811 6.6547, -0.6839 -1.1811 6.0352, -3.0281 -1.1811 6.3827, -0.69 -1.1811 5.9663, -3.0948 -1.1811 6.1034, -0.6905 -1.1811 5.9492, -3.1358 -1.1811 5.8192, -0.6875 -1.1811 5.8595, -3.1508 -1.1811 5.5325, -0.6751 -1.1811 5.7638, -3.1396 -1.1811 5.2456, -0.6459 -1.1811 5.6345, -3.1023 -1.1811 4.9609, -0.6073 -1.1811 5.513, -3.0392 -1.1811 4.6808, -0.5579 -1.1811 5.3881, -2.9509 -1.1811 4.4076, -2.8381 -1.1811 4.1436, -2.3629 -1.1811 3.428, -2.1634 -1.1811 3.2216, 0.0996 -1.1811 4.075, -1.9458 -1.1811 3.0342, -1.7121 -1.1811 2.8674, 0.8947 -1.1811 4.9715, 3.1433 -1.1811 5.3333, 3.1465 -1.1811 5.6204, -1.4642 -1.1811 2.7226, -1.2041 -1.1811 2.6009, 0.4984 -1.1811 3.284, -0.934 -1.1811 2.5035, -0.6562 -1.1811 2.4311, 3.1235 -1.1811 5.9066, 3.0746 -1.1811 6.1895, 3.0001 -1.1811 6.4668, 1.8915 -1.1811 2.9944, 2.0117 -1.1811 3.0894, 2.2239 -1.1811 3.2828, 0.2005 -1.1811 2.3687, 0.4859 -1.1811 2.4001, 0.7673 -1.1811 2.4574, 0.8972 -1.1811 2.4931, 2.4177 -1.1811 3.4947, 2.5913 -1.1811 3.7233, 2.7434 -1.1811 3.9669, -0.3729 -1.1811 2.3842, -0.0865 -1.1811 2.3634, 2.8727 -1.1811 4.2232, 2.9781 -1.1811 4.4903, 2.4053 -0.6153 2.1213, 2.4098 -0.5902 2.1072, 2.6654 -0.5906 2.3027, 2.4243 -0.4708 2.0428, 2.4231 -0.4039 2.0098, 2.721 -0.404 2.2358, 2.423 -0.3981 2.0069, 2.4188 -0.3639 1.9906, 2.4416 -0.2051 1.9576, -1.9908 -0.1826 1.6812, -1.9302 -0.2051 1.6546, -2.0044 -0.2051 1.6925, -1.6553 -0.2522 1.5389, -1.6447 -0.2519 1.5346, -1.628 -0.404 1.5752, -1.0681 -0.0178 1.3147, -1.0534 0.0 1.3109, -0.9009 0.0 1.2799, 0.9568 -1.1743 2.3792, 0.9141 -1.1807 2.464, 0.9059 -1.181 2.4786, 1.0382 -1.1199 2.1437, 1.0167 -1.1441 2.2228, 0.8173 -1.1632 2.2585, 0.9895 -1.1622 2.3013, 0.9875 -1.163 2.3062, 1.0615 -1.0656 2.0105, 1.05 -1.0992 2.0878, 0.8658 -1.1099 2.0657, 1.0441 -1.1095 2.1156, 0.9114 -1.0229 1.8847, 1.0675 -1.0265 1.9342, 1.0633 -0.9318 1.7855, 1.0681 -0.9819 1.8592, 1.0676 -1.0227 1.9278, 1.0238 -0.7591 1.5893, 1.0411 -0.8228 1.6532, 0.9525 -0.9048 1.7212, 1.0552 -0.8841 1.7235, 1.0586 -0.9043 1.7499, 1.0021 -0.6846 1.524, 1.0022 -0.6849 1.5243, 0.988 -0.7592 1.58, 1.023 -0.7564 1.5866, 0.9862 -0.6294 1.482, 0.6259 -0.7592 1.5062, 0.9758 -0.5901 1.4561, 0.9397 -0.4036 1.3574, 0.95 -0.4775 1.3903, 0.6441 -0.5906 1.3896, 0.966 -0.5529 1.4316, 0.9512 -0.2048 1.3055, 0.9512 -0.2051 1.3055, 0.6658 -0.2051 1.251, 0.941 -0.2623 1.3151, 0.9367 -0.3215 1.3296, 0.6576 -0.404 1.3036, 0.9381 -0.3831 1.3496, 0.8993 0.0 1.2758, 1.0509 0.0 1.3109, 1.0167 -0.0481 1.3035, 0.6679 0.0 1.2375, 0.9899 -0.0962 1.3001, 0.9687 -0.146 1.3004, 0.9529 -0.1978 1.3046, -1.1079 -0.0592 1.3264, -0.898 -0.2051 1.2933, -1.1362 -0.0843 1.3356, -1.1846 -0.1207 1.3524, -1.334 -0.1978 1.4088, -1.2957 -0.1821 1.3939, -1.2785 -0.2051 1.3925, -1.2799 -0.1743 1.3879, -1.2378 -0.1534 1.3718, -1.581 -0.2504 1.5084, -1.539 -0.2467 1.4912, -1.2627 -0.404 1.4434, -1.4678 -0.2358 1.4623, -1.3994 -0.2194 1.4347, -1.356 -0.2051 1.4175, -1.9213 -0.2084 1.6507, -1.9797 -0.404 1.7397, -1.8492 -0.2284 1.6199, -1.8044 -0.2376 1.6009, -1.7299 -0.248 1.5698, -2.3528 0.0 1.8771, -2.2544 0.0 1.8134, -2.3439 -0.2051 1.8908, -2.2043 -0.0492 1.7846, -2.149 -0.0937 1.7555, -2.0887 -0.1334 1.726, -2.0574 -0.1509 1.7113, -2.0066 -0.1751 1.6883, 2.3797 -0.2051 1.9161, 2.3766 -0.1961 1.9119, 2.347 -0.1332 1.882, 2.4495 0.0 1.9459, 2.3226 -0.0916 1.8616, 2.3512 0.0 1.8757, 2.2818 -0.0348 1.8324, 2.2519 0.0 1.8134, 2.4146 -0.3293 1.9741, 2.3991 -0.2616 1.9425, 2.4183 -0.5434 2.0808, 2.3983 -0.6439 2.1384, 2.3464 -0.7862 2.235, 2.3579 -0.7587 2.2152, 2.59 -0.7592 2.3935, 2.3753 -0.7168 2.1851, 2.2674 -0.9228 2.3559, 2.2741 -0.9132 2.346, 2.4969 -0.9048 2.5055, 2.2796 -0.9044 2.3378, 2.3125 -0.8519 2.2885, 2.1804 -1.0277 2.4841, 2.185 -1.0226 2.4774, 2.3891 -1.0229 2.6352, 2.2249 -0.9784 2.4183, 2.2699 -1.1099 2.7787, 2.0879 -1.1068 2.6269, 2.1345 -1.0705 2.5536, 2.0331 -1.1406 2.7179, 2.0786 -1.1132 2.6419, 2.0835 -1.1098 2.634, 2.1428 -1.1632 2.9317, 1.9833 -1.1628 2.8072, 1.9888 -1.161 2.7967, 1.898 -1.181 2.9789, 1.9048 -1.1807 2.9635, 1.946 -1.1744 2.8784, 2.7551 -0.2051 2.1948, 2.6725 0.0 2.1051, 2.7641 0.0 2.1839, 3.0457 -0.2051 2.4596, 2.9717 0.0 2.3627, 3.0556 0.0 2.4496, 3.311 -0.2051 2.7497, 3.2461 0.0 2.6465, 3.3218 0.0 2.7407, 3.5488 -0.2051 3.0629, 3.4935 0.0 2.9542, 3.5604 0.0 3.0548, 3.757 -0.2051 3.3963, 3.7119 0.0 3.2831, 3.7693 0.0 3.3893, 3.9341 -0.2051 3.7474, 3.8995 0.0 3.6305, 3.9469 0.0 3.7415, 4.0784 -0.2051 4.1131, 4.0546 0.0 3.9935, 4.0917 0.0 4.1084, 4.1888 -0.2051 4.4904, 4.176 0.0 4.3692, 4.2025 0.0 4.487, 4.2644 -0.2051 4.8762, 4.2627 0.0 4.7543, 4.2784 0.0 4.8741, 4.3046 -0.2051 5.2673, 4.314 0.0 5.1458, 4.3187 0.0 5.2665, 4.309 -0.2051 5.6605, 4.3294 0.0 5.5403, 4.3231 0.0 5.6609, 4.2775 -0.2051 6.0524, 4.3088 0.0 5.9345, 4.2915 0.0 6.0541, 4.2105 -0.2051 6.4398, 4.2524 0.0 6.3253, 4.2243 0.0 6.4427, 4.1085 -0.2051 6.8194, 4.1606 0.0 6.7092, 4.122 0.0 6.8237, 3.9724 -0.2051 7.1883, 4.0343 0.0 7.0833, 3.9854 0.0 7.1937, 3.8032 -0.2051 7.5432, 3.8744 0.0 7.4442, 3.8157 0.0 7.5498, 3.6024 -0.2051 7.8812, 3.6823 0.0 7.7892, 3.6142 0.0 7.8889, 3.3716 -0.2051 8.1995, 3.4596 0.0 8.1151, 3.3827 0.0 8.2083, 3.1129 -0.2051 8.4955, 3.2082 0.0 8.4195, 3.1231 0.0 8.5052, 2.8282 -0.2051 8.7667, 2.9301 0.0 8.6997, 2.8375 0.0 8.7773, 2.52 -0.2051 9.0108, 2.6276 0.0 8.9534, 2.5283 0.0 9.0222, 2.1909 -0.2051 9.2259, 2.3032 0.0 9.1785, 2.1982 0.0 9.238, 1.8436 -0.2051 9.4101, 1.9598 0.0 9.3731, 1.8497 0.0 9.4228, 1.4809 -0.2051 9.5619, 1.6 0.0 9.5356, 1.4858 0.0 9.5751, 1.1059 -0.2051 9.68, 1.2269 0.0 9.6647, 1.1096 0.0 9.6937, 0.7217 -0.2051 9.7635, 0.8436 0.0 9.7593, 0.7242 0.0 9.7775, 0.3315 -0.2051 9.8117, 0.4533 0.0 9.8186, 0.3327 0.0 9.8258, -0.0614 -0.2051 9.8242, 0.0592 0.0 9.8421, -0.0615 0.0 9.8383, -0.4539 -0.2051 9.8008, -0.3354 0.0 9.8296, -0.4553 0.0 9.8148, -0.8426 -0.2051 9.7417, -0.7272 0.0 9.7812, -0.8453 0.0 9.7556, -1.2243 -0.2051 9.6475, -1.113 0.0 9.6974, -1.2282 0.0 9.6611, -1.5958 -0.2051 9.519, -1.4896 0.0 9.5787, -1.601 0.0 9.5321, -1.9541 -0.2051 9.3571, -1.8537 0.0 9.4263, -1.9604 0.0 9.3697, -2.2962 -0.2051 9.1633, -2.2025 0.0 9.2413, -2.3036 0.0 9.1753, -2.6192 -0.2051 8.9391, -2.533 0.0 9.0254, -2.6277 0.0 8.9504, -2.9204 -0.2051 8.6865, -2.8425 0.0 8.7802, -2.9299 0.0 8.6969, -3.1974 -0.2051 8.4074, -3.1283 0.0 8.5079, -3.2078 0.0 8.417, -3.4478 -0.2051 8.1044, -3.3881 0.0 8.2107, -3.459 0.0 8.1129, -3.6696 -0.2051 7.7797, -3.6198 0.0 7.891, -3.6815 0.0 7.7872, -3.8608 -0.2051 7.4362, -3.8215 0.0 7.5516, -3.8735 0.0 7.4426, -4.0201 -0.2051 7.0768, -3.9914 0.0 7.1953, -4.0332 0.0 7.0819, -4.1459 -0.2051 6.7043, -4.1281 0.0 6.8249, -4.1594 0.0 6.7082, -4.2372 -0.2051 6.3219, -4.2305 0.0 6.4436, -4.2511 0.0 6.3246, -4.2934 -0.2051 5.9328, -4.2978 0.0 6.0546, -4.3075 0.0 5.9342, -4.3139 -0.2051 5.5401, -4.3294 0.0 5.6611, -4.328 0.0 5.5403, -4.2986 -0.2051 5.1473, -4.325 0.0 5.2663, -4.3126 0.0 5.1462, -4.2475 -0.2051 4.7575, -4.2847 0.0 4.8736, -4.2614 0.0 4.755, -4.1612 -0.2051 4.3739, -4.2087 0.0 4.4862, -4.1748 0.0 4.3702, -4.0403 -0.2051 3.9998, -4.0979 0.0 4.1073, -4.0535 0.0 3.9949, -3.8858 -0.2051 3.6383, -3.9529 0.0 3.74, -3.8985 0.0 3.6322, -3.699 -0.2051 3.2923, -3.7752 0.0 3.3875, -3.7112 0.0 3.2851, -3.4815 -0.2051 2.9648, -3.566 0.0 3.0527, -3.493 0.0 2.9565, -3.2351 -0.2051 2.6584, -3.3273 0.0 2.7383, -3.2458 0.0 2.6491, -2.9618 -0.2051 2.3758, -3.0609 0.0 2.4469, -2.9716 0.0 2.3655, -2.6639 -0.2051 2.1192, -2.769 0.0 2.181, -2.6727 0.0 2.1081, -2.4542 0.0 1.9428, -0.5102 -0.2051 1.2292, -0.6711 0.0 1.2332, -0.5118 0.0 1.2157, -0.118 -0.2051 1.2006, -0.2787 0.0 1.19, -0.1184 0.0 1.187, 0.275 -0.2051 1.2079, 0.116 0.0 1.1827, 0.2759 0.0 1.1943, 0.5098 0.0 1.2114, -2.315 -0.404 1.9355, -2.631 -0.404 2.1611, -2.9253 -0.404 2.4145, -3.1952 -0.404 2.6937, -3.4385 -0.404 2.9962, -3.6533 -0.404 3.3197, -3.8378 -0.404 3.6614, -3.9904 -0.404 4.0185, -4.1098 -0.404 4.388, -4.1951 -0.404 4.7668, -4.2455 -0.404 5.1518, -4.2606 -0.404 5.5398, -4.2404 -0.404 5.9276, -4.1849 -0.404 6.3119, -4.0947 -0.404 6.6895, -3.9704 -0.404 7.0574, -3.8132 -0.404 7.4125, -3.6242 -0.404 7.7517, -3.4052 -0.404 8.0723, -3.1579 -0.404 8.3717, -2.8843 -0.404 8.6473, -2.5868 -0.404 8.8968, -2.2678 -0.404 9.1182, -1.93 -0.404 9.3096, -1.5761 -0.404 9.4695, -1.2092 -0.404 9.5964, -0.8322 -0.404 9.6895, -0.4483 -0.404 9.7478, -0.0607 -0.404 9.7709, 0.3274 -0.404 9.7586, 0.7128 -0.404 9.711, 1.0922 -0.404 9.6285, 1.4626 -0.404 9.5119, 1.8208 -0.404 9.3619, 2.1638 -0.404 9.18, 2.4889 -0.404 8.9676, 2.7932 -0.404 8.7265, 3.0744 -0.404 8.4586, 3.33 -0.404 8.1663, 3.5579 -0.404 7.8519, 3.7562 -0.404 7.5181, 3.9233 -0.404 7.1676, 4.0577 -0.404 6.8033, 4.1585 -0.404 6.4283, 4.2247 -0.404 6.0457, 4.2557 -0.404 5.6586, 4.2514 -0.404 5.2703, 4.2117 -0.404 4.8841, 4.1371 -0.404 4.503, 4.028 -0.404 4.1304, 3.8854 -0.404 3.7692, 3.7106 -0.404 3.4225, 3.5049 -0.404 3.0931, 3.2701 -0.404 2.7839, 3.0081 -0.404 2.4973, 0.2716 -0.404 1.2611, -0.1166 -0.404 1.2539, -0.5039 -0.404 1.2821, -0.887 -0.404 1.3454, 0.2661 -0.5906 1.3479, -0.1142 -0.5906 1.3409, -0.4936 -0.5906 1.3685, -0.8689 -0.5906 1.4306, -1.2369 -0.5906 1.5265, -1.5947 -0.5906 1.6556, -1.9393 -0.5906 1.8167, -2.2677 -0.5906 2.0086, -2.5773 -0.5906 2.2295, -2.8655 -0.5906 2.4778, -3.1299 -0.5906 2.7512, -3.3683 -0.5906 3.0476, -3.5787 -0.5906 3.3645, -3.7594 -0.5906 3.6992, -3.9089 -0.5906 4.049, -4.0259 -0.5906 4.4109, -4.1094 -0.5906 4.782, -4.1588 -0.5906 5.1591, -4.1736 -0.5906 5.5392, -4.1538 -0.5906 5.9191, -4.0994 -0.5906 6.2955, -4.011 -0.5906 6.6655, -3.8893 -0.5906 7.0258, -3.7353 -0.5906 7.3736, -3.5502 -0.5906 7.7059, -3.3357 -0.5906 8.02, -3.0934 -0.5906 8.3133, -2.8254 -0.5906 8.5832, -2.534 -0.5906 8.8276, -2.2215 -0.5906 9.0445, -1.8906 -0.5906 9.232, -1.5439 -0.5906 9.3886, -1.1845 -0.5906 9.513, -0.8152 -0.5906 9.6041, -0.4391 -0.5906 9.6612, -0.0595 -0.5906 9.6839, 0.3207 -0.5906 9.6718, 0.6982 -0.5906 9.6252, 1.0699 -0.5906 9.5444, 1.4327 -0.5906 9.4301, 1.7836 -0.5906 9.2833, 2.1196 -0.5906 9.1051, 2.438 -0.5906 8.897, 2.7362 -0.5906 8.6608, 3.0116 -0.5906 8.3984, 3.2619 -0.5906 8.1121, 3.4851 -0.5906 7.8041, 3.6794 -0.5906 7.4771, 3.8431 -0.5906 7.1337, 3.9748 -0.5906 6.7769, 4.0735 -0.5906 6.4096, 4.1383 -0.5906 6.0348, 4.1688 -0.5906 5.6556, 4.1645 -0.5906 5.2753, 4.1257 -0.5906 4.8969, 4.0525 -0.5906 4.5236, 3.9457 -0.5906 4.1586, 3.8061 -0.5906 3.8048, 3.6348 -0.5906 3.4651, 3.4333 -0.5906 3.1425, 3.2033 -0.5906 2.8396, 2.9466 -0.5906 2.5589, 0.2585 -0.7592 1.4658, -0.111 -0.7592 1.4589, -0.4797 -0.7592 1.4858, -0.8443 -0.7592 1.5461, -1.202 -0.7592 1.6393, -1.5496 -0.7592 1.7647, -1.8844 -0.7592 1.9213, -2.2036 -0.7592 2.1077, -2.5044 -0.7592 2.3224, -2.7845 -0.7592 2.5637, -3.0414 -0.7592 2.8294, -3.273 -0.7592 3.1174, -3.4775 -0.7592 3.4253, -3.6531 -0.7592 3.7505, -3.7983 -0.7592 4.0904, -3.912 -0.7592 4.4421, -3.9931 -0.7592 4.8026, -4.0411 -0.7592 5.1691, -4.0555 -0.7592 5.5384, -4.0363 -0.7592 5.9075, -3.9835 -0.7592 6.2733, -3.8976 -0.7592 6.6328, -3.7793 -0.7592 6.983, -3.6296 -0.7592 7.3209, -3.4498 -0.7592 7.6438, -3.2413 -0.7592 7.949, -3.0059 -0.7592 8.234, -2.7455 -0.7592 8.4963, -2.4623 -0.7592 8.7338, -2.1587 -0.7592 8.9445, -1.8371 -0.7592 9.1267, -1.5003 -0.7592 9.2789, -1.151 -0.7592 9.3998, -0.7922 -0.7592 9.4883, -0.4268 -0.7592 9.5438, -0.0578 -0.7592 9.5658, 0.3116 -0.7592 9.5541, 0.6784 -0.7592 9.5088, 1.0396 -0.7592 9.4303, 1.3921 -0.7592 9.3193, 1.7331 -0.7592 9.1765, 2.0596 -0.7592 9.0034, 2.369 -0.7592 8.8012, 2.6587 -0.7592 8.5717, 2.9263 -0.7592 8.3167, 3.1696 -0.7592 8.0385, 3.3865 -0.7592 7.7392, 3.5752 -0.7592 7.4215, 3.7343 -0.7592 7.0878, 3.8623 -0.7592 6.7411, 3.9582 -0.7592 6.3842, 4.0212 -0.7592 6.02, 4.0507 -0.7592 5.6515, 4.0466 -0.7592 5.282, 4.0089 -0.7592 4.9143, 3.9378 -0.7592 4.5516, 3.834 -0.7592 4.1969, 3.6983 -0.7592 3.8531, 3.5319 -0.7592 3.5231, 3.3361 -0.7592 3.2096, 3.1126 -0.7592 2.9152, 2.8632 -0.7592 2.6425, 0.6034 -0.9048 1.6501, 0.2492 -0.9048 1.611, -0.1071 -0.9048 1.6044, -0.4625 -0.9048 1.6303, -0.814 -0.9048 1.6885, -1.1589 -0.9048 1.7784, -1.494 -0.9048 1.8993, -1.8168 -0.9048 2.0502, -2.1245 -0.9048 2.23, -2.4145 -0.9048 2.437, -2.6845 -0.9048 2.6695, -2.9322 -0.9048 2.9257, -3.1556 -0.9048 3.2033, -3.3527 -0.9048 3.5002, -3.5219 -0.9048 3.8137, -3.6619 -0.9048 4.1414, -3.7715 -0.9048 4.4805, -3.8498 -0.9048 4.8281, -3.8961 -0.9048 5.1814, -3.91 -0.9048 5.5375, -3.8914 -0.9048 5.8933, -3.8405 -0.9048 6.246, -3.7577 -0.9048 6.5926, -3.6436 -0.9048 6.9302, -3.4993 -0.9048 7.256, -3.326 -0.9048 7.5673, -3.125 -0.9048 7.8615, -2.898 -0.9048 8.1362, -2.647 -0.9048 8.3891, -2.374 -0.9048 8.6181, -2.0812 -0.9048 8.8213, -1.7712 -0.9048 8.9969, -1.4465 -0.9048 9.1436, -1.1097 -0.9048 9.2602, -0.7638 -0.9048 9.3455, -0.4115 -0.9048 9.399, -0.0558 -0.9048 9.4202, 0.3004 -0.9048 9.409, 0.654 -0.9048 9.3653, 1.0022 -0.9048 9.2896, 1.3421 -0.9048 9.1825, 1.6708 -0.9048 9.045, 1.9856 -0.9048 8.878, 2.2839 -0.9048 8.6831, 2.5632 -0.9048 8.4618, 2.8212 -0.9048 8.216, 3.0557 -0.9048 7.9478, 3.2648 -0.9048 7.6593, 3.4468 -0.9048 7.3529, 3.6002 -0.9048 7.0312, 3.7236 -0.9048 6.697, 3.816 -0.9048 6.3528, 3.8767 -0.9048 6.0017, 3.9052 -0.9048 5.6465, 3.9013 -0.9048 5.2902, 3.8649 -0.9048 4.9358, 3.7964 -0.9048 4.5861, 3.6963 -0.9048 4.2441, 3.5655 -0.9048 3.9126, 3.405 -0.9048 3.5945, 3.2163 -0.9048 3.2922, 3.0008 -0.9048 3.0085, 2.7603 -0.9048 2.7455, 0.5773 -1.0229 1.8167, 0.2384 -1.0229 1.7793, -0.1025 -1.0229 1.773, -0.4426 -1.0229 1.7978, -0.779 -1.0229 1.8534, -1.1089 -1.0229 1.9394, -1.4296 -1.0229 2.0552, -1.7385 -1.0229 2.1996, -2.0329 -1.0229 2.3716, -2.3104 -1.0229 2.5696, -2.5688 -1.0229 2.7921, -2.8058 -1.0229 3.0373, -3.0195 -1.0229 3.3029, -3.2081 -1.0229 3.587, -3.37 -1.0229 3.887, -3.504 -1.0229 4.2005, -3.6089 -1.0229 4.525, -3.6837 -1.0229 4.8576, -3.728 -1.0229 5.1957, -3.7413 -1.0229 5.5364, -3.7235 -1.0229 5.8769, -3.6748 -1.0229 6.2143, -3.5956 -1.0229 6.5459, -3.4865 -1.0229 6.869, -3.3484 -1.0229 7.1807, -3.1825 -1.0229 7.4786, -2.9902 -1.0229 7.7601, -2.773 -1.0229 8.023, -2.5328 -1.0229 8.265, -2.2716 -1.0229 8.4841, -1.9915 -1.0229 8.6785, -1.6948 -1.0229 8.8466, -1.3841 -1.0229 8.9869, -1.0619 -1.0229 9.0984, -0.7309 -1.0229 9.1801, -0.3938 -1.0229 9.2313, -0.0534 -1.0229 9.2516, 0.2874 -1.0229 9.2408, 0.6258 -1.0229 9.199, 0.9589 -1.0229 9.1266, 1.2841 -1.0229 9.0242, 1.5986 -1.0229 8.8925, 1.8999 -1.0229 8.7328, 2.1853 -1.0229 8.5463, 2.4525 -1.0229 8.3345, 2.6994 -1.0229 8.0993, 2.9238 -1.0229 7.8427, 3.1239 -1.0229 7.5666, 3.2981 -1.0229 7.2735, 3.4448 -1.0229 6.9657, 3.5629 -1.0229 6.6458, 3.6513 -1.0229 6.3166, 3.7094 -1.0229 5.9806, 3.7367 -1.0229 5.6407, 3.7329 -1.0229 5.2998, 3.6981 -1.0229 4.9606, 3.6325 -1.0229 4.626, 3.5367 -1.0229 4.2988, 3.4116 -1.0229 3.9816, 3.258 -1.0229 3.6772, 3.0774 -1.0229 3.388, 2.8712 -1.0229 3.1165, 2.6412 -1.0229 2.8648, 0.5484 -1.1099 2.001, 0.2264 -1.1099 1.9655, -0.0975 -1.1099 1.9596, -0.4206 -1.1099 1.9831, -0.7402 -1.1099 2.0359, -1.0536 -1.1099 2.1177, -1.3584 -1.1099 2.2276, -1.6518 -1.1099 2.3648, -1.9315 -1.1099 2.5282, -2.1952 -1.1099 2.7164, -2.4407 -1.1099 2.9278, -2.6658 -1.1099 3.1607, -2.8689 -1.1099 3.4131, -3.0481 -1.1099 3.683, -3.202 -1.1099 3.9681, -3.3293 -1.1099 4.266, -3.4289 -1.1099 4.5742, -3.5 -1.1099 4.8902, -3.5421 -1.1099 5.2114, -3.5547 -1.1099 5.5352, -3.5378 -1.1099 5.8587, -3.4916 -1.1099 6.1793, -3.4163 -1.1099 6.4944, -3.3126 -1.1099 6.8013, -3.1814 -1.1099 7.0975, -3.0238 -1.1099 7.3805, -2.8411 -1.1099 7.648, -2.6347 -1.1099 7.8977, -2.4065 -1.1099 8.1276, -2.1583 -1.1099 8.3358, -1.8922 -1.1099 8.5205, -1.6103 -1.1099 8.6802, -1.3151 -1.1099 8.8136, -1.009 -1.1099 8.9195, -0.6945 -1.1099 8.9971, -0.3742 -1.1099 9.0458, -0.0508 -1.1099 9.065, 0.273 -1.1099 9.0548, 0.5945 -1.1099 9.0151, 0.911 -1.1099 8.9463, 1.22 -1.1099 8.8489, 1.5188 -1.1099 8.7239, 1.805 -1.1099 8.5721, 2.0762 -1.1099 8.3949, 2.3301 -1.1099 8.1937, 2.5647 -1.1099 7.9703, 2.7779 -1.1099 7.7264, 2.968 -1.1099 7.4641, 3.1335 -1.1099 7.1856, 3.2729 -1.1099 6.8932, 3.385 -1.1099 6.5893, 3.4691 -1.1099 6.2764, 3.5243 -1.1099 5.9572, 3.5502 -1.1099 5.6343, 3.5466 -1.1099 5.3104, 3.5135 -1.1099 4.9881, 3.4512 -1.1099 4.6702, 3.3602 -1.1099 4.3593, 3.2413 -1.1099 4.058, 3.0954 -1.1099 3.7687, 2.9238 -1.1099 3.494, 2.7279 -1.1099 3.236, 2.5093 -1.1099 2.9969, 0.5177 -1.1632 2.1975, 0.2137 -1.1632 2.164, -0.0921 -1.1632 2.1583, -0.3971 -1.1632 2.1806, -0.6988 -1.1632 2.2304, -0.9948 -1.1632 2.3076, -1.2824 -1.1632 2.4114, -1.5594 -1.1632 2.5409, -1.8235 -1.1632 2.6952, -2.0724 -1.1632 2.8728, -2.3042 -1.1632 3.0724, -2.5167 -1.1632 3.2923, -2.7084 -1.1632 3.5306, -2.8776 -1.1632 3.7853, -3.0229 -1.1632 4.0545, -3.143 -1.1632 4.3357, -3.2371 -1.1632 4.6267, -3.3042 -1.1632 4.925, -3.3439 -1.1632 5.2283, -3.3559 -1.1632 5.5338, -3.3399 -1.1632 5.8392, -3.2962 -1.1632 6.1419, -3.2252 -1.1632 6.4394, -3.1273 -1.1632 6.7291, -3.0035 -1.1632 7.0087, -2.8547 -1.1632 7.2759, -2.6822 -1.1632 7.5284, -2.4874 -1.1632 7.7642, -2.2719 -1.1632 7.9812, -2.0376 -1.1632 8.1778, -1.7864 -1.1632 8.3521, -1.5203 -1.1632 8.5029, -1.2416 -1.1632 8.6288, -0.9526 -1.1632 8.7288, -0.6557 -1.1632 8.8021, -0.3533 -1.1632 8.848, -0.048 -1.1632 8.8662, 0.2576 -1.1632 8.8565, 0.5611 -1.1632 8.819, 0.86 -1.1632 8.7541, 1.1517 -1.1632 8.6622, 1.4338 -1.1632 8.5441, 1.7039 -1.1632 8.4008, 1.9599 -1.1632 8.2335, 2.1997 -1.1632 8.0436, 2.4211 -1.1632 7.8327, 2.6224 -1.1632 7.6024, 2.8018 -1.1632 7.3548, 2.958 -1.1632 7.0919, 3.0896 -1.1632 6.8159, 3.1955 -1.1632 6.529, 3.2749 -1.1632 6.2336, 3.327 -1.1632 5.9323, 3.3515 -1.1632 5.6274, 3.3481 -1.1632 5.3216, 3.3168 -1.1632 5.0174, 3.258 -1.1632 4.7173, 3.1721 -1.1632 4.4238, 3.0599 -1.1632 4.1393, 2.9222 -1.1632 3.8663, 2.7601 -1.1632 3.6069, 2.5752 -1.1632 3.3633, 2.3688 -1.1632 3.1376, -3.0482 0.2051 2.4596, -3.3135 0.2051 2.7497, -3.5512 0.2051 3.0629, -3.7595 0.2051 3.3963, -3.9365 0.2051 3.7474, -4.0809 0.2051 4.1131, -4.1913 0.2051 4.4904, -4.2669 0.2051 4.8762, -4.3071 0.2051 5.2673, -4.3114 0.2051 5.6605, -4.28 0.2051 6.0524, -4.213 0.2051 6.4398, -4.111 0.2051 6.8194, -3.9748 0.2051 7.1883, -3.8057 0.2051 7.5432, -3.6049 0.2051 7.8812, -3.3741 0.2051 8.1995, -3.1153 0.2051 8.4955, -2.8307 0.2051 8.7667, -2.5225 0.2051 9.0108, -2.1934 0.2051 9.2259, -1.8461 0.2051 9.4101, -1.4834 0.2051 9.5619, -1.1084 0.2051 9.68, -0.7242 0.2051 9.7635, -0.334 0.2051 9.8117, 0.0589 0.2051 9.8242, 0.4514 0.2051 9.8008, 0.8401 0.2051 9.7417, 1.2218 0.2051 9.6475, 1.5933 0.2051 9.519, 1.9516 0.2051 9.3571, 2.2937 0.2051 9.1633, 2.6167 0.2051 8.9391, 2.9179 0.2051 8.6865, 3.1949 0.2051 8.4074, 3.4453 0.2051 8.1044, 3.6671 0.2051 7.7797, 3.8584 0.2051 7.4362, 4.0176 0.2051 7.0768, 4.1434 0.2051 6.7043, 4.2348 0.2051 6.3219, 4.2909 0.2051 5.9328, 4.3114 0.2051 5.5401, 4.2961 0.2051 5.1473, 4.245 0.2051 4.7575, 4.1587 0.2051 4.3739, 4.0378 0.2051 3.9998, 3.8833 0.2051 3.6383, 3.6965 0.2051 3.2923, 3.4791 0.2051 2.9648, 3.2326 0.2051 2.6584, 2.9594 0.2051 2.3758, 2.6615 0.2051 2.1192, 0.5077 0.2051 1.2292, 0.1156 0.2051 1.2006, -0.2775 0.2051 1.2079, -0.6683 0.2051 1.251, -2.3713 1.1632 3.1376, -2.2264 1.1811 3.2828, -2.0142 1.1811 3.0894, -2.5777 1.1632 3.3633, -2.4202 1.1811 3.4947, -2.7626 1.1632 3.6069, -2.5938 1.1811 3.7233, -2.9246 1.1632 3.8663, -2.7459 1.1811 3.9669, -3.0623 1.1632 4.1393, -2.8752 1.1811 4.2232, -3.1746 1.1632 4.4238, -2.9806 1.1811 4.4903, -3.2605 1.1632 4.7173, -3.0612 1.1811 4.7659, -3.3193 1.1632 5.0174, -3.1165 1.1811 5.0476, -3.3505 1.1632 5.3216, -3.1458 1.1811 5.3333, -3.3539 1.1632 5.6274, -3.149 1.1811 5.6204, -3.3295 1.1632 5.9323, -3.126 1.1811 5.9066, -3.2774 1.1632 6.2336, -3.0771 1.1811 6.1895, -3.198 1.1632 6.529, -3.0026 1.1811 6.4668, -3.0921 1.1632 6.8159, -2.9031 1.1811 6.7361, -2.9605 1.1632 7.0919, -2.7796 1.1811 6.9953, -2.8043 1.1632 7.3548, -2.633 1.1811 7.2422, -2.6248 1.1632 7.6024, -2.4644 1.1811 7.4746, -2.4236 1.1632 7.8327, -2.2755 1.1811 7.6908, -2.2021 1.1632 8.0436, -2.0676 1.1811 7.8888, -1.9624 1.1632 8.2335, -1.8425 1.1811 8.0671, -1.7064 1.1632 8.4008, -1.6022 1.1811 8.2242, -1.4362 1.1632 8.5441, -1.3485 1.1811 8.3587, -1.1541 1.1632 8.6622, -1.0837 1.1811 8.4696, -0.8625 1.1632 8.7541, -0.8098 1.1811 8.5559, -0.5636 1.1632 8.819, -0.5292 1.1811 8.6168, -0.2601 1.1632 8.8565, -0.2443 1.1811 8.652, 0.0456 1.1632 8.8662, 0.0427 1.1811 8.6611, 0.3508 1.1632 8.848, 0.3293 1.1811 8.644, 0.6532 1.1632 8.8021, 0.6132 1.1811 8.6009, 0.9501 1.1632 8.7288, 0.8919 1.1811 8.5321, 1.2391 1.1632 8.6288, 1.1633 1.1811 8.4382, 1.5178 1.1632 8.5029, 1.4249 1.1811 8.32, 1.7839 1.1632 8.3521, 1.6747 1.1811 8.1785, 2.0351 1.1632 8.1778, 1.9106 1.1811 8.0148, 2.2694 1.1632 7.9812, 2.1306 1.1811 7.8303, 2.4849 1.1632 7.7642, 2.3329 1.1811 7.6265, 2.6797 1.1632 7.5284, 2.5158 1.1811 7.4051, 2.8522 1.1632 7.2759, 2.6777 1.1811 7.1681, 3.001 1.1632 7.0087, 2.8174 1.1811 6.9172, 3.1248 1.1632 6.7291, 2.9337 1.1811 6.6547, 3.2227 1.1632 6.4394, 3.0256 1.1811 6.3827, 3.2938 1.1632 6.1419, 3.0923 1.1811 6.1034, 3.3374 1.1632 5.8392, 3.1333 1.1811 5.8192, 3.3534 1.1632 5.5338, 3.1483 1.1811 5.5325, 3.3415 1.1632 5.2283, 3.1371 1.1811 5.2456, 3.3017 1.1632 4.925, 3.0998 1.1811 4.9609, 3.2346 1.1632 4.6267, 3.0368 1.1811 4.6808, 2.5143 1.1632 3.2923, 2.3605 1.1811 3.428, 2.5404 1.1811 3.6517, 2.3017 1.1632 3.0724, 2.1609 1.1811 3.2216, 2.07 1.1632 2.8728, 1.9433 1.1811 3.0342, 1.821 1.1632 2.6952, 1.7096 1.1811 2.8674, 0.6963 1.1632 2.2304, 0.6537 1.1811 2.4311, 0.9315 1.1811 2.5035, -0.9537 0.2048 1.3055, -0.9537 0.2051 1.3055, -0.9887 0.6294 1.482, -1.0046 0.6846 1.524, -0.9905 0.7592 1.58, -0.9083 1.181 2.4786, -0.7698 1.1811 2.4574, -1.9484 1.1744 2.8784, -1.9858 1.1628 2.8072, -2.1453 1.1632 2.9317, -2.1829 1.0277 2.4841, -2.1874 1.0226 2.4774, -2.3916 1.0229 2.6352, -2.3489 0.7862 2.235, -2.3604 0.7587 2.2152, -2.5924 0.7592 2.3935, -2.3791 0.1961 1.9119, -2.3495 0.1332 1.882, -2.325 0.0916 1.8616, -2.2843 0.0348 1.8324, -2.4213 0.3639 1.9906, -2.4171 0.3293 1.9741, -2.444 0.2051 1.9576, -2.4016 0.2616 1.9425, -2.3822 0.2051 1.9161, -2.4254 0.3981 2.0069, -2.7576 0.2051 2.1948, -2.4255 0.4039 2.0098, -2.4207 0.5434 2.0808, -2.4267 0.4708 2.0428, -2.7235 0.404 2.2358, -2.4123 0.5902 2.1072, -2.4008 0.6439 2.1384, -2.4078 0.6153 2.1213, -2.6679 0.5906 2.3027, -2.3778 0.7168 2.1851, -2.315 0.8519 2.2885, -2.2274 0.9784 2.4183, -2.2699 0.9228 2.3559, -2.4994 0.9048 2.5055, -2.2766 0.9132 2.346, -2.2821 0.9044 2.3378, -2.137 1.0705 2.5536, -2.2724 1.1099 2.7787, -2.086 1.1098 2.634, -2.0904 1.1068 2.6269, -1.9913 1.161 2.7967, -2.0356 1.1406 2.7179, -2.0811 1.1132 2.6419, -1.9005 1.181 2.9789, -1.9073 1.1807 2.9635, -0.992 1.1622 2.3013, -0.99 1.163 2.3062, -0.8198 1.1632 2.2585, -0.9593 1.1743 2.3792, -0.9166 1.1807 2.464, -0.8683 1.1099 2.0657, -1.0466 1.1095 2.1156, -1.0407 1.1199 2.1437, -1.0192 1.1441 2.2228, -1.0701 1.0227 1.9278, -1.07 1.0265 1.9342, -0.9139 1.0229 1.8847, -1.064 1.0656 2.0105, -1.0525 1.0992 2.0878, -0.955 0.9048 1.7212, -1.0658 0.9318 1.7855, -1.0706 0.9819 1.8592, -1.0263 0.7591 1.5893, -1.0436 0.8228 1.6532, -1.0576 0.8841 1.7235, -1.0611 0.9043 1.7499, -1.0047 0.6849 1.5243, -1.0255 0.7564 1.5866, -0.9422 0.4036 1.3574, -0.9524 0.4775 1.3903, -0.6466 0.5906 1.3896, -0.9685 0.5529 1.4316, -0.9434 0.2623 1.3151, -0.9391 0.3215 1.3296, -0.6601 0.404 1.3036, -0.9405 0.3831 1.3496, -1.0192 0.0481 1.3035, -0.9924 0.0962 1.3001, -0.9712 0.146 1.3004, -0.9554 0.1978 1.3046, 1.2353 0.1534 1.3718, 1.1822 0.1207 1.3524, 0.8956 0.2051 1.2933, 1.1338 0.0843 1.3356, 1.0656 0.0178 1.3147, 1.1054 0.0592 1.3264, 1.3535 0.2051 1.4175, 1.3315 0.1978 1.4088, 1.276 0.2051 1.3925, 1.2932 0.1821 1.3939, 1.2774 0.1743 1.3879, 1.4653 0.2358 1.4623, 1.3969 0.2194 1.4347, 1.2602 0.404 1.4434, 1.5365 0.2467 1.4912, 1.5785 0.2504 1.5084, 1.6255 0.404 1.5752, 1.8019 0.2376 1.6009, 1.7274 0.248 1.5698, 1.9278 0.2051 1.6546, 1.9189 0.2084 1.6507, 1.9772 0.404 1.7397, 1.8468 0.2284 1.6199, 1.6528 0.2522 1.5389, 1.6423 0.2519 1.5346, 2.0549 0.1509 1.7113, 2.0042 0.1751 1.6883, 2.002 0.2051 1.6925, 1.9883 0.1826 1.6812, 2.3414 0.2051 1.8908, 2.2019 0.0492 1.7846, 2.1465 0.0937 1.7555, 2.0862 0.1334 1.726, 0.3704 1.1811 2.3842, 0.3946 1.1632 2.1806, 0.4181 1.1099 1.9831, 0.0841 1.1811 2.3634, 0.0896 1.1632 2.1583, 0.095 1.1099 1.9596, 0.1001 1.0229 1.773, -0.203 1.1811 2.3687, -0.2162 1.1632 2.164, -0.2289 1.1099 1.9655, -0.2408 1.0229 1.7793, -0.2517 0.9048 1.611, -0.4884 1.1811 2.4001, -0.5201 1.1632 2.1975, -0.5509 1.1099 2.001, -0.5798 1.0229 1.8167, -0.6058 0.9048 1.6501, -0.6284 0.7592 1.5062, -0.9783 0.5901 1.4561, -0.261 0.7592 1.4658, 0.1046 0.9048 1.6044, 0.4401 1.0229 1.7978, 0.7377 1.1099 2.0359, 0.9923 1.1632 2.3076, 1.2016 1.1811 2.6009, -0.2685 0.5906 1.3479, 0.1086 0.7592 1.4589, 0.46 0.9048 1.6303, 0.7765 1.0229 1.8534, 1.0512 1.1099 2.1177, 1.2799 1.1632 2.4114, 1.4617 1.1811 2.7226, -0.2741 0.404 1.2611, 0.1118 0.5906 1.3409, 0.4772 0.7592 1.4858, 0.8116 0.9048 1.6885, 1.1064 1.0229 1.9394, 1.3559 1.1099 2.2276, 1.557 1.1632 2.5409, 1.5922 0.5906 1.6556, 1.9368 0.5906 1.8167, 1.8819 0.7592 1.9213, 2.2011 0.7592 2.1077, 2.122 0.9048 2.23, 2.4121 0.9048 2.437, 2.3079 1.0229 2.5696, 2.5663 1.0229 2.7921, 2.4382 1.1099 2.9278, 2.6634 1.1099 3.1607, 2.7059 1.1632 3.5306, 2.6992 1.1811 3.8909, 2.2652 0.5906 2.0086, 2.5019 0.7592 2.3224, 2.6821 0.9048 2.6695, 2.8033 1.0229 3.0373, 2.8664 1.1099 3.4131, 2.8751 1.1632 3.7853, 2.8356 1.1811 4.1436, 2.3125 0.404 1.9355, 2.5749 0.5906 2.2295, 2.782 0.7592 2.5637, 2.9297 0.9048 2.9257, 3.017 1.0229 3.3029, 3.0456 1.1099 3.683, 3.0204 1.1632 4.0545, 2.9485 1.1811 4.4076, 2.6286 0.404 2.1611, 2.8631 0.5906 2.4778, 3.0389 0.7592 2.8294, 3.1531 0.9048 3.2033, 3.2056 1.0229 3.587, 3.1995 1.1099 3.9681, 3.1405 1.1632 4.3357, 1.6493 1.1099 2.3648, 1.4271 1.0229 2.0552, 1.1564 0.9048 1.7784, 0.8418 0.7592 1.5461, 0.4911 0.5906 1.3685, 0.1141 0.404 1.2539, 1.9291 1.1099 2.5282, 1.736 1.0229 2.1996, 1.4916 0.9048 1.8993, 1.1995 0.7592 1.6393, 0.8664 0.5906 1.4306, 0.5014 0.404 1.2821, 2.1927 1.1099 2.7164, 2.0304 1.0229 2.3716, 1.8143 0.9048 2.0502, 1.5471 0.7592 1.7647, 1.2345 0.5906 1.5265, 0.8845 0.404 1.3454, 3.3268 1.1099 4.266, 3.3676 1.0229 3.887, 3.3502 0.9048 3.5002, 3.2705 0.7592 3.1174, 3.1274 0.5906 2.7512, 2.9228 0.404 2.4145, 3.4264 1.1099 4.5742, 3.5015 1.0229 4.2005, 3.5195 0.9048 3.8137, 3.475 0.7592 3.4253, 3.3658 0.5906 3.0476, 3.1927 0.404 2.6937, 3.4975 1.1099 4.8902, 3.6064 1.0229 4.525, 3.6595 0.9048 4.1414, 3.6506 0.7592 3.7505, 3.5763 0.5906 3.3645, 3.4361 0.404 2.9962, 3.5396 1.1099 5.2114, 3.6813 1.0229 4.8576, 3.7691 0.9048 4.4805, 3.7958 0.7592 4.0904, 3.7569 0.5906 3.6992, 3.6509 0.404 3.3197, 3.5523 1.1099 5.5352, 3.7255 1.0229 5.1957, 3.8473 0.9048 4.8281, 3.9095 0.7592 4.4421, 3.9064 0.5906 4.049, 3.8353 0.404 3.6614, 3.5354 1.1099 5.8587, 3.7388 1.0229 5.5364, 3.8936 0.9048 5.1814, 3.9906 0.7592 4.8026, 4.0234 0.5906 4.4109, 3.9879 0.404 4.0185, 3.4891 1.1099 6.1793, 3.7211 1.0229 5.8769, 3.9075 0.9048 5.5375, 4.0386 0.7592 5.1691, 4.1069 0.5906 4.782, 4.1073 0.404 4.388, 3.4138 1.1099 6.4944, 3.6723 1.0229 6.2143, 3.8889 0.9048 5.8933, 4.0531 0.7592 5.5384, 4.1563 0.5906 5.1591, 4.1926 0.404 4.7668, 3.3101 1.1099 6.8013, 3.5931 1.0229 6.5459, 3.838 0.9048 6.246, 4.0338 0.7592 5.9075, 4.1711 0.5906 5.5392, 4.243 0.404 5.1518, 3.1789 1.1099 7.0975, 3.484 1.0229 6.869, 3.7552 0.9048 6.5926, 3.981 0.7592 6.2733, 4.1513 0.5906 5.9191, 4.2581 0.404 5.5398, 3.0213 1.1099 7.3805, 3.3459 1.0229 7.1807, 3.6412 0.9048 6.9302, 3.8951 0.7592 6.6328, 4.097 0.5906 6.2955, 4.2379 0.404 5.9276, 2.8386 1.1099 7.648, 3.18 1.0229 7.4786, 3.4969 0.9048 7.256, 3.7768 0.7592 6.983, 4.0086 0.5906 6.6655, 4.1824 0.404 6.3119, 2.6323 1.1099 7.8977, 2.9877 1.0229 7.7601, 3.3235 0.9048 7.5673, 3.6271 0.7592 7.3209, 3.8868 0.5906 7.0258, 4.0922 0.404 6.6895, 2.404 1.1099 8.1276, 2.7705 1.0229 8.023, 3.1225 0.9048 7.8615, 3.4473 0.7592 7.6438, 3.7328 0.5906 7.3736, 3.9679 0.404 7.0574, 2.1558 1.1099 8.3358, 2.5303 1.0229 8.265, 2.8955 0.9048 8.1362, 3.2388 0.7592 7.949, 3.5477 0.5906 7.7059, 3.8107 0.404 7.4125, 1.8897 1.1099 8.5205, 2.2691 1.0229 8.4841, 2.6445 0.9048 8.3891, 3.0034 0.7592 8.234, 3.3332 0.5906 8.02, 3.6218 0.404 7.7517, 1.6079 1.1099 8.6802, 1.989 1.0229 8.6785, 2.3715 0.9048 8.6181, 2.743 0.7592 8.4963, 3.0909 0.5906 8.3133, 3.4027 0.404 8.0723, 1.3126 1.1099 8.8136, 1.6923 1.0229 8.8466, 2.0787 0.9048 8.8213, 2.4598 0.7592 8.7338, 2.823 0.5906 8.5832, 3.1554 0.404 8.3717, 1.0065 1.1099 8.9195, 1.3816 1.0229 8.9869, 1.7687 0.9048 8.9969, 2.1562 0.7592 8.9445, 2.5315 0.5906 8.8276, 2.8819 0.404 8.6473, 0.692 1.1099 8.9971, 1.0594 1.0229 9.0984, 1.444 0.9048 9.1436, 1.8346 0.7592 9.1267, 2.219 0.5906 9.0445, 2.5843 0.404 8.8968, 0.3717 1.1099 9.0458, 0.7284 1.0229 9.1801, 1.1072 0.9048 9.2602, 1.4978 0.7592 9.2789, 1.8881 0.5906 9.232, 2.2653 0.404 9.1182, 0.0483 1.1099 9.065, 0.3913 1.0229 9.2313, 0.7613 0.9048 9.3455, 1.1485 0.7592 9.3998, 1.5415 0.5906 9.3886, 1.9275 0.404 9.3096, -0.2754 1.1099 9.0548, 0.0509 1.0229 9.2516, 0.409 0.9048 9.399, 0.7897 0.7592 9.4883, 1.182 0.5906 9.513, 1.5736 0.404 9.4695, -0.597 1.1099 9.0151, -0.2898 1.0229 9.2408, 0.0533 0.9048 9.4202, 0.4243 0.7592 9.5438, 0.8127 0.5906 9.6041, 1.2067 0.404 9.5964, -0.9135 1.1099 8.9463, -0.6282 1.0229 9.199, -0.3029 0.9048 9.409, 0.0553 0.7592 9.5658, 0.4367 0.5906 9.6612, 0.8297 0.404 9.6895, -1.2225 1.1099 8.8489, -0.9614 1.0229 9.1266, -0.6565 0.9048 9.3653, -0.3141 0.7592 9.5541, 0.057 0.5906 9.6839, 0.4458 0.404 9.7478, -1.5213 1.1099 8.7239, -1.2866 1.0229 9.0242, -1.0047 0.9048 9.2896, -0.6809 0.7592 9.5088, -0.3232 0.5906 9.6718, 0.0582 0.404 9.7709, -1.8075 1.1099 8.5721, -1.6011 1.0229 8.8925, -1.3446 0.9048 9.1825, -1.0421 0.7592 9.4303, -0.7007 0.5906 9.6252, -0.3299 0.404 9.7586, -2.0787 1.1099 8.3949, -1.9023 1.0229 8.7328, -1.6733 0.9048 9.045, -1.3946 0.7592 9.3193, -1.0724 0.5906 9.5444, -0.7153 0.404 9.711, -2.3326 1.1099 8.1937, -2.1878 1.0229 8.5463, -1.9881 0.9048 8.878, -1.7355 0.7592 9.1765, -1.4352 0.5906 9.4301, -1.0947 0.404 9.6285, -2.5671 1.1099 7.9703, -2.455 1.0229 8.3345, -2.2864 0.9048 8.6831, -2.0621 0.7592 9.0034, -1.7861 0.5906 9.2833, -1.4651 0.404 9.5119, -2.7804 1.1099 7.7264, -2.7019 1.0229 8.0993, -2.5657 0.9048 8.4618, -2.3715 0.7592 8.8012, -2.1221 0.5906 9.1051, -1.8233 0.404 9.3619, -2.9705 1.1099 7.4641, -2.9263 1.0229 7.8427, -2.8237 0.9048 8.216, -2.6612 0.7592 8.5717, -2.4405 0.5906 8.897, -2.1663 0.404 9.18, -3.1359 1.1099 7.1856, -3.1264 1.0229 7.5666, -3.0582 0.9048 7.9478, -2.9288 0.7592 8.3167, -2.7386 0.5906 8.6608, -2.4914 0.404 8.9676, -3.2753 1.1099 6.8932, -3.3005 1.0229 7.2735, -3.2673 0.9048 7.6593, -3.172 0.7592 8.0385, -3.014 0.5906 8.3984, -2.7957 0.404 8.7265, -3.3875 1.1099 6.5893, -3.4473 1.0229 6.9657, -3.4493 0.9048 7.3529, -3.389 0.7592 7.7392, -3.2644 0.5906 8.1121, -3.0769 0.404 8.4586, -3.4716 1.1099 6.2764, -3.5653 1.0229 6.6458, -3.6026 0.9048 7.0312, -3.5777 0.7592 7.4215, -3.4876 0.5906 7.8041, -3.3324 0.404 8.1663, -3.5268 1.1099 5.9572, -3.6538 1.0229 6.3166, -3.726 0.9048 6.697, -3.7368 0.7592 7.0878, -3.6819 0.5906 7.4771, -3.5603 0.404 7.8519, -3.5527 1.1099 5.6343, -3.7119 1.0229 5.9806, -3.8185 0.9048 6.3528, -3.8648 0.7592 6.7411, -3.8456 0.5906 7.1337, -3.7586 0.404 7.5181, -3.5491 1.1099 5.3104, -3.7392 1.0229 5.6407, -3.8792 0.9048 6.0017, -3.9607 0.7592 6.3842, -3.9773 0.5906 6.7769, -3.9257 0.404 7.1676, -3.516 1.1099 4.9881, -3.7354 1.0229 5.2998, -3.9077 0.9048 5.6465, -4.0237 0.7592 6.02, -4.076 0.5906 6.4096, -4.0602 0.404 6.8033, -3.4537 1.1099 4.6702, -3.7006 1.0229 4.9606, -3.9038 0.9048 5.2902, -4.0532 0.7592 5.6515, -4.1408 0.5906 6.0348, -4.161 0.404 6.4283, -3.3627 1.1099 4.3593, -3.635 1.0229 4.626, -3.8674 0.9048 4.9358, -4.0491 0.7592 5.282, -4.1712 0.5906 5.6556, -4.2271 0.404 6.0457, -3.2438 1.1099 4.058, -3.5392 1.0229 4.2988, -3.7988 0.9048 4.5861, -4.0114 0.7592 4.9143, -4.167 0.5906 5.2753, -4.2582 0.404 5.6586, -3.0979 1.1099 3.7687, -3.4141 1.0229 3.9816, -3.6988 0.9048 4.2441, -3.9403 0.7592 4.5516, -4.1282 0.5906 4.8969, -4.2539 0.404 5.2703, -2.9263 1.1099 3.494, -3.2605 1.0229 3.6772, -3.5679 0.9048 3.9126, -3.8365 0.7592 4.1969, -4.055 0.5906 4.5236, -4.2142 0.404 4.8841, -2.7304 1.1099 3.236, -3.0799 1.0229 3.388, -3.4075 0.9048 3.5945, -3.7008 0.7592 3.8531, -3.9482 0.5906 4.1586, -4.1395 0.404 4.503, -2.5118 1.1099 2.9969, -2.8737 1.0229 3.1165, -3.2187 0.9048 3.2922, -3.5344 0.7592 3.5231, -3.8085 0.5906 3.8048, -4.0305 0.404 4.1304, -2.6436 1.0229 2.8648, -3.0032 0.9048 3.0085, -3.3386 0.7592 3.2096, -3.6373 0.5906 3.4651, -3.8879 0.404 3.7692, -2.7628 0.9048 2.7455, -3.115 0.7592 2.9152, -3.4358 0.5906 3.1425, -3.7131 0.404 3.4225, -2.8656 0.7592 2.6425, -3.2057 0.5906 2.8396, -3.5074 0.404 3.0931, -2.9491 0.5906 2.5589, -3.2726 0.404 2.7839, -3.0105 0.404 2.4973, -2.0376 0.8659 1.1066, -1.9689 0.8847 1.0893, -1.9886 0.8265 0.9345, -2.0576 0.8067 0.9491, -2.117 0.7724 0.9679, -2.0966 0.8327 1.1281, -2.0035 0.7759 0.7802, -1.3495 1.2952 2.4042, -1.3745 1.2843 2.3427, -1.3879 1.2961 2.347, -1.391 1.2771 2.302, -1.4225 1.257 2.2176, -1.4422 1.2735 2.2223, -1.4556 1.2309 2.1235, -1.4728 1.2126 2.0691, -1.5023 1.237 2.0736, -1.5357 1.1245 1.8453, -1.5997 1.0439 1.6365, -1.6486 1.0817 1.6347, -1.6448 0.6047 0.966, -1.6458 0.5852 0.9401, -1.6568 0.5466 0.8201, -1.7097 0.2905 0.6978, -1.7248 0.2695 0.7008, -1.8088 0.2047 0.7534, -1.8281 0.1978 0.7691, -1.829 0.1971 0.7694, -1.8291 0.1974 0.7699, -1.9971 0.2138 0.926, -2.0156 0.2244 0.9458, -2.0299 0.2281 0.9459, -2.1257 0.3435 1.0994, -2.1334 0.3592 1.116, -2.1618 0.3898 1.1082, -2.1725 0.5064 1.2666, -2.1725 0.5074 1.2676, -2.1844 0.5347 1.2585, -2.1679 0.6543 1.4221, -2.1635 0.6787 1.4491, -2.1657 0.6938 1.4432, -2.1243 0.8248 1.6197, -2.1212 0.833 1.63, -2.1145 0.8691 1.6129, -1.8925 1.1777 2.1826, -1.8703 1.1958 2.2276, -1.8608 1.2087 2.2202, -1.7973 1.2481 2.3735, -1.7958 1.2489 2.3765, -1.7519 1.2883 2.3497, -1.5565 1.3325 2.7687, -1.6319 1.3279 2.6171, -1.5795 1.3162 2.7802, -1.6371 1.3074 2.6835, -1.5852 1.3121 2.7831, -1.7308 1.2807 2.5032, -1.688 1.296 2.5857, -1.6629 1.3016 2.634, -1.7874 1.2537 2.3928, -1.7381 1.2781 2.489, -1.6943 1.3123 2.4821, -1.8054 1.2426 2.3574, -1.9792 1.0852 1.9979, -1.9395 1.1312 2.0842, -1.9176 1.1615 2.0663, -1.937 1.1341 2.0896, -1.9858 1.0768 1.9831, -2.0165 1.0434 1.7529, -1.9863 1.0762 1.982, -2.0472 0.9973 1.7804, -2.024 1.0235 1.8949, -2.0585 0.9672 1.8098, -2.077 0.9317 1.7602, -2.0622 0.9601 1.7999, -2.1154 0.8481 1.6489, -2.0891 0.9086 1.7279, -2.1581 0.7797 1.4052, -2.1658 0.7347 1.4258, -2.1288 0.8112 1.6032, -2.1579 0.71 1.4839, -2.1572 0.7126 1.4869, -2.1433 0.767 1.5498, -2.2004 0.6068 1.2323, -2.195 0.5704 1.2459, -2.1702 0.6332 1.3993, -2.1749 0.5532 1.3148, -2.1747 0.5601 1.322, -2.1734 0.6028 1.3667, -2.1697 0.4862 1.2461, -2.1888 0.4305 1.0969, -2.1664 0.4622 1.2217, -2.154 0.413 1.1717, -2.1601 0.4334 1.1925, -2.1391 0.3708 1.1284, -2.1484 0.3945 1.1528, -2.104 0.3077 1.0599, -2.1414 0.2906 0.9364, -2.083 0.2809 1.0281, -2.0913 0.2548 0.9429, -2.072 0.269 1.0129, -2.0232 0.2288 0.9541, -2.0286 0.2327 0.9602, -2.0482 0.2471 0.9829, -1.9808 0.2064 0.9093, -2.0413 0.1846 0.7851, -1.9641 0.2005 0.8927, -1.9714 0.1717 0.784, -1.9537 0.1969 0.8825, -1.9265 0.1908 0.8565, -1.8985 0.1757 0.7787, -1.8329 0.1961 0.773, -1.8579 0.1906 0.7945, -1.884 0.1881 0.8175, -1.8954 0.1881 0.8278, -1.8994 0.1882 0.8314, -1.7733 0.2241 0.7269, -1.7947 0.2113 0.7424, -1.771 0.2259 0.7254, -1.7536 0.2394 0.7143, -1.7248 0.2694 0.7009, -1.7355 0.257 0.7049, -1.68 0.3516 0.7102, -1.6908 0.3252 0.7014, -1.6917 0.3235 0.7011, -1.7041 0.2997 0.6978, -1.6746 0.3684 0.7188, -1.6706 0.3808 0.7155, -1.671 0.3798 0.7246, -1.67 0.3837 0.7273, -1.6636 0.4102 0.7454, -1.662 0.4286 0.7034, -1.6628 0.4145 0.7487, -1.6514 0.5005 0.8334, -1.6523 0.489 0.8199, -1.6614 0.4718 0.6929, -1.6568 0.4502 0.7799, -1.6572 0.4478 0.7778, -1.6502 0.5151 0.8505, -1.6517 0.5092 0.8309, -1.6488 0.5322 0.8706, -1.6479 0.5473 0.8895, -1.6384 0.7055 1.1126, -1.6412 0.6685 1.0571, -1.6846 0.6227 0.7997, -1.6413 0.667 1.0551, -1.6671 0.5832 0.81, -1.6776 0.7703 1.0927, -1.6317 0.779 1.2248, -1.6505 0.7299 1.1048, -1.6359 0.7386 1.1623, -1.6069 0.9286 1.4687, -1.6197 0.8653 1.3626, -1.6466 0.8478 1.2806, -1.6263 0.8194 1.2889, -1.6302 0.7926 1.2459, -1.5878 1.0008 1.596, -1.6056 0.9352 1.4797, -1.6448 0.9693 1.46, -1.6068 0.9293 1.4697, -1.6071 0.9288 1.4686, -1.546 1.1063 1.804, -1.5699 1.0522 1.6933, -1.5798 1.0237 1.6394, -1.4888 1.1956 2.0186, -1.5152 1.1592 1.9254, -1.5559 1.1925 1.9286, -1.5189 1.154 1.9123, -1.4299 1.2524 2.1979, -1.3203 1.3029 2.471, -1.329 1.3108 2.4744, -1.3052 1.3068 2.5053, -1.2588 1.3161 2.6186, -1.2532 1.3121 2.6158, -2.1905 0.2879 0.769, -2.1527 0.2473 0.7766, -2.2172 0.3294 0.7606, -2.2347 0.3693 0.752, -2.2448 0.4064 0.7436, -2.2498 0.4443 0.7347, -2.2406 0.5353 0.7122, -2.2492 0.4875 0.7243, -2.2213 0.5861 0.6988, -2.1888 0.6368 0.6846, -2.1325 0.7199 0.8075, -2.1421 0.6829 0.6706, -2.0727 0.7552 0.7921, -2.039 0.7676 0.7856, -1.9398 0.7444 0.6437, -1.87 0.7315 0.6426, -1.7994 0.7397 0.7742, -1.7494 0.7039 0.7808, -1.7115 0.6637 0.7896, -1.6664 0.5098 0.6841, -2.1027 0.2113 0.7823, -1.4353 1.3759 2.7076, -1.4192 1.378 2.6994, -1.51 1.3712 2.5556, -1.4117 1.377 2.6957, -1.4438 1.3667 2.5245, -1.3753 1.3723 2.6773, -1.3703 1.3717 2.6748, -1.382 1.3453 2.4968, -1.3036 1.3481 2.6411, -1.2782 1.3299 2.6284, -1.3599 1.3704 2.6695, -1.3405 1.3627 2.6598, -1.31 1.3506 2.6444, -1.5504 1.3369 2.7656, -1.5348 1.3481 2.7577, -1.5746 1.3576 2.5875, -1.5188 1.3544 2.7497, -1.4992 1.3622 2.7398, -1.4423 1.3302 2.3663, -1.4979 1.3071 2.2387, -1.5054 1.3513 2.3915, -1.562 1.3277 2.2613, -1.5723 1.3556 2.4209, -1.6297 1.3317 2.289, -1.6372 1.3419 2.452, -1.6949 1.3179 2.3194, -1.5594 1.2697 2.0866, -1.6141 1.2242 1.9385, -1.6247 1.2896 2.1063, -1.6804 1.2433 1.9555, -1.6932 1.2931 2.1319, -1.7498 1.2462 1.9789, -1.7589 1.279 2.1612, -1.8158 1.2317 2.007, -1.8159 1.2495 2.1915, -1.873 1.202 2.0371, -1.6846 0.8877 1.2707, -1.7157 0.8101 1.0825, -1.7345 0.9237 1.2647, -1.7657 0.8457 1.0755, -1.7956 0.9514 1.2643, -1.827 0.8728 1.0736, -1.8648 0.9664 1.2709, -1.8966 0.8868 1.0781, -1.9367 0.9653 1.2848, -2.0048 0.9477 1.305, -2.0634 0.9158 1.3296, -2.0964 0.9161 1.5884, -2.0655 0.9623 1.5613, -2.1087 0.8739 1.3559, -2.1924 0.6938 1.1968, -2.2004 0.6482 1.216, -2.2061 0.3718 0.9175, -2.1793 0.3308 0.9275, -2.1228 0.3377 1.0931, -2.2138 0.6306 1.0288, -2.2302 0.575 0.8588, -2.222 0.5844 1.0461, -2.2387 0.5279 0.8736, -2.2222 0.5425 1.061, -2.2391 0.4853 0.8863, -2.2169 0.5056 1.0734, -2.2339 0.4479 0.897, -2.2065 0.4695 1.085, -2.2237 0.4113 0.9071, -2.1398 0.8271 1.3816, -2.1424 0.7897 1.1517, -2.1739 0.742 1.1751, -2.1631 0.7284 0.9886, -2.195 0.6797 1.0094, -2.1789 0.6748 0.8248, -2.2111 0.625 0.8423, -1.4846 1.368 2.7324, -1.4785 1.3704 2.7294, -1.4484 1.3742 2.7142, -1.8458 1.2158 2.2772, -1.7085 1.1114 1.6391, -1.7765 1.1286 1.651, -1.8471 1.1299 1.6702, -1.9142 1.1143 1.6953, -1.9718 1.084 1.7238, -1.6944 1.006 1.4558, -1.755 1.0346 1.4576, -1.8236 1.0507 1.4668, -1.895 1.0508 1.4834, -1.9626 1.0343 1.5063, -2.0206 1.0034 1.5331, -1.8609 0.7664 0.7713, -1.9307 0.7795 0.7731, -1.9671 0.7799 0.776, -0.9706 1.3769 3.5332, -0.9343 1.3705 3.5149, -0.8997 1.3588 3.4975, -0.8677 1.3424 3.4813, -0.6612 1.3503 3.9258, -0.6303 1.3313 3.9102, -0.6949 1.3649 3.9428, -0.3121 1.3371 5.228, -0.2854 1.3525 5.2146, -0.5036 1.334 4.8597, -0.0336 1.3295 5.0876, -0.0186 1.3176 5.0801, -0.2351 1.3395 4.7243, -0.6867 1.3123 3.74, -0.8274 1.3123 3.461, -0.8388 1.3221 3.4667, -0.8323 1.3123 3.4512, -1.2422 1.3123 2.638, -1.2311 1.3123 2.6602, -0.4163 1.3358 4.3508, -0.3863 1.3123 4.3357, -0.3892 1.3123 4.3301, -0.1995 1.3123 4.7064, -0.2049 1.3171 4.7091, -0.195 1.3123 4.7153, -0.2196 1.3288 4.7165, -0.0979 1.3123 4.9078, 0.0553 1.3292 5.2631, 0.0759 1.3123 5.2526, -0.0008 1.3123 5.1004, -0.5543 1.3123 4.8272, -0.5309 1.3123 4.8735, -0.5282 1.3147 4.8721, -0.421 1.3123 5.0916, -0.7148 1.315 4.5013, -0.7178 1.3123 4.5029, -0.5658 1.3123 4.8044, -0.7734 1.3123 4.3925, -0.6888 1.3352 4.4882, -0.9321 1.3178 4.0623, -1.0631 1.3123 3.818, -0.9646 1.3123 4.0134, -0.9383 1.3123 4.0655, -0.9045 1.3383 4.0484, -1.1416 1.3267 3.6194, -1.5738 1.3123 2.8052, -1.5626 1.3123 2.8273, -1.1588 1.3123 3.6281, 0.1142 1.3482 5.4536, 0.1196 1.3443 5.4509, 0.0231 1.3495 5.2793, 0.1287 1.3378 5.4463, 0.1599 1.3156 5.4306, -0.207 1.3472 5.3953, -0.1218 1.3445 5.5726, -0.1167 1.3482 5.57, -0.1794 1.3604 5.3814, -0.2317 1.3315 5.4078, -0.3357 1.3195 5.24, -0.1253 1.342 5.5744, -0.1478 1.326 5.5857, -0.2535 1.3142 5.4187, -0.1556 1.3204 5.5896, 0.0156 1.3758 5.5033, -0.082 1.3778 5.3323, -0.0012 1.378 5.5118, -0.1164 1.3764 5.3496, -0.0077 1.3771 5.5151, -0.0605 1.3704 5.5417, -0.0406 1.3729 5.5317, -0.1491 1.3704 5.3661, -0.035 1.3737 5.5288, -0.0997 1.3549 5.5614, -0.0811 1.3622 5.5521, -0.0714 1.3661 5.5472, -0.1716 1.3779 5.1572, -0.1538 1.3767 5.1482, -0.3761 1.3777 4.7954, -0.358 1.3778 4.7863, -0.5562 1.3779 4.4214, -0.0466 1.374 5.3144, -0.0112 1.3645 5.2966, -0.1179 1.3701 5.1301, -0.1002 1.3647 5.1212, -0.3215 1.3739 4.7679, -0.1358 1.3741 5.1392, -0.3397 1.3766 4.7771, -0.5194 1.3757 4.4029, -0.7675 1.3779 3.9794, -0.0657 1.3497 5.1038, -0.0827 1.3579 5.1124, -0.2856 1.3642 4.7498, -0.3034 1.3697 4.7588, -0.0493 1.3402 5.0956, -0.2513 1.349 4.7325, -0.2682 1.3572 4.741, -0.4485 1.3542 4.3671, -0.0126 1.3123 5.077, -0.2558 1.3649 5.1996, -0.4757 1.3508 4.8457, -0.6271 1.3658 4.4571, -0.4284 1.3693 4.8218, -0.4114 1.3734 4.8132, -0.2066 1.3762 5.1749, -0.1893 1.3777 5.1661, -0.167 1.3123 5.5954, -0.2555 1.3123 5.4198, -0.2876 1.3123 5.356, -0.344 1.3123 5.2441, -1.0075 1.3775 3.5518, -1.0441 1.3724 3.5703, -0.8043 1.3758 3.9979, -0.7307 1.3742 3.9608, -0.4335 1.3123 4.2422, -0.4832 1.3677 4.3846, -0.6594 1.3524 4.4734, -0.4448 1.3642 4.8301, -0.2236 1.3736 5.1834, -0.5924 1.3745 4.4397, -0.84 1.3682 4.0159, -1.0792 1.3618 3.5879, -0.6069 1.3123 3.8984, -1.1119 1.3463 3.6044, -0.8736 1.3554 4.0329, 0.0264 1.3744 5.4979, 0.058 1.3704 5.482, 0.0682 1.3664 5.4768, 0.0958 1.3554 5.4629, -0.3939 1.3762 4.8044, 0.1645 1.3123 5.4283, 0.0358 1.3728 5.6352, -0.0634 1.3059 5.7779, -0.0389 1.3026 5.8148, -0.0157 1.3201 5.8044, 0.1404 1.2697 6.0412, 0.1781 1.2615 6.077, 0.1332 1.2808 6.0155, 0.3474 1.282 5.8202, 0.3198 1.2907 5.7545, 0.2801 1.3172 5.7838, 0.3082 1.2943 5.727, 0.2694 1.3028 5.6422, 0.2546 1.3152 5.6523, 0.2171 1.31 5.5338, 0.1865 1.3342 5.552, 0.2174 1.31 5.5343, 0.2657 1.3036 5.6343, 0.3667 1.2739 5.8724, 0.2596 1.3098 5.9484, 0.3787 1.2622 6.0141, 0.3068 1.3022 5.9175, 0.4023 1.2527 5.9955, 0.3927 1.2601 5.9544, 0.3898 1.262 5.9436, 0.3526 1.283 5.8837, 0.3848 1.2647 5.9275, 0.3716 1.2718 5.8855, 0.4098 1.2419 6.0555, 0.4085 1.2458 6.034, 0.4026 1.2525 5.9965, 0.4105 1.2391 6.0714, 0.4105 1.2399 6.0666, 0.3327 1.2715 6.0464, 0.4 1.2301 6.128, 0.4042 1.2317 6.1168, 0.4088 1.235 6.0959, 0.3686 1.2278 6.1605, 0.3812 1.2277 6.153, 0.2873 1.2708 6.0743, 0.3916 1.2285 6.1423, 0.3975 1.2297 6.1322, 0.3258 1.2321 6.1643, 0.3373 1.2306 6.1656, 0.3539 1.2288 6.1647, 0.2439 1.2472 6.1285, 0.2728 1.2413 6.1454, 0.2447 1.2621 6.0973, 0.2817 1.2396 6.1498, 0.2851 1.239 6.1512, 0.3048 1.2354 6.1591, 0.1711 1.2969 5.9977, 0.1809 1.2608 6.0797, 0.2127 1.2539 6.1061, 0.2181 1.2527 6.11, -0.0118 1.299 5.8554, 0.0359 1.2909 5.9201, 0.0581 1.3053 5.9105, 0.0405 1.2901 5.9264, 0.0516 1.288 5.9404, 0.0973 1.2789 5.995, 0.1212 1.2738 6.0206, -0.1065 1.3098 5.7065, -0.1612 1.3123 5.6068, -0.1136 1.3105 5.6946, -0.0874 1.3254 5.6975, 0.2137 1.3073 5.9754, 0.3106 1.2936 5.7325, 0.2081 1.3427 5.6825, 0.2323 1.3345 5.8157, 0.1585 1.3578 5.7126, 0.1839 1.3402 5.8452, 0.109 1.3611 5.7407, 0.1375 1.3356 5.8712, 0.0625 1.3544 5.7658, 0.0953 1.3232 5.893, 0.0206 1.3399 5.787, 0.086 1.372 5.6084, 0.1374 1.3594 5.58, -0.0521 1.3471 5.6802, -0.0108 1.3637 5.6594, 0.0052 -1.3771 5.5151, 0.0325 -1.3737 5.5288, -0.0383 -1.3728 5.6352, 0.061 -1.3059 5.7779, 0.0364 -1.3026 5.8148, 0.0132 -1.3201 5.8044, -0.1429 -1.2697 6.0412, -0.1806 -1.2615 6.077, -0.1357 -1.2808 6.0155, -0.3499 -1.282 5.8202, -0.3223 -1.2907 5.7545, -0.2826 -1.3172 5.7838, -0.3107 -1.2943 5.727, -0.2718 -1.3028 5.6422, -0.2571 -1.3152 5.6523, -0.167 -1.3123 5.4283, -0.1624 -1.3156 5.4306, -0.2196 -1.31 5.5338, -0.1889 -1.3342 5.552, -0.2199 -1.31 5.5343, -0.2682 -1.3036 5.6343, -0.3692 -1.2739 5.8724, -0.262 -1.3098 5.9484, -0.3812 -1.2622 6.0141, -0.3093 -1.3022 5.9175, -0.4048 -1.2527 5.9955, -0.3952 -1.2601 5.9544, -0.3923 -1.262 5.9436, -0.3551 -1.283 5.8837, -0.3872 -1.2647 5.9275, -0.374 -1.2718 5.8855, -0.4123 -1.2419 6.0555, -0.411 -1.2458 6.034, -0.4051 -1.2525 5.9965, -0.413 -1.2391 6.0714, -0.413 -1.2399 6.0666, -0.3352 -1.2715 6.0464, -0.4025 -1.2301 6.128, -0.4067 -1.2317 6.1168, -0.4112 -1.235 6.0959, -0.3711 -1.2278 6.1605, -0.3836 -1.2277 6.153, -0.2898 -1.2708 6.0743, -0.3941 -1.2285 6.1423, -0.4 -1.2297 6.1322, -0.3282 -1.2321 6.1643, -0.3397 -1.2306 6.1656, -0.3564 -1.2288 6.1647, -0.2464 -1.2472 6.1285, -0.2753 -1.2413 6.1454, -0.2472 -1.2621 6.0973, -0.2841 -1.2396 6.1498, -0.2875 -1.239 6.1512, -0.3073 -1.2354 6.1591, -0.1736 -1.2969 5.9977, -0.1834 -1.2608 6.0797, -0.2151 -1.2539 6.1061, -0.2206 -1.2527 6.11, 0.0094 -1.299 5.8554, -0.0384 -1.2909 5.9201, -0.0606 -1.3053 5.9105, -0.043 -1.2901 5.9264, -0.054 -1.288 5.9404, -0.0997 -1.2789 5.995, -0.1236 -1.2738 6.0206, 0.104 -1.3098 5.7065, 0.1587 -1.3123 5.6068, 0.1111 -1.3105 5.6946, 0.0849 -1.3254 5.6975, -0.2161 -1.3073 5.9754, -0.3131 -1.2936 5.7325, -0.2106 -1.3427 5.6825, -0.2348 -1.3345 5.8157, -0.161 -1.3578 5.7126, -0.1863 -1.3402 5.8452, -0.1115 -1.3611 5.7407, -0.14 -1.3356 5.8712, -0.065 -1.3544 5.7658, -0.0978 -1.3232 5.893, -0.0231 -1.3399 5.787, -0.0012 -1.378 5.5118, -0.0885 -1.372 5.6084, -0.018 -1.3758 5.5033, -0.0982 -1.3554 5.4629, -0.0707 -1.3664 5.4768, -0.1399 -1.3594 5.58, -0.0605 -1.3704 5.482, -0.0289 -1.3744 5.4979, -0.1312 -1.3378 5.4463, -0.1221 -1.3443 5.4509, -0.1167 -1.3482 5.4536, 0.1645 -1.3123 5.5954, 0.1531 -1.3204 5.5896, 0.1454 -1.326 5.5857, 0.0496 -1.3471 5.6802, 0.1228 -1.342 5.5744, 0.0083 -1.3637 5.6594, 0.0786 -1.3622 5.5521, 0.0972 -1.3549 5.5614, 0.1142 -1.3482 5.57, 0.1193 -1.3445 5.5726, 0.0381 -1.3729 5.5317, 0.058 -1.3704 5.5417, 0.0689 -1.3661 5.5472, 0.9681 -1.3769 3.5332, 0.9318 -1.3705 3.5149, 1.3728 -1.3723 2.6773, 1.3075 -1.3506 2.6444, 1.338 -1.3627 2.6598, 0.8972 -1.3588 3.4975, 1.2757 -1.3299 2.6284, 1.3011 -1.3481 2.6411, 0.8652 -1.3424 3.4813, 1.3679 -1.3717 2.6748, 0.6587 -1.3503 3.9258, 0.6278 -1.3313 3.9102, 0.6924 -1.3649 3.9428, 0.3096 -1.3371 5.228, 0.2829 -1.3525 5.2146, 0.5011 -1.334 4.8597, 0.0311 -1.3295 5.0876, 0.0161 -1.3176 5.0801, 0.2326 -1.3395 4.7243, 0.6842 -1.3123 3.74, 0.8249 -1.3123 3.461, 0.8363 -1.3221 3.4667, 0.8298 -1.3123 3.4512, 1.2507 -1.3121 2.6158, 1.2563 -1.3161 2.6186, 1.2398 -1.3123 2.638, 1.2286 -1.3123 2.6602, 0.4138 -1.3358 4.3508, 0.3839 -1.3123 4.3357, 0.3867 -1.3123 4.3301, 0.197 -1.3123 4.7064, 0.2024 -1.3171 4.7091, 0.1925 -1.3123 4.7153, 0.2171 -1.3288 4.7165, 0.0954 -1.3123 4.9078, -0.0578 -1.3292 5.2631, -0.0784 -1.3123 5.2526, -0.0017 -1.3123 5.1004, 0.5518 -1.3123 4.8272, 0.5284 -1.3123 4.8735, 0.5257 -1.3147 4.8721, 0.4185 -1.3123 5.0916, 0.7123 -1.315 4.5013, 0.7153 -1.3123 4.5029, 0.5633 -1.3123 4.8044, 0.771 -1.3123 4.3925, 0.6863 -1.3352 4.4882, 0.9296 -1.3178 4.0623, 1.0606 -1.3123 3.818, 0.9621 -1.3123 4.0134, 0.9358 -1.3123 4.0655, 0.902 -1.3383 4.0484, 1.1391 -1.3267 3.6194, 1.5827 -1.3121 2.7831, 1.5713 -1.3123 2.8052, 1.577 -1.3162 2.7802, 1.5601 -1.3123 2.8273, 1.1563 -1.3123 3.6281, -0.0256 -1.3495 5.2793, 0.2045 -1.3472 5.3953, 0.1769 -1.3604 5.3814, 0.2292 -1.3315 5.4078, 0.3333 -1.3195 5.24, 0.251 -1.3142 5.4187, 0.0795 -1.3778 5.3323, 0.1139 -1.3764 5.3496, 0.1466 -1.3704 5.3661, 0.1692 -1.3779 5.1572, 0.1513 -1.3767 5.1482, 0.3736 -1.3777 4.7954, 0.3555 -1.3778 4.7863, 0.5537 -1.3779 4.4214, 0.0441 -1.374 5.3144, 0.0087 -1.3645 5.2966, 0.1154 -1.3701 5.1301, 0.0977 -1.3647 5.1212, 0.319 -1.3739 4.7679, 0.1333 -1.3741 5.1392, 0.3372 -1.3766 4.7771, 0.517 -1.3757 4.4029, 0.765 -1.3779 3.9794, 0.0633 -1.3497 5.1038, 0.0803 -1.3579 5.1124, 0.2831 -1.3642 4.7498, 0.3009 -1.3697 4.7588, 0.0468 -1.3402 5.0956, 0.2488 -1.349 4.7325, 0.2657 -1.3572 4.741, 0.446 -1.3542 4.3671, 0.0101 -1.3123 5.077, 0.2533 -1.3649 5.1996, 0.4732 -1.3508 4.8457, 0.6246 -1.3658 4.4571, 0.4259 -1.3693 4.8218, 0.4089 -1.3734 4.8132, 0.2042 -1.3762 5.1749, 0.1868 -1.3777 5.1661, 0.253 -1.3123 5.4198, 0.2852 -1.3123 5.356, 0.3416 -1.3123 5.2441, 1.0051 -1.3775 3.5518, 1.0416 -1.3724 3.5703, 0.8018 -1.3758 3.9979, 0.7282 -1.3742 3.9608, 0.431 -1.3123 4.2422, 0.4807 -1.3677 4.3846, 0.6569 -1.3524 4.4734, 0.4424 -1.3642 4.8301, 0.2211 -1.3736 5.1834, 1.4821 -1.368 2.7324, 1.4968 -1.3622 2.7398, 0.59 -1.3745 4.4397, 0.8375 -1.3682 4.0159, 1.0767 -1.3618 3.5879, 1.5164 -1.3544 2.7497, 1.4093 -1.377 2.6957, 1.4167 -1.378 2.6994, 1.4329 -1.3759 2.7076, 1.4459 -1.3742 2.7142, 1.476 -1.3704 2.7294, 1.3574 -1.3704 2.6695, 0.6044 -1.3123 3.8984, 1.5323 -1.3481 2.7577, 1.5479 -1.3369 2.7656, 1.1094 -1.3463 3.6044, 1.554 -1.3325 2.7687, 0.8711 -1.3554 4.0329, 0.3914 -1.3762 4.8044, 2.0351 -0.8659 1.1066, 1.9664 -0.8847 1.0893, 1.9861 -0.8265 0.9345, 2.0551 -0.8067 0.9491, 2.1145 -0.7724 0.9679, 2.0941 -0.8327 1.1281, 1.9689 -0.1717 0.784, 2.001 -0.7759 0.7802, 1.347 -1.2952 2.4042, 1.372 -1.2843 2.3427, 1.3854 -1.2961 2.347, 1.3885 -1.2771 2.302, 1.4201 -1.257 2.2176, 1.4397 -1.2735 2.2223, 1.4531 -1.2309 2.1235, 1.4703 -1.2126 2.0691, 1.4998 -1.237 2.0736, 1.5332 -1.1245 1.8453, 1.5972 -1.0439 1.6365, 1.6461 -1.0817 1.6347, 1.6423 -0.6047 0.966, 1.6433 -0.5852 0.9401, 1.6543 -0.5466 0.8201, 1.7073 -0.2905 0.6978, 1.7223 -0.2695 0.7008, 1.8063 -0.2047 0.7534, 1.8256 -0.1978 0.7691, 1.8266 -0.1971 0.7694, 1.8266 -0.1974 0.7699, 1.9946 -0.2138 0.926, 2.0131 -0.2244 0.9458, 2.0274 -0.2281 0.9459, 2.1232 -0.3435 1.0994, 2.1309 -0.3592 1.116, 2.1594 -0.3898 1.1082, 2.17 -0.5064 1.2666, 2.1701 -0.5074 1.2676, 2.1819 -0.5347 1.2585, 2.1655 -0.6543 1.4221, 2.161 -0.6787 1.4491, 2.1632 -0.6938 1.4432, 2.1218 -0.8248 1.6197, 2.1187 -0.833 1.63, 2.112 -0.8691 1.6129, 1.89 -1.1777 2.1826, 1.8678 -1.1958 2.2276, 1.8583 -1.2087 2.2202, 1.7948 -1.2481 2.3735, 1.7933 -1.2489 2.3765, 1.7495 -1.2883 2.3497, 1.6294 -1.3279 2.6171, 1.6346 -1.3074 2.6835, 1.7283 -1.2807 2.5032, 1.6855 -1.296 2.5857, 1.6604 -1.3016 2.634, 1.785 -1.2537 2.3928, 1.7357 -1.2781 2.489, 1.6918 -1.3123 2.4821, 1.803 -1.2426 2.3574, 1.9767 -1.0852 1.9979, 1.937 -1.1312 2.0842, 1.9152 -1.1615 2.0663, 1.9345 -1.1341 2.0896, 1.9833 -1.0768 1.9831, 2.014 -1.0434 1.7529, 1.9838 -1.0762 1.982, 2.0448 -0.9973 1.7804, 2.0216 -1.0235 1.8949, 2.056 -0.9672 1.8098, 2.0746 -0.9317 1.7602, 2.0598 -0.9601 1.7999, 2.113 -0.8481 1.6489, 2.0866 -0.9086 1.7279, 2.1556 -0.7797 1.4052, 2.1633 -0.7347 1.4258, 2.1263 -0.8112 1.6032, 2.1554 -0.71 1.4839, 2.1547 -0.7126 1.4869, 2.1408 -0.767 1.5498, 2.198 -0.6068 1.2323, 2.1925 -0.5704 1.2459, 2.1677 -0.6332 1.3993, 2.1724 -0.5532 1.3148, 2.1722 -0.5601 1.322, 2.1709 -0.6028 1.3667, 2.1672 -0.4862 1.2461, 2.1863 -0.4305 1.0969, 2.1639 -0.4622 1.2217, 2.1515 -0.413 1.1717, 2.1577 -0.4334 1.1925, 2.1366 -0.3708 1.1284, 2.1459 -0.3945 1.1528, 2.1015 -0.3077 1.0599, 2.1389 -0.2906 0.9364, 2.0805 -0.2809 1.0281, 2.0889 -0.2548 0.9429, 2.0695 -0.269 1.0129, 2.0208 -0.2288 0.9541, 2.0261 -0.2327 0.9602, 2.0458 -0.2471 0.9829, 1.9784 -0.2064 0.9093, 2.0388 -0.1846 0.7851, 1.9616 -0.2005 0.8927, 1.9512 -0.1969 0.8825, 1.924 -0.1908 0.8565, 1.896 -0.1757 0.7787, 1.8304 -0.1961 0.773, 1.8555 -0.1906 0.7945, 1.8815 -0.1881 0.8175, 1.8929 -0.1881 0.8278, 1.8969 -0.1882 0.8314, 1.7708 -0.2241 0.7269, 1.7922 -0.2113 0.7424, 1.7685 -0.2259 0.7254, 1.7511 -0.2394 0.7143, 1.7224 -0.2694 0.7009, 1.733 -0.257 0.7049, 1.6775 -0.3516 0.7102, 1.6883 -0.3252 0.7014, 1.6892 -0.3235 0.7011, 1.7016 -0.2997 0.6978, 1.6721 -0.3684 0.7188, 1.6682 -0.3808 0.7155, 1.6685 -0.3798 0.7246, 1.6676 -0.3837 0.7273, 1.6612 -0.4102 0.7454, 1.6595 -0.4286 0.7034, 1.6603 -0.4145 0.7487, 1.6489 -0.5005 0.8334, 1.6498 -0.489 0.8199, 1.6589 -0.4718 0.6929, 1.6543 -0.4502 0.7799, 1.6547 -0.4478 0.7778, 1.6477 -0.5151 0.8505, 1.6492 -0.5092 0.8309, 1.6464 -0.5322 0.8706, 1.6454 -0.5473 0.8895, 1.6359 -0.7055 1.1126, 1.6387 -0.6685 1.0571, 1.6821 -0.6227 0.7997, 1.6388 -0.667 1.0551, 1.6646 -0.5832 0.81, 1.6751 -0.7703 1.0927, 1.6292 -0.779 1.2248, 1.648 -0.7299 1.1048, 1.6334 -0.7386 1.1623, 1.6044 -0.9286 1.4687, 1.6172 -0.8653 1.3626, 1.6441 -0.8478 1.2806, 1.6239 -0.8194 1.2889, 1.6278 -0.7926 1.2459, 1.5853 -1.0008 1.596, 1.6031 -0.9352 1.4797, 1.6424 -0.9693 1.46, 1.6043 -0.9293 1.4697, 1.6046 -0.9288 1.4686, 1.5435 -1.1063 1.804, 1.5674 -1.0522 1.6933, 1.5773 -1.0237 1.6394, 1.4863 -1.1956 2.0186, 1.5127 -1.1592 1.9254, 1.5534 -1.1925 1.9286, 1.5164 -1.154 1.9123, 1.4274 -1.2524 2.1979, 1.3178 -1.3029 2.471, 1.3265 -1.3108 2.4744, 1.3027 -1.3068 2.5053, 2.188 -0.2879 0.769, 2.1502 -0.2473 0.7766, 2.2148 -0.3294 0.7606, 2.2322 -0.3693 0.752, 2.2423 -0.4064 0.7436, 2.2474 -0.4443 0.7347, 2.2381 -0.5353 0.7122, 2.2468 -0.4875 0.7243, 2.2188 -0.5861 0.6988, 2.1864 -0.6368 0.6846, 2.13 -0.7199 0.8075, 2.1397 -0.6829 0.6706, 2.0703 -0.7552 0.7921, 2.0365 -0.7676 0.7856, 1.9374 -0.7444 0.6437, 1.8675 -0.7315 0.6426, 1.7969 -0.7397 0.7742, 1.7469 -0.7039 0.7808, 1.709 -0.6637 0.7896, 1.664 -0.5098 0.6841, 2.1002 -0.2113 0.7823, 1.5075 -1.3712 2.5556, 1.4414 -1.3667 2.5245, 1.3795 -1.3453 2.4968, 1.5721 -1.3576 2.5875, 1.4399 -1.3302 2.3663, 1.4954 -1.3071 2.2387, 1.5029 -1.3513 2.3915, 1.5595 -1.3277 2.2613, 1.5698 -1.3556 2.4209, 1.6272 -1.3317 2.289, 1.6347 -1.3419 2.452, 1.6924 -1.3179 2.3194, 1.5569 -1.2697 2.0866, 1.6116 -1.2242 1.9385, 1.6222 -1.2896 2.1063, 1.6779 -1.2433 1.9555, 1.6907 -1.2931 2.1319, 1.7473 -1.2462 1.9789, 1.7564 -1.279 2.1612, 1.8134 -1.2317 2.007, 1.8134 -1.2495 2.1915, 1.8705 -1.202 2.0371, 1.6821 -0.8877 1.2707, 1.7132 -0.8101 1.0825, 1.7321 -0.9237 1.2647, 1.7632 -0.8457 1.0755, 1.7931 -0.9514 1.2643, 1.8246 -0.8728 1.0736, 1.8623 -0.9664 1.2709, 1.8941 -0.8868 1.0781, 1.9342 -0.9653 1.2848, 2.0024 -0.9477 1.305, 2.0609 -0.9158 1.3296, 2.0939 -0.9161 1.5884, 2.063 -0.9623 1.5613, 2.1062 -0.8739 1.3559, 2.19 -0.6938 1.1968, 2.1979 -0.6482 1.216, 2.2037 -0.3718 0.9175, 2.1768 -0.3308 0.9275, 2.1203 -0.3377 1.0931, 2.2113 -0.6306 1.0288, 2.2278 -0.575 0.8588, 2.2195 -0.5844 1.0461, 2.2362 -0.5279 0.8736, 2.2198 -0.5425 1.061, 2.2366 -0.4853 0.8863, 2.2144 -0.5056 1.0734, 2.2315 -0.4479 0.897, 2.204 -0.4695 1.085, 2.2212 -0.4113 0.9071, 2.1374 -0.8271 1.3816, 2.1399 -0.7897 1.1517, 2.1714 -0.742 1.1751, 2.1606 -0.7284 0.9886, 2.1925 -0.6797 1.0094, 2.1764 -0.6748 0.8248, 2.2086 -0.625 0.8423, 1.8434 -1.2158 2.2772, 1.7061 -1.1114 1.6391, 1.774 -1.1286 1.651, 1.8447 -1.1299 1.6702, 1.9117 -1.1143 1.6953, 1.9693 -1.084 1.7238, 1.6919 -1.006 1.4558, 1.7525 -1.0346 1.4576, 1.8211 -1.0507 1.4668, 1.8925 -1.0508 1.4834, 1.9601 -1.0343 1.5063, 2.0181 -1.0034 1.5331, 1.8584 -0.7664 0.7713, 1.9282 -0.7795 0.7731, 1.9646 -0.7799 0.776, 1.0157 -1.1962 2.5528, 1.1382 -1.2408 2.59, 1.1281 -1.2407 2.6095, 1.025 -1.1963 2.536, 0.9591 -1.1864 2.4847, 1.0041 -1.1923 2.5053, 1.0341 -1.1961 2.5191, 1.0483 -1.2017 2.5255, 1.0911 -1.2184 2.5448, 1.134 -1.2351 2.5641, 1.1482 -1.2407 2.5705, 1.1738 -1.2585 2.5818, 1.2123 -1.2853 2.5988, -0.38 -1.1962 5.3209, -0.2676 -1.2407 5.3775, 0.218 -1.1962 4.1348, 0.3304 -1.2407 4.1914, 0.6168 -1.1962 3.3438, 0.7292 -1.2407 3.4005, 1.6761 -0.3294 0.8371, 1.657 -0.3681 0.8583, 1.6478 -0.3907 0.8763, 1.637 -0.422 0.9055, 1.0809 -0.2266 1.3233, 1.6183 -0.4931 0.9823, 1.6051 -0.5617 1.0642, 1.595 -0.625 1.1435, 1.5846 -0.696 1.2362, 1.0705 -0.5348 1.4354, 1.5762 -0.7512 1.3107, 1.5637 -0.8258 1.4156, 1.5151 -1.0173 1.7196, 1.1271 -0.8756 1.7267, 1.4678 -1.1214 1.9253, 1.1314 -0.978 1.8652, 1.4397 -1.1637 2.0262, 1.4085 -1.1998 2.1262, 1.1032 -1.1 2.0991, 1.037 -1.1647 2.3179, 1.2646 -1.2771 2.4931, 1.1825 -1.2282 2.4652, 1.003 -1.1769 2.3978, 1.0944 -1.1945 2.4331, 1.2244 -1.2509 2.4798, 1.2657 -1.2389 2.3858, 1.3074 -1.2653 2.3957, 1.3472 -1.2469 2.2974, 1.3842 -1.2217 2.1975, 1.3038 -1.2203 2.2911, 1.2222 -1.2162 2.3746, 1.139 -1.2094 2.4496, 1.3388 -1.1947 2.1951, 1.2585 -1.1974 2.2833, 1.1773 -1.1973 2.3621, 1.3615 -1.1725 2.1268, 1.2913 -1.1716 2.1909, 1.2117 -1.1784 2.2739, 1.1312 -1.1823 2.3484, 1.0489 -1.1836 2.4158, 1.3903 -1.136 2.0313, 1.3123 -1.1492 2.1253, 1.2423 -1.1526 2.1848, 1.1637 -1.1635 2.2631, 1.0844 -1.1715 2.3336, 1.4929 -1.0726 1.8232, 1.4159 -1.093 1.9355, 1.3385 -1.1125 2.034, 1.2615 -1.1302 2.1218, 1.192 -1.1378 2.177, 1.115 -1.1527 2.2509, 1.4385 -1.0435 1.8392, 1.3613 -1.0692 1.9428, 1.2849 -1.0935 2.0342, 1.2094 -1.1156 2.1162, 1.141 -1.1274 2.1675, 1.0659 -1.1463 2.2375, 1.5319 -0.9647 1.6293, 1.4581 -0.9875 1.7422, 1.3808 -1.0195 1.8517, 1.3045 -1.0504 1.9471, 1.2298 -1.0792 2.0319, 1.1565 -1.1055 2.1086, 1.0896 -1.1214 2.1564, 1.1739 -1.0697 2.0272, 1.2461 -1.0365 1.9484, 1.3205 -1.0007 1.8606, 1.3972 -0.9631 1.7606, 1.4729 -0.934 1.6583, 1.5491 -0.8975 1.5223, 1.4881 -0.8657 1.56, 1.4092 -0.9093 1.6826, 1.3332 -0.9445 1.7748, 1.2584 -0.9875 1.8659, 1.1868 -1.0279 1.9467, 1.1176 -1.0652 2.02, 1.5013 -0.7927 1.4631, 1.4211 -0.8404 1.5921, 1.3417 -0.8909 1.7019, 1.2669 -0.9319 1.7845, 1.1951 -0.9799 1.8674, 1.127 -1.0245 1.942, 1.0828 -0.6114 1.484, 1.5135 -0.7166 1.3692, 1.4314 -0.7667 1.5041, 1.3494 -0.8221 1.618, 1.2715 -0.879 1.7158, 1.1992 -0.9256 1.7895, 1.5224 -0.6603 1.3034, 1.4412 -0.6896 1.4201, 1.3554 -0.7483 1.5377, 1.2742 -0.8111 1.6374, 1.1996 -0.8739 1.7241, 1.1311 -0.9255 1.7899, 1.5349 -0.5881 1.2227, 1.4487 -0.6325 1.3621, 1.3609 -0.6709 1.4621, 1.2748 -0.738 1.5631, 1.1968 -0.8075 1.6499, 1.6153 -0.507 0.9984, 1.5482 -0.5245 1.155, 1.4603 -0.5589 1.2923, 1.3655 -0.6132 1.4107, 1.2747 -0.661 1.4941, 1.1914 -0.7359 1.58, 1.1187 -0.8114 1.6552, 1.5624 -0.4707 1.0999, 1.4736 -0.4943 1.2351, 1.3736 -0.5386 1.3501, 1.2751 -0.6032 1.4479, 1.1847 -0.66 1.5155, 1.1069 -0.7421 1.5878, 1.6276 -0.4546 0.9393, 1.5666 -0.4573 1.0865, 1.4889 -0.44 1.1896, 1.3843 -0.4724 1.3014, 1.2776 -0.5276 1.394, 1.18 -0.6025 1.4725, 1.0931 -0.668 1.5256, 1.5795 -0.4214 1.0512, 1.4934 -0.4266 1.1787, 1.3977 -0.4161 1.2638, 1.2834 -0.4594 1.3516, 1.1755 -0.5263 1.4228, 1.6466 -0.3939 0.8791, 1.5921 -0.3925 1.0237, 1.5077 -0.391 1.1504, 1.4019 -0.4022 1.2551, 1.2927 -0.4 1.3196, 1.1747 -0.4559 1.3839, 1.6043 -0.3689 1.0023, 1.5218 -0.363 1.1288, 1.4155 -0.3647 1.2326, 1.2959 -0.385 1.3123, 1.1782 -0.3924 1.3546, 1.0621 -0.462 1.3969, 1.6057 -0.3663 1.0, 1.5355 -0.3409 1.1122, 1.4296 -0.3349 1.2158, 1.3071 -0.3439 1.2938, 1.18 -0.3759 1.348, 1.0589 -0.3937 1.3674, 1.6663 -0.3479 0.8455, 1.6164 -0.3487 0.9854, 1.5371 -0.3385 1.1105, 1.4437 -0.3111 1.2033, 1.3198 -0.3098 1.2804, 1.1875 -0.3293 1.3313, 1.059 -0.3753 1.3606, 1.116 -0.1436 1.3176, 1.1384 -0.1076 1.3192, 1.261 -0.1651 1.3035, 1.0975 -0.1812 1.3187, 1.2426 -0.191 1.3039, 1.3779 -0.2177 1.2573, 1.0826 -0.2211 1.3225, 1.2264 -0.2184 1.3063, 1.3629 -0.2359 1.2597, 1.483 -0.2625 1.1829, 1.2122 -0.2483 1.3107, 1.3488 -0.2556 1.2638, 1.4707 -0.276 1.1873, 1.5707 -0.2972 1.0845, 1.0694 -0.2725 1.3313, 1.2105 -0.2525 1.3115, 1.3352 -0.2779 1.2699, 1.4582 -0.2909 1.1935, 1.5601 -0.3091 1.0906, 1.6362 -0.3199 0.9671, 1.0621 -0.3217 1.3434, 1.1977 -0.2886 1.3195, 1.3335 -0.2812 1.2708, 1.4454 -0.3085 1.202, 1.549 -0.3225 1.0991, 1.6265 -0.3335 0.9746, 1.6871 -0.3114 0.8327, 1.6464 -0.3065 0.9626, 1.5817 -0.2853 1.0805, 1.4964 -0.2489 1.1802, 1.395 -0.1992 1.2564, 1.2829 -0.139 1.3051, 1.1662 -0.0714 1.3235, 0.3775 -1.1962 5.7028, 0.2651 -1.2407 5.6461, 0.3705 -1.1962 5.7165, 0.2587 -1.2407 5.6586, 0.2061 -1.2398 5.7542, 0.1496 -1.2377 5.8444, 0.0904 -1.2345 5.9277, 0.0289 -1.2304 6.0037, 0.0158 -1.2295 6.0186, -0.0393 -1.2253 6.0764, -0.0926 -1.2211 6.1249, -0.1439 -1.217 6.1645, -0.185 -1.2138 6.191, -0.2265 -1.2108 6.2127, -0.2658 -1.2081 6.2281, -0.278 -1.2073 6.2317, -0.3106 -1.2054 6.2386, -0.3408 -1.204 6.2407, -0.3578 -1.2033 6.2397, -0.383 -1.2024 6.235, -0.4061 -1.202 6.2262, -0.4266 -1.202 6.2137, -0.4448 -1.2023 6.1974, -0.4605 -1.2031 6.1771, -0.4694 -1.2038 6.1617, -0.4808 -1.2052 6.1339, -0.4889 -1.2071 6.102, -0.49 -1.2075 6.096, -0.4942 -1.2101 6.0549, -0.4937 -1.2132 6.0088, -0.4884 -1.2167 5.9581, -0.4864 -1.2175 5.9454, -0.4722 -1.222 5.8773, -0.451 -1.2267 5.8026, -0.4139 -1.2323 5.6985, 0.3121 -1.196 5.8206, 0.248 -1.1954 5.9182, 0.1797 -1.1946 6.0076, 0.1077 -1.1936 6.0883, 0.0921 -1.1933 6.104, 0.0261 -1.1923 6.1647, -0.0386 -1.1912 6.2148, -0.1018 -1.1901 6.255, -0.1531 -1.1893 6.2811, -0.2055 -1.1886 6.3015, -0.2558 -1.1879 6.3147, -0.2716 -1.1877 6.3175, -0.314 -1.1872 6.3215, -0.3539 -1.1868 6.3201, -0.3765 -1.1867 6.3168, -0.4106 -1.1865 6.3079, -0.4424 -1.1864 6.2943, -0.4711 -1.1863 6.2767, -0.4973 -1.1864 6.2547, -0.5208 -1.1866 6.2282, -0.5346 -1.1868 6.2085, -0.5534 -1.1872 6.1735, -0.5684 -1.1876 6.1341, -0.5706 -1.1877 6.1267, -0.5817 -1.1884 6.0769, -0.5875 -1.1892 6.0218, -0.5876 -1.1901 5.9622, -0.5869 -1.1903 5.9473, -0.578 -1.1914 5.8686, -0.5608 -1.1926 5.7836, -0.5273 -1.1941 5.6672, -0.4867 -1.1952 5.5561, -0.4372 -1.1959 5.4403, -0.3227 -1.2396 5.4899, -0.3718 -1.2366 5.5972, 2.0696 -0.2488 1.5262, 2.062 -0.2951 1.4294, 2.037 -0.2692 1.3983, 2.1683 -0.0895 1.7396, 2.1327 -0.1332 1.6952, 2.0934 -0.0977 1.6669, 1.178 -0.058 1.3259, 1.6916 -0.3047 0.8321, 1.7034 -0.2891 0.8333, 1.7116 -0.2795 0.8358, 1.7257 -0.2652 0.8424, 1.2099 -0.0263 1.3336, 1.2326 -0.0067 1.3398, 1.2716 0.0222 1.3516, 1.3147 0.0488 1.3659, 1.3621 0.0729 1.3826, 1.7414 -0.252 0.8519, 1.7591 -0.24 0.8644, 1.771 -0.2334 0.8734, 1.3937 0.0864 1.3942, 1.4481 0.1055 1.415, 1.8384 -0.2123 0.9297, 1.8144 -0.2169 0.909, 1.7919 -0.224 0.8902, 1.5056 0.1206 1.4376, 1.5658 0.1313 1.4621, 1.6015 0.1353 1.4768, 1.6649 0.1384 1.5036, 1.9051 -0.2139 0.99, 1.8787 -0.2109 0.9656, 1.8528 -0.211 0.9423, 1.948 -0.2256 1.0315, 1.9318 -0.2202 1.0155, 1.9742 -0.2371 1.0585, 1.7289 0.1363 1.5311, 1.7931 0.129 1.5593, 1.8318 0.1219 1.5767, 1.8942 0.1061 1.6053, 1.9545 0.0851 1.634, 2.0124 0.0591 1.6627, 2.0497 -0.3052 1.296, 2.0777 -0.3283 1.1932, 2.0266 -0.2819 1.265, 2.0574 -0.3026 1.161, 2.002 -0.2616 1.2352, 2.0353 -0.2799 1.1302, 1.9894 -0.2528 1.221, 2.0238 -0.2699 1.1155, 1.9627 -0.2371 1.1927, 1.9995 -0.2518 1.0864, 1.9352 -0.2247 1.1656, 1.907 -0.2155 1.1394, 1.8897 -0.2115 1.124, 1.8612 -0.2075 1.0995, 1.8333 -0.2067 1.0763, 1.8062 -0.2089 1.0545, 1.7912 -0.2115 1.0428, 1.7666 -0.218 1.0239, 1.7439 -0.2266 1.0071, 1.7234 -0.237 0.9926, 1.7119 -0.244 0.985, 1.6953 -0.256 0.9749, 1.6808 -0.2684 0.9676, 1.6682 -0.281 0.9631, 1.6609 -0.289 0.9616, 1.6505 -0.3014 0.9617, 2.0397 0.0446 1.6767, 2.0926 0.0115 1.7052, 2.1415 -0.026 1.7335, 2.1861 -0.0677 1.7618, 2.0508 -0.0662 1.6388, 2.0051 -0.0387 1.6108, 1.9815 -0.0266 1.5971, 1.9318 -0.0053 1.5694, 1.8802 0.0115 1.542, 1.827 0.0239 1.515, 1.7941 0.0291 1.4988, 1.7397 0.0341 1.4727, 1.6857 0.0345 1.4477, 1.6324 0.0304 1.4239, 1.6026 0.0261 1.411, 1.5527 0.0157 1.3899, 1.5056 0.0019 1.371, 1.4615 -0.015 1.3542, 1.4361 -0.0266 1.345, 1.3985 -0.0468 1.3324, 1.3646 -0.0683 1.3222, 1.3344 -0.0909 1.3143, 1.3168 -0.1057 1.3105, 1.2922 -0.1292 1.3062, 2.1065 -0.1739 1.6423, 2.0593 -0.1637 1.5869, 2.0226 -0.1367 1.5586, 1.9834 -0.1134 1.5307, 1.9633 -0.1033 1.5171, 1.9211 -0.0855 1.4898, 1.8774 -0.0717 1.4632, 1.8325 -0.0619 1.4372, 1.8048 -0.0579 1.4217, 1.7592 -0.0546 1.3971, 1.7142 -0.0553 1.3738, 1.6701 -0.0599 1.3519, 1.6455 -0.0642 1.3401, 1.6048 -0.0741 1.3213, 1.5668 -0.0868 1.3047, 1.5316 -0.1017 1.2905, 1.5117 -0.1117 1.283, 1.4824 -0.1287 1.2731, 1.4566 -0.1461 1.2656, 1.4338 -0.1637 1.2605, 1.4206 -0.1749 1.2583, 1.402 -0.1922 1.2566, 2.0934 -0.1942 1.6158, 2.0403 -0.2215 1.4963, 2.0089 -0.1975 1.4674, 1.9756 -0.1769 1.4391, 1.9586 -0.168 1.4255, 1.9228 -0.1524 1.3982, 1.8859 -0.1404 1.3719, 1.8482 -0.132 1.3463, 1.8249 -0.1287 1.3312, 1.7868 -0.1262 1.3072, 1.7493 -0.1273 1.2847, 1.7128 -0.1318 1.2637, 1.6926 -0.1358 1.2525, 1.6594 -0.1449 1.2347, 1.6287 -0.1563 1.2193, 1.6008 -0.1696 1.2062, 1.5851 -0.1783 1.1995, 1.5625 -0.1928 1.1908, 1.5428 -0.2073 1.1848, 1.5256 -0.2215 1.1811, 1.5157 -0.2304 1.1799, 1.5018 -0.2436 1.1797, 2.0103 -0.2465 1.3684, 1.9819 -0.2269 1.3394, 1.9673 -0.2184 1.3256, 1.9368 -0.2036 1.298, 1.9055 -0.1921 1.2714, 1.8733 -0.1839 1.2457, 1.8536 -0.1806 1.2306, 1.8212 -0.1778 1.2067, 1.7895 -0.1784 1.1842, 1.7588 -0.1821 1.1632, 1.7419 -0.1856 1.1519, 1.7141 -0.1936 1.1341, 1.6887 -0.2037 1.1185, 1.6657 -0.2154 1.1053, 1.6529 -0.2231 1.0986, 1.6346 -0.2359 1.0898, 1.6188 -0.2488 1.0837, 1.6051 -0.2613 1.0802, 1.5973 -0.2691 1.0792, 1.5861 -0.2806 1.0797, 2.065 -0.3073 1.3958, 2.0961 -0.3572 1.2271, 2.0877 -0.3487 1.2609, 2.071 -0.3317 1.3286, 0.6639 -1.2407 4.8551, 1.6607 -1.2407 2.878, 1.7731 -1.1962 2.9347, 1.1751 -1.1962 4.1208, 1.0627 -1.2407 4.0641, 0.7763 -1.1962 4.9118, 1.7758 -1.2383 2.5266, 1.8326 -1.2071 2.4162, 2.0212 -1.1182 2.6027, 1.879 -1.1736 2.3246, 1.9232 -1.1341 2.2352, 2.1195 -1.0327 2.439, 2.0039 -1.0384 2.0621, 2.0442 -0.9748 1.9664, 2.2072 -0.9188 2.2944, 2.2719 -0.7938 2.1775, 2.1259 -0.7729 1.7135, 2.1384 -0.7154 1.6497, 2.3203 -0.6293 2.0574, 2.146 -0.6595 1.5896, 2.149 -0.6058 1.5331, 2.3314 -0.4946 1.975, 2.1477 -0.557 1.4824, 2.327 -0.4287 1.9375, 2.1428 -0.511 1.4347, 2.1344 -0.4683 1.3902, 2.3004 -0.3082 1.871, 2.123 -0.4289 1.3485, 2.1927 -0.1181 1.7599, 2.1268 -0.1976 1.6628, 2.0777 -0.3273 1.4177, 2.0975 -0.37 1.2839, 2.1134 -0.4036 1.3212, 2.0984 -0.3591 1.4523, 2.0877 -0.2687 1.5464, 2.1114 -0.3833 1.4774, 2.1134 -0.3022 1.5785, 2.1279 -0.4213 1.5156, 2.1297 -0.3277 1.6017, 2.1577 -0.2362 1.6929, 2.1414 -0.463 1.556, 2.1507 -0.3677 1.6364, 2.1771 -0.2652 1.7144, 2.2287 -0.1647 1.7891, 2.1515 -0.5084 1.5992, 2.1683 -0.4115 1.673, 2.2017 -0.3104 1.7464, 2.2508 -0.1992 1.8096, 2.1578 -0.557 1.6448, 2.1821 -0.459 1.7117, 2.2221 -0.359 1.7797, 2.2784 -0.2522 1.8398, 2.1599 -0.6109 1.6957, 2.1915 -0.5098 1.7525, 2.238 -0.4113 1.8147, 2.157 -0.6675 1.7497, 2.1965 -0.5661 1.7979, 2.2488 -0.4665 1.8515, 2.3167 -0.3674 1.9035, 2.1196 -0.7963 1.7402, 2.1489 -0.726 1.8072, 2.196 -0.6249 1.8462, 2.2544 -0.5268 1.8922, 2.2541 -0.5892 1.9356, 2.1899 -0.6856 1.8977, 2.1441 -0.7499 1.8313, 2.0993 -0.8573 1.8125, 2.0741 -0.9171 1.8878, 2.1276 -0.8123 1.8969, 2.1858 -0.7103 1.9194, 2.2477 -0.653 1.9821, 2.3291 -0.5617 2.0148, 2.1057 -0.8737 1.9656, 2.1708 -0.7748 1.9786, 2.2434 -0.6788 2.0016, 2.0099 -1.0297 2.0483, 2.0785 -0.9331 2.0376, 2.15 -0.8381 2.041, 2.2276 -0.7459 2.0553, 2.315 -0.6564 2.0754, 2.0464 -0.9896 2.1133, 2.1236 -0.8992 2.107, 2.2058 -0.8113 2.1123, 2.2964 -0.7264 2.1248, 1.965 -1.0889 2.1478, 2.0408 -0.9986 2.1261, 2.0922 -0.9574 2.1769, 2.1785 -0.8741 2.173, 2.0037 -1.0507 2.206, 2.0865 -0.9666 2.1887, 2.1461 -0.9336 2.2377, 2.242 -0.8581 2.2339, 1.9635 -1.0973 2.288, 2.0499 -1.02 2.2631, 2.1403 -0.943 2.2487, 1.9206 -1.138 2.3725, 2.0101 -1.0678 2.3402, 2.1029 -0.9975 2.3182, 2.201 -0.9283 2.3048, 1.8231 -1.213 2.4347, 1.8756 -1.1726 2.4596, 1.9678 -1.1096 2.42, 2.0624 -1.0462 2.3908, 2.1615 -0.9835 2.3703, 1.8665 -1.1787 2.4772, 1.9234 -1.145 2.5029, 2.0197 -1.0886 2.4665, 2.0756 -1.0755 2.5113, 1.9752 -1.1246 2.5457, 1.9144 -1.1512 2.5197, 1.8206 -1.2047 2.5651, 1.7278 -1.2568 2.6195, 1.8888 -1.1789 2.8451, 1.8466 -1.1847 2.9316, 1.9321 -1.1659 2.7617, 1.8329 -1.1908 2.8115, 1.7893 -1.1961 2.8998, 1.9764 -1.1456 2.681, 1.877 -1.1781 2.726, 1.7788 -1.2098 2.7782, 1.7335 -1.2149 2.8687, 1.9216 -1.1581 2.6428, 1.8241 -1.1975 2.6901, 1.7273 -1.2359 2.7454, 1.68 -1.2407 2.8386, 2.0303 -1.1119 2.5872, 1.9662 -1.131 2.5618, 1.8694 -1.1779 2.604, 1.7742 -1.2238 2.6545, 1.6791 -1.2685 2.7138, 1.6295 -1.2732 2.81, 1.781 -1.1963 2.9172, 1.6703 -1.2408 2.8583, -1.0181 1.1962 2.5528, -1.1407 1.2408 2.59, -1.1305 1.2407 2.6095, -1.0275 1.1963 2.536, -0.9615 1.1864 2.4847, -1.0066 1.1923 2.5053, -1.0366 1.1961 2.5191, -1.0508 1.2017 2.5255, -1.0936 1.2184 2.5448, -1.1365 1.2351 2.5641, -1.1507 1.2407 2.5705, -1.1763 1.2585 2.5818, -1.2148 1.2853 2.5988, 0.3775 1.1962 5.3209, 0.2651 1.2407 5.3775, -0.2205 1.1962 4.1348, -0.3329 1.2407 4.1914, -0.5009 1.1811 3.284, -0.6193 1.1962 3.3438, -0.7317 1.2407 3.4005, -1.6786 0.3294 0.8371, -1.6594 0.3681 0.8583, -1.6503 0.3907 0.8763, -1.6395 0.422 0.9055, -1.0834 0.2266 1.3233, -1.6208 0.4931 0.9823, -1.6075 0.5617 1.0642, -1.5975 0.625 1.1435, -1.587 0.696 1.2362, -1.073 0.5348 1.4354, -1.5787 0.7512 1.3107, -1.5662 0.8258 1.4156, -1.5176 1.0173 1.7196, -1.1296 0.8756 1.7267, -1.4703 1.1214 1.9253, -1.1339 0.978 1.8652, -1.4422 1.1637 2.0262, -1.411 1.1998 2.1262, -1.1057 1.1 2.0991, -1.0395 1.1647 2.3179, -1.2671 1.2771 2.4931, -1.1849 1.2282 2.4652, -1.0054 1.1769 2.3978, -1.0969 1.1945 2.4331, -1.2269 1.2509 2.4798, -1.2682 1.2389 2.3858, -1.3099 1.2653 2.3957, -1.3497 1.2469 2.2974, -1.3867 1.2217 2.1975, -1.3063 1.2203 2.2911, -1.2247 1.2162 2.3746, -1.1415 1.2094 2.4496, -1.3412 1.1947 2.1951, -1.261 1.1974 2.2833, -1.1798 1.1973 2.3621, -1.364 1.1725 2.1268, -1.2938 1.1716 2.1909, -1.2142 1.1784 2.2739, -1.1337 1.1823 2.3484, -1.0514 1.1836 2.4158, -1.3928 1.136 2.0313, -1.3148 1.1492 2.1253, -1.2448 1.1526 2.1848, -1.1662 1.1635 2.2631, -1.0868 1.1715 2.3336, -1.4954 1.0726 1.8232, -1.4184 1.093 1.9355, -1.341 1.1125 2.034, -1.264 1.1302 2.1218, -1.1945 1.1378 2.177, -1.1175 1.1527 2.2509, -1.441 1.0435 1.8392, -1.3638 1.0692 1.9428, -1.2874 1.0935 2.0342, -1.2119 1.1156 2.1162, -1.1435 1.1274 2.1675, -1.0683 1.1463 2.2375, -1.5344 0.9647 1.6293, -1.4606 0.9875 1.7422, -1.3833 1.0195 1.8517, -1.307 1.0504 1.9471, -1.2323 1.0792 2.0319, -1.1589 1.1055 2.1086, -1.0921 1.1214 2.1564, -1.1764 1.0697 2.0272, -1.2486 1.0365 1.9484, -1.323 1.0007 1.8606, -1.3997 0.9631 1.7606, -1.4754 0.934 1.6583, -1.5516 0.8975 1.5223, -1.4905 0.8657 1.56, -1.4117 0.9093 1.6826, -1.3357 0.9445 1.7748, -1.2609 0.9875 1.8659, -1.1892 1.0279 1.9467, -1.1201 1.0652 2.02, -1.5038 0.7927 1.4631, -1.4236 0.8404 1.5921, -1.3442 0.8909 1.7019, -1.2694 0.9319 1.7845, -1.1976 0.9799 1.8674, -1.1295 1.0245 1.942, -1.0853 0.6114 1.484, -1.516 0.7166 1.3692, -1.4339 0.7667 1.5041, -1.3519 0.8221 1.618, -1.274 0.879 1.7158, -1.2017 0.9256 1.7895, -1.5249 0.6603 1.3034, -1.4436 0.6896 1.4201, -1.3579 0.7483 1.5377, -1.2767 0.8111 1.6374, -1.2021 0.8739 1.7241, -1.1335 0.9255 1.7899, -1.5374 0.5881 1.2227, -1.4512 0.6325 1.3621, -1.3634 0.6709 1.4621, -1.2773 0.738 1.5631, -1.1993 0.8075 1.6499, -1.6178 0.507 0.9984, -1.5506 0.5245 1.155, -1.4628 0.5589 1.2923, -1.368 0.6132 1.4107, -1.2772 0.661 1.4941, -1.1939 0.7359 1.58, -1.1212 0.8114 1.6552, -1.5649 0.4707 1.0999, -1.4761 0.4943 1.2351, -1.3761 0.5386 1.3501, -1.2776 0.6032 1.4479, -1.1872 0.66 1.5155, -1.1094 0.7421 1.5878, -1.6301 0.4546 0.9393, -1.5691 0.4573 1.0865, -1.4914 0.44 1.1896, -1.3868 0.4724 1.3014, -1.2801 0.5276 1.394, -1.1825 0.6025 1.4725, -1.0956 0.668 1.5256, -1.582 0.4214 1.0512, -1.4959 0.4266 1.1787, -1.4002 0.4161 1.2638, -1.2859 0.4594 1.3516, -1.178 0.5263 1.4228, -1.6491 0.3939 0.8791, -1.5946 0.3925 1.0237, -1.5102 0.391 1.1504, -1.4044 0.4022 1.2551, -1.2952 0.4 1.3196, -1.1772 0.4559 1.3839, -1.6068 0.3689 1.0023, -1.5243 0.363 1.1288, -1.418 0.3647 1.2326, -1.2984 0.385 1.3123, -1.1807 0.3924 1.3546, -1.0646 0.462 1.3969, -1.6082 0.3663 1.0, -1.538 0.3409 1.1122, -1.432 0.3349 1.2158, -1.3096 0.3439 1.2938, -1.1825 0.3759 1.348, -1.0614 0.3937 1.3674, -1.6688 0.3479 0.8455, -1.6189 0.3487 0.9854, -1.5396 0.3385 1.1105, -1.4461 0.3111 1.2033, -1.3222 0.3098 1.2804, -1.19 0.3293 1.3313, -1.0615 0.3753 1.3606, -1.1185 0.1436 1.3176, -1.1409 0.1076 1.3192, -1.2635 0.1651 1.3035, -1.1 0.1812 1.3187, -1.2451 0.191 1.3039, -1.3804 0.2177 1.2573, -1.0851 0.2211 1.3225, -1.2289 0.2184 1.3063, -1.3654 0.2359 1.2597, -1.4855 0.2625 1.1829, -1.2147 0.2483 1.3107, -1.3513 0.2556 1.2638, -1.4731 0.276 1.1873, -1.5732 0.2972 1.0845, -1.0719 0.2725 1.3313, -1.213 0.2525 1.3115, -1.3377 0.2779 1.2699, -1.4607 0.2909 1.1935, -1.5626 0.3091 1.0906, -1.6387 0.3199 0.9671, -1.0646 0.3217 1.3434, -1.2002 0.2886 1.3195, -1.336 0.2812 1.2708, -1.4479 0.3085 1.202, -1.5515 0.3225 1.0991, -1.629 0.3335 0.9746, -1.6896 0.3114 0.8327, -1.6489 0.3065 0.9626, -1.5842 0.2853 1.0805, -1.4989 0.2489 1.1802, -1.3975 0.1992 1.2564, -1.2854 0.139 1.3051, -1.1686 0.0714 1.3235, -0.38 1.1962 5.7028, -0.4907 1.1811 5.7775, -0.2676 1.2407 5.6461, -0.373 1.1962 5.7165, -0.2612 1.2407 5.6586, -0.2086 1.2398 5.7542, -0.1521 1.2377 5.8444, -0.0928 1.2345 5.9277, -0.0314 1.2304 6.0037, -0.0183 1.2295 6.0186, 0.0368 1.2253 6.0764, 0.0901 1.2211 6.1249, 0.1414 1.217 6.1645, 0.1826 1.2138 6.191, 0.224 1.2108 6.2127, 0.2633 1.2081 6.2281, 0.2755 1.2073 6.2317, 0.3081 1.2054 6.2386, 0.3383 1.204 6.2407, 0.3553 1.2033 6.2397, 0.3805 1.2024 6.235, 0.4036 1.202 6.2262, 0.4241 1.202 6.2137, 0.4423 1.2023 6.1974, 0.458 1.2031 6.1771, 0.4669 1.2038 6.1617, 0.4784 1.2052 6.1339, 0.4864 1.2071 6.102, 0.4875 1.2075 6.096, 0.4917 1.2101 6.0549, 0.4912 1.2132 6.0088, 0.4859 1.2167 5.9581, 0.4839 1.2175 5.9454, 0.4698 1.222 5.8773, 0.4485 1.2267 5.8026, 0.4114 1.2323 5.6985, -0.4261 1.1811 5.8906, -0.3146 1.196 5.8206, -0.354 1.1811 5.9957, -0.2505 1.1954 5.9182, -0.2759 1.1811 6.0912, -0.1822 1.1946 6.0076, -0.1102 1.1936 6.0883, -0.1742 1.1811 6.1932, -0.0946 1.1933 6.104, -0.0967 1.1811 6.2565, -0.0286 1.1923 6.1647, -0.0199 1.1811 6.308, 0.0361 1.1912 6.2148, 0.0993 1.1901 6.255, 0.1178 1.1811 6.3737, 0.1506 1.1893 6.2811, 0.1815 1.1811 6.3926, 0.2031 1.1886 6.3015, 0.2533 1.1879 6.3147, 0.2625 1.1811 6.4053, 0.2691 1.1877 6.3175, 0.315 1.1811 6.4062, 0.3115 1.1872 6.3215, 0.3514 1.1868 6.3201, 0.3932 1.1811 6.3954, 0.3741 1.1867 6.3168, 0.4363 1.1811 6.3821, 0.4081 1.1865 6.3079, 0.4399 1.1864 6.2943, 0.514 1.1811 6.3408, 0.4687 1.1863 6.2767, 0.5484 1.1811 6.313, 0.4948 1.1864 6.2547, 0.5184 1.1866 6.2282, 0.5986 1.1811 6.2562, 0.5321 1.1868 6.2085, 0.6251 1.1811 6.2139, 0.5509 1.1872 6.1735, 0.5659 1.1876 6.1341, 0.6507 1.1811 6.1581, 0.5682 1.1877 6.1267, 0.6691 1.1811 6.0995, 0.5793 1.1884 6.0769, 0.6815 1.1811 6.0352, 0.585 1.1892 6.0218, 0.5852 1.1901 5.9622, 0.688 1.1811 5.9492, 0.5844 1.1903 5.9473, 0.685 1.1811 5.8595, 0.5755 1.1914 5.8686, 0.5583 1.1926 5.7836, 0.6434 1.1811 5.6345, 0.5248 1.1941 5.6672, 0.6048 1.1811 5.513, 0.4842 1.1952 5.5561, 0.5554 1.1811 5.3881, 0.4348 1.1959 5.4403, 0.3202 1.2396 5.4899, 0.3694 1.2366 5.5972, -2.0721 0.2488 1.5262, -2.0645 0.2951 1.4294, -2.0395 0.2692 1.3983, -2.1708 0.0895 1.7396, -2.1352 0.1332 1.6952, -2.0959 0.0977 1.6669, -1.1805 0.058 1.3259, -1.6941 0.3047 0.8321, -1.7058 0.2891 0.8333, -1.7141 0.2795 0.8358, -1.7282 0.2652 0.8424, -1.2124 0.0263 1.3336, -1.2351 0.0067 1.3398, -1.2741 -0.0222 1.3516, -1.3172 -0.0488 1.3659, -1.3646 -0.0729 1.3826, -1.7735 0.2334 0.8734, -1.7615 0.24 0.8644, -1.7439 0.252 0.8519, -1.3962 -0.0864 1.3942, -1.4506 -0.1055 1.415, -1.7944 0.224 0.8902, -1.8169 0.2169 0.909, -1.8409 0.2123 0.9297, -1.508 -0.1206 1.4376, -1.5682 -0.1313 1.4621, -1.604 -0.1353 1.4768, -1.6674 -0.1384 1.5036, -1.9076 0.2139 0.99, -1.8812 0.2109 0.9656, -1.8553 0.211 0.9423, -1.9505 0.2256 1.0315, -1.9343 0.2202 1.0155, -1.9766 0.2371 1.0585, -1.7314 -0.1363 1.5311, -1.7956 -0.129 1.5593, -1.8343 -0.1219 1.5767, -1.8967 -0.1061 1.6053, -1.9569 -0.0851 1.634, -2.0149 -0.0591 1.6627, -2.0521 0.3052 1.296, -2.0802 0.3283 1.1932, -2.0291 0.2819 1.265, -2.0599 0.3026 1.161, -2.0045 0.2616 1.2352, -2.0378 0.2799 1.1302, -1.9918 0.2528 1.221, -2.0263 0.2699 1.1155, -1.9652 0.2371 1.1927, -2.002 0.2518 1.0864, -1.9377 0.2247 1.1656, -1.9095 0.2155 1.1394, -1.8922 0.2115 1.124, -1.8637 0.2075 1.0995, -1.8358 0.2067 1.0763, -1.8086 0.2089 1.0545, -1.7937 0.2115 1.0428, -1.7691 0.218 1.0239, -1.7464 0.2266 1.0071, -1.7258 0.237 0.9926, -1.7144 0.244 0.985, -1.6977 0.256 0.9749, -1.6833 0.2684 0.9676, -1.6707 0.281 0.9631, -1.6634 0.289 0.9616, -1.653 0.3014 0.9617, -2.0422 -0.0446 1.6767, -2.0951 -0.0115 1.7052, -2.144 0.026 1.7335, -2.1886 0.0677 1.7618, -2.0533 0.0662 1.6388, -2.0075 0.0387 1.6108, -1.984 0.0266 1.5971, -1.9342 0.0053 1.5694, -1.8827 -0.0115 1.542, -1.8295 -0.0239 1.515, -1.7966 -0.0291 1.4988, -1.7421 -0.0341 1.4727, -1.6882 -0.0345 1.4477, -1.6349 -0.0304 1.4239, -1.6051 -0.0261 1.411, -1.5552 -0.0157 1.3899, -1.5081 -0.0019 1.371, -1.464 0.015 1.3542, -1.4386 0.0266 1.345, -1.401 0.0468 1.3324, -1.3671 0.0683 1.3222, -1.3369 0.0909 1.3143, -1.3193 0.1057 1.3105, -1.2947 0.1292 1.3062, -2.109 0.1739 1.6423, -2.0618 0.1637 1.5869, -2.0251 0.1367 1.5586, -1.9859 0.1134 1.5307, -1.9658 0.1033 1.5171, -1.9235 0.0855 1.4898, -1.8799 0.0717 1.4632, -1.835 0.0619 1.4372, -1.8073 0.0579 1.4217, -1.7617 0.0546 1.3971, -1.7167 0.0553 1.3738, -1.6726 0.0599 1.3519, -1.648 0.0642 1.3401, -1.6073 0.0741 1.3213, -1.5692 0.0868 1.3047, -1.5341 0.1017 1.2905, -1.5142 0.1117 1.283, -1.4849 0.1287 1.2731, -1.4591 0.1461 1.2656, -1.4363 0.1637 1.2605, -1.4231 0.1749 1.2583, -1.4045 0.1922 1.2566, -2.0959 0.1942 1.6158, -2.0428 0.2215 1.4963, -2.0114 0.1975 1.4674, -1.9781 0.1769 1.4391, -1.961 0.168 1.4255, -1.9253 0.1524 1.3982, -1.8884 0.1404 1.3719, -1.8506 0.132 1.3463, -1.8274 0.1287 1.3312, -1.7892 0.1262 1.3072, -1.7518 0.1273 1.2847, -1.7153 0.1318 1.2637, -1.6951 0.1358 1.2525, -1.6619 0.1449 1.2347, -1.6312 0.1563 1.2193, -1.6033 0.1696 1.2062, -1.5876 0.1783 1.1995, -1.565 0.1928 1.1908, -1.5453 0.2073 1.1848, -1.5281 0.2215 1.1811, -1.5182 0.2304 1.1799, -1.5042 0.2436 1.1797, -2.0128 0.2465 1.3684, -1.9843 0.2269 1.3394, -1.9698 0.2184 1.3256, -1.9393 0.2036 1.298, -1.9079 0.1921 1.2714, -1.8758 0.1839 1.2457, -1.8561 0.1806 1.2306, -1.8237 0.1778 1.2067, -1.792 0.1784 1.1842, -1.7613 0.1821 1.1632, -1.7444 0.1856 1.1519, -1.7166 0.1936 1.1341, -1.6912 0.2037 1.1185, -1.6682 0.2154 1.1053, -1.6554 0.2231 1.0986, -1.6371 0.2359 1.0898, -1.6213 0.2488 1.0837, -1.6076 0.2613 1.0802, -1.5997 0.2691 1.0792, -1.5885 0.2806 1.0797, -2.0675 0.3073 1.3958, -2.0986 0.3572 1.2271, -2.0902 0.3487 1.2609, -2.0734 0.3317 1.3286, -0.6664 1.2407 4.8551, -1.6632 1.2407 2.878, -1.7756 1.1962 2.9347, -1.1776 1.1962 4.1208, -1.0652 1.2407 4.0641, -0.7788 1.1962 4.9118, -0.8972 1.1811 4.9715, -1.7783 1.2383 2.5266, -1.835 1.2071 2.4162, -2.0237 1.1182 2.6027, -1.8814 1.1736 2.3246, -1.9257 1.1341 2.2352, -2.122 1.0327 2.439, -2.0064 1.0384 2.0621, -2.0467 0.9748 1.9664, -2.2096 0.9188 2.2944, -2.2744 0.7938 2.1775, -2.1284 0.7729 1.7135, -2.1408 0.7154 1.6497, -2.3228 0.6293 2.0574, -2.1485 0.6595 1.5896, -2.1515 0.6058 1.5331, -2.3338 0.4946 1.975, -2.1502 0.557 1.4824, -2.3295 0.4287 1.9375, -2.1453 0.511 1.4347, -2.1369 0.4683 1.3902, -2.3029 0.3082 1.871, -2.1254 0.4289 1.3485, -2.1952 0.1181 1.7599, -2.1292 0.1976 1.6628, -2.0802 0.3273 1.4177, -2.1 0.37 1.2839, -2.1159 0.4036 1.3212, -2.1009 0.3591 1.4523, -2.0902 0.2687 1.5464, -2.1138 0.3833 1.4774, -2.1159 0.3022 1.5785, -2.1303 0.4213 1.5156, -2.1322 0.3277 1.6017, -2.1602 0.2362 1.6929, -2.1438 0.463 1.556, -2.1532 0.3677 1.6364, -2.1795 0.2652 1.7144, -2.2312 0.1647 1.7891, -2.154 0.5084 1.5992, -2.1707 0.4115 1.673, -2.2042 0.3104 1.7464, -2.2533 0.1992 1.8096, -2.1603 0.557 1.6448, -2.1845 0.459 1.7117, -2.2246 0.359 1.7797, -2.2808 0.2522 1.8398, -2.1623 0.6109 1.6957, -2.194 0.5098 1.7525, -2.2405 0.4113 1.8147, -2.1595 0.6675 1.7497, -2.199 0.5661 1.7979, -2.2513 0.4665 1.8515, -2.3192 0.3674 1.9035, -2.122 0.7963 1.7402, -2.1513 0.726 1.8072, -2.1985 0.6249 1.8462, -2.2569 0.5268 1.8922, -2.2566 0.5892 1.9356, -2.1924 0.6856 1.8977, -2.1466 0.7499 1.8313, -2.1018 0.8573 1.8125, -2.0766 0.9171 1.8878, -2.1301 0.8123 1.8969, -2.1883 0.7103 1.9194, -2.2502 0.653 1.9821, -2.3316 0.5617 2.0148, -2.1081 0.8737 1.9656, -2.1733 0.7748 1.9786, -2.2459 0.6788 2.0016, -2.0124 1.0297 2.0483, -2.081 0.9331 2.0376, -2.1524 0.8381 2.041, -2.2301 0.7459 2.0553, -2.3174 0.6564 2.0754, -2.0489 0.9896 2.1133, -2.1261 0.8992 2.107, -2.2083 0.8113 2.1123, -2.2989 0.7264 2.1248, -1.9674 1.0889 2.1478, -2.0432 0.9986 2.1261, -2.0946 0.9574 2.1769, -2.181 0.8741 2.173, -2.0061 1.0507 2.206, -2.089 0.9666 2.1887, -2.1486 0.9336 2.2377, -2.2444 0.8581 2.2339, -1.9659 1.0973 2.288, -2.0524 1.02 2.2631, -2.1428 0.943 2.2487, -1.9231 1.138 2.3725, -2.0126 1.0678 2.3402, -2.1053 0.9975 2.3182, -2.2035 0.9283 2.3048, -1.8256 1.213 2.4347, -1.8781 1.1726 2.4596, -1.9703 1.1096 2.42, -2.0649 1.0462 2.3908, -2.164 0.9835 2.3703, -1.869 1.1787 2.4772, -1.9259 1.145 2.5029, -2.0222 1.0886 2.4665, -2.078 1.0755 2.5113, -1.9777 1.1246 2.5457, -1.9169 1.1512 2.5197, -1.8231 1.2047 2.5651, -1.7303 1.2568 2.6195, -1.8913 1.1789 2.8451, -1.8491 1.1847 2.9316, -1.9346 1.1659 2.7617, -1.8353 1.1908 2.8115, -1.7917 1.1961 2.8998, -1.9789 1.1456 2.681, -1.8795 1.1781 2.726, -1.7813 1.2098 2.7782, -1.736 1.2149 2.8687, -1.924 1.1581 2.6428, -1.8266 1.1975 2.6901, -1.7298 1.2359 2.7454, -1.6825 1.2407 2.8386, -2.0328 1.1119 2.5872, -1.9687 1.131 2.5618, -1.8719 1.1779 2.604, -1.7766 1.2238 2.6545, -1.6815 1.2685 2.7138, -1.632 1.2732 2.81, -1.7835 1.1963 2.9172, -1.6727 1.2408 2.8583
            ]
        }
        coordIndex [
            0,1,2,-1,3,4,5,-1,6,7,8,-1,9,10,11,-1,12,13,14,-1,15,16,17,-1,16,15,18,-1,19,20,21,-1,22,23,24,-1,25,26,27,-1,28,29,30,-1,31,32,33,-1,34,35,36,-1,37,38,39,-1,39,38,40,-1,41,42,39,-1,39,42,43,-1,43,44,39,-1,39,44,45,-1,39,45,37,-1,46,47,48,-1,48,47,49,-1,48,49,50,-1,50,49,51,-1,50,51,52,-1,52,51,53,-1,52,53,54,-1,54,53,55,-1,53,56,55,-1,55,56,57,-1,55,57,58,-1,58,57,59,-1,58,59,60,-1,36,35,60,-1,60,35,61,-1,60,61,62,-1,60,63,58,-1,58,63,64,-1,58,64,65,-1,65,64,66,-1,65,66,67,-1,62,68,60,-1,60,68,69,-1,60,69,63,-1,34,36,32,-1,32,36,70,-1,32,70,33,-1,71,72,73,-1,71,73,74,-1,72,75,73,-1,73,75,76,-1,73,76,33,-1,33,76,77,-1,33,77,31,-1,78,74,79,-1,79,74,73,-1,79,73,80,-1,80,73,81,-1,80,81,82,-1,83,84,85,-1,85,84,86,-1,85,86,87,-1,88,89,90,-1,91,92,93,-1,88,90,94,-1,82,81,83,-1,83,81,95,-1,83,95,96,-1,93,92,97,-1,97,92,98,-1,97,98,99,-1,89,100,90,-1,90,100,101,-1,90,101,98,-1,98,101,102,-1,98,102,99,-1,103,104,86,-1,96,105,83,-1,83,105,106,-1,83,106,84,-1,107,108,109,-1,109,108,110,-1,87,86,111,-1,111,86,104,-1,111,104,112,-1,112,104,113,-1,112,113,90,-1,90,113,114,-1,90,114,94,-1,20,19,86,-1,86,19,115,-1,86,115,103,-1,93,107,91,-1,91,107,109,-1,91,109,116,-1,116,109,117,-1,118,119,120,-1,121,122,123,-1,124,125,126,-1,126,125,127,-1,121,123,128,-1,129,130,125,-1,125,130,131,-1,125,131,132,-1,133,134,135,-1,135,134,136,-1,135,136,137,-1,122,138,123,-1,123,138,139,-1,123,139,140,-1,120,119,135,-1,135,119,141,-1,135,141,133,-1,142,143,144,-1,144,143,145,-1,144,145,146,-1,147,132,148,-1,148,132,149,-1,148,149,144,-1,144,149,150,-1,144,150,142,-1,147,151,132,-1,132,151,152,-1,132,152,125,-1,125,152,153,-1,125,153,127,-1,154,155,123,-1,123,155,156,-1,123,156,125,-1,125,156,157,-1,125,157,129,-1,158,159,160,-1,160,159,161,-1,160,161,123,-1,123,161,162,-1,123,162,128,-1,163,164,165,-1,165,164,166,-1,166,167,165,-1,165,167,168,-1,165,168,169,-1,169,168,158,-1,169,158,170,-1,170,158,160,-1,140,171,123,-1,123,171,172,-1,123,172,173,-1,137,174,135,-1,135,174,175,-1,135,175,165,-1,165,175,176,-1,165,176,163,-1,173,177,123,-1,123,177,178,-1,123,178,154,-1,179,180,181,-1,181,132,179,-1,179,132,131,-1,179,131,182,-1,182,131,183,-1,183,184,182,-1,182,184,185,-1,182,185,186,-1,187,188,189,-1,188,190,189,-1,189,190,191,-1,189,191,192,-1,193,189,194,-1,180,179,193,-1,193,179,195,-1,193,195,189,-1,189,195,196,-1,189,196,187,-1,194,197,193,-1,193,197,198,-1,193,198,199,-1,192,191,200,-1,200,191,201,-1,200,201,202,-1,202,201,203,-1,202,203,204,-1,205,206,199,-1,199,206,207,-1,199,207,193,-1,38,208,40,-1,40,208,209,-1,40,209,120,-1,120,209,210,-1,120,210,118,-1,211,212,213,-1,214,215,216,-1,217,218,219,-1,218,220,221,-1,219,222,217,-1,217,222,223,-1,217,223,224,-1,225,226,227,-1,227,226,228,-1,227,228,229,-1,229,228,230,-1,229,230,231,-1,232,233,234,-1,234,233,235,-1,234,235,236,-1,236,235,237,-1,227,238,225,-1,225,238,239,-1,225,239,240,-1,241,242,243,-1,231,230,244,-1,244,230,245,-1,244,245,241,-1,226,236,228,-1,228,236,237,-1,228,237,246,-1,246,237,247,-1,246,247,243,-1,243,247,248,-1,243,248,241,-1,29,28,245,-1,245,28,249,-1,245,249,250,-1,251,252,253,-1,251,253,254,-1,241,245,242,-1,242,245,250,-1,242,250,255,-1,255,250,256,-1,255,256,253,-1,253,256,257,-1,253,257,254,-1,252,258,253,-1,253,258,259,-1,253,259,260,-1,260,261,253,-1,253,261,262,-1,253,262,263,-1,263,264,253,-1,253,264,265,-1,253,265,266,-1,266,265,267,-1,267,265,268,-1,268,265,269,-1,268,269,270,-1,270,271,268,-1,268,271,272,-1,268,272,273,-1,273,272,274,-1,275,276,30,-1,27,277,278,-1,278,279,27,-1,27,279,280,-1,27,280,25,-1,281,282,27,-1,27,282,283,-1,27,283,277,-1,23,284,285,-1,285,284,286,-1,285,286,281,-1,281,286,287,-1,281,287,282,-1,288,289,24,-1,24,289,290,-1,290,291,24,-1,24,291,292,-1,24,292,22,-1,293,294,295,-1,295,294,296,-1,255,297,242,-1,242,297,298,-1,242,298,299,-1,299,298,300,-1,299,300,301,-1,302,303,281,-1,281,303,304,-1,281,304,285,-1,285,304,305,-1,285,305,306,-1,39,307,308,-1,309,310,308,-1,308,310,47,-1,308,47,39,-1,39,47,46,-1,39,46,41,-1,21,20,15,-1,15,20,311,-1,15,311,18,-1,312,313,17,-1,17,313,314,-1,17,314,15,-1,17,315,312,-1,312,315,316,-1,312,316,317,-1,317,316,318,-1,317,318,319,-1,319,318,320,-1,319,320,321,-1,322,323,324,-1,324,323,325,-1,324,325,326,-1,326,325,321,-1,326,321,327,-1,327,321,320,-1,86,328,20,-1,20,328,329,-1,20,329,330,-1,331,332,20,-1,20,332,333,-1,20,333,311,-1,330,334,20,-1,20,334,335,-1,20,335,331,-1,276,275,336,-1,336,275,337,-1,336,337,26,-1,26,337,338,-1,26,338,27,-1,27,338,310,-1,27,310,281,-1,281,310,309,-1,281,309,302,-1,30,29,275,-1,275,29,245,-1,275,245,339,-1,339,245,230,-1,339,230,340,-1,340,230,228,-1,340,228,341,-1,211,342,343,-1,343,342,341,-1,344,223,345,-1,345,223,222,-1,345,222,346,-1,346,222,219,-1,346,219,347,-1,347,219,348,-1,347,348,349,-1,349,348,350,-1,349,350,213,-1,213,350,351,-1,213,351,211,-1,211,351,352,-1,211,352,342,-1,353,354,351,-1,354,355,351,-1,351,355,356,-1,351,356,352,-1,357,358,359,-1,359,358,360,-1,359,360,14,-1,14,360,361,-1,14,361,12,-1,362,363,364,-1,364,363,365,-1,364,365,357,-1,357,365,366,-1,357,366,358,-1,367,368,362,-1,362,368,369,-1,362,369,363,-1,10,370,11,-1,11,370,371,-1,11,371,367,-1,372,373,11,-1,11,373,374,-1,11,374,9,-1,11,375,376,-1,372,11,377,-1,377,11,376,-1,377,376,378,-1,367,362,11,-1,11,362,379,-1,11,379,375,-1,362,380,379,-1,379,380,381,-1,379,381,382,-1,382,381,383,-1,382,383,384,-1,385,386,387,-1,383,388,384,-1,384,388,387,-1,384,387,389,-1,389,387,386,-1,8,7,390,-1,387,391,385,-1,385,391,392,-1,385,392,393,-1,6,8,394,-1,394,8,395,-1,394,395,396,-1,393,397,385,-1,385,397,398,-1,385,398,399,-1,399,398,400,-1,400,401,399,-1,399,401,402,-1,399,402,403,-1,403,402,404,-1,405,406,407,-1,407,406,408,-1,407,408,409,-1,4,3,407,-1,407,3,410,-1,407,410,405,-1,110,411,109,-1,109,411,412,-1,109,412,5,-1,5,412,413,-1,5,413,414,-1,414,415,5,-1,5,415,416,-1,5,416,3,-1,417,418,295,-1,419,420,421,-1,422,423,424,-1,419,421,425,-1,422,424,421,-1,421,424,426,-1,421,426,425,-1,427,428,429,-1,429,428,430,-1,429,430,431,-1,431,430,432,-1,431,432,421,-1,433,434,409,-1,435,433,436,-1,436,433,409,-1,436,409,402,-1,402,409,408,-1,402,408,404,-1,437,438,436,-1,439,440,441,-1,418,442,295,-1,295,442,443,-1,295,443,441,-1,441,443,444,-1,441,444,439,-1,445,446,436,-1,436,446,447,-1,440,448,441,-1,441,448,449,-1,441,449,450,-1,450,449,451,-1,450,451,437,-1,452,453,438,-1,438,453,454,-1,438,454,436,-1,436,454,455,-1,436,455,445,-1,447,456,436,-1,436,456,457,-1,436,457,435,-1,458,459,460,-1,460,459,461,-1,460,461,462,-1,460,463,458,-1,458,463,464,-1,458,464,465,-1,465,466,458,-1,458,466,467,-1,458,467,468,-1,468,467,469,-1,468,469,470,-1,470,469,471,-1,470,471,438,-1,438,471,472,-1,438,472,452,-1,473,474,462,-1,462,474,475,-1,462,475,460,-1,476,477,423,-1,423,477,478,-1,423,478,424,-1,476,479,477,-1,477,479,480,-1,477,480,481,-1,481,480,482,-1,481,483,484,-1,482,485,481,-1,481,485,486,-1,481,486,487,-1,487,488,481,-1,481,488,489,-1,481,489,483,-1,484,490,481,-1,481,490,491,-1,481,491,492,-1,493,494,221,-1,495,496,497,-1,498,499,500,-1,500,499,501,-1,500,501,502,-1,502,501,495,-1,502,495,503,-1,503,495,497,-1,504,505,436,-1,436,505,506,-1,437,436,450,-1,450,436,506,-1,450,506,499,-1,499,506,507,-1,499,507,501,-1,508,505,509,-1,509,505,504,-1,509,504,510,-1,401,390,402,-1,402,390,7,-1,402,7,436,-1,436,7,511,-1,436,511,504,-1,504,511,512,-1,504,512,510,-1,513,514,383,-1,383,514,515,-1,383,515,388,-1,218,221,219,-1,219,221,494,-1,219,494,516,-1,516,517,219,-1,219,517,518,-1,219,518,519,-1,519,518,520,-1,519,520,521,-1,521,520,522,-1,521,522,523,-1,524,525,526,-1,526,525,527,-1,526,527,528,-1,528,527,518,-1,528,518,529,-1,529,518,517,-1,529,517,530,-1,517,531,530,-1,530,531,532,-1,530,532,533,-1,2,1,348,-1,348,1,534,-1,348,534,535,-1,536,537,538,-1,538,537,539,-1,538,539,540,-1,307,39,306,-1,306,39,40,-1,306,40,285,-1,285,40,120,-1,285,120,541,-1,542,541,543,-1,543,541,544,-1,545,546,542,-1,542,546,547,-1,544,541,548,-1,548,541,120,-1,548,120,547,-1,547,120,135,-1,547,135,542,-1,549,550,551,-1,551,545,549,-1,549,545,542,-1,549,542,552,-1,552,542,543,-1,552,543,553,-1,553,543,554,-1,23,285,24,-1,24,285,541,-1,24,541,555,-1,555,541,542,-1,555,542,556,-1,557,558,559,-1,559,558,560,-1,561,562,563,-1,563,562,564,-1,563,564,565,-1,295,566,567,-1,568,569,295,-1,295,569,570,-1,295,570,566,-1,556,571,572,-1,573,555,574,-1,574,555,575,-1,288,24,296,-1,296,24,555,-1,296,555,295,-1,295,555,573,-1,295,573,568,-1,557,576,558,-1,558,576,577,-1,558,577,578,-1,578,577,579,-1,580,581,579,-1,579,581,582,-1,579,582,578,-1,583,584,563,-1,563,584,585,-1,563,585,561,-1,567,586,295,-1,295,586,587,-1,295,587,588,-1,589,590,556,-1,556,590,591,-1,556,591,571,-1,420,417,421,-1,421,417,295,-1,421,295,431,-1,431,295,588,-1,431,588,592,-1,593,594,579,-1,579,594,595,-1,579,595,596,-1,592,563,431,-1,431,563,565,-1,431,565,556,-1,556,565,597,-1,556,597,589,-1,572,598,556,-1,556,598,599,-1,556,599,555,-1,555,599,560,-1,555,560,575,-1,575,560,558,-1,596,600,579,-1,579,600,601,-1,579,601,580,-1,165,117,135,-1,135,117,109,-1,135,109,542,-1,542,109,5,-1,542,5,556,-1,556,5,4,-1,556,4,431,-1,431,4,407,-1,431,407,429,-1,429,407,409,-1,429,409,427,-1,427,409,434,-1,301,293,299,-1,299,293,295,-1,299,295,242,-1,242,295,441,-1,242,441,243,-1,243,441,450,-1,243,450,246,-1,246,450,499,-1,246,499,214,-1,602,603,343,-1,604,605,214,-1,606,607,343,-1,343,607,608,-1,605,609,214,-1,214,609,610,-1,214,610,611,-1,341,228,343,-1,343,228,612,-1,343,612,602,-1,611,613,214,-1,214,613,614,-1,214,614,246,-1,246,614,615,-1,246,615,228,-1,228,615,616,-1,228,616,612,-1,603,617,343,-1,343,617,618,-1,343,618,606,-1,212,211,216,-1,216,211,343,-1,216,343,214,-1,214,343,608,-1,214,608,604,-1,619,620,2,-1,2,620,621,-1,2,621,622,-1,622,623,2,-1,2,623,624,-1,2,624,519,-1,519,624,625,-1,519,625,219,-1,625,626,219,-1,219,626,627,-1,219,627,348,-1,348,627,628,-1,348,628,629,-1,629,630,348,-1,348,630,631,-1,348,631,632,-1,632,633,348,-1,348,633,634,-1,348,634,2,-1,2,634,635,-1,2,635,619,-1,636,0,380,-1,380,0,2,-1,380,2,381,-1,381,2,519,-1,381,519,383,-1,383,519,521,-1,383,521,513,-1,513,521,523,-1,513,523,498,-1,498,523,493,-1,498,493,499,-1,499,493,221,-1,499,221,214,-1,214,221,220,-1,214,220,215,-1,538,636,536,-1,536,636,380,-1,536,380,637,-1,637,380,362,-1,637,362,638,-1,638,362,364,-1,638,364,535,-1,535,364,357,-1,535,357,348,-1,348,357,359,-1,348,359,350,-1,350,359,14,-1,350,14,351,-1,351,14,13,-1,351,13,353,-1,639,640,641,-1,642,643,644,-1,645,646,647,-1,648,649,650,-1,651,652,653,-1,654,655,656,-1,657,658,659,-1,660,661,662,-1,663,664,665,-1,663,665,666,-1,667,668,663,-1,663,668,669,-1,663,669,664,-1,670,671,672,-1,672,671,673,-1,672,673,667,-1,667,673,674,-1,667,674,668,-1,670,672,675,-1,675,672,676,-1,675,676,677,-1,661,678,662,-1,662,678,679,-1,662,679,676,-1,676,679,680,-1,676,680,677,-1,660,681,682,-1,682,681,683,-1,684,685,686,-1,687,688,689,-1,689,688,690,-1,689,690,691,-1,685,684,692,-1,687,689,693,-1,693,689,694,-1,693,694,695,-1,695,694,696,-1,696,694,697,-1,696,697,698,-1,699,700,697,-1,697,700,701,-1,697,701,698,-1,702,703,704,-1,704,703,705,-1,704,705,699,-1,699,705,706,-1,699,706,700,-1,658,707,659,-1,659,707,708,-1,659,708,709,-1,709,708,710,-1,709,710,704,-1,704,710,711,-1,704,711,702,-1,657,659,712,-1,712,659,713,-1,712,713,714,-1,714,713,715,-1,714,715,716,-1,717,718,719,-1,719,718,720,-1,719,720,721,-1,721,720,722,-1,721,722,715,-1,715,722,723,-1,715,723,716,-1,724,725,726,-1,727,728,729,-1,729,728,730,-1,729,730,719,-1,719,730,731,-1,719,731,717,-1,656,655,724,-1,724,655,732,-1,724,732,725,-1,733,734,735,-1,735,734,736,-1,735,736,737,-1,737,736,738,-1,737,738,656,-1,656,738,739,-1,656,739,654,-1,733,735,740,-1,740,735,741,-1,740,741,742,-1,743,744,745,-1,745,744,746,-1,745,746,741,-1,741,746,747,-1,741,747,742,-1,748,749,750,-1,750,749,751,-1,751,752,750,-1,750,752,753,-1,750,753,745,-1,745,753,754,-1,745,754,743,-1,755,756,757,-1,757,756,758,-1,757,758,748,-1,748,758,759,-1,748,759,749,-1,760,761,762,-1,762,761,763,-1,762,763,757,-1,757,763,764,-1,757,764,755,-1,760,762,765,-1,765,762,766,-1,765,766,767,-1,768,769,770,-1,770,769,771,-1,770,771,766,-1,766,771,772,-1,766,772,767,-1,665,773,666,-1,666,773,774,-1,666,774,770,-1,770,774,775,-1,770,775,768,-1,776,777,778,-1,779,780,781,-1,781,780,782,-1,779,783,780,-1,780,783,784,-1,780,784,777,-1,777,784,785,-1,777,785,778,-1,651,653,786,-1,786,653,787,-1,786,787,788,-1,648,650,789,-1,789,650,790,-1,789,790,791,-1,649,792,650,-1,650,792,793,-1,650,793,787,-1,787,793,794,-1,787,794,788,-1,652,795,653,-1,653,795,796,-1,653,796,782,-1,782,796,797,-1,782,797,781,-1,646,645,798,-1,798,645,799,-1,798,799,800,-1,800,799,801,-1,801,799,802,-1,801,802,803,-1,804,805,806,-1,806,805,807,-1,806,807,802,-1,802,807,808,-1,802,808,803,-1,809,810,806,-1,806,810,811,-1,806,811,804,-1,812,813,814,-1,814,815,812,-1,812,815,816,-1,812,816,809,-1,809,816,817,-1,809,817,810,-1,813,812,818,-1,818,812,819,-1,818,819,820,-1,820,819,821,-1,821,819,822,-1,821,822,823,-1,824,825,826,-1,826,825,827,-1,826,827,822,-1,822,827,828,-1,822,828,823,-1,690,692,691,-1,691,692,684,-1,691,684,681,-1,681,684,686,-1,681,686,683,-1,829,830,831,-1,831,830,832,-1,831,832,833,-1,833,832,834,-1,833,834,835,-1,835,834,836,-1,835,836,837,-1,837,836,838,-1,837,838,839,-1,839,838,840,-1,839,840,841,-1,841,840,842,-1,841,842,843,-1,843,842,844,-1,843,844,845,-1,845,844,846,-1,845,846,847,-1,847,846,848,-1,847,848,849,-1,849,848,850,-1,849,850,851,-1,851,850,852,-1,851,852,853,-1,853,852,854,-1,853,854,855,-1,855,854,856,-1,855,856,857,-1,857,856,858,-1,857,858,859,-1,859,858,860,-1,859,860,861,-1,861,860,862,-1,861,862,863,-1,863,862,864,-1,863,864,865,-1,865,864,866,-1,729,866,727,-1,727,866,864,-1,727,864,867,-1,867,864,862,-1,867,862,868,-1,868,862,860,-1,868,860,869,-1,869,860,858,-1,869,858,870,-1,870,858,856,-1,870,856,871,-1,871,856,854,-1,871,854,872,-1,872,854,852,-1,872,852,873,-1,873,852,850,-1,873,850,874,-1,874,850,848,-1,874,848,875,-1,875,848,846,-1,875,846,876,-1,876,846,844,-1,876,844,877,-1,877,844,842,-1,877,842,878,-1,878,842,840,-1,878,840,879,-1,879,840,838,-1,879,838,880,-1,880,838,836,-1,880,836,881,-1,881,836,834,-1,881,834,882,-1,882,834,832,-1,882,832,883,-1,883,832,830,-1,883,830,884,-1,884,830,829,-1,884,662,883,-1,883,662,676,-1,883,676,882,-1,882,676,672,-1,882,672,881,-1,881,672,667,-1,881,667,880,-1,880,667,663,-1,880,663,879,-1,879,663,666,-1,879,666,878,-1,878,666,770,-1,878,770,877,-1,877,770,766,-1,877,766,876,-1,876,766,762,-1,876,762,875,-1,875,762,757,-1,875,757,874,-1,874,757,748,-1,874,748,873,-1,873,748,750,-1,873,750,872,-1,872,750,745,-1,872,745,871,-1,871,745,741,-1,871,741,870,-1,870,741,735,-1,870,735,869,-1,869,735,737,-1,869,737,868,-1,868,737,656,-1,868,656,867,-1,867,656,724,-1,867,724,727,-1,727,724,726,-1,727,726,728,-1,660,662,681,-1,681,662,884,-1,681,884,691,-1,691,884,829,-1,691,829,689,-1,689,829,885,-1,689,885,694,-1,694,885,886,-1,694,886,697,-1,697,886,887,-1,697,887,699,-1,699,887,888,-1,699,888,704,-1,704,888,889,-1,704,889,709,-1,709,889,890,-1,709,890,659,-1,659,890,891,-1,659,891,713,-1,713,891,892,-1,713,892,715,-1,715,892,893,-1,715,893,721,-1,721,893,894,-1,721,894,719,-1,719,894,895,-1,719,895,729,-1,729,895,896,-1,729,896,866,-1,866,896,897,-1,866,897,865,-1,824,826,898,-1,898,826,899,-1,898,899,900,-1,901,902,903,-1,903,902,904,-1,905,906,907,-1,907,906,902,-1,907,902,908,-1,908,902,901,-1,791,790,909,-1,909,790,910,-1,909,910,647,-1,647,910,911,-1,647,911,645,-1,645,911,912,-1,645,912,799,-1,799,912,913,-1,799,913,802,-1,802,913,914,-1,802,914,806,-1,806,914,915,-1,806,915,809,-1,809,915,916,-1,809,916,812,-1,812,916,917,-1,812,917,819,-1,819,917,918,-1,819,918,822,-1,822,918,919,-1,822,919,826,-1,826,919,906,-1,826,906,899,-1,899,906,905,-1,899,905,900,-1,920,921,922,-1,920,922,923,-1,923,922,924,-1,923,924,925,-1,926,927,928,-1,921,920,929,-1,929,920,930,-1,929,930,931,-1,932,933,930,-1,930,933,934,-1,930,934,931,-1,928,935,926,-1,926,935,936,-1,926,936,904,-1,904,936,937,-1,904,937,903,-1,938,939,940,-1,940,939,941,-1,940,941,932,-1,932,941,942,-1,932,942,933,-1,943,944,945,-1,945,944,946,-1,945,946,947,-1,943,948,944,-1,944,948,949,-1,944,949,940,-1,940,949,950,-1,940,950,938,-1,951,952,953,-1,953,952,954,-1,955,946,956,-1,956,946,944,-1,956,944,957,-1,957,944,940,-1,957,940,958,-1,958,940,932,-1,958,932,959,-1,959,932,930,-1,959,930,960,-1,960,930,920,-1,960,920,961,-1,961,920,923,-1,961,923,927,-1,927,923,925,-1,927,925,928,-1,641,640,962,-1,963,964,965,-1,965,964,966,-1,965,966,967,-1,640,963,962,-1,962,963,965,-1,962,965,953,-1,953,965,967,-1,953,967,951,-1,642,644,968,-1,911,969,912,-1,912,969,970,-1,912,970,913,-1,913,970,971,-1,913,971,914,-1,914,971,972,-1,914,972,915,-1,915,972,973,-1,915,973,916,-1,916,973,974,-1,916,974,917,-1,917,974,975,-1,917,975,918,-1,918,975,976,-1,918,976,919,-1,919,976,977,-1,919,977,906,-1,906,977,978,-1,906,978,902,-1,902,978,979,-1,902,979,904,-1,904,979,980,-1,904,980,926,-1,926,980,981,-1,926,981,927,-1,927,981,982,-1,927,982,961,-1,961,982,983,-1,961,983,960,-1,960,983,984,-1,960,984,959,-1,959,984,985,-1,959,985,958,-1,958,985,986,-1,958,986,957,-1,957,986,987,-1,957,987,956,-1,956,987,988,-1,956,988,955,-1,955,988,989,-1,643,639,644,-1,644,639,641,-1,644,641,989,-1,989,641,962,-1,989,962,955,-1,955,962,953,-1,955,953,946,-1,946,953,954,-1,946,954,947,-1,990,991,992,-1,992,991,776,-1,992,776,993,-1,993,776,778,-1,990,968,991,-1,991,968,644,-1,991,644,895,-1,895,644,989,-1,895,989,896,-1,896,989,988,-1,896,988,897,-1,897,988,987,-1,897,987,865,-1,865,987,986,-1,865,986,863,-1,863,986,985,-1,863,985,861,-1,861,985,984,-1,861,984,859,-1,859,984,983,-1,859,983,857,-1,857,983,982,-1,857,982,855,-1,855,982,981,-1,855,981,853,-1,853,981,980,-1,853,980,851,-1,851,980,979,-1,851,979,849,-1,849,979,978,-1,849,978,847,-1,847,978,977,-1,847,977,845,-1,845,977,976,-1,845,976,843,-1,843,976,975,-1,843,975,841,-1,841,975,974,-1,841,974,839,-1,839,974,973,-1,839,973,837,-1,837,973,972,-1,837,972,835,-1,835,972,971,-1,835,971,833,-1,833,971,970,-1,833,970,831,-1,831,970,969,-1,831,969,829,-1,829,969,911,-1,829,911,885,-1,885,911,910,-1,885,910,886,-1,886,910,790,-1,886,790,887,-1,887,790,650,-1,887,650,888,-1,888,650,787,-1,888,787,889,-1,889,787,653,-1,889,653,890,-1,890,653,782,-1,890,782,891,-1,891,782,780,-1,891,780,892,-1,892,780,777,-1,892,777,893,-1,893,777,776,-1,893,776,894,-1,894,776,991,-1,894,991,895,-1,994,995,996,-1,997,998,999,-1,1000,1001,1002,-1,1003,1004,1005,-1,1006,1007,1008,-1,1009,1010,1011,-1,1012,1013,1014,-1,1015,1016,1017,-1,1018,1019,1020,-1,1018,1020,1021,-1,1022,1023,1018,-1,1018,1023,1024,-1,1018,1024,1019,-1,1025,1026,1027,-1,1027,1026,1028,-1,1027,1028,1022,-1,1022,1028,1029,-1,1022,1029,1023,-1,1025,1027,1030,-1,1030,1027,1031,-1,1030,1031,1032,-1,1016,1033,1017,-1,1017,1033,1034,-1,1017,1034,1031,-1,1031,1034,1035,-1,1031,1035,1032,-1,1015,1036,1037,-1,1037,1036,1038,-1,1039,1040,1041,-1,1042,1043,1044,-1,1044,1043,1045,-1,1044,1045,1046,-1,1040,1039,1047,-1,1042,1044,1048,-1,1048,1044,1049,-1,1048,1049,1050,-1,1050,1049,1051,-1,1051,1049,1052,-1,1051,1052,1053,-1,1054,1055,1052,-1,1052,1055,1056,-1,1052,1056,1053,-1,1057,1058,1059,-1,1059,1058,1060,-1,1059,1060,1054,-1,1054,1060,1061,-1,1054,1061,1055,-1,1013,1062,1014,-1,1014,1062,1063,-1,1014,1063,1064,-1,1064,1063,1065,-1,1064,1065,1059,-1,1059,1065,1066,-1,1059,1066,1057,-1,1012,1014,1067,-1,1067,1014,1068,-1,1067,1068,1069,-1,1069,1068,1070,-1,1069,1070,1071,-1,1072,1073,1074,-1,1074,1073,1075,-1,1074,1075,1076,-1,1076,1075,1077,-1,1076,1077,1070,-1,1070,1077,1078,-1,1070,1078,1071,-1,1079,1080,1081,-1,1082,1083,1084,-1,1084,1083,1085,-1,1084,1085,1074,-1,1074,1085,1086,-1,1074,1086,1072,-1,1011,1010,1079,-1,1079,1010,1087,-1,1079,1087,1080,-1,1088,1089,1090,-1,1090,1089,1091,-1,1090,1091,1092,-1,1092,1091,1093,-1,1092,1093,1011,-1,1011,1093,1094,-1,1011,1094,1009,-1,1088,1090,1095,-1,1095,1090,1096,-1,1095,1096,1097,-1,1098,1099,1100,-1,1100,1099,1101,-1,1100,1101,1096,-1,1096,1101,1102,-1,1096,1102,1097,-1,1103,1104,1105,-1,1105,1104,1106,-1,1106,1107,1105,-1,1105,1107,1108,-1,1105,1108,1100,-1,1100,1108,1109,-1,1100,1109,1098,-1,1110,1111,1112,-1,1112,1111,1113,-1,1112,1113,1103,-1,1103,1113,1114,-1,1103,1114,1104,-1,1115,1116,1117,-1,1117,1116,1118,-1,1117,1118,1112,-1,1112,1118,1119,-1,1112,1119,1110,-1,1115,1117,1120,-1,1120,1117,1121,-1,1120,1121,1122,-1,1123,1124,1125,-1,1125,1124,1126,-1,1125,1126,1121,-1,1121,1126,1127,-1,1121,1127,1122,-1,1020,1128,1021,-1,1021,1128,1129,-1,1021,1129,1125,-1,1125,1129,1130,-1,1125,1130,1123,-1,1131,1132,1133,-1,1134,1135,1136,-1,1136,1135,1137,-1,1134,1138,1135,-1,1135,1138,1139,-1,1135,1139,1132,-1,1132,1139,1140,-1,1132,1140,1133,-1,1006,1008,1141,-1,1141,1008,1142,-1,1141,1142,1143,-1,1003,1005,1144,-1,1144,1005,1145,-1,1144,1145,1146,-1,1004,1147,1005,-1,1005,1147,1148,-1,1005,1148,1142,-1,1142,1148,1149,-1,1142,1149,1143,-1,1007,1150,1008,-1,1008,1150,1151,-1,1008,1151,1137,-1,1137,1151,1152,-1,1137,1152,1136,-1,1001,1000,1153,-1,1153,1000,1154,-1,1153,1154,1155,-1,1155,1154,1156,-1,1156,1154,1157,-1,1156,1157,1158,-1,1159,1160,1161,-1,1161,1160,1162,-1,1161,1162,1157,-1,1157,1162,1163,-1,1157,1163,1158,-1,1164,1165,1161,-1,1161,1165,1166,-1,1161,1166,1159,-1,1167,1168,1169,-1,1169,1170,1167,-1,1167,1170,1171,-1,1167,1171,1164,-1,1164,1171,1172,-1,1164,1172,1165,-1,1168,1167,1173,-1,1173,1167,1174,-1,1173,1174,1175,-1,1175,1174,1176,-1,1176,1174,1177,-1,1176,1177,1178,-1,1179,1180,1181,-1,1181,1180,1182,-1,1181,1182,1177,-1,1177,1182,1183,-1,1177,1183,1178,-1,1045,1047,1046,-1,1046,1047,1039,-1,1046,1039,1036,-1,1036,1039,1041,-1,1036,1041,1038,-1,1184,1185,1186,-1,1186,1185,1187,-1,1186,1187,1188,-1,1188,1187,1189,-1,1188,1189,1190,-1,1190,1189,1191,-1,1190,1191,1192,-1,1192,1191,1193,-1,1192,1193,1194,-1,1194,1193,1195,-1,1194,1195,1196,-1,1196,1195,1197,-1,1196,1197,1198,-1,1198,1197,1199,-1,1198,1199,1200,-1,1200,1199,1201,-1,1200,1201,1202,-1,1202,1201,1203,-1,1202,1203,1204,-1,1204,1203,1205,-1,1204,1205,1206,-1,1206,1205,1207,-1,1206,1207,1208,-1,1208,1207,1209,-1,1208,1209,1210,-1,1210,1209,1211,-1,1210,1211,1212,-1,1212,1211,1213,-1,1212,1213,1214,-1,1214,1213,1215,-1,1214,1215,1216,-1,1216,1215,1217,-1,1216,1217,1218,-1,1218,1217,1219,-1,1218,1219,1220,-1,1220,1219,1221,-1,1084,1221,1082,-1,1082,1221,1219,-1,1082,1219,1222,-1,1222,1219,1217,-1,1222,1217,1223,-1,1223,1217,1215,-1,1223,1215,1224,-1,1224,1215,1213,-1,1224,1213,1225,-1,1225,1213,1211,-1,1225,1211,1226,-1,1226,1211,1209,-1,1226,1209,1227,-1,1227,1209,1207,-1,1227,1207,1228,-1,1228,1207,1205,-1,1228,1205,1229,-1,1229,1205,1203,-1,1229,1203,1230,-1,1230,1203,1201,-1,1230,1201,1231,-1,1231,1201,1199,-1,1231,1199,1232,-1,1232,1199,1197,-1,1232,1197,1233,-1,1233,1197,1195,-1,1233,1195,1234,-1,1234,1195,1193,-1,1234,1193,1235,-1,1235,1193,1191,-1,1235,1191,1236,-1,1236,1191,1189,-1,1236,1189,1237,-1,1237,1189,1187,-1,1237,1187,1238,-1,1238,1187,1185,-1,1238,1185,1239,-1,1239,1185,1184,-1,1239,1017,1238,-1,1238,1017,1031,-1,1238,1031,1237,-1,1237,1031,1027,-1,1237,1027,1236,-1,1236,1027,1022,-1,1236,1022,1235,-1,1235,1022,1018,-1,1235,1018,1234,-1,1234,1018,1021,-1,1234,1021,1233,-1,1233,1021,1125,-1,1233,1125,1232,-1,1232,1125,1121,-1,1232,1121,1231,-1,1231,1121,1117,-1,1231,1117,1230,-1,1230,1117,1112,-1,1230,1112,1229,-1,1229,1112,1103,-1,1229,1103,1228,-1,1228,1103,1105,-1,1228,1105,1227,-1,1227,1105,1100,-1,1227,1100,1226,-1,1226,1100,1096,-1,1226,1096,1225,-1,1225,1096,1090,-1,1225,1090,1224,-1,1224,1090,1092,-1,1224,1092,1223,-1,1223,1092,1011,-1,1223,1011,1222,-1,1222,1011,1079,-1,1222,1079,1082,-1,1082,1079,1081,-1,1082,1081,1083,-1,1015,1017,1036,-1,1036,1017,1239,-1,1036,1239,1046,-1,1046,1239,1184,-1,1046,1184,1044,-1,1044,1184,1240,-1,1044,1240,1049,-1,1049,1240,1241,-1,1049,1241,1052,-1,1052,1241,1242,-1,1052,1242,1054,-1,1054,1242,1243,-1,1054,1243,1059,-1,1059,1243,1244,-1,1059,1244,1064,-1,1064,1244,1245,-1,1064,1245,1014,-1,1014,1245,1246,-1,1014,1246,1068,-1,1068,1246,1247,-1,1068,1247,1070,-1,1070,1247,1248,-1,1070,1248,1076,-1,1076,1248,1249,-1,1076,1249,1074,-1,1074,1249,1250,-1,1074,1250,1084,-1,1084,1250,1251,-1,1084,1251,1221,-1,1221,1251,1252,-1,1221,1252,1220,-1,1179,1181,1253,-1,1253,1181,1254,-1,1253,1254,1255,-1,1256,1257,1258,-1,1258,1257,1259,-1,1258,1259,1260,-1,1261,1262,1263,-1,1263,1262,1257,-1,1263,1257,1264,-1,1264,1257,1256,-1,1146,1145,1265,-1,1265,1145,1266,-1,1265,1266,1002,-1,1002,1266,1267,-1,1002,1267,1000,-1,1000,1267,1268,-1,1000,1268,1154,-1,1154,1268,1269,-1,1154,1269,1157,-1,1157,1269,1270,-1,1157,1270,1161,-1,1161,1270,1271,-1,1161,1271,1164,-1,1164,1271,1272,-1,1164,1272,1167,-1,1167,1272,1273,-1,1167,1273,1174,-1,1174,1273,1274,-1,1174,1274,1177,-1,1177,1274,1275,-1,1177,1275,1181,-1,1181,1275,1262,-1,1181,1262,1254,-1,1254,1262,1261,-1,1254,1261,1255,-1,1276,1277,1278,-1,1276,1278,1279,-1,1279,1278,1280,-1,1279,1280,1281,-1,1282,1283,1284,-1,1277,1276,1285,-1,1285,1276,1286,-1,1285,1286,1287,-1,1288,1289,1286,-1,1286,1289,1290,-1,1286,1290,1287,-1,1284,1291,1282,-1,1282,1291,1292,-1,1282,1292,1259,-1,1259,1292,1293,-1,1259,1293,1260,-1,1294,1295,1296,-1,1296,1295,1297,-1,1296,1297,1288,-1,1288,1297,1298,-1,1288,1298,1289,-1,1299,1300,1301,-1,1301,1300,1302,-1,1301,1302,1303,-1,1299,1304,1300,-1,1300,1304,1305,-1,1300,1305,1296,-1,1296,1305,1306,-1,1296,1306,1294,-1,1307,1308,1309,-1,1309,1308,1310,-1,1311,1302,1312,-1,1312,1302,1300,-1,1312,1300,1313,-1,1313,1300,1296,-1,1313,1296,1314,-1,1314,1296,1288,-1,1314,1288,1315,-1,1315,1288,1286,-1,1315,1286,1316,-1,1316,1286,1276,-1,1316,1276,1317,-1,1317,1276,1279,-1,1317,1279,1283,-1,1283,1279,1281,-1,1283,1281,1284,-1,996,995,1318,-1,1319,1320,1321,-1,1321,1320,1322,-1,1321,1322,1323,-1,995,1319,1318,-1,1318,1319,1321,-1,1318,1321,1309,-1,1309,1321,1323,-1,1309,1323,1307,-1,997,999,1324,-1,1267,1325,1268,-1,1268,1325,1326,-1,1268,1326,1269,-1,1269,1326,1327,-1,1269,1327,1270,-1,1270,1327,1328,-1,1270,1328,1271,-1,1271,1328,1329,-1,1271,1329,1272,-1,1272,1329,1330,-1,1272,1330,1273,-1,1273,1330,1331,-1,1273,1331,1274,-1,1274,1331,1332,-1,1274,1332,1275,-1,1275,1332,1333,-1,1275,1333,1262,-1,1262,1333,1334,-1,1262,1334,1257,-1,1257,1334,1335,-1,1257,1335,1259,-1,1259,1335,1336,-1,1259,1336,1282,-1,1282,1336,1337,-1,1282,1337,1283,-1,1283,1337,1338,-1,1283,1338,1317,-1,1317,1338,1339,-1,1317,1339,1316,-1,1316,1339,1340,-1,1316,1340,1315,-1,1315,1340,1341,-1,1315,1341,1314,-1,1314,1341,1342,-1,1314,1342,1313,-1,1313,1342,1343,-1,1313,1343,1312,-1,1312,1343,1344,-1,1312,1344,1311,-1,1311,1344,1345,-1,998,994,999,-1,999,994,996,-1,999,996,1345,-1,1345,996,1318,-1,1345,1318,1311,-1,1311,1318,1309,-1,1311,1309,1302,-1,1302,1309,1310,-1,1302,1310,1303,-1,1346,1347,1348,-1,1348,1347,1131,-1,1348,1131,1349,-1,1349,1131,1133,-1,1346,1324,1347,-1,1347,1324,999,-1,1347,999,1250,-1,1250,999,1345,-1,1250,1345,1251,-1,1251,1345,1344,-1,1251,1344,1252,-1,1252,1344,1343,-1,1252,1343,1220,-1,1220,1343,1342,-1,1220,1342,1218,-1,1218,1342,1341,-1,1218,1341,1216,-1,1216,1341,1340,-1,1216,1340,1214,-1,1214,1340,1339,-1,1214,1339,1212,-1,1212,1339,1338,-1,1212,1338,1210,-1,1210,1338,1337,-1,1210,1337,1208,-1,1208,1337,1336,-1,1208,1336,1206,-1,1206,1336,1335,-1,1206,1335,1204,-1,1204,1335,1334,-1,1204,1334,1202,-1,1202,1334,1333,-1,1202,1333,1200,-1,1200,1333,1332,-1,1200,1332,1198,-1,1198,1332,1331,-1,1198,1331,1196,-1,1196,1331,1330,-1,1196,1330,1194,-1,1194,1330,1329,-1,1194,1329,1192,-1,1192,1329,1328,-1,1192,1328,1190,-1,1190,1328,1327,-1,1190,1327,1188,-1,1188,1327,1326,-1,1188,1326,1186,-1,1186,1326,1325,-1,1186,1325,1184,-1,1184,1325,1267,-1,1184,1267,1240,-1,1240,1267,1266,-1,1240,1266,1241,-1,1241,1266,1145,-1,1241,1145,1242,-1,1242,1145,1005,-1,1242,1005,1243,-1,1243,1005,1142,-1,1243,1142,1244,-1,1244,1142,1008,-1,1244,1008,1245,-1,1245,1008,1137,-1,1245,1137,1246,-1,1246,1137,1135,-1,1246,1135,1247,-1,1247,1135,1132,-1,1247,1132,1248,-1,1248,1132,1131,-1,1248,1131,1249,-1,1249,1131,1347,-1,1249,1347,1250,-1,1350,1351,1352,-1,1353,1354,1355,-1,1353,1355,1356,-1,1356,1355,1357,-1,1356,1357,1358,-1,1358,1357,1359,-1,1358,1359,1360,-1,1354,1353,1361,-1,1361,1353,1362,-1,1361,1362,1363,-1,1363,1362,1364,-1,1363,1364,1365,-1,1365,1364,1366,-1,1365,1366,1367,-1,1367,1366,1368,-1,1367,1368,1369,-1,1369,1368,1370,-1,1369,1370,1371,-1,1370,1372,1371,-1,1371,1372,1373,-1,1371,1373,1374,-1,1374,1373,1375,-1,1374,1375,1376,-1,1376,1375,1377,-1,1376,1377,1378,-1,1378,1377,1379,-1,1378,1379,1380,-1,1380,1379,1381,-1,1381,1379,1382,-1,1381,1382,1383,-1,1383,1382,1384,-1,1383,1384,1385,-1,1384,1386,1385,-1,1385,1386,1387,-1,1385,1387,1388,-1,1388,1387,1389,-1,1388,1389,1390,-1,1390,1389,1391,-1,1391,1389,1392,-1,1391,1392,1393,-1,1393,1392,1394,-1,1393,1394,1395,-1,1394,1396,1395,-1,1395,1396,1397,-1,1395,1397,1398,-1,1399,1400,1401,-1,1360,1359,1402,-1,1402,1359,1403,-1,1402,1403,1404,-1,1404,1403,1405,-1,1404,1405,1406,-1,1406,1405,1407,-1,1406,1407,1408,-1,1408,1407,1409,-1,1408,1409,1410,-1,1410,1409,1411,-1,1410,1411,1412,-1,1412,1411,1413,-1,1412,1413,1414,-1,1414,1413,1415,-1,1414,1415,1416,-1,1416,1415,1417,-1,1416,1417,1418,-1,1418,1417,1419,-1,1418,1419,1420,-1,1420,1419,1421,-1,1420,1421,1422,-1,1422,1421,1423,-1,1422,1423,1424,-1,1424,1423,1425,-1,1424,1425,1401,-1,1401,1425,1426,-1,1401,1426,1399,-1,1400,1427,1401,-1,1401,1427,1428,-1,1401,1428,1429,-1,1429,1428,1430,-1,1429,1430,1431,-1,1352,1351,1432,-1,1432,1351,1433,-1,1432,1433,1434,-1,1431,1435,1429,-1,1429,1435,1436,-1,1429,1436,1437,-1,1437,1436,1438,-1,1437,1438,1439,-1,1434,1440,1432,-1,1432,1440,1441,-1,1432,1441,1397,-1,1397,1441,1442,-1,1397,1442,1398,-1,1443,1444,1352,-1,1352,1444,1445,-1,1446,1447,1437,-1,1437,1447,1448,-1,1437,1448,1449,-1,1445,1450,1352,-1,1352,1450,1451,-1,1352,1451,1452,-1,1439,1453,1437,-1,1437,1453,1454,-1,1437,1454,1446,-1,1452,1455,1352,-1,1352,1455,1456,-1,1352,1456,1350,-1,1457,1458,1459,-1,1460,1461,1462,-1,1463,1464,1465,-1,1466,1467,1468,-1,1469,1470,1471,-1,1472,1473,1474,-1,1475,1476,1448,-1,1448,1476,1477,-1,1448,1477,1449,-1,1478,1479,1480,-1,1479,1481,1480,-1,1480,1481,1482,-1,1480,1482,1475,-1,1483,1484,1485,-1,1485,1484,1486,-1,1485,1486,1478,-1,1487,1488,1483,-1,1489,1490,1487,-1,1487,1490,1491,-1,1487,1491,1488,-1,1492,1493,1494,-1,1493,1495,1494,-1,1494,1495,1496,-1,1494,1496,1489,-1,1497,1498,1499,-1,1499,1498,1500,-1,1499,1500,1492,-1,1497,1499,1501,-1,1501,1499,1502,-1,1501,1502,1503,-1,1504,1505,1506,-1,1506,1505,1507,-1,1506,1507,1503,-1,1508,1509,1510,-1,1510,1509,1511,-1,1511,1512,1513,-1,1513,1512,1514,-1,1513,1514,1504,-1,1515,1516,1517,-1,1515,1517,1518,-1,1517,1519,1518,-1,1518,1519,1520,-1,1518,1520,1510,-1,1510,1520,1521,-1,1510,1521,1508,-1,1522,1523,1524,-1,1524,1523,1525,-1,1526,1527,1528,-1,1528,1527,1529,-1,1528,1529,1523,-1,1523,1529,1530,-1,1523,1530,1525,-1,1470,1531,1471,-1,1471,1531,1532,-1,1471,1532,1533,-1,1532,1534,1533,-1,1533,1534,1535,-1,1533,1535,1536,-1,1467,1537,1538,-1,1537,1539,1538,-1,1538,1539,1540,-1,1538,1540,1471,-1,1471,1540,1541,-1,1471,1541,1469,-1,1542,1543,1544,-1,1544,1543,1545,-1,1544,1545,1546,-1,1546,1547,1544,-1,1544,1547,1548,-1,1544,1548,1468,-1,1468,1548,1549,-1,1468,1549,1466,-1,1465,1550,1551,-1,1551,1552,1553,-1,1553,1552,1554,-1,1553,1554,1555,-1,1555,1554,1556,-1,1555,1556,1557,-1,1464,1558,1465,-1,1465,1558,1559,-1,1465,1559,1550,-1,1460,1462,1560,-1,1457,1459,1561,-1,1562,1563,1564,-1,1564,1563,1565,-1,1566,1567,1568,-1,1568,1567,1569,-1,1568,1569,1570,-1,1571,1572,1573,-1,1573,1572,1574,-1,1575,1576,1577,-1,1578,1579,1575,-1,1575,1579,1580,-1,1575,1580,1576,-1,1581,1582,1583,-1,1443,1584,1444,-1,1444,1584,1585,-1,1444,1585,1586,-1,1551,1553,1465,-1,1465,1553,1587,-1,1465,1587,1463,-1,1553,1588,1587,-1,1587,1588,1589,-1,1587,1589,1590,-1,1589,1591,1590,-1,1590,1591,1592,-1,1590,1592,1593,-1,1592,1594,1593,-1,1593,1594,1595,-1,1593,1595,1596,-1,1595,1597,1596,-1,1596,1597,1598,-1,1596,1598,1599,-1,1598,1600,1599,-1,1599,1600,1601,-1,1599,1601,1602,-1,1601,1603,1602,-1,1602,1603,1604,-1,1602,1604,1605,-1,1604,1606,1605,-1,1605,1606,1607,-1,1605,1607,1608,-1,1607,1609,1608,-1,1608,1609,1610,-1,1608,1610,1611,-1,1610,1612,1611,-1,1611,1612,1613,-1,1611,1613,1614,-1,1613,1615,1614,-1,1614,1615,1616,-1,1614,1616,1617,-1,1616,1618,1617,-1,1617,1618,1619,-1,1617,1619,1620,-1,1619,1621,1620,-1,1620,1621,1622,-1,1620,1622,1623,-1,1622,1624,1623,-1,1623,1624,1625,-1,1623,1625,1626,-1,1625,1627,1626,-1,1626,1627,1628,-1,1626,1628,1629,-1,1628,1630,1629,-1,1629,1630,1631,-1,1629,1631,1632,-1,1631,1633,1632,-1,1632,1633,1634,-1,1632,1634,1635,-1,1634,1636,1635,-1,1635,1636,1637,-1,1635,1637,1638,-1,1637,1639,1638,-1,1638,1639,1640,-1,1638,1640,1641,-1,1640,1642,1641,-1,1641,1642,1643,-1,1641,1643,1644,-1,1643,1645,1644,-1,1644,1645,1646,-1,1644,1646,1647,-1,1646,1648,1647,-1,1647,1648,1649,-1,1647,1649,1650,-1,1649,1651,1650,-1,1650,1651,1652,-1,1650,1652,1653,-1,1652,1654,1653,-1,1653,1654,1655,-1,1653,1655,1656,-1,1655,1657,1656,-1,1656,1657,1658,-1,1656,1658,1659,-1,1658,1660,1659,-1,1659,1660,1661,-1,1659,1661,1662,-1,1661,1663,1662,-1,1662,1663,1664,-1,1662,1664,1665,-1,1664,1666,1665,-1,1665,1666,1667,-1,1665,1667,1668,-1,1667,1669,1668,-1,1668,1669,1670,-1,1668,1670,1671,-1,1670,1672,1671,-1,1671,1672,1673,-1,1671,1673,1674,-1,1673,1675,1674,-1,1674,1675,1676,-1,1674,1676,1677,-1,1676,1678,1677,-1,1677,1678,1679,-1,1677,1679,1680,-1,1679,1681,1680,-1,1680,1681,1682,-1,1680,1682,1683,-1,1682,1684,1683,-1,1683,1684,1685,-1,1683,1685,1686,-1,1685,1687,1686,-1,1686,1687,1688,-1,1686,1688,1689,-1,1688,1690,1689,-1,1689,1690,1691,-1,1689,1691,1692,-1,1691,1693,1692,-1,1692,1693,1694,-1,1692,1694,1695,-1,1694,1696,1695,-1,1695,1696,1697,-1,1695,1697,1698,-1,1697,1699,1698,-1,1698,1699,1700,-1,1698,1700,1701,-1,1700,1702,1701,-1,1701,1702,1703,-1,1701,1703,1704,-1,1703,1705,1704,-1,1704,1705,1706,-1,1704,1706,1707,-1,1706,1708,1707,-1,1707,1708,1709,-1,1707,1709,1710,-1,1709,1711,1710,-1,1710,1711,1712,-1,1710,1712,1713,-1,1712,1714,1713,-1,1713,1714,1715,-1,1713,1715,1716,-1,1715,1717,1716,-1,1716,1717,1718,-1,1716,1718,1719,-1,1718,1720,1719,-1,1719,1720,1721,-1,1719,1721,1722,-1,1721,1723,1722,-1,1722,1723,1724,-1,1722,1724,1725,-1,1724,1726,1725,-1,1725,1726,1727,-1,1725,1727,1728,-1,1727,1729,1728,-1,1728,1729,1730,-1,1728,1730,1731,-1,1730,1732,1731,-1,1731,1732,1733,-1,1731,1733,1734,-1,1733,1735,1734,-1,1734,1735,1736,-1,1734,1736,1737,-1,1736,1738,1737,-1,1737,1738,1739,-1,1737,1739,1740,-1,1739,1741,1740,-1,1740,1741,1742,-1,1740,1742,1743,-1,1742,1744,1743,-1,1743,1744,1745,-1,1743,1745,1746,-1,1745,1747,1746,-1,1746,1747,1748,-1,1746,1748,1749,-1,1748,1750,1749,-1,1749,1750,1751,-1,1749,1751,1544,-1,1544,1751,1752,-1,1544,1752,1542,-1,1522,1472,1523,-1,1523,1472,1474,-1,1523,1474,1753,-1,1474,1754,1753,-1,1753,1754,1755,-1,1753,1755,1756,-1,1755,1757,1756,-1,1756,1757,1758,-1,1756,1758,1759,-1,1758,1760,1759,-1,1759,1760,1761,-1,1759,1761,1510,-1,1510,1761,1762,-1,1510,1762,1518,-1,1467,1538,1468,-1,1468,1538,1763,-1,1468,1763,1544,-1,1544,1763,1764,-1,1544,1764,1749,-1,1749,1764,1765,-1,1749,1765,1746,-1,1746,1765,1766,-1,1746,1766,1743,-1,1743,1766,1767,-1,1743,1767,1740,-1,1740,1767,1768,-1,1740,1768,1737,-1,1737,1768,1769,-1,1737,1769,1734,-1,1734,1769,1770,-1,1734,1770,1731,-1,1731,1770,1771,-1,1731,1771,1728,-1,1728,1771,1772,-1,1728,1772,1725,-1,1725,1772,1773,-1,1725,1773,1722,-1,1722,1773,1774,-1,1722,1774,1719,-1,1719,1774,1775,-1,1719,1775,1716,-1,1716,1775,1776,-1,1716,1776,1713,-1,1713,1776,1777,-1,1713,1777,1710,-1,1710,1777,1778,-1,1710,1778,1707,-1,1707,1778,1779,-1,1707,1779,1704,-1,1704,1779,1780,-1,1704,1780,1701,-1,1701,1780,1781,-1,1701,1781,1698,-1,1698,1781,1782,-1,1698,1782,1695,-1,1695,1782,1783,-1,1695,1783,1692,-1,1692,1783,1784,-1,1692,1784,1689,-1,1689,1784,1785,-1,1689,1785,1686,-1,1686,1785,1786,-1,1686,1786,1683,-1,1683,1786,1787,-1,1683,1787,1680,-1,1680,1787,1788,-1,1680,1788,1677,-1,1677,1788,1789,-1,1677,1789,1674,-1,1674,1789,1790,-1,1674,1790,1671,-1,1671,1790,1791,-1,1671,1791,1668,-1,1668,1791,1792,-1,1668,1792,1665,-1,1665,1792,1793,-1,1665,1793,1662,-1,1662,1793,1794,-1,1662,1794,1659,-1,1659,1794,1795,-1,1659,1795,1656,-1,1656,1795,1796,-1,1656,1796,1653,-1,1653,1796,1797,-1,1653,1797,1650,-1,1650,1797,1798,-1,1650,1798,1647,-1,1647,1798,1799,-1,1647,1799,1644,-1,1644,1799,1800,-1,1644,1800,1641,-1,1641,1800,1801,-1,1641,1801,1638,-1,1638,1801,1802,-1,1638,1802,1635,-1,1635,1802,1803,-1,1635,1803,1632,-1,1632,1803,1804,-1,1632,1804,1629,-1,1629,1804,1805,-1,1629,1805,1626,-1,1626,1805,1806,-1,1626,1806,1623,-1,1623,1806,1807,-1,1623,1807,1620,-1,1620,1807,1808,-1,1620,1808,1617,-1,1617,1808,1809,-1,1617,1809,1614,-1,1614,1809,1810,-1,1614,1810,1611,-1,1611,1810,1811,-1,1611,1811,1608,-1,1608,1811,1812,-1,1608,1812,1605,-1,1605,1812,1813,-1,1605,1813,1602,-1,1602,1813,1814,-1,1602,1814,1599,-1,1599,1814,1815,-1,1599,1815,1596,-1,1596,1815,1816,-1,1596,1816,1593,-1,1593,1816,1817,-1,1593,1817,1590,-1,1590,1817,1462,-1,1590,1462,1587,-1,1587,1462,1461,-1,1587,1461,1463,-1,1511,1513,1510,-1,1510,1513,1818,-1,1510,1818,1759,-1,1759,1818,1819,-1,1759,1819,1756,-1,1756,1819,1820,-1,1756,1820,1753,-1,1753,1820,1821,-1,1753,1821,1523,-1,1523,1821,1533,-1,1523,1533,1528,-1,1528,1533,1536,-1,1528,1536,1526,-1,1504,1506,1513,-1,1513,1506,1822,-1,1513,1822,1818,-1,1818,1822,1823,-1,1818,1823,1819,-1,1819,1823,1824,-1,1819,1824,1820,-1,1820,1824,1825,-1,1820,1825,1821,-1,1821,1825,1826,-1,1821,1826,1533,-1,1533,1826,1827,-1,1533,1827,1471,-1,1471,1827,1828,-1,1471,1828,1538,-1,1538,1828,1829,-1,1538,1829,1763,-1,1763,1829,1830,-1,1763,1830,1764,-1,1764,1830,1831,-1,1764,1831,1765,-1,1765,1831,1832,-1,1765,1832,1766,-1,1766,1832,1833,-1,1766,1833,1767,-1,1767,1833,1834,-1,1767,1834,1768,-1,1768,1834,1835,-1,1768,1835,1769,-1,1769,1835,1836,-1,1769,1836,1770,-1,1770,1836,1837,-1,1770,1837,1771,-1,1771,1837,1838,-1,1771,1838,1772,-1,1772,1838,1839,-1,1772,1839,1773,-1,1773,1839,1840,-1,1773,1840,1774,-1,1774,1840,1841,-1,1774,1841,1775,-1,1775,1841,1842,-1,1775,1842,1776,-1,1776,1842,1843,-1,1776,1843,1777,-1,1777,1843,1844,-1,1777,1844,1778,-1,1778,1844,1845,-1,1778,1845,1779,-1,1779,1845,1846,-1,1779,1846,1780,-1,1780,1846,1847,-1,1780,1847,1781,-1,1781,1847,1848,-1,1781,1848,1782,-1,1782,1848,1849,-1,1782,1849,1783,-1,1783,1849,1850,-1,1783,1850,1784,-1,1784,1850,1851,-1,1784,1851,1785,-1,1785,1851,1852,-1,1785,1852,1786,-1,1786,1852,1853,-1,1786,1853,1787,-1,1787,1853,1854,-1,1787,1854,1788,-1,1788,1854,1855,-1,1788,1855,1789,-1,1789,1855,1856,-1,1789,1856,1790,-1,1790,1856,1857,-1,1790,1857,1791,-1,1791,1857,1858,-1,1791,1858,1792,-1,1792,1858,1859,-1,1792,1859,1793,-1,1793,1859,1860,-1,1793,1860,1794,-1,1794,1860,1861,-1,1794,1861,1795,-1,1795,1861,1862,-1,1795,1862,1796,-1,1796,1862,1863,-1,1796,1863,1797,-1,1797,1863,1864,-1,1797,1864,1798,-1,1798,1864,1865,-1,1798,1865,1799,-1,1799,1865,1866,-1,1799,1866,1800,-1,1800,1866,1867,-1,1800,1867,1801,-1,1801,1867,1868,-1,1801,1868,1802,-1,1802,1868,1869,-1,1802,1869,1803,-1,1803,1869,1870,-1,1803,1870,1804,-1,1804,1870,1871,-1,1804,1871,1805,-1,1805,1871,1872,-1,1805,1872,1806,-1,1806,1872,1873,-1,1806,1873,1807,-1,1807,1873,1874,-1,1807,1874,1808,-1,1808,1874,1875,-1,1808,1875,1809,-1,1809,1875,1876,-1,1809,1876,1810,-1,1810,1876,1877,-1,1810,1877,1811,-1,1811,1877,1878,-1,1811,1878,1812,-1,1812,1878,1879,-1,1812,1879,1813,-1,1813,1879,1880,-1,1813,1880,1814,-1,1814,1880,1881,-1,1814,1881,1815,-1,1815,1881,1882,-1,1815,1882,1816,-1,1816,1882,1883,-1,1816,1883,1817,-1,1817,1883,1459,-1,1817,1459,1462,-1,1462,1459,1458,-1,1462,1458,1560,-1,1503,1502,1506,-1,1506,1502,1884,-1,1506,1884,1822,-1,1822,1884,1885,-1,1822,1885,1823,-1,1823,1885,1886,-1,1823,1886,1824,-1,1824,1886,1887,-1,1824,1887,1825,-1,1825,1887,1888,-1,1825,1888,1826,-1,1826,1888,1889,-1,1826,1889,1827,-1,1827,1889,1890,-1,1827,1890,1828,-1,1828,1890,1891,-1,1828,1891,1829,-1,1829,1891,1892,-1,1829,1892,1830,-1,1830,1892,1893,-1,1830,1893,1831,-1,1831,1893,1894,-1,1831,1894,1832,-1,1832,1894,1895,-1,1832,1895,1833,-1,1833,1895,1896,-1,1833,1896,1834,-1,1834,1896,1897,-1,1834,1897,1835,-1,1835,1897,1898,-1,1835,1898,1836,-1,1836,1898,1899,-1,1836,1899,1837,-1,1837,1899,1900,-1,1837,1900,1838,-1,1838,1900,1901,-1,1838,1901,1839,-1,1839,1901,1902,-1,1839,1902,1840,-1,1840,1902,1903,-1,1840,1903,1841,-1,1841,1903,1904,-1,1841,1904,1842,-1,1842,1904,1905,-1,1842,1905,1843,-1,1843,1905,1906,-1,1843,1906,1844,-1,1844,1906,1907,-1,1844,1907,1845,-1,1845,1907,1908,-1,1845,1908,1846,-1,1846,1908,1909,-1,1846,1909,1847,-1,1847,1909,1910,-1,1847,1910,1848,-1,1848,1910,1911,-1,1848,1911,1849,-1,1849,1911,1912,-1,1849,1912,1850,-1,1850,1912,1913,-1,1850,1913,1851,-1,1851,1913,1914,-1,1851,1914,1852,-1,1852,1914,1915,-1,1852,1915,1853,-1,1853,1915,1916,-1,1853,1916,1854,-1,1854,1916,1917,-1,1854,1917,1855,-1,1855,1917,1918,-1,1855,1918,1856,-1,1856,1918,1919,-1,1856,1919,1857,-1,1857,1919,1920,-1,1857,1920,1858,-1,1858,1920,1921,-1,1858,1921,1859,-1,1859,1921,1922,-1,1859,1922,1860,-1,1860,1922,1923,-1,1860,1923,1861,-1,1861,1923,1924,-1,1861,1924,1862,-1,1862,1924,1925,-1,1862,1925,1863,-1,1863,1925,1926,-1,1863,1926,1864,-1,1864,1926,1927,-1,1864,1927,1865,-1,1865,1927,1928,-1,1865,1928,1866,-1,1866,1928,1929,-1,1866,1929,1867,-1,1867,1929,1930,-1,1867,1930,1868,-1,1868,1930,1931,-1,1868,1931,1869,-1,1869,1931,1932,-1,1869,1932,1870,-1,1870,1932,1933,-1,1870,1933,1871,-1,1871,1933,1934,-1,1871,1934,1872,-1,1872,1934,1935,-1,1872,1935,1873,-1,1873,1935,1936,-1,1873,1936,1874,-1,1874,1936,1937,-1,1874,1937,1875,-1,1875,1937,1938,-1,1875,1938,1876,-1,1876,1938,1939,-1,1876,1939,1877,-1,1877,1939,1940,-1,1877,1940,1878,-1,1878,1940,1941,-1,1878,1941,1879,-1,1879,1941,1942,-1,1879,1942,1880,-1,1880,1942,1943,-1,1880,1943,1881,-1,1881,1943,1944,-1,1881,1944,1882,-1,1882,1944,1945,-1,1882,1945,1883,-1,1883,1945,1564,-1,1883,1564,1459,-1,1459,1564,1565,-1,1459,1565,1561,-1,1492,1494,1499,-1,1499,1494,1946,-1,1499,1946,1502,-1,1502,1946,1947,-1,1502,1947,1884,-1,1884,1947,1948,-1,1884,1948,1885,-1,1885,1948,1949,-1,1885,1949,1886,-1,1886,1949,1950,-1,1886,1950,1887,-1,1887,1950,1951,-1,1887,1951,1888,-1,1888,1951,1952,-1,1888,1952,1889,-1,1889,1952,1953,-1,1889,1953,1890,-1,1890,1953,1954,-1,1890,1954,1891,-1,1891,1954,1955,-1,1891,1955,1892,-1,1892,1955,1956,-1,1892,1956,1893,-1,1893,1956,1957,-1,1893,1957,1894,-1,1894,1957,1958,-1,1894,1958,1895,-1,1895,1958,1959,-1,1895,1959,1896,-1,1896,1959,1960,-1,1896,1960,1897,-1,1897,1960,1961,-1,1897,1961,1898,-1,1898,1961,1962,-1,1898,1962,1899,-1,1899,1962,1963,-1,1899,1963,1900,-1,1900,1963,1964,-1,1900,1964,1901,-1,1901,1964,1965,-1,1901,1965,1902,-1,1902,1965,1966,-1,1902,1966,1903,-1,1903,1966,1967,-1,1903,1967,1904,-1,1904,1967,1968,-1,1904,1968,1905,-1,1905,1968,1969,-1,1905,1969,1906,-1,1906,1969,1970,-1,1906,1970,1907,-1,1907,1970,1971,-1,1907,1971,1908,-1,1908,1971,1972,-1,1908,1972,1909,-1,1909,1972,1973,-1,1909,1973,1910,-1,1910,1973,1974,-1,1910,1974,1911,-1,1911,1974,1975,-1,1911,1975,1912,-1,1912,1975,1976,-1,1912,1976,1913,-1,1913,1976,1977,-1,1913,1977,1914,-1,1914,1977,1978,-1,1914,1978,1915,-1,1915,1978,1979,-1,1915,1979,1916,-1,1916,1979,1980,-1,1916,1980,1917,-1,1917,1980,1981,-1,1917,1981,1918,-1,1918,1981,1982,-1,1918,1982,1919,-1,1919,1982,1983,-1,1919,1983,1920,-1,1920,1983,1984,-1,1920,1984,1921,-1,1921,1984,1985,-1,1921,1985,1922,-1,1922,1985,1986,-1,1922,1986,1923,-1,1923,1986,1987,-1,1923,1987,1924,-1,1924,1987,1988,-1,1924,1988,1925,-1,1925,1988,1989,-1,1925,1989,1926,-1,1926,1989,1990,-1,1926,1990,1927,-1,1927,1990,1991,-1,1927,1991,1928,-1,1928,1991,1992,-1,1928,1992,1929,-1,1929,1992,1993,-1,1929,1993,1930,-1,1930,1993,1994,-1,1930,1994,1931,-1,1931,1994,1995,-1,1931,1995,1932,-1,1932,1995,1996,-1,1932,1996,1933,-1,1933,1996,1997,-1,1933,1997,1934,-1,1934,1997,1998,-1,1934,1998,1935,-1,1935,1998,1999,-1,1935,1999,1936,-1,1936,1999,2000,-1,1936,2000,1937,-1,1937,2000,2001,-1,1937,2001,1938,-1,1938,2001,2002,-1,1938,2002,1939,-1,1939,2002,2003,-1,1939,2003,1940,-1,1940,2003,2004,-1,1940,2004,1941,-1,1941,2004,2005,-1,1941,2005,1942,-1,1942,2005,2006,-1,1942,2006,1943,-1,1943,2006,2007,-1,1943,2007,1944,-1,1944,2007,2008,-1,1944,2008,1945,-1,1945,2008,1568,-1,1945,1568,1564,-1,1564,1568,1570,-1,1564,1570,1562,-1,1489,1487,1494,-1,1494,1487,2009,-1,1494,2009,1946,-1,1946,2009,2010,-1,1946,2010,1947,-1,1947,2010,2011,-1,1947,2011,1948,-1,1948,2011,2012,-1,1948,2012,1949,-1,1949,2012,2013,-1,1949,2013,1950,-1,1950,2013,2014,-1,1950,2014,1951,-1,1951,2014,2015,-1,1951,2015,1952,-1,1952,2015,2016,-1,1952,2016,1953,-1,1953,2016,2017,-1,1953,2017,1954,-1,1954,2017,2018,-1,1954,2018,1955,-1,1955,2018,2019,-1,1955,2019,1956,-1,1956,2019,2020,-1,1956,2020,1957,-1,1957,2020,2021,-1,1957,2021,1958,-1,1958,2021,2022,-1,1958,2022,1959,-1,1959,2022,2023,-1,1959,2023,1960,-1,1960,2023,2024,-1,1960,2024,1961,-1,1961,2024,2025,-1,1961,2025,1962,-1,1962,2025,2026,-1,1962,2026,1963,-1,1963,2026,2027,-1,1963,2027,1964,-1,1964,2027,2028,-1,1964,2028,1965,-1,1965,2028,2029,-1,1965,2029,1966,-1,1966,2029,2030,-1,1966,2030,1967,-1,1967,2030,2031,-1,1967,2031,1968,-1,1968,2031,2032,-1,1968,2032,1969,-1,1969,2032,2033,-1,1969,2033,1970,-1,1970,2033,2034,-1,1970,2034,1971,-1,1971,2034,2035,-1,1971,2035,1972,-1,1972,2035,2036,-1,1972,2036,1973,-1,1973,2036,2037,-1,1973,2037,1974,-1,1974,2037,2038,-1,1974,2038,1975,-1,1975,2038,2039,-1,1975,2039,1976,-1,1976,2039,2040,-1,1976,2040,1977,-1,1977,2040,2041,-1,1977,2041,1978,-1,1978,2041,2042,-1,1978,2042,1979,-1,1979,2042,2043,-1,1979,2043,1980,-1,1980,2043,2044,-1,1980,2044,1981,-1,1981,2044,2045,-1,1981,2045,1982,-1,1982,2045,2046,-1,1982,2046,1983,-1,1983,2046,2047,-1,1983,2047,1984,-1,1984,2047,2048,-1,1984,2048,1985,-1,1985,2048,2049,-1,1985,2049,1986,-1,1986,2049,2050,-1,1986,2050,1987,-1,1987,2050,2051,-1,1987,2051,1988,-1,1988,2051,2052,-1,1988,2052,1989,-1,1989,2052,2053,-1,1989,2053,1990,-1,1990,2053,2054,-1,1990,2054,1991,-1,1991,2054,2055,-1,1991,2055,1992,-1,1992,2055,2056,-1,1992,2056,1993,-1,1993,2056,2057,-1,1993,2057,1994,-1,1994,2057,2058,-1,1994,2058,1995,-1,1995,2058,2059,-1,1995,2059,1996,-1,1996,2059,2060,-1,1996,2060,1997,-1,1997,2060,2061,-1,1997,2061,1998,-1,1998,2061,2062,-1,1998,2062,1999,-1,1999,2062,2063,-1,1999,2063,2000,-1,2000,2063,2064,-1,2000,2064,2001,-1,2001,2064,2065,-1,2001,2065,2002,-1,2002,2065,2066,-1,2002,2066,2003,-1,2003,2066,2067,-1,2003,2067,2004,-1,2004,2067,2068,-1,2004,2068,2005,-1,2005,2068,2069,-1,2005,2069,2006,-1,2006,2069,2070,-1,2006,2070,2007,-1,2007,2070,2071,-1,2007,2071,2008,-1,2008,2071,1573,-1,2008,1573,1568,-1,1568,1573,1574,-1,1568,1574,1566,-1,1483,1485,1487,-1,1487,1485,2072,-1,1487,2072,2009,-1,2009,2072,2073,-1,2009,2073,2010,-1,2010,2073,2074,-1,2010,2074,2011,-1,2011,2074,2075,-1,2011,2075,2012,-1,2012,2075,2076,-1,2012,2076,2013,-1,2013,2076,2077,-1,2013,2077,2014,-1,2014,2077,2078,-1,2014,2078,2015,-1,2015,2078,2079,-1,2015,2079,2016,-1,2016,2079,2080,-1,2016,2080,2017,-1,2017,2080,2081,-1,2017,2081,2018,-1,2018,2081,2082,-1,2018,2082,2019,-1,2019,2082,2083,-1,2019,2083,2020,-1,2020,2083,2084,-1,2020,2084,2021,-1,2021,2084,2085,-1,2021,2085,2022,-1,2022,2085,2086,-1,2022,2086,2023,-1,2023,2086,2087,-1,2023,2087,2024,-1,2024,2087,2088,-1,2024,2088,2025,-1,2025,2088,2089,-1,2025,2089,2026,-1,2026,2089,2090,-1,2026,2090,2027,-1,2027,2090,2091,-1,2027,2091,2028,-1,2028,2091,2092,-1,2028,2092,2029,-1,2029,2092,2093,-1,2029,2093,2030,-1,2030,2093,2094,-1,2030,2094,2031,-1,2031,2094,2095,-1,2031,2095,2032,-1,2032,2095,2096,-1,2032,2096,2033,-1,2033,2096,2097,-1,2033,2097,2034,-1,2034,2097,2098,-1,2034,2098,2035,-1,2035,2098,2099,-1,2035,2099,2036,-1,2036,2099,2100,-1,2036,2100,2037,-1,2037,2100,2101,-1,2037,2101,2038,-1,2038,2101,2102,-1,2038,2102,2039,-1,2039,2102,2103,-1,2039,2103,2040,-1,2040,2103,2104,-1,2040,2104,2041,-1,2041,2104,2105,-1,2041,2105,2042,-1,2042,2105,2106,-1,2042,2106,2043,-1,2043,2106,2107,-1,2043,2107,2044,-1,2044,2107,2108,-1,2044,2108,2045,-1,2045,2108,2109,-1,2045,2109,2046,-1,2046,2109,2110,-1,2046,2110,2047,-1,2047,2110,2111,-1,2047,2111,2048,-1,2048,2111,2112,-1,2048,2112,2049,-1,2049,2112,2113,-1,2049,2113,2050,-1,2050,2113,2114,-1,2050,2114,2051,-1,2051,2114,2115,-1,2051,2115,2052,-1,2052,2115,2116,-1,2052,2116,2053,-1,2053,2116,2117,-1,2053,2117,2054,-1,2054,2117,2118,-1,2054,2118,2055,-1,2055,2118,2119,-1,2055,2119,2056,-1,2056,2119,2120,-1,2056,2120,2057,-1,2057,2120,2121,-1,2057,2121,2058,-1,2058,2121,2122,-1,2058,2122,2059,-1,2059,2122,2123,-1,2059,2123,2060,-1,2060,2123,2124,-1,2060,2124,2061,-1,2061,2124,2125,-1,2061,2125,2062,-1,2062,2125,2126,-1,2062,2126,2063,-1,2063,2126,2127,-1,2063,2127,2064,-1,2064,2127,2128,-1,2064,2128,2065,-1,2065,2128,2129,-1,2065,2129,2066,-1,2066,2129,2130,-1,2066,2130,2067,-1,2067,2130,2131,-1,2067,2131,2068,-1,2068,2131,2132,-1,2068,2132,2069,-1,2069,2132,2133,-1,2069,2133,2070,-1,2070,2133,2134,-1,2070,2134,2071,-1,2071,2134,1575,-1,2071,1575,1573,-1,1573,1575,1577,-1,1573,1577,1571,-1,1478,1480,1485,-1,1485,1480,2135,-1,1485,2135,2072,-1,2072,2135,2136,-1,2072,2136,2073,-1,2073,2136,2137,-1,2073,2137,2074,-1,2074,2137,2138,-1,2074,2138,2075,-1,2075,2138,2139,-1,2075,2139,2076,-1,2076,2139,2140,-1,2076,2140,2077,-1,2077,2140,2141,-1,2077,2141,2078,-1,2078,2141,2142,-1,2078,2142,2079,-1,2079,2142,2143,-1,2079,2143,2080,-1,2080,2143,2144,-1,2080,2144,2081,-1,2081,2144,2145,-1,2081,2145,2082,-1,2082,2145,2146,-1,2082,2146,2083,-1,2083,2146,2147,-1,2083,2147,2084,-1,2084,2147,2148,-1,2084,2148,2085,-1,2085,2148,2149,-1,2085,2149,2086,-1,2086,2149,2150,-1,2086,2150,2087,-1,2087,2150,2151,-1,2087,2151,2088,-1,2088,2151,2152,-1,2088,2152,2089,-1,2089,2152,2153,-1,2089,2153,2090,-1,2090,2153,2154,-1,2090,2154,2091,-1,2091,2154,2155,-1,2091,2155,2092,-1,2092,2155,2156,-1,2092,2156,2093,-1,2093,2156,2157,-1,2093,2157,2094,-1,2094,2157,2158,-1,2094,2158,2095,-1,2095,2158,2159,-1,2095,2159,2096,-1,2096,2159,2160,-1,2096,2160,2097,-1,2097,2160,2161,-1,2097,2161,2098,-1,2098,2161,2162,-1,2098,2162,2099,-1,2099,2162,2163,-1,2099,2163,2100,-1,2100,2163,2164,-1,2100,2164,2101,-1,2101,2164,2165,-1,2101,2165,2102,-1,2102,2165,2166,-1,2102,2166,2103,-1,2103,2166,2167,-1,2103,2167,2104,-1,2104,2167,2168,-1,2104,2168,2105,-1,2105,2168,2169,-1,2105,2169,2106,-1,2106,2169,2170,-1,2106,2170,2107,-1,2107,2170,2171,-1,2107,2171,2108,-1,2108,2171,2172,-1,2108,2172,2109,-1,2109,2172,2173,-1,2109,2173,2110,-1,2110,2173,2174,-1,2110,2174,2111,-1,2111,2174,2175,-1,2111,2175,2112,-1,2112,2175,2176,-1,2112,2176,2113,-1,2113,2176,2177,-1,2113,2177,2114,-1,2114,2177,2178,-1,2114,2178,2115,-1,2115,2178,2179,-1,2115,2179,2116,-1,2116,2179,2180,-1,2116,2180,2117,-1,2117,2180,2181,-1,2117,2181,2118,-1,2118,2181,2182,-1,2118,2182,2119,-1,2119,2182,2183,-1,2119,2183,2120,-1,2120,2183,2184,-1,2120,2184,2121,-1,2121,2184,2185,-1,2121,2185,2122,-1,2122,2185,2186,-1,2122,2186,2123,-1,2123,2186,2187,-1,2123,2187,2124,-1,2124,2187,2188,-1,2124,2188,2125,-1,2125,2188,2189,-1,2125,2189,2126,-1,2126,2189,2190,-1,2126,2190,2127,-1,2127,2190,2191,-1,2127,2191,2128,-1,2128,2191,2192,-1,2128,2192,2129,-1,2129,2192,2193,-1,2129,2193,2130,-1,2130,2193,2194,-1,2130,2194,2131,-1,2131,2194,2195,-1,2131,2195,2132,-1,2132,2195,2196,-1,2132,2196,2133,-1,2133,2196,2197,-1,2133,2197,2134,-1,2134,2197,1581,-1,2134,1581,1575,-1,1575,1581,1583,-1,1575,1583,1578,-1,1475,1448,1480,-1,1480,1448,1447,-1,1480,1447,2135,-1,2135,1447,1446,-1,2135,1446,2136,-1,2136,1446,1454,-1,2136,1454,2137,-1,2137,1454,1453,-1,2137,1453,2138,-1,2138,1453,1439,-1,2138,1439,2139,-1,2139,1439,1438,-1,2139,1438,2140,-1,2140,1438,1436,-1,2140,1436,2141,-1,2141,1436,1435,-1,2141,1435,2142,-1,2142,1435,1431,-1,2142,1431,2143,-1,2143,1431,1430,-1,2143,1430,2144,-1,2144,1430,1428,-1,2144,1428,2145,-1,2145,1428,1427,-1,2145,1427,2146,-1,2146,1427,1400,-1,2146,1400,2147,-1,2147,1400,1399,-1,2147,1399,2148,-1,2148,1399,1426,-1,2148,1426,2149,-1,2149,1426,1425,-1,2149,1425,2150,-1,2150,1425,1423,-1,2150,1423,2151,-1,2151,1423,1421,-1,2151,1421,2152,-1,2152,1421,1419,-1,2152,1419,2153,-1,2153,1419,1417,-1,2153,1417,2154,-1,2154,1417,1415,-1,2154,1415,2155,-1,2155,1415,1413,-1,2155,1413,2156,-1,2156,1413,1411,-1,2156,1411,2157,-1,2157,1411,1409,-1,2157,1409,2158,-1,2158,1409,1407,-1,2158,1407,2159,-1,2159,1407,1405,-1,2159,1405,2160,-1,2160,1405,1403,-1,2160,1403,2161,-1,2161,1403,1359,-1,2161,1359,2162,-1,2162,1359,1357,-1,2162,1357,2163,-1,2163,1357,1355,-1,2163,1355,2164,-1,2164,1355,1354,-1,2164,1354,2165,-1,2165,1354,1361,-1,2165,1361,2166,-1,2166,1361,1363,-1,2166,1363,2167,-1,2167,1363,1365,-1,2167,1365,2168,-1,2168,1365,1367,-1,2168,1367,2169,-1,2169,1367,1369,-1,2169,1369,2170,-1,2170,1369,1371,-1,2170,1371,2171,-1,2171,1371,1374,-1,2171,1374,2172,-1,2172,1374,1376,-1,2172,1376,2173,-1,2173,1376,1378,-1,2173,1378,2174,-1,2174,1378,1380,-1,2174,1380,2175,-1,2175,1380,1381,-1,2175,1381,2176,-1,2176,1381,1383,-1,2176,1383,2177,-1,2177,1383,1385,-1,2177,1385,2178,-1,2178,1385,1388,-1,2178,1388,2179,-1,2179,1388,1390,-1,2179,1390,2180,-1,2180,1390,1391,-1,2180,1391,2181,-1,2181,1391,1393,-1,2181,1393,2182,-1,2182,1393,1395,-1,2182,1395,2183,-1,2183,1395,1398,-1,2183,1398,2184,-1,2184,1398,1442,-1,2184,1442,2185,-1,2185,1442,1441,-1,2185,1441,2186,-1,2186,1441,1440,-1,2186,1440,2187,-1,2187,1440,1434,-1,2187,1434,2188,-1,2188,1434,1433,-1,2188,1433,2189,-1,2189,1433,1351,-1,2189,1351,2190,-1,2190,1351,1350,-1,2190,1350,2191,-1,2191,1350,1456,-1,2191,1456,2192,-1,2192,1456,1455,-1,2192,1455,2193,-1,2193,1455,1452,-1,2193,1452,2194,-1,2194,1452,1451,-1,2194,1451,2195,-1,2195,1451,1450,-1,2195,1450,2196,-1,2196,1450,1445,-1,2196,1445,2197,-1,2197,1445,1444,-1,2197,1444,1581,-1,1581,1444,1586,-1,1581,1586,1582,-1,1748,1747,2198,-1,1745,1744,2199,-1,1742,1741,2200,-1,1739,1738,2201,-1,1736,1735,2202,-1,1733,1732,2203,-1,1730,1729,2204,-1,1727,1726,2205,-1,1724,1723,2206,-1,1721,1720,2207,-1,1718,1717,2208,-1,1715,1714,2209,-1,1712,1711,2210,-1,1709,1708,2211,-1,1706,1705,2212,-1,1703,1702,2213,-1,1700,1699,2214,-1,1697,1696,2215,-1,1694,1693,2216,-1,1691,1690,2217,-1,1688,1687,2218,-1,1685,1684,2219,-1,1682,1681,2220,-1,1679,1678,2221,-1,1676,1675,2222,-1,1673,1672,2223,-1,1670,1669,2224,-1,1667,1666,2225,-1,1664,1663,2226,-1,1661,1660,2227,-1,1658,1657,2228,-1,1655,1654,2229,-1,1652,1651,2230,-1,1649,1648,2231,-1,1646,1645,2232,-1,1643,1642,2233,-1,1640,1639,2234,-1,1637,1636,2235,-1,1634,1633,2236,-1,1631,1630,2237,-1,1628,1627,2238,-1,1625,1624,2239,-1,1622,1621,2240,-1,1619,1618,2241,-1,1616,1615,2242,-1,1613,1612,2243,-1,1610,1609,2244,-1,1607,1606,2245,-1,1604,1603,2246,-1,1601,1600,2247,-1,1598,1597,2248,-1,1595,1594,2249,-1,1592,1591,2250,-1,1589,1588,2251,-1,1518,1762,2252,-1,1761,1760,2253,-1,1758,1757,2254,-1,1755,1754,2255,-1,2256,2257,2258,-1,2259,2260,2257,-1,2261,2262,2260,-1,2263,2264,2262,-1,2265,2266,2264,-1,2267,2268,2266,-1,2269,2270,2268,-1,2271,2272,2270,-1,2273,2274,2272,-1,2275,2276,2274,-1,2277,2278,2276,-1,2279,2280,2278,-1,2281,2282,2280,-1,2283,2284,2282,-1,2285,2286,2284,-1,2287,2288,2286,-1,2289,2290,2288,-1,2291,2292,2290,-1,2293,2294,2292,-1,2295,2296,2294,-1,2297,2298,2296,-1,2299,2300,2298,-1,2301,2302,2300,-1,2303,2304,2302,-1,2305,2306,2304,-1,2307,2308,2306,-1,2309,2310,2308,-1,2311,2312,2310,-1,2313,2314,2312,-1,2315,2316,2314,-1,2317,2318,2316,-1,2319,2320,2318,-1,2321,2322,2320,-1,2323,2324,2322,-1,2325,2326,2324,-1,2327,2328,2326,-1,2329,2330,2328,-1,2331,2332,2330,-1,2333,2334,2332,-1,2335,2336,2334,-1,2337,2338,2336,-1,2339,2340,2338,-1,2341,2342,2340,-1,2343,2344,2342,-1,2345,2346,2344,-1,2347,2348,2346,-1,2349,2350,2348,-1,2351,2352,2353,-1,2354,2355,2352,-1,2356,2357,2355,-1,2358,2359,2357,-1,2360,2361,2362,-1,2363,2364,2255,-1,2365,2366,2367,-1,2368,322,2369,-1,2370,2371,2372,-1,2373,2374,2375,-1,2376,2377,2378,-1,2379,2380,1752,-1,1752,2380,2381,-1,1752,2381,1542,-1,1542,2381,2382,-1,1542,2382,1543,-1,2383,2384,2385,-1,2385,2384,2386,-1,2385,2386,2387,-1,2383,2385,2388,-1,2388,2385,2389,-1,2388,2389,2390,-1,2391,2392,2393,-1,2391,2393,2394,-1,2395,2396,2397,-1,2395,2397,2398,-1,2376,2378,2399,-1,2400,2401,2402,-1,2402,2401,2403,-1,2402,2403,2404,-1,2373,2375,2405,-1,2406,2407,2408,-1,2409,2410,2406,-1,2406,2410,2411,-1,2406,2411,2407,-1,378,2412,2258,-1,2258,2412,2413,-1,2414,2415,2416,-1,2416,2415,2417,-1,2416,2417,2369,-1,2369,2417,2418,-1,2369,2418,2368,-1,2419,2420,2421,-1,2419,2421,2416,-1,2416,2421,2422,-1,2416,2422,2414,-1,2423,2424,2425,-1,2425,2424,2426,-1,2425,2426,2419,-1,2419,2426,2427,-1,2419,2427,2420,-1,2428,2429,2425,-1,2425,2429,2430,-1,2425,2430,2423,-1,2367,2431,2428,-1,2428,2431,2432,-1,2432,2433,2428,-1,2428,2433,2434,-1,2428,2434,2429,-1,2366,2435,2367,-1,2367,2435,2436,-1,2367,2436,2431,-1,2437,2438,2439,-1,2439,2438,2440,-1,2441,2442,2443,-1,2443,2442,2444,-1,1474,1473,2445,-1,1474,2445,1754,-1,2445,2446,1754,-1,1754,2446,2447,-1,1754,2447,2255,-1,2255,2447,2448,-1,2255,2448,2363,-1,2449,2450,2451,-1,2451,2450,2452,-1,1516,1515,2453,-1,2453,1515,2451,-1,2453,2451,2454,-1,2454,2451,2452,-1,2455,2456,2457,-1,2457,2456,2458,-1,2457,2458,2459,-1,2460,2461,2462,-1,2460,2462,2463,-1,2464,2463,2465,-1,2466,2467,2465,-1,2468,2469,2470,-1,2470,2469,2471,-1,2470,2471,2466,-1,2467,2472,2465,-1,2465,2472,2473,-1,2465,2473,2464,-1,2474,2475,2476,-1,2476,2475,2477,-1,1553,1555,2478,-1,2478,1555,1557,-1,2478,1557,2479,-1,2479,2480,2478,-1,2478,2480,2481,-1,2478,2481,2474,-1,2482,2361,2483,-1,2483,2361,2360,-1,2483,2360,2484,-1,2485,2482,2486,-1,2486,2482,2483,-1,2486,2483,2487,-1,2487,2483,2484,-1,2487,2484,2488,-1,2489,2485,2490,-1,2490,2485,2486,-1,2490,2486,2491,-1,2491,2486,2487,-1,2491,2487,2492,-1,2492,2487,2488,-1,2492,2488,2493,-1,2494,2489,2495,-1,2495,2489,2490,-1,2495,2490,2496,-1,2496,2490,2491,-1,2496,2491,2497,-1,2497,2491,2492,-1,2497,2492,2498,-1,2498,2492,2493,-1,2498,2493,2499,-1,2369,2494,2416,-1,2416,2494,2495,-1,2416,2495,2419,-1,2419,2495,2496,-1,2419,2496,2425,-1,2425,2496,2497,-1,2425,2497,2428,-1,2428,2497,2498,-1,2428,2498,2367,-1,2367,2498,2499,-1,2367,2499,2365,-1,2365,2499,2500,-1,2440,2500,2439,-1,2439,2500,2499,-1,2439,2499,2501,-1,2501,2499,2493,-1,2501,2493,2502,-1,2502,2493,2488,-1,2502,2488,2503,-1,2503,2488,2484,-1,2503,2484,2504,-1,2504,2484,2360,-1,2504,2360,2505,-1,2505,2360,2362,-1,2505,2362,2506,-1,2444,2437,2443,-1,2443,2437,2439,-1,2443,2439,2507,-1,2507,2439,2501,-1,2507,2501,2508,-1,2508,2501,2502,-1,2508,2502,2509,-1,2509,2502,2503,-1,2509,2503,2510,-1,2510,2503,2504,-1,2510,2504,2511,-1,2511,2504,2505,-1,2511,2505,2512,-1,2512,2505,2506,-1,2512,2506,2513,-1,2364,2441,2255,-1,2255,2441,2443,-1,2255,2443,2514,-1,2514,2443,2507,-1,2514,2507,2515,-1,2515,2507,2508,-1,2515,2508,2516,-1,2516,2508,2509,-1,2516,2509,2517,-1,2517,2509,2510,-1,2517,2510,2518,-1,2518,2510,2511,-1,2518,2511,2519,-1,2519,2511,2512,-1,2519,2512,2520,-1,2520,2512,2513,-1,2520,2513,2359,-1,2463,2462,2465,-1,2465,2462,2521,-1,2465,2521,2522,-1,2522,2521,2523,-1,2522,2523,2524,-1,2524,2523,2525,-1,2524,2525,2526,-1,2526,2525,2527,-1,2526,2527,2528,-1,2528,2527,2529,-1,2528,2529,2530,-1,2530,2529,2351,-1,2530,2351,2531,-1,2531,2351,2353,-1,2531,2353,2532,-1,2466,2465,2470,-1,2470,2465,2522,-1,2470,2522,2533,-1,2533,2522,2524,-1,2533,2524,2534,-1,2534,2524,2526,-1,2534,2526,2535,-1,2535,2526,2528,-1,2535,2528,2536,-1,2536,2528,2530,-1,2536,2530,2537,-1,2537,2530,2531,-1,2537,2531,2538,-1,2538,2531,2532,-1,2538,2532,2539,-1,2477,2468,2476,-1,2476,2468,2470,-1,2476,2470,2540,-1,2540,2470,2533,-1,2540,2533,2541,-1,2541,2533,2534,-1,2541,2534,2542,-1,2542,2534,2535,-1,2542,2535,2543,-1,2543,2535,2536,-1,2543,2536,2544,-1,2544,2536,2537,-1,2544,2537,2545,-1,2545,2537,2538,-1,2545,2538,2546,-1,2546,2538,2539,-1,2546,2539,2547,-1,2461,2455,2462,-1,2462,2455,2457,-1,2462,2457,2451,-1,2451,2457,2459,-1,2451,2459,2449,-1,2474,2476,2478,-1,2478,2476,2540,-1,2478,2540,2548,-1,2548,2540,2541,-1,2548,2541,2549,-1,2549,2541,2542,-1,2549,2542,2550,-1,2550,2542,2543,-1,2550,2543,2551,-1,2551,2543,2544,-1,2551,2544,2552,-1,2552,2544,2545,-1,2552,2545,2553,-1,2553,2545,2546,-1,2553,2546,2554,-1,2554,2546,2547,-1,2554,2547,2350,-1,2359,2358,2520,-1,2520,2358,2555,-1,2520,2555,2519,-1,2519,2555,2556,-1,2519,2556,2518,-1,2518,2556,2557,-1,2518,2557,2517,-1,2517,2557,2558,-1,2517,2558,2516,-1,2516,2558,2559,-1,2516,2559,2515,-1,2515,2559,2560,-1,2515,2560,2514,-1,2514,2560,2254,-1,2514,2254,2255,-1,2255,2254,1757,-1,2255,1757,1755,-1,2357,2356,2358,-1,2358,2356,2561,-1,2358,2561,2555,-1,2555,2561,2562,-1,2555,2562,2556,-1,2556,2562,2563,-1,2556,2563,2557,-1,2557,2563,2564,-1,2557,2564,2558,-1,2558,2564,2565,-1,2558,2565,2559,-1,2559,2565,2566,-1,2559,2566,2560,-1,2560,2566,2253,-1,2560,2253,2254,-1,2254,2253,1760,-1,2254,1760,1758,-1,2355,2354,2356,-1,2356,2354,2567,-1,2356,2567,2561,-1,2561,2567,2568,-1,2561,2568,2562,-1,2562,2568,2569,-1,2562,2569,2563,-1,2563,2569,2570,-1,2563,2570,2564,-1,2564,2570,2571,-1,2564,2571,2565,-1,2565,2571,2572,-1,2565,2572,2566,-1,2566,2572,2252,-1,2566,2252,2253,-1,2253,2252,1762,-1,2253,1762,1761,-1,2352,2351,2354,-1,2354,2351,2529,-1,2354,2529,2567,-1,2567,2529,2527,-1,2567,2527,2568,-1,2568,2527,2525,-1,2568,2525,2569,-1,2569,2525,2523,-1,2569,2523,2570,-1,2570,2523,2521,-1,2570,2521,2571,-1,2571,2521,2462,-1,2571,2462,2572,-1,2572,2462,2451,-1,2572,2451,2252,-1,2252,2451,1515,-1,2252,1515,1518,-1,2350,2349,2554,-1,2554,2349,2573,-1,2554,2573,2553,-1,2553,2573,2574,-1,2553,2574,2552,-1,2552,2574,2575,-1,2552,2575,2551,-1,2551,2575,2576,-1,2551,2576,2550,-1,2550,2576,2577,-1,2550,2577,2549,-1,2549,2577,2578,-1,2549,2578,2548,-1,2548,2578,2251,-1,2548,2251,2478,-1,2478,2251,1588,-1,2478,1588,1553,-1,2348,2347,2349,-1,2349,2347,2579,-1,2349,2579,2573,-1,2573,2579,2580,-1,2573,2580,2574,-1,2574,2580,2581,-1,2574,2581,2575,-1,2575,2581,2582,-1,2575,2582,2576,-1,2576,2582,2583,-1,2576,2583,2577,-1,2577,2583,2584,-1,2577,2584,2578,-1,2578,2584,2250,-1,2578,2250,2251,-1,2251,2250,1591,-1,2251,1591,1589,-1,2346,2345,2347,-1,2347,2345,2585,-1,2347,2585,2579,-1,2579,2585,2586,-1,2579,2586,2580,-1,2580,2586,2587,-1,2580,2587,2581,-1,2581,2587,2588,-1,2581,2588,2582,-1,2582,2588,2589,-1,2582,2589,2583,-1,2583,2589,2590,-1,2583,2590,2584,-1,2584,2590,2249,-1,2584,2249,2250,-1,2250,2249,1594,-1,2250,1594,1592,-1,2344,2343,2345,-1,2345,2343,2591,-1,2345,2591,2585,-1,2585,2591,2592,-1,2585,2592,2586,-1,2586,2592,2593,-1,2586,2593,2587,-1,2587,2593,2594,-1,2587,2594,2588,-1,2588,2594,2595,-1,2588,2595,2589,-1,2589,2595,2596,-1,2589,2596,2590,-1,2590,2596,2248,-1,2590,2248,2249,-1,2249,2248,1597,-1,2249,1597,1595,-1,2342,2341,2343,-1,2343,2341,2597,-1,2343,2597,2591,-1,2591,2597,2598,-1,2591,2598,2592,-1,2592,2598,2599,-1,2592,2599,2593,-1,2593,2599,2600,-1,2593,2600,2594,-1,2594,2600,2601,-1,2594,2601,2595,-1,2595,2601,2602,-1,2595,2602,2596,-1,2596,2602,2247,-1,2596,2247,2248,-1,2248,2247,1600,-1,2248,1600,1598,-1,2340,2339,2341,-1,2341,2339,2603,-1,2341,2603,2597,-1,2597,2603,2604,-1,2597,2604,2598,-1,2598,2604,2605,-1,2598,2605,2599,-1,2599,2605,2606,-1,2599,2606,2600,-1,2600,2606,2607,-1,2600,2607,2601,-1,2601,2607,2608,-1,2601,2608,2602,-1,2602,2608,2246,-1,2602,2246,2247,-1,2247,2246,1603,-1,2247,1603,1601,-1,2338,2337,2339,-1,2339,2337,2609,-1,2339,2609,2603,-1,2603,2609,2610,-1,2603,2610,2604,-1,2604,2610,2611,-1,2604,2611,2605,-1,2605,2611,2612,-1,2605,2612,2606,-1,2606,2612,2613,-1,2606,2613,2607,-1,2607,2613,2614,-1,2607,2614,2608,-1,2608,2614,2245,-1,2608,2245,2246,-1,2246,2245,1606,-1,2246,1606,1604,-1,2336,2335,2337,-1,2337,2335,2615,-1,2337,2615,2609,-1,2609,2615,2616,-1,2609,2616,2610,-1,2610,2616,2617,-1,2610,2617,2611,-1,2611,2617,2618,-1,2611,2618,2612,-1,2612,2618,2619,-1,2612,2619,2613,-1,2613,2619,2620,-1,2613,2620,2614,-1,2614,2620,2244,-1,2614,2244,2245,-1,2245,2244,1609,-1,2245,1609,1607,-1,2334,2333,2335,-1,2335,2333,2621,-1,2335,2621,2615,-1,2615,2621,2622,-1,2615,2622,2616,-1,2616,2622,2623,-1,2616,2623,2617,-1,2617,2623,2624,-1,2617,2624,2618,-1,2618,2624,2625,-1,2618,2625,2619,-1,2619,2625,2626,-1,2619,2626,2620,-1,2620,2626,2243,-1,2620,2243,2244,-1,2244,2243,1612,-1,2244,1612,1610,-1,2332,2331,2333,-1,2333,2331,2627,-1,2333,2627,2621,-1,2621,2627,2628,-1,2621,2628,2622,-1,2622,2628,2629,-1,2622,2629,2623,-1,2623,2629,2630,-1,2623,2630,2624,-1,2624,2630,2631,-1,2624,2631,2625,-1,2625,2631,2632,-1,2625,2632,2626,-1,2626,2632,2242,-1,2626,2242,2243,-1,2243,2242,1615,-1,2243,1615,1613,-1,2330,2329,2331,-1,2331,2329,2633,-1,2331,2633,2627,-1,2627,2633,2634,-1,2627,2634,2628,-1,2628,2634,2635,-1,2628,2635,2629,-1,2629,2635,2636,-1,2629,2636,2630,-1,2630,2636,2637,-1,2630,2637,2631,-1,2631,2637,2638,-1,2631,2638,2632,-1,2632,2638,2241,-1,2632,2241,2242,-1,2242,2241,1618,-1,2242,1618,1616,-1,2328,2327,2329,-1,2329,2327,2639,-1,2329,2639,2633,-1,2633,2639,2640,-1,2633,2640,2634,-1,2634,2640,2641,-1,2634,2641,2635,-1,2635,2641,2642,-1,2635,2642,2636,-1,2636,2642,2643,-1,2636,2643,2637,-1,2637,2643,2644,-1,2637,2644,2638,-1,2638,2644,2240,-1,2638,2240,2241,-1,2241,2240,1621,-1,2241,1621,1619,-1,2326,2325,2327,-1,2327,2325,2645,-1,2327,2645,2639,-1,2639,2645,2646,-1,2639,2646,2640,-1,2640,2646,2647,-1,2640,2647,2641,-1,2641,2647,2648,-1,2641,2648,2642,-1,2642,2648,2649,-1,2642,2649,2643,-1,2643,2649,2650,-1,2643,2650,2644,-1,2644,2650,2239,-1,2644,2239,2240,-1,2240,2239,1624,-1,2240,1624,1622,-1,2324,2323,2325,-1,2325,2323,2651,-1,2325,2651,2645,-1,2645,2651,2652,-1,2645,2652,2646,-1,2646,2652,2653,-1,2646,2653,2647,-1,2647,2653,2654,-1,2647,2654,2648,-1,2648,2654,2655,-1,2648,2655,2649,-1,2649,2655,2656,-1,2649,2656,2650,-1,2650,2656,2238,-1,2650,2238,2239,-1,2239,2238,1627,-1,2239,1627,1625,-1,2322,2321,2323,-1,2323,2321,2657,-1,2323,2657,2651,-1,2651,2657,2658,-1,2651,2658,2652,-1,2652,2658,2659,-1,2652,2659,2653,-1,2653,2659,2660,-1,2653,2660,2654,-1,2654,2660,2661,-1,2654,2661,2655,-1,2655,2661,2662,-1,2655,2662,2656,-1,2656,2662,2237,-1,2656,2237,2238,-1,2238,2237,1630,-1,2238,1630,1628,-1,2320,2319,2321,-1,2321,2319,2663,-1,2321,2663,2657,-1,2657,2663,2664,-1,2657,2664,2658,-1,2658,2664,2665,-1,2658,2665,2659,-1,2659,2665,2666,-1,2659,2666,2660,-1,2660,2666,2667,-1,2660,2667,2661,-1,2661,2667,2668,-1,2661,2668,2662,-1,2662,2668,2236,-1,2662,2236,2237,-1,2237,2236,1633,-1,2237,1633,1631,-1,2318,2317,2319,-1,2319,2317,2669,-1,2319,2669,2663,-1,2663,2669,2670,-1,2663,2670,2664,-1,2664,2670,2671,-1,2664,2671,2665,-1,2665,2671,2672,-1,2665,2672,2666,-1,2666,2672,2673,-1,2666,2673,2667,-1,2667,2673,2674,-1,2667,2674,2668,-1,2668,2674,2235,-1,2668,2235,2236,-1,2236,2235,1636,-1,2236,1636,1634,-1,2316,2315,2317,-1,2317,2315,2675,-1,2317,2675,2669,-1,2669,2675,2676,-1,2669,2676,2670,-1,2670,2676,2677,-1,2670,2677,2671,-1,2671,2677,2678,-1,2671,2678,2672,-1,2672,2678,2679,-1,2672,2679,2673,-1,2673,2679,2680,-1,2673,2680,2674,-1,2674,2680,2234,-1,2674,2234,2235,-1,2235,2234,1639,-1,2235,1639,1637,-1,2314,2313,2315,-1,2315,2313,2681,-1,2315,2681,2675,-1,2675,2681,2682,-1,2675,2682,2676,-1,2676,2682,2683,-1,2676,2683,2677,-1,2677,2683,2684,-1,2677,2684,2678,-1,2678,2684,2685,-1,2678,2685,2679,-1,2679,2685,2686,-1,2679,2686,2680,-1,2680,2686,2233,-1,2680,2233,2234,-1,2234,2233,1642,-1,2234,1642,1640,-1,2312,2311,2313,-1,2313,2311,2687,-1,2313,2687,2681,-1,2681,2687,2688,-1,2681,2688,2682,-1,2682,2688,2689,-1,2682,2689,2683,-1,2683,2689,2690,-1,2683,2690,2684,-1,2684,2690,2691,-1,2684,2691,2685,-1,2685,2691,2692,-1,2685,2692,2686,-1,2686,2692,2232,-1,2686,2232,2233,-1,2233,2232,1645,-1,2233,1645,1643,-1,2310,2309,2311,-1,2311,2309,2693,-1,2311,2693,2687,-1,2687,2693,2694,-1,2687,2694,2688,-1,2688,2694,2695,-1,2688,2695,2689,-1,2689,2695,2696,-1,2689,2696,2690,-1,2690,2696,2697,-1,2690,2697,2691,-1,2691,2697,2698,-1,2691,2698,2692,-1,2692,2698,2231,-1,2692,2231,2232,-1,2232,2231,1648,-1,2232,1648,1646,-1,2308,2307,2309,-1,2309,2307,2699,-1,2309,2699,2693,-1,2693,2699,2700,-1,2693,2700,2694,-1,2694,2700,2701,-1,2694,2701,2695,-1,2695,2701,2702,-1,2695,2702,2696,-1,2696,2702,2703,-1,2696,2703,2697,-1,2697,2703,2704,-1,2697,2704,2698,-1,2698,2704,2230,-1,2698,2230,2231,-1,2231,2230,1651,-1,2231,1651,1649,-1,2306,2305,2307,-1,2307,2305,2705,-1,2307,2705,2699,-1,2699,2705,2706,-1,2699,2706,2700,-1,2700,2706,2707,-1,2700,2707,2701,-1,2701,2707,2708,-1,2701,2708,2702,-1,2702,2708,2709,-1,2702,2709,2703,-1,2703,2709,2710,-1,2703,2710,2704,-1,2704,2710,2229,-1,2704,2229,2230,-1,2230,2229,1654,-1,2230,1654,1652,-1,2304,2303,2305,-1,2305,2303,2711,-1,2305,2711,2705,-1,2705,2711,2712,-1,2705,2712,2706,-1,2706,2712,2713,-1,2706,2713,2707,-1,2707,2713,2714,-1,2707,2714,2708,-1,2708,2714,2715,-1,2708,2715,2709,-1,2709,2715,2716,-1,2709,2716,2710,-1,2710,2716,2228,-1,2710,2228,2229,-1,2229,2228,1657,-1,2229,1657,1655,-1,2302,2301,2303,-1,2303,2301,2717,-1,2303,2717,2711,-1,2711,2717,2718,-1,2711,2718,2712,-1,2712,2718,2719,-1,2712,2719,2713,-1,2713,2719,2720,-1,2713,2720,2714,-1,2714,2720,2721,-1,2714,2721,2715,-1,2715,2721,2722,-1,2715,2722,2716,-1,2716,2722,2227,-1,2716,2227,2228,-1,2228,2227,1660,-1,2228,1660,1658,-1,2300,2299,2301,-1,2301,2299,2723,-1,2301,2723,2717,-1,2717,2723,2724,-1,2717,2724,2718,-1,2718,2724,2725,-1,2718,2725,2719,-1,2719,2725,2726,-1,2719,2726,2720,-1,2720,2726,2727,-1,2720,2727,2721,-1,2721,2727,2728,-1,2721,2728,2722,-1,2722,2728,2226,-1,2722,2226,2227,-1,2227,2226,1663,-1,2227,1663,1661,-1,2298,2297,2299,-1,2299,2297,2729,-1,2299,2729,2723,-1,2723,2729,2730,-1,2723,2730,2724,-1,2724,2730,2731,-1,2724,2731,2725,-1,2725,2731,2732,-1,2725,2732,2726,-1,2726,2732,2733,-1,2726,2733,2727,-1,2727,2733,2734,-1,2727,2734,2728,-1,2728,2734,2225,-1,2728,2225,2226,-1,2226,2225,1666,-1,2226,1666,1664,-1,2296,2295,2297,-1,2297,2295,2735,-1,2297,2735,2729,-1,2729,2735,2736,-1,2729,2736,2730,-1,2730,2736,2737,-1,2730,2737,2731,-1,2731,2737,2738,-1,2731,2738,2732,-1,2732,2738,2739,-1,2732,2739,2733,-1,2733,2739,2740,-1,2733,2740,2734,-1,2734,2740,2224,-1,2734,2224,2225,-1,2225,2224,1669,-1,2225,1669,1667,-1,2294,2293,2295,-1,2295,2293,2741,-1,2295,2741,2735,-1,2735,2741,2742,-1,2735,2742,2736,-1,2736,2742,2743,-1,2736,2743,2737,-1,2737,2743,2744,-1,2737,2744,2738,-1,2738,2744,2745,-1,2738,2745,2739,-1,2739,2745,2746,-1,2739,2746,2740,-1,2740,2746,2223,-1,2740,2223,2224,-1,2224,2223,1672,-1,2224,1672,1670,-1,2292,2291,2293,-1,2293,2291,2747,-1,2293,2747,2741,-1,2741,2747,2748,-1,2741,2748,2742,-1,2742,2748,2749,-1,2742,2749,2743,-1,2743,2749,2750,-1,2743,2750,2744,-1,2744,2750,2751,-1,2744,2751,2745,-1,2745,2751,2752,-1,2745,2752,2746,-1,2746,2752,2222,-1,2746,2222,2223,-1,2223,2222,1675,-1,2223,1675,1673,-1,2290,2289,2291,-1,2291,2289,2753,-1,2291,2753,2747,-1,2747,2753,2754,-1,2747,2754,2748,-1,2748,2754,2755,-1,2748,2755,2749,-1,2749,2755,2756,-1,2749,2756,2750,-1,2750,2756,2757,-1,2750,2757,2751,-1,2751,2757,2758,-1,2751,2758,2752,-1,2752,2758,2221,-1,2752,2221,2222,-1,2222,2221,1678,-1,2222,1678,1676,-1,2288,2287,2289,-1,2289,2287,2759,-1,2289,2759,2753,-1,2753,2759,2760,-1,2753,2760,2754,-1,2754,2760,2761,-1,2754,2761,2755,-1,2755,2761,2762,-1,2755,2762,2756,-1,2756,2762,2763,-1,2756,2763,2757,-1,2757,2763,2764,-1,2757,2764,2758,-1,2758,2764,2220,-1,2758,2220,2221,-1,2221,2220,1681,-1,2221,1681,1679,-1,2286,2285,2287,-1,2287,2285,2765,-1,2287,2765,2759,-1,2759,2765,2766,-1,2759,2766,2760,-1,2760,2766,2767,-1,2760,2767,2761,-1,2761,2767,2768,-1,2761,2768,2762,-1,2762,2768,2769,-1,2762,2769,2763,-1,2763,2769,2770,-1,2763,2770,2764,-1,2764,2770,2219,-1,2764,2219,2220,-1,2220,2219,1684,-1,2220,1684,1682,-1,2284,2283,2285,-1,2285,2283,2771,-1,2285,2771,2765,-1,2765,2771,2772,-1,2765,2772,2766,-1,2766,2772,2773,-1,2766,2773,2767,-1,2767,2773,2774,-1,2767,2774,2768,-1,2768,2774,2775,-1,2768,2775,2769,-1,2769,2775,2776,-1,2769,2776,2770,-1,2770,2776,2218,-1,2770,2218,2219,-1,2219,2218,1687,-1,2219,1687,1685,-1,2282,2281,2283,-1,2283,2281,2777,-1,2283,2777,2771,-1,2771,2777,2778,-1,2771,2778,2772,-1,2772,2778,2779,-1,2772,2779,2773,-1,2773,2779,2780,-1,2773,2780,2774,-1,2774,2780,2781,-1,2774,2781,2775,-1,2775,2781,2782,-1,2775,2782,2776,-1,2776,2782,2217,-1,2776,2217,2218,-1,2218,2217,1690,-1,2218,1690,1688,-1,2280,2279,2281,-1,2281,2279,2783,-1,2281,2783,2777,-1,2777,2783,2784,-1,2777,2784,2778,-1,2778,2784,2785,-1,2778,2785,2779,-1,2779,2785,2786,-1,2779,2786,2780,-1,2780,2786,2787,-1,2780,2787,2781,-1,2781,2787,2788,-1,2781,2788,2782,-1,2782,2788,2216,-1,2782,2216,2217,-1,2217,2216,1693,-1,2217,1693,1691,-1,2278,2277,2279,-1,2279,2277,2789,-1,2279,2789,2783,-1,2783,2789,2790,-1,2783,2790,2784,-1,2784,2790,2791,-1,2784,2791,2785,-1,2785,2791,2792,-1,2785,2792,2786,-1,2786,2792,2793,-1,2786,2793,2787,-1,2787,2793,2794,-1,2787,2794,2788,-1,2788,2794,2215,-1,2788,2215,2216,-1,2216,2215,1696,-1,2216,1696,1694,-1,2276,2275,2277,-1,2277,2275,2795,-1,2277,2795,2789,-1,2789,2795,2796,-1,2789,2796,2790,-1,2790,2796,2797,-1,2790,2797,2791,-1,2791,2797,2798,-1,2791,2798,2792,-1,2792,2798,2799,-1,2792,2799,2793,-1,2793,2799,2800,-1,2793,2800,2794,-1,2794,2800,2214,-1,2794,2214,2215,-1,2215,2214,1699,-1,2215,1699,1697,-1,2274,2273,2275,-1,2275,2273,2801,-1,2275,2801,2795,-1,2795,2801,2802,-1,2795,2802,2796,-1,2796,2802,2803,-1,2796,2803,2797,-1,2797,2803,2804,-1,2797,2804,2798,-1,2798,2804,2805,-1,2798,2805,2799,-1,2799,2805,2806,-1,2799,2806,2800,-1,2800,2806,2213,-1,2800,2213,2214,-1,2214,2213,1702,-1,2214,1702,1700,-1,2272,2271,2273,-1,2273,2271,2807,-1,2273,2807,2801,-1,2801,2807,2808,-1,2801,2808,2802,-1,2802,2808,2809,-1,2802,2809,2803,-1,2803,2809,2810,-1,2803,2810,2804,-1,2804,2810,2811,-1,2804,2811,2805,-1,2805,2811,2812,-1,2805,2812,2806,-1,2806,2812,2212,-1,2806,2212,2213,-1,2213,2212,1705,-1,2213,1705,1703,-1,2270,2269,2271,-1,2271,2269,2813,-1,2271,2813,2807,-1,2807,2813,2814,-1,2807,2814,2808,-1,2808,2814,2815,-1,2808,2815,2809,-1,2809,2815,2816,-1,2809,2816,2810,-1,2810,2816,2817,-1,2810,2817,2811,-1,2811,2817,2818,-1,2811,2818,2812,-1,2812,2818,2211,-1,2812,2211,2212,-1,2212,2211,1708,-1,2212,1708,1706,-1,2268,2267,2269,-1,2269,2267,2819,-1,2269,2819,2813,-1,2813,2819,2820,-1,2813,2820,2814,-1,2814,2820,2821,-1,2814,2821,2815,-1,2815,2821,2822,-1,2815,2822,2816,-1,2816,2822,2823,-1,2816,2823,2817,-1,2817,2823,2824,-1,2817,2824,2818,-1,2818,2824,2210,-1,2818,2210,2211,-1,2211,2210,1711,-1,2211,1711,1709,-1,2266,2265,2267,-1,2267,2265,2825,-1,2267,2825,2819,-1,2819,2825,2826,-1,2819,2826,2820,-1,2820,2826,2827,-1,2820,2827,2821,-1,2821,2827,2828,-1,2821,2828,2822,-1,2822,2828,2829,-1,2822,2829,2823,-1,2823,2829,2830,-1,2823,2830,2824,-1,2824,2830,2209,-1,2824,2209,2210,-1,2210,2209,1714,-1,2210,1714,1712,-1,2264,2263,2265,-1,2265,2263,2831,-1,2265,2831,2825,-1,2825,2831,2832,-1,2825,2832,2826,-1,2826,2832,2833,-1,2826,2833,2827,-1,2827,2833,2834,-1,2827,2834,2828,-1,2828,2834,2835,-1,2828,2835,2829,-1,2829,2835,2836,-1,2829,2836,2830,-1,2830,2836,2208,-1,2830,2208,2209,-1,2209,2208,1717,-1,2209,1717,1715,-1,2262,2261,2263,-1,2263,2261,2837,-1,2263,2837,2831,-1,2831,2837,2838,-1,2831,2838,2832,-1,2832,2838,2839,-1,2832,2839,2833,-1,2833,2839,2840,-1,2833,2840,2834,-1,2834,2840,2841,-1,2834,2841,2835,-1,2835,2841,2842,-1,2835,2842,2836,-1,2836,2842,2207,-1,2836,2207,2208,-1,2208,2207,1720,-1,2208,1720,1718,-1,2260,2259,2261,-1,2261,2259,2843,-1,2261,2843,2837,-1,2837,2843,2844,-1,2837,2844,2838,-1,2838,2844,2845,-1,2838,2845,2839,-1,2839,2845,2846,-1,2839,2846,2840,-1,2840,2846,2847,-1,2840,2847,2841,-1,2841,2847,2848,-1,2841,2848,2842,-1,2842,2848,2206,-1,2842,2206,2207,-1,2207,2206,1723,-1,2207,1723,1721,-1,2257,2256,2259,-1,2259,2256,2849,-1,2259,2849,2843,-1,2843,2849,2850,-1,2843,2850,2844,-1,2844,2850,2851,-1,2844,2851,2845,-1,2845,2851,2852,-1,2845,2852,2846,-1,2846,2852,2853,-1,2846,2853,2847,-1,2847,2853,2854,-1,2847,2854,2848,-1,2848,2854,2205,-1,2848,2205,2206,-1,2206,2205,1726,-1,2206,1726,1724,-1,2413,2370,2258,-1,2258,2370,2372,-1,2258,2372,2256,-1,2256,2372,2855,-1,2256,2855,2849,-1,2849,2855,2856,-1,2849,2856,2850,-1,2850,2856,2857,-1,2850,2857,2851,-1,2851,2857,2858,-1,2851,2858,2852,-1,2852,2858,2859,-1,2852,2859,2853,-1,2853,2859,2860,-1,2853,2860,2854,-1,2854,2860,2204,-1,2854,2204,2205,-1,2205,2204,1729,-1,2205,1729,1727,-1,2371,2409,2372,-1,2372,2409,2406,-1,2372,2406,2855,-1,2855,2406,2861,-1,2855,2861,2856,-1,2856,2861,2862,-1,2856,2862,2857,-1,2857,2862,2863,-1,2857,2863,2858,-1,2858,2863,2864,-1,2858,2864,2859,-1,2859,2864,2865,-1,2859,2865,2860,-1,2860,2865,2203,-1,2860,2203,2204,-1,2204,2203,1732,-1,2204,1732,1730,-1,2408,2405,2406,-1,2406,2405,2375,-1,2406,2375,2861,-1,2861,2375,2866,-1,2861,2866,2862,-1,2862,2866,2867,-1,2862,2867,2863,-1,2863,2867,2868,-1,2863,2868,2864,-1,2864,2868,2869,-1,2864,2869,2865,-1,2865,2869,2202,-1,2865,2202,2203,-1,2203,2202,1735,-1,2203,1735,1733,-1,2374,2400,2375,-1,2375,2400,2402,-1,2375,2402,2866,-1,2866,2402,2870,-1,2866,2870,2867,-1,2867,2870,2871,-1,2867,2871,2868,-1,2868,2871,2872,-1,2868,2872,2869,-1,2869,2872,2201,-1,2869,2201,2202,-1,2202,2201,1738,-1,2202,1738,1736,-1,2404,2399,2402,-1,2402,2399,2378,-1,2402,2378,2870,-1,2870,2378,2873,-1,2870,2873,2871,-1,2871,2873,2874,-1,2871,2874,2872,-1,2872,2874,2200,-1,2872,2200,2201,-1,2201,2200,1741,-1,2201,1741,1739,-1,2377,2398,2378,-1,2378,2398,2397,-1,2378,2397,2873,-1,2873,2397,2875,-1,2873,2875,2874,-1,2874,2875,2199,-1,2874,2199,2200,-1,2200,2199,1744,-1,2200,1744,1742,-1,2396,2394,2397,-1,2397,2394,2393,-1,2397,2393,2875,-1,2875,2393,2198,-1,2875,2198,2199,-1,2199,2198,1747,-1,2199,1747,1745,-1,2392,2390,2393,-1,2393,2390,2389,-1,2393,2389,2198,-1,2198,2389,1750,-1,2198,1750,1748,-1,2387,2379,2385,-1,2385,2379,1752,-1,2385,1752,2389,-1,2389,1752,1751,-1,2389,1751,1750,-1,2876,2877,2878,-1,2879,2880,2881,-1,1141,1143,2882,-1,2883,2884,2885,-1,2886,2887,2888,-1,2889,2890,2891,-1,2892,2893,2894,-1,2895,2896,2897,-1,2898,2899,1297,-1,2900,2901,2902,-1,2902,2901,2903,-1,2904,2905,2906,-1,2907,2908,2909,-1,2910,2911,2912,-1,2913,2914,2915,-1,2916,2917,2918,-1,2919,2920,2921,-1,2922,2923,2924,-1,2925,2926,2927,-1,2927,2926,2928,-1,2927,2928,2929,-1,2930,2931,2926,-1,2926,2931,2932,-1,2926,2932,2928,-1,2933,2934,2935,-1,2922,2924,2936,-1,2937,2938,2939,-1,2939,2938,2940,-1,2941,2942,2943,-1,2943,2942,2944,-1,2943,2944,2945,-1,2945,2944,2946,-1,2918,2947,2944,-1,2944,2947,2948,-1,2944,2948,2946,-1,2917,2949,2918,-1,2918,2949,2950,-1,2918,2950,2947,-1,2951,2952,2918,-1,2918,2952,2953,-1,2918,2953,2916,-1,2914,2954,2915,-1,2915,2954,2955,-1,2915,2955,2952,-1,2952,2955,2956,-1,2952,2956,2953,-1,2957,2958,2959,-1,2911,2960,2912,-1,2912,2960,2961,-1,2912,2961,2958,-1,2958,2961,2962,-1,2958,2962,2959,-1,2910,2912,2963,-1,2963,2912,2964,-1,2963,2964,2965,-1,2909,2966,2964,-1,2964,2966,2967,-1,2964,2967,2965,-1,2908,2968,2909,-1,2909,2968,2969,-1,2909,2969,2966,-1,2970,2971,2972,-1,2972,2971,2973,-1,2972,2973,2974,-1,2905,2975,2906,-1,2906,2975,2976,-1,2906,2976,2973,-1,2973,2976,2977,-1,2973,2977,2974,-1,2978,2979,2980,-1,2980,2979,2981,-1,2980,2981,2982,-1,2982,2981,2983,-1,2984,2985,2986,-1,2986,2987,2984,-1,2984,2987,2988,-1,2984,2988,2981,-1,2981,2988,2989,-1,2981,2989,2983,-1,1285,2990,2991,-1,1285,1287,2990,-1,2990,1287,1290,-1,2990,1290,2992,-1,2992,1290,1289,-1,2992,1289,2993,-1,1297,2899,1298,-1,1298,2899,2994,-1,1298,2994,1289,-1,1289,2994,2995,-1,1289,2995,2993,-1,1299,2996,1304,-1,1304,2996,2997,-1,1304,2997,1305,-1,1305,2997,2998,-1,1305,2998,1306,-1,1306,2998,2999,-1,1306,2999,1294,-1,1294,2999,2898,-1,1294,2898,1295,-1,1295,2898,1297,-1,3000,3001,3002,-1,3002,3001,3003,-1,3003,3001,3004,-1,3004,3001,3005,-1,3004,3005,3006,-1,3007,3008,3009,-1,3009,3008,3010,-1,3009,3010,3005,-1,3005,3010,3011,-1,3005,3011,3006,-1,3012,3013,3014,-1,3014,3013,2897,-1,3014,2897,3015,-1,3015,2897,2896,-1,3016,3017,3018,-1,3018,3017,3019,-1,3018,3019,3020,-1,3020,3019,2895,-1,3021,3022,3023,-1,3023,3022,3024,-1,3025,3026,3027,-1,3027,3026,3028,-1,3027,3028,3029,-1,3030,3031,3032,-1,3032,3031,3033,-1,3032,3033,3034,-1,2892,3035,2893,-1,2893,3035,3036,-1,2893,3036,3037,-1,3038,3039,3040,-1,3040,3039,3041,-1,2889,2891,3042,-1,3043,3044,3045,-1,3045,3044,3046,-1,3045,3046,3047,-1,3048,1182,3049,-1,3049,1182,1180,-1,3049,1180,1179,-1,3050,1178,3048,-1,3048,1178,1183,-1,3048,1183,1182,-1,3051,1175,3050,-1,3050,1175,1176,-1,3050,1176,1178,-1,3052,1168,3051,-1,3051,1168,1173,-1,3051,1173,1175,-1,1172,1171,3053,-1,3053,1171,1170,-1,3053,1170,3052,-1,3052,1170,1169,-1,3052,1169,1168,-1,1162,1160,3054,-1,3054,1160,1159,-1,3054,1159,3055,-1,3055,1159,1166,-1,3055,1166,3053,-1,3053,1166,1165,-1,3053,1165,1172,-1,1156,1158,3056,-1,3056,1158,1163,-1,1002,1001,3057,-1,3057,1001,1153,-1,3057,1153,1155,-1,3058,1146,3059,-1,3059,1146,1265,-1,3059,1265,1002,-1,1147,3060,1148,-1,1148,3060,3061,-1,1148,3061,1149,-1,1147,1004,3060,-1,3060,1004,1003,-1,3060,1003,3058,-1,3058,1003,1144,-1,3058,1144,1146,-1,1141,2882,1006,-1,1151,1150,3062,-1,3062,1150,1007,-1,3062,1007,1006,-1,1151,3062,1152,-1,1152,3062,3063,-1,1152,3063,1136,-1,1139,1138,3063,-1,3063,1138,1134,-1,3063,1134,1136,-1,1140,3064,1133,-1,1133,3064,3065,-1,1133,3065,1349,-1,1349,3065,3066,-1,1349,3066,1348,-1,1348,3066,1346,-1,1346,3066,3018,-1,1346,3018,1324,-1,3020,1319,995,-1,995,994,3020,-1,3020,994,998,-1,3020,998,3018,-1,3018,998,997,-1,3018,997,1324,-1,2895,2897,3020,-1,3020,2897,1320,-1,3020,1320,1319,-1,1303,1310,3005,-1,3005,1310,1308,-1,3005,1308,3009,-1,3009,1308,1307,-1,3009,1307,3067,-1,3067,1307,1323,-1,3067,1323,1322,-1,1303,3005,1301,-1,1301,3005,3001,-1,1301,3001,1299,-1,1299,3001,3000,-1,1299,3000,2996,-1,2991,2900,1285,-1,1285,2900,2902,-1,1285,2902,1277,-1,1277,2902,1278,-1,1280,1278,2984,-1,2984,1278,2902,-1,2984,2902,2985,-1,2985,2902,2903,-1,1260,1293,2981,-1,2981,1293,1292,-1,1292,1291,2981,-1,2981,1291,1284,-1,2981,1284,2984,-1,2984,1284,1281,-1,2984,1281,1280,-1,1260,2981,1258,-1,1258,2981,2979,-1,1258,2979,1256,-1,3068,1263,2979,-1,2979,1263,1264,-1,2979,1264,1256,-1,1179,1253,3049,-1,3049,1253,1255,-1,3049,1255,3068,-1,3068,1255,1261,-1,3068,1261,1263,-1,3069,3070,3071,-1,3071,3070,3072,-1,3071,3072,3073,-1,3073,3072,3074,-1,3073,3074,3075,-1,3076,3077,3044,-1,3044,3077,3078,-1,3044,3078,3046,-1,3075,3079,3073,-1,3073,3079,3080,-1,3073,3080,3076,-1,3076,3080,3081,-1,3076,3081,3077,-1,2925,3082,2926,-1,2926,3082,3083,-1,2926,3083,3084,-1,3084,3083,3085,-1,3084,3085,3086,-1,2884,2886,2885,-1,2885,2886,2888,-1,2885,2888,3087,-1,3087,2888,3088,-1,3087,3088,3089,-1,3089,3088,3090,-1,3089,3090,3091,-1,3091,3090,3092,-1,3091,3092,3093,-1,3093,3092,3094,-1,3093,3094,2935,-1,2935,3094,2924,-1,2935,2924,2933,-1,2933,2924,2923,-1,2890,3038,2891,-1,2891,3038,3040,-1,2891,3040,3095,-1,3095,3040,3096,-1,3095,3096,3097,-1,3097,3096,3098,-1,3097,3098,3099,-1,3099,3098,3100,-1,3099,3100,3101,-1,3101,3100,3102,-1,3101,3102,3103,-1,3103,3102,3104,-1,3103,3104,2921,-1,2921,3104,2939,-1,2921,2939,2919,-1,2919,2939,2940,-1,3029,3022,3027,-1,3027,3022,3021,-1,3027,3021,3105,-1,3105,3021,3106,-1,3105,3106,3107,-1,3107,3106,3108,-1,3107,3108,3109,-1,3109,3108,3110,-1,3109,3110,3111,-1,3111,3110,3112,-1,3111,3112,3113,-1,3113,3112,2877,-1,3113,2877,3114,-1,3114,2877,2876,-1,3114,2876,3115,-1,3116,3117,3118,-1,2951,3119,2952,-1,2952,3119,3120,-1,2952,3120,2915,-1,2915,3120,2957,-1,2915,2957,2913,-1,2913,2957,2959,-1,2964,3121,2909,-1,2909,3121,3122,-1,2909,3122,2907,-1,2907,3122,2971,-1,2907,2971,3123,-1,3123,2971,2970,-1,3058,2880,3060,-1,3060,2880,2879,-1,3060,2879,3061,-1,3061,2879,2882,-1,3061,2882,1149,-1,1149,2882,1143,-1,3124,3125,3126,-1,3126,3125,3127,-1,3126,3127,3128,-1,3128,3127,3129,-1,3128,3129,3130,-1,3130,3129,3131,-1,3130,3131,3132,-1,3132,3131,3133,-1,1322,1320,3067,-1,3067,1320,2897,-1,3067,2897,3009,-1,3009,2897,3013,-1,3009,3013,3007,-1,3007,3013,3012,-1,3116,3118,3134,-1,3134,3118,3135,-1,3134,3135,3136,-1,3136,3135,3137,-1,3136,3137,3138,-1,3138,3137,3139,-1,3138,3139,3140,-1,3140,3139,3057,-1,3140,3057,3056,-1,3056,3057,1155,-1,3056,1155,1156,-1,3086,3141,3084,-1,3084,3141,3142,-1,3084,3142,3071,-1,3071,3142,3143,-1,3071,3143,3069,-1,3043,2883,3044,-1,3044,2883,2885,-1,3044,2885,3076,-1,3076,2885,3087,-1,3076,3087,3073,-1,3073,3087,3089,-1,3073,3089,3071,-1,3071,3089,3091,-1,3071,3091,3084,-1,3084,3091,3093,-1,3084,3093,2926,-1,2926,3093,2935,-1,2926,2935,2930,-1,2930,2935,2934,-1,2887,3042,2888,-1,2888,3042,2891,-1,2888,2891,3088,-1,3088,2891,3095,-1,3088,3095,3090,-1,3090,3095,3097,-1,3090,3097,3092,-1,3092,3097,3099,-1,3092,3099,3094,-1,3094,3099,3101,-1,3094,3101,2924,-1,2924,3101,3103,-1,2924,3103,2936,-1,2936,3103,2921,-1,2936,2921,3144,-1,3144,2921,2920,-1,3041,2892,3040,-1,3040,2892,2894,-1,3040,2894,3096,-1,3096,2894,3145,-1,3096,3145,3098,-1,3098,3145,3146,-1,3098,3146,3100,-1,3100,3146,3147,-1,3100,3147,3102,-1,3102,3147,3148,-1,3102,3148,3104,-1,3104,3148,3149,-1,3104,3149,2939,-1,2939,3149,2942,-1,2939,2942,2937,-1,2937,2942,2941,-1,3033,3025,3034,-1,3034,3025,3027,-1,3034,3027,3032,-1,3032,3027,3105,-1,3032,3105,3150,-1,3150,3105,3107,-1,3150,3107,3151,-1,3151,3107,3109,-1,3151,3109,3152,-1,3152,3109,3111,-1,3152,3111,3153,-1,3153,3111,3113,-1,3153,3113,3154,-1,3154,3113,3114,-1,3154,3114,3155,-1,3155,3114,3115,-1,3119,3124,3120,-1,3120,3124,3126,-1,3120,3126,2957,-1,2957,3126,3128,-1,2957,3128,2958,-1,2958,3128,3130,-1,2958,3130,2912,-1,2912,3130,3132,-1,2912,3132,2964,-1,2964,3132,3133,-1,2964,3133,3121,-1,3024,3016,3023,-1,3023,3016,3018,-1,3023,3018,3021,-1,3021,3018,3066,-1,3021,3066,3106,-1,3106,3066,3065,-1,3106,3065,3108,-1,3108,3065,3064,-1,3108,3064,3110,-1,3110,3064,3156,-1,3110,3156,3112,-1,3112,3156,3157,-1,3112,3157,2877,-1,2877,3157,3158,-1,2877,3158,2878,-1,1140,1139,3064,-1,3064,1139,3063,-1,3064,3063,3156,-1,3156,3063,3062,-1,3156,3062,3157,-1,3157,3062,1006,-1,3157,1006,3158,-1,3158,1006,2882,-1,3158,2882,2878,-1,2878,2882,2879,-1,2878,2879,2876,-1,2876,2879,2881,-1,2876,2881,3115,-1,3125,3054,3127,-1,3127,3054,3055,-1,3127,3055,3129,-1,3129,3055,3053,-1,3129,3053,3131,-1,3131,3053,3052,-1,3131,3052,3133,-1,3133,3052,3051,-1,3133,3051,3121,-1,3121,3051,3050,-1,3121,3050,3122,-1,3122,3050,3048,-1,3122,3048,2971,-1,2971,3048,3049,-1,2971,3049,2973,-1,2973,3049,3068,-1,2973,3068,2906,-1,2906,3068,2979,-1,2906,2979,2904,-1,2904,2979,2978,-1,1002,3057,3059,-1,3059,3057,3139,-1,3059,3139,3058,-1,3058,3139,3137,-1,3058,3137,2880,-1,2880,3137,3135,-1,2880,3135,2881,-1,2881,3135,3118,-1,2881,3118,3115,-1,3115,3118,3117,-1,3115,3117,3155,-1,3037,3030,2893,-1,2893,3030,3032,-1,2893,3032,2894,-1,2894,3032,3150,-1,2894,3150,3145,-1,3145,3150,3151,-1,3145,3151,3146,-1,3146,3151,3152,-1,3146,3152,3147,-1,3147,3152,3153,-1,3147,3153,3148,-1,3148,3153,3154,-1,3148,3154,3149,-1,3149,3154,3155,-1,3149,3155,2942,-1,2942,3155,3117,-1,2942,3117,2944,-1,2944,3117,3116,-1,2944,3116,2918,-1,2918,3116,3134,-1,2918,3134,2951,-1,2951,3134,3136,-1,2951,3136,3119,-1,3119,3136,3138,-1,3119,3138,3124,-1,3124,3138,3140,-1,3124,3140,3125,-1,3125,3140,3056,-1,3125,3056,3054,-1,3054,3056,1163,-1,3054,1163,1162,-1,3159,3160,3074,-1,3081,3080,3161,-1,3078,3077,3162,-1,3074,3160,3075,-1,3163,3164,3162,-1,3161,3160,3165,-1,3166,3167,3168,-1,3169,3170,3171,-1,3172,3173,3174,-1,3174,3173,3175,-1,3047,3046,3176,-1,3176,3046,3078,-1,3176,3078,3177,-1,3178,3179,3180,-1,3181,3182,3183,-1,3183,3182,3184,-1,3183,3184,3185,-1,3186,3187,3169,-1,3169,3187,3188,-1,3169,3188,3170,-1,3189,3190,3191,-1,3191,3190,3192,-1,3193,3194,3168,-1,3168,3194,3195,-1,3196,3197,3198,-1,3199,3200,3198,-1,3198,3200,3201,-1,3198,3201,3196,-1,3199,3202,3203,-1,2929,3204,2927,-1,2927,3204,3205,-1,2927,3205,3203,-1,3203,3205,3206,-1,3203,3206,3199,-1,3207,3208,3209,-1,3209,3208,3210,-1,3209,3210,3211,-1,3212,3213,3214,-1,3215,3167,3212,-1,3212,3167,3166,-1,3212,3166,3216,-1,3216,3166,3217,-1,3213,3212,3218,-1,3218,3212,3216,-1,3218,3216,3219,-1,3219,3216,3220,-1,3219,3220,3221,-1,3222,3223,3224,-1,3224,3223,3225,-1,3224,3225,3226,-1,3227,3228,3229,-1,3229,3228,3230,-1,3214,3231,3212,-1,3212,3231,3232,-1,3212,3232,3215,-1,3215,3232,3233,-1,3215,3233,3227,-1,3234,3235,3236,-1,3236,3235,3237,-1,3236,3237,3238,-1,3239,3240,3241,-1,3241,3240,3242,-1,3241,3242,3243,-1,3235,3244,3237,-1,3237,3244,3245,-1,3237,3245,3238,-1,3238,3245,3246,-1,3238,3246,3247,-1,3209,3248,3249,-1,3249,3248,3250,-1,3249,3250,3251,-1,3252,3253,3254,-1,3254,3253,3255,-1,3207,3209,3240,-1,3240,3209,3249,-1,3240,3249,3242,-1,3242,3249,3251,-1,3242,3251,3243,-1,3181,3179,3182,-1,3182,3179,3178,-1,3182,3178,3184,-1,3184,3178,3171,-1,3184,3171,3185,-1,3185,3171,3170,-1,3185,3170,3256,-1,3256,3170,3188,-1,3227,3229,3215,-1,3215,3229,3257,-1,3215,3257,3167,-1,3167,3257,3258,-1,3167,3258,3168,-1,3168,3258,3197,-1,3168,3197,3193,-1,3193,3197,3196,-1,3193,3196,3194,-1,3259,3260,3261,-1,3261,3260,3262,-1,3261,3262,3263,-1,3264,3221,3265,-1,3265,3221,3220,-1,3265,3220,3266,-1,3266,3220,3216,-1,3266,3216,3267,-1,3267,3216,3217,-1,3267,3217,3192,-1,3192,3217,3166,-1,3192,3166,3191,-1,3191,3166,3168,-1,3191,3168,3189,-1,3189,3168,3195,-1,3268,3269,3270,-1,3165,3160,3271,-1,3271,3160,3159,-1,3271,3159,3247,-1,3272,3164,3180,-1,3180,3164,3163,-1,3180,3163,3178,-1,3178,3163,3255,-1,3178,3255,3171,-1,3171,3255,3253,-1,3171,3253,3169,-1,3169,3253,3252,-1,3169,3252,3186,-1,3247,3246,3271,-1,3271,3246,3273,-1,3271,3273,3165,-1,3199,3198,3202,-1,3202,3198,3197,-1,3202,3197,3274,-1,3274,3197,3258,-1,3274,3258,3275,-1,3275,3258,3257,-1,3275,3257,3276,-1,3276,3257,3229,-1,3276,3229,3225,-1,3225,3229,3230,-1,3225,3230,3226,-1,3269,3141,3086,-1,3277,3270,3278,-1,3278,3270,3269,-1,3278,3269,3279,-1,3279,3269,3086,-1,3279,3086,3085,-1,3072,3070,3268,-1,3070,3069,3268,-1,3268,3069,3143,-1,3268,3143,3269,-1,3269,3143,3142,-1,3269,3142,3141,-1,3161,3080,3160,-1,3160,3080,3079,-1,3160,3079,3075,-1,3272,3280,3164,-1,3164,3280,3172,-1,3164,3172,3162,-1,3162,3172,3174,-1,3162,3174,3078,-1,3078,3174,3175,-1,3078,3175,3177,-1,3077,3081,3162,-1,3162,3081,3161,-1,3162,3161,3163,-1,3163,3161,3165,-1,3163,3165,3255,-1,3255,3165,3273,-1,3255,3273,3254,-1,3083,3082,3281,-1,3281,3082,2925,-1,3223,3263,3225,-1,3225,3263,3262,-1,3225,3262,3276,-1,3276,3262,3260,-1,3276,3260,3275,-1,3275,3260,3259,-1,3275,3259,3274,-1,3274,3259,3282,-1,3274,3282,3202,-1,3202,3282,3281,-1,3202,3281,3203,-1,3203,3281,2925,-1,3203,2925,2927,-1,3222,3283,3223,-1,3223,3283,3284,-1,3223,3284,3239,-1,3239,3284,3285,-1,3239,3285,3240,-1,3240,3285,3286,-1,3240,3286,3207,-1,3074,3072,3159,-1,3159,3072,3268,-1,3159,3268,3247,-1,3247,3268,3270,-1,3247,3270,3238,-1,3238,3270,3277,-1,3238,3277,3236,-1,3236,3277,3287,-1,3236,3287,3234,-1,3288,3187,3211,-1,3211,3187,3186,-1,3211,3186,3209,-1,3209,3186,3252,-1,3209,3252,3248,-1,3248,3252,3254,-1,3248,3254,3250,-1,3250,3254,3273,-1,3250,3273,3251,-1,3251,3273,3246,-1,3251,3246,3243,-1,3243,3246,3245,-1,3243,3245,3241,-1,3241,3245,3244,-1,3241,3244,3239,-1,3239,3244,3235,-1,3239,3235,3223,-1,3223,3235,3234,-1,3223,3234,3263,-1,3263,3234,3287,-1,3263,3287,3261,-1,3261,3287,3277,-1,3261,3277,3259,-1,3259,3277,3278,-1,3259,3278,3282,-1,3282,3278,3279,-1,3282,3279,3281,-1,3281,3279,3085,-1,3281,3085,3083,-1,3226,3230,3289,-1,3290,3291,3292,-1,3293,3294,3295,-1,3296,3297,3298,-1,3299,3300,3301,-1,3288,3211,3302,-1,3302,3211,3303,-1,3302,3303,3304,-1,3304,3303,3305,-1,3296,3298,3306,-1,3307,3308,3309,-1,3309,3308,3310,-1,3310,3311,3309,-1,3309,3311,3312,-1,3309,3312,3313,-1,3313,3312,3314,-1,3313,3314,3315,-1,3316,3317,3308,-1,3308,3317,3318,-1,3308,3318,3310,-1,3319,3320,3321,-1,3322,3323,3321,-1,3321,3323,3324,-1,3321,3324,3319,-1,3325,3326,3327,-1,3327,3326,3328,-1,3327,3328,3321,-1,3321,3328,3329,-1,3321,3329,3322,-1,3330,3331,3327,-1,3327,3331,3332,-1,3327,3332,3325,-1,3333,3334,3335,-1,3334,3336,3335,-1,3335,3336,3337,-1,3335,3337,3327,-1,3327,3337,3338,-1,3327,3338,3330,-1,3295,3294,3339,-1,3340,3341,3335,-1,3335,3341,3342,-1,3335,3342,3333,-1,3343,3344,3345,-1,3345,3344,3346,-1,3347,3348,3295,-1,3295,3348,3349,-1,3295,3349,3293,-1,3290,3292,3350,-1,3351,3352,3353,-1,3294,3340,3339,-1,3339,3340,3335,-1,3339,3335,3354,-1,3354,3335,3327,-1,3354,3327,3307,-1,3307,3327,3321,-1,3307,3321,3308,-1,3308,3321,3320,-1,3308,3320,3316,-1,3297,3355,3298,-1,3298,3355,3356,-1,3298,3356,3357,-1,3357,3356,3358,-1,3357,3358,3359,-1,3359,3358,3360,-1,3359,3360,3361,-1,3361,3360,3362,-1,3361,3362,3363,-1,3363,3362,3364,-1,3363,3364,3345,-1,3345,3364,3292,-1,3345,3292,3343,-1,3343,3292,3291,-1,3226,3289,3224,-1,3224,3289,3365,-1,3224,3365,3222,-1,3286,3285,3366,-1,3366,3285,3284,-1,3366,3284,3365,-1,3365,3284,3283,-1,3365,3283,3222,-1,3211,3210,3303,-1,3303,3210,3208,-1,3303,3208,3207,-1,3300,3305,3301,-1,3301,3305,3303,-1,3301,3303,3366,-1,3366,3303,3207,-1,3366,3207,3286,-1,3264,3351,3221,-1,3221,3351,3353,-1,3221,3353,3219,-1,3219,3353,3367,-1,3219,3367,3218,-1,3368,3232,3367,-1,3367,3232,3231,-1,3231,3214,3367,-1,3367,3214,3213,-1,3367,3213,3218,-1,3230,3228,3289,-1,3289,3228,3227,-1,3289,3227,3368,-1,3368,3227,3233,-1,3368,3233,3232,-1,3315,3306,3313,-1,3313,3306,3298,-1,3313,3298,3309,-1,3309,3298,3357,-1,3309,3357,3307,-1,3307,3357,3359,-1,3307,3359,3354,-1,3354,3359,3361,-1,3354,3361,3339,-1,3339,3361,3363,-1,3339,3363,3295,-1,3295,3363,3345,-1,3295,3345,3347,-1,3347,3345,3346,-1,3352,3350,3353,-1,3353,3350,3292,-1,3353,3292,3367,-1,3367,3292,3364,-1,3367,3364,3368,-1,3368,3364,3362,-1,3368,3362,3289,-1,3289,3362,3360,-1,3289,3360,3365,-1,3365,3360,3358,-1,3365,3358,3366,-1,3366,3358,3356,-1,3366,3356,3301,-1,3301,3356,3355,-1,3301,3355,3299,-1,3369,3370,3371,-1,3372,3373,3374,-1,3375,3376,3377,-1,3378,3379,3380,-1,3381,3382,3383,-1,3384,3385,3386,-1,3386,3385,3387,-1,3386,3387,3388,-1,3388,3387,3389,-1,3378,3380,3390,-1,3391,3392,3393,-1,3393,3392,3394,-1,3394,3395,3393,-1,3393,3395,3396,-1,3393,3396,3397,-1,3397,3396,3398,-1,3397,3398,3399,-1,3400,3401,3392,-1,3392,3401,3402,-1,3392,3402,3394,-1,3403,3404,3405,-1,3406,3407,3405,-1,3405,3407,3408,-1,3405,3408,3403,-1,3409,3410,3411,-1,3411,3410,3412,-1,3411,3412,3405,-1,3405,3412,3413,-1,3405,3413,3406,-1,3414,3415,3411,-1,3411,3415,3416,-1,3411,3416,3409,-1,3417,3418,3419,-1,3418,3420,3419,-1,3419,3420,3421,-1,3419,3421,3411,-1,3411,3421,3422,-1,3411,3422,3414,-1,3377,3376,3423,-1,3424,3425,3419,-1,3419,3425,3426,-1,3419,3426,3417,-1,3427,3428,3429,-1,3429,3428,3430,-1,3431,3432,3377,-1,3377,3432,3433,-1,3377,3433,3375,-1,3372,3374,3434,-1,3435,3436,3437,-1,3376,3424,3423,-1,3423,3424,3419,-1,3423,3419,3438,-1,3438,3419,3411,-1,3438,3411,3391,-1,3391,3411,3405,-1,3391,3405,3392,-1,3392,3405,3404,-1,3392,3404,3400,-1,3379,3439,3380,-1,3380,3439,3440,-1,3380,3440,3441,-1,3441,3440,3442,-1,3441,3442,3443,-1,3443,3442,3444,-1,3443,3444,3445,-1,3445,3444,3446,-1,3445,3446,3447,-1,3447,3446,3448,-1,3447,3448,3429,-1,3429,3448,3374,-1,3429,3374,3427,-1,3427,3374,3373,-1,3369,3371,3449,-1,3449,3371,3450,-1,3449,3450,3451,-1,3452,3453,3454,-1,3454,3453,3455,-1,3454,3455,3450,-1,3450,3455,3456,-1,3450,3456,3451,-1,3385,3457,3387,-1,3387,3457,3458,-1,3387,3458,3459,-1,3382,3389,3383,-1,3383,3389,3387,-1,3383,3387,3454,-1,3454,3387,3459,-1,3454,3459,3452,-1,3460,3435,3461,-1,3461,3435,3437,-1,3461,3437,3462,-1,3462,3437,3463,-1,3462,3463,3464,-1,3465,3466,3463,-1,3463,3466,3467,-1,3467,3468,3463,-1,3463,3468,3469,-1,3463,3469,3464,-1,3370,3470,3371,-1,3371,3470,3471,-1,3371,3471,3465,-1,3465,3471,3472,-1,3465,3472,3466,-1,3399,3390,3397,-1,3397,3390,3380,-1,3397,3380,3393,-1,3393,3380,3441,-1,3393,3441,3391,-1,3391,3441,3443,-1,3391,3443,3438,-1,3438,3443,3445,-1,3438,3445,3423,-1,3423,3445,3447,-1,3423,3447,3377,-1,3377,3447,3429,-1,3377,3429,3431,-1,3431,3429,3430,-1,3436,3434,3437,-1,3437,3434,3374,-1,3437,3374,3463,-1,3463,3374,3448,-1,3463,3448,3465,-1,3465,3448,3446,-1,3465,3446,3371,-1,3371,3446,3444,-1,3371,3444,3450,-1,3450,3444,3442,-1,3450,3442,3454,-1,3454,3442,3440,-1,3454,3440,3383,-1,3383,3440,3439,-1,3383,3439,3381,-1,3473,3474,3475,-1,3476,3477,3478,-1,3479,3480,3481,-1,3475,3474,3482,-1,3483,3484,3481,-1,3478,3474,3485,-1,3486,3487,3488,-1,3489,3490,3491,-1,3492,3493,3494,-1,3494,3493,3495,-1,3496,3497,3498,-1,3498,3497,3479,-1,3498,3479,3499,-1,3500,3501,3502,-1,3503,3504,3505,-1,3505,3504,3506,-1,3505,3506,3507,-1,3508,3509,3489,-1,3489,3509,3510,-1,3489,3510,3490,-1,3511,3512,3513,-1,3513,3512,3514,-1,3515,3516,3488,-1,3488,3516,3517,-1,3518,3519,3520,-1,3521,3522,3520,-1,3520,3522,3523,-1,3520,3523,3518,-1,3521,3524,3525,-1,3526,3527,3528,-1,3528,3527,3529,-1,3528,3529,3525,-1,3525,3529,3530,-1,3525,3530,3521,-1,3459,3458,3531,-1,3531,3458,3457,-1,3531,3457,3385,-1,3532,3469,3468,-1,3533,3487,3532,-1,3532,3487,3486,-1,3532,3486,3534,-1,3534,3486,3535,-1,3469,3532,3464,-1,3464,3532,3534,-1,3464,3534,3462,-1,3462,3534,3536,-1,3462,3536,3461,-1,3451,3537,3449,-1,3449,3537,3538,-1,3449,3538,3369,-1,3471,3470,3539,-1,3539,3470,3370,-1,3468,3467,3532,-1,3532,3467,3466,-1,3532,3466,3533,-1,3533,3466,3472,-1,3533,3472,3471,-1,3540,3541,3542,-1,3542,3541,3543,-1,3542,3543,3544,-1,3545,3546,3547,-1,3547,3546,3548,-1,3547,3548,3549,-1,3541,3550,3543,-1,3543,3550,3551,-1,3543,3551,3544,-1,3544,3551,3552,-1,3544,3552,3553,-1,3531,3554,3555,-1,3555,3554,3556,-1,3555,3556,3557,-1,3558,3559,3560,-1,3560,3559,3561,-1,3459,3531,3546,-1,3546,3531,3555,-1,3546,3555,3548,-1,3548,3555,3557,-1,3548,3557,3549,-1,3503,3501,3504,-1,3504,3501,3500,-1,3504,3500,3506,-1,3506,3500,3491,-1,3506,3491,3507,-1,3507,3491,3490,-1,3507,3490,3562,-1,3562,3490,3510,-1,3471,3539,3533,-1,3533,3539,3563,-1,3533,3563,3487,-1,3487,3563,3564,-1,3487,3564,3488,-1,3488,3564,3519,-1,3488,3519,3515,-1,3515,3519,3518,-1,3515,3518,3516,-1,3565,3566,3567,-1,3567,3566,3568,-1,3567,3568,3569,-1,3460,3461,3570,-1,3570,3461,3536,-1,3570,3536,3571,-1,3571,3536,3534,-1,3571,3534,3572,-1,3572,3534,3535,-1,3572,3535,3514,-1,3514,3535,3486,-1,3514,3486,3513,-1,3513,3486,3488,-1,3513,3488,3511,-1,3511,3488,3517,-1,3573,3574,3575,-1,3485,3474,3576,-1,3576,3474,3473,-1,3576,3473,3553,-1,3577,3484,3502,-1,3502,3484,3483,-1,3502,3483,3500,-1,3500,3483,3561,-1,3500,3561,3491,-1,3491,3561,3559,-1,3491,3559,3489,-1,3489,3559,3558,-1,3489,3558,3508,-1,3553,3552,3576,-1,3576,3552,3578,-1,3576,3578,3485,-1,3521,3520,3524,-1,3524,3520,3519,-1,3524,3519,3579,-1,3579,3519,3564,-1,3579,3564,3580,-1,3580,3564,3563,-1,3580,3563,3581,-1,3581,3563,3539,-1,3581,3539,3538,-1,3538,3539,3370,-1,3538,3370,3369,-1,3574,3582,3583,-1,3584,3575,3585,-1,3585,3575,3574,-1,3585,3574,3586,-1,3586,3574,3583,-1,3586,3583,3587,-1,3588,3589,3573,-1,3589,3590,3573,-1,3573,3590,3591,-1,3573,3591,3574,-1,3574,3591,3592,-1,3574,3592,3582,-1,3478,3477,3474,-1,3474,3477,3593,-1,3474,3593,3482,-1,3577,3594,3484,-1,3484,3594,3492,-1,3484,3492,3481,-1,3481,3492,3494,-1,3481,3494,3479,-1,3479,3494,3495,-1,3479,3495,3499,-1,3480,3476,3481,-1,3481,3476,3478,-1,3481,3478,3483,-1,3483,3478,3485,-1,3483,3485,3561,-1,3561,3485,3578,-1,3561,3578,3560,-1,3595,3596,3597,-1,3597,3596,3598,-1,3537,3569,3538,-1,3538,3569,3568,-1,3538,3568,3581,-1,3581,3568,3566,-1,3581,3566,3580,-1,3580,3566,3565,-1,3580,3565,3579,-1,3579,3565,3599,-1,3579,3599,3524,-1,3524,3599,3597,-1,3524,3597,3525,-1,3525,3597,3598,-1,3525,3598,3528,-1,3451,3456,3537,-1,3537,3456,3455,-1,3537,3455,3545,-1,3545,3455,3453,-1,3545,3453,3546,-1,3546,3453,3452,-1,3546,3452,3459,-1,3475,3588,3473,-1,3473,3588,3573,-1,3473,3573,3553,-1,3553,3573,3575,-1,3553,3575,3544,-1,3544,3575,3584,-1,3544,3584,3542,-1,3542,3584,3600,-1,3542,3600,3540,-1,3384,3509,3385,-1,3385,3509,3508,-1,3385,3508,3531,-1,3531,3508,3558,-1,3531,3558,3554,-1,3554,3558,3560,-1,3554,3560,3556,-1,3556,3560,3578,-1,3556,3578,3557,-1,3557,3578,3552,-1,3557,3552,3549,-1,3549,3552,3551,-1,3549,3551,3547,-1,3547,3551,3550,-1,3547,3550,3545,-1,3545,3550,3541,-1,3545,3541,3537,-1,3537,3541,3540,-1,3537,3540,3569,-1,3569,3540,3600,-1,3569,3600,3567,-1,3567,3600,3584,-1,3567,3584,3565,-1,3565,3584,3585,-1,3565,3585,3599,-1,3599,3585,3586,-1,3599,3586,3597,-1,3597,3586,3587,-1,3597,3587,3595,-1,3601,3602,3603,-1,3604,3605,3606,-1,937,936,3607,-1,786,788,3608,-1,3609,3610,3611,-1,3612,3613,3614,-1,3615,3616,3617,-1,3618,3619,3620,-1,3621,3622,3623,-1,3624,3625,941,-1,3626,3627,3628,-1,3628,3627,3629,-1,3630,3631,3632,-1,3633,3634,3635,-1,3636,3637,3638,-1,3639,3640,3641,-1,3642,3643,3644,-1,3645,3646,3647,-1,3648,3649,3650,-1,3598,3651,3528,-1,3528,3651,3652,-1,3528,3652,3526,-1,3653,3654,3651,-1,3651,3654,3655,-1,3651,3655,3652,-1,3656,3657,3658,-1,3648,3650,3659,-1,3660,3661,3662,-1,3662,3661,3663,-1,3664,3665,3666,-1,3666,3665,3667,-1,3666,3667,3668,-1,3668,3667,3669,-1,3644,3670,3667,-1,3667,3670,3671,-1,3667,3671,3669,-1,3643,3672,3644,-1,3644,3672,3673,-1,3644,3673,3670,-1,3674,3675,3644,-1,3644,3675,3676,-1,3644,3676,3642,-1,3640,3677,3641,-1,3641,3677,3678,-1,3641,3678,3675,-1,3675,3678,3679,-1,3675,3679,3676,-1,3680,3681,3682,-1,3637,3683,3638,-1,3638,3683,3684,-1,3638,3684,3681,-1,3681,3684,3685,-1,3681,3685,3682,-1,3636,3638,3686,-1,3686,3638,3687,-1,3686,3687,3688,-1,3635,3689,3687,-1,3687,3689,3690,-1,3687,3690,3688,-1,3634,3691,3635,-1,3635,3691,3692,-1,3635,3692,3689,-1,3693,3694,3695,-1,3695,3694,3696,-1,3695,3696,3697,-1,3631,3698,3632,-1,3632,3698,3699,-1,3632,3699,3696,-1,3696,3699,3700,-1,3696,3700,3697,-1,3701,3702,3703,-1,3703,3702,3607,-1,3703,3607,3704,-1,3704,3607,3705,-1,3706,3707,3708,-1,3708,3709,3706,-1,3706,3709,3710,-1,3706,3710,3607,-1,3607,3710,3711,-1,3607,3711,3705,-1,929,3712,3713,-1,929,931,3712,-1,3712,931,934,-1,3712,934,3714,-1,3714,934,933,-1,3714,933,3715,-1,941,3625,942,-1,942,3625,3716,-1,942,3716,933,-1,933,3716,3717,-1,933,3717,3715,-1,943,3718,948,-1,948,3718,3719,-1,948,3719,949,-1,949,3719,3720,-1,949,3720,950,-1,950,3720,3721,-1,950,3721,938,-1,938,3721,3624,-1,938,3624,939,-1,939,3624,941,-1,3722,3723,3724,-1,3724,3723,3725,-1,3725,3723,3726,-1,3726,3723,3727,-1,3726,3727,3728,-1,3729,3730,3731,-1,3731,3730,3732,-1,3731,3732,3727,-1,3727,3732,3733,-1,3727,3733,3728,-1,3734,3735,3736,-1,3736,3735,3623,-1,3736,3623,3737,-1,3737,3623,3622,-1,3738,3739,3740,-1,3740,3739,3741,-1,3740,3741,3742,-1,3742,3741,3621,-1,3743,3744,3745,-1,3745,3744,3746,-1,3747,3748,3749,-1,3749,3748,3750,-1,3749,3750,3751,-1,3752,3753,3754,-1,3754,3753,3755,-1,3754,3755,3756,-1,3618,3757,3619,-1,3619,3757,3758,-1,3619,3758,3759,-1,3760,3761,3762,-1,3762,3761,3763,-1,3615,3617,3764,-1,3765,3766,3767,-1,3767,3766,3497,-1,3767,3497,3496,-1,3768,827,3769,-1,3769,827,825,-1,3769,825,824,-1,3770,823,3768,-1,3768,823,828,-1,3768,828,827,-1,3771,820,3770,-1,3770,820,821,-1,3770,821,823,-1,3772,813,3771,-1,3771,813,818,-1,3771,818,820,-1,817,816,3773,-1,3773,816,815,-1,3773,815,3772,-1,3772,815,814,-1,3772,814,813,-1,807,805,3774,-1,3774,805,804,-1,3774,804,3775,-1,3775,804,811,-1,3775,811,3773,-1,3773,811,810,-1,3773,810,817,-1,801,803,3776,-1,3776,803,808,-1,647,646,3777,-1,3777,646,798,-1,3777,798,800,-1,3778,791,3779,-1,3779,791,909,-1,3779,909,647,-1,792,3780,793,-1,793,3780,3781,-1,793,3781,794,-1,792,649,3780,-1,3780,649,648,-1,3780,648,3778,-1,3778,648,789,-1,3778,789,791,-1,786,3608,651,-1,796,795,3782,-1,3782,795,652,-1,3782,652,651,-1,796,3782,797,-1,797,3782,3783,-1,797,3783,781,-1,784,783,3783,-1,3783,783,779,-1,3783,779,781,-1,785,3784,778,-1,778,3784,3785,-1,778,3785,993,-1,993,3785,3786,-1,993,3786,992,-1,992,3786,990,-1,990,3786,3740,-1,990,3740,968,-1,3742,963,640,-1,640,639,3742,-1,3742,639,643,-1,3742,643,3740,-1,3740,643,642,-1,3740,642,968,-1,3621,3623,3742,-1,3742,3623,964,-1,3742,964,963,-1,947,954,3727,-1,3727,954,952,-1,3727,952,3731,-1,3731,952,951,-1,3731,951,3787,-1,3787,951,967,-1,3787,967,966,-1,947,3727,945,-1,945,3727,3723,-1,945,3723,943,-1,943,3723,3722,-1,943,3722,3718,-1,3713,3626,929,-1,929,3626,3628,-1,929,3628,921,-1,921,3628,922,-1,924,922,3706,-1,3706,922,3628,-1,3706,3628,3707,-1,3707,3628,3629,-1,936,935,3607,-1,3607,935,928,-1,3607,928,3706,-1,3706,928,925,-1,3706,925,924,-1,937,3607,903,-1,903,3607,3702,-1,903,3702,901,-1,3788,907,3702,-1,3702,907,908,-1,3702,908,901,-1,824,898,3769,-1,3769,898,900,-1,3769,900,3788,-1,3788,900,905,-1,3788,905,907,-1,3789,3590,3589,-1,3482,3790,3475,-1,3475,3790,3789,-1,3475,3789,3588,-1,3588,3789,3589,-1,3791,3480,3766,-1,3766,3480,3479,-1,3766,3479,3497,-1,3482,3593,3790,-1,3790,3593,3477,-1,3790,3477,3791,-1,3791,3477,3476,-1,3791,3476,3480,-1,3598,3596,3651,-1,3651,3596,3595,-1,3651,3595,3792,-1,3792,3595,3587,-1,3792,3587,3583,-1,3610,3612,3611,-1,3611,3612,3614,-1,3611,3614,3793,-1,3793,3614,3794,-1,3793,3794,3795,-1,3795,3794,3796,-1,3795,3796,3797,-1,3797,3796,3798,-1,3797,3798,3799,-1,3799,3798,3800,-1,3799,3800,3658,-1,3658,3800,3650,-1,3658,3650,3656,-1,3656,3650,3649,-1,3616,3760,3617,-1,3617,3760,3762,-1,3617,3762,3801,-1,3801,3762,3802,-1,3801,3802,3803,-1,3803,3802,3804,-1,3803,3804,3805,-1,3805,3804,3806,-1,3805,3806,3807,-1,3807,3806,3808,-1,3807,3808,3809,-1,3809,3808,3810,-1,3809,3810,3647,-1,3647,3810,3662,-1,3647,3662,3645,-1,3645,3662,3663,-1,3751,3744,3749,-1,3749,3744,3743,-1,3749,3743,3811,-1,3811,3743,3812,-1,3811,3812,3813,-1,3813,3812,3814,-1,3813,3814,3815,-1,3815,3814,3816,-1,3815,3816,3817,-1,3817,3816,3818,-1,3817,3818,3819,-1,3819,3818,3602,-1,3819,3602,3820,-1,3820,3602,3601,-1,3820,3601,3821,-1,3822,3823,3824,-1,3674,3825,3675,-1,3675,3825,3826,-1,3675,3826,3641,-1,3641,3826,3680,-1,3641,3680,3639,-1,3639,3680,3682,-1,3687,3827,3635,-1,3635,3827,3828,-1,3635,3828,3633,-1,3633,3828,3694,-1,3633,3694,3829,-1,3829,3694,3693,-1,3778,3605,3780,-1,3780,3605,3604,-1,3780,3604,3781,-1,3781,3604,3608,-1,3781,3608,794,-1,794,3608,788,-1,3830,3831,3832,-1,3832,3831,3833,-1,3832,3833,3834,-1,3834,3833,3835,-1,3834,3835,3836,-1,3836,3835,3837,-1,3836,3837,3838,-1,3838,3837,3839,-1,966,964,3787,-1,3787,964,3623,-1,3787,3623,3731,-1,3731,3623,3735,-1,3731,3735,3729,-1,3729,3735,3734,-1,3822,3824,3840,-1,3840,3824,3841,-1,3840,3841,3842,-1,3842,3841,3843,-1,3842,3843,3844,-1,3844,3843,3845,-1,3844,3845,3846,-1,3846,3845,3777,-1,3846,3777,3776,-1,3776,3777,800,-1,3776,800,801,-1,3583,3582,3792,-1,3792,3582,3592,-1,3792,3592,3789,-1,3789,3592,3591,-1,3789,3591,3590,-1,3765,3609,3766,-1,3766,3609,3611,-1,3766,3611,3791,-1,3791,3611,3793,-1,3791,3793,3790,-1,3790,3793,3795,-1,3790,3795,3789,-1,3789,3795,3797,-1,3789,3797,3792,-1,3792,3797,3799,-1,3792,3799,3651,-1,3651,3799,3658,-1,3651,3658,3653,-1,3653,3658,3657,-1,3613,3764,3614,-1,3614,3764,3617,-1,3614,3617,3794,-1,3794,3617,3801,-1,3794,3801,3796,-1,3796,3801,3803,-1,3796,3803,3798,-1,3798,3803,3805,-1,3798,3805,3800,-1,3800,3805,3807,-1,3800,3807,3650,-1,3650,3807,3809,-1,3650,3809,3659,-1,3659,3809,3647,-1,3659,3647,3847,-1,3847,3647,3646,-1,3763,3618,3762,-1,3762,3618,3620,-1,3762,3620,3802,-1,3802,3620,3848,-1,3802,3848,3804,-1,3804,3848,3849,-1,3804,3849,3806,-1,3806,3849,3850,-1,3806,3850,3808,-1,3808,3850,3851,-1,3808,3851,3810,-1,3810,3851,3852,-1,3810,3852,3662,-1,3662,3852,3665,-1,3662,3665,3660,-1,3660,3665,3664,-1,3755,3747,3756,-1,3756,3747,3749,-1,3756,3749,3754,-1,3754,3749,3811,-1,3754,3811,3853,-1,3853,3811,3813,-1,3853,3813,3854,-1,3854,3813,3815,-1,3854,3815,3855,-1,3855,3815,3817,-1,3855,3817,3856,-1,3856,3817,3819,-1,3856,3819,3857,-1,3857,3819,3820,-1,3857,3820,3858,-1,3858,3820,3821,-1,3825,3830,3826,-1,3826,3830,3832,-1,3826,3832,3680,-1,3680,3832,3834,-1,3680,3834,3681,-1,3681,3834,3836,-1,3681,3836,3638,-1,3638,3836,3838,-1,3638,3838,3687,-1,3687,3838,3839,-1,3687,3839,3827,-1,3746,3738,3745,-1,3745,3738,3740,-1,3745,3740,3743,-1,3743,3740,3786,-1,3743,3786,3812,-1,3812,3786,3785,-1,3812,3785,3814,-1,3814,3785,3784,-1,3814,3784,3816,-1,3816,3784,3859,-1,3816,3859,3818,-1,3818,3859,3860,-1,3818,3860,3602,-1,3602,3860,3861,-1,3602,3861,3603,-1,785,784,3784,-1,3784,784,3783,-1,3784,3783,3859,-1,3859,3783,3782,-1,3859,3782,3860,-1,3860,3782,651,-1,3860,651,3861,-1,3861,651,3608,-1,3861,3608,3603,-1,3603,3608,3604,-1,3603,3604,3601,-1,3601,3604,3606,-1,3601,3606,3821,-1,3831,3774,3833,-1,3833,3774,3775,-1,3833,3775,3835,-1,3835,3775,3773,-1,3835,3773,3837,-1,3837,3773,3772,-1,3837,3772,3839,-1,3839,3772,3771,-1,3839,3771,3827,-1,3827,3771,3770,-1,3827,3770,3828,-1,3828,3770,3768,-1,3828,3768,3694,-1,3694,3768,3769,-1,3694,3769,3696,-1,3696,3769,3788,-1,3696,3788,3632,-1,3632,3788,3702,-1,3632,3702,3630,-1,3630,3702,3701,-1,647,3777,3779,-1,3779,3777,3845,-1,3779,3845,3778,-1,3778,3845,3843,-1,3778,3843,3605,-1,3605,3843,3841,-1,3605,3841,3606,-1,3606,3841,3824,-1,3606,3824,3821,-1,3821,3824,3823,-1,3821,3823,3858,-1,3759,3752,3619,-1,3619,3752,3754,-1,3619,3754,3620,-1,3620,3754,3853,-1,3620,3853,3848,-1,3848,3853,3854,-1,3848,3854,3849,-1,3849,3854,3855,-1,3849,3855,3850,-1,3850,3855,3856,-1,3850,3856,3851,-1,3851,3856,3857,-1,3851,3857,3852,-1,3852,3857,3858,-1,3852,3858,3665,-1,3665,3858,3823,-1,3665,3823,3667,-1,3667,3823,3822,-1,3667,3822,3644,-1,3644,3822,3840,-1,3644,3840,3674,-1,3674,3840,3842,-1,3674,3842,3825,-1,3825,3842,3844,-1,3825,3844,3830,-1,3830,3844,3846,-1,3830,3846,3831,-1,3831,3846,3776,-1,3831,3776,3774,-1,3774,3776,808,-1,3774,808,807,-1,3862,1449,1477,-1,3498,3499,3863,-1,3863,3499,3864,-1,3863,3864,3865,-1,3865,3864,3862,-1,1477,1476,3866,-1,3862,1477,3865,-1,3865,1477,3866,-1,3865,3866,3867,-1,3867,3868,3865,-1,3865,3868,3869,-1,3865,3869,3863,-1,3863,3869,3870,-1,3863,3870,3871,-1,3871,3872,3863,-1,3863,3872,3873,-1,3863,3873,3498,-1,3498,3873,3874,-1,3498,3874,3496,-1,3875,1401,1429,-1,3876,3875,3877,-1,3577,3502,3878,-1,3878,3502,3501,-1,3501,3503,3878,-1,3878,3503,3505,-1,3878,3505,3507,-1,3562,3510,3876,-1,3876,3510,3509,-1,3876,3509,3384,-1,3875,1429,3877,-1,3877,1429,1437,-1,3877,1437,3879,-1,3879,3880,3877,-1,3877,3880,3878,-1,3877,3878,3876,-1,3876,3878,3507,-1,3876,3507,3562,-1,3495,3493,3880,-1,3880,3493,3492,-1,3880,3492,3878,-1,3878,3492,3594,-1,3878,3594,3577,-1,3499,3495,3864,-1,3864,3495,3880,-1,3864,3880,3862,-1,3862,3880,3879,-1,3862,3879,1449,-1,1449,3879,1437,-1,3720,3719,3881,-1,3722,3724,3882,-1,3725,3726,3883,-1,3733,3732,3884,-1,1509,1508,3885,-1,3734,3736,3886,-1,3622,3621,3887,-1,3741,3739,3888,-1,3738,3746,3889,-1,1503,1507,3890,-1,3744,3751,3891,-1,3750,3748,3892,-1,3759,3758,3893,-1,1496,1495,3894,-1,3618,3763,3895,-1,1491,1490,3896,-1,3761,3760,3897,-1,3616,3615,3898,-1,1486,1484,3899,-1,1482,1481,3900,-1,3901,3767,3496,-1,3872,3871,3902,-1,3903,3866,1475,-1,1475,3866,1476,-1,3904,3869,3868,-1,3872,3902,3873,-1,3874,3873,3905,-1,3905,3873,3902,-1,3905,3902,3906,-1,3496,3874,3901,-1,3901,3874,3905,-1,3901,3905,3907,-1,3907,3905,3906,-1,3907,3906,3908,-1,3613,3612,3908,-1,3908,3612,3610,-1,3908,3610,3907,-1,3907,3610,3609,-1,3907,3609,3901,-1,3901,3609,3765,-1,3901,3765,3767,-1,3764,3613,3909,-1,3909,3613,3908,-1,3909,3908,3910,-1,3910,3908,3906,-1,3910,3906,3911,-1,3911,3906,3902,-1,3911,3902,3912,-1,3912,3902,3871,-1,3912,3871,3870,-1,3615,3764,3898,-1,3898,3764,3909,-1,3898,3909,3913,-1,3913,3909,3910,-1,3913,3910,3914,-1,3914,3910,3911,-1,3914,3911,3915,-1,3915,3911,3912,-1,3915,3912,3904,-1,3904,3912,3870,-1,3904,3870,3869,-1,3760,3616,3897,-1,3897,3616,3898,-1,3897,3898,3916,-1,3916,3898,3913,-1,3916,3913,3917,-1,3917,3913,3914,-1,3917,3914,3918,-1,3918,3914,3915,-1,3918,3915,3919,-1,3919,3915,3904,-1,3919,3904,3920,-1,3920,3904,3868,-1,3920,3868,3867,-1,3763,3761,3895,-1,3895,3761,3897,-1,3895,3897,3921,-1,3921,3897,3916,-1,3921,3916,3922,-1,3922,3916,3917,-1,3922,3917,3923,-1,3923,3917,3918,-1,3923,3918,3924,-1,3924,3918,3919,-1,3924,3919,3925,-1,3925,3919,3920,-1,3925,3920,3903,-1,3903,3920,3867,-1,3903,3867,3866,-1,3757,3618,3926,-1,3926,3618,3895,-1,3926,3895,3927,-1,3927,3895,3921,-1,3927,3921,3928,-1,3928,3921,3922,-1,3928,3922,3929,-1,3929,3922,3923,-1,3929,3923,3930,-1,3930,3923,3924,-1,3930,3924,3931,-1,3931,3924,3925,-1,3931,3925,3900,-1,3900,3925,3903,-1,3900,3903,1482,-1,1482,3903,1475,-1,3758,3757,3893,-1,3893,3757,3926,-1,3893,3926,3932,-1,3932,3926,3927,-1,3932,3927,3933,-1,3933,3927,3928,-1,3933,3928,3934,-1,3934,3928,3929,-1,3934,3929,3935,-1,3935,3929,3930,-1,3935,3930,3936,-1,3936,3930,3931,-1,3936,3931,3937,-1,3937,3931,3900,-1,3937,3900,1479,-1,1479,3900,1481,-1,3752,3759,3938,-1,3938,3759,3893,-1,3938,3893,3939,-1,3939,3893,3932,-1,3939,3932,3940,-1,3940,3932,3933,-1,3940,3933,3941,-1,3941,3933,3934,-1,3941,3934,3942,-1,3942,3934,3935,-1,3942,3935,3943,-1,3943,3935,3936,-1,3943,3936,3944,-1,3944,3936,3937,-1,3944,3937,1478,-1,1478,3937,1479,-1,1478,1486,3944,-1,3944,1486,3899,-1,3944,3899,3943,-1,3943,3899,3945,-1,3943,3945,3942,-1,3942,3945,3946,-1,3942,3946,3941,-1,3941,3946,3947,-1,3941,3947,3940,-1,3940,3947,3948,-1,3940,3948,3939,-1,3939,3948,3949,-1,3939,3949,3938,-1,3938,3949,3950,-1,3938,3950,3752,-1,3747,3755,3950,-1,3950,3755,3753,-1,3950,3753,3752,-1,3748,3747,3892,-1,3892,3747,3950,-1,3892,3950,3951,-1,3951,3950,3949,-1,3951,3949,3952,-1,3952,3949,3948,-1,3952,3948,3953,-1,3953,3948,3947,-1,3953,3947,3954,-1,3954,3947,3946,-1,3954,3946,3955,-1,3955,3946,3945,-1,3955,3945,3956,-1,3956,3945,3899,-1,3956,3899,1483,-1,1483,3899,1484,-1,3751,3750,3891,-1,3891,3750,3892,-1,3891,3892,3957,-1,3957,3892,3951,-1,3957,3951,3958,-1,3958,3951,3952,-1,3958,3952,3959,-1,3959,3952,3953,-1,3959,3953,3960,-1,3960,3953,3954,-1,3960,3954,3961,-1,3961,3954,3955,-1,3961,3955,3962,-1,3962,3955,3956,-1,3962,3956,1488,-1,1488,3956,1483,-1,1497,1501,3963,-1,1497,3963,1498,-1,3746,3744,3889,-1,3889,3744,3891,-1,3889,3891,3964,-1,3964,3891,3957,-1,3964,3957,3965,-1,3965,3957,3958,-1,3965,3958,3966,-1,3966,3958,3959,-1,3966,3959,3967,-1,3967,3959,3960,-1,3967,3960,3968,-1,3968,3960,3961,-1,3968,3961,3896,-1,3896,3961,3962,-1,3896,3962,1491,-1,1491,3962,1488,-1,3739,3738,3888,-1,3888,3738,3889,-1,3888,3889,3969,-1,3969,3889,3964,-1,3969,3964,3970,-1,3970,3964,3965,-1,3970,3965,3971,-1,3971,3965,3966,-1,3971,3966,3972,-1,3972,3966,3967,-1,3972,3967,3973,-1,3973,3967,3968,-1,3973,3968,3974,-1,3974,3968,3896,-1,3974,3896,1489,-1,1489,3896,1490,-1,3621,3741,3887,-1,3887,3741,3888,-1,3887,3888,3975,-1,3975,3888,3969,-1,3975,3969,3976,-1,3976,3969,3970,-1,3976,3970,3977,-1,3977,3970,3971,-1,3977,3971,3978,-1,3978,3971,3972,-1,3978,3972,3979,-1,3979,3972,3973,-1,3979,3973,3894,-1,3894,3973,3974,-1,3894,3974,1496,-1,1496,3974,1489,-1,3737,3622,3980,-1,3980,3622,3887,-1,3980,3887,3981,-1,3981,3887,3975,-1,3981,3975,3982,-1,3982,3975,3976,-1,3982,3976,3983,-1,3983,3976,3977,-1,3983,3977,3984,-1,3984,3977,3978,-1,3984,3978,3985,-1,3985,3978,3979,-1,3985,3979,3986,-1,3986,3979,3894,-1,3986,3894,1493,-1,1493,3894,1495,-1,3736,3737,3886,-1,3886,3737,3980,-1,3886,3980,3987,-1,3987,3980,3981,-1,3987,3981,3988,-1,3988,3981,3982,-1,3988,3982,3989,-1,3989,3982,3983,-1,3989,3983,3990,-1,3990,3983,3984,-1,3990,3984,3991,-1,3991,3984,3985,-1,3991,3985,3992,-1,3992,3985,3986,-1,3992,3986,1492,-1,1492,3986,1493,-1,3993,3730,3729,-1,3729,3734,3993,-1,3993,3734,3886,-1,3993,3886,3994,-1,3994,3886,3987,-1,3994,3987,3995,-1,3995,3987,3988,-1,3995,3988,3996,-1,3996,3988,3989,-1,3996,3989,3997,-1,3997,3989,3990,-1,3997,3990,3998,-1,3998,3990,3991,-1,3998,3991,3999,-1,3999,3991,3992,-1,3732,3730,3884,-1,3884,3730,3993,-1,3884,3993,4000,-1,4000,3993,3994,-1,4000,3994,4001,-1,4001,3994,3995,-1,4001,3995,4002,-1,4002,3995,3996,-1,4002,3996,4003,-1,4003,3996,3997,-1,4003,3997,4004,-1,4004,3997,3998,-1,4004,3998,3963,-1,3963,3998,3999,-1,3963,3999,1498,-1,1498,3999,3992,-1,1498,3992,1500,-1,1500,3992,1492,-1,3728,3733,4005,-1,4005,3733,3884,-1,4005,3884,4006,-1,4006,3884,4000,-1,4006,4000,4007,-1,4007,4000,4001,-1,4007,4001,4008,-1,4008,4001,4002,-1,4008,4002,4009,-1,4009,4002,4003,-1,4009,4003,4010,-1,4010,4003,4004,-1,4010,4004,3890,-1,3890,4004,3963,-1,3890,3963,1503,-1,1503,3963,1501,-1,3726,3728,3883,-1,3883,3728,4005,-1,3883,4005,4011,-1,4011,4005,4006,-1,4011,4006,4012,-1,4012,4006,4007,-1,4012,4007,4013,-1,4013,4007,4008,-1,4013,4008,4014,-1,4014,4008,4009,-1,4014,4009,4015,-1,4015,4009,4010,-1,4015,4010,4016,-1,4016,4010,3890,-1,4016,3890,1505,-1,1505,3890,1507,-1,3724,3725,3882,-1,3882,3725,3883,-1,3882,3883,4017,-1,4017,3883,4011,-1,4017,4011,4018,-1,4018,4011,4012,-1,4018,4012,4019,-1,4019,4012,4013,-1,4019,4013,4020,-1,4020,4013,4014,-1,4020,4014,4021,-1,4021,4014,4015,-1,4021,4015,4022,-1,4022,4015,4016,-1,4022,4016,1504,-1,1504,4016,1505,-1,3718,3722,4023,-1,4023,3722,3882,-1,4023,3882,4024,-1,4024,3882,4017,-1,4024,4017,4025,-1,4025,4017,4018,-1,4025,4018,4026,-1,4026,4018,4019,-1,4026,4019,4027,-1,4027,4019,4020,-1,4027,4020,4028,-1,4028,4020,4021,-1,4028,4021,4029,-1,4029,4021,4022,-1,4029,4022,1514,-1,1514,4022,1504,-1,1519,1517,4030,-1,4030,1517,4031,-1,4030,4031,4032,-1,1520,1519,4033,-1,4033,1519,4030,-1,4033,4030,4034,-1,4034,4030,4032,-1,4034,4032,4035,-1,1521,1520,4036,-1,4036,1520,4033,-1,4036,4033,4037,-1,4037,4033,4034,-1,4037,4034,4038,-1,4038,4034,4035,-1,4038,4035,4039,-1,1508,1521,3885,-1,3885,1521,4036,-1,3885,4036,4040,-1,4040,4036,4037,-1,4040,4037,4041,-1,4041,4037,4038,-1,4041,4038,4042,-1,4042,4038,4039,-1,4042,4039,4043,-1,1511,1509,4044,-1,4044,1509,3885,-1,4044,3885,4045,-1,4045,3885,4040,-1,4045,4040,4046,-1,4046,4040,4041,-1,4046,4041,4047,-1,4047,4041,4042,-1,4047,4042,4048,-1,4048,4042,4043,-1,4048,4043,4049,-1,1512,1511,4050,-1,4050,1511,4044,-1,4050,4044,4051,-1,4051,4044,4045,-1,4051,4045,4052,-1,4052,4045,4046,-1,4052,4046,4053,-1,4053,4046,4047,-1,4053,4047,4054,-1,4054,4047,4048,-1,4054,4048,4055,-1,4055,4048,4049,-1,4055,4049,3881,-1,3719,3718,3881,-1,3881,3718,4023,-1,3881,4023,4055,-1,4055,4023,4024,-1,4055,4024,4054,-1,4054,4024,4025,-1,4054,4025,4053,-1,4053,4025,4026,-1,4053,4026,4052,-1,4052,4026,4027,-1,4052,4027,4051,-1,4051,4027,4028,-1,4051,4028,4050,-1,4050,4028,4029,-1,4050,4029,1512,-1,1512,4029,1514,-1,3721,3720,4056,-1,4056,3720,3881,-1,4056,3881,4057,-1,4057,3881,4049,-1,4057,4049,4058,-1,4058,4049,4043,-1,4058,4043,4059,-1,4059,4043,4039,-1,4059,4039,4060,-1,4060,4039,4035,-1,4060,4035,4061,-1,4061,4035,4032,-1,4061,4032,4062,-1,4062,4032,4031,-1,4062,4031,1516,-1,1516,4031,1517,-1,4063,1397,1396,-1,4064,4063,4065,-1,3460,4066,3435,-1,3435,4066,4067,-1,3435,4067,3436,-1,3436,4067,3434,-1,3434,4067,4068,-1,3434,4068,3372,-1,3372,4068,3373,-1,3373,4068,4069,-1,3373,4069,3427,-1,3427,4069,3428,-1,3428,4069,4070,-1,3428,4070,3430,-1,3430,4070,4071,-1,3430,4071,3431,-1,3431,4071,4072,-1,3431,4072,3432,-1,3432,4072,3433,-1,3433,4072,4073,-1,3433,4073,3375,-1,3375,4073,3376,-1,3376,4073,4074,-1,3376,4074,3424,-1,3424,4074,4075,-1,3424,4075,3425,-1,3425,4075,3426,-1,3426,4075,4076,-1,3426,4076,3417,-1,3417,4076,4077,-1,3417,4077,3418,-1,3418,4077,4078,-1,3418,4078,3420,-1,3420,4078,3421,-1,3421,4078,4079,-1,3421,4079,3422,-1,3422,4079,4080,-1,3422,4080,3414,-1,3414,4080,4081,-1,3414,4081,3415,-1,3415,4081,4082,-1,3415,4082,3416,-1,3416,4082,4083,-1,3416,4083,3409,-1,3409,4083,4084,-1,3409,4084,3410,-1,3410,4084,4085,-1,3410,4085,3412,-1,3412,4085,3413,-1,3413,4085,4086,-1,3413,4086,3406,-1,3406,4086,4087,-1,3406,4087,3407,-1,3407,4087,4088,-1,3407,4088,3408,-1,3408,4088,4089,-1,3408,4089,3403,-1,3403,4089,4090,-1,3403,4090,3404,-1,3404,4090,3400,-1,3400,4090,4091,-1,3400,4091,3401,-1,3401,4091,4092,-1,3401,4092,3402,-1,3402,4092,3394,-1,3394,4092,4093,-1,3394,4093,3395,-1,3395,4093,4094,-1,3395,4094,3396,-1,3396,4094,3398,-1,3398,4094,4095,-1,3398,4095,3399,-1,3399,4095,3390,-1,3390,4095,4096,-1,3390,4096,3378,-1,3378,4096,3379,-1,3379,4096,4097,-1,3379,4097,3439,-1,4063,1396,4065,-1,4065,1396,1394,-1,4065,1394,4098,-1,4098,1394,1392,-1,4098,1392,4099,-1,4099,1392,1389,-1,4099,1389,4100,-1,4100,1389,1387,-1,4100,1387,4101,-1,4101,1387,1386,-1,4101,1386,4102,-1,4102,1386,1384,-1,4102,1384,4103,-1,4103,1384,1382,-1,4103,1382,4104,-1,4104,1382,1379,-1,4104,1379,4105,-1,4105,1379,1377,-1,4105,1377,4106,-1,4106,1377,1375,-1,4106,1375,4107,-1,4107,1375,1373,-1,4107,1373,4108,-1,4108,1373,1372,-1,4108,1372,4109,-1,4109,1372,1370,-1,4109,1370,4110,-1,4110,1370,1368,-1,4110,1368,4111,-1,4111,1368,1366,-1,4111,1366,4112,-1,4112,1366,1364,-1,4112,1364,4113,-1,4113,1364,1362,-1,4113,1362,4114,-1,4114,1362,1353,-1,4114,1353,4115,-1,4115,1353,1356,-1,4115,1356,4116,-1,4116,1356,1358,-1,4116,1358,4117,-1,4117,1358,1360,-1,4117,1360,4118,-1,4118,1360,1402,-1,4118,1402,4119,-1,4119,1402,1404,-1,4119,1404,4120,-1,4120,1404,1406,-1,4120,1406,4121,-1,4121,1406,1408,-1,4121,1408,4122,-1,4122,1408,1410,-1,4122,1410,4123,-1,4123,1410,1412,-1,4123,1412,4124,-1,4124,1412,1414,-1,4124,1414,4125,-1,4125,1414,1416,-1,4125,1416,4126,-1,4126,1416,1418,-1,4126,1418,4127,-1,4127,1418,1420,-1,4127,1420,4128,-1,4128,1420,1422,-1,4128,1422,4129,-1,4129,1422,1424,-1,4129,1424,4130,-1,4130,4131,4129,-1,4129,4131,4132,-1,4129,4132,4128,-1,4128,4132,4097,-1,4128,4097,4127,-1,4127,4097,4096,-1,4127,4096,4126,-1,4126,4096,4095,-1,4126,4095,4125,-1,4125,4095,4094,-1,4125,4094,4124,-1,4124,4094,4093,-1,4124,4093,4123,-1,4123,4093,4092,-1,4123,4092,4122,-1,4122,4092,4091,-1,4122,4091,4121,-1,4121,4091,4090,-1,4121,4090,4120,-1,4120,4090,4089,-1,4120,4089,4119,-1,4119,4089,4088,-1,4119,4088,4118,-1,4118,4088,4087,-1,4118,4087,4117,-1,4117,4087,4086,-1,4117,4086,4116,-1,4116,4086,4085,-1,4116,4085,4115,-1,4115,4085,4084,-1,4115,4084,4114,-1,4114,4084,4083,-1,4114,4083,4113,-1,4113,4083,4082,-1,4113,4082,4112,-1,4112,4082,4081,-1,4112,4081,4111,-1,4111,4081,4080,-1,4111,4080,4110,-1,4110,4080,4079,-1,4110,4079,4109,-1,4109,4079,4078,-1,4109,4078,4108,-1,4108,4078,4077,-1,4108,4077,4107,-1,4107,4077,4076,-1,4107,4076,4106,-1,4106,4076,4075,-1,4106,4075,4105,-1,4105,4075,4074,-1,4105,4074,4104,-1,4104,4074,4073,-1,4104,4073,4103,-1,4103,4073,4072,-1,4103,4072,4102,-1,4102,4072,4071,-1,4102,4071,4101,-1,4101,4071,4070,-1,4101,4070,4100,-1,4100,4070,4069,-1,4100,4069,4099,-1,4099,4069,4068,-1,4099,4068,4098,-1,4098,4068,4067,-1,4098,4067,4065,-1,4065,4067,4066,-1,4065,4066,4064,-1,4064,4066,3460,-1,3386,3388,4131,-1,4131,3388,3389,-1,4131,3389,4132,-1,4132,3389,3382,-1,4132,3382,4097,-1,4097,3382,3381,-1,4097,3381,3439,-1,3384,3386,3876,-1,3876,3386,4131,-1,3876,4131,3875,-1,3875,4131,4130,-1,3875,4130,1401,-1,1401,4130,1424,-1,4133,4134,4135,-1,4136,4137,4138,-1,4062,1516,2453,-1,4061,4062,4139,-1,3716,3625,4140,-1,4140,3625,3624,-1,4140,3624,3721,-1,4140,4141,3716,-1,3716,4141,4142,-1,3716,4142,3717,-1,3717,4142,4143,-1,3717,4143,3715,-1,4062,2453,4139,-1,4139,2453,2454,-1,4139,2454,4144,-1,4144,2454,2452,-1,4144,2452,4145,-1,4145,2452,2450,-1,4145,2450,4146,-1,4146,2450,2449,-1,4146,2449,4147,-1,4147,2449,2459,-1,4147,2459,4148,-1,3715,4143,3714,-1,3714,4143,4149,-1,3714,4149,3712,-1,3712,4149,4150,-1,3712,4150,3713,-1,3713,4150,4151,-1,3713,4151,3626,-1,2459,2458,4148,-1,4148,2458,2456,-1,4148,2456,4152,-1,4152,2456,2455,-1,4152,2455,4153,-1,4154,3708,4155,-1,4155,3708,3707,-1,4155,3707,4156,-1,4156,3707,3629,-1,4156,3629,4151,-1,4151,3629,3627,-1,4151,3627,3626,-1,2455,2461,4153,-1,4153,2461,2460,-1,4153,2460,4157,-1,4157,2460,2463,-1,4157,2463,4158,-1,4158,2463,2464,-1,4158,2464,4159,-1,4159,2464,2473,-1,4159,2473,4160,-1,4161,3705,4162,-1,4162,3705,3711,-1,4162,3711,4163,-1,4163,3711,3710,-1,4163,3710,4154,-1,4154,3710,3709,-1,4154,3709,3708,-1,4164,3701,4165,-1,4165,3701,3703,-1,4165,3703,4161,-1,4161,3703,3704,-1,4161,3704,3705,-1,4166,3631,4164,-1,4164,3631,3630,-1,4164,3630,3701,-1,2473,2472,4160,-1,4160,2472,2467,-1,4160,2467,4167,-1,4167,2467,2466,-1,4167,2466,4168,-1,4168,2466,2471,-1,4168,2471,4169,-1,4169,2471,2469,-1,4169,2469,4170,-1,4170,2469,2468,-1,4170,2468,4171,-1,2468,2477,4171,-1,4171,2477,2475,-1,4171,2475,4172,-1,4173,4174,4175,-1,4175,4174,4176,-1,4175,4176,4177,-1,4177,4176,4178,-1,4177,4178,4179,-1,4179,4178,4180,-1,4179,4180,4181,-1,4181,4180,4182,-1,4181,4182,4183,-1,4183,4182,4166,-1,4183,4166,4184,-1,4184,4166,4164,-1,4184,4164,4185,-1,4185,4164,4165,-1,4185,4165,4186,-1,4186,4165,4161,-1,4186,4161,4187,-1,4187,4161,4162,-1,4187,4162,4188,-1,4188,4162,4163,-1,4188,4163,4189,-1,4189,4163,4154,-1,4189,4154,4190,-1,4190,4154,4155,-1,4190,4155,4191,-1,4191,4155,4156,-1,4191,4156,4192,-1,4192,4156,4151,-1,4192,4151,4193,-1,4193,4151,4150,-1,4193,4150,4194,-1,4194,4150,4149,-1,4194,4149,4195,-1,4195,4149,4143,-1,4195,4143,4196,-1,4196,4143,4142,-1,4196,4142,4197,-1,4197,4142,4141,-1,4197,4141,4198,-1,4198,4141,4140,-1,4198,4140,4056,-1,4056,4140,3721,-1,4174,3693,4176,-1,4176,3693,3695,-1,4176,3695,4178,-1,4178,3695,3697,-1,4178,3697,4180,-1,4180,3697,3700,-1,4180,3700,4182,-1,4182,3700,3699,-1,4182,3699,4166,-1,4166,3699,3698,-1,4166,3698,3631,-1,2475,2474,4172,-1,4172,2474,2481,-1,4172,2481,4199,-1,4199,2481,2480,-1,4199,2480,4200,-1,4200,2480,2479,-1,4200,2479,4201,-1,4201,2479,1557,-1,4201,1557,4202,-1,4202,4136,4201,-1,4201,4136,4138,-1,4201,4138,4200,-1,4200,4138,4203,-1,4200,4203,4199,-1,4199,4203,4204,-1,4199,4204,4172,-1,4172,4204,4205,-1,4172,4205,4171,-1,4171,4205,4206,-1,4171,4206,4170,-1,4170,4206,4207,-1,4170,4207,4169,-1,4169,4207,4208,-1,4169,4208,4168,-1,4168,4208,4209,-1,4168,4209,4167,-1,4167,4209,4210,-1,4167,4210,4160,-1,4160,4210,4211,-1,4160,4211,4159,-1,4159,4211,4212,-1,4159,4212,4158,-1,4158,4212,4213,-1,4158,4213,4157,-1,4157,4213,4214,-1,4157,4214,4153,-1,4153,4214,4215,-1,4153,4215,4152,-1,4152,4215,4216,-1,4152,4216,4148,-1,4148,4216,4217,-1,4148,4217,4147,-1,4147,4217,4218,-1,4147,4218,4146,-1,4146,4218,4219,-1,4146,4219,4145,-1,4145,4219,4220,-1,4145,4220,4144,-1,4144,4220,4221,-1,4144,4221,4139,-1,4139,4221,4222,-1,4139,4222,4061,-1,4061,4222,4060,-1,4137,4223,4138,-1,4138,4223,4224,-1,4138,4224,4203,-1,4203,4224,4225,-1,4203,4225,4204,-1,4204,4225,4226,-1,4204,4226,4205,-1,4205,4226,4227,-1,4205,4227,4206,-1,4206,4227,4228,-1,4206,4228,4207,-1,4207,4228,4229,-1,4207,4229,4208,-1,4208,4229,4230,-1,4208,4230,4209,-1,4209,4230,4231,-1,4209,4231,4210,-1,4210,4231,4232,-1,4210,4232,4211,-1,4211,4232,4233,-1,4211,4233,4212,-1,4212,4233,4234,-1,4212,4234,4213,-1,4213,4234,4235,-1,4213,4235,4214,-1,4214,4235,4236,-1,4214,4236,4215,-1,4215,4236,4237,-1,4215,4237,4216,-1,4216,4237,4238,-1,4216,4238,4217,-1,4217,4238,4239,-1,4217,4239,4218,-1,4218,4239,4240,-1,4218,4240,4219,-1,4219,4240,4241,-1,4219,4241,4220,-1,4220,4241,4242,-1,4220,4242,4221,-1,4221,4242,4243,-1,4221,4243,4222,-1,4222,4243,4244,-1,4222,4244,4060,-1,4060,4244,4059,-1,4223,4245,4224,-1,4224,4245,4246,-1,4224,4246,4225,-1,4225,4246,4247,-1,4225,4247,4226,-1,4226,4247,4248,-1,4226,4248,4227,-1,4227,4248,4249,-1,4227,4249,4228,-1,4228,4249,4250,-1,4228,4250,4229,-1,4229,4250,4251,-1,4229,4251,4230,-1,4230,4251,4252,-1,4230,4252,4231,-1,4231,4252,4253,-1,4231,4253,4232,-1,4232,4253,4254,-1,4232,4254,4233,-1,4233,4254,4255,-1,4233,4255,4234,-1,4234,4255,4256,-1,4234,4256,4235,-1,4235,4256,4257,-1,4235,4257,4236,-1,4236,4257,4258,-1,4236,4258,4237,-1,4237,4258,4259,-1,4237,4259,4238,-1,4238,4259,4260,-1,4238,4260,4239,-1,4239,4260,4261,-1,4239,4261,4240,-1,4240,4261,4262,-1,4240,4262,4241,-1,4241,4262,4263,-1,4241,4263,4242,-1,4242,4263,4264,-1,4242,4264,4243,-1,4243,4264,4265,-1,4243,4265,4244,-1,4244,4265,4266,-1,4244,4266,4059,-1,4059,4266,4058,-1,4245,4133,4246,-1,4246,4133,4135,-1,4246,4135,4247,-1,4247,4135,4267,-1,4247,4267,4248,-1,4248,4267,4268,-1,4248,4268,4249,-1,4249,4268,4269,-1,4249,4269,4250,-1,4250,4269,4270,-1,4250,4270,4251,-1,4251,4270,4271,-1,4251,4271,4252,-1,4252,4271,4272,-1,4252,4272,4253,-1,4253,4272,4273,-1,4253,4273,4254,-1,4254,4273,4274,-1,4254,4274,4255,-1,4255,4274,4275,-1,4255,4275,4256,-1,4256,4275,4276,-1,4256,4276,4257,-1,4257,4276,4277,-1,4257,4277,4258,-1,4258,4277,4278,-1,4258,4278,4259,-1,4259,4278,4279,-1,4259,4279,4260,-1,4260,4279,4280,-1,4260,4280,4261,-1,4261,4280,4281,-1,4261,4281,4262,-1,4262,4281,4282,-1,4262,4282,4263,-1,4263,4282,4283,-1,4263,4283,4264,-1,4264,4283,4284,-1,4264,4284,4265,-1,4265,4284,4285,-1,4265,4285,4266,-1,4266,4285,4286,-1,4266,4286,4058,-1,4058,4286,4057,-1,4134,4287,4135,-1,4135,4287,4173,-1,4135,4173,4267,-1,4267,4173,4175,-1,4267,4175,4268,-1,4268,4175,4177,-1,4268,4177,4269,-1,4269,4177,4179,-1,4269,4179,4270,-1,4270,4179,4181,-1,4270,4181,4271,-1,4271,4181,4183,-1,4271,4183,4272,-1,4272,4183,4184,-1,4272,4184,4273,-1,4273,4184,4185,-1,4273,4185,4274,-1,4274,4185,4186,-1,4274,4186,4275,-1,4275,4186,4187,-1,4275,4187,4276,-1,4276,4187,4188,-1,4276,4188,4277,-1,4277,4188,4189,-1,4277,4189,4278,-1,4278,4189,4190,-1,4278,4190,4279,-1,4279,4190,4191,-1,4279,4191,4280,-1,4280,4191,4192,-1,4280,4192,4281,-1,4281,4192,4193,-1,4281,4193,4282,-1,4282,4193,4194,-1,4282,4194,4283,-1,4283,4194,4195,-1,4283,4195,4284,-1,4284,4195,4196,-1,4284,4196,4285,-1,4285,4196,4197,-1,4285,4197,4286,-1,4286,4197,4198,-1,4286,4198,4057,-1,4057,4198,4056,-1,3634,3633,4174,-1,4174,3633,3829,-1,4174,3829,3693,-1,3691,3634,4288,-1,4288,3634,4174,-1,4288,4174,4289,-1,4289,4174,4173,-1,4289,4173,4290,-1,4290,4173,4287,-1,4063,4064,4291,-1,4292,4293,4294,-1,3530,4295,3521,-1,3521,4295,3522,-1,4291,3516,3518,-1,4291,3518,4295,-1,4295,3518,3523,-1,4295,3523,3522,-1,1397,4296,1432,-1,1432,4296,4294,-1,1432,4294,1352,-1,1352,4294,4293,-1,1352,4293,1443,-1,1397,4063,4296,-1,4296,4063,4291,-1,4296,4291,4294,-1,4294,4291,4295,-1,4294,4295,4292,-1,4292,4295,3530,-1,4292,3530,3529,-1,4064,3460,3570,-1,3570,3571,4064,-1,4064,3571,3572,-1,4064,3572,4291,-1,4291,3572,3514,-1,4291,3514,3512,-1,3512,3511,4291,-1,4291,3511,3517,-1,4291,3517,3516,-1,3653,3657,4297,-1,3649,3648,4298,-1,1580,1579,4299,-1,3659,3847,4300,-1,3646,3645,4301,-1,1572,1571,4302,-1,3661,3660,4303,-1,3666,3668,4304,-1,1569,1567,4305,-1,1563,1562,4306,-1,3643,3642,4307,-1,3676,3679,4308,-1,1458,1457,4309,-1,3678,3677,4310,-1,3640,3639,4311,-1,1461,1460,4312,-1,3682,3685,4313,-1,1464,1463,4314,-1,3684,3683,4315,-1,3637,3636,4316,-1,1550,1559,4317,-1,3686,3688,4318,-1,1557,1556,4202,-1,4202,1556,4319,-1,4202,4319,4136,-1,4245,4223,4320,-1,4320,4223,4137,-1,4290,4287,4321,-1,4321,4287,4134,-1,3692,3691,4322,-1,4322,3691,4288,-1,4322,4288,4289,-1,4289,4290,4322,-1,4322,4290,4321,-1,4322,4321,4323,-1,4323,3690,4322,-1,4322,3690,3689,-1,4322,3689,3692,-1,3688,3690,4318,-1,4318,3690,4323,-1,4318,4323,4324,-1,4324,4323,4321,-1,4324,4321,4325,-1,4325,4321,4134,-1,4325,4134,4133,-1,3636,3686,4316,-1,4316,3686,4318,-1,4316,4318,4326,-1,4326,4318,4324,-1,4326,4324,4327,-1,4327,4324,4325,-1,4327,4325,4320,-1,4320,4325,4133,-1,4320,4133,4245,-1,3683,3637,4315,-1,4315,3637,4316,-1,4315,4316,4328,-1,4328,4316,4326,-1,4328,4326,4329,-1,4329,4326,4327,-1,4329,4327,4330,-1,4330,4327,4320,-1,4330,4320,4319,-1,4319,4320,4137,-1,4319,4137,4136,-1,3685,3684,4313,-1,4313,3684,4315,-1,4313,4315,4331,-1,4331,4315,4328,-1,4331,4328,4332,-1,4332,4328,4329,-1,4332,4329,4333,-1,4333,4329,4330,-1,4333,4330,4334,-1,4334,4330,4319,-1,4334,4319,1554,-1,1554,4319,1556,-1,3639,3682,4311,-1,4311,3682,4313,-1,4311,4313,4335,-1,4335,4313,4331,-1,4335,4331,4336,-1,4336,4331,4332,-1,4336,4332,4337,-1,4337,4332,4333,-1,4337,4333,4338,-1,4338,4333,4334,-1,4338,4334,1552,-1,1552,4334,1554,-1,3677,3640,4310,-1,4310,3640,4311,-1,4310,4311,4339,-1,4339,4311,4335,-1,4339,4335,4340,-1,4340,4335,4336,-1,4340,4336,4341,-1,4341,4336,4337,-1,4341,4337,4342,-1,4342,4337,4338,-1,4342,4338,1551,-1,1551,4338,1552,-1,3679,3678,4308,-1,4308,3678,4310,-1,4308,4310,4343,-1,4343,4310,4339,-1,4343,4339,4344,-1,4344,4339,4340,-1,4344,4340,4345,-1,4345,4340,4341,-1,4345,4341,4317,-1,4317,4341,4342,-1,4317,4342,1550,-1,1550,4342,1551,-1,3642,3676,4307,-1,4307,3676,4308,-1,4307,4308,4346,-1,4346,4308,4343,-1,4346,4343,4347,-1,4347,4343,4344,-1,4347,4344,4348,-1,4348,4344,4345,-1,4348,4345,4349,-1,4349,4345,4317,-1,4349,4317,1558,-1,1558,4317,1559,-1,3672,3643,4350,-1,4350,3643,4307,-1,4350,4307,4351,-1,4351,4307,4346,-1,4351,4346,4352,-1,4352,4346,4347,-1,4352,4347,4353,-1,4353,4347,4348,-1,4353,4348,4314,-1,4314,4348,4349,-1,4314,4349,1464,-1,1464,4349,1558,-1,1463,1461,4314,-1,4314,1461,4312,-1,4314,4312,4353,-1,4353,4312,4354,-1,4353,4354,4352,-1,4352,4354,4355,-1,4352,4355,4351,-1,4351,4355,4356,-1,4351,4356,4350,-1,4350,4356,4357,-1,4350,4357,3672,-1,3671,3670,4357,-1,4357,3670,3673,-1,4357,3673,3672,-1,3669,3671,4358,-1,4358,3671,4357,-1,4358,4357,4359,-1,4359,4357,4356,-1,4359,4356,4360,-1,4360,4356,4355,-1,4360,4355,4361,-1,4361,4355,4354,-1,4361,4354,4362,-1,4362,4354,4312,-1,4362,4312,1560,-1,1560,4312,1460,-1,3668,3669,4304,-1,4304,3669,4358,-1,4304,4358,4363,-1,4363,4358,4359,-1,4363,4359,4364,-1,4364,4359,4360,-1,4364,4360,4365,-1,4365,4360,4361,-1,4365,4361,4309,-1,4309,4361,4362,-1,4309,4362,1458,-1,1458,4362,1560,-1,3664,3666,4366,-1,4366,3666,4304,-1,4366,4304,4367,-1,4367,4304,4363,-1,4367,4363,4368,-1,4368,4363,4364,-1,4368,4364,4369,-1,4369,4364,4365,-1,4369,4365,4370,-1,4370,4365,4309,-1,4370,4309,1561,-1,1561,4309,1457,-1,3660,3664,4303,-1,4303,3664,4366,-1,4303,4366,4371,-1,4371,4366,4367,-1,4371,4367,4372,-1,4372,4367,4368,-1,4372,4368,4373,-1,4373,4368,4369,-1,4373,4369,4374,-1,4374,4369,4370,-1,4374,4370,1565,-1,1565,4370,1561,-1,3663,3661,4375,-1,4375,3661,4303,-1,4375,4303,4376,-1,4376,4303,4371,-1,4376,4371,4377,-1,4377,4371,4372,-1,4377,4372,4378,-1,4378,4372,4373,-1,4378,4373,4306,-1,4306,4373,4374,-1,4306,4374,1563,-1,1563,4374,1565,-1,3645,3663,4301,-1,4301,3663,4375,-1,4301,4375,4379,-1,4379,4375,4376,-1,4379,4376,4380,-1,4380,4376,4377,-1,4380,4377,4381,-1,4381,4377,4378,-1,4381,4378,4382,-1,4382,4378,4306,-1,4382,4306,1570,-1,1570,4306,1562,-1,3847,3646,4300,-1,4300,3646,4301,-1,4300,4301,4383,-1,4383,4301,4379,-1,4383,4379,4384,-1,4384,4379,4380,-1,4384,4380,4385,-1,4385,4380,4381,-1,4385,4381,4305,-1,4305,4381,4382,-1,4305,4382,1569,-1,1569,4382,1570,-1,3648,3659,4298,-1,4298,3659,4300,-1,4298,4300,4386,-1,4386,4300,4383,-1,4386,4383,4387,-1,4387,4383,4384,-1,4387,4384,4388,-1,4388,4384,4385,-1,4388,4385,4389,-1,4389,4385,4305,-1,4389,4305,1566,-1,1566,4305,1567,-1,3656,3649,4390,-1,4390,3649,4298,-1,4390,4298,4391,-1,4391,4298,4386,-1,4391,4386,4392,-1,4392,4386,4387,-1,4392,4387,4393,-1,4393,4387,4388,-1,4393,4388,4394,-1,4394,4388,4389,-1,4394,4389,1574,-1,1574,4389,1566,-1,3657,3656,4297,-1,4297,3656,4390,-1,4297,4390,4395,-1,4395,4390,4391,-1,4395,4391,4396,-1,4396,4391,4392,-1,4396,4392,4397,-1,4397,4392,4393,-1,4397,4393,4302,-1,4302,4393,4394,-1,4302,4394,1572,-1,1572,4394,1574,-1,1571,1577,4302,-1,4302,1577,4398,-1,4302,4398,4397,-1,4397,4398,4399,-1,4397,4399,4396,-1,4396,4399,4400,-1,4396,4400,4395,-1,4395,4400,4401,-1,4395,4401,4297,-1,4297,4401,4402,-1,4297,4402,3653,-1,3652,3655,4402,-1,4402,3655,3654,-1,4402,3654,3653,-1,1582,1586,4403,-1,4403,1586,1585,-1,4403,1585,4404,-1,1583,1582,4405,-1,4405,1582,4403,-1,4405,4403,4406,-1,4406,4403,4404,-1,4406,4404,4407,-1,1578,1583,4408,-1,4408,1583,4405,-1,4408,4405,4409,-1,4409,4405,4406,-1,4409,4406,4410,-1,4410,4406,4407,-1,4410,4407,4411,-1,1579,1578,4299,-1,4299,1578,4408,-1,4299,4408,4412,-1,4412,4408,4409,-1,4412,4409,4413,-1,4413,4409,4410,-1,4413,4410,4414,-1,4414,4410,4411,-1,4414,4411,4415,-1,1576,1580,4416,-1,4416,1580,4299,-1,4416,4299,4417,-1,4417,4299,4412,-1,4417,4412,4418,-1,4418,4412,4413,-1,4418,4413,4419,-1,4419,4413,4414,-1,4419,4414,4420,-1,4420,4414,4415,-1,4420,4415,4421,-1,1577,1576,4398,-1,4398,1576,4416,-1,4398,4416,4399,-1,4399,4416,4417,-1,4399,4417,4400,-1,4400,4417,4418,-1,4400,4418,4401,-1,4401,4418,4419,-1,4401,4419,4402,-1,4402,4419,4420,-1,4402,4420,3652,-1,3652,4420,4421,-1,3652,4421,3526,-1,1585,1584,4404,-1,4404,1584,4422,-1,4404,4422,4407,-1,4407,4422,4411,-1,4411,4422,4423,-1,4411,4423,4415,-1,4415,4423,4421,-1,4421,4423,3527,-1,4421,3527,3526,-1,3529,3527,4292,-1,4292,3527,4423,-1,4292,4423,4293,-1,4293,4423,4422,-1,4293,4422,1443,-1,1443,4422,1584,-1,4424,322,2368,-1,3176,3177,4425,-1,4425,3177,4426,-1,4425,4426,4427,-1,4427,4426,4424,-1,2368,2418,4428,-1,4424,2368,4427,-1,4427,2368,4428,-1,4427,4428,4429,-1,4429,4430,4427,-1,4427,4430,4431,-1,4427,4431,4425,-1,4425,4431,4432,-1,4425,4432,4433,-1,4433,4434,4425,-1,4425,4434,4435,-1,4425,4435,3176,-1,3176,4435,4436,-1,3176,4436,3047,-1,4437,115,313,-1,4438,4437,4439,-1,3179,4440,3180,-1,3180,4440,3272,-1,3179,3181,4440,-1,4440,3181,3183,-1,4440,3183,3185,-1,3256,3188,4438,-1,4438,3188,3187,-1,4438,3187,3288,-1,4437,313,4439,-1,4439,313,4441,-1,4439,4441,4442,-1,4442,4443,4439,-1,4439,4443,4440,-1,4439,4440,4438,-1,4438,4440,3185,-1,4438,3185,3256,-1,3175,3173,4443,-1,4443,3173,3172,-1,4443,3172,4440,-1,4440,3172,3280,-1,4440,3280,3272,-1,3177,3175,4426,-1,4426,3175,4443,-1,4426,4443,4424,-1,4424,4443,4442,-1,4424,4442,322,-1,322,4442,4441,-1,2998,2997,4444,-1,3000,3002,4445,-1,3003,3004,4446,-1,3011,3010,4447,-1,2364,2363,4448,-1,3012,3014,4449,-1,2896,2895,4450,-1,3019,3017,4451,-1,3016,3024,4452,-1,2500,2440,4453,-1,3022,3029,4454,-1,3028,3026,4455,-1,3037,3036,4456,-1,2434,2433,4457,-1,2892,3041,4458,-1,2423,2430,4459,-1,3039,3038,4460,-1,2890,2889,4461,-1,2420,2427,4462,-1,2415,2414,4463,-1,4464,3045,3047,-1,4434,4433,4465,-1,4466,4428,2417,-1,2417,4428,2418,-1,4467,4431,4430,-1,4434,4465,4435,-1,4436,4435,4468,-1,4468,4435,4465,-1,4468,4465,4469,-1,3047,4436,4464,-1,4464,4436,4468,-1,4464,4468,4470,-1,4470,4468,4469,-1,4470,4469,4471,-1,2887,2886,4471,-1,4471,2886,2884,-1,4471,2884,4470,-1,4470,2884,2883,-1,4470,2883,4464,-1,4464,2883,3043,-1,4464,3043,3045,-1,3042,2887,4472,-1,4472,2887,4471,-1,4472,4471,4473,-1,4473,4471,4469,-1,4473,4469,4474,-1,4474,4469,4465,-1,4474,4465,4475,-1,4475,4465,4433,-1,4475,4433,4432,-1,2889,3042,4461,-1,4461,3042,4472,-1,4461,4472,4476,-1,4476,4472,4473,-1,4476,4473,4477,-1,4477,4473,4474,-1,4477,4474,4478,-1,4478,4474,4475,-1,4478,4475,4467,-1,4467,4475,4432,-1,4467,4432,4431,-1,3038,2890,4460,-1,4460,2890,4461,-1,4460,4461,4479,-1,4479,4461,4476,-1,4479,4476,4480,-1,4480,4476,4477,-1,4480,4477,4481,-1,4481,4477,4478,-1,4481,4478,4482,-1,4482,4478,4467,-1,4482,4467,4483,-1,4483,4467,4430,-1,4483,4430,4429,-1,3041,3039,4458,-1,4458,3039,4460,-1,4458,4460,4484,-1,4484,4460,4479,-1,4484,4479,4485,-1,4485,4479,4480,-1,4485,4480,4486,-1,4486,4480,4481,-1,4486,4481,4487,-1,4487,4481,4482,-1,4487,4482,4488,-1,4488,4482,4483,-1,4488,4483,4466,-1,4466,4483,4429,-1,4466,4429,4428,-1,3035,2892,4489,-1,4489,2892,4458,-1,4489,4458,4490,-1,4490,4458,4484,-1,4490,4484,4491,-1,4491,4484,4485,-1,4491,4485,4492,-1,4492,4485,4486,-1,4492,4486,4493,-1,4493,4486,4487,-1,4493,4487,4494,-1,4494,4487,4488,-1,4494,4488,4463,-1,4463,4488,4466,-1,4463,4466,2415,-1,2415,4466,2417,-1,3036,3035,4456,-1,4456,3035,4489,-1,4456,4489,4495,-1,4495,4489,4490,-1,4495,4490,4496,-1,4496,4490,4491,-1,4496,4491,4497,-1,4497,4491,4492,-1,4497,4492,4498,-1,4498,4492,4493,-1,4498,4493,4499,-1,4499,4493,4494,-1,4499,4494,4500,-1,4500,4494,4463,-1,4500,4463,2422,-1,2422,4463,2414,-1,3030,3037,4501,-1,4501,3037,4456,-1,4501,4456,4502,-1,4502,4456,4495,-1,4502,4495,4503,-1,4503,4495,4496,-1,4503,4496,4504,-1,4504,4496,4497,-1,4504,4497,4505,-1,4505,4497,4498,-1,4505,4498,4506,-1,4506,4498,4499,-1,4506,4499,4507,-1,4507,4499,4500,-1,4507,4500,2421,-1,2421,4500,2422,-1,2421,2420,4507,-1,4507,2420,4462,-1,4507,4462,4506,-1,4506,4462,4508,-1,4506,4508,4505,-1,4505,4508,4509,-1,4505,4509,4504,-1,4504,4509,4510,-1,4504,4510,4503,-1,4503,4510,4511,-1,4503,4511,4502,-1,4502,4511,4512,-1,4502,4512,4501,-1,4501,4512,4513,-1,4501,4513,3030,-1,3025,3033,4513,-1,4513,3033,3031,-1,4513,3031,3030,-1,3026,3025,4455,-1,4455,3025,4513,-1,4455,4513,4514,-1,4514,4513,4512,-1,4514,4512,4515,-1,4515,4512,4511,-1,4515,4511,4516,-1,4516,4511,4510,-1,4516,4510,4517,-1,4517,4510,4509,-1,4517,4509,4518,-1,4518,4509,4508,-1,4518,4508,4519,-1,4519,4508,4462,-1,4519,4462,2426,-1,2426,4462,2427,-1,3029,3028,4454,-1,4454,3028,4455,-1,4454,4455,4520,-1,4520,4455,4514,-1,4520,4514,4521,-1,4521,4514,4515,-1,4521,4515,4522,-1,4522,4515,4516,-1,4522,4516,4523,-1,4523,4516,4517,-1,4523,4517,4524,-1,4524,4517,4518,-1,4524,4518,4525,-1,4525,4518,4519,-1,4525,4519,2424,-1,2424,4519,2426,-1,2366,2365,4526,-1,2366,4526,2435,-1,3024,3022,4452,-1,4452,3022,4454,-1,4452,4454,4527,-1,4527,4454,4520,-1,4527,4520,4528,-1,4528,4520,4521,-1,4528,4521,4529,-1,4529,4521,4522,-1,4529,4522,4530,-1,4530,4522,4523,-1,4530,4523,4531,-1,4531,4523,4524,-1,4531,4524,4459,-1,4459,4524,4525,-1,4459,4525,2423,-1,2423,4525,2424,-1,3017,3016,4451,-1,4451,3016,4452,-1,4451,4452,4532,-1,4532,4452,4527,-1,4532,4527,4533,-1,4533,4527,4528,-1,4533,4528,4534,-1,4534,4528,4529,-1,4534,4529,4535,-1,4535,4529,4530,-1,4535,4530,4536,-1,4536,4530,4531,-1,4536,4531,4537,-1,4537,4531,4459,-1,4537,4459,2429,-1,2429,4459,2430,-1,2895,3019,4450,-1,4450,3019,4451,-1,4450,4451,4538,-1,4538,4451,4532,-1,4538,4532,4539,-1,4539,4532,4533,-1,4539,4533,4540,-1,4540,4533,4534,-1,4540,4534,4541,-1,4541,4534,4535,-1,4541,4535,4542,-1,4542,4535,4536,-1,4542,4536,4457,-1,4457,4536,4537,-1,4457,4537,2434,-1,2434,4537,2429,-1,3015,2896,4543,-1,4543,2896,4450,-1,4543,4450,4544,-1,4544,4450,4538,-1,4544,4538,4545,-1,4545,4538,4539,-1,4545,4539,4546,-1,4546,4539,4540,-1,4546,4540,4547,-1,4547,4540,4541,-1,4547,4541,4548,-1,4548,4541,4542,-1,4548,4542,4549,-1,4549,4542,4457,-1,4549,4457,2432,-1,2432,4457,2433,-1,3014,3015,4449,-1,4449,3015,4543,-1,4449,4543,4550,-1,4550,4543,4544,-1,4550,4544,4551,-1,4551,4544,4545,-1,4551,4545,4552,-1,4552,4545,4546,-1,4552,4546,4553,-1,4553,4546,4547,-1,4553,4547,4554,-1,4554,4547,4548,-1,4554,4548,4555,-1,4555,4548,4549,-1,4555,4549,2431,-1,2431,4549,2432,-1,4556,3008,3007,-1,3007,3012,4556,-1,4556,3012,4449,-1,4556,4449,4557,-1,4557,4449,4550,-1,4557,4550,4558,-1,4558,4550,4551,-1,4558,4551,4559,-1,4559,4551,4552,-1,4559,4552,4560,-1,4560,4552,4553,-1,4560,4553,4561,-1,4561,4553,4554,-1,4561,4554,4562,-1,4562,4554,4555,-1,3010,3008,4447,-1,4447,3008,4556,-1,4447,4556,4563,-1,4563,4556,4557,-1,4563,4557,4564,-1,4564,4557,4558,-1,4564,4558,4565,-1,4565,4558,4559,-1,4565,4559,4566,-1,4566,4559,4560,-1,4566,4560,4567,-1,4567,4560,4561,-1,4567,4561,4526,-1,4526,4561,4562,-1,4526,4562,2435,-1,2435,4562,4555,-1,2435,4555,2436,-1,2436,4555,2431,-1,3006,3011,4568,-1,4568,3011,4447,-1,4568,4447,4569,-1,4569,4447,4563,-1,4569,4563,4570,-1,4570,4563,4564,-1,4570,4564,4571,-1,4571,4564,4565,-1,4571,4565,4572,-1,4572,4565,4566,-1,4572,4566,4573,-1,4573,4566,4567,-1,4573,4567,4453,-1,4453,4567,4526,-1,4453,4526,2500,-1,2500,4526,2365,-1,3004,3006,4446,-1,4446,3006,4568,-1,4446,4568,4574,-1,4574,4568,4569,-1,4574,4569,4575,-1,4575,4569,4570,-1,4575,4570,4576,-1,4576,4570,4571,-1,4576,4571,4577,-1,4577,4571,4572,-1,4577,4572,4578,-1,4578,4572,4573,-1,4578,4573,4579,-1,4579,4573,4453,-1,4579,4453,2438,-1,2438,4453,2440,-1,3002,3003,4445,-1,4445,3003,4446,-1,4445,4446,4580,-1,4580,4446,4574,-1,4580,4574,4581,-1,4581,4574,4575,-1,4581,4575,4582,-1,4582,4575,4576,-1,4582,4576,4583,-1,4583,4576,4577,-1,4583,4577,4584,-1,4584,4577,4578,-1,4584,4578,4585,-1,4585,4578,4579,-1,4585,4579,2437,-1,2437,4579,2438,-1,2996,3000,4586,-1,4586,3000,4445,-1,4586,4445,4587,-1,4587,4445,4580,-1,4587,4580,4588,-1,4588,4580,4581,-1,4588,4581,4589,-1,4589,4581,4582,-1,4589,4582,4590,-1,4590,4582,4583,-1,4590,4583,4591,-1,4591,4583,4584,-1,4591,4584,4592,-1,4592,4584,4585,-1,4592,4585,2444,-1,2444,4585,2437,-1,2446,2445,4593,-1,4593,2445,4594,-1,4593,4594,4595,-1,2447,2446,4596,-1,4596,2446,4593,-1,4596,4593,4597,-1,4597,4593,4595,-1,4597,4595,4598,-1,2448,2447,4599,-1,4599,2447,4596,-1,4599,4596,4600,-1,4600,4596,4597,-1,4600,4597,4601,-1,4601,4597,4598,-1,4601,4598,4602,-1,2363,2448,4448,-1,4448,2448,4599,-1,4448,4599,4603,-1,4603,4599,4600,-1,4603,4600,4604,-1,4604,4600,4601,-1,4604,4601,4605,-1,4605,4601,4602,-1,4605,4602,4606,-1,2441,2364,4607,-1,4607,2364,4448,-1,4607,4448,4608,-1,4608,4448,4603,-1,4608,4603,4609,-1,4609,4603,4604,-1,4609,4604,4610,-1,4610,4604,4605,-1,4610,4605,4611,-1,4611,4605,4606,-1,4611,4606,4612,-1,2442,2441,4613,-1,4613,2441,4607,-1,4613,4607,4614,-1,4614,4607,4608,-1,4614,4608,4615,-1,4615,4608,4609,-1,4615,4609,4616,-1,4616,4609,4610,-1,4616,4610,4617,-1,4617,4610,4611,-1,4617,4611,4618,-1,4618,4611,4612,-1,4618,4612,4444,-1,2997,2996,4444,-1,4444,2996,4586,-1,4444,4586,4618,-1,4618,4586,4587,-1,4618,4587,4617,-1,4617,4587,4588,-1,4617,4588,4616,-1,4616,4588,4589,-1,4616,4589,4615,-1,4615,4589,4590,-1,4615,4590,4614,-1,4614,4590,4591,-1,4614,4591,4613,-1,4613,4591,4592,-1,4613,4592,2442,-1,2442,4592,2444,-1,2999,2998,4619,-1,4619,2998,4444,-1,4619,4444,4620,-1,4620,4444,4612,-1,4620,4612,4621,-1,4621,4612,4606,-1,4621,4606,4622,-1,4622,4606,4602,-1,4622,4602,4623,-1,4623,4602,4598,-1,4623,4598,4624,-1,4624,4598,4595,-1,4624,4595,4625,-1,4625,4595,4594,-1,4625,4594,1473,-1,1473,4594,2445,-1,4626,389,4627,-1,4628,4626,4629,-1,3264,4630,3351,-1,3351,4630,4631,-1,3351,4631,3352,-1,3352,4631,3350,-1,3350,4631,4632,-1,3350,4632,3290,-1,3290,4632,3291,-1,3291,4632,4633,-1,3291,4633,3343,-1,3343,4633,3344,-1,3344,4633,4634,-1,3344,4634,3346,-1,3346,4634,4635,-1,3346,4635,3347,-1,3347,4635,4636,-1,3347,4636,3348,-1,3348,4636,3349,-1,3349,4636,4637,-1,3349,4637,3293,-1,3293,4637,3294,-1,3294,4637,4638,-1,3294,4638,3340,-1,3340,4638,4639,-1,3340,4639,3341,-1,3341,4639,3342,-1,3342,4639,4640,-1,3342,4640,3333,-1,3333,4640,4641,-1,3333,4641,3334,-1,3334,4641,4642,-1,3334,4642,3336,-1,3336,4642,3337,-1,3337,4642,4643,-1,3337,4643,3338,-1,3338,4643,4644,-1,3338,4644,3330,-1,3330,4644,4645,-1,3330,4645,3331,-1,3331,4645,4646,-1,3331,4646,3332,-1,3332,4646,4647,-1,3332,4647,3325,-1,3325,4647,4648,-1,3325,4648,3326,-1,3326,4648,4649,-1,3326,4649,3328,-1,3328,4649,3329,-1,3329,4649,4650,-1,3329,4650,3322,-1,3322,4650,4651,-1,3322,4651,3323,-1,3323,4651,4652,-1,3323,4652,3324,-1,3324,4652,4653,-1,3324,4653,3319,-1,3319,4653,4654,-1,3319,4654,3320,-1,3320,4654,3316,-1,3316,4654,4655,-1,3316,4655,3317,-1,3317,4655,4656,-1,3317,4656,3318,-1,3318,4656,3310,-1,3310,4656,4657,-1,3310,4657,3311,-1,3311,4657,4658,-1,3311,4658,3312,-1,3312,4658,3314,-1,3314,4658,4659,-1,3314,4659,3315,-1,3315,4659,3306,-1,3306,4659,4660,-1,3306,4660,3296,-1,3296,4660,3297,-1,3297,4660,4661,-1,3297,4661,3355,-1,4626,4627,4629,-1,4629,4627,4662,-1,4629,4662,4663,-1,4663,4662,4664,-1,4663,4664,4665,-1,4665,4664,4666,-1,4665,4666,4667,-1,4667,4666,405,-1,4667,405,4668,-1,4668,405,4669,-1,4668,4669,4670,-1,4670,4669,4671,-1,4670,4671,4672,-1,4672,4671,4673,-1,4672,4673,4674,-1,4674,4673,414,-1,4674,414,4675,-1,4675,414,4676,-1,4675,4676,4677,-1,4677,4676,4678,-1,4677,4678,4679,-1,4679,4678,411,-1,4679,411,4680,-1,4680,411,4681,-1,4680,4681,4682,-1,4682,4681,4683,-1,4682,4683,4684,-1,4684,4683,108,-1,4684,108,4685,-1,4685,108,4686,-1,4685,4686,4687,-1,4687,4686,4688,-1,4687,4688,4689,-1,4689,4688,93,-1,4689,93,4690,-1,4690,93,4691,-1,4690,4691,4692,-1,4692,4691,4693,-1,4692,4693,4694,-1,4694,4693,99,-1,4694,99,4695,-1,4695,99,4696,-1,4695,4696,4697,-1,4697,4696,4698,-1,4697,4698,4699,-1,4699,4698,101,-1,4699,101,4700,-1,4700,101,4701,-1,4700,4701,4702,-1,4702,4701,4703,-1,4702,4703,4704,-1,4704,4703,4705,-1,4704,4705,4706,-1,4706,4705,88,-1,4706,88,4707,-1,4707,88,4708,-1,4707,4708,4709,-1,4709,4708,4710,-1,4709,4710,4711,-1,4711,4710,114,-1,4711,114,4712,-1,4712,114,4713,-1,4712,4713,4714,-1,4714,4713,4715,-1,4714,4715,4716,-1,4716,4715,4717,-1,4716,4717,4718,-1,4718,4719,4716,-1,4716,4719,4720,-1,4716,4720,4714,-1,4714,4720,4661,-1,4714,4661,4712,-1,4712,4661,4660,-1,4712,4660,4711,-1,4711,4660,4659,-1,4711,4659,4709,-1,4709,4659,4658,-1,4709,4658,4707,-1,4707,4658,4657,-1,4707,4657,4706,-1,4706,4657,4656,-1,4706,4656,4704,-1,4704,4656,4655,-1,4704,4655,4702,-1,4702,4655,4654,-1,4702,4654,4700,-1,4700,4654,4653,-1,4700,4653,4699,-1,4699,4653,4652,-1,4699,4652,4697,-1,4697,4652,4651,-1,4697,4651,4695,-1,4695,4651,4650,-1,4695,4650,4694,-1,4694,4650,4649,-1,4694,4649,4692,-1,4692,4649,4648,-1,4692,4648,4690,-1,4690,4648,4647,-1,4690,4647,4689,-1,4689,4647,4646,-1,4689,4646,4687,-1,4687,4646,4645,-1,4687,4645,4685,-1,4685,4645,4644,-1,4685,4644,4684,-1,4684,4644,4643,-1,4684,4643,4682,-1,4682,4643,4642,-1,4682,4642,4680,-1,4680,4642,4641,-1,4680,4641,4679,-1,4679,4641,4640,-1,4679,4640,4677,-1,4677,4640,4639,-1,4677,4639,4675,-1,4675,4639,4638,-1,4675,4638,4674,-1,4674,4638,4637,-1,4674,4637,4672,-1,4672,4637,4636,-1,4672,4636,4670,-1,4670,4636,4635,-1,4670,4635,4668,-1,4668,4635,4634,-1,4668,4634,4667,-1,4667,4634,4633,-1,4667,4633,4665,-1,4665,4633,4632,-1,4665,4632,4663,-1,4663,4632,4631,-1,4663,4631,4629,-1,4629,4631,4630,-1,4629,4630,4628,-1,4628,4630,3264,-1,3302,3304,4719,-1,4719,3304,3305,-1,4719,3305,4720,-1,4720,3305,3300,-1,4720,3300,4661,-1,4661,3300,3299,-1,4661,3299,3355,-1,3288,3302,4438,-1,4438,3302,4719,-1,4438,4719,4437,-1,4437,4719,4718,-1,4437,4718,115,-1,115,4718,4717,-1,4721,4722,4723,-1,4724,4725,4726,-1,4625,1473,1472,-1,4624,4625,4727,-1,2994,2899,4728,-1,4728,2899,2898,-1,4728,2898,2999,-1,4728,4729,2994,-1,2994,4729,4730,-1,2994,4730,2995,-1,2995,4730,4731,-1,4625,1472,4727,-1,4727,1472,1522,-1,4727,1522,4732,-1,4732,1522,1524,-1,4732,1524,4733,-1,4733,1524,1525,-1,4733,1525,4734,-1,4734,1525,1530,-1,4734,1530,4735,-1,4735,1530,1529,-1,4735,1529,4736,-1,4737,2991,4738,-1,4738,2991,2990,-1,4738,2990,4739,-1,4739,2990,2992,-1,4739,2992,4731,-1,4731,2992,2993,-1,4731,2993,2995,-1,1529,1527,4736,-1,4736,1527,1526,-1,4736,1526,4740,-1,4740,1526,1536,-1,4740,1536,4741,-1,2985,2903,4737,-1,2903,2901,4737,-1,4737,2901,2900,-1,4737,2900,2991,-1,4737,4742,2985,-1,2985,4742,4743,-1,2985,4743,2986,-1,2986,4743,4744,-1,1536,1535,4741,-1,4741,1535,1534,-1,4741,1534,4745,-1,4745,1534,1532,-1,4745,1532,4746,-1,4746,1532,1531,-1,4746,1531,4747,-1,4747,1531,1470,-1,4747,1470,4748,-1,4749,2983,4750,-1,4750,2983,2989,-1,4750,2989,4751,-1,4751,2989,2988,-1,4751,2988,4744,-1,4744,2988,2987,-1,4744,2987,2986,-1,4752,2978,4753,-1,4753,2978,2980,-1,4753,2980,4749,-1,4749,2980,2982,-1,4749,2982,2983,-1,4754,2905,4752,-1,4752,2905,2904,-1,4752,2904,2978,-1,1470,1469,4748,-1,4748,1469,1541,-1,4748,1541,4755,-1,4755,1541,1540,-1,4755,1540,4756,-1,4756,1540,1539,-1,4756,1539,4757,-1,4757,1539,1537,-1,4757,1537,4758,-1,4758,1537,1467,-1,4758,1467,4759,-1,1467,1466,4759,-1,4759,1466,1549,-1,4759,1549,4760,-1,4761,4762,4763,-1,4763,4762,4764,-1,4763,4764,4765,-1,4765,4764,4766,-1,4765,4766,4767,-1,4767,4766,4768,-1,4767,4768,4769,-1,4769,4768,4770,-1,4769,4770,4771,-1,4771,4770,4754,-1,4771,4754,4772,-1,4772,4754,4752,-1,4772,4752,4773,-1,4773,4752,4753,-1,4773,4753,4774,-1,4774,4753,4749,-1,4774,4749,4775,-1,4775,4749,4750,-1,4775,4750,4776,-1,4776,4750,4751,-1,4776,4751,4777,-1,4777,4751,4744,-1,4777,4744,4778,-1,4778,4744,4743,-1,4778,4743,4779,-1,4779,4743,4742,-1,4779,4742,4780,-1,4780,4742,4737,-1,4780,4737,4781,-1,4781,4737,4738,-1,4781,4738,4782,-1,4782,4738,4739,-1,4782,4739,4783,-1,4783,4739,4731,-1,4783,4731,4784,-1,4784,4731,4730,-1,4784,4730,4785,-1,4785,4730,4729,-1,4785,4729,4786,-1,4786,4729,4728,-1,4786,4728,4619,-1,4619,4728,2999,-1,4762,2970,4764,-1,4764,2970,2972,-1,4764,2972,4766,-1,4766,2972,2974,-1,4766,2974,4768,-1,4768,2974,2977,-1,4768,2977,4770,-1,4770,2977,2976,-1,4770,2976,4754,-1,4754,2976,2975,-1,4754,2975,2905,-1,1549,1548,4760,-1,4760,1548,1547,-1,4760,1547,4787,-1,4787,1547,1546,-1,4787,1546,4788,-1,4788,1546,1545,-1,4788,1545,4789,-1,4789,1545,1543,-1,4789,1543,4790,-1,4790,4724,4789,-1,4789,4724,4726,-1,4789,4726,4788,-1,4788,4726,4791,-1,4788,4791,4787,-1,4787,4791,4792,-1,4787,4792,4760,-1,4760,4792,4793,-1,4760,4793,4759,-1,4759,4793,4794,-1,4759,4794,4758,-1,4758,4794,4795,-1,4758,4795,4757,-1,4757,4795,4796,-1,4757,4796,4756,-1,4756,4796,4797,-1,4756,4797,4755,-1,4755,4797,4798,-1,4755,4798,4748,-1,4748,4798,4799,-1,4748,4799,4747,-1,4747,4799,4800,-1,4747,4800,4746,-1,4746,4800,4801,-1,4746,4801,4745,-1,4745,4801,4802,-1,4745,4802,4741,-1,4741,4802,4803,-1,4741,4803,4740,-1,4740,4803,4804,-1,4740,4804,4736,-1,4736,4804,4805,-1,4736,4805,4735,-1,4735,4805,4806,-1,4735,4806,4734,-1,4734,4806,4807,-1,4734,4807,4733,-1,4733,4807,4808,-1,4733,4808,4732,-1,4732,4808,4809,-1,4732,4809,4727,-1,4727,4809,4810,-1,4727,4810,4624,-1,4624,4810,4623,-1,4725,4811,4726,-1,4726,4811,4812,-1,4726,4812,4791,-1,4791,4812,4813,-1,4791,4813,4792,-1,4792,4813,4814,-1,4792,4814,4793,-1,4793,4814,4815,-1,4793,4815,4794,-1,4794,4815,4816,-1,4794,4816,4795,-1,4795,4816,4817,-1,4795,4817,4796,-1,4796,4817,4818,-1,4796,4818,4797,-1,4797,4818,4819,-1,4797,4819,4798,-1,4798,4819,4820,-1,4798,4820,4799,-1,4799,4820,4821,-1,4799,4821,4800,-1,4800,4821,4822,-1,4800,4822,4801,-1,4801,4822,4823,-1,4801,4823,4802,-1,4802,4823,4824,-1,4802,4824,4803,-1,4803,4824,4825,-1,4803,4825,4804,-1,4804,4825,4826,-1,4804,4826,4805,-1,4805,4826,4827,-1,4805,4827,4806,-1,4806,4827,4828,-1,4806,4828,4807,-1,4807,4828,4829,-1,4807,4829,4808,-1,4808,4829,4830,-1,4808,4830,4809,-1,4809,4830,4831,-1,4809,4831,4810,-1,4810,4831,4832,-1,4810,4832,4623,-1,4623,4832,4622,-1,4811,4833,4812,-1,4812,4833,4834,-1,4812,4834,4813,-1,4813,4834,4835,-1,4813,4835,4814,-1,4814,4835,4836,-1,4814,4836,4815,-1,4815,4836,4837,-1,4815,4837,4816,-1,4816,4837,4838,-1,4816,4838,4817,-1,4817,4838,4839,-1,4817,4839,4818,-1,4818,4839,4840,-1,4818,4840,4819,-1,4819,4840,4841,-1,4819,4841,4820,-1,4820,4841,4842,-1,4820,4842,4821,-1,4821,4842,4843,-1,4821,4843,4822,-1,4822,4843,4844,-1,4822,4844,4823,-1,4823,4844,4845,-1,4823,4845,4824,-1,4824,4845,4846,-1,4824,4846,4825,-1,4825,4846,4847,-1,4825,4847,4826,-1,4826,4847,4848,-1,4826,4848,4827,-1,4827,4848,4849,-1,4827,4849,4828,-1,4828,4849,4850,-1,4828,4850,4829,-1,4829,4850,4851,-1,4829,4851,4830,-1,4830,4851,4852,-1,4830,4852,4831,-1,4831,4852,4853,-1,4831,4853,4832,-1,4832,4853,4854,-1,4832,4854,4622,-1,4622,4854,4621,-1,4833,4721,4834,-1,4834,4721,4723,-1,4834,4723,4835,-1,4835,4723,4855,-1,4835,4855,4836,-1,4836,4855,4856,-1,4836,4856,4837,-1,4837,4856,4857,-1,4837,4857,4838,-1,4838,4857,4858,-1,4838,4858,4839,-1,4839,4858,4859,-1,4839,4859,4840,-1,4840,4859,4860,-1,4840,4860,4841,-1,4841,4860,4861,-1,4841,4861,4842,-1,4842,4861,4862,-1,4842,4862,4843,-1,4843,4862,4863,-1,4843,4863,4844,-1,4844,4863,4864,-1,4844,4864,4845,-1,4845,4864,4865,-1,4845,4865,4846,-1,4846,4865,4866,-1,4846,4866,4847,-1,4847,4866,4867,-1,4847,4867,4848,-1,4848,4867,4868,-1,4848,4868,4849,-1,4849,4868,4869,-1,4849,4869,4850,-1,4850,4869,4870,-1,4850,4870,4851,-1,4851,4870,4871,-1,4851,4871,4852,-1,4852,4871,4872,-1,4852,4872,4853,-1,4853,4872,4873,-1,4853,4873,4854,-1,4854,4873,4874,-1,4854,4874,4621,-1,4621,4874,4620,-1,4722,4875,4723,-1,4723,4875,4761,-1,4723,4761,4855,-1,4855,4761,4763,-1,4855,4763,4856,-1,4856,4763,4765,-1,4856,4765,4857,-1,4857,4765,4767,-1,4857,4767,4858,-1,4858,4767,4769,-1,4858,4769,4859,-1,4859,4769,4771,-1,4859,4771,4860,-1,4860,4771,4772,-1,4860,4772,4861,-1,4861,4772,4773,-1,4861,4773,4862,-1,4862,4773,4774,-1,4862,4774,4863,-1,4863,4774,4775,-1,4863,4775,4864,-1,4864,4775,4776,-1,4864,4776,4865,-1,4865,4776,4777,-1,4865,4777,4866,-1,4866,4777,4778,-1,4866,4778,4867,-1,4867,4778,4779,-1,4867,4779,4868,-1,4868,4779,4780,-1,4868,4780,4869,-1,4869,4780,4781,-1,4869,4781,4870,-1,4870,4781,4782,-1,4870,4782,4871,-1,4871,4782,4783,-1,4871,4783,4872,-1,4872,4783,4784,-1,4872,4784,4873,-1,4873,4784,4785,-1,4873,4785,4874,-1,4874,4785,4786,-1,4874,4786,4620,-1,4620,4786,4619,-1,2908,2907,4762,-1,4762,2907,3123,-1,4762,3123,2970,-1,2968,2908,4876,-1,4876,2908,4762,-1,4876,4762,4877,-1,4877,4762,4761,-1,4877,4761,4878,-1,4878,4761,4875,-1,4626,4628,4879,-1,4880,4881,4882,-1,3206,4883,3199,-1,3199,4883,3200,-1,4879,3194,3196,-1,4879,3196,4883,-1,4883,3196,3201,-1,4883,3201,3200,-1,389,4884,4885,-1,4885,4884,4882,-1,4885,4882,376,-1,376,4882,4881,-1,376,4881,378,-1,389,4626,4884,-1,4884,4626,4879,-1,4884,4879,4882,-1,4882,4879,4883,-1,4882,4883,4880,-1,4880,4883,3206,-1,4880,3206,3205,-1,4628,3264,3265,-1,3265,3266,4628,-1,4628,3266,3267,-1,4628,3267,4879,-1,4879,3267,3192,-1,4879,3192,3190,-1,3190,3189,4879,-1,4879,3189,3195,-1,4879,3195,3194,-1,2930,2934,4886,-1,2923,2922,4887,-1,2407,2411,4888,-1,2936,3144,4889,-1,2920,2919,4890,-1,2374,2373,4891,-1,2938,2937,4892,-1,2943,2945,4893,-1,2404,2403,4894,-1,2377,2376,4895,-1,2917,2916,4896,-1,2953,2956,4897,-1,2394,2396,4898,-1,2955,2954,4899,-1,2914,2913,4900,-1,2390,2392,4901,-1,2959,2962,4902,-1,2383,2388,4903,-1,2961,2960,4904,-1,2911,2910,4905,-1,2387,2386,4906,-1,2963,2965,4907,-1,1543,2382,4790,-1,4790,2382,4908,-1,4790,4908,4724,-1,4833,4811,4909,-1,4909,4811,4725,-1,4878,4875,4910,-1,4910,4875,4722,-1,2969,2968,4911,-1,4911,2968,4876,-1,4911,4876,4877,-1,4877,4878,4911,-1,4911,4878,4910,-1,4911,4910,4912,-1,4912,2967,4911,-1,4911,2967,2966,-1,4911,2966,2969,-1,2965,2967,4907,-1,4907,2967,4912,-1,4907,4912,4913,-1,4913,4912,4910,-1,4913,4910,4914,-1,4914,4910,4722,-1,4914,4722,4721,-1,2910,2963,4905,-1,4905,2963,4907,-1,4905,4907,4915,-1,4915,4907,4913,-1,4915,4913,4916,-1,4916,4913,4914,-1,4916,4914,4909,-1,4909,4914,4721,-1,4909,4721,4833,-1,2960,2911,4904,-1,4904,2911,4905,-1,4904,4905,4917,-1,4917,4905,4915,-1,4917,4915,4918,-1,4918,4915,4916,-1,4918,4916,4919,-1,4919,4916,4909,-1,4919,4909,4908,-1,4908,4909,4725,-1,4908,4725,4724,-1,2962,2961,4902,-1,4902,2961,4904,-1,4902,4904,4920,-1,4920,4904,4917,-1,4920,4917,4921,-1,4921,4917,4918,-1,4921,4918,4922,-1,4922,4918,4919,-1,4922,4919,4923,-1,4923,4919,4908,-1,4923,4908,2381,-1,2381,4908,2382,-1,2913,2959,4900,-1,4900,2959,4902,-1,4900,4902,4924,-1,4924,4902,4920,-1,4924,4920,4925,-1,4925,4920,4921,-1,4925,4921,4926,-1,4926,4921,4922,-1,4926,4922,4927,-1,4927,4922,4923,-1,4927,4923,2380,-1,2380,4923,2381,-1,2954,2914,4899,-1,4899,2914,4900,-1,4899,4900,4928,-1,4928,4900,4924,-1,4928,4924,4929,-1,4929,4924,4925,-1,4929,4925,4930,-1,4930,4925,4926,-1,4930,4926,4931,-1,4931,4926,4927,-1,4931,4927,2379,-1,2379,4927,2380,-1,2956,2955,4897,-1,4897,2955,4899,-1,4897,4899,4932,-1,4932,4899,4928,-1,4932,4928,4933,-1,4933,4928,4929,-1,4933,4929,4934,-1,4934,4929,4930,-1,4934,4930,4906,-1,4906,4930,4931,-1,4906,4931,2387,-1,2387,4931,2379,-1,2916,2953,4896,-1,4896,2953,4897,-1,4896,4897,4935,-1,4935,4897,4932,-1,4935,4932,4936,-1,4936,4932,4933,-1,4936,4933,4937,-1,4937,4933,4934,-1,4937,4934,4938,-1,4938,4934,4906,-1,4938,4906,2384,-1,2384,4906,2386,-1,2949,2917,4939,-1,4939,2917,4896,-1,4939,4896,4940,-1,4940,4896,4935,-1,4940,4935,4941,-1,4941,4935,4936,-1,4941,4936,4942,-1,4942,4936,4937,-1,4942,4937,4903,-1,4903,4937,4938,-1,4903,4938,2383,-1,2383,4938,2384,-1,2388,2390,4903,-1,4903,2390,4901,-1,4903,4901,4942,-1,4942,4901,4943,-1,4942,4943,4941,-1,4941,4943,4944,-1,4941,4944,4940,-1,4940,4944,4945,-1,4940,4945,4939,-1,4939,4945,4946,-1,4939,4946,2949,-1,2948,2947,4946,-1,4946,2947,2950,-1,4946,2950,2949,-1,2946,2948,4947,-1,4947,2948,4946,-1,4947,4946,4948,-1,4948,4946,4945,-1,4948,4945,4949,-1,4949,4945,4944,-1,4949,4944,4950,-1,4950,4944,4943,-1,4950,4943,4951,-1,4951,4943,4901,-1,4951,4901,2391,-1,2391,4901,2392,-1,2945,2946,4893,-1,4893,2946,4947,-1,4893,4947,4952,-1,4952,4947,4948,-1,4952,4948,4953,-1,4953,4948,4949,-1,4953,4949,4954,-1,4954,4949,4950,-1,4954,4950,4898,-1,4898,4950,4951,-1,4898,4951,2394,-1,2394,4951,2391,-1,2941,2943,4955,-1,4955,2943,4893,-1,4955,4893,4956,-1,4956,4893,4952,-1,4956,4952,4957,-1,4957,4952,4953,-1,4957,4953,4958,-1,4958,4953,4954,-1,4958,4954,4959,-1,4959,4954,4898,-1,4959,4898,2395,-1,2395,4898,2396,-1,2937,2941,4892,-1,4892,2941,4955,-1,4892,4955,4960,-1,4960,4955,4956,-1,4960,4956,4961,-1,4961,4956,4957,-1,4961,4957,4962,-1,4962,4957,4958,-1,4962,4958,4963,-1,4963,4958,4959,-1,4963,4959,2398,-1,2398,4959,2395,-1,2940,2938,4964,-1,4964,2938,4892,-1,4964,4892,4965,-1,4965,4892,4960,-1,4965,4960,4966,-1,4966,4960,4961,-1,4966,4961,4967,-1,4967,4961,4962,-1,4967,4962,4895,-1,4895,4962,4963,-1,4895,4963,2377,-1,2377,4963,2398,-1,2919,2940,4890,-1,4890,2940,4964,-1,4890,4964,4968,-1,4968,4964,4965,-1,4968,4965,4969,-1,4969,4965,4966,-1,4969,4966,4970,-1,4970,4966,4967,-1,4970,4967,4971,-1,4971,4967,4895,-1,4971,4895,2399,-1,2399,4895,2376,-1,3144,2920,4889,-1,4889,2920,4890,-1,4889,4890,4972,-1,4972,4890,4968,-1,4972,4968,4973,-1,4973,4968,4969,-1,4973,4969,4974,-1,4974,4969,4970,-1,4974,4970,4894,-1,4894,4970,4971,-1,4894,4971,2404,-1,2404,4971,2399,-1,2922,2936,4887,-1,4887,2936,4889,-1,4887,4889,4975,-1,4975,4889,4972,-1,4975,4972,4976,-1,4976,4972,4973,-1,4976,4973,4977,-1,4977,4973,4974,-1,4977,4974,4978,-1,4978,4974,4894,-1,4978,4894,2401,-1,2401,4894,2403,-1,2933,2923,4979,-1,4979,2923,4887,-1,4979,4887,4980,-1,4980,4887,4975,-1,4980,4975,4981,-1,4981,4975,4976,-1,4981,4976,4982,-1,4982,4976,4977,-1,4982,4977,4983,-1,4983,4977,4978,-1,4983,4978,2400,-1,2400,4978,2401,-1,2934,2933,4886,-1,4886,2933,4979,-1,4886,4979,4984,-1,4984,4979,4980,-1,4984,4980,4985,-1,4985,4980,4981,-1,4985,4981,4986,-1,4986,4981,4982,-1,4986,4982,4891,-1,4891,4982,4983,-1,4891,4983,2374,-1,2374,4983,2400,-1,2373,2405,4891,-1,4891,2405,4987,-1,4891,4987,4986,-1,4986,4987,4988,-1,4986,4988,4985,-1,4985,4988,4989,-1,4985,4989,4984,-1,4984,4989,4990,-1,4984,4990,4886,-1,4886,4990,4991,-1,4886,4991,2930,-1,2928,2932,4991,-1,4991,2932,2931,-1,4991,2931,2930,-1,2371,2370,4992,-1,4992,2370,2413,-1,4992,2413,4993,-1,2409,2371,4994,-1,4994,2371,4992,-1,4994,4992,4995,-1,4995,4992,4993,-1,4995,4993,4996,-1,2410,2409,4997,-1,4997,2409,4994,-1,4997,4994,4998,-1,4998,4994,4995,-1,4998,4995,4999,-1,4999,4995,4996,-1,4999,4996,5000,-1,2411,2410,4888,-1,4888,2410,4997,-1,4888,4997,5001,-1,5001,4997,4998,-1,5001,4998,5002,-1,5002,4998,4999,-1,5002,4999,5003,-1,5003,4999,5000,-1,5003,5000,5004,-1,2408,2407,5005,-1,5005,2407,4888,-1,5005,4888,5006,-1,5006,4888,5001,-1,5006,5001,5007,-1,5007,5001,5002,-1,5007,5002,5008,-1,5008,5002,5003,-1,5008,5003,5009,-1,5009,5003,5004,-1,5009,5004,5010,-1,2405,2408,4987,-1,4987,2408,5005,-1,4987,5005,4988,-1,4988,5005,5006,-1,4988,5006,4989,-1,4989,5006,5007,-1,4989,5007,4990,-1,4990,5007,5008,-1,4990,5008,4991,-1,4991,5008,5009,-1,4991,5009,2928,-1,2928,5009,5010,-1,2928,5010,2929,-1,2413,2412,4993,-1,4993,2412,5011,-1,4993,5011,4996,-1,4996,5011,5000,-1,5000,5011,5012,-1,5000,5012,5004,-1,5004,5012,5010,-1,5010,5012,3204,-1,5010,3204,2929,-1,3205,3204,4880,-1,4880,3204,5012,-1,4880,5012,4881,-1,4881,5012,5011,-1,4881,5011,378,-1,378,5011,2412,-1,
        ]
    }
}
Shape{
    appearance Appearance {
        material  Material 	{
            diffuseColor 0.8509803921568627 0.8509803921568627 0.8509803921568627
            specularColor 0.4235294117647059 0.4235294117647059 0.4235294117647059
            ambientIntensity 0.851
            transparency 0.0
            shininess 0.5
        }
    }
    geometry IndexedFaceSet {
        ccw TRUE
        solid FALSE
        coord DEF co Coordinate {
            point [
                -1.7993 0.4921 -1.9685, -1.7796 0.4446 -1.9685, -1.9697 0.3937 -1.9685, -1.7729 0.3937 -1.9685, -1.7796 0.3428 -1.9685, -1.9188 0.5838 -1.9685, -1.8713 0.5642 -1.9685, -1.8305 0.5329 -1.9685, -2.0682 0.5642 -1.9685, -2.0207 0.5838 -1.9685, -1.9697 0.5906 -1.9685, -2.1599 0.4446 -1.9685, -2.1402 0.4921 -1.9685, -2.1089 0.5329 -1.9685, -2.1402 0.2953 -1.9685, -2.1599 0.3428 -1.9685, -2.1666 0.3937 -1.9685, -2.0207 0.2036 -1.9685, -2.0682 0.2232 -1.9685, -2.1089 0.2545 -1.9685, -1.8713 0.2232 -1.9685, -1.9188 0.2036 -1.9685, -1.9697 0.1969 -1.9685, -1.7993 0.2953 -1.9685, -1.8305 0.2545 -1.9685, -1.9776 0.5904 0.1063, -1.9697 0.5903 0.1066, -2.0844 0.2337 0.121, -2.0848 0.2341 0.121, -2.0059 0.2002 0.1229, -2.0207 0.2037 0.1228, -2.0252 0.2048 0.1228, -2.0436 0.2127 0.1223, -2.0678 0.223 0.1217, -2.0682 0.2232 0.1217, -1.9521 0.1979 0.1222, -1.9401 0.1991 0.1219, -1.9596 0.1971 0.1224, -1.9697 0.1978 0.1225, -1.9987 0.1997 0.1228, -1.8953 0.2115 0.12, -1.9071 0.2082 0.1205, -1.9192 0.2049 0.121, -1.8393 0.2463 0.116, -1.8663 0.2276 0.1181, -1.8717 0.2238 0.1185, -1.8777 0.2197 0.119, -1.8049 0.288 0.1121, -1.7995 0.2954 0.1115, -1.798 0.2976 0.1113, -1.8254 0.2598 0.1147, -1.8307 0.2547 0.1152, -1.8311 0.2543 0.1152, -1.7758 0.3598 0.1069, -1.7808 0.3431 0.108, -1.7864 0.3247 0.1093, -1.7892 0.3152 0.1099, -1.7755 0.4259 0.104, -1.7782 0.4379 0.1038, -1.7744 0.4011 0.105, -1.7741 0.3936 0.1053, -1.7734 0.3796 0.1058, -1.7903 0.4714 0.1036, -1.7798 0.4455 0.1036, -1.7796 0.4446 0.1036, -1.8313 0.5323 0.1051, -1.8273 0.5277 0.1049, -1.8075 0.5052 0.104, -1.7994 0.492 0.1037, -1.7972 0.4884 0.1036, -1.8382 0.5402 0.1054, -1.8532 0.5523 0.1062, -1.9123 0.582 0.1077, -1.9067 0.58 0.1076, -1.8935 0.5752 0.1075, -1.8782 0.5665 0.107, -1.872 0.563 0.1068, -1.9577 0.5902 0.107, -1.9374 0.5865 0.1073, -1.9189 0.5832 0.1076, -1.9686 0.5903 0.1067, -2.0316 0.5803 0.1037, -2.0235 0.5831 0.1041, -2.0206 0.5835 0.1043, -2.0001 0.5868 0.1053, -2.0825 0.5551 0.1016, -2.0676 0.5631 0.1022, -2.0614 0.5664 0.1025, -2.0416 0.577 0.1032, -2.0904 0.5489 0.1015, -2.0983 0.5428 0.1013, -2.1377 0.4961 0.102, -2.1295 0.5087 0.1016, -2.1152 0.5243 0.1015, -2.1081 0.5321 0.1014, -2.1597 0.4446 0.1046, -2.1586 0.4494 0.1043, -2.1532 0.4618 0.1037, -2.1403 0.4921 0.1022, -2.1402 0.4921 0.1022, -2.1631 0.4307 0.1055, -2.1635 0.4245 0.1059, -2.1585 0.3431 0.1121, -2.1645 0.3649 0.1103, -2.1664 0.3842 0.1088, -2.1657 0.3936 0.1081, -2.1082 0.2554 0.1192, -2.1187 0.265 0.1184, -2.1396 0.2957 0.116, -2.1439 0.302 0.1155, -2.1585 0.3428 0.1121, -2.1522 0.3199 0.114, -2.1439 0.302 0.1155, 1.7968 -0.4921 -1.9685, 1.7771 -0.4446 -1.9685, 1.9673 -0.3937 -1.9685, 1.7704 -0.3937 -1.9685, 1.7771 -0.3428 -1.9685, 1.9163 -0.5838 -1.9685, 1.8688 -0.5642 -1.9685, 1.8281 -0.5329 -1.9685, 2.0657 -0.5642 -1.9685, 2.0182 -0.5838 -1.9685, 1.9673 -0.5906 -1.9685, 2.1574 -0.4446 -1.9685, 2.1377 -0.4921 -1.9685, 2.1065 -0.5329 -1.9685, 2.1377 -0.2953 -1.9685, 2.1574 -0.3428 -1.9685, 2.1641 -0.3937 -1.9685, 2.0182 -0.2036 -1.9685, 2.0657 -0.2232 -1.9685, 2.1065 -0.2545 -1.9685, 1.8688 -0.2232 -1.9685, 1.9163 -0.2036 -1.9685, 1.9673 -0.1969 -1.9685, 1.7968 -0.2953 -1.9685, 1.8281 -0.2545 -1.9685, 1.9751 -0.5904 0.1063, 1.9673 -0.5903 0.1066, 2.0819 -0.2337 0.121, 2.0823 -0.2341 0.121, 2.0034 -0.2002 0.1229, 2.0182 -0.2037 0.1228, 2.0227 -0.2048 0.1228, 2.0411 -0.2127 0.1223, 2.0654 -0.223 0.1217, 2.0657 -0.2232 0.1217, 1.9496 -0.1979 0.1222, 1.9376 -0.1991 0.1219, 1.9572 -0.1971 0.1224, 1.9672 -0.1978 0.1225, 1.9962 -0.1997 0.1228, 1.8928 -0.2115 0.12, 1.9046 -0.2082 0.1205, 1.9167 -0.2049 0.121, 1.8368 -0.2463 0.116, 1.8638 -0.2276 0.1181, 1.8693 -0.2238 0.1185, 1.8752 -0.2197 0.119, 1.8024 -0.288 0.1121, 1.797 -0.2954 0.1115, 1.7955 -0.2976 0.1113, 1.8229 -0.2598 0.1147, 1.8282 -0.2547 0.1152, 1.8286 -0.2543 0.1152, 1.7734 -0.3598 0.1069, 1.7784 -0.3431 0.108, 1.7839 -0.3247 0.1093, 1.7867 -0.3152 0.1099, 1.7731 -0.4259 0.104, 1.7757 -0.4379 0.1038, 1.7719 -0.4011 0.105, 1.7716 -0.3936 0.1053, 1.7709 -0.3796 0.1058, 1.7878 -0.4714 0.1036, 1.7773 -0.4455 0.1036, 1.7772 -0.4446 0.1036, 1.8288 -0.5323 0.1051, 1.8248 -0.5277 0.1049, 1.805 -0.5052 0.104, 1.7969 -0.492 0.1037, 1.7947 -0.4884 0.1036, 1.8358 -0.5402 0.1054, 1.8507 -0.5523 0.1062, 1.9098 -0.582 0.1077, 1.9042 -0.58 0.1076, 1.8911 -0.5752 0.1075, 1.8758 -0.5665 0.107, 1.8695 -0.563 0.1068, 1.9553 -0.5902 0.107, 1.9349 -0.5865 0.1073, 1.9164 -0.5832 0.1076, 1.9661 -0.5903 0.1067, 2.0292 -0.5803 0.1037, 2.0211 -0.5831 0.1041, 2.0182 -0.5835 0.1043, 1.9976 -0.5868 0.1053, 2.08 -0.5551 0.1016, 2.0651 -0.5631 0.1022, 2.0589 -0.5664 0.1025, 2.0392 -0.577 0.1032, 2.0879 -0.5489 0.1015, 2.0958 -0.5428 0.1013, 2.1352 -0.4961 0.102, 2.127 -0.5087 0.1016, 2.1127 -0.5243 0.1015, 2.1056 -0.5321 0.1014, 2.1572 -0.4446 0.1046, 2.1561 -0.4494 0.1043, 2.1507 -0.4618 0.1037, 2.1378 -0.4921 0.1022, 2.1377 -0.4921 0.1022, 2.1606 -0.4307 0.1055, 2.161 -0.4245 0.1059, 2.1561 -0.3431 0.1121, 2.162 -0.3649 0.1103, 2.1639 -0.3842 0.1088, 2.1632 -0.3936 0.1081, 2.1057 -0.2554 0.1192, 2.1162 -0.265 0.1184, 2.1371 -0.2957 0.116, 2.1414 -0.302 0.1155, 2.156 -0.3428 0.1121, 2.1497 -0.3199 0.114, 2.1415 -0.302 0.1155
            ]
        }
        coordIndex [
            0,1,2,-1,2,1,3,-1,2,3,4,-1,5,6,2,-1,2,6,7,-1,2,7,0,-1,8,9,2,-1,2,9,10,-1,2,10,5,-1,11,12,2,-1,2,12,13,-1,2,13,8,-1,14,15,2,-1,2,15,16,-1,2,16,11,-1,17,18,2,-1,2,18,19,-1,2,19,14,-1,20,21,2,-1,2,21,22,-1,2,22,17,-1,4,23,2,-1,2,23,24,-1,2,24,20,-1,25,26,10,-1,27,28,18,-1,18,28,19,-1,29,30,17,-1,17,30,31,-1,31,32,17,-1,17,32,33,-1,17,33,18,-1,18,33,34,-1,18,34,27,-1,35,22,36,-1,36,22,21,-1,35,37,22,-1,22,37,38,-1,22,38,17,-1,17,38,39,-1,17,39,29,-1,40,41,21,-1,21,41,42,-1,21,42,36,-1,43,44,20,-1,20,44,45,-1,20,45,21,-1,21,45,46,-1,21,46,40,-1,47,24,48,-1,48,24,23,-1,48,23,49,-1,47,50,24,-1,24,50,51,-1,24,51,20,-1,20,51,52,-1,20,52,43,-1,53,54,4,-1,4,54,55,-1,4,55,23,-1,23,55,56,-1,23,56,49,-1,57,3,58,-1,58,3,1,-1,57,59,3,-1,3,59,60,-1,3,60,4,-1,4,60,61,-1,4,61,53,-1,62,63,1,-1,1,63,64,-1,1,64,58,-1,65,66,7,-1,7,66,67,-1,7,67,0,-1,0,67,68,-1,0,68,1,-1,1,68,69,-1,1,69,62,-1,65,7,70,-1,70,7,6,-1,70,6,71,-1,72,73,5,-1,73,74,5,-1,5,74,75,-1,5,75,6,-1,6,75,76,-1,6,76,71,-1,77,78,5,-1,5,78,79,-1,5,79,72,-1,10,26,5,-1,5,26,80,-1,5,80,77,-1,81,82,9,-1,9,82,83,-1,9,83,10,-1,10,83,84,-1,10,84,25,-1,85,86,8,-1,8,86,87,-1,8,87,9,-1,9,87,88,-1,9,88,81,-1,85,8,89,-1,89,8,13,-1,89,13,90,-1,91,92,12,-1,12,92,93,-1,12,93,13,-1,13,93,94,-1,13,94,90,-1,11,95,96,-1,96,97,11,-1,11,97,98,-1,11,98,12,-1,12,98,99,-1,12,99,91,-1,95,11,100,-1,100,11,16,-1,100,16,101,-1,102,103,15,-1,15,103,104,-1,15,104,16,-1,16,104,105,-1,16,105,101,-1,28,106,19,-1,19,106,107,-1,19,107,14,-1,14,107,108,-1,14,108,109,-1,102,15,110,-1,110,15,14,-1,110,14,111,-1,111,14,109,-1,111,109,112,-1,113,114,115,-1,115,114,116,-1,115,116,117,-1,118,119,115,-1,115,119,120,-1,115,120,113,-1,121,122,115,-1,115,122,123,-1,115,123,118,-1,124,125,115,-1,115,125,126,-1,115,126,121,-1,127,128,115,-1,115,128,129,-1,115,129,124,-1,130,131,115,-1,115,131,132,-1,115,132,127,-1,133,134,115,-1,115,134,135,-1,115,135,130,-1,117,136,115,-1,115,136,137,-1,115,137,133,-1,138,139,123,-1,140,141,131,-1,131,141,132,-1,142,143,130,-1,130,143,144,-1,144,145,130,-1,130,145,146,-1,130,146,131,-1,131,146,147,-1,131,147,140,-1,148,135,149,-1,149,135,134,-1,148,150,135,-1,135,150,151,-1,135,151,130,-1,130,151,152,-1,130,152,142,-1,153,154,134,-1,134,154,155,-1,134,155,149,-1,156,157,133,-1,133,157,158,-1,133,158,134,-1,134,158,159,-1,134,159,153,-1,160,137,161,-1,161,137,136,-1,161,136,162,-1,160,163,137,-1,137,163,164,-1,137,164,133,-1,133,164,165,-1,133,165,156,-1,166,167,117,-1,117,167,168,-1,117,168,136,-1,136,168,169,-1,136,169,162,-1,170,116,171,-1,171,116,114,-1,170,172,116,-1,116,172,173,-1,116,173,117,-1,117,173,174,-1,117,174,166,-1,175,176,114,-1,114,176,177,-1,114,177,171,-1,178,179,120,-1,120,179,180,-1,120,180,113,-1,113,180,181,-1,113,181,114,-1,114,181,182,-1,114,182,175,-1,178,120,183,-1,183,120,119,-1,183,119,184,-1,185,186,118,-1,186,187,118,-1,118,187,188,-1,118,188,119,-1,119,188,189,-1,119,189,184,-1,190,191,118,-1,118,191,192,-1,118,192,185,-1,123,139,118,-1,118,139,193,-1,118,193,190,-1,194,195,122,-1,122,195,196,-1,122,196,123,-1,123,196,197,-1,123,197,138,-1,198,199,121,-1,121,199,200,-1,121,200,122,-1,122,200,201,-1,122,201,194,-1,198,121,202,-1,202,121,126,-1,202,126,203,-1,204,205,125,-1,125,205,206,-1,125,206,126,-1,126,206,207,-1,126,207,203,-1,124,208,209,-1,209,210,124,-1,124,210,211,-1,124,211,125,-1,125,211,212,-1,125,212,204,-1,208,124,213,-1,213,124,129,-1,213,129,214,-1,215,216,128,-1,128,216,217,-1,128,217,129,-1,129,217,218,-1,129,218,214,-1,141,219,132,-1,132,219,220,-1,132,220,127,-1,127,220,221,-1,127,221,222,-1,215,128,223,-1,223,128,127,-1,223,127,224,-1,224,127,222,-1,224,222,225,-1,
        ]
    }
}
Shape{
    appearance Appearance {
        material  Material 	{
            diffuseColor 1.0 1.0 1.0
            specularColor 0.5019607843137255 0.5019607843137255 0.5019607843137255
            ambientIntensity 1.0
            transparency 0.0
            shininess 0.5
        }
    }
    geometry IndexedFaceSet {
        ccw TRUE
        solid FALSE
        coord DEF co Coordinate {
            point [
                -0.0638 1.1811 7.266, -0.0636 1.1811 7.2386, -0.0638 1.1811 7.266, -0.0636 1.1811 7.2386, 0.0319 1.1811 7.2667, 0.0319 1.1811 7.2667, 0.0304 1.1811 7.4795, 0.0304 1.1811 7.4795, 0.0304 1.1811 7.4784, 0.0614 1.1811 7.4797, 0.0614 1.1811 7.4797, 0.0631 1.1811 7.2395, 0.0631 1.1811 7.2395, 0.0614 1.1811 7.4784, -0.2533 1.1811 7.2472, -0.2533 1.1811 7.2472, -0.2492 1.1811 7.2452, -0.1867 1.1811 7.2337, -0.1867 1.1811 7.2337, -0.1943 1.1811 7.2344, -0.2233 1.1811 7.2369, -0.2233 1.1811 7.2369, -0.2429 1.1811 7.2432, -0.2492 1.1811 7.2452, -0.2535 1.1811 7.2769, -0.2535 1.1811 7.2769, -0.2429 1.1811 7.2722, -0.2298 1.1811 7.2665, -0.2298 1.1811 7.2665, -0.2026 1.1811 7.2616, -0.2026 1.1811 7.2616, -0.1914 1.1811 7.2613, -0.1914 1.1811 7.2613, -0.1702 1.1811 7.2636, -0.1702 1.1811 7.2636, -0.1526 1.1811 7.2699, -0.1526 1.1811 7.2699, -0.1365 1.1811 7.2806, -0.1365 1.1811 7.2806, -0.1299 1.1811 7.287, -0.1299 1.1811 7.287, -0.1189 1.1811 7.3023, -0.1189 1.1811 7.3023, -0.111 1.1811 7.3214, -0.111 1.1811 7.3214, -0.1071 1.1811 7.3451, -0.1071 1.1811 7.3451, -0.1068 1.1811 7.3557, -0.1068 1.1811 7.3557, -0.1109 1.1811 7.3886, -0.1109 1.1811 7.3886, -0.1191 1.1811 7.4093, -0.1191 1.1811 7.4093, -0.1308 1.1811 7.4259, -0.1308 1.1811 7.4259, -0.1325 1.1811 7.4277, -0.1325 1.1811 7.4277, -0.1476 1.1811 7.4402, -0.1476 1.1811 7.4402, -0.1664 1.1811 7.4492, -0.1664 1.1811 7.4492, -0.187 1.1811 7.4535, -0.187 1.1811 7.4535, -0.1982 1.1811 7.4539, -0.1982 1.1811 7.4539, -0.2547 1.1811 7.4393, -0.2547 1.1811 7.4393, -0.252 1.1811 7.4407, -0.2277 1.1811 7.4502, -0.2277 1.1811 7.4502, -0.2429 1.1811 7.4443, -0.252 1.1811 7.4407, -0.2549 1.1811 7.4717, -0.2549 1.1811 7.4717, -0.2322 1.1811 7.4784, -0.2295 1.1811 7.4792, -0.2429 1.1811 7.4753, -0.2295 1.1811 7.4792, -0.1981 1.1811 7.4819, -0.1981 1.1811 7.4819, -0.1634 1.1811 7.478, -0.1673 1.1811 7.4784, -0.1634 1.1811 7.478, -0.1382 1.1811 7.4684, -0.1382 1.1811 7.4684, -0.1156 1.1811 7.4528, -0.1156 1.1811 7.4528, -0.1096 1.1811 7.4472, -0.1096 1.1811 7.4472, -0.092 1.1811 7.4246, -0.092 1.1811 7.4246, -0.0833 1.1811 7.4046, -0.0804 1.1811 7.398, -0.0804 1.1811 7.398, -0.0747 1.1811 7.3666, -0.0747 1.1811 7.3666, -0.0742 1.1811 7.3541, -0.0742 1.1811 7.3541, -0.0786 1.1811 7.3151, -0.0786 1.1811 7.3151, -0.0833 1.1811 7.3029, -0.0882 1.1811 7.2899, -0.0882 1.1811 7.2899, -0.1024 1.1811 7.2693, -0.1024 1.1811 7.2693, -0.1044 1.1811 7.2671, -0.1044 1.1811 7.2671, -0.1771 1.1811 7.2344, -0.1678 1.1811 7.235, -0.1678 1.1811 7.235, -0.1426 1.1811 7.2413, -0.1426 1.1811 7.2413, -0.1205 1.1811 7.253, -0.1205 1.1811 7.253, -0.4307 1.1811 7.2634, -0.4305 1.1811 7.236, -0.4307 1.1811 7.2634, -0.4305 1.1811 7.236, -0.3325 1.1811 7.2641, -0.3325 1.1811 7.2641, -0.3953 1.1811 7.2636, -0.3331 1.1811 7.3449, -0.3331 1.1811 7.3449, -0.419 1.1811 7.3443, -0.419 1.1811 7.3443, -0.3953 1.1811 7.3445, -0.4192 1.1811 7.3718, -0.4192 1.1811 7.3718, -0.3333 1.1811 7.3724, -0.3333 1.1811 7.3724, -0.3953 1.1811 7.372, -0.3338 1.1811 7.4493, -0.3338 1.1811 7.4493, -0.4265 1.1811 7.4486, -0.4265 1.1811 7.4486, -0.3953 1.1811 7.4488, -0.4267 1.1811 7.4763, -0.4267 1.1811 7.4763, -0.303 1.1811 7.4771, -0.303 1.1811 7.4771, -0.3953 1.1811 7.4765, -0.3013 1.1811 7.2369, -0.3013 1.1811 7.2369, -0.3953 1.1811 7.2363, -0.6355 1.1811 7.2682, -0.6107 1.1811 7.2845, -0.6102 1.1811 7.2504, -0.5951 1.1811 7.2739, -0.5827 1.1811 7.2399, -0.5752 1.1811 7.2663, -0.5419 1.1811 7.2352, -0.542 1.1811 7.2626, -0.4759 1.1811 7.2357, -0.5071 1.1811 7.2629, -0.4776 1.1811 7.4759, -0.5084 1.1811 7.448, -0.5461 1.1811 7.4754, -0.5447 1.1811 7.4478, -0.5467 1.1811 7.4478, -0.5828 1.1811 7.4711, -0.5776 1.1811 7.4436, -0.6117 1.1811 7.4603, -0.598 1.1811 7.4356, -0.6367 1.1811 7.443, -0.6138 1.1811 7.4247, -0.6451 1.1811 7.4346, -0.6205 1.1811 7.418, -0.6599 1.1811 7.4135, -0.6297 1.1811 7.4044, -0.6686 1.1811 7.3905, -0.6364 1.1811 7.3868, -0.6723 1.1811 7.3575, -0.6397 1.1811 7.3568, -0.6715 1.1811 7.3422, -0.6387 1.1811 7.3407, -0.6655 1.1811 7.3141, -0.6337 1.1811 7.3189, -0.6535 1.1811 7.2893, -0.6252 1.1811 7.3013, -0.6135 1.1811 7.2872, -0.5419 1.1811 7.2352, -0.4759 1.1811 7.2357, -0.5827 1.1811 7.2399, -0.6102 1.1811 7.2504, -0.6355 1.1811 7.2682, -0.6535 1.1811 7.2893, -0.6655 1.1811 7.3141, -0.6715 1.1811 7.3422, -0.6723 1.1811 7.3575, -0.6686 1.1811 7.3905, -0.6599 1.1811 7.4135, -0.6451 1.1811 7.4346, -0.6367 1.1811 7.443, -0.6117 1.1811 7.4603, -0.5828 1.1811 7.4711, -0.5461 1.1811 7.4754, -0.4776 1.1811 7.4759, -0.5447 1.1811 7.4478, -0.5084 1.1811 7.448, -0.5071 1.1811 7.2629, -0.542 1.1811 7.2626, -0.6135 1.1811 7.2872, -0.6107 1.1811 7.2845, -0.5951 1.1811 7.2739, -0.5752 1.1811 7.2663, -0.6397 1.1811 7.3568, -0.6387 1.1811 7.3407, -0.6337 1.1811 7.3189, -0.6252 1.1811 7.3013, -0.6138 1.1811 7.4247, -0.6205 1.1811 7.418, -0.6297 1.1811 7.4044, -0.6364 1.1811 7.3868, -0.5467 1.1811 7.4478, -0.5776 1.1811 7.4436, -0.598 1.1811 7.4356
            ]
        }
        coordIndex [
            0,1,2,-1,2,1,3,-1,4,0,5,-1,5,0,2,-1,6,7,8,-1,8,7,4,-1,8,4,5,-1,9,7,10,-1,10,7,6,-1,11,12,13,-1,13,12,9,-1,13,9,10,-1,1,12,3,-1,3,12,11,-1,7,9,4,-1,4,9,12,-1,4,12,0,-1,0,12,1,-1,14,15,16,-1,17,18,19,-1,17,19,20,-1,19,21,20,-1,20,21,22,-1,20,22,16,-1,16,22,23,-1,16,23,14,-1,24,15,25,-1,25,15,14,-1,24,25,26,-1,24,26,27,-1,26,28,27,-1,27,28,29,-1,27,29,30,-1,30,29,31,-1,30,31,32,-1,32,31,33,-1,32,33,34,-1,34,33,35,-1,34,35,36,-1,36,35,37,-1,36,37,38,-1,38,37,39,-1,38,39,40,-1,40,39,41,-1,40,41,42,-1,42,41,43,-1,42,43,44,-1,44,43,45,-1,44,45,46,-1,46,45,47,-1,46,47,48,-1,48,47,49,-1,48,49,50,-1,50,49,51,-1,50,51,52,-1,52,51,53,-1,52,53,54,-1,54,53,55,-1,54,55,56,-1,56,55,57,-1,56,57,58,-1,58,57,59,-1,58,59,60,-1,60,59,61,-1,60,61,62,-1,62,61,63,-1,62,63,64,-1,65,66,67,-1,64,63,68,-1,64,68,69,-1,69,68,70,-1,69,70,67,-1,67,70,71,-1,67,71,65,-1,72,66,73,-1,73,66,65,-1,74,75,76,-1,76,75,72,-1,76,72,73,-1,74,77,75,-1,75,77,78,-1,75,78,79,-1,80,79,81,-1,81,79,78,-1,81,82,80,-1,80,82,83,-1,80,83,84,-1,84,83,85,-1,84,85,86,-1,86,85,87,-1,86,87,88,-1,88,87,89,-1,88,89,90,-1,90,89,91,-1,90,91,92,-1,91,93,92,-1,92,93,94,-1,92,94,95,-1,95,94,96,-1,95,96,97,-1,97,96,98,-1,97,98,99,-1,99,98,100,-1,99,100,101,-1,100,102,101,-1,101,102,103,-1,101,103,104,-1,104,103,105,-1,104,105,106,-1,18,17,107,-1,107,17,108,-1,107,108,109,-1,109,108,110,-1,109,110,111,-1,111,110,112,-1,111,112,113,-1,113,112,106,-1,113,106,105,-1,50,52,90,-1,90,52,88,-1,97,48,95,-1,95,48,50,-1,95,50,92,-1,92,50,90,-1,52,54,88,-1,88,54,56,-1,88,56,86,-1,86,56,58,-1,86,58,84,-1,84,58,80,-1,80,58,60,-1,80,60,79,-1,15,24,16,-1,16,24,27,-1,16,27,20,-1,20,27,30,-1,20,30,17,-1,17,30,32,-1,17,32,108,-1,108,32,34,-1,108,34,110,-1,110,34,36,-1,110,36,112,-1,112,36,38,-1,112,38,106,-1,106,38,40,-1,106,40,104,-1,104,40,42,-1,104,42,101,-1,101,42,99,-1,99,42,44,-1,99,44,97,-1,97,44,46,-1,97,46,48,-1,60,62,79,-1,79,62,64,-1,79,64,75,-1,75,64,69,-1,75,69,72,-1,72,69,67,-1,72,67,66,-1,114,115,116,-1,116,115,117,-1,118,119,120,-1,120,119,114,-1,120,114,116,-1,121,119,122,-1,122,119,118,-1,123,124,125,-1,125,124,121,-1,125,121,122,-1,126,124,127,-1,127,124,123,-1,128,129,130,-1,130,129,126,-1,130,126,127,-1,131,129,132,-1,132,129,128,-1,133,134,135,-1,135,134,131,-1,135,131,132,-1,136,134,137,-1,137,134,133,-1,138,139,140,-1,140,139,136,-1,140,136,137,-1,141,139,142,-1,142,139,138,-1,117,115,143,-1,143,115,141,-1,143,141,142,-1,134,136,131,-1,131,136,139,-1,131,139,129,-1,115,114,141,-1,141,114,119,-1,141,119,121,-1,124,126,121,-1,121,126,129,-1,121,129,141,-1,141,129,139,-1,144,145,146,-1,146,145,147,-1,146,147,148,-1,148,147,149,-1,148,149,150,-1,150,149,151,-1,150,151,152,-1,152,151,153,-1,152,153,154,-1,154,153,155,-1,154,155,156,-1,155,157,156,-1,156,157,158,-1,156,158,159,-1,159,158,160,-1,159,160,161,-1,161,160,162,-1,161,162,163,-1,163,162,164,-1,163,164,165,-1,165,164,166,-1,165,166,167,-1,167,166,168,-1,167,168,169,-1,169,168,170,-1,169,170,171,-1,171,170,172,-1,171,172,173,-1,173,172,174,-1,173,174,175,-1,175,174,176,-1,175,176,177,-1,177,176,178,-1,177,178,144,-1,144,178,179,-1,144,179,145,-1,150,152,180,-1,180,152,181,-1,150,180,182,-1,150,182,148,-1,148,182,183,-1,148,183,146,-1,146,183,184,-1,146,184,144,-1,144,184,185,-1,144,185,177,-1,177,185,186,-1,177,186,175,-1,175,186,187,-1,175,187,173,-1,173,187,188,-1,173,188,171,-1,171,188,189,-1,171,189,169,-1,169,189,190,-1,169,190,167,-1,167,190,191,-1,167,191,165,-1,165,191,192,-1,165,192,163,-1,163,192,193,-1,163,193,161,-1,161,193,194,-1,161,194,159,-1,159,194,195,-1,159,195,156,-1,154,156,196,-1,196,156,195,-1,152,154,181,-1,181,154,196,-1,157,155,197,-1,197,155,198,-1,155,153,198,-1,198,153,199,-1,153,151,199,-1,199,151,200,-1,179,201,202,-1,179,202,145,-1,145,202,203,-1,145,203,147,-1,147,203,204,-1,147,204,149,-1,149,204,200,-1,149,200,151,-1,172,205,206,-1,172,206,174,-1,174,206,207,-1,174,207,176,-1,176,207,208,-1,176,208,178,-1,178,208,201,-1,178,201,179,-1,164,209,210,-1,164,210,166,-1,166,210,211,-1,166,211,168,-1,168,211,212,-1,168,212,170,-1,170,212,205,-1,170,205,172,-1,157,197,213,-1,157,213,158,-1,158,213,214,-1,158,214,160,-1,160,214,215,-1,160,215,162,-1,162,215,209,-1,162,209,164,-1,
        ]
    }
}
Shape{
    appearance Appearance {
        material  Material 	{
            diffuseColor 0.2235294117647059 0.2235294117647059 0.2235294117647059
            specularColor 0.11372549019607843 0.11372549019607843 0.11372549019607843
            ambientIntensity 0.2235
            transparency 0.0
            shininess 0.5
        }
    }
    geometry IndexedFaceSet {
        ccw TRUE
        solid FALSE
        coord DEF co Coordinate {
            point [
                -0.5951 1.1811 7.2739, -0.6107 1.1811 7.2845, -0.5467 1.1811 7.4478, -0.5084 1.1811 7.448, -0.5071 1.1811 7.2629, -0.5447 1.1811 7.4478, -0.542 1.1811 7.2626, -0.5752 1.1811 7.2663, -0.6135 1.1811 7.2872, -0.6252 1.1811 7.3013, -0.6337 1.1811 7.3189, -0.6397 1.1811 7.3568, -0.6138 1.1811 7.4247, -0.598 1.1811 7.4356, -0.6364 1.1811 7.3868, -0.6297 1.1811 7.4044, -0.6205 1.1811 7.418, -0.6387 1.1811 7.3407, -0.5776 1.1811 7.4436
            ]
        }
        coordIndex [
            0,1,2,-1,3,4,5,-1,5,4,6,-1,5,6,2,-1,2,6,7,-1,2,7,0,-1,1,8,2,-1,2,8,9,-1,2,9,10,-1,11,12,13,-1,14,15,11,-1,11,15,16,-1,11,16,12,-1,10,17,2,-1,2,17,11,-1,2,11,18,-1,18,11,13,-1,
        ]
    }
}
Shape{
    appearance Appearance {
        material  Material 	{
            diffuseColor 1.0 1.0 1.0
            specularColor 0.5019607843137255 0.5019607843137255 0.5019607843137255
            ambientIntensity 1.0
            transparency 0.0
            shininess 0.5
        }
    }
    geometry IndexedFaceSet {
        ccw TRUE
        solid FALSE
        coord DEF co Coordinate {
            point [
                -0.7526 1.1811 7.3266, -0.7892 1.1811 7.4262, -0.778 1.1811 7.4738, -0.6848 1.1811 7.2342, -0.719 1.1811 7.234, -0.7426 1.1811 7.2995, -0.7914 1.1811 7.4333, -0.7933 1.1811 7.443, -0.8111 1.1811 7.4735, -0.794 1.1811 7.4429, -0.7959 1.1811 7.4328, -0.7976 1.1811 7.4261, -0.8332 1.1811 7.326, -0.9009 1.1811 7.2327, -0.8666 1.1811 7.2329, -0.8426 1.1811 7.2988, -0.8111 1.1811 7.4735, -0.9003 1.1811 7.2344, -0.9009 1.1811 7.2327, -0.778 1.1811 7.4738, -0.6848 1.1811 7.2344, -0.6848 1.1811 7.2342, -0.7514 1.1811 7.4055, -0.719 1.1811 7.234, -0.7426 1.1811 7.2995, -0.7192 1.1811 7.2344, -0.8426 1.1811 7.2988, -0.7514 1.1811 7.2994, -0.8666 1.1811 7.2329, -0.8661 1.1811 7.2344, -0.7526 1.1811 7.3266, -0.8332 1.1811 7.326, -0.7976 1.1811 7.4261, -0.794 1.1811 7.4429, -0.7959 1.1811 7.4328, -0.7933 1.1811 7.443, -0.7892 1.1811 7.4262, -0.7914 1.1811 7.4333
            ]
        }
        coordIndex [
            0,1,2,-1,3,4,5,-1,1,6,2,-1,2,6,7,-1,2,7,8,-1,8,7,9,-1,8,9,10,-1,10,11,8,-1,8,11,12,-1,8,12,13,-1,14,13,15,-1,15,13,12,-1,15,12,5,-1,5,12,0,-1,5,0,3,-1,3,0,2,-1,16,8,17,-1,17,8,13,-1,17,13,18,-1,2,8,19,-1,19,8,16,-1,20,21,3,-1,20,3,22,-1,22,3,2,-1,22,2,19,-1,4,3,23,-1,23,3,21,-1,24,5,25,-1,25,5,4,-1,25,4,23,-1,26,15,27,-1,27,15,5,-1,27,5,24,-1,28,14,29,-1,29,14,15,-1,29,15,26,-1,13,14,18,-1,18,14,28,-1,0,12,30,-1,30,12,31,-1,12,11,31,-1,31,11,32,-1,9,33,34,-1,9,34,10,-1,10,34,32,-1,10,32,11,-1,9,7,33,-1,33,7,35,-1,1,36,37,-1,1,37,6,-1,6,37,35,-1,6,35,7,-1,1,0,36,-1,36,0,30,-1,
        ]
    }
}
Shape{
    appearance Appearance {
        material  Material 	{
            diffuseColor 0.2235294117647059 0.2235294117647059 0.2235294117647059
            specularColor 0.11372549019607843 0.11372549019607843 0.11372549019607843
            ambientIntensity 0.2235
            transparency 0.0
            shininess 0.5
        }
    }
    geometry IndexedFaceSet {
        ccw TRUE
        solid FALSE
        coord DEF co Coordinate {
            point [
                -0.794 1.1811 7.4429, -0.7933 1.1811 7.443, -0.7959 1.1811 7.4328, -0.7914 1.1811 7.4333, -0.7976 1.1811 7.4261, -0.7892 1.1811 7.4262, -0.8332 1.1811 7.326, -0.7526 1.1811 7.3266
            ]
        }
        coordIndex [
            0,1,2,-1,2,1,3,-1,2,3,4,-1,4,3,5,-1,4,5,6,-1,6,5,7,-1,
        ]
    }
}
Shape{
    appearance Appearance {
        material  Material 	{
            diffuseColor 1.0 1.0 1.0
            specularColor 0.5019607843137255 0.5019607843137255 0.5019607843137255
            ambientIntensity 1.0
            transparency 0.0
            shininess 0.5
        }
    }
    geometry IndexedFaceSet {
        ccw TRUE
        solid FALSE
        coord DEF co Coordinate {
            point [
                -0.0636 1.1811 6.8849, -0.0634 1.1811 6.8575, -0.0636 1.1811 6.8849, -0.0634 1.1811 6.8575, 0.0346 1.1811 6.8856, 0.0346 1.1811 6.8856, 0.034 1.1811 6.9664, 0.034 1.1811 6.9664, -0.0519 1.1811 6.9658, -0.0519 1.1811 6.9658, -0.0521 1.1811 6.9933, -0.0521 1.1811 6.9933, 0.0338 1.1811 6.9939, 0.0338 1.1811 6.9939, 0.0333 1.1811 7.0708, 0.0333 1.1811 7.0708, -0.0594 1.1811 7.0701, -0.0594 1.1811 7.0701, -0.0596 1.1811 7.0978, -0.0596 1.1811 7.0978, 0.0641 1.1811 7.0987, 0.0641 1.1811 7.0987, 0.0658 1.1811 6.8585, 0.0658 1.1811 6.8585, -0.1999 1.1811 6.8566, -0.23 1.1811 6.8564, -0.2001 1.1811 6.8831, -0.2308 1.1811 6.9668, -0.1993 1.1811 6.8831, -0.1835 1.1811 6.8876, -0.1944 1.1811 6.8757, -0.1749 1.1811 6.882, -0.1604 1.1811 6.9375, -0.2006 1.1811 6.9427, -0.2004 1.1811 6.9262, -0.1147 1.1811 6.9473, -0.1052 1.1811 6.9394, -0.1275 1.1811 6.9227, -0.2004 1.1811 6.9242, -0.1984 1.1811 6.9108, -0.1939 1.1811 6.9001, -0.1873 1.1811 6.8913, -0.1101 1.1811 7.0167, -0.1099 1.1811 6.9875, -0.1164 1.1811 7.0203, -0.1279 1.1811 6.9991, -0.1388 1.1811 7.0288, -0.1467 1.1811 7.0058, -0.1693 1.1811 7.0323, -0.1663 1.1811 7.0079, -0.1877 1.1811 7.0304, -0.1764 1.1811 7.0067, -0.2003 1.1811 7.0265, -0.1834 1.1811 7.0042, -0.2102 1.1811 7.0206, -0.1887 1.1811 7.0008, -0.2181 1.1811 7.0128, -0.1932 1.1811 6.9959, -0.2242 1.1811 7.003, -0.1967 1.1811 6.9897, -0.2287 1.1811 6.9891, -0.1998 1.1811 6.9789, -0.2007 1.1811 6.9656, -0.1249 1.1811 6.9172, -0.0991 1.1811 6.9309, -0.1233 1.1811 6.9103, -0.1498 1.1811 6.9589, -0.1348 1.1811 6.93, -0.1418 1.1811 6.9333, -0.1291 1.1811 6.888, -0.107 1.1811 6.8667, -0.1316 1.1811 6.8854, -0.1171 1.1811 6.8595, -0.1376 1.1811 6.8813, -0.1286 1.1811 6.8551, -0.1444 1.1811 6.8787, -0.1466 1.1811 6.8529, -0.1545 1.1811 6.8775, -0.1622 1.1811 6.8545, -0.1658 1.1811 6.8787, -0.1744 1.1811 6.8589, -0.1848 1.1811 6.8657, -0.1312 1.1811 6.9272, -0.1278 1.1811 6.9537, -0.0948 1.1811 6.9204, -0.0927 1.1811 6.9076, -0.123 1.1811 6.9055, -0.0925 1.1811 6.9033, -0.1238 1.1811 6.8986, -0.0939 1.1811 6.8895, -0.1257 1.1811 6.8931, -0.0975 1.1811 6.8794, -0.1037 1.1811 6.8701, -0.1693 1.1811 7.0323, -0.1388 1.1811 7.0288, -0.1164 1.1811 7.0203, -0.1101 1.1811 7.0167, -0.1099 1.1811 6.9875, -0.1279 1.1811 6.9991, -0.1467 1.1811 7.0058, -0.1663 1.1811 7.0079, -0.1764 1.1811 7.0067, -0.1834 1.1811 7.0042, -0.1887 1.1811 7.0008, -0.1932 1.1811 6.9959, -0.1967 1.1811 6.9897, -0.1998 1.1811 6.9789, -0.2007 1.1811 6.9656, -0.1498 1.1811 6.9589, -0.1278 1.1811 6.9537, -0.1147 1.1811 6.9473, -0.1052 1.1811 6.9394, -0.0991 1.1811 6.9309, -0.0948 1.1811 6.9204, -0.0927 1.1811 6.9076, -0.0925 1.1811 6.9033, -0.0939 1.1811 6.8895, -0.0975 1.1811 6.8794, -0.1037 1.1811 6.8701, -0.107 1.1811 6.8667, -0.1171 1.1811 6.8595, -0.1286 1.1811 6.8551, -0.1466 1.1811 6.8529, -0.1622 1.1811 6.8545, -0.1744 1.1811 6.8589, -0.1848 1.1811 6.8657, -0.1944 1.1811 6.8757, -0.1993 1.1811 6.8831, -0.2001 1.1811 6.8831, -0.1999 1.1811 6.8566, -0.23 1.1811 6.8564, -0.2308 1.1811 6.9668, -0.2287 1.1811 6.9891, -0.2242 1.1811 7.003, -0.2181 1.1811 7.0128, -0.2102 1.1811 7.0206, -0.2003 1.1811 7.0265, -0.1877 1.1811 7.0304, -0.1312 1.1811 6.9272, -0.1348 1.1811 6.93, -0.1418 1.1811 6.9333, -0.1604 1.1811 6.9375, -0.123 1.1811 6.9055, -0.1233 1.1811 6.9103, -0.1249 1.1811 6.9172, -0.1275 1.1811 6.9227, -0.1316 1.1811 6.8854, -0.1291 1.1811 6.888, -0.1257 1.1811 6.8931, -0.1238 1.1811 6.8986, -0.1545 1.1811 6.8775, -0.1444 1.1811 6.8787, -0.1376 1.1811 6.8813, -0.1873 1.1811 6.8913, -0.1835 1.1811 6.8876, -0.1749 1.1811 6.882, -0.1658 1.1811 6.8787, -0.2004 1.1811 6.9262, -0.2004 1.1811 6.9242, -0.1984 1.1811 6.9108, -0.1939 1.1811 6.9001, -0.2006 1.1811 6.9427
            ]
        }
        coordIndex [
            0,1,2,-1,2,1,3,-1,4,0,5,-1,5,0,2,-1,6,4,7,-1,7,4,5,-1,8,6,9,-1,9,6,7,-1,10,8,11,-1,11,8,9,-1,12,10,13,-1,13,10,11,-1,14,12,15,-1,15,12,13,-1,16,14,17,-1,17,14,15,-1,18,16,19,-1,19,16,17,-1,20,18,21,-1,21,18,19,-1,22,20,23,-1,23,20,21,-1,1,22,3,-1,3,22,23,-1,22,1,0,-1,0,4,22,-1,22,4,6,-1,22,6,20,-1,16,18,14,-1,14,18,20,-1,14,20,12,-1,12,20,6,-1,12,6,10,-1,10,6,8,-1,24,25,26,-1,26,25,27,-1,28,29,30,-1,30,29,31,-1,32,33,27,-1,27,33,34,-1,35,36,37,-1,34,38,27,-1,27,38,39,-1,27,39,26,-1,26,39,40,-1,26,40,28,-1,28,40,41,-1,28,41,29,-1,42,43,44,-1,44,43,45,-1,44,45,46,-1,46,45,47,-1,46,47,48,-1,48,47,49,-1,48,49,50,-1,50,49,51,-1,50,51,52,-1,52,51,53,-1,52,53,54,-1,54,53,55,-1,54,55,56,-1,56,55,57,-1,56,57,58,-1,58,57,59,-1,58,59,60,-1,60,59,61,-1,60,61,27,-1,27,61,62,-1,27,62,32,-1,37,36,63,-1,63,36,64,-1,63,64,65,-1,66,67,62,-1,62,67,68,-1,62,68,32,-1,69,70,71,-1,71,70,72,-1,71,72,73,-1,73,72,74,-1,73,74,75,-1,75,74,76,-1,75,76,77,-1,77,76,78,-1,77,78,79,-1,79,78,80,-1,79,80,31,-1,31,80,81,-1,31,81,30,-1,37,82,35,-1,35,82,67,-1,35,67,83,-1,83,67,66,-1,64,84,65,-1,65,84,85,-1,65,85,86,-1,86,85,87,-1,86,87,88,-1,88,87,89,-1,88,89,90,-1,90,89,91,-1,90,91,69,-1,69,91,92,-1,69,92,70,-1,48,93,94,-1,48,94,46,-1,46,94,95,-1,46,95,44,-1,44,95,96,-1,44,96,42,-1,43,42,97,-1,97,42,96,-1,43,97,98,-1,43,98,45,-1,45,98,99,-1,45,99,47,-1,47,99,100,-1,47,100,49,-1,49,100,101,-1,49,101,51,-1,51,101,102,-1,51,102,53,-1,53,102,103,-1,53,103,55,-1,55,103,104,-1,55,104,57,-1,57,104,105,-1,57,105,59,-1,59,105,106,-1,59,106,61,-1,61,106,107,-1,61,107,62,-1,66,62,108,-1,108,62,107,-1,66,108,109,-1,66,109,83,-1,83,109,110,-1,83,110,35,-1,35,110,111,-1,35,111,36,-1,36,111,112,-1,36,112,64,-1,64,112,113,-1,64,113,84,-1,84,113,114,-1,84,114,85,-1,85,114,115,-1,85,115,87,-1,87,115,116,-1,87,116,89,-1,89,116,117,-1,89,117,91,-1,91,117,118,-1,91,118,92,-1,92,118,119,-1,92,119,70,-1,70,119,120,-1,70,120,72,-1,72,120,121,-1,72,121,74,-1,74,121,122,-1,74,122,76,-1,76,122,123,-1,76,123,78,-1,78,123,124,-1,78,124,80,-1,80,124,125,-1,80,125,81,-1,81,125,126,-1,81,126,30,-1,30,126,127,-1,30,127,28,-1,26,28,128,-1,128,28,127,-1,24,26,129,-1,129,26,128,-1,25,24,130,-1,130,24,129,-1,27,25,131,-1,131,25,130,-1,27,131,132,-1,27,132,60,-1,60,132,133,-1,60,133,58,-1,58,133,134,-1,58,134,56,-1,56,134,135,-1,56,135,54,-1,54,135,136,-1,54,136,52,-1,52,136,137,-1,52,137,50,-1,50,137,93,-1,50,93,48,-1,82,138,139,-1,82,139,67,-1,67,139,140,-1,67,140,68,-1,68,140,141,-1,68,141,32,-1,86,142,143,-1,86,143,65,-1,65,143,144,-1,65,144,63,-1,63,144,145,-1,63,145,37,-1,37,145,138,-1,37,138,82,-1,71,146,147,-1,71,147,69,-1,69,147,148,-1,69,148,90,-1,90,148,149,-1,90,149,88,-1,88,149,142,-1,88,142,86,-1,77,150,151,-1,77,151,75,-1,75,151,152,-1,75,152,73,-1,73,152,146,-1,73,146,71,-1,41,153,154,-1,41,154,29,-1,29,154,155,-1,29,155,31,-1,31,155,156,-1,31,156,79,-1,79,156,150,-1,79,150,77,-1,34,157,158,-1,34,158,38,-1,38,158,159,-1,38,159,39,-1,39,159,160,-1,39,160,40,-1,40,160,153,-1,40,153,41,-1,34,33,157,-1,157,33,161,-1,33,32,161,-1,161,32,141,-1,
        ]
    }
}
Shape{
    appearance Appearance {
        material  Material 	{
            diffuseColor 0.2235294117647059 0.2235294117647059 0.2235294117647059
            specularColor 0.11372549019607843 0.11372549019607843 0.11372549019607843
            ambientIntensity 0.2235
            transparency 0.0
            shininess 0.5
        }
    }
    geometry IndexedFaceSet {
        ccw TRUE
        solid FALSE
        coord DEF co Coordinate {
            point [
                -0.2004 1.1811 6.9242, -0.2004 1.1811 6.9262, -0.1312 1.1811 6.9272, -0.2006 1.1811 6.9427, -0.1604 1.1811 6.9375, -0.1418 1.1811 6.9333, -0.1348 1.1811 6.93, -0.1984 1.1811 6.9108, -0.1275 1.1811 6.9227, -0.1939 1.1811 6.9001, -0.1291 1.1811 6.888, -0.1316 1.1811 6.8854, -0.1835 1.1811 6.8876, -0.1257 1.1811 6.8931, -0.1749 1.1811 6.882, -0.1658 1.1811 6.8787, -0.1545 1.1811 6.8775, -0.1249 1.1811 6.9172, -0.1233 1.1811 6.9103, -0.1873 1.1811 6.8913, -0.123 1.1811 6.9055, -0.1238 1.1811 6.8986, -0.1376 1.1811 6.8813, -0.1444 1.1811 6.8787
            ]
        }
        coordIndex [
            0,1,2,-1,1,3,4,-1,4,5,1,-1,1,5,6,-1,1,6,2,-1,0,2,7,-1,7,2,8,-1,7,8,9,-1,10,11,12,-1,10,12,13,-1,14,12,15,-1,15,12,16,-1,8,17,9,-1,9,17,18,-1,9,18,19,-1,19,18,20,-1,19,20,12,-1,12,20,21,-1,12,21,13,-1,11,22,12,-1,12,22,23,-1,12,23,16,-1,
        ]
    }
}
Shape{
    appearance Appearance {
        material  Material 	{
            diffuseColor 1.0 1.0 1.0
            specularColor 0.5019607843137255 0.5019607843137255 0.5019607843137255
            ambientIntensity 1.0
            transparency 0.0
            shininess 0.5
        }
    }
    geometry IndexedFaceSet {
        ccw TRUE
        solid FALSE
        coord DEF co Coordinate {
            point [
                -0.2711 1.1811 6.8932, -0.2711 1.1811 6.8932, -0.2829 1.1811 6.8857, -0.3204 1.1811 6.8762, -0.3204 1.1811 6.8762, -0.3017 1.1811 6.8785, -0.3017 1.1811 6.8785, -0.2861 1.1811 6.8845, -0.2829 1.1811 6.8857, -0.2708 1.1811 6.8621, -0.2708 1.1811 6.8621, -0.2893 1.1811 6.8551, -0.2861 1.1811 6.8564, -0.2893 1.1811 6.8551, -0.3167 1.1811 6.8518, -0.3173 1.1811 6.8517, -0.3173 1.1811 6.8517, -0.318 1.1811 6.8518, -0.3442 1.1811 6.8546, -0.3442 1.1811 6.8546, -0.3602 1.1811 6.8606, -0.3602 1.1811 6.8606, -0.3674 1.1811 6.865, -0.3674 1.1811 6.865, -0.376 1.1811 6.8724, -0.376 1.1811 6.8724, -0.3817 1.1811 6.8803, -0.3817 1.1811 6.8803, -0.3855 1.1811 6.8898, -0.3855 1.1811 6.8898, -0.387 1.1811 6.9019, -0.387 1.1811 6.9019, -0.3858 1.1811 6.9131, -0.3858 1.1811 6.9131, -0.3827 1.1811 6.922, -0.3827 1.1811 6.922, -0.3771 1.1811 6.9303, -0.3771 1.1811 6.9303, -0.37 1.1811 6.9368, -0.37 1.1811 6.9368, -0.3501 1.1811 6.9481, -0.3501 1.1811 6.9481, -0.3385 1.1811 6.9529, -0.3385 1.1811 6.9529, -0.3199 1.1811 6.9611, -0.3199 1.1811 6.9611, -0.3094 1.1811 6.9678, -0.3094 1.1811 6.9678, -0.3064 1.1811 6.971, -0.3064 1.1811 6.971, -0.3043 1.1811 6.9751, -0.3043 1.1811 6.9751, -0.3031 1.1811 6.9798, -0.3031 1.1811 6.9798, -0.3029 1.1811 6.9838, -0.3029 1.1811 6.9838, -0.3035 1.1811 6.9886, -0.3035 1.1811 6.9886, -0.305 1.1811 6.9927, -0.305 1.1811 6.9927, -0.3076 1.1811 6.9965, -0.3076 1.1811 6.9965, -0.3122 1.1811 7.0004, -0.3122 1.1811 7.0004, -0.3189 1.1811 7.004, -0.3189 1.1811 7.004, -0.327 1.1811 7.0061, -0.327 1.1811 7.0061, -0.3359 1.1811 7.0067, -0.3359 1.1811 7.0067, -0.3554 1.1811 7.0043, -0.3554 1.1811 7.0043, -0.3723 1.1811 6.9981, -0.3723 1.1811 6.9981, -0.3794 1.1811 6.9939, -0.3794 1.1811 6.9939, -0.3796 1.1811 7.0232, -0.3796 1.1811 7.0232, -0.3601 1.1811 7.0291, -0.3601 1.1811 7.0291, -0.339 1.1811 7.0311, -0.339 1.1811 7.0311, -0.3177 1.1811 7.029, -0.3177 1.1811 7.029, -0.301 1.1811 7.0234, -0.301 1.1811 7.0234, -0.2914 1.1811 7.0178, -0.2914 1.1811 7.0178, -0.2824 1.1811 7.0098, -0.2861 1.1811 7.0131, -0.2824 1.1811 7.0098, -0.2768 1.1811 7.0017, -0.2768 1.1811 7.0017, -0.2731 1.1811 6.9921, -0.2731 1.1811 6.9921, -0.2719 1.1811 6.9813, -0.2719 1.1811 6.9813, -0.2731 1.1811 6.9696, -0.2731 1.1811 6.9696, -0.2763 1.1811 6.9604, -0.2763 1.1811 6.9604, -0.2802 1.1811 6.9541, -0.2802 1.1811 6.9541, -0.3171 1.1811 6.9311, -0.3171 1.1811 6.9311, -0.2992 1.1811 6.9395, -0.2851 1.1811 6.9489, -0.2851 1.1811 6.9489, -0.2861 1.1811 6.9483, -0.2992 1.1811 6.9395, -0.3368 1.1811 6.9227, -0.3368 1.1811 6.9227, -0.3485 1.1811 6.9156, -0.3485 1.1811 6.9156, -0.3522 1.1811 6.9116, -0.3522 1.1811 6.9116, -0.3545 1.1811 6.9076, -0.3545 1.1811 6.9076, -0.3558 1.1811 6.9029, -0.3558 1.1811 6.9029, -0.3561 1.1811 6.8992, -0.3561 1.1811 6.8992, -0.3554 1.1811 6.8934, -0.3554 1.1811 6.8934, -0.3539 1.1811 6.8892, -0.3539 1.1811 6.8892, -0.3512 1.1811 6.8853, -0.3512 1.1811 6.8853, -0.3477 1.1811 6.8823, -0.3477 1.1811 6.8823, -0.345 1.1811 6.8806, -0.345 1.1811 6.8806, -0.3372 1.1811 6.8778, -0.3372 1.1811 6.8778, -0.3218 1.1811 6.8762, -0.3218 1.1811 6.8762, -0.537 1.1811 7.0257, -0.5682 1.1811 7.0255, -0.537 1.1811 7.0257, -0.5682 1.1811 7.0255, -0.4893 1.1811 6.8969, -0.4893 1.1811 6.8969, -0.4869 1.1811 6.8889, -0.4869 1.1811 6.8889, -0.4855 1.1811 6.883, -0.4855 1.1811 6.883, -0.4847 1.1811 6.883, -0.4847 1.1811 6.883, -0.4811 1.1811 6.8972, -0.4811 1.1811 6.8972, -0.4372 1.1811 7.0265, -0.4372 1.1811 7.0265, -0.4533 1.1811 6.979, -0.4035 1.1811 7.0267, -0.4035 1.1811 7.0267, -0.4696 1.1811 6.855, -0.4696 1.1811 6.855, -0.4533 1.1811 6.8974, -0.4562 1.1811 6.8239, -0.4562 1.1811 6.8239, -0.4682 1.1811 6.8518, -0.4533 1.1811 6.8187, -0.4502 1.1811 6.8131, -0.4502 1.1811 6.8131, -0.449 1.1811 6.8118, -0.4445 1.1811 6.8069, -0.4445 1.1811 6.8069, -0.4393 1.1811 6.8033, -0.4393 1.1811 6.8033, -0.4327 1.1811 6.8008, -0.4327 1.1811 6.8008, -0.4252 1.1811 6.8, -0.4252 1.1811 6.8, -0.4143 1.1811 6.8015, -0.4143 1.1811 6.8015, -0.4082 1.1811 6.8035, -0.4082 1.1811 6.8035, -0.408 1.1811 6.7767, -0.408 1.1811 6.7767, -0.4207 1.1811 6.7744, -0.4207 1.1811 6.7744, -0.4274 1.1811 6.7741, -0.4274 1.1811 6.7741, -0.4395 1.1811 6.7755, -0.4395 1.1811 6.7755, -0.4514 1.1811 6.7799, -0.4514 1.1811 6.7799, -0.4533 1.1811 6.7812, -0.462 1.1811 6.7872, -0.489 1.1811 6.8286, -0.489 1.1811 6.8286, -0.4802 1.1811 6.8118, -0.4751 1.1811 6.8022, -0.4751 1.1811 6.8022, -0.464 1.1811 6.789, -0.464 1.1811 6.789, -0.462 1.1811 6.7872, -0.4983 1.1811 6.8518, -0.7288 1.1811 6.8802, -0.7286 1.1811 6.8528, -0.7288 1.1811 6.8802, -0.7286 1.1811 6.8528, -0.6306 1.1811 6.8809, -0.6306 1.1811 6.8809, -0.6786 1.1811 6.8806, -0.6312 1.1811 6.9617, -0.6312 1.1811 6.9617, -0.7171 1.1811 6.9611, -0.7171 1.1811 6.9611, -0.6786 1.1811 6.9614, -0.7173 1.1811 6.9886, -0.7173 1.1811 6.9886, -0.6314 1.1811 6.9892, -0.6314 1.1811 6.9892, -0.6786 1.1811 6.9889, -0.6319 1.1811 7.0661, -0.6319 1.1811 7.0661, -0.7246 1.1811 7.0654, -0.7246 1.1811 7.0654, -0.6786 1.1811 7.0658, -0.7248 1.1811 7.0931, -0.7248 1.1811 7.0931, -0.6011 1.1811 7.0939, -0.6011 1.1811 7.0939, -0.6786 1.1811 7.0934, -0.5994 1.1811 6.8537, -0.5994 1.1811 6.8537, -0.6786 1.1811 6.8532, -0.9336 1.1811 6.885, -0.9088 1.1811 6.9013, -0.9083 1.1811 6.8672, -0.8932 1.1811 6.8907, -0.8808 1.1811 6.8567, -0.8733 1.1811 6.8831, -0.8401 1.1811 6.852, -0.8401 1.1811 6.8794, -0.774 1.1811 6.8525, -0.8052 1.1811 6.8797, -0.7757 1.1811 7.0927, -0.8065 1.1811 7.0649, -0.8442 1.1811 7.0922, -0.8428 1.1811 7.0646, -0.8448 1.1811 7.0646, -0.8809 1.1811 7.0879, -0.8757 1.1811 7.0605, -0.9098 1.1811 7.0771, -0.8961 1.1811 7.0524, -0.9348 1.1811 7.0598, -0.9119 1.1811 7.0415, -0.9432 1.1811 7.0514, -0.9186 1.1811 7.0348, -0.958 1.1811 7.0303, -0.9279 1.1811 7.0213, -0.9667 1.1811 7.0073, -0.9345 1.1811 7.0036, -0.9704 1.1811 6.9743, -0.9378 1.1811 6.9737, -0.9696 1.1811 6.959, -0.9368 1.1811 6.9575, -0.9636 1.1811 6.9309, -0.9318 1.1811 6.9357, -0.9516 1.1811 6.9061, -0.9233 1.1811 6.9181, -0.9116 1.1811 6.904, -0.8401 1.1811 6.852, -0.774 1.1811 6.8525, -0.8808 1.1811 6.8567, -0.9083 1.1811 6.8672, -0.9336 1.1811 6.885, -0.9516 1.1811 6.9061, -0.9636 1.1811 6.9309, -0.9696 1.1811 6.959, -0.9704 1.1811 6.9743, -0.9667 1.1811 7.0073, -0.958 1.1811 7.0303, -0.9432 1.1811 7.0514, -0.9348 1.1811 7.0598, -0.9098 1.1811 7.0771, -0.8809 1.1811 7.0879, -0.8442 1.1811 7.0922, -0.7757 1.1811 7.0927, -0.8428 1.1811 7.0646, -0.8065 1.1811 7.0649, -0.8052 1.1811 6.8797, -0.8401 1.1811 6.8794, -0.9116 1.1811 6.904, -0.9088 1.1811 6.9013, -0.8932 1.1811 6.8907, -0.8733 1.1811 6.8831, -0.9378 1.1811 6.9737, -0.9368 1.1811 6.9575, -0.9318 1.1811 6.9357, -0.9233 1.1811 6.9181, -0.9119 1.1811 7.0415, -0.9186 1.1811 7.0348, -0.9279 1.1811 7.0213, -0.9345 1.1811 7.0036, -0.8448 1.1811 7.0646, -0.8757 1.1811 7.0605, -0.8961 1.1811 7.0524
            ]
        }
        coordIndex [
            0,1,2,-1,3,4,5,-1,3,5,6,-1,6,5,7,-1,6,7,2,-1,2,7,8,-1,2,8,0,-1,9,1,10,-1,10,1,0,-1,11,9,12,-1,12,9,10,-1,12,13,11,-1,11,13,14,-1,11,14,15,-1,15,14,16,-1,15,16,17,-1,15,17,18,-1,17,19,18,-1,18,19,20,-1,18,20,21,-1,21,20,22,-1,21,22,23,-1,23,22,24,-1,23,24,25,-1,25,24,26,-1,25,26,27,-1,27,26,28,-1,27,28,29,-1,29,28,30,-1,29,30,31,-1,31,30,32,-1,31,32,33,-1,33,32,34,-1,33,34,35,-1,35,34,36,-1,35,36,37,-1,37,36,38,-1,37,38,39,-1,39,38,40,-1,39,40,41,-1,41,40,42,-1,41,42,43,-1,43,42,44,-1,43,44,45,-1,45,44,46,-1,45,46,47,-1,47,46,48,-1,47,48,49,-1,49,48,50,-1,49,50,51,-1,51,50,52,-1,51,52,53,-1,53,52,54,-1,53,54,55,-1,55,54,56,-1,55,56,57,-1,57,56,58,-1,57,58,59,-1,59,58,60,-1,59,60,61,-1,61,60,62,-1,61,62,63,-1,63,62,64,-1,63,64,65,-1,65,64,66,-1,65,66,67,-1,67,66,68,-1,67,68,69,-1,69,68,70,-1,69,70,71,-1,71,70,72,-1,71,72,73,-1,73,72,74,-1,73,74,75,-1,76,75,77,-1,77,75,74,-1,76,77,78,-1,76,78,79,-1,79,78,80,-1,79,80,81,-1,81,80,82,-1,81,82,83,-1,83,82,84,-1,83,84,85,-1,85,84,86,-1,85,86,87,-1,88,87,89,-1,89,87,86,-1,89,90,88,-1,88,90,91,-1,88,91,92,-1,92,91,93,-1,92,93,94,-1,94,93,95,-1,94,95,96,-1,96,95,97,-1,96,97,98,-1,98,97,99,-1,98,99,100,-1,100,99,101,-1,100,101,102,-1,103,104,105,-1,102,101,106,-1,102,106,107,-1,107,106,108,-1,107,108,105,-1,105,108,109,-1,105,109,103,-1,104,103,110,-1,104,110,111,-1,111,110,112,-1,111,112,113,-1,113,112,114,-1,113,114,115,-1,115,114,116,-1,115,116,117,-1,117,116,118,-1,117,118,119,-1,119,118,120,-1,119,120,121,-1,121,120,122,-1,121,122,123,-1,123,122,124,-1,123,124,125,-1,125,124,126,-1,125,126,127,-1,127,126,128,-1,127,128,129,-1,129,128,130,-1,129,130,131,-1,131,130,132,-1,131,132,133,-1,133,132,134,-1,133,134,135,-1,135,134,4,-1,135,4,3,-1,61,63,85,-1,85,63,83,-1,111,43,104,-1,104,43,45,-1,21,23,127,-1,127,23,25,-1,127,25,125,-1,125,25,27,-1,125,27,123,-1,123,27,29,-1,123,29,121,-1,121,29,31,-1,121,31,119,-1,119,31,33,-1,119,33,117,-1,117,33,35,-1,117,35,115,-1,115,35,37,-1,115,37,113,-1,113,37,39,-1,113,39,111,-1,111,39,41,-1,111,41,43,-1,15,3,11,-1,11,3,6,-1,11,6,9,-1,9,6,2,-1,9,2,1,-1,63,65,83,-1,83,65,67,-1,83,67,81,-1,81,67,69,-1,81,69,79,-1,79,69,71,-1,79,71,76,-1,76,71,73,-1,76,73,75,-1,127,129,21,-1,21,129,131,-1,21,131,18,-1,18,131,133,-1,18,133,15,-1,15,133,135,-1,15,135,3,-1,85,87,61,-1,61,87,88,-1,61,88,59,-1,59,88,92,-1,59,92,57,-1,57,92,94,-1,57,94,55,-1,55,94,96,-1,55,96,53,-1,53,96,98,-1,53,98,51,-1,51,98,100,-1,51,100,49,-1,49,100,102,-1,49,102,47,-1,47,102,107,-1,47,107,45,-1,45,107,105,-1,45,105,104,-1,136,137,138,-1,138,137,139,-1,140,136,141,-1,141,136,138,-1,140,141,142,-1,140,142,143,-1,143,142,144,-1,143,144,145,-1,146,145,147,-1,147,145,144,-1,148,146,149,-1,149,146,147,-1,150,151,152,-1,152,151,148,-1,152,148,149,-1,153,151,154,-1,154,151,150,-1,155,156,157,-1,157,156,153,-1,157,153,154,-1,158,159,160,-1,160,159,156,-1,160,156,155,-1,159,158,161,-1,159,161,162,-1,161,163,162,-1,162,163,164,-1,162,164,165,-1,164,166,165,-1,165,166,167,-1,165,167,168,-1,168,167,169,-1,168,169,170,-1,170,169,171,-1,170,171,172,-1,172,171,173,-1,172,173,174,-1,174,173,175,-1,174,175,176,-1,177,176,178,-1,178,176,175,-1,177,178,179,-1,177,179,180,-1,180,179,181,-1,180,181,182,-1,182,181,183,-1,182,183,184,-1,184,183,185,-1,184,185,186,-1,186,185,187,-1,186,187,188,-1,189,190,191,-1,191,190,192,-1,191,192,193,-1,193,192,194,-1,193,194,195,-1,195,194,188,-1,195,188,196,-1,196,188,187,-1,139,137,197,-1,197,137,190,-1,197,190,189,-1,143,145,190,-1,137,136,190,-1,190,136,140,-1,190,140,143,-1,151,153,148,-1,148,153,156,-1,148,156,146,-1,176,177,174,-1,174,177,180,-1,174,180,172,-1,172,180,182,-1,172,182,170,-1,170,182,184,-1,170,184,168,-1,168,184,186,-1,168,186,165,-1,145,146,190,-1,190,146,156,-1,190,156,192,-1,156,159,192,-1,192,159,162,-1,192,162,194,-1,194,162,165,-1,194,165,188,-1,188,165,186,-1,198,199,200,-1,200,199,201,-1,202,203,204,-1,204,203,198,-1,204,198,200,-1,205,203,206,-1,206,203,202,-1,207,208,209,-1,209,208,205,-1,209,205,206,-1,210,208,211,-1,211,208,207,-1,212,213,214,-1,214,213,210,-1,214,210,211,-1,215,213,216,-1,216,213,212,-1,217,218,219,-1,219,218,215,-1,219,215,216,-1,220,218,221,-1,221,218,217,-1,222,223,224,-1,224,223,220,-1,224,220,221,-1,225,223,226,-1,226,223,222,-1,201,199,227,-1,227,199,225,-1,227,225,226,-1,199,198,225,-1,225,198,203,-1,208,210,205,-1,205,210,213,-1,218,220,215,-1,215,220,223,-1,215,223,213,-1,213,223,225,-1,213,225,205,-1,205,225,203,-1,228,229,230,-1,230,229,231,-1,230,231,232,-1,232,231,233,-1,232,233,234,-1,234,233,235,-1,234,235,236,-1,236,235,237,-1,236,237,238,-1,238,237,239,-1,238,239,240,-1,239,241,240,-1,240,241,242,-1,240,242,243,-1,243,242,244,-1,243,244,245,-1,245,244,246,-1,245,246,247,-1,247,246,248,-1,247,248,249,-1,249,248,250,-1,249,250,251,-1,251,250,252,-1,251,252,253,-1,253,252,254,-1,253,254,255,-1,255,254,256,-1,255,256,257,-1,257,256,258,-1,257,258,259,-1,259,258,260,-1,259,260,261,-1,261,260,262,-1,261,262,228,-1,228,262,263,-1,228,263,229,-1,234,236,264,-1,264,236,265,-1,234,264,266,-1,234,266,232,-1,232,266,267,-1,232,267,230,-1,230,267,268,-1,230,268,228,-1,228,268,269,-1,228,269,261,-1,261,269,270,-1,261,270,259,-1,259,270,271,-1,259,271,257,-1,257,271,272,-1,257,272,255,-1,255,272,273,-1,255,273,253,-1,253,273,274,-1,253,274,251,-1,251,274,275,-1,251,275,249,-1,249,275,276,-1,249,276,247,-1,247,276,277,-1,247,277,245,-1,245,277,278,-1,245,278,243,-1,243,278,279,-1,243,279,240,-1,238,240,280,-1,280,240,279,-1,236,238,265,-1,265,238,280,-1,241,239,281,-1,281,239,282,-1,239,237,282,-1,282,237,283,-1,237,235,283,-1,283,235,284,-1,263,285,286,-1,263,286,229,-1,229,286,287,-1,229,287,231,-1,231,287,288,-1,231,288,233,-1,233,288,284,-1,233,284,235,-1,256,289,290,-1,256,290,258,-1,258,290,291,-1,258,291,260,-1,260,291,292,-1,260,292,262,-1,262,292,285,-1,262,285,263,-1,248,293,294,-1,248,294,250,-1,250,294,295,-1,250,295,252,-1,252,295,296,-1,252,296,254,-1,254,296,289,-1,254,289,256,-1,241,281,297,-1,241,297,242,-1,242,297,298,-1,242,298,244,-1,244,298,299,-1,244,299,246,-1,246,299,293,-1,246,293,248,-1,
        ]
    }
}
Shape{
    appearance Appearance {
        material  Material 	{
            diffuseColor 0.2235294117647059 0.2235294117647059 0.2235294117647059
            specularColor 0.11372549019607843 0.11372549019607843 0.11372549019607843
            ambientIntensity 0.2235
            transparency 0.0
            shininess 0.5
        }
    }
    geometry IndexedFaceSet {
        ccw TRUE
        solid FALSE
        coord DEF co Coordinate {
            point [
                -0.8932 1.1811 6.8907, -0.9088 1.1811 6.9013, -0.8448 1.1811 7.0646, -0.8065 1.1811 7.0649, -0.8052 1.1811 6.8797, -0.8428 1.1811 7.0646, -0.8401 1.1811 6.8794, -0.8733 1.1811 6.8831, -0.9116 1.1811 6.904, -0.9233 1.1811 6.9181, -0.9318 1.1811 6.9357, -0.9378 1.1811 6.9737, -0.9119 1.1811 7.0415, -0.8961 1.1811 7.0524, -0.9345 1.1811 7.0036, -0.9279 1.1811 7.0213, -0.9186 1.1811 7.0348, -0.9368 1.1811 6.9575, -0.8757 1.1811 7.0605
            ]
        }
        coordIndex [
            0,1,2,-1,3,4,5,-1,5,4,6,-1,5,6,2,-1,2,6,7,-1,2,7,0,-1,1,8,2,-1,2,8,9,-1,2,9,10,-1,11,12,13,-1,14,15,11,-1,11,15,16,-1,11,16,12,-1,10,17,2,-1,2,17,11,-1,2,11,18,-1,18,11,13,-1,
        ]
    }
}
Shape{
    appearance Appearance {
        material  Material 	{
            diffuseColor 1.0 1.0 1.0
            specularColor 0.5019607843137255 0.5019607843137255 0.5019607843137255
            ambientIntensity 1.0
            transparency 0.0
            shininess 0.5
        }
    }
    geometry IndexedFaceSet {
        ccw TRUE
        solid FALSE
        coord DEF co Coordinate {
            point [
                -1.0507 1.1811 6.9434, -1.0873 1.1811 7.043, -1.0761 1.1811 7.0906, -0.9829 1.1811 6.851, -1.0171 1.1811 6.8508, -1.0407 1.1811 6.9163, -1.0895 1.1811 7.0501, -1.0914 1.1811 7.0598, -1.1092 1.1811 7.0903, -1.0921 1.1811 7.0598, -1.094 1.1811 7.0496, -1.0957 1.1811 7.0429, -1.1313 1.1811 6.9428, -1.199 1.1811 6.8495, -1.1647 1.1811 6.8497, -1.1407 1.1811 6.9156, -1.1092 1.1811 7.0903, -1.1982 1.1811 6.8518, -1.199 1.1811 6.8495, -1.0761 1.1811 7.0906, -0.9829 1.1811 6.851, -0.9832 1.1811 6.8518, -1.0171 1.1811 6.8508, -1.0407 1.1811 6.9163, -1.0175 1.1811 6.8518, -1.1407 1.1811 6.9156, -1.1647 1.1811 6.8497, -1.164 1.1811 6.8518, -1.0507 1.1811 6.9434, -1.1313 1.1811 6.9428, -1.0957 1.1811 7.0429, -1.0921 1.1811 7.0598, -1.094 1.1811 7.0496, -1.0914 1.1811 7.0598, -1.0873 1.1811 7.043, -1.0895 1.1811 7.0501
            ]
        }
        coordIndex [
            0,1,2,-1,3,4,5,-1,1,6,2,-1,2,6,7,-1,2,7,8,-1,8,7,9,-1,8,9,10,-1,10,11,8,-1,8,11,12,-1,8,12,13,-1,14,13,15,-1,15,13,12,-1,15,12,5,-1,5,12,0,-1,5,0,3,-1,3,0,2,-1,16,8,17,-1,17,8,13,-1,17,13,18,-1,2,8,19,-1,19,8,16,-1,20,3,21,-1,21,3,2,-1,21,2,19,-1,4,3,22,-1,22,3,20,-1,23,5,24,-1,24,5,4,-1,24,4,22,-1,15,5,25,-1,25,5,23,-1,26,14,27,-1,27,14,15,-1,27,15,25,-1,13,14,18,-1,18,14,26,-1,0,12,28,-1,28,12,29,-1,12,11,29,-1,29,11,30,-1,9,31,32,-1,9,32,10,-1,10,32,30,-1,10,30,11,-1,9,7,31,-1,31,7,33,-1,1,34,35,-1,1,35,6,-1,6,35,33,-1,6,33,7,-1,1,0,34,-1,34,0,28,-1,
        ]
    }
}
Shape{
    appearance Appearance {
        material  Material 	{
            diffuseColor 0.2235294117647059 0.2235294117647059 0.2235294117647059
            specularColor 0.11372549019607843 0.11372549019607843 0.11372549019607843
            ambientIntensity 0.2235
            transparency 0.0
            shininess 0.5
        }
    }
    geometry IndexedFaceSet {
        ccw TRUE
        solid FALSE
        coord DEF co Coordinate {
            point [
                -1.0921 1.1811 7.0598, -1.0914 1.1811 7.0598, -1.094 1.1811 7.0496, -1.0895 1.1811 7.0501, -1.0957 1.1811 7.0429, -1.0873 1.1811 7.043, -1.1313 1.1811 6.9428, -1.0507 1.1811 6.9434
            ]
        }
        coordIndex [
            0,1,2,-1,2,1,3,-1,2,3,4,-1,4,3,5,-1,4,5,6,-1,6,5,7,-1,
        ]
    }
}
Shape{
    appearance Appearance {
        material  Material 	{
            diffuseColor 1.0 1.0 1.0
            specularColor 0.5019607843137255 0.5019607843137255 0.5019607843137255
            ambientIntensity 1.0
            transparency 0.0
            shininess 0.5
        }
    }
    geometry IndexedFaceSet {
        ccw TRUE
        solid FALSE
        coord DEF co Coordinate {
            point [
                1.1269 1.1811 6.8319, 1.1017 1.1811 6.8004, 1.1412 1.1811 6.9831, 0.5702 1.1811 7.0627, 0.6225 1.1811 7.1536, 0.8522 1.1811 7.0357, 0.9709 1.1811 6.986, 0.9548 1.1811 6.9809, 1.1688 1.1811 7.2801, 1.1306 1.1811 7.3, 1.1389 1.1811 7.4052, 1.0323 1.1811 7.4093, 0.9803 1.1811 7.2843, 0.9538 1.1811 7.3381, 1.1783 1.1811 7.0063, 1.1653 1.1811 6.8753, 1.1437 1.1811 6.8687, 1.0716 1.1811 7.413, 0.9407 1.1811 6.972, 0.9293 1.1811 6.9601, 0.8102 1.1811 6.938, 0.9214 1.1811 6.9463, 0.917 1.1811 6.9308, 0.8103 1.1811 6.921, 0.9165 1.1811 6.9142, 0.9988 1.1811 6.9851, 1.0207 1.1811 7.0899, 1.0137 1.1811 6.9794, 1.0585 1.1811 7.0758, 1.0272 1.1811 6.9701, 1.0936 1.1811 7.0518, 1.0349 1.1811 6.962, 1.1221 1.1811 7.0197, 1.0436 1.1811 6.9478, 1.0485 1.1811 6.9317, 0.918 1.1811 7.0828, 0.9591 1.1811 7.0933, 0.9799 1.1811 7.0947, 0.5127 1.1811 7.2314, 0.499 1.1811 7.2313, 0.4283 1.1811 7.323, 0.4665 1.1811 7.2271, 0.4199 1.1811 7.3201, 0.4368 1.1811 7.2154, 0.3693 1.1811 7.2946, 0.3233 1.1811 7.255, 0.997 1.1811 7.4498, 0.9152 1.1811 7.3836, 0.9566 1.1811 7.4839, 0.8691 1.1811 7.4167, 0.9087 1.1811 7.5125, 1.0884 1.1811 7.3097, 1.0706 1.1811 7.3105, 1.0519 1.1811 7.4118, 1.0306 1.1811 7.3053, 0.9924 1.1811 7.291, 0.3252 1.1811 6.9363, 0.4043 1.1811 7.0047, 0.3719 1.1811 6.8973, 0.4297 1.1811 6.9842, 0.4242 1.1811 6.8722, 0.4599 1.1811 6.9705, 0.4811 1.1811 6.8606, 0.4906 1.1811 6.9648, 0.5819 1.1811 6.8613, 0.5675 1.1811 6.9654, 0.5915 1.1811 6.8629, 0.9824 1.1811 6.9871, 0.8819 1.1811 7.0631, 0.4105 1.1811 7.1967, 0.3909 1.1811 7.1746, 0.2888 1.1811 7.2062, 0.3753 1.1811 7.145, 0.2682 1.1811 7.1539, 0.3675 1.1811 7.1121, 0.2608 1.1811 7.0981, 0.3667 1.1811 7.0972, 0.2691 1.1811 7.0372, 0.3711 1.1811 7.0639, 0.291 1.1811 6.9833, 0.3831 1.1811 7.0336, 0.402 1.1811 7.0071, 0.5196 1.1811 7.4586, 0.5869 1.1811 7.3805, 0.4615 1.1811 7.3897, 0.5487 1.1811 7.3343, 0.5228 1.1811 7.279, 1.2372 1.1811 7.1822, 1.3496 1.1811 7.1547, 1.2426 1.1811 7.1409, 1.3502 1.1811 7.1383, 1.2407 1.1811 7.1146, 1.3424 1.1811 7.0714, 1.2288 1.1811 7.0727, 1.3184 1.1811 7.0076, 1.2087 1.1811 7.038, 1.2798 1.1811 6.9516, 1.2268 1.1811 6.9058, 1.0299 1.1811 6.8734, 1.0391 1.1811 6.8848, 1.0459 1.1811 6.8991, 1.0492 1.1811 6.915, 0.8294 1.1811 7.5408, 0.8132 1.1811 7.4389, 0.7512 1.1811 7.5491, 0.7502 1.1811 7.4466, 0.6714 1.1811 7.5389, 0.6924 1.1811 7.4391, 0.5868 1.1811 7.5058, 0.639 1.1811 7.4182, 0.5912 1.1811 7.3845, 1.2023 1.1811 7.3811, 1.2569 1.1811 7.3433, 1.1984 1.1811 7.2541, 1.2685 1.1811 7.3324, 1.2223 1.1811 7.2202, 1.31 1.1811 7.2801, 1.3377 1.1811 7.2188, 1.0169 1.1811 6.8633, 1.0685 1.1811 6.775, 1.0015 1.1811 6.8566, 1.0292 1.1811 6.7581, 0.9862 1.1811 6.854, 0.9889 1.1811 6.7516, 0.9833 1.1811 6.8539, 0.9823 1.1811 6.7514, 0.9668 1.1811 6.8558, 0.9409 1.1811 6.7562, 0.9519 1.1811 6.8615, 0.9028 1.1811 6.7706, 0.9388 1.1811 6.8706, 0.8686 1.1811 6.794, 0.9279 1.1811 6.8829, 0.8421 1.1811 6.8232, 0.9203 1.1811 6.8977, 0.8217 1.1811 6.8611, 0.8114 1.1811 6.9032, 0.5761 1.1811 6.967, 0.6177 1.1811 6.8795, 0.6138 1.1811 6.8754, 0.571 1.1811 6.9658, 0.6028 1.1811 6.8674, 0.631 1.1811 6.9146, 0.6295 1.1811 6.9018, 0.6251 1.1811 6.8902, 0.591 1.1811 6.9655, 0.6027 1.1811 6.961, 0.6306 1.1811 6.9213, 0.6133 1.1811 6.9536, 0.6204 1.1811 6.9459, 0.627 1.1811 6.9343, 0.5777 1.1811 6.9671, 0.2608 1.1811 7.0981, 0.2682 1.1811 7.1539, 0.2729 1.1811 7.1657, 0.2888 1.1811 7.2062, 0.3086 1.1811 7.2344, 0.3233 1.1811 7.255, 0.3693 1.1811 7.2946, 0.4199 1.1811 7.3201, 0.4283 1.1811 7.323, 0.4615 1.1811 7.3897, 0.5196 1.1811 7.4586, 0.5478 1.1811 7.4784, 0.5868 1.1811 7.5058, 0.6714 1.1811 7.5389, 0.7512 1.1811 7.5491, 0.8294 1.1811 7.5408, 0.9087 1.1811 7.5125, 0.9566 1.1811 7.4839, 1.0323 1.1811 7.4093, 0.9631 1.1811 7.4784, 0.997 1.1811 7.4498, 1.0519 1.1811 7.4118, 1.0716 1.1811 7.413, 1.1389 1.1811 7.4052, 1.2023 1.1811 7.3811, 1.2569 1.1811 7.3433, 1.2685 1.1811 7.3324, 1.3502 1.1811 7.1383, 1.31 1.1811 7.2801, 1.3306 1.1811 7.2344, 1.3377 1.1811 7.2188, 1.3476 1.1811 7.1657, 1.3496 1.1811 7.1547, 1.3424 1.1811 7.0714, 1.3184 1.1811 7.0076, 1.2798 1.1811 6.9516, 1.2268 1.1811 6.9058, 1.1653 1.1811 6.8753, 1.1437 1.1811 6.8687, 1.136 1.1811 6.8518, 1.1269 1.1811 6.8319, 1.1108 1.1811 6.8118, 1.1017 1.1811 6.8004, 1.0685 1.1811 6.775, 1.0292 1.1811 6.7581, 0.9889 1.1811 6.7516, 0.9823 1.1811 6.7514, 0.9409 1.1811 6.7562, 0.9028 1.1811 6.7706, 0.8686 1.1811 6.794, 0.8524 1.1811 6.8118, 0.8421 1.1811 6.8232, 0.8267 1.1811 6.8518, 0.8217 1.1811 6.8611, 0.8114 1.1811 6.9032, 0.8103 1.1811 6.921, 0.8102 1.1811 6.938, 0.5702 1.1811 7.0627, 0.6225 1.1811 7.1536, 0.8522 1.1811 7.0357, 0.8819 1.1811 7.0631, 0.918 1.1811 7.0828, 0.9591 1.1811 7.0933, 0.9799 1.1811 7.0947, 1.0207 1.1811 7.0899, 1.0585 1.1811 7.0758, 1.0936 1.1811 7.0518, 1.1221 1.1811 7.0197, 1.1412 1.1811 6.9831, 1.1783 1.1811 7.0063, 1.2087 1.1811 7.038, 1.2288 1.1811 7.0727, 1.2407 1.1811 7.1146, 1.2426 1.1811 7.1409, 1.2394 1.1811 7.1657, 1.2372 1.1811 7.1822, 1.2223 1.1811 7.2202, 1.2123 1.1811 7.2344, 1.1984 1.1811 7.2541, 1.1688 1.1811 7.2801, 1.1306 1.1811 7.3, 1.0884 1.1811 7.3097, 1.0706 1.1811 7.3105, 1.0306 1.1811 7.3053, 0.9924 1.1811 7.291, 0.9803 1.1811 7.2843, 0.9538 1.1811 7.3381, 0.9152 1.1811 7.3836, 0.8691 1.1811 7.4167, 0.8132 1.1811 7.4389, 0.7502 1.1811 7.4466, 0.5127 1.1811 7.2314, 0.5133 1.1811 7.2344, 0.5228 1.1811 7.279, 0.5487 1.1811 7.3343, 0.5869 1.1811 7.3805, 0.5912 1.1811 7.3845, 0.639 1.1811 7.4182, 0.6924 1.1811 7.4391, 0.499 1.1811 7.2313, 0.4665 1.1811 7.2271, 0.4368 1.1811 7.2154, 0.4105 1.1811 7.1967, 0.3909 1.1811 7.1746, 0.3862 1.1811 7.1657, 0.3753 1.1811 7.145, 0.3675 1.1811 7.1121, 0.3667 1.1811 7.0972, 0.3711 1.1811 7.0639, 0.3831 1.1811 7.0336, 0.402 1.1811 7.0071, 0.4043 1.1811 7.0047, 0.4297 1.1811 6.9842, 0.4599 1.1811 6.9705, 0.4906 1.1811 6.9648, 0.5675 1.1811 6.9654, 0.571 1.1811 6.9658, 0.5761 1.1811 6.967, 0.5777 1.1811 6.9671, 0.591 1.1811 6.9655, 0.6027 1.1811 6.961, 0.6133 1.1811 6.9536, 0.6204 1.1811 6.9459, 0.627 1.1811 6.9343, 0.6306 1.1811 6.9213, 0.631 1.1811 6.9146, 0.6295 1.1811 6.9018, 0.6251 1.1811 6.8902, 0.6177 1.1811 6.8795, 0.6138 1.1811 6.8754, 0.6028 1.1811 6.8674, 0.5915 1.1811 6.8629, 0.5819 1.1811 6.8613, 0.4811 1.1811 6.8606, 0.4242 1.1811 6.8722, 0.3719 1.1811 6.8973, 0.3252 1.1811 6.9363, 0.291 1.1811 6.9833, 0.2691 1.1811 7.0372, 0.9824 1.1811 6.9871, 0.9709 1.1811 6.986, 0.9548 1.1811 6.9809, 0.9407 1.1811 6.972, 0.9293 1.1811 6.9601, 0.9214 1.1811 6.9463, 0.917 1.1811 6.9308, 0.9165 1.1811 6.9142, 0.9203 1.1811 6.8977, 0.9279 1.1811 6.8829, 0.9388 1.1811 6.8706, 0.9519 1.1811 6.8615, 0.9668 1.1811 6.8558, 0.9833 1.1811 6.8539, 0.9862 1.1811 6.854, 1.0015 1.1811 6.8566, 1.0169 1.1811 6.8633, 1.0299 1.1811 6.8734, 1.0391 1.1811 6.8848, 1.0459 1.1811 6.8991, 1.0492 1.1811 6.915, 1.0485 1.1811 6.9317, 1.0436 1.1811 6.9478, 1.0349 1.1811 6.962, 1.0272 1.1811 6.9701, 1.0137 1.1811 6.9794, 0.9988 1.1811 6.9851
            ]
        }
        coordIndex [
            0,1,2,-1,3,4,5,-1,6,7,3,-1,8,9,10,-1,11,12,13,-1,14,15,2,-1,2,15,16,-1,2,16,0,-1,10,9,17,-1,7,18,3,-1,3,18,19,-1,3,19,20,-1,19,21,20,-1,20,21,22,-1,20,22,23,-1,23,22,24,-1,25,26,27,-1,27,26,28,-1,27,28,29,-1,29,28,30,-1,29,30,31,-1,31,30,32,-1,31,32,33,-1,33,32,2,-1,33,2,34,-1,35,36,25,-1,25,36,37,-1,25,37,26,-1,38,39,40,-1,40,39,41,-1,40,41,42,-1,42,41,43,-1,42,43,44,-1,44,43,45,-1,11,13,46,-1,46,13,47,-1,46,47,48,-1,48,47,49,-1,48,49,50,-1,9,51,17,-1,17,51,52,-1,17,52,53,-1,53,52,54,-1,53,54,11,-1,11,54,55,-1,11,55,12,-1,56,57,58,-1,58,57,59,-1,58,59,60,-1,60,59,61,-1,60,61,62,-1,62,61,63,-1,62,63,64,-1,64,63,65,-1,64,65,66,-1,6,3,67,-1,67,3,5,-1,67,5,25,-1,25,5,68,-1,25,68,35,-1,43,69,45,-1,45,69,70,-1,45,70,71,-1,71,70,72,-1,71,72,73,-1,73,72,74,-1,73,74,75,-1,75,74,76,-1,75,76,77,-1,77,76,78,-1,77,78,79,-1,79,78,80,-1,79,80,56,-1,56,80,81,-1,56,81,57,-1,82,83,84,-1,84,83,85,-1,84,85,40,-1,40,85,86,-1,40,86,38,-1,87,88,89,-1,89,88,90,-1,89,90,91,-1,91,90,92,-1,91,92,93,-1,93,92,94,-1,93,94,95,-1,95,94,96,-1,95,96,14,-1,14,96,97,-1,14,97,15,-1,98,99,1,-1,1,99,100,-1,1,100,2,-1,2,100,101,-1,2,101,34,-1,50,49,102,-1,102,49,103,-1,102,103,104,-1,104,103,105,-1,104,105,106,-1,106,105,107,-1,106,107,108,-1,108,107,109,-1,108,109,82,-1,82,109,110,-1,82,110,83,-1,10,111,8,-1,8,111,112,-1,8,112,113,-1,113,112,114,-1,113,114,115,-1,115,114,116,-1,115,116,87,-1,87,116,117,-1,87,117,88,-1,98,1,118,-1,118,1,119,-1,118,119,120,-1,120,119,121,-1,120,121,122,-1,122,121,123,-1,122,123,124,-1,124,123,125,-1,124,125,126,-1,126,125,127,-1,126,127,128,-1,128,127,129,-1,128,129,130,-1,130,129,131,-1,130,131,132,-1,132,131,133,-1,132,133,134,-1,134,133,135,-1,134,135,24,-1,24,135,136,-1,24,136,23,-1,137,138,139,-1,65,140,66,-1,66,140,137,-1,66,137,141,-1,141,137,139,-1,142,143,137,-1,137,143,144,-1,137,144,138,-1,145,146,147,-1,146,148,147,-1,147,148,149,-1,147,149,150,-1,142,137,147,-1,147,137,151,-1,147,151,145,-1,75,152,153,-1,75,153,73,-1,73,153,154,-1,73,154,71,-1,154,155,71,-1,71,155,156,-1,71,156,45,-1,156,157,45,-1,45,157,158,-1,45,158,44,-1,44,158,159,-1,44,159,42,-1,42,159,160,-1,42,160,40,-1,40,160,161,-1,40,161,84,-1,84,161,162,-1,84,162,82,-1,82,162,163,-1,82,163,108,-1,163,164,108,-1,108,164,165,-1,108,165,106,-1,106,165,166,-1,106,166,104,-1,104,166,167,-1,104,167,102,-1,102,167,168,-1,102,168,50,-1,50,168,169,-1,50,169,48,-1,170,11,46,-1,48,169,171,-1,48,171,46,-1,46,171,172,-1,46,172,170,-1,11,170,173,-1,11,173,53,-1,53,173,174,-1,53,174,17,-1,17,174,175,-1,17,175,10,-1,10,175,176,-1,10,176,111,-1,111,176,177,-1,111,177,112,-1,112,177,178,-1,112,178,114,-1,179,90,88,-1,114,178,180,-1,114,180,116,-1,116,180,181,-1,116,181,117,-1,181,182,117,-1,117,182,183,-1,117,183,88,-1,88,183,184,-1,88,184,179,-1,90,179,185,-1,90,185,92,-1,92,185,186,-1,92,186,94,-1,94,186,187,-1,94,187,96,-1,96,187,188,-1,96,188,97,-1,97,188,189,-1,97,189,15,-1,15,189,190,-1,15,190,16,-1,16,190,191,-1,16,191,0,-1,191,192,0,-1,0,192,193,-1,0,193,1,-1,193,194,1,-1,1,194,195,-1,1,195,119,-1,119,195,196,-1,119,196,121,-1,121,196,197,-1,121,197,123,-1,123,197,198,-1,123,198,125,-1,125,198,199,-1,125,199,127,-1,127,199,200,-1,127,200,129,-1,129,200,201,-1,129,201,131,-1,131,201,202,-1,131,202,133,-1,202,203,133,-1,133,203,204,-1,133,204,135,-1,204,205,135,-1,135,205,206,-1,135,206,136,-1,136,206,207,-1,136,207,23,-1,20,23,208,-1,208,23,207,-1,3,20,209,-1,209,20,208,-1,4,3,210,-1,210,3,209,-1,5,4,211,-1,211,4,210,-1,5,211,212,-1,5,212,68,-1,68,212,213,-1,68,213,35,-1,35,213,214,-1,35,214,36,-1,36,214,215,-1,36,215,37,-1,37,215,216,-1,37,216,26,-1,26,216,217,-1,26,217,28,-1,28,217,218,-1,28,218,30,-1,30,218,219,-1,30,219,32,-1,32,219,220,-1,32,220,2,-1,2,220,221,-1,2,221,14,-1,14,221,222,-1,14,222,95,-1,95,222,223,-1,95,223,93,-1,93,223,224,-1,93,224,91,-1,91,224,225,-1,91,225,89,-1,89,225,226,-1,89,226,87,-1,226,227,87,-1,87,227,228,-1,87,228,115,-1,115,228,229,-1,115,229,113,-1,229,230,113,-1,113,230,231,-1,113,231,8,-1,8,231,232,-1,8,232,9,-1,9,232,233,-1,9,233,51,-1,51,233,234,-1,51,234,52,-1,52,234,235,-1,52,235,54,-1,54,235,236,-1,54,236,55,-1,55,236,237,-1,55,237,12,-1,12,237,238,-1,12,238,13,-1,13,238,239,-1,13,239,47,-1,47,239,240,-1,47,240,49,-1,49,240,241,-1,49,241,103,-1,103,241,242,-1,103,242,105,-1,243,38,244,-1,244,38,86,-1,244,86,245,-1,245,86,85,-1,245,85,246,-1,246,85,83,-1,246,83,247,-1,247,83,110,-1,247,110,248,-1,248,110,109,-1,248,109,249,-1,249,109,107,-1,249,107,250,-1,250,107,105,-1,250,105,242,-1,39,38,251,-1,251,38,243,-1,39,251,252,-1,39,252,41,-1,41,252,253,-1,41,253,43,-1,43,253,254,-1,43,254,69,-1,69,254,255,-1,69,255,70,-1,70,255,256,-1,70,256,72,-1,256,257,72,-1,72,257,258,-1,72,258,74,-1,74,258,259,-1,74,259,76,-1,76,259,260,-1,76,260,78,-1,78,260,261,-1,78,261,80,-1,80,261,262,-1,80,262,81,-1,81,262,263,-1,81,263,57,-1,57,263,264,-1,57,264,59,-1,59,264,265,-1,59,265,61,-1,61,265,266,-1,61,266,63,-1,65,63,267,-1,267,63,266,-1,65,267,268,-1,65,268,140,-1,140,268,269,-1,140,269,137,-1,137,269,270,-1,137,270,151,-1,151,270,271,-1,151,271,145,-1,145,271,272,-1,145,272,146,-1,146,272,273,-1,146,273,148,-1,148,273,274,-1,148,274,149,-1,149,274,275,-1,149,275,150,-1,150,275,276,-1,150,276,147,-1,147,276,277,-1,147,277,142,-1,142,277,278,-1,142,278,143,-1,143,278,279,-1,143,279,144,-1,144,279,280,-1,144,280,138,-1,138,280,281,-1,138,281,139,-1,139,281,282,-1,139,282,141,-1,141,282,283,-1,141,283,66,-1,66,283,284,-1,66,284,64,-1,62,64,285,-1,285,64,284,-1,62,285,286,-1,62,286,60,-1,60,286,287,-1,60,287,58,-1,58,287,288,-1,58,288,56,-1,56,288,289,-1,56,289,79,-1,79,289,290,-1,79,290,77,-1,77,290,152,-1,77,152,75,-1,67,291,292,-1,67,292,6,-1,6,292,293,-1,6,293,7,-1,7,293,294,-1,7,294,18,-1,18,294,295,-1,18,295,19,-1,19,295,296,-1,19,296,21,-1,21,296,297,-1,21,297,22,-1,22,297,298,-1,22,298,24,-1,24,298,299,-1,24,299,134,-1,134,299,300,-1,134,300,132,-1,132,300,301,-1,132,301,130,-1,130,301,302,-1,130,302,128,-1,128,302,303,-1,128,303,126,-1,126,303,304,-1,126,304,124,-1,124,304,305,-1,124,305,122,-1,122,305,306,-1,122,306,120,-1,120,306,307,-1,120,307,118,-1,118,307,308,-1,118,308,98,-1,98,308,309,-1,98,309,99,-1,99,309,310,-1,99,310,100,-1,100,310,311,-1,100,311,101,-1,101,311,312,-1,101,312,34,-1,34,312,313,-1,34,313,33,-1,33,313,314,-1,33,314,31,-1,31,314,315,-1,31,315,29,-1,29,315,316,-1,29,316,27,-1,27,316,317,-1,27,317,25,-1,25,317,291,-1,25,291,67,-1,
        ]
    }
}
Shape{
    appearance Appearance {
        material  Material 	{
            diffuseColor 0.2235294117647059 0.2235294117647059 0.2235294117647059
            specularColor 0.11372549019607843 0.11372549019607843 0.11372549019607843
            ambientIntensity 0.2235
            transparency 0.0
            shininess 0.5
        }
    }
    geometry IndexedFaceSet {
        ccw TRUE
        solid FALSE
        coord DEF co Coordinate {
            point [
                0.9862 1.1811 6.854, 1.0272 1.1811 6.9701, 1.0349 1.1811 6.962, 0.9824 1.1811 6.9871, 0.9988 1.1811 6.9851, 1.0137 1.1811 6.9794, 1.0459 1.1811 6.8991, 1.0391 1.1811 6.8848, 1.0299 1.1811 6.8734, 0.9709 1.1811 6.986, 0.9833 1.1811 6.8539, 0.9668 1.1811 6.8558, 0.9388 1.1811 6.8706, 0.9293 1.1811 6.9601, 0.9407 1.1811 6.972, 0.9519 1.1811 6.8615, 0.9548 1.1811 6.9809, 1.0436 1.1811 6.9478, 1.0485 1.1811 6.9317, 1.0492 1.1811 6.915, 1.0169 1.1811 6.8633, 1.0015 1.1811 6.8566, 0.9203 1.1811 6.8977, 0.9165 1.1811 6.9142, 0.9279 1.1811 6.8829, 0.917 1.1811 6.9308, 0.9214 1.1811 6.9463
            ]
        }
        coordIndex [
            0,1,2,-1,3,4,0,-1,0,4,5,-1,0,5,1,-1,6,7,2,-1,2,7,8,-1,3,0,9,-1,9,0,10,-1,9,10,11,-1,12,13,14,-1,11,15,9,-1,9,15,12,-1,9,12,16,-1,16,12,14,-1,17,18,2,-1,2,18,19,-1,2,19,6,-1,8,20,2,-1,2,20,21,-1,2,21,0,-1,22,23,24,-1,24,23,25,-1,24,25,12,-1,12,25,26,-1,12,26,13,-1,
        ]
    }
}