cal: averaged 256 frames; per-channel zero:
  (nc)  code +15864.2 -> +2.4207 V  (Vadc, offset unchanged)
  (nc)  code +15871.3 -> +2.4218 V  (Vadc, offset unchanged)
  i3    code +15817.8 -> bias +2.4136 V (was +2.4000) [SET]
  i4    code +15815.9 -> bias +2.4133 V (was +2.4000) [SET]
  i5    code +15824.4 -> bias +2.4146 V (was +2.4000) [SET]
  vrail code    +34.8 -> +0.0053 V  (V, offset unchanged)
  vcc   code +15837.9 -> +2.4167 V  (V, offset unchanged)
  i8    code +15827.1 -> bias +2.4150 V (was +2.4000) [SET]
cal: done -- current channels now read ~0 A at idle.
error: unknown command '' (try 'help')
>i3:6673:-0.012450
>i4:6673:-0.016971
>i5:6673:-0.025272
>vrail:6673:0.031311
>vcc:6673:4.834900
>i8:6673:-0.015168
>seq:6673:209.000000
>i3:6868:0.008912
>i4:6868:0.007443
>i5:6868:0.006771
>vrail:6868:0.031311
>vcc:6868:4.833984
>i8:6868:0.010772
>seq:6868:203.000000
>i3:7068:0.015016
>i4:7068:0.007443
>i5:7068:0.014400
>vrail:7068:0.031311
>vcc:7068:4.833374
>i8:7068:0.021453
>seq:7068:234.000000
>i3:7268:0.002809
>i4:7268:-0.004764
>i5:7268:0.008297
>vrail:7268:0.031311
>vcc:7268:4.830627
>i8:7268:0.001616
>seq:7268:8.000000
>i3:7468:0.132508
>i4:7468:0.127988
>i5:7468:0.130367
>vrail:7468:0.030441
>vcc:7468:4.830627
>i8:7468:0.125213
>seq:7468:39.000000
>i3:7668:0.027223
>i4:7668:0.021176
>i5:7668:0.015926
>vrail:7668:0.032181
>vcc:7668:4.830627
>i8:7668:0.021453
>seq:7668:70.000000
>i3:7868:-0.004821
>i4:7868:-0.000186
>i5:7868:0.006771
>vrail:7868:0.031311
>vcc:7868:4.830627
>i8:7868:-0.007539
>seq:7868:100.000000
>i3:8068:-0.017028
>i4:8068:-0.029178
>i5:8068:-0.022221
>vrail:8068:0.031311
>vcc:8068:4.831238
>i8:8068:-0.022798
>seq:8068:131.000000
rate: 24381 native frames in 0.244 s = 100001 Hz (100.00 kSPS) [nominal 200 kSPS] -- burst/autoburst now use the measured rate
error: unknown command '' (try 'help')
W (8525) 12vhpwr_proto: bad header 0x5c (alignment?)
>i3:8538:-0.013976
>i4:8538:-0.013919
>i5:8538:-0.011539
>vrail:8538:0.031311
>vcc:8538:4.831238
>i8:8538:-0.016694
>seq:8538:20.000000
>i3:8738:-0.046020
>i4:8738:-0.045962
>i5:8738:-0.042057
>vrail:8738:0.032181
>vcc:8738:4.834290
>i8:8738:-0.044160
>seq:8738:50.000000
>i3:8938:-0.047545
>i4:8938:-0.047488
>i5:8938:-0.048161
>vrail:8938:0.032181
>vcc:8938:4.838562
>i8:8938:-0.056367
>seq:8938:81.000000
>i3:9138:-0.062804
>i4:9138:-0.067325
>i5:9138:-0.061893
>vrail:9138:0.032181
>vcc:9138:4.839478
>i8:9138:-0.071626
>seq:9138:111.000000
>i3:9338:-0.046020
>i4:9338:-0.044436
>i5:9338:-0.043583
>vrail:9338:0.031311
>vcc:9338:4.839478
>i8:9338:-0.042634
>seq:9338:142.000000
>i3:9538:0.039430
>i4:9538:0.042539
>i5:9538:0.031185
>vrail:9538:0.031311
>vcc:9538:4.839478
>i8:9538:0.038238
>seq:9538:173.000000
>i3:9738:-0.009398
>i4:9738:-0.010867
>i5:9738:-0.011539
>vrail:9738:0.031311
>vcc:9738:4.838257
>i8:9738:-0.012116
>seq:9738:203.000000
>i3:9938:-0.009398
>i4:9938:-0.004764
>i5:9938:-0.000858
>vrail:9938:0.031311
>vcc:9938:4.838257
>i8:9938:-0.004487
>seq:9938:234.000000

===BURST_CSV_BEGIN===
# fastburst: 2048 frames @ 100.00 kSPS native (measured), 0 seq-gaps, 0 bad-hdr; us = idx x 10.000 us
us,seq,i3,i4,i5,vrail,vcc,i8
0.0,150,-0.0018,-0.0109,-0.0085,0.0304,4.8355,-0.0182
10.0,151,-0.0018,-0.0109,-0.0085,0.0304,4.8355,-0.0152
20.0,152,-0.0002,-0.0109,-0.0085,0.0287,4.8355,-0.0136
30.0,153,-0.0048,-0.0078,-0.0115,0.0296,4.8355,-0.0152
40.0,154,-0.0063,-0.0032,-0.0161,0.0304,4.8355,-0.0136
50.0,155,-0.0079,-0.0063,-0.0176,0.0304,4.8358,-0.0075
60.0,156,-0.0186,-0.0093,-0.0176,0.0296,4.8358,-0.0030
70.0,157,-0.0186,-0.0109,-0.0176,0.0304,4.8358,-0.0060
80.0,158,-0.0155,-0.0109,-0.0161,0.0296,4.8355,-0.0045
90.0,159,-0.0140,-0.0154,-0.0131,0.0287,4.8358,-0.0106
100.0,160,-0.0125,-0.0170,-0.0100,0.0304,4.8355,-0.0136
110.0,161,-0.0140,-0.0154,-0.0100,0.0296,4.8352,-0.0121
120.0,162,-0.0186,-0.0185,-0.0070,0.0313,4.8361,-0.0136
130.0,163,-0.0170,-0.0246,-0.0100,0.0304,4.8358,-0.0136
140.0,164,-0.0155,-0.0246,-0.0115,0.0296,4.8361,-0.0091
150.0,165,-0.0155,-0.0215,-0.0146,0.0296,4.8355,-0.0121
160.0,166,-0.0186,-0.0185,-0.0207,0.0296,4.8358,-0.0182
170.0,167,-0.0216,-0.0231,-0.0237,0.0304,4.8358,-0.0243
180.0,168,-0.0262,-0.0261,-0.0222,0.0296,4.8358,-0.0243
190.0,169,-0.0277,-0.0307,-0.0237,0.0304,4.8358,-0.0228
200.0,170,-0.0277,-0.0338,-0.0299,0.0304,4.8358,-0.0228
210.0,171,-0.0247,-0.0307,-0.0253,0.0296,4.8361,-0.0258
220.0,172,-0.0262,-0.0307,-0.0237,0.0296,4.8361,-0.0289
230.0,173,-0.0247,-0.0292,-0.0222,0.0304,4.8364,-0.0274
240.0,174,-0.0308,-0.0215,-0.0237,0.0304,4.8358,-0.0243
250.0,175,-0.0338,-0.0185,-0.0268,0.0296,4.8361,-0.0258
260.0,176,-0.0353,-0.0231,-0.0253,0.0304,4.8364,-0.0320
270.0,177,-0.0353,-0.0338,-0.0253,0.0304,4.8361,-0.0335
280.0,178,-0.0277,-0.0383,-0.0344,0.0304,4.8361,-0.0381
290.0,179,-0.0292,-0.0322,-0.0283,0.0313,4.8367,-0.0411
300.0,180,-0.0323,-0.0307,-0.0268,0.0304,4.8367,-0.0350
310.0,181,-0.0323,-0.0338,-0.0268,0.0313,4.8367,-0.0304
320.0,182,-0.0308,-0.0399,-0.0283,0.0304,4.8367,-0.0289
330.0,183,-0.0262,-0.0383,-0.0283,0.0304,4.8367,-0.0289
340.0,184,-0.0216,-0.0353,-0.0237,0.0313,4.8370,-0.0228
350.0,185,-0.0201,-0.0338,-0.0222,0.0304,4.8367,-0.0213
360.0,186,-0.0216,-0.0292,-0.0192,0.0313,4.8364,-0.0274
370.0,187,-0.0216,-0.0231,-0.0192,0.0304,4.8370,-0.0274
380.0,188,-0.0262,-0.0185,-0.0222,0.0313,4.8367,-0.0167
390.0,189,-0.0262,-0.0185,-0.0268,0.0304,4.8370,-0.0136
400.0,190,-0.0247,-0.0154,-0.0237,0.0322,4.8370,-0.0152
410.0,191,-0.0262,-0.0124,-0.0237,0.0304,4.8373,-0.0167
420.0,192,-0.0308,-0.0124,-0.0237,0.0304,4.8373,-0.0152
430.0,193,-0.0247,-0.0154,-0.0253,0.0304,4.8370,-0.0182
440.0,194,-0.0186,-0.0215,-0.0237,0.0313,4.8370,-0.0213
450.0,195,-0.0231,-0.0261,-0.0268,0.0304,4.8367,-0.0258
460.0,196,-0.0186,-0.0292,-0.0253,0.0313,4.8370,-0.0258
470.0,197,-0.0186,-0.0292,-0.0237,0.0313,4.8370,-0.0243
480.0,198,-0.0247,-0.0261,-0.0207,0.0313,4.8373,-0.0182
490.0,199,-0.0262,-0.0215,-0.0131,0.0304,4.8373,-0.0152
500.0,200,-0.0277,-0.0215,-0.0176,0.0322,4.8370,-0.0243
510.0,201,-0.0277,-0.0200,-0.0207,0.0304,4.8373,-0.0243
520.0,202,-0.0262,-0.0200,-0.0253,0.0304,4.8373,-0.0304
530.0,203,-0.0216,-0.0170,-0.0283,0.0322,4.8376,-0.0289
540.0,204,-0.0201,-0.0170,-0.0253,0.0322,4.8373,-0.0304
550.0,205,-0.0247,-0.0185,-0.0237,0.0304,4.8376,-0.0335
560.0,206,-0.0216,-0.0185,-0.0237,0.0322,4.8373,-0.0258
570.0,207,-0.0201,-0.0200,-0.0222,0.0313,4.8373,-0.0243
580.0,208,-0.0201,-0.0246,-0.0222,0.0313,4.8373,-0.0182
590.0,209,-0.0155,-0.0246,-0.0237,0.0322,4.8370,-0.0152
600.0,210,-0.0170,-0.0246,-0.0207,0.0304,4.8370,-0.0182
610.0,211,-0.0155,-0.0200,-0.0146,0.0322,4.8373,-0.0136
620.0,212,-0.0186,-0.0124,-0.0146,0.0304,4.8373,-0.0152
630.0,213,-0.0170,-0.0200,-0.0192,0.0313,4.8373,-0.0197
640.0,214,-0.0170,-0.0246,-0.0222,0.0322,4.8370,-0.0213
650.0,215,-0.0186,-0.0215,-0.0161,0.0313,4.8370,-0.0121
660.0,216,-0.0155,-0.0200,-0.0115,0.0313,4.8370,-0.0167
670.0,217,-0.0155,-0.0170,-0.0161,0.0322,4.8370,-0.0213
680.0,218,-0.0155,-0.0139,-0.0192,0.0322,4.8370,-0.0213
690.0,219,-0.0170,-0.0139,-0.0100,0.0322,4.8364,-0.0213
700.0,220,-0.0170,-0.0124,-0.0054,0.0322,4.8373,-0.0136
710.0,221,-0.0155,-0.0093,-0.0024,0.0322,4.8367,-0.0075
720.0,222,-0.0125,-0.0032,-0.0024,0.0322,4.8370,-0.0091
730.0,223,-0.0109,-0.0002,-0.0054,0.0313,4.8367,-0.0075
740.0,224,-0.0094,-0.0002,-0.0161,0.0322,4.8370,-0.0152
750.0,225,-0.0125,-0.0032,-0.0115,0.0313,4.8370,-0.0152
760.0,226,-0.0170,-0.0109,-0.0146,0.0322,4.8364,-0.0197
770.0,227,-0.0140,-0.0139,-0.0131,0.0322,4.8364,-0.0213
780.0,228,-0.0125,-0.0139,-0.0176,0.0304,4.8364,-0.0228
790.0,229,-0.0125,-0.0215,-0.0207,0.0331,4.8367,-0.0213
800.0,230,-0.0155,-0.0246,-0.0222,0.0322,4.8367,-0.0228
810.0,231,-0.0186,-0.0200,-0.0299,0.0322,4.8367,-0.0228
820.0,232,-0.0201,-0.0200,-0.0253,0.0304,4.8370,-0.0274
830.0,233,-0.0216,-0.0261,-0.0268,0.0322,4.8364,-0.0258
840.0,234,-0.0292,-0.0292,-0.0299,0.0322,4.8364,-0.0274
850.0,235,-0.0292,-0.0353,-0.0253,0.0322,4.8367,-0.0289
860.0,236,-0.0292,-0.0338,-0.0222,0.0322,4.8367,-0.0304
870.0,237,-0.0277,-0.0307,-0.0253,0.0313,4.8370,-0.0304
880.0,238,-0.0292,-0.0231,-0.0314,0.0322,4.8367,-0.0304
890.0,239,-0.0292,-0.0215,-0.0329,0.0313,4.8367,-0.0289
900.0,240,-0.0323,-0.0215,-0.0314,0.0322,4.8370,-0.0320
910.0,241,-0.0353,-0.0322,-0.0344,0.0313,4.8373,-0.0365
920.0,242,-0.0338,-0.0383,-0.0375,0.0331,4.8376,-0.0442
930.0,243,-0.0323,-0.0429,-0.0421,0.0313,4.8373,-0.0457
940.0,244,-0.0323,-0.0460,-0.0451,0.0331,4.8373,-0.0426
950.0,245,-0.0338,-0.0460,-0.0451,0.0322,4.8376,-0.0426
960.0,246,-0.0369,-0.0414,-0.0436,0.0322,4.8376,-0.0411
970.0,247,-0.0399,-0.0353,-0.0375,0.0331,4.8376,-0.0411
980.0,248,-0.0353,-0.0399,-0.0329,0.0331,4.8376,-0.0381
990.0,249,-0.0323,-0.0429,-0.0237,0.0322,4.8380,-0.0335
1000.0,250,-0.0292,-0.0383,-0.0253,0.0322,4.8380,-0.0304
1010.0,251,-0.0277,-0.0368,-0.0329,0.0322,4.8376,-0.0289
1020.0,252,-0.0277,-0.0338,-0.0283,0.0313,4.8376,-0.0274
1030.0,253,-0.0262,-0.0261,-0.0237,0.0331,4.8376,-0.0274
1040.0,254,-0.0262,-0.0200,-0.0222,0.0331,4.8376,-0.0213
1050.0,255,-0.0247,-0.0170,-0.0237,0.0331,4.8380,-0.0213
1060.0,0,-0.0186,-0.0200,-0.0146,0.0322,4.8380,-0.0197
1070.0,1,-0.0109,-0.0154,-0.0054,0.0322,4.8376,-0.0152
1080.0,2,-0.0094,-0.0124,-0.0085,0.0331,4.8376,-0.0106
1090.0,3,-0.0109,-0.0109,-0.0070,0.0322,4.8373,-0.0075
1100.0,4,-0.0094,-0.0063,-0.0085,0.0322,4.8376,-0.0060
1110.0,5,-0.0094,-0.0078,-0.0115,0.0322,4.8376,-0.0045
1120.0,6,-0.0109,-0.0109,-0.0115,0.0331,4.8376,-0.0060
1130.0,7,-0.0155,-0.0093,-0.0161,0.0322,4.8376,-0.0106
1140.0,8,-0.0109,-0.0063,-0.0253,0.0331,4.8376,-0.0152
1150.0,9,-0.0094,-0.0048,-0.0283,0.0322,4.8370,-0.0167
1160.0,10,-0.0109,-0.0093,-0.0253,0.0322,4.8373,-0.0152
1170.0,11,-0.0125,-0.0139,-0.0207,0.0322,4.8376,-0.0091
1180.0,12,-0.0140,-0.0215,-0.0161,0.0331,4.8373,-0.0121
1190.0,13,-0.0140,-0.0215,-0.0100,0.0322,4.8373,-0.0121
1200.0,14,-0.0140,-0.0231,-0.0100,0.0322,4.8370,-0.0136
1210.0,15,-0.0109,-0.0200,-0.0085,0.0331,4.8373,-0.0106
1220.0,16,-0.0125,-0.0170,-0.0054,0.0331,4.8373,-0.0121
1230.0,17,-0.0109,-0.0124,-0.0054,0.0322,4.8370,-0.0121
1240.0,18,-0.0140,-0.0109,-0.0085,0.0331,4.8370,-0.0152
1250.0,19,-0.0201,-0.0139,-0.0131,0.0331,4.8373,-0.0136
1260.0,20,-0.0231,-0.0139,-0.0146,0.0322,4.8373,-0.0152
1270.0,21,-0.0186,-0.0170,-0.0115,0.0322,4.8370,-0.0182
1280.0,22,-0.0170,-0.0170,-0.0085,0.0339,4.8367,-0.0121
1290.0,23,-0.0186,-0.0200,-0.0146,0.0331,4.8367,-0.0121
1300.0,24,-0.0201,-0.0139,-0.0222,0.0331,4.8370,-0.0167
1310.0,25,-0.0186,-0.0154,-0.0268,0.0331,4.8370,-0.0243
1320.0,26,-0.0140,-0.0185,-0.0237,0.0331,4.8367,-0.0274
1330.0,27,-0.0140,-0.0154,-0.0222,0.0339,4.8367,-0.0243
1340.0,28,-0.0170,-0.0170,-0.0253,0.0339,4.8373,-0.0228
1350.0,29,-0.0231,-0.0200,-0.0237,0.0331,4.8367,-0.0213
1360.0,30,-0.0231,-0.0231,-0.0222,0.0331,4.8373,-0.0213
1370.0,31,-0.0216,-0.0231,-0.0176,0.0331,4.8370,-0.0213
1380.0,32,-0.0231,-0.0261,-0.0161,0.0313,4.8373,-0.0228
1390.0,33,-0.0247,-0.0231,-0.0161,0.0339,4.8370,-0.0243
1400.0,34,-0.0231,-0.0277,-0.0192,0.0339,4.8373,-0.0274
1410.0,35,-0.0231,-0.0231,-0.0176,0.0331,4.8373,-0.0213
1420.0,36,-0.0231,-0.0215,-0.0131,0.0339,4.8370,-0.0182
1430.0,37,-0.0186,-0.0185,-0.0131,0.0339,4.8370,-0.0152
1440.0,38,-0.0125,-0.0170,-0.0176,0.0339,4.8370,-0.0121
1450.0,39,-0.0063,-0.0109,-0.0146,0.0339,4.8364,-0.0136
1460.0,40,-0.0125,-0.0063,-0.0131,0.0331,4.8367,-0.0106
1470.0,41,-0.0140,-0.0063,-0.0131,0.0331,4.8370,-0.0060
1480.0,42,-0.0155,-0.0063,-0.0115,0.0331,4.8367,-0.0075
1490.0,43,-0.0170,-0.0124,-0.0054,0.0339,4.8367,-0.0091
1500.0,44,-0.0155,-0.0124,-0.0054,0.0331,4.8364,-0.0106
1510.0,45,-0.0155,-0.0063,-0.0039,0.0339,4.8370,-0.0060
1520.0,46,-0.0125,-0.0048,-0.0070,0.0331,4.8367,-0.0045
1530.0,47,-0.0048,-0.0109,-0.0100,0.0313,4.8367,-0.0045
1540.0,48,-0.0002,-0.0093,-0.0085,0.0322,4.8364,-0.0030
1550.0,49,-0.0063,-0.0048,-0.0131,0.0331,4.8364,-0.0014
1560.0,50,-0.0079,-0.0032,-0.0176,0.0339,4.8367,-0.0030
1570.0,51,-0.0094,-0.0048,-0.0131,0.0331,4.8367,-0.0060
1580.0,52,-0.0109,-0.0109,-0.0131,0.0322,4.8364,-0.0075
1590.0,53,-0.0155,-0.0139,-0.0146,0.0331,4.8361,-0.0136
1600.0,54,-0.0155,-0.0109,-0.0146,0.0331,4.8364,-0.0152
1610.0,55,-0.0125,-0.0139,-0.0176,0.0331,4.8361,-0.0121
1620.0,56,-0.0170,-0.0215,-0.0222,0.0331,4.8364,-0.0136
1630.0,57,-0.0277,-0.0215,-0.0207,0.0331,4.8361,-0.0197
1640.0,58,-0.0277,-0.0261,-0.0222,0.0339,4.8367,-0.0213
1650.0,59,-0.0170,-0.0231,-0.0176,0.0339,4.8364,-0.0258
1660.0,60,-0.0170,-0.0170,-0.0131,0.0331,4.8364,-0.0258
1670.0,61,-0.0201,-0.0124,-0.0207,0.0339,4.8367,-0.0182
1680.0,62,-0.0216,-0.0154,-0.0192,0.0339,4.8364,-0.0213
1690.0,63,-0.0155,-0.0139,-0.0161,0.0322,4.8364,-0.0197
1700.0,64,-0.0125,-0.0185,-0.0100,0.0339,4.8364,-0.0167
1710.0,65,-0.0125,-0.0154,-0.0085,0.0331,4.8364,-0.0152
1720.0,66,-0.0140,-0.0093,-0.0070,0.0331,4.8364,-0.0136
1730.0,67,-0.0109,-0.0063,-0.0070,0.0339,4.8361,-0.0121
1740.0,68,-0.0079,-0.0048,-0.0009,0.0331,4.8364,-0.0091
1750.0,69,-0.0048,0.0029,-0.0039,0.0339,4.8358,-0.0030
1760.0,70,-0.0002,0.0044,0.0022,0.0331,4.8361,-0.0014
1770.0,71,0.0059,0.0074,0.0037,0.0339,4.8358,0.0031
1780.0,72,0.0089,0.0135,0.0068,0.0348,4.8358,0.0016
1790.0,73,0.0135,0.0181,0.0098,0.0339,4.8361,0.0077
1800.0,74,0.0150,0.0181,0.0144,0.0331,4.8355,0.0123
1810.0,75,0.0196,0.0197,0.0220,0.0331,4.8355,0.0169
1820.0,76,0.0196,0.0258,0.0190,0.0331,4.8352,0.0153
1830.0,77,0.0181,0.0197,0.0236,0.0331,4.8352,0.0092
1840.0,78,0.0135,0.0181,0.0236,0.0339,4.8349,0.0138
1850.0,79,0.0120,0.0166,0.0190,0.0331,4.8349,0.0169
1860.0,80,0.0135,0.0151,0.0159,0.0331,4.8346,0.0169
1870.0,81,0.0150,0.0166,0.0144,0.0339,4.8346,0.0123
1880.0,82,0.0120,0.0166,0.0205,0.0339,4.8346,0.0123
1890.0,83,0.0135,0.0151,0.0251,0.0339,4.8346,0.0108
1900.0,84,0.0196,0.0212,0.0251,0.0339,4.8337,0.0138
1910.0,85,0.0242,0.0227,0.0205,0.0331,4.8343,0.0199
1920.0,86,0.0226,0.0227,0.0129,0.0331,4.8343,0.0230
1930.0,87,0.0211,0.0166,0.0129,0.0339,4.8340,0.0230
1940.0,88,0.0196,0.0166,0.0190,0.0339,4.8337,0.0199
1950.0,89,0.0196,0.0151,0.0220,0.0322,4.8337,0.0153
1960.0,90,0.0181,0.0166,0.0205,0.0339,4.8337,0.0169
1970.0,91,0.0165,0.0197,0.0175,0.0339,4.8337,0.0199
1980.0,92,0.0196,0.0181,0.0175,0.0339,4.8334,0.0245
1990.0,93,0.0272,0.0181,0.0220,0.0339,4.8337,0.0245
2000.0,94,0.0287,0.0181,0.0251,0.0322,4.8334,0.0291
2010.0,95,0.0333,0.0258,0.0236,0.0339,4.8331,0.0276
2020.0,96,0.0287,0.0273,0.0281,0.0331,4.8331,0.0245
2030.0,97,0.0272,0.0349,0.0266,0.0331,4.8331,0.0260
2040.0,98,0.0242,0.0319,0.0236,0.0331,4.8331,0.0199
2050.0,99,0.0211,0.0303,0.0220,0.0331,4.8328,0.0199
2060.0,100,0.0211,0.0227,0.0175,0.0331,4.8325,0.0215
2070.0,101,0.0226,0.0120,0.0144,0.0331,4.8325,0.0199
2080.0,102,0.0211,0.0090,0.0144,0.0322,4.8325,0.0169
2090.0,103,0.0211,0.0059,0.0159,0.0322,4.8322,0.0123
2100.0,104,0.0181,0.0013,0.0113,0.0331,4.8322,0.0047
2110.0,105,0.0120,0.0029,0.0068,0.0331,4.8325,0.0047
2120.0,106,0.0043,0.0029,0.0052,0.0331,4.8322,0.0001
2130.0,107,-0.0018,-0.0048,0.0052,0.0322,4.8325,-0.0045
2140.0,108,-0.0048,-0.0002,-0.0024,0.0331,4.8322,-0.0060
2150.0,109,-0.0048,0.0044,-0.0100,0.0331,4.8325,-0.0014
2160.0,110,-0.0079,-0.0017,-0.0115,0.0331,4.8318,-0.0014
2170.0,111,-0.0094,-0.0093,-0.0146,0.0339,4.8325,-0.0014
2180.0,112,-0.0063,-0.0170,-0.0176,0.0322,4.8328,-0.0030
2190.0,113,-0.0109,-0.0154,-0.0115,0.0322,4.8328,-0.0030
2200.0,114,-0.0140,-0.0124,-0.0024,0.0331,4.8331,-0.0045
2210.0,115,-0.0140,-0.0124,-0.0024,0.0339,4.8328,0.0001
2220.0,116,-0.0140,-0.0124,-0.0115,0.0331,4.8331,0.0016
2230.0,117,-0.0125,-0.0124,-0.0131,0.0322,4.8328,-0.0014
2240.0,118,-0.0109,-0.0093,-0.0131,0.0322,4.8328,-0.0091
2250.0,119,-0.0140,-0.0078,-0.0100,0.0339,4.8337,-0.0121
2260.0,120,-0.0125,-0.0109,-0.0115,0.0331,4.8331,-0.0197
2270.0,121,-0.0140,-0.0139,-0.0115,0.0322,4.8334,-0.0213
2280.0,122,-0.0125,-0.0124,-0.0176,0.0331,4.8331,-0.0213
2290.0,123,-0.0109,-0.0139,-0.0237,0.0322,4.8331,-0.0197
2300.0,124,-0.0109,-0.0139,-0.0283,0.0331,4.8331,-0.0213
2310.0,125,-0.0109,-0.0139,-0.0283,0.0339,4.8334,-0.0182
2320.0,126,-0.0140,-0.0154,-0.0299,0.0331,4.8334,-0.0152
2330.0,127,-0.0125,-0.0139,-0.0283,0.0322,4.8337,-0.0106
2340.0,128,-0.0170,-0.0154,-0.0222,0.0313,4.8340,-0.0136
2350.0,129,-0.0201,-0.0200,-0.0176,0.0322,4.8337,-0.0167
2360.0,130,-0.0170,-0.0246,-0.0146,0.0331,4.8334,-0.0243
2370.0,131,-0.0155,-0.0200,-0.0176,0.0322,4.8337,-0.0274
2380.0,132,-0.0109,-0.0215,-0.0176,0.0322,4.8340,-0.0304
2390.0,133,-0.0140,-0.0261,-0.0176,0.0322,4.8343,-0.0304
2400.0,134,-0.0216,-0.0261,-0.0192,0.0331,4.8343,-0.0320
2410.0,135,-0.0277,-0.0307,-0.0237,0.0322,4.8343,-0.0274
2420.0,136,-0.0262,-0.0307,-0.0268,0.0331,4.8343,-0.0243
2430.0,137,-0.0262,-0.0292,-0.0253,0.0313,4.8343,-0.0152
2440.0,138,-0.0231,-0.0231,-0.0314,0.0313,4.8346,-0.0106
2450.0,139,-0.0216,-0.0246,-0.0344,0.0331,4.8346,-0.0167
2460.0,140,-0.0186,-0.0231,-0.0329,0.0322,4.8352,-0.0213
2470.0,141,-0.0170,-0.0231,-0.0283,0.0331,4.8346,-0.0213
2480.0,142,-0.0186,-0.0170,-0.0253,0.0339,4.8349,-0.0274
2490.0,143,-0.0201,-0.0139,-0.0207,0.0322,4.8352,-0.0289
2500.0,144,-0.0155,-0.0154,-0.0207,0.0322,4.8352,-0.0213
2510.0,145,-0.0186,-0.0231,-0.0207,0.0331,4.8352,-0.0167
2520.0,146,-0.0201,-0.0246,-0.0176,0.0322,4.8352,-0.0182
2530.0,147,-0.0125,-0.0231,-0.0192,0.0322,4.8349,-0.0197
2540.0,148,-0.0079,-0.0246,-0.0176,0.0322,4.8352,-0.0182
2550.0,149,-0.0140,-0.0215,-0.0207,0.0339,4.8355,-0.0182
2560.0,150,-0.0186,-0.0170,-0.0161,0.0331,4.8352,-0.0182
2570.0,151,-0.0186,-0.0231,-0.0176,0.0339,4.8355,-0.0258
2580.0,152,-0.0155,-0.0200,-0.0268,0.0339,4.8355,-0.0243
2590.0,153,-0.0170,-0.0185,-0.0268,0.0331,4.8355,-0.0228
2600.0,154,-0.0170,-0.0215,-0.0268,0.0331,4.8355,-0.0243
2610.0,155,-0.0201,-0.0322,-0.0237,0.0322,4.8358,-0.0213
2620.0,156,-0.0247,-0.0277,-0.0161,0.0331,4.8358,-0.0197
2630.0,157,-0.0247,-0.0292,-0.0131,0.0331,4.8358,-0.0167
2640.0,158,-0.0247,-0.0307,-0.0146,0.0322,4.8361,-0.0167
2650.0,159,-0.0231,-0.0292,-0.0146,0.0313,4.8358,-0.0152
2660.0,160,-0.0170,-0.0185,-0.0146,0.0331,4.8355,-0.0152
2670.0,161,-0.0186,-0.0124,-0.0176,0.0322,4.8358,-0.0182
2680.0,162,-0.0262,-0.0124,-0.0237,0.0331,4.8361,-0.0167
2690.0,163,-0.0231,-0.0139,-0.0253,0.0331,4.8358,-0.0167
2700.0,164,-0.0231,-0.0139,-0.0237,0.0331,4.8361,-0.0167
2710.0,165,-0.0231,-0.0200,-0.0161,0.0322,4.8361,-0.0243
2720.0,166,-0.0277,-0.0261,-0.0161,0.0322,4.8358,-0.0213
2730.0,167,-0.0308,-0.0292,-0.0161,0.0331,4.8358,-0.0258
2740.0,168,-0.0277,-0.0277,-0.0176,0.0313,4.8361,-0.0258
2750.0,169,-0.0231,-0.0277,-0.0207,0.0331,4.8358,-0.0228
2760.0,170,-0.0186,-0.0246,-0.0237,0.0331,4.8361,-0.0228
2770.0,171,-0.0231,-0.0231,-0.0222,0.0322,4.8364,-0.0197
2780.0,172,-0.0308,-0.0215,-0.0207,0.0331,4.8361,-0.0228
2790.0,173,-0.0338,-0.0215,-0.0237,0.0331,4.8364,-0.0228
2800.0,174,-0.0247,-0.0154,-0.0283,0.0331,4.8367,-0.0136
2810.0,175,-0.0247,-0.0154,-0.0283,0.0322,4.8367,-0.0167
2820.0,176,-0.0216,-0.0185,-0.0253,0.0331,4.8367,-0.0197
2830.0,177,-0.0170,-0.0185,-0.0237,0.0339,4.8364,-0.0152
2840.0,178,-0.0186,-0.0170,-0.0222,0.0339,4.8367,-0.0091
2850.0,179,-0.0155,-0.0215,-0.0207,0.0331,4.8364,-0.0075
2860.0,180,-0.0170,-0.0215,-0.0176,0.0339,4.8367,-0.0075
2870.0,181,-0.0201,-0.0200,-0.0161,0.0339,4.8361,-0.0106
2880.0,182,-0.0231,-0.0185,-0.0207,0.0331,4.8364,-0.0213
2890.0,183,-0.0216,-0.0170,-0.0253,0.0331,4.8364,-0.0289
2900.0,184,-0.0140,-0.0109,-0.0207,0.0331,4.8367,-0.0228
2910.0,185,-0.0079,-0.0063,-0.0100,0.0331,4.8364,-0.0167
2920.0,186,0.0043,0.0013,-0.0039,0.0331,4.8364,-0.0060
2930.0,187,0.0150,0.0090,0.0052,0.0339,4.8364,0.0108
2940.0,188,0.0287,0.0151,0.0144,0.0331,4.8358,0.0245
2950.0,189,0.0410,0.0349,0.0312,0.0331,4.8361,0.0367
2960.0,190,0.0562,0.0502,0.0495,0.0339,4.8355,0.0459
2970.0,191,0.0654,0.0593,0.0632,0.0339,4.8352,0.0627
2980.0,192,0.0730,0.0761,0.0754,0.0322,4.8346,0.0794
2990.0,193,0.0806,0.0883,0.0892,0.0331,4.8346,0.0871
3000.0,194,0.0959,0.1051,0.0998,0.0331,4.8334,0.1039
3010.0,195,0.1127,0.1158,0.1136,0.0331,4.8325,0.1222
3020.0,196,0.1234,0.1310,0.1258,0.0331,4.8322,0.1313
3030.0,197,0.1325,0.1402,0.1349,0.0331,4.8318,0.1374
3040.0,198,0.1432,0.1463,0.1456,0.0331,4.8309,0.1466
3050.0,199,0.1462,0.1509,0.1487,0.0339,4.8300,0.1527
3060.0,200,0.1508,0.1555,0.1517,0.0331,4.8294,0.1588
3070.0,201,0.1584,0.1661,0.1563,0.0331,4.8291,0.1634
3080.0,202,0.1646,0.1677,0.1594,0.0331,4.8282,0.1618
3090.0,203,0.1691,0.1692,0.1594,0.0339,4.8276,0.1557
3100.0,204,0.1676,0.1707,0.1624,0.0331,4.8267,0.1588
3110.0,205,0.1676,0.1677,0.1670,0.0322,4.8257,0.1634
3120.0,206,0.1676,0.1707,0.1685,0.0331,4.8251,0.1679
3130.0,207,0.1676,0.1677,0.1685,0.0331,4.8248,0.1710
3140.0,208,0.1691,0.1631,0.1716,0.0331,4.8242,0.1679
3150.0,209,0.1737,0.1616,0.1700,0.0322,4.8233,0.1679
3160.0,210,0.1752,0.1631,0.1700,0.0322,4.8230,0.1664
3170.0,211,0.1768,0.1616,0.1746,0.0313,4.8224,0.1649
3180.0,212,0.1707,0.1631,0.1746,0.0322,4.8215,0.1634
3190.0,213,0.1630,0.1585,0.1731,0.0331,4.8212,0.1588
3200.0,214,0.1584,0.1539,0.1609,0.0331,4.8212,0.1573
3210.0,215,0.1539,0.1494,0.1578,0.0331,4.8206,0.1557
3220.0,216,0.1508,0.1463,0.1548,0.0331,4.8199,0.1496
3230.0,217,0.1447,0.1463,0.1502,0.0331,4.8199,0.1466
3240.0,218,0.1401,0.1448,0.1472,0.0331,4.8193,0.1405
3250.0,219,0.1386,0.1432,0.1441,0.0331,4.8193,0.1359
3260.0,220,0.1340,0.1341,0.1380,0.0322,4.8187,0.1313
3270.0,221,0.1279,0.1265,0.1349,0.0331,4.8184,0.1283
3280.0,222,0.1249,0.1188,0.1258,0.0331,4.8184,0.1283
3290.0,223,0.1157,0.1143,0.1182,0.0322,4.8184,0.1267
3300.0,224,0.1111,0.1188,0.1182,0.0313,4.8178,0.1252
3310.0,225,0.1142,0.1234,0.1212,0.0322,4.8175,0.1267
3320.0,226,0.1157,0.1204,0.1182,0.0331,4.8172,0.1191
3330.0,227,0.1203,0.1188,0.1121,0.0313,4.8172,0.1176
3340.0,228,0.1188,0.1112,0.1121,0.0304,4.8172,0.1206
3350.0,229,0.1188,0.1127,0.1075,0.0322,4.8172,0.1191
3360.0,230,0.1142,0.1112,0.1136,0.0313,4.8169,0.1161
3370.0,231,0.1142,0.1127,0.1151,0.0313,4.8169,0.1145
3380.0,232,0.1111,0.1204,0.1151,0.0331,4.8169,0.1191
3390.0,233,0.1142,0.1204,0.1105,0.0313,4.8166,0.1161
3400.0,234,0.1157,0.1234,0.1105,0.0322,4.8163,0.1084
3410.0,235,0.1188,0.1143,0.1090,0.0322,4.8163,0.1084
3420.0,236,0.1142,0.1097,0.1151,0.0322,4.8160,0.1054
3430.0,237,0.1111,0.1082,0.1121,0.0322,4.8160,0.1054
3440.0,238,0.1035,0.1066,0.1136,0.0322,4.8154,0.1084
3450.0,239,0.0989,0.1066,0.1060,0.0313,4.8157,0.1084
3460.0,240,0.0959,0.0929,0.0937,0.0322,4.8163,0.1069
3470.0,241,0.0928,0.0868,0.0846,0.0322,4.8154,0.1023
3480.0,242,0.0867,0.0883,0.0892,0.0313,4.8157,0.0977
3490.0,243,0.0837,0.0868,0.0861,0.0322,4.8157,0.0977
3500.0,244,0.0852,0.0807,0.0861,0.0313,4.8163,0.0901
3510.0,245,0.0822,0.0776,0.0846,0.0322,4.8160,0.0794
3520.0,246,0.0791,0.0731,0.0815,0.0331,4.8160,0.0794
3530.0,247,0.0791,0.0670,0.0785,0.0313,4.8163,0.0703
3540.0,248,0.0822,0.0654,0.0770,0.0304,4.8160,0.0657
3550.0,249,0.0745,0.0654,0.0739,0.0304,4.8160,0.0642
3560.0,250,0.0684,0.0670,0.0770,0.0313,4.8166,0.0657
3570.0,251,0.0715,0.0685,0.0709,0.0322,4.8163,0.0672
3580.0,252,0.0745,0.0700,0.0693,0.0313,4.8163,0.0703
3590.0,253,0.0791,0.0700,0.0648,0.0304,4.8163,0.0703
3600.0,254,0.0806,0.0700,0.0693,0.0304,4.8163,0.0764
3610.0,255,0.0791,0.0746,0.0754,0.0304,4.8166,0.0810
3620.0,0,0.0776,0.0685,0.0754,0.0313,4.8169,0.0886
3630.0,1,0.0776,0.0715,0.0754,0.0313,4.8169,0.0855
3640.0,2,0.0806,0.0700,0.0739,0.0313,4.8166,0.0794
3650.0,3,0.0852,0.0731,0.0693,0.0313,4.8166,0.0718
3660.0,4,0.0776,0.0776,0.0663,0.0304,4.8169,0.0672
3670.0,5,0.0730,0.0776,0.0693,0.0313,4.8166,0.0749
3680.0,6,0.0730,0.0700,0.0632,0.0304,4.8166,0.0733
3690.0,7,0.0699,0.0670,0.0663,0.0304,4.8172,0.0703
3700.0,8,0.0699,0.0670,0.0617,0.0304,4.8169,0.0672
3710.0,9,0.0715,0.0639,0.0556,0.0304,4.8169,0.0642
3720.0,10,0.0761,0.0639,0.0525,0.0313,4.8172,0.0550
3730.0,11,0.0730,0.0700,0.0648,0.0304,4.8172,0.0581
3740.0,12,0.0699,0.0731,0.0663,0.0296,4.8172,0.0642
3750.0,13,0.0623,0.0700,0.0663,0.0304,4.8175,0.0703
3760.0,14,0.0638,0.0670,0.0678,0.0313,4.8172,0.0688
3770.0,15,0.0623,0.0654,0.0678,0.0313,4.8175,0.0703
3780.0,16,0.0638,0.0578,0.0648,0.0322,4.8178,0.0703
3790.0,17,0.0593,0.0608,0.0632,0.0304,4.8181,0.0672
3800.0,18,0.0577,0.0639,0.0556,0.0296,4.8178,0.0596
3810.0,19,0.0547,0.0608,0.0525,0.0296,4.8181,0.0550
3820.0,20,0.0486,0.0563,0.0556,0.0304,4.8181,0.0535
3830.0,21,0.0516,0.0593,0.0602,0.0304,4.8178,0.0520
3840.0,22,0.0532,0.0578,0.0617,0.0313,4.8181,0.0550
3850.0,23,0.0577,0.0639,0.0648,0.0313,4.8181,0.0581
3860.0,24,0.0623,0.0654,0.0663,0.0313,4.8178,0.0642
3870.0,25,0.0638,0.0654,0.0663,0.0304,4.8181,0.0642
3880.0,26,0.0699,0.0685,0.0724,0.0313,4.8181,0.0596
3890.0,27,0.0684,0.0776,0.0693,0.0287,4.8184,0.0611
3900.0,28,0.0669,0.0700,0.0602,0.0296,4.8181,0.0611
3910.0,29,0.0654,0.0624,0.0617,0.0296,4.8181,0.0611
3920.0,30,0.0699,0.0593,0.0602,0.0304,4.8184,0.0672
3930.0,31,0.0745,0.0578,0.0632,0.0287,4.8181,0.0688
3940.0,32,0.0745,0.0593,0.0617,0.0296,4.8184,0.0642
3950.0,33,0.0715,0.0593,0.0617,0.0304,4.8184,0.0672
3960.0,34,0.0654,0.0608,0.0617,0.0296,4.8181,0.0642
3970.0,35,0.0699,0.0639,0.0648,0.0296,4.8187,0.0611
3980.0,36,0.0699,0.0608,0.0602,0.0313,4.8190,0.0657
3990.0,37,0.0684,0.0547,0.0587,0.0304,4.8190,0.0718
4000.0,38,0.0684,0.0593,0.0556,0.0313,4.8193,0.0703
4010.0,39,0.0654,0.0578,0.0541,0.0304,4.8190,0.0657
4020.0,40,0.0654,0.0593,0.0510,0.0304,4.8190,0.0611
4030.0,41,0.0654,0.0578,0.0556,0.0287,4.8190,0.0581
4040.0,42,0.0547,0.0563,0.0556,0.0304,4.8193,0.0596
4050.0,43,0.0471,0.0532,0.0510,0.0296,4.8196,0.0565
4059.9,44,0.0440,0.0486,0.0480,0.0296,4.8193,0.0489
4069.9,45,0.0425,0.0502,0.0510,0.0287,4.8196,0.0428
4079.9,46,0.0455,0.0547,0.0556,0.0296,4.8193,0.0489
4089.9,47,0.0547,0.0608,0.0571,0.0296,4.8193,0.0504
4099.9,48,0.0608,0.0608,0.0525,0.0296,4.8199,0.0489
4109.9,49,0.0608,0.0608,0.0434,0.0287,4.8193,0.0489
4119.9,50,0.0577,0.0639,0.0464,0.0304,4.8199,0.0504
4129.9,51,0.0532,0.0624,0.0495,0.0296,4.8196,0.0550
4139.9,52,0.0562,0.0608,0.0571,0.0296,4.8196,0.0596
4149.9,53,0.0577,0.0532,0.0587,0.0287,4.8199,0.0627
4159.9,54,0.0608,0.0517,0.0587,0.0296,4.8196,0.0627
4169.9,55,0.0638,0.0517,0.0617,0.0287,4.8203,0.0611
4179.9,56,0.0593,0.0547,0.0648,0.0287,4.8203,0.0596
4189.9,57,0.0547,0.0563,0.0632,0.0287,4.8199,0.0535
4199.9,58,0.0501,0.0593,0.0602,0.0296,4.8199,0.0535
4209.9,59,0.0501,0.0608,0.0571,0.0296,4.8203,0.0474
4219.9,60,0.0562,0.0578,0.0556,0.0304,4.8203,0.0474
4229.9,61,0.0577,0.0578,0.0602,0.0296,4.8203,0.0489
4239.9,62,0.0593,0.0593,0.0663,0.0278,4.8203,0.0596
4249.9,63,0.0669,0.0670,0.0678,0.0287,4.8206,0.0596
4259.9,64,0.0699,0.0639,0.0678,0.0304,4.8203,0.0672
4269.9,65,0.0654,0.0608,0.0663,0.0287,4.8206,0.0703
4279.9,66,0.0654,0.0608,0.0663,0.0287,4.8203,0.0688
4289.9,67,0.0654,0.0624,0.0678,0.0287,4.8203,0.0703
4299.9,68,0.0623,0.0624,0.0709,0.0296,4.8199,0.0688
4309.9,69,0.0638,0.0654,0.0663,0.0296,4.8203,0.0733
4319.9,70,0.0654,0.0700,0.0693,0.0296,4.8199,0.0764
4329.9,71,0.0654,0.0731,0.0693,0.0287,4.8203,0.0764
4339.9,72,0.0699,0.0746,0.0648,0.0296,4.8203,0.0749
4349.9,73,0.0684,0.0700,0.0678,0.0304,4.8199,0.0718
4359.9,74,0.0699,0.0654,0.0678,0.0296,4.8203,0.0657
4369.9,75,0.0699,0.0563,0.0632,0.0296,4.8206,0.0611
4379.9,76,0.0638,0.0578,0.0632,0.0287,4.8199,0.0565
4389.9,77,0.0562,0.0532,0.0587,0.0287,4.8203,0.0535
4399.9,78,0.0516,0.0517,0.0541,0.0296,4.8203,0.0489
4409.9,79,0.0547,0.0517,0.0495,0.0278,4.8203,0.0520
4419.9,80,0.0547,0.0502,0.0449,0.0296,4.8206,0.0520
4429.9,81,0.0486,0.0456,0.0525,0.0287,4.8206,0.0504
4439.9,82,0.0532,0.0486,0.0495,0.0287,4.8203,0.0489
4449.9,83,0.0562,0.0471,0.0510,0.0287,4.8203,0.0535
4459.9,84,0.0577,0.0502,0.0541,0.0278,4.8206,0.0535
4469.9,85,0.0593,0.0578,0.0571,0.0287,4.8206,0.0565
4479.9,86,0.0654,0.0639,0.0587,0.0296,4.8203,0.0581
4489.9,87,0.0730,0.0670,0.0617,0.0287,4.8206,0.0581
4499.9,88,0.0715,0.0624,0.0602,0.0287,4.8203,0.0642
4509.9,89,0.0715,0.0593,0.0632,0.0296,4.8199,0.0657
4519.9,90,0.0638,0.0608,0.0617,0.0287,4.8206,0.0672
4529.9,91,0.0623,0.0608,0.0587,0.0287,4.8206,0.0718
4539.9,92,0.0654,0.0624,0.0587,0.0278,4.8206,0.0718
4549.9,93,0.0715,0.0685,0.0663,0.0287,4.8206,0.0688
4559.9,94,0.0745,0.0731,0.0678,0.0278,4.8203,0.0703
4569.9,95,0.0761,0.0776,0.0709,0.0287,4.8203,0.0733
4579.9,96,0.0761,0.0776,0.0785,0.0296,4.8206,0.0672
4589.9,97,0.0745,0.0792,0.0785,0.0287,4.8206,0.0642
4599.9,98,0.0730,0.0807,0.0770,0.0296,4.8203,0.0657
4609.9,99,0.0699,0.0776,0.0709,0.0287,4.8196,0.0657
4619.9,100,0.0684,0.0700,0.0693,0.0296,4.8203,0.0611
4629.9,101,0.0699,0.0715,0.0663,0.0287,4.8203,0.0657
4639.9,102,0.0745,0.0731,0.0678,0.0296,4.8199,0.0688
4649.9,103,0.0745,0.0731,0.0724,0.0287,4.8203,0.0657
4659.9,104,0.0761,0.0685,0.0739,0.0287,4.8203,0.0657
4669.9,105,0.0715,0.0700,0.0739,0.0296,4.8199,0.0718
4679.9,106,0.0699,0.0700,0.0709,0.0287,4.8203,0.0764
4689.9,107,0.0684,0.0700,0.0617,0.0287,4.8203,0.0733
4699.9,108,0.0699,0.0685,0.0571,0.0296,4.8203,0.0611
4709.9,109,0.0608,0.0624,0.0571,0.0287,4.8203,0.0550
4719.9,110,0.0501,0.0502,0.0525,0.0287,4.8206,0.0535
4729.9,111,0.0440,0.0380,0.0480,0.0278,4.8199,0.0520
4739.9,112,0.0410,0.0303,0.0419,0.0287,4.8206,0.0443
4749.9,113,0.0349,0.0258,0.0327,0.0287,4.8206,0.0367
4759.9,114,0.0272,0.0181,0.0281,0.0296,4.8206,0.0276
4769.9,115,0.0211,0.0135,0.0190,0.0278,4.8209,0.0123
4779.9,116,0.0135,0.0059,0.0113,0.0287,4.8215,-0.0014
4789.9,117,0.0059,-0.0032,0.0037,0.0287,4.8215,-0.0091
4799.9,118,-0.0002,-0.0032,0.0022,0.0287,4.8221,-0.0075
4809.9,119,-0.0079,-0.0093,-0.0009,0.0296,4.8221,-0.0091
4819.9,120,-0.0094,-0.0109,0.0007,0.0287,4.8227,-0.0121
4829.9,121,-0.0094,-0.0124,-0.0070,0.0278,4.8227,-0.0136
4839.9,122,-0.0155,-0.0154,-0.0161,0.0287,4.8233,-0.0106
4849.9,123,-0.0170,-0.0185,-0.0207,0.0278,4.8239,-0.0167
4859.9,124,-0.0231,-0.0231,-0.0192,0.0278,4.8236,-0.0182
4869.9,125,-0.0262,-0.0231,-0.0253,0.0287,4.8245,-0.0243
4879.9,126,-0.0262,-0.0231,-0.0237,0.0287,4.8245,-0.0258
4889.9,127,-0.0262,-0.0231,-0.0283,0.0278,4.8251,-0.0274
4899.9,128,-0.0262,-0.0246,-0.0253,0.0296,4.8251,-0.0213
4909.9,129,-0.0247,-0.0277,-0.0268,0.0287,4.8257,-0.0213
4919.9,130,-0.0262,-0.0292,-0.0283,0.0287,4.8260,-0.0228
4929.9,131,-0.0231,-0.0307,-0.0283,0.0287,4.8267,-0.0274
4939.9,132,-0.0231,-0.0322,-0.0253,0.0296,4.8264,-0.0274
4949.9,133,-0.0216,-0.0261,-0.0207,0.0287,4.8267,-0.0274
4959.9,134,-0.0170,-0.0261,-0.0237,0.0287,4.8267,-0.0258
4969.9,135,-0.0201,-0.0261,-0.0253,0.0296,4.8273,-0.0243
4979.9,136,-0.0216,-0.0292,-0.0207,0.0278,4.8270,-0.0182
4989.9,137,-0.0231,-0.0292,-0.0161,0.0296,4.8276,-0.0213
4999.9,138,-0.0247,-0.0261,-0.0161,0.0296,4.8279,-0.0167
5009.9,139,-0.0201,-0.0185,-0.0207,0.0296,4.8282,-0.0075
5019.9,140,-0.0155,-0.0124,-0.0192,0.0287,4.8282,-0.0091
5029.9,141,-0.0109,-0.0109,-0.0131,0.0287,4.8285,-0.0060
5039.9,142,-0.0079,-0.0017,-0.0146,0.0296,4.8288,-0.0075
5049.9,143,-0.0018,-0.0002,-0.0176,0.0287,4.8285,-0.0030
5059.9,144,0.0059,0.0029,-0.0085,0.0278,4.8288,-0.0045
5069.9,145,0.0059,0.0013,-0.0024,0.0287,4.8291,-0.0075
5079.9,146,0.0013,-0.0048,-0.0009,0.0287,4.8294,-0.0060
5089.9,147,-0.0033,-0.0032,0.0037,0.0287,4.8291,-0.0030
5099.9,148,-0.0018,-0.0017,0.0052,0.0296,4.8288,-0.0030
5109.9,149,0.0013,-0.0048,0.0083,0.0287,4.8294,-0.0014
5119.9,150,0.0028,-0.0017,0.0113,0.0287,4.8291,-0.0030
5129.9,151,0.0043,-0.0017,0.0068,0.0296,4.8294,-0.0091
5139.9,152,0.0028,-0.0002,0.0022,0.0287,4.8297,-0.0091
5149.9,153,-0.0002,-0.0017,0.0022,0.0287,4.8294,-0.0014
5159.9,154,-0.0048,-0.0017,-0.0070,0.0287,4.8300,0.0016
5169.9,155,-0.0063,-0.0017,-0.0085,0.0296,4.8300,-0.0030
5179.9,156,-0.0018,-0.0002,-0.0009,0.0287,4.8297,-0.0045
5189.9,157,-0.0002,0.0044,0.0037,0.0287,4.8297,-0.0030
5199.9,158,-0.0018,0.0044,0.0022,0.0296,4.8297,-0.0060
5209.9,159,-0.0002,0.0013,-0.0054,0.0287,4.8303,-0.0075
5219.9,160,-0.0048,-0.0048,-0.0054,0.0296,4.8300,-0.0060
5229.9,161,-0.0048,-0.0048,-0.0039,0.0296,4.8300,-0.0030
5239.9,162,-0.0079,-0.0048,-0.0054,0.0287,4.8300,-0.0075
5249.9,163,-0.0125,-0.0048,0.0007,0.0287,4.8303,-0.0075
5259.9,164,-0.0140,-0.0109,-0.0054,0.0287,4.8309,-0.0136
5269.9,165,-0.0170,-0.0139,-0.0131,0.0287,4.8309,-0.0197
5279.9,166,-0.0216,-0.0170,-0.0146,0.0287,4.8309,-0.0197
5289.9,167,-0.0216,-0.0215,-0.0131,0.0287,4.8309,-0.0167
5299.9,168,-0.0262,-0.0292,-0.0237,0.0287,4.8312,-0.0243
5309.9,169,-0.0292,-0.0277,-0.0314,0.0287,4.8315,-0.0320
5319.9,170,-0.0323,-0.0307,-0.0360,0.0287,4.8312,-0.0365
5329.9,171,-0.0308,-0.0322,-0.0390,0.0296,4.8318,-0.0396
5339.9,172,-0.0323,-0.0368,-0.0375,0.0287,4.8325,-0.0365
5349.9,173,-0.0338,-0.0383,-0.0329,0.0287,4.8318,-0.0335
5359.9,174,-0.0292,-0.0338,-0.0299,0.0296,4.8325,-0.0320
5369.9,175,-0.0323,-0.0322,-0.0268,0.0287,4.8322,-0.0258
5379.9,176,-0.0308,-0.0246,-0.0299,0.0296,4.8328,-0.0243
5389.9,177,-0.0277,-0.0246,-0.0283,0.0296,4.8334,-0.0152
5399.9,178,-0.0292,-0.0277,-0.0237,0.0296,4.8331,-0.0152
5409.9,179,-0.0277,-0.0215,-0.0192,0.0304,4.8331,-0.0182
5419.9,180,-0.0277,-0.0246,-0.0253,0.0296,4.8328,-0.0182
5429.9,181,-0.0262,-0.0277,-0.0253,0.0296,4.8331,-0.0136
5439.9,182,-0.0201,-0.0261,-0.0192,0.0304,4.8334,-0.0167
5449.9,183,-0.0216,-0.0231,-0.0146,0.0296,4.8334,-0.0197
5459.9,184,-0.0231,-0.0215,-0.0100,0.0287,4.8334,-0.0197
5469.9,185,-0.0231,-0.0261,-0.0131,0.0287,4.8337,-0.0136
5479.9,186,-0.0216,-0.0231,-0.0131,0.0287,4.8337,-0.0075
5489.9,187,-0.0216,-0.0200,-0.0176,0.0304,4.8337,-0.0091
5499.9,188,-0.0216,-0.0154,-0.0207,0.0304,4.8343,-0.0075
5509.9,189,-0.0247,-0.0124,-0.0176,0.0296,4.8337,-0.0091
5519.9,190,-0.0216,-0.0093,-0.0131,0.0296,4.8343,-0.0106
5529.9,191,-0.0186,-0.0063,-0.0115,0.0296,4.8340,-0.0136
5539.9,192,-0.0201,-0.0093,-0.0054,0.0296,4.8337,-0.0152
5549.9,193,-0.0186,-0.0124,-0.0131,0.0287,4.8343,-0.0167
5559.9,194,-0.0216,-0.0109,-0.0146,0.0278,4.8343,-0.0136
5569.9,195,-0.0201,-0.0078,-0.0131,0.0304,4.8343,-0.0121
5579.9,196,-0.0170,-0.0063,-0.0115,0.0296,4.8343,-0.0060
5589.9,197,-0.0140,-0.0109,-0.0115,0.0296,4.8343,-0.0045
5599.9,198,-0.0079,-0.0048,-0.0085,0.0304,4.8343,-0.0014
5609.9,199,-0.0079,-0.0017,0.0007,0.0287,4.8346,-0.0014
5619.9,200,-0.0033,-0.0032,-0.0024,0.0304,4.8343,-0.0014
5629.9,201,-0.0002,-0.0017,-0.0009,0.0296,4.8346,0.0001
5639.9,202,0.0043,0.0044,0.0007,0.0296,4.8340,0.0077
5649.9,203,0.0120,0.0074,0.0068,0.0296,4.8340,0.0123
5659.9,204,0.0135,0.0074,0.0113,0.0304,4.8337,0.0199
5669.9,205,0.0165,0.0151,0.0129,0.0296,4.8334,0.0215
5679.9,206,0.0181,0.0197,0.0144,0.0304,4.8340,0.0245
5689.9,207,0.0196,0.0242,0.0190,0.0304,4.8337,0.0291
5699.9,208,0.0226,0.0303,0.0281,0.0296,4.8337,0.0321
5709.9,209,0.0257,0.0334,0.0297,0.0296,4.8331,0.0321
5719.9,210,0.0272,0.0380,0.0373,0.0296,4.8331,0.0352
5729.9,211,0.0318,0.0380,0.0419,0.0296,4.8328,0.0398
5739.9,212,0.0349,0.0334,0.0419,0.0287,4.8328,0.0428
5749.9,213,0.0379,0.0364,0.0419,0.0296,4.8328,0.0459
5759.9,214,0.0394,0.0349,0.0373,0.0296,4.8328,0.0443
5769.9,215,0.0349,0.0364,0.0358,0.0304,4.8322,0.0443
5779.9,216,0.0394,0.0380,0.0358,0.0296,4.8322,0.0382
5789.9,217,0.0364,0.0349,0.0342,0.0296,4.8318,0.0306
5799.9,218,0.0287,0.0334,0.0373,0.0296,4.8318,0.0260
5809.9,219,0.0272,0.0273,0.0327,0.0313,4.8315,0.0199
5819.9,220,0.0257,0.0288,0.0236,0.0313,4.8315,0.0153
5829.9,221,0.0211,0.0242,0.0190,0.0304,4.8315,0.0184
5839.9,222,0.0196,0.0166,0.0144,0.0296,4.8315,0.0184
5849.9,223,0.0135,0.0120,0.0068,0.0304,4.8312,0.0092
5859.9,224,0.0028,0.0074,0.0007,0.0296,4.8315,0.0077
5869.9,225,-0.0048,-0.0017,-0.0009,0.0296,4.8318,0.0047
5879.9,226,-0.0094,-0.0093,-0.0024,0.0296,4.8322,-0.0014
5889.9,227,-0.0094,-0.0154,-0.0070,0.0296,4.8318,-0.0014
5899.9,228,-0.0094,-0.0124,-0.0100,0.0304,4.8318,-0.0060
5909.9,229,-0.0079,-0.0154,-0.0146,0.0304,4.8325,-0.0091
5919.9,230,-0.0094,-0.0200,-0.0100,0.0304,4.8325,-0.0106
5929.9,231,-0.0140,-0.0185,-0.0115,0.0296,4.8322,-0.0136
5939.9,232,-0.0216,-0.0185,-0.0192,0.0304,4.8325,-0.0152
5949.9,233,-0.0231,-0.0170,-0.0176,0.0304,4.8328,-0.0167
5959.9,234,-0.0170,-0.0154,-0.0192,0.0313,4.8325,-0.0152
5969.9,235,-0.0094,-0.0139,-0.0192,0.0304,4.8328,-0.0197
5979.9,236,-0.0033,-0.0139,-0.0176,0.0304,4.8334,-0.0182
5989.9,237,-0.0033,-0.0109,-0.0192,0.0296,4.8331,-0.0167
5999.9,238,-0.0063,-0.0124,-0.0192,0.0296,4.8331,-0.0152
6009.9,239,-0.0079,-0.0124,-0.0100,0.0304,4.8334,-0.0121
6019.9,240,-0.0048,-0.0093,-0.0009,0.0296,4.8331,-0.0136
6029.9,241,0.0043,-0.0048,-0.0009,0.0287,4.8334,-0.0045
6039.9,242,0.0059,-0.0002,0.0037,0.0287,4.8328,0.0001
6049.9,243,0.0104,0.0074,0.0129,0.0304,4.8328,0.0047
6059.9,244,0.0211,0.0135,0.0175,0.0304,4.8325,0.0169
6069.9,245,0.0303,0.0242,0.0220,0.0296,4.8328,0.0291
6079.9,246,0.0394,0.0334,0.0251,0.0304,4.8325,0.0382
6089.9,247,0.0425,0.0410,0.0373,0.0296,4.8325,0.0382
6099.9,248,0.0501,0.0441,0.0449,0.0296,4.8322,0.0428
6109.9,249,0.0516,0.0456,0.0525,0.0313,4.8318,0.0489
6119.9,250,0.0547,0.0532,0.0495,0.0313,4.8312,0.0535
6129.9,251,0.0623,0.0578,0.0510,0.0313,4.8312,0.0565
6139.9,252,0.0654,0.0608,0.0556,0.0304,4.8312,0.0627
6149.9,253,0.0715,0.0608,0.0617,0.0313,4.8306,0.0627
6159.9,254,0.0761,0.0654,0.0663,0.0304,4.8309,0.0703
6169.9,255,0.0837,0.0715,0.0709,0.0304,4.8300,0.0749
6179.9,0,0.0852,0.0807,0.0693,0.0304,4.8297,0.0779
6189.9,1,0.0806,0.0776,0.0724,0.0313,4.8294,0.0825
6199.9,2,0.0776,0.0807,0.0724,0.0313,4.8291,0.0825
6209.9,3,0.0776,0.0822,0.0770,0.0313,4.8288,0.0794
6219.9,4,0.0776,0.0807,0.0770,0.0304,4.8288,0.0840
6229.9,5,0.0730,0.0807,0.0754,0.0304,4.8285,0.0825
6239.9,6,0.0715,0.0761,0.0739,0.0313,4.8282,0.0810
6249.9,7,0.0730,0.0746,0.0754,0.0313,4.8279,0.0810
6259.9,8,0.0699,0.0731,0.0678,0.0313,4.8279,0.0764
6269.9,9,0.0699,0.0715,0.0663,0.0304,4.8276,0.0749
6279.9,10,0.0699,0.0624,0.0632,0.0313,4.8270,0.0703
6289.9,11,0.0669,0.0578,0.0587,0.0296,4.8270,0.0688
6299.9,12,0.0654,0.0517,0.0602,0.0304,4.8270,0.0657
6309.9,13,0.0623,0.0517,0.0587,0.0304,4.8273,0.0627
6319.9,14,0.0608,0.0486,0.0541,0.0304,4.8267,0.0581
6329.9,15,0.0608,0.0471,0.0495,0.0304,4.8264,0.0565
6339.9,16,0.0562,0.0471,0.0434,0.0313,4.8267,0.0489
6349.9,17,0.0547,0.0471,0.0358,0.0304,4.8270,0.0443
6359.9,18,0.0486,0.0456,0.0358,0.0304,4.8260,0.0398
6369.9,19,0.0440,0.0425,0.0327,0.0287,4.8267,0.0337
6379.9,20,0.0379,0.0395,0.0297,0.0296,4.8264,0.0306
6389.9,21,0.0364,0.0319,0.0327,0.0304,4.8264,0.0321
6399.9,22,0.0303,0.0227,0.0327,0.0313,4.8260,0.0337
6409.9,23,0.0272,0.0181,0.0281,0.0313,4.8264,0.0337
6419.9,24,0.0242,0.0212,0.0236,0.0313,4.8264,0.0260
6429.9,25,0.0226,0.0181,0.0266,0.0313,4.8264,0.0184
6439.9,26,0.0181,0.0090,0.0205,0.0304,4.8270,0.0138
6449.9,27,0.0120,-0.0002,0.0190,0.0304,4.8270,0.0092
6459.9,28,0.0028,-0.0048,0.0098,0.0296,4.8273,0.0031
6469.9,29,-0.0002,-0.0078,-0.0039,0.0313,4.8276,-0.0060
6479.9,30,-0.0094,-0.0139,-0.0146,0.0304,4.8273,-0.0182
6489.9,31,-0.0155,-0.0185,-0.0253,0.0296,4.8279,-0.0243
6499.9,32,-0.0201,-0.0261,-0.0344,0.0313,4.8282,-0.0320
6509.9,33,-0.0247,-0.0277,-0.0360,0.0313,4.8285,-0.0335
6519.9,34,-0.0292,-0.0277,-0.0390,0.0304,4.8288,-0.0365
6529.9,35,-0.0369,-0.0322,-0.0390,0.0304,4.8288,-0.0365
6539.9,36,-0.0399,-0.0277,-0.0329,0.0304,4.8291,-0.0320
6549.9,37,-0.0353,-0.0261,-0.0299,0.0304,4.8291,-0.0304
6559.9,38,-0.0353,-0.0277,-0.0253,0.0304,4.8291,-0.0304
6569.9,39,-0.0277,-0.0231,-0.0222,0.0304,4.8291,-0.0274
6579.9,40,-0.0277,-0.0200,-0.0192,0.0304,4.8297,-0.0258
6589.9,41,-0.0308,-0.0215,-0.0237,0.0304,4.8303,-0.0213
6599.9,42,-0.0308,-0.0261,-0.0237,0.0313,4.8300,-0.0228
6609.9,43,-0.0262,-0.0246,-0.0283,0.0313,4.8306,-0.0243
6619.9,44,-0.0231,-0.0246,-0.0237,0.0313,4.8309,-0.0258
6629.9,45,-0.0247,-0.0277,-0.0283,0.0304,4.8309,-0.0258
6639.9,46,-0.0201,-0.0307,-0.0207,0.0313,4.8312,-0.0289
6649.9,47,-0.0170,-0.0261,-0.0176,0.0304,4.8309,-0.0274
6659.9,48,-0.0140,-0.0215,-0.0146,0.0313,4.8315,-0.0228
6669.9,49,-0.0140,-0.0200,-0.0207,0.0304,4.8318,-0.0197
6679.9,50,-0.0155,-0.0185,-0.0192,0.0304,4.8318,-0.0182
6689.9,51,-0.0170,-0.0200,-0.0222,0.0313,4.8322,-0.0167
6699.9,52,-0.0262,-0.0215,-0.0207,0.0304,4.8315,-0.0136
6709.9,53,-0.0338,-0.0277,-0.0253,0.0304,4.8322,-0.0152
6719.9,54,-0.0308,-0.0322,-0.0299,0.0296,4.8322,-0.0152
6729.9,55,-0.0292,-0.0353,-0.0360,0.0304,4.8322,-0.0197
6739.9,56,-0.0277,-0.0368,-0.0390,0.0304,4.8322,-0.0258
6749.9,57,-0.0292,-0.0383,-0.0405,0.0313,4.8328,-0.0426
6759.9,58,-0.0369,-0.0444,-0.0436,0.0304,4.8331,-0.0487
6769.9,59,-0.0460,-0.0429,-0.0482,0.0322,4.8331,-0.0548
6779.9,60,-0.0506,-0.0460,-0.0527,0.0313,4.8337,-0.0625
6789.9,61,-0.0521,-0.0505,-0.0573,0.0304,4.8337,-0.0640
6799.9,62,-0.0506,-0.0566,-0.0588,0.0304,4.8343,-0.0640
6809.9,63,-0.0491,-0.0566,-0.0573,0.0322,4.8343,-0.0655
6819.9,64,-0.0506,-0.0612,-0.0604,0.0304,4.8346,-0.0640
6829.9,65,-0.0567,-0.0658,-0.0649,0.0313,4.8349,-0.0686
6839.9,66,-0.0613,-0.0658,-0.0665,0.0304,4.8355,-0.0640
6849.9,67,-0.0659,-0.0658,-0.0619,0.0304,4.8355,-0.0609
6859.9,68,-0.0582,-0.0582,-0.0604,0.0304,4.8355,-0.0579
6869.9,69,-0.0598,-0.0566,-0.0573,0.0296,4.8361,-0.0548
6879.9,70,-0.0552,-0.0566,-0.0512,0.0304,4.8361,-0.0472
6889.9,71,-0.0491,-0.0566,-0.0512,0.0313,4.8364,-0.0426
6899.9,72,-0.0445,-0.0551,-0.0466,0.0304,4.8361,-0.0472
6909.9,73,-0.0445,-0.0521,-0.0466,0.0313,4.8361,-0.0442
6919.9,74,-0.0399,-0.0551,-0.0466,0.0313,4.8367,-0.0396
6929.9,75,-0.0475,-0.0551,-0.0436,0.0313,4.8370,-0.0411
6939.9,76,-0.0506,-0.0551,-0.0436,0.0313,4.8367,-0.0442
6949.9,77,-0.0582,-0.0566,-0.0405,0.0313,4.8373,-0.0518
6959.9,78,-0.0628,-0.0521,-0.0405,0.0313,4.8373,-0.0548
6969.9,79,-0.0613,-0.0582,-0.0512,0.0313,4.8373,-0.0533
6979.9,80,-0.0613,-0.0536,-0.0527,0.0313,4.8376,-0.0609
6989.9,81,-0.0598,-0.0536,-0.0527,0.0322,4.8380,-0.0640
6999.9,82,-0.0552,-0.0597,-0.0543,0.0313,4.8380,-0.0625
7009.9,83,-0.0567,-0.0643,-0.0634,0.0304,4.8383,-0.0625
7019.9,84,-0.0643,-0.0612,-0.0634,0.0313,4.8383,-0.0594
7029.9,85,-0.0659,-0.0566,-0.0634,0.0313,4.8389,-0.0579
7039.9,86,-0.0643,-0.0551,-0.0634,0.0322,4.8386,-0.0579
7049.9,87,-0.0628,-0.0582,-0.0604,0.0304,4.8392,-0.0625
7059.9,88,-0.0613,-0.0536,-0.0543,0.0313,4.8395,-0.0609
7069.9,89,-0.0521,-0.0521,-0.0497,0.0331,4.8395,-0.0564
7079.9,90,-0.0506,-0.0582,-0.0512,0.0322,4.8392,-0.0503
7089.9,91,-0.0506,-0.0566,-0.0482,0.0322,4.8398,-0.0472
7099.9,92,-0.0521,-0.0536,-0.0451,0.0313,4.8398,-0.0457
7109.9,93,-0.0506,-0.0475,-0.0497,0.0322,4.8395,-0.0381
7119.9,94,-0.0430,-0.0383,-0.0405,0.0331,4.8392,-0.0381
7129.9,95,-0.0399,-0.0277,-0.0329,0.0313,4.8398,-0.0335
7139.9,96,-0.0414,-0.0246,-0.0344,0.0313,4.8395,-0.0350
7149.9,97,-0.0414,-0.0246,-0.0375,0.0313,4.8398,-0.0304
7159.9,98,-0.0353,-0.0307,-0.0421,0.0313,4.8395,-0.0289
7169.9,99,-0.0338,-0.0338,-0.0360,0.0313,4.8395,-0.0320
7179.9,100,-0.0323,-0.0338,-0.0314,0.0322,4.8395,-0.0320
7189.9,101,-0.0277,-0.0338,-0.0268,0.0313,4.8398,-0.0274
7199.9,102,-0.0277,-0.0307,-0.0253,0.0322,4.8398,-0.0228
7209.9,103,-0.0262,-0.0246,-0.0253,0.0313,4.8392,-0.0182
7219.9,104,-0.0277,-0.0231,-0.0237,0.0331,4.8395,-0.0152
7229.9,105,-0.0262,-0.0231,-0.0283,0.0322,4.8395,-0.0197
7239.9,106,-0.0216,-0.0246,-0.0268,0.0322,4.8395,-0.0274
7249.9,107,-0.0201,-0.0261,-0.0283,0.0322,4.8395,-0.0304
7259.9,108,-0.0247,-0.0261,-0.0268,0.0331,4.8392,-0.0289
7269.9,109,-0.0262,-0.0307,-0.0299,0.0322,4.8392,-0.0258
7279.9,110,-0.0277,-0.0307,-0.0375,0.0331,4.8395,-0.0289
7289.9,111,-0.0308,-0.0261,-0.0390,0.0331,4.8392,-0.0258
7299.9,112,-0.0308,-0.0215,-0.0375,0.0331,4.8392,-0.0289
7309.9,113,-0.0338,-0.0231,-0.0329,0.0322,4.8395,-0.0304
7319.9,114,-0.0353,-0.0231,-0.0314,0.0322,4.8395,-0.0335
7329.9,115,-0.0369,-0.0261,-0.0360,0.0322,4.8392,-0.0365
7339.9,116,-0.0323,-0.0261,-0.0360,0.0331,4.8392,-0.0350
7349.9,117,-0.0231,-0.0322,-0.0360,0.0322,4.8392,-0.0350
7359.9,118,-0.0216,-0.0277,-0.0344,0.0331,4.8392,-0.0320
7369.9,119,-0.0231,-0.0200,-0.0299,0.0339,4.8395,-0.0274
7379.9,120,-0.0216,-0.0170,-0.0237,0.0331,4.8398,-0.0258
7389.9,121,-0.0216,-0.0139,-0.0222,0.0322,4.8395,-0.0243
7399.9,122,-0.0216,-0.0109,-0.0176,0.0331,4.8392,-0.0213
7409.9,123,-0.0155,-0.0063,-0.0237,0.0304,4.8392,-0.0152
7419.9,124,-0.0125,-0.0063,-0.0207,0.0331,4.8389,-0.0106
7429.9,125,-0.0140,-0.0078,-0.0146,0.0331,4.8386,-0.0045
7439.9,126,-0.0109,-0.0139,-0.0024,0.0331,4.8386,-0.0014
7449.9,127,-0.0094,-0.0124,-0.0009,0.0331,4.8386,0.0016
7459.9,128,-0.0048,-0.0124,-0.0054,0.0322,4.8386,0.0016
7469.9,129,-0.0063,-0.0063,-0.0146,0.0322,4.8386,0.0001
7479.9,130,-0.0033,-0.0017,-0.0161,0.0322,4.8386,-0.0030
7489.9,131,-0.0018,-0.0048,-0.0100,0.0331,4.8386,-0.0060
7499.9,132,-0.0018,-0.0093,-0.0131,0.0331,4.8386,-0.0106
7509.9,133,-0.0048,-0.0109,-0.0085,0.0322,4.8380,-0.0121
7519.9,134,-0.0125,-0.0124,-0.0131,0.0331,4.8383,-0.0106
7529.9,135,-0.0216,-0.0093,-0.0237,0.0322,4.8383,-0.0136
7539.9,136,-0.0201,-0.0093,-0.0222,0.0322,4.8380,-0.0182
7549.9,137,-0.0186,-0.0124,-0.0146,0.0322,4.8380,-0.0228
7559.9,138,-0.0155,-0.0139,-0.0115,0.0322,4.8383,-0.0243
7569.9,139,-0.0201,-0.0078,-0.0146,0.0322,4.8380,-0.0197
7579.9,140,-0.0170,-0.0078,-0.0146,0.0322,4.8376,-0.0136
7589.9,141,-0.0140,-0.0032,-0.0054,0.0331,4.8380,-0.0152
7599.9,142,-0.0094,-0.0002,-0.0009,0.0313,4.8373,-0.0121
7609.9,143,-0.0018,-0.0017,0.0007,0.0331,4.8376,-0.0106
7619.9,144,0.0013,-0.0048,-0.0070,0.0322,4.8373,-0.0136
7629.9,145,0.0013,0.0029,-0.0131,0.0331,4.8373,-0.0152
7639.9,146,-0.0079,-0.0017,-0.0131,0.0331,4.8376,-0.0106
7649.9,147,-0.0155,-0.0032,-0.0100,0.0339,4.8373,-0.0075
7659.9,148,-0.0216,-0.0139,-0.0100,0.0331,4.8373,-0.0152
7669.9,149,-0.0186,-0.0200,-0.0131,0.0331,4.8370,-0.0197
7679.9,150,-0.0201,-0.0246,-0.0207,0.0322,4.8373,-0.0243
7689.9,151,-0.0247,-0.0246,-0.0268,0.0331,4.8373,-0.0258
7699.9,152,-0.0292,-0.0261,-0.0360,0.0331,4.8373,-0.0304
7709.9,153,-0.0308,-0.0307,-0.0375,0.0322,4.8376,-0.0335
7719.9,154,-0.0292,-0.0322,-0.0390,0.0339,4.8376,-0.0396
7729.9,155,-0.0292,-0.0261,-0.0344,0.0339,4.8373,-0.0350
7739.9,156,-0.0292,-0.0277,-0.0283,0.0322,4.8373,-0.0274
7749.9,157,-0.0262,-0.0246,-0.0222,0.0331,4.8380,-0.0258
7759.9,158,-0.0201,-0.0215,-0.0207,0.0331,4.8376,-0.0197
7769.9,159,-0.0216,-0.0170,-0.0131,0.0339,4.8373,-0.0197
7779.9,160,-0.0186,-0.0139,-0.0115,0.0331,4.8373,-0.0182
7789.9,161,-0.0170,-0.0139,-0.0115,0.0331,4.8373,-0.0152
7799.9,162,-0.0109,-0.0124,-0.0146,0.0339,4.8376,-0.0121
7809.9,163,-0.0109,-0.0093,-0.0146,0.0322,4.8373,-0.0106
7819.9,164,-0.0063,-0.0032,-0.0054,0.0322,4.8373,-0.0060
7829.9,165,-0.0018,-0.0032,-0.0024,0.0339,4.8370,-0.0075
7839.9,166,0.0013,0.0013,-0.0024,0.0339,4.8370,-0.0060
7849.9,167,0.0028,0.0044,-0.0054,0.0339,4.8367,-0.0030
7859.9,168,0.0059,0.0044,-0.0070,0.0339,4.8364,0.0031
7869.9,169,0.0043,0.0029,-0.0024,0.0331,4.8367,0.0016
7879.9,170,0.0059,0.0090,0.0083,0.0331,4.8367,0.0016
7889.9,171,0.0074,0.0151,0.0068,0.0331,4.8364,0.0031
7899.9,172,0.0028,0.0120,0.0037,0.0322,4.8367,0.0047
7909.9,173,-0.0018,0.0120,0.0007,0.0322,4.8364,0.0062
7919.9,174,0.0013,0.0135,0.0052,0.0339,4.8364,0.0123
7929.9,175,0.0059,0.0151,0.0083,0.0339,4.8364,0.0077
7939.9,176,0.0089,0.0181,0.0083,0.0339,4.8361,0.0092
7949.9,177,0.0104,0.0135,0.0052,0.0348,4.8361,0.0153
7959.9,178,0.0165,0.0059,0.0068,0.0348,4.8358,0.0123
7969.9,179,0.0196,0.0013,0.0159,0.0339,4.8352,0.0108
7979.9,180,0.0181,0.0059,0.0159,0.0339,4.8355,0.0153
7989.9,181,0.0211,0.0135,0.0113,0.0357,4.8355,0.0184
7999.9,182,0.0242,0.0181,0.0129,0.0339,4.8352,0.0199
8009.9,183,0.0226,0.0181,0.0159,0.0339,4.8352,0.0230
8019.9,184,0.0211,0.0197,0.0205,0.0331,4.8349,0.0184
8029.9,185,0.0196,0.0212,0.0205,0.0339,4.8346,0.0199
8039.9,186,0.0181,0.0166,0.0220,0.0348,4.8346,0.0184
8049.9,187,0.0196,0.0105,0.0220,0.0348,4.8352,0.0138
8059.9,188,0.0150,0.0074,0.0175,0.0348,4.8346,0.0123
8069.9,189,0.0165,0.0044,0.0129,0.0339,4.8343,0.0077
8079.9,190,0.0150,0.0013,0.0083,0.0339,4.8343,0.0077
8089.9,191,0.0120,0.0013,0.0052,0.0348,4.8343,0.0077
8099.9,192,-0.0002,0.0029,0.0007,0.0339,4.8343,0.0001
8109.9,193,-0.0079,-0.0002,-0.0009,0.0339,4.8340,-0.0060
8119.9,194,-0.0125,-0.0002,-0.0024,0.0331,4.8343,-0.0075
8129.9,195,-0.0094,-0.0063,-0.0054,0.0339,4.8349,-0.0106
8139.9,196,-0.0048,-0.0124,-0.0115,0.0331,4.8343,-0.0182
8149.9,197,-0.0033,-0.0154,-0.0192,0.0339,4.8346,-0.0228
8159.9,198,-0.0063,-0.0185,-0.0176,0.0331,4.8343,-0.0213
8169.9,199,-0.0033,-0.0185,-0.0146,0.0339,4.8346,-0.0182
8179.9,200,-0.0063,-0.0139,-0.0176,0.0331,4.8349,-0.0197
8189.9,201,-0.0125,-0.0124,-0.0146,0.0331,4.8349,-0.0228
8199.9,202,-0.0186,-0.0185,-0.0176,0.0339,4.8346,-0.0228
8209.9,203,-0.0292,-0.0246,-0.0207,0.0348,4.8349,-0.0243
8219.9,204,-0.0323,-0.0277,-0.0237,0.0339,4.8349,-0.0258
8229.9,205,-0.0292,-0.0307,-0.0268,0.0339,4.8349,-0.0243
8239.9,206,-0.0201,-0.0292,-0.0268,0.0348,4.8349,-0.0258
8249.9,207,-0.0201,-0.0261,-0.0268,0.0339,4.8349,-0.0258
8259.9,208,-0.0262,-0.0231,-0.0299,0.0339,4.8349,-0.0243
8269.9,209,-0.0277,-0.0261,-0.0268,0.0331,4.8349,-0.0182
8279.9,210,-0.0277,-0.0292,-0.0299,0.0339,4.8352,-0.0121
8289.9,211,-0.0277,-0.0292,-0.0237,0.0339,4.8352,-0.0152
8299.9,212,-0.0216,-0.0307,-0.0253,0.0339,4.8355,-0.0213
8309.9,213,-0.0201,-0.0292,-0.0283,0.0339,4.8358,-0.0258
8319.9,214,-0.0201,-0.0246,-0.0268,0.0357,4.8358,-0.0243
8329.9,215,-0.0201,-0.0215,-0.0283,0.0339,4.8355,-0.0213
8339.9,216,-0.0170,-0.0170,-0.0222,0.0339,4.8355,-0.0213
8349.9,217,-0.0140,-0.0154,-0.0207,0.0348,4.8355,-0.0182
8359.9,218,-0.0140,-0.0154,-0.0207,0.0348,4.8355,-0.0152
8369.9,219,-0.0201,-0.0154,-0.0237,0.0348,4.8355,-0.0197
8379.9,220,-0.0170,-0.0215,-0.0268,0.0331,4.8358,-0.0213
8389.9,221,-0.0109,-0.0246,-0.0253,0.0331,4.8358,-0.0213
8399.9,222,-0.0109,-0.0215,-0.0237,0.0339,4.8358,-0.0182
8409.9,223,-0.0140,-0.0231,-0.0207,0.0348,4.8358,-0.0258
8419.9,224,-0.0186,-0.0215,-0.0176,0.0339,4.8361,-0.0274
8429.9,225,-0.0186,-0.0215,-0.0176,0.0348,4.8352,-0.0258
8439.9,226,-0.0186,-0.0231,-0.0222,0.0339,4.8361,-0.0197
8449.9,227,-0.0247,-0.0261,-0.0237,0.0348,4.8358,-0.0213
8459.9,228,-0.0216,-0.0215,-0.0237,0.0331,4.8358,-0.0228
8469.9,229,-0.0231,-0.0200,-0.0237,0.0348,4.8361,-0.0213
8479.9,230,-0.0231,-0.0231,-0.0253,0.0339,4.8361,-0.0213
8489.9,231,-0.0216,-0.0215,-0.0344,0.0339,4.8358,-0.0182
8499.9,232,-0.0231,-0.0215,-0.0329,0.0339,4.8361,-0.0136
8509.9,233,-0.0216,-0.0185,-0.0237,0.0339,4.8361,-0.0167
8519.9,234,-0.0231,-0.0154,-0.0207,0.0348,4.8358,-0.0213
8529.9,235,-0.0262,-0.0185,-0.0222,0.0348,4.8367,-0.0228
8539.9,236,-0.0231,-0.0215,-0.0253,0.0339,4.8361,-0.0213
8549.9,237,-0.0201,-0.0185,-0.0283,0.0348,4.8364,-0.0213
8559.9,238,-0.0231,-0.0215,-0.0268,0.0339,4.8361,-0.0228
8569.9,239,-0.0231,-0.0261,-0.0268,0.0339,4.8367,-0.0320
8579.9,240,-0.0201,-0.0292,-0.0192,0.0331,4.8364,-0.0304
8589.9,241,-0.0155,-0.0246,-0.0161,0.0348,4.8364,-0.0258
8599.9,242,-0.0155,-0.0277,-0.0176,0.0348,4.8364,-0.0228
8609.9,243,-0.0186,-0.0277,-0.0237,0.0339,4.8367,-0.0258
8619.9,244,-0.0201,-0.0277,-0.0299,0.0348,4.8364,-0.0274
8629.9,245,-0.0216,-0.0200,-0.0222,0.0348,4.8367,-0.0274
8639.9,246,-0.0262,-0.0154,-0.0176,0.0348,4.8367,-0.0274
8649.9,247,-0.0216,-0.0200,-0.0161,0.0348,4.8364,-0.0213
8659.9,248,-0.0201,-0.0185,-0.0146,0.0348,4.8364,-0.0167
8669.9,249,-0.0125,-0.0124,-0.0192,0.0339,4.8361,-0.0152
8679.9,250,-0.0109,-0.0124,-0.0222,0.0348,4.8367,-0.0197
8689.9,251,-0.0125,-0.0139,-0.0207,0.0348,4.8367,-0.0182
8699.9,252,-0.0125,-0.0124,-0.0192,0.0348,4.8367,-0.0136
8709.9,253,-0.0125,-0.0124,-0.0131,0.0348,4.8364,-0.0121
8719.9,254,-0.0140,-0.0139,-0.0115,0.0348,4.8364,-0.0152
8729.9,255,-0.0140,-0.0154,-0.0131,0.0339,4.8364,-0.0152
8739.9,0,-0.0170,-0.0154,-0.0100,0.0348,4.8364,-0.0167
8749.9,1,-0.0201,-0.0154,-0.0100,0.0339,4.8364,-0.0121
8759.9,2,-0.0231,-0.0154,-0.0176,0.0339,4.8367,-0.0167
8769.9,3,-0.0247,-0.0170,-0.0131,0.0348,4.8367,-0.0136
8779.9,4,-0.0231,-0.0170,-0.0176,0.0339,4.8367,-0.0197
8789.9,5,-0.0186,-0.0231,-0.0207,0.0348,4.8364,-0.0228
8799.9,6,-0.0170,-0.0200,-0.0207,0.0348,4.8367,-0.0182
8809.9,7,-0.0201,-0.0170,-0.0222,0.0339,4.8367,-0.0136
8819.9,8,-0.0170,-0.0200,-0.0176,0.0348,4.8364,-0.0136
8829.9,9,-0.0170,-0.0200,-0.0176,0.0348,4.8364,-0.0075
8839.9,10,-0.0109,-0.0200,-0.0161,0.0339,4.8364,-0.0106
8849.9,11,-0.0094,-0.0170,-0.0161,0.0339,4.8367,-0.0106
8859.9,12,-0.0079,-0.0124,-0.0131,0.0348,4.8367,-0.0075
8869.9,13,-0.0033,-0.0032,-0.0176,0.0348,4.8364,-0.0091
8879.9,14,-0.0094,-0.0032,-0.0176,0.0348,4.8361,-0.0075
8889.9,15,-0.0094,-0.0063,-0.0146,0.0339,4.8361,-0.0045
8899.9,16,-0.0155,-0.0063,-0.0070,0.0348,4.8364,-0.0014
8909.9,17,-0.0155,-0.0063,-0.0039,0.0357,4.8364,-0.0060
8919.9,18,-0.0140,-0.0063,-0.0085,0.0331,4.8364,-0.0091
8929.9,19,-0.0155,-0.0093,-0.0131,0.0348,4.8361,-0.0075
8939.9,20,-0.0140,-0.0093,-0.0115,0.0339,4.8361,-0.0045
8949.9,21,-0.0155,-0.0063,-0.0100,0.0348,4.8361,-0.0091
8959.9,22,-0.0155,-0.0017,-0.0054,0.0339,4.8361,-0.0121
8969.9,23,-0.0125,-0.0048,-0.0024,0.0339,4.8364,-0.0091
8979.9,24,-0.0109,-0.0170,-0.0024,0.0348,4.8361,-0.0030
8989.9,25,-0.0109,-0.0154,-0.0070,0.0339,4.8355,-0.0106
8999.9,26,-0.0125,-0.0139,-0.0100,0.0348,4.8364,-0.0152
9009.9,27,-0.0094,-0.0170,-0.0176,0.0339,4.8361,-0.0167
9019.9,28,-0.0140,-0.0170,-0.0222,0.0339,4.8361,-0.0167
9029.9,29,-0.0109,-0.0246,-0.0146,0.0331,4.8364,-0.0197
9039.9,30,-0.0125,-0.0200,-0.0131,0.0339,4.8361,-0.0152
9049.9,31,-0.0140,-0.0185,-0.0100,0.0339,4.8361,-0.0136
9059.9,32,-0.0170,-0.0154,-0.0054,0.0339,4.8361,-0.0136
9069.9,33,-0.0109,-0.0154,-0.0085,0.0339,4.8364,-0.0152
9079.9,34,-0.0125,-0.0154,-0.0131,0.0348,4.8361,-0.0152
9089.9,35,-0.0170,-0.0170,-0.0176,0.0348,4.8358,-0.0152
9099.9,36,-0.0186,-0.0170,-0.0222,0.0348,4.8361,-0.0121
9109.9,37,-0.0186,-0.0170,-0.0253,0.0339,4.8364,-0.0091
9119.9,38,-0.0170,-0.0200,-0.0237,0.0339,4.8364,-0.0136
9129.9,39,-0.0155,-0.0277,-0.0268,0.0348,4.8367,-0.0136
9139.9,40,-0.0155,-0.0246,-0.0222,0.0348,4.8358,-0.0152
9149.9,41,-0.0140,-0.0231,-0.0176,0.0339,4.8364,-0.0197
9159.9,42,-0.0140,-0.0200,-0.0192,0.0339,4.8367,-0.0228
9169.9,43,-0.0170,-0.0261,-0.0131,0.0348,4.8364,-0.0258
9179.9,44,-0.0201,-0.0246,-0.0161,0.0348,4.8367,-0.0258
9189.9,45,-0.0216,-0.0246,-0.0176,0.0339,4.8364,-0.0228
9199.9,46,-0.0170,-0.0231,-0.0176,0.0339,4.8367,-0.0228
9209.9,47,-0.0170,-0.0231,-0.0161,0.0339,4.8370,-0.0213
9219.9,48,-0.0201,-0.0231,-0.0268,0.0331,4.8364,-0.0197
9229.9,49,-0.0247,-0.0215,-0.0314,0.0339,4.8367,-0.0197
9239.9,50,-0.0216,-0.0215,-0.0329,0.0339,4.8370,-0.0182
9249.9,51,-0.0186,-0.0200,-0.0268,0.0348,4.8364,-0.0197
9259.9,52,-0.0094,-0.0215,-0.0192,0.0331,4.8367,-0.0243
9269.9,53,-0.0094,-0.0185,-0.0192,0.0357,4.8367,-0.0258
9279.9,54,-0.0125,-0.0139,-0.0146,0.0357,4.8367,-0.0213
9289.9,55,-0.0140,-0.0109,-0.0115,0.0348,4.8367,-0.0197
9299.9,56,-0.0125,-0.0078,-0.0146,0.0339,4.8364,-0.0182
9309.9,57,-0.0079,-0.0109,-0.0146,0.0339,4.8367,-0.0167
9319.9,58,-0.0079,-0.0109,-0.0100,0.0348,4.8367,-0.0060
9329.9,59,-0.0048,-0.0078,-0.0070,0.0348,4.8364,-0.0014
9339.9,60,-0.0018,-0.0093,-0.0100,0.0339,4.8367,-0.0045
9349.9,61,-0.0063,-0.0109,-0.0100,0.0348,4.8367,-0.0030
9359.9,62,-0.0079,-0.0093,-0.0100,0.0339,4.8364,-0.0060
9369.9,63,-0.0079,-0.0124,-0.0115,0.0348,4.8364,-0.0091
9379.9,64,-0.0079,-0.0093,-0.0161,0.0339,4.8364,-0.0106
9389.9,65,-0.0125,-0.0154,-0.0161,0.0339,4.8361,-0.0091
9399.9,66,-0.0140,-0.0170,-0.0131,0.0348,4.8361,-0.0152
9409.9,67,-0.0140,-0.0185,-0.0131,0.0348,4.8364,-0.0136
9419.9,68,-0.0170,-0.0124,-0.0146,0.0339,4.8361,-0.0091
9429.9,69,-0.0140,-0.0185,-0.0222,0.0339,4.8361,-0.0106
9439.9,70,-0.0170,-0.0200,-0.0176,0.0331,4.8367,-0.0152
9449.9,71,-0.0170,-0.0200,-0.0161,0.0339,4.8364,-0.0152
9459.9,72,-0.0170,-0.0185,-0.0146,0.0331,4.8367,-0.0091
9469.9,73,-0.0186,-0.0200,-0.0146,0.0339,4.8364,-0.0106
9479.9,74,-0.0216,-0.0185,-0.0161,0.0348,4.8367,-0.0136
9489.9,75,-0.0231,-0.0231,-0.0146,0.0331,4.8364,-0.0121
9499.9,76,-0.0216,-0.0215,-0.0222,0.0331,4.8364,-0.0121
9509.9,77,-0.0140,-0.0170,-0.0222,0.0339,4.8364,-0.0136
9519.9,78,-0.0155,-0.0139,-0.0146,0.0348,4.8358,-0.0152
9529.9,79,-0.0140,-0.0154,-0.0115,0.0339,4.8358,-0.0182
9539.9,80,-0.0094,-0.0139,-0.0070,0.0348,4.8364,-0.0152
9549.9,81,-0.0125,-0.0078,-0.0070,0.0348,4.8361,-0.0106
9559.9,82,-0.0109,-0.0063,-0.0054,0.0339,4.8361,-0.0045
9569.9,83,-0.0063,-0.0063,-0.0009,0.0339,4.8364,-0.0060
9579.9,84,-0.0048,-0.0063,0.0037,0.0339,4.8364,-0.0091
9589.9,85,0.0013,-0.0002,0.0083,0.0331,4.8361,-0.0030
9599.9,86,0.0135,0.0044,0.0159,0.0339,4.8361,0.0047
9609.9,87,0.0211,0.0090,0.0144,0.0339,4.8355,0.0123
9619.9,88,0.0257,0.0197,0.0159,0.0339,4.8355,0.0153
9629.9,89,0.0257,0.0288,0.0144,0.0331,4.8352,0.0169
9639.9,90,0.0257,0.0288,0.0175,0.0339,4.8349,0.0199
9649.9,91,0.0211,0.0242,0.0190,0.0331,4.8352,0.0199
9659.9,92,0.0165,0.0197,0.0175,0.0339,4.8346,0.0199
9669.9,93,0.0150,0.0135,0.0113,0.0348,4.8346,0.0184
9679.9,94,0.0120,0.0166,0.0037,0.0339,4.8349,0.0138
9689.9,95,0.0043,0.0135,0.0007,0.0331,4.8349,0.0077
9699.9,96,-0.0033,0.0074,0.0007,0.0331,4.8349,0.0047
9709.9,97,-0.0079,-0.0002,-0.0024,0.0339,4.8349,-0.0014
9719.9,98,-0.0125,-0.0048,-0.0039,0.0348,4.8346,-0.0075
9729.9,99,-0.0140,-0.0093,-0.0085,0.0331,4.8349,-0.0121
9739.9,100,-0.0216,-0.0154,-0.0207,0.0331,4.8349,-0.0152
9749.9,101,-0.0216,-0.0261,-0.0237,0.0331,4.8346,-0.0182
9759.9,102,-0.0216,-0.0277,-0.0268,0.0339,4.8349,-0.0182
9769.9,103,-0.0201,-0.0307,-0.0237,0.0331,4.8349,-0.0213
9779.9,104,-0.0201,-0.0322,-0.0237,0.0339,4.8352,-0.0197
9789.9,105,-0.0186,-0.0261,-0.0222,0.0331,4.8352,-0.0243
9799.9,106,-0.0201,-0.0185,-0.0253,0.0331,4.8352,-0.0243
9809.9,107,-0.0216,-0.0200,-0.0283,0.0331,4.8352,-0.0213
9819.9,108,-0.0201,-0.0170,-0.0283,0.0339,4.8355,-0.0197
9829.9,109,-0.0216,-0.0185,-0.0237,0.0339,4.8352,-0.0197
9839.9,110,-0.0216,-0.0200,-0.0222,0.0339,4.8355,-0.0152
9849.9,111,-0.0216,-0.0215,-0.0222,0.0339,4.8355,-0.0167
9859.9,112,-0.0201,-0.0231,-0.0192,0.0339,4.8352,-0.0182
9869.9,113,-0.0216,-0.0215,-0.0146,0.0331,4.8355,-0.0121
9879.9,114,-0.0170,-0.0154,-0.0131,0.0339,4.8355,-0.0167
9889.9,115,-0.0125,-0.0093,-0.0115,0.0339,4.8358,-0.0136
9899.9,116,-0.0018,-0.0078,-0.0100,0.0331,4.8355,-0.0030
9909.9,117,-0.0002,-0.0017,-0.0039,0.0331,4.8355,0.0077
9919.9,118,0.0043,0.0059,0.0037,0.0339,4.8352,0.0108
9929.9,119,0.0120,0.0135,0.0144,0.0339,4.8358,0.0184
9939.9,120,0.0211,0.0227,0.0266,0.0339,4.8349,0.0245
9949.9,121,0.0349,0.0395,0.0388,0.0331,4.8349,0.0321
9959.9,122,0.0501,0.0547,0.0525,0.0339,4.8343,0.0474
9969.9,123,0.0654,0.0700,0.0663,0.0339,4.8343,0.0627
9979.9,124,0.0776,0.0822,0.0785,0.0339,4.8340,0.0840
9989.9,125,0.0883,0.0929,0.0892,0.0339,4.8331,0.0962
9999.9,126,0.0959,0.0959,0.1029,0.0348,4.8328,0.1084
10009.9,127,0.1066,0.1051,0.1121,0.0322,4.8322,0.1161
10019.9,128,0.1142,0.1188,0.1197,0.0339,4.8315,0.1222
10029.9,129,0.1234,0.1341,0.1227,0.0339,4.8312,0.1267
10039.9,130,0.1340,0.1356,0.1319,0.0339,4.8306,0.1328
10049.9,131,0.1386,0.1402,0.1319,0.0331,4.8297,0.1389
10059.9,132,0.1371,0.1417,0.1365,0.0339,4.8291,0.1435
10069.9,133,0.1356,0.1463,0.1441,0.0322,4.8282,0.1496
10079.9,134,0.1432,0.1555,0.1456,0.0331,4.8273,0.1527
10089.9,135,0.1447,0.1570,0.1517,0.0331,4.8273,0.1542
10099.9,136,0.1493,0.1524,0.1502,0.0331,4.8267,0.1542
10109.9,137,0.1569,0.1494,0.1487,0.0331,4.8257,0.1542
10119.9,138,0.1539,0.1494,0.1487,0.0331,4.8257,0.1542
10129.9,139,0.1539,0.1478,0.1472,0.0331,4.8248,0.1512
10139.9,140,0.1554,0.1539,0.1502,0.0331,4.8245,0.1527
10149.9,141,0.1523,0.1585,0.1502,0.0331,4.8239,0.1557
10159.9,142,0.1523,0.1600,0.1487,0.0331,4.8233,0.1512
10169.9,143,0.1508,0.1570,0.1502,0.0322,4.8230,0.1466
10179.9,144,0.1523,0.1539,0.1502,0.0322,4.8227,0.1466
10189.9,145,0.1493,0.1509,0.1487,0.0322,4.8218,0.1466
10199.9,146,0.1462,0.1494,0.1502,0.0322,4.8212,0.1435
10209.9,147,0.1417,0.1539,0.1517,0.0331,4.8206,0.1450
10219.9,148,0.1417,0.1524,0.1502,0.0322,4.8203,0.1481
10229.9,149,0.1478,0.1478,0.1502,0.0313,4.8199,0.1435
10239.9,150,0.1478,0.1463,0.1487,0.0313,4.8193,0.1466
10249.9,151,0.1508,0.1448,0.1456,0.0322,4.8196,0.1481
10259.9,152,0.1493,0.1417,0.1410,0.0322,4.8190,0.1435
10269.9,153,0.1462,0.1417,0.1426,0.0322,4.8187,0.1420
10279.9,154,0.1478,0.1417,0.1456,0.0322,4.8184,0.1374
10289.9,155,0.1386,0.1387,0.1456,0.0322,4.8181,0.1328
10299.9,156,0.1295,0.1326,0.1380,0.0322,4.8178,0.1313
10309.9,157,0.1218,0.1234,0.1273,0.0322,4.8181,0.1222
10319.9,158,0.1218,0.1158,0.1166,0.0313,4.8175,0.1222
10329.9,159,0.1172,0.1173,0.1075,0.0313,4.8172,0.1161
10339.9,160,0.1188,0.1173,0.1136,0.0322,4.8169,0.1100
10349.9,161,0.1188,0.1097,0.1121,0.0313,4.8172,0.1100
10359.9,162,0.1111,0.1036,0.1090,0.0313,4.8166,0.1069
10369.9,163,0.1096,0.0990,0.1121,0.0313,4.8169,0.0993
10379.9,164,0.1096,0.0975,0.1105,0.0304,4.8163,0.0977
10389.9,165,0.1050,0.1020,0.1029,0.0313,4.8166,0.0993
10399.9,166,0.1035,0.1036,0.1014,0.0313,4.8163,0.1008
10409.9,167,0.1020,0.1020,0.0983,0.0313,4.8166,0.0947
10419.9,168,0.1035,0.0975,0.0922,0.0313,4.8166,0.0901
10429.9,169,0.0989,0.0929,0.0861,0.0313,4.8163,0.0855
10439.9,170,0.0883,0.0837,0.0815,0.0313,4.8166,0.0871
10449.9,171,0.0791,0.0746,0.0754,0.0313,4.8169,0.0825
10459.9,172,0.0715,0.0731,0.0724,0.0322,4.8166,0.0764
10469.9,173,0.0669,0.0685,0.0724,0.0313,4.8160,0.0718
10479.9,174,0.0684,0.0654,0.0678,0.0313,4.8163,0.0688
10489.9,175,0.0623,0.0654,0.0617,0.0322,4.8166,0.0642
10499.9,176,0.0501,0.0578,0.0571,0.0296,4.8169,0.0596
10509.9,177,0.0440,0.0532,0.0571,0.0313,4.8169,0.0504
10519.9,178,0.0425,0.0486,0.0587,0.0304,4.8172,0.0504
10529.9,179,0.0455,0.0471,0.0556,0.0304,4.8172,0.0489
10539.9,180,0.0486,0.0471,0.0510,0.0313,4.8175,0.0459
10549.9,181,0.0410,0.0425,0.0464,0.0313,4.8172,0.0459
10559.9,182,0.0394,0.0395,0.0434,0.0304,4.8172,0.0413
10569.9,183,0.0379,0.0410,0.0388,0.0304,4.8181,0.0352
10579.9,184,0.0394,0.0410,0.0388,0.0304,4.8184,0.0337
10589.9,185,0.0364,0.0410,0.0373,0.0313,4.8187,0.0337
10599.9,186,0.0272,0.0380,0.0419,0.0313,4.8187,0.0321
10609.9,187,0.0257,0.0410,0.0388,0.0296,4.8187,0.0321
10619.9,188,0.0272,0.0395,0.0342,0.0304,4.8190,0.0321
10629.9,189,0.0303,0.0380,0.0358,0.0313,4.8193,0.0413
10639.9,190,0.0394,0.0364,0.0358,0.0304,4.8193,0.0443
10649.9,191,0.0440,0.0349,0.0403,0.0304,4.8199,0.0428
10659.9,192,0.0486,0.0380,0.0434,0.0313,4.8196,0.0367
10669.9,193,0.0455,0.0425,0.0464,0.0304,4.8199,0.0352
10679.9,194,0.0394,0.0425,0.0464,0.0313,4.8203,0.0382
10689.9,195,0.0349,0.0410,0.0495,0.0304,4.8203,0.0367
10699.9,196,0.0379,0.0395,0.0434,0.0296,4.8199,0.0413
10709.9,197,0.0379,0.0380,0.0403,0.0313,4.8203,0.0443
10719.9,198,0.0425,0.0456,0.0434,0.0304,4.8199,0.0504
10729.9,199,0.0455,0.0502,0.0495,0.0313,4.8199,0.0520
10739.9,200,0.0486,0.0532,0.0495,0.0313,4.8203,0.0535
10749.9,201,0.0486,0.0547,0.0571,0.0313,4.8206,0.0565
10759.9,202,0.0516,0.0563,0.0556,0.0304,4.8206,0.0611
10769.9,203,0.0562,0.0624,0.0571,0.0304,4.8206,0.0581
10779.9,204,0.0608,0.0654,0.0602,0.0296,4.8203,0.0596
10789.9,205,0.0623,0.0685,0.0602,0.0304,4.8203,0.0596
10799.9,206,0.0623,0.0670,0.0602,0.0296,4.8199,0.0611
10809.9,207,0.0638,0.0639,0.0571,0.0296,4.8206,0.0565
10819.9,208,0.0638,0.0624,0.0617,0.0304,4.8209,0.0581
10829.9,209,0.0638,0.0608,0.0632,0.0287,4.8206,0.0581
10839.9,210,0.0623,0.0624,0.0587,0.0304,4.8206,0.0520
10849.9,211,0.0623,0.0563,0.0587,0.0296,4.8203,0.0520
10859.9,212,0.0562,0.0517,0.0525,0.0296,4.8203,0.0535
10869.9,213,0.0501,0.0486,0.0510,0.0296,4.8203,0.0504
10879.9,214,0.0516,0.0486,0.0480,0.0313,4.8203,0.0489
10889.9,215,0.0516,0.0532,0.0464,0.0287,4.8206,0.0565
10899.9,216,0.0486,0.0502,0.0464,0.0304,4.8206,0.0550
10909.9,217,0.0471,0.0471,0.0434,0.0287,4.8209,0.0504
10919.9,218,0.0455,0.0471,0.0419,0.0287,4.8209,0.0504
10929.9,219,0.0501,0.0502,0.0434,0.0296,4.8209,0.0489
10939.9,220,0.0562,0.0486,0.0480,0.0296,4.8209,0.0474
10949.9,221,0.0577,0.0486,0.0510,0.0287,4.8215,0.0474
10959.9,222,0.0593,0.0547,0.0480,0.0287,4.8209,0.0504
10969.9,223,0.0608,0.0532,0.0510,0.0296,4.8212,0.0474
10979.9,224,0.0547,0.0563,0.0556,0.0287,4.8215,0.0520
10989.9,225,0.0486,0.0578,0.0556,0.0296,4.8212,0.0520
10999.9,226,0.0501,0.0532,0.0571,0.0296,4.8212,0.0520
11009.9,227,0.0516,0.0547,0.0525,0.0287,4.8212,0.0504
11019.9,228,0.0471,0.0547,0.0525,0.0296,4.8215,0.0504
11029.9,229,0.0501,0.0517,0.0541,0.0296,4.8212,0.0565
11039.9,230,0.0516,0.0578,0.0571,0.0287,4.8212,0.0611
11049.9,231,0.0593,0.0624,0.0602,0.0296,4.8209,0.0642
11059.9,232,0.0699,0.0654,0.0663,0.0296,4.8212,0.0688
11069.9,233,0.0730,0.0715,0.0693,0.0287,4.8212,0.0749
11079.9,234,0.0806,0.0731,0.0785,0.0278,4.8209,0.0779
11089.9,235,0.0822,0.0776,0.0831,0.0287,4.8209,0.0794
11099.9,236,0.0852,0.0776,0.0846,0.0296,4.8206,0.0810
11109.9,237,0.0837,0.0807,0.0815,0.0296,4.8212,0.0779
11119.9,238,0.0776,0.0853,0.0770,0.0287,4.8209,0.0810
11129.9,239,0.0791,0.0883,0.0815,0.0287,4.8206,0.0855
11139.9,240,0.0837,0.0868,0.0861,0.0287,4.8203,0.0825
11149.9,241,0.0822,0.0853,0.0815,0.0287,4.8199,0.0855
11159.9,242,0.0822,0.0883,0.0846,0.0296,4.8203,0.0886
11169.9,243,0.0867,0.0868,0.0876,0.0287,4.8196,0.0916
11179.9,244,0.0928,0.0883,0.0892,0.0287,4.8196,0.0947
11189.9,245,0.0928,0.0883,0.0892,0.0287,4.8199,0.0962
11199.9,246,0.0883,0.0868,0.0876,0.0287,4.8196,0.0916
11209.9,247,0.0883,0.0837,0.0831,0.0287,4.8196,0.0871
11219.9,248,0.0883,0.0837,0.0785,0.0296,4.8193,0.0886
11229.9,249,0.0867,0.0868,0.0800,0.0287,4.8196,0.0916
11239.9,250,0.0791,0.0853,0.0739,0.0278,4.8193,0.0916
11249.9,251,0.0776,0.0853,0.0724,0.0278,4.8196,0.0840
11259.9,252,0.0715,0.0792,0.0724,0.0278,4.8193,0.0749
11269.9,253,0.0669,0.0731,0.0678,0.0278,4.8193,0.0718
11279.9,254,0.0638,0.0624,0.0617,0.0278,4.8196,0.0627
11289.9,255,0.0532,0.0563,0.0556,0.0287,4.8199,0.0611
11299.9,0,0.0486,0.0502,0.0525,0.0278,4.8196,0.0550
11309.9,1,0.0440,0.0471,0.0434,0.0278,4.8193,0.0474
11319.9,2,0.0410,0.0471,0.0403,0.0270,4.8199,0.0428
11329.9,3,0.0410,0.0471,0.0434,0.0278,4.8199,0.0398
11339.9,4,0.0349,0.0380,0.0342,0.0278,4.8196,0.0352
11349.9,5,0.0318,0.0303,0.0251,0.0278,4.8203,0.0306
11359.9,6,0.0257,0.0258,0.0236,0.0287,4.8206,0.0260
11369.9,7,0.0211,0.0212,0.0144,0.0278,4.8206,0.0260
11379.9,8,0.0150,0.0120,0.0098,0.0278,4.8209,0.0215
11389.9,9,0.0028,0.0074,0.0083,0.0270,4.8212,0.0153
11399.9,10,-0.0048,0.0044,0.0068,0.0278,4.8215,0.0092
11409.9,11,-0.0063,0.0029,-0.0009,0.0278,4.8221,0.0016
11419.9,12,-0.0079,0.0013,-0.0085,0.0278,4.8221,-0.0045
11429.9,13,-0.0094,-0.0093,-0.0131,0.0270,4.8221,-0.0075
11439.9,14,-0.0079,-0.0109,-0.0131,0.0270,4.8227,-0.0106
11449.9,15,-0.0094,-0.0154,-0.0131,0.0278,4.8233,-0.0106
11459.9,16,-0.0094,-0.0124,-0.0115,0.0278,4.8236,-0.0091
11469.9,17,-0.0063,-0.0139,-0.0161,0.0270,4.8233,-0.0106
11479.9,18,-0.0094,-0.0109,-0.0237,0.0287,4.8239,-0.0060
11489.9,19,-0.0109,-0.0109,-0.0253,0.0287,4.8245,-0.0045
11499.9,20,-0.0125,-0.0063,-0.0176,0.0278,4.8245,-0.0045
11509.9,21,-0.0125,-0.0002,-0.0115,0.0278,4.8248,-0.0030
11519.9,22,-0.0033,0.0013,-0.0115,0.0252,4.8251,-0.0045
11529.9,23,-0.0048,-0.0002,-0.0100,0.0270,4.8254,-0.0014
11539.9,24,-0.0094,-0.0017,-0.0115,0.0270,4.8257,0.0001
11549.9,25,-0.0094,-0.0017,-0.0115,0.0270,4.8260,-0.0030
11559.9,26,-0.0079,-0.0032,-0.0054,0.0270,4.8257,-0.0045
11569.9,27,-0.0033,-0.0078,-0.0024,0.0270,4.8260,-0.0014
11579.9,28,-0.0033,-0.0109,0.0037,0.0278,4.8267,-0.0014
11589.9,29,0.0013,-0.0063,0.0083,0.0278,4.8264,0.0031
11599.9,30,0.0135,-0.0017,0.0083,0.0278,4.8267,0.0092
11609.9,31,0.0181,0.0090,0.0159,0.0270,4.8270,0.0153
11619.9,32,0.0196,0.0120,0.0266,0.0270,4.8264,0.0153
11629.9,33,0.0226,0.0197,0.0251,0.0278,4.8267,0.0184
11639.9,34,0.0242,0.0227,0.0236,0.0287,4.8270,0.0215
11649.9,35,0.0242,0.0258,0.0236,0.0270,4.8267,0.0215
11659.9,36,0.0272,0.0212,0.0266,0.0278,4.8267,0.0199
11669.9,37,0.0257,0.0212,0.0266,0.0278,4.8267,0.0169
11679.9,38,0.0196,0.0166,0.0266,0.0278,4.8267,0.0184
11689.9,39,0.0211,0.0135,0.0236,0.0278,4.8273,0.0153
11699.9,40,0.0196,0.0029,0.0205,0.0270,4.8273,0.0092
11709.9,41,0.0150,-0.0048,0.0175,0.0278,4.8276,0.0077
11719.9,42,0.0074,-0.0002,0.0083,0.0278,4.8276,0.0062
11729.9,43,0.0013,-0.0002,0.0037,0.0261,4.8273,0.0016
11739.9,44,-0.0033,0.0029,0.0007,0.0278,4.8276,0.0001
11749.9,45,-0.0063,0.0013,-0.0070,0.0287,4.8276,-0.0091
11759.9,46,-0.0109,-0.0032,-0.0100,0.0287,4.8276,-0.0152
11769.9,47,-0.0155,-0.0139,-0.0131,0.0278,4.8279,-0.0152
11779.9,48,-0.0140,-0.0200,-0.0146,0.0287,4.8285,-0.0182
11789.9,49,-0.0079,-0.0246,-0.0146,0.0278,4.8285,-0.0197
11799.9,50,-0.0140,-0.0261,-0.0176,0.0278,4.8288,-0.0213
11809.9,51,-0.0155,-0.0277,-0.0207,0.0278,4.8291,-0.0213
11819.9,52,-0.0155,-0.0277,-0.0222,0.0270,4.8294,-0.0167
11829.9,53,-0.0140,-0.0246,-0.0207,0.0287,4.8294,-0.0136
11839.9,54,-0.0140,-0.0215,-0.0146,0.0278,4.8297,-0.0152
11849.9,55,-0.0140,-0.0231,-0.0131,0.0270,4.8297,-0.0182
11859.9,56,-0.0140,-0.0277,-0.0176,0.0278,4.8297,-0.0152
11869.9,57,-0.0155,-0.0200,-0.0161,0.0278,4.8303,-0.0121
11879.9,58,-0.0170,-0.0139,-0.0176,0.0287,4.8300,-0.0106
11889.9,59,-0.0140,-0.0078,-0.0161,0.0278,4.8303,-0.0106
11899.9,60,-0.0170,-0.0124,-0.0146,0.0278,4.8306,-0.0106
11909.9,61,-0.0216,-0.0170,-0.0146,0.0278,4.8303,-0.0030
11919.9,62,-0.0247,-0.0200,-0.0161,0.0278,4.8306,-0.0030
11929.9,63,-0.0277,-0.0200,-0.0146,0.0278,4.8309,-0.0060
11939.9,64,-0.0277,-0.0231,-0.0161,0.0278,4.8309,-0.0075
11949.9,65,-0.0277,-0.0215,-0.0161,0.0287,4.8315,-0.0167
11959.9,66,-0.0292,-0.0277,-0.0192,0.0278,4.8318,-0.0197
11969.9,67,-0.0338,-0.0307,-0.0237,0.0270,4.8315,-0.0152
11979.9,68,-0.0308,-0.0322,-0.0207,0.0278,4.8315,-0.0106
11989.9,69,-0.0247,-0.0307,-0.0207,0.0278,4.8318,-0.0106
11999.9,70,-0.0186,-0.0307,-0.0237,0.0270,4.8322,-0.0167
12009.9,71,-0.0155,-0.0277,-0.0253,0.0278,4.8318,-0.0197
12019.9,72,-0.0155,-0.0246,-0.0268,0.0278,4.8322,-0.0197
12029.9,73,-0.0170,-0.0200,-0.0222,0.0278,4.8325,-0.0167
12039.9,74,-0.0170,-0.0154,-0.0222,0.0278,4.8328,-0.0136
12049.9,75,-0.0155,-0.0170,-0.0237,0.0278,4.8328,-0.0136
12059.9,76,-0.0109,-0.0185,-0.0176,0.0287,4.8325,-0.0091
12069.9,77,-0.0094,-0.0200,-0.0115,0.0287,4.8328,-0.0045
12079.9,78,-0.0109,-0.0185,-0.0054,0.0287,4.8328,-0.0014
12089.9,79,-0.0140,-0.0200,-0.0054,0.0278,4.8328,-0.0030
12099.9,80,-0.0140,-0.0200,-0.0054,0.0278,4.8328,-0.0045
12109.9,81,-0.0140,-0.0215,-0.0070,0.0278,4.8328,-0.0106
12119.9,82,-0.0155,-0.0200,-0.0115,0.0287,4.8328,-0.0152
12129.9,83,-0.0155,-0.0139,-0.0222,0.0287,4.8328,-0.0228
12139.9,84,-0.0170,-0.0154,-0.0237,0.0287,4.8328,-0.0228
12149.9,85,-0.0170,-0.0200,-0.0222,0.0278,4.8331,-0.0243
12159.8,86,-0.0140,-0.0215,-0.0161,0.0278,4.8334,-0.0304
12169.8,87,-0.0186,-0.0200,-0.0161,0.0278,4.8334,-0.0289
12179.8,88,-0.0231,-0.0215,-0.0176,0.0278,4.8334,-0.0258
12189.8,89,-0.0201,-0.0246,-0.0176,0.0287,4.8334,-0.0258
12199.8,90,-0.0170,-0.0185,-0.0146,0.0287,4.8337,-0.0258
12209.8,91,-0.0155,-0.0170,-0.0115,0.0278,4.8340,-0.0243
12219.8,92,-0.0125,-0.0185,-0.0100,0.0296,4.8340,-0.0197
12229.8,93,-0.0155,-0.0154,-0.0115,0.0296,4.8340,-0.0136
12239.8,94,-0.0140,-0.0109,-0.0100,0.0270,4.8340,-0.0045
12249.8,95,-0.0125,-0.0032,-0.0054,0.0287,4.8337,-0.0014
12259.8,96,-0.0063,0.0013,0.0037,0.0278,4.8337,0.0001
12269.8,97,-0.0033,0.0044,0.0098,0.0270,4.8337,0.0001
12279.8,98,0.0028,0.0105,0.0113,0.0287,4.8343,0.0031
12289.8,99,0.0120,0.0135,0.0129,0.0278,4.8337,0.0123
12299.8,100,0.0211,0.0120,0.0129,0.0270,4.8337,0.0169
12309.8,101,0.0242,0.0166,0.0205,0.0278,4.8334,0.0215
12319.8,102,0.0287,0.0227,0.0236,0.0287,4.8331,0.0337
12329.8,103,0.0287,0.0334,0.0266,0.0278,4.8331,0.0352
12339.8,104,0.0303,0.0349,0.0342,0.0287,4.8328,0.0382
12349.8,105,0.0303,0.0364,0.0373,0.0278,4.8331,0.0352
12359.8,106,0.0287,0.0303,0.0403,0.0278,4.8328,0.0352
12369.8,107,0.0333,0.0334,0.0388,0.0287,4.8325,0.0337
12379.8,108,0.0379,0.0395,0.0373,0.0278,4.8325,0.0306
12389.8,109,0.0425,0.0395,0.0342,0.0278,4.8318,0.0352
12399.8,110,0.0440,0.0380,0.0327,0.0287,4.8322,0.0398
12409.8,111,0.0440,0.0349,0.0373,0.0278,4.8318,0.0367
12419.8,112,0.0364,0.0319,0.0358,0.0278,4.8318,0.0367
12429.8,113,0.0318,0.0349,0.0281,0.0278,4.8318,0.0382
12439.8,114,0.0318,0.0349,0.0251,0.0278,4.8312,0.0337
12449.8,115,0.0318,0.0395,0.0281,0.0270,4.8315,0.0291
12459.8,116,0.0364,0.0273,0.0327,0.0270,4.8312,0.0215
12469.8,117,0.0333,0.0258,0.0297,0.0270,4.8315,0.0199
12479.8,118,0.0226,0.0197,0.0220,0.0270,4.8309,0.0199
12489.8,119,0.0120,0.0212,0.0129,0.0270,4.8312,0.0169
12499.8,120,0.0089,0.0227,0.0144,0.0287,4.8306,0.0153
12509.8,121,0.0135,0.0273,0.0190,0.0278,4.8303,0.0138
12519.8,122,0.0165,0.0166,0.0175,0.0278,4.8309,0.0138
12529.8,123,0.0196,0.0074,0.0159,0.0287,4.8306,0.0184
12539.8,124,0.0211,0.0120,0.0190,0.0287,4.8309,0.0184
12549.8,125,0.0257,0.0212,0.0281,0.0278,4.8309,0.0199
12559.8,126,0.0318,0.0334,0.0327,0.0278,4.8303,0.0260
12569.8,127,0.0379,0.0410,0.0464,0.0287,4.8306,0.0321
12579.8,128,0.0364,0.0456,0.0480,0.0278,4.8306,0.0413
12589.8,129,0.0471,0.0456,0.0495,0.0278,4.8300,0.0474
12599.8,130,0.0516,0.0486,0.0556,0.0278,4.8300,0.0520
12609.8,131,0.0547,0.0517,0.0602,0.0278,4.8300,0.0535
12619.8,132,0.0562,0.0532,0.0587,0.0278,4.8297,0.0581
12629.8,133,0.0608,0.0471,0.0587,0.0278,4.8294,0.0642
12639.8,134,0.0593,0.0456,0.0556,0.0287,4.8297,0.0657
12649.8,135,0.0577,0.0502,0.0525,0.0278,4.8291,0.0627
12659.8,136,0.0501,0.0547,0.0495,0.0287,4.8288,0.0581
12669.8,137,0.0516,0.0517,0.0510,0.0287,4.8291,0.0504
12679.8,138,0.0486,0.0486,0.0495,0.0278,4.8285,0.0520
12689.8,139,0.0425,0.0456,0.0480,0.0287,4.8285,0.0535
12699.8,140,0.0455,0.0441,0.0464,0.0270,4.8279,0.0550
12709.8,141,0.0486,0.0471,0.0449,0.0270,4.8282,0.0520
12719.8,142,0.0501,0.0532,0.0434,0.0270,4.8285,0.0459
12729.8,143,0.0501,0.0593,0.0449,0.0287,4.8282,0.0443
12739.8,144,0.0471,0.0608,0.0480,0.0270,4.8279,0.0520
12749.8,145,0.0516,0.0578,0.0495,0.0270,4.8276,0.0565
12759.8,146,0.0562,0.0517,0.0556,0.0270,4.8273,0.0520
12769.8,147,0.0577,0.0471,0.0587,0.0278,4.8279,0.0398
12779.8,148,0.0532,0.0410,0.0541,0.0270,4.8276,0.0382
12789.8,149,0.0471,0.0456,0.0541,0.0270,4.8273,0.0428
12799.8,150,0.0440,0.0486,0.0480,0.0270,4.8276,0.0428
12809.8,151,0.0425,0.0441,0.0464,0.0278,4.8273,0.0382
12819.8,152,0.0410,0.0410,0.0373,0.0278,4.8270,0.0367
12829.8,153,0.0394,0.0349,0.0236,0.0270,4.8270,0.0413
12839.8,154,0.0364,0.0319,0.0220,0.0278,4.8270,0.0352
12849.8,155,0.0364,0.0303,0.0236,0.0278,4.8264,0.0367
12859.8,156,0.0364,0.0334,0.0297,0.0278,4.8267,0.0367
12869.8,157,0.0379,0.0395,0.0297,0.0278,4.8273,0.0413
12879.8,158,0.0394,0.0425,0.0358,0.0261,4.8270,0.0459
12889.8,159,0.0471,0.0456,0.0419,0.0270,4.8273,0.0489
12899.8,160,0.0501,0.0502,0.0480,0.0270,4.8267,0.0520
12909.8,161,0.0562,0.0608,0.0541,0.0278,4.8264,0.0565
12919.8,162,0.0577,0.0685,0.0663,0.0278,4.8267,0.0642
12929.8,163,0.0669,0.0837,0.0724,0.0278,4.8267,0.0779
12939.8,164,0.0761,0.0898,0.0770,0.0270,4.8260,0.0840
12949.8,165,0.0837,0.0914,0.0846,0.0278,4.8260,0.0871
12959.8,166,0.0944,0.0914,0.0937,0.0270,4.8254,0.0977
12969.8,167,0.1020,0.0914,0.0998,0.0278,4.8254,0.1084
12979.8,168,0.1020,0.0975,0.1105,0.0270,4.8251,0.1084
12989.8,169,0.1096,0.1036,0.1136,0.0278,4.8248,0.1115
12999.8,170,0.1172,0.1127,0.1182,0.0270,4.8242,0.1161
13009.8,171,0.1172,0.1265,0.1182,0.0270,4.8236,0.1206
13019.8,172,0.1172,0.1280,0.1227,0.0278,4.8233,0.1267
13029.8,173,0.1234,0.1295,0.1334,0.0270,4.8233,0.1298
13039.8,174,0.1340,0.1326,0.1395,0.0270,4.8224,0.1374
13049.8,175,0.1432,0.1402,0.1426,0.0278,4.8221,0.1420
13059.8,176,0.1447,0.1478,0.1426,0.0278,4.8218,0.1405
13069.8,177,0.1493,0.1448,0.1472,0.0278,4.8212,0.1405
13079.8,178,0.1478,0.1417,0.1502,0.0270,4.8209,0.1435
13089.8,179,0.1478,0.1417,0.1502,0.0270,4.8203,0.1512
13099.8,180,0.1478,0.1432,0.1472,0.0270,4.8203,0.1527
13109.8,181,0.1462,0.1432,0.1533,0.0270,4.8199,0.1496
13119.8,182,0.1447,0.1432,0.1517,0.0278,4.8190,0.1496
13129.8,183,0.1462,0.1448,0.1502,0.0270,4.8187,0.1496
13139.8,184,0.1493,0.1509,0.1517,0.0278,4.8181,0.1512
13149.8,185,0.1539,0.1539,0.1517,0.0278,4.8178,0.1542
13159.8,186,0.1523,0.1509,0.1517,0.0270,4.8181,0.1527
13169.8,187,0.1523,0.1494,0.1502,0.0270,4.8172,0.1496
13179.8,188,0.1508,0.1494,0.1472,0.0270,4.8169,0.1450
13189.8,189,0.1493,0.1417,0.1472,0.0287,4.8166,0.1405
13199.8,190,0.1462,0.1417,0.1441,0.0261,4.8166,0.1450
13209.8,191,0.1401,0.1387,0.1410,0.0270,4.8160,0.1450
13219.8,192,0.1371,0.1387,0.1319,0.0261,4.8157,0.1420
13229.8,193,0.1371,0.1341,0.1288,0.0270,4.8160,0.1420
13239.8,194,0.1432,0.1371,0.1380,0.0278,4.8154,0.1405
13249.8,195,0.1386,0.1402,0.1395,0.0270,4.8151,0.1374
13259.8,196,0.1356,0.1402,0.1334,0.0270,4.8145,0.1313
13269.8,197,0.1356,0.1356,0.1304,0.0270,4.8151,0.1344
13279.8,198,0.1371,0.1326,0.1273,0.0261,4.8151,0.1420
13289.8,199,0.1295,0.1265,0.1288,0.0261,4.8141,0.1405
13299.8,200,0.1218,0.1188,0.1258,0.0270,4.8141,0.1283
13309.8,201,0.1127,0.1127,0.1121,0.0270,4.8141,0.1161
13319.8,202,0.1081,0.1051,0.1014,0.0270,4.8138,0.1069
13329.8,203,0.1005,0.0914,0.0937,0.0278,4.8141,0.0962
13339.8,204,0.0928,0.0822,0.0876,0.0270,4.8145,0.0871
13349.8,205,0.0837,0.0731,0.0815,0.0261,4.8138,0.0810
13359.8,206,0.0730,0.0746,0.0724,0.0270,4.8145,0.0718
13369.8,207,0.0699,0.0761,0.0693,0.0278,4.8145,0.0672
13379.8,208,0.0654,0.0700,0.0663,0.0270,4.8148,0.0672
13389.8,209,0.0547,0.0608,0.0648,0.0270,4.8148,0.0672
13399.8,210,0.0562,0.0547,0.0602,0.0278,4.8145,0.0611
13409.8,211,0.0577,0.0547,0.0632,0.0270,4.8154,0.0581
13419.8,212,0.0562,0.0608,0.0602,0.0270,4.8157,0.0535
13429.8,213,0.0547,0.0608,0.0541,0.0261,4.8157,0.0504
13439.8,214,0.0516,0.0563,0.0480,0.0270,4.8151,0.0489
13449.8,215,0.0455,0.0456,0.0388,0.0261,4.8160,0.0459
13459.8,216,0.0440,0.0410,0.0373,0.0261,4.8163,0.0443
13469.8,217,0.0410,0.0380,0.0312,0.0261,4.8163,0.0398
13479.8,218,0.0333,0.0319,0.0236,0.0261,4.8169,0.0291
13489.8,219,0.0257,0.0288,0.0205,0.0261,4.8172,0.0184
13499.8,220,0.0181,0.0242,0.0144,0.0261,4.8175,0.0138
13509.8,221,0.0135,0.0166,0.0083,0.0270,4.8178,0.0138
13519.8,222,0.0135,0.0090,0.0052,0.0261,4.8181,0.0138
13529.8,223,0.0043,0.0029,0.0068,0.0270,4.8187,0.0108
13539.8,224,-0.0018,-0.0002,0.0052,0.0270,4.8190,0.0077
13549.8,225,-0.0018,-0.0032,0.0007,0.0261,4.8193,0.0047
13559.8,226,-0.0048,-0.0017,-0.0009,0.0261,4.8196,0.0031
13569.8,227,-0.0033,0.0044,-0.0039,0.0261,4.8199,0.0016
13579.8,228,-0.0033,-0.0048,-0.0054,0.0261,4.8203,-0.0075
13589.8,229,-0.0002,-0.0032,-0.0024,0.0261,4.8203,-0.0121
13599.8,230,-0.0033,-0.0063,-0.0085,0.0270,4.8209,-0.0152
13609.8,231,-0.0094,-0.0048,-0.0100,0.0270,4.8212,-0.0152
13619.8,232,-0.0125,-0.0002,-0.0054,0.0278,4.8212,-0.0121
13629.8,233,-0.0079,-0.0032,-0.0085,0.0270,4.8218,-0.0152
13639.8,234,-0.0125,-0.0093,-0.0146,0.0270,4.8224,-0.0228
13649.8,235,-0.0125,-0.0170,-0.0176,0.0261,4.8224,-0.0243
13659.8,236,-0.0170,-0.0200,-0.0222,0.0270,4.8230,-0.0213
13669.8,237,-0.0201,-0.0261,-0.0253,0.0278,4.8233,-0.0197
13679.8,238,-0.0216,-0.0231,-0.0222,0.0270,4.8239,-0.0182
13689.8,239,-0.0155,-0.0124,-0.0161,0.0261,4.8236,-0.0136
13699.8,240,-0.0125,-0.0017,-0.0100,0.0270,4.8242,-0.0030
13709.8,241,-0.0018,0.0029,-0.0070,0.0261,4.8245,0.0031
13719.8,242,0.0059,-0.0002,0.0007,0.0270,4.8242,0.0047
13729.8,243,0.0074,-0.0002,0.0037,0.0261,4.8248,0.0062
13739.8,244,0.0165,0.0090,0.0068,0.0261,4.8248,0.0077
13749.8,245,0.0150,0.0166,0.0159,0.0278,4.8248,0.0138
13759.8,246,0.0226,0.0258,0.0251,0.0270,4.8251,0.0230
13769.8,247,0.0257,0.0273,0.0327,0.0270,4.8248,0.0352
13779.8,248,0.0257,0.0319,0.0342,0.0270,4.8248,0.0382
13789.8,249,0.0303,0.0334,0.0342,0.0270,4.8248,0.0352
13799.8,250,0.0333,0.0303,0.0327,0.0278,4.8248,0.0337
13809.8,251,0.0364,0.0273,0.0342,0.0270,4.8248,0.0367
13819.8,252,0.0364,0.0303,0.0342,0.0261,4.8251,0.0321
13829.8,253,0.0379,0.0319,0.0388,0.0270,4.8254,0.0352
13839.8,254,0.0455,0.0410,0.0419,0.0270,4.8257,0.0367
13849.8,255,0.0486,0.0410,0.0464,0.0270,4.8254,0.0382
13859.8,0,0.0562,0.0502,0.0541,0.0252,4.8248,0.0489
13869.8,1,0.0684,0.0578,0.0648,0.0270,4.8251,0.0627
13879.8,2,0.0791,0.0715,0.0785,0.0261,4.8248,0.0733
13889.8,3,0.0867,0.0837,0.0922,0.0270,4.8245,0.0779
13899.8,4,0.0928,0.0944,0.0953,0.0270,4.8242,0.0840
13909.8,5,0.0959,0.1051,0.1014,0.0278,4.8242,0.0886
13919.8,6,0.1020,0.1066,0.1029,0.0270,4.8239,0.0993
13929.8,7,0.1066,0.1066,0.1060,0.0270,4.8233,0.1054
13939.8,8,0.1096,0.1051,0.1136,0.0270,4.8230,0.1039
13949.8,9,0.1066,0.1082,0.1105,0.0261,4.8227,0.1084
13959.8,10,0.1050,0.1097,0.1151,0.0270,4.8224,0.1130
13969.8,11,0.1081,0.1173,0.1090,0.0270,4.8224,0.1145
13979.8,12,0.1081,0.1188,0.1136,0.0287,4.8218,0.1130
13989.8,13,0.1066,0.1143,0.1121,0.0270,4.8215,0.1115
13999.8,14,0.1066,0.1082,0.1105,0.0270,4.8218,0.1130
14009.8,15,0.1035,0.1082,0.1090,0.0270,4.8212,0.1100
14019.8,16,0.1020,0.1097,0.1075,0.0278,4.8212,0.1054
14029.8,17,0.1020,0.1127,0.0998,0.0270,4.8212,0.1008
14039.8,18,0.0974,0.1082,0.0953,0.0270,4.8203,0.0977
14049.8,19,0.0944,0.1036,0.0922,0.0270,4.8203,0.0932
14059.8,20,0.0913,0.0959,0.0876,0.0261,4.8199,0.0871
14069.8,21,0.0867,0.0853,0.0800,0.0270,4.8203,0.0779
14079.8,22,0.0806,0.0746,0.0754,0.0270,4.8206,0.0703
14089.8,23,0.0699,0.0654,0.0602,0.0261,4.8203,0.0611
14099.8,24,0.0562,0.0578,0.0510,0.0270,4.8203,0.0565
14109.8,25,0.0486,0.0441,0.0403,0.0261,4.8206,0.0489
14119.8,26,0.0455,0.0364,0.0388,0.0261,4.8206,0.0367
14129.8,27,0.0364,0.0319,0.0220,0.0261,4.8203,0.0276
14139.8,28,0.0303,0.0319,0.0159,0.0270,4.8209,0.0245
14149.8,29,0.0257,0.0349,0.0205,0.0261,4.8209,0.0245
14159.8,30,0.0242,0.0319,0.0266,0.0261,4.8209,0.0230
14169.8,31,0.0242,0.0273,0.0266,0.0261,4.8215,0.0169
14179.8,32,0.0211,0.0242,0.0251,0.0261,4.8221,0.0199
14189.8,33,0.0196,0.0197,0.0281,0.0261,4.8218,0.0215
14199.8,34,0.0242,0.0258,0.0297,0.0252,4.8218,0.0245
14209.8,35,0.0257,0.0303,0.0358,0.0261,4.8224,0.0276
14219.8,36,0.0318,0.0395,0.0327,0.0252,4.8221,0.0276
14229.8,37,0.0394,0.0456,0.0358,0.0261,4.8221,0.0352
14239.8,38,0.0410,0.0471,0.0434,0.0252,4.8224,0.0443
14249.8,39,0.0501,0.0517,0.0480,0.0261,4.8224,0.0504
14259.8,40,0.0562,0.0517,0.0510,0.0252,4.8224,0.0565
14269.8,41,0.0577,0.0547,0.0480,0.0270,4.8224,0.0581
14279.8,42,0.0577,0.0563,0.0541,0.0252,4.8227,0.0596
14289.8,43,0.0577,0.0578,0.0602,0.0252,4.8221,0.0581
14299.8,44,0.0577,0.0593,0.0632,0.0261,4.8224,0.0581
14309.8,45,0.0577,0.0608,0.0632,0.0252,4.8224,0.0627
14319.8,46,0.0577,0.0624,0.0648,0.0244,4.8224,0.0657
14329.8,47,0.0593,0.0624,0.0632,0.0252,4.8221,0.0657
14339.8,48,0.0608,0.0685,0.0709,0.0252,4.8218,0.0688
14349.8,49,0.0654,0.0700,0.0709,0.0252,4.8221,0.0733
14359.8,50,0.0638,0.0670,0.0724,0.0244,4.8221,0.0703
14369.8,51,0.0638,0.0654,0.0709,0.0252,4.8218,0.0657
14379.8,52,0.0623,0.0670,0.0709,0.0261,4.8218,0.0657
14389.8,53,0.0638,0.0578,0.0709,0.0252,4.8215,0.0627
14399.8,54,0.0577,0.0563,0.0632,0.0244,4.8215,0.0627
14409.8,55,0.0532,0.0547,0.0602,0.0252,4.8224,0.0565
14419.8,56,0.0532,0.0502,0.0510,0.0252,4.8218,0.0474
14429.8,57,0.0471,0.0441,0.0434,0.0261,4.8221,0.0382
14439.8,58,0.0410,0.0334,0.0342,0.0261,4.8221,0.0306
14449.8,59,0.0272,0.0242,0.0297,0.0252,4.8224,0.0230
14459.8,60,0.0089,0.0151,0.0144,0.0252,4.8227,0.0123
14469.8,61,-0.0002,0.0013,0.0052,0.0252,4.8224,-0.0014
14479.8,62,-0.0079,-0.0154,-0.0039,0.0244,4.8230,-0.0106
14489.8,63,-0.0155,-0.0292,-0.0146,0.0252,4.8233,-0.0213
14499.8,64,-0.0247,-0.0353,-0.0299,0.0252,4.8242,-0.0243
14509.8,65,-0.0262,-0.0383,-0.0390,0.0252,4.8239,-0.0335
14519.8,66,-0.0308,-0.0444,-0.0421,0.0252,4.8245,-0.0442
14529.8,67,-0.0414,-0.0475,-0.0482,0.0252,4.8251,-0.0533
14539.8,68,-0.0506,-0.0521,-0.0512,0.0252,4.8254,-0.0609
14549.8,69,-0.0567,-0.0582,-0.0558,0.0252,4.8257,-0.0640
14559.8,70,-0.0613,-0.0597,-0.0588,0.0252,4.8264,-0.0640
14569.8,71,-0.0659,-0.0612,-0.0588,0.0252,4.8270,-0.0670
14579.8,72,-0.0643,-0.0627,-0.0634,0.0261,4.8273,-0.0670
14589.8,73,-0.0659,-0.0658,-0.0619,0.0261,4.8279,-0.0640
14599.8,74,-0.0659,-0.0627,-0.0588,0.0252,4.8279,-0.0594
14609.8,75,-0.0674,-0.0627,-0.0558,0.0261,4.8288,-0.0640
14619.8,76,-0.0704,-0.0612,-0.0588,0.0252,4.8294,-0.0609
14629.8,77,-0.0704,-0.0643,-0.0634,0.0252,4.8297,-0.0655
14639.8,78,-0.0674,-0.0612,-0.0649,0.0252,4.8303,-0.0609
14649.8,79,-0.0643,-0.0536,-0.0619,0.0261,4.8306,-0.0564
14659.8,80,-0.0506,-0.0521,-0.0527,0.0270,4.8306,-0.0457
14669.8,81,-0.0445,-0.0460,-0.0451,0.0252,4.8309,-0.0411
14679.8,82,-0.0460,-0.0429,-0.0451,0.0261,4.8309,-0.0350
14689.8,83,-0.0353,-0.0399,-0.0390,0.0261,4.8318,-0.0350
14699.8,84,-0.0338,-0.0383,-0.0405,0.0270,4.8318,-0.0381
14709.8,85,-0.0338,-0.0322,-0.0405,0.0261,4.8318,-0.0411
14719.8,86,-0.0292,-0.0261,-0.0375,0.0261,4.8318,-0.0411
14729.8,87,-0.0262,-0.0231,-0.0375,0.0261,4.8318,-0.0381
14739.8,88,-0.0277,-0.0215,-0.0344,0.0261,4.8325,-0.0304
14749.8,89,-0.0247,-0.0185,-0.0314,0.0261,4.8318,-0.0213
14759.8,90,-0.0231,-0.0170,-0.0283,0.0270,4.8325,-0.0197
14769.8,91,-0.0186,-0.0170,-0.0237,0.0270,4.8325,-0.0167
14779.8,92,-0.0155,-0.0170,-0.0207,0.0252,4.8328,-0.0197
14789.8,93,-0.0155,-0.0139,-0.0176,0.0270,4.8325,-0.0121
14799.8,94,-0.0155,-0.0124,-0.0146,0.0278,4.8331,-0.0075
14809.8,95,-0.0155,-0.0139,-0.0100,0.0278,4.8331,-0.0136
14819.8,96,-0.0170,-0.0154,-0.0070,0.0270,4.8334,-0.0167
14829.8,97,-0.0140,-0.0200,-0.0070,0.0270,4.8331,-0.0182
14839.8,98,-0.0125,-0.0215,-0.0131,0.0270,4.8334,-0.0106
14849.8,99,-0.0170,-0.0185,-0.0192,0.0270,4.8331,-0.0091
14859.8,100,-0.0170,-0.0170,-0.0222,0.0261,4.8334,-0.0152
14869.8,101,-0.0216,-0.0185,-0.0176,0.0270,4.8334,-0.0213
14879.8,102,-0.0201,-0.0215,-0.0115,0.0278,4.8334,-0.0243
14889.8,103,-0.0186,-0.0200,-0.0146,0.0278,4.8337,-0.0258
14899.8,104,-0.0216,-0.0200,-0.0192,0.0270,4.8337,-0.0197
14909.8,105,-0.0262,-0.0200,-0.0253,0.0270,4.8337,-0.0197
14919.8,106,-0.0216,-0.0185,-0.0268,0.0270,4.8337,-0.0228
14929.8,107,-0.0186,-0.0185,-0.0237,0.0270,4.8340,-0.0258
14939.8,108,-0.0216,-0.0154,-0.0253,0.0270,4.8340,-0.0274
14949.8,109,-0.0262,-0.0215,-0.0283,0.0270,4.8340,-0.0289
14959.8,110,-0.0262,-0.0246,-0.0253,0.0278,4.8340,-0.0304
14969.8,111,-0.0247,-0.0307,-0.0237,0.0278,4.8340,-0.0289
14979.8,112,-0.0231,-0.0307,-0.0222,0.0270,4.8343,-0.0304
14989.8,113,-0.0201,-0.0246,-0.0253,0.0278,4.8346,-0.0320
14999.8,114,-0.0216,-0.0277,-0.0253,0.0270,4.8346,-0.0350
15009.8,115,-0.0216,-0.0307,-0.0253,0.0278,4.8346,-0.0304
15019.8,116,-0.0216,-0.0277,-0.0268,0.0261,4.8346,-0.0304
15029.8,117,-0.0216,-0.0231,-0.0299,0.0278,4.8349,-0.0274
15039.8,118,-0.0201,-0.0200,-0.0283,0.0287,4.8352,-0.0228
15049.8,119,-0.0216,-0.0139,-0.0268,0.0270,4.8352,-0.0213
15059.8,120,-0.0186,-0.0124,-0.0222,0.0278,4.8349,-0.0213
15069.8,121,-0.0170,-0.0139,-0.0237,0.0261,4.8349,-0.0213
15079.8,122,-0.0155,-0.0200,-0.0176,0.0270,4.8352,-0.0213
15089.8,123,-0.0170,-0.0215,-0.0161,0.0278,4.8349,-0.0213
15099.8,124,-0.0155,-0.0200,-0.0192,0.0278,4.8349,-0.0167
15109.8,125,-0.0094,-0.0200,-0.0222,0.0270,4.8352,-0.0182
15119.8,126,-0.0094,-0.0261,-0.0253,0.0278,4.8352,-0.0228
15129.8,127,-0.0155,-0.0322,-0.0283,0.0270,4.8352,-0.0213
15139.8,128,-0.0231,-0.0322,-0.0344,0.0270,4.8358,-0.0258
15149.8,129,-0.0277,-0.0322,-0.0375,0.0278,4.8355,-0.0289
15159.8,130,-0.0323,-0.0307,-0.0344,0.0278,4.8358,-0.0320
15169.8,131,-0.0323,-0.0322,-0.0329,0.0278,4.8358,-0.0274
15179.8,132,-0.0353,-0.0292,-0.0344,0.0278,4.8361,-0.0304
15189.8,133,-0.0384,-0.0307,-0.0390,0.0287,4.8355,-0.0320
15199.8,134,-0.0399,-0.0338,-0.0466,0.0270,4.8361,-0.0350
15209.8,135,-0.0384,-0.0414,-0.0451,0.0278,4.8364,-0.0396
15219.8,136,-0.0399,-0.0444,-0.0390,0.0278,4.8364,-0.0411
15229.8,137,-0.0430,-0.0429,-0.0360,0.0287,4.8367,-0.0411
15239.8,138,-0.0430,-0.0368,-0.0360,0.0278,4.8367,-0.0457
15249.8,139,-0.0399,-0.0322,-0.0375,0.0278,4.8367,-0.0426
15259.8,140,-0.0353,-0.0307,-0.0329,0.0270,4.8367,-0.0396
15269.8,141,-0.0353,-0.0307,-0.0283,0.0287,4.8367,-0.0365
15279.8,142,-0.0323,-0.0307,-0.0253,0.0278,4.8370,-0.0304
15289.8,143,-0.0338,-0.0292,-0.0192,0.0287,4.8367,-0.0289
15299.8,144,-0.0262,-0.0261,-0.0100,0.0287,4.8370,-0.0274
15309.8,145,-0.0186,-0.0215,-0.0070,0.0287,4.8370,-0.0228
15319.8,146,-0.0140,-0.0139,-0.0070,0.0278,4.8370,-0.0197
15329.8,147,-0.0140,-0.0170,-0.0115,0.0278,4.8367,-0.0182
15339.8,148,-0.0155,-0.0170,-0.0161,0.0287,4.8364,-0.0197
15349.8,149,-0.0155,-0.0154,-0.0192,0.0278,4.8367,-0.0182
15359.8,150,-0.0155,-0.0124,-0.0192,0.0287,4.8370,-0.0182
15369.8,151,-0.0125,-0.0124,-0.0176,0.0296,4.8367,-0.0228
15379.8,152,-0.0201,-0.0154,-0.0207,0.0287,4.8367,-0.0197
15389.8,153,-0.0186,-0.0231,-0.0253,0.0287,4.8367,-0.0213
15399.8,154,-0.0231,-0.0246,-0.0268,0.0278,4.8370,-0.0258
15409.8,155,-0.0247,-0.0261,-0.0268,0.0278,4.8367,-0.0289
15419.8,156,-0.0201,-0.0261,-0.0253,0.0287,4.8370,-0.0304
15429.8,157,-0.0201,-0.0215,-0.0283,0.0287,4.8364,-0.0304
15439.8,158,-0.0216,-0.0215,-0.0344,0.0296,4.8370,-0.0289
15449.8,159,-0.0277,-0.0277,-0.0299,0.0287,4.8370,-0.0350
15459.8,160,-0.0292,-0.0368,-0.0314,0.0278,4.8376,-0.0365
15469.8,161,-0.0262,-0.0338,-0.0314,0.0278,4.8367,-0.0335
15479.8,162,-0.0262,-0.0338,-0.0253,0.0287,4.8367,-0.0289
15489.8,163,-0.0201,-0.0307,-0.0222,0.0296,4.8373,-0.0243
15499.8,164,-0.0170,-0.0292,-0.0253,0.0287,4.8373,-0.0243
15509.8,165,-0.0140,-0.0261,-0.0283,0.0287,4.8373,-0.0213
15519.8,166,-0.0155,-0.0215,-0.0268,0.0287,4.8373,-0.0243
15529.8,167,-0.0201,-0.0231,-0.0237,0.0287,4.8373,-0.0243
15539.8,168,-0.0231,-0.0215,-0.0207,0.0287,4.8370,-0.0228
15549.8,169,-0.0186,-0.0215,-0.0161,0.0287,4.8373,-0.0182
15559.8,170,-0.0247,-0.0277,-0.0222,0.0287,4.8370,-0.0182
15569.8,171,-0.0247,-0.0261,-0.0268,0.0296,4.8373,-0.0228
15579.8,172,-0.0308,-0.0246,-0.0283,0.0287,4.8370,-0.0289
15589.8,173,-0.0369,-0.0368,-0.0314,0.0296,4.8373,-0.0304
15599.8,174,-0.0460,-0.0429,-0.0360,0.0296,4.8376,-0.0320
15609.8,175,-0.0445,-0.0460,-0.0375,0.0287,4.8376,-0.0350
15619.8,176,-0.0414,-0.0475,-0.0375,0.0296,4.8373,-0.0381
15629.8,177,-0.0430,-0.0460,-0.0451,0.0278,4.8376,-0.0381
15639.8,178,-0.0445,-0.0429,-0.0466,0.0287,4.8376,-0.0442
15649.8,179,-0.0445,-0.0475,-0.0451,0.0287,4.8380,-0.0487
15659.8,180,-0.0445,-0.0475,-0.0436,0.0296,4.8380,-0.0503
15669.8,181,-0.0460,-0.0521,-0.0466,0.0296,4.8386,-0.0457
15679.8,182,-0.0491,-0.0566,-0.0421,0.0287,4.8383,-0.0472
15689.8,183,-0.0521,-0.0536,-0.0451,0.0296,4.8383,-0.0426
15699.8,184,-0.0506,-0.0521,-0.0466,0.0296,4.8383,-0.0426
15709.8,185,-0.0475,-0.0536,-0.0482,0.0296,4.8386,-0.0426
15719.8,186,-0.0460,-0.0505,-0.0436,0.0296,4.8383,-0.0457
15729.8,187,-0.0445,-0.0429,-0.0436,0.0304,4.8389,-0.0457
15739.8,188,-0.0399,-0.0414,-0.0466,0.0304,4.8389,-0.0442
15749.8,189,-0.0384,-0.0383,-0.0436,0.0304,4.8392,-0.0365
15759.8,190,-0.0338,-0.0353,-0.0421,0.0313,4.8389,-0.0381
15769.8,191,-0.0308,-0.0307,-0.0390,0.0304,4.8392,-0.0381
15779.8,192,-0.0262,-0.0353,-0.0329,0.0304,4.8392,-0.0396
15789.8,193,-0.0247,-0.0322,-0.0314,0.0287,4.8389,-0.0381
15799.8,194,-0.0247,-0.0338,-0.0314,0.0287,4.8389,-0.0365
15809.8,195,-0.0277,-0.0322,-0.0329,0.0304,4.8392,-0.0320
15819.8,196,-0.0323,-0.0307,-0.0299,0.0287,4.8389,-0.0350
15829.8,197,-0.0323,-0.0338,-0.0344,0.0304,4.8392,-0.0365
15839.8,198,-0.0353,-0.0322,-0.0329,0.0304,4.8392,-0.0396
15849.8,199,-0.0338,-0.0338,-0.0299,0.0304,4.8389,-0.0350
15859.8,200,-0.0292,-0.0338,-0.0222,0.0304,4.8392,-0.0320
15869.8,201,-0.0216,-0.0307,-0.0253,0.0296,4.8389,-0.0274
15879.8,202,-0.0201,-0.0215,-0.0268,0.0304,4.8392,-0.0228
15889.8,203,-0.0186,-0.0261,-0.0268,0.0304,4.8392,-0.0197
15899.8,204,-0.0216,-0.0261,-0.0207,0.0296,4.8395,-0.0228
15909.8,205,-0.0247,-0.0292,-0.0253,0.0296,4.8389,-0.0289
15919.8,206,-0.0323,-0.0277,-0.0314,0.0296,4.8389,-0.0320
15929.8,207,-0.0323,-0.0231,-0.0329,0.0296,4.8389,-0.0320
15939.8,208,-0.0323,-0.0292,-0.0283,0.0304,4.8386,-0.0320
15949.8,209,-0.0262,-0.0292,-0.0329,0.0296,4.8395,-0.0350
15959.8,210,-0.0247,-0.0277,-0.0375,0.0304,4.8395,-0.0381
15969.8,211,-0.0277,-0.0277,-0.0344,0.0304,4.8395,-0.0365
15979.8,212,-0.0277,-0.0292,-0.0299,0.0296,4.8386,-0.0335
15989.8,213,-0.0292,-0.0322,-0.0314,0.0296,4.8389,-0.0320
15999.8,214,-0.0323,-0.0383,-0.0283,0.0304,4.8392,-0.0335
16009.8,215,-0.0262,-0.0414,-0.0268,0.0296,4.8392,-0.0335
16019.8,216,-0.0247,-0.0429,-0.0299,0.0296,4.8392,-0.0411
16029.8,217,-0.0262,-0.0429,-0.0329,0.0287,4.8392,-0.0396
16039.8,218,-0.0292,-0.0444,-0.0421,0.0304,4.8389,-0.0381
16049.8,219,-0.0277,-0.0383,-0.0512,0.0313,4.8392,-0.0350
16059.8,220,-0.0308,-0.0353,-0.0497,0.0304,4.8395,-0.0381
16069.8,221,-0.0353,-0.0292,-0.0451,0.0296,4.8392,-0.0396
16079.8,222,-0.0399,-0.0292,-0.0360,0.0304,4.8392,-0.0411
16089.8,223,-0.0399,-0.0307,-0.0344,0.0304,4.8395,-0.0350
16099.8,224,-0.0353,-0.0383,-0.0314,0.0296,4.8395,-0.0335
16109.8,225,-0.0338,-0.0429,-0.0283,0.0304,4.8395,-0.0365
16119.8,226,-0.0399,-0.0490,-0.0344,0.0313,4.8395,-0.0350
16129.8,227,-0.0430,-0.0444,-0.0360,0.0304,4.8395,-0.0335
16139.8,228,-0.0445,-0.0399,-0.0329,0.0313,4.8395,-0.0335
16149.8,229,-0.0445,-0.0383,-0.0329,0.0304,4.8392,-0.0365
16159.8,230,-0.0430,-0.0399,-0.0360,0.0304,4.8395,-0.0350
16169.8,231,-0.0338,-0.0383,-0.0344,0.0313,4.8395,-0.0335
16179.8,232,-0.0277,-0.0383,-0.0314,0.0304,4.8401,-0.0320
16189.8,233,-0.0277,-0.0414,-0.0314,0.0304,4.8395,-0.0274
16199.8,234,-0.0277,-0.0368,-0.0253,0.0304,4.8395,-0.0258
16209.8,235,-0.0262,-0.0322,-0.0192,0.0296,4.8395,-0.0228
16219.8,236,-0.0231,-0.0292,-0.0222,0.0304,4.8395,-0.0228
16229.8,237,-0.0231,-0.0231,-0.0253,0.0304,4.8398,-0.0213
16239.8,238,-0.0201,-0.0170,-0.0222,0.0304,4.8395,-0.0243
16249.8,239,-0.0201,-0.0170,-0.0192,0.0304,4.8398,-0.0258
16259.8,240,-0.0186,-0.0200,-0.0176,0.0304,4.8392,-0.0197
16269.8,241,-0.0186,-0.0185,-0.0146,0.0296,4.8392,-0.0136
16279.8,242,-0.0155,-0.0170,-0.0115,0.0304,4.8389,-0.0091
16289.8,243,-0.0125,-0.0124,-0.0070,0.0304,4.8386,-0.0060
16299.8,244,-0.0079,-0.0078,-0.0054,0.0313,4.8392,-0.0075
16309.8,245,-0.0033,-0.0109,-0.0054,0.0304,4.8386,-0.0075
16319.8,246,-0.0079,-0.0124,-0.0070,0.0313,4.8386,-0.0091
16329.8,247,-0.0094,-0.0124,-0.0054,0.0313,4.8386,-0.0060
16339.8,248,-0.0140,-0.0139,-0.0070,0.0304,4.8386,-0.0091
16349.8,249,-0.0201,-0.0154,-0.0100,0.0304,4.8380,-0.0121
16359.8,250,-0.0247,-0.0154,-0.0176,0.0296,4.8386,-0.0106
16369.8,251,-0.0262,-0.0261,-0.0268,0.0296,4.8386,-0.0197
16379.8,252,-0.0308,-0.0383,-0.0360,0.0304,4.8386,-0.0258
16389.8,253,-0.0308,-0.0444,-0.0360,0.0313,4.8380,-0.0289
16399.8,254,-0.0292,-0.0353,-0.0283,0.0304,4.8383,-0.0335
16409.8,255,-0.0247,-0.0338,-0.0283,0.0296,4.8383,-0.0304
16419.8,0,-0.0247,-0.0353,-0.0268,0.0296,4.8383,-0.0304
16429.8,1,-0.0277,-0.0353,-0.0314,0.0296,4.8386,-0.0258
16439.8,2,-0.0277,-0.0322,-0.0268,0.0313,4.8383,-0.0213
16449.8,3,-0.0262,-0.0292,-0.0268,0.0304,4.8386,-0.0197
16459.8,4,-0.0247,-0.0338,-0.0253,0.0322,4.8386,-0.0213
16469.8,5,-0.0186,-0.0368,-0.0283,0.0304,4.8386,-0.0182
16479.8,6,-0.0125,-0.0307,-0.0222,0.0296,4.8383,-0.0152
16489.8,7,-0.0125,-0.0231,-0.0207,0.0304,4.8386,-0.0152
16499.8,8,-0.0201,-0.0200,-0.0207,0.0313,4.8386,-0.0167
16509.8,9,-0.0231,-0.0246,-0.0222,0.0313,4.8383,-0.0197
16519.8,10,-0.0247,-0.0277,-0.0283,0.0322,4.8383,-0.0213
16529.8,11,-0.0277,-0.0231,-0.0253,0.0313,4.8383,-0.0243
16539.8,12,-0.0338,-0.0307,-0.0237,0.0313,4.8383,-0.0243
16549.8,13,-0.0308,-0.0338,-0.0299,0.0304,4.8383,-0.0258
16559.8,14,-0.0277,-0.0383,-0.0299,0.0296,4.8383,-0.0304
16569.8,15,-0.0277,-0.0368,-0.0268,0.0313,4.8383,-0.0335
16579.8,16,-0.0277,-0.0399,-0.0283,0.0313,4.8383,-0.0304
16589.8,17,-0.0277,-0.0368,-0.0375,0.0304,4.8383,-0.0258
16599.8,18,-0.0201,-0.0353,-0.0375,0.0313,4.8383,-0.0258
16609.8,19,-0.0155,-0.0292,-0.0314,0.0322,4.8383,-0.0258
16619.8,20,-0.0170,-0.0261,-0.0314,0.0313,4.8386,-0.0274
16629.8,21,-0.0216,-0.0292,-0.0344,0.0313,4.8386,-0.0274
16639.8,22,-0.0231,-0.0307,-0.0299,0.0313,4.8386,-0.0289
16649.8,23,-0.0247,-0.0322,-0.0314,0.0313,4.8383,-0.0243
16659.8,24,-0.0247,-0.0338,-0.0253,0.0304,4.8386,-0.0228
16669.8,25,-0.0201,-0.0307,-0.0268,0.0304,4.8386,-0.0213
16679.8,26,-0.0170,-0.0246,-0.0237,0.0313,4.8383,-0.0258
16689.8,27,-0.0140,-0.0231,-0.0253,0.0331,4.8383,-0.0258
16699.8,28,-0.0201,-0.0231,-0.0237,0.0322,4.8386,-0.0274
16709.8,29,-0.0262,-0.0246,-0.0237,0.0304,4.8383,-0.0228
16719.8,30,-0.0231,-0.0261,-0.0237,0.0304,4.8386,-0.0167
16729.8,31,-0.0216,-0.0261,-0.0268,0.0313,4.8386,-0.0167
16739.8,32,-0.0201,-0.0215,-0.0299,0.0313,4.8386,-0.0213
16749.8,33,-0.0201,-0.0215,-0.0222,0.0304,4.8383,-0.0274
16759.8,34,-0.0155,-0.0109,-0.0161,0.0322,4.8383,-0.0182
16769.8,35,-0.0125,-0.0063,-0.0100,0.0331,4.8380,-0.0091
16779.8,36,-0.0079,-0.0063,-0.0146,0.0322,4.8380,-0.0075
16789.8,37,-0.0018,-0.0032,-0.0100,0.0313,4.8380,-0.0014
16799.8,38,-0.0002,-0.0048,-0.0115,0.0322,4.8376,0.0001
16809.8,39,-0.0002,-0.0032,0.0052,0.0313,4.8376,-0.0014
16819.8,40,0.0043,0.0044,0.0159,0.0313,4.8376,-0.0045
16829.8,41,0.0059,0.0044,0.0129,0.0304,4.8376,-0.0060
16839.8,42,0.0089,0.0044,0.0113,0.0313,4.8373,0.0016
16849.8,43,0.0074,0.0090,0.0098,0.0313,4.8367,0.0077
16859.8,44,0.0150,0.0120,0.0098,0.0313,4.8367,0.0153
16869.8,45,0.0211,0.0181,0.0083,0.0322,4.8367,0.0199
16879.8,46,0.0226,0.0242,0.0190,0.0304,4.8367,0.0291
16889.8,47,0.0242,0.0380,0.0281,0.0313,4.8367,0.0367
16899.8,48,0.0318,0.0471,0.0373,0.0313,4.8358,0.0459
16909.8,49,0.0425,0.0608,0.0480,0.0304,4.8358,0.0535
16919.8,50,0.0532,0.0715,0.0617,0.0313,4.8349,0.0703
16929.8,51,0.0638,0.0792,0.0693,0.0322,4.8349,0.0810
16939.8,52,0.0806,0.0898,0.0785,0.0313,4.8346,0.0916
16949.8,53,0.0959,0.0975,0.0983,0.0313,4.8334,0.1039
16959.8,54,0.1081,0.1082,0.1182,0.0322,4.8334,0.1130
16969.8,55,0.1218,0.1234,0.1304,0.0331,4.8328,0.1267
16979.8,56,0.1310,0.1310,0.1349,0.0322,4.8318,0.1344
16989.8,57,0.1401,0.1326,0.1426,0.0304,4.8312,0.1435
16999.8,58,0.1447,0.1356,0.1441,0.0304,4.8303,0.1481
17009.8,59,0.1432,0.1417,0.1472,0.0304,4.8300,0.1496
17019.8,60,0.1417,0.1448,0.1456,0.0304,4.8294,0.1496
17029.8,61,0.1417,0.1494,0.1456,0.0322,4.8288,0.1496
17039.8,62,0.1462,0.1494,0.1426,0.0313,4.8279,0.1527
17049.8,63,0.1523,0.1417,0.1441,0.0304,4.8279,0.1496
17059.8,64,0.1554,0.1371,0.1472,0.0313,4.8267,0.1466
17069.8,65,0.1539,0.1432,0.1472,0.0313,4.8264,0.1466
17079.8,66,0.1508,0.1448,0.1441,0.0313,4.8257,0.1496
17089.8,67,0.1478,0.1432,0.1426,0.0313,4.8251,0.1496
17099.8,68,0.1478,0.1417,0.1349,0.0304,4.8251,0.1481
17109.8,69,0.1462,0.1371,0.1380,0.0304,4.8245,0.1420
17119.8,70,0.1386,0.1356,0.1395,0.0313,4.8236,0.1420
17129.8,71,0.1325,0.1341,0.1395,0.0313,4.8230,0.1389
17139.8,72,0.1356,0.1371,0.1380,0.0304,4.8227,0.1374
17149.8,73,0.1325,0.1371,0.1441,0.0313,4.8227,0.1344
17159.8,74,0.1310,0.1402,0.1410,0.0313,4.8218,0.1328
17169.8,75,0.1295,0.1356,0.1395,0.0304,4.8215,0.1298
17179.8,76,0.1279,0.1310,0.1380,0.0304,4.8218,0.1298
17189.8,77,0.1310,0.1234,0.1349,0.0313,4.8212,0.1313
17199.8,78,0.1249,0.1188,0.1273,0.0313,4.8209,0.1328
17209.8,79,0.1218,0.1143,0.1212,0.0313,4.8203,0.1313
17219.8,80,0.1188,0.1127,0.1136,0.0313,4.8203,0.1237
17229.8,81,0.1142,0.1112,0.1090,0.0304,4.8203,0.1145
17239.8,82,0.1096,0.1097,0.1090,0.0304,4.8196,0.1130
17249.8,83,0.1035,0.1066,0.1090,0.0304,4.8196,0.1054
17259.8,84,0.1005,0.1036,0.1060,0.0304,4.8193,0.1069
17269.8,85,0.1050,0.1005,0.0998,0.0304,4.8190,0.1069
17279.8,86,0.1066,0.0990,0.0968,0.0304,4.8193,0.1039
17289.8,87,0.1050,0.1036,0.0937,0.0296,4.8190,0.1039
17299.8,88,0.1035,0.1051,0.0983,0.0296,4.8184,0.1069
17309.8,89,0.1035,0.1082,0.0998,0.0296,4.8184,0.1084
17319.8,90,0.1035,0.1082,0.0998,0.0296,4.8187,0.1100
17329.8,91,0.1035,0.1066,0.1014,0.0304,4.8184,0.1084
17339.8,92,0.0974,0.1066,0.0983,0.0304,4.8181,0.1039
17349.8,93,0.0989,0.1020,0.1014,0.0304,4.8184,0.1023
17359.8,94,0.0989,0.0990,0.0953,0.0296,4.8178,0.1023
17369.8,95,0.0989,0.0975,0.0922,0.0296,4.8175,0.0977
17379.8,96,0.0928,0.0898,0.0922,0.0296,4.8181,0.0855
17389.8,97,0.0944,0.0837,0.0861,0.0296,4.8178,0.0840
17399.8,98,0.0867,0.0761,0.0754,0.0296,4.8178,0.0779
17409.8,99,0.0776,0.0685,0.0678,0.0296,4.8175,0.0703
17419.8,100,0.0623,0.0593,0.0602,0.0304,4.8175,0.0642
17429.8,101,0.0577,0.0486,0.0525,0.0304,4.8181,0.0581
17439.8,102,0.0486,0.0425,0.0419,0.0287,4.8184,0.0504
17449.8,103,0.0410,0.0364,0.0388,0.0304,4.8184,0.0428
17459.8,104,0.0333,0.0349,0.0373,0.0313,4.8187,0.0398
17469.8,105,0.0303,0.0395,0.0403,0.0287,4.8190,0.0382
17479.8,106,0.0287,0.0410,0.0373,0.0296,4.8190,0.0398
17489.8,107,0.0333,0.0380,0.0297,0.0296,4.8196,0.0382
17499.8,108,0.0379,0.0334,0.0373,0.0287,4.8196,0.0367
17509.8,109,0.0364,0.0380,0.0403,0.0296,4.8193,0.0306
17519.8,110,0.0333,0.0395,0.0403,0.0296,4.8196,0.0291
17529.8,111,0.0379,0.0410,0.0358,0.0304,4.8199,0.0337
17539.8,112,0.0394,0.0380,0.0327,0.0304,4.8199,0.0337
17549.8,113,0.0379,0.0364,0.0312,0.0296,4.8203,0.0352
17559.8,114,0.0349,0.0319,0.0312,0.0304,4.8209,0.0321
17569.8,115,0.0379,0.0334,0.0342,0.0304,4.8206,0.0352
17579.8,116,0.0425,0.0349,0.0358,0.0304,4.8209,0.0398
17589.8,117,0.0455,0.0395,0.0388,0.0287,4.8209,0.0443
17599.8,118,0.0455,0.0410,0.0403,0.0296,4.8209,0.0428
17609.8,119,0.0425,0.0395,0.0403,0.0304,4.8209,0.0398
17619.8,120,0.0425,0.0410,0.0434,0.0296,4.8215,0.0352
17629.8,121,0.0410,0.0425,0.0449,0.0287,4.8212,0.0367
17639.8,122,0.0455,0.0441,0.0525,0.0296,4.8206,0.0443
17649.8,123,0.0410,0.0441,0.0541,0.0296,4.8212,0.0474
17659.8,124,0.0410,0.0517,0.0510,0.0304,4.8212,0.0474
17669.8,125,0.0425,0.0547,0.0510,0.0304,4.8212,0.0459
17679.8,126,0.0486,0.0624,0.0571,0.0296,4.8215,0.0581
17689.8,127,0.0562,0.0685,0.0617,0.0304,4.8215,0.0642
17699.8,128,0.0623,0.0731,0.0693,0.0287,4.8215,0.0642
17709.8,129,0.0684,0.0700,0.0754,0.0296,4.8212,0.0688
17719.8,130,0.0699,0.0700,0.0800,0.0296,4.8209,0.0733
17729.8,131,0.0745,0.0700,0.0785,0.0296,4.8209,0.0779
17739.8,132,0.0806,0.0761,0.0770,0.0304,4.8209,0.0764
17749.8,133,0.0852,0.0883,0.0831,0.0296,4.8203,0.0810
17759.8,134,0.0898,0.0929,0.0937,0.0304,4.8206,0.0855
17769.8,135,0.0944,0.0929,0.0907,0.0296,4.8209,0.0901
17779.8,136,0.0989,0.0868,0.0953,0.0296,4.8206,0.0947
17789.8,137,0.0974,0.0898,0.1014,0.0296,4.8203,0.0977
17799.8,138,0.0974,0.0914,0.1029,0.0296,4.8199,0.0962
17809.8,139,0.1020,0.0990,0.1014,0.0278,4.8196,0.0962
17819.8,140,0.1050,0.1020,0.0968,0.0287,4.8196,0.0932
17829.8,141,0.0974,0.0990,0.0953,0.0296,4.8193,0.0977
17839.8,142,0.0989,0.1005,0.0968,0.0287,4.8193,0.0977
17849.8,143,0.0989,0.1020,0.0937,0.0287,4.8190,0.1023
17859.8,144,0.1020,0.0990,0.0892,0.0287,4.8190,0.0993
17869.8,145,0.1035,0.0929,0.0846,0.0296,4.8190,0.0977
17879.8,146,0.1005,0.0883,0.0785,0.0287,4.8190,0.0901
17889.8,147,0.0913,0.0822,0.0770,0.0287,4.8190,0.0840
17899.8,148,0.0806,0.0807,0.0785,0.0287,4.8190,0.0810
17909.8,149,0.0684,0.0731,0.0754,0.0296,4.8190,0.0794
17919.8,150,0.0638,0.0715,0.0770,0.0278,4.8190,0.0779
17929.8,151,0.0684,0.0685,0.0693,0.0287,4.8193,0.0749
17939.8,152,0.0684,0.0608,0.0663,0.0287,4.8190,0.0703
17949.8,153,0.0638,0.0624,0.0678,0.0278,4.8190,0.0672
17959.8,154,0.0638,0.0639,0.0678,0.0287,4.8190,0.0672
17969.8,155,0.0654,0.0685,0.0663,0.0287,4.8190,0.0657
17979.8,156,0.0669,0.0761,0.0587,0.0287,4.8196,0.0703
17989.8,157,0.0730,0.0822,0.0587,0.0287,4.8193,0.0749
17999.8,158,0.0761,0.0822,0.0648,0.0287,4.8187,0.0749
18009.8,159,0.0761,0.0761,0.0709,0.0278,4.8193,0.0749
18019.8,160,0.0730,0.0715,0.0693,0.0296,4.8190,0.0733
18029.8,161,0.0730,0.0731,0.0693,0.0287,4.8190,0.0718
18039.8,162,0.0684,0.0731,0.0709,0.0287,4.8190,0.0764
18049.8,163,0.0730,0.0746,0.0693,0.0278,4.8193,0.0764
18059.8,164,0.0715,0.0715,0.0724,0.0278,4.8187,0.0749
18069.8,165,0.0745,0.0654,0.0724,0.0278,4.8190,0.0749
18079.8,166,0.0745,0.0670,0.0693,0.0278,4.8190,0.0688
18089.8,167,0.0699,0.0700,0.0709,0.0278,4.8190,0.0672
18099.8,168,0.0684,0.0715,0.0724,0.0287,4.8190,0.0733
18109.8,169,0.0730,0.0715,0.0709,0.0278,4.8190,0.0733
18119.8,170,0.0761,0.0670,0.0663,0.0278,4.8193,0.0718
18129.8,171,0.0791,0.0700,0.0617,0.0278,4.8193,0.0718
18139.8,172,0.0684,0.0685,0.0602,0.0287,4.8193,0.0672
18149.8,173,0.0623,0.0639,0.0571,0.0278,4.8193,0.0611
18159.8,174,0.0547,0.0547,0.0556,0.0278,4.8196,0.0565
18169.8,175,0.0455,0.0456,0.0480,0.0287,4.8193,0.0535
18179.8,176,0.0410,0.0410,0.0449,0.0287,4.8193,0.0474
18189.8,177,0.0318,0.0334,0.0373,0.0278,4.8199,0.0398
18199.8,178,0.0257,0.0242,0.0312,0.0270,4.8196,0.0245
18209.8,179,0.0196,0.0166,0.0220,0.0278,4.8199,0.0169
18219.8,180,0.0181,0.0090,0.0129,0.0278,4.8206,0.0108
18229.8,181,0.0150,0.0013,0.0052,0.0296,4.8206,0.0047
18239.8,182,0.0074,0.0013,0.0022,0.0287,4.8212,-0.0014
18249.8,183,0.0013,0.0013,-0.0009,0.0278,4.8212,-0.0060
18259.8,184,-0.0002,-0.0048,-0.0039,0.0278,4.8221,-0.0030
18269.8,185,-0.0063,-0.0063,-0.0054,0.0278,4.8224,0.0001
18279.8,186,-0.0140,-0.0124,-0.0039,0.0278,4.8224,0.0016
18289.8,187,-0.0170,-0.0124,-0.0070,0.0278,4.8227,-0.0014
18299.8,188,-0.0140,-0.0109,-0.0115,0.0278,4.8230,-0.0014
18309.8,189,-0.0063,-0.0048,-0.0054,0.0278,4.8230,0.0031
18319.8,190,0.0013,-0.0017,-0.0054,0.0278,4.8233,0.0016
18329.8,191,-0.0002,-0.0078,-0.0070,0.0287,4.8239,-0.0014
18339.8,192,0.0013,-0.0093,0.0007,0.0278,4.8239,0.0031
18349.8,193,0.0028,-0.0017,0.0052,0.0278,4.8242,0.0077
18359.8,194,0.0074,0.0013,0.0037,0.0278,4.8242,0.0062
18369.8,195,0.0181,0.0120,0.0159,0.0278,4.8242,0.0077
18379.8,196,0.0211,0.0212,0.0220,0.0278,4.8245,0.0092
18389.8,197,0.0226,0.0242,0.0205,0.0270,4.8248,0.0153
18399.8,198,0.0287,0.0258,0.0251,0.0287,4.8248,0.0123
18409.8,199,0.0257,0.0303,0.0251,0.0287,4.8248,0.0153
18419.8,200,0.0257,0.0288,0.0251,0.0287,4.8248,0.0169
18429.8,201,0.0226,0.0227,0.0266,0.0287,4.8245,0.0199
18439.8,202,0.0272,0.0273,0.0190,0.0278,4.8254,0.0291
18449.8,203,0.0287,0.0334,0.0236,0.0287,4.8251,0.0321
18459.8,204,0.0318,0.0364,0.0281,0.0278,4.8251,0.0367
18469.8,205,0.0364,0.0441,0.0358,0.0287,4.8248,0.0398
18479.8,206,0.0349,0.0410,0.0373,0.0278,4.8251,0.0459
18489.8,207,0.0349,0.0395,0.0403,0.0278,4.8251,0.0428
18499.8,208,0.0318,0.0334,0.0373,0.0287,4.8254,0.0398
18509.8,209,0.0318,0.0288,0.0342,0.0270,4.8248,0.0398
18519.8,210,0.0333,0.0303,0.0312,0.0287,4.8248,0.0382
18529.8,211,0.0349,0.0319,0.0312,0.0287,4.8251,0.0367
18539.8,212,0.0349,0.0319,0.0342,0.0278,4.8254,0.0352
18549.8,213,0.0303,0.0395,0.0327,0.0287,4.8257,0.0352
18559.8,214,0.0287,0.0364,0.0312,0.0278,4.8254,0.0352
18569.8,215,0.0318,0.0334,0.0312,0.0278,4.8257,0.0337
18579.8,216,0.0349,0.0288,0.0251,0.0278,4.8260,0.0276
18589.8,217,0.0318,0.0273,0.0220,0.0278,4.8254,0.0260
18599.8,218,0.0287,0.0227,0.0220,0.0278,4.8257,0.0230
18609.8,219,0.0165,0.0212,0.0281,0.0287,4.8254,0.0230
18619.8,220,0.0104,0.0181,0.0312,0.0278,4.8257,0.0260
18629.8,221,0.0104,0.0197,0.0312,0.0278,4.8260,0.0291
18639.8,222,0.0165,0.0212,0.0281,0.0278,4.8257,0.0276
18649.8,223,0.0226,0.0181,0.0281,0.0287,4.8260,0.0260
18659.8,224,0.0196,0.0212,0.0236,0.0287,4.8260,0.0230
18669.8,225,0.0181,0.0212,0.0236,0.0278,4.8257,0.0169
18679.8,226,0.0165,0.0166,0.0220,0.0287,4.8260,0.0199
18689.8,227,0.0120,0.0166,0.0205,0.0287,4.8260,0.0184
18699.8,228,0.0120,0.0105,0.0205,0.0287,4.8264,0.0138
18709.8,229,0.0074,0.0074,0.0129,0.0278,4.8267,0.0123
18719.8,230,0.0059,0.0090,0.0052,0.0287,4.8270,0.0108
18729.8,231,0.0104,0.0044,0.0068,0.0278,4.8270,0.0108
18739.8,232,0.0135,0.0013,0.0068,0.0278,4.8267,0.0138
18749.8,233,0.0150,-0.0017,0.0113,0.0278,4.8270,0.0153
18759.8,234,0.0242,0.0029,0.0159,0.0278,4.8270,0.0123
18769.8,235,0.0257,0.0059,0.0175,0.0278,4.8270,0.0123
18779.8,236,0.0226,0.0090,0.0190,0.0278,4.8273,0.0215
18789.8,237,0.0226,0.0135,0.0159,0.0287,4.8273,0.0199
18799.8,238,0.0226,0.0181,0.0159,0.0278,4.8273,0.0199
18809.8,239,0.0242,0.0258,0.0236,0.0278,4.8273,0.0199
18819.8,240,0.0272,0.0319,0.0297,0.0296,4.8276,0.0215
18829.8,241,0.0318,0.0319,0.0327,0.0287,4.8270,0.0306
18839.8,242,0.0349,0.0380,0.0342,0.0278,4.8270,0.0382
18849.8,243,0.0333,0.0395,0.0312,0.0287,4.8276,0.0382
18859.8,244,0.0333,0.0395,0.0312,0.0287,4.8267,0.0367
18869.8,245,0.0349,0.0380,0.0297,0.0287,4.8270,0.0321
18879.8,246,0.0379,0.0349,0.0327,0.0270,4.8273,0.0306
18889.8,247,0.0394,0.0303,0.0327,0.0296,4.8273,0.0306
18899.8,248,0.0364,0.0288,0.0373,0.0287,4.8273,0.0306
18909.8,249,0.0410,0.0303,0.0419,0.0296,4.8273,0.0337
18919.8,250,0.0394,0.0334,0.0403,0.0296,4.8267,0.0367
18929.8,251,0.0425,0.0364,0.0449,0.0296,4.8273,0.0382
18939.8,252,0.0410,0.0334,0.0373,0.0296,4.8267,0.0352
18949.8,253,0.0333,0.0334,0.0327,0.0287,4.8270,0.0321
18959.8,254,0.0333,0.0288,0.0236,0.0270,4.8270,0.0260
18969.8,255,0.0272,0.0273,0.0251,0.0287,4.8273,0.0215
18979.8,0,0.0242,0.0303,0.0251,0.0278,4.8276,0.0199
18989.8,1,0.0257,0.0273,0.0236,0.0287,4.8270,0.0169
18999.8,2,0.0242,0.0242,0.0175,0.0296,4.8270,0.0123
19009.8,3,0.0181,0.0166,0.0175,0.0287,4.8273,0.0123
19019.8,4,0.0165,0.0135,0.0159,0.0278,4.8273,0.0153
19029.8,5,0.0181,0.0151,0.0159,0.0278,4.8273,0.0184
19039.8,6,0.0211,0.0212,0.0205,0.0287,4.8276,0.0245
19049.8,7,0.0181,0.0181,0.0236,0.0287,4.8273,0.0291
19059.8,8,0.0196,0.0212,0.0251,0.0287,4.8273,0.0337
19069.8,9,0.0196,0.0258,0.0327,0.0278,4.8270,0.0367
19079.8,10,0.0196,0.0288,0.0342,0.0287,4.8273,0.0321
19089.8,11,0.0211,0.0273,0.0266,0.0296,4.8273,0.0245
19099.8,12,0.0242,0.0227,0.0220,0.0296,4.8270,0.0230
19109.8,13,0.0242,0.0181,0.0159,0.0287,4.8276,0.0245
19119.8,14,0.0165,0.0059,0.0144,0.0287,4.8276,0.0184
19129.8,15,0.0135,0.0059,0.0190,0.0296,4.8273,0.0123
19139.8,16,0.0059,0.0074,0.0144,0.0296,4.8276,0.0092
19149.8,17,0.0104,0.0074,0.0113,0.0278,4.8276,0.0092
19159.8,18,0.0074,0.0074,0.0083,0.0296,4.8279,0.0062
19169.8,19,0.0043,0.0074,0.0037,0.0296,4.8279,0.0031
19179.8,20,-0.0018,-0.0002,-0.0024,0.0287,4.8285,-0.0152
19189.8,21,-0.0048,-0.0093,-0.0070,0.0296,4.8282,-0.0167
19199.8,22,-0.0063,-0.0215,-0.0131,0.0296,4.8288,-0.0152
19209.8,23,-0.0079,-0.0246,-0.0222,0.0278,4.8285,-0.0152
19219.8,24,-0.0125,-0.0231,-0.0283,0.0287,4.8288,-0.0167
19229.8,25,-0.0170,-0.0215,-0.0299,0.0278,4.8291,-0.0197
19239.8,26,-0.0231,-0.0231,-0.0268,0.0287,4.8291,-0.0228
19249.8,27,-0.0216,-0.0261,-0.0222,0.0296,4.8297,-0.0289
19259.8,28,-0.0247,-0.0292,-0.0207,0.0296,4.8297,-0.0274
19269.8,29,-0.0262,-0.0261,-0.0176,0.0296,4.8300,-0.0274
19279.8,30,-0.0262,-0.0231,-0.0192,0.0296,4.8300,-0.0152
19289.8,31,-0.0262,-0.0170,-0.0176,0.0296,4.8300,-0.0121
19299.8,32,-0.0231,-0.0109,-0.0115,0.0287,4.8303,-0.0152
19309.8,33,-0.0186,-0.0063,-0.0085,0.0296,4.8306,-0.0197
19319.8,34,-0.0125,-0.0078,-0.0085,0.0296,4.8309,-0.0182
19329.8,35,-0.0109,-0.0139,-0.0115,0.0287,4.8309,-0.0167
19339.8,36,-0.0109,-0.0154,-0.0176,0.0296,4.8309,-0.0167
19349.8,37,-0.0125,-0.0139,-0.0207,0.0296,4.8309,-0.0152
19359.8,38,-0.0109,-0.0109,-0.0131,0.0296,4.8315,-0.0106
19369.8,39,-0.0094,-0.0093,-0.0146,0.0287,4.8309,-0.0014
19379.8,40,-0.0048,-0.0093,-0.0146,0.0296,4.8315,-0.0014
19389.8,41,-0.0048,-0.0139,-0.0161,0.0287,4.8318,0.0016
19399.8,42,-0.0079,-0.0154,-0.0115,0.0287,4.8312,0.0031
19409.8,43,-0.0125,-0.0124,-0.0131,0.0296,4.8318,0.0016
19419.8,44,-0.0125,-0.0032,-0.0085,0.0287,4.8315,-0.0030
19429.8,45,-0.0140,-0.0063,-0.0070,0.0296,4.8315,-0.0045
19439.8,46,-0.0109,-0.0048,-0.0100,0.0296,4.8318,-0.0106
19449.8,47,-0.0094,-0.0078,-0.0100,0.0287,4.8318,-0.0106
19459.8,48,-0.0063,-0.0063,-0.0070,0.0287,4.8315,-0.0060
19469.8,49,-0.0048,-0.0109,-0.0085,0.0296,4.8318,-0.0106
19479.8,50,-0.0079,-0.0124,-0.0054,0.0287,4.8322,-0.0106
19489.8,51,-0.0079,-0.0109,-0.0085,0.0296,4.8318,-0.0152
19499.8,52,-0.0125,-0.0170,-0.0100,0.0296,4.8325,-0.0167
19509.8,53,-0.0109,-0.0154,-0.0115,0.0296,4.8325,-0.0167
19519.8,54,-0.0109,-0.0093,-0.0131,0.0296,4.8325,-0.0121
19529.8,55,-0.0109,-0.0139,-0.0131,0.0287,4.8328,-0.0106
19539.8,56,-0.0140,-0.0139,-0.0115,0.0287,4.8325,-0.0121
19549.8,57,-0.0170,-0.0139,-0.0161,0.0296,4.8328,-0.0106
19559.8,58,-0.0155,-0.0124,-0.0146,0.0304,4.8328,-0.0121
19569.8,59,-0.0170,-0.0109,-0.0115,0.0296,4.8328,-0.0152
19579.8,60,-0.0125,-0.0124,-0.0222,0.0296,4.8328,-0.0167
19589.8,61,-0.0079,-0.0200,-0.0207,0.0287,4.8328,-0.0197
19599.8,62,-0.0079,-0.0261,-0.0253,0.0287,4.8328,-0.0213
19609.8,63,-0.0079,-0.0277,-0.0207,0.0287,4.8331,-0.0213
19619.8,64,-0.0094,-0.0215,-0.0222,0.0296,4.8334,-0.0167
19629.8,65,-0.0109,-0.0170,-0.0207,0.0296,4.8334,-0.0213
19639.8,66,-0.0170,-0.0139,-0.0192,0.0296,4.8334,-0.0243
19649.8,67,-0.0140,-0.0124,-0.0176,0.0304,4.8337,-0.0274
19659.8,68,-0.0109,-0.0154,-0.0192,0.0287,4.8334,-0.0304
19669.8,69,-0.0109,-0.0200,-0.0237,0.0287,4.8337,-0.0274
19679.8,70,-0.0170,-0.0261,-0.0268,0.0296,4.8337,-0.0243
19689.8,71,-0.0186,-0.0231,-0.0253,0.0313,4.8337,-0.0228
19699.8,72,-0.0231,-0.0292,-0.0222,0.0304,4.8340,-0.0274
19709.8,73,-0.0216,-0.0322,-0.0222,0.0304,4.8343,-0.0243
19719.8,74,-0.0216,-0.0261,-0.0207,0.0304,4.8343,-0.0274
19729.8,75,-0.0216,-0.0231,-0.0146,0.0304,4.8343,-0.0289
19739.8,76,-0.0216,-0.0231,-0.0192,0.0296,4.8343,-0.0258
19749.8,77,-0.0231,-0.0170,-0.0192,0.0296,4.8349,-0.0182
19759.8,78,-0.0170,-0.0139,-0.0085,0.0296,4.8340,-0.0106
19769.8,79,-0.0094,-0.0139,-0.0054,0.0296,4.8343,-0.0060
19779.8,80,-0.0018,-0.0154,-0.0085,0.0304,4.8343,-0.0045
19789.8,81,0.0013,-0.0170,-0.0039,0.0287,4.8349,0.0001
19799.8,82,0.0013,-0.0139,-0.0039,0.0296,4.8343,0.0001
19809.8,83,-0.0033,-0.0109,-0.0054,0.0304,4.8346,-0.0014
19819.8,84,-0.0033,-0.0109,-0.0085,0.0296,4.8340,-0.0014
19829.8,85,-0.0033,-0.0124,-0.0115,0.0296,4.8343,-0.0014
19839.8,86,-0.0048,-0.0078,-0.0161,0.0296,4.8340,-0.0030
19849.8,87,-0.0033,-0.0078,-0.0146,0.0296,4.8343,-0.0060
19859.8,88,-0.0033,-0.0017,-0.0100,0.0304,4.8346,-0.0060
19869.8,89,-0.0033,0.0013,-0.0085,0.0304,4.8349,-0.0045
19879.8,90,-0.0002,-0.0063,-0.0115,0.0304,4.8346,0.0016
19889.8,91,-0.0063,-0.0063,-0.0085,0.0313,4.8343,-0.0014
19899.8,92,-0.0048,-0.0109,-0.0100,0.0296,4.8343,-0.0014
19909.8,93,-0.0079,-0.0048,-0.0085,0.0304,4.8343,-0.0045
19919.8,94,-0.0063,-0.0032,-0.0054,0.0304,4.8343,-0.0091
19929.8,95,-0.0033,-0.0048,-0.0054,0.0304,4.8346,-0.0060
19939.8,96,-0.0048,-0.0109,-0.0054,0.0313,4.8343,-0.0121
19949.8,97,-0.0063,-0.0109,-0.0115,0.0304,4.8340,-0.0136
19959.8,98,-0.0033,-0.0139,-0.0161,0.0296,4.8343,-0.0030
19969.8,99,-0.0063,-0.0109,-0.0131,0.0296,4.8340,-0.0014
19979.8,100,-0.0079,-0.0093,-0.0085,0.0313,4.8343,-0.0030
19989.8,101,-0.0094,-0.0048,-0.0039,0.0304,4.8343,-0.0045
19999.8,102,-0.0155,-0.0048,-0.0085,0.0304,4.8343,-0.0075
20009.8,103,-0.0201,-0.0063,-0.0115,0.0296,4.8346,-0.0075
20019.8,104,-0.0170,-0.0078,-0.0085,0.0304,4.8343,-0.0075
20029.8,105,-0.0094,-0.0109,-0.0054,0.0296,4.8343,-0.0106
20039.8,106,-0.0079,-0.0109,-0.0009,0.0304,4.8349,-0.0121
20049.8,107,-0.0079,-0.0078,-0.0054,0.0313,4.8346,-0.0136
20059.8,108,-0.0079,-0.0093,-0.0100,0.0296,4.8343,-0.0136
20069.8,109,-0.0094,-0.0124,-0.0085,0.0313,4.8349,-0.0121
20079.8,110,-0.0140,-0.0124,-0.0085,0.0296,4.8349,-0.0075
20089.8,111,-0.0170,-0.0154,-0.0070,0.0287,4.8349,-0.0045
20099.8,112,-0.0155,-0.0109,-0.0054,0.0296,4.8352,-0.0030
20109.8,113,-0.0140,-0.0078,0.0007,0.0313,4.8349,-0.0075
20119.8,114,-0.0140,-0.0063,0.0037,0.0313,4.8349,-0.0136
20129.8,115,-0.0155,-0.0093,-0.0024,0.0322,4.8349,-0.0167
20139.8,116,-0.0140,-0.0139,-0.0085,0.0304,4.8349,-0.0197
20149.8,117,-0.0140,-0.0185,-0.0100,0.0304,4.8349,-0.0197
20159.8,118,-0.0140,-0.0170,-0.0131,0.0313,4.8349,-0.0152
20169.8,119,-0.0201,-0.0170,-0.0146,0.0313,4.8346,-0.0121
20179.8,120,-0.0186,-0.0154,-0.0176,0.0304,4.8346,-0.0121
20189.8,121,-0.0201,-0.0185,-0.0222,0.0313,4.8352,-0.0136
20199.8,122,-0.0170,-0.0200,-0.0253,0.0304,4.8349,-0.0136
20209.8,123,-0.0216,-0.0231,-0.0237,0.0296,4.8349,-0.0213
20219.8,124,-0.0231,-0.0231,-0.0253,0.0304,4.8355,-0.0258
20229.8,125,-0.0262,-0.0200,-0.0268,0.0304,4.8355,-0.0274
20239.8,126,-0.0323,-0.0231,-0.0253,0.0304,4.8355,-0.0335
20249.8,127,-0.0353,-0.0261,-0.0253,0.0313,4.8358,-0.0381
20259.7,128,-0.0308,-0.0292,-0.0299,0.0313,4.8352,-0.0381
20269.7,129,-0.0247,-0.0307,-0.0283,0.0313,4.8358,-0.0365
20279.7,130,-0.0231,-0.0261,-0.0314,0.0313,4.8358,-0.0320
20289.7,131,-0.0216,-0.0261,-0.0329,0.0313,4.8355,-0.0274
20299.7,132,-0.0201,-0.0215,-0.0375,0.0313,4.8358,-0.0243
20309.7,133,-0.0140,-0.0170,-0.0299,0.0304,4.8358,-0.0152
20319.7,134,-0.0079,-0.0124,-0.0161,0.0313,4.8358,-0.0091
20329.7,135,-0.0063,-0.0063,-0.0054,0.0313,4.8358,-0.0045
20339.7,136,-0.0002,-0.0017,0.0007,0.0313,4.8358,-0.0014
20349.7,137,0.0043,-0.0002,0.0083,0.0304,4.8355,0.0001
20359.7,138,0.0120,0.0105,0.0098,0.0304,4.8355,0.0123
20369.7,139,0.0150,0.0151,0.0144,0.0313,4.8352,0.0199
20379.7,140,0.0196,0.0181,0.0205,0.0322,4.8355,0.0184
20389.7,141,0.0181,0.0166,0.0190,0.0313,4.8349,0.0215
20399.7,142,0.0211,0.0166,0.0205,0.0313,4.8349,0.0184
20409.7,143,0.0257,0.0135,0.0266,0.0322,4.8346,0.0169
20419.7,144,0.0242,0.0135,0.0281,0.0304,4.8346,0.0153
20429.7,145,0.0226,0.0181,0.0236,0.0313,4.8343,0.0199
20439.7,146,0.0181,0.0227,0.0144,0.0304,4.8340,0.0230
20449.7,147,0.0196,0.0242,0.0144,0.0322,4.8340,0.0199
20459.7,148,0.0165,0.0258,0.0190,0.0304,4.8340,0.0260
20469.7,149,-0.0094,-0.0139,-0.0115,0.0304,4.8358,-0.0167
===BURST_CSV_END===
error: unknown command '' (try 'help')
>i3:11157:0.028749
>i4:11157:0.018125
>i5:11157:0.012875
>vrail:11157:0.031311
>vcc:11157:4.829102
>i8:11157:0.015349
>seq:11157:131.000000
>i3:11628:0.050111
>i4:11628:0.042539
>i5:11628:0.029659
>vrail:11628:0.031311
>vcc:11628:4.829102
>i8:11628:0.047393
>seq:11628:150.000000
>i3:11828:0.013490
>i4:11828:0.013547
>i5:11828:0.005245
>vrail:11828:0.030441
>vcc:11828:4.830933
>i8:11828:0.012298
>seq:11828:181.000000
>i3:12028:-0.015502
>i4:12028:-0.018497
>i5:12028:-0.014591
>vrail:12028:0.027832
>vcc:12028:4.830933
>i8:12028:-0.009065
>seq:12028:211.000000
>i3:12228:-0.024657
>i4:12228:-0.041385
>i5:12228:-0.026798
>vrail:12228:0.027832
>vcc:12228:4.832458
>i8:12228:-0.025849
>seq:12228:242.000000
>i3:12428:-0.023131
>i4:12428:-0.012393
>i5:12428:-0.019169
>vrail:12428:0.027832
>vcc:12428:4.832458
>i8:12428:-0.016694
>seq:12428:16.000000
>i3:12628:-0.059752
>i4:12628:-0.058169
>i5:12628:-0.061893
>vrail:12628:0.027832
>vcc:12628:4.832458
>i8:12628:-0.060945
>seq:12628:47.000000
>i3:12828:-0.055175
>i4:12828:-0.056643
>i5:12828:-0.049686
>vrail:12828:0.027832
>vcc:12828:4.835510
>i8:12828:-0.056367
>seq:12828:77.000000
>i3:13028:0.015016
>i4:13028:0.022702
>i5:13028:0.009823
>vrail:13028:0.028702
>vcc:13028:4.837036
>i8:13028:0.015349
>seq:13028:108.000000
>i3:13228:-0.035338
>i4:13228:-0.041385
>i5:13228:-0.031376
>vrail:13228:0.028702
>vcc:13228:4.841614
>i8:13228:-0.033479
>seq:13228:139.000000
>i3:13428:0.007386
>i4:13428:0.007443
>i5:13428:0.008297
>vrail:13428:0.029572
>vcc:13428:4.841614
>i8:13428:0.003142
>seq:13428:170.000000
>i3:13628:-0.039916
>i4:13628:-0.042911
>i5:13628:-0.045109
>vrail:13628:0.029572
>vcc:13628:4.841614
>i8:13628:-0.045686
>seq:13628:201.000000
>i3:13828:-0.003295
>i4:13828:-0.004764
>i5:13828:0.002193
>vrail:13828:0.028702
>vcc:13828:4.837036
>i8:13828:-0.001435
>seq:13828:231.000000
>i3:14028:-0.047545
>i4:14028:-0.044436
>i5:14028:-0.040531
>vrail:14028:0.029572
>vcc:14028:4.839478
>i8:14028:-0.039582
>seq:14028:6.000000
>i3:14228:0.024171
>i4:14228:0.022702
>i5:14228:0.029659
>vrail:14228:0.029572
>vcc:14228:4.831848
>i8:14228:0.022979
>seq:14228:36.000000
>i3:14428:0.048585
>i4:14428:0.044065
>i5:14428:0.041866
>vrail:14428:0.029572
>vcc:14428:4.831848
>i8:14428:0.033660
>seq:14428:67.000000
>i3:14628:-0.053649
>i4:14628:-0.053592
>i5:14628:-0.054264
>vrail:14628:0.029572
>vcc:14628:4.831848
>i8:14628:-0.048738
>seq:14628:97.000000
>i3:14828:-0.006347
>i4:14828:-0.004764
>i5:14828:-0.005436
>vrail:14828:0.030441
>vcc:14828:4.837036
>i8:14828:-0.006013
>seq:14828:128.000000
>i3:15028:-0.061278
>i4:15028:-0.065799
>i5:15028:-0.057316
>vrail:15028:0.032181
>vcc:15028:4.837036
>i8:15028:-0.056367
>seq:15028:159.000000
>i3:15228:-0.044494
>i4:15228:-0.045962
>i5:15228:-0.051212
>vrail:15228:0.032181
>vcc:15228:4.841003
>i8:15228:-0.042634
>seq:15228:189.000000
>i3:15428:0.086732
>i4:15428:0.082211
>i5:15428:0.092220
>vrail:15428:0.032181
>vcc:15428:4.841003
>i8:15428:0.096221
>seq:15428:220.000000
>i3:15628:-0.071959
>i4:15628:-0.064273
>i5:15628:-0.055790
>vrail:15628:0.032181
>vcc:15628:4.841003
>i8:15628:-0.065522
>seq:15628:250.000000
>i3:15828:-0.012450
>i4:15828:-0.015445
>i5:15828:-0.016117
>vrail:15828:0.031311
>vcc:15828:4.841003
>i8:15828:-0.018220
>seq:15828:25.000000
>i3:16028:-0.010924
>i4:16028:-0.021548
>i5:16028:-0.020695
>vrail:16028:0.031311
>vcc:16028:4.839172
>i8:16028:-0.022798
>seq:16028:55.000000
>i3:16228:-0.052123
>i4:16228:-0.049014
>i5:16228:-0.046635
>vrail:16228:0.031311
>vcc:16228:4.837646
>i8:16228:-0.051789
>seq:16228:86.000000
>i3:16428:0.144715
>i4:16428:0.140195
>i5:16428:0.142574
>vrail:16428:0.030441
>vcc:16428:4.837646
>i8:16428:0.148101
>seq:16428:117.000000
>i3:16628:-0.033813
>i4:16628:-0.030704
>i5:16628:-0.025272
>vrail:16628:0.030441
>vcc:16628:4.837646
>i8:16628:-0.030427
>seq:16628:147.000000
>i3:16828:-0.042968
>i4:16828:-0.039859
>i5:16828:-0.042057
>vrail:16828:0.031311
>vcc:16828:4.837646
>i8:16828:-0.038056
>seq:16828:178.000000
>i3:17028:-0.050597
>i4:17028:-0.055118
>i5:17028:-0.051212
>vrail:17028:0.031311
>vcc:17028:4.840698
>i8:17028:-0.051789
>seq:17028:208.000000
>i3:17228:-0.020080
>i4:17228:-0.020022
>i5:17228:-0.029850
>vrail:17228:0.031311
>vcc:17228:4.840698
>i8:17228:-0.013642
>seq:17228:239.000000
>i3:17428:-0.036864
>i4:17428:-0.042911
>i5:17428:-0.032902
>vrail:17428:0.032181
>vcc:17428:4.841309
>i8:17428:-0.033479
>seq:17428:13.000000
>i3:17628:-0.015502
>i4:17628:-0.020022
>i5:17628:-0.013065
>vrail:17628:0.031311
>vcc:17628:4.841309
>i8:17628:-0.012116
>seq:17628:44.000000
>i3:17828:-0.015502
>i4:17828:-0.010867
>i5:17828:-0.022221
>vrail:17828:0.032181
>vcc:17828:4.841614
>i8:17828:-0.010591
>seq:17828:75.000000
>i3:18028:-0.013976
>i4:18028:-0.015445
>i5:18028:-0.011539
>vrail:18028:0.029572
>vcc:18028:4.839783
>i8:18028:-0.013642
>seq:18028:105.000000
>i3:18228:0.066895
>i4:18228:0.063901
>i5:18228:0.072384
>vrail:18228:0.029572
>vcc:18228:4.839783
>i8:18228:0.070281
>seq:18228:136.000000
>i3:18428:0.011964
>i4:18428:-0.001712
>i5:18428:0.006771
>vrail:18428:0.028702
>vcc:18428:4.839172
>i8:18428:0.009246
>seq:18428:166.000000
>i3:18628:-0.015502
>i4:18628:-0.013919
>i5:18628:-0.023746
>vrail:18628:0.029572
>vcc:18628:4.836121
>i8:18628:-0.022798
>seq:18628:197.000000
>i3:18828:0.083680
>i4:18828:0.089841
>i5:18828:0.092220
>vrail:18828:0.029572
>vcc:18828:4.833374
>i8:18828:0.099273
>seq:18828:227.000000
>i3:19028:-0.046020
>i4:19028:-0.045962
>i5:19028:-0.040531
>vrail:19028:0.030441
>vcc:19028:4.833374
>i8:19028:-0.048738
>seq:19028:2.000000
>i3:19228:-0.056701
>i4:19228:-0.052066
>i5:19228:-0.051212
>vrail:19228:0.030441
>vcc:19228:4.833374
>i8:19228:-0.059419
>seq:19228:33.000000
rate: 24361 native frames in 0.244 s = 100001 Hz (100.00 kSPS) [nominal 200 kSPS] -- burst/autoburst now use the measured rate
error: unknown command '' (try 'help')
W (19755) 12vhpwr_proto: bad header 0x5c (alignment?)
>i3:19768:-0.029235
>i4:19768:-0.023074
>i5:19768:-0.023746
>vrail:19768:0.031311
>vcc:19768:4.836121
>i8:19768:-0.021272
>seq:19768:8.000000
>i3:19968:-0.039916
>i4:19968:-0.038333
>i5:19968:-0.035954
>vrail:19968:0.032181
>vcc:19968:4.840088
>i8:19968:-0.031953
>seq:19968:39.000000
>i3:20168:0.040956
>i4:20168:0.054746
>i5:20168:0.044918
>vrail:20168:0.032181
>vcc:20168:4.840088
>i8:20168:0.042815
>seq:20168:69.000000
>i3:20368:-0.026183
>i4:20368:-0.018497
>i5:20368:-0.032902
>vrail:20368:0.032181
>vcc:20368:4.831543
>i8:20368:-0.022798
>seq:20368:100.000000
>i3:20568:0.156922
>i4:20568:0.160031
>i5:20568:0.163937
>vrail:20568:0.033920
>vcc:20568:4.831543
>i8:20568:0.170989
>seq:20568:131.000000
>i3:20768:-0.027709
>i4:20768:-0.026126
>i5:20768:-0.026798
>vrail:20768:0.033920
>vcc:20768:4.831543
>i8:20768:-0.038056
>seq:20768:161.000000
>i3:20968:-0.049071
>i4:20968:-0.045962
>i5:20968:-0.051212
>vrail:20968:0.033920
>vcc:20968:4.831543
>i8:20968:-0.048738
>seq:20968:192.000000
>i3:21168:-0.027709
>i4:21168:-0.030704
>i5:21168:-0.026798
>vrail:21168:0.033920
>vcc:21168:4.839172
>i8:21168:-0.025849
>seq:21168:222.000000
>i3:21368:-0.042968
>i4:21368:-0.038333
>i5:21368:-0.057316
>vrail:21368:0.033920
>vcc:21368:4.839172
>i8:21368:-0.053315
>seq:21368:253.000000
>i3:21568:0.094361
>i4:21568:0.085263
>i5:21568:0.095272
>vrail:21568:0.034790
>vcc:21568:4.839172
>i8:21568:0.085540
>seq:21568:27.000000
>i3:21768:-0.046020
>i4:21768:-0.058169
>i5:21768:-0.043583
>vrail:21768:0.033920
>vcc:21768:4.839172
>i8:21768:-0.051789
>seq:21768:58.000000
>i3:21968:-0.035338
>i4:21968:-0.033755
>i5:21968:-0.032902
>vrail:21968:0.033051
>vcc:21968:4.839172
>i8:21968:-0.042634
>seq:21968:89.000000
>i3:22168:-0.012450
>i4:22168:-0.020022
>i5:22168:-0.016117
>vrail:22168:0.033051
>vcc:22168:4.836121
>i8:22168:-0.018220
>seq:22168:119.000000
>i3:22368:0.022645
>i4:22368:0.016599
>i5:22368:0.009823
>vrail:22368:0.033051
>vcc:22368:4.835815
>i8:22368:0.012298
>seq:22368:150.000000
>i3:22568:-0.021605
>i4:22568:-0.006289
>i5:22568:-0.008488
>vrail:22568:0.033051
>vcc:22568:4.835815
>i8:22568:-0.015168
>seq:22568:180.000000
>i3:22768:0.004334
>i4:22768:0.005918
>i5:22768:0.006771
>vrail:22768:0.032181
>vcc:22768:4.835205
>i8:22768:0.001616
>seq:22768:211.000000
>i3:22968:-0.021605
>i4:22968:-0.020022
>i5:22968:-0.010014
>vrail:22968:0.031311
>vcc:22968:4.834595
>i8:22968:-0.028901
>seq:22968:241.000000
>i3:23168:-0.052123
>i4:23168:-0.062747
>i5:23168:-0.061893
>vrail:23168:0.032181
>vcc:23168:4.834595
>i8:23168:-0.054841
>seq:23168:16.000000
>i3:23368:0.028749
>i4:23368:0.024228
>i5:23368:0.018978
>vrail:23368:0.032181
>vcc:23368:4.834595
>i8:23368:0.019927
>seq:23368:47.000000
>i3:23568:-0.032287
>i4:23568:-0.032229
>i5:23568:-0.037479
>vrail:23568:0.032181
>vcc:23568:4.834595
>i8:23568:-0.024323
>seq:23568:78.000000
>i3:23768:-0.035338
>i4:23768:-0.038333
>i5:23768:-0.037479
>vrail:23768:0.032181
>vcc:23768:4.841614
>i8:23768:-0.050263
>seq:23768:109.000000
>i3:23968:-0.070434
>i4:23968:-0.078006
>i5:23968:-0.072575
>vrail:23968:0.032181
>vcc:23968:4.841614
>i8:23968:-0.068574
>seq:23968:139.000000
>i3:24168:0.028749
>i4:24168:0.019650
>i5:24168:0.015926
>vrail:24168:0.032181
>vcc:24168:4.839478
>i8:24168:0.013824
>seq:24168:170.000000
>i3:24368:0.083680
>i4:24368:0.080686
>i5:24368:0.089169
>vrail:24368:0.032181
>vcc:24368:4.839478
>i8:24368:0.085540
>seq:24368:200.000000
>i3:24568:-0.029235
>i4:24568:-0.027652
>i5:24568:-0.026798
>vrail:24568:0.032181
>vcc:24568:4.838257
>i8:24568:-0.024323
>seq:24568:231.000000
>i3:24768:0.031800
>i4:24768:0.030332
>i5:24768:0.026608
>vrail:24768:0.032181
>vcc:24768:4.832458
>i8:24768:0.029082
>seq:24768:5.000000
>i3:24968:0.057740
>i4:24968:0.071530
>i5:24968:0.066280
>vrail:24968:0.031311
>vcc:24968:4.830017
>i8:24968:0.062652
>seq:24968:36.000000
>i3:25168:0.005860
>i4:25168:0.007443
>i5:25168:0.009823
>vrail:25168:0.031311
>vcc:25168:4.829407
>i8:25168:0.015349
>seq:25168:67.000000
>i3:25368:0.059266
>i4:25368:0.054746
>i5:25368:0.060177
>vrail:25368:0.031311
>vcc:25368:4.829407
>i8:25368:0.059600
>seq:25368:97.000000
>i3:25568:-0.052123
>i4:25568:-0.058169
>i5:25568:-0.049686
>vrail:25568:0.030441
>vcc:25568:4.829407
>i8:25568:-0.054841
>seq:25568:128.000000
>i3:25768:-0.058227
>i4:25768:-0.068851
>i5:25768:-0.060368
>vrail:25768:0.030441
>vcc:25768:4.829407
>i8:25768:-0.062470
>seq:25768:158.000000
>i3:25968:-0.062804
>i4:25968:-0.056643
>i5:25968:-0.060368
>vrail:25968:0.030441
>vcc:25968:4.835510
>i8:25968:-0.065522
>seq:25968:189.000000
>i3:26168:0.005860
>i4:26168:0.001340
>i5:26168:0.005245
>vrail:26168:0.029572
>vcc:26168:4.835815
>i8:26168:0.004668
>seq:26168:219.000000
>i3:26368:0.156922
>i4:26368:0.160031
>i5:26368:0.151730
>vrail:26368:0.029572
>vcc:26368:4.835815
>i8:26368:0.158782
>seq:26368:250.000000
>i3:26568:-0.009398
>i4:26568:-0.016971
>i5:26568:-0.016117
>vrail:26568:0.031311
>vcc:26568:4.835815
>i8:26568:-0.009065
>seq:26568:25.000000
>i3:26768:-0.023131
>i4:26768:-0.012393
>i5:26768:-0.019169
>vrail:26768:0.031311
>vcc:26768:4.835815
>i8:26768:-0.009065
>seq:26768:55.000000
>i3:26968:-0.010924
>i4:26968:-0.007815
>i5:26968:-0.019169
>vrail:26968:0.031311
>vcc:26968:4.835510
>i8:26968:-0.013642
>seq:26968:86.000000
>i3:27168:-0.050597
>i4:27168:-0.059695
>i5:27168:-0.060368
>vrail:27168:0.031311
>vcc:27168:4.832153
>i8:27168:-0.047212
>seq:27168:116.000000
>i3:27368:0.129457
>i4:27368:0.134091
>i5:27368:0.131893
>vrail:27368:0.031311
>vcc:27368:4.835205
>i8:27368:0.132842
>seq:27368:147.000000
>i3:27568:-0.017028
>i4:27568:-0.029178
>i5:27568:-0.022221
>vrail:27568:0.032181
>vcc:27568:4.835205
>i8:27568:-0.025849
>seq:27568:177.000000
>i3:27768:-0.039916
>i4:27768:-0.030704
>i5:27768:-0.035954
>vrail:27768:0.030441
>vcc:27768:4.835205
>i8:27768:-0.036530
>seq:27768:208.000000
>i3:27968:-0.024657
>i4:27968:-0.016971
>i5:27968:-0.032902
>vrail:27968:0.030441
>vcc:27968:4.835205
>i8:27968:-0.016694
>seq:27968:239.000000
>i3:28168:0.028749
>i4:28168:0.028806
>i5:28168:0.018978
>vrail:28168:0.030441
>vcc:28168:4.835205
>i8:28168:0.030608
>seq:28168:14.000000
>i3:28368:-0.033813
>i4:28368:-0.036807
>i5:28368:-0.029850
>vrail:28368:0.030441
>vcc:28368:4.839172
>i8:28368:-0.021272
>seq:28368:45.000000
>i3:28568:0.030274
>i4:28568:0.027280
>i5:28568:0.025082
>vrail:28568:0.030441
>vcc:28568:4.833679
>i8:28568:0.036712
>seq:28568:75.000000
>i3:28768:-0.030761
>i4:28768:-0.029178
>i5:28768:-0.028324
>vrail:28768:0.029572
>vcc:28768:4.833069
>i8:28768:-0.024323
>seq:28768:106.000000
>i3:28968:-0.021605
>i4:28968:-0.012393
>i5:28968:-0.016117
>vrail:28968:0.029572
>vcc:28968:4.833069
>i8:28968:-0.019746
>seq:28968:136.000000
>i3:29168:0.109620
>i4:29168:0.111203
>i5:29168:0.109005
>vrail:29168:0.030441
>vcc:29168:4.833069
>i8:29168:0.117583
>seq:29168:167.000000
>i3:29368:-0.029235
>i4:29368:-0.032229
>i5:29368:-0.023746
>vrail:29368:0.030441
>vcc:29368:4.833069
>i8:29368:-0.025849
>seq:29368:198.000000
>i3:29568:-0.056701
>i4:29568:-0.044436
>i5:29568:-0.063419
>vrail:29568:0.030441
>vcc:29568:4.836426
>i8:29568:-0.047212
>seq:29568:229.000000
>i3:29768:-0.090270
>i4:29768:-0.081058
>i5:29768:-0.087833
>vrail:29768:0.031311
>vcc:29768:4.837341
>i8:29768:-0.086884
>seq:29768:4.000000
>i3:29968:-0.047545
>i4:29968:-0.050540
>i5:29968:-0.043583
>vrail:29968:0.031311
>vcc:29968:4.840088
>i8:29968:-0.053315
>seq:29968:34.000000
>i3:30168:0.010438
>i4:30168:0.013547
>i5:30168:0.006771
>vrail:30168:0.031311
>vcc:30168:4.840088
>i8:30168:0.012298
>seq:30168:65.000000
>i3:30368:-0.049071
>i4:30368:-0.039859
>i5:30368:-0.049686
>vrail:30368:0.030441
>vcc:30368:4.841309
>i8:30368:-0.042634
>seq:30368:95.000000
>i3:30568:-0.032287
>i4:30568:-0.020022
>i5:30568:-0.032902
>vrail:30568:0.030441
>vcc:30568:4.841309
>i8:30568:-0.038056
>seq:30568:126.000000
>i3:30768:0.074525
>i4:30768:0.065427
>i5:30768:0.069332
>vrail:30768:0.028702
>vcc:30768:4.840088
>i8:30768:0.079436
>seq:30768:156.000000
>i3:30968:-0.004821
>i4:30968:-0.010867
>i5:30968:-0.003910
>vrail:30968:0.028702
>vcc:30968:4.830322
>i8:30968:-0.012116
>seq:30968:187.000000
>i3:31168:0.095887
>i4:31168:0.094419
>i5:31168:0.098324
>vrail:31168:0.029572
>vcc:31168:4.830322
>i8:31168:0.108428
>seq:31168:218.000000
>i3:31368:-0.033813
>i4:31368:-0.030704
>i5:31368:-0.020695
>vrail:31368:0.029572
>vcc:31368:4.830322
>i8:31368:-0.027375
>seq:31368:248.000000
>i3:31568:-0.020080
>i4:31568:-0.027652
>i5:31568:-0.035954
>vrail:31568:0.029572
>vcc:31568:4.830322
>i8:31568:-0.019746
>seq:31568:23.000000
>i3:31768:-0.029235
>i4:31768:-0.030704
>i5:31768:-0.035954
>vrail:31768:0.029572
>vcc:31768:4.836731
>i8:31768:-0.031953
>seq:31768:53.000000
>i3:31968:-0.076537
>i4:31968:-0.088687
>i5:31968:-0.078678
>vrail:31968:0.029572
>vcc:31968:4.837341
>i8:31968:-0.088410
>seq:31968:84.000000
>i3:32168:0.091310
>i4:32168:0.097470
>i5:32168:0.099850
>vrail:32168:0.028702
>vcc:32168:4.837341
>i8:32168:0.094695
>seq:32168:114.000000
>i3:32368:-0.044494
>i4:32368:-0.055118
>i5:32368:-0.046635
>vrail:32368:0.028702
>vcc:32368:4.839783
>i8:32368:-0.056367
>seq:32368:145.000000
>i3:32568:-0.053649
>i4:32568:-0.038333
>i5:32568:-0.043583
>vrail:32568:0.028702
>vcc:32568:4.841614
>i8:32568:-0.047212
>seq:32568:176.000000
>i3:32768:-0.018554
>i4:32768:-0.023074
>i5:32768:-0.020695
>vrail:32768:0.028702
>vcc:32768:4.841614
>i8:32768:-0.027375
>seq:32768:207.000000
>i3:32968:-0.006347
>i4:32968:-0.012393
>i5:32968:-0.006962
>vrail:32968:0.028702
>vcc:32968:4.838562
>i8:32968:0.003142
>seq:32968:238.000000
>i3:33168:0.159974
>i4:33168:0.156980
>i5:33168:0.153255
>vrail:33168:0.032181
>vcc:33168:4.838562
>i8:33168:0.163360
>seq:33168:12.000000
>i3:33368:-0.030761
>i4:33368:-0.026126
>i5:33368:-0.025272
>vrail:33368:0.030441
>vcc:33368:4.837952
>i8:33368:-0.022798
>seq:33368:43.000000
>i3:33568:-0.015502
>i4:33568:-0.013919
>i5:33568:-0.022221
>vrail:33568:0.030441
>vcc:33568:4.836731
>i8:33568:-0.016694
>seq:33568:73.000000
>i3:33768:-0.015502
>i4:33768:-0.018497
>i5:33768:-0.025272
>vrail:33768:0.030441
>vcc:33768:4.836731
>i8:33768:-0.016694
>seq:33768:104.000000
>i3:33968:-0.000243
>i4:33968:-0.006289
>i5:33968:-0.000858
>vrail:33968:0.030441
>vcc:33968:4.836731
>i8:33968:-0.016694
>seq:33968:135.000000
>i3:34168:-0.050597
>i4:34168:-0.049014
>i5:34168:-0.046635
>vrail:34168:0.030441
>vcc:34168:4.837036
>i8:34168:-0.048738
>seq:34168:166.000000
>i3:34368:-0.039916
>i4:34368:-0.042911
>i5:34368:-0.049686
>vrail:34368:0.030441
>vcc:34368:4.837036
>i8:34368:-0.045686
>seq:34368:197.000000
>i3:34568:-0.061278
>i4:34568:-0.070376
>i5:34568:-0.061893
>vrail:34568:0.029572
>vcc:34568:4.840393
>i8:34568:-0.059419
>seq:34568:227.000000
>i3:34768:0.019593
>i4:34768:0.018125
>i5:34768:0.014400
>vrail:34768:0.029572
>vcc:34768:4.840393
>i8:34768:0.018401
>seq:34768:2.000000
>i3:34968:-0.013976
>i4:34968:-0.009341
>i5:34968:-0.013065
>vrail:34968:0.029572
>vcc:34968:4.840393
>i8:34968:-0.015168
>seq:34968:32.000000
>i3:35168:-0.017028
>i4:35168:-0.015445
>i5:35168:-0.002384
>vrail:35168:0.029572
>vcc:35168:4.837036
>i8:35168:-0.006013
>seq:35168:63.000000
>i3:35368:0.044007
>i4:35368:0.042539
>i5:35368:0.040340
>vrail:35368:0.029572
>vcc:35368:4.834900
>i8:35368:0.035186
>seq:35368:93.000000
>i3:35568:-0.035338
>i4:35568:-0.029178
>i5:35568:-0.037479
>vrail:35568:0.030441
>vcc:35568:4.834900
>i8:35568:-0.024323
>seq:35568:124.000000
>i3:35768:-0.035338
>i4:35768:-0.036807
>i5:35768:-0.028324
>vrail:35768:0.030441
>vcc:35768:4.836426
>i8:35768:-0.031953
>seq:35768:155.000000
>i3:35968:-0.015502
>i4:35968:-0.027652
>i5:35968:-0.011539
>vrail:35968:0.030441
>vcc:35968:4.836426
>i8:35968:-0.019746
>seq:35968:185.000000
>i3:36168:-0.049071
>i4:36168:-0.042911
>i5:36168:-0.032902
>vrail:36168:0.030441
>vcc:36168:4.836426
>i8:36168:-0.038056
>seq:36168:216.000000
>i3:36368:-0.047545
>i4:36368:-0.056643
>i5:36368:-0.045109
>vrail:36368:0.030441
>vcc:36368:4.836731
>i8:36368:-0.044160
>seq:36368:246.000000
>i3:36568:0.007386
>i4:36568:0.005918
>i5:36568:0.008297
>vrail:36568:0.029572
>vcc:36568:4.836731
>i8:36568:0.006194
>seq:36568:21.000000
>i3:36768:-0.021605
>i4:36768:-0.013919
>i5:36768:-0.011539
>vrail:36768:0.029572
>vcc:36768:4.836121
>i8:36768:-0.024323
>seq:36768:51.000000
>i3:36968:-0.007873
>i4:36968:-0.010867
>i5:36968:-0.005436
>vrail:36968:0.029572
>vcc:36968:4.836121
>i8:36968:-0.009065
>seq:36968:82.000000
>i3:37168:0.033326
>i4:37168:0.027280
>i5:37168:0.029659
>vrail:37168:0.027832
>vcc:37168:4.833069
>i8:37168:0.029082
>seq:37168:113.000000
>i3:37368:-0.010924
>i4:37368:-0.016971
>i5:37368:-0.017643
>vrail:37368:0.027832
>vcc:37368:4.833069
>i8:37368:-0.010591
>seq:37368:143.000000
>i3:37568:-0.003295
>i4:37568:0.004392
>i5:37568:-0.000858
>vrail:37568:0.029572
>vcc:37568:4.833069
>i8:37568:-0.006013
>seq:37568:174.000000
>i3:37768:0.013490
>i4:37768:0.007443
>i5:37768:0.008297
>vrail:37768:0.029572
>vcc:37768:4.833069
>i8:37768:0.012298
>seq:37768:204.000000
>i3:37968:0.091310
>i4:37968:0.098996
>i5:37968:0.089169
>vrail:37968:0.028702
>vcc:37968:4.833069
>i8:37968:0.096221
>seq:37968:235.000000
>i3:38168:-0.015502
>i4:38168:-0.013919
>i5:38168:-0.011539
>vrail:38168:0.028702
>vcc:38168:4.834900
>i8:38168:-0.018220
>seq:38168:9.000000
>i3:38368:-0.007873
>i4:38368:-0.004764
>i5:38368:-0.008488
>vrail:38368:0.028702
>vcc:38368:4.835815
>i8:38368:-0.007539
>seq:38368:40.000000
>i3:38568:-0.050597
>i4:38568:-0.050540
>i5:38568:-0.045109
>vrail:38568:0.028702
>vcc:38568:4.836731
>i8:38568:-0.047212
>seq:38568:71.000000
>i3:38768:-0.024657
>i4:38768:-0.021548
>i5:38768:-0.016117
>vrail:38768:0.029572
>vcc:38768:4.838562
>i8:38768:-0.013642
>seq:38768:102.000000
>i3:38968:0.114198
>i4:38968:0.109677
>i5:38968:0.107479
>vrail:38968:0.029572
>vcc:38968:4.838562
>i8:38968:0.113006
>seq:38968:133.000000
>i3:39168:-0.044494
>i4:39168:-0.045962
>i5:39168:-0.051212
>vrail:39168:0.030441
>vcc:39168:4.840088
>i8:39168:-0.050263
>seq:39168:163.000000
>i3:39368:-0.018554
>i4:39368:-0.020022
>i5:39368:-0.020695
>vrail:39368:0.030441
>vcc:39368:4.838562
>i8:39368:-0.012116
>seq:39368:194.000000
>i3:39568:-0.003295
>i4:39568:-0.007815
>i5:39568:0.000668
>vrail:39568:0.030441
>vcc:39568:4.837341
>i8:39568:-0.002961
>seq:39568:224.000000
>i3:39768:0.072999
>i4:39768:0.085263
>i5:39768:0.078487
>vrail:39768:0.030441
>vcc:39768:4.834595
>i8:39768:0.079436
>seq:39768:255.000000
>i3:39968:0.010438
>i4:39968:0.010495
>i5:39968:0.002193
>vrail:39968:0.029572
>vcc:39968:4.833374
>i8:39968:0.009246
>seq:39968:29.000000
>i3:40168:-0.021605
>i4:40168:-0.026126
>i5:40168:-0.037479
>vrail:40168:0.029572
>vcc:40168:4.833374
>i8:40168:-0.030427
>seq:40168:60.000000
>i3:40368:-0.044494
>i4:40368:-0.047488
>i5:40368:-0.049686
>vrail:40368:0.029572
>vcc:40368:4.833374
>i8:40368:-0.047212
>seq:40368:91.000000
>i3:40568:-0.042968
>i4:40568:-0.049014
>i5:40568:-0.052738
>vrail:40568:0.029572
>vcc:40568:4.837952
>i8:40568:-0.039582
>seq:40568:121.000000
>i3:40768:-0.023131
>i4:40768:-0.026126
>i5:40768:-0.026798
>vrail:40768:0.029572
>vcc:40768:4.837952
>i8:40768:-0.030427
>seq:40768:152.000000
>i3:40968:-0.047545
>i4:40968:-0.058169
>i5:40968:-0.045109
>vrail:40968:0.030441
>vcc:40968:4.840088
>i8:40968:-0.051789
>seq:40968:182.000000
>i3:41168:-0.047545
>i4:41168:-0.050540
>i5:41168:-0.051212
>vrail:41168:0.030441
>vcc:41168:4.839478
>i8:41168:-0.041108
>seq:41168:213.000000
>i3:41368:-0.044494
>i4:41368:-0.052066
>i5:41368:-0.052738
>vrail:41368:0.030441
>vcc:41368:4.839478
>i8:41368:-0.053315
>seq:41368:243.000000
>i3:41568:-0.021605
>i4:41568:-0.026126
>i5:41568:-0.022221
>vrail:41568:0.030441
>vcc:41568:4.839478
>i8:41568:-0.016694
>seq:41568:18.000000
>i3:41768:0.025697
>i4:41768:0.027280
>i5:41768:0.029659
>vrail:41768:0.030441
>vcc:41768:4.839478
>i8:41768:0.026031
>seq:41768:49.000000
>i3:41968:0.025697
>i4:41968:0.022702
>i5:41968:0.028133
>vrail:41968:0.030441
>vcc:41968:4.834290
>i8:41968:0.024505
>seq:41968:79.000000
>i3:42168:0.069947
>i4:42168:0.077634
>i5:42168:0.076962
>vrail:42168:0.030441
>vcc:42168:4.833984
>i8:42168:0.076385
>seq:42168:110.000000
>i3:42368:0.010438
>i4:42368:0.018125
>i5:42368:0.011349
>vrail:42368:0.029572
>vcc:42368:4.833984
>i8:42368:0.018401
>seq:42368:140.000000
>i3:42568:-0.018554
>i4:42568:-0.006289
>i5:42568:-0.016117
>vrail:42568:0.029572
>vcc:42568:4.833679
>i8:42568:-0.001435
>seq:42568:171.000000
>i3:42768:-0.000243
>i4:42768:-0.004764
>i5:42768:-0.011539
>vrail:42768:0.029572
>vcc:42768:4.833679
>i8:42768:-0.013642
>seq:42768:201.000000
>i3:42968:-0.038390
>i4:42968:-0.036807
>i5:42968:-0.042057
>vrail:42968:0.028702
>vcc:42968:4.833679
>i8:42968:-0.038056
>seq:42968:232.000000
>i3:43168:-0.047545
>i4:43168:-0.035281
>i5:43168:-0.042057
>vrail:43168:0.028702
>vcc:43168:4.836121
>i8:43168:-0.041108
>seq:43168:7.000000
>i3:43368:-0.038390
>i4:43368:-0.035281
>i5:43368:-0.028324
>vrail:43368:0.027832
>vcc:43368:4.837952
>i8:43368:-0.030427
>seq:43368:37.000000
>i3:43568:-0.039916
>i4:43568:-0.033755
>i5:43568:-0.042057
>vrail:43568:0.028702
>vcc:43568:4.838257
>i8:43568:-0.036530
>seq:43568:68.000000
>i3:43768:0.121827
>i4:43768:0.123410
>i5:43768:0.127316
>vrail:43768:0.030441
>vcc:43768:4.838257
>i8:43768:0.120635
>seq:43768:98.000000
>i3:43968:0.010438
>i4:43968:0.001340
>i5:43968:0.002193
>vrail:43968:0.030441
>vcc:43968:4.837952
>i8:43968:0.001616
>seq:43968:129.000000
>i3:44168:0.022645
>i4:44168:0.024228
>i5:44168:0.022030
>vrail:44168:0.029572
>vcc:44168:4.831238
>i8:44168:0.018401
>seq:44168:159.000000
>i3:44368:-0.007873
>i4:44368:0.002866
>i5:44368:-0.010014
>vrail:44368:0.029572
>vcc:44368:4.831238
>i8:44368:-0.001435
>seq:44368:190.000000
>i3:44568:-0.009398
>i4:44568:-0.009341
>i5:44568:-0.013065
>vrail:44568:0.029572
>vcc:44568:4.831238
>i8:44568:-0.007539
>seq:44568:221.000000
>i3:44768:0.156922
>i4:44768:0.155454
>i5:44768:0.154781
>vrail:44768:0.029572
>vcc:44768:4.831238
>i8:44768:0.155730
>seq:44768:252.000000
>i3:44968:-0.050597
>i4:44968:-0.061221
>i5:44968:-0.058842
>vrail:44968:0.029572
>vcc:44968:4.833374
>i8:44968:-0.071626
>seq:44968:27.000000
>i3:45168:0.025697
>i4:45168:0.019650
>i5:45168:0.025082
>vrail:45168:0.030441
>vcc:45168:4.833984
>i8:45168:0.021453
>seq:45168:57.000000
>i3:45368:-0.003295
>i4:45368:-0.012393
>i5:45368:-0.003910
>vrail:45368:0.030441
>vcc:45368:4.833984
>i8:45368:-0.009065
>seq:45368:88.000000
>i3:45568:0.007386
>i4:45568:0.012021
>i5:45568:0.009823
>vrail:45568:0.030441
>vcc:45568:4.833984
>i8:45568:0.012298
>seq:45568:118.000000
>i3:45768:0.031800
>i4:45768:0.024228
>i5:45768:0.032711
>vrail:45768:0.031311
>vcc:45768:4.834900
>i8:45768:0.024505
>seq:45768:149.000000
>i3:45968:-0.001769
>i4:45968:0.001340
>i5:45968:0.000668
>vrail:45968:0.028702
>vcc:45968:4.833984
>i8:45968:0.001616
>seq:45968:179.000000
>i3:46168:-0.020080
>i4:46168:-0.027652
>i5:46168:-0.022221
>vrail:46168:0.028702
>vcc:46168:4.834900
>i8:46168:-0.018220
>seq:46168:210.000000
>i3:46368:-0.032287
>i4:46368:-0.039859
>i5:46368:-0.045109
>vrail:46368:0.028702
>vcc:46368:4.834900
>i8:46368:-0.030427
>seq:46368:241.000000
>i3:46568:0.033326
>i4:46568:0.033383
>i5:46568:0.032711
>vrail:46568:0.028702
>vcc:46568:4.834900
>i8:46568:0.032134
>seq:46568:15.000000
>i3:46768:-0.000243
>i4:46768:0.007443
>i5:46768:0.003719
>vrail:46768:0.028702
>vcc:46768:4.835815
>i8:46768:0.001616
>seq:46768:46.000000
>i3:46968:-0.026183
>i4:46968:-0.033755
>i5:46968:-0.031376
>vrail:46968:0.029572
>vcc:46968:4.837036
>i8:46968:-0.035005
>seq:46968:76.000000
>i3:47168:-0.056701
>i4:47168:-0.062747
>i5:47168:-0.060368
>vrail:47168:0.029572
>vcc:47168:4.837036
>i8:47168:-0.068574
>seq:47168:107.000000
>i3:47368:-0.046020
>i4:47368:-0.042911
>i5:47368:-0.040531
>vrail:47368:0.029572
>vcc:47368:4.839478
>i8:47368:-0.038056
>seq:47368:137.000000
>i3:47568:-0.000243
>i4:47568:-0.004764
>i5:47568:-0.000858
>vrail:47568:0.029572
>vcc:47568:4.839478
>i8:47568:0.000091
>seq:47568:168.000000
>i3:47768:-0.003295
>i4:47768:-0.004764
>i5:47768:-0.005436
>vrail:47768:0.029572
>vcc:47768:4.839478
>i8:47768:-0.002961
>seq:47768:199.000000
>i3:47968:-0.007873
>i4:47968:-0.013919
>i5:47968:-0.013065
>vrail:47968:0.029572
>vcc:47968:4.837341
>i8:47968:-0.007539
>seq:47968:229.000000
>i3:48168:0.005860
>i4:48168:0.013547
>i5:48168:0.012875
>vrail:48168:0.029572
>vcc:48168:4.835510
>i8:48168:0.010772
>seq:48168:4.000000
>i3:48368:-0.029235
>i4:48368:-0.039859
>i5:48368:-0.034428
>vrail:48368:0.027832
>vcc:48368:4.835510
>i8:48368:-0.036530
>seq:48368:34.000000
>i3:48568:0.028749
>i4:48568:0.034909
>i5:48568:0.031185
>vrail:48568:0.028702
>vcc:48568:4.835510
>i8:48568:0.039763
>seq:48568:65.000000
>i3:48768:0.050111
>i4:48768:0.050168
>i5:48768:0.043392
>vrail:48768:0.029572
>vcc:48768:4.835510
>i8:48768:0.053496
>seq:48768:95.000000
>i3:48968:-0.032287
>i4:48968:-0.030704
>i5:48968:-0.034428
>vrail:48968:0.029572
>vcc:48968:4.835510
>i8:48968:-0.027375
>seq:48968:126.000000
>i3:49168:-0.038390
>i4:49168:-0.041385
>i5:49168:-0.046635
>vrail:49168:0.030441
>vcc:49168:4.836121
>i8:49168:-0.044160
>seq:49168:157.000000
>i3:49368:-0.065856
>i4:49368:-0.067325
>i5:49368:-0.061893
>vrail:49368:0.030441
>vcc:49368:4.838257
>i8:49368:-0.062470
>seq:49368:188.000000
>i3:49568:0.079103
>i4:49568:0.076108
>i5:49568:0.072384
>vrail:49568:0.030441
>vcc:49568:4.838257
>i8:49568:0.074859
>seq:49568:219.000000
>i3:49768:-0.044494
>i4:49768:-0.041385
>i5:49768:-0.039005
>vrail:49768:0.029572
>vcc:49768:4.838257
>i8:49768:-0.041108
>seq:49768:249.000000
>i3:49968:-0.009398
>i4:49968:-0.026126
>i5:49968:-0.016117
>vrail:49968:0.028702
>vcc:49968:4.834290
>i8:49968:-0.025849
>seq:49968:24.000000
>i3:50168:0.015016
>i4:50168:0.021176
>i5:50168:0.018978
>vrail:50168:0.028702
>vcc:50168:4.834290
>i8:50168:0.024505
>seq:50168:54.000000
>i3:50368:0.016541
>i4:50368:0.022702
>i5:50368:0.020504
>vrail:50368:0.026962
>vcc:50368:4.831848
>i8:50368:0.015349
>seq:50368:85.000000
>i3:50568:0.146241
>i4:50568:0.149350
>i5:50568:0.156307
>vrail:50568:0.026962
>vcc:50568:4.831848
>i8:50568:0.146575
>seq:50568:115.000000
>i3:50768:0.019593
>i4:50768:0.030332
>i5:50768:0.026608
>vrail:50768:0.026962
>vcc:50768:4.834290
>i8:50768:0.032134
>seq:50768:146.000000
>i3:50968:-0.007873
>i4:50968:-0.012393
>i5:50968:-0.014591
>vrail:50968:0.026962
>vcc:50968:4.834290
>i8:50968:-0.012116
>seq:50968:177.000000
>i3:51168:0.047059
>i4:51168:0.056272
>i5:51168:0.051022
>vrail:51168:0.026962
>vcc:51168:4.832153
>i8:51168:0.056548
>seq:51168:207.000000
>i3:51368:0.059266
>i4:51368:0.063901
>i5:51368:0.060177
>vrail:51368:0.026962
>vcc:51368:4.832153
>i8:51368:0.070281
>seq:51368:238.000000
>i3:51568:-0.036864
>i4:51568:-0.030704
>i5:51568:-0.032902
>vrail:51568:0.027832
>vcc:51568:4.834290
>i8:51568:-0.033479
>seq:51568:12.000000
>i3:51768:-0.062804
>i4:51768:-0.055118
>i5:51768:-0.064945
>vrail:51768:0.027832
>vcc:51768:4.835510
>i8:51768:-0.065522
>seq:51768:43.000000
>i3:51968:-0.041442
>i4:51968:-0.056643
>i5:51968:-0.052738
>vrail:51968:0.027832
>vcc:51968:4.837646
>i8:51968:-0.053315
>seq:51968:73.000000
>i3:52168:-0.007873
>i4:52168:-0.004764
>i5:52168:-0.023746
>vrail:52168:0.028702
>vcc:52168:4.837646
>i8:52168:-0.012116
>seq:52168:104.000000
>i3:52368:0.111146
>i4:52368:0.108151
>i5:52368:0.110531
>vrail:52368:0.028702
>vcc:52368:4.837646
>i8:52368:0.106902
>seq:52368:135.000000
>i3:52568:-0.035338
>i4:52568:-0.033755
>i5:52568:-0.031376
>vrail:52568:0.028702
>vcc:52568:4.839172
>i8:52568:-0.031953
>seq:52568:165.000000
>i3:52768:-0.000243
>i4:52768:-0.000186
>i5:52768:0.011349
>vrail:52768:0.028702
>vcc:52768:4.836731
>i8:52768:-0.004487
>seq:52768:196.000000
>i3:52968:0.059266
>i4:52968:0.047116
>i5:52968:0.052547
>vrail:52968:0.028702
>vcc:52968:4.835205
>i8:52968:0.061126
>seq:52968:226.000000
>i3:53168:0.001283
>i4:53168:0.007443
>i5:53168:0.000668
>vrail:53168:0.029572
>vcc:53168:4.835205
>i8:53168:0.007720
>seq:53168:1.000000
>i3:53368:0.059266
>i4:53368:0.054746
>i5:53368:0.060177
>vrail:53368:0.029572
>vcc:53368:4.835205
>i8:53368:0.053496
>seq:53368:31.000000
>i3:53568:-0.097899
>i4:53568:-0.087161
>i5:53568:-0.092411
>vrail:53568:0.028702
>vcc:53568:4.835205
>i8:53568:-0.096040
>seq:53568:62.000000
>i3:53768:0.024171
>i4:53768:0.019650
>i5:53768:0.020504
>vrail:53768:0.028702
>vcc:53768:4.837646
>i8:53768:0.012298
>seq:53768:93.000000
>i3:53968:0.040956
>i4:53968:0.042539
>i5:53968:0.034237
>vrail:53968:0.028702
>vcc:53968:4.837646
>i8:53968:0.032134
>seq:53968:123.000000
>i3:54168:0.021119
>i4:54168:0.012021
>i5:54168:0.025082
>vrail:54168:0.028702
>vcc:54168:4.833984
>i8:54168:0.021453
>seq:54168:154.000000
>i3:54368:0.109620
>i4:54368:0.089841
>i5:54368:0.087643
>vrail:54368:0.028702
>vcc:54368:4.833984
>i8:54368:0.102324
>seq:54368:184.000000
>i3:54568:-0.015502
>i4:54568:-0.020022
>i5:54568:-0.006962
>vrail:54568:0.028702
>vcc:54568:4.833984
>i8:54568:-0.007539
>seq:54568:215.000000
>i3:54768:0.011964
>i4:54768:0.015073
>i5:54768:0.011349
>vrail:54768:0.028702
>vcc:54768:4.832458
>i8:54768:0.010772
>seq:54768:245.000000
>i3:54968:0.033326
>i4:54968:0.044065
>i5:54968:0.040340
>vrail:54968:0.029572
>vcc:54968:4.832458
>i8:54968:0.036712
>seq:54968:20.000000
>i3:55168:0.018067
>i4:55168:0.012021
>i5:55168:0.012875
>vrail:55168:0.029572
>vcc:55168:4.832458
>i8:55168:0.016875
>seq:55168:51.000000
>i3:55368:0.127931
>i4:55368:0.141721
>i5:55368:0.125790
>vrail:55368:0.029572
>vcc:55368:4.832458
>i8:55368:0.131316
>seq:55368:82.000000
>i3:55568:-0.004821
>i4:55568:-0.013919
>i5:55568:-0.014591
>vrail:55568:0.029572
>vcc:55568:4.832458
>i8:55568:-0.012116
>seq:55568:113.000000
>i3:55768:-0.041442
>i4:55768:-0.036807
>i5:55768:-0.037479
>vrail:55768:0.029572
>vcc:55768:4.832458
>i8:55768:-0.047212
>seq:55768:143.000000
>i3:55968:0.100465
>i4:55968:0.100522
>i5:55968:0.105953
>vrail:55968:0.029572
>vcc:55968:4.830933
>i8:55968:0.094695
>seq:55968:174.000000
>i3:56168:-0.026183
>i4:56168:-0.026126
>i5:56168:-0.025272
>vrail:56168:0.029572
>vcc:56168:4.831543
>i8:56168:-0.030427
>seq:56168:204.000000
>i3:56368:0.117249
>i4:56368:0.117307
>i5:56368:0.122738
>vrail:56368:0.030441
>vcc:56368:4.831543
>i8:56368:0.129790
>seq:56368:235.000000
>i3:56568:0.030274
>i4:56568:0.022702
>i5:56568:0.025082
>vrail:56568:0.030441
>vcc:56568:4.831543
>i8:56568:0.024505
>seq:56568:9.000000
>i3:56768:0.004334
>i4:56768:0.013547
>i5:56768:0.002193
>vrail:56768:0.030441
>vcc:56768:4.831543
>i8:56768:0.004668
>seq:56768:40.000000
>i3:56968:0.074525
>i4:56968:0.074582
>i5:56968:0.076962
>vrail:56968:0.030441
>vcc:56968:4.831543
>i8:56968:0.070281
>seq:56968:71.000000
>i3:57168:0.088258
>i4:57168:0.085263
>i5:57168:0.090694
>vrail:57168:0.030441
>vcc:57168:4.821777
>i8:57168:0.088592
>seq:57168:101.000000
>i3:57368:0.111146
>i4:57368:0.115781
>i5:57368:0.119686
>vrail:57368:0.030441
>vcc:57368:4.826355
>i8:57368:0.113006
>seq:57368:132.000000
>i3:57568:0.005860
>i4:57568:0.002866
>i5:57568:0.006771
>vrail:57568:0.030441
>vcc:57568:4.826355
>i8:57568:0.006194
>seq:57568:162.000000
>i3:57768:-0.013976
>i4:57768:-0.013919
>i5:57768:-0.005436
>vrail:57768:0.030441
>vcc:57768:4.826355
>i8:57768:-0.004487
>seq:57768:193.000000
>i3:57968:0.013490
>i4:57968:-0.003238
>i5:57968:0.002193
>vrail:57968:0.030441
>vcc:57968:4.832458
>i8:57968:0.007720
>seq:57968:223.000000
>i3:58168:0.018067
>i4:58168:0.019650
>i5:58168:0.028133
>vrail:58168:0.030441
>vcc:58168:4.832458
>i8:58168:0.022979
>seq:58168:254.000000
>i3:58368:0.005860
>i4:58368:0.007443
>i5:58368:0.011349
>vrail:58368:0.030441
>vcc:58368:4.835815
>i8:58368:0.006194
>seq:58368:29.000000
>i3:58568:0.028749
>i4:58568:0.031857
>i5:58568:0.028133
>vrail:58568:0.032181
>vcc:58568:4.837952
>i8:58568:0.029082
>seq:58568:59.000000
>i3:58768:-0.006347
>i4:58768:-0.004764
>i5:58768:-0.000858
>vrail:58768:0.031311
>vcc:58768:4.835815
>i8:58768:-0.021272
>seq:58768:90.000000
>i3:58968:0.027223
>i4:58968:0.019650
>i5:58968:0.017452
>vrail:58968:0.031311
>vcc:58968:4.833679
>i8:58968:0.016875
>seq:58968:120.000000
>i3:59168:0.059266
>i4:59168:0.056272
>i5:59168:0.060177
>vrail:59168:0.031311
>vcc:59168:4.833679
>i8:59168:0.055022
>seq:59168:151.000000
>i3:59368:-0.015502
>i4:59368:-0.026126
>i5:59368:-0.010014
>vrail:59368:0.031311
>vcc:59368:4.833679
>i8:59368:-0.025849
>seq:59368:181.000000
>i3:59568:0.010438
>i4:59568:0.004392
>i5:59568:0.005245
>vrail:59568:0.031311
>vcc:59568:4.833679
>i8:59568:0.003142
>seq:59568:212.000000
>i3:59768:-0.020080
>i4:59768:-0.029178
>i5:59768:-0.026798
>vrail:59768:0.030441
>vcc:59768:4.836731
>i8:59768:-0.021272
>seq:59768:243.000000
>i3:59968:-0.065856
>i4:59968:-0.061221
>i5:59968:-0.061893
>vrail:59968:0.030441
>vcc:59968:4.837952
>i8:59968:-0.063996
>seq:59968:18.000000
>i3:60168:0.059266
>i4:60168:0.060849
>i5:60168:0.055599
>vrail:60168:0.031311
>vcc:60168:4.837952
>i8:60168:0.065703
>seq:60168:49.000000
>i3:60368:-0.013976
>i4:60368:-0.021548
>i5:60368:-0.023746
>vrail:60368:0.031311
>vcc:60368:4.837952
>i8:60368:-0.019746
>seq:60368:79.000000
>i3:60568:0.083680
>i4:60568:0.079160
>i5:60568:0.090694
>vrail:60568:0.031311
>vcc:60568:4.837341
>i8:60568:0.080962
>seq:60568:110.000000
>i3:60768:0.008912
>i4:60768:0.001340
>i5:60768:-0.003910
>vrail:60768:0.031311
>vcc:60768:4.832153
>i8:60768:-0.001435
>seq:60768:140.000000
>i3:60968:0.005860
>i4:60968:0.007443
>i5:60968:0.008297
>vrail:60968:0.031311
>vcc:60968:4.832153
>i8:60968:0.012298
>seq:60968:171.000000
>i3:61168:0.182862
>i4:61168:0.175290
>i5:61168:0.166988
>vrail:61168:0.030441
>vcc:61168:4.832153
>i8:61168:0.184722
>seq:61168:202.000000
>i3:61368:0.016541
>i4:61368:0.010495
>i5:61368:0.011349
>vrail:61368:0.030441
>vcc:61368:4.832153
>i8:61368:0.019927
>seq:61368:233.000000
>i3:61568:0.040956
>i4:61568:0.039487
>i5:61568:0.041866
>vrail:61568:0.030441
>vcc:61568:4.830322
>i8:61568:0.047393
>seq:61568:8.000000
>i3:61768:-0.012450
>i4:61768:-0.016971
>i5:61768:-0.011539
>vrail:61768:0.030441
>vcc:61768:4.832458
>i8:61768:-0.013642
>seq:61768:38.000000
>i3:61968:0.031800
>i4:61968:0.018125
>i5:61968:0.020504
>vrail:61968:0.030441
>vcc:61968:4.829102
>i8:61968:0.019927
>seq:61968:69.000000
>i3:62168:0.100465
>i4:62168:0.109677
>i5:62168:0.110531
>vrail:62168:0.029572
>vcc:62168:4.829102
>i8:62168:0.109954
>seq:62168:99.000000
>i3:62368:0.005860
>i4:62368:0.002866
>i5:62368:0.006771
>vrail:62368:0.029572
>vcc:62368:4.829102
>i8:62368:0.003142
>seq:62368:130.000000
>i3:62568:0.045533
>i4:62568:0.045590
>i5:62568:0.037289
>vrail:62568:0.029572
>vcc:62568:4.832458
>i8:62568:0.033660
>seq:62568:160.000000
>i3:62768:-0.013976
>i4:62768:-0.007815
>i5:62768:-0.016117
>vrail:62768:0.031311
>vcc:62768:4.834900
>i8:62768:-0.009065
>seq:62768:191.000000
>i3:62968:0.039430
>i4:62968:0.027280
>i5:62968:0.041866
>vrail:62968:0.031311
>vcc:62968:4.834900
>i8:62968:0.029082
>seq:62968:222.000000
>i3:63168:0.045533
>i4:63168:0.037961
>i5:63168:0.037289
>vrail:63168:0.032181
>vcc:63168:4.834900
>i8:63168:0.042815
>seq:63168:252.000000
>i3:63368:0.042481
>i4:63368:0.039487
>i5:63368:0.038815
>vrail:63368:0.032181
>vcc:63368:4.832153
>i8:63368:0.039763
>seq:63368:27.000000
>i3:63568:0.036378
>i4:63568:0.036435
>i5:63568:0.037289
>vrail:63568:0.031311
>vcc:63568:4.832153
>i8:63568:0.038238
>seq:63568:57.000000
>i3:63768:0.015016
>i4:63768:0.004392
>i5:63768:0.003719
>vrail:63768:0.030441
>vcc:63768:4.832153
>i8:63768:0.007720
>seq:63768:88.000000
>i3:63968:0.074525
>i4:63968:0.071530
>i5:63968:0.073910
>vrail:63968:0.030441
>vcc:63968:4.832153
>i8:63968:0.071807
>seq:63968:118.000000
>i3:64168:-0.012450
>i4:64168:-0.015445
>i5:64168:-0.016117
>vrail:64168:0.030441
>vcc:64168:4.832153
>i8:64168:-0.012116
>seq:64168:149.000000
>i3:64368:0.037904
>i4:64368:0.042539
>i5:64368:0.041866
>vrail:64368:0.030441
>vcc:64368:4.833069
>i8:64368:0.029082
>seq:64368:180.000000
>i3:64568:-0.009398
>i4:64568:-0.006289
>i5:64568:-0.005436
>vrail:64568:0.033051
>vcc:64568:4.836731
>i8:64568:-0.007539
>seq:64568:211.000000
>i3:64768:-0.027709
>i4:64768:-0.027652
>i5:64768:-0.020695
>vrail:64768:0.033051
>vcc:64768:4.837952
>i8:64768:-0.022798
>seq:64768:242.000000
>i3:64968:0.048585
>i4:64968:0.044065
>i5:64968:0.049496
>vrail:64968:0.033051
>vcc:64968:4.837952
>i8:64968:0.044341
>seq:64968:16.000000
>i3:65168:0.040956
>i4:65168:0.041013
>i5:65168:0.041866
>vrail:65168:0.032181
>vcc:65168:4.836731
>i8:65168:0.051970
>seq:65168:47.000000
>i3:65368:-0.007873
>i4:65368:-0.004764
>i5:65368:-0.014591
>vrail:65368:0.032181
>vcc:65368:4.832153
>i8:65368:-0.006013
>seq:65368:77.000000
>i3:65568:-0.006347
>i4:65568:-0.013919
>i5:65568:-0.011539
>vrail:65568:0.030441
>vcc:65568:4.831543
>i8:65568:-0.002961
>seq:65568:108.000000
>i3:65768:0.050111
>i4:65768:0.065427
>i5:65768:0.061703
>vrail:65768:0.029572
>vcc:65768:4.828491
>i8:65768:0.051970
>seq:65768:139.000000
>i3:65968:0.109620
>i4:65968:0.109677
>i5:65968:0.116634
>vrail:65968:0.029572
>vcc:65968:4.828491
>i8:65968:0.111480
>seq:65968:170.000000
>i3:66168:-0.021605
>i4:66168:-0.018497
>i5:66168:-0.022221
>vrail:66168:0.029572
>vcc:66168:4.828491
>i8:66168:-0.015168
>seq:66168:201.000000
>i3:66368:0.011964
>i4:66368:0.010495
>i5:66368:0.003719
>vrail:66368:0.029572
>vcc:66368:4.828491
>i8:66368:0.010772
>seq:66368:231.000000
>i3:66568:0.005860
>i4:66568:0.010495
>i5:66568:0.006771
>vrail:66568:0.029572
>vcc:66568:4.833069
>i8:66568:0.010772
>seq:66568:6.000000
>i3:66768:-0.007873
>i4:66768:-0.009341
>i5:66768:-0.019169
>vrail:66768:0.029572
>vcc:66768:4.833374
>i8:66768:-0.002961
>seq:66768:36.000000
>i3:66968:0.123353
>i4:66968:0.121884
>i5:66968:0.127316
>vrail:66968:0.029572
>vcc:66968:4.833374
>i8:66968:0.129790
>seq:66968:67.000000
>i3:67168:0.108094
>i4:67168:0.117307
>i5:67168:0.110531
>vrail:67168:0.029572
>vcc:67168:4.833069
>i8:67168:0.105376
>seq:67168:97.000000
>i3:67368:-0.004821
>i4:67368:-0.009341
>i5:67368:-0.011539
>vrail:67368:0.029572
>vcc:67368:4.833069
>i8:67368:-0.012116
>seq:67368:128.000000
>i3:67568:0.044007
>i4:67568:0.039487
>i5:67568:0.040340
>vrail:67568:0.029572
>vcc:67568:4.827881
>i8:67568:0.053496
>seq:67568:159.000000
>i3:67768:0.022645
>i4:67768:0.012021
>i5:67768:0.015926
>vrail:67768:0.029572
>vcc:67768:4.823303
>i8:67768:0.012298
>seq:67768:189.000000
>i3:67968:0.156922
>i4:67968:0.153928
>i5:67968:0.156307
>vrail:67968:0.029572
>vcc:67968:4.823303
>i8:67968:0.161834
>seq:67968:220.000000
>i3:68168:0.013490
>i4:68168:0.016599
>i5:68168:0.015926
>vrail:68168:0.029572
>vcc:68168:4.827881
>i8:68168:0.019927
>seq:68168:250.000000
>i3:68368:0.002809
>i4:68368:-0.006289
>i5:68368:-0.008488
>vrail:68368:0.029572
>vcc:68368:4.827881
>i8:68368:-0.004487
>seq:68368:25.000000
>i3:68568:-0.026183
>i4:68568:-0.029178
>i5:68568:-0.025272
>vrail:68568:0.029572
>vcc:68568:4.830017
>i8:68568:-0.016694
>seq:68568:55.000000
>i3:68768:-0.026183
>i4:68768:-0.029178
>i5:68768:-0.019169
>vrail:68768:0.030441
>vcc:68768:4.832764
>i8:68768:-0.028901
>seq:68768:86.000000
>i3:68968:0.109620
>i4:68968:0.109677
>i5:68968:0.113583
>vrail:68968:0.031311
>vcc:68968:4.832764
>i8:68968:0.119109
>seq:68968:117.000000
>i3:69168:0.004334
>i4:69168:0.018125
>i5:69168:0.017452
>vrail:69168:0.033051
>vcc:69168:4.835205
>i8:69168:0.003142
>seq:69168:147.000000
>i3:69368:0.019593
>i4:69368:0.022702
>i5:69368:0.014400
>vrail:69368:0.033051
>vcc:69368:4.835205
>i8:69368:0.021453
>seq:69368:178.000000
>i3:69568:-0.006347
>i4:69568:-0.012393
>i5:69568:-0.008488
>vrail:69568:0.033051
>vcc:69568:4.833374
>i8:69568:-0.009065
>seq:69568:208.000000
>i3:69768:0.051637
>i4:69768:0.054746
>i5:69768:0.054073
>vrail:69768:0.033051
>vcc:69768:4.832153
>i8:69768:0.051970
>seq:69768:239.000000
>i3:69968:0.044007
>i4:69968:0.041013
>i5:69968:0.038815
>vrail:69968:0.033051
>vcc:69968:4.827271
>i8:69968:0.042815
>seq:69968:13.000000
>i3:70168:0.030274
>i4:70168:0.021176
>i5:70168:0.034237
>vrail:70168:0.033051
>vcc:70168:4.827271
>i8:70168:0.029082
>seq:70168:44.000000
>i3:70368:-0.027709
>i4:70368:-0.024600
>i5:70368:-0.025272
>vrail:70368:0.033051
>vcc:70368:4.827271
>i8:70368:-0.024323
>seq:70368:75.000000
>i3:70568:0.018067
>i4:70568:0.016599
>i5:70568:0.025082
>vrail:70568:0.033051
>vcc:70568:4.830627
>i8:70568:0.019927
>seq:70568:106.000000
>i3:70768:0.074525
>i4:70768:0.070004
>i5:70768:0.073910
>vrail:70768:0.033051
>vcc:70768:4.830627
>i8:70768:0.074859
>seq:70768:137.000000
>i3:70968:0.013490
>i4:70968:0.016599
>i5:70968:0.008297
>vrail:70968:0.033920
>vcc:70968:4.830933
>i8:70968:0.018401
>seq:70968:167.000000
>i3:71168:0.007386
>i4:71168:-0.004764
>i5:71168:0.002193
>vrail:71168:0.033051
>vcc:71168:4.835510
>i8:71168:-0.009065
>seq:71168:198.000000
>i3:71368:0.042481
>i4:71368:0.036435
>i5:71368:0.041866
>vrail:71368:0.032181
>vcc:71368:4.832764
>i8:71368:0.038238
>seq:71368:228.000000
>i3:71568:0.007386
>i4:71568:0.007443
>i5:71568:-0.000858
>vrail:71568:0.032181
>vcc:71568:4.832764
>i8:71568:-0.002961
>seq:71568:3.000000
>i3:71768:0.057740
>i4:71768:0.057797
>i5:71768:0.060177
>vrail:71768:0.031311
>vcc:71768:4.832764
>i8:71768:0.051970
>seq:71768:33.000000
>i3:71968:0.011964
>i4:71968:0.013547
>i5:71968:0.008297
>vrail:71968:0.031311
>vcc:71968:4.830017
>i8:71968:0.015349
>seq:71968:64.000000
>i3:72168:0.036378
>i4:72168:0.034909
>i5:72168:0.038815
>vrail:72168:0.031311
>vcc:72168:4.829712
>i8:72168:0.038238
>seq:72168:95.000000
>i3:72368:0.065370
>i4:72368:0.070004
>i5:72368:0.066280
>vrail:72368:0.031311
>vcc:72368:4.829712
>i8:72368:0.067229
>seq:72368:125.000000
>i3:72568:-0.000243
>i4:72568:-0.007815
>i5:72568:-0.010014
>vrail:72568:0.031311
>vcc:72568:4.827576
>i8:72568:-0.016694
>seq:72568:156.000000
>i3:72768:0.094361
>i4:72768:0.089841
>i5:72768:0.098324
>vrail:72768:0.031311
>vcc:72768:4.827576
>i8:72768:0.093169
>seq:72768:186.000000
>i3:72968:-0.021605
>i4:72968:-0.015445
>i5:72968:-0.028324
>vrail:72968:0.031311
>vcc:72968:4.827576
>i8:72968:-0.025849
>seq:72968:217.000000
>i3:73168:-0.042968
>i4:73168:-0.033755
>i5:73168:-0.043583
>vrail:73168:0.031311
>vcc:73168:4.827576
>i8:73168:-0.038056
>seq:73168:247.000000
>i3:73368:-0.039916
>i4:73368:-0.044436
>i5:73368:-0.043583
>vrail:73368:0.031311
>vcc:73368:4.835205
>i8:73368:-0.039582
>seq:73368:22.000000
>i3:73568:0.005860
>i4:73568:0.008969
>i5:73568:0.003719
>vrail:73568:0.031311
>vcc:73568:4.835205
>i8:73568:0.006194
>seq:73568:53.000000
>i3:73768:0.178285
>i4:73768:0.172238
>i5:73768:0.174618
>vrail:73768:0.033051
>vcc:73768:4.835205
>i8:73768:0.184722
>seq:73768:83.000000
>i3:73968:0.039430
>i4:73968:0.036435
>i5:73968:0.041866
>vrail:73968:0.033051
>vcc:73968:4.830322
>i8:73968:0.035186
>seq:73968:114.000000
>i3:74168:0.021119
>i4:74168:0.028806
>i5:74168:0.005245
>vrail:74168:0.033051
>vcc:74168:4.828796
>i8:74168:0.022979
>seq:74168:144.000000
>i3:74368:0.002809
>i4:74368:0.010495
>i5:74368:0.009823
>vrail:74368:0.033051
>vcc:74368:4.828796
>i8:74368:0.007720
>seq:74368:175.000000
>i3:74568:0.057740
>i4:74568:0.056272
>i5:74568:0.047970
>vrail:74568:0.033051
>vcc:74568:4.828186
>i8:74568:0.058074
>seq:74568:205.000000
>i3:74768:0.127931
>i4:74768:0.121884
>i5:74768:0.122738
>vrail:74768:0.030441
>vcc:74768:4.830322
>i8:74768:0.137420
>seq:74768:236.000000
>i3:74968:-0.009398
>i4:74968:-0.010867
>i5:74968:-0.020695
>vrail:74968:0.030441
>vcc:74968:4.830627
>i8:74968:-0.010591
>seq:74968:11.000000
>i3:75168:0.013490
>i4:75168:0.007443
>i5:75168:0.015926
>vrail:75168:0.030441
>vcc:75168:4.831848
>i8:75168:0.009246
>seq:75168:41.000000

===BURST_CSV_BEGIN===
# fastburst: 2048 frames @ 100.00 kSPS native (measured), 0 seq-gaps, 0 bad-hdr; us = idx x 10.000 us
us,seq,i3,i4,i5,vrail,vcc,i8
0.0,116,-0.0475,-0.0551,-0.0527,0.0296,4.8380,-0.0472
10.0,117,-0.0521,-0.0521,-0.0497,0.0287,4.8380,-0.0503
20.0,118,-0.0552,-0.0566,-0.0497,0.0287,4.8383,-0.0533
30.0,119,-0.0598,-0.0505,-0.0512,0.0296,4.8383,-0.0548
40.0,120,-0.0567,-0.0429,-0.0451,0.0287,4.8383,-0.0518
50.0,121,-0.0506,-0.0399,-0.0451,0.0296,4.8389,-0.0472
60.0,122,-0.0552,-0.0444,-0.0527,0.0296,4.8389,-0.0518
70.0,123,-0.0552,-0.0475,-0.0543,0.0304,4.8389,-0.0609
80.0,124,-0.0552,-0.0475,-0.0512,0.0296,4.8389,-0.0655
90.0,125,-0.0506,-0.0429,-0.0482,0.0287,4.8389,-0.0640
100.0,126,-0.0445,-0.0414,-0.0466,0.0296,4.8392,-0.0579
110.0,127,-0.0491,-0.0429,-0.0466,0.0287,4.8395,-0.0533
120.0,128,-0.0506,-0.0414,-0.0497,0.0304,4.8392,-0.0533
130.0,129,-0.0491,-0.0429,-0.0466,0.0296,4.8395,-0.0548
140.0,130,-0.0506,-0.0429,-0.0466,0.0304,4.8398,-0.0518
150.0,131,-0.0491,-0.0414,-0.0497,0.0296,4.8398,-0.0503
160.0,132,-0.0552,-0.0399,-0.0466,0.0304,4.8395,-0.0487
170.0,133,-0.0582,-0.0460,-0.0512,0.0287,4.8395,-0.0472
180.0,134,-0.0552,-0.0475,-0.0497,0.0304,4.8395,-0.0548
190.0,135,-0.0552,-0.0475,-0.0497,0.0296,4.8398,-0.0533
200.0,136,-0.0491,-0.0505,-0.0497,0.0296,4.8398,-0.0457
210.0,137,-0.0475,-0.0475,-0.0512,0.0296,4.8398,-0.0457
220.0,138,-0.0506,-0.0460,-0.0573,0.0296,4.8401,-0.0472
230.0,139,-0.0506,-0.0475,-0.0604,0.0304,4.8401,-0.0442
240.0,140,-0.0475,-0.0505,-0.0573,0.0296,4.8404,-0.0457
250.0,141,-0.0460,-0.0460,-0.0512,0.0296,4.8404,-0.0396
260.0,142,-0.0445,-0.0399,-0.0466,0.0304,4.8407,-0.0365
270.0,143,-0.0430,-0.0414,-0.0436,0.0304,4.8404,-0.0350
280.0,144,-0.0414,-0.0414,-0.0360,0.0296,4.8401,-0.0350
290.0,145,-0.0353,-0.0460,-0.0299,0.0287,4.8404,-0.0381
300.0,146,-0.0308,-0.0475,-0.0329,0.0296,4.8401,-0.0381
310.0,147,-0.0308,-0.0460,-0.0451,0.0296,4.8401,-0.0365
320.0,148,-0.0308,-0.0444,-0.0482,0.0296,4.8401,-0.0381
330.0,149,-0.0353,-0.0490,-0.0466,0.0296,4.8401,-0.0350
340.0,150,-0.0414,-0.0399,-0.0390,0.0304,4.8407,-0.0304
350.0,151,-0.0460,-0.0353,-0.0344,0.0296,4.8404,-0.0335
360.0,152,-0.0445,-0.0307,-0.0344,0.0296,4.8401,-0.0396
370.0,153,-0.0414,-0.0292,-0.0314,0.0304,4.8404,-0.0335
380.0,154,-0.0384,-0.0277,-0.0283,0.0304,4.8407,-0.0350
390.0,155,-0.0353,-0.0322,-0.0314,0.0296,4.8407,-0.0381
400.0,156,-0.0369,-0.0368,-0.0314,0.0296,4.8401,-0.0396
410.0,157,-0.0353,-0.0383,-0.0360,0.0296,4.8404,-0.0381
420.0,158,-0.0353,-0.0414,-0.0390,0.0296,4.8407,-0.0365
430.0,159,-0.0353,-0.0399,-0.0421,0.0287,4.8404,-0.0350
440.0,160,-0.0353,-0.0399,-0.0344,0.0304,4.8401,-0.0365
450.0,161,-0.0384,-0.0399,-0.0344,0.0304,4.8404,-0.0335
460.0,162,-0.0384,-0.0429,-0.0390,0.0304,4.8401,-0.0304
470.0,163,-0.0399,-0.0444,-0.0421,0.0313,4.8404,-0.0304
480.0,164,-0.0430,-0.0399,-0.0436,0.0296,4.8404,-0.0350
490.0,165,-0.0491,-0.0322,-0.0421,0.0287,4.8404,-0.0426
500.0,166,-0.0460,-0.0353,-0.0375,0.0313,4.8404,-0.0396
510.0,167,-0.0430,-0.0383,-0.0390,0.0304,4.8407,-0.0381
520.0,168,-0.0384,-0.0399,-0.0360,0.0296,4.8404,-0.0411
530.0,169,-0.0399,-0.0414,-0.0329,0.0304,4.8404,-0.0396
540.0,170,-0.0353,-0.0429,-0.0314,0.0296,4.8401,-0.0396
550.0,171,-0.0353,-0.0475,-0.0268,0.0304,4.8401,-0.0365
560.0,172,-0.0308,-0.0429,-0.0253,0.0304,4.8407,-0.0335
570.0,173,-0.0262,-0.0383,-0.0253,0.0313,4.8407,-0.0320
580.0,174,-0.0247,-0.0338,-0.0299,0.0313,4.8404,-0.0289
590.0,175,-0.0308,-0.0322,-0.0314,0.0304,4.8404,-0.0274
600.0,176,-0.0308,-0.0277,-0.0299,0.0304,4.8401,-0.0304
610.0,177,-0.0231,-0.0231,-0.0237,0.0304,4.8398,-0.0258
620.0,178,-0.0216,-0.0139,-0.0192,0.0287,4.8398,-0.0197
630.0,179,-0.0201,-0.0124,-0.0176,0.0296,4.8395,-0.0106
640.0,180,-0.0140,-0.0109,-0.0222,0.0304,4.8395,-0.0014
650.0,181,-0.0125,-0.0078,-0.0207,0.0313,4.8395,-0.0014
660.0,182,-0.0063,-0.0032,-0.0115,0.0304,4.8395,0.0047
670.0,183,0.0013,-0.0048,-0.0039,0.0304,4.8395,0.0062
680.0,184,0.0043,-0.0032,-0.0009,0.0296,4.8398,0.0062
690.0,185,0.0013,-0.0002,-0.0009,0.0304,4.8392,0.0031
700.0,186,-0.0033,0.0074,0.0037,0.0304,4.8389,0.0001
710.0,187,-0.0018,0.0105,0.0052,0.0304,4.8386,0.0031
720.0,188,-0.0002,0.0074,0.0083,0.0304,4.8389,0.0031
730.0,189,0.0043,0.0059,0.0083,0.0304,4.8386,0.0077
740.0,190,0.0089,0.0090,0.0052,0.0304,4.8383,0.0092
750.0,191,0.0104,0.0044,0.0037,0.0304,4.8380,0.0062
760.0,192,0.0059,0.0013,0.0022,0.0313,4.8380,0.0062
770.0,193,0.0074,0.0044,0.0007,0.0313,4.8380,0.0077
780.0,194,0.0059,0.0059,-0.0009,0.0304,4.8380,0.0092
790.0,195,0.0089,0.0059,-0.0054,0.0296,4.8373,0.0062
800.0,196,0.0043,0.0090,-0.0024,0.0313,4.8373,0.0016
810.0,197,0.0059,0.0090,0.0022,0.0322,4.8373,0.0001
820.0,198,0.0043,0.0166,0.0098,0.0304,4.8370,0.0047
830.0,199,0.0074,0.0166,0.0159,0.0304,4.8370,0.0092
840.0,200,0.0120,0.0120,0.0175,0.0304,4.8367,0.0123
850.0,201,0.0196,0.0135,0.0159,0.0304,4.8367,0.0123
860.0,202,0.0242,0.0212,0.0159,0.0313,4.8367,0.0199
870.0,203,0.0226,0.0151,0.0205,0.0304,4.8361,0.0199
880.0,204,0.0181,0.0135,0.0144,0.0304,4.8358,0.0153
890.0,205,0.0135,0.0105,0.0113,0.0304,4.8358,0.0153
900.0,206,0.0120,0.0120,0.0113,0.0304,4.8361,0.0138
910.0,207,0.0135,0.0135,0.0129,0.0296,4.8358,0.0123
920.0,208,0.0135,0.0151,0.0098,0.0304,4.8355,0.0108
930.0,209,0.0120,0.0135,0.0113,0.0313,4.8352,0.0123
940.0,210,0.0135,0.0135,0.0159,0.0304,4.8349,0.0138
950.0,211,0.0165,0.0105,0.0175,0.0304,4.8349,0.0138
960.0,212,0.0150,0.0135,0.0175,0.0304,4.8352,0.0108
970.0,213,0.0211,0.0105,0.0175,0.0304,4.8346,0.0138
980.0,214,0.0226,0.0105,0.0159,0.0296,4.8343,0.0184
990.0,215,0.0211,0.0135,0.0175,0.0296,4.8343,0.0169
1000.0,216,0.0196,0.0135,0.0159,0.0304,4.8349,0.0123
1010.0,217,0.0150,0.0105,0.0052,0.0304,4.8346,0.0108
1020.0,218,0.0135,0.0090,0.0052,0.0304,4.8340,0.0138
1030.0,219,0.0104,0.0074,0.0068,0.0296,4.8340,0.0123
1040.0,220,0.0043,0.0029,0.0052,0.0304,4.8346,0.0062
1050.0,221,-0.0002,-0.0017,-0.0009,0.0296,4.8343,-0.0014
1060.0,222,-0.0079,-0.0048,-0.0070,0.0296,4.8343,-0.0030
1070.0,223,-0.0094,-0.0063,-0.0115,0.0304,4.8340,-0.0091
1080.0,224,-0.0125,-0.0078,-0.0207,0.0304,4.8343,-0.0121
1090.0,225,-0.0170,-0.0139,-0.0253,0.0304,4.8349,-0.0182
1100.0,226,-0.0231,-0.0185,-0.0237,0.0304,4.8346,-0.0228
1110.0,227,-0.0231,-0.0215,-0.0344,0.0304,4.8346,-0.0274
1120.0,228,-0.0277,-0.0338,-0.0390,0.0304,4.8349,-0.0350
1130.0,229,-0.0384,-0.0383,-0.0466,0.0304,4.8349,-0.0396
1140.0,230,-0.0430,-0.0429,-0.0466,0.0304,4.8352,-0.0426
1150.0,231,-0.0491,-0.0505,-0.0482,0.0296,4.8355,-0.0411
1160.0,232,-0.0521,-0.0505,-0.0482,0.0304,4.8355,-0.0457
1170.0,233,-0.0491,-0.0505,-0.0512,0.0313,4.8355,-0.0533
1180.0,234,-0.0506,-0.0536,-0.0527,0.0304,4.8358,-0.0579
1190.0,235,-0.0567,-0.0597,-0.0558,0.0313,4.8361,-0.0594
1200.0,236,-0.0598,-0.0627,-0.0604,0.0304,4.8361,-0.0579
1210.0,237,-0.0598,-0.0612,-0.0573,0.0296,4.8367,-0.0594
1220.0,238,-0.0628,-0.0551,-0.0619,0.0304,4.8367,-0.0625
1230.0,239,-0.0643,-0.0536,-0.0619,0.0304,4.8367,-0.0625
1240.0,240,-0.0674,-0.0551,-0.0649,0.0304,4.8370,-0.0625
1250.0,241,-0.0613,-0.0689,-0.0741,0.0304,4.8370,-0.0640
1260.0,242,-0.0643,-0.0704,-0.0710,0.0304,4.8376,-0.0625
1270.0,243,-0.0613,-0.0750,-0.0649,0.0304,4.8380,-0.0670
1280.0,244,-0.0613,-0.0719,-0.0604,0.0304,4.8380,-0.0609
1290.0,245,-0.0582,-0.0597,-0.0665,0.0304,4.8383,-0.0594
1300.0,246,-0.0598,-0.0566,-0.0665,0.0304,4.8383,-0.0594
1310.0,247,-0.0567,-0.0612,-0.0695,0.0296,4.8389,-0.0640
1320.0,248,-0.0567,-0.0627,-0.0680,0.0304,4.8389,-0.0655
1330.0,249,-0.0582,-0.0658,-0.0634,0.0304,4.8392,-0.0670
1340.0,250,-0.0628,-0.0643,-0.0634,0.0304,4.8389,-0.0640
1350.0,251,-0.0659,-0.0627,-0.0649,0.0304,4.8389,-0.0625
1360.0,252,-0.0628,-0.0627,-0.0649,0.0313,4.8395,-0.0655
1370.0,253,-0.0598,-0.0627,-0.0619,0.0313,4.8395,-0.0640
1380.0,254,-0.0491,-0.0612,-0.0573,0.0296,4.8401,-0.0625
1390.0,255,-0.0445,-0.0627,-0.0512,0.0304,4.8398,-0.0579
1400.0,0,-0.0475,-0.0612,-0.0451,0.0304,4.8398,-0.0564
1410.0,1,-0.0475,-0.0551,-0.0451,0.0296,4.8404,-0.0472
1420.0,2,-0.0445,-0.0505,-0.0421,0.0304,4.8401,-0.0472
1430.0,3,-0.0430,-0.0505,-0.0466,0.0313,4.8398,-0.0487
1440.0,4,-0.0414,-0.0444,-0.0527,0.0304,4.8401,-0.0472
1450.0,5,-0.0414,-0.0368,-0.0421,0.0304,4.8401,-0.0396
1460.0,6,-0.0414,-0.0307,-0.0360,0.0304,4.8404,-0.0320
1470.0,7,-0.0430,-0.0292,-0.0299,0.0304,4.8404,-0.0335
1480.0,8,-0.0430,-0.0322,-0.0375,0.0322,4.8404,-0.0335
1490.0,9,-0.0399,-0.0383,-0.0390,0.0304,4.8404,-0.0411
1500.0,10,-0.0384,-0.0414,-0.0405,0.0313,4.8404,-0.0381
1510.0,11,-0.0399,-0.0383,-0.0360,0.0304,4.8404,-0.0320
1520.0,12,-0.0369,-0.0353,-0.0329,0.0313,4.8401,-0.0243
1530.0,13,-0.0308,-0.0338,-0.0329,0.0313,4.8401,-0.0228
1540.0,14,-0.0308,-0.0307,-0.0283,0.0304,4.8404,-0.0274
1550.0,15,-0.0277,-0.0277,-0.0192,0.0313,4.8398,-0.0228
1560.0,16,-0.0231,-0.0277,-0.0192,0.0304,4.8398,-0.0182
1570.0,17,-0.0216,-0.0246,-0.0192,0.0313,4.8401,-0.0197
1580.0,18,-0.0140,-0.0231,-0.0207,0.0304,4.8401,-0.0243
1590.0,19,-0.0094,-0.0185,-0.0192,0.0304,4.8395,-0.0213
1600.0,20,-0.0079,-0.0109,-0.0146,0.0304,4.8395,-0.0167
1610.0,21,-0.0063,-0.0093,-0.0085,0.0304,4.8392,-0.0152
1620.0,22,-0.0063,-0.0093,-0.0070,0.0304,4.8392,-0.0121
1630.0,23,-0.0033,-0.0124,-0.0100,0.0313,4.8392,-0.0136
1640.0,24,-0.0033,-0.0093,-0.0115,0.0313,4.8389,-0.0121
1650.0,25,-0.0002,-0.0048,-0.0115,0.0304,4.8389,-0.0106
1660.0,26,-0.0018,-0.0063,-0.0131,0.0313,4.8392,-0.0136
1670.0,27,-0.0002,-0.0093,-0.0115,0.0322,4.8389,-0.0121
1680.0,28,0.0013,-0.0048,-0.0024,0.0304,4.8392,-0.0030
1690.0,29,0.0043,-0.0063,0.0022,0.0313,4.8386,0.0062
1700.0,30,0.0059,-0.0017,0.0052,0.0313,4.8383,0.0153
1710.0,31,0.0074,0.0013,0.0068,0.0322,4.8380,0.0169
1720.0,32,0.0043,0.0044,0.0022,0.0304,4.8383,0.0153
1730.0,33,0.0059,0.0029,-0.0024,0.0296,4.8383,0.0138
1740.0,34,-0.0002,0.0013,0.0007,0.0313,4.8373,0.0047
1750.0,35,-0.0079,-0.0017,0.0007,0.0304,4.8373,0.0016
1760.0,36,-0.0125,-0.0048,-0.0024,0.0322,4.8380,-0.0060
1770.0,37,-0.0079,-0.0093,-0.0039,0.0313,4.8380,-0.0091
1780.0,38,-0.0063,-0.0170,-0.0085,0.0304,4.8380,-0.0152
1790.0,39,-0.0079,-0.0215,-0.0100,0.0313,4.8376,-0.0167
1800.0,40,-0.0125,-0.0200,-0.0192,0.0304,4.8373,-0.0152
1810.0,41,-0.0231,-0.0154,-0.0176,0.0313,4.8376,-0.0152
1820.0,42,-0.0247,-0.0139,-0.0192,0.0313,4.8380,-0.0167
1830.0,43,-0.0247,-0.0231,-0.0222,0.0313,4.8373,-0.0213
1840.0,44,-0.0292,-0.0338,-0.0268,0.0304,4.8376,-0.0320
1850.0,45,-0.0292,-0.0383,-0.0283,0.0313,4.8376,-0.0335
1860.0,46,-0.0308,-0.0414,-0.0314,0.0296,4.8380,-0.0365
1870.0,47,-0.0277,-0.0429,-0.0375,0.0313,4.8380,-0.0335
1880.0,48,-0.0369,-0.0444,-0.0451,0.0313,4.8380,-0.0350
1890.0,49,-0.0445,-0.0490,-0.0497,0.0304,4.8376,-0.0411
1900.0,50,-0.0491,-0.0490,-0.0497,0.0304,4.8380,-0.0472
1910.0,51,-0.0491,-0.0551,-0.0558,0.0304,4.8380,-0.0533
1920.0,52,-0.0536,-0.0521,-0.0543,0.0313,4.8383,-0.0548
1930.0,53,-0.0521,-0.0475,-0.0558,0.0304,4.8386,-0.0564
1940.0,54,-0.0506,-0.0490,-0.0543,0.0304,4.8386,-0.0533
1950.0,55,-0.0460,-0.0460,-0.0558,0.0313,4.8389,-0.0503
1960.0,56,-0.0430,-0.0414,-0.0527,0.0304,4.8389,-0.0487
1970.0,57,-0.0445,-0.0399,-0.0543,0.0304,4.8392,-0.0487
1980.0,58,-0.0445,-0.0383,-0.0512,0.0304,4.8392,-0.0472
1990.0,59,-0.0414,-0.0383,-0.0497,0.0313,4.8389,-0.0396
2000.0,60,-0.0430,-0.0414,-0.0436,0.0304,4.8395,-0.0426
2010.0,61,-0.0445,-0.0399,-0.0375,0.0296,4.8395,-0.0396
2020.0,62,-0.0491,-0.0429,-0.0390,0.0313,4.8395,-0.0396
2030.0,63,-0.0521,-0.0444,-0.0482,0.0304,4.8395,-0.0426
2040.0,64,-0.0536,-0.0444,-0.0527,0.0313,4.8395,-0.0411
2050.0,65,-0.0536,-0.0460,-0.0543,0.0304,4.8401,-0.0396
2060.0,66,-0.0475,-0.0414,-0.0512,0.0313,4.8395,-0.0411
2070.0,67,-0.0414,-0.0368,-0.0482,0.0331,4.8398,-0.0365
2080.0,68,-0.0369,-0.0338,-0.0451,0.0304,4.8395,-0.0411
2090.0,69,-0.0353,-0.0353,-0.0436,0.0313,4.8398,-0.0411
2100.0,70,-0.0384,-0.0368,-0.0421,0.0313,4.8395,-0.0335
2110.0,71,-0.0369,-0.0292,-0.0314,0.0313,4.8395,-0.0258
2120.0,72,-0.0369,-0.0215,-0.0283,0.0313,4.8395,-0.0228
2130.0,73,-0.0292,-0.0170,-0.0283,0.0322,4.8395,-0.0243
2140.0,74,-0.0247,-0.0231,-0.0268,0.0313,4.8398,-0.0228
2150.0,75,-0.0216,-0.0261,-0.0237,0.0322,4.8395,-0.0197
2160.0,76,-0.0262,-0.0261,-0.0207,0.0304,4.8395,-0.0182
2170.0,77,-0.0247,-0.0185,-0.0146,0.0304,4.8395,-0.0167
2180.0,78,-0.0140,-0.0139,-0.0161,0.0304,4.8392,-0.0136
2190.0,79,-0.0094,-0.0154,-0.0161,0.0322,4.8395,-0.0060
2200.0,80,-0.0125,-0.0170,-0.0115,0.0313,4.8392,-0.0014
2210.0,81,-0.0186,-0.0170,-0.0054,0.0304,4.8392,-0.0106
2220.0,82,-0.0170,-0.0109,-0.0039,0.0322,4.8389,-0.0167
2230.0,83,-0.0155,-0.0109,-0.0085,0.0322,4.8389,-0.0213
2240.0,84,-0.0109,-0.0139,-0.0131,0.0322,4.8389,-0.0228
2250.0,85,-0.0094,-0.0154,-0.0161,0.0322,4.8386,-0.0228
2260.0,86,-0.0109,-0.0154,-0.0131,0.0322,4.8383,-0.0182
2270.0,87,-0.0125,-0.0124,-0.0131,0.0322,4.8386,-0.0091
2280.0,88,-0.0063,-0.0124,-0.0161,0.0322,4.8386,-0.0045
2290.0,89,-0.0018,-0.0002,-0.0085,0.0304,4.8380,-0.0045
2300.0,90,-0.0033,0.0044,-0.0039,0.0313,4.8383,-0.0060
2310.0,91,-0.0018,-0.0002,-0.0039,0.0313,4.8380,0.0001
2320.0,92,-0.0048,-0.0017,-0.0039,0.0313,4.8376,-0.0045
2330.0,93,-0.0079,-0.0017,0.0037,0.0322,4.8380,0.0001
2340.0,94,-0.0033,0.0013,0.0052,0.0304,4.8376,0.0016
2350.0,95,-0.0018,-0.0032,0.0037,0.0304,4.8373,0.0047
2360.0,96,-0.0048,-0.0032,-0.0009,0.0313,4.8373,0.0047
2370.0,97,-0.0063,-0.0048,0.0037,0.0313,4.8373,0.0047
2380.0,98,-0.0079,-0.0093,0.0037,0.0313,4.8373,0.0031
2390.0,99,-0.0109,-0.0109,0.0037,0.0313,4.8370,-0.0030
2400.0,100,-0.0125,-0.0154,0.0007,0.0313,4.8370,-0.0075
2410.0,101,-0.0140,-0.0124,-0.0039,0.0313,4.8370,-0.0091
2420.0,102,-0.0125,-0.0139,-0.0115,0.0304,4.8370,-0.0152
2430.0,103,-0.0155,-0.0170,-0.0146,0.0313,4.8370,-0.0121
2440.0,104,-0.0109,-0.0231,-0.0253,0.0313,4.8373,-0.0152
2450.0,105,-0.0140,-0.0246,-0.0329,0.0313,4.8373,-0.0213
2460.0,106,-0.0186,-0.0277,-0.0329,0.0313,4.8370,-0.0320
2470.0,107,-0.0277,-0.0338,-0.0375,0.0304,4.8373,-0.0320
2480.0,108,-0.0353,-0.0383,-0.0375,0.0296,4.8373,-0.0335
2490.0,109,-0.0430,-0.0399,-0.0360,0.0313,4.8376,-0.0396
2500.0,110,-0.0445,-0.0460,-0.0390,0.0304,4.8380,-0.0442
2510.0,111,-0.0491,-0.0521,-0.0466,0.0313,4.8380,-0.0533
2520.0,112,-0.0521,-0.0566,-0.0558,0.0304,4.8386,-0.0594
2530.0,113,-0.0582,-0.0566,-0.0588,0.0296,4.8376,-0.0579
2540.0,114,-0.0659,-0.0566,-0.0573,0.0304,4.8383,-0.0640
2550.0,115,-0.0628,-0.0582,-0.0588,0.0322,4.8386,-0.0640
2560.0,116,-0.0628,-0.0658,-0.0649,0.0304,4.8389,-0.0609
2570.0,117,-0.0598,-0.0689,-0.0665,0.0313,4.8392,-0.0609
2580.0,118,-0.0659,-0.0780,-0.0665,0.0322,4.8395,-0.0670
2590.0,119,-0.0689,-0.0795,-0.0726,0.0313,4.8395,-0.0701
2600.0,120,-0.0750,-0.0780,-0.0741,0.0304,4.8398,-0.0808
2610.0,121,-0.0796,-0.0750,-0.0772,0.0322,4.8395,-0.0869
2620.0,122,-0.0811,-0.0719,-0.0817,0.0313,4.8401,-0.0854
2630.0,123,-0.0811,-0.0704,-0.0817,0.0304,4.8404,-0.0793
2640.0,124,-0.0781,-0.0750,-0.0787,0.0313,4.8407,-0.0808
2650.0,125,-0.0750,-0.0841,-0.0741,0.0313,4.8407,-0.0777
2660.0,126,-0.0735,-0.0933,-0.0756,0.0313,4.8410,-0.0777
2670.0,127,-0.0765,-0.0887,-0.0787,0.0322,4.8410,-0.0747
2680.0,128,-0.0796,-0.0841,-0.0772,0.0304,4.8416,-0.0777
2690.0,129,-0.0765,-0.0765,-0.0756,0.0322,4.8410,-0.0793
2700.0,130,-0.0735,-0.0750,-0.0756,0.0322,4.8419,-0.0732
2710.0,131,-0.0735,-0.0765,-0.0756,0.0322,4.8419,-0.0701
2720.0,132,-0.0765,-0.0765,-0.0787,0.0313,4.8419,-0.0762
2730.0,133,-0.0750,-0.0704,-0.0726,0.0304,4.8425,-0.0762
2740.0,134,-0.0704,-0.0719,-0.0710,0.0313,4.8425,-0.0747
2750.0,135,-0.0720,-0.0734,-0.0726,0.0322,4.8425,-0.0777
2760.0,136,-0.0735,-0.0765,-0.0741,0.0313,4.8425,-0.0747
2770.0,137,-0.0735,-0.0826,-0.0756,0.0322,4.8425,-0.0777
2780.0,138,-0.0811,-0.0841,-0.0787,0.0322,4.8428,-0.0808
2790.0,139,-0.0796,-0.0780,-0.0802,0.0313,4.8431,-0.0793
2800.0,140,-0.0765,-0.0795,-0.0772,0.0322,4.8431,-0.0793
2810.0,141,-0.0735,-0.0811,-0.0710,0.0304,4.8431,-0.0793
2820.0,142,-0.0720,-0.0795,-0.0756,0.0313,4.8434,-0.0762
2830.0,143,-0.0689,-0.0765,-0.0772,0.0313,4.8441,-0.0686
2840.0,144,-0.0643,-0.0750,-0.0756,0.0331,4.8438,-0.0701
2850.0,145,-0.0643,-0.0689,-0.0756,0.0331,4.8438,-0.0686
2860.0,146,-0.0598,-0.0627,-0.0726,0.0313,4.8438,-0.0716
2870.0,147,-0.0613,-0.0643,-0.0680,0.0313,4.8438,-0.0716
2880.0,148,-0.0674,-0.0612,-0.0665,0.0313,4.8438,-0.0670
2890.0,149,-0.0659,-0.0612,-0.0649,0.0322,4.8438,-0.0670
2900.0,150,-0.0704,-0.0597,-0.0619,0.0322,4.8438,-0.0686
2910.0,151,-0.0689,-0.0643,-0.0588,0.0313,4.8444,-0.0670
2920.0,152,-0.0674,-0.0627,-0.0604,0.0313,4.8444,-0.0701
2930.0,153,-0.0659,-0.0612,-0.0604,0.0322,4.8441,-0.0655
2940.0,154,-0.0628,-0.0582,-0.0604,0.0313,4.8441,-0.0655
2950.0,155,-0.0628,-0.0597,-0.0634,0.0331,4.8444,-0.0625
2960.0,156,-0.0613,-0.0597,-0.0710,0.0322,4.8441,-0.0564
2970.0,157,-0.0582,-0.0566,-0.0695,0.0322,4.8441,-0.0548
2980.0,158,-0.0552,-0.0551,-0.0665,0.0322,4.8441,-0.0533
2990.0,159,-0.0506,-0.0505,-0.0619,0.0313,4.8441,-0.0518
3000.0,160,-0.0567,-0.0551,-0.0573,0.0313,4.8444,-0.0548
3010.0,161,-0.0613,-0.0597,-0.0497,0.0313,4.8444,-0.0548
3020.0,162,-0.0613,-0.0627,-0.0482,0.0313,4.8441,-0.0548
3030.0,163,-0.0582,-0.0597,-0.0512,0.0322,4.8444,-0.0533
3040.0,164,-0.0506,-0.0597,-0.0482,0.0322,4.8444,-0.0518
3050.0,165,-0.0460,-0.0521,-0.0482,0.0313,4.8444,-0.0564
3060.0,166,-0.0430,-0.0490,-0.0466,0.0313,4.8447,-0.0518
3070.0,167,-0.0475,-0.0490,-0.0497,0.0322,4.8438,-0.0472
3080.0,168,-0.0536,-0.0475,-0.0497,0.0322,4.8441,-0.0533
3090.0,169,-0.0536,-0.0551,-0.0466,0.0322,4.8438,-0.0533
3100.0,170,-0.0552,-0.0597,-0.0466,0.0322,4.8438,-0.0503
3110.0,171,-0.0536,-0.0521,-0.0527,0.0322,4.8441,-0.0457
3120.0,172,-0.0506,-0.0490,-0.0482,0.0322,4.8438,-0.0487
3130.0,173,-0.0491,-0.0460,-0.0497,0.0322,4.8444,-0.0503
3140.0,174,-0.0491,-0.0460,-0.0466,0.0322,4.8441,-0.0503
3150.0,175,-0.0491,-0.0505,-0.0436,0.0331,4.8438,-0.0487
3160.0,176,-0.0506,-0.0521,-0.0466,0.0331,4.8438,-0.0426
3170.0,177,-0.0521,-0.0490,-0.0512,0.0331,4.8438,-0.0442
3180.0,178,-0.0506,-0.0505,-0.0497,0.0331,4.8441,-0.0426
3190.0,179,-0.0491,-0.0475,-0.0497,0.0322,4.8441,-0.0457
3200.0,180,-0.0491,-0.0505,-0.0482,0.0313,4.8438,-0.0487
3210.0,181,-0.0491,-0.0551,-0.0588,0.0331,4.8441,-0.0548
3220.0,182,-0.0491,-0.0597,-0.0604,0.0322,4.8438,-0.0564
3230.0,183,-0.0506,-0.0536,-0.0619,0.0313,4.8438,-0.0564
3240.0,184,-0.0491,-0.0551,-0.0588,0.0322,4.8441,-0.0548
3250.0,185,-0.0521,-0.0536,-0.0558,0.0331,4.8441,-0.0594
3260.0,186,-0.0521,-0.0490,-0.0497,0.0331,4.8441,-0.0609
3270.0,187,-0.0536,-0.0490,-0.0543,0.0322,4.8434,-0.0625
3280.0,188,-0.0506,-0.0505,-0.0588,0.0322,4.8434,-0.0594
3290.0,189,-0.0521,-0.0551,-0.0543,0.0331,4.8441,-0.0518
3300.0,190,-0.0567,-0.0551,-0.0497,0.0331,4.8438,-0.0472
3310.0,191,-0.0567,-0.0551,-0.0558,0.0331,4.8441,-0.0503
3320.0,192,-0.0598,-0.0490,-0.0588,0.0322,4.8441,-0.0503
3330.0,193,-0.0582,-0.0505,-0.0588,0.0331,4.8447,-0.0518
3340.0,194,-0.0567,-0.0505,-0.0543,0.0313,4.8441,-0.0548
3350.0,195,-0.0552,-0.0475,-0.0543,0.0331,4.8444,-0.0518
3360.0,196,-0.0567,-0.0490,-0.0512,0.0331,4.8438,-0.0548
3370.0,197,-0.0552,-0.0475,-0.0497,0.0331,4.8444,-0.0518
3380.0,198,-0.0506,-0.0536,-0.0482,0.0322,4.8441,-0.0503
3390.0,199,-0.0445,-0.0460,-0.0451,0.0331,4.8438,-0.0442
3400.0,200,-0.0338,-0.0444,-0.0405,0.0331,4.8441,-0.0411
3410.0,201,-0.0323,-0.0399,-0.0375,0.0331,4.8441,-0.0381
3420.0,202,-0.0353,-0.0368,-0.0375,0.0322,4.8434,-0.0365
3430.0,203,-0.0323,-0.0338,-0.0329,0.0339,4.8434,-0.0335
3440.0,204,-0.0338,-0.0353,-0.0329,0.0331,4.8434,-0.0320
3450.0,205,-0.0369,-0.0368,-0.0283,0.0331,4.8434,-0.0335
3460.0,206,-0.0384,-0.0322,-0.0268,0.0322,4.8438,-0.0411
3470.0,207,-0.0414,-0.0322,-0.0283,0.0331,4.8431,-0.0411
3480.0,208,-0.0445,-0.0368,-0.0329,0.0331,4.8428,-0.0442
3490.0,209,-0.0384,-0.0399,-0.0329,0.0331,4.8431,-0.0457
3500.0,210,-0.0353,-0.0368,-0.0375,0.0331,4.8431,-0.0487
3510.0,211,-0.0369,-0.0383,-0.0375,0.0331,4.8428,-0.0472
3520.0,212,-0.0399,-0.0399,-0.0405,0.0331,4.8428,-0.0457
3530.0,213,-0.0475,-0.0429,-0.0436,0.0322,4.8431,-0.0487
3540.0,214,-0.0536,-0.0475,-0.0482,0.0331,4.8431,-0.0518
3550.0,215,-0.0536,-0.0536,-0.0482,0.0339,4.8431,-0.0564
3560.0,216,-0.0521,-0.0505,-0.0482,0.0339,4.8428,-0.0579
3570.0,217,-0.0552,-0.0536,-0.0527,0.0331,4.8431,-0.0594
3580.0,218,-0.0552,-0.0551,-0.0619,0.0339,4.8431,-0.0579
3590.0,219,-0.0613,-0.0612,-0.0695,0.0322,4.8431,-0.0579
3600.0,220,-0.0643,-0.0689,-0.0710,0.0331,4.8434,-0.0640
3610.0,221,-0.0674,-0.0734,-0.0680,0.0331,4.8434,-0.0655
3620.0,222,-0.0674,-0.0750,-0.0680,0.0331,4.8431,-0.0670
3630.0,223,-0.0735,-0.0643,-0.0695,0.0331,4.8434,-0.0701
3640.0,224,-0.0735,-0.0612,-0.0726,0.0339,4.8438,-0.0716
3650.0,225,-0.0689,-0.0612,-0.0772,0.0331,4.8434,-0.0655
3660.0,226,-0.0674,-0.0597,-0.0741,0.0322,4.8434,-0.0579
3670.0,227,-0.0659,-0.0597,-0.0695,0.0339,4.8438,-0.0579
3680.0,228,-0.0643,-0.0627,-0.0619,0.0331,4.8438,-0.0625
3690.0,229,-0.0659,-0.0689,-0.0573,0.0322,4.8444,-0.0655
3700.0,230,-0.0659,-0.0734,-0.0588,0.0322,4.8441,-0.0686
3710.0,231,-0.0628,-0.0719,-0.0619,0.0331,4.8438,-0.0640
3720.0,232,-0.0628,-0.0658,-0.0649,0.0331,4.8438,-0.0594
3730.0,233,-0.0628,-0.0627,-0.0680,0.0322,4.8434,-0.0564
3740.0,234,-0.0598,-0.0597,-0.0634,0.0339,4.8441,-0.0579
3750.0,235,-0.0598,-0.0566,-0.0619,0.0331,4.8441,-0.0564
3760.0,236,-0.0582,-0.0566,-0.0619,0.0348,4.8438,-0.0518
3770.0,237,-0.0582,-0.0551,-0.0604,0.0331,4.8441,-0.0518
3780.0,238,-0.0552,-0.0505,-0.0558,0.0322,4.8444,-0.0457
3790.0,239,-0.0582,-0.0460,-0.0558,0.0339,4.8444,-0.0487
3800.0,240,-0.0567,-0.0490,-0.0527,0.0339,4.8441,-0.0503
3810.0,241,-0.0567,-0.0536,-0.0482,0.0348,4.8441,-0.0503
3820.0,242,-0.0552,-0.0521,-0.0527,0.0331,4.8441,-0.0518
3830.0,243,-0.0506,-0.0475,-0.0527,0.0348,4.8438,-0.0518
3840.0,244,-0.0475,-0.0429,-0.0558,0.0331,4.8434,-0.0518
3850.0,245,-0.0430,-0.0460,-0.0558,0.0322,4.8441,-0.0487
3860.0,246,-0.0414,-0.0475,-0.0527,0.0322,4.8438,-0.0487
3870.0,247,-0.0445,-0.0536,-0.0497,0.0339,4.8438,-0.0442
3880.0,248,-0.0475,-0.0551,-0.0436,0.0339,4.8434,-0.0411
3890.0,249,-0.0491,-0.0536,-0.0466,0.0331,4.8434,-0.0411
3900.0,250,-0.0475,-0.0536,-0.0512,0.0339,4.8434,-0.0457
3910.0,251,-0.0430,-0.0490,-0.0421,0.0331,4.8431,-0.0503
3920.0,252,-0.0430,-0.0521,-0.0405,0.0348,4.8434,-0.0457
3930.0,253,-0.0430,-0.0536,-0.0451,0.0339,4.8434,-0.0442
3940.0,254,-0.0384,-0.0566,-0.0497,0.0339,4.8438,-0.0426
3950.0,255,-0.0414,-0.0536,-0.0466,0.0339,4.8438,-0.0457
3960.0,0,-0.0399,-0.0521,-0.0466,0.0348,4.8438,-0.0487
3970.0,1,-0.0460,-0.0490,-0.0527,0.0348,4.8438,-0.0487
3980.0,2,-0.0521,-0.0490,-0.0527,0.0339,4.8441,-0.0472
3990.0,3,-0.0536,-0.0490,-0.0527,0.0331,4.8434,-0.0472
4000.0,4,-0.0506,-0.0505,-0.0482,0.0348,4.8434,-0.0457
4010.0,5,-0.0536,-0.0460,-0.0451,0.0331,4.8434,-0.0457
4020.0,6,-0.0536,-0.0414,-0.0436,0.0331,4.8434,-0.0487
4030.0,7,-0.0506,-0.0399,-0.0436,0.0339,4.8434,-0.0487
4040.0,8,-0.0475,-0.0368,-0.0451,0.0339,4.8438,-0.0457
4050.0,9,-0.0460,-0.0399,-0.0436,0.0339,4.8431,-0.0442
4059.9,10,-0.0460,-0.0460,-0.0466,0.0339,4.8434,-0.0457
4069.9,11,-0.0506,-0.0490,-0.0482,0.0331,4.8438,-0.0503
4079.9,12,-0.0491,-0.0536,-0.0466,0.0331,4.8434,-0.0472
4089.9,13,-0.0491,-0.0490,-0.0436,0.0339,4.8434,-0.0503
4099.9,14,-0.0491,-0.0505,-0.0451,0.0339,4.8431,-0.0503
4109.9,15,-0.0506,-0.0505,-0.0405,0.0331,4.8431,-0.0487
4119.9,16,-0.0491,-0.0475,-0.0390,0.0339,4.8434,-0.0472
4129.9,17,-0.0445,-0.0460,-0.0436,0.0339,4.8434,-0.0472
4139.9,18,-0.0430,-0.0444,-0.0436,0.0348,4.8431,-0.0472
4149.9,19,-0.0430,-0.0414,-0.0451,0.0339,4.8434,-0.0503
4159.9,20,-0.0491,-0.0475,-0.0466,0.0331,4.8428,-0.0503
4169.9,21,-0.0506,-0.0475,-0.0451,0.0339,4.8428,-0.0426
4179.9,22,-0.0521,-0.0505,-0.0421,0.0331,4.8431,-0.0381
4189.9,23,-0.0506,-0.0566,-0.0466,0.0331,4.8431,-0.0426
4199.9,24,-0.0521,-0.0536,-0.0482,0.0331,4.8434,-0.0457
4209.9,25,-0.0475,-0.0490,-0.0482,0.0339,4.8428,-0.0503
4219.9,26,-0.0460,-0.0490,-0.0482,0.0339,4.8431,-0.0487
4229.9,27,-0.0475,-0.0505,-0.0451,0.0339,4.8434,-0.0487
4239.9,28,-0.0506,-0.0551,-0.0436,0.0348,4.8431,-0.0487
4249.9,29,-0.0491,-0.0521,-0.0421,0.0331,4.8431,-0.0503
4259.9,30,-0.0460,-0.0490,-0.0421,0.0331,4.8431,-0.0487
4269.9,31,-0.0491,-0.0460,-0.0482,0.0348,4.8434,-0.0457
4279.9,32,-0.0491,-0.0460,-0.0527,0.0339,4.8428,-0.0487
4289.9,33,-0.0521,-0.0460,-0.0527,0.0339,4.8431,-0.0518
4299.9,34,-0.0475,-0.0444,-0.0527,0.0331,4.8434,-0.0503
4309.9,35,-0.0475,-0.0414,-0.0527,0.0348,4.8428,-0.0503
4319.9,36,-0.0460,-0.0429,-0.0543,0.0331,4.8431,-0.0579
4329.9,37,-0.0460,-0.0414,-0.0588,0.0339,4.8428,-0.0625
4339.9,38,-0.0475,-0.0444,-0.0619,0.0339,4.8431,-0.0594
4349.9,39,-0.0475,-0.0460,-0.0527,0.0339,4.8428,-0.0518
4359.9,40,-0.0521,-0.0475,-0.0482,0.0339,4.8431,-0.0503
4369.9,41,-0.0552,-0.0490,-0.0451,0.0331,4.8431,-0.0487
4379.9,42,-0.0521,-0.0490,-0.0512,0.0339,4.8428,-0.0472
4389.9,43,-0.0491,-0.0536,-0.0543,0.0339,4.8428,-0.0457
4399.9,44,-0.0491,-0.0505,-0.0466,0.0339,4.8431,-0.0381
4409.9,45,-0.0506,-0.0490,-0.0390,0.0339,4.8428,-0.0381
4419.9,46,-0.0460,-0.0414,-0.0375,0.0339,4.8428,-0.0350
4429.9,47,-0.0384,-0.0368,-0.0405,0.0339,4.8431,-0.0350
4439.9,48,-0.0323,-0.0338,-0.0360,0.0339,4.8428,-0.0289
4449.9,49,-0.0262,-0.0383,-0.0344,0.0348,4.8425,-0.0289
4459.9,50,-0.0231,-0.0353,-0.0344,0.0331,4.8428,-0.0258
4469.9,51,-0.0277,-0.0338,-0.0268,0.0331,4.8425,-0.0228
4479.9,52,-0.0262,-0.0277,-0.0253,0.0339,4.8428,-0.0228
4489.9,53,-0.0201,-0.0231,-0.0222,0.0339,4.8425,-0.0274
4499.9,54,-0.0216,-0.0154,-0.0146,0.0348,4.8425,-0.0274
4509.9,55,-0.0186,-0.0139,-0.0100,0.0348,4.8419,-0.0213
4519.9,56,-0.0186,-0.0109,-0.0131,0.0357,4.8416,-0.0182
4529.9,57,-0.0094,-0.0063,-0.0085,0.0357,4.8410,-0.0075
4539.9,58,-0.0063,0.0013,0.0022,0.0339,4.8413,-0.0014
4549.9,59,-0.0048,-0.0002,0.0068,0.0339,4.8413,0.0062
4559.9,60,0.0013,0.0013,0.0068,0.0339,4.8413,0.0077
4569.9,61,0.0013,0.0029,0.0083,0.0339,4.8410,0.0031
4579.9,62,-0.0002,-0.0017,0.0037,0.0357,4.8407,0.0047
4589.9,63,-0.0018,-0.0017,0.0037,0.0339,4.8401,0.0062
4599.9,64,0.0074,0.0029,0.0037,0.0339,4.8401,0.0092
4609.9,65,0.0135,0.0090,0.0037,0.0331,4.8401,0.0123
4619.9,66,0.0120,0.0151,0.0068,0.0339,4.8398,0.0092
4629.9,67,0.0089,0.0105,0.0098,0.0348,4.8395,0.0077
4639.9,68,0.0059,0.0074,0.0113,0.0339,4.8395,0.0062
4649.9,69,0.0043,0.0029,0.0129,0.0348,4.8395,0.0031
4659.9,70,0.0059,0.0044,0.0083,0.0339,4.8389,0.0016
4669.9,71,0.0028,0.0074,0.0037,0.0331,4.8389,-0.0030
4679.9,72,0.0043,0.0029,0.0037,0.0339,4.8389,-0.0014
4689.9,73,0.0028,-0.0017,0.0068,0.0348,4.8386,0.0016
4699.9,74,0.0028,-0.0063,0.0098,0.0331,4.8386,-0.0045
4709.9,75,-0.0018,-0.0063,0.0098,0.0331,4.8383,-0.0060
4719.9,76,-0.0018,-0.0048,0.0007,0.0348,4.8383,-0.0060
4729.9,77,-0.0033,-0.0048,-0.0054,0.0331,4.8386,-0.0030
4739.9,78,-0.0048,-0.0078,-0.0085,0.0339,4.8376,-0.0014
4749.9,79,-0.0063,-0.0109,-0.0070,0.0339,4.8376,-0.0014
4759.9,80,-0.0155,-0.0109,-0.0024,0.0331,4.8376,-0.0075
4769.9,81,-0.0170,-0.0139,-0.0024,0.0339,4.8376,-0.0045
4779.9,82,-0.0170,-0.0185,-0.0085,0.0339,4.8380,-0.0075
4789.9,83,-0.0109,-0.0200,-0.0146,0.0339,4.8380,-0.0136
4799.9,84,-0.0216,-0.0277,-0.0222,0.0339,4.8380,-0.0243
4809.9,85,-0.0262,-0.0277,-0.0283,0.0348,4.8380,-0.0258
4819.9,86,-0.0292,-0.0307,-0.0253,0.0339,4.8380,-0.0274
4829.9,87,-0.0277,-0.0338,-0.0207,0.0331,4.8380,-0.0274
4839.9,88,-0.0277,-0.0383,-0.0222,0.0357,4.8376,-0.0335
4849.9,89,-0.0277,-0.0338,-0.0253,0.0339,4.8376,-0.0320
4859.9,90,-0.0308,-0.0307,-0.0299,0.0339,4.8383,-0.0258
4869.9,91,-0.0323,-0.0277,-0.0329,0.0348,4.8383,-0.0289
4879.9,92,-0.0353,-0.0277,-0.0329,0.0348,4.8380,-0.0304
4889.9,93,-0.0338,-0.0261,-0.0314,0.0339,4.8383,-0.0335
4899.9,94,-0.0323,-0.0277,-0.0268,0.0339,4.8380,-0.0304
4909.9,95,-0.0277,-0.0307,-0.0283,0.0339,4.8383,-0.0274
4919.9,96,-0.0201,-0.0261,-0.0283,0.0348,4.8376,-0.0258
4929.9,97,-0.0216,-0.0307,-0.0222,0.0339,4.8380,-0.0182
4939.9,98,-0.0170,-0.0322,-0.0192,0.0331,4.8376,-0.0167
4949.9,99,-0.0109,-0.0231,-0.0146,0.0331,4.8383,-0.0167
4959.9,100,-0.0063,-0.0124,-0.0024,0.0348,4.8380,-0.0136
4969.9,101,-0.0002,-0.0017,0.0052,0.0339,4.8376,-0.0045
4979.9,102,0.0120,0.0120,0.0113,0.0348,4.8373,0.0108
4989.9,103,0.0257,0.0212,0.0205,0.0339,4.8370,0.0260
4999.9,104,0.0410,0.0364,0.0388,0.0348,4.8364,0.0398
5009.9,105,0.0562,0.0547,0.0556,0.0348,4.8364,0.0581
5019.9,106,0.0669,0.0731,0.0709,0.0339,4.8361,0.0733
5029.9,107,0.0837,0.0898,0.0892,0.0339,4.8355,0.0871
5039.9,108,0.0989,0.1036,0.1029,0.0357,4.8349,0.1008
5049.9,109,0.1111,0.1143,0.1151,0.0339,4.8346,0.1191
5059.9,110,0.1172,0.1310,0.1258,0.0339,4.8340,0.1298
5069.9,111,0.1264,0.1387,0.1273,0.0348,4.8331,0.1344
5079.9,112,0.1401,0.1417,0.1319,0.0339,4.8325,0.1374
5089.9,113,0.1417,0.1371,0.1334,0.0348,4.8322,0.1344
5099.9,114,0.1417,0.1417,0.1380,0.0348,4.8309,0.1344
5109.9,115,0.1401,0.1448,0.1395,0.0331,4.8303,0.1359
5119.9,116,0.1386,0.1448,0.1395,0.0339,4.8303,0.1344
5129.9,117,0.1417,0.1402,0.1410,0.0348,4.8291,0.1359
5139.9,118,0.1462,0.1387,0.1365,0.0331,4.8288,0.1389
5149.9,119,0.1493,0.1432,0.1456,0.0331,4.8279,0.1389
5159.9,120,0.1432,0.1448,0.1456,0.0339,4.8273,0.1389
5169.9,121,0.1386,0.1432,0.1410,0.0339,4.8267,0.1389
5179.9,122,0.1356,0.1371,0.1365,0.0331,4.8264,0.1420
5189.9,123,0.1371,0.1371,0.1380,0.0339,4.8257,0.1389
5199.9,124,0.1371,0.1387,0.1410,0.0339,4.8251,0.1405
5209.9,125,0.1371,0.1371,0.1349,0.0331,4.8245,0.1374
5219.9,126,0.1401,0.1371,0.1319,0.0357,4.8245,0.1405
5229.9,127,0.1356,0.1310,0.1288,0.0339,4.8239,0.1405
5239.9,128,0.1401,0.1295,0.1319,0.0339,4.8236,0.1374
5249.9,129,0.1356,0.1326,0.1273,0.0331,4.8233,0.1359
5259.9,130,0.1340,0.1371,0.1334,0.0339,4.8227,0.1328
5269.9,131,0.1325,0.1371,0.1380,0.0331,4.8224,0.1389
5279.9,132,0.1310,0.1326,0.1410,0.0331,4.8218,0.1374
5289.9,133,0.1340,0.1280,0.1349,0.0339,4.8218,0.1313
5299.9,134,0.1356,0.1204,0.1273,0.0331,4.8212,0.1298
5309.9,135,0.1340,0.1219,0.1243,0.0331,4.8209,0.1328
5319.9,136,0.1295,0.1265,0.1227,0.0331,4.8206,0.1374
5329.9,137,0.1249,0.1234,0.1243,0.0331,4.8199,0.1328
5339.9,138,0.1234,0.1204,0.1288,0.0331,4.8199,0.1267
5349.9,139,0.1172,0.1173,0.1273,0.0331,4.8193,0.1298
5359.9,140,0.1172,0.1112,0.1212,0.0331,4.8196,0.1267
5369.9,141,0.1172,0.1082,0.1197,0.0331,4.8193,0.1176
5379.9,142,0.1172,0.1143,0.1166,0.0313,4.8193,0.1130
5389.9,143,0.1127,0.1143,0.1105,0.0313,4.8187,0.1100
5399.9,144,0.1127,0.1188,0.1136,0.0331,4.8187,0.1069
5409.9,145,0.1127,0.1204,0.1136,0.0322,4.8187,0.1084
5419.9,146,0.1142,0.1158,0.1105,0.0322,4.8184,0.1100
5429.9,147,0.1127,0.1127,0.1029,0.0322,4.8181,0.1100
5439.9,148,0.1096,0.1097,0.0968,0.0331,4.8181,0.1100
5449.9,149,0.1096,0.1066,0.0968,0.0313,4.8181,0.1069
5459.9,150,0.1081,0.1036,0.1060,0.0322,4.8175,0.1054
5469.9,151,0.1050,0.1005,0.1121,0.0331,4.8178,0.1023
5479.9,152,0.1005,0.0990,0.1060,0.0331,4.8178,0.1008
5489.9,153,0.0974,0.0944,0.1014,0.0322,4.8178,0.1008
5499.9,154,0.0974,0.0898,0.0968,0.0322,4.8172,0.0932
5509.9,155,0.0989,0.0898,0.0968,0.0322,4.8172,0.0947
5519.9,156,0.0974,0.0883,0.0983,0.0322,4.8172,0.0947
5529.9,157,0.0989,0.0837,0.0998,0.0322,4.8172,0.0947
5539.9,158,0.1020,0.0837,0.0907,0.0322,4.8169,0.0962
5549.9,159,0.0944,0.0837,0.0876,0.0322,4.8169,0.0916
5559.9,160,0.0928,0.0807,0.0861,0.0322,4.8169,0.0855
5569.9,161,0.0883,0.0807,0.0831,0.0331,4.8166,0.0825
5579.9,162,0.0837,0.0731,0.0815,0.0313,4.8172,0.0733
5589.9,163,0.0761,0.0670,0.0785,0.0322,4.8172,0.0749
5599.9,164,0.0684,0.0593,0.0724,0.0313,4.8175,0.0764
5609.9,165,0.0669,0.0593,0.0678,0.0313,4.8175,0.0733
5619.9,166,0.0638,0.0547,0.0587,0.0313,4.8178,0.0657
5629.9,167,0.0562,0.0486,0.0541,0.0313,4.8175,0.0596
5639.9,168,0.0532,0.0517,0.0525,0.0304,4.8175,0.0489
5649.9,169,0.0516,0.0502,0.0480,0.0322,4.8178,0.0459
5659.9,170,0.0425,0.0486,0.0388,0.0313,4.8178,0.0459
5669.9,171,0.0333,0.0395,0.0327,0.0313,4.8190,0.0413
5679.9,172,0.0287,0.0364,0.0281,0.0304,4.8184,0.0382
5689.9,173,0.0211,0.0288,0.0297,0.0331,4.8181,0.0352
5699.9,174,0.0211,0.0227,0.0281,0.0304,4.8190,0.0276
5709.9,175,0.0196,0.0197,0.0251,0.0313,4.8193,0.0245
5719.9,176,0.0196,0.0181,0.0266,0.0304,4.8196,0.0199
5729.9,177,0.0196,0.0166,0.0220,0.0313,4.8199,0.0169
5739.9,178,0.0150,0.0135,0.0159,0.0322,4.8203,0.0108
5749.9,179,0.0104,0.0090,0.0068,0.0313,4.8203,0.0062
5759.9,180,0.0028,0.0029,-0.0009,0.0313,4.8206,0.0016
5769.9,181,-0.0033,-0.0032,-0.0024,0.0313,4.8212,-0.0045
5779.9,182,-0.0079,-0.0093,-0.0054,0.0296,4.8215,-0.0136
5789.9,183,-0.0094,-0.0139,-0.0161,0.0304,4.8215,-0.0182
5799.9,184,-0.0125,-0.0078,-0.0237,0.0304,4.8221,-0.0167
5809.9,185,-0.0109,-0.0063,-0.0253,0.0313,4.8224,-0.0167
5819.9,186,-0.0140,-0.0093,-0.0268,0.0313,4.8227,-0.0167
5829.9,187,-0.0140,-0.0124,-0.0237,0.0304,4.8230,-0.0152
5839.9,188,-0.0109,-0.0124,-0.0176,0.0313,4.8233,-0.0075
5849.9,189,-0.0155,-0.0124,-0.0054,0.0313,4.8236,-0.0060
5859.9,190,-0.0094,-0.0093,0.0037,0.0313,4.8236,-0.0075
5869.9,191,-0.0048,-0.0048,0.0022,0.0304,4.8239,-0.0045
5879.9,192,-0.0048,-0.0048,-0.0009,0.0313,4.8245,0.0001
5889.9,193,-0.0018,-0.0002,-0.0009,0.0313,4.8245,-0.0014
5899.9,194,0.0028,-0.0048,0.0007,0.0313,4.8245,0.0016
5909.9,195,-0.0018,-0.0078,-0.0024,0.0304,4.8251,0.0031
5919.9,196,-0.0018,-0.0078,-0.0115,0.0304,4.8251,0.0001
5929.9,197,-0.0002,-0.0093,-0.0100,0.0313,4.8254,-0.0091
5939.9,198,-0.0048,-0.0093,-0.0115,0.0313,4.8254,-0.0136
5949.9,199,-0.0063,-0.0063,-0.0146,0.0331,4.8264,-0.0152
5959.9,200,-0.0094,-0.0078,-0.0146,0.0304,4.8260,-0.0167
5969.9,201,-0.0094,-0.0017,-0.0146,0.0313,4.8264,-0.0182
5979.9,202,-0.0079,-0.0017,-0.0131,0.0304,4.8267,-0.0182
5989.9,203,-0.0063,-0.0063,-0.0146,0.0313,4.8264,-0.0167
5999.9,204,-0.0063,-0.0078,-0.0085,0.0313,4.8270,-0.0106
6009.9,205,-0.0063,-0.0063,-0.0070,0.0304,4.8273,0.0016
6019.9,206,-0.0002,-0.0032,0.0007,0.0304,4.8273,0.0001
6029.9,207,-0.0033,-0.0032,0.0007,0.0322,4.8276,-0.0091
6039.9,208,-0.0079,-0.0017,-0.0054,0.0304,4.8279,-0.0106
6049.9,209,-0.0079,-0.0032,-0.0039,0.0313,4.8279,-0.0030
6059.9,210,-0.0018,-0.0093,-0.0070,0.0313,4.8279,0.0001
6069.9,211,-0.0018,-0.0109,-0.0085,0.0296,4.8282,-0.0030
6079.9,212,-0.0018,-0.0139,-0.0100,0.0313,4.8285,-0.0075
6089.9,213,-0.0063,-0.0170,-0.0115,0.0322,4.8282,-0.0106
6099.9,214,-0.0079,-0.0170,-0.0146,0.0322,4.8285,-0.0167
6109.9,215,-0.0170,-0.0200,-0.0176,0.0304,4.8291,-0.0213
6119.9,216,-0.0216,-0.0246,-0.0237,0.0313,4.8288,-0.0213
6129.9,217,-0.0247,-0.0261,-0.0268,0.0304,4.8291,-0.0304
6139.9,218,-0.0277,-0.0261,-0.0299,0.0313,4.8294,-0.0350
6149.9,219,-0.0262,-0.0277,-0.0314,0.0304,4.8300,-0.0350
6159.9,220,-0.0308,-0.0307,-0.0299,0.0313,4.8303,-0.0320
6169.9,221,-0.0353,-0.0353,-0.0299,0.0313,4.8303,-0.0304
6179.9,222,-0.0384,-0.0338,-0.0360,0.0304,4.8306,-0.0304
6189.9,223,-0.0399,-0.0338,-0.0360,0.0313,4.8309,-0.0289
6199.9,224,-0.0353,-0.0338,-0.0344,0.0313,4.8312,-0.0304
6209.9,225,-0.0353,-0.0383,-0.0360,0.0304,4.8312,-0.0258
6219.9,226,-0.0338,-0.0383,-0.0360,0.0296,4.8315,-0.0289
6229.9,227,-0.0292,-0.0399,-0.0344,0.0304,4.8318,-0.0365
6239.9,228,-0.0369,-0.0399,-0.0405,0.0304,4.8322,-0.0426
6249.9,229,-0.0399,-0.0399,-0.0466,0.0313,4.8325,-0.0442
6259.9,230,-0.0445,-0.0399,-0.0466,0.0313,4.8325,-0.0426
6269.9,231,-0.0491,-0.0414,-0.0436,0.0304,4.8322,-0.0472
6279.9,232,-0.0521,-0.0475,-0.0451,0.0304,4.8328,-0.0548
6289.9,233,-0.0536,-0.0536,-0.0527,0.0304,4.8331,-0.0594
6299.9,234,-0.0552,-0.0627,-0.0573,0.0304,4.8340,-0.0594
6309.9,235,-0.0628,-0.0627,-0.0649,0.0304,4.8340,-0.0625
6319.9,236,-0.0659,-0.0643,-0.0680,0.0304,4.8346,-0.0686
6329.9,237,-0.0704,-0.0643,-0.0695,0.0304,4.8346,-0.0701
6339.9,238,-0.0765,-0.0719,-0.0802,0.0313,4.8349,-0.0686
6349.9,239,-0.0735,-0.0689,-0.0833,0.0304,4.8352,-0.0670
6359.9,240,-0.0704,-0.0734,-0.0802,0.0313,4.8355,-0.0670
6369.9,241,-0.0735,-0.0765,-0.0741,0.0304,4.8361,-0.0686
6379.9,242,-0.0781,-0.0811,-0.0710,0.0313,4.8358,-0.0686
6389.9,243,-0.0781,-0.0750,-0.0710,0.0304,4.8367,-0.0716
6399.9,244,-0.0765,-0.0765,-0.0726,0.0304,4.8367,-0.0747
6409.9,245,-0.0781,-0.0719,-0.0726,0.0296,4.8373,-0.0777
6419.9,246,-0.0826,-0.0765,-0.0726,0.0304,4.8370,-0.0747
6429.9,247,-0.0735,-0.0734,-0.0787,0.0304,4.8376,-0.0777
6439.9,248,-0.0720,-0.0704,-0.0817,0.0313,4.8376,-0.0777
6449.9,249,-0.0750,-0.0704,-0.0848,0.0304,4.8380,-0.0777
6459.9,250,-0.0826,-0.0734,-0.0817,0.0304,4.8383,-0.0747
6469.9,251,-0.0842,-0.0750,-0.0802,0.0313,4.8383,-0.0777
6479.9,252,-0.0796,-0.0734,-0.0817,0.0296,4.8389,-0.0732
6489.9,253,-0.0720,-0.0719,-0.0802,0.0296,4.8392,-0.0686
6499.9,254,-0.0720,-0.0719,-0.0787,0.0304,4.8392,-0.0686
6509.9,255,-0.0735,-0.0719,-0.0756,0.0304,4.8398,-0.0686
6519.9,0,-0.0735,-0.0704,-0.0741,0.0313,4.8398,-0.0732
6529.9,1,-0.0689,-0.0704,-0.0756,0.0304,4.8398,-0.0732
6539.9,2,-0.0689,-0.0689,-0.0756,0.0304,4.8398,-0.0732
6549.9,3,-0.0704,-0.0734,-0.0787,0.0296,4.8404,-0.0747
6559.9,4,-0.0750,-0.0826,-0.0833,0.0304,4.8404,-0.0732
6569.9,5,-0.0735,-0.0795,-0.0726,0.0304,4.8404,-0.0762
6579.9,6,-0.0750,-0.0826,-0.0710,0.0313,4.8410,-0.0793
6589.9,7,-0.0735,-0.0795,-0.0787,0.0304,4.8410,-0.0808
6599.9,8,-0.0750,-0.0765,-0.0787,0.0304,4.8413,-0.0823
6609.9,9,-0.0781,-0.0673,-0.0756,0.0304,4.8416,-0.0808
6619.9,10,-0.0750,-0.0673,-0.0772,0.0296,4.8413,-0.0716
6629.9,11,-0.0735,-0.0704,-0.0741,0.0296,4.8416,-0.0640
6639.9,12,-0.0796,-0.0704,-0.0710,0.0304,4.8416,-0.0594
6649.9,13,-0.0765,-0.0673,-0.0634,0.0313,4.8419,-0.0609
6659.9,14,-0.0720,-0.0643,-0.0619,0.0304,4.8419,-0.0564
6669.9,15,-0.0643,-0.0612,-0.0588,0.0304,4.8419,-0.0594
6679.9,16,-0.0582,-0.0566,-0.0512,0.0304,4.8419,-0.0609
6689.9,17,-0.0506,-0.0566,-0.0512,0.0313,4.8422,-0.0640
6699.9,18,-0.0506,-0.0566,-0.0558,0.0313,4.8425,-0.0640
6709.9,19,-0.0491,-0.0582,-0.0558,0.0304,4.8422,-0.0564
6719.9,20,-0.0506,-0.0521,-0.0512,0.0296,4.8425,-0.0487
6729.9,21,-0.0521,-0.0444,-0.0543,0.0304,4.8425,-0.0472
6739.9,22,-0.0445,-0.0368,-0.0558,0.0304,4.8422,-0.0503
6749.9,23,-0.0475,-0.0353,-0.0543,0.0296,4.8425,-0.0518
6759.9,24,-0.0475,-0.0399,-0.0558,0.0304,4.8422,-0.0487
6769.9,25,-0.0491,-0.0429,-0.0497,0.0322,4.8419,-0.0503
6779.9,26,-0.0506,-0.0475,-0.0527,0.0304,4.8422,-0.0472
6789.9,27,-0.0475,-0.0551,-0.0543,0.0287,4.8425,-0.0411
6799.9,28,-0.0506,-0.0551,-0.0558,0.0296,4.8422,-0.0442
6809.9,29,-0.0491,-0.0582,-0.0558,0.0304,4.8425,-0.0472
6819.9,30,-0.0506,-0.0536,-0.0558,0.0296,4.8419,-0.0442
6829.9,31,-0.0521,-0.0490,-0.0482,0.0304,4.8425,-0.0503
6839.9,32,-0.0506,-0.0429,-0.0482,0.0304,4.8422,-0.0533
6849.9,33,-0.0475,-0.0460,-0.0482,0.0304,4.8422,-0.0518
6859.9,34,-0.0445,-0.0444,-0.0512,0.0313,4.8428,-0.0518
6869.9,35,-0.0475,-0.0368,-0.0527,0.0304,4.8422,-0.0503
6879.9,36,-0.0460,-0.0322,-0.0497,0.0304,4.8425,-0.0442
6889.9,37,-0.0430,-0.0353,-0.0466,0.0296,4.8419,-0.0396
6899.9,38,-0.0414,-0.0307,-0.0405,0.0304,4.8422,-0.0365
6909.9,39,-0.0323,-0.0322,-0.0360,0.0304,4.8422,-0.0381
6919.9,40,-0.0292,-0.0368,-0.0314,0.0304,4.8419,-0.0365
6929.9,41,-0.0262,-0.0277,-0.0253,0.0313,4.8419,-0.0320
6939.9,42,-0.0231,-0.0215,-0.0237,0.0313,4.8413,-0.0289
6949.9,43,-0.0140,-0.0185,-0.0176,0.0296,4.8416,-0.0289
6959.9,44,-0.0155,-0.0185,-0.0207,0.0304,4.8416,-0.0289
6969.9,45,-0.0170,-0.0200,-0.0253,0.0304,4.8413,-0.0274
6979.9,46,-0.0186,-0.0154,-0.0314,0.0304,4.8416,-0.0304
6989.9,47,-0.0247,-0.0200,-0.0299,0.0304,4.8416,-0.0304
6999.9,48,-0.0292,-0.0261,-0.0360,0.0304,4.8413,-0.0289
7009.9,49,-0.0308,-0.0277,-0.0375,0.0304,4.8410,-0.0274
7019.9,50,-0.0353,-0.0277,-0.0360,0.0313,4.8410,-0.0258
7029.9,51,-0.0353,-0.0277,-0.0360,0.0313,4.8413,-0.0335
7039.9,52,-0.0369,-0.0322,-0.0375,0.0304,4.8413,-0.0335
7049.9,53,-0.0369,-0.0292,-0.0390,0.0304,4.8410,-0.0350
7059.9,54,-0.0399,-0.0322,-0.0405,0.0304,4.8413,-0.0381
7069.9,55,-0.0369,-0.0307,-0.0390,0.0296,4.8410,-0.0442
7079.9,56,-0.0369,-0.0322,-0.0329,0.0313,4.8410,-0.0487
7089.9,57,-0.0308,-0.0368,-0.0344,0.0304,4.8410,-0.0426
7099.9,58,-0.0262,-0.0353,-0.0329,0.0296,4.8410,-0.0335
7109.9,59,-0.0216,-0.0307,-0.0314,0.0304,4.8410,-0.0320
7119.9,60,-0.0216,-0.0277,-0.0299,0.0313,4.8410,-0.0243
7129.9,61,-0.0231,-0.0292,-0.0268,0.0313,4.8407,-0.0228
7139.9,62,-0.0201,-0.0307,-0.0253,0.0304,4.8410,-0.0228
7149.9,63,-0.0247,-0.0322,-0.0237,0.0296,4.8404,-0.0243
7159.9,64,-0.0247,-0.0368,-0.0268,0.0313,4.8401,-0.0243
7169.9,65,-0.0277,-0.0368,-0.0329,0.0313,4.8410,-0.0289
7179.9,66,-0.0292,-0.0307,-0.0314,0.0304,4.8407,-0.0381
7189.9,67,-0.0338,-0.0307,-0.0329,0.0313,4.8407,-0.0365
7199.9,68,-0.0308,-0.0368,-0.0283,0.0296,4.8404,-0.0289
7209.9,69,-0.0277,-0.0322,-0.0222,0.0313,4.8404,-0.0213
7219.9,70,-0.0247,-0.0215,-0.0192,0.0304,4.8404,-0.0167
7229.9,71,-0.0231,-0.0185,-0.0207,0.0304,4.8407,-0.0228
7239.9,72,-0.0231,-0.0185,-0.0176,0.0304,4.8404,-0.0243
7249.9,73,-0.0231,-0.0200,-0.0176,0.0304,4.8404,-0.0167
7259.9,74,-0.0186,-0.0200,-0.0161,0.0304,4.8404,-0.0167
7269.9,75,-0.0170,-0.0246,-0.0161,0.0304,4.8401,-0.0182
7279.9,76,-0.0186,-0.0277,-0.0176,0.0304,4.8401,-0.0182
7289.9,77,-0.0201,-0.0200,-0.0115,0.0304,4.8398,-0.0182
7299.9,78,-0.0170,-0.0185,-0.0115,0.0304,4.8398,-0.0167
7309.9,79,-0.0109,-0.0231,-0.0146,0.0296,4.8398,-0.0182
7319.9,80,-0.0140,-0.0231,-0.0131,0.0304,4.8401,-0.0213
7329.9,81,-0.0170,-0.0200,-0.0192,0.0296,4.8395,-0.0213
7339.9,82,-0.0216,-0.0200,-0.0222,0.0296,4.8392,-0.0243
7349.9,83,-0.0216,-0.0231,-0.0237,0.0304,4.8398,-0.0243
7359.9,84,-0.0216,-0.0277,-0.0283,0.0296,4.8395,-0.0182
7369.9,85,-0.0201,-0.0277,-0.0314,0.0287,4.8392,-0.0213
7379.9,86,-0.0247,-0.0261,-0.0299,0.0304,4.8395,-0.0304
7389.9,87,-0.0277,-0.0307,-0.0314,0.0304,4.8395,-0.0381
7399.9,88,-0.0338,-0.0353,-0.0360,0.0304,4.8395,-0.0396
7409.9,89,-0.0414,-0.0338,-0.0375,0.0304,4.8398,-0.0365
7419.9,90,-0.0475,-0.0368,-0.0375,0.0296,4.8395,-0.0396
7429.9,91,-0.0475,-0.0460,-0.0360,0.0304,4.8392,-0.0381
7439.9,92,-0.0475,-0.0460,-0.0375,0.0304,4.8395,-0.0411
7449.9,93,-0.0475,-0.0460,-0.0390,0.0304,4.8395,-0.0442
7459.9,94,-0.0460,-0.0505,-0.0436,0.0313,4.8401,-0.0487
7469.9,95,-0.0491,-0.0505,-0.0466,0.0304,4.8398,-0.0487
7479.9,96,-0.0491,-0.0475,-0.0436,0.0296,4.8401,-0.0457
7489.9,97,-0.0430,-0.0505,-0.0375,0.0304,4.8398,-0.0442
7499.9,98,-0.0399,-0.0475,-0.0299,0.0304,4.8401,-0.0426
7509.9,99,-0.0369,-0.0383,-0.0253,0.0304,4.8398,-0.0381
7519.9,100,-0.0292,-0.0338,-0.0253,0.0304,4.8401,-0.0335
7529.9,101,-0.0247,-0.0338,-0.0299,0.0287,4.8401,-0.0365
7539.9,102,-0.0262,-0.0383,-0.0344,0.0296,4.8404,-0.0381
7549.9,103,-0.0292,-0.0429,-0.0421,0.0304,4.8401,-0.0335
7559.9,104,-0.0338,-0.0414,-0.0390,0.0296,4.8401,-0.0335
7569.9,105,-0.0308,-0.0383,-0.0344,0.0304,4.8401,-0.0350
7579.9,106,-0.0292,-0.0383,-0.0299,0.0304,4.8401,-0.0396
7589.9,107,-0.0353,-0.0399,-0.0299,0.0313,4.8401,-0.0457
7599.9,108,-0.0323,-0.0399,-0.0344,0.0313,4.8398,-0.0411
7609.9,109,-0.0338,-0.0322,-0.0360,0.0304,4.8398,-0.0350
7619.9,110,-0.0308,-0.0261,-0.0329,0.0287,4.8398,-0.0320
7629.9,111,-0.0247,-0.0200,-0.0268,0.0296,4.8398,-0.0258
7639.9,112,-0.0155,-0.0154,-0.0253,0.0296,4.8401,-0.0152
7649.9,113,-0.0033,-0.0032,-0.0100,0.0304,4.8395,-0.0014
7659.9,114,0.0059,0.0059,0.0037,0.0304,4.8395,0.0138
7669.9,115,0.0196,0.0166,0.0175,0.0296,4.8389,0.0245
7679.9,116,0.0257,0.0227,0.0251,0.0304,4.8386,0.0321
7689.9,117,0.0287,0.0273,0.0297,0.0296,4.8389,0.0321
7699.9,118,0.0303,0.0334,0.0327,0.0304,4.8386,0.0382
7709.9,119,0.0349,0.0395,0.0342,0.0304,4.8383,0.0398
7719.9,120,0.0379,0.0425,0.0403,0.0304,4.8383,0.0398
7729.9,121,0.0394,0.0456,0.0403,0.0313,4.8373,0.0367
7739.9,122,0.0394,0.0486,0.0419,0.0304,4.8373,0.0443
7749.9,123,0.0471,0.0441,0.0449,0.0304,4.8370,0.0504
7759.9,124,0.0547,0.0517,0.0541,0.0313,4.8361,0.0550
7769.9,125,0.0638,0.0624,0.0587,0.0304,4.8358,0.0596
7779.9,126,0.0715,0.0654,0.0663,0.0304,4.8355,0.0627
7789.9,127,0.0715,0.0731,0.0663,0.0313,4.8352,0.0672
7799.9,128,0.0776,0.0746,0.0709,0.0296,4.8346,0.0718
7809.9,129,0.0837,0.0807,0.0724,0.0304,4.8343,0.0749
7819.9,130,0.0852,0.0853,0.0739,0.0304,4.8340,0.0749
7829.9,131,0.0898,0.0898,0.0846,0.0304,4.8337,0.0825
7839.9,132,0.0898,0.0898,0.0846,0.0304,4.8331,0.0855
7849.9,133,0.0913,0.0944,0.0876,0.0304,4.8325,0.0916
7859.9,134,0.0913,0.0959,0.0876,0.0296,4.8318,0.0901
7869.9,135,0.0944,0.0959,0.0937,0.0304,4.8315,0.0901
7879.9,136,0.0974,0.0914,0.0937,0.0313,4.8312,0.0901
7889.9,137,0.0928,0.0837,0.0907,0.0304,4.8309,0.0825
7899.9,138,0.0944,0.0776,0.0892,0.0304,4.8306,0.0794
7909.9,139,0.0883,0.0700,0.0846,0.0313,4.8303,0.0749
7919.9,140,0.0898,0.0700,0.0785,0.0304,4.8300,0.0749
7929.9,141,0.0913,0.0700,0.0754,0.0304,4.8297,0.0764
7939.9,142,0.0822,0.0776,0.0800,0.0304,4.8291,0.0779
7949.9,143,0.0822,0.0853,0.0846,0.0296,4.8288,0.0794
7959.9,144,0.0837,0.0868,0.0861,0.0304,4.8291,0.0794
7969.9,145,0.0837,0.0837,0.0815,0.0296,4.8288,0.0794
7979.9,146,0.0837,0.0792,0.0724,0.0304,4.8282,0.0779
7989.9,147,0.0776,0.0761,0.0648,0.0304,4.8282,0.0718
7999.9,148,0.0654,0.0685,0.0541,0.0304,4.8279,0.0581
8009.9,149,0.0516,0.0578,0.0510,0.0304,4.8279,0.0428
8019.9,150,0.0394,0.0456,0.0419,0.0304,4.8279,0.0367
8029.9,151,0.0287,0.0319,0.0297,0.0296,4.8279,0.0260
8039.9,152,0.0181,0.0273,0.0251,0.0304,4.8279,0.0184
8049.9,153,0.0104,0.0212,0.0144,0.0304,4.8276,0.0077
8059.9,154,0.0059,0.0120,0.0098,0.0296,4.8276,0.0047
8069.9,155,0.0028,0.0029,0.0022,0.0296,4.8282,-0.0045
8079.9,156,-0.0033,-0.0093,-0.0131,0.0287,4.8282,-0.0106
8089.9,157,-0.0109,-0.0170,-0.0207,0.0304,4.8285,-0.0152
8099.9,158,-0.0140,-0.0215,-0.0253,0.0287,4.8285,-0.0228
8109.9,159,-0.0201,-0.0215,-0.0299,0.0296,4.8291,-0.0304
8119.9,160,-0.0262,-0.0261,-0.0360,0.0296,4.8294,-0.0304
8129.9,161,-0.0323,-0.0338,-0.0390,0.0296,4.8294,-0.0381
8139.9,162,-0.0414,-0.0383,-0.0466,0.0296,4.8300,-0.0442
8149.9,163,-0.0491,-0.0429,-0.0588,0.0296,4.8300,-0.0487
8159.9,164,-0.0567,-0.0536,-0.0619,0.0296,4.8306,-0.0533
8169.9,165,-0.0628,-0.0612,-0.0634,0.0296,4.8309,-0.0594
8179.9,166,-0.0704,-0.0704,-0.0680,0.0296,4.8315,-0.0609
8189.9,167,-0.0689,-0.0750,-0.0680,0.0304,4.8318,-0.0655
8199.9,168,-0.0689,-0.0719,-0.0680,0.0304,4.8318,-0.0686
8209.9,169,-0.0765,-0.0673,-0.0649,0.0296,4.8325,-0.0732
8219.9,170,-0.0720,-0.0689,-0.0649,0.0287,4.8328,-0.0777
8229.9,171,-0.0720,-0.0719,-0.0680,0.0287,4.8331,-0.0823
8239.9,172,-0.0750,-0.0765,-0.0710,0.0296,4.8337,-0.0808
8249.9,173,-0.0750,-0.0811,-0.0787,0.0296,4.8340,-0.0823
8259.9,174,-0.0750,-0.0780,-0.0802,0.0304,4.8340,-0.0762
8269.9,175,-0.0720,-0.0750,-0.0787,0.0296,4.8346,-0.0701
8279.9,176,-0.0704,-0.0719,-0.0756,0.0287,4.8352,-0.0701
8289.9,177,-0.0689,-0.0704,-0.0787,0.0287,4.8355,-0.0747
8299.9,178,-0.0643,-0.0658,-0.0772,0.0287,4.8355,-0.0777
8309.9,179,-0.0643,-0.0689,-0.0787,0.0287,4.8358,-0.0747
8319.9,180,-0.0689,-0.0673,-0.0726,0.0304,4.8361,-0.0670
8329.9,181,-0.0704,-0.0689,-0.0634,0.0296,4.8364,-0.0579
8339.9,182,-0.0735,-0.0704,-0.0543,0.0296,4.8361,-0.0609
8349.9,183,-0.0643,-0.0643,-0.0527,0.0296,4.8364,-0.0594
8359.9,184,-0.0475,-0.0460,-0.0482,0.0296,4.8370,-0.0503
8369.9,185,-0.0338,-0.0322,-0.0375,0.0296,4.8367,-0.0365
8379.9,186,-0.0170,-0.0185,-0.0222,0.0296,4.8370,-0.0228
8389.9,187,-0.0048,-0.0078,-0.0024,0.0296,4.8364,-0.0075
8399.9,188,0.0120,0.0044,0.0083,0.0287,4.8367,0.0077
8409.9,189,0.0226,0.0212,0.0175,0.0287,4.8364,0.0215
8419.9,190,0.0287,0.0364,0.0236,0.0296,4.8361,0.0321
8429.9,191,0.0364,0.0425,0.0373,0.0296,4.8358,0.0504
8439.9,192,0.0501,0.0471,0.0480,0.0296,4.8358,0.0565
8449.9,193,0.0608,0.0517,0.0510,0.0296,4.8355,0.0581
8459.9,194,0.0654,0.0532,0.0587,0.0287,4.8349,0.0565
8469.9,195,0.0623,0.0593,0.0556,0.0296,4.8346,0.0581
8479.9,196,0.0608,0.0593,0.0525,0.0287,4.8343,0.0642
8489.9,197,0.0562,0.0608,0.0556,0.0296,4.8340,0.0657
8499.9,198,0.0577,0.0563,0.0617,0.0296,4.8334,0.0611
8509.9,199,0.0593,0.0532,0.0632,0.0296,4.8331,0.0535
8519.9,200,0.0623,0.0578,0.0541,0.0304,4.8331,0.0550
8529.9,201,0.0577,0.0593,0.0495,0.0296,4.8328,0.0520
8539.9,202,0.0440,0.0532,0.0495,0.0296,4.8325,0.0428
8549.9,203,0.0303,0.0410,0.0419,0.0278,4.8325,0.0367
8559.9,204,0.0226,0.0303,0.0251,0.0287,4.8325,0.0230
8569.9,205,0.0165,0.0135,0.0098,0.0287,4.8325,0.0153
8579.9,206,0.0059,-0.0048,-0.0039,0.0287,4.8328,0.0001
8589.9,207,-0.0125,-0.0170,-0.0192,0.0287,4.8328,-0.0106
8599.9,208,-0.0247,-0.0246,-0.0299,0.0278,4.8328,-0.0243
8609.9,209,-0.0399,-0.0353,-0.0421,0.0278,4.8328,-0.0396
8619.9,210,-0.0491,-0.0490,-0.0558,0.0278,4.8334,-0.0503
8629.9,211,-0.0521,-0.0643,-0.0619,0.0278,4.8337,-0.0579
8639.9,212,-0.0598,-0.0689,-0.0634,0.0278,4.8346,-0.0655
8649.9,213,-0.0674,-0.0689,-0.0710,0.0270,4.8343,-0.0670
8659.9,214,-0.0704,-0.0704,-0.0756,0.0270,4.8343,-0.0686
8669.9,215,-0.0720,-0.0719,-0.0772,0.0270,4.8349,-0.0625
8679.9,216,-0.0720,-0.0719,-0.0756,0.0278,4.8352,-0.0579
8689.9,217,-0.0720,-0.0734,-0.0710,0.0287,4.8355,-0.0594
8699.9,218,-0.0689,-0.0734,-0.0695,0.0270,4.8355,-0.0655
8709.9,219,-0.0643,-0.0689,-0.0695,0.0278,4.8358,-0.0655
8719.9,220,-0.0628,-0.0643,-0.0634,0.0287,4.8361,-0.0625
8729.9,221,-0.0567,-0.0597,-0.0634,0.0278,4.8367,-0.0609
8739.9,222,-0.0613,-0.0597,-0.0649,0.0287,4.8367,-0.0609
8749.9,223,-0.0582,-0.0627,-0.0695,0.0278,4.8373,-0.0594
8759.9,224,-0.0552,-0.0612,-0.0665,0.0278,4.8370,-0.0609
8769.9,225,-0.0598,-0.0597,-0.0619,0.0278,4.8373,-0.0518
8779.9,226,-0.0582,-0.0582,-0.0634,0.0287,4.8376,-0.0503
8789.9,227,-0.0552,-0.0582,-0.0649,0.0270,4.8373,-0.0503
8799.9,228,-0.0582,-0.0612,-0.0588,0.0287,4.8376,-0.0503
8809.9,229,-0.0613,-0.0627,-0.0558,0.0278,4.8383,-0.0518
8819.9,230,-0.0598,-0.0673,-0.0634,0.0278,4.8386,-0.0564
8829.9,231,-0.0582,-0.0719,-0.0634,0.0278,4.8386,-0.0609
8839.9,232,-0.0582,-0.0704,-0.0649,0.0261,4.8389,-0.0716
8849.9,233,-0.0582,-0.0719,-0.0649,0.0278,4.8386,-0.0732
8859.9,234,-0.0613,-0.0689,-0.0680,0.0287,4.8389,-0.0732
8869.9,235,-0.0598,-0.0719,-0.0680,0.0278,4.8395,-0.0686
8879.9,236,-0.0659,-0.0719,-0.0695,0.0278,4.8395,-0.0609
8889.9,237,-0.0689,-0.0734,-0.0710,0.0278,4.8398,-0.0625
8899.9,238,-0.0704,-0.0719,-0.0680,0.0270,4.8398,-0.0609
8909.9,239,-0.0704,-0.0704,-0.0665,0.0278,4.8398,-0.0609
8919.9,240,-0.0720,-0.0673,-0.0695,0.0278,4.8404,-0.0579
8929.9,241,-0.0720,-0.0643,-0.0772,0.0278,4.8401,-0.0609
8939.9,242,-0.0704,-0.0673,-0.0756,0.0287,4.8404,-0.0655
8949.9,243,-0.0704,-0.0704,-0.0726,0.0278,4.8404,-0.0655
8959.9,244,-0.0735,-0.0719,-0.0665,0.0287,4.8407,-0.0686
8969.9,245,-0.0735,-0.0811,-0.0649,0.0278,4.8410,-0.0732
8979.9,246,-0.0735,-0.0872,-0.0710,0.0296,4.8413,-0.0701
8989.9,247,-0.0750,-0.0872,-0.0756,0.0278,4.8413,-0.0701
8999.9,248,-0.0826,-0.0811,-0.0802,0.0278,4.8419,-0.0808
9009.9,249,-0.0872,-0.0826,-0.0848,0.0278,4.8416,-0.0884
9019.9,250,-0.0887,-0.0856,-0.0863,0.0287,4.8416,-0.0930
9029.9,251,-0.0842,-0.0872,-0.0894,0.0270,4.8422,-0.0976
9039.9,252,-0.0811,-0.0887,-0.0863,0.0278,4.8422,-0.0976
9049.9,253,-0.0781,-0.0856,-0.0863,0.0287,4.8425,-0.0960
9059.9,254,-0.0750,-0.0826,-0.0878,0.0296,4.8428,-0.0899
9069.9,255,-0.0811,-0.0856,-0.0863,0.0287,4.8428,-0.0854
9079.9,0,-0.0811,-0.0872,-0.0833,0.0278,4.8428,-0.0854
9089.9,1,-0.0765,-0.0887,-0.0848,0.0296,4.8434,-0.0838
9099.9,2,-0.0781,-0.0841,-0.0848,0.0287,4.8428,-0.0838
9109.9,3,-0.0842,-0.0856,-0.0848,0.0296,4.8434,-0.0823
9119.9,4,-0.0887,-0.0902,-0.0863,0.0296,4.8438,-0.0854
9129.9,5,-0.0857,-0.0902,-0.0863,0.0296,4.8438,-0.0838
9139.9,6,-0.0842,-0.0902,-0.0817,0.0287,4.8438,-0.0808
9149.9,7,-0.0857,-0.0902,-0.0833,0.0296,4.8441,-0.0793
9159.9,8,-0.0872,-0.0780,-0.0848,0.0287,4.8444,-0.0793
9169.9,9,-0.0872,-0.0734,-0.0817,0.0287,4.8444,-0.0747
9179.9,10,-0.0811,-0.0719,-0.0802,0.0296,4.8444,-0.0762
9189.9,11,-0.0796,-0.0734,-0.0848,0.0287,4.8447,-0.0777
9199.9,12,-0.0796,-0.0780,-0.0833,0.0287,4.8444,-0.0808
9209.9,13,-0.0842,-0.0826,-0.0787,0.0304,4.8447,-0.0823
9219.9,14,-0.0872,-0.0887,-0.0756,0.0304,4.8450,-0.0838
9229.9,15,-0.0887,-0.0841,-0.0756,0.0304,4.8450,-0.0808
9239.9,16,-0.0857,-0.0811,-0.0741,0.0287,4.8450,-0.0777
9249.9,17,-0.0826,-0.0780,-0.0756,0.0313,4.8453,-0.0747
9259.9,18,-0.0765,-0.0780,-0.0756,0.0296,4.8453,-0.0777
9269.9,19,-0.0750,-0.0811,-0.0787,0.0296,4.8456,-0.0823
9279.9,20,-0.0781,-0.0826,-0.0772,0.0296,4.8456,-0.0793
9289.9,21,-0.0781,-0.0887,-0.0756,0.0296,4.8456,-0.0747
9299.9,22,-0.0765,-0.0811,-0.0772,0.0287,4.8456,-0.0747
9309.9,23,-0.0720,-0.0765,-0.0772,0.0304,4.8456,-0.0716
9319.9,24,-0.0704,-0.0704,-0.0756,0.0304,4.8456,-0.0762
9329.9,25,-0.0704,-0.0719,-0.0726,0.0304,4.8456,-0.0777
9339.9,26,-0.0659,-0.0765,-0.0695,0.0304,4.8456,-0.0747
9349.9,27,-0.0598,-0.0734,-0.0726,0.0287,4.8456,-0.0732
9359.9,28,-0.0659,-0.0719,-0.0710,0.0304,4.8462,-0.0732
9369.9,29,-0.0628,-0.0704,-0.0680,0.0304,4.8462,-0.0716
9379.9,30,-0.0598,-0.0627,-0.0665,0.0296,4.8462,-0.0701
9389.9,31,-0.0628,-0.0566,-0.0649,0.0304,4.8453,-0.0655
9399.9,32,-0.0582,-0.0536,-0.0619,0.0287,4.8456,-0.0625
9409.9,33,-0.0491,-0.0475,-0.0588,0.0296,4.8459,-0.0579
9419.9,34,-0.0460,-0.0475,-0.0558,0.0296,4.8459,-0.0548
9429.9,35,-0.0506,-0.0505,-0.0543,0.0287,4.8459,-0.0564
9439.9,36,-0.0567,-0.0521,-0.0543,0.0304,4.8456,-0.0518
9449.9,37,-0.0582,-0.0551,-0.0512,0.0296,4.8459,-0.0518
9459.9,38,-0.0613,-0.0566,-0.0573,0.0304,4.8456,-0.0579
9469.9,39,-0.0582,-0.0597,-0.0588,0.0296,4.8456,-0.0640
9479.9,40,-0.0567,-0.0627,-0.0619,0.0296,4.8453,-0.0640
9489.9,41,-0.0598,-0.0643,-0.0680,0.0296,4.8456,-0.0640
9499.9,42,-0.0643,-0.0627,-0.0741,0.0313,4.8453,-0.0686
9509.9,43,-0.0674,-0.0658,-0.0772,0.0296,4.8456,-0.0732
9519.9,44,-0.0689,-0.0612,-0.0817,0.0296,4.8456,-0.0762
9529.9,45,-0.0765,-0.0597,-0.0802,0.0296,4.8456,-0.0808
9539.9,46,-0.0796,-0.0658,-0.0772,0.0304,4.8462,-0.0808
9549.9,47,-0.0720,-0.0765,-0.0848,0.0296,4.8462,-0.0777
9559.9,48,-0.0704,-0.0765,-0.0878,0.0304,4.8462,-0.0823
9569.9,49,-0.0674,-0.0811,-0.0878,0.0304,4.8456,-0.0838
9579.9,50,-0.0720,-0.0795,-0.0878,0.0304,4.8462,-0.0762
9589.9,51,-0.0735,-0.0734,-0.0817,0.0313,4.8459,-0.0701
9599.9,52,-0.0689,-0.0689,-0.0756,0.0304,4.8456,-0.0655
9609.9,53,-0.0689,-0.0643,-0.0710,0.0287,4.8459,-0.0655
9619.9,54,-0.0613,-0.0597,-0.0634,0.0313,4.8465,-0.0625
9629.9,55,-0.0567,-0.0582,-0.0588,0.0296,4.8462,-0.0625
9639.9,56,-0.0475,-0.0551,-0.0512,0.0287,4.8465,-0.0564
9649.9,57,-0.0430,-0.0490,-0.0375,0.0304,4.8462,-0.0487
9659.9,58,-0.0353,-0.0444,-0.0390,0.0304,4.8456,-0.0472
9669.9,59,-0.0323,-0.0399,-0.0360,0.0313,4.8453,-0.0442
9679.9,60,-0.0353,-0.0399,-0.0283,0.0304,4.8456,-0.0365
9689.9,61,-0.0384,-0.0475,-0.0283,0.0287,4.8459,-0.0365
9699.9,62,-0.0369,-0.0505,-0.0329,0.0296,4.8453,-0.0320
9709.9,63,-0.0430,-0.0490,-0.0405,0.0304,4.8450,-0.0320
9719.9,64,-0.0491,-0.0475,-0.0482,0.0304,4.8453,-0.0365
9729.9,65,-0.0521,-0.0475,-0.0451,0.0304,4.8453,-0.0381
9739.9,66,-0.0460,-0.0490,-0.0497,0.0304,4.8450,-0.0442
9749.9,67,-0.0414,-0.0521,-0.0482,0.0304,4.8450,-0.0457
9759.9,68,-0.0414,-0.0566,-0.0497,0.0313,4.8450,-0.0487
9769.9,69,-0.0430,-0.0566,-0.0497,0.0313,4.8450,-0.0472
9779.9,70,-0.0460,-0.0566,-0.0482,0.0313,4.8450,-0.0457
9789.9,71,-0.0475,-0.0475,-0.0451,0.0304,4.8447,-0.0457
9799.9,72,-0.0521,-0.0505,-0.0482,0.0313,4.8450,-0.0518
9809.9,73,-0.0536,-0.0551,-0.0497,0.0296,4.8450,-0.0487
9819.9,74,-0.0536,-0.0582,-0.0482,0.0304,4.8447,-0.0487
9829.9,75,-0.0552,-0.0582,-0.0497,0.0304,4.8450,-0.0487
9839.9,76,-0.0567,-0.0627,-0.0573,0.0322,4.8447,-0.0457
9849.9,77,-0.0598,-0.0627,-0.0573,0.0313,4.8444,-0.0503
9859.9,78,-0.0598,-0.0627,-0.0573,0.0313,4.8447,-0.0533
9869.9,79,-0.0567,-0.0551,-0.0527,0.0304,4.8450,-0.0548
9879.9,80,-0.0536,-0.0475,-0.0512,0.0304,4.8447,-0.0533
9889.9,81,-0.0552,-0.0490,-0.0543,0.0313,4.8447,-0.0503
9899.9,82,-0.0521,-0.0536,-0.0588,0.0313,4.8447,-0.0472
9909.9,83,-0.0506,-0.0536,-0.0649,0.0304,4.8447,-0.0472
9919.9,84,-0.0506,-0.0582,-0.0649,0.0304,4.8447,-0.0503
9929.9,85,-0.0475,-0.0582,-0.0573,0.0313,4.8444,-0.0564
9939.9,86,-0.0491,-0.0612,-0.0619,0.0304,4.8447,-0.0564
9949.9,87,-0.0491,-0.0582,-0.0604,0.0313,4.8447,-0.0594
9959.9,88,-0.0552,-0.0597,-0.0588,0.0313,4.8444,-0.0594
9969.9,89,-0.0552,-0.0582,-0.0558,0.0322,4.8444,-0.0564
9979.9,90,-0.0521,-0.0643,-0.0558,0.0304,4.8441,-0.0503
9989.9,91,-0.0552,-0.0673,-0.0543,0.0313,4.8447,-0.0503
9999.9,92,-0.0567,-0.0689,-0.0588,0.0322,4.8444,-0.0548
10009.9,93,-0.0598,-0.0734,-0.0588,0.0313,4.8444,-0.0548
10019.9,94,-0.0598,-0.0719,-0.0619,0.0313,4.8447,-0.0564
10029.9,95,-0.0582,-0.0719,-0.0665,0.0322,4.8441,-0.0609
10039.9,96,-0.0598,-0.0673,-0.0604,0.0322,4.8447,-0.0579
10049.9,97,-0.0582,-0.0658,-0.0604,0.0304,4.8447,-0.0564
10059.9,98,-0.0613,-0.0673,-0.0649,0.0313,4.8447,-0.0609
10069.9,99,-0.0643,-0.0673,-0.0695,0.0313,4.8450,-0.0594
10079.9,100,-0.0659,-0.0627,-0.0741,0.0313,4.8447,-0.0640
10089.9,101,-0.0720,-0.0627,-0.0802,0.0304,4.8447,-0.0670
10099.9,102,-0.0765,-0.0643,-0.0802,0.0313,4.8450,-0.0716
10109.9,103,-0.0826,-0.0689,-0.0741,0.0313,4.8450,-0.0777
10119.9,104,-0.0857,-0.0765,-0.0756,0.0313,4.8456,-0.0777
10129.9,105,-0.0826,-0.0826,-0.0772,0.0313,4.8450,-0.0777
10139.9,106,-0.0796,-0.0811,-0.0756,0.0313,4.8453,-0.0777
10149.9,107,-0.0765,-0.0765,-0.0772,0.0322,4.8453,-0.0716
10159.9,108,-0.0704,-0.0750,-0.0741,0.0322,4.8450,-0.0686
10169.9,109,-0.0704,-0.0765,-0.0756,0.0313,4.8456,-0.0655
10179.9,110,-0.0674,-0.0765,-0.0787,0.0313,4.8456,-0.0640
10189.9,111,-0.0689,-0.0704,-0.0710,0.0313,4.8456,-0.0640
10199.9,112,-0.0628,-0.0734,-0.0649,0.0322,4.8456,-0.0625
10209.9,113,-0.0582,-0.0734,-0.0695,0.0322,4.8456,-0.0625
10219.9,114,-0.0582,-0.0734,-0.0710,0.0322,4.8453,-0.0655
10229.9,115,-0.0598,-0.0719,-0.0665,0.0331,4.8459,-0.0670
10239.9,116,-0.0598,-0.0765,-0.0604,0.0322,4.8459,-0.0655
10249.9,117,-0.0598,-0.0719,-0.0634,0.0331,4.8456,-0.0609
10259.9,118,-0.0659,-0.0658,-0.0634,0.0313,4.8456,-0.0594
10269.9,119,-0.0720,-0.0658,-0.0604,0.0322,4.8453,-0.0686
10279.9,120,-0.0750,-0.0673,-0.0634,0.0322,4.8456,-0.0716
10289.9,121,-0.0720,-0.0612,-0.0649,0.0313,4.8459,-0.0716
10299.9,122,-0.0704,-0.0612,-0.0695,0.0313,4.8456,-0.0701
10309.9,123,-0.0720,-0.0551,-0.0710,0.0322,4.8459,-0.0716
10319.9,124,-0.0781,-0.0536,-0.0710,0.0313,4.8459,-0.0701
10329.9,125,-0.0765,-0.0566,-0.0726,0.0313,4.8459,-0.0701
10339.9,126,-0.0735,-0.0612,-0.0710,0.0313,4.8456,-0.0701
10349.9,127,-0.0689,-0.0643,-0.0695,0.0313,4.8456,-0.0670
10359.9,128,-0.0704,-0.0658,-0.0665,0.0313,4.8459,-0.0655
10369.9,129,-0.0735,-0.0719,-0.0649,0.0313,4.8462,-0.0655
10379.9,130,-0.0796,-0.0734,-0.0680,0.0322,4.8456,-0.0670
10389.9,131,-0.0811,-0.0719,-0.0695,0.0313,4.8459,-0.0732
10399.9,132,-0.0781,-0.0689,-0.0726,0.0322,4.8462,-0.0777
10409.9,133,-0.0765,-0.0643,-0.0710,0.0313,4.8459,-0.0762
10419.9,134,-0.0720,-0.0612,-0.0741,0.0313,4.8462,-0.0732
10429.9,135,-0.0674,-0.0612,-0.0772,0.0331,4.8462,-0.0732
10439.9,136,-0.0704,-0.0673,-0.0787,0.0313,4.8465,-0.0808
10449.9,137,-0.0720,-0.0734,-0.0772,0.0313,4.8468,-0.0823
10459.9,138,-0.0689,-0.0811,-0.0741,0.0322,4.8465,-0.0793
10469.9,139,-0.0720,-0.0780,-0.0741,0.0322,4.8471,-0.0777
10479.9,140,-0.0720,-0.0704,-0.0710,0.0322,4.8468,-0.0777
10489.9,141,-0.0704,-0.0643,-0.0741,0.0322,4.8468,-0.0732
10499.9,142,-0.0750,-0.0704,-0.0772,0.0313,4.8468,-0.0686
10509.9,143,-0.0811,-0.0780,-0.0756,0.0313,4.8468,-0.0747
10519.9,144,-0.0811,-0.0719,-0.0695,0.0322,4.8468,-0.0793
10529.9,145,-0.0811,-0.0704,-0.0756,0.0322,4.8468,-0.0808
10539.9,146,-0.0811,-0.0765,-0.0756,0.0313,4.8468,-0.0793
10549.9,147,-0.0842,-0.0811,-0.0802,0.0322,4.8468,-0.0762
10559.9,148,-0.0826,-0.0780,-0.0772,0.0313,4.8468,-0.0747
10569.9,149,-0.0826,-0.0780,-0.0756,0.0322,4.8465,-0.0732
10579.9,150,-0.0781,-0.0780,-0.0833,0.0313,4.8465,-0.0732
10589.9,151,-0.0750,-0.0719,-0.0817,0.0322,4.8468,-0.0762
10599.9,152,-0.0704,-0.0734,-0.0817,0.0322,4.8471,-0.0732
10609.9,153,-0.0735,-0.0704,-0.0833,0.0322,4.8471,-0.0732
10619.9,154,-0.0720,-0.0734,-0.0802,0.0331,4.8474,-0.0732
10629.9,155,-0.0689,-0.0750,-0.0817,0.0322,4.8471,-0.0747
10639.9,156,-0.0704,-0.0795,-0.0817,0.0331,4.8474,-0.0777
10649.9,157,-0.0659,-0.0826,-0.0772,0.0322,4.8471,-0.0762
10659.9,158,-0.0735,-0.0856,-0.0756,0.0322,4.8474,-0.0732
10669.9,159,-0.0765,-0.0856,-0.0726,0.0322,4.8471,-0.0716
10679.9,160,-0.0735,-0.0887,-0.0710,0.0322,4.8471,-0.0655
10689.9,161,-0.0689,-0.0856,-0.0756,0.0322,4.8471,-0.0701
10699.9,162,-0.0704,-0.0780,-0.0787,0.0313,4.8471,-0.0747
10709.9,163,-0.0720,-0.0734,-0.0787,0.0331,4.8468,-0.0716
10719.9,164,-0.0704,-0.0734,-0.0756,0.0322,4.8471,-0.0686
10729.9,165,-0.0643,-0.0750,-0.0741,0.0313,4.8465,-0.0655
10739.9,166,-0.0643,-0.0765,-0.0649,0.0331,4.8471,-0.0640
10749.9,167,-0.0674,-0.0750,-0.0634,0.0331,4.8471,-0.0670
10759.9,168,-0.0689,-0.0734,-0.0665,0.0331,4.8471,-0.0716
10769.9,169,-0.0735,-0.0673,-0.0695,0.0322,4.8471,-0.0762
10779.9,170,-0.0750,-0.0612,-0.0710,0.0322,4.8474,-0.0716
10789.9,171,-0.0735,-0.0597,-0.0741,0.0331,4.8468,-0.0701
10799.9,172,-0.0735,-0.0612,-0.0710,0.0331,4.8468,-0.0686
10809.9,173,-0.0704,-0.0612,-0.0665,0.0322,4.8471,-0.0686
10819.9,174,-0.0720,-0.0582,-0.0649,0.0331,4.8468,-0.0686
10829.9,175,-0.0735,-0.0612,-0.0695,0.0322,4.8471,-0.0670
10839.9,176,-0.0750,-0.0582,-0.0710,0.0322,4.8468,-0.0655
10849.9,177,-0.0720,-0.0612,-0.0695,0.0322,4.8468,-0.0640
10859.9,178,-0.0674,-0.0643,-0.0680,0.0331,4.8471,-0.0670
10869.9,179,-0.0643,-0.0643,-0.0634,0.0331,4.8468,-0.0686
10879.9,180,-0.0659,-0.0643,-0.0573,0.0331,4.8471,-0.0701
10889.9,181,-0.0643,-0.0627,-0.0543,0.0331,4.8471,-0.0670
10899.9,182,-0.0643,-0.0612,-0.0558,0.0322,4.8471,-0.0686
10909.9,183,-0.0674,-0.0566,-0.0604,0.0331,4.8471,-0.0716
10919.9,184,-0.0643,-0.0582,-0.0665,0.0331,4.8471,-0.0762
10929.9,185,-0.0613,-0.0597,-0.0680,0.0331,4.8471,-0.0732
10939.9,186,-0.0643,-0.0658,-0.0695,0.0331,4.8468,-0.0670
10949.9,187,-0.0628,-0.0673,-0.0726,0.0331,4.8471,-0.0670
10959.9,188,-0.0628,-0.0689,-0.0710,0.0339,4.8471,-0.0686
10969.9,189,-0.0598,-0.0673,-0.0680,0.0322,4.8465,-0.0670
10979.9,190,-0.0552,-0.0673,-0.0665,0.0331,4.8468,-0.0640
10989.9,191,-0.0552,-0.0643,-0.0619,0.0331,4.8468,-0.0655
10999.9,192,-0.0552,-0.0643,-0.0649,0.0331,4.8471,-0.0670
11009.9,193,-0.0567,-0.0673,-0.0649,0.0331,4.8468,-0.0640
11019.9,194,-0.0582,-0.0689,-0.0634,0.0339,4.8468,-0.0640
11029.9,195,-0.0582,-0.0704,-0.0634,0.0331,4.8468,-0.0655
11039.9,196,-0.0598,-0.0658,-0.0634,0.0331,4.8465,-0.0609
11049.9,197,-0.0613,-0.0643,-0.0619,0.0322,4.8465,-0.0594
11059.9,198,-0.0643,-0.0627,-0.0619,0.0331,4.8468,-0.0564
11069.9,199,-0.0628,-0.0597,-0.0634,0.0331,4.8468,-0.0533
11079.9,200,-0.0659,-0.0597,-0.0619,0.0331,4.8462,-0.0548
11089.9,201,-0.0643,-0.0612,-0.0665,0.0331,4.8465,-0.0579
11099.9,202,-0.0567,-0.0673,-0.0680,0.0322,4.8468,-0.0609
11109.9,203,-0.0582,-0.0658,-0.0680,0.0331,4.8468,-0.0625
11119.9,204,-0.0628,-0.0704,-0.0695,0.0331,4.8465,-0.0670
11129.9,205,-0.0659,-0.0780,-0.0665,0.0339,4.8468,-0.0747
11139.9,206,-0.0674,-0.0750,-0.0695,0.0322,4.8465,-0.0808
11149.9,207,-0.0704,-0.0734,-0.0649,0.0331,4.8468,-0.0747
11159.9,208,-0.0689,-0.0673,-0.0649,0.0339,4.8465,-0.0732
11169.9,209,-0.0659,-0.0643,-0.0649,0.0339,4.8465,-0.0732
11179.9,210,-0.0659,-0.0643,-0.0710,0.0331,4.8462,-0.0701
11189.9,211,-0.0674,-0.0627,-0.0710,0.0322,4.8462,-0.0655
11199.9,212,-0.0689,-0.0673,-0.0695,0.0322,4.8465,-0.0609
11209.9,213,-0.0674,-0.0627,-0.0695,0.0322,4.8468,-0.0609
11219.9,214,-0.0689,-0.0704,-0.0710,0.0339,4.8462,-0.0594
11229.9,215,-0.0720,-0.0734,-0.0695,0.0331,4.8465,-0.0579
11239.9,216,-0.0720,-0.0689,-0.0665,0.0331,4.8468,-0.0594
11249.9,217,-0.0720,-0.0673,-0.0680,0.0322,4.8465,-0.0625
11259.9,218,-0.0704,-0.0673,-0.0665,0.0322,4.8465,-0.0640
11269.9,219,-0.0689,-0.0704,-0.0619,0.0322,4.8468,-0.0655
11279.9,220,-0.0659,-0.0734,-0.0680,0.0339,4.8465,-0.0747
11289.9,221,-0.0613,-0.0734,-0.0726,0.0322,4.8465,-0.0777
11299.9,222,-0.0582,-0.0765,-0.0756,0.0339,4.8468,-0.0732
11309.9,223,-0.0582,-0.0719,-0.0710,0.0339,4.8468,-0.0670
11319.9,224,-0.0598,-0.0643,-0.0680,0.0313,4.8468,-0.0655
11329.9,225,-0.0643,-0.0612,-0.0726,0.0322,4.8465,-0.0686
11339.9,226,-0.0659,-0.0566,-0.0649,0.0322,4.8465,-0.0686
11349.9,227,-0.0659,-0.0658,-0.0619,0.0348,4.8465,-0.0670
11359.9,228,-0.0628,-0.0704,-0.0634,0.0331,4.8465,-0.0670
11369.9,229,-0.0628,-0.0704,-0.0665,0.0339,4.8468,-0.0609
11379.9,230,-0.0643,-0.0689,-0.0665,0.0331,4.8462,-0.0594
11389.9,231,-0.0628,-0.0643,-0.0619,0.0331,4.8465,-0.0609
11399.9,232,-0.0567,-0.0551,-0.0604,0.0331,4.8462,-0.0594
11409.9,233,-0.0567,-0.0521,-0.0573,0.0339,4.8465,-0.0518
11419.9,234,-0.0552,-0.0475,-0.0497,0.0322,4.8468,-0.0472
11429.9,235,-0.0491,-0.0429,-0.0466,0.0339,4.8462,-0.0426
11439.9,236,-0.0445,-0.0429,-0.0436,0.0331,4.8462,-0.0381
11449.9,237,-0.0399,-0.0383,-0.0451,0.0339,4.8459,-0.0335
11459.9,238,-0.0323,-0.0353,-0.0405,0.0331,4.8459,-0.0350
11469.9,239,-0.0292,-0.0338,-0.0405,0.0339,4.8456,-0.0320
11479.9,240,-0.0353,-0.0399,-0.0421,0.0339,4.8456,-0.0396
11489.9,241,-0.0414,-0.0414,-0.0390,0.0331,4.8453,-0.0411
11499.9,242,-0.0384,-0.0429,-0.0390,0.0331,4.8450,-0.0457
11509.9,243,-0.0414,-0.0490,-0.0405,0.0331,4.8453,-0.0518
11519.9,244,-0.0430,-0.0490,-0.0466,0.0331,4.8453,-0.0548
11529.9,245,-0.0460,-0.0475,-0.0512,0.0331,4.8453,-0.0518
11539.9,246,-0.0521,-0.0490,-0.0466,0.0339,4.8450,-0.0548
11549.9,247,-0.0567,-0.0612,-0.0436,0.0331,4.8453,-0.0579
11559.9,248,-0.0598,-0.0643,-0.0482,0.0331,4.8450,-0.0625
11569.9,249,-0.0536,-0.0612,-0.0543,0.0331,4.8453,-0.0625
11579.9,250,-0.0521,-0.0658,-0.0604,0.0331,4.8450,-0.0609
11589.9,251,-0.0521,-0.0643,-0.0665,0.0339,4.8450,-0.0609
11599.9,252,-0.0567,-0.0612,-0.0649,0.0331,4.8453,-0.0594
11609.9,253,-0.0582,-0.0627,-0.0634,0.0331,4.8453,-0.0579
11619.9,254,-0.0613,-0.0597,-0.0665,0.0331,4.8447,-0.0609
11629.9,255,-0.0628,-0.0643,-0.0649,0.0331,4.8450,-0.0625
11639.9,0,-0.0613,-0.0643,-0.0665,0.0339,4.8450,-0.0564
11649.9,1,-0.0628,-0.0612,-0.0634,0.0331,4.8453,-0.0548
11659.9,2,-0.0582,-0.0582,-0.0543,0.0331,4.8453,-0.0594
11669.9,3,-0.0567,-0.0551,-0.0558,0.0331,4.8453,-0.0655
11679.9,4,-0.0582,-0.0566,-0.0543,0.0339,4.8453,-0.0670
11689.9,5,-0.0613,-0.0612,-0.0573,0.0322,4.8450,-0.0640
11699.9,6,-0.0613,-0.0643,-0.0604,0.0331,4.8453,-0.0640
11709.9,7,-0.0613,-0.0627,-0.0619,0.0331,4.8453,-0.0686
11719.9,8,-0.0643,-0.0627,-0.0604,0.0331,4.8453,-0.0655
11729.9,9,-0.0659,-0.0627,-0.0588,0.0331,4.8450,-0.0670
11739.9,10,-0.0659,-0.0673,-0.0588,0.0331,4.8453,-0.0670
11749.9,11,-0.0689,-0.0658,-0.0619,0.0331,4.8453,-0.0701
11759.9,12,-0.0704,-0.0627,-0.0604,0.0331,4.8456,-0.0670
11769.9,13,-0.0628,-0.0627,-0.0573,0.0322,4.8456,-0.0625
11779.9,14,-0.0628,-0.0658,-0.0573,0.0339,4.8453,-0.0594
11789.9,15,-0.0643,-0.0734,-0.0604,0.0339,4.8453,-0.0625
11799.9,16,-0.0613,-0.0719,-0.0649,0.0322,4.8456,-0.0670
11809.9,17,-0.0613,-0.0658,-0.0680,0.0331,4.8459,-0.0670
11819.9,18,-0.0613,-0.0643,-0.0680,0.0331,4.8456,-0.0640
11829.9,19,-0.0598,-0.0627,-0.0680,0.0331,4.8453,-0.0686
11839.9,20,-0.0628,-0.0643,-0.0665,0.0331,4.8453,-0.0625
11849.9,21,-0.0582,-0.0597,-0.0619,0.0331,4.8453,-0.0564
11859.9,22,-0.0582,-0.0582,-0.0619,0.0331,4.8453,-0.0564
11869.9,23,-0.0521,-0.0551,-0.0619,0.0331,4.8450,-0.0564
11879.9,24,-0.0521,-0.0551,-0.0634,0.0331,4.8453,-0.0564
11889.9,25,-0.0460,-0.0536,-0.0588,0.0339,4.8453,-0.0533
11899.9,26,-0.0384,-0.0460,-0.0451,0.0331,4.8450,-0.0487
11909.9,27,-0.0369,-0.0368,-0.0344,0.0339,4.8447,-0.0381
11919.9,28,-0.0262,-0.0307,-0.0268,0.0322,4.8447,-0.0335
11929.9,29,-0.0170,-0.0277,-0.0192,0.0331,4.8444,-0.0213
11939.9,30,-0.0063,-0.0185,-0.0085,0.0339,4.8444,-0.0091
11949.9,31,-0.0018,-0.0048,-0.0009,0.0339,4.8438,0.0092
11959.9,32,0.0135,0.0105,0.0083,0.0339,4.8438,0.0245
11969.9,33,0.0287,0.0303,0.0236,0.0322,4.8434,0.0398
11979.9,34,0.0455,0.0441,0.0403,0.0339,4.8428,0.0535
11989.9,35,0.0577,0.0639,0.0571,0.0331,4.8425,0.0627
11999.9,36,0.0699,0.0746,0.0693,0.0331,4.8419,0.0749
12009.9,37,0.0822,0.0883,0.0754,0.0339,4.8410,0.0886
12019.9,38,0.0913,0.1020,0.0815,0.0339,4.8398,0.0993
12029.9,39,0.1020,0.1112,0.1014,0.0348,4.8392,0.1145
12039.9,40,0.1142,0.1173,0.1197,0.0322,4.8386,0.1298
12049.9,41,0.1234,0.1326,0.1273,0.0331,4.8376,0.1389
12059.9,42,0.1356,0.1387,0.1380,0.0331,4.8367,0.1405
12069.9,43,0.1432,0.1387,0.1487,0.0331,4.8364,0.1450
12079.9,44,0.1523,0.1387,0.1533,0.0339,4.8355,0.1466
12089.9,45,0.1554,0.1509,0.1517,0.0331,4.8349,0.1450
12099.9,46,0.1508,0.1570,0.1472,0.0322,4.8340,0.1481
12109.9,47,0.1478,0.1600,0.1441,0.0339,4.8331,0.1466
12119.9,48,0.1462,0.1555,0.1456,0.0331,4.8325,0.1466
12129.9,49,0.1447,0.1463,0.1456,0.0331,4.8312,0.1527
12139.9,50,0.1478,0.1432,0.1456,0.0331,4.8309,0.1527
12149.9,51,0.1462,0.1478,0.1563,0.0322,4.8303,0.1450
12159.8,52,0.1478,0.1570,0.1563,0.0331,4.8297,0.1420
12169.8,53,0.1523,0.1539,0.1609,0.0331,4.8291,0.1405
12179.8,54,0.1508,0.1494,0.1563,0.0339,4.8285,0.1389
12189.8,55,0.1447,0.1478,0.1472,0.0322,4.8279,0.1435
12199.8,56,0.1386,0.1417,0.1365,0.0322,4.8276,0.1389
12209.8,57,0.1371,0.1371,0.1273,0.0322,4.8270,0.1283
12219.8,58,0.1386,0.1356,0.1212,0.0322,4.8264,0.1283
12229.8,59,0.1371,0.1356,0.1136,0.0322,4.8257,0.1222
12239.8,60,0.1325,0.1280,0.1105,0.0313,4.8251,0.1206
12249.8,61,0.1310,0.1219,0.1105,0.0313,4.8248,0.1176
12259.8,62,0.1249,0.1158,0.1121,0.0313,4.8248,0.1191
12269.8,63,0.1218,0.1127,0.1105,0.0331,4.8242,0.1237
12279.8,64,0.1157,0.1127,0.1105,0.0322,4.8236,0.1222
12289.8,65,0.1172,0.1143,0.1136,0.0322,4.8233,0.1222
12299.8,66,0.1172,0.1173,0.1151,0.0322,4.8236,0.1161
12309.8,67,0.1157,0.1173,0.1121,0.0304,4.8230,0.1176
12319.8,68,0.1111,0.1112,0.1044,0.0313,4.8227,0.1130
12329.8,69,0.1142,0.1051,0.0998,0.0322,4.8224,0.1084
12339.8,70,0.1081,0.1020,0.1014,0.0313,4.8221,0.1069
12349.8,71,0.1066,0.1051,0.0998,0.0322,4.8218,0.1039
12359.8,72,0.1066,0.1036,0.0953,0.0322,4.8221,0.1054
12369.8,73,0.1050,0.1020,0.0922,0.0313,4.8218,0.1084
12379.8,74,0.1020,0.1005,0.0922,0.0313,4.8215,0.1054
12389.8,75,0.1020,0.0959,0.0968,0.0313,4.8212,0.0993
12399.8,76,0.1005,0.0929,0.0953,0.0304,4.8209,0.0977
12409.8,77,0.0913,0.0929,0.0892,0.0313,4.8209,0.0993
12419.8,78,0.0898,0.0898,0.0831,0.0322,4.8209,0.0977
12429.8,79,0.0883,0.0883,0.0846,0.0313,4.8203,0.0916
12439.8,80,0.0837,0.0898,0.0815,0.0313,4.8206,0.0901
12449.8,81,0.0898,0.0868,0.0831,0.0313,4.8206,0.0871
12459.8,82,0.0913,0.0822,0.0815,0.0313,4.8203,0.0810
12469.8,83,0.0913,0.0776,0.0815,0.0304,4.8203,0.0825
12479.8,84,0.0822,0.0700,0.0754,0.0304,4.8206,0.0886
12489.8,85,0.0806,0.0700,0.0754,0.0313,4.8203,0.0871
12499.8,86,0.0791,0.0685,0.0785,0.0304,4.8203,0.0871
12509.8,87,0.0730,0.0715,0.0785,0.0287,4.8199,0.0855
12519.8,88,0.0654,0.0700,0.0770,0.0313,4.8196,0.0794
12529.8,89,0.0654,0.0685,0.0739,0.0304,4.8199,0.0733
12539.8,90,0.0638,0.0700,0.0678,0.0313,4.8196,0.0703
12549.8,91,0.0638,0.0715,0.0617,0.0313,4.8199,0.0642
12559.8,92,0.0608,0.0731,0.0556,0.0313,4.8203,0.0565
12569.8,93,0.0638,0.0715,0.0556,0.0304,4.8199,0.0504
12579.8,94,0.0623,0.0639,0.0510,0.0296,4.8203,0.0459
12589.8,95,0.0593,0.0578,0.0510,0.0296,4.8203,0.0459
12599.8,96,0.0577,0.0578,0.0510,0.0304,4.8203,0.0459
12609.8,97,0.0562,0.0563,0.0525,0.0296,4.8206,0.0504
12619.8,98,0.0562,0.0532,0.0525,0.0313,4.8209,0.0535
12629.8,99,0.0593,0.0532,0.0495,0.0313,4.8206,0.0520
12639.8,100,0.0547,0.0532,0.0464,0.0296,4.8209,0.0489
12649.8,101,0.0532,0.0517,0.0419,0.0304,4.8209,0.0443
12659.8,102,0.0486,0.0456,0.0419,0.0304,4.8209,0.0428
12669.8,103,0.0471,0.0410,0.0403,0.0304,4.8209,0.0413
12679.8,104,0.0455,0.0502,0.0358,0.0313,4.8212,0.0382
12689.8,105,0.0455,0.0517,0.0312,0.0304,4.8212,0.0382
12699.8,106,0.0440,0.0563,0.0327,0.0313,4.8212,0.0382
12709.8,107,0.0471,0.0456,0.0358,0.0304,4.8209,0.0413
12719.8,108,0.0471,0.0441,0.0388,0.0287,4.8209,0.0413
12729.8,109,0.0455,0.0471,0.0419,0.0296,4.8209,0.0459
12739.8,110,0.0440,0.0364,0.0373,0.0296,4.8209,0.0367
12749.8,111,0.0364,0.0319,0.0342,0.0304,4.8215,0.0245
12759.8,112,0.0349,0.0258,0.0281,0.0313,4.8215,0.0230
12769.8,113,0.0272,0.0197,0.0281,0.0287,4.8218,0.0245
12779.8,114,0.0211,0.0166,0.0236,0.0296,4.8221,0.0169
12789.8,115,0.0181,0.0135,0.0190,0.0287,4.8224,0.0153
12799.8,116,0.0120,0.0074,0.0190,0.0287,4.8224,0.0138
12809.8,117,0.0074,0.0074,0.0144,0.0287,4.8230,0.0138
12819.8,118,0.0089,0.0135,0.0144,0.0287,4.8230,0.0138
12829.8,119,0.0089,0.0120,0.0129,0.0296,4.8230,0.0138
12839.8,120,0.0059,0.0059,0.0129,0.0304,4.8233,0.0123
12849.8,121,0.0043,0.0044,0.0083,0.0296,4.8236,0.0077
12859.8,122,0.0043,0.0044,0.0052,0.0296,4.8239,0.0047
12869.8,123,0.0059,0.0029,0.0007,0.0287,4.8242,-0.0045
12879.8,124,0.0013,0.0029,-0.0009,0.0287,4.8245,-0.0060
12889.8,125,0.0013,0.0044,0.0037,0.0296,4.8245,-0.0030
12899.8,126,0.0043,0.0074,0.0052,0.0287,4.8242,-0.0014
12909.8,127,0.0074,0.0090,0.0052,0.0287,4.8248,0.0047
12919.8,128,0.0150,0.0151,0.0083,0.0287,4.8248,0.0138
12929.8,129,0.0257,0.0197,0.0159,0.0296,4.8248,0.0199
12939.8,130,0.0333,0.0242,0.0205,0.0287,4.8251,0.0260
12949.8,131,0.0379,0.0288,0.0327,0.0287,4.8248,0.0321
12959.8,132,0.0394,0.0273,0.0373,0.0296,4.8251,0.0413
12969.8,133,0.0410,0.0319,0.0403,0.0296,4.8251,0.0459
12979.8,134,0.0471,0.0319,0.0373,0.0278,4.8248,0.0443
12989.8,135,0.0486,0.0410,0.0388,0.0278,4.8248,0.0428
12999.8,136,0.0471,0.0486,0.0358,0.0296,4.8251,0.0428
13009.8,137,0.0440,0.0486,0.0342,0.0287,4.8248,0.0443
13019.8,138,0.0425,0.0456,0.0342,0.0287,4.8248,0.0428
13029.8,139,0.0440,0.0441,0.0434,0.0278,4.8248,0.0413
13039.8,140,0.0440,0.0425,0.0464,0.0296,4.8248,0.0459
13049.8,141,0.0471,0.0456,0.0464,0.0287,4.8251,0.0474
13059.8,142,0.0410,0.0425,0.0464,0.0278,4.8251,0.0459
13069.8,143,0.0455,0.0425,0.0434,0.0287,4.8248,0.0413
13079.8,144,0.0486,0.0410,0.0495,0.0287,4.8251,0.0367
13089.8,145,0.0440,0.0425,0.0434,0.0287,4.8245,0.0382
13099.8,146,0.0471,0.0410,0.0434,0.0287,4.8248,0.0428
13109.8,147,0.0471,0.0364,0.0464,0.0287,4.8251,0.0489
13119.8,148,0.0471,0.0334,0.0464,0.0278,4.8248,0.0504
13129.8,149,0.0471,0.0380,0.0480,0.0296,4.8248,0.0520
13139.8,150,0.0440,0.0425,0.0464,0.0287,4.8251,0.0474
13149.8,151,0.0364,0.0364,0.0434,0.0278,4.8248,0.0443
13159.8,152,0.0318,0.0334,0.0434,0.0278,4.8251,0.0321
13169.8,153,0.0287,0.0288,0.0434,0.0270,4.8248,0.0276
13179.8,154,0.0272,0.0273,0.0358,0.0278,4.8251,0.0276
13189.8,155,0.0226,0.0197,0.0236,0.0287,4.8251,0.0260
13199.8,156,0.0196,0.0181,0.0175,0.0278,4.8251,0.0184
13209.8,157,0.0196,0.0166,0.0098,0.0287,4.8251,0.0092
13219.8,158,0.0135,0.0135,0.0083,0.0278,4.8251,0.0047
13229.8,159,0.0059,0.0059,0.0113,0.0278,4.8257,0.0001
13239.8,160,0.0013,0.0013,0.0113,0.0278,4.8260,0.0001
13249.8,161,-0.0048,-0.0017,0.0037,0.0287,4.8260,0.0016
13259.8,162,-0.0048,-0.0063,-0.0024,0.0278,4.8264,0.0031
13269.8,163,-0.0048,-0.0032,-0.0085,0.0278,4.8267,0.0016
13279.8,164,-0.0063,-0.0032,-0.0039,0.0287,4.8270,-0.0014
13289.8,165,-0.0063,-0.0063,-0.0070,0.0278,4.8267,-0.0060
13299.8,166,-0.0109,-0.0139,-0.0131,0.0287,4.8273,-0.0106
13309.8,167,-0.0170,-0.0170,-0.0176,0.0278,4.8276,-0.0106
13319.8,168,-0.0170,-0.0200,-0.0161,0.0278,4.8276,-0.0152
13329.8,169,-0.0140,-0.0185,-0.0176,0.0278,4.8273,-0.0167
13339.8,170,-0.0109,-0.0124,-0.0237,0.0278,4.8282,-0.0213
13349.8,171,-0.0125,-0.0200,-0.0237,0.0287,4.8279,-0.0197
13359.8,172,-0.0155,-0.0215,-0.0222,0.0287,4.8282,-0.0182
13369.8,173,-0.0186,-0.0246,-0.0192,0.0278,4.8282,-0.0182
13379.8,174,-0.0170,-0.0246,-0.0161,0.0278,4.8288,-0.0152
13389.8,175,-0.0262,-0.0307,-0.0146,0.0278,4.8291,-0.0182
13399.8,176,-0.0292,-0.0307,-0.0222,0.0278,4.8294,-0.0258
13409.8,177,-0.0292,-0.0338,-0.0329,0.0278,4.8297,-0.0335
13419.8,178,-0.0369,-0.0383,-0.0390,0.0278,4.8300,-0.0411
13429.8,179,-0.0399,-0.0399,-0.0405,0.0270,4.8303,-0.0411
13439.8,180,-0.0445,-0.0475,-0.0482,0.0270,4.8306,-0.0457
13449.8,181,-0.0445,-0.0475,-0.0482,0.0278,4.8306,-0.0503
13459.8,182,-0.0506,-0.0536,-0.0543,0.0278,4.8312,-0.0548
13469.8,183,-0.0536,-0.0551,-0.0482,0.0287,4.8318,-0.0548
13479.8,184,-0.0506,-0.0582,-0.0390,0.0287,4.8322,-0.0564
13489.8,185,-0.0536,-0.0627,-0.0405,0.0278,4.8322,-0.0564
13499.8,186,-0.0567,-0.0597,-0.0482,0.0278,4.8322,-0.0548
13509.8,187,-0.0521,-0.0582,-0.0558,0.0270,4.8325,-0.0518
13519.8,188,-0.0506,-0.0505,-0.0573,0.0278,4.8331,-0.0564
13529.8,189,-0.0506,-0.0536,-0.0604,0.0270,4.8334,-0.0640
13539.8,190,-0.0536,-0.0551,-0.0573,0.0287,4.8334,-0.0670
13549.8,191,-0.0521,-0.0521,-0.0512,0.0278,4.8334,-0.0594
13559.8,192,-0.0536,-0.0460,-0.0466,0.0270,4.8340,-0.0564
13569.8,193,-0.0506,-0.0475,-0.0421,0.0270,4.8343,-0.0518
13579.8,194,-0.0521,-0.0460,-0.0436,0.0287,4.8346,-0.0503
13589.8,195,-0.0567,-0.0521,-0.0497,0.0287,4.8349,-0.0548
13599.8,196,-0.0582,-0.0521,-0.0543,0.0287,4.8352,-0.0548
13609.8,197,-0.0552,-0.0505,-0.0573,0.0278,4.8352,-0.0487
13619.8,198,-0.0552,-0.0475,-0.0619,0.0278,4.8352,-0.0518
13629.8,199,-0.0567,-0.0490,-0.0619,0.0278,4.8355,-0.0533
13639.8,200,-0.0552,-0.0521,-0.0543,0.0278,4.8355,-0.0625
13649.8,201,-0.0521,-0.0490,-0.0512,0.0287,4.8361,-0.0625
13659.8,202,-0.0491,-0.0475,-0.0512,0.0287,4.8364,-0.0609
13669.8,203,-0.0506,-0.0475,-0.0527,0.0278,4.8364,-0.0579
13679.8,204,-0.0506,-0.0551,-0.0543,0.0278,4.8364,-0.0487
13689.8,205,-0.0506,-0.0566,-0.0588,0.0278,4.8367,-0.0426
13699.8,206,-0.0521,-0.0582,-0.0573,0.0278,4.8367,-0.0442
13709.8,207,-0.0506,-0.0536,-0.0543,0.0287,4.8370,-0.0503
13719.8,208,-0.0460,-0.0460,-0.0512,0.0287,4.8373,-0.0487
13729.8,209,-0.0445,-0.0368,-0.0436,0.0296,4.8370,-0.0548
13739.8,210,-0.0414,-0.0368,-0.0436,0.0287,4.8373,-0.0579
13749.8,211,-0.0353,-0.0368,-0.0451,0.0287,4.8373,-0.0503
13759.8,212,-0.0277,-0.0383,-0.0390,0.0287,4.8373,-0.0411
13769.8,213,-0.0292,-0.0368,-0.0421,0.0287,4.8373,-0.0335
13779.8,214,-0.0399,-0.0414,-0.0405,0.0296,4.8376,-0.0320
13789.8,215,-0.0399,-0.0368,-0.0436,0.0296,4.8380,-0.0381
13799.8,216,-0.0353,-0.0353,-0.0436,0.0278,4.8376,-0.0442
13809.8,217,-0.0338,-0.0307,-0.0405,0.0287,4.8380,-0.0411
13819.8,218,-0.0384,-0.0322,-0.0436,0.0287,4.8383,-0.0426
13829.8,219,-0.0430,-0.0338,-0.0451,0.0278,4.8383,-0.0411
13839.8,220,-0.0430,-0.0383,-0.0405,0.0287,4.8380,-0.0396
13849.8,221,-0.0445,-0.0414,-0.0390,0.0296,4.8383,-0.0426
13859.8,222,-0.0475,-0.0460,-0.0421,0.0296,4.8386,-0.0457
13869.8,223,-0.0460,-0.0490,-0.0466,0.0287,4.8386,-0.0472
13879.8,224,-0.0460,-0.0444,-0.0451,0.0287,4.8383,-0.0426
13889.8,225,-0.0369,-0.0383,-0.0451,0.0278,4.8383,-0.0365
13899.8,226,-0.0277,-0.0322,-0.0344,0.0278,4.8383,-0.0335
13909.8,227,-0.0247,-0.0292,-0.0222,0.0296,4.8383,-0.0243
13919.8,228,-0.0186,-0.0200,-0.0192,0.0287,4.8386,-0.0182
13929.8,229,-0.0140,-0.0154,-0.0192,0.0278,4.8383,-0.0152
13939.8,230,-0.0079,-0.0124,-0.0131,0.0287,4.8380,-0.0106
13949.8,231,-0.0048,-0.0063,-0.0131,0.0278,4.8383,-0.0091
13959.8,232,-0.0048,-0.0048,-0.0131,0.0278,4.8383,-0.0091
13969.8,233,0.0013,-0.0048,-0.0070,0.0287,4.8380,-0.0075
13979.8,234,0.0013,-0.0063,-0.0009,0.0278,4.8380,-0.0121
13989.8,235,-0.0002,-0.0032,-0.0024,0.0287,4.8380,-0.0091
13999.8,236,-0.0018,0.0013,-0.0070,0.0296,4.8376,-0.0091
14009.8,237,-0.0033,-0.0032,-0.0054,0.0278,4.8376,-0.0014
14019.8,238,-0.0048,-0.0017,-0.0039,0.0287,4.8367,0.0001
14029.8,239,-0.0018,0.0013,-0.0024,0.0287,4.8370,0.0016
14039.8,240,-0.0033,0.0029,-0.0039,0.0287,4.8373,-0.0045
14049.8,241,-0.0063,0.0044,-0.0039,0.0287,4.8367,-0.0045
14059.8,242,-0.0094,0.0044,0.0007,0.0287,4.8364,-0.0045
14069.8,243,-0.0140,0.0074,-0.0024,0.0278,4.8367,-0.0030
14079.8,244,-0.0155,-0.0017,-0.0070,0.0287,4.8367,-0.0075
14089.8,245,-0.0140,-0.0109,-0.0131,0.0278,4.8370,-0.0091
14099.8,246,-0.0155,-0.0215,-0.0192,0.0287,4.8373,-0.0121
14109.8,247,-0.0170,-0.0261,-0.0222,0.0287,4.8370,-0.0167
14119.8,248,-0.0216,-0.0307,-0.0283,0.0287,4.8367,-0.0197
14129.8,249,-0.0247,-0.0292,-0.0299,0.0287,4.8373,-0.0243
14139.8,250,-0.0292,-0.0353,-0.0329,0.0287,4.8373,-0.0289
14149.8,251,-0.0277,-0.0368,-0.0390,0.0287,4.8367,-0.0304
14159.8,252,-0.0323,-0.0383,-0.0390,0.0287,4.8370,-0.0365
14169.8,253,-0.0338,-0.0414,-0.0405,0.0287,4.8376,-0.0426
14179.8,254,-0.0384,-0.0368,-0.0466,0.0287,4.8383,-0.0457
14189.8,255,-0.0445,-0.0322,-0.0421,0.0287,4.8380,-0.0487
14199.8,0,-0.0445,-0.0353,-0.0451,0.0278,4.8380,-0.0442
14209.8,1,-0.0430,-0.0383,-0.0421,0.0287,4.8383,-0.0442
14219.8,2,-0.0430,-0.0399,-0.0436,0.0278,4.8386,-0.0472
14229.8,3,-0.0491,-0.0383,-0.0482,0.0287,4.8380,-0.0426
14239.8,4,-0.0460,-0.0368,-0.0482,0.0287,4.8383,-0.0426
14249.8,5,-0.0430,-0.0353,-0.0421,0.0296,4.8383,-0.0411
14259.8,6,-0.0369,-0.0353,-0.0405,0.0278,4.8383,-0.0335
14269.8,7,-0.0277,-0.0383,-0.0390,0.0287,4.8383,-0.0258
14279.8,8,-0.0262,-0.0383,-0.0329,0.0287,4.8383,-0.0243
14289.8,9,-0.0231,-0.0292,-0.0222,0.0287,4.8383,-0.0182
14299.8,10,-0.0170,-0.0215,-0.0176,0.0287,4.8383,-0.0167
14309.8,11,-0.0140,-0.0139,-0.0146,0.0287,4.8383,-0.0152
14319.8,12,-0.0140,-0.0124,-0.0070,0.0287,4.8380,-0.0182
14329.8,13,-0.0109,-0.0078,-0.0054,0.0287,4.8380,-0.0197
14339.8,14,-0.0155,-0.0093,-0.0085,0.0287,4.8383,-0.0136
14349.8,15,-0.0125,-0.0093,-0.0115,0.0296,4.8380,-0.0106
14359.8,16,-0.0094,-0.0124,-0.0146,0.0287,4.8380,-0.0091
14369.8,17,-0.0109,-0.0109,-0.0131,0.0296,4.8380,-0.0106
14379.8,18,-0.0048,-0.0093,-0.0100,0.0287,4.8373,-0.0091
14389.8,19,0.0013,-0.0048,-0.0070,0.0287,4.8376,-0.0091
14399.8,20,-0.0018,-0.0032,-0.0024,0.0296,4.8373,-0.0045
14409.8,21,0.0028,0.0013,0.0022,0.0278,4.8373,-0.0014
14419.8,22,0.0074,0.0029,0.0068,0.0296,4.8370,0.0077
14429.8,23,0.0089,0.0166,0.0098,0.0296,4.8370,0.0184
14439.8,24,0.0135,0.0319,0.0175,0.0296,4.8370,0.0245
14449.8,25,0.0150,0.0349,0.0205,0.0287,4.8367,0.0245
14459.8,26,0.0196,0.0319,0.0266,0.0296,4.8361,0.0245
14469.8,27,0.0242,0.0334,0.0266,0.0278,4.8361,0.0215
14479.8,28,0.0272,0.0319,0.0220,0.0278,4.8355,0.0260
14489.8,29,0.0242,0.0242,0.0236,0.0296,4.8358,0.0306
14499.8,30,0.0211,0.0242,0.0205,0.0287,4.8355,0.0245
14509.8,31,0.0089,0.0166,0.0175,0.0278,4.8358,0.0153
14519.8,32,-0.0002,0.0059,0.0098,0.0287,4.8352,0.0077
14529.8,33,-0.0033,-0.0002,0.0007,0.0296,4.8352,0.0001
14539.8,34,-0.0063,-0.0002,-0.0070,0.0296,4.8349,-0.0045
14549.8,35,-0.0079,-0.0063,-0.0054,0.0296,4.8352,-0.0106
14559.8,36,-0.0125,-0.0139,-0.0054,0.0296,4.8355,-0.0213
14569.8,37,-0.0170,-0.0200,-0.0070,0.0296,4.8352,-0.0213
14579.8,38,-0.0231,-0.0246,-0.0115,0.0278,4.8355,-0.0213
14589.8,39,-0.0216,-0.0215,-0.0237,0.0287,4.8355,-0.0228
14599.8,40,-0.0247,-0.0170,-0.0253,0.0287,4.8358,-0.0197
14609.8,41,-0.0186,-0.0154,-0.0207,0.0287,4.8355,-0.0197
14619.8,42,-0.0079,-0.0093,-0.0131,0.0296,4.8355,-0.0167
14629.8,43,-0.0018,-0.0063,-0.0085,0.0278,4.8352,-0.0106
14639.8,44,-0.0033,-0.0109,-0.0039,0.0287,4.8355,-0.0045
14649.8,45,-0.0079,-0.0032,-0.0054,0.0296,4.8355,-0.0030
14659.8,46,-0.0079,-0.0032,-0.0024,0.0296,4.8352,-0.0060
14669.8,47,-0.0094,-0.0109,-0.0024,0.0287,4.8352,-0.0121
14679.8,48,-0.0155,-0.0139,-0.0039,0.0287,4.8349,-0.0121
14689.8,49,-0.0155,-0.0139,-0.0146,0.0296,4.8355,-0.0197
14699.8,50,-0.0155,-0.0185,-0.0207,0.0287,4.8355,-0.0228
14709.8,51,-0.0186,-0.0246,-0.0253,0.0296,4.8355,-0.0258
14719.8,52,-0.0277,-0.0338,-0.0283,0.0296,4.8355,-0.0304
14729.8,53,-0.0323,-0.0368,-0.0329,0.0287,4.8358,-0.0320
14739.8,54,-0.0338,-0.0429,-0.0314,0.0287,4.8358,-0.0381
14749.8,55,-0.0262,-0.0475,-0.0314,0.0278,4.8358,-0.0396
14759.8,56,-0.0231,-0.0429,-0.0405,0.0287,4.8361,-0.0381
14769.8,57,-0.0201,-0.0383,-0.0390,0.0278,4.8361,-0.0381
14779.8,58,-0.0262,-0.0322,-0.0390,0.0287,4.8361,-0.0350
14789.8,59,-0.0277,-0.0322,-0.0314,0.0287,4.8364,-0.0289
14799.8,60,-0.0277,-0.0322,-0.0314,0.0296,4.8361,-0.0213
14809.8,61,-0.0277,-0.0307,-0.0268,0.0296,4.8364,-0.0228
14819.8,62,-0.0292,-0.0368,-0.0283,0.0296,4.8367,-0.0228
14829.8,63,-0.0308,-0.0368,-0.0360,0.0287,4.8367,-0.0274
14839.8,64,-0.0292,-0.0353,-0.0451,0.0304,4.8370,-0.0335
14849.8,65,-0.0292,-0.0322,-0.0405,0.0296,4.8364,-0.0304
14859.8,66,-0.0277,-0.0338,-0.0344,0.0278,4.8367,-0.0274
14869.8,67,-0.0277,-0.0353,-0.0360,0.0287,4.8370,-0.0304
14879.8,68,-0.0353,-0.0368,-0.0390,0.0296,4.8370,-0.0396
14889.8,69,-0.0414,-0.0414,-0.0436,0.0296,4.8370,-0.0472
14899.8,70,-0.0475,-0.0429,-0.0451,0.0304,4.8370,-0.0533
14909.8,71,-0.0491,-0.0444,-0.0451,0.0287,4.8373,-0.0533
14919.8,72,-0.0491,-0.0460,-0.0466,0.0287,4.8376,-0.0487
14929.8,73,-0.0552,-0.0551,-0.0497,0.0287,4.8380,-0.0503
14939.8,74,-0.0552,-0.0490,-0.0543,0.0287,4.8383,-0.0518
14949.8,75,-0.0582,-0.0460,-0.0512,0.0287,4.8383,-0.0609
14959.8,76,-0.0552,-0.0490,-0.0527,0.0287,4.8383,-0.0579
14969.8,77,-0.0552,-0.0475,-0.0527,0.0296,4.8383,-0.0594
14979.8,78,-0.0567,-0.0475,-0.0543,0.0304,4.8386,-0.0625
14989.8,79,-0.0521,-0.0551,-0.0588,0.0304,4.8389,-0.0670
14999.8,80,-0.0521,-0.0566,-0.0619,0.0296,4.8389,-0.0670
15009.8,81,-0.0567,-0.0582,-0.0604,0.0287,4.8386,-0.0609
15019.8,82,-0.0613,-0.0627,-0.0588,0.0296,4.8389,-0.0533
15029.8,83,-0.0659,-0.0627,-0.0619,0.0296,4.8389,-0.0579
15039.8,84,-0.0674,-0.0658,-0.0634,0.0296,4.8389,-0.0625
15049.8,85,-0.0643,-0.0658,-0.0604,0.0287,4.8395,-0.0609
15059.8,86,-0.0613,-0.0597,-0.0588,0.0287,4.8398,-0.0548
15069.8,87,-0.0674,-0.0551,-0.0619,0.0287,4.8398,-0.0579
15079.8,88,-0.0674,-0.0490,-0.0604,0.0296,4.8401,-0.0609
15089.8,89,-0.0689,-0.0536,-0.0619,0.0287,4.8407,-0.0640
15099.8,90,-0.0704,-0.0566,-0.0588,0.0296,4.8404,-0.0655
15109.8,91,-0.0643,-0.0551,-0.0588,0.0296,4.8404,-0.0655
15119.8,92,-0.0613,-0.0551,-0.0588,0.0304,4.8404,-0.0609
15129.8,93,-0.0536,-0.0490,-0.0573,0.0296,4.8407,-0.0533
15139.8,94,-0.0460,-0.0490,-0.0512,0.0296,4.8404,-0.0472
15149.8,95,-0.0399,-0.0429,-0.0451,0.0304,4.8404,-0.0457
15159.8,96,-0.0369,-0.0353,-0.0405,0.0304,4.8407,-0.0381
15169.8,97,-0.0323,-0.0322,-0.0405,0.0304,4.8404,-0.0381
15179.8,98,-0.0353,-0.0368,-0.0360,0.0287,4.8407,-0.0320
15189.8,99,-0.0338,-0.0383,-0.0314,0.0304,4.8413,-0.0274
15199.8,100,-0.0353,-0.0307,-0.0237,0.0287,4.8407,-0.0350
15209.8,101,-0.0338,-0.0215,-0.0222,0.0304,4.8404,-0.0320
15219.8,102,-0.0277,-0.0170,-0.0192,0.0304,4.8401,-0.0243
15229.8,103,-0.0247,-0.0185,-0.0237,0.0296,4.8401,-0.0152
15239.8,104,-0.0170,-0.0246,-0.0207,0.0287,4.8401,-0.0075
15249.8,105,-0.0140,-0.0246,-0.0161,0.0296,4.8398,-0.0091
15259.8,106,-0.0109,-0.0185,-0.0176,0.0296,4.8398,-0.0060
15269.8,107,-0.0109,-0.0170,-0.0146,0.0296,4.8401,0.0016
15279.8,108,-0.0079,-0.0154,-0.0085,0.0304,4.8398,0.0031
15289.8,109,-0.0140,-0.0078,-0.0085,0.0304,4.8392,0.0001
15299.8,110,-0.0170,-0.0048,-0.0131,0.0287,4.8395,-0.0045
15309.8,111,-0.0201,-0.0078,-0.0161,0.0287,4.8395,-0.0136
15319.8,112,-0.0216,-0.0124,-0.0192,0.0304,4.8392,-0.0228
15329.8,113,-0.0155,-0.0124,-0.0207,0.0304,4.8398,-0.0258
15339.8,114,-0.0140,-0.0170,-0.0207,0.0296,4.8392,-0.0274
15349.8,115,-0.0155,-0.0170,-0.0176,0.0296,4.8392,-0.0258
15359.8,116,-0.0125,-0.0109,-0.0161,0.0296,4.8395,-0.0243
15369.8,117,-0.0140,-0.0078,-0.0146,0.0287,4.8392,-0.0197
15379.8,118,-0.0170,-0.0109,-0.0146,0.0296,4.8392,-0.0152
15389.8,119,-0.0186,-0.0154,-0.0161,0.0296,4.8392,-0.0106
15399.8,120,-0.0186,-0.0277,-0.0192,0.0296,4.8389,-0.0136
15409.8,121,-0.0186,-0.0292,-0.0253,0.0296,4.8389,-0.0182
15419.8,122,-0.0262,-0.0292,-0.0283,0.0313,4.8389,-0.0182
15429.8,123,-0.0338,-0.0322,-0.0329,0.0304,4.8392,-0.0213
15439.8,124,-0.0384,-0.0383,-0.0360,0.0296,4.8386,-0.0289
15449.8,125,-0.0369,-0.0353,-0.0375,0.0296,4.8389,-0.0335
15459.8,126,-0.0399,-0.0353,-0.0375,0.0296,4.8392,-0.0411
15469.8,127,-0.0445,-0.0383,-0.0451,0.0296,4.8389,-0.0472
15479.8,128,-0.0506,-0.0429,-0.0512,0.0296,4.8392,-0.0503
15489.8,129,-0.0475,-0.0460,-0.0573,0.0296,4.8392,-0.0472
15499.8,130,-0.0506,-0.0505,-0.0588,0.0287,4.8395,-0.0457
15509.8,131,-0.0552,-0.0566,-0.0588,0.0304,4.8395,-0.0457
15519.8,132,-0.0552,-0.0612,-0.0588,0.0304,4.8398,-0.0487
15529.8,133,-0.0613,-0.0643,-0.0619,0.0304,4.8401,-0.0548
15539.8,134,-0.0628,-0.0658,-0.0649,0.0296,4.8401,-0.0640
15549.8,135,-0.0659,-0.0673,-0.0695,0.0296,4.8401,-0.0686
15559.8,136,-0.0689,-0.0673,-0.0680,0.0296,4.8398,-0.0686
15569.8,137,-0.0750,-0.0658,-0.0665,0.0287,4.8404,-0.0655
15579.8,138,-0.0720,-0.0643,-0.0649,0.0313,4.8404,-0.0625
15589.8,139,-0.0659,-0.0658,-0.0619,0.0304,4.8407,-0.0670
15599.8,140,-0.0674,-0.0597,-0.0604,0.0296,4.8407,-0.0670
15609.8,141,-0.0659,-0.0597,-0.0619,0.0296,4.8407,-0.0686
15619.8,142,-0.0689,-0.0612,-0.0649,0.0304,4.8410,-0.0640
15629.8,143,-0.0689,-0.0673,-0.0649,0.0296,4.8407,-0.0655
15639.8,144,-0.0689,-0.0673,-0.0680,0.0296,4.8413,-0.0670
15649.8,145,-0.0674,-0.0627,-0.0695,0.0304,4.8416,-0.0640
15659.8,146,-0.0659,-0.0612,-0.0695,0.0304,4.8416,-0.0640
15669.8,147,-0.0704,-0.0627,-0.0680,0.0304,4.8416,-0.0655
15679.8,148,-0.0735,-0.0658,-0.0680,0.0304,4.8419,-0.0609
15689.8,149,-0.0720,-0.0658,-0.0649,0.0296,4.8419,-0.0594
15699.8,150,-0.0735,-0.0689,-0.0665,0.0296,4.8425,-0.0640
15709.8,151,-0.0704,-0.0704,-0.0665,0.0304,4.8422,-0.0670
15719.8,152,-0.0674,-0.0765,-0.0680,0.0304,4.8419,-0.0686
15729.8,153,-0.0704,-0.0795,-0.0665,0.0304,4.8422,-0.0625
15739.8,154,-0.0720,-0.0795,-0.0710,0.0304,4.8425,-0.0609
15749.8,155,-0.0750,-0.0765,-0.0726,0.0304,4.8428,-0.0594
15759.8,156,-0.0750,-0.0765,-0.0710,0.0296,4.8425,-0.0594
15769.8,157,-0.0674,-0.0750,-0.0680,0.0313,4.8428,-0.0609
15779.8,158,-0.0628,-0.0750,-0.0604,0.0304,4.8425,-0.0686
15789.8,159,-0.0613,-0.0673,-0.0558,0.0304,4.8428,-0.0625
15799.8,160,-0.0567,-0.0643,-0.0558,0.0304,4.8431,-0.0594
15809.8,161,-0.0536,-0.0673,-0.0543,0.0304,4.8431,-0.0579
15819.8,162,-0.0582,-0.0673,-0.0604,0.0304,4.8431,-0.0548
15829.8,163,-0.0567,-0.0627,-0.0573,0.0304,4.8431,-0.0533
15839.8,164,-0.0582,-0.0597,-0.0588,0.0313,4.8428,-0.0503
15849.8,165,-0.0598,-0.0566,-0.0665,0.0296,4.8431,-0.0503
15859.8,166,-0.0582,-0.0582,-0.0665,0.0313,4.8431,-0.0533
15869.8,167,-0.0582,-0.0597,-0.0573,0.0313,4.8434,-0.0548
15879.8,168,-0.0567,-0.0627,-0.0497,0.0313,4.8434,-0.0518
15889.8,169,-0.0552,-0.0643,-0.0466,0.0304,4.8431,-0.0533
15899.8,170,-0.0521,-0.0582,-0.0497,0.0304,4.8434,-0.0564
15909.8,171,-0.0567,-0.0582,-0.0527,0.0304,4.8434,-0.0640
15919.8,172,-0.0613,-0.0582,-0.0573,0.0304,4.8428,-0.0594
15929.8,173,-0.0659,-0.0627,-0.0573,0.0304,4.8434,-0.0579
15939.8,174,-0.0674,-0.0643,-0.0573,0.0304,4.8434,-0.0609
15949.8,175,-0.0567,-0.0643,-0.0573,0.0304,4.8431,-0.0609
15959.8,176,-0.0491,-0.0536,-0.0588,0.0313,4.8434,-0.0548
15969.8,177,-0.0460,-0.0490,-0.0543,0.0322,4.8434,-0.0472
15979.8,178,-0.0430,-0.0460,-0.0482,0.0322,4.8434,-0.0411
15989.8,179,-0.0445,-0.0505,-0.0497,0.0313,4.8434,-0.0381
15999.8,180,-0.0414,-0.0551,-0.0451,0.0304,4.8434,-0.0442
16009.8,181,-0.0414,-0.0521,-0.0421,0.0304,4.8434,-0.0487
16019.8,182,-0.0414,-0.0429,-0.0405,0.0304,4.8438,-0.0457
16029.8,183,-0.0460,-0.0383,-0.0421,0.0313,4.8434,-0.0396
16039.8,184,-0.0475,-0.0368,-0.0421,0.0322,4.8431,-0.0320
16049.8,185,-0.0430,-0.0460,-0.0421,0.0322,4.8431,-0.0320
16059.8,186,-0.0414,-0.0399,-0.0375,0.0322,4.8431,-0.0289
16069.8,187,-0.0414,-0.0414,-0.0421,0.0322,4.8428,-0.0320
16079.8,188,-0.0399,-0.0460,-0.0451,0.0322,4.8431,-0.0365
16089.8,189,-0.0414,-0.0475,-0.0497,0.0313,4.8434,-0.0396
16099.8,190,-0.0399,-0.0460,-0.0497,0.0322,4.8428,-0.0411
16109.8,191,-0.0445,-0.0490,-0.0466,0.0304,4.8428,-0.0472
16119.8,192,-0.0460,-0.0490,-0.0421,0.0313,4.8428,-0.0472
16129.8,193,-0.0445,-0.0521,-0.0466,0.0313,4.8431,-0.0487
16139.8,194,-0.0445,-0.0505,-0.0482,0.0304,4.8434,-0.0442
16149.8,195,-0.0445,-0.0429,-0.0466,0.0304,4.8428,-0.0381
16159.8,196,-0.0430,-0.0399,-0.0451,0.0304,4.8425,-0.0365
16169.8,197,-0.0384,-0.0414,-0.0436,0.0313,4.8428,-0.0396
16179.8,198,-0.0384,-0.0429,-0.0466,0.0313,4.8425,-0.0442
16189.8,199,-0.0399,-0.0475,-0.0451,0.0304,4.8425,-0.0442
16199.8,200,-0.0414,-0.0429,-0.0421,0.0322,4.8425,-0.0472
16209.8,201,-0.0460,-0.0414,-0.0436,0.0313,4.8431,-0.0457
16219.8,202,-0.0445,-0.0475,-0.0451,0.0322,4.8431,-0.0472
16229.8,203,-0.0414,-0.0460,-0.0436,0.0331,4.8425,-0.0487
16239.8,204,-0.0475,-0.0475,-0.0451,0.0313,4.8425,-0.0518
16249.8,205,-0.0582,-0.0475,-0.0466,0.0313,4.8431,-0.0579
16259.8,206,-0.0643,-0.0505,-0.0543,0.0304,4.8428,-0.0640
16269.8,207,-0.0704,-0.0536,-0.0649,0.0313,4.8428,-0.0655
16279.8,208,-0.0765,-0.0597,-0.0665,0.0322,4.8431,-0.0640
16289.8,209,-0.0781,-0.0673,-0.0726,0.0313,4.8431,-0.0670
16299.8,210,-0.0796,-0.0734,-0.0787,0.0313,4.8434,-0.0640
16309.8,211,-0.0796,-0.0734,-0.0833,0.0331,4.8434,-0.0655
16319.8,212,-0.0750,-0.0750,-0.0802,0.0313,4.8434,-0.0701
16329.8,213,-0.0750,-0.0811,-0.0756,0.0313,4.8434,-0.0716
16339.8,214,-0.0781,-0.0826,-0.0710,0.0313,4.8438,-0.0732
16349.8,215,-0.0750,-0.0780,-0.0756,0.0313,4.8438,-0.0747
16359.8,216,-0.0735,-0.0826,-0.0787,0.0313,4.8441,-0.0716
16369.8,217,-0.0689,-0.0811,-0.0787,0.0313,4.8444,-0.0701
16379.8,218,-0.0659,-0.0826,-0.0802,0.0313,4.8441,-0.0670
16389.8,219,-0.0689,-0.0826,-0.0787,0.0322,4.8444,-0.0655
16399.8,220,-0.0720,-0.0765,-0.0756,0.0322,4.8444,-0.0655
16409.8,221,-0.0720,-0.0689,-0.0695,0.0313,4.8444,-0.0609
16419.8,222,-0.0720,-0.0658,-0.0649,0.0313,4.8441,-0.0609
16429.8,223,-0.0659,-0.0627,-0.0588,0.0313,4.8447,-0.0594
16439.8,224,-0.0613,-0.0582,-0.0588,0.0331,4.8444,-0.0548
16449.8,225,-0.0598,-0.0521,-0.0588,0.0322,4.8447,-0.0548
16459.8,226,-0.0567,-0.0490,-0.0573,0.0313,4.8447,-0.0594
16469.8,227,-0.0567,-0.0566,-0.0588,0.0322,4.8447,-0.0564
16479.8,228,-0.0521,-0.0551,-0.0588,0.0322,4.8447,-0.0503
16489.8,229,-0.0552,-0.0490,-0.0604,0.0322,4.8447,-0.0472
16499.8,230,-0.0536,-0.0521,-0.0573,0.0322,4.8444,-0.0548
16509.8,231,-0.0536,-0.0582,-0.0512,0.0313,4.8444,-0.0564
16519.8,232,-0.0536,-0.0612,-0.0527,0.0322,4.8441,-0.0609
16529.8,233,-0.0582,-0.0612,-0.0543,0.0322,4.8441,-0.0625
16539.8,234,-0.0643,-0.0643,-0.0604,0.0313,4.8444,-0.0670
16549.8,235,-0.0643,-0.0719,-0.0588,0.0322,4.8447,-0.0640
16559.8,236,-0.0689,-0.0765,-0.0634,0.0313,4.8447,-0.0686
16569.8,237,-0.0689,-0.0765,-0.0680,0.0322,4.8444,-0.0701
16579.8,238,-0.0735,-0.0765,-0.0695,0.0322,4.8444,-0.0701
16589.8,239,-0.0750,-0.0780,-0.0741,0.0322,4.8447,-0.0732
16599.8,240,-0.0811,-0.0750,-0.0741,0.0313,4.8450,-0.0762
16609.8,241,-0.0872,-0.0734,-0.0772,0.0322,4.8450,-0.0808
16619.8,242,-0.0887,-0.0719,-0.0787,0.0313,4.8450,-0.0838
16629.8,243,-0.0872,-0.0780,-0.0833,0.0322,4.8450,-0.0854
16639.8,244,-0.0842,-0.0841,-0.0833,0.0322,4.8453,-0.0838
16649.8,245,-0.0826,-0.0856,-0.0817,0.0331,4.8447,-0.0808
16659.8,246,-0.0842,-0.0826,-0.0772,0.0322,4.8453,-0.0793
16669.8,247,-0.0826,-0.0872,-0.0787,0.0322,4.8456,-0.0762
16679.8,248,-0.0826,-0.0872,-0.0787,0.0331,4.8456,-0.0777
16689.8,249,-0.0826,-0.0826,-0.0741,0.0322,4.8456,-0.0762
16699.8,250,-0.0887,-0.0811,-0.0787,0.0322,4.8459,-0.0823
16709.8,251,-0.0887,-0.0811,-0.0772,0.0313,4.8456,-0.0884
16719.8,252,-0.0872,-0.0780,-0.0741,0.0313,4.8456,-0.0854
16729.8,253,-0.0826,-0.0811,-0.0772,0.0313,4.8462,-0.0793
16739.8,254,-0.0811,-0.0872,-0.0787,0.0322,4.8462,-0.0732
16749.8,255,-0.0765,-0.0811,-0.0772,0.0313,4.8465,-0.0747
16759.8,0,-0.0765,-0.0811,-0.0772,0.0313,4.8465,-0.0793
16769.8,1,-0.0689,-0.0795,-0.0772,0.0322,4.8462,-0.0762
16779.8,2,-0.0674,-0.0795,-0.0802,0.0322,4.8459,-0.0732
16789.8,3,-0.0689,-0.0750,-0.0772,0.0331,4.8465,-0.0762
16799.8,4,-0.0720,-0.0689,-0.0772,0.0331,4.8468,-0.0823
16809.8,5,-0.0720,-0.0689,-0.0726,0.0304,4.8465,-0.0869
16819.8,6,-0.0735,-0.0643,-0.0710,0.0322,4.8465,-0.0869
16829.8,7,-0.0750,-0.0627,-0.0680,0.0339,4.8468,-0.0793
16839.8,8,-0.0750,-0.0673,-0.0695,0.0322,4.8465,-0.0670
16849.8,9,-0.0704,-0.0689,-0.0695,0.0322,4.8468,-0.0625
16859.8,10,-0.0720,-0.0704,-0.0695,0.0331,4.8462,-0.0640
16869.8,11,-0.0765,-0.0719,-0.0726,0.0331,4.8465,-0.0625
16879.8,12,-0.0750,-0.0673,-0.0772,0.0331,4.8468,-0.0640
16889.8,13,-0.0750,-0.0627,-0.0772,0.0331,4.8471,-0.0640
16899.8,14,-0.0720,-0.0612,-0.0741,0.0322,4.8471,-0.0670
16909.8,15,-0.0689,-0.0658,-0.0680,0.0322,4.8468,-0.0655
16919.8,16,-0.0643,-0.0643,-0.0665,0.0331,4.8468,-0.0625
16929.8,17,-0.0582,-0.0566,-0.0604,0.0322,4.8465,-0.0609
16939.8,18,-0.0552,-0.0505,-0.0588,0.0339,4.8468,-0.0564
16949.8,19,-0.0536,-0.0521,-0.0573,0.0322,4.8468,-0.0487
16959.8,20,-0.0552,-0.0597,-0.0573,0.0322,4.8465,-0.0518
16969.8,21,-0.0521,-0.0597,-0.0588,0.0331,4.8462,-0.0442
16979.8,22,-0.0491,-0.0505,-0.0573,0.0331,4.8468,-0.0396
16989.8,23,-0.0399,-0.0460,-0.0619,0.0339,4.8465,-0.0396
16999.8,24,-0.0414,-0.0460,-0.0619,0.0322,4.8462,-0.0442
17009.8,25,-0.0460,-0.0429,-0.0604,0.0339,4.8462,-0.0457
17019.8,26,-0.0460,-0.0444,-0.0573,0.0322,4.8459,-0.0487
17029.8,27,-0.0445,-0.0444,-0.0558,0.0322,4.8459,-0.0503
17039.8,28,-0.0445,-0.0444,-0.0512,0.0331,4.8456,-0.0518
17049.8,29,-0.0475,-0.0475,-0.0527,0.0322,4.8462,-0.0487
17059.8,30,-0.0506,-0.0521,-0.0543,0.0331,4.8459,-0.0503
17069.8,31,-0.0536,-0.0551,-0.0588,0.0331,4.8459,-0.0533
17079.8,32,-0.0552,-0.0597,-0.0665,0.0322,4.8459,-0.0594
17089.8,33,-0.0536,-0.0597,-0.0634,0.0331,4.8453,-0.0640
17099.8,34,-0.0552,-0.0597,-0.0619,0.0331,4.8456,-0.0609
17109.8,35,-0.0628,-0.0673,-0.0634,0.0331,4.8462,-0.0625
17119.8,36,-0.0628,-0.0719,-0.0680,0.0331,4.8459,-0.0701
17129.8,37,-0.0613,-0.0704,-0.0726,0.0331,4.8456,-0.0701
17139.8,38,-0.0613,-0.0704,-0.0772,0.0348,4.8456,-0.0655
17149.8,39,-0.0659,-0.0750,-0.0741,0.0348,4.8459,-0.0732
17159.8,40,-0.0720,-0.0765,-0.0695,0.0339,4.8462,-0.0747
17169.8,41,-0.0765,-0.0811,-0.0665,0.0331,4.8459,-0.0793
17179.8,42,-0.0796,-0.0795,-0.0695,0.0322,4.8462,-0.0732
17189.8,43,-0.0796,-0.0765,-0.0710,0.0331,4.8456,-0.0701
17199.8,44,-0.0781,-0.0780,-0.0741,0.0331,4.8462,-0.0701
17209.8,45,-0.0750,-0.0872,-0.0726,0.0322,4.8465,-0.0701
17219.8,46,-0.0735,-0.0872,-0.0772,0.0331,4.8462,-0.0762
17229.8,47,-0.0720,-0.0872,-0.0802,0.0331,4.8462,-0.0762
17239.8,48,-0.0689,-0.0826,-0.0787,0.0339,4.8465,-0.0747
17249.8,49,-0.0628,-0.0811,-0.0772,0.0331,4.8465,-0.0686
17259.8,50,-0.0613,-0.0765,-0.0695,0.0348,4.8459,-0.0625
17269.8,51,-0.0643,-0.0734,-0.0588,0.0348,4.8462,-0.0579
17279.8,52,-0.0613,-0.0689,-0.0619,0.0339,4.8465,-0.0640
17289.8,53,-0.0628,-0.0658,-0.0619,0.0331,4.8459,-0.0716
17299.8,54,-0.0628,-0.0658,-0.0695,0.0331,4.8462,-0.0747
17309.8,55,-0.0628,-0.0658,-0.0695,0.0339,4.8462,-0.0716
17319.8,56,-0.0689,-0.0612,-0.0680,0.0339,4.8465,-0.0701
17329.8,57,-0.0750,-0.0566,-0.0634,0.0339,4.8462,-0.0686
17339.8,58,-0.0765,-0.0582,-0.0649,0.0331,4.8465,-0.0686
17349.8,59,-0.0750,-0.0536,-0.0726,0.0331,4.8462,-0.0716
17359.8,60,-0.0674,-0.0597,-0.0741,0.0339,4.8462,-0.0701
17369.8,61,-0.0659,-0.0612,-0.0741,0.0331,4.8462,-0.0686
17379.8,62,-0.0704,-0.0658,-0.0710,0.0339,4.8465,-0.0670
17389.8,63,-0.0750,-0.0719,-0.0741,0.0348,4.8465,-0.0670
17399.8,64,-0.0735,-0.0673,-0.0710,0.0331,4.8465,-0.0670
17409.8,65,-0.0750,-0.0643,-0.0710,0.0331,4.8465,-0.0670
17419.8,66,-0.0720,-0.0612,-0.0665,0.0339,4.8462,-0.0640
17429.8,67,-0.0643,-0.0612,-0.0649,0.0331,4.8459,-0.0640
17439.8,68,-0.0582,-0.0582,-0.0619,0.0339,4.8462,-0.0655
17449.8,69,-0.0536,-0.0551,-0.0619,0.0339,4.8465,-0.0655
17459.8,70,-0.0552,-0.0490,-0.0619,0.0331,4.8465,-0.0579
17469.8,71,-0.0567,-0.0399,-0.0634,0.0331,4.8459,-0.0457
17479.8,72,-0.0567,-0.0429,-0.0558,0.0331,4.8462,-0.0426
17489.8,73,-0.0506,-0.0414,-0.0466,0.0339,4.8462,-0.0442
17499.8,74,-0.0506,-0.0399,-0.0436,0.0331,4.8459,-0.0487
17509.8,75,-0.0475,-0.0399,-0.0405,0.0339,4.8459,-0.0487
17519.8,76,-0.0414,-0.0353,-0.0436,0.0339,4.8456,-0.0472
17529.8,77,-0.0384,-0.0444,-0.0451,0.0348,4.8456,-0.0487
17539.8,78,-0.0384,-0.0490,-0.0466,0.0339,4.8456,-0.0426
17549.8,79,-0.0414,-0.0521,-0.0482,0.0339,4.8453,-0.0411
17559.8,80,-0.0414,-0.0490,-0.0466,0.0348,4.8450,-0.0426
17569.8,81,-0.0445,-0.0429,-0.0436,0.0331,4.8453,-0.0442
17579.8,82,-0.0445,-0.0414,-0.0451,0.0339,4.8453,-0.0457
17589.8,83,-0.0414,-0.0399,-0.0482,0.0331,4.8450,-0.0396
17599.8,84,-0.0353,-0.0444,-0.0451,0.0348,4.8453,-0.0335
17609.8,85,-0.0338,-0.0429,-0.0360,0.0339,4.8450,-0.0350
17619.8,86,-0.0338,-0.0353,-0.0329,0.0331,4.8450,-0.0381
17629.8,87,-0.0323,-0.0322,-0.0344,0.0339,4.8444,-0.0320
17639.8,88,-0.0323,-0.0277,-0.0375,0.0339,4.8444,-0.0228
17649.8,89,-0.0323,-0.0261,-0.0329,0.0331,4.8444,-0.0258
17659.8,90,-0.0338,-0.0292,-0.0314,0.0331,4.8441,-0.0320
17669.8,91,-0.0308,-0.0322,-0.0329,0.0339,4.8444,-0.0365
17679.8,92,-0.0308,-0.0368,-0.0299,0.0331,4.8444,-0.0381
17689.8,93,-0.0353,-0.0353,-0.0299,0.0331,4.8438,-0.0365
17699.8,94,-0.0399,-0.0353,-0.0360,0.0339,4.8441,-0.0350
17709.8,95,-0.0445,-0.0383,-0.0405,0.0348,4.8438,-0.0381
17719.8,96,-0.0445,-0.0399,-0.0436,0.0339,4.8438,-0.0457
17729.8,97,-0.0445,-0.0399,-0.0451,0.0339,4.8438,-0.0442
17739.8,98,-0.0414,-0.0444,-0.0482,0.0339,4.8438,-0.0457
17749.8,99,-0.0445,-0.0475,-0.0466,0.0339,4.8438,-0.0518
17759.8,100,-0.0460,-0.0521,-0.0527,0.0357,4.8434,-0.0457
17769.8,101,-0.0475,-0.0521,-0.0588,0.0339,4.8431,-0.0472
17779.8,102,-0.0491,-0.0536,-0.0558,0.0357,4.8438,-0.0503
17789.8,103,-0.0475,-0.0582,-0.0527,0.0339,4.8438,-0.0503
17799.8,104,-0.0491,-0.0566,-0.0512,0.0339,4.8438,-0.0518
17809.8,105,-0.0582,-0.0582,-0.0512,0.0339,4.8434,-0.0548
17819.8,106,-0.0521,-0.0566,-0.0497,0.0339,4.8438,-0.0487
17829.8,107,-0.0475,-0.0566,-0.0527,0.0339,4.8438,-0.0457
17839.8,108,-0.0460,-0.0551,-0.0543,0.0339,4.8441,-0.0472
17849.8,109,-0.0460,-0.0505,-0.0512,0.0339,4.8441,-0.0457
17859.8,110,-0.0491,-0.0475,-0.0497,0.0339,4.8434,-0.0442
17869.8,111,-0.0506,-0.0444,-0.0482,0.0339,4.8438,-0.0457
17879.8,112,-0.0521,-0.0414,-0.0497,0.0348,4.8438,-0.0472
17889.8,113,-0.0506,-0.0460,-0.0482,0.0339,4.8438,-0.0457
17899.8,114,-0.0460,-0.0475,-0.0451,0.0331,4.8431,-0.0411
17909.8,115,-0.0445,-0.0475,-0.0451,0.0339,4.8434,-0.0365
17919.8,116,-0.0384,-0.0399,-0.0436,0.0348,4.8438,-0.0426
17929.8,117,-0.0323,-0.0368,-0.0405,0.0348,4.8431,-0.0411
17939.8,118,-0.0369,-0.0368,-0.0375,0.0348,4.8431,-0.0350
17949.8,119,-0.0384,-0.0399,-0.0329,0.0348,4.8428,-0.0304
17959.8,120,-0.0369,-0.0399,-0.0283,0.0348,4.8431,-0.0274
17969.8,121,-0.0353,-0.0399,-0.0299,0.0339,4.8428,-0.0274
17979.8,122,-0.0353,-0.0383,-0.0344,0.0339,4.8428,-0.0289
17989.8,123,-0.0369,-0.0353,-0.0344,0.0339,4.8428,-0.0335
17999.8,124,-0.0369,-0.0383,-0.0283,0.0331,4.8428,-0.0304
18009.8,125,-0.0384,-0.0368,-0.0283,0.0339,4.8425,-0.0365
18019.8,126,-0.0369,-0.0368,-0.0268,0.0348,4.8428,-0.0350
18029.8,127,-0.0399,-0.0368,-0.0299,0.0331,4.8425,-0.0335
18039.8,128,-0.0414,-0.0322,-0.0314,0.0348,4.8425,-0.0335
18049.8,129,-0.0338,-0.0292,-0.0360,0.0348,4.8422,-0.0365
18059.8,130,-0.0338,-0.0368,-0.0375,0.0339,4.8422,-0.0350
18069.8,131,-0.0323,-0.0429,-0.0360,0.0348,4.8422,-0.0304
18079.8,132,-0.0292,-0.0414,-0.0360,0.0348,4.8425,-0.0320
18089.8,133,-0.0338,-0.0383,-0.0405,0.0331,4.8428,-0.0335
18099.8,134,-0.0353,-0.0368,-0.0405,0.0339,4.8422,-0.0381
18109.8,135,-0.0384,-0.0368,-0.0421,0.0339,4.8419,-0.0411
18119.8,136,-0.0384,-0.0414,-0.0405,0.0339,4.8422,-0.0411
18129.8,137,-0.0414,-0.0444,-0.0451,0.0348,4.8422,-0.0381
18139.8,138,-0.0414,-0.0444,-0.0451,0.0348,4.8422,-0.0426
18149.8,139,-0.0414,-0.0399,-0.0482,0.0339,4.8419,-0.0533
18159.8,140,-0.0460,-0.0460,-0.0512,0.0348,4.8419,-0.0579
18169.8,141,-0.0521,-0.0536,-0.0543,0.0339,4.8416,-0.0594
18179.8,142,-0.0506,-0.0566,-0.0512,0.0339,4.8425,-0.0594
18189.8,143,-0.0582,-0.0505,-0.0543,0.0339,4.8425,-0.0579
18199.8,144,-0.0567,-0.0505,-0.0527,0.0348,4.8425,-0.0579
18209.8,145,-0.0475,-0.0521,-0.0527,0.0339,4.8425,-0.0533
18219.8,146,-0.0460,-0.0551,-0.0527,0.0339,4.8425,-0.0518
18229.8,147,-0.0460,-0.0536,-0.0558,0.0339,4.8425,-0.0457
18239.8,148,-0.0475,-0.0475,-0.0497,0.0348,4.8428,-0.0426
18249.8,149,-0.0491,-0.0414,-0.0451,0.0339,4.8428,-0.0442
18259.8,150,-0.0506,-0.0399,-0.0436,0.0339,4.8428,-0.0442
18269.8,151,-0.0460,-0.0383,-0.0421,0.0339,4.8425,-0.0457
18279.8,152,-0.0475,-0.0414,-0.0405,0.0348,4.8425,-0.0487
18289.8,153,-0.0460,-0.0444,-0.0405,0.0339,4.8422,-0.0411
18299.8,154,-0.0384,-0.0429,-0.0360,0.0339,4.8422,-0.0426
18309.8,155,-0.0353,-0.0368,-0.0314,0.0339,4.8422,-0.0426
18319.8,156,-0.0338,-0.0338,-0.0314,0.0348,4.8425,-0.0396
18329.8,157,-0.0353,-0.0338,-0.0314,0.0339,4.8428,-0.0396
18339.8,158,-0.0369,-0.0338,-0.0329,0.0331,4.8422,-0.0457
18349.8,159,-0.0353,-0.0399,-0.0405,0.0339,4.8419,-0.0487
18359.8,160,-0.0369,-0.0399,-0.0451,0.0339,4.8419,-0.0457
18369.8,161,-0.0414,-0.0444,-0.0527,0.0339,4.8422,-0.0426
18379.8,162,-0.0460,-0.0429,-0.0543,0.0339,4.8422,-0.0442
18389.8,163,-0.0475,-0.0475,-0.0497,0.0348,4.8422,-0.0411
18399.8,164,-0.0475,-0.0475,-0.0497,0.0357,4.8419,-0.0396
18409.8,165,-0.0506,-0.0521,-0.0482,0.0339,4.8419,-0.0457
18419.8,166,-0.0506,-0.0566,-0.0482,0.0331,4.8422,-0.0487
18429.8,167,-0.0506,-0.0582,-0.0512,0.0331,4.8422,-0.0564
18439.8,168,-0.0567,-0.0582,-0.0558,0.0331,4.8425,-0.0579
18449.8,169,-0.0643,-0.0536,-0.0619,0.0331,4.8425,-0.0533
18459.8,170,-0.0659,-0.0536,-0.0619,0.0348,4.8428,-0.0503
18469.8,171,-0.0567,-0.0551,-0.0604,0.0331,4.8425,-0.0503
18479.8,172,-0.0506,-0.0521,-0.0573,0.0339,4.8425,-0.0518
18489.8,173,-0.0552,-0.0566,-0.0543,0.0339,4.8428,-0.0518
18499.8,174,-0.0567,-0.0521,-0.0543,0.0339,4.8428,-0.0533
18509.8,175,-0.0598,-0.0536,-0.0588,0.0348,4.8428,-0.0548
18519.8,176,-0.0643,-0.0582,-0.0619,0.0331,4.8428,-0.0564
18529.8,177,-0.0643,-0.0582,-0.0588,0.0331,4.8425,-0.0594
18539.8,178,-0.0643,-0.0627,-0.0604,0.0339,4.8431,-0.0640
18549.8,179,-0.0552,-0.0673,-0.0634,0.0339,4.8428,-0.0670
18559.8,180,-0.0582,-0.0643,-0.0649,0.0348,4.8434,-0.0640
18569.8,181,-0.0598,-0.0627,-0.0665,0.0339,4.8428,-0.0594
18579.8,182,-0.0628,-0.0612,-0.0619,0.0331,4.8428,-0.0564
18589.8,183,-0.0613,-0.0566,-0.0604,0.0348,4.8431,-0.0533
18599.8,184,-0.0582,-0.0566,-0.0619,0.0348,4.8434,-0.0564
18609.8,185,-0.0582,-0.0521,-0.0543,0.0339,4.8434,-0.0594
18619.8,186,-0.0628,-0.0521,-0.0527,0.0339,4.8438,-0.0640
18629.8,187,-0.0567,-0.0582,-0.0588,0.0339,4.8431,-0.0594
18639.8,188,-0.0598,-0.0521,-0.0573,0.0331,4.8434,-0.0564
18649.8,189,-0.0628,-0.0597,-0.0573,0.0339,4.8438,-0.0579
18659.8,190,-0.0598,-0.0673,-0.0558,0.0331,4.8438,-0.0594
18669.8,191,-0.0582,-0.0689,-0.0604,0.0331,4.8434,-0.0594
18679.8,192,-0.0598,-0.0627,-0.0634,0.0339,4.8438,-0.0594
18689.8,193,-0.0598,-0.0566,-0.0649,0.0339,4.8438,-0.0594
18699.8,194,-0.0598,-0.0551,-0.0573,0.0339,4.8434,-0.0579
18709.8,195,-0.0536,-0.0566,-0.0558,0.0339,4.8438,-0.0533
18719.8,196,-0.0491,-0.0582,-0.0588,0.0339,4.8434,-0.0487
18729.8,197,-0.0506,-0.0521,-0.0543,0.0339,4.8438,-0.0381
18739.8,198,-0.0445,-0.0460,-0.0497,0.0331,4.8434,-0.0426
18749.8,199,-0.0475,-0.0444,-0.0482,0.0331,4.8434,-0.0487
18759.8,200,-0.0536,-0.0383,-0.0451,0.0322,4.8431,-0.0503
18769.8,201,-0.0552,-0.0414,-0.0375,0.0348,4.8438,-0.0426
18779.8,202,-0.0491,-0.0383,-0.0283,0.0348,4.8434,-0.0381
18789.8,203,-0.0384,-0.0277,-0.0222,0.0339,4.8434,-0.0243
18799.8,204,-0.0170,-0.0109,-0.0085,0.0339,4.8428,-0.0060
18809.8,205,0.0074,0.0074,0.0022,0.0331,4.8428,0.0108
18819.8,206,0.0226,0.0258,0.0205,0.0331,4.8425,0.0276
18829.8,207,0.0410,0.0441,0.0403,0.0331,4.8419,0.0459
18839.8,208,0.0608,0.0639,0.0571,0.0331,4.8413,0.0596
18849.8,209,0.0837,0.0807,0.0800,0.0331,4.8410,0.0764
18859.8,210,0.1020,0.0975,0.0983,0.0322,4.8401,0.1008
18869.8,211,0.1203,0.1143,0.1105,0.0339,4.8395,0.1206
18879.8,212,0.1386,0.1310,0.1273,0.0339,4.8383,0.1328
18889.8,213,0.1554,0.1448,0.1365,0.0339,4.8373,0.1466
18899.8,214,0.1584,0.1585,0.1487,0.0322,4.8367,0.1557
18909.8,215,0.1707,0.1600,0.1594,0.0339,4.8355,0.1573
18919.8,216,0.1737,0.1616,0.1700,0.0339,4.8346,0.1649
18929.8,217,0.1707,0.1616,0.1685,0.0331,4.8337,0.1679
18939.8,218,0.1615,0.1585,0.1639,0.0331,4.8328,0.1634
18949.8,219,0.1539,0.1509,0.1563,0.0339,4.8325,0.1649
18959.8,220,0.1493,0.1402,0.1502,0.0339,4.8318,0.1557
18969.8,221,0.1386,0.1402,0.1410,0.0339,4.8309,0.1496
18979.8,222,0.1310,0.1371,0.1395,0.0331,4.8300,0.1450
18989.8,223,0.1279,0.1387,0.1319,0.0339,4.8297,0.1344
18999.8,224,0.1218,0.1280,0.1227,0.0339,4.8291,0.1252
19009.8,225,0.1203,0.1158,0.1212,0.0313,4.8285,0.1283
19019.8,226,0.1142,0.1066,0.1182,0.0331,4.8282,0.1252
19029.8,227,0.1096,0.1097,0.1151,0.0331,4.8279,0.1176
19039.8,228,0.1081,0.1066,0.1044,0.0331,4.8273,0.1176
19049.8,229,0.1050,0.1020,0.1029,0.0331,4.8273,0.1161
19059.8,230,0.1050,0.1005,0.0998,0.0322,4.8270,0.1084
19069.8,231,0.0989,0.1005,0.0983,0.0322,4.8267,0.0993
19079.8,232,0.0959,0.1036,0.0953,0.0322,4.8260,0.1008
19089.8,233,0.0944,0.1005,0.0953,0.0322,4.8257,0.1008
19099.8,234,0.1005,0.0990,0.1014,0.0331,4.8254,0.1023
19109.8,235,0.1005,0.1051,0.1060,0.0322,4.8251,0.1069
19119.8,236,0.1005,0.1020,0.1014,0.0322,4.8248,0.1023
19129.8,237,0.1035,0.0944,0.0937,0.0313,4.8245,0.0993
19139.8,238,0.0989,0.0868,0.0937,0.0313,4.8242,0.0962
19149.8,239,0.0944,0.0853,0.0937,0.0313,4.8239,0.0932
19159.8,240,0.0928,0.0914,0.0953,0.0313,4.8239,0.0901
19169.8,241,0.0913,0.0959,0.0953,0.0313,4.8233,0.0901
19179.8,242,0.0867,0.0944,0.0937,0.0313,4.8230,0.0916
19189.8,243,0.0867,0.0975,0.0922,0.0322,4.8233,0.0901
19199.8,244,0.0898,0.0959,0.0922,0.0322,4.8230,0.0886
19209.8,245,0.0913,0.0944,0.0953,0.0322,4.8230,0.0901
19219.8,246,0.0913,0.0944,0.0968,0.0313,4.8227,0.0977
19229.8,247,0.0867,0.0929,0.1014,0.0313,4.8227,0.0977
19239.8,248,0.0913,0.0944,0.1014,0.0304,4.8227,0.0947
19249.8,249,0.0944,0.0914,0.1029,0.0313,4.8218,0.0962
19259.8,250,0.0913,0.0914,0.0968,0.0313,4.8218,0.0962
19269.8,251,0.0898,0.0898,0.0968,0.0322,4.8215,0.0993
19279.8,252,0.0913,0.0914,0.0937,0.0322,4.8215,0.0962
19289.8,253,0.0913,0.0868,0.0892,0.0331,4.8212,0.0932
19299.8,254,0.0944,0.0883,0.0876,0.0313,4.8212,0.0962
19309.8,255,0.0913,0.0898,0.0922,0.0322,4.8215,0.0886
19319.8,0,0.0928,0.0868,0.0937,0.0313,4.8212,0.0855
19329.8,1,0.0944,0.0807,0.0968,0.0313,4.8206,0.0810
19339.8,2,0.0928,0.0792,0.0892,0.0304,4.8206,0.0794
19349.8,3,0.0867,0.0807,0.0815,0.0304,4.8206,0.0779
19359.8,4,0.0852,0.0822,0.0770,0.0304,4.8212,0.0794
19369.8,5,0.0791,0.0807,0.0770,0.0296,4.8206,0.0779
19379.8,6,0.0745,0.0700,0.0785,0.0304,4.8203,0.0825
19389.8,7,0.0699,0.0639,0.0739,0.0313,4.8203,0.0810
19399.8,8,0.0699,0.0670,0.0663,0.0313,4.8206,0.0794
19409.8,9,0.0669,0.0700,0.0632,0.0304,4.8209,0.0749
19419.8,10,0.0638,0.0685,0.0632,0.0304,4.8206,0.0703
19429.8,11,0.0608,0.0654,0.0693,0.0304,4.8203,0.0672
19439.8,12,0.0623,0.0624,0.0739,0.0304,4.8209,0.0642
19449.8,13,0.0562,0.0593,0.0693,0.0304,4.8203,0.0642
19459.8,14,0.0547,0.0608,0.0632,0.0304,4.8203,0.0581
19469.8,15,0.0593,0.0608,0.0617,0.0313,4.8203,0.0535
19479.8,16,0.0608,0.0547,0.0648,0.0304,4.8206,0.0565
19489.8,17,0.0608,0.0517,0.0632,0.0304,4.8203,0.0565
19499.8,18,0.0608,0.0547,0.0648,0.0296,4.8203,0.0596
19509.8,19,0.0562,0.0563,0.0632,0.0296,4.8203,0.0581
19519.8,20,0.0532,0.0578,0.0663,0.0304,4.8206,0.0611
19529.8,21,0.0547,0.0578,0.0632,0.0296,4.8206,0.0627
19539.8,22,0.0547,0.0608,0.0648,0.0304,4.8206,0.0642
19549.8,23,0.0577,0.0608,0.0602,0.0304,4.8206,0.0627
19559.8,24,0.0623,0.0593,0.0648,0.0313,4.8209,0.0627
19569.8,25,0.0623,0.0547,0.0678,0.0304,4.8206,0.0611
19579.8,26,0.0638,0.0547,0.0648,0.0287,4.8206,0.0596
19589.8,27,0.0638,0.0563,0.0632,0.0313,4.8209,0.0581
19599.8,28,0.0654,0.0578,0.0632,0.0304,4.8206,0.0611
19609.8,29,0.0669,0.0654,0.0663,0.0287,4.8206,0.0596
19619.8,30,0.0669,0.0746,0.0663,0.0313,4.8203,0.0611
19629.8,31,0.0699,0.0746,0.0678,0.0296,4.8206,0.0627
19639.8,32,0.0699,0.0670,0.0693,0.0296,4.8203,0.0657
19649.8,33,0.0699,0.0670,0.0663,0.0296,4.8209,0.0657
19659.8,34,0.0715,0.0715,0.0678,0.0296,4.8206,0.0611
19669.8,35,0.0745,0.0715,0.0632,0.0304,4.8203,0.0657
19679.8,36,0.0761,0.0746,0.0663,0.0304,4.8203,0.0657
19689.8,37,0.0745,0.0685,0.0648,0.0296,4.8209,0.0657
19699.8,38,0.0684,0.0624,0.0678,0.0296,4.8206,0.0718
19709.8,39,0.0638,0.0608,0.0602,0.0304,4.8206,0.0703
19719.8,40,0.0638,0.0563,0.0587,0.0287,4.8209,0.0718
19729.8,41,0.0654,0.0563,0.0587,0.0304,4.8203,0.0703
19739.8,42,0.0638,0.0578,0.0632,0.0296,4.8206,0.0672
19749.8,43,0.0608,0.0624,0.0602,0.0296,4.8209,0.0627
19759.8,44,0.0654,0.0639,0.0648,0.0287,4.8209,0.0596
19769.8,45,0.0654,0.0654,0.0571,0.0304,4.8203,0.0565
19779.8,46,0.0654,0.0624,0.0525,0.0287,4.8209,0.0565
19789.8,47,0.0608,0.0578,0.0495,0.0313,4.8206,0.0611
19799.8,48,0.0562,0.0578,0.0480,0.0304,4.8209,0.0611
19809.8,49,0.0562,0.0578,0.0480,0.0296,4.8206,0.0565
19819.8,50,0.0516,0.0471,0.0419,0.0313,4.8209,0.0489
19829.8,51,0.0410,0.0364,0.0358,0.0296,4.8209,0.0382
19839.8,52,0.0303,0.0288,0.0297,0.0287,4.8209,0.0291
19849.8,53,0.0303,0.0242,0.0220,0.0287,4.8212,0.0199
19859.8,54,0.0257,0.0151,0.0098,0.0296,4.8215,0.0138
19869.8,55,0.0165,0.0044,-0.0024,0.0304,4.8218,0.0092
19879.8,56,0.0089,-0.0002,-0.0039,0.0278,4.8218,0.0031
19889.8,57,0.0013,-0.0048,-0.0085,0.0270,4.8221,-0.0045
19899.8,58,-0.0033,-0.0093,-0.0146,0.0287,4.8227,-0.0091
19909.8,59,-0.0079,-0.0109,-0.0207,0.0296,4.8233,-0.0152
19919.8,60,-0.0140,-0.0154,-0.0207,0.0296,4.8236,-0.0213
19929.8,61,-0.0170,-0.0246,-0.0222,0.0287,4.8239,-0.0258
19939.8,62,-0.0216,-0.0322,-0.0253,0.0287,4.8239,-0.0274
19949.8,63,-0.0231,-0.0399,-0.0283,0.0287,4.8245,-0.0289
19959.8,64,-0.0277,-0.0399,-0.0314,0.0287,4.8248,-0.0274
19969.8,65,-0.0292,-0.0414,-0.0375,0.0287,4.8254,-0.0320
19979.8,66,-0.0308,-0.0368,-0.0451,0.0287,4.8254,-0.0335
19989.8,67,-0.0323,-0.0353,-0.0390,0.0287,4.8257,-0.0350
19999.8,68,-0.0292,-0.0246,-0.0314,0.0278,4.8264,-0.0304
20009.8,69,-0.0231,-0.0170,-0.0192,0.0287,4.8264,-0.0274
20019.8,70,-0.0262,-0.0154,-0.0207,0.0287,4.8264,-0.0274
20029.8,71,-0.0231,-0.0246,-0.0268,0.0270,4.8270,-0.0243
20039.8,72,-0.0231,-0.0292,-0.0314,0.0296,4.8276,-0.0258
20049.8,73,-0.0231,-0.0368,-0.0329,0.0287,4.8276,-0.0274
20059.8,74,-0.0201,-0.0338,-0.0360,0.0296,4.8279,-0.0304
20069.8,75,-0.0277,-0.0383,-0.0390,0.0278,4.8282,-0.0335
20079.8,76,-0.0369,-0.0368,-0.0390,0.0296,4.8288,-0.0396
20089.8,77,-0.0445,-0.0399,-0.0390,0.0287,4.8288,-0.0426
20099.8,78,-0.0460,-0.0399,-0.0375,0.0287,4.8291,-0.0426
20109.8,79,-0.0414,-0.0429,-0.0390,0.0287,4.8291,-0.0426
20119.8,80,-0.0353,-0.0429,-0.0405,0.0296,4.8297,-0.0442
20129.8,81,-0.0353,-0.0444,-0.0405,0.0287,4.8303,-0.0426
20139.8,82,-0.0338,-0.0368,-0.0390,0.0296,4.8303,-0.0365
20149.8,83,-0.0308,-0.0353,-0.0375,0.0278,4.8306,-0.0335
20159.8,84,-0.0308,-0.0292,-0.0360,0.0278,4.8309,-0.0289
20169.8,85,-0.0292,-0.0246,-0.0344,0.0296,4.8312,-0.0289
20179.8,86,-0.0201,-0.0215,-0.0283,0.0287,4.8312,-0.0243
20189.8,87,-0.0231,-0.0200,-0.0207,0.0296,4.8315,-0.0182
20199.8,88,-0.0201,-0.0261,-0.0161,0.0304,4.8318,-0.0152
20209.8,89,-0.0186,-0.0231,-0.0161,0.0296,4.8309,-0.0136
20219.8,90,-0.0125,-0.0246,-0.0131,0.0287,4.8315,-0.0152
20229.8,91,-0.0063,-0.0215,-0.0176,0.0287,4.8315,-0.0182
20239.8,92,-0.0094,-0.0170,-0.0161,0.0287,4.8322,-0.0152
20249.8,93,-0.0140,-0.0170,-0.0115,0.0296,4.8318,-0.0167
20259.7,94,-0.0216,-0.0170,-0.0100,0.0287,4.8325,-0.0228
20269.7,95,-0.0277,-0.0200,-0.0115,0.0287,4.8325,-0.0243
20279.7,96,-0.0292,-0.0246,-0.0237,0.0296,4.8322,-0.0243
20289.7,97,-0.0292,-0.0292,-0.0299,0.0296,4.8328,-0.0243
20299.7,98,-0.0353,-0.0338,-0.0283,0.0296,4.8331,-0.0258
20309.7,99,-0.0384,-0.0399,-0.0268,0.0287,4.8328,-0.0304
20319.7,100,-0.0414,-0.0399,-0.0237,0.0278,4.8331,-0.0335
20329.7,101,-0.0384,-0.0399,-0.0299,0.0287,4.8328,-0.0365
20339.7,102,-0.0338,-0.0338,-0.0299,0.0287,4.8331,-0.0320
20349.7,103,-0.0353,-0.0307,-0.0329,0.0296,4.8334,-0.0320
20359.7,104,-0.0338,-0.0338,-0.0360,0.0287,4.8337,-0.0350
20369.7,105,-0.0338,-0.0368,-0.0375,0.0287,4.8340,-0.0365
20379.7,106,-0.0414,-0.0353,-0.0421,0.0287,4.8346,-0.0365
20389.7,107,-0.0445,-0.0383,-0.0436,0.0278,4.8343,-0.0396
20399.7,108,-0.0430,-0.0368,-0.0482,0.0287,4.8340,-0.0381
20409.7,109,-0.0414,-0.0383,-0.0482,0.0287,4.8343,-0.0396
20419.7,110,-0.0414,-0.0383,-0.0436,0.0287,4.8346,-0.0350
20429.7,111,-0.0338,-0.0368,-0.0405,0.0287,4.8349,-0.0381
20439.7,112,-0.0308,-0.0307,-0.0299,0.0287,4.8346,-0.0350
20449.7,113,-0.0201,-0.0246,-0.0268,0.0287,4.8349,-0.0243
20459.7,114,-0.0186,-0.0185,-0.0268,0.0278,4.8349,-0.0243
20469.7,115,-0.0414,-0.0566,-0.0466,0.0287,4.8383,-0.0442
===BURST_CSV_END===
error: unknown command '' (try 'help')
>i3:75572:-0.047545
>i4:75572:-0.055118
>i5:75572:-0.052738
>vrail:75572:0.030441
>vcc:75572:4.833069
>i8:75572:-0.047212
>seq:75572:116.000000
>i3:76928:0.106568
>i4:76928:0.097470
>i5:76928:0.104427
>vrail:76928:0.030441
>vcc:76928:4.833069
>i8:76928:0.108428
>seq:76928:33.000000
>i3:77128:0.013490
>i4:77128:0.021176
>i5:77128:0.015926
>vrail:77128:0.029572
>vcc:77128:4.833069
>i8:77128:0.027556
>seq:77128:64.000000
>i3:77328:-0.041442
>i4:77328:-0.045962
>i5:77328:-0.046635
>vrail:77328:0.029572
>vcc:77328:4.837036
>i8:77328:-0.041108
>seq:77328:94.000000
>i3:77528:0.001283
>i4:77528:0.001340
>i5:77528:-0.002384
>vrail:77528:0.029572
>vcc:77528:4.833069
>i8:77528:-0.002961
>seq:77528:125.000000
>i3:77728:0.054688
>i4:77728:0.053220
>i5:77728:0.041866
>vrail:77728:0.026962
>vcc:77728:4.830933
>i8:77728:0.055022
>seq:77728:156.000000
>i3:77928:0.011964
>i4:77928:0.016599
>i5:77928:0.011349
>vrail:77928:0.026962
>vcc:77928:4.830933
>i8:77928:0.009246
>seq:77928:186.000000
>i3:78128:0.030274
>i4:78128:0.033383
>i5:78128:0.020504
>vrail:78128:0.026962
>vcc:78128:4.831238
>i8:78128:0.029082
>seq:78128:217.000000
>i3:78328:0.057740
>i4:78328:0.054746
>i5:78328:0.046444
>vrail:78328:0.030441
>vcc:78328:4.830933
>i8:78328:0.051970
>seq:78328:247.000000
>i3:78528:0.031800
>i4:78528:0.034909
>i5:78528:0.038815
>vrail:78528:0.030441
>vcc:78528:4.829102
>i8:78528:0.033660
>seq:78528:22.000000
>i3:78728:0.059266
>i4:78728:0.062375
>i5:78728:0.058651
>vrail:78728:0.030441
>vcc:78728:4.829102
>i8:78728:0.065703
>seq:78728:52.000000
>i3:78928:0.037904
>i4:78928:0.039487
>i5:78928:0.037289
>vrail:78928:0.028702
>vcc:78928:4.825745
>i8:78928:0.041289
>seq:78928:83.000000
>i3:79128:0.013490
>i4:79128:0.016599
>i5:79128:0.018978
>vrail:79128:0.028702
>vcc:79128:4.825745
>i8:79128:0.019927
>seq:79128:114.000000
>i3:79328:0.095887
>i4:79328:0.089841
>i5:79328:0.096798
>vrail:79328:0.028702
>vcc:79328:4.825745
>i8:79328:0.093169
>seq:79328:145.000000
>i3:79528:-0.003295
>i4:79528:0.004392
>i5:79528:-0.000858
>vrail:79528:0.028702
>vcc:79528:4.832458
>i8:79528:0.001616
>seq:79528:176.000000
>i3:79728:0.057740
>i4:79728:0.056272
>i5:79728:0.058651
>vrail:79728:0.028702
>vcc:79728:4.832458
>i8:79728:0.053496
>seq:79728:206.000000
>i3:79928:0.005860
>i4:79928:0.004392
>i5:79928:0.009823
>vrail:79928:0.030441
>vcc:79928:4.834290
>i8:79928:0.003142
>seq:79928:237.000000
>i3:80128:-0.007873
>i4:80128:-0.001712
>i5:80128:-0.002384
>vrail:80128:0.029572
>vcc:80128:4.834290
>i8:80128:-0.002961
>seq:80128:11.000000
>i3:80328:0.072999
>i4:80328:0.076108
>i5:80328:0.078487
>vrail:80328:0.028702
>vcc:80328:4.832458
>i8:80328:0.074859
>seq:80328:42.000000
>i3:80528:-0.001769
>i4:80528:0.013547
>i5:80528:-0.003910
>vrail:80528:0.028702
>vcc:80528:4.826050
>i8:80528:-0.006013
>seq:80528:72.000000
>i3:80728:0.185914
>i4:80728:0.189023
>i5:80728:0.192928
>vrail:80728:0.029572
>vcc:80728:4.826050
>i8:80728:0.196929
>seq:80728:103.000000
>i3:80928:0.015016
>i4:80928:0.012021
>i5:80928:0.006771
>vrail:80928:0.029572
>vcc:80928:4.826050
>i8:80928:0.016875
>seq:80928:134.000000
>i3:81128:0.025697
>i4:81128:0.030332
>i5:81128:0.018978
>vrail:81128:0.028702
>vcc:81128:4.826050
>i8:81128:0.022979
>seq:81128:164.000000
>i3:81328:-0.012450
>i4:81328:-0.016971
>i5:81328:-0.017643
>vrail:81328:0.031311
>vcc:81328:4.828491
>i8:81328:-0.021272
>seq:81328:195.000000
>i3:81528:0.027223
>i4:81528:0.028806
>i5:81528:0.029659
>vrail:81528:0.031311
>vcc:81528:4.828491
>i8:81528:0.036712
>seq:81528:225.000000
>i3:81728:0.149293
>i4:81728:0.143247
>i5:81728:0.141048
>vrail:81728:0.030441
>vcc:81728:4.829407
>i8:81728:0.132842
>seq:81728:0.000000
>i3:81928:0.001283
>i4:81928:0.008969
>i5:81928:0.003719
>vrail:81928:0.030441
>vcc:81928:4.830627
>i8:81928:0.006194
>seq:81928:30.000000
>i3:82128:-0.026183
>i4:82128:-0.027652
>i5:82128:-0.031376
>vrail:82128:0.030441
>vcc:82128:4.832458
>i8:82128:-0.027375
>seq:82128:61.000000
>i3:82328:0.033326
>i4:82328:0.024228
>i5:82328:0.025082
>vrail:82328:0.029572
>vcc:82328:4.830627
>i8:82328:0.027556
>seq:82328:92.000000
>i3:82528:0.072999
>i4:82528:0.079160
>i5:82528:0.072384
>vrail:82528:0.029572
>vcc:82528:4.830627
>i8:82528:0.067229
>seq:82528:122.000000
>i3:82728:0.022645
>i4:82728:0.021176
>i5:82728:0.011349
>vrail:82728:0.029572
>vcc:82728:4.830322
>i8:82728:0.018401
>seq:82728:153.000000
>i3:82928:0.039430
>i4:82928:0.033383
>i5:82928:0.044918
>vrail:82928:0.029572
>vcc:82928:4.827576
>i8:82928:0.041289
>seq:82928:183.000000
>i3:83128:0.069947
>i4:83128:0.063901
>i5:83128:0.072384
>vrail:83128:0.029572
>vcc:83128:4.827271
>i8:83128:0.077910
>seq:83128:214.000000
>i3:83328:0.025697
>i4:83328:0.025754
>i5:83328:0.025082
>vrail:83328:0.030441
>vcc:83328:4.827271
>i8:83328:0.024505
>seq:83328:244.000000
>i3:83528:0.089784
>i4:83528:0.085263
>i5:83528:0.086117
>vrail:83528:0.030441
>vcc:83528:4.827271
>i8:83528:0.091643
>seq:83528:19.000000
>i3:83728:-0.001769
>i4:83728:0.008969
>i5:83728:-0.003910
>vrail:83728:0.030441
>vcc:83728:4.827576
>i8:83728:0.006194
>seq:83728:50.000000
>i3:83928:0.060792
>i4:83928:0.056272
>i5:83928:0.054073
>vrail:83928:0.030441
>vcc:83928:4.831238
>i8:83928:0.055022
>seq:83928:81.000000
>i3:84128:-0.006347
>i4:84128:-0.018497
>i5:84128:-0.013065
>vrail:84128:0.030441
>vcc:84128:4.834900
>i8:84128:-0.004487
>seq:84128:112.000000
>i3:84328:0.031800
>i4:84328:0.024228
>i5:84328:0.020504
>vrail:84328:0.030441
>vcc:84328:4.834900
>i8:84328:0.022979
>seq:84328:142.000000
>i3:84528:0.100465
>i4:84528:0.102048
>i5:84528:0.086117
>vrail:84528:0.030441
>vcc:84528:4.834900
>i8:84528:0.105376
>seq:84528:173.000000
>i3:84728:0.011964
>i4:84728:0.010495
>i5:84728:0.032711
>vrail:84728:0.030441
>vcc:84728:4.830627
>i8:84728:0.013824
>seq:84728:203.000000
>i3:84928:0.039430
>i4:84928:0.024228
>i5:84928:0.032711
>vrail:84928:0.030441
>vcc:84928:4.830017
>i8:84928:0.030608
>seq:84928:234.000000
>i3:85128:0.019593
>i4:85128:0.018125
>i5:85128:0.017452
>vrail:85128:0.030441
>vcc:85128:4.829407
>i8:85128:0.006194
>seq:85128:8.000000
>i3:85328:0.025697
>i4:85328:0.027280
>i5:85328:0.017452
>vrail:85328:0.030441
>vcc:85328:4.829102
>i8:85328:0.022979
>seq:85328:39.000000
>i3:85528:0.118775
>i4:85528:0.114255
>i5:85528:0.107479
>vrail:85528:0.030441
>vcc:85528:4.829102
>i8:85528:0.119109
>seq:85528:70.000000
>i3:85728:0.050111
>i4:85728:0.059323
>i5:85728:0.047970
>vrail:85728:0.030441
>vcc:85728:4.829102
>i8:85728:0.053496
>seq:85728:100.000000
>i3:85928:0.027223
>i4:85928:0.024228
>i5:85928:0.017452
>vrail:85928:0.030441
>vcc:85928:4.829407
>i8:85928:0.016875
>seq:85928:131.000000
>i3:86128:0.001283
>i4:86128:-0.003238
>i5:86128:-0.002384
>vrail:86128:0.031311
>vcc:86128:4.831238
>i8:86128:0.006194
>seq:86128:161.000000
>i3:86328:-0.015502
>i4:86328:-0.006289
>i5:86328:-0.003910
>vrail:86328:0.031311
>vcc:86328:4.833069
>i8:86328:0.000091
>seq:86328:192.000000
>i3:86528:0.126405
>i4:86528:0.127988
>i5:86528:0.133419
>vrail:86528:0.031311
>vcc:86528:4.833069
>i8:86528:0.132842
>seq:86528:222.000000
>i3:86728:0.010438
>i4:86728:-0.003238
>i5:86728:0.011349
>vrail:86728:0.031311
>vcc:86728:4.835510
>i8:86728:0.004668
>seq:86728:253.000000
>i3:86928:0.022645
>i4:86928:0.030332
>i5:86928:0.034237
>vrail:86928:0.032181
>vcc:86928:4.835510
>i8:86928:0.026031
>seq:86928:28.000000
>i3:87128:0.091310
>i4:87128:0.094419
>i5:87128:0.109005
>vrail:87128:0.032181
>vcc:87128:4.830627
>i8:87128:0.105376
>seq:87128:58.000000
>i3:87328:0.028749
>i4:87328:0.041013
>i5:87328:0.044918
>vrail:87328:0.032181
>vcc:87328:4.822998
>i8:87328:0.047393
>seq:87328:89.000000
>i3:87528:0.146241
>i4:87528:0.144773
>i5:87528:0.142574
>vrail:87528:0.032181
>vcc:87528:4.822998
>i8:87528:0.148101
>seq:87528:119.000000
>i3:87728:0.021119
>i4:87728:0.019650
>i5:87728:0.014400
>vrail:87728:0.030441
>vcc:87728:4.822998
>i8:87728:0.018401
>seq:87728:150.000000
>i3:87928:0.053163
>i4:87928:0.059323
>i5:87928:0.038815
>vrail:87928:0.030441
>vcc:87928:4.822998
>i8:87928:0.051970
>seq:87928:180.000000
>i3:88128:0.015016
>i4:88128:0.008969
>i5:88128:0.017452
>vrail:88128:0.030441
>vcc:88128:4.833374
>i8:88128:0.006194
>seq:88128:211.000000
>i3:88328:0.057740
>i4:88328:0.070004
>i5:88328:0.066280
>vrail:88328:0.030441
>vcc:88328:4.833374
>i8:88328:0.064178
>seq:88328:242.000000
>i3:88528:0.031800
>i4:88528:0.025754
>i5:88528:0.012875
>vrail:88528:0.030441
>vcc:88528:4.834900
>i8:88528:0.021453
>seq:88528:17.000000
>i3:88728:-0.017028
>i4:88728:-0.015445
>i5:88728:-0.013065
>vrail:88728:0.032181
>vcc:88728:4.833374
>i8:88728:-0.006013
>seq:88728:48.000000
>i3:88928:0.083680
>i4:88928:0.076108
>i5:88928:0.075436
>vrail:88928:0.030441
>vcc:88928:4.832153
>i8:88928:0.080962
>seq:88928:78.000000
>i3:89128:0.040956
>i4:89128:0.039487
>i5:89128:0.040340
>vrail:89128:0.030441
>vcc:89128:4.827271
>i8:89128:0.033660
>seq:89128:109.000000
>i3:89328:0.111146
>i4:89328:0.118833
>i5:89328:0.124264
>vrail:89328:0.030441
>vcc:89328:4.827271
>i8:89328:0.125213
>seq:89328:139.000000
>i3:89528:0.071473
>i4:89528:0.066953
>i5:89528:0.063229
>vrail:89528:0.030441
>vcc:89528:4.826355
>i8:89528:0.071807
>seq:89528:170.000000
>i3:89728:0.036378
>i4:89728:0.027280
>i5:89728:0.041866
>vrail:89728:0.030441
>vcc:89728:4.826355
>i8:89728:0.041289
>seq:89728:200.000000
>i3:89928:0.021119
>i4:89928:0.018125
>i5:89928:0.012875
>vrail:89928:0.029572
>vcc:89928:4.826355
>i8:89928:0.024505
>seq:89928:231.000000
>i3:90128:0.016541
>i4:90128:0.015073
>i5:90128:0.008297
>vrail:90128:0.029572
>vcc:90128:4.828491
>i8:90128:0.012298
>seq:90128:6.000000
>i3:90328:0.062318
>i4:90328:0.071530
>i5:90328:0.061703
>vrail:90328:0.029572
>vcc:90328:4.828491
>i8:90328:0.065703
>seq:90328:36.000000
>i3:90528:-0.013976
>i4:90528:-0.007815
>i5:90528:-0.016117
>vrail:90528:0.029572
>vcc:90528:4.830017
>i8:90528:-0.012116
>seq:90528:67.000000
>i3:90728:-0.023131
>i4:90728:-0.020022
>i5:90728:-0.016117
>vrail:90728:0.029572
>vcc:90728:4.830017
>i8:90728:-0.019746
>seq:90728:97.000000
>i3:90928:0.013490
>i4:90928:-0.004764
>i5:90928:0.002193
>vrail:90928:0.030441
>vcc:90928:4.831848
>i8:90928:0.007720
>seq:90928:128.000000
>i3:91128:0.019593
>i4:91128:0.018125
>i5:91128:0.022030
>vrail:91128:0.030441
>vcc:91128:4.832153
>i8:91128:0.009246
>seq:91128:158.000000
>i3:91328:0.129457
>i4:91328:0.120358
>i5:91328:0.118160
>vrail:91328:0.030441
>vcc:91328:4.832153
>i8:91328:0.126739
>seq:91328:189.000000
>i3:91528:0.045533
>i4:91528:0.056272
>i5:91528:0.046444
>vrail:91528:0.030441
>vcc:91528:4.831848
>i8:91528:0.050445
>seq:91528:220.000000
>i3:91728:0.034852
>i4:91728:0.031857
>i5:91728:0.035763
>vrail:91728:0.030441
>vcc:91728:4.829407
>i8:91728:0.033660
>seq:91728:250.000000
>i3:91928:0.094361
>i4:91928:0.094419
>i5:91928:0.084591
>vrail:91928:0.029572
>vcc:91928:4.826660
>i8:91928:0.096221
>seq:91928:25.000000
>i3:92128:0.072999
>i4:92128:0.070004
>i5:92128:0.072384
>vrail:92128:0.029572
>vcc:92128:4.823914
>i8:92128:0.070281
>seq:92128:55.000000
>i3:92328:0.085206
>i4:92328:0.083737
>i5:92328:0.076962
>vrail:92328:0.031311
>vcc:92328:4.823914
>i8:92328:0.084014
>seq:92328:86.000000
>i3:92528:0.018067
>i4:92528:0.012021
>i5:92528:0.005245
>vrail:92528:0.031311
>vcc:92528:4.823914
>i8:92528:0.010772
>seq:92528:116.000000
>i3:92728:-0.027709
>i4:92728:-0.033755
>i5:92728:-0.035954
>vrail:92728:0.031311
>vcc:92728:4.823914
>i8:92728:-0.027375
>seq:92728:147.000000
>i3:92928:0.033326
>i4:92928:0.027280
>i5:92928:0.026608
>vrail:92928:0.031311
>vcc:92928:4.830322
>i8:92928:0.032134
>seq:92928:178.000000
>i3:93128:0.024171
>i4:93128:0.027280
>i5:93128:0.017452
>vrail:93128:0.031311
>vcc:93128:4.830322
>i8:93128:0.026031
>seq:93128:208.000000
>i3:93328:0.163026
>i4:93328:0.164609
>i5:93328:0.157833
>vrail:93328:0.031311
>vcc:93328:4.830322
>i8:93328:0.160308
>seq:93328:240.000000
>i3:93528:-0.004821
>i4:93528:0.002866
>i5:93528:0.003719
>vrail:93528:0.031311
>vcc:93528:4.830017
>i8:93528:0.003142
>seq:93528:14.000000
>i3:93728:0.030274
>i4:93728:0.041013
>i5:93728:0.029659
>vrail:93728:0.033051
>vcc:93728:4.830017
>i8:93728:0.032134
>seq:93728:45.000000
>i3:93928:0.004334
>i4:93928:0.005918
>i5:93928:0.005245
>vrail:93928:0.033051
>vcc:93928:4.828796
>i8:93928:0.004668
>seq:93928:75.000000
>i3:94128:0.103517
>i4:94128:0.106626
>i5:94128:0.098324
>vrail:94128:0.033051
>vcc:94128:4.828186
>i8:94128:0.105376
>seq:94128:106.000000
>i3:94328:0.083680
>i4:94328:0.085263
>i5:94328:0.087643
>vrail:94328:0.033051
>vcc:94328:4.828796
>i8:94328:0.085540
>seq:94328:137.000000
>i3:94528:0.007386
>i4:94528:0.001340
>i5:94528:0.005245
>vrail:94528:0.032181
>vcc:94528:4.831543
>i8:94528:0.000091
>seq:94528:168.000000
>i3:94728:0.044007
>i4:94728:0.037961
>i5:94728:0.044918
>vrail:94728:0.031311
>vcc:94728:4.828186
>i8:94728:0.038238
>seq:94728:199.000000
>i3:94928:0.022645
>i4:94928:0.025754
>i5:94928:0.023556
>vrail:94928:0.029572
>vcc:94928:4.831543
>i8:94928:0.026031
>seq:94928:229.000000
>i3:95128:0.065370
>i4:95128:0.059323
>i5:95128:0.063229
>vrail:95128:0.029572
>vcc:95128:4.831543
>i8:95128:0.061126
>seq:95128:4.000000
>i3:95328:-0.004821
>i4:95328:-0.000186
>i5:95328:-0.002384
>vrail:95328:0.029572
>vcc:95328:4.831543
>i8:95328:-0.010591
>seq:95328:34.000000
>i3:95528:0.024171
>i4:95528:0.005918
>i5:95528:0.015926
>vrail:95528:0.029572
>vcc:95528:4.829102
>i8:95528:0.004668
>seq:95528:65.000000
>i3:95728:-0.015502
>i4:95728:-0.000186
>i5:95728:0.003719
>vrail:95728:0.029572
>vcc:95728:4.829102
>i8:95728:-0.006013
>seq:95728:95.000000
>i3:95928:0.069947
>i4:95928:0.071530
>i5:95928:0.073910
>vrail:95928:0.029572
>vcc:95928:4.828491
>i8:95928:0.074859
>seq:95928:126.000000
>i3:96128:0.092835
>i4:96128:0.091367
>i5:96128:0.092220
>vrail:96128:0.029572
>vcc:96128:4.828491
>i8:96128:0.093169
>seq:96128:157.000000
>i3:96328:0.036378
>i4:96328:0.033383
>i5:96328:0.038815
>vrail:96328:0.029572
>vcc:96328:4.828491
>i8:96328:0.029082
>seq:96328:187.000000
>i3:96528:0.037904
>i4:96528:0.045590
>i5:96528:0.044918
>vrail:96528:0.029572
>vcc:96528:4.828491
>i8:96528:0.045867
>seq:96528:218.000000
>i3:96728:0.045533
>i4:96728:0.036435
>i5:96728:0.034237
>vrail:96728:0.029572
>vcc:96728:4.823608
>i8:96728:0.045867
>seq:96728:248.000000
>i3:96928:0.021119
>i4:96928:0.018125
>i5:96928:0.029659
>vrail:96928:0.029572
>vcc:96928:4.830017
>i8:96928:0.026031
>seq:96928:23.000000
>i3:97128:0.021119
>i4:97128:0.012021
>i5:97128:0.022030
>vrail:97128:0.031311
>vcc:97128:4.830017
>i8:97128:0.021453
>seq:97128:53.000000
>i3:97328:0.057740
>i4:97328:0.048642
>i5:97328:0.046444
>vrail:97328:0.031311
>vcc:97328:4.830017
>i8:97328:0.045867
>seq:97328:84.000000
>i3:97528:0.015016
>i4:97528:0.013547
>i5:97528:0.008297
>vrail:97528:0.031311
>vcc:97528:4.829407
>i8:97528:0.012298
>seq:97528:115.000000
>i3:97728:0.040956
>i4:97728:0.051694
>i5:97728:0.044918
>vrail:97728:0.031311
>vcc:97728:4.829407
>i8:97728:0.042815
>seq:97728:145.000000
>i3:97928:0.033326
>i4:97928:0.039487
>i5:97928:0.034237
>vrail:97928:0.031311
>vcc:97928:4.828491
>i8:97928:0.036712
>seq:97928:176.000000
>i3:98128:0.146241
>i4:98128:0.141721
>i5:98128:0.144100
>vrail:98128:0.029572
>vcc:98128:4.828491
>i8:98128:0.132842
>seq:98128:206.000000
>i3:98328:0.024171
>i4:98328:0.027280
>i5:98328:0.022030
>vrail:98328:0.029572
>vcc:98328:4.828491
>i8:98328:0.024505
>seq:98328:237.000000
>i3:98528:-0.021605
>i4:98528:-0.018497
>i5:98528:0.000668
>vrail:98528:0.029572
>vcc:98528:4.828491
>i8:98528:-0.016694
>seq:98528:11.000000
>i3:98728:-0.003295
>i4:98728:0.002866
>i5:98728:-0.006962
>vrail:98728:0.029572
>vcc:98728:4.829407
>i8:98728:-0.002961
>seq:98728:42.000000
>i3:98928:-0.000243
>i4:98928:-0.000186
>i5:98928:0.002193
>vrail:98928:0.029572
>vcc:98928:4.829407
>i8:98928:0.007720
>seq:98928:73.000000
>i3:99128:0.127931
>i4:99128:0.126462
>i5:99128:0.127316
>vrail:99128:0.030441
>vcc:99128:4.829407
>i8:99128:0.120635
>seq:99128:104.000000
>i3:99328:-0.003295
>i4:99328:0.004392
>i5:99328:-0.013065
>vrail:99328:0.033051
>vcc:99328:4.829407
>i8:99328:-0.007539
>seq:99328:135.000000
>i3:99528:-0.017028
>i4:99528:-0.020022
>i5:99528:-0.017643
>vrail:99528:0.031311
>vcc:99528:4.829407
>i8:99528:-0.022798
>seq:99528:165.000000
>i3:99728:0.021119
>i4:99728:0.016599
>i5:99728:0.003719
>vrail:99728:0.031311
>vcc:99728:4.828186
>i8:99728:0.018401
>seq:99728:196.000000
>i3:99928:0.021119
>i4:99928:0.016599
>i5:99928:0.025082
>vrail:99928:0.031311
>vcc:99928:4.828186
>i8:99928:0.030608
>seq:99928:226.000000
>i3:100128:0.134034
>i4:100128:0.129514
>i5:100128:0.124264
>vrail:100128:0.031311
>vcc:100128:4.828186
>i8:100128:0.137420
>seq:100128:1.000000
>i3:100328:0.069947
>i4:100328:0.077634
>i5:100328:0.075436
>vrail:100328:0.031311
>vcc:100328:4.825745
>i8:100328:0.076385
>seq:100328:31.000000
>i3:100528:-0.012450
>i4:100528:-0.010867
>i5:100528:0.008297
>vrail:100528:0.031311
>vcc:100528:4.825745
>i8:100528:-0.004487
>seq:100528:62.000000
>i3:100728:0.018067
>i4:100728:0.013547
>i5:100728:0.017452
>vrail:100728:0.031311
>vcc:100728:4.825745
>i8:100728:0.007720
>seq:100728:93.000000
>i3:100928:0.060792
>i4:100928:0.053220
>i5:100928:0.055599
>vrail:100928:0.031311
>vcc:100928:4.825745
>i8:100928:0.064178
>seq:100928:123.000000
>i3:101128:-0.033813
>i4:101128:-0.030704
>i5:101128:-0.037479
>vrail:101128:0.031311
>vcc:101128:4.826355
>i8:101128:-0.036530
>seq:101128:154.000000
>i3:101328:-0.004821
>i4:101328:-0.003238
>i5:101328:0.002193
>vrail:101328:0.030441
>vcc:101328:4.833069
>i8:101328:0.001616
>seq:101328:184.000000
>i3:101528:-0.039916
>i4:101528:-0.041385
>i5:101528:-0.051212
>vrail:101528:0.030441
>vcc:101528:4.834290
>i8:101528:-0.051789
>seq:101528:215.000000
>i3:101728:0.019593
>i4:101728:0.027280
>i5:101728:0.029659
>vrail:101728:0.030441
>vcc:101728:4.834290
>i8:101728:0.027556
>seq:101728:245.000000
>i3:101928:0.051637
>i4:101928:0.039487
>i5:101928:0.049496
>vrail:101928:0.030441
>vcc:101928:4.834290
>i8:101928:0.056548
>seq:101928:20.000000
>i3:102128:0.040956
>i4:102128:0.030332
>i5:102128:0.040340
>vrail:102128:0.028702
>vcc:102128:4.827881
>i8:102128:0.036712
>seq:102128:51.000000
>i3:102328:0.002809
>i4:102328:0.007443
>i5:102328:0.005245
>vrail:102328:0.028702
>vcc:102328:4.826660
>i8:102328:0.006194
>seq:102328:81.000000
>i3:102528:0.034852
>i4:102528:0.044065
>i5:102528:0.034237
>vrail:102528:0.028702
>vcc:102528:4.825439
>i8:102528:0.036712
>seq:102528:112.000000
>i3:102728:0.028749
>i4:102728:0.033383
>i5:102728:0.031185
>vrail:102728:0.028702
>vcc:102728:4.823608
>i8:102728:0.036712
>seq:102728:142.000000
>i3:102928:0.071473
>i4:102928:0.077634
>i5:102928:0.069332
>vrail:102928:0.028702
>vcc:102928:4.823608
>i8:102928:0.079436
>seq:102928:173.000000
>i3:103128:-0.015502
>i4:103128:-0.027652
>i5:103128:-0.017643
>vrail:103128:0.029572
>vcc:103128:4.823608
>i8:103128:-0.024323
>seq:103128:203.000000
>i3:103328:-0.053649
>i4:103328:-0.056643
>i5:103328:-0.049686
>vrail:103328:0.029572
>vcc:103328:4.823608
>i8:103328:-0.054841
>seq:103328:234.000000
>i3:103528:0.024171
>i4:103528:0.030332
>i5:103528:0.026608
>vrail:103528:0.030441
>vcc:103528:4.832764
>i8:103528:0.024505
>seq:103528:9.000000
>i3:103728:-0.012450
