ISO-10303-21;
HEADER;
FILE_DESCRIPTION(('STEP AP242'),'1');
FILE_NAME('2191161161.stp','2025-10-17T21:17:51',('TraceParts'),('TraceParts S.A.S.'),'Spatial InterOp 3D',' ',' ');
FILE_SCHEMA(('AP242_MANAGED_MODEL_BASED_3D_ENGINEERING_MIM_LF  {1 0 10303 442 1 1 4}'));
ENDSEC;
DATA;
#1=MECHANICAL_DESIGN_GEOMETRIC_PRESENTATION_REPRESENTATION(' ',(#10),#6);
#2=PRODUCT_DEFINITION_CONTEXT('',#11,'design');
#3=APPLICATION_PROTOCOL_DEFINITION('INTERNATIONAL STANDARD','ap242_managed_model_based_3d_engineering',2014,#11);
#4=PRODUCT_CATEGORY_RELATIONSHIP('NONE','NONE',#12,#13);
#5=SHAPE_DEFINITION_REPRESENTATION(#14,#15);
#6= (GEOMETRIC_REPRESENTATION_CONTEXT(3)GLOBAL_UNCERTAINTY_ASSIGNED_CONTEXT((#18))GLOBAL_UNIT_ASSIGNED_CONTEXT((#20,#21,#22))REPRESENTATION_CONTEXT('NONE','WORKSPACE'));
#10=STYLED_ITEM('',(#24),#25);
#11=APPLICATION_CONTEXT('managed model based 3d engineering');
#12=PRODUCT_CATEGORY('part','NONE');
#13=PRODUCT_RELATED_PRODUCT_CATEGORY('detail',' ',(#26));
#14=PRODUCT_DEFINITION_SHAPE('NONE','NONE',#27);
#15=ADVANCED_BREP_SHAPE_REPRESENTATION('2191161161wbm000_01',(#25,#28),#6);
#18=UNCERTAINTY_MEASURE_WITH_UNIT(LENGTH_MEASURE(1.0E-06),#20,'','');
#20= (CONVERSION_BASED_UNIT('MILLIMETRE',#31)LENGTH_UNIT()NAMED_UNIT(#34));
#21= (NAMED_UNIT(#36)PLANE_ANGLE_UNIT()SI_UNIT($,.RADIAN.));
#22= (NAMED_UNIT(#36)SOLID_ANGLE_UNIT()SI_UNIT($,.STERADIAN.));
#24=PRESENTATION_STYLE_ASSIGNMENT((#42));
#25=MANIFOLD_SOLID_BREP('2191161161wbm000_01',#43);
#26=PRODUCT('2191161161wbm000_01','','PART--DESC',(#44));
#27=PRODUCT_DEFINITION('','NONE',#45,#2);
#28=AXIS2_PLACEMENT_3D('',#46,#47,#48);
#31=LENGTH_MEASURE_WITH_UNIT(LENGTH_MEASURE(1.0),#49);
#34=DIMENSIONAL_EXPONENTS(1.0,0.0,0.0,0.0,0.0,0.0,0.0);
#36=DIMENSIONAL_EXPONENTS(0.0,0.0,0.0,0.0,0.0,0.0,0.0);
#42=SURFACE_STYLE_USAGE(.BOTH.,#50);
#43=CLOSED_SHELL('',(#51,#52,#53,#54,#55,#56,#57,#58,#59,#60,#61,#62,#63,#64,#65,#66,#67,#68,#69,#70,#71,#72,#73,#74,#75,#76,#77,#78,#79,#80,#81,#82,#83,#84,#85,#86,#87,#88,#89,#90,#91,#92,#93,#94,#95,#96,#97,#98,#99,#100,#101,#102,#103,#104,#105,#106,#107,#108,#109,#110,#111,#112,#113,#114,#115,#116,#117,#118,#119,#120,#121,#122,#123,#124,#125,#126,#127,#128,#129,#130,#131,#132,#133,#134,#135,#136,#137,#138,#139,#140,#141,#142,#143,#144,#145,#146,#147,#148,#149,#150,#151,#152,#153,#154,#155,#156,#157,#158,#159,#160,#161,#162,#163,#164,#165,#166,#167,#168,#169,#170,#171,#172,#173,#174,#175,#176,#177,#178,#179,#180,#181,#182,#183,#184,#185,#186,#187,#188,#189,#190,#191,#192,#193,#194,#195,#196,#197,#198,#199,#200,#201,#202,#203,#204,#205,#206,#207,#208,#209,#210,#211,#212,#213,#214,#215,#216,#217,#218,#219,#220,#221,#222,#223,#224,#225,#226,#227,#228,#229,#230,#231,#232,#233,#234,#235,#236,#237,#238,#239,#240,#241,#242,#243,#244,#245,#246,#247,#248,#249,#250,#251,#252,#253,#254,#255,#256,#257,#258,#259,#260,#261,#262,#263,#264,#265,#266,#267,#268,#269,#270,#271,#272,#273,#274,#275,#276,#277,#278,#279,#280,#281,#282,#283,#284,#285,#286,#287,#288,#289,#290,#291,#292,#293,#294,#295,#296,#297,#298,#299,#300,#301,#302,#303,#304,#305,#306,#307,#308,#309,#310,#311,#312,#313,#314,#315,#316,#317,#318,#319,#320,#321,#322,#323,#324,#325,#326,#327,#328,#329,#330,#331,#332,#333,#334,#335,#336,#337,#338,#339,#340,#341,#342,#343,#344,#345,#346,#347,#348,#349,#350,#351,#352,#353,#354,#355,#356,#357,#358,#359,#360,#361,#362,#363,#364,#365,#366,#367,#368,#369,#370,#371,#372,#373,#374,#375,#376,#377,#378,#379,#380,#381,#382,#383,#384,#385,#386,#387,#388,#389,#390,#391,#392,#393,#394,#395,#396,#397,#398,#399,#400,#401,#402,#403,#404,#405,#406,#407,#408,#409,#410,#411,#412,#413,#414,#415,#416,#417,#418,#419,#420,#421,#422,#423,#424,#425,#426,#427,#428,#429,#430,#431,#432,#433,#434,#435,#436,#437,#438,#439,#440,#441,#442,#443,#444,#445,#446,#447,#448,#449,#450,#451,#452,#453,#454,#455,#456,#457,#458,#459,#460,#461,#462,#463,#464,#465,#466,#467,#468,#469,#470,#471,#472,#473,#474,#475,#476,#477,#478,#479,#480,#481,#482,#483,#484,#485,#486,#487,#488,#489,#490,#491,#492,#493,#494,#495));
#44=PRODUCT_CONTEXT('',#11,'mechanical');
#45=PRODUCT_DEFINITION_FORMATION_WITH_SPECIFIED_SOURCE(' ','NONE',#26,.NOT_KNOWN.);
#46=CARTESIAN_POINT('',(0.0,0.0,0.0));
#47=DIRECTION('',(0.0,0.0,1.0));
#48=DIRECTION('',(1.0,0.0,0.0));
#49= (NAMED_UNIT(#34)LENGTH_UNIT()SI_UNIT(.MILLI.,.METRE.));
#50=SURFACE_SIDE_STYLE('',(#497));
#51=ADVANCED_FACE('',(#498),#499,.F.);
#52=ADVANCED_FACE('',(#500,#501,#502,#503,#504),#505,.T.);
#53=ADVANCED_FACE('',(#506),#507,.F.);
#54=ADVANCED_FACE('',(#508),#509,.T.);
#55=ADVANCED_FACE('',(#510),#511,.F.);
#56=ADVANCED_FACE('',(#512),#513,.T.);
#57=ADVANCED_FACE('',(#514),#515,.F.);
#58=ADVANCED_FACE('',(#516),#517,.T.);
#59=ADVANCED_FACE('',(#518,#519),#520,.T.);
#60=ADVANCED_FACE('',(#521,#522,#523,#524,#525,#526,#527,#528,#529,#530,#531,#532,#533,#534),#535,.F.);
#61=ADVANCED_FACE('',(#536,#537),#538,.T.);
#62=ADVANCED_FACE('',(#539,#540),#541,.T.);
#63=ADVANCED_FACE('',(#542,#543),#544,.T.);
#64=ADVANCED_FACE('',(#545,#546),#547,.T.);
#65=ADVANCED_FACE('',(#548,#549),#550,.T.);
#66=ADVANCED_FACE('',(#551,#552),#553,.T.);
#67=ADVANCED_FACE('',(#554,#555),#556,.T.);
#68=ADVANCED_FACE('',(#557,#558),#559,.T.);
#69=ADVANCED_FACE('',(#560,#561),#562,.T.);
#70=ADVANCED_FACE('',(#563),#564,.F.);
#71=ADVANCED_FACE('',(#565),#566,.T.);
#72=ADVANCED_FACE('',(#567,#568),#569,.T.);
#73=ADVANCED_FACE('',(#570,#571),#572,.T.);
#74=ADVANCED_FACE('',(#573),#574,.F.);
#75=ADVANCED_FACE('',(#575,#576,#577,#578,#579,#580,#581,#582,#583,#584,#585,#586,#587,#588),#589,.F.);
#76=ADVANCED_FACE('',(#590),#591,.F.);
#77=ADVANCED_FACE('',(#592),#593,.F.);
#78=ADVANCED_FACE('',(#594),#595,.F.);
#79=ADVANCED_FACE('',(#596),#597,.T.);
#80=ADVANCED_FACE('',(#598,#599,#600,#601,#602,#603,#604),#605,.F.);
#81=ADVANCED_FACE('',(#606),#607,.F.);
#82=ADVANCED_FACE('',(#608),#609,.T.);
#83=ADVANCED_FACE('',(#610),#611,.T.);
#84=ADVANCED_FACE('',(#612),#613,.T.);
#85=ADVANCED_FACE('',(#614),#615,.T.);
#86=ADVANCED_FACE('',(#616),#617,.T.);
#87=ADVANCED_FACE('',(#618),#619,.T.);
#88=ADVANCED_FACE('',(#620),#621,.F.);
#89=ADVANCED_FACE('',(#622),#623,.T.);
#90=ADVANCED_FACE('',(#624),#625,.T.);
#91=ADVANCED_FACE('',(#626),#627,.T.);
#92=ADVANCED_FACE('',(#628),#629,.F.);
#93=ADVANCED_FACE('',(#630),#631,.T.);
#94=ADVANCED_FACE('',(#632),#633,.T.);
#95=ADVANCED_FACE('',(#634),#635,.F.);
#96=ADVANCED_FACE('',(#636),#637,.F.);
#97=ADVANCED_FACE('',(#638),#639,.F.);
#98=ADVANCED_FACE('',(#640),#641,.F.);
#99=ADVANCED_FACE('',(#642),#643,.F.);
#100=ADVANCED_FACE('',(#644),#645,.F.);
#101=ADVANCED_FACE('',(#646),#647,.F.);
#102=ADVANCED_FACE('',(#648),#649,.F.);
#103=ADVANCED_FACE('',(#650),#651,.T.);
#104=ADVANCED_FACE('',(#652),#653,.T.);
#105=ADVANCED_FACE('',(#654),#655,.T.);
#106=ADVANCED_FACE('',(#656),#657,.T.);
#107=ADVANCED_FACE('',(#658),#659,.T.);
#108=ADVANCED_FACE('',(#660),#661,.T.);
#109=ADVANCED_FACE('',(#662),#663,.F.);
#110=ADVANCED_FACE('',(#664),#665,.T.);
#111=ADVANCED_FACE('',(#666),#667,.T.);
#112=ADVANCED_FACE('',(#668),#669,.F.);
#113=ADVANCED_FACE('',(#670),#671,.T.);
#114=ADVANCED_FACE('',(#672),#673,.T.);
#115=ADVANCED_FACE('',(#674),#675,.T.);
#116=ADVANCED_FACE('',(#676),#677,.T.);
#117=ADVANCED_FACE('',(#678),#679,.F.);
#118=ADVANCED_FACE('',(#680),#681,.T.);
#119=ADVANCED_FACE('',(#682),#683,.F.);
#120=ADVANCED_FACE('',(#684),#685,.T.);
#121=ADVANCED_FACE('',(#686),#687,.T.);
#122=ADVANCED_FACE('',(#688),#689,.T.);
#123=ADVANCED_FACE('',(#690),#691,.T.);
#124=ADVANCED_FACE('',(#692),#693,.T.);
#125=ADVANCED_FACE('',(#694),#695,.T.);
#126=ADVANCED_FACE('',(#696),#697,.T.);
#127=ADVANCED_FACE('',(#698),#699,.T.);
#128=ADVANCED_FACE('',(#700),#701,.F.);
#129=ADVANCED_FACE('',(#702),#703,.F.);
#130=ADVANCED_FACE('',(#704),#705,.F.);
#131=ADVANCED_FACE('',(#706),#707,.F.);
#132=ADVANCED_FACE('',(#708),#709,.F.);
#133=ADVANCED_FACE('',(#710),#711,.F.);
#134=ADVANCED_FACE('',(#712),#713,.T.);
#135=ADVANCED_FACE('',(#714),#715,.T.);
#136=ADVANCED_FACE('',(#716),#717,.F.);
#137=ADVANCED_FACE('',(#718),#719,.F.);
#138=ADVANCED_FACE('',(#720),#721,.T.);
#139=ADVANCED_FACE('',(#722),#723,.T.);
#140=ADVANCED_FACE('',(#724),#725,.T.);
#141=ADVANCED_FACE('',(#726),#727,.F.);
#142=ADVANCED_FACE('',(#728),#729,.F.);
#143=ADVANCED_FACE('',(#730),#731,.T.);
#144=ADVANCED_FACE('',(#732),#733,.T.);
#145=ADVANCED_FACE('',(#734),#735,.F.);
#146=ADVANCED_FACE('',(#736),#737,.F.);
#147=ADVANCED_FACE('',(#738),#739,.T.);
#148=ADVANCED_FACE('',(#740),#741,.T.);
#149=ADVANCED_FACE('',(#742),#743,.F.);
#150=ADVANCED_FACE('',(#744),#745,.F.);
#151=ADVANCED_FACE('',(#746),#747,.T.);
#152=ADVANCED_FACE('',(#748),#749,.T.);
#153=ADVANCED_FACE('',(#750),#751,.F.);
#154=ADVANCED_FACE('',(#752),#753,.F.);
#155=ADVANCED_FACE('',(#754),#755,.T.);
#156=ADVANCED_FACE('',(#756),#757,.T.);
#157=ADVANCED_FACE('',(#758),#759,.F.);
#158=ADVANCED_FACE('',(#760),#761,.F.);
#159=ADVANCED_FACE('',(#762),#763,.F.);
#160=ADVANCED_FACE('',(#764),#765,.T.);
#161=ADVANCED_FACE('',(#766),#767,.F.);
#162=ADVANCED_FACE('',(#768),#769,.F.);
#163=ADVANCED_FACE('',(#770),#771,.F.);
#164=ADVANCED_FACE('',(#772),#773,.T.);
#165=ADVANCED_FACE('',(#774),#775,.F.);
#166=ADVANCED_FACE('',(#776),#777,.F.);
#167=ADVANCED_FACE('',(#778),#779,.F.);
#168=ADVANCED_FACE('',(#780),#781,.T.);
#169=ADVANCED_FACE('',(#782),#783,.T.);
#170=ADVANCED_FACE('',(#784,#785),#786,.T.);
#171=ADVANCED_FACE('',(#787),#788,.F.);
#172=ADVANCED_FACE('',(#789),#790,.T.);
#173=ADVANCED_FACE('',(#791),#792,.T.);
#174=ADVANCED_FACE('',(#793),#794,.T.);
#175=ADVANCED_FACE('',(#795),#796,.T.);
#176=ADVANCED_FACE('',(#797),#798,.F.);
#177=ADVANCED_FACE('',(#799),#800,.T.);
#178=ADVANCED_FACE('',(#801),#802,.F.);
#179=ADVANCED_FACE('',(#803),#804,.T.);
#180=ADVANCED_FACE('',(#805),#806,.T.);
#181=ADVANCED_FACE('',(#807),#808,.F.);
#182=ADVANCED_FACE('',(#809),#810,.T.);
#183=ADVANCED_FACE('',(#811),#812,.T.);
#184=ADVANCED_FACE('',(#813),#814,.F.);
#185=ADVANCED_FACE('',(#815),#816,.T.);
#186=ADVANCED_FACE('',(#817),#818,.T.);
#187=ADVANCED_FACE('',(#819),#820,.F.);
#188=ADVANCED_FACE('',(#821),#822,.T.);
#189=ADVANCED_FACE('',(#823),#824,.T.);
#190=ADVANCED_FACE('',(#825),#826,.T.);
#191=ADVANCED_FACE('',(#827),#828,.F.);
#192=ADVANCED_FACE('',(#829),#830,.F.);
#193=ADVANCED_FACE('',(#831),#832,.F.);
#194=ADVANCED_FACE('',(#833),#834,.F.);
#195=ADVANCED_FACE('',(#835),#836,.F.);
#196=ADVANCED_FACE('',(#837),#838,.F.);
#197=ADVANCED_FACE('',(#839),#840,.F.);
#198=ADVANCED_FACE('',(#841),#842,.F.);
#199=ADVANCED_FACE('',(#843),#844,.F.);
#200=ADVANCED_FACE('',(#845),#846,.F.);
#201=ADVANCED_FACE('',(#847),#848,.F.);
#202=ADVANCED_FACE('',(#849),#850,.F.);
#203=ADVANCED_FACE('',(#851),#852,.F.);
#204=ADVANCED_FACE('',(#853),#854,.F.);
#205=ADVANCED_FACE('',(#855),#856,.F.);
#206=ADVANCED_FACE('',(#857),#858,.F.);
#207=ADVANCED_FACE('',(#859),#860,.F.);
#208=ADVANCED_FACE('',(#861),#862,.F.);
#209=ADVANCED_FACE('',(#863),#864,.F.);
#210=ADVANCED_FACE('',(#865),#866,.F.);
#211=ADVANCED_FACE('',(#867),#868,.F.);
#212=ADVANCED_FACE('',(#869),#870,.F.);
#213=ADVANCED_FACE('',(#871),#872,.F.);
#214=ADVANCED_FACE('',(#873),#874,.F.);
#215=ADVANCED_FACE('',(#875),#876,.F.);
#216=ADVANCED_FACE('',(#877),#878,.F.);
#217=ADVANCED_FACE('',(#879),#880,.F.);
#218=ADVANCED_FACE('',(#881),#882,.F.);
#219=ADVANCED_FACE('',(#883),#884,.F.);
#220=ADVANCED_FACE('',(#885),#886,.F.);
#221=ADVANCED_FACE('',(#887),#888,.F.);
#222=ADVANCED_FACE('',(#889),#890,.F.);
#223=ADVANCED_FACE('',(#891),#892,.F.);
#224=ADVANCED_FACE('',(#893),#894,.F.);
#225=ADVANCED_FACE('',(#895),#896,.F.);
#226=ADVANCED_FACE('',(#897),#898,.F.);
#227=ADVANCED_FACE('',(#899),#900,.F.);
#228=ADVANCED_FACE('',(#901),#902,.F.);
#229=ADVANCED_FACE('',(#903),#904,.F.);
#230=ADVANCED_FACE('',(#905),#906,.F.);
#231=ADVANCED_FACE('',(#907),#908,.F.);
#232=ADVANCED_FACE('',(#909),#910,.F.);
#233=ADVANCED_FACE('',(#911),#912,.F.);
#234=ADVANCED_FACE('',(#913),#914,.F.);
#235=ADVANCED_FACE('',(#915),#916,.F.);
#236=ADVANCED_FACE('',(#917),#918,.F.);
#237=ADVANCED_FACE('',(#919),#920,.F.);
#238=ADVANCED_FACE('',(#921),#922,.F.);
#239=ADVANCED_FACE('',(#923),#924,.T.);
#240=ADVANCED_FACE('',(#925),#926,.T.);
#241=ADVANCED_FACE('',(#927),#928,.T.);
#242=ADVANCED_FACE('',(#929),#930,.T.);
#243=ADVANCED_FACE('',(#931),#932,.T.);
#244=ADVANCED_FACE('',(#933),#934,.T.);
#245=ADVANCED_FACE('',(#935),#936,.T.);
#246=ADVANCED_FACE('',(#937),#938,.T.);
#247=ADVANCED_FACE('',(#939),#940,.T.);
#248=ADVANCED_FACE('',(#941),#942,.T.);
#249=ADVANCED_FACE('',(#943),#944,.T.);
#250=ADVANCED_FACE('',(#945),#946,.F.);
#251=ADVANCED_FACE('',(#947),#948,.F.);
#252=ADVANCED_FACE('',(#949),#950,.T.);
#253=ADVANCED_FACE('',(#951),#952,.T.);
#254=ADVANCED_FACE('',(#953),#954,.F.);
#255=ADVANCED_FACE('',(#955),#956,.T.);
#256=ADVANCED_FACE('',(#957),#958,.T.);
#257=ADVANCED_FACE('',(#959),#960,.F.);
#258=ADVANCED_FACE('',(#961),#962,.F.);
#259=ADVANCED_FACE('',(#963),#964,.T.);
#260=ADVANCED_FACE('',(#965),#966,.T.);
#261=ADVANCED_FACE('',(#967),#968,.T.);
#262=ADVANCED_FACE('',(#969),#970,.T.);
#263=ADVANCED_FACE('',(#971),#972,.T.);
#264=ADVANCED_FACE('',(#973),#974,.T.);
#265=ADVANCED_FACE('',(#975),#976,.T.);
#266=ADVANCED_FACE('',(#977),#978,.F.);
#267=ADVANCED_FACE('',(#979),#980,.F.);
#268=ADVANCED_FACE('',(#981),#982,.T.);
#269=ADVANCED_FACE('',(#983),#984,.T.);
#270=ADVANCED_FACE('',(#985),#986,.F.);
#271=ADVANCED_FACE('',(#987),#988,.F.);
#272=ADVANCED_FACE('',(#989),#990,.F.);
#273=ADVANCED_FACE('',(#991),#992,.F.);
#274=ADVANCED_FACE('',(#993),#994,.T.);
#275=ADVANCED_FACE('',(#995),#996,.F.);
#276=ADVANCED_FACE('',(#997),#998,.T.);
#277=ADVANCED_FACE('',(#999),#1000,.F.);
#278=ADVANCED_FACE('',(#1001),#1002,.T.);
#279=ADVANCED_FACE('',(#1003),#1004,.T.);
#280=ADVANCED_FACE('',(#1005),#1006,.T.);
#281=ADVANCED_FACE('',(#1007),#1008,.F.);
#282=ADVANCED_FACE('',(#1009),#1010,.F.);
#283=ADVANCED_FACE('',(#1011),#1012,.T.);
#284=ADVANCED_FACE('',(#1013),#1014,.F.);
#285=ADVANCED_FACE('',(#1015),#1016,.T.);
#286=ADVANCED_FACE('',(#1017),#1018,.T.);
#287=ADVANCED_FACE('',(#1019),#1020,.F.);
#288=ADVANCED_FACE('',(#1021),#1022,.T.);
#289=ADVANCED_FACE('',(#1023),#1024,.F.);
#290=ADVANCED_FACE('',(#1025),#1026,.T.);
#291=ADVANCED_FACE('',(#1027),#1028,.F.);
#292=ADVANCED_FACE('',(#1029),#1030,.F.);
#293=ADVANCED_FACE('',(#1031),#1032,.F.);
#294=ADVANCED_FACE('',(#1033),#1034,.T.);
#295=ADVANCED_FACE('',(#1035),#1036,.T.);
#296=ADVANCED_FACE('',(#1037),#1038,.F.);
#297=ADVANCED_FACE('',(#1039),#1040,.F.);
#298=ADVANCED_FACE('',(#1041),#1042,.T.);
#299=ADVANCED_FACE('',(#1043),#1044,.T.);
#300=ADVANCED_FACE('',(#1045),#1046,.F.);
#301=ADVANCED_FACE('',(#1047),#1048,.T.);
#302=ADVANCED_FACE('',(#1049),#1050,.T.);
#303=ADVANCED_FACE('',(#1051),#1052,.F.);
#304=ADVANCED_FACE('',(#1053),#1054,.F.);
#305=ADVANCED_FACE('',(#1055),#1056,.T.);
#306=ADVANCED_FACE('',(#1057),#1058,.T.);
#307=ADVANCED_FACE('',(#1059),#1060,.T.);
#308=ADVANCED_FACE('',(#1061),#1062,.T.);
#309=ADVANCED_FACE('',(#1063),#1064,.T.);
#310=ADVANCED_FACE('',(#1065),#1066,.T.);
#311=ADVANCED_FACE('',(#1067),#1068,.T.);
#312=ADVANCED_FACE('',(#1069),#1070,.F.);
#313=ADVANCED_FACE('',(#1071),#1072,.F.);
#314=ADVANCED_FACE('',(#1073),#1074,.T.);
#315=ADVANCED_FACE('',(#1075),#1076,.T.);
#316=ADVANCED_FACE('',(#1077),#1078,.F.);
#317=ADVANCED_FACE('',(#1079),#1080,.F.);
#318=ADVANCED_FACE('',(#1081),#1082,.F.);
#319=ADVANCED_FACE('',(#1083),#1084,.F.);
#320=ADVANCED_FACE('',(#1085),#1086,.T.);
#321=ADVANCED_FACE('',(#1087),#1088,.F.);
#322=ADVANCED_FACE('',(#1089),#1090,.T.);
#323=ADVANCED_FACE('',(#1091),#1092,.F.);
#324=ADVANCED_FACE('',(#1093),#1094,.T.);
#325=ADVANCED_FACE('',(#1095),#1096,.T.);
#326=ADVANCED_FACE('',(#1097),#1098,.T.);
#327=ADVANCED_FACE('',(#1099),#1100,.F.);
#328=ADVANCED_FACE('',(#1101),#1102,.F.);
#329=ADVANCED_FACE('',(#1103),#1104,.T.);
#330=ADVANCED_FACE('',(#1105),#1106,.T.);
#331=ADVANCED_FACE('',(#1107),#1108,.F.);
#332=ADVANCED_FACE('',(#1109),#1110,.T.);
#333=ADVANCED_FACE('',(#1111),#1112,.T.);
#334=ADVANCED_FACE('',(#1113),#1114,.F.);
#335=ADVANCED_FACE('',(#1115),#1116,.F.);
#336=ADVANCED_FACE('',(#1117),#1118,.T.);
#337=ADVANCED_FACE('',(#1119),#1120,.T.);
#338=ADVANCED_FACE('',(#1121),#1122,.T.);
#339=ADVANCED_FACE('',(#1123),#1124,.T.);
#340=ADVANCED_FACE('',(#1125),#1126,.T.);
#341=ADVANCED_FACE('',(#1127),#1128,.T.);
#342=ADVANCED_FACE('',(#1129),#1130,.T.);
#343=ADVANCED_FACE('',(#1131),#1132,.F.);
#344=ADVANCED_FACE('',(#1133),#1134,.F.);
#345=ADVANCED_FACE('',(#1135),#1136,.T.);
#346=ADVANCED_FACE('',(#1137),#1138,.T.);
#347=ADVANCED_FACE('',(#1139),#1140,.F.);
#348=ADVANCED_FACE('',(#1141),#1142,.F.);
#349=ADVANCED_FACE('',(#1143),#1144,.F.);
#350=ADVANCED_FACE('',(#1145),#1146,.F.);
#351=ADVANCED_FACE('',(#1147),#1148,.T.);
#352=ADVANCED_FACE('',(#1149),#1150,.F.);
#353=ADVANCED_FACE('',(#1151),#1152,.T.);
#354=ADVANCED_FACE('',(#1153),#1154,.F.);
#355=ADVANCED_FACE('',(#1155),#1156,.T.);
#356=ADVANCED_FACE('',(#1157),#1158,.T.);
#357=ADVANCED_FACE('',(#1159),#1160,.T.);
#358=ADVANCED_FACE('',(#1161),#1162,.F.);
#359=ADVANCED_FACE('',(#1163),#1164,.F.);
#360=ADVANCED_FACE('',(#1165),#1166,.T.);
#361=ADVANCED_FACE('',(#1167),#1168,.T.);
#362=ADVANCED_FACE('',(#1169),#1170,.F.);
#363=ADVANCED_FACE('',(#1171),#1172,.T.);
#364=ADVANCED_FACE('',(#1173),#1174,.T.);
#365=ADVANCED_FACE('',(#1175),#1176,.F.);
#366=ADVANCED_FACE('',(#1177),#1178,.F.);
#367=ADVANCED_FACE('',(#1179),#1180,.T.);
#368=ADVANCED_FACE('',(#1181),#1182,.T.);
#369=ADVANCED_FACE('',(#1183),#1184,.T.);
#370=ADVANCED_FACE('',(#1185),#1186,.T.);
#371=ADVANCED_FACE('',(#1187),#1188,.T.);
#372=ADVANCED_FACE('',(#1189),#1190,.T.);
#373=ADVANCED_FACE('',(#1191),#1192,.T.);
#374=ADVANCED_FACE('',(#1193),#1194,.F.);
#375=ADVANCED_FACE('',(#1195),#1196,.F.);
#376=ADVANCED_FACE('',(#1197),#1198,.T.);
#377=ADVANCED_FACE('',(#1199),#1200,.T.);
#378=ADVANCED_FACE('',(#1201),#1202,.F.);
#379=ADVANCED_FACE('',(#1203),#1204,.F.);
#380=ADVANCED_FACE('',(#1205),#1206,.F.);
#381=ADVANCED_FACE('',(#1207),#1208,.F.);
#382=ADVANCED_FACE('',(#1209),#1210,.T.);
#383=ADVANCED_FACE('',(#1211),#1212,.F.);
#384=ADVANCED_FACE('',(#1213),#1214,.T.);
#385=ADVANCED_FACE('',(#1215),#1216,.F.);
#386=ADVANCED_FACE('',(#1217),#1218,.T.);
#387=ADVANCED_FACE('',(#1219),#1220,.T.);
#388=ADVANCED_FACE('',(#1221),#1222,.T.);
#389=ADVANCED_FACE('',(#1223),#1224,.F.);
#390=ADVANCED_FACE('',(#1225),#1226,.F.);
#391=ADVANCED_FACE('',(#1227),#1228,.T.);
#392=ADVANCED_FACE('',(#1229),#1230,.T.);
#393=ADVANCED_FACE('',(#1231),#1232,.F.);
#394=ADVANCED_FACE('',(#1233),#1234,.T.);
#395=ADVANCED_FACE('',(#1235),#1236,.T.);
#396=ADVANCED_FACE('',(#1237),#1238,.F.);
#397=ADVANCED_FACE('',(#1239),#1240,.F.);
#398=ADVANCED_FACE('',(#1241),#1242,.T.);
#399=ADVANCED_FACE('',(#1243),#1244,.T.);
#400=ADVANCED_FACE('',(#1245),#1246,.T.);
#401=ADVANCED_FACE('',(#1247),#1248,.T.);
#402=ADVANCED_FACE('',(#1249),#1250,.T.);
#403=ADVANCED_FACE('',(#1251),#1252,.T.);
#404=ADVANCED_FACE('',(#1253),#1254,.T.);
#405=ADVANCED_FACE('',(#1255),#1256,.F.);
#406=ADVANCED_FACE('',(#1257),#1258,.F.);
#407=ADVANCED_FACE('',(#1259),#1260,.T.);
#408=ADVANCED_FACE('',(#1261),#1262,.T.);
#409=ADVANCED_FACE('',(#1263),#1264,.F.);
#410=ADVANCED_FACE('',(#1265),#1266,.F.);
#411=ADVANCED_FACE('',(#1267),#1268,.F.);
#412=ADVANCED_FACE('',(#1269),#1270,.F.);
#413=ADVANCED_FACE('',(#1271),#1272,.T.);
#414=ADVANCED_FACE('',(#1273),#1274,.F.);
#415=ADVANCED_FACE('',(#1275),#1276,.T.);
#416=ADVANCED_FACE('',(#1277),#1278,.F.);
#417=ADVANCED_FACE('',(#1279),#1280,.T.);
#418=ADVANCED_FACE('',(#1281),#1282,.T.);
#419=ADVANCED_FACE('',(#1283),#1284,.T.);
#420=ADVANCED_FACE('',(#1285),#1286,.F.);
#421=ADVANCED_FACE('',(#1287),#1288,.F.);
#422=ADVANCED_FACE('',(#1289),#1290,.T.);
#423=ADVANCED_FACE('',(#1291),#1292,.T.);
#424=ADVANCED_FACE('',(#1293),#1294,.F.);
#425=ADVANCED_FACE('',(#1295),#1296,.T.);
#426=ADVANCED_FACE('',(#1297),#1298,.T.);
#427=ADVANCED_FACE('',(#1299),#1300,.F.);
#428=ADVANCED_FACE('',(#1301),#1302,.F.);
#429=ADVANCED_FACE('',(#1303),#1304,.T.);
#430=ADVANCED_FACE('',(#1305),#1306,.T.);
#431=ADVANCED_FACE('',(#1307),#1308,.T.);
#432=ADVANCED_FACE('',(#1309),#1310,.T.);
#433=ADVANCED_FACE('',(#1311),#1312,.T.);
#434=ADVANCED_FACE('',(#1313),#1314,.T.);
#435=ADVANCED_FACE('',(#1315),#1316,.T.);
#436=ADVANCED_FACE('',(#1317),#1318,.F.);
#437=ADVANCED_FACE('',(#1319),#1320,.F.);
#438=ADVANCED_FACE('',(#1321),#1322,.T.);
#439=ADVANCED_FACE('',(#1323),#1324,.T.);
#440=ADVANCED_FACE('',(#1325),#1326,.F.);
#441=ADVANCED_FACE('',(#1327),#1328,.F.);
#442=ADVANCED_FACE('',(#1329),#1330,.F.);
#443=ADVANCED_FACE('',(#1331),#1332,.F.);
#444=ADVANCED_FACE('',(#1333),#1334,.T.);
#445=ADVANCED_FACE('',(#1335),#1336,.F.);
#446=ADVANCED_FACE('',(#1337),#1338,.T.);
#447=ADVANCED_FACE('',(#1339),#1340,.F.);
#448=ADVANCED_FACE('',(#1341),#1342,.T.);
#449=ADVANCED_FACE('',(#1343),#1344,.T.);
#450=ADVANCED_FACE('',(#1345),#1346,.T.);
#451=ADVANCED_FACE('',(#1347),#1348,.F.);
#452=ADVANCED_FACE('',(#1349),#1350,.F.);
#453=ADVANCED_FACE('',(#1351),#1352,.T.);
#454=ADVANCED_FACE('',(#1353),#1354,.F.);
#455=ADVANCED_FACE('',(#1355),#1356,.T.);
#456=ADVANCED_FACE('',(#1357),#1358,.T.);
#457=ADVANCED_FACE('',(#1359),#1360,.F.);
#458=ADVANCED_FACE('',(#1361),#1362,.T.);
#459=ADVANCED_FACE('',(#1363),#1364,.F.);
#460=ADVANCED_FACE('',(#1365),#1366,.T.);
#461=ADVANCED_FACE('',(#1367),#1368,.F.);
#462=ADVANCED_FACE('',(#1369),#1370,.F.);
#463=ADVANCED_FACE('',(#1371),#1372,.F.);
#464=ADVANCED_FACE('',(#1373),#1374,.T.);
#465=ADVANCED_FACE('',(#1375),#1376,.T.);
#466=ADVANCED_FACE('',(#1377),#1378,.F.);
#467=ADVANCED_FACE('',(#1379),#1380,.F.);
#468=ADVANCED_FACE('',(#1381),#1382,.T.);
#469=ADVANCED_FACE('',(#1383),#1384,.F.);
#470=ADVANCED_FACE('',(#1385),#1386,.T.);
#471=ADVANCED_FACE('',(#1387),#1388,.T.);
#472=ADVANCED_FACE('',(#1389),#1390,.F.);
#473=ADVANCED_FACE('',(#1391),#1392,.T.);
#474=ADVANCED_FACE('',(#1393),#1394,.F.);
#475=ADVANCED_FACE('',(#1395),#1396,.T.);
#476=ADVANCED_FACE('',(#1397),#1398,.F.);
#477=ADVANCED_FACE('',(#1399),#1400,.F.);
#478=ADVANCED_FACE('',(#1401),#1402,.F.);
#479=ADVANCED_FACE('',(#1403),#1404,.T.);
#480=ADVANCED_FACE('',(#1405),#1406,.T.);
#481=ADVANCED_FACE('',(#1407),#1408,.F.);
#482=ADVANCED_FACE('',(#1409),#1410,.F.);
#483=ADVANCED_FACE('',(#1411),#1412,.T.);
#484=ADVANCED_FACE('',(#1413),#1414,.F.);
#485=ADVANCED_FACE('',(#1415),#1416,.T.);
#486=ADVANCED_FACE('',(#1417),#1418,.T.);
#487=ADVANCED_FACE('',(#1419),#1420,.F.);
#488=ADVANCED_FACE('',(#1421),#1422,.T.);
#489=ADVANCED_FACE('',(#1423),#1424,.F.);
#490=ADVANCED_FACE('',(#1425),#1426,.T.);
#491=ADVANCED_FACE('',(#1427),#1428,.F.);
#492=ADVANCED_FACE('',(#1429),#1430,.F.);
#493=ADVANCED_FACE('',(#1431),#1432,.F.);
#494=ADVANCED_FACE('',(#1433),#1434,.T.);
#495=ADVANCED_FACE('',(#1435),#1436,.T.);
#497=SURFACE_STYLE_FILL_AREA(#1437);
#498=FACE_OUTER_BOUND('',#1438,.T.);
#499=PLANE('',#1439);
#500=FACE_OUTER_BOUND('',#1440,.T.);
#501=FACE_BOUND('',#1441,.T.);
#502=FACE_BOUND('',#1442,.T.);
#503=FACE_BOUND('',#1443,.T.);
#504=FACE_BOUND('',#1444,.T.);
#505=PLANE('',#1445);
#506=FACE_OUTER_BOUND('',#1446,.T.);
#507=PLANE('',#1447);
#508=FACE_OUTER_BOUND('',#1448,.T.);
#509=PLANE('',#1449);
#510=FACE_OUTER_BOUND('',#1450,.T.);
#511=PLANE('',#1451);
#512=FACE_OUTER_BOUND('',#1452,.T.);
#513=PLANE('',#1453);
#514=FACE_OUTER_BOUND('',#1454,.T.);
#515=PLANE('',#1455);
#516=FACE_OUTER_BOUND('',#1456,.T.);
#517=PLANE('',#1457);
#518=FACE_OUTER_BOUND('',#1458,.T.);
#519=FACE_BOUND('',#1459,.T.);
#520=PLANE('',#1460);
#521=FACE_BOUND('',#1461,.T.);
#522=FACE_BOUND('',#1462,.T.);
#523=FACE_BOUND('',#1463,.T.);
#524=FACE_OUTER_BOUND('',#1464,.T.);
#525=FACE_BOUND('',#1465,.T.);
#526=FACE_BOUND('',#1466,.T.);
#527=FACE_BOUND('',#1467,.T.);
#528=FACE_BOUND('',#1468,.T.);
#529=FACE_BOUND('',#1469,.T.);
#530=FACE_BOUND('',#1470,.T.);
#531=FACE_BOUND('',#1471,.T.);
#532=FACE_BOUND('',#1472,.T.);
#533=FACE_BOUND('',#1473,.T.);
#534=FACE_BOUND('',#1474,.T.);
#535=PLANE('',#1475);
#536=FACE_OUTER_BOUND('',#1476,.T.);
#537=FACE_BOUND('',#1477,.T.);
#538=PLANE('',#1478);
#539=FACE_OUTER_BOUND('',#1479,.T.);
#540=FACE_BOUND('',#1480,.T.);
#541=PLANE('',#1481);
#542=FACE_OUTER_BOUND('',#1482,.T.);
#543=FACE_BOUND('',#1483,.T.);
#544=PLANE('',#1484);
#545=FACE_OUTER_BOUND('',#1485,.T.);
#546=FACE_BOUND('',#1486,.T.);
#547=PLANE('',#1487);
#548=FACE_OUTER_BOUND('',#1488,.T.);
#549=FACE_BOUND('',#1489,.T.);
#550=PLANE('',#1490);
#551=FACE_OUTER_BOUND('',#1491,.T.);
#552=FACE_BOUND('',#1492,.T.);
#553=PLANE('',#1493);
#554=FACE_OUTER_BOUND('',#1494,.T.);
#555=FACE_BOUND('',#1495,.T.);
#556=PLANE('',#1496);
#557=FACE_OUTER_BOUND('',#1497,.T.);
#558=FACE_BOUND('',#1498,.T.);
#559=PLANE('',#1499);
#560=FACE_OUTER_BOUND('',#1500,.T.);
#561=FACE_BOUND('',#1501,.T.);
#562=PLANE('',#1502);
#563=FACE_OUTER_BOUND('',#1503,.T.);
#564=PLANE('',#1504);
#565=FACE_OUTER_BOUND('',#1505,.T.);
#566=PLANE('',#1506);
#567=FACE_OUTER_BOUND('',#1507,.T.);
#568=FACE_BOUND('',#1508,.T.);
#569=PLANE('',#1509);
#570=FACE_OUTER_BOUND('',#1510,.T.);
#571=FACE_BOUND('',#1511,.T.);
#572=PLANE('',#1512);
#573=FACE_OUTER_BOUND('',#1513,.T.);
#574=PLANE('',#1514);
#575=FACE_BOUND('',#1515,.T.);
#576=FACE_OUTER_BOUND('',#1516,.T.);
#577=FACE_BOUND('',#1517,.T.);
#578=FACE_BOUND('',#1518,.T.);
#579=FACE_BOUND('',#1519,.T.);
#580=FACE_BOUND('',#1520,.T.);
#581=FACE_BOUND('',#1521,.T.);
#582=FACE_BOUND('',#1522,.T.);
#583=FACE_BOUND('',#1523,.T.);
#584=FACE_BOUND('',#1524,.T.);
#585=FACE_BOUND('',#1525,.T.);
#586=FACE_BOUND('',#1526,.T.);
#587=FACE_BOUND('',#1527,.T.);
#588=FACE_BOUND('',#1528,.T.);
#589=PLANE('',#1529);
#590=FACE_OUTER_BOUND('',#1530,.T.);
#591=PLANE('',#1531);
#592=FACE_OUTER_BOUND('',#1532,.T.);
#593=PLANE('',#1533);
#594=FACE_OUTER_BOUND('',#1534,.T.);
#595=PLANE('',#1535);
#596=FACE_OUTER_BOUND('',#1536,.T.);
#597=PLANE('',#1537);
#598=FACE_BOUND('',#1538,.T.);
#599=FACE_BOUND('',#1539,.T.);
#600=FACE_BOUND('',#1540,.T.);
#601=FACE_BOUND('',#1541,.T.);
#602=FACE_BOUND('',#1542,.T.);
#603=FACE_BOUND('',#1543,.T.);
#604=FACE_OUTER_BOUND('',#1544,.T.);
#605=PLANE('',#1545);
#606=FACE_OUTER_BOUND('',#1546,.T.);
#607=PLANE('',#1547);
#608=FACE_OUTER_BOUND('',#1548,.T.);
#609=PLANE('',#1549);
#610=FACE_OUTER_BOUND('',#1550,.T.);
#611=PLANE('',#1551);
#612=FACE_OUTER_BOUND('',#1552,.T.);
#613=CONICAL_SURFACE('',#1553,1.4,0.575959451796418);
#614=FACE_OUTER_BOUND('',#1554,.T.);
#615=PLANE('',#1555);
#616=FACE_OUTER_BOUND('',#1556,.T.);
#617=PLANE('',#1557);
#618=FACE_OUTER_BOUND('',#1558,.T.);
#619=CONICAL_SURFACE('',#1559,1.4,0.575959451796418);
#620=FACE_OUTER_BOUND('',#1560,.T.);
#621=PLANE('',#1561);
#622=FACE_OUTER_BOUND('',#1562,.T.);
#623=PLANE('',#1563);
#624=FACE_OUTER_BOUND('',#1564,.T.);
#625=PLANE('',#1565);
#626=FACE_OUTER_BOUND('',#1566,.T.);
#627=PLANE('',#1567);
#628=FACE_OUTER_BOUND('',#1568,.T.);
#629=PLANE('',#1569);
#630=FACE_OUTER_BOUND('',#1570,.T.);
#631=PLANE('',#1571);
#632=FACE_OUTER_BOUND('',#1572,.T.);
#633=PLANE('',#1573);
#634=FACE_OUTER_BOUND('',#1574,.T.);
#635=PLANE('',#1575);
#636=FACE_OUTER_BOUND('',#1576,.T.);
#637=PLANE('',#1577);
#638=FACE_OUTER_BOUND('',#1578,.T.);
#639=PLANE('',#1579);
#640=FACE_OUTER_BOUND('',#1580,.T.);
#641=PLANE('',#1581);
#642=FACE_OUTER_BOUND('',#1582,.T.);
#643=PLANE('',#1583);
#644=FACE_OUTER_BOUND('',#1584,.T.);
#645=PLANE('',#1585);
#646=FACE_OUTER_BOUND('',#1586,.T.);
#647=PLANE('',#1587);
#648=FACE_OUTER_BOUND('',#1588,.T.);
#649=PLANE('',#1589);
#650=FACE_OUTER_BOUND('',#1590,.T.);
#651=PLANE('',#1591);
#652=FACE_OUTER_BOUND('',#1592,.T.);
#653=PLANE('',#1593);
#654=FACE_OUTER_BOUND('',#1594,.T.);
#655=PLANE('',#1595);
#656=FACE_OUTER_BOUND('',#1596,.T.);
#657=CYLINDRICAL_SURFACE('',#1597,1.1);
#658=FACE_OUTER_BOUND('',#1598,.T.);
#659=PLANE('',#1599);
#660=FACE_OUTER_BOUND('',#1600,.T.);
#661=PLANE('',#1601);
#662=FACE_OUTER_BOUND('',#1602,.T.);
#663=PLANE('',#1603);
#664=FACE_OUTER_BOUND('',#1604,.T.);
#665=CYLINDRICAL_SURFACE('',#1605,1.4);
#666=FACE_OUTER_BOUND('',#1606,.T.);
#667=PLANE('',#1607);
#668=FACE_OUTER_BOUND('',#1608,.T.);
#669=PLANE('',#1609);
#670=FACE_OUTER_BOUND('',#1610,.T.);
#671=PLANE('',#1611);
#672=FACE_OUTER_BOUND('',#1612,.T.);
#673=PLANE('',#1613);
#674=FACE_OUTER_BOUND('',#1614,.T.);
#675=PLANE('',#1615);
#676=FACE_OUTER_BOUND('',#1616,.T.);
#677=CYLINDRICAL_SURFACE('',#1617,1.1);
#678=FACE_OUTER_BOUND('',#1618,.T.);
#679=PLANE('',#1619);
#680=FACE_OUTER_BOUND('',#1620,.T.);
#681=CYLINDRICAL_SURFACE('',#1621,1.4);
#682=FACE_OUTER_BOUND('',#1622,.T.);
#683=PLANE('',#1623);
#684=FACE_OUTER_BOUND('',#1624,.T.);
#685=PLANE('',#1625);
#686=FACE_OUTER_BOUND('',#1626,.T.);
#687=PLANE('',#1627);
#688=FACE_OUTER_BOUND('',#1628,.T.);
#689=SURFACE_OF_LINEAR_EXTRUSION('',#1629,#1630);
#690=FACE_OUTER_BOUND('',#1631,.T.);
#691=PLANE('',#1632);
#692=FACE_OUTER_BOUND('',#1633,.T.);
#693=CYLINDRICAL_SURFACE('',#1634,0.559720184980251);
#694=FACE_OUTER_BOUND('',#1635,.T.);
#695=PLANE('',#1636);
#696=FACE_OUTER_BOUND('',#1637,.T.);
#697=PLANE('',#1638);
#698=FACE_OUTER_BOUND('',#1639,.T.);
#699=PLANE('',#1640);
#700=FACE_OUTER_BOUND('',#1641,.T.);
#701=PLANE('',#1642);
#702=FACE_OUTER_BOUND('',#1643,.T.);
#703=PLANE('',#1644);
#704=FACE_OUTER_BOUND('',#1645,.T.);
#705=PLANE('',#1646);
#706=FACE_OUTER_BOUND('',#1647,.T.);
#707=PLANE('',#1648);
#708=FACE_OUTER_BOUND('',#1649,.T.);
#709=PLANE('',#1650);
#710=FACE_OUTER_BOUND('',#1651,.T.);
#711=PLANE('',#1652);
#712=FACE_OUTER_BOUND('',#1653,.T.);
#713=PLANE('',#1654);
#714=FACE_OUTER_BOUND('',#1655,.T.);
#715=PLANE('',#1656);
#716=FACE_OUTER_BOUND('',#1657,.T.);
#717=PLANE('',#1658);
#718=FACE_OUTER_BOUND('',#1659,.T.);
#719=PLANE('',#1660);
#720=FACE_OUTER_BOUND('',#1661,.T.);
#721=PLANE('',#1662);
#722=FACE_OUTER_BOUND('',#1663,.T.);
#723=PLANE('',#1664);
#724=FACE_OUTER_BOUND('',#1665,.T.);
#725=PLANE('',#1666);
#726=FACE_OUTER_BOUND('',#1667,.T.);
#727=PLANE('',#1668);
#728=FACE_OUTER_BOUND('',#1669,.T.);
#729=PLANE('',#1670);
#730=FACE_OUTER_BOUND('',#1671,.T.);
#731=PLANE('',#1672);
#732=FACE_OUTER_BOUND('',#1673,.T.);
#733=PLANE('',#1674);
#734=FACE_OUTER_BOUND('',#1675,.T.);
#735=PLANE('',#1676);
#736=FACE_OUTER_BOUND('',#1677,.T.);
#737=PLANE('',#1678);
#738=FACE_OUTER_BOUND('',#1679,.T.);
#739=PLANE('',#1680);
#740=FACE_OUTER_BOUND('',#1681,.T.);
#741=PLANE('',#1682);
#742=FACE_OUTER_BOUND('',#1683,.T.);
#743=PLANE('',#1684);
#744=FACE_OUTER_BOUND('',#1685,.T.);
#745=PLANE('',#1686);
#746=FACE_OUTER_BOUND('',#1687,.T.);
#747=PLANE('',#1688);
#748=FACE_OUTER_BOUND('',#1689,.T.);
#749=PLANE('',#1690);
#750=FACE_OUTER_BOUND('',#1691,.T.);
#751=PLANE('',#1692);
#752=FACE_OUTER_BOUND('',#1693,.T.);
#753=PLANE('',#1694);
#754=FACE_OUTER_BOUND('',#1695,.T.);
#755=PLANE('',#1696);
#756=FACE_OUTER_BOUND('',#1697,.T.);
#757=PLANE('',#1698);
#758=FACE_OUTER_BOUND('',#1699,.T.);
#759=PLANE('',#1700);
#760=FACE_OUTER_BOUND('',#1701,.T.);
#761=PLANE('',#1702);
#762=FACE_OUTER_BOUND('',#1703,.T.);
#763=PLANE('',#1704);
#764=FACE_OUTER_BOUND('',#1705,.T.);
#765=PLANE('',#1706);
#766=FACE_OUTER_BOUND('',#1707,.T.);
#767=PLANE('',#1708);
#768=FACE_OUTER_BOUND('',#1709,.T.);
#769=PLANE('',#1710);
#770=FACE_OUTER_BOUND('',#1711,.T.);
#771=PLANE('',#1712);
#772=FACE_OUTER_BOUND('',#1713,.T.);
#773=PLANE('',#1714);
#774=FACE_OUTER_BOUND('',#1715,.T.);
#775=PLANE('',#1716);
#776=FACE_OUTER_BOUND('',#1717,.T.);
#777=PLANE('',#1718);
#778=FACE_OUTER_BOUND('',#1719,.T.);
#779=PLANE('',#1720);
#780=FACE_OUTER_BOUND('',#1721,.T.);
#781=PLANE('',#1722);
#782=FACE_OUTER_BOUND('',#1723,.T.);
#783=PLANE('',#1724);
#784=FACE_OUTER_BOUND('',#1725,.T.);
#785=FACE_BOUND('',#1726,.T.);
#786=PLANE('',#1727);
#787=FACE_OUTER_BOUND('',#1728,.T.);
#788=PLANE('',#1729);
#789=FACE_OUTER_BOUND('',#1730,.T.);
#790=PLANE('',#1731);
#791=FACE_OUTER_BOUND('',#1732,.T.);
#792=PLANE('',#1733);
#793=FACE_OUTER_BOUND('',#1734,.T.);
#794=PLANE('',#1735);
#795=FACE_OUTER_BOUND('',#1736,.T.);
#796=PLANE('',#1737);
#797=FACE_OUTER_BOUND('',#1738,.T.);
#798=PLANE('',#1739);
#799=FACE_OUTER_BOUND('',#1740,.T.);
#800=PLANE('',#1741);
#801=FACE_OUTER_BOUND('',#1742,.T.);
#802=PLANE('',#1743);
#803=FACE_OUTER_BOUND('',#1744,.T.);
#804=PLANE('',#1745);
#805=FACE_OUTER_BOUND('',#1746,.T.);
#806=PLANE('',#1747);
#807=FACE_OUTER_BOUND('',#1748,.T.);
#808=PLANE('',#1749);
#809=FACE_OUTER_BOUND('',#1750,.T.);
#810=PLANE('',#1751);
#811=FACE_OUTER_BOUND('',#1752,.T.);
#812=PLANE('',#1753);
#813=FACE_OUTER_BOUND('',#1754,.T.);
#814=PLANE('',#1755);
#815=FACE_OUTER_BOUND('',#1756,.T.);
#816=PLANE('',#1757);
#817=FACE_OUTER_BOUND('',#1758,.T.);
#818=PLANE('',#1759);
#819=FACE_OUTER_BOUND('',#1760,.T.);
#820=PLANE('',#1761);
#821=FACE_OUTER_BOUND('',#1762,.T.);
#822=PLANE('',#1763);
#823=FACE_OUTER_BOUND('',#1764,.T.);
#824=PLANE('',#1765);
#825=FACE_OUTER_BOUND('',#1766,.T.);
#826=PLANE('',#1767);
#827=FACE_OUTER_BOUND('',#1768,.T.);
#828=PLANE('',#1769);
#829=FACE_OUTER_BOUND('',#1770,.T.);
#830=PLANE('',#1771);
#831=FACE_OUTER_BOUND('',#1772,.T.);
#832=PLANE('',#1773);
#833=FACE_OUTER_BOUND('',#1774,.T.);
#834=PLANE('',#1775);
#835=FACE_OUTER_BOUND('',#1776,.T.);
#836=PLANE('',#1777);
#837=FACE_OUTER_BOUND('',#1778,.T.);
#838=PLANE('',#1779);
#839=FACE_OUTER_BOUND('',#1780,.T.);
#840=PLANE('',#1781);
#841=FACE_OUTER_BOUND('',#1782,.T.);
#842=PLANE('',#1783);
#843=FACE_OUTER_BOUND('',#1784,.T.);
#844=PLANE('',#1785);
#845=FACE_OUTER_BOUND('',#1786,.T.);
#846=PLANE('',#1787);
#847=FACE_OUTER_BOUND('',#1788,.T.);
#848=PLANE('',#1789);
#849=FACE_OUTER_BOUND('',#1790,.T.);
#850=PLANE('',#1791);
#851=FACE_OUTER_BOUND('',#1792,.T.);
#852=PLANE('',#1793);
#853=FACE_OUTER_BOUND('',#1794,.T.);
#854=PLANE('',#1795);
#855=FACE_OUTER_BOUND('',#1796,.T.);
#856=PLANE('',#1797);
#857=FACE_OUTER_BOUND('',#1798,.T.);
#858=PLANE('',#1799);
#859=FACE_OUTER_BOUND('',#1800,.T.);
#860=PLANE('',#1801);
#861=FACE_OUTER_BOUND('',#1802,.T.);
#862=PLANE('',#1803);
#863=FACE_OUTER_BOUND('',#1804,.T.);
#864=PLANE('',#1805);
#865=FACE_OUTER_BOUND('',#1806,.T.);
#866=PLANE('',#1807);
#867=FACE_OUTER_BOUND('',#1808,.T.);
#868=PLANE('',#1809);
#869=FACE_OUTER_BOUND('',#1810,.T.);
#870=PLANE('',#1811);
#871=FACE_OUTER_BOUND('',#1812,.T.);
#872=PLANE('',#1813);
#873=FACE_OUTER_BOUND('',#1814,.T.);
#874=PLANE('',#1815);
#875=FACE_OUTER_BOUND('',#1816,.T.);
#876=PLANE('',#1817);
#877=FACE_OUTER_BOUND('',#1818,.T.);
#878=PLANE('',#1819);
#879=FACE_OUTER_BOUND('',#1820,.T.);
#880=PLANE('',#1821);
#881=FACE_OUTER_BOUND('',#1822,.T.);
#882=PLANE('',#1823);
#883=FACE_OUTER_BOUND('',#1824,.T.);
#884=PLANE('',#1825);
#885=FACE_OUTER_BOUND('',#1826,.T.);
#886=PLANE('',#1827);
#887=FACE_OUTER_BOUND('',#1828,.T.);
#888=PLANE('',#1829);
#889=FACE_OUTER_BOUND('',#1830,.T.);
#890=PLANE('',#1831);
#891=FACE_OUTER_BOUND('',#1832,.T.);
#892=PLANE('',#1833);
#893=FACE_OUTER_BOUND('',#1834,.T.);
#894=PLANE('',#1835);
#895=FACE_OUTER_BOUND('',#1836,.T.);
#896=PLANE('',#1837);
#897=FACE_OUTER_BOUND('',#1838,.T.);
#898=PLANE('',#1839);
#899=FACE_OUTER_BOUND('',#1840,.T.);
#900=PLANE('',#1841);
#901=FACE_OUTER_BOUND('',#1842,.T.);
#902=PLANE('',#1843);
#903=FACE_OUTER_BOUND('',#1844,.T.);
#904=PLANE('',#1845);
#905=FACE_OUTER_BOUND('',#1846,.T.);
#906=PLANE('',#1847);
#907=FACE_OUTER_BOUND('',#1848,.T.);
#908=PLANE('',#1849);
#909=FACE_OUTER_BOUND('',#1850,.T.);
#910=PLANE('',#1851);
#911=FACE_OUTER_BOUND('',#1852,.T.);
#912=PLANE('',#1853);
#913=FACE_OUTER_BOUND('',#1854,.T.);
#914=PLANE('',#1855);
#915=FACE_OUTER_BOUND('',#1856,.T.);
#916=PLANE('',#1857);
#917=FACE_OUTER_BOUND('',#1858,.T.);
#918=PLANE('',#1859);
#919=FACE_OUTER_BOUND('',#1860,.T.);
#920=PLANE('',#1861);
#921=FACE_OUTER_BOUND('',#1862,.T.);
#922=PLANE('',#1863);
#923=FACE_OUTER_BOUND('',#1864,.T.);
#924=PLANE('',#1865);
#925=FACE_OUTER_BOUND('',#1866,.T.);
#926=PLANE('',#1867);
#927=FACE_OUTER_BOUND('',#1868,.T.);
#928=PLANE('',#1869);
#929=FACE_OUTER_BOUND('',#1870,.T.);
#930=PLANE('',#1871);
#931=FACE_OUTER_BOUND('',#1872,.T.);
#932=PLANE('',#1873);
#933=FACE_OUTER_BOUND('',#1874,.T.);
#934=PLANE('',#1875);
#935=FACE_OUTER_BOUND('',#1876,.T.);
#936=PLANE('',#1877);
#937=FACE_OUTER_BOUND('',#1878,.T.);
#938=PLANE('',#1879);
#939=FACE_OUTER_BOUND('',#1880,.T.);
#940=PLANE('',#1881);
#941=FACE_OUTER_BOUND('',#1882,.T.);
#942=PLANE('',#1883);
#943=FACE_OUTER_BOUND('',#1884,.T.);
#944=PLANE('',#1885);
#945=FACE_OUTER_BOUND('',#1886,.T.);
#946=CYLINDRICAL_SURFACE('',#1887,0.1524);
#947=FACE_OUTER_BOUND('',#1888,.T.);
#948=PLANE('',#1889);
#949=FACE_OUTER_BOUND('',#1890,.T.);
#950=PLANE('',#1891);
#951=FACE_OUTER_BOUND('',#1892,.T.);
#952=PLANE('',#1893);
#953=FACE_OUTER_BOUND('',#1894,.T.);
#954=CYLINDRICAL_SURFACE('',#1895,0.1524);
#955=FACE_OUTER_BOUND('',#1896,.T.);
#956=PLANE('',#1897);
#957=FACE_OUTER_BOUND('',#1898,.T.);
#958=PLANE('',#1899);
#959=FACE_OUTER_BOUND('',#1900,.T.);
#960=PLANE('',#1901);
#961=FACE_OUTER_BOUND('',#1902,.T.);
#962=PLANE('',#1903);
#963=FACE_OUTER_BOUND('',#1904,.T.);
#964=PLANE('',#1905);
#965=FACE_OUTER_BOUND('',#1906,.T.);
#966=PLANE('',#1907);
#967=FACE_OUTER_BOUND('',#1908,.T.);
#968=PLANE('',#1909);
#969=FACE_OUTER_BOUND('',#1910,.T.);
#970=PLANE('',#1911);
#971=FACE_OUTER_BOUND('',#1912,.T.);
#972=PLANE('',#1913);
#973=FACE_OUTER_BOUND('',#1914,.T.);
#974=PLANE('',#1915);
#975=FACE_OUTER_BOUND('',#1916,.T.);
#976=PLANE('',#1917);
#977=FACE_OUTER_BOUND('',#1918,.T.);
#978=CYLINDRICAL_SURFACE('',#1919,0.508);
#979=FACE_OUTER_BOUND('',#1920,.T.);
#980=CYLINDRICAL_SURFACE('',#1921,0.1524);
#981=FACE_OUTER_BOUND('',#1922,.T.);
#982=PLANE('',#1923);
#983=FACE_OUTER_BOUND('',#1924,.T.);
#984=PLANE('',#1925);
#985=FACE_OUTER_BOUND('',#1926,.T.);
#986=PLANE('',#1927);
#987=FACE_OUTER_BOUND('',#1928,.T.);
#988=CYLINDRICAL_SURFACE('',#1929,0.1524);
#989=FACE_OUTER_BOUND('',#1930,.T.);
#990=PLANE('',#1931);
#991=FACE_OUTER_BOUND('',#1932,.T.);
#992=PLANE('',#1933);
#993=FACE_OUTER_BOUND('',#1934,.T.);
#994=PLANE('',#1935);
#995=FACE_OUTER_BOUND('',#1936,.T.);
#996=PLANE('',#1937);
#997=FACE_OUTER_BOUND('',#1938,.T.);
#998=PLANE('',#1939);
#999=FACE_OUTER_BOUND('',#1940,.T.);
#1000=PLANE('',#1941);
#1001=FACE_OUTER_BOUND('',#1942,.T.);
#1002=PLANE('',#1943);
#1003=FACE_OUTER_BOUND('',#1944,.T.);
#1004=PLANE('',#1945);
#1005=FACE_OUTER_BOUND('',#1946,.T.);
#1006=PLANE('',#1947);
#1007=FACE_OUTER_BOUND('',#1948,.T.);
#1008=PLANE('',#1949);
#1009=FACE_OUTER_BOUND('',#1950,.T.);
#1010=PLANE('',#1951);
#1011=FACE_OUTER_BOUND('',#1952,.T.);
#1012=PLANE('',#1953);
#1013=FACE_OUTER_BOUND('',#1954,.T.);
#1014=PLANE('',#1955);
#1015=FACE_OUTER_BOUND('',#1956,.T.);
#1016=PLANE('',#1957);
#1017=FACE_OUTER_BOUND('',#1958,.T.);
#1018=PLANE('',#1959);
#1019=FACE_OUTER_BOUND('',#1960,.T.);
#1020=PLANE('',#1961);
#1021=FACE_OUTER_BOUND('',#1962,.T.);
#1022=PLANE('',#1963);
#1023=FACE_OUTER_BOUND('',#1964,.T.);
#1024=PLANE('',#1965);
#1025=FACE_OUTER_BOUND('',#1966,.T.);
#1026=PLANE('',#1967);
#1027=FACE_OUTER_BOUND('',#1968,.T.);
#1028=PLANE('',#1969);
#1029=FACE_OUTER_BOUND('',#1970,.T.);
#1030=PLANE('',#1971);
#1031=FACE_OUTER_BOUND('',#1972,.T.);
#1032=PLANE('',#1973);
#1033=FACE_OUTER_BOUND('',#1974,.T.);
#1034=PLANE('',#1975);
#1035=FACE_OUTER_BOUND('',#1976,.T.);
#1036=CYLINDRICAL_SURFACE('',#1977,0.0999999999999995);
#1037=FACE_OUTER_BOUND('',#1978,.T.);
#1038=CYLINDRICAL_SURFACE('',#1979,0.1524);
#1039=FACE_OUTER_BOUND('',#1980,.T.);
#1040=PLANE('',#1981);
#1041=FACE_OUTER_BOUND('',#1982,.T.);
#1042=PLANE('',#1983);
#1043=FACE_OUTER_BOUND('',#1984,.T.);
#1044=PLANE('',#1985);
#1045=FACE_OUTER_BOUND('',#1986,.T.);
#1046=CYLINDRICAL_SURFACE('',#1987,0.1524);
#1047=FACE_OUTER_BOUND('',#1988,.T.);
#1048=PLANE('',#1989);
#1049=FACE_OUTER_BOUND('',#1990,.T.);
#1050=PLANE('',#1991);
#1051=FACE_OUTER_BOUND('',#1992,.T.);
#1052=PLANE('',#1993);
#1053=FACE_OUTER_BOUND('',#1994,.T.);
#1054=PLANE('',#1995);
#1055=FACE_OUTER_BOUND('',#1996,.T.);
#1056=PLANE('',#1997);
#1057=FACE_OUTER_BOUND('',#1998,.T.);
#1058=PLANE('',#1999);
#1059=FACE_OUTER_BOUND('',#2000,.T.);
#1060=PLANE('',#2001);
#1061=FACE_OUTER_BOUND('',#2002,.T.);
#1062=PLANE('',#2003);
#1063=FACE_OUTER_BOUND('',#2004,.T.);
#1064=PLANE('',#2005);
#1065=FACE_OUTER_BOUND('',#2006,.T.);
#1066=PLANE('',#2007);
#1067=FACE_OUTER_BOUND('',#2008,.T.);
#1068=PLANE('',#2009);
#1069=FACE_OUTER_BOUND('',#2010,.T.);
#1070=CYLINDRICAL_SURFACE('',#2011,0.508);
#1071=FACE_OUTER_BOUND('',#2012,.T.);
#1072=CYLINDRICAL_SURFACE('',#2013,0.1524);
#1073=FACE_OUTER_BOUND('',#2014,.T.);
#1074=PLANE('',#2015);
#1075=FACE_OUTER_BOUND('',#2016,.T.);
#1076=PLANE('',#2017);
#1077=FACE_OUTER_BOUND('',#2018,.T.);
#1078=PLANE('',#2019);
#1079=FACE_OUTER_BOUND('',#2020,.T.);
#1080=CYLINDRICAL_SURFACE('',#2021,0.1524);
#1081=FACE_OUTER_BOUND('',#2022,.T.);
#1082=PLANE('',#2023);
#1083=FACE_OUTER_BOUND('',#2024,.T.);
#1084=PLANE('',#2025);
#1085=FACE_OUTER_BOUND('',#2026,.T.);
#1086=PLANE('',#2027);
#1087=FACE_OUTER_BOUND('',#2028,.T.);
#1088=PLANE('',#2029);
#1089=FACE_OUTER_BOUND('',#2030,.T.);
#1090=PLANE('',#2031);
#1091=FACE_OUTER_BOUND('',#2032,.T.);
#1092=PLANE('',#2033);
#1093=FACE_OUTER_BOUND('',#2034,.T.);
#1094=PLANE('',#2035);
#1095=FACE_OUTER_BOUND('',#2036,.T.);
#1096=PLANE('',#2037);
#1097=FACE_OUTER_BOUND('',#2038,.T.);
#1098=PLANE('',#2039);
#1099=FACE_OUTER_BOUND('',#2040,.T.);
#1100=CYLINDRICAL_SURFACE('',#2041,0.1524);
#1101=FACE_OUTER_BOUND('',#2042,.T.);
#1102=PLANE('',#2043);
#1103=FACE_OUTER_BOUND('',#2044,.T.);
#1104=PLANE('',#2045);
#1105=FACE_OUTER_BOUND('',#2046,.T.);
#1106=PLANE('',#2047);
#1107=FACE_OUTER_BOUND('',#2048,.T.);
#1108=CYLINDRICAL_SURFACE('',#2049,0.1524);
#1109=FACE_OUTER_BOUND('',#2050,.T.);
#1110=PLANE('',#2051);
#1111=FACE_OUTER_BOUND('',#2052,.T.);
#1112=PLANE('',#2053);
#1113=FACE_OUTER_BOUND('',#2054,.T.);
#1114=PLANE('',#2055);
#1115=FACE_OUTER_BOUND('',#2056,.T.);
#1116=PLANE('',#2057);
#1117=FACE_OUTER_BOUND('',#2058,.T.);
#1118=PLANE('',#2059);
#1119=FACE_OUTER_BOUND('',#2060,.T.);
#1120=PLANE('',#2061);
#1121=FACE_OUTER_BOUND('',#2062,.T.);
#1122=PLANE('',#2063);
#1123=FACE_OUTER_BOUND('',#2064,.T.);
#1124=PLANE('',#2065);
#1125=FACE_OUTER_BOUND('',#2066,.T.);
#1126=PLANE('',#2067);
#1127=FACE_OUTER_BOUND('',#2068,.T.);
#1128=PLANE('',#2069);
#1129=FACE_OUTER_BOUND('',#2070,.T.);
#1130=PLANE('',#2071);
#1131=FACE_OUTER_BOUND('',#2072,.T.);
#1132=CYLINDRICAL_SURFACE('',#2073,0.508);
#1133=FACE_OUTER_BOUND('',#2074,.T.);
#1134=CYLINDRICAL_SURFACE('',#2075,0.1524);
#1135=FACE_OUTER_BOUND('',#2076,.T.);
#1136=PLANE('',#2077);
#1137=FACE_OUTER_BOUND('',#2078,.T.);
#1138=PLANE('',#2079);
#1139=FACE_OUTER_BOUND('',#2080,.T.);
#1140=PLANE('',#2081);
#1141=FACE_OUTER_BOUND('',#2082,.T.);
#1142=CYLINDRICAL_SURFACE('',#2083,0.1524);
#1143=FACE_OUTER_BOUND('',#2084,.T.);
#1144=PLANE('',#2085);
#1145=FACE_OUTER_BOUND('',#2086,.T.);
#1146=PLANE('',#2087);
#1147=FACE_OUTER_BOUND('',#2088,.T.);
#1148=PLANE('',#2089);
#1149=FACE_OUTER_BOUND('',#2090,.T.);
#1150=PLANE('',#2091);
#1151=FACE_OUTER_BOUND('',#2092,.T.);
#1152=PLANE('',#2093);
#1153=FACE_OUTER_BOUND('',#2094,.T.);
#1154=PLANE('',#2095);
#1155=FACE_OUTER_BOUND('',#2096,.T.);
#1156=PLANE('',#2097);
#1157=FACE_OUTER_BOUND('',#2098,.T.);
#1158=PLANE('',#2099);
#1159=FACE_OUTER_BOUND('',#2100,.T.);
#1160=PLANE('',#2101);
#1161=FACE_OUTER_BOUND('',#2102,.T.);
#1162=CYLINDRICAL_SURFACE('',#2103,0.1524);
#1163=FACE_OUTER_BOUND('',#2104,.T.);
#1164=PLANE('',#2105);
#1165=FACE_OUTER_BOUND('',#2106,.T.);
#1166=PLANE('',#2107);
#1167=FACE_OUTER_BOUND('',#2108,.T.);
#1168=PLANE('',#2109);
#1169=FACE_OUTER_BOUND('',#2110,.T.);
#1170=CYLINDRICAL_SURFACE('',#2111,0.1524);
#1171=FACE_OUTER_BOUND('',#2112,.T.);
#1172=PLANE('',#2113);
#1173=FACE_OUTER_BOUND('',#2114,.T.);
#1174=PLANE('',#2115);
#1175=FACE_OUTER_BOUND('',#2116,.T.);
#1176=PLANE('',#2117);
#1177=FACE_OUTER_BOUND('',#2118,.T.);
#1178=PLANE('',#2119);
#1179=FACE_OUTER_BOUND('',#2120,.T.);
#1180=PLANE('',#2121);
#1181=FACE_OUTER_BOUND('',#2122,.T.);
#1182=PLANE('',#2123);
#1183=FACE_OUTER_BOUND('',#2124,.T.);
#1184=PLANE('',#2125);
#1185=FACE_OUTER_BOUND('',#2126,.T.);
#1186=PLANE('',#2127);
#1187=FACE_OUTER_BOUND('',#2128,.T.);
#1188=PLANE('',#2129);
#1189=FACE_OUTER_BOUND('',#2130,.T.);
#1190=PLANE('',#2131);
#1191=FACE_OUTER_BOUND('',#2132,.T.);
#1192=PLANE('',#2133);
#1193=FACE_OUTER_BOUND('',#2134,.T.);
#1194=CYLINDRICAL_SURFACE('',#2135,0.508);
#1195=FACE_OUTER_BOUND('',#2136,.T.);
#1196=CYLINDRICAL_SURFACE('',#2137,0.1524);
#1197=FACE_OUTER_BOUND('',#2138,.T.);
#1198=PLANE('',#2139);
#1199=FACE_OUTER_BOUND('',#2140,.T.);
#1200=PLANE('',#2141);
#1201=FACE_OUTER_BOUND('',#2142,.T.);
#1202=PLANE('',#2143);
#1203=FACE_OUTER_BOUND('',#2144,.T.);
#1204=CYLINDRICAL_SURFACE('',#2145,0.1524);
#1205=FACE_OUTER_BOUND('',#2146,.T.);
#1206=PLANE('',#2147);
#1207=FACE_OUTER_BOUND('',#2148,.T.);
#1208=PLANE('',#2149);
#1209=FACE_OUTER_BOUND('',#2150,.T.);
#1210=PLANE('',#2151);
#1211=FACE_OUTER_BOUND('',#2152,.T.);
#1212=PLANE('',#2153);
#1213=FACE_OUTER_BOUND('',#2154,.T.);
#1214=PLANE('',#2155);
#1215=FACE_OUTER_BOUND('',#2156,.T.);
#1216=PLANE('',#2157);
#1217=FACE_OUTER_BOUND('',#2158,.T.);
#1218=PLANE('',#2159);
#1219=FACE_OUTER_BOUND('',#2160,.T.);
#1220=PLANE('',#2161);
#1221=FACE_OUTER_BOUND('',#2162,.T.);
#1222=PLANE('',#2163);
#1223=FACE_OUTER_BOUND('',#2164,.T.);
#1224=CYLINDRICAL_SURFACE('',#2165,0.1524);
#1225=FACE_OUTER_BOUND('',#2166,.T.);
#1226=PLANE('',#2167);
#1227=FACE_OUTER_BOUND('',#2168,.T.);
#1228=PLANE('',#2169);
#1229=FACE_OUTER_BOUND('',#2170,.T.);
#1230=PLANE('',#2171);
#1231=FACE_OUTER_BOUND('',#2172,.T.);
#1232=CYLINDRICAL_SURFACE('',#2173,0.1524);
#1233=FACE_OUTER_BOUND('',#2174,.T.);
#1234=PLANE('',#2175);
#1235=FACE_OUTER_BOUND('',#2176,.T.);
#1236=PLANE('',#2177);
#1237=FACE_OUTER_BOUND('',#2178,.T.);
#1238=PLANE('',#2179);
#1239=FACE_OUTER_BOUND('',#2180,.T.);
#1240=PLANE('',#2181);
#1241=FACE_OUTER_BOUND('',#2182,.T.);
#1242=PLANE('',#2183);
#1243=FACE_OUTER_BOUND('',#2184,.T.);
#1244=PLANE('',#2185);
#1245=FACE_OUTER_BOUND('',#2186,.T.);
#1246=PLANE('',#2187);
#1247=FACE_OUTER_BOUND('',#2188,.T.);
#1248=PLANE('',#2189);
#1249=FACE_OUTER_BOUND('',#2190,.T.);
#1250=PLANE('',#2191);
#1251=FACE_OUTER_BOUND('',#2192,.T.);
#1252=PLANE('',#2193);
#1253=FACE_OUTER_BOUND('',#2194,.T.);
#1254=PLANE('',#2195);
#1255=FACE_OUTER_BOUND('',#2196,.T.);
#1256=CYLINDRICAL_SURFACE('',#2197,0.508);
#1257=FACE_OUTER_BOUND('',#2198,.T.);
#1258=CYLINDRICAL_SURFACE('',#2199,0.1524);
#1259=FACE_OUTER_BOUND('',#2200,.T.);
#1260=PLANE('',#2201);
#1261=FACE_OUTER_BOUND('',#2202,.T.);
#1262=PLANE('',#2203);
#1263=FACE_OUTER_BOUND('',#2204,.T.);
#1264=PLANE('',#2205);
#1265=FACE_OUTER_BOUND('',#2206,.T.);
#1266=CYLINDRICAL_SURFACE('',#2207,0.1524);
#1267=FACE_OUTER_BOUND('',#2208,.T.);
#1268=PLANE('',#2209);
#1269=FACE_OUTER_BOUND('',#2210,.T.);
#1270=PLANE('',#2211);
#1271=FACE_OUTER_BOUND('',#2212,.T.);
#1272=PLANE('',#2213);
#1273=FACE_OUTER_BOUND('',#2214,.T.);
#1274=PLANE('',#2215);
#1275=FACE_OUTER_BOUND('',#2216,.T.);
#1276=PLANE('',#2217);
#1277=FACE_OUTER_BOUND('',#2218,.T.);
#1278=PLANE('',#2219);
#1279=FACE_OUTER_BOUND('',#2220,.T.);
#1280=PLANE('',#2221);
#1281=FACE_OUTER_BOUND('',#2222,.T.);
#1282=PLANE('',#2223);
#1283=FACE_OUTER_BOUND('',#2224,.T.);
#1284=PLANE('',#2225);
#1285=FACE_OUTER_BOUND('',#2226,.T.);
#1286=CYLINDRICAL_SURFACE('',#2227,0.1524);
#1287=FACE_OUTER_BOUND('',#2228,.T.);
#1288=PLANE('',#2229);
#1289=FACE_OUTER_BOUND('',#2230,.T.);
#1290=PLANE('',#2231);
#1291=FACE_OUTER_BOUND('',#2232,.T.);
#1292=PLANE('',#2233);
#1293=FACE_OUTER_BOUND('',#2234,.T.);
#1294=CYLINDRICAL_SURFACE('',#2235,0.1524);
#1295=FACE_OUTER_BOUND('',#2236,.T.);
#1296=PLANE('',#2237);
#1297=FACE_OUTER_BOUND('',#2238,.T.);
#1298=PLANE('',#2239);
#1299=FACE_OUTER_BOUND('',#2240,.T.);
#1300=PLANE('',#2241);
#1301=FACE_OUTER_BOUND('',#2242,.T.);
#1302=PLANE('',#2243);
#1303=FACE_OUTER_BOUND('',#2244,.T.);
#1304=PLANE('',#2245);
#1305=FACE_OUTER_BOUND('',#2246,.T.);
#1306=PLANE('',#2247);
#1307=FACE_OUTER_BOUND('',#2248,.T.);
#1308=PLANE('',#2249);
#1309=FACE_OUTER_BOUND('',#2250,.T.);
#1310=PLANE('',#2251);
#1311=FACE_OUTER_BOUND('',#2252,.T.);
#1312=PLANE('',#2253);
#1313=FACE_OUTER_BOUND('',#2254,.T.);
#1314=PLANE('',#2255);
#1315=FACE_OUTER_BOUND('',#2256,.T.);
#1316=PLANE('',#2257);
#1317=FACE_OUTER_BOUND('',#2258,.T.);
#1318=CYLINDRICAL_SURFACE('',#2259,0.508);
#1319=FACE_OUTER_BOUND('',#2260,.T.);
#1320=CYLINDRICAL_SURFACE('',#2261,0.1524);
#1321=FACE_OUTER_BOUND('',#2262,.T.);
#1322=PLANE('',#2263);
#1323=FACE_OUTER_BOUND('',#2264,.T.);
#1324=PLANE('',#2265);
#1325=FACE_OUTER_BOUND('',#2266,.T.);
#1326=PLANE('',#2267);
#1327=FACE_OUTER_BOUND('',#2268,.T.);
#1328=CYLINDRICAL_SURFACE('',#2269,0.1524);
#1329=FACE_OUTER_BOUND('',#2270,.T.);
#1330=PLANE('',#2271);
#1331=FACE_OUTER_BOUND('',#2272,.T.);
#1332=PLANE('',#2273);
#1333=FACE_OUTER_BOUND('',#2274,.T.);
#1334=PLANE('',#2275);
#1335=FACE_OUTER_BOUND('',#2276,.T.);
#1336=PLANE('',#2277);
#1337=FACE_OUTER_BOUND('',#2278,.T.);
#1338=PLANE('',#2279);
#1339=FACE_OUTER_BOUND('',#2280,.T.);
#1340=PLANE('',#2281);
#1341=FACE_OUTER_BOUND('',#2282,.T.);
#1342=PLANE('',#2283);
#1343=FACE_OUTER_BOUND('',#2284,.T.);
#1344=PLANE('',#2285);
#1345=FACE_OUTER_BOUND('',#2286,.T.);
#1346=PLANE('',#2287);
#1347=FACE_OUTER_BOUND('',#2288,.T.);
#1348=PLANE('',#2289);
#1349=FACE_OUTER_BOUND('',#2290,.T.);
#1350=PLANE('',#2291);
#1351=FACE_OUTER_BOUND('',#2292,.T.);
#1352=PLANE('',#2293);
#1353=FACE_OUTER_BOUND('',#2294,.T.);
#1354=PLANE('',#2295);
#1355=FACE_OUTER_BOUND('',#2296,.T.);
#1356=PLANE('',#2297);
#1357=FACE_OUTER_BOUND('',#2298,.T.);
#1358=PLANE('',#2299);
#1359=FACE_OUTER_BOUND('',#2300,.T.);
#1360=PLANE('',#2301);
#1361=FACE_OUTER_BOUND('',#2302,.T.);
#1362=PLANE('',#2303);
#1363=FACE_OUTER_BOUND('',#2304,.T.);
#1364=PLANE('',#2305);
#1365=FACE_OUTER_BOUND('',#2306,.T.);
#1366=PLANE('',#2307);
#1367=FACE_OUTER_BOUND('',#2308,.T.);
#1368=PLANE('',#2309);
#1369=FACE_OUTER_BOUND('',#2310,.T.);
#1370=PLANE('',#2311);
#1371=FACE_OUTER_BOUND('',#2312,.T.);
#1372=PLANE('',#2313);
#1373=FACE_OUTER_BOUND('',#2314,.T.);
#1374=PLANE('',#2315);
#1375=FACE_OUTER_BOUND('',#2316,.T.);
#1376=CYLINDRICAL_SURFACE('',#2317,0.0999999999999995);
#1377=FACE_OUTER_BOUND('',#2318,.T.);
#1378=PLANE('',#2319);
#1379=FACE_OUTER_BOUND('',#2320,.T.);
#1380=PLANE('',#2321);
#1381=FACE_OUTER_BOUND('',#2322,.T.);
#1382=PLANE('',#2323);
#1383=FACE_OUTER_BOUND('',#2324,.T.);
#1384=PLANE('',#2325);
#1385=FACE_OUTER_BOUND('',#2326,.T.);
#1386=PLANE('',#2327);
#1387=FACE_OUTER_BOUND('',#2328,.T.);
#1388=PLANE('',#2329);
#1389=FACE_OUTER_BOUND('',#2330,.T.);
#1390=PLANE('',#2331);
#1391=FACE_OUTER_BOUND('',#2332,.T.);
#1392=PLANE('',#2333);
#1393=FACE_OUTER_BOUND('',#2334,.T.);
#1394=PLANE('',#2335);
#1395=FACE_OUTER_BOUND('',#2336,.T.);
#1396=PLANE('',#2337);
#1397=FACE_OUTER_BOUND('',#2338,.T.);
#1398=PLANE('',#2339);
#1399=FACE_OUTER_BOUND('',#2340,.T.);
#1400=PLANE('',#2341);
#1401=FACE_OUTER_BOUND('',#2342,.T.);
#1402=PLANE('',#2343);
#1403=FACE_OUTER_BOUND('',#2344,.T.);
#1404=PLANE('',#2345);
#1405=FACE_OUTER_BOUND('',#2346,.T.);
#1406=CYLINDRICAL_SURFACE('',#2347,0.0999999999999995);
#1407=FACE_OUTER_BOUND('',#2348,.T.);
#1408=PLANE('',#2349);
#1409=FACE_OUTER_BOUND('',#2350,.T.);
#1410=PLANE('',#2351);
#1411=FACE_OUTER_BOUND('',#2352,.T.);
#1412=PLANE('',#2353);
#1413=FACE_OUTER_BOUND('',#2354,.T.);
#1414=PLANE('',#2355);
#1415=FACE_OUTER_BOUND('',#2356,.T.);
#1416=PLANE('',#2357);
#1417=FACE_OUTER_BOUND('',#2358,.T.);
#1418=PLANE('',#2359);
#1419=FACE_OUTER_BOUND('',#2360,.T.);
#1420=PLANE('',#2361);
#1421=FACE_OUTER_BOUND('',#2362,.T.);
#1422=PLANE('',#2363);
#1423=FACE_OUTER_BOUND('',#2364,.T.);
#1424=PLANE('',#2365);
#1425=FACE_OUTER_BOUND('',#2366,.T.);
#1426=PLANE('',#2367);
#1427=FACE_OUTER_BOUND('',#2368,.T.);
#1428=PLANE('',#2369);
#1429=FACE_OUTER_BOUND('',#2370,.T.);
#1430=PLANE('',#2371);
#1431=FACE_OUTER_BOUND('',#2372,.T.);
#1432=PLANE('',#2373);
#1433=FACE_OUTER_BOUND('',#2374,.T.);
#1434=PLANE('',#2375);
#1435=FACE_OUTER_BOUND('',#2376,.T.);
#1436=CYLINDRICAL_SURFACE('',#2377,0.0999999999999995);
#1437=FILL_AREA_STYLE('',(#2378));
#1438=EDGE_LOOP('',(#2379,#2380,#2381,#2382,#2383,#2384,#2385,#2386,#2387,#2388,#2389,#2390,#2391,#2392,#2393,#2394,#2395,#2396,#2397,#2398,#2399,#2400,#2401,#2402));
#1439=AXIS2_PLACEMENT_3D('',#2403,#2404,#2405);
#1440=EDGE_LOOP('',(#2406,#2407,#2408,#2409));
#1441=EDGE_LOOP('',(#2410,#2411,#2412,#2413));
#1442=EDGE_LOOP('',(#2414,#2415,#2416,#2417));
#1443=EDGE_LOOP('',(#2418,#2419,#2420,#2421));
#1444=EDGE_LOOP('',(#2422,#2423,#2424,#2425));
#1445=AXIS2_PLACEMENT_3D('',#2426,#2427,#2428);
#1446=EDGE_LOOP('',(#2429,#2430,#2431,#2432,#2433,#2434,#2435,#2436));
#1447=AXIS2_PLACEMENT_3D('',#2437,#2438,#2439);
#1448=EDGE_LOOP('',(#2440,#2441,#2442,#2443,#2444,#2445,#2446,#2447));
#1449=AXIS2_PLACEMENT_3D('',#2448,#2449,#2450);
#1450=EDGE_LOOP('',(#2451,#2452,#2453,#2454,#2455,#2456,#2457,#2458));
#1451=AXIS2_PLACEMENT_3D('',#2459,#2460,#2461);
#1452=EDGE_LOOP('',(#2462,#2463,#2464,#2465,#2466,#2467,#2468,#2469));
#1453=AXIS2_PLACEMENT_3D('',#2470,#2471,#2472);
#1454=EDGE_LOOP('',(#2473,#2474,#2475,#2476,#2477,#2478,#2479,#2480));
#1455=AXIS2_PLACEMENT_3D('',#2481,#2482,#2483);
#1456=EDGE_LOOP('',(#2484,#2485,#2486,#2487,#2488,#2489,#2490,#2491));
#1457=AXIS2_PLACEMENT_3D('',#2492,#2493,#2494);
#1458=EDGE_LOOP('',(#2495,#2496,#2497,#2498,#2499));
#1459=EDGE_LOOP('',(#2500,#2501,#2502,#2503));
#1460=AXIS2_PLACEMENT_3D('',#2504,#2505,#2506);
#1461=EDGE_LOOP('',(#2507,#2508,#2509,#2510));
#1462=EDGE_LOOP('',(#2511,#2512,#2513,#2514));
#1463=EDGE_LOOP('',(#2515,#2516,#2517,#2518));
#1464=EDGE_LOOP('',(#2519,#2520,#2521,#2522));
#1465=EDGE_LOOP('',(#2523,#2524,#2525,#2526));
#1466=EDGE_LOOP('',(#2527,#2528,#2529,#2530));
#1467=EDGE_LOOP('',(#2531,#2532,#2533,#2534));
#1468=EDGE_LOOP('',(#2535,#2536,#2537,#2538));
#1469=EDGE_LOOP('',(#2539,#2540,#2541,#2542));
#1470=EDGE_LOOP('',(#2543,#2544,#2545,#2546));
#1471=EDGE_LOOP('',(#2547,#2548,#2549,#2550,#2551,#2552,#2553));
#1472=EDGE_LOOP('',(#2554,#2555,#2556,#2557));
#1473=EDGE_LOOP('',(#2558,#2559,#2560,#2561));
#1474=EDGE_LOOP('',(#2562,#2563,#2564,#2565));
#1475=AXIS2_PLACEMENT_3D('',#2566,#2567,#2568);
#1476=EDGE_LOOP('',(#2569,#2570,#2571,#2572,#2573));
#1477=EDGE_LOOP('',(#2574,#2575,#2576,#2577));
#1478=AXIS2_PLACEMENT_3D('',#2578,#2579,#2580);
#1479=EDGE_LOOP('',(#2581,#2582,#2583,#2584,#2585));
#1480=EDGE_LOOP('',(#2586,#2587,#2588,#2589));
#1481=AXIS2_PLACEMENT_3D('',#2590,#2591,#2592);
#1482=EDGE_LOOP('',(#2593,#2594,#2595,#2596,#2597));
#1483=EDGE_LOOP('',(#2598,#2599,#2600,#2601));
#1484=AXIS2_PLACEMENT_3D('',#2602,#2603,#2604);
#1485=EDGE_LOOP('',(#2605,#2606,#2607,#2608,#2609));
#1486=EDGE_LOOP('',(#2610,#2611,#2612,#2613));
#1487=AXIS2_PLACEMENT_3D('',#2614,#2615,#2616);
#1488=EDGE_LOOP('',(#2617,#2618,#2619,#2620,#2621));
#1489=EDGE_LOOP('',(#2622,#2623,#2624,#2625));
#1490=AXIS2_PLACEMENT_3D('',#2626,#2627,#2628);
#1491=EDGE_LOOP('',(#2629,#2630,#2631,#2632,#2633));
#1492=EDGE_LOOP('',(#2634,#2635,#2636,#2637));
#1493=AXIS2_PLACEMENT_3D('',#2638,#2639,#2640);
#1494=EDGE_LOOP('',(#2641,#2642,#2643,#2644));
#1495=EDGE_LOOP('',(#2645,#2646,#2647,#2648));
#1496=AXIS2_PLACEMENT_3D('',#2649,#2650,#2651);
#1497=EDGE_LOOP('',(#2652,#2653,#2654,#2655,#2656));
#1498=EDGE_LOOP('',(#2657,#2658,#2659,#2660));
#1499=AXIS2_PLACEMENT_3D('',#2661,#2662,#2663);
#1500=EDGE_LOOP('',(#2664,#2665,#2666,#2667,#2668));
#1501=EDGE_LOOP('',(#2669,#2670,#2671,#2672));
#1502=AXIS2_PLACEMENT_3D('',#2673,#2674,#2675);
#1503=EDGE_LOOP('',(#2676,#2677,#2678,#2679,#2680,#2681));
#1504=AXIS2_PLACEMENT_3D('',#2682,#2683,#2684);
#1505=EDGE_LOOP('',(#2685,#2686,#2687,#2688,#2689,#2690,#2691,#2692));
#1506=AXIS2_PLACEMENT_3D('',#2693,#2694,#2695);
#1507=EDGE_LOOP('',(#2696,#2697,#2698,#2699,#2700));
#1508=EDGE_LOOP('',(#2701,#2702,#2703,#2704));
#1509=AXIS2_PLACEMENT_3D('',#2705,#2706,#2707);
#1510=EDGE_LOOP('',(#2708,#2709,#2710,#2711,#2712));
#1511=EDGE_LOOP('',(#2713,#2714,#2715,#2716));
#1512=AXIS2_PLACEMENT_3D('',#2717,#2718,#2719);
#1513=EDGE_LOOP('',(#2720,#2721,#2722,#2723,#2724,#2725));
#1514=AXIS2_PLACEMENT_3D('',#2726,#2727,#2728);
#1515=EDGE_LOOP('',(#2729,#2730,#2731,#2732));
#1516=EDGE_LOOP('',(#2733,#2734,#2735,#2736,#2737,#2738,#2739,#2740,#2741,#2742,#2743,#2744));
#1517=EDGE_LOOP('',(#2745,#2746,#2747,#2748,#2749));
#1518=EDGE_LOOP('',(#2750,#2751,#2752,#2753,#2754));
#1519=EDGE_LOOP('',(#2755,#2756,#2757,#2758,#2759));
#1520=EDGE_LOOP('',(#2760,#2761,#2762,#2763,#2764));
#1521=EDGE_LOOP('',(#2765,#2766,#2767,#2768,#2769));
#1522=EDGE_LOOP('',(#2770,#2771,#2772,#2773,#2774));
#1523=EDGE_LOOP('',(#2775,#2776,#2777,#2778,#2779));
#1524=EDGE_LOOP('',(#2780,#2781,#2782,#2783));
#1525=EDGE_LOOP('',(#2784,#2785,#2786,#2787,#2788));
#1526=EDGE_LOOP('',(#2789,#2790,#2791,#2792,#2793));
#1527=EDGE_LOOP('',(#2794,#2795,#2796,#2797,#2798));
#1528=EDGE_LOOP('',(#2799,#2800,#2801,#2802,#2803));
#1529=AXIS2_PLACEMENT_3D('',#2804,#2805,#2806);
#1530=EDGE_LOOP('',(#2807,#2808,#2809,#2810,#2811,#2812,#2813,#2814,#2815,#2816,#2817,#2818));
#1531=AXIS2_PLACEMENT_3D('',#2819,#2820,#2821);
#1532=EDGE_LOOP('',(#2822,#2823,#2824,#2825,#2826,#2827));
#1533=AXIS2_PLACEMENT_3D('',#2828,#2829,#2830);
#1534=EDGE_LOOP('',(#2831,#2832,#2833,#2834,#2835));
#1535=AXIS2_PLACEMENT_3D('',#2836,#2837,#2838);
#1536=EDGE_LOOP('',(#2839,#2840,#2841,#2842,#2843,#2844,#2845,#2846,#2847,#2848,#2849,#2850));
#1537=AXIS2_PLACEMENT_3D('',#2851,#2852,#2853);
#1538=EDGE_LOOP('',(#2854,#2855,#2856,#2857));
#1539=EDGE_LOOP('',(#2858,#2859,#2860,#2861));
#1540=EDGE_LOOP('',(#2862,#2863,#2864,#2865));
#1541=EDGE_LOOP('',(#2866,#2867,#2868,#2869));
#1542=EDGE_LOOP('',(#2870,#2871,#2872,#2873));
#1543=EDGE_LOOP('',(#2874,#2875,#2876,#2877));
#1544=EDGE_LOOP('',(#2878,#2879,#2880,#2881,#2882,#2883,#2884,#2885));
#1545=AXIS2_PLACEMENT_3D('',#2886,#2887,#2888);
#1546=EDGE_LOOP('',(#2889,#2890,#2891,#2892,#2893,#2894));
#1547=AXIS2_PLACEMENT_3D('',#2895,#2896,#2897);
#1548=EDGE_LOOP('',(#2898,#2899,#2900,#2901,#2902));
#1549=AXIS2_PLACEMENT_3D('',#2903,#2904,#2905);
#1550=EDGE_LOOP('',(#2906,#2907,#2908,#2909,#2910));
#1551=AXIS2_PLACEMENT_3D('',#2911,#2912,#2913);
#1552=EDGE_LOOP('',(#2914,#2915,#2916,#2917,#2918,#2919));
#1553=AXIS2_PLACEMENT_3D('',#2920,#2921,#2922);
#1554=EDGE_LOOP('',(#2923,#2924,#2925,#2926,#2927));
#1555=AXIS2_PLACEMENT_3D('',#2928,#2929,#2930);
#1556=EDGE_LOOP('',(#2931,#2932,#2933,#2934,#2935));
#1557=AXIS2_PLACEMENT_3D('',#2936,#2937,#2938);
#1558=EDGE_LOOP('',(#2939,#2940,#2941,#2942,#2943,#2944));
#1559=AXIS2_PLACEMENT_3D('',#2945,#2946,#2947);
#1560=EDGE_LOOP('',(#2948,#2949,#2950,#2951));
#1561=AXIS2_PLACEMENT_3D('',#2952,#2953,#2954);
#1562=EDGE_LOOP('',(#2955,#2956,#2957,#2958));
#1563=AXIS2_PLACEMENT_3D('',#2959,#2960,#2961);
#1564=EDGE_LOOP('',(#2962,#2963,#2964,#2965));
#1565=AXIS2_PLACEMENT_3D('',#2966,#2967,#2968);
#1566=EDGE_LOOP('',(#2969,#2970,#2971,#2972));
#1567=AXIS2_PLACEMENT_3D('',#2973,#2974,#2975);
#1568=EDGE_LOOP('',(#2976,#2977,#2978,#2979,#2980,#2981,#2982,#2983));
#1569=AXIS2_PLACEMENT_3D('',#2984,#2985,#2986);
#1570=EDGE_LOOP('',(#2987,#2988,#2989,#2990));
#1571=AXIS2_PLACEMENT_3D('',#2991,#2992,#2993);
#1572=EDGE_LOOP('',(#2994,#2995,#2996,#2997,#2998,#2999,#3000,#3001));
#1573=AXIS2_PLACEMENT_3D('',#3002,#3003,#3004);
#1574=EDGE_LOOP('',(#3005,#3006,#3007,#3008));
#1575=AXIS2_PLACEMENT_3D('',#3009,#3010,#3011);
#1576=EDGE_LOOP('',(#3012,#3013,#3014,#3015));
#1577=AXIS2_PLACEMENT_3D('',#3016,#3017,#3018);
#1578=EDGE_LOOP('',(#3019,#3020,#3021,#3022));
#1579=AXIS2_PLACEMENT_3D('',#3023,#3024,#3025);
#1580=EDGE_LOOP('',(#3026,#3027,#3028,#3029));
#1581=AXIS2_PLACEMENT_3D('',#3030,#3031,#3032);
#1582=EDGE_LOOP('',(#3033,#3034,#3035,#3036));
#1583=AXIS2_PLACEMENT_3D('',#3037,#3038,#3039);
#1584=EDGE_LOOP('',(#3040,#3041,#3042,#3043));
#1585=AXIS2_PLACEMENT_3D('',#3044,#3045,#3046);
#1586=EDGE_LOOP('',(#3047,#3048,#3049,#3050));
#1587=AXIS2_PLACEMENT_3D('',#3051,#3052,#3053);
#1588=EDGE_LOOP('',(#3054,#3055,#3056,#3057,#3058,#3059));
#1589=AXIS2_PLACEMENT_3D('',#3060,#3061,#3062);
#1590=EDGE_LOOP('',(#3063,#3064,#3065,#3066,#3067));
#1591=AXIS2_PLACEMENT_3D('',#3068,#3069,#3070);
#1592=EDGE_LOOP('',(#3071,#3072,#3073,#3074,#3075));
#1593=AXIS2_PLACEMENT_3D('',#3076,#3077,#3078);
#1594=EDGE_LOOP('',(#3079,#3080,#3081,#3082,#3083,#3084));
#1595=AXIS2_PLACEMENT_3D('',#3085,#3086,#3087);
#1596=EDGE_LOOP('',(#3088,#3089,#3090,#3091,#3092));
#1597=AXIS2_PLACEMENT_3D('',#3093,#3094,#3095);
#1598=EDGE_LOOP('',(#3096,#3097,#3098,#3099,#3100,#3101));
#1599=AXIS2_PLACEMENT_3D('',#3102,#3103,#3104);
#1600=EDGE_LOOP('',(#3105,#3106,#3107,#3108,#3109,#3110));
#1601=AXIS2_PLACEMENT_3D('',#3111,#3112,#3113);
#1602=EDGE_LOOP('',(#3114,#3115,#3116,#3117));
#1603=AXIS2_PLACEMENT_3D('',#3118,#3119,#3120);
#1604=EDGE_LOOP('',(#3121,#3122,#3123,#3124));
#1605=AXIS2_PLACEMENT_3D('',#3125,#3126,#3127);
#1606=EDGE_LOOP('',(#3128,#3129,#3130,#3131,#3132));
#1607=AXIS2_PLACEMENT_3D('',#3133,#3134,#3135);
#1608=EDGE_LOOP('',(#3136,#3137,#3138,#3139,#3140));
#1609=AXIS2_PLACEMENT_3D('',#3141,#3142,#3143);
#1610=EDGE_LOOP('',(#3144,#3145,#3146,#3147,#3148,#3149));
#1611=AXIS2_PLACEMENT_3D('',#3150,#3151,#3152);
#1612=EDGE_LOOP('',(#3153,#3154,#3155,#3156,#3157,#3158));
#1613=AXIS2_PLACEMENT_3D('',#3159,#3160,#3161);
#1614=EDGE_LOOP('',(#3162,#3163,#3164,#3165,#3166,#3167));
#1615=AXIS2_PLACEMENT_3D('',#3168,#3169,#3170);
#1616=EDGE_LOOP('',(#3171,#3172,#3173,#3174,#3175));
#1617=AXIS2_PLACEMENT_3D('',#3176,#3177,#3178);
#1618=EDGE_LOOP('',(#3179,#3180,#3181,#3182));
#1619=AXIS2_PLACEMENT_3D('',#3183,#3184,#3185);
#1620=EDGE_LOOP('',(#3186,#3187,#3188,#3189));
#1621=AXIS2_PLACEMENT_3D('',#3190,#3191,#3192);
#1622=EDGE_LOOP('',(#3193,#3194,#3195,#3196,#3197,#3198));
#1623=AXIS2_PLACEMENT_3D('',#3199,#3200,#3201);
#1624=EDGE_LOOP('',(#3202,#3203,#3204,#3205,#3206,#3207,#3208));
#1625=AXIS2_PLACEMENT_3D('',#3209,#3210,#3211);
#1626=EDGE_LOOP('',(#3212,#3213,#3214,#3215));
#1627=AXIS2_PLACEMENT_3D('',#3216,#3217,#3218);
#1628=EDGE_LOOP('',(#3219,#3220,#3221,#3222));
#1629=B_SPLINE_CURVE_WITH_KNOTS('',3,(#3223,#3224,#3225,#3226,#3227,#3228),.UNSPECIFIED.,.F.,.F.,(4,2,4),(0.0,0.498960081633333,1.0),.UNSPECIFIED.);
#1630=VECTOR('',#3229,1.0);
#1631=EDGE_LOOP('',(#3230,#3231,#3232,#3233));
#1632=AXIS2_PLACEMENT_3D('',#3234,#3235,#3236);
#1633=EDGE_LOOP('',(#3237,#3238,#3239,#3240));
#1634=AXIS2_PLACEMENT_3D('',#3241,#3242,#3243);
#1635=EDGE_LOOP('',(#3244,#3245,#3246,#3247));
#1636=AXIS2_PLACEMENT_3D('',#3248,#3249,#3250);
#1637=EDGE_LOOP('',(#3251,#3252,#3253,#3254));
#1638=AXIS2_PLACEMENT_3D('',#3255,#3256,#3257);
#1639=EDGE_LOOP('',(#3258,#3259,#3260,#3261));
#1640=AXIS2_PLACEMENT_3D('',#3262,#3263,#3264);
#1641=EDGE_LOOP('',(#3265,#3266,#3267,#3268));
#1642=AXIS2_PLACEMENT_3D('',#3269,#3270,#3271);
#1643=EDGE_LOOP('',(#3272,#3273,#3274,#3275));
#1644=AXIS2_PLACEMENT_3D('',#3276,#3277,#3278);
#1645=EDGE_LOOP('',(#3279,#3280,#3281,#3282));
#1646=AXIS2_PLACEMENT_3D('',#3283,#3284,#3285);
#1647=EDGE_LOOP('',(#3286,#3287,#3288,#3289));
#1648=AXIS2_PLACEMENT_3D('',#3290,#3291,#3292);
#1649=EDGE_LOOP('',(#3293,#3294,#3295,#3296));
#1650=AXIS2_PLACEMENT_3D('',#3297,#3298,#3299);
#1651=EDGE_LOOP('',(#3300,#3301,#3302,#3303));
#1652=AXIS2_PLACEMENT_3D('',#3304,#3305,#3306);
#1653=EDGE_LOOP('',(#3307,#3308,#3309,#3310));
#1654=AXIS2_PLACEMENT_3D('',#3311,#3312,#3313);
#1655=EDGE_LOOP('',(#3314,#3315,#3316,#3317));
#1656=AXIS2_PLACEMENT_3D('',#3318,#3319,#3320);
#1657=EDGE_LOOP('',(#3321,#3322,#3323,#3324));
#1658=AXIS2_PLACEMENT_3D('',#3325,#3326,#3327);
#1659=EDGE_LOOP('',(#3328,#3329,#3330,#3331));
#1660=AXIS2_PLACEMENT_3D('',#3332,#3333,#3334);
#1661=EDGE_LOOP('',(#3335,#3336,#3337,#3338));
#1662=AXIS2_PLACEMENT_3D('',#3339,#3340,#3341);
#1663=EDGE_LOOP('',(#3342,#3343,#3344,#3345));
#1664=AXIS2_PLACEMENT_3D('',#3346,#3347,#3348);
#1665=EDGE_LOOP('',(#3349,#3350,#3351,#3352));
#1666=AXIS2_PLACEMENT_3D('',#3353,#3354,#3355);
#1667=EDGE_LOOP('',(#3356,#3357,#3358,#3359));
#1668=AXIS2_PLACEMENT_3D('',#3360,#3361,#3362);
#1669=EDGE_LOOP('',(#3363,#3364,#3365,#3366));
#1670=AXIS2_PLACEMENT_3D('',#3367,#3368,#3369);
#1671=EDGE_LOOP('',(#3370,#3371,#3372,#3373));
#1672=AXIS2_PLACEMENT_3D('',#3374,#3375,#3376);
#1673=EDGE_LOOP('',(#3377,#3378,#3379,#3380));
#1674=AXIS2_PLACEMENT_3D('',#3381,#3382,#3383);
#1675=EDGE_LOOP('',(#3384,#3385,#3386,#3387));
#1676=AXIS2_PLACEMENT_3D('',#3388,#3389,#3390);
#1677=EDGE_LOOP('',(#3391,#3392,#3393,#3394));
#1678=AXIS2_PLACEMENT_3D('',#3395,#3396,#3397);
#1679=EDGE_LOOP('',(#3398,#3399,#3400,#3401));
#1680=AXIS2_PLACEMENT_3D('',#3402,#3403,#3404);
#1681=EDGE_LOOP('',(#3405,#3406,#3407,#3408));
#1682=AXIS2_PLACEMENT_3D('',#3409,#3410,#3411);
#1683=EDGE_LOOP('',(#3412,#3413,#3414,#3415));
#1684=AXIS2_PLACEMENT_3D('',#3416,#3417,#3418);
#1685=EDGE_LOOP('',(#3419,#3420,#3421,#3422));
#1686=AXIS2_PLACEMENT_3D('',#3423,#3424,#3425);
#1687=EDGE_LOOP('',(#3426,#3427,#3428,#3429));
#1688=AXIS2_PLACEMENT_3D('',#3430,#3431,#3432);
#1689=EDGE_LOOP('',(#3433,#3434,#3435,#3436));
#1690=AXIS2_PLACEMENT_3D('',#3437,#3438,#3439);
#1691=EDGE_LOOP('',(#3440,#3441,#3442,#3443));
#1692=AXIS2_PLACEMENT_3D('',#3444,#3445,#3446);
#1693=EDGE_LOOP('',(#3447,#3448,#3449,#3450));
#1694=AXIS2_PLACEMENT_3D('',#3451,#3452,#3453);
#1695=EDGE_LOOP('',(#3454,#3455,#3456,#3457));
#1696=AXIS2_PLACEMENT_3D('',#3458,#3459,#3460);
#1697=EDGE_LOOP('',(#3461,#3462,#3463,#3464));
#1698=AXIS2_PLACEMENT_3D('',#3465,#3466,#3467);
#1699=EDGE_LOOP('',(#3468,#3469,#3470,#3471));
#1700=AXIS2_PLACEMENT_3D('',#3472,#3473,#3474);
#1701=EDGE_LOOP('',(#3475,#3476,#3477,#3478));
#1702=AXIS2_PLACEMENT_3D('',#3479,#3480,#3481);
#1703=EDGE_LOOP('',(#3482,#3483,#3484,#3485));
#1704=AXIS2_PLACEMENT_3D('',#3486,#3487,#3488);
#1705=EDGE_LOOP('',(#3489,#3490,#3491,#3492));
#1706=AXIS2_PLACEMENT_3D('',#3493,#3494,#3495);
#1707=EDGE_LOOP('',(#3496,#3497,#3498,#3499));
#1708=AXIS2_PLACEMENT_3D('',#3500,#3501,#3502);
#1709=EDGE_LOOP('',(#3503,#3504,#3505,#3506));
#1710=AXIS2_PLACEMENT_3D('',#3507,#3508,#3509);
#1711=EDGE_LOOP('',(#3510,#3511,#3512,#3513));
#1712=AXIS2_PLACEMENT_3D('',#3514,#3515,#3516);
#1713=EDGE_LOOP('',(#3517,#3518,#3519,#3520));
#1714=AXIS2_PLACEMENT_3D('',#3521,#3522,#3523);
#1715=EDGE_LOOP('',(#3524,#3525,#3526,#3527));
#1716=AXIS2_PLACEMENT_3D('',#3528,#3529,#3530);
#1717=EDGE_LOOP('',(#3531,#3532,#3533,#3534));
#1718=AXIS2_PLACEMENT_3D('',#3535,#3536,#3537);
#1719=EDGE_LOOP('',(#3538,#3539,#3540,#3541));
#1720=AXIS2_PLACEMENT_3D('',#3542,#3543,#3544);
#1721=EDGE_LOOP('',(#3545,#3546,#3547,#3548,#3549,#3550,#3551,#3552));
#1722=AXIS2_PLACEMENT_3D('',#3553,#3554,#3555);
#1723=EDGE_LOOP('',(#3556,#3557,#3558,#3559));
#1724=AXIS2_PLACEMENT_3D('',#3560,#3561,#3562);
#1725=EDGE_LOOP('',(#3563,#3564,#3565,#3566,#3567,#3568,#3569,#3570,#3571,#3572,#3573,#3574));
#1726=EDGE_LOOP('',(#3575,#3576,#3577,#3578));
#1727=AXIS2_PLACEMENT_3D('',#3579,#3580,#3581);
#1728=EDGE_LOOP('',(#3582,#3583,#3584,#3585,#3586));
#1729=AXIS2_PLACEMENT_3D('',#3587,#3588,#3589);
#1730=EDGE_LOOP('',(#3590,#3591,#3592,#3593));
#1731=AXIS2_PLACEMENT_3D('',#3594,#3595,#3596);
#1732=EDGE_LOOP('',(#3597,#3598,#3599,#3600));
#1733=AXIS2_PLACEMENT_3D('',#3601,#3602,#3603);
#1734=EDGE_LOOP('',(#3604,#3605,#3606,#3607,#3608,#3609,#3610,#3611,#3612,#3613));
#1735=AXIS2_PLACEMENT_3D('',#3614,#3615,#3616);
#1736=EDGE_LOOP('',(#3617,#3618,#3619,#3620,#3621,#3622,#3623,#3624,#3625,#3626));
#1737=AXIS2_PLACEMENT_3D('',#3627,#3628,#3629);
#1738=EDGE_LOOP('',(#3630,#3631,#3632,#3633,#3634,#3635,#3636,#3637,#3638,#3639,#3640,#3641,#3642,#3643,#3644,#3645,#3646,#3647,#3648,#3649));
#1739=AXIS2_PLACEMENT_3D('',#3650,#3651,#3652);
#1740=EDGE_LOOP('',(#3653,#3654,#3655,#3656));
#1741=AXIS2_PLACEMENT_3D('',#3657,#3658,#3659);
#1742=EDGE_LOOP('',(#3660,#3661,#3662,#3663));
#1743=AXIS2_PLACEMENT_3D('',#3664,#3665,#3666);
#1744=EDGE_LOOP('',(#3667,#3668,#3669,#3670));
#1745=AXIS2_PLACEMENT_3D('',#3671,#3672,#3673);
#1746=EDGE_LOOP('',(#3674,#3675,#3676,#3677));
#1747=AXIS2_PLACEMENT_3D('',#3678,#3679,#3680);
#1748=EDGE_LOOP('',(#3681,#3682,#3683,#3684));
#1749=AXIS2_PLACEMENT_3D('',#3685,#3686,#3687);
#1750=EDGE_LOOP('',(#3688,#3689,#3690,#3691));
#1751=AXIS2_PLACEMENT_3D('',#3692,#3693,#3694);
#1752=EDGE_LOOP('',(#3695,#3696,#3697,#3698));
#1753=AXIS2_PLACEMENT_3D('',#3699,#3700,#3701);
#1754=EDGE_LOOP('',(#3702,#3703,#3704,#3705));
#1755=AXIS2_PLACEMENT_3D('',#3706,#3707,#3708);
#1756=EDGE_LOOP('',(#3709,#3710,#3711,#3712));
#1757=AXIS2_PLACEMENT_3D('',#3713,#3714,#3715);
#1758=EDGE_LOOP('',(#3716,#3717,#3718,#3719));
#1759=AXIS2_PLACEMENT_3D('',#3720,#3721,#3722);
#1760=EDGE_LOOP('',(#3723,#3724,#3725,#3726));
#1761=AXIS2_PLACEMENT_3D('',#3727,#3728,#3729);
#1762=EDGE_LOOP('',(#3730,#3731,#3732,#3733));
#1763=AXIS2_PLACEMENT_3D('',#3734,#3735,#3736);
#1764=EDGE_LOOP('',(#3737,#3738,#3739,#3740));
#1765=AXIS2_PLACEMENT_3D('',#3741,#3742,#3743);
#1766=EDGE_LOOP('',(#3744,#3745,#3746,#3747));
#1767=AXIS2_PLACEMENT_3D('',#3748,#3749,#3750);
#1768=EDGE_LOOP('',(#3751,#3752,#3753,#3754));
#1769=AXIS2_PLACEMENT_3D('',#3755,#3756,#3757);
#1770=EDGE_LOOP('',(#3758,#3759,#3760,#3761));
#1771=AXIS2_PLACEMENT_3D('',#3762,#3763,#3764);
#1772=EDGE_LOOP('',(#3765,#3766,#3767,#3768));
#1773=AXIS2_PLACEMENT_3D('',#3769,#3770,#3771);
#1774=EDGE_LOOP('',(#3772,#3773,#3774,#3775));
#1775=AXIS2_PLACEMENT_3D('',#3776,#3777,#3778);
#1776=EDGE_LOOP('',(#3779,#3780,#3781,#3782));
#1777=AXIS2_PLACEMENT_3D('',#3783,#3784,#3785);
#1778=EDGE_LOOP('',(#3786,#3787,#3788,#3789));
#1779=AXIS2_PLACEMENT_3D('',#3790,#3791,#3792);
#1780=EDGE_LOOP('',(#3793,#3794,#3795,#3796));
#1781=AXIS2_PLACEMENT_3D('',#3797,#3798,#3799);
#1782=EDGE_LOOP('',(#3800,#3801,#3802,#3803));
#1783=AXIS2_PLACEMENT_3D('',#3804,#3805,#3806);
#1784=EDGE_LOOP('',(#3807,#3808,#3809,#3810));
#1785=AXIS2_PLACEMENT_3D('',#3811,#3812,#3813);
#1786=EDGE_LOOP('',(#3814,#3815,#3816,#3817));
#1787=AXIS2_PLACEMENT_3D('',#3818,#3819,#3820);
#1788=EDGE_LOOP('',(#3821,#3822,#3823,#3824));
#1789=AXIS2_PLACEMENT_3D('',#3825,#3826,#3827);
#1790=EDGE_LOOP('',(#3828,#3829,#3830,#3831));
#1791=AXIS2_PLACEMENT_3D('',#3832,#3833,#3834);
#1792=EDGE_LOOP('',(#3835,#3836,#3837,#3838));
#1793=AXIS2_PLACEMENT_3D('',#3839,#3840,#3841);
#1794=EDGE_LOOP('',(#3842,#3843,#3844,#3845));
#1795=AXIS2_PLACEMENT_3D('',#3846,#3847,#3848);
#1796=EDGE_LOOP('',(#3849,#3850,#3851,#3852));
#1797=AXIS2_PLACEMENT_3D('',#3853,#3854,#3855);
#1798=EDGE_LOOP('',(#3856,#3857,#3858,#3859));
#1799=AXIS2_PLACEMENT_3D('',#3860,#3861,#3862);
#1800=EDGE_LOOP('',(#3863,#3864,#3865,#3866));
#1801=AXIS2_PLACEMENT_3D('',#3867,#3868,#3869);
#1802=EDGE_LOOP('',(#3870,#3871,#3872,#3873));
#1803=AXIS2_PLACEMENT_3D('',#3874,#3875,#3876);
#1804=EDGE_LOOP('',(#3877,#3878,#3879,#3880));
#1805=AXIS2_PLACEMENT_3D('',#3881,#3882,#3883);
#1806=EDGE_LOOP('',(#3884,#3885,#3886,#3887));
#1807=AXIS2_PLACEMENT_3D('',#3888,#3889,#3890);
#1808=EDGE_LOOP('',(#3891,#3892,#3893,#3894));
#1809=AXIS2_PLACEMENT_3D('',#3895,#3896,#3897);
#1810=EDGE_LOOP('',(#3898,#3899,#3900,#3901));
#1811=AXIS2_PLACEMENT_3D('',#3902,#3903,#3904);
#1812=EDGE_LOOP('',(#3905,#3906,#3907,#3908));
#1813=AXIS2_PLACEMENT_3D('',#3909,#3910,#3911);
#1814=EDGE_LOOP('',(#3912,#3913,#3914,#3915));
#1815=AXIS2_PLACEMENT_3D('',#3916,#3917,#3918);
#1816=EDGE_LOOP('',(#3919,#3920,#3921,#3922));
#1817=AXIS2_PLACEMENT_3D('',#3923,#3924,#3925);
#1818=EDGE_LOOP('',(#3926,#3927,#3928,#3929));
#1819=AXIS2_PLACEMENT_3D('',#3930,#3931,#3932);
#1820=EDGE_LOOP('',(#3933,#3934,#3935,#3936));
#1821=AXIS2_PLACEMENT_3D('',#3937,#3938,#3939);
#1822=EDGE_LOOP('',(#3940,#3941,#3942,#3943));
#1823=AXIS2_PLACEMENT_3D('',#3944,#3945,#3946);
#1824=EDGE_LOOP('',(#3947,#3948,#3949,#3950));
#1825=AXIS2_PLACEMENT_3D('',#3951,#3952,#3953);
#1826=EDGE_LOOP('',(#3954,#3955,#3956,#3957));
#1827=AXIS2_PLACEMENT_3D('',#3958,#3959,#3960);
#1828=EDGE_LOOP('',(#3961,#3962,#3963,#3964));
#1829=AXIS2_PLACEMENT_3D('',#3965,#3966,#3967);
#1830=EDGE_LOOP('',(#3968,#3969,#3970,#3971));
#1831=AXIS2_PLACEMENT_3D('',#3972,#3973,#3974);
#1832=EDGE_LOOP('',(#3975,#3976,#3977,#3978));
#1833=AXIS2_PLACEMENT_3D('',#3979,#3980,#3981);
#1834=EDGE_LOOP('',(#3982,#3983,#3984,#3985));
#1835=AXIS2_PLACEMENT_3D('',#3986,#3987,#3988);
#1836=EDGE_LOOP('',(#3989,#3990,#3991,#3992));
#1837=AXIS2_PLACEMENT_3D('',#3993,#3994,#3995);
#1838=EDGE_LOOP('',(#3996,#3997,#3998,#3999));
#1839=AXIS2_PLACEMENT_3D('',#4000,#4001,#4002);
#1840=EDGE_LOOP('',(#4003,#4004,#4005,#4006));
#1841=AXIS2_PLACEMENT_3D('',#4007,#4008,#4009);
#1842=EDGE_LOOP('',(#4010,#4011,#4012,#4013));
#1843=AXIS2_PLACEMENT_3D('',#4014,#4015,#4016);
#1844=EDGE_LOOP('',(#4017,#4018,#4019,#4020));
#1845=AXIS2_PLACEMENT_3D('',#4021,#4022,#4023);
#1846=EDGE_LOOP('',(#4024,#4025,#4026,#4027));
#1847=AXIS2_PLACEMENT_3D('',#4028,#4029,#4030);
#1848=EDGE_LOOP('',(#4031,#4032,#4033,#4034));
#1849=AXIS2_PLACEMENT_3D('',#4035,#4036,#4037);
#1850=EDGE_LOOP('',(#4038,#4039,#4040,#4041));
#1851=AXIS2_PLACEMENT_3D('',#4042,#4043,#4044);
#1852=EDGE_LOOP('',(#4045,#4046,#4047,#4048));
#1853=AXIS2_PLACEMENT_3D('',#4049,#4050,#4051);
#1854=EDGE_LOOP('',(#4052,#4053,#4054,#4055));
#1855=AXIS2_PLACEMENT_3D('',#4056,#4057,#4058);
#1856=EDGE_LOOP('',(#4059,#4060,#4061,#4062));
#1857=AXIS2_PLACEMENT_3D('',#4063,#4064,#4065);
#1858=EDGE_LOOP('',(#4066,#4067,#4068,#4069));
#1859=AXIS2_PLACEMENT_3D('',#4070,#4071,#4072);
#1860=EDGE_LOOP('',(#4073,#4074,#4075,#4076));
#1861=AXIS2_PLACEMENT_3D('',#4077,#4078,#4079);
#1862=EDGE_LOOP('',(#4080,#4081,#4082,#4083));
#1863=AXIS2_PLACEMENT_3D('',#4084,#4085,#4086);
#1864=EDGE_LOOP('',(#4087,#4088,#4089,#4090));
#1865=AXIS2_PLACEMENT_3D('',#4091,#4092,#4093);
#1866=EDGE_LOOP('',(#4094,#4095,#4096,#4097));
#1867=AXIS2_PLACEMENT_3D('',#4098,#4099,#4100);
#1868=EDGE_LOOP('',(#4101,#4102,#4103,#4104));
#1869=AXIS2_PLACEMENT_3D('',#4105,#4106,#4107);
#1870=EDGE_LOOP('',(#4108,#4109,#4110,#4111));
#1871=AXIS2_PLACEMENT_3D('',#4112,#4113,#4114);
#1872=EDGE_LOOP('',(#4115,#4116,#4117,#4118));
#1873=AXIS2_PLACEMENT_3D('',#4119,#4120,#4121);
#1874=EDGE_LOOP('',(#4122,#4123,#4124,#4125));
#1875=AXIS2_PLACEMENT_3D('',#4126,#4127,#4128);
#1876=EDGE_LOOP('',(#4129,#4130,#4131,#4132));
#1877=AXIS2_PLACEMENT_3D('',#4133,#4134,#4135);
#1878=EDGE_LOOP('',(#4136,#4137,#4138,#4139));
#1879=AXIS2_PLACEMENT_3D('',#4140,#4141,#4142);
#1880=EDGE_LOOP('',(#4143,#4144,#4145,#4146));
#1881=AXIS2_PLACEMENT_3D('',#4147,#4148,#4149);
#1882=EDGE_LOOP('',(#4150,#4151,#4152,#4153));
#1883=AXIS2_PLACEMENT_3D('',#4154,#4155,#4156);
#1884=EDGE_LOOP('',(#4157,#4158,#4159,#4160));
#1885=AXIS2_PLACEMENT_3D('',#4161,#4162,#4163);
#1886=EDGE_LOOP('',(#4164,#4165,#4166,#4167));
#1887=AXIS2_PLACEMENT_3D('',#4168,#4169,#4170);
#1888=EDGE_LOOP('',(#4171,#4172,#4173,#4174));
#1889=AXIS2_PLACEMENT_3D('',#4175,#4176,#4177);
#1890=EDGE_LOOP('',(#4178,#4179,#4180,#4181));
#1891=AXIS2_PLACEMENT_3D('',#4182,#4183,#4184);
#1892=EDGE_LOOP('',(#4185,#4186,#4187,#4188));
#1893=AXIS2_PLACEMENT_3D('',#4189,#4190,#4191);
#1894=EDGE_LOOP('',(#4192,#4193,#4194,#4195));
#1895=AXIS2_PLACEMENT_3D('',#4196,#4197,#4198);
#1896=EDGE_LOOP('',(#4199,#4200,#4201,#4202,#4203,#4204,#4205,#4206));
#1897=AXIS2_PLACEMENT_3D('',#4207,#4208,#4209);
#1898=EDGE_LOOP('',(#4210,#4211,#4212,#4213,#4214,#4215,#4216,#4217));
#1899=AXIS2_PLACEMENT_3D('',#4218,#4219,#4220);
#1900=EDGE_LOOP('',(#4221,#4222,#4223,#4224));
#1901=AXIS2_PLACEMENT_3D('',#4225,#4226,#4227);
#1902=EDGE_LOOP('',(#4228,#4229,#4230,#4231));
#1903=AXIS2_PLACEMENT_3D('',#4232,#4233,#4234);
#1904=EDGE_LOOP('',(#4235,#4236,#4237,#4238));
#1905=AXIS2_PLACEMENT_3D('',#4239,#4240,#4241);
#1906=EDGE_LOOP('',(#4242,#4243,#4244,#4245));
#1907=AXIS2_PLACEMENT_3D('',#4246,#4247,#4248);
#1908=EDGE_LOOP('',(#4249,#4250,#4251,#4252,#4253,#4254,#4255));
#1909=AXIS2_PLACEMENT_3D('',#4256,#4257,#4258);
#1910=EDGE_LOOP('',(#4259,#4260,#4261,#4262,#4263,#4264,#4265));
#1911=AXIS2_PLACEMENT_3D('',#4266,#4267,#4268);
#1912=EDGE_LOOP('',(#4269,#4270,#4271,#4272));
#1913=AXIS2_PLACEMENT_3D('',#4273,#4274,#4275);
#1914=EDGE_LOOP('',(#4276,#4277,#4278,#4279));
#1915=AXIS2_PLACEMENT_3D('',#4280,#4281,#4282);
#1916=EDGE_LOOP('',(#4283,#4284,#4285,#4286));
#1917=AXIS2_PLACEMENT_3D('',#4287,#4288,#4289);
#1918=EDGE_LOOP('',(#4290,#4291,#4292,#4293));
#1919=AXIS2_PLACEMENT_3D('',#4294,#4295,#4296);
#1920=EDGE_LOOP('',(#4297,#4298,#4299,#4300));
#1921=AXIS2_PLACEMENT_3D('',#4301,#4302,#4303);
#1922=EDGE_LOOP('',(#4304,#4305,#4306,#4307));
#1923=AXIS2_PLACEMENT_3D('',#4308,#4309,#4310);
#1924=EDGE_LOOP('',(#4311,#4312,#4313,#4314));
#1925=AXIS2_PLACEMENT_3D('',#4315,#4316,#4317);
#1926=EDGE_LOOP('',(#4318,#4319,#4320,#4321));
#1927=AXIS2_PLACEMENT_3D('',#4322,#4323,#4324);
#1928=EDGE_LOOP('',(#4325,#4326,#4327,#4328));
#1929=AXIS2_PLACEMENT_3D('',#4329,#4330,#4331);
#1930=EDGE_LOOP('',(#4332,#4333,#4334,#4335,#4336,#4337,#4338,#4339));
#1931=AXIS2_PLACEMENT_3D('',#4340,#4341,#4342);
#1932=EDGE_LOOP('',(#4343,#4344,#4345,#4346));
#1933=AXIS2_PLACEMENT_3D('',#4347,#4348,#4349);
#1934=EDGE_LOOP('',(#4350,#4351,#4352,#4353,#4354,#4355,#4356,#4357));
#1935=AXIS2_PLACEMENT_3D('',#4358,#4359,#4360);
#1936=EDGE_LOOP('',(#4361,#4362,#4363,#4364));
#1937=AXIS2_PLACEMENT_3D('',#4365,#4366,#4367);
#1938=EDGE_LOOP('',(#4368,#4369,#4370,#4371));
#1939=AXIS2_PLACEMENT_3D('',#4372,#4373,#4374);
#1940=EDGE_LOOP('',(#4375,#4376,#4377,#4378));
#1941=AXIS2_PLACEMENT_3D('',#4379,#4380,#4381);
#1942=EDGE_LOOP('',(#4382,#4383,#4384,#4385));
#1943=AXIS2_PLACEMENT_3D('',#4386,#4387,#4388);
#1944=EDGE_LOOP('',(#4389,#4390,#4391,#4392));
#1945=AXIS2_PLACEMENT_3D('',#4393,#4394,#4395);
#1946=EDGE_LOOP('',(#4396,#4397,#4398,#4399));
#1947=AXIS2_PLACEMENT_3D('',#4400,#4401,#4402);
#1948=EDGE_LOOP('',(#4403,#4404,#4405,#4406));
#1949=AXIS2_PLACEMENT_3D('',#4407,#4408,#4409);
#1950=EDGE_LOOP('',(#4410,#4411,#4412,#4413));
#1951=AXIS2_PLACEMENT_3D('',#4414,#4415,#4416);
#1952=EDGE_LOOP('',(#4417,#4418,#4419,#4420));
#1953=AXIS2_PLACEMENT_3D('',#4421,#4422,#4423);
#1954=EDGE_LOOP('',(#4424,#4425,#4426,#4427));
#1955=AXIS2_PLACEMENT_3D('',#4428,#4429,#4430);
#1956=EDGE_LOOP('',(#4431,#4432,#4433,#4434));
#1957=AXIS2_PLACEMENT_3D('',#4435,#4436,#4437);
#1958=EDGE_LOOP('',(#4438,#4439,#4440,#4441,#4442,#4443,#4444,#4445,#4446));
#1959=AXIS2_PLACEMENT_3D('',#4447,#4448,#4449);
#1960=EDGE_LOOP('',(#4450,#4451,#4452,#4453,#4454,#4455,#4456,#4457,#4458));
#1961=AXIS2_PLACEMENT_3D('',#4459,#4460,#4461);
#1962=EDGE_LOOP('',(#4462,#4463,#4464,#4465));
#1963=AXIS2_PLACEMENT_3D('',#4466,#4467,#4468);
#1964=EDGE_LOOP('',(#4469,#4470,#4471,#4472));
#1965=AXIS2_PLACEMENT_3D('',#4473,#4474,#4475);
#1966=EDGE_LOOP('',(#4476,#4477,#4478,#4479));
#1967=AXIS2_PLACEMENT_3D('',#4480,#4481,#4482);
#1968=EDGE_LOOP('',(#4483,#4484,#4485,#4486,#4487,#4488));
#1969=AXIS2_PLACEMENT_3D('',#4489,#4490,#4491);
#1970=EDGE_LOOP('',(#4492,#4493,#4494,#4495,#4496,#4497));
#1971=AXIS2_PLACEMENT_3D('',#4498,#4499,#4500);
#1972=EDGE_LOOP('',(#4501,#4502,#4503,#4504));
#1973=AXIS2_PLACEMENT_3D('',#4505,#4506,#4507);
#1974=EDGE_LOOP('',(#4508,#4509,#4510,#4511));
#1975=AXIS2_PLACEMENT_3D('',#4512,#4513,#4514);
#1976=EDGE_LOOP('',(#4515,#4516,#4517,#4518));
#1977=AXIS2_PLACEMENT_3D('',#4519,#4520,#4521);
#1978=EDGE_LOOP('',(#4522,#4523,#4524,#4525));
#1979=AXIS2_PLACEMENT_3D('',#4526,#4527,#4528);
#1980=EDGE_LOOP('',(#4529,#4530,#4531,#4532));
#1981=AXIS2_PLACEMENT_3D('',#4533,#4534,#4535);
#1982=EDGE_LOOP('',(#4536,#4537,#4538,#4539));
#1983=AXIS2_PLACEMENT_3D('',#4540,#4541,#4542);
#1984=EDGE_LOOP('',(#4543,#4544,#4545,#4546));
#1985=AXIS2_PLACEMENT_3D('',#4547,#4548,#4549);
#1986=EDGE_LOOP('',(#4550,#4551,#4552,#4553));
#1987=AXIS2_PLACEMENT_3D('',#4554,#4555,#4556);
#1988=EDGE_LOOP('',(#4557,#4558,#4559,#4560,#4561,#4562,#4563,#4564));
#1989=AXIS2_PLACEMENT_3D('',#4565,#4566,#4567);
#1990=EDGE_LOOP('',(#4568,#4569,#4570,#4571,#4572,#4573,#4574,#4575));
#1991=AXIS2_PLACEMENT_3D('',#4576,#4577,#4578);
#1992=EDGE_LOOP('',(#4579,#4580,#4581,#4582));
#1993=AXIS2_PLACEMENT_3D('',#4583,#4584,#4585);
#1994=EDGE_LOOP('',(#4586,#4587,#4588,#4589));
#1995=AXIS2_PLACEMENT_3D('',#4590,#4591,#4592);
#1996=EDGE_LOOP('',(#4593,#4594,#4595,#4596));
#1997=AXIS2_PLACEMENT_3D('',#4597,#4598,#4599);
#1998=EDGE_LOOP('',(#4600,#4601,#4602,#4603));
#1999=AXIS2_PLACEMENT_3D('',#4604,#4605,#4606);
#2000=EDGE_LOOP('',(#4607,#4608,#4609,#4610,#4611,#4612,#4613));
#2001=AXIS2_PLACEMENT_3D('',#4614,#4615,#4616);
#2002=EDGE_LOOP('',(#4617,#4618,#4619,#4620,#4621,#4622,#4623));
#2003=AXIS2_PLACEMENT_3D('',#4624,#4625,#4626);
#2004=EDGE_LOOP('',(#4627,#4628,#4629,#4630));
#2005=AXIS2_PLACEMENT_3D('',#4631,#4632,#4633);
#2006=EDGE_LOOP('',(#4634,#4635,#4636,#4637));
#2007=AXIS2_PLACEMENT_3D('',#4638,#4639,#4640);
#2008=EDGE_LOOP('',(#4641,#4642,#4643,#4644));
#2009=AXIS2_PLACEMENT_3D('',#4645,#4646,#4647);
#2010=EDGE_LOOP('',(#4648,#4649,#4650,#4651));
#2011=AXIS2_PLACEMENT_3D('',#4652,#4653,#4654);
#2012=EDGE_LOOP('',(#4655,#4656,#4657,#4658));
#2013=AXIS2_PLACEMENT_3D('',#4659,#4660,#4661);
#2014=EDGE_LOOP('',(#4662,#4663,#4664,#4665));
#2015=AXIS2_PLACEMENT_3D('',#4666,#4667,#4668);
#2016=EDGE_LOOP('',(#4669,#4670,#4671,#4672));
#2017=AXIS2_PLACEMENT_3D('',#4673,#4674,#4675);
#2018=EDGE_LOOP('',(#4676,#4677,#4678,#4679));
#2019=AXIS2_PLACEMENT_3D('',#4680,#4681,#4682);
#2020=EDGE_LOOP('',(#4683,#4684,#4685,#4686));
#2021=AXIS2_PLACEMENT_3D('',#4687,#4688,#4689);
#2022=EDGE_LOOP('',(#4690,#4691,#4692,#4693,#4694,#4695,#4696,#4697));
#2023=AXIS2_PLACEMENT_3D('',#4698,#4699,#4700);
#2024=EDGE_LOOP('',(#4701,#4702,#4703,#4704));
#2025=AXIS2_PLACEMENT_3D('',#4705,#4706,#4707);
#2026=EDGE_LOOP('',(#4708,#4709,#4710,#4711,#4712,#4713,#4714,#4715));
#2027=AXIS2_PLACEMENT_3D('',#4716,#4717,#4718);
#2028=EDGE_LOOP('',(#4719,#4720,#4721,#4722));
#2029=AXIS2_PLACEMENT_3D('',#4723,#4724,#4725);
#2030=EDGE_LOOP('',(#4726,#4727,#4728,#4729));
#2031=AXIS2_PLACEMENT_3D('',#4730,#4731,#4732);
#2032=EDGE_LOOP('',(#4733,#4734,#4735,#4736));
#2033=AXIS2_PLACEMENT_3D('',#4737,#4738,#4739);
#2034=EDGE_LOOP('',(#4740,#4741,#4742,#4743));
#2035=AXIS2_PLACEMENT_3D('',#4744,#4745,#4746);
#2036=EDGE_LOOP('',(#4747,#4748,#4749,#4750));
#2037=AXIS2_PLACEMENT_3D('',#4751,#4752,#4753);
#2038=EDGE_LOOP('',(#4754,#4755,#4756,#4757));
#2039=AXIS2_PLACEMENT_3D('',#4758,#4759,#4760);
#2040=EDGE_LOOP('',(#4761,#4762,#4763,#4764));
#2041=AXIS2_PLACEMENT_3D('',#4765,#4766,#4767);
#2042=EDGE_LOOP('',(#4768,#4769,#4770,#4771));
#2043=AXIS2_PLACEMENT_3D('',#4772,#4773,#4774);
#2044=EDGE_LOOP('',(#4775,#4776,#4777,#4778));
#2045=AXIS2_PLACEMENT_3D('',#4779,#4780,#4781);
#2046=EDGE_LOOP('',(#4782,#4783,#4784,#4785));
#2047=AXIS2_PLACEMENT_3D('',#4786,#4787,#4788);
#2048=EDGE_LOOP('',(#4789,#4790,#4791,#4792));
#2049=AXIS2_PLACEMENT_3D('',#4793,#4794,#4795);
#2050=EDGE_LOOP('',(#4796,#4797,#4798,#4799,#4800,#4801,#4802,#4803));
#2051=AXIS2_PLACEMENT_3D('',#4804,#4805,#4806);
#2052=EDGE_LOOP('',(#4807,#4808,#4809,#4810,#4811,#4812,#4813,#4814));
#2053=AXIS2_PLACEMENT_3D('',#4815,#4816,#4817);
#2054=EDGE_LOOP('',(#4818,#4819,#4820,#4821));
#2055=AXIS2_PLACEMENT_3D('',#4822,#4823,#4824);
#2056=EDGE_LOOP('',(#4825,#4826,#4827,#4828));
#2057=AXIS2_PLACEMENT_3D('',#4829,#4830,#4831);
#2058=EDGE_LOOP('',(#4832,#4833,#4834,#4835));
#2059=AXIS2_PLACEMENT_3D('',#4836,#4837,#4838);
#2060=EDGE_LOOP('',(#4839,#4840,#4841,#4842));
#2061=AXIS2_PLACEMENT_3D('',#4843,#4844,#4845);
#2062=EDGE_LOOP('',(#4846,#4847,#4848,#4849,#4850,#4851,#4852));
#2063=AXIS2_PLACEMENT_3D('',#4853,#4854,#4855);
#2064=EDGE_LOOP('',(#4856,#4857,#4858,#4859,#4860,#4861,#4862));
#2065=AXIS2_PLACEMENT_3D('',#4863,#4864,#4865);
#2066=EDGE_LOOP('',(#4866,#4867,#4868,#4869));
#2067=AXIS2_PLACEMENT_3D('',#4870,#4871,#4872);
#2068=EDGE_LOOP('',(#4873,#4874,#4875,#4876));
#2069=AXIS2_PLACEMENT_3D('',#4877,#4878,#4879);
#2070=EDGE_LOOP('',(#4880,#4881,#4882,#4883));
#2071=AXIS2_PLACEMENT_3D('',#4884,#4885,#4886);
#2072=EDGE_LOOP('',(#4887,#4888,#4889,#4890));
#2073=AXIS2_PLACEMENT_3D('',#4891,#4892,#4893);
#2074=EDGE_LOOP('',(#4894,#4895,#4896,#4897));
#2075=AXIS2_PLACEMENT_3D('',#4898,#4899,#4900);
#2076=EDGE_LOOP('',(#4901,#4902,#4903,#4904));
#2077=AXIS2_PLACEMENT_3D('',#4905,#4906,#4907);
#2078=EDGE_LOOP('',(#4908,#4909,#4910,#4911));
#2079=AXIS2_PLACEMENT_3D('',#4912,#4913,#4914);
#2080=EDGE_LOOP('',(#4915,#4916,#4917,#4918));
#2081=AXIS2_PLACEMENT_3D('',#4919,#4920,#4921);
#2082=EDGE_LOOP('',(#4922,#4923,#4924,#4925));
#2083=AXIS2_PLACEMENT_3D('',#4926,#4927,#4928);
#2084=EDGE_LOOP('',(#4929,#4930,#4931,#4932,#4933,#4934,#4935,#4936));
#2085=AXIS2_PLACEMENT_3D('',#4937,#4938,#4939);
#2086=EDGE_LOOP('',(#4940,#4941,#4942,#4943));
#2087=AXIS2_PLACEMENT_3D('',#4944,#4945,#4946);
#2088=EDGE_LOOP('',(#4947,#4948,#4949,#4950,#4951,#4952,#4953,#4954));
#2089=AXIS2_PLACEMENT_3D('',#4955,#4956,#4957);
#2090=EDGE_LOOP('',(#4958,#4959,#4960,#4961));
#2091=AXIS2_PLACEMENT_3D('',#4962,#4963,#4964);
#2092=EDGE_LOOP('',(#4965,#4966,#4967,#4968));
#2093=AXIS2_PLACEMENT_3D('',#4969,#4970,#4971);
#2094=EDGE_LOOP('',(#4972,#4973,#4974,#4975));
#2095=AXIS2_PLACEMENT_3D('',#4976,#4977,#4978);
#2096=EDGE_LOOP('',(#4979,#4980,#4981,#4982));
#2097=AXIS2_PLACEMENT_3D('',#4983,#4984,#4985);
#2098=EDGE_LOOP('',(#4986,#4987,#4988,#4989));
#2099=AXIS2_PLACEMENT_3D('',#4990,#4991,#4992);
#2100=EDGE_LOOP('',(#4993,#4994,#4995,#4996));
#2101=AXIS2_PLACEMENT_3D('',#4997,#4998,#4999);
#2102=EDGE_LOOP('',(#5000,#5001,#5002,#5003));
#2103=AXIS2_PLACEMENT_3D('',#5004,#5005,#5006);
#2104=EDGE_LOOP('',(#5007,#5008,#5009,#5010));
#2105=AXIS2_PLACEMENT_3D('',#5011,#5012,#5013);
#2106=EDGE_LOOP('',(#5014,#5015,#5016,#5017));
#2107=AXIS2_PLACEMENT_3D('',#5018,#5019,#5020);
#2108=EDGE_LOOP('',(#5021,#5022,#5023,#5024));
#2109=AXIS2_PLACEMENT_3D('',#5025,#5026,#5027);
#2110=EDGE_LOOP('',(#5028,#5029,#5030,#5031));
#2111=AXIS2_PLACEMENT_3D('',#5032,#5033,#5034);
#2112=EDGE_LOOP('',(#5035,#5036,#5037,#5038,#5039,#5040,#5041,#5042));
#2113=AXIS2_PLACEMENT_3D('',#5043,#5044,#5045);
#2114=EDGE_LOOP('',(#5046,#5047,#5048,#5049,#5050,#5051,#5052,#5053));
#2115=AXIS2_PLACEMENT_3D('',#5054,#5055,#5056);
#2116=EDGE_LOOP('',(#5057,#5058,#5059,#5060));
#2117=AXIS2_PLACEMENT_3D('',#5061,#5062,#5063);
#2118=EDGE_LOOP('',(#5064,#5065,#5066,#5067));
#2119=AXIS2_PLACEMENT_3D('',#5068,#5069,#5070);
#2120=EDGE_LOOP('',(#5071,#5072,#5073,#5074));
#2121=AXIS2_PLACEMENT_3D('',#5075,#5076,#5077);
#2122=EDGE_LOOP('',(#5078,#5079,#5080,#5081));
#2123=AXIS2_PLACEMENT_3D('',#5082,#5083,#5084);
#2124=EDGE_LOOP('',(#5085,#5086,#5087,#5088,#5089,#5090,#5091));
#2125=AXIS2_PLACEMENT_3D('',#5092,#5093,#5094);
#2126=EDGE_LOOP('',(#5095,#5096,#5097,#5098,#5099,#5100,#5101));
#2127=AXIS2_PLACEMENT_3D('',#5102,#5103,#5104);
#2128=EDGE_LOOP('',(#5105,#5106,#5107,#5108));
#2129=AXIS2_PLACEMENT_3D('',#5109,#5110,#5111);
#2130=EDGE_LOOP('',(#5112,#5113,#5114,#5115));
#2131=AXIS2_PLACEMENT_3D('',#5116,#5117,#5118);
#2132=EDGE_LOOP('',(#5119,#5120,#5121,#5122));
#2133=AXIS2_PLACEMENT_3D('',#5123,#5124,#5125);
#2134=EDGE_LOOP('',(#5126,#5127,#5128,#5129));
#2135=AXIS2_PLACEMENT_3D('',#5130,#5131,#5132);
#2136=EDGE_LOOP('',(#5133,#5134,#5135,#5136));
#2137=AXIS2_PLACEMENT_3D('',#5137,#5138,#5139);
#2138=EDGE_LOOP('',(#5140,#5141,#5142,#5143));
#2139=AXIS2_PLACEMENT_3D('',#5144,#5145,#5146);
#2140=EDGE_LOOP('',(#5147,#5148,#5149,#5150));
#2141=AXIS2_PLACEMENT_3D('',#5151,#5152,#5153);
#2142=EDGE_LOOP('',(#5154,#5155,#5156,#5157));
#2143=AXIS2_PLACEMENT_3D('',#5158,#5159,#5160);
#2144=EDGE_LOOP('',(#5161,#5162,#5163,#5164));
#2145=AXIS2_PLACEMENT_3D('',#5165,#5166,#5167);
#2146=EDGE_LOOP('',(#5168,#5169,#5170,#5171,#5172,#5173,#5174,#5175));
#2147=AXIS2_PLACEMENT_3D('',#5176,#5177,#5178);
#2148=EDGE_LOOP('',(#5179,#5180,#5181,#5182));
#2149=AXIS2_PLACEMENT_3D('',#5183,#5184,#5185);
#2150=EDGE_LOOP('',(#5186,#5187,#5188,#5189,#5190,#5191,#5192,#5193));
#2151=AXIS2_PLACEMENT_3D('',#5194,#5195,#5196);
#2152=EDGE_LOOP('',(#5197,#5198,#5199,#5200));
#2153=AXIS2_PLACEMENT_3D('',#5201,#5202,#5203);
#2154=EDGE_LOOP('',(#5204,#5205,#5206,#5207));
#2155=AXIS2_PLACEMENT_3D('',#5208,#5209,#5210);
#2156=EDGE_LOOP('',(#5211,#5212,#5213,#5214));
#2157=AXIS2_PLACEMENT_3D('',#5215,#5216,#5217);
#2158=EDGE_LOOP('',(#5218,#5219,#5220,#5221));
#2159=AXIS2_PLACEMENT_3D('',#5222,#5223,#5224);
#2160=EDGE_LOOP('',(#5225,#5226,#5227,#5228));
#2161=AXIS2_PLACEMENT_3D('',#5229,#5230,#5231);
#2162=EDGE_LOOP('',(#5232,#5233,#5234,#5235));
#2163=AXIS2_PLACEMENT_3D('',#5236,#5237,#5238);
#2164=EDGE_LOOP('',(#5239,#5240,#5241,#5242));
#2165=AXIS2_PLACEMENT_3D('',#5243,#5244,#5245);
#2166=EDGE_LOOP('',(#5246,#5247,#5248,#5249));
#2167=AXIS2_PLACEMENT_3D('',#5250,#5251,#5252);
#2168=EDGE_LOOP('',(#5253,#5254,#5255,#5256));
#2169=AXIS2_PLACEMENT_3D('',#5257,#5258,#5259);
#2170=EDGE_LOOP('',(#5260,#5261,#5262,#5263));
#2171=AXIS2_PLACEMENT_3D('',#5264,#5265,#5266);
#2172=EDGE_LOOP('',(#5267,#5268,#5269,#5270));
#2173=AXIS2_PLACEMENT_3D('',#5271,#5272,#5273);
#2174=EDGE_LOOP('',(#5274,#5275,#5276,#5277,#5278,#5279,#5280,#5281));
#2175=AXIS2_PLACEMENT_3D('',#5282,#5283,#5284);
#2176=EDGE_LOOP('',(#5285,#5286,#5287,#5288,#5289,#5290,#5291,#5292));
#2177=AXIS2_PLACEMENT_3D('',#5293,#5294,#5295);
#2178=EDGE_LOOP('',(#5296,#5297,#5298,#5299));
#2179=AXIS2_PLACEMENT_3D('',#5300,#5301,#5302);
#2180=EDGE_LOOP('',(#5303,#5304,#5305,#5306));
#2181=AXIS2_PLACEMENT_3D('',#5307,#5308,#5309);
#2182=EDGE_LOOP('',(#5310,#5311,#5312,#5313));
#2183=AXIS2_PLACEMENT_3D('',#5314,#5315,#5316);
#2184=EDGE_LOOP('',(#5317,#5318,#5319,#5320));
#2185=AXIS2_PLACEMENT_3D('',#5321,#5322,#5323);
#2186=EDGE_LOOP('',(#5324,#5325,#5326,#5327,#5328,#5329,#5330));
#2187=AXIS2_PLACEMENT_3D('',#5331,#5332,#5333);
#2188=EDGE_LOOP('',(#5334,#5335,#5336,#5337,#5338,#5339,#5340));
#2189=AXIS2_PLACEMENT_3D('',#5341,#5342,#5343);
#2190=EDGE_LOOP('',(#5344,#5345,#5346,#5347));
#2191=AXIS2_PLACEMENT_3D('',#5348,#5349,#5350);
#2192=EDGE_LOOP('',(#5351,#5352,#5353,#5354));
#2193=AXIS2_PLACEMENT_3D('',#5355,#5356,#5357);
#2194=EDGE_LOOP('',(#5358,#5359,#5360,#5361));
#2195=AXIS2_PLACEMENT_3D('',#5362,#5363,#5364);
#2196=EDGE_LOOP('',(#5365,#5366,#5367,#5368));
#2197=AXIS2_PLACEMENT_3D('',#5369,#5370,#5371);
#2198=EDGE_LOOP('',(#5372,#5373,#5374,#5375));
#2199=AXIS2_PLACEMENT_3D('',#5376,#5377,#5378);
#2200=EDGE_LOOP('',(#5379,#5380,#5381,#5382));
#2201=AXIS2_PLACEMENT_3D('',#5383,#5384,#5385);
#2202=EDGE_LOOP('',(#5386,#5387,#5388,#5389));
#2203=AXIS2_PLACEMENT_3D('',#5390,#5391,#5392);
#2204=EDGE_LOOP('',(#5393,#5394,#5395,#5396));
#2205=AXIS2_PLACEMENT_3D('',#5397,#5398,#5399);
#2206=EDGE_LOOP('',(#5400,#5401,#5402,#5403));
#2207=AXIS2_PLACEMENT_3D('',#5404,#5405,#5406);
#2208=EDGE_LOOP('',(#5407,#5408,#5409,#5410,#5411,#5412,#5413,#5414));
#2209=AXIS2_PLACEMENT_3D('',#5415,#5416,#5417);
#2210=EDGE_LOOP('',(#5418,#5419,#5420,#5421));
#2211=AXIS2_PLACEMENT_3D('',#5422,#5423,#5424);
#2212=EDGE_LOOP('',(#5425,#5426,#5427,#5428,#5429,#5430,#5431,#5432));
#2213=AXIS2_PLACEMENT_3D('',#5433,#5434,#5435);
#2214=EDGE_LOOP('',(#5436,#5437,#5438,#5439));
#2215=AXIS2_PLACEMENT_3D('',#5440,#5441,#5442);
#2216=EDGE_LOOP('',(#5443,#5444,#5445,#5446));
#2217=AXIS2_PLACEMENT_3D('',#5447,#5448,#5449);
#2218=EDGE_LOOP('',(#5450,#5451,#5452,#5453));
#2219=AXIS2_PLACEMENT_3D('',#5454,#5455,#5456);
#2220=EDGE_LOOP('',(#5457,#5458,#5459,#5460));
#2221=AXIS2_PLACEMENT_3D('',#5461,#5462,#5463);
#2222=EDGE_LOOP('',(#5464,#5465,#5466,#5467));
#2223=AXIS2_PLACEMENT_3D('',#5468,#5469,#5470);
#2224=EDGE_LOOP('',(#5471,#5472,#5473,#5474));
#2225=AXIS2_PLACEMENT_3D('',#5475,#5476,#5477);
#2226=EDGE_LOOP('',(#5478,#5479,#5480,#5481));
#2227=AXIS2_PLACEMENT_3D('',#5482,#5483,#5484);
#2228=EDGE_LOOP('',(#5485,#5486,#5487,#5488));
#2229=AXIS2_PLACEMENT_3D('',#5489,#5490,#5491);
#2230=EDGE_LOOP('',(#5492,#5493,#5494,#5495));
#2231=AXIS2_PLACEMENT_3D('',#5496,#5497,#5498);
#2232=EDGE_LOOP('',(#5499,#5500,#5501,#5502));
#2233=AXIS2_PLACEMENT_3D('',#5503,#5504,#5505);
#2234=EDGE_LOOP('',(#5506,#5507,#5508,#5509));
#2235=AXIS2_PLACEMENT_3D('',#5510,#5511,#5512);
#2236=EDGE_LOOP('',(#5513,#5514,#5515,#5516,#5517,#5518,#5519,#5520));
#2237=AXIS2_PLACEMENT_3D('',#5521,#5522,#5523);
#2238=EDGE_LOOP('',(#5524,#5525,#5526,#5527,#5528,#5529,#5530,#5531));
#2239=AXIS2_PLACEMENT_3D('',#5532,#5533,#5534);
#2240=EDGE_LOOP('',(#5535,#5536,#5537,#5538));
#2241=AXIS2_PLACEMENT_3D('',#5539,#5540,#5541);
#2242=EDGE_LOOP('',(#5542,#5543,#5544,#5545));
#2243=AXIS2_PLACEMENT_3D('',#5546,#5547,#5548);
#2244=EDGE_LOOP('',(#5549,#5550,#5551,#5552));
#2245=AXIS2_PLACEMENT_3D('',#5553,#5554,#5555);
#2246=EDGE_LOOP('',(#5556,#5557,#5558,#5559));
#2247=AXIS2_PLACEMENT_3D('',#5560,#5561,#5562);
#2248=EDGE_LOOP('',(#5563,#5564,#5565,#5566,#5567,#5568,#5569));
#2249=AXIS2_PLACEMENT_3D('',#5570,#5571,#5572);
#2250=EDGE_LOOP('',(#5573,#5574,#5575,#5576,#5577,#5578,#5579));
#2251=AXIS2_PLACEMENT_3D('',#5580,#5581,#5582);
#2252=EDGE_LOOP('',(#5583,#5584,#5585,#5586));
#2253=AXIS2_PLACEMENT_3D('',#5587,#5588,#5589);
#2254=EDGE_LOOP('',(#5590,#5591,#5592,#5593));
#2255=AXIS2_PLACEMENT_3D('',#5594,#5595,#5596);
#2256=EDGE_LOOP('',(#5597,#5598,#5599,#5600));
#2257=AXIS2_PLACEMENT_3D('',#5601,#5602,#5603);
#2258=EDGE_LOOP('',(#5604,#5605,#5606,#5607));
#2259=AXIS2_PLACEMENT_3D('',#5608,#5609,#5610);
#2260=EDGE_LOOP('',(#5611,#5612,#5613,#5614));
#2261=AXIS2_PLACEMENT_3D('',#5615,#5616,#5617);
#2262=EDGE_LOOP('',(#5618,#5619,#5620,#5621));
#2263=AXIS2_PLACEMENT_3D('',#5622,#5623,#5624);
#2264=EDGE_LOOP('',(#5625,#5626,#5627,#5628));
#2265=AXIS2_PLACEMENT_3D('',#5629,#5630,#5631);
#2266=EDGE_LOOP('',(#5632,#5633,#5634,#5635));
#2267=AXIS2_PLACEMENT_3D('',#5636,#5637,#5638);
#2268=EDGE_LOOP('',(#5639,#5640,#5641,#5642));
#2269=AXIS2_PLACEMENT_3D('',#5643,#5644,#5645);
#2270=EDGE_LOOP('',(#5646,#5647,#5648,#5649,#5650,#5651,#5652,#5653));
#2271=AXIS2_PLACEMENT_3D('',#5654,#5655,#5656);
#2272=EDGE_LOOP('',(#5657,#5658,#5659,#5660));
#2273=AXIS2_PLACEMENT_3D('',#5661,#5662,#5663);
#2274=EDGE_LOOP('',(#5664,#5665,#5666,#5667,#5668,#5669,#5670,#5671));
#2275=AXIS2_PLACEMENT_3D('',#5672,#5673,#5674);
#2276=EDGE_LOOP('',(#5675,#5676,#5677,#5678));
#2277=AXIS2_PLACEMENT_3D('',#5679,#5680,#5681);
#2278=EDGE_LOOP('',(#5682,#5683,#5684,#5685));
#2279=AXIS2_PLACEMENT_3D('',#5686,#5687,#5688);
#2280=EDGE_LOOP('',(#5689,#5690,#5691,#5692));
#2281=AXIS2_PLACEMENT_3D('',#5693,#5694,#5695);
#2282=EDGE_LOOP('',(#5696,#5697,#5698,#5699));
#2283=AXIS2_PLACEMENT_3D('',#5700,#5701,#5702);
#2284=EDGE_LOOP('',(#5703,#5704,#5705,#5706));
#2285=AXIS2_PLACEMENT_3D('',#5707,#5708,#5709);
#2286=EDGE_LOOP('',(#5710,#5711,#5712,#5713));
#2287=AXIS2_PLACEMENT_3D('',#5714,#5715,#5716);
#2288=EDGE_LOOP('',(#5717,#5718,#5719,#5720));
#2289=AXIS2_PLACEMENT_3D('',#5721,#5722,#5723);
#2290=EDGE_LOOP('',(#5724,#5725,#5726,#5727));
#2291=AXIS2_PLACEMENT_3D('',#5728,#5729,#5730);
#2292=EDGE_LOOP('',(#5731,#5732,#5733,#5734));
#2293=AXIS2_PLACEMENT_3D('',#5735,#5736,#5737);
#2294=EDGE_LOOP('',(#5738,#5739,#5740,#5741));
#2295=AXIS2_PLACEMENT_3D('',#5742,#5743,#5744);
#2296=EDGE_LOOP('',(#5745,#5746,#5747,#5748));
#2297=AXIS2_PLACEMENT_3D('',#5749,#5750,#5751);
#2298=EDGE_LOOP('',(#5752,#5753,#5754,#5755,#5756,#5757,#5758,#5759,#5760));
#2299=AXIS2_PLACEMENT_3D('',#5761,#5762,#5763);
#2300=EDGE_LOOP('',(#5764,#5765,#5766,#5767,#5768,#5769,#5770,#5771,#5772));
#2301=AXIS2_PLACEMENT_3D('',#5773,#5774,#5775);
#2302=EDGE_LOOP('',(#5776,#5777,#5778,#5779));
#2303=AXIS2_PLACEMENT_3D('',#5780,#5781,#5782);
#2304=EDGE_LOOP('',(#5783,#5784,#5785,#5786));
#2305=AXIS2_PLACEMENT_3D('',#5787,#5788,#5789);
#2306=EDGE_LOOP('',(#5790,#5791,#5792,#5793));
#2307=AXIS2_PLACEMENT_3D('',#5794,#5795,#5796);
#2308=EDGE_LOOP('',(#5797,#5798,#5799,#5800,#5801,#5802));
#2309=AXIS2_PLACEMENT_3D('',#5803,#5804,#5805);
#2310=EDGE_LOOP('',(#5806,#5807,#5808,#5809,#5810,#5811));
#2311=AXIS2_PLACEMENT_3D('',#5812,#5813,#5814);
#2312=EDGE_LOOP('',(#5815,#5816,#5817,#5818));
#2313=AXIS2_PLACEMENT_3D('',#5819,#5820,#5821);
#2314=EDGE_LOOP('',(#5822,#5823,#5824,#5825));
#2315=AXIS2_PLACEMENT_3D('',#5826,#5827,#5828);
#2316=EDGE_LOOP('',(#5829,#5830,#5831,#5832));
#2317=AXIS2_PLACEMENT_3D('',#5833,#5834,#5835);
#2318=EDGE_LOOP('',(#5836,#5837,#5838,#5839));
#2319=AXIS2_PLACEMENT_3D('',#5840,#5841,#5842);
#2320=EDGE_LOOP('',(#5843,#5844,#5845,#5846));
#2321=AXIS2_PLACEMENT_3D('',#5847,#5848,#5849);
#2322=EDGE_LOOP('',(#5850,#5851,#5852,#5853));
#2323=AXIS2_PLACEMENT_3D('',#5854,#5855,#5856);
#2324=EDGE_LOOP('',(#5857,#5858,#5859,#5860));
#2325=AXIS2_PLACEMENT_3D('',#5861,#5862,#5863);
#2326=EDGE_LOOP('',(#5864,#5865,#5866,#5867));
#2327=AXIS2_PLACEMENT_3D('',#5868,#5869,#5870);
#2328=EDGE_LOOP('',(#5871,#5872,#5873,#5874,#5875,#5876,#5877,#5878,#5879));
#2329=AXIS2_PLACEMENT_3D('',#5880,#5881,#5882);
#2330=EDGE_LOOP('',(#5883,#5884,#5885,#5886,#5887,#5888,#5889,#5890,#5891));
#2331=AXIS2_PLACEMENT_3D('',#5892,#5893,#5894);
#2332=EDGE_LOOP('',(#5895,#5896,#5897,#5898));
#2333=AXIS2_PLACEMENT_3D('',#5899,#5900,#5901);
#2334=EDGE_LOOP('',(#5902,#5903,#5904,#5905));
#2335=AXIS2_PLACEMENT_3D('',#5906,#5907,#5908);
#2336=EDGE_LOOP('',(#5909,#5910,#5911,#5912));
#2337=AXIS2_PLACEMENT_3D('',#5913,#5914,#5915);
#2338=EDGE_LOOP('',(#5916,#5917,#5918,#5919,#5920,#5921));
#2339=AXIS2_PLACEMENT_3D('',#5922,#5923,#5924);
#2340=EDGE_LOOP('',(#5925,#5926,#5927,#5928,#5929,#5930));
#2341=AXIS2_PLACEMENT_3D('',#5931,#5932,#5933);
#2342=EDGE_LOOP('',(#5934,#5935,#5936,#5937));
#2343=AXIS2_PLACEMENT_3D('',#5938,#5939,#5940);
#2344=EDGE_LOOP('',(#5941,#5942,#5943,#5944));
#2345=AXIS2_PLACEMENT_3D('',#5945,#5946,#5947);
#2346=EDGE_LOOP('',(#5948,#5949,#5950,#5951));
#2347=AXIS2_PLACEMENT_3D('',#5952,#5953,#5954);
#2348=EDGE_LOOP('',(#5955,#5956,#5957,#5958));
#2349=AXIS2_PLACEMENT_3D('',#5959,#5960,#5961);
#2350=EDGE_LOOP('',(#5962,#5963,#5964,#5965));
#2351=AXIS2_PLACEMENT_3D('',#5966,#5967,#5968);
#2352=EDGE_LOOP('',(#5969,#5970,#5971,#5972));
#2353=AXIS2_PLACEMENT_3D('',#5973,#5974,#5975);
#2354=EDGE_LOOP('',(#5976,#5977,#5978,#5979));
#2355=AXIS2_PLACEMENT_3D('',#5980,#5981,#5982);
#2356=EDGE_LOOP('',(#5983,#5984,#5985,#5986));
#2357=AXIS2_PLACEMENT_3D('',#5987,#5988,#5989);
#2358=EDGE_LOOP('',(#5990,#5991,#5992,#5993,#5994,#5995,#5996,#5997,#5998));
#2359=AXIS2_PLACEMENT_3D('',#5999,#6000,#6001);
#2360=EDGE_LOOP('',(#6002,#6003,#6004,#6005,#6006,#6007,#6008,#6009,#6010));
#2361=AXIS2_PLACEMENT_3D('',#6011,#6012,#6013);
#2362=EDGE_LOOP('',(#6014,#6015,#6016,#6017));
#2363=AXIS2_PLACEMENT_3D('',#6018,#6019,#6020);
#2364=EDGE_LOOP('',(#6021,#6022,#6023,#6024));
#2365=AXIS2_PLACEMENT_3D('',#6025,#6026,#6027);
#2366=EDGE_LOOP('',(#6028,#6029,#6030,#6031));
#2367=AXIS2_PLACEMENT_3D('',#6032,#6033,#6034);
#2368=EDGE_LOOP('',(#6035,#6036,#6037,#6038,#6039,#6040));
#2369=AXIS2_PLACEMENT_3D('',#6041,#6042,#6043);
#2370=EDGE_LOOP('',(#6044,#6045,#6046,#6047,#6048,#6049));
#2371=AXIS2_PLACEMENT_3D('',#6050,#6051,#6052);
#2372=EDGE_LOOP('',(#6053,#6054,#6055,#6056));
#2373=AXIS2_PLACEMENT_3D('',#6057,#6058,#6059);
#2374=EDGE_LOOP('',(#6060,#6061,#6062,#6063));
#2375=AXIS2_PLACEMENT_3D('',#6064,#6065,#6066);
#2376=EDGE_LOOP('',(#6067,#6068,#6069,#6070));
#2377=AXIS2_PLACEMENT_3D('',#6071,#6072,#6073);
#2378=FILL_AREA_STYLE_COLOUR('',#6074);
#2379=ORIENTED_EDGE('',*,*,#6075,.F.);
#2380=ORIENTED_EDGE('',*,*,#6076,.T.);
#2381=ORIENTED_EDGE('',*,*,#6077,.F.);
#2382=ORIENTED_EDGE('',*,*,#6078,.F.);
#2383=ORIENTED_EDGE('',*,*,#6079,.F.);
#2384=ORIENTED_EDGE('',*,*,#6080,.F.);
#2385=ORIENTED_EDGE('',*,*,#6081,.F.);
#2386=ORIENTED_EDGE('',*,*,#6082,.T.);
#2387=ORIENTED_EDGE('',*,*,#6083,.T.);
#2388=ORIENTED_EDGE('',*,*,#6084,.F.);
#2389=ORIENTED_EDGE('',*,*,#6085,.T.);
#2390=ORIENTED_EDGE('',*,*,#6086,.T.);
#2391=ORIENTED_EDGE('',*,*,#6087,.F.);
#2392=ORIENTED_EDGE('',*,*,#6088,.T.);
#2393=ORIENTED_EDGE('',*,*,#6089,.F.);
#2394=ORIENTED_EDGE('',*,*,#6090,.F.);
#2395=ORIENTED_EDGE('',*,*,#6091,.F.);
#2396=ORIENTED_EDGE('',*,*,#6092,.T.);
#2397=ORIENTED_EDGE('',*,*,#6093,.F.);
#2398=ORIENTED_EDGE('',*,*,#6094,.F.);
#2399=ORIENTED_EDGE('',*,*,#6095,.F.);
#2400=ORIENTED_EDGE('',*,*,#6096,.T.);
#2401=ORIENTED_EDGE('',*,*,#6097,.F.);
#2402=ORIENTED_EDGE('',*,*,#6098,.F.);
#2403=CARTESIAN_POINT('',(-0.95,7.3,8.96));
#2404=DIRECTION('',(0.0,-1.0,0.0));
#2405=DIRECTION('',(0.0,0.0,-1.0));
#2406=ORIENTED_EDGE('',*,*,#6099,.F.);
#2407=ORIENTED_EDGE('',*,*,#6100,.F.);
#2408=ORIENTED_EDGE('',*,*,#6101,.F.);
#2409=ORIENTED_EDGE('',*,*,#6102,.F.);
#2410=ORIENTED_EDGE('',*,*,#6103,.T.);
#2411=ORIENTED_EDGE('',*,*,#6104,.T.);
#2412=ORIENTED_EDGE('',*,*,#6105,.F.);
#2413=ORIENTED_EDGE('',*,*,#6106,.T.);
#2414=ORIENTED_EDGE('',*,*,#6107,.T.);
#2415=ORIENTED_EDGE('',*,*,#6108,.T.);
#2416=ORIENTED_EDGE('',*,*,#6109,.F.);
#2417=ORIENTED_EDGE('',*,*,#6110,.T.);
#2418=ORIENTED_EDGE('',*,*,#6111,.T.);
#2419=ORIENTED_EDGE('',*,*,#6112,.T.);
#2420=ORIENTED_EDGE('',*,*,#6113,.F.);
#2421=ORIENTED_EDGE('',*,*,#6114,.T.);
#2422=ORIENTED_EDGE('',*,*,#6115,.T.);
#2423=ORIENTED_EDGE('',*,*,#6116,.T.);
#2424=ORIENTED_EDGE('',*,*,#6117,.F.);
#2425=ORIENTED_EDGE('',*,*,#6118,.T.);
#2426=CARTESIAN_POINT('',(-9.425,4.45,2.1));
#2427=DIRECTION('',(0.0,-1.0,0.0));
#2428=DIRECTION('',(0.0,0.0,-1.0));
#2429=ORIENTED_EDGE('',*,*,#6119,.F.);
#2430=ORIENTED_EDGE('',*,*,#6075,.T.);
#2431=ORIENTED_EDGE('',*,*,#6120,.T.);
#2432=ORIENTED_EDGE('',*,*,#6121,.F.);
#2433=ORIENTED_EDGE('',*,*,#6122,.T.);
#2434=ORIENTED_EDGE('',*,*,#6123,.T.);
#2435=ORIENTED_EDGE('',*,*,#6124,.T.);
#2436=ORIENTED_EDGE('',*,*,#6125,.F.);
#2437=CARTESIAN_POINT('',(-5.25,8.68,1.86));
#2438=DIRECTION('',(0.0,0.0,1.0));
#2439=DIRECTION('',(1.0,0.0,0.0));
#2440=ORIENTED_EDGE('',*,*,#6126,.F.);
#2441=ORIENTED_EDGE('',*,*,#6127,.T.);
#2442=ORIENTED_EDGE('',*,*,#6125,.T.);
#2443=ORIENTED_EDGE('',*,*,#6128,.T.);
#2444=ORIENTED_EDGE('',*,*,#6129,.T.);
#2445=ORIENTED_EDGE('',*,*,#6130,.T.);
#2446=ORIENTED_EDGE('',*,*,#6131,.T.);
#2447=ORIENTED_EDGE('',*,*,#6132,.F.);
#2448=CARTESIAN_POINT('',(0.0,5.63,0.0));
#2449=DIRECTION('',(-0.0,1.0,0.0));
#2450=DIRECTION('',(1.0,0.0,0.0));
#2451=ORIENTED_EDGE('',*,*,#6133,.F.);
#2452=ORIENTED_EDGE('',*,*,#6095,.T.);
#2453=ORIENTED_EDGE('',*,*,#6134,.T.);
#2454=ORIENTED_EDGE('',*,*,#6135,.F.);
#2455=ORIENTED_EDGE('',*,*,#6136,.T.);
#2456=ORIENTED_EDGE('',*,*,#6137,.T.);
#2457=ORIENTED_EDGE('',*,*,#6138,.T.);
#2458=ORIENTED_EDGE('',*,*,#6139,.F.);
#2459=CARTESIAN_POINT('',(-5.25,8.68,1.86));
#2460=DIRECTION('',(0.0,0.0,1.0));
#2461=DIRECTION('',(1.0,0.0,0.0));
#2462=ORIENTED_EDGE('',*,*,#6140,.F.);
#2463=ORIENTED_EDGE('',*,*,#6141,.T.);
#2464=ORIENTED_EDGE('',*,*,#6139,.T.);
#2465=ORIENTED_EDGE('',*,*,#6142,.T.);
#2466=ORIENTED_EDGE('',*,*,#6143,.T.);
#2467=ORIENTED_EDGE('',*,*,#6144,.T.);
#2468=ORIENTED_EDGE('',*,*,#6121,.T.);
#2469=ORIENTED_EDGE('',*,*,#6145,.F.);
#2470=CARTESIAN_POINT('',(0.0,5.63,0.0));
#2471=DIRECTION('',(-0.0,1.0,0.0));
#2472=DIRECTION('',(1.0,0.0,0.0));
#2473=ORIENTED_EDGE('',*,*,#6146,.F.);
#2474=ORIENTED_EDGE('',*,*,#6091,.T.);
#2475=ORIENTED_EDGE('',*,*,#6147,.T.);
#2476=ORIENTED_EDGE('',*,*,#6148,.F.);
#2477=ORIENTED_EDGE('',*,*,#6149,.T.);
#2478=ORIENTED_EDGE('',*,*,#6150,.T.);
#2479=ORIENTED_EDGE('',*,*,#6151,.T.);
#2480=ORIENTED_EDGE('',*,*,#6152,.F.);
#2481=CARTESIAN_POINT('',(-5.25,8.68,1.86));
#2482=DIRECTION('',(0.0,0.0,1.0));
#2483=DIRECTION('',(1.0,0.0,0.0));
#2484=ORIENTED_EDGE('',*,*,#6153,.F.);
#2485=ORIENTED_EDGE('',*,*,#6154,.T.);
#2486=ORIENTED_EDGE('',*,*,#6152,.T.);
#2487=ORIENTED_EDGE('',*,*,#6155,.T.);
#2488=ORIENTED_EDGE('',*,*,#6156,.T.);
#2489=ORIENTED_EDGE('',*,*,#6157,.T.);
#2490=ORIENTED_EDGE('',*,*,#6135,.T.);
#2491=ORIENTED_EDGE('',*,*,#6158,.F.);
#2492=CARTESIAN_POINT('',(0.0,5.63,0.0));
#2493=DIRECTION('',(-0.0,1.0,0.0));
#2494=DIRECTION('',(1.0,0.0,0.0));
#2495=ORIENTED_EDGE('',*,*,#6159,.F.);
#2496=ORIENTED_EDGE('',*,*,#6160,.F.);
#2497=ORIENTED_EDGE('',*,*,#6161,.F.);
#2498=ORIENTED_EDGE('',*,*,#6162,.T.);
#2499=ORIENTED_EDGE('',*,*,#6163,.F.);
#2500=ORIENTED_EDGE('',*,*,#6164,.F.);
#2501=ORIENTED_EDGE('',*,*,#6165,.T.);
#2502=ORIENTED_EDGE('',*,*,#6166,.T.);
#2503=ORIENTED_EDGE('',*,*,#6167,.T.);
#2504=CARTESIAN_POINT('',(-7.5,6.6,4.03));
#2505=DIRECTION('',(3.39907768361723E-33,-1.0,-5.55111512312578E-17));
#2506=DIRECTION('',(0.0,5.55111512312578E-17,-1.0));
#2507=ORIENTED_EDGE('',*,*,#6168,.F.);
#2508=ORIENTED_EDGE('',*,*,#6169,.T.);
#2509=ORIENTED_EDGE('',*,*,#6170,.T.);
#2510=ORIENTED_EDGE('',*,*,#6171,.T.);
#2511=ORIENTED_EDGE('',*,*,#6172,.F.);
#2512=ORIENTED_EDGE('',*,*,#6173,.T.);
#2513=ORIENTED_EDGE('',*,*,#6174,.T.);
#2514=ORIENTED_EDGE('',*,*,#6175,.T.);
#2515=ORIENTED_EDGE('',*,*,#6176,.F.);
#2516=ORIENTED_EDGE('',*,*,#6177,.T.);
#2517=ORIENTED_EDGE('',*,*,#6178,.T.);
#2518=ORIENTED_EDGE('',*,*,#6179,.T.);
#2519=ORIENTED_EDGE('',*,*,#6180,.T.);
#2520=ORIENTED_EDGE('',*,*,#6181,.T.);
#2521=ORIENTED_EDGE('',*,*,#6182,.T.);
#2522=ORIENTED_EDGE('',*,*,#6183,.T.);
#2523=ORIENTED_EDGE('',*,*,#6184,.T.);
#2524=ORIENTED_EDGE('',*,*,#6185,.F.);
#2525=ORIENTED_EDGE('',*,*,#6186,.T.);
#2526=ORIENTED_EDGE('',*,*,#6187,.F.);
#2527=ORIENTED_EDGE('',*,*,#6188,.T.);
#2528=ORIENTED_EDGE('',*,*,#6189,.F.);
#2529=ORIENTED_EDGE('',*,*,#6190,.T.);
#2530=ORIENTED_EDGE('',*,*,#6191,.F.);
#2531=ORIENTED_EDGE('',*,*,#6192,.T.);
#2532=ORIENTED_EDGE('',*,*,#6193,.F.);
#2533=ORIENTED_EDGE('',*,*,#6194,.T.);
#2534=ORIENTED_EDGE('',*,*,#6195,.F.);
#2535=ORIENTED_EDGE('',*,*,#6196,.T.);
#2536=ORIENTED_EDGE('',*,*,#6197,.F.);
#2537=ORIENTED_EDGE('',*,*,#6198,.T.);
#2538=ORIENTED_EDGE('',*,*,#6199,.F.);
#2539=ORIENTED_EDGE('',*,*,#6200,.T.);
#2540=ORIENTED_EDGE('',*,*,#6201,.F.);
#2541=ORIENTED_EDGE('',*,*,#6202,.T.);
#2542=ORIENTED_EDGE('',*,*,#6203,.F.);
#2543=ORIENTED_EDGE('',*,*,#6204,.T.);
#2544=ORIENTED_EDGE('',*,*,#6205,.F.);
#2545=ORIENTED_EDGE('',*,*,#6206,.T.);
#2546=ORIENTED_EDGE('',*,*,#6207,.F.);
#2547=ORIENTED_EDGE('',*,*,#6208,.T.);
#2548=ORIENTED_EDGE('',*,*,#6209,.T.);
#2549=ORIENTED_EDGE('',*,*,#6210,.T.);
#2550=ORIENTED_EDGE('',*,*,#6211,.T.);
#2551=ORIENTED_EDGE('',*,*,#6212,.T.);
#2552=ORIENTED_EDGE('',*,*,#6213,.T.);
#2553=ORIENTED_EDGE('',*,*,#6214,.T.);
#2554=ORIENTED_EDGE('',*,*,#6215,.F.);
#2555=ORIENTED_EDGE('',*,*,#6216,.T.);
#2556=ORIENTED_EDGE('',*,*,#6217,.T.);
#2557=ORIENTED_EDGE('',*,*,#6218,.T.);
#2558=ORIENTED_EDGE('',*,*,#6219,.F.);
#2559=ORIENTED_EDGE('',*,*,#6220,.T.);
#2560=ORIENTED_EDGE('',*,*,#6221,.T.);
#2561=ORIENTED_EDGE('',*,*,#6222,.T.);
#2562=ORIENTED_EDGE('',*,*,#6223,.F.);
#2563=ORIENTED_EDGE('',*,*,#6224,.T.);
#2564=ORIENTED_EDGE('',*,*,#6225,.T.);
#2565=ORIENTED_EDGE('',*,*,#6226,.T.);
#2566=CARTESIAN_POINT('',(-13.825,9.24,8.96));
#2567=DIRECTION('',(0.0,-1.0,0.0));
#2568=DIRECTION('',(0.0,0.0,-1.0));
#2569=ORIENTED_EDGE('',*,*,#6227,.F.);
#2570=ORIENTED_EDGE('',*,*,#6228,.T.);
#2571=ORIENTED_EDGE('',*,*,#6229,.F.);
#2572=ORIENTED_EDGE('',*,*,#6230,.F.);
#2573=ORIENTED_EDGE('',*,*,#6231,.F.);
#2574=ORIENTED_EDGE('',*,*,#6232,.T.);
#2575=ORIENTED_EDGE('',*,*,#6233,.T.);
#2576=ORIENTED_EDGE('',*,*,#6234,.T.);
#2577=ORIENTED_EDGE('',*,*,#6235,.F.);
#2578=CARTESIAN_POINT('',(-7.5,6.6,7.03));
#2579=DIRECTION('',(0.0,-1.0,0.0));
#2580=DIRECTION('',(0.0,0.0,-1.0));
#2581=ORIENTED_EDGE('',*,*,#6236,.F.);
#2582=ORIENTED_EDGE('',*,*,#6237,.F.);
#2583=ORIENTED_EDGE('',*,*,#6238,.F.);
#2584=ORIENTED_EDGE('',*,*,#6239,.T.);
#2585=ORIENTED_EDGE('',*,*,#6240,.F.);
#2586=ORIENTED_EDGE('',*,*,#6241,.F.);
#2587=ORIENTED_EDGE('',*,*,#6242,.T.);
#2588=ORIENTED_EDGE('',*,*,#6243,.T.);
#2589=ORIENTED_EDGE('',*,*,#6244,.T.);
#2590=CARTESIAN_POINT('',(-4.5,6.6,4.03));
#2591=DIRECTION('',(3.39907768361723E-33,-1.0,-5.55111512312578E-17));
#2592=DIRECTION('',(0.0,5.55111512312578E-17,-1.0));
#2593=ORIENTED_EDGE('',*,*,#6245,.F.);
#2594=ORIENTED_EDGE('',*,*,#6246,.T.);
#2595=ORIENTED_EDGE('',*,*,#6247,.F.);
#2596=ORIENTED_EDGE('',*,*,#6248,.F.);
#2597=ORIENTED_EDGE('',*,*,#6249,.F.);
#2598=ORIENTED_EDGE('',*,*,#6250,.T.);
#2599=ORIENTED_EDGE('',*,*,#6251,.T.);
#2600=ORIENTED_EDGE('',*,*,#6252,.T.);
#2601=ORIENTED_EDGE('',*,*,#6253,.F.);
#2602=CARTESIAN_POINT('',(-4.5,6.6,7.03));
#2603=DIRECTION('',(0.0,-1.0,0.0));
#2604=DIRECTION('',(0.0,0.0,-1.0));
#2605=ORIENTED_EDGE('',*,*,#6254,.F.);
#2606=ORIENTED_EDGE('',*,*,#6255,.F.);
#2607=ORIENTED_EDGE('',*,*,#6256,.F.);
#2608=ORIENTED_EDGE('',*,*,#6257,.T.);
#2609=ORIENTED_EDGE('',*,*,#6258,.F.);
#2610=ORIENTED_EDGE('',*,*,#6259,.F.);
#2611=ORIENTED_EDGE('',*,*,#6260,.T.);
#2612=ORIENTED_EDGE('',*,*,#6261,.T.);
#2613=ORIENTED_EDGE('',*,*,#6262,.T.);
#2614=CARTESIAN_POINT('',(-1.5,6.6,4.03));
#2615=DIRECTION('',(0.0,-1.0,0.0));
#2616=DIRECTION('',(0.0,0.0,-1.0));
#2617=ORIENTED_EDGE('',*,*,#6263,.F.);
#2618=ORIENTED_EDGE('',*,*,#6264,.T.);
#2619=ORIENTED_EDGE('',*,*,#6265,.F.);
#2620=ORIENTED_EDGE('',*,*,#6266,.F.);
#2621=ORIENTED_EDGE('',*,*,#6267,.F.);
#2622=ORIENTED_EDGE('',*,*,#6268,.T.);
#2623=ORIENTED_EDGE('',*,*,#6269,.T.);
#2624=ORIENTED_EDGE('',*,*,#6270,.T.);
#2625=ORIENTED_EDGE('',*,*,#6271,.F.);
#2626=CARTESIAN_POINT('',(-1.5,6.6,7.03));
#2627=DIRECTION('',(0.0,-1.0,0.0));
#2628=DIRECTION('',(0.0,0.0,-1.0));
#2629=ORIENTED_EDGE('',*,*,#6272,.F.);
#2630=ORIENTED_EDGE('',*,*,#6273,.F.);
#2631=ORIENTED_EDGE('',*,*,#6274,.F.);
#2632=ORIENTED_EDGE('',*,*,#6275,.T.);
#2633=ORIENTED_EDGE('',*,*,#6276,.F.);
#2634=ORIENTED_EDGE('',*,*,#6277,.F.);
#2635=ORIENTED_EDGE('',*,*,#6278,.T.);
#2636=ORIENTED_EDGE('',*,*,#6279,.T.);
#2637=ORIENTED_EDGE('',*,*,#6280,.T.);
#2638=CARTESIAN_POINT('',(1.5,6.6,4.03));
#2639=DIRECTION('',(3.39907768361723E-33,-1.0,-5.55111512312578E-17));
#2640=DIRECTION('',(0.0,5.55111512312578E-17,-1.0));
#2641=ORIENTED_EDGE('',*,*,#6281,.F.);
#2642=ORIENTED_EDGE('',*,*,#6282,.F.);
#2643=ORIENTED_EDGE('',*,*,#6283,.F.);
#2644=ORIENTED_EDGE('',*,*,#6284,.F.);
#2645=ORIENTED_EDGE('',*,*,#6285,.T.);
#2646=ORIENTED_EDGE('',*,*,#6286,.T.);
#2647=ORIENTED_EDGE('',*,*,#6287,.T.);
#2648=ORIENTED_EDGE('',*,*,#6288,.F.);
#2649=CARTESIAN_POINT('',(1.5,6.6,7.03));
#2650=DIRECTION('',(0.0,-1.0,0.0));
#2651=DIRECTION('',(0.0,0.0,-1.0));
#2652=ORIENTED_EDGE('',*,*,#6289,.T.);
#2653=ORIENTED_EDGE('',*,*,#6290,.F.);
#2654=ORIENTED_EDGE('',*,*,#6291,.F.);
#2655=ORIENTED_EDGE('',*,*,#6292,.F.);
#2656=ORIENTED_EDGE('',*,*,#6293,.F.);
#2657=ORIENTED_EDGE('',*,*,#6294,.F.);
#2658=ORIENTED_EDGE('',*,*,#6295,.T.);
#2659=ORIENTED_EDGE('',*,*,#6296,.T.);
#2660=ORIENTED_EDGE('',*,*,#6297,.T.);
#2661=CARTESIAN_POINT('',(4.5,6.6,4.03));
#2662=DIRECTION('',(3.39907768361723E-33,-1.0,-5.55111512312578E-17));
#2663=DIRECTION('',(0.0,5.55111512312578E-17,-1.0));
#2664=ORIENTED_EDGE('',*,*,#6298,.F.);
#2665=ORIENTED_EDGE('',*,*,#6299,.T.);
#2666=ORIENTED_EDGE('',*,*,#6300,.F.);
#2667=ORIENTED_EDGE('',*,*,#6301,.F.);
#2668=ORIENTED_EDGE('',*,*,#6302,.F.);
#2669=ORIENTED_EDGE('',*,*,#6303,.T.);
#2670=ORIENTED_EDGE('',*,*,#6304,.T.);
#2671=ORIENTED_EDGE('',*,*,#6305,.T.);
#2672=ORIENTED_EDGE('',*,*,#6306,.F.);
#2673=CARTESIAN_POINT('',(4.5,6.6,7.03));
#2674=DIRECTION('',(3.39907768361723E-33,-1.0,-5.55111512312578E-17));
#2675=DIRECTION('',(0.0,5.55111512312578E-17,-1.0));
#2676=ORIENTED_EDGE('',*,*,#6307,.F.);
#2677=ORIENTED_EDGE('',*,*,#6087,.T.);
#2678=ORIENTED_EDGE('',*,*,#6308,.T.);
#2679=ORIENTED_EDGE('',*,*,#6309,.T.);
#2680=ORIENTED_EDGE('',*,*,#6310,.T.);
#2681=ORIENTED_EDGE('',*,*,#6311,.F.);
#2682=CARTESIAN_POINT('',(-5.25,8.68,1.86));
#2683=DIRECTION('',(0.0,0.0,1.0));
#2684=DIRECTION('',(1.0,0.0,0.0));
#2685=ORIENTED_EDGE('',*,*,#6312,.F.);
#2686=ORIENTED_EDGE('',*,*,#6313,.T.);
#2687=ORIENTED_EDGE('',*,*,#6311,.T.);
#2688=ORIENTED_EDGE('',*,*,#6314,.T.);
#2689=ORIENTED_EDGE('',*,*,#6315,.T.);
#2690=ORIENTED_EDGE('',*,*,#6316,.T.);
#2691=ORIENTED_EDGE('',*,*,#6148,.T.);
#2692=ORIENTED_EDGE('',*,*,#6317,.F.);
#2693=CARTESIAN_POINT('',(0.0,5.63,0.0));
#2694=DIRECTION('',(-0.0,1.0,0.0));
#2695=DIRECTION('',(1.0,0.0,0.0));
#2696=ORIENTED_EDGE('',*,*,#6318,.F.);
#2697=ORIENTED_EDGE('',*,*,#6319,.F.);
#2698=ORIENTED_EDGE('',*,*,#6320,.F.);
#2699=ORIENTED_EDGE('',*,*,#6321,.T.);
#2700=ORIENTED_EDGE('',*,*,#6322,.F.);
#2701=ORIENTED_EDGE('',*,*,#6323,.F.);
#2702=ORIENTED_EDGE('',*,*,#6324,.T.);
#2703=ORIENTED_EDGE('',*,*,#6325,.T.);
#2704=ORIENTED_EDGE('',*,*,#6326,.T.);
#2705=CARTESIAN_POINT('',(7.5,6.6,4.03));
#2706=DIRECTION('',(0.0,-1.0,0.0));
#2707=DIRECTION('',(0.0,0.0,-1.0));
#2708=ORIENTED_EDGE('',*,*,#6327,.F.);
#2709=ORIENTED_EDGE('',*,*,#6328,.T.);
#2710=ORIENTED_EDGE('',*,*,#6329,.F.);
#2711=ORIENTED_EDGE('',*,*,#6330,.F.);
#2712=ORIENTED_EDGE('',*,*,#6331,.F.);
#2713=ORIENTED_EDGE('',*,*,#6332,.T.);
#2714=ORIENTED_EDGE('',*,*,#6333,.T.);
#2715=ORIENTED_EDGE('',*,*,#6334,.T.);
#2716=ORIENTED_EDGE('',*,*,#6335,.F.);
#2717=CARTESIAN_POINT('',(7.5,6.6,7.03));
#2718=DIRECTION('',(0.0,-1.0,0.0));
#2719=DIRECTION('',(0.0,0.0,-1.0));
#2720=ORIENTED_EDGE('',*,*,#6079,.T.);
#2721=ORIENTED_EDGE('',*,*,#6336,.T.);
#2722=ORIENTED_EDGE('',*,*,#6131,.F.);
#2723=ORIENTED_EDGE('',*,*,#6337,.T.);
#2724=ORIENTED_EDGE('',*,*,#6338,.T.);
#2725=ORIENTED_EDGE('',*,*,#6339,.F.);
#2726=CARTESIAN_POINT('',(-5.25,8.68,1.86));
#2727=DIRECTION('',(0.0,0.0,1.0));
#2728=DIRECTION('',(1.0,0.0,0.0));
#2729=ORIENTED_EDGE('',*,*,#6340,.F.);
#2730=ORIENTED_EDGE('',*,*,#6341,.F.);
#2731=ORIENTED_EDGE('',*,*,#6342,.T.);
#2732=ORIENTED_EDGE('',*,*,#6343,.F.);
#2733=ORIENTED_EDGE('',*,*,#6344,.T.);
#2734=ORIENTED_EDGE('',*,*,#6345,.F.);
#2735=ORIENTED_EDGE('',*,*,#6346,.F.);
#2736=ORIENTED_EDGE('',*,*,#6347,.F.);
#2737=ORIENTED_EDGE('',*,*,#6348,.T.);
#2738=ORIENTED_EDGE('',*,*,#6349,.T.);
#2739=ORIENTED_EDGE('',*,*,#6350,.T.);
#2740=ORIENTED_EDGE('',*,*,#6351,.T.);
#2741=ORIENTED_EDGE('',*,*,#6352,.T.);
#2742=ORIENTED_EDGE('',*,*,#6353,.F.);
#2743=ORIENTED_EDGE('',*,*,#6354,.T.);
#2744=ORIENTED_EDGE('',*,*,#6355,.F.);
#2745=ORIENTED_EDGE('',*,*,#6356,.F.);
#2746=ORIENTED_EDGE('',*,*,#6357,.F.);
#2747=ORIENTED_EDGE('',*,*,#6358,.F.);
#2748=ORIENTED_EDGE('',*,*,#6359,.F.);
#2749=ORIENTED_EDGE('',*,*,#6360,.F.);
#2750=ORIENTED_EDGE('',*,*,#6361,.F.);
#2751=ORIENTED_EDGE('',*,*,#6362,.F.);
#2752=ORIENTED_EDGE('',*,*,#6363,.F.);
#2753=ORIENTED_EDGE('',*,*,#6364,.F.);
#2754=ORIENTED_EDGE('',*,*,#6365,.F.);
#2755=ORIENTED_EDGE('',*,*,#6366,.F.);
#2756=ORIENTED_EDGE('',*,*,#6367,.F.);
#2757=ORIENTED_EDGE('',*,*,#6368,.F.);
#2758=ORIENTED_EDGE('',*,*,#6369,.F.);
#2759=ORIENTED_EDGE('',*,*,#6370,.F.);
#2760=ORIENTED_EDGE('',*,*,#6371,.F.);
#2761=ORIENTED_EDGE('',*,*,#6372,.F.);
#2762=ORIENTED_EDGE('',*,*,#6373,.F.);
#2763=ORIENTED_EDGE('',*,*,#6374,.F.);
#2764=ORIENTED_EDGE('',*,*,#6375,.F.);
#2765=ORIENTED_EDGE('',*,*,#6376,.F.);
#2766=ORIENTED_EDGE('',*,*,#6377,.F.);
#2767=ORIENTED_EDGE('',*,*,#6378,.F.);
#2768=ORIENTED_EDGE('',*,*,#6379,.F.);
#2769=ORIENTED_EDGE('',*,*,#6380,.F.);
#2770=ORIENTED_EDGE('',*,*,#6381,.F.);
#2771=ORIENTED_EDGE('',*,*,#6382,.F.);
#2772=ORIENTED_EDGE('',*,*,#6383,.F.);
#2773=ORIENTED_EDGE('',*,*,#6384,.F.);
#2774=ORIENTED_EDGE('',*,*,#6385,.F.);
#2775=ORIENTED_EDGE('',*,*,#6386,.F.);
#2776=ORIENTED_EDGE('',*,*,#6387,.F.);
#2777=ORIENTED_EDGE('',*,*,#6388,.F.);
#2778=ORIENTED_EDGE('',*,*,#6389,.F.);
#2779=ORIENTED_EDGE('',*,*,#6390,.F.);
#2780=ORIENTED_EDGE('',*,*,#6391,.F.);
#2781=ORIENTED_EDGE('',*,*,#6392,.F.);
#2782=ORIENTED_EDGE('',*,*,#6393,.F.);
#2783=ORIENTED_EDGE('',*,*,#6394,.F.);
#2784=ORIENTED_EDGE('',*,*,#6395,.F.);
#2785=ORIENTED_EDGE('',*,*,#6396,.F.);
#2786=ORIENTED_EDGE('',*,*,#6397,.F.);
#2787=ORIENTED_EDGE('',*,*,#6398,.F.);
#2788=ORIENTED_EDGE('',*,*,#6399,.F.);
#2789=ORIENTED_EDGE('',*,*,#6400,.F.);
#2790=ORIENTED_EDGE('',*,*,#6401,.F.);
#2791=ORIENTED_EDGE('',*,*,#6402,.F.);
#2792=ORIENTED_EDGE('',*,*,#6403,.F.);
#2793=ORIENTED_EDGE('',*,*,#6404,.F.);
#2794=ORIENTED_EDGE('',*,*,#6405,.F.);
#2795=ORIENTED_EDGE('',*,*,#6406,.F.);
#2796=ORIENTED_EDGE('',*,*,#6407,.F.);
#2797=ORIENTED_EDGE('',*,*,#6408,.F.);
#2798=ORIENTED_EDGE('',*,*,#6409,.F.);
#2799=ORIENTED_EDGE('',*,*,#6410,.F.);
#2800=ORIENTED_EDGE('',*,*,#6411,.F.);
#2801=ORIENTED_EDGE('',*,*,#6412,.F.);
#2802=ORIENTED_EDGE('',*,*,#6413,.F.);
#2803=ORIENTED_EDGE('',*,*,#6414,.F.);
#2804=CARTESIAN_POINT('',(5.05,0.0,-0.84));
#2805=DIRECTION('',(-0.0,1.0,0.0));
#2806=DIRECTION('',(1.0,0.0,0.0));
#2807=ORIENTED_EDGE('',*,*,#6415,.F.);
#2808=ORIENTED_EDGE('',*,*,#6416,.T.);
#2809=ORIENTED_EDGE('',*,*,#6417,.F.);
#2810=ORIENTED_EDGE('',*,*,#6418,.T.);
#2811=ORIENTED_EDGE('',*,*,#6419,.T.);
#2812=ORIENTED_EDGE('',*,*,#6420,.F.);
#2813=ORIENTED_EDGE('',*,*,#6421,.F.);
#2814=ORIENTED_EDGE('',*,*,#6422,.F.);
#2815=ORIENTED_EDGE('',*,*,#6423,.F.);
#2816=ORIENTED_EDGE('',*,*,#6424,.T.);
#2817=ORIENTED_EDGE('',*,*,#6425,.T.);
#2818=ORIENTED_EDGE('',*,*,#6082,.F.);
#2819=CARTESIAN_POINT('',(-6.05,8.06,1.506));
#2820=DIRECTION('',(-1.0,0.0,-6.12323399573677E-17));
#2821=DIRECTION('',(-6.12323399573677E-17,0.0,1.0));
#2822=ORIENTED_EDGE('',*,*,#6426,.T.);
#2823=ORIENTED_EDGE('',*,*,#6427,.F.);
#2824=ORIENTED_EDGE('',*,*,#6428,.T.);
#2825=ORIENTED_EDGE('',*,*,#6429,.F.);
#2826=ORIENTED_EDGE('',*,*,#6080,.T.);
#2827=ORIENTED_EDGE('',*,*,#6339,.T.);
#2828=CARTESIAN_POINT('',(-5.25,5.85,20.32025));
#2829=DIRECTION('',(1.0,0.0,0.0));
#2830=DIRECTION('',(0.0,1.0,0.0));
#2831=ORIENTED_EDGE('',*,*,#6430,.F.);
#2832=ORIENTED_EDGE('',*,*,#6428,.F.);
#2833=ORIENTED_EDGE('',*,*,#6431,.T.);
#2834=ORIENTED_EDGE('',*,*,#6432,.F.);
#2835=ORIENTED_EDGE('',*,*,#6416,.F.);
#2836=CARTESIAN_POINT('',(-5.25,2.85,20.32025));
#2837=DIRECTION('',(-2.16840434497101E-15,-1.0,0.0));
#2838=DIRECTION('',(-1.0,2.16840434497101E-15,0.0));
#2839=ORIENTED_EDGE('',*,*,#6433,.F.);
#2840=ORIENTED_EDGE('',*,*,#6434,.T.);
#2841=ORIENTED_EDGE('',*,*,#6084,.T.);
#2842=ORIENTED_EDGE('',*,*,#6435,.F.);
#2843=ORIENTED_EDGE('',*,*,#6436,.F.);
#2844=ORIENTED_EDGE('',*,*,#6437,.T.);
#2845=ORIENTED_EDGE('',*,*,#6438,.F.);
#2846=ORIENTED_EDGE('',*,*,#6439,.F.);
#2847=ORIENTED_EDGE('',*,*,#6440,.T.);
#2848=ORIENTED_EDGE('',*,*,#6441,.T.);
#2849=ORIENTED_EDGE('',*,*,#6442,.T.);
#2850=ORIENTED_EDGE('',*,*,#6443,.T.);
#2851=CARTESIAN_POINT('',(6.05,8.06,1.506));
#2852=DIRECTION('',(-1.0,0.0,-6.12323399573677E-17));
#2853=DIRECTION('',(-6.12323399573677E-17,0.0,1.0));
#2854=ORIENTED_EDGE('',*,*,#6444,.F.);
#2855=ORIENTED_EDGE('',*,*,#6445,.F.);
#2856=ORIENTED_EDGE('',*,*,#6446,.F.);
#2857=ORIENTED_EDGE('',*,*,#6447,.T.);
#2858=ORIENTED_EDGE('',*,*,#6448,.F.);
#2859=ORIENTED_EDGE('',*,*,#6449,.F.);
#2860=ORIENTED_EDGE('',*,*,#6450,.F.);
#2861=ORIENTED_EDGE('',*,*,#6451,.T.);
#2862=ORIENTED_EDGE('',*,*,#6452,.F.);
#2863=ORIENTED_EDGE('',*,*,#6453,.F.);
#2864=ORIENTED_EDGE('',*,*,#6454,.F.);
#2865=ORIENTED_EDGE('',*,*,#6455,.T.);
#2866=ORIENTED_EDGE('',*,*,#6456,.F.);
#2867=ORIENTED_EDGE('',*,*,#6457,.F.);
#2868=ORIENTED_EDGE('',*,*,#6458,.F.);
#2869=ORIENTED_EDGE('',*,*,#6459,.T.);
#2870=ORIENTED_EDGE('',*,*,#6460,.F.);
#2871=ORIENTED_EDGE('',*,*,#6461,.F.);
#2872=ORIENTED_EDGE('',*,*,#6462,.F.);
#2873=ORIENTED_EDGE('',*,*,#6463,.T.);
#2874=ORIENTED_EDGE('',*,*,#6464,.F.);
#2875=ORIENTED_EDGE('',*,*,#6465,.F.);
#2876=ORIENTED_EDGE('',*,*,#6466,.F.);
#2877=ORIENTED_EDGE('',*,*,#6467,.T.);
#2878=ORIENTED_EDGE('',*,*,#6435,.T.);
#2879=ORIENTED_EDGE('',*,*,#6083,.F.);
#2880=ORIENTED_EDGE('',*,*,#6425,.F.);
#2881=ORIENTED_EDGE('',*,*,#6468,.F.);
#2882=ORIENTED_EDGE('',*,*,#6469,.T.);
#2883=ORIENTED_EDGE('',*,*,#6470,.F.);
#2884=ORIENTED_EDGE('',*,*,#6471,.T.);
#2885=ORIENTED_EDGE('',*,*,#6472,.F.);
#2886=CARTESIAN_POINT('',(-10.1015,-30.284,2.49999999999999));
#2887=DIRECTION('',(0.0,0.0,1.0));
#2888=DIRECTION('',(1.0,0.0,0.0));
#2889=ORIENTED_EDGE('',*,*,#6473,.T.);
#2890=ORIENTED_EDGE('',*,*,#6474,.F.);
#2891=ORIENTED_EDGE('',*,*,#6308,.F.);
#2892=ORIENTED_EDGE('',*,*,#6086,.F.);
#2893=ORIENTED_EDGE('',*,*,#6475,.T.);
#2894=ORIENTED_EDGE('',*,*,#6476,.F.);
#2895=CARTESIAN_POINT('',(5.25,2.85,20.32025));
#2896=DIRECTION('',(-1.0,0.0,0.0));
#2897=DIRECTION('',(0.0,0.0,1.0));
#2898=ORIENTED_EDGE('',*,*,#6477,.T.);
#2899=ORIENTED_EDGE('',*,*,#6439,.T.);
#2900=ORIENTED_EDGE('',*,*,#6478,.F.);
#2901=ORIENTED_EDGE('',*,*,#6479,.F.);
#2902=ORIENTED_EDGE('',*,*,#6480,.F.);
#2903=CARTESIAN_POINT('',(6.5039,5.60000000000001,-0.569999999999999));
#2904=DIRECTION('',(-1.67695555622108E-15,0.866025403784439,-0.5));
#2905=DIRECTION('',(-1.0,0.0,3.35391111244216E-15));
#2906=ORIENTED_EDGE('',*,*,#6441,.F.);
#2907=ORIENTED_EDGE('',*,*,#6481,.F.);
#2908=ORIENTED_EDGE('',*,*,#6482,.T.);
#2909=ORIENTED_EDGE('',*,*,#6483,.T.);
#2910=ORIENTED_EDGE('',*,*,#6484,.F.);
#2911=CARTESIAN_POINT('',(6.5039,3.59999999999999,-0.569999999999999));
#2912=DIRECTION('',(3.06161699786838E-17,-0.866025403784439,-0.5));
#2913=DIRECTION('',(0.0,0.5,-0.866025403784439));
#2914=ORIENTED_EDGE('',*,*,#6485,.T.);
#2915=ORIENTED_EDGE('',*,*,#6480,.T.);
#2916=ORIENTED_EDGE('',*,*,#6479,.T.);
#2917=ORIENTED_EDGE('',*,*,#6486,.F.);
#2918=ORIENTED_EDGE('',*,*,#6483,.F.);
#2919=ORIENTED_EDGE('',*,*,#6482,.F.);
#2920=CARTESIAN_POINT('',(5.75,4.6,-0.569999999999999));
#2921=DIRECTION('',(-6.12323399573677E-17,-6.13062458044994E-17,1.0));
#2922=DIRECTION('',(0.0,1.0,6.13062458044994E-17));
#2923=ORIENTED_EDGE('',*,*,#6487,.T.);
#2924=ORIENTED_EDGE('',*,*,#6419,.F.);
#2925=ORIENTED_EDGE('',*,*,#6488,.F.);
#2926=ORIENTED_EDGE('',*,*,#6489,.T.);
#2927=ORIENTED_EDGE('',*,*,#6490,.T.);
#2928=CARTESIAN_POINT('',(-6.5039,3.59999999999999,-0.569999999999999));
#2929=DIRECTION('',(3.06161699786838E-17,-0.866025403784439,-0.5));
#2930=DIRECTION('',(0.0,0.5,-0.866025403784439));
#2931=ORIENTED_EDGE('',*,*,#6421,.T.);
#2932=ORIENTED_EDGE('',*,*,#6491,.F.);
#2933=ORIENTED_EDGE('',*,*,#6492,.F.);
#2934=ORIENTED_EDGE('',*,*,#6493,.F.);
#2935=ORIENTED_EDGE('',*,*,#6494,.F.);
#2936=CARTESIAN_POINT('',(-6.5039,5.60000000000001,-0.569999999999999));
#2937=DIRECTION('',(1.73818789617844E-15,0.866025403784439,-0.5));
#2938=DIRECTION('',(-1.0,0.0,-3.47637579235688E-15));
#2939=ORIENTED_EDGE('',*,*,#6492,.T.);
#2940=ORIENTED_EDGE('',*,*,#6495,.F.);
#2941=ORIENTED_EDGE('',*,*,#6490,.F.);
#2942=ORIENTED_EDGE('',*,*,#6489,.F.);
#2943=ORIENTED_EDGE('',*,*,#6496,.F.);
#2944=ORIENTED_EDGE('',*,*,#6493,.T.);
#2945=CARTESIAN_POINT('',(-5.75,4.6,-0.569999999999999));
#2946=DIRECTION('',(-6.12323399573677E-17,-6.13062458044994E-17,1.0));
#2947=DIRECTION('',(0.0,1.0,6.13062458044994E-17));
#2948=ORIENTED_EDGE('',*,*,#6470,.T.);
#2949=ORIENTED_EDGE('',*,*,#6497,.T.);
#2950=ORIENTED_EDGE('',*,*,#6498,.F.);
#2951=ORIENTED_EDGE('',*,*,#6499,.T.);
#2952=CARTESIAN_POINT('',(-9.425,9.91,2.1));
#2953=DIRECTION('',(0.0,-1.0,0.0));
#2954=DIRECTION('',(0.0,0.0,-1.0));
#2955=ORIENTED_EDGE('',*,*,#6345,.T.);
#2956=ORIENTED_EDGE('',*,*,#6500,.T.);
#2957=ORIENTED_EDGE('',*,*,#6501,.F.);
#2958=ORIENTED_EDGE('',*,*,#6502,.F.);
#2959=CARTESIAN_POINT('',(-9.425,9.91,2.1));
#2960=DIRECTION('',(0.0,0.0,-1.0));
#2961=DIRECTION('',(0.0,-1.0,0.0));
#2962=ORIENTED_EDGE('',*,*,#6503,.F.);
#2963=ORIENTED_EDGE('',*,*,#6504,.T.);
#2964=ORIENTED_EDGE('',*,*,#6353,.T.);
#2965=ORIENTED_EDGE('',*,*,#6505,.T.);
#2966=CARTESIAN_POINT('',(-9.425,9.91,2.1));
#2967=DIRECTION('',(0.0,0.0,-1.0));
#2968=DIRECTION('',(0.0,-1.0,0.0));
#2969=ORIENTED_EDGE('',*,*,#6506,.F.);
#2970=ORIENTED_EDGE('',*,*,#6432,.T.);
#2971=ORIENTED_EDGE('',*,*,#6507,.F.);
#2972=ORIENTED_EDGE('',*,*,#6348,.F.);
#2973=CARTESIAN_POINT('',(-6.05,0.0,-0.84));
#2974=DIRECTION('',(-1.0,0.0,0.0));
#2975=DIRECTION('',(0.0,0.0,1.0));
#2976=ORIENTED_EDGE('',*,*,#6508,.F.);
#2977=ORIENTED_EDGE('',*,*,#6509,.T.);
#2978=ORIENTED_EDGE('',*,*,#6510,.T.);
#2979=ORIENTED_EDGE('',*,*,#6511,.F.);
#2980=ORIENTED_EDGE('',*,*,#6512,.F.);
#2981=ORIENTED_EDGE('',*,*,#6513,.T.);
#2982=ORIENTED_EDGE('',*,*,#6514,.T.);
#2983=ORIENTED_EDGE('',*,*,#6515,.F.);
#2984=CARTESIAN_POINT('',(-9.425,9.91,2.1));
#2985=DIRECTION('',(0.0,-1.0,0.0));
#2986=DIRECTION('',(0.0,0.0,-1.0));
#2987=ORIENTED_EDGE('',*,*,#6516,.T.);
#2988=ORIENTED_EDGE('',*,*,#6180,.F.);
#2989=ORIENTED_EDGE('',*,*,#6517,.F.);
#2990=ORIENTED_EDGE('',*,*,#6508,.T.);
#2991=CARTESIAN_POINT('',(6.425,9.173,8.31));
#2992=DIRECTION('',(1.49289369194769E-16,0.0,-1.0));
#2993=DIRECTION('',(0.0,-1.0,0.0));
#2994=ORIENTED_EDGE('',*,*,#6518,.F.);
#2995=ORIENTED_EDGE('',*,*,#6519,.F.);
#2996=ORIENTED_EDGE('',*,*,#6520,.F.);
#2997=ORIENTED_EDGE('',*,*,#6521,.F.);
#2998=ORIENTED_EDGE('',*,*,#6522,.F.);
#2999=ORIENTED_EDGE('',*,*,#6523,.F.);
#3000=ORIENTED_EDGE('',*,*,#6524,.F.);
#3001=ORIENTED_EDGE('',*,*,#6512,.T.);
#3002=CARTESIAN_POINT('',(-9.425,0.0,8.76));
#3003=DIRECTION('',(0.0,0.0,1.0));
#3004=DIRECTION('',(1.0,0.0,0.0));
#3005=ORIENTED_EDGE('',*,*,#6525,.T.);
#3006=ORIENTED_EDGE('',*,*,#6513,.F.);
#3007=ORIENTED_EDGE('',*,*,#6524,.T.);
#3008=ORIENTED_EDGE('',*,*,#6526,.F.);
#3009=CARTESIAN_POINT('',(8.25,8.31,8.76));
#3010=DIRECTION('',(1.0,0.0,0.0));
#3011=DIRECTION('',(0.0,1.0,0.0));
#3012=ORIENTED_EDGE('',*,*,#6527,.T.);
#3013=ORIENTED_EDGE('',*,*,#6526,.T.);
#3014=ORIENTED_EDGE('',*,*,#6523,.T.);
#3015=ORIENTED_EDGE('',*,*,#6528,.F.);
#3016=CARTESIAN_POINT('',(1.0,8.31,8.76));
#3017=DIRECTION('',(0.0,-1.0,0.0));
#3018=DIRECTION('',(0.0,0.0,-1.0));
#3019=ORIENTED_EDGE('',*,*,#6529,.T.);
#3020=ORIENTED_EDGE('',*,*,#6528,.T.);
#3021=ORIENTED_EDGE('',*,*,#6522,.T.);
#3022=ORIENTED_EDGE('',*,*,#6530,.F.);
#3023=CARTESIAN_POINT('',(1.0,3.62582240450725,8.76));
#3024=DIRECTION('',(1.0,0.0,0.0));
#3025=DIRECTION('',(0.0,1.0,0.0));
#3026=ORIENTED_EDGE('',*,*,#6531,.T.);
#3027=ORIENTED_EDGE('',*,*,#6530,.T.);
#3028=ORIENTED_EDGE('',*,*,#6521,.T.);
#3029=ORIENTED_EDGE('',*,*,#6532,.F.);
#3030=CARTESIAN_POINT('',(-0.999999999999999,3.62582240450725,8.76));
#3031=DIRECTION('',(4.33680868994202E-16,-1.0,0.0));
#3032=DIRECTION('',(0.0,0.0,-1.0));
#3033=ORIENTED_EDGE('',*,*,#6533,.T.);
#3034=ORIENTED_EDGE('',*,*,#6532,.T.);
#3035=ORIENTED_EDGE('',*,*,#6520,.T.);
#3036=ORIENTED_EDGE('',*,*,#6534,.F.);
#3037=CARTESIAN_POINT('',(-0.999999999999999,8.31,8.76));
#3038=DIRECTION('',(-1.0,0.0,0.0));
#3039=DIRECTION('',(0.0,0.0,1.0));
#3040=ORIENTED_EDGE('',*,*,#6535,.T.);
#3041=ORIENTED_EDGE('',*,*,#6534,.T.);
#3042=ORIENTED_EDGE('',*,*,#6519,.T.);
#3043=ORIENTED_EDGE('',*,*,#6536,.F.);
#3044=CARTESIAN_POINT('',(-8.25,8.31,8.76));
#3045=DIRECTION('',(0.0,-1.0,0.0));
#3046=DIRECTION('',(0.0,0.0,-1.0));
#3047=ORIENTED_EDGE('',*,*,#6537,.T.);
#3048=ORIENTED_EDGE('',*,*,#6536,.T.);
#3049=ORIENTED_EDGE('',*,*,#6518,.T.);
#3050=ORIENTED_EDGE('',*,*,#6511,.T.);
#3051=CARTESIAN_POINT('',(-8.25,9.91,8.76));
#3052=DIRECTION('',(-1.0,0.0,0.0));
#3053=DIRECTION('',(0.0,0.0,1.0));
#3054=ORIENTED_EDGE('',*,*,#6472,.T.);
#3055=ORIENTED_EDGE('',*,*,#6538,.F.);
#3056=ORIENTED_EDGE('',*,*,#6503,.T.);
#3057=ORIENTED_EDGE('',*,*,#6539,.F.);
#3058=ORIENTED_EDGE('',*,*,#6540,.T.);
#3059=ORIENTED_EDGE('',*,*,#6436,.T.);
#3060=CARTESIAN_POINT('',(-0.95,7.4,8.96));
#3061=DIRECTION('',(0.0,-1.0,0.0));
#3062=DIRECTION('',(0.0,0.0,-1.0));
#3063=ORIENTED_EDGE('',*,*,#6352,.F.);
#3064=ORIENTED_EDGE('',*,*,#6541,.T.);
#3065=ORIENTED_EDGE('',*,*,#6542,.T.);
#3066=ORIENTED_EDGE('',*,*,#6539,.T.);
#3067=ORIENTED_EDGE('',*,*,#6505,.F.);
#3068=CARTESIAN_POINT('',(6.85,1.6,1.506));
#3069=DIRECTION('',(1.0,0.0,6.12323399573677E-17));
#3070=DIRECTION('',(-6.12323399573677E-17,0.0,1.0));
#3071=ORIENTED_EDGE('',*,*,#6542,.F.);
#3072=ORIENTED_EDGE('',*,*,#6543,.T.);
#3073=ORIENTED_EDGE('',*,*,#6544,.T.);
#3074=ORIENTED_EDGE('',*,*,#6437,.F.);
#3075=ORIENTED_EDGE('',*,*,#6540,.F.);
#3076=CARTESIAN_POINT('',(-0.95,9.91,1.51));
#3077=DIRECTION('',(6.12323399573677E-17,0.0,-1.0));
#3078=DIRECTION('',(0.0,-1.0,0.0));
#3079=ORIENTED_EDGE('',*,*,#6443,.F.);
#3080=ORIENTED_EDGE('',*,*,#6545,.T.);
#3081=ORIENTED_EDGE('',*,*,#6546,.T.);
#3082=ORIENTED_EDGE('',*,*,#6541,.F.);
#3083=ORIENTED_EDGE('',*,*,#6351,.F.);
#3084=ORIENTED_EDGE('',*,*,#6547,.F.);
#3085=CARTESIAN_POINT('',(-0.95,9.91,1.51));
#3086=DIRECTION('',(6.12323399573677E-17,0.0,-1.0));
#3087=DIRECTION('',(0.0,-1.0,0.0));
#3088=ORIENTED_EDGE('',*,*,#6548,.F.);
#3089=ORIENTED_EDGE('',*,*,#6549,.T.);
#3090=ORIENTED_EDGE('',*,*,#6550,.T.);
#3091=ORIENTED_EDGE('',*,*,#6543,.F.);
#3092=ORIENTED_EDGE('',*,*,#6546,.F.);
#3093=CARTESIAN_POINT('',(5.75,4.6,-0.414999999999999));
#3094=DIRECTION('',(6.12323399573677E-17,0.0,-1.0));
#3095=DIRECTION('',(0.0,1.0,0.0));
#3096=ORIENTED_EDGE('',*,*,#6550,.F.);
#3097=ORIENTED_EDGE('',*,*,#6551,.T.);
#3098=ORIENTED_EDGE('',*,*,#6552,.T.);
#3099=ORIENTED_EDGE('',*,*,#6478,.T.);
#3100=ORIENTED_EDGE('',*,*,#6438,.T.);
#3101=ORIENTED_EDGE('',*,*,#6544,.F.);
#3102=CARTESIAN_POINT('',(6.2082575694956,5.60000000000001,-0.414999999999999));
#3103=DIRECTION('',(-2.42105627861449E-15,1.0,-1.48246941108042E-31));
#3104=DIRECTION('',(1.0,2.42105627861449E-15,0.0));
#3105=ORIENTED_EDGE('',*,*,#6442,.F.);
#3106=ORIENTED_EDGE('',*,*,#6484,.T.);
#3107=ORIENTED_EDGE('',*,*,#6553,.F.);
#3108=ORIENTED_EDGE('',*,*,#6554,.T.);
#3109=ORIENTED_EDGE('',*,*,#6548,.T.);
#3110=ORIENTED_EDGE('',*,*,#6545,.F.);
#3111=CARTESIAN_POINT('',(5.85,3.59999999999999,-0.414999999999999));
#3112=DIRECTION('',(-2.42105627861449E-15,-1.0,-1.48246941108042E-31));
#3113=DIRECTION('',(-1.0,2.42105627861449E-15,0.0));
#3114=ORIENTED_EDGE('',*,*,#6549,.F.);
#3115=ORIENTED_EDGE('',*,*,#6554,.F.);
#3116=ORIENTED_EDGE('',*,*,#6555,.F.);
#3117=ORIENTED_EDGE('',*,*,#6551,.F.);
#3118=CARTESIAN_POINT('',(5.85,4.6,-0.219999999999999));
#3119=DIRECTION('',(6.12323399573677E-17,0.0,-1.0));
#3120=DIRECTION('',(0.0,-1.0,0.0));
#3121=ORIENTED_EDGE('',*,*,#6552,.F.);
#3122=ORIENTED_EDGE('',*,*,#6555,.T.);
#3123=ORIENTED_EDGE('',*,*,#6553,.T.);
#3124=ORIENTED_EDGE('',*,*,#6486,.T.);
#3125=CARTESIAN_POINT('',(5.75,4.6,-0.184999999999999));
#3126=DIRECTION('',(-6.12323399573677E-17,0.0,1.0));
#3127=DIRECTION('',(0.0,-1.0,0.0));
#3128=ORIENTED_EDGE('',*,*,#6423,.T.);
#3129=ORIENTED_EDGE('',*,*,#6556,.T.);
#3130=ORIENTED_EDGE('',*,*,#6557,.T.);
#3131=ORIENTED_EDGE('',*,*,#6558,.T.);
#3132=ORIENTED_EDGE('',*,*,#6559,.T.);
#3133=CARTESIAN_POINT('',(-11.7,9.91,1.51));
#3134=DIRECTION('',(6.12323399573677E-17,0.0,-1.0));
#3135=DIRECTION('',(0.0,-1.0,0.0));
#3136=ORIENTED_EDGE('',*,*,#6560,.F.);
#3137=ORIENTED_EDGE('',*,*,#6346,.T.);
#3138=ORIENTED_EDGE('',*,*,#6502,.T.);
#3139=ORIENTED_EDGE('',*,*,#6561,.F.);
#3140=ORIENTED_EDGE('',*,*,#6558,.F.);
#3141=CARTESIAN_POINT('',(-6.85,1.6,1.506));
#3142=DIRECTION('',(1.0,0.0,6.12323399573677E-17));
#3143=DIRECTION('',(-6.12323399573677E-17,0.0,1.0));
#3144=ORIENTED_EDGE('',*,*,#6562,.T.);
#3145=ORIENTED_EDGE('',*,*,#6563,.T.);
#3146=ORIENTED_EDGE('',*,*,#6417,.T.);
#3147=ORIENTED_EDGE('',*,*,#6506,.T.);
#3148=ORIENTED_EDGE('',*,*,#6347,.T.);
#3149=ORIENTED_EDGE('',*,*,#6560,.T.);
#3150=CARTESIAN_POINT('',(-11.7,9.91,1.51));
#3151=DIRECTION('',(6.12323399573677E-17,0.0,-1.0));
#3152=DIRECTION('',(0.0,-1.0,0.0));
#3153=ORIENTED_EDGE('',*,*,#6418,.F.);
#3154=ORIENTED_EDGE('',*,*,#6563,.F.);
#3155=ORIENTED_EDGE('',*,*,#6564,.T.);
#3156=ORIENTED_EDGE('',*,*,#6565,.T.);
#3157=ORIENTED_EDGE('',*,*,#6566,.F.);
#3158=ORIENTED_EDGE('',*,*,#6488,.T.);
#3159=CARTESIAN_POINT('',(-5.85,3.59999999999999,-0.414999999999999));
#3160=DIRECTION('',(2.42105627861449E-15,-1.0,1.48246941108042E-31));
#3161=DIRECTION('',(0.0,-1.48246941108042E-31,-1.0));
#3162=ORIENTED_EDGE('',*,*,#6567,.F.);
#3163=ORIENTED_EDGE('',*,*,#6556,.F.);
#3164=ORIENTED_EDGE('',*,*,#6422,.T.);
#3165=ORIENTED_EDGE('',*,*,#6494,.T.);
#3166=ORIENTED_EDGE('',*,*,#6568,.T.);
#3167=ORIENTED_EDGE('',*,*,#6569,.T.);
#3168=CARTESIAN_POINT('',(-6.20825756949556,5.60000000000001,-0.414999999999999));
#3169=DIRECTION('',(2.42105627861449E-15,1.0,1.48246941108042E-31));
#3170=DIRECTION('',(1.0,-2.42105627861449E-15,0.0));
#3171=ORIENTED_EDGE('',*,*,#6564,.F.);
#3172=ORIENTED_EDGE('',*,*,#6562,.F.);
#3173=ORIENTED_EDGE('',*,*,#6557,.F.);
#3174=ORIENTED_EDGE('',*,*,#6567,.T.);
#3175=ORIENTED_EDGE('',*,*,#6570,.T.);
#3176=CARTESIAN_POINT('',(-5.75,4.6,-0.414999999999999));
#3177=DIRECTION('',(6.12323399573677E-17,0.0,-1.0));
#3178=DIRECTION('',(0.0,1.0,0.0));
#3179=ORIENTED_EDGE('',*,*,#6570,.F.);
#3180=ORIENTED_EDGE('',*,*,#6569,.F.);
#3181=ORIENTED_EDGE('',*,*,#6571,.F.);
#3182=ORIENTED_EDGE('',*,*,#6565,.F.);
#3183=CARTESIAN_POINT('',(-5.85,4.6,-0.219999999999999));
#3184=DIRECTION('',(6.12323399573677E-17,0.0,-1.0));
#3185=DIRECTION('',(0.0,-1.0,0.0));
#3186=ORIENTED_EDGE('',*,*,#6568,.F.);
#3187=ORIENTED_EDGE('',*,*,#6496,.T.);
#3188=ORIENTED_EDGE('',*,*,#6566,.T.);
#3189=ORIENTED_EDGE('',*,*,#6571,.T.);
#3190=CARTESIAN_POINT('',(-5.75,4.6,-0.184999999999999));
#3191=DIRECTION('',(-6.12323399573677E-17,0.0,1.0));
#3192=DIRECTION('',(0.0,-1.0,0.0));
#3193=ORIENTED_EDGE('',*,*,#6501,.T.);
#3194=ORIENTED_EDGE('',*,*,#6572,.T.);
#3195=ORIENTED_EDGE('',*,*,#6468,.T.);
#3196=ORIENTED_EDGE('',*,*,#6424,.F.);
#3197=ORIENTED_EDGE('',*,*,#6559,.F.);
#3198=ORIENTED_EDGE('',*,*,#6561,.T.);
#3199=CARTESIAN_POINT('',(-11.7,7.4,8.96));
#3200=DIRECTION('',(0.0,-1.0,0.0));
#3201=DIRECTION('',(0.0,0.0,-1.0));
#3202=ORIENTED_EDGE('',*,*,#6573,.F.);
#3203=ORIENTED_EDGE('',*,*,#6574,.F.);
#3204=ORIENTED_EDGE('',*,*,#6575,.F.);
#3205=ORIENTED_EDGE('',*,*,#6576,.F.);
#3206=ORIENTED_EDGE('',*,*,#6577,.F.);
#3207=ORIENTED_EDGE('',*,*,#6578,.F.);
#3208=ORIENTED_EDGE('',*,*,#6579,.F.);
#3209=CARTESIAN_POINT('',(8.8812530982042,9.34,7.1242525629151));
#3210=DIRECTION('',(-0.0,1.0,0.0));
#3211=DIRECTION('',(1.0,0.0,0.0));
#3212=ORIENTED_EDGE('',*,*,#6208,.F.);
#3213=ORIENTED_EDGE('',*,*,#6580,.F.);
#3214=ORIENTED_EDGE('',*,*,#6574,.T.);
#3215=ORIENTED_EDGE('',*,*,#6581,.T.);
#3216=CARTESIAN_POINT('',(8.6975445058318,9.34,7.01582206704863));
#3217=DIRECTION('',(-1.0,0.0,0.0));
#3218=DIRECTION('',(0.0,0.0,1.0));
#3219=ORIENTED_EDGE('',*,*,#6214,.F.);
#3220=ORIENTED_EDGE('',*,*,#6582,.F.);
#3221=ORIENTED_EDGE('',*,*,#6575,.T.);
#3222=ORIENTED_EDGE('',*,*,#6580,.T.);
#3223=CARTESIAN_POINT('',(8.848189073051,9.34,7.21218081645181));
#3224=CARTESIAN_POINT('',(8.8287906691222,9.34,7.16552131164313));
#3225=CARTESIAN_POINT('',(8.8053406998158,9.34,7.12483311250938));
#3226=CARTESIAN_POINT('',(8.7502229946202,9.34,7.05497629967863));
#3227=CARTESIAN_POINT('',(8.7234499693063,9.34,7.03040316230134));
#3228=CARTESIAN_POINT('',(8.6975445058318,9.34,7.01582206704863));
#3229=DIRECTION('',(0.0,-1.0,0.0));
#3230=ORIENTED_EDGE('',*,*,#6213,.F.);
#3231=ORIENTED_EDGE('',*,*,#6583,.F.);
#3232=ORIENTED_EDGE('',*,*,#6576,.T.);
#3233=ORIENTED_EDGE('',*,*,#6582,.T.);
#3234=CARTESIAN_POINT('',(8.9193984039288,9.34,7.21218081645181));
#3235=DIRECTION('',(0.0,0.0,1.0));
#3236=DIRECTION('',(1.0,0.0,0.0));
#3237=ORIENTED_EDGE('',*,*,#6212,.F.);
#3238=ORIENTED_EDGE('',*,*,#6584,.F.);
#3239=ORIENTED_EDGE('',*,*,#6577,.T.);
#3240=ORIENTED_EDGE('',*,*,#6583,.T.);
#3241=CARTESIAN_POINT('',(8.38786716209219,9.34,7.38786908200941));
#3242=DIRECTION('',(0.0,1.0,-0.0));
#3243=DIRECTION('',(1.0,0.0,0.0));
#3244=ORIENTED_EDGE('',*,*,#6211,.F.);
#3245=ORIENTED_EDGE('',*,*,#6585,.F.);
#3246=ORIENTED_EDGE('',*,*,#6578,.T.);
#3247=ORIENTED_EDGE('',*,*,#6584,.T.);
#3248=CARTESIAN_POINT('',(9.3,9.34,7.0455397278494));
#3249=DIRECTION('',(-1.84793653045136E-15,0.0,1.0));
#3250=DIRECTION('',(1.0,-0.0,1.84793653045136E-15));
#3251=ORIENTED_EDGE('',*,*,#6210,.F.);
#3252=ORIENTED_EDGE('',*,*,#6586,.F.);
#3253=ORIENTED_EDGE('',*,*,#6579,.T.);
#3254=ORIENTED_EDGE('',*,*,#6585,.T.);
#3255=CARTESIAN_POINT('',(9.3,9.34,6.96221918354819));
#3256=DIRECTION('',(1.0,0.0,0.0));
#3257=DIRECTION('',(0.0,1.0,0.0));
#3258=ORIENTED_EDGE('',*,*,#6209,.F.);
#3259=ORIENTED_EDGE('',*,*,#6581,.F.);
#3260=ORIENTED_EDGE('',*,*,#6573,.T.);
#3261=ORIENTED_EDGE('',*,*,#6586,.T.);
#3262=CARTESIAN_POINT('',(8.6975445058318,9.34,6.96221918354819));
#3263=DIRECTION('',(0.0,0.0,-1.0));
#3264=DIRECTION('',(0.0,-1.0,0.0));
#3265=ORIENTED_EDGE('',*,*,#6587,.F.);
#3266=ORIENTED_EDGE('',*,*,#6588,.T.);
#3267=ORIENTED_EDGE('',*,*,#6589,.F.);
#3268=ORIENTED_EDGE('',*,*,#6590,.T.);
#3269=CARTESIAN_POINT('',(-9.425,9.91,2.1));
#3270=DIRECTION('',(0.0,-1.0,0.0));
#3271=DIRECTION('',(0.0,0.0,-1.0));
#3272=ORIENTED_EDGE('',*,*,#6591,.F.);
#3273=ORIENTED_EDGE('',*,*,#6592,.T.);
#3274=ORIENTED_EDGE('',*,*,#6593,.F.);
#3275=ORIENTED_EDGE('',*,*,#6594,.T.);
#3276=CARTESIAN_POINT('',(-9.425,9.91,2.1));
#3277=DIRECTION('',(0.0,-1.0,0.0));
#3278=DIRECTION('',(0.0,0.0,-1.0));
#3279=ORIENTED_EDGE('',*,*,#6595,.F.);
#3280=ORIENTED_EDGE('',*,*,#6596,.T.);
#3281=ORIENTED_EDGE('',*,*,#6597,.F.);
#3282=ORIENTED_EDGE('',*,*,#6598,.T.);
#3283=CARTESIAN_POINT('',(-9.425,9.91,2.1));
#3284=DIRECTION('',(0.0,-1.0,0.0));
#3285=DIRECTION('',(0.0,0.0,-1.0));
#3286=ORIENTED_EDGE('',*,*,#6599,.F.);
#3287=ORIENTED_EDGE('',*,*,#6600,.T.);
#3288=ORIENTED_EDGE('',*,*,#6601,.F.);
#3289=ORIENTED_EDGE('',*,*,#6602,.T.);
#3290=CARTESIAN_POINT('',(-9.425,9.91,2.1));
#3291=DIRECTION('',(0.0,-1.0,0.0));
#3292=DIRECTION('',(0.0,0.0,-1.0));
#3293=ORIENTED_EDGE('',*,*,#6603,.F.);
#3294=ORIENTED_EDGE('',*,*,#6604,.T.);
#3295=ORIENTED_EDGE('',*,*,#6605,.F.);
#3296=ORIENTED_EDGE('',*,*,#6606,.T.);
#3297=CARTESIAN_POINT('',(-9.425,9.91,2.1));
#3298=DIRECTION('',(0.0,-1.0,0.0));
#3299=DIRECTION('',(0.0,0.0,-1.0));
#3300=ORIENTED_EDGE('',*,*,#6607,.F.);
#3301=ORIENTED_EDGE('',*,*,#6608,.T.);
#3302=ORIENTED_EDGE('',*,*,#6609,.F.);
#3303=ORIENTED_EDGE('',*,*,#6610,.T.);
#3304=CARTESIAN_POINT('',(-9.425,9.91,2.1));
#3305=DIRECTION('',(0.0,-1.0,0.0));
#3306=DIRECTION('',(0.0,0.0,-1.0));
#3307=ORIENTED_EDGE('',*,*,#6186,.F.);
#3308=ORIENTED_EDGE('',*,*,#6611,.F.);
#3309=ORIENTED_EDGE('',*,*,#6609,.T.);
#3310=ORIENTED_EDGE('',*,*,#6612,.T.);
#3311=CARTESIAN_POINT('',(6.445,7.65,4.90454959426936));
#3312=DIRECTION('',(-1.0,0.0,-6.12323399573677E-17));
#3313=DIRECTION('',(-6.12323399573677E-17,0.0,1.0));
#3314=ORIENTED_EDGE('',*,*,#6184,.F.);
#3315=ORIENTED_EDGE('',*,*,#6613,.F.);
#3316=ORIENTED_EDGE('',*,*,#6607,.T.);
#3317=ORIENTED_EDGE('',*,*,#6614,.T.);
#3318=CARTESIAN_POINT('',(8.555,7.65,5.53));
#3319=DIRECTION('',(1.0,0.0,6.12323399573677E-17));
#3320=DIRECTION('',(-6.12323399573677E-17,0.0,1.0));
#3321=ORIENTED_EDGE('',*,*,#6185,.T.);
#3322=ORIENTED_EDGE('',*,*,#6614,.F.);
#3323=ORIENTED_EDGE('',*,*,#6610,.F.);
#3324=ORIENTED_EDGE('',*,*,#6611,.T.);
#3325=CARTESIAN_POINT('',(12.65,9.173,5.77));
#3326=DIRECTION('',(6.12323399573677E-17,0.0,-1.0));
#3327=DIRECTION('',(0.0,-1.0,0.0));
#3328=ORIENTED_EDGE('',*,*,#6187,.T.);
#3329=ORIENTED_EDGE('',*,*,#6612,.F.);
#3330=ORIENTED_EDGE('',*,*,#6608,.F.);
#3331=ORIENTED_EDGE('',*,*,#6613,.T.);
#3332=CARTESIAN_POINT('',(2.35,9.173,5.29));
#3333=DIRECTION('',(-6.12323399573677E-17,0.0,1.0));
#3334=DIRECTION('',(1.0,-0.0,6.12323399573677E-17));
#3335=ORIENTED_EDGE('',*,*,#6498,.T.);
#3336=ORIENTED_EDGE('',*,*,#6615,.F.);
#3337=ORIENTED_EDGE('',*,*,#6182,.F.);
#3338=ORIENTED_EDGE('',*,*,#6616,.T.);
#3339=CARTESIAN_POINT('',(1.175,9.173,2.95));
#3340=DIRECTION('',(-6.12323399573677E-17,0.0,1.0));
#3341=DIRECTION('',(1.0,-0.0,6.12323399573677E-17));
#3342=ORIENTED_EDGE('',*,*,#6190,.F.);
#3343=ORIENTED_EDGE('',*,*,#6617,.F.);
#3344=ORIENTED_EDGE('',*,*,#6605,.T.);
#3345=ORIENTED_EDGE('',*,*,#6618,.T.);
#3346=CARTESIAN_POINT('',(3.445,7.65,4.90454959426936));
#3347=DIRECTION('',(-1.0,0.0,-6.12323399573677E-17));
#3348=DIRECTION('',(-6.12323399573677E-17,0.0,1.0));
#3349=ORIENTED_EDGE('',*,*,#6188,.F.);
#3350=ORIENTED_EDGE('',*,*,#6619,.F.);
#3351=ORIENTED_EDGE('',*,*,#6603,.T.);
#3352=ORIENTED_EDGE('',*,*,#6620,.T.);
#3353=CARTESIAN_POINT('',(5.555,7.65,5.53));
#3354=DIRECTION('',(1.0,0.0,6.12323399573677E-17));
#3355=DIRECTION('',(-6.12323399573677E-17,0.0,1.0));
#3356=ORIENTED_EDGE('',*,*,#6189,.T.);
#3357=ORIENTED_EDGE('',*,*,#6620,.F.);
#3358=ORIENTED_EDGE('',*,*,#6606,.F.);
#3359=ORIENTED_EDGE('',*,*,#6617,.T.);
#3360=CARTESIAN_POINT('',(9.65,9.173,5.77));
#3361=DIRECTION('',(6.12323399573677E-17,0.0,-1.0));
#3362=DIRECTION('',(0.0,-1.0,0.0));
#3363=ORIENTED_EDGE('',*,*,#6191,.T.);
#3364=ORIENTED_EDGE('',*,*,#6618,.F.);
#3365=ORIENTED_EDGE('',*,*,#6604,.F.);
#3366=ORIENTED_EDGE('',*,*,#6619,.T.);
#3367=CARTESIAN_POINT('',(-0.65,9.173,5.29));
#3368=DIRECTION('',(-6.12323399573677E-17,0.0,1.0));
#3369=DIRECTION('',(1.0,-0.0,6.12323399573677E-17));
#3370=ORIENTED_EDGE('',*,*,#6194,.F.);
#3371=ORIENTED_EDGE('',*,*,#6621,.F.);
#3372=ORIENTED_EDGE('',*,*,#6601,.T.);
#3373=ORIENTED_EDGE('',*,*,#6622,.T.);
#3374=CARTESIAN_POINT('',(-2.555,7.65,4.90454959426936));
#3375=DIRECTION('',(-1.0,0.0,-6.12323399573677E-17));
#3376=DIRECTION('',(-6.12323399573677E-17,0.0,1.0));
#3377=ORIENTED_EDGE('',*,*,#6192,.F.);
#3378=ORIENTED_EDGE('',*,*,#6623,.F.);
#3379=ORIENTED_EDGE('',*,*,#6599,.T.);
#3380=ORIENTED_EDGE('',*,*,#6624,.T.);
#3381=CARTESIAN_POINT('',(-0.444999999999999,7.65,5.53));
#3382=DIRECTION('',(1.0,0.0,6.12323399573677E-17));
#3383=DIRECTION('',(-6.12323399573677E-17,0.0,1.0));
#3384=ORIENTED_EDGE('',*,*,#6193,.T.);
#3385=ORIENTED_EDGE('',*,*,#6624,.F.);
#3386=ORIENTED_EDGE('',*,*,#6602,.F.);
#3387=ORIENTED_EDGE('',*,*,#6621,.T.);
#3388=CARTESIAN_POINT('',(3.65,9.173,5.77));
#3389=DIRECTION('',(6.12323399573677E-17,0.0,-1.0));
#3390=DIRECTION('',(0.0,-1.0,0.0));
#3391=ORIENTED_EDGE('',*,*,#6195,.T.);
#3392=ORIENTED_EDGE('',*,*,#6622,.F.);
#3393=ORIENTED_EDGE('',*,*,#6600,.F.);
#3394=ORIENTED_EDGE('',*,*,#6623,.T.);
#3395=CARTESIAN_POINT('',(-6.65,9.173,5.29));
#3396=DIRECTION('',(-6.12323399573677E-17,0.0,1.0));
#3397=DIRECTION('',(1.0,-0.0,6.12323399573677E-17));
#3398=ORIENTED_EDGE('',*,*,#6198,.F.);
#3399=ORIENTED_EDGE('',*,*,#6625,.F.);
#3400=ORIENTED_EDGE('',*,*,#6597,.T.);
#3401=ORIENTED_EDGE('',*,*,#6626,.T.);
#3402=CARTESIAN_POINT('',(-8.555,7.65,4.90454959426936));
#3403=DIRECTION('',(-1.0,0.0,-6.12323399573677E-17));
#3404=DIRECTION('',(-6.12323399573677E-17,0.0,1.0));
#3405=ORIENTED_EDGE('',*,*,#6196,.F.);
#3406=ORIENTED_EDGE('',*,*,#6627,.F.);
#3407=ORIENTED_EDGE('',*,*,#6595,.T.);
#3408=ORIENTED_EDGE('',*,*,#6628,.T.);
#3409=CARTESIAN_POINT('',(-6.445,7.65,5.53));
#3410=DIRECTION('',(1.0,0.0,6.12323399573677E-17));
#3411=DIRECTION('',(-6.12323399573677E-17,0.0,1.0));
#3412=ORIENTED_EDGE('',*,*,#6197,.T.);
#3413=ORIENTED_EDGE('',*,*,#6628,.F.);
#3414=ORIENTED_EDGE('',*,*,#6598,.F.);
#3415=ORIENTED_EDGE('',*,*,#6625,.T.);
#3416=CARTESIAN_POINT('',(-2.35,9.173,5.77));
#3417=DIRECTION('',(6.12323399573677E-17,0.0,-1.0));
#3418=DIRECTION('',(0.0,-1.0,0.0));
#3419=ORIENTED_EDGE('',*,*,#6199,.T.);
#3420=ORIENTED_EDGE('',*,*,#6626,.F.);
#3421=ORIENTED_EDGE('',*,*,#6596,.F.);
#3422=ORIENTED_EDGE('',*,*,#6627,.T.);
#3423=CARTESIAN_POINT('',(-12.65,9.173,5.29));
#3424=DIRECTION('',(-6.12323399573677E-17,0.0,1.0));
#3425=DIRECTION('',(1.0,-0.0,6.12323399573677E-17));
#3426=ORIENTED_EDGE('',*,*,#6202,.F.);
#3427=ORIENTED_EDGE('',*,*,#6629,.F.);
#3428=ORIENTED_EDGE('',*,*,#6593,.T.);
#3429=ORIENTED_EDGE('',*,*,#6630,.T.);
#3430=CARTESIAN_POINT('',(-5.555,7.65,4.90454959426936));
#3431=DIRECTION('',(-1.0,0.0,-6.12323399573677E-17));
#3432=DIRECTION('',(-6.12323399573677E-17,0.0,1.0));
#3433=ORIENTED_EDGE('',*,*,#6200,.F.);
#3434=ORIENTED_EDGE('',*,*,#6631,.F.);
#3435=ORIENTED_EDGE('',*,*,#6591,.T.);
#3436=ORIENTED_EDGE('',*,*,#6632,.T.);
#3437=CARTESIAN_POINT('',(-3.445,7.65,5.53));
#3438=DIRECTION('',(1.0,0.0,6.12323399573677E-17));
#3439=DIRECTION('',(-6.12323399573677E-17,0.0,1.0));
#3440=ORIENTED_EDGE('',*,*,#6201,.T.);
#3441=ORIENTED_EDGE('',*,*,#6632,.F.);
#3442=ORIENTED_EDGE('',*,*,#6594,.F.);
#3443=ORIENTED_EDGE('',*,*,#6629,.T.);
#3444=CARTESIAN_POINT('',(0.65,9.173,5.77));
#3445=DIRECTION('',(6.12323399573677E-17,0.0,-1.0));
#3446=DIRECTION('',(0.0,-1.0,0.0));
#3447=ORIENTED_EDGE('',*,*,#6203,.T.);
#3448=ORIENTED_EDGE('',*,*,#6630,.F.);
#3449=ORIENTED_EDGE('',*,*,#6592,.F.);
#3450=ORIENTED_EDGE('',*,*,#6631,.T.);
#3451=CARTESIAN_POINT('',(-9.65,9.173,5.29));
#3452=DIRECTION('',(-6.12323399573677E-17,0.0,1.0));
#3453=DIRECTION('',(1.0,-0.0,6.12323399573677E-17));
#3454=ORIENTED_EDGE('',*,*,#6206,.F.);
#3455=ORIENTED_EDGE('',*,*,#6633,.F.);
#3456=ORIENTED_EDGE('',*,*,#6589,.T.);
#3457=ORIENTED_EDGE('',*,*,#6634,.T.);
#3458=CARTESIAN_POINT('',(0.444999999999999,7.65,4.90454959426936));
#3459=DIRECTION('',(-1.0,0.0,-6.12323399573677E-17));
#3460=DIRECTION('',(-6.12323399573677E-17,0.0,1.0));
#3461=ORIENTED_EDGE('',*,*,#6204,.F.);
#3462=ORIENTED_EDGE('',*,*,#6635,.F.);
#3463=ORIENTED_EDGE('',*,*,#6587,.T.);
#3464=ORIENTED_EDGE('',*,*,#6636,.T.);
#3465=CARTESIAN_POINT('',(2.555,7.65,5.53));
#3466=DIRECTION('',(1.0,0.0,6.12323399573677E-17));
#3467=DIRECTION('',(-6.12323399573677E-17,0.0,1.0));
#3468=ORIENTED_EDGE('',*,*,#6205,.T.);
#3469=ORIENTED_EDGE('',*,*,#6636,.F.);
#3470=ORIENTED_EDGE('',*,*,#6590,.F.);
#3471=ORIENTED_EDGE('',*,*,#6633,.T.);
#3472=CARTESIAN_POINT('',(6.65,9.173,5.77));
#3473=DIRECTION('',(6.12323399573677E-17,0.0,-1.0));
#3474=DIRECTION('',(0.0,-1.0,0.0));
#3475=ORIENTED_EDGE('',*,*,#6207,.T.);
#3476=ORIENTED_EDGE('',*,*,#6634,.F.);
#3477=ORIENTED_EDGE('',*,*,#6588,.F.);
#3478=ORIENTED_EDGE('',*,*,#6635,.T.);
#3479=CARTESIAN_POINT('',(-3.65,9.173,5.29));
#3480=DIRECTION('',(-6.12323399573677E-17,0.0,1.0));
#3481=DIRECTION('',(1.0,-0.0,6.12323399573677E-17));
#3482=ORIENTED_EDGE('',*,*,#6637,.F.);
#3483=ORIENTED_EDGE('',*,*,#6638,.F.);
#3484=ORIENTED_EDGE('',*,*,#6639,.F.);
#3485=ORIENTED_EDGE('',*,*,#6640,.F.);
#3486=CARTESIAN_POINT('',(-0.699999999999999,0.0,2.1));
#3487=DIRECTION('',(1.0,0.0,0.0));
#3488=DIRECTION('',(0.0,1.0,0.0));
#3489=ORIENTED_EDGE('',*,*,#6641,.T.);
#3490=ORIENTED_EDGE('',*,*,#6642,.T.);
#3491=ORIENTED_EDGE('',*,*,#6643,.T.);
#3492=ORIENTED_EDGE('',*,*,#6644,.T.);
#3493=CARTESIAN_POINT('',(0.700000000000001,0.0,2.1));
#3494=DIRECTION('',(1.0,0.0,0.0));
#3495=DIRECTION('',(0.0,1.0,0.0));
#3496=ORIENTED_EDGE('',*,*,#6639,.T.);
#3497=ORIENTED_EDGE('',*,*,#6645,.F.);
#3498=ORIENTED_EDGE('',*,*,#6644,.F.);
#3499=ORIENTED_EDGE('',*,*,#6646,.T.);
#3500=CARTESIAN_POINT('',(0.700000000000001,2.2,10.36));
#3501=DIRECTION('',(0.0,0.644702799660222,-0.76443331959712));
#3502=DIRECTION('',(-1.0,0.0,0.0));
#3503=ORIENTED_EDGE('',*,*,#6640,.T.);
#3504=ORIENTED_EDGE('',*,*,#6646,.F.);
#3505=ORIENTED_EDGE('',*,*,#6643,.F.);
#3506=ORIENTED_EDGE('',*,*,#6647,.T.);
#3507=CARTESIAN_POINT('',(0.700000000000001,2.95,10.36));
#3508=DIRECTION('',(0.0,0.0,-1.0));
#3509=DIRECTION('',(0.0,-1.0,0.0));
#3510=ORIENTED_EDGE('',*,*,#6642,.F.);
#3511=ORIENTED_EDGE('',*,*,#6648,.T.);
#3512=ORIENTED_EDGE('',*,*,#6637,.T.);
#3513=ORIENTED_EDGE('',*,*,#6647,.F.);
#3514=CARTESIAN_POINT('',(0.700000000000001,2.95,8.96));
#3515=DIRECTION('',(-6.12323399573677E-17,-1.0,-5.55111512312578E-17));
#3516=DIRECTION('',(-1.0,6.12323399573677E-17,0.0));
#3517=ORIENTED_EDGE('',*,*,#6649,.F.);
#3518=ORIENTED_EDGE('',*,*,#6342,.F.);
#3519=ORIENTED_EDGE('',*,*,#6650,.F.);
#3520=ORIENTED_EDGE('',*,*,#6100,.T.);
#3521=CARTESIAN_POINT('',(-9.425,9.91,2.155));
#3522=DIRECTION('',(0.0,0.0,-1.0));
#3523=DIRECTION('',(0.0,-1.0,0.0));
#3524=ORIENTED_EDGE('',*,*,#6651,.T.);
#3525=ORIENTED_EDGE('',*,*,#6340,.T.);
#3526=ORIENTED_EDGE('',*,*,#6652,.F.);
#3527=ORIENTED_EDGE('',*,*,#6102,.T.);
#3528=CARTESIAN_POINT('',(4.35,0.0,0.405));
#3529=DIRECTION('',(-7.47725636196899E-17,0.0,-1.0));
#3530=DIRECTION('',(-1.0,0.0,7.47725636196899E-17));
#3531=ORIENTED_EDGE('',*,*,#6650,.T.);
#3532=ORIENTED_EDGE('',*,*,#6341,.T.);
#3533=ORIENTED_EDGE('',*,*,#6651,.F.);
#3534=ORIENTED_EDGE('',*,*,#6101,.T.);
#3535=CARTESIAN_POINT('',(-4.7,0.0,-0.14));
#3536=DIRECTION('',(-1.0,0.0,0.0));
#3537=DIRECTION('',(0.0,0.0,1.0));
#3538=ORIENTED_EDGE('',*,*,#6652,.T.);
#3539=ORIENTED_EDGE('',*,*,#6343,.T.);
#3540=ORIENTED_EDGE('',*,*,#6649,.T.);
#3541=ORIENTED_EDGE('',*,*,#6099,.T.);
#3542=CARTESIAN_POINT('',(4.7,0.0,3.06000000000001));
#3543=DIRECTION('',(1.0,0.0,8.13151629364127E-16));
#3544=DIRECTION('',(-8.13151629364127E-16,0.0,1.0));
#3545=ORIENTED_EDGE('',*,*,#6427,.T.);
#3546=ORIENTED_EDGE('',*,*,#6653,.F.);
#3547=ORIENTED_EDGE('',*,*,#6473,.F.);
#3548=ORIENTED_EDGE('',*,*,#6654,.F.);
#3549=ORIENTED_EDGE('',*,*,#6655,.F.);
#3550=ORIENTED_EDGE('',*,*,#6349,.F.);
#3551=ORIENTED_EDGE('',*,*,#6507,.T.);
#3552=ORIENTED_EDGE('',*,*,#6431,.F.);
#3553=CARTESIAN_POINT('',(5.05,0.0,8.67361737988404E-16));
#3554=DIRECTION('',(0.0,0.0,-1.0));
#3555=DIRECTION('',(0.0,-1.0,0.0));
#3556=ORIENTED_EDGE('',*,*,#6655,.T.);
#3557=ORIENTED_EDGE('',*,*,#6656,.F.);
#3558=ORIENTED_EDGE('',*,*,#6547,.T.);
#3559=ORIENTED_EDGE('',*,*,#6350,.F.);
#3560=CARTESIAN_POINT('',(6.05,0.0,3.76));
#3561=DIRECTION('',(1.0,0.0,-1.22464679914735E-16));
#3562=DIRECTION('',(-1.22464679914735E-16,0.0,-1.0));
#3563=ORIENTED_EDGE('',*,*,#6529,.F.);
#3564=ORIENTED_EDGE('',*,*,#6531,.F.);
#3565=ORIENTED_EDGE('',*,*,#6533,.F.);
#3566=ORIENTED_EDGE('',*,*,#6535,.F.);
#3567=ORIENTED_EDGE('',*,*,#6537,.F.);
#3568=ORIENTED_EDGE('',*,*,#6510,.F.);
#3569=ORIENTED_EDGE('',*,*,#6657,.T.);
#3570=ORIENTED_EDGE('',*,*,#6355,.T.);
#3571=ORIENTED_EDGE('',*,*,#6658,.F.);
#3572=ORIENTED_EDGE('',*,*,#6514,.F.);
#3573=ORIENTED_EDGE('',*,*,#6525,.F.);
#3574=ORIENTED_EDGE('',*,*,#6527,.F.);
#3575=ORIENTED_EDGE('',*,*,#6638,.T.);
#3576=ORIENTED_EDGE('',*,*,#6648,.F.);
#3577=ORIENTED_EDGE('',*,*,#6641,.F.);
#3578=ORIENTED_EDGE('',*,*,#6645,.T.);
#3579=CARTESIAN_POINT('',(9.425,9.91,8.96));
#3580=DIRECTION('',(-1.84055541217698E-16,0.0,1.0));
#3581=DIRECTION('',(1.0,-0.0,1.84055541217698E-16));
#3582=ORIENTED_EDGE('',*,*,#6476,.T.);
#3583=ORIENTED_EDGE('',*,*,#6659,.T.);
#3584=ORIENTED_EDGE('',*,*,#6433,.T.);
#3585=ORIENTED_EDGE('',*,*,#6656,.T.);
#3586=ORIENTED_EDGE('',*,*,#6654,.T.);
#3587=CARTESIAN_POINT('',(6.05,2.85,20.32025));
#3588=DIRECTION('',(2.16840434497101E-15,-1.0,0.0));
#3589=DIRECTION('',(0.0,0.0,-1.0));
#3590=ORIENTED_EDGE('',*,*,#6491,.T.);
#3591=ORIENTED_EDGE('',*,*,#6420,.T.);
#3592=ORIENTED_EDGE('',*,*,#6487,.F.);
#3593=ORIENTED_EDGE('',*,*,#6495,.T.);
#3594=CARTESIAN_POINT('',(-7.75,10.90375,-1.67));
#3595=DIRECTION('',(1.11917643611407E-16,0.0,-1.0));
#3596=DIRECTION('',(0.0,-1.0,0.0));
#3597=ORIENTED_EDGE('',*,*,#6481,.T.);
#3598=ORIENTED_EDGE('',*,*,#6440,.F.);
#3599=ORIENTED_EDGE('',*,*,#6477,.F.);
#3600=ORIENTED_EDGE('',*,*,#6485,.F.);
#3601=CARTESIAN_POINT('',(-7.75,10.90375,-1.67));
#3602=DIRECTION('',(1.11917643611407E-16,0.0,-1.0));
#3603=DIRECTION('',(0.0,-1.0,0.0));
#3604=ORIENTED_EDGE('',*,*,#6469,.F.);
#3605=ORIENTED_EDGE('',*,*,#6572,.F.);
#3606=ORIENTED_EDGE('',*,*,#6500,.F.);
#3607=ORIENTED_EDGE('',*,*,#6344,.F.);
#3608=ORIENTED_EDGE('',*,*,#6657,.F.);
#3609=ORIENTED_EDGE('',*,*,#6509,.F.);
#3610=ORIENTED_EDGE('',*,*,#6517,.T.);
#3611=ORIENTED_EDGE('',*,*,#6183,.F.);
#3612=ORIENTED_EDGE('',*,*,#6615,.T.);
#3613=ORIENTED_EDGE('',*,*,#6497,.F.);
#3614=CARTESIAN_POINT('',(-9.425,9.91,8.96));
#3615=DIRECTION('',(-1.0,0.0,-1.29472072842584E-16));
#3616=DIRECTION('',(-1.29472072842584E-16,0.0,1.0));
#3617=ORIENTED_EDGE('',*,*,#6616,.F.);
#3618=ORIENTED_EDGE('',*,*,#6181,.F.);
#3619=ORIENTED_EDGE('',*,*,#6516,.F.);
#3620=ORIENTED_EDGE('',*,*,#6515,.T.);
#3621=ORIENTED_EDGE('',*,*,#6658,.T.);
#3622=ORIENTED_EDGE('',*,*,#6354,.F.);
#3623=ORIENTED_EDGE('',*,*,#6504,.F.);
#3624=ORIENTED_EDGE('',*,*,#6538,.T.);
#3625=ORIENTED_EDGE('',*,*,#6471,.F.);
#3626=ORIENTED_EDGE('',*,*,#6499,.F.);
#3627=CARTESIAN_POINT('',(9.425,9.91,2.1));
#3628=DIRECTION('',(1.0,0.0,0.0));
#3629=DIRECTION('',(0.0,1.0,0.0));
#3630=ORIENTED_EDGE('',*,*,#6474,.T.);
#3631=ORIENTED_EDGE('',*,*,#6653,.T.);
#3632=ORIENTED_EDGE('',*,*,#6426,.F.);
#3633=ORIENTED_EDGE('',*,*,#6338,.F.);
#3634=ORIENTED_EDGE('',*,*,#6660,.T.);
#3635=ORIENTED_EDGE('',*,*,#6661,.T.);
#3636=ORIENTED_EDGE('',*,*,#6662,.T.);
#3637=ORIENTED_EDGE('',*,*,#6123,.F.);
#3638=ORIENTED_EDGE('',*,*,#6663,.T.);
#3639=ORIENTED_EDGE('',*,*,#6664,.T.);
#3640=ORIENTED_EDGE('',*,*,#6665,.T.);
#3641=ORIENTED_EDGE('',*,*,#6137,.F.);
#3642=ORIENTED_EDGE('',*,*,#6666,.T.);
#3643=ORIENTED_EDGE('',*,*,#6667,.T.);
#3644=ORIENTED_EDGE('',*,*,#6668,.T.);
#3645=ORIENTED_EDGE('',*,*,#6150,.F.);
#3646=ORIENTED_EDGE('',*,*,#6669,.T.);
#3647=ORIENTED_EDGE('',*,*,#6670,.T.);
#3648=ORIENTED_EDGE('',*,*,#6671,.T.);
#3649=ORIENTED_EDGE('',*,*,#6309,.F.);
#3650=CARTESIAN_POINT('',(-5.25,5.73,1.66));
#3651=DIRECTION('',(0.0,-1.0,-3.82097681933217E-16));
#3652=DIRECTION('',(0.0,3.82097681933217E-16,-1.0));
#3653=ORIENTED_EDGE('',*,*,#6124,.F.);
#3654=ORIENTED_EDGE('',*,*,#6662,.F.);
#3655=ORIENTED_EDGE('',*,*,#6672,.F.);
#3656=ORIENTED_EDGE('',*,*,#6128,.F.);
#3657=CARTESIAN_POINT('',(-2.82999999999999,5.63,1.33));
#3658=DIRECTION('',(-0.707106781186548,0.707106781186547,2.70183861970638E-16));
#3659=DIRECTION('',(3.82097681933216E-16,0.0,1.0));
#3660=ORIENTED_EDGE('',*,*,#6672,.T.);
#3661=ORIENTED_EDGE('',*,*,#6661,.F.);
#3662=ORIENTED_EDGE('',*,*,#6673,.F.);
#3663=ORIENTED_EDGE('',*,*,#6129,.F.);
#3664=CARTESIAN_POINT('',(-3.15999999999999,5.63,1.42));
#3665=DIRECTION('',(0.0,-0.707106781186547,-0.707106781186548));
#3666=DIRECTION('',(0.0,-0.707106781186548,0.707106781186547));
#3667=ORIENTED_EDGE('',*,*,#6673,.T.);
#3668=ORIENTED_EDGE('',*,*,#6660,.F.);
#3669=ORIENTED_EDGE('',*,*,#6337,.F.);
#3670=ORIENTED_EDGE('',*,*,#6130,.F.);
#3671=CARTESIAN_POINT('',(-3.16999999999999,5.63,1.33));
#3672=DIRECTION('',(0.707106781186548,0.707106781186547,2.70183861970638E-16));
#3673=DIRECTION('',(0.0,3.82097681933217E-16,-1.0));
#3674=ORIENTED_EDGE('',*,*,#6138,.F.);
#3675=ORIENTED_EDGE('',*,*,#6665,.F.);
#3676=ORIENTED_EDGE('',*,*,#6674,.F.);
#3677=ORIENTED_EDGE('',*,*,#6142,.F.);
#3678=CARTESIAN_POINT('',(-0.829999999999991,5.63,1.33));
#3679=DIRECTION('',(-0.707106781186551,0.707106781186544,2.70183861970637E-16));
#3680=DIRECTION('',(3.82097681933213E-16,0.0,1.0));
#3681=ORIENTED_EDGE('',*,*,#6674,.T.);
#3682=ORIENTED_EDGE('',*,*,#6664,.F.);
#3683=ORIENTED_EDGE('',*,*,#6675,.F.);
#3684=ORIENTED_EDGE('',*,*,#6143,.F.);
#3685=CARTESIAN_POINT('',(-1.15999999999999,5.63,1.42));
#3686=DIRECTION('',(0.0,-0.707106781186547,-0.707106781186548));
#3687=DIRECTION('',(0.0,-0.707106781186548,0.707106781186547));
#3688=ORIENTED_EDGE('',*,*,#6675,.T.);
#3689=ORIENTED_EDGE('',*,*,#6663,.F.);
#3690=ORIENTED_EDGE('',*,*,#6122,.F.);
#3691=ORIENTED_EDGE('',*,*,#6144,.F.);
#3692=CARTESIAN_POINT('',(-1.16999999999999,5.63,1.33));
#3693=DIRECTION('',(0.707106781186551,0.707106781186544,2.70183861970637E-16));
#3694=DIRECTION('',(0.0,3.82097681933217E-16,-1.0));
#3695=ORIENTED_EDGE('',*,*,#6151,.F.);
#3696=ORIENTED_EDGE('',*,*,#6668,.F.);
#3697=ORIENTED_EDGE('',*,*,#6676,.F.);
#3698=ORIENTED_EDGE('',*,*,#6155,.F.);
#3699=CARTESIAN_POINT('',(1.17000000000001,5.63,1.33));
#3700=DIRECTION('',(-0.707106781186551,0.707106781186544,2.70183861970637E-16));
#3701=DIRECTION('',(3.82097681933213E-16,0.0,1.0));
#3702=ORIENTED_EDGE('',*,*,#6676,.T.);
#3703=ORIENTED_EDGE('',*,*,#6667,.F.);
#3704=ORIENTED_EDGE('',*,*,#6677,.F.);
#3705=ORIENTED_EDGE('',*,*,#6156,.F.);
#3706=CARTESIAN_POINT('',(0.840000000000011,5.63,1.42));
#3707=DIRECTION('',(0.0,-0.707106781186547,-0.707106781186548));
#3708=DIRECTION('',(0.0,-0.707106781186548,0.707106781186547));
#3709=ORIENTED_EDGE('',*,*,#6677,.T.);
#3710=ORIENTED_EDGE('',*,*,#6666,.F.);
#3711=ORIENTED_EDGE('',*,*,#6136,.F.);
#3712=ORIENTED_EDGE('',*,*,#6157,.F.);
#3713=CARTESIAN_POINT('',(0.830000000000011,5.63,1.33));
#3714=DIRECTION('',(0.707106781186551,0.707106781186544,2.70183861970637E-16));
#3715=DIRECTION('',(0.0,3.82097681933217E-16,-1.0));
#3716=ORIENTED_EDGE('',*,*,#6310,.F.);
#3717=ORIENTED_EDGE('',*,*,#6671,.F.);
#3718=ORIENTED_EDGE('',*,*,#6678,.F.);
#3719=ORIENTED_EDGE('',*,*,#6314,.F.);
#3720=CARTESIAN_POINT('',(3.17000000000001,5.63,1.33));
#3721=DIRECTION('',(-0.707106781186551,0.707106781186544,2.70183861970637E-16));
#3722=DIRECTION('',(3.82097681933213E-16,0.0,1.0));
#3723=ORIENTED_EDGE('',*,*,#6678,.T.);
#3724=ORIENTED_EDGE('',*,*,#6670,.F.);
#3725=ORIENTED_EDGE('',*,*,#6679,.F.);
#3726=ORIENTED_EDGE('',*,*,#6315,.F.);
#3727=CARTESIAN_POINT('',(2.84000000000001,5.63,1.42));
#3728=DIRECTION('',(0.0,-0.707106781186547,-0.707106781186548));
#3729=DIRECTION('',(0.0,-0.707106781186548,0.707106781186547));
#3730=ORIENTED_EDGE('',*,*,#6679,.T.);
#3731=ORIENTED_EDGE('',*,*,#6669,.F.);
#3732=ORIENTED_EDGE('',*,*,#6149,.F.);
#3733=ORIENTED_EDGE('',*,*,#6316,.F.);
#3734=CARTESIAN_POINT('',(2.83000000000001,5.63,1.33));
#3735=DIRECTION('',(0.707106781186551,0.707106781186544,2.70183861970637E-16));
#3736=DIRECTION('',(0.0,3.82097681933217E-16,-1.0));
#3737=ORIENTED_EDGE('',*,*,#6085,.F.);
#3738=ORIENTED_EDGE('',*,*,#6434,.F.);
#3739=ORIENTED_EDGE('',*,*,#6659,.F.);
#3740=ORIENTED_EDGE('',*,*,#6475,.F.);
#3741=CARTESIAN_POINT('',(-9.425,9.91,2.1));
#3742=DIRECTION('',(0.0,0.0,-1.0));
#3743=DIRECTION('',(0.0,-1.0,0.0));
#3744=ORIENTED_EDGE('',*,*,#6415,.T.);
#3745=ORIENTED_EDGE('',*,*,#6081,.T.);
#3746=ORIENTED_EDGE('',*,*,#6429,.T.);
#3747=ORIENTED_EDGE('',*,*,#6430,.T.);
#3748=CARTESIAN_POINT('',(-9.425,9.91,2.1));
#3749=DIRECTION('',(0.0,0.0,-1.0));
#3750=DIRECTION('',(0.0,-1.0,0.0));
#3751=ORIENTED_EDGE('',*,*,#6680,.F.);
#3752=ORIENTED_EDGE('',*,*,#6387,.T.);
#3753=ORIENTED_EDGE('',*,*,#6681,.T.);
#3754=ORIENTED_EDGE('',*,*,#6273,.T.);
#3755=CARTESIAN_POINT('',(0.230000000000001,65.31525,5.36499999999999));
#3756=DIRECTION('',(-1.0,0.0,0.0));
#3757=DIRECTION('',(0.0,0.0,1.0));
#3758=ORIENTED_EDGE('',*,*,#6681,.F.);
#3759=ORIENTED_EDGE('',*,*,#6386,.T.);
#3760=ORIENTED_EDGE('',*,*,#6682,.T.);
#3761=ORIENTED_EDGE('',*,*,#6274,.T.);
#3762=CARTESIAN_POINT('',(0.165,65.31525,2.76));
#3763=DIRECTION('',(0.0,0.0,-1.0));
#3764=DIRECTION('',(0.0,-1.0,0.0));
#3765=ORIENTED_EDGE('',*,*,#6683,.T.);
#3766=ORIENTED_EDGE('',*,*,#6389,.T.);
#3767=ORIENTED_EDGE('',*,*,#6684,.T.);
#3768=ORIENTED_EDGE('',*,*,#6276,.T.);
#3769=CARTESIAN_POINT('',(2.77,65.31525,2.695));
#3770=DIRECTION('',(1.0,0.0,0.0));
#3771=DIRECTION('',(0.0,1.0,0.0));
#3772=ORIENTED_EDGE('',*,*,#6684,.F.);
#3773=ORIENTED_EDGE('',*,*,#6388,.T.);
#3774=ORIENTED_EDGE('',*,*,#6680,.T.);
#3775=ORIENTED_EDGE('',*,*,#6272,.T.);
#3776=CARTESIAN_POINT('',(2.835,65.31525,5.29999999999999));
#3777=DIRECTION('',(0.0,0.0,1.0));
#3778=DIRECTION('',(1.0,0.0,0.0));
#3779=ORIENTED_EDGE('',*,*,#6685,.F.);
#3780=ORIENTED_EDGE('',*,*,#6392,.T.);
#3781=ORIENTED_EDGE('',*,*,#6686,.T.);
#3782=ORIENTED_EDGE('',*,*,#6281,.T.);
#3783=CARTESIAN_POINT('',(0.230000000000001,65.31525,8.36499999999999));
#3784=DIRECTION('',(-1.0,0.0,0.0));
#3785=DIRECTION('',(0.0,0.0,1.0));
#3786=ORIENTED_EDGE('',*,*,#6686,.F.);
#3787=ORIENTED_EDGE('',*,*,#6391,.T.);
#3788=ORIENTED_EDGE('',*,*,#6687,.T.);
#3789=ORIENTED_EDGE('',*,*,#6282,.T.);
#3790=CARTESIAN_POINT('',(0.165,65.31525,5.76));
#3791=DIRECTION('',(0.0,0.0,-1.0));
#3792=DIRECTION('',(0.0,-1.0,0.0));
#3793=ORIENTED_EDGE('',*,*,#6687,.F.);
#3794=ORIENTED_EDGE('',*,*,#6394,.T.);
#3795=ORIENTED_EDGE('',*,*,#6688,.T.);
#3796=ORIENTED_EDGE('',*,*,#6283,.T.);
#3797=CARTESIAN_POINT('',(2.77,65.31525,5.69499999999999));
#3798=DIRECTION('',(1.0,0.0,0.0));
#3799=DIRECTION('',(0.0,1.0,0.0));
#3800=ORIENTED_EDGE('',*,*,#6688,.F.);
#3801=ORIENTED_EDGE('',*,*,#6393,.T.);
#3802=ORIENTED_EDGE('',*,*,#6685,.T.);
#3803=ORIENTED_EDGE('',*,*,#6284,.T.);
#3804=CARTESIAN_POINT('',(2.835,65.31525,8.3));
#3805=DIRECTION('',(0.0,0.0,1.0));
#3806=DIRECTION('',(1.0,0.0,0.0));
#3807=ORIENTED_EDGE('',*,*,#6689,.F.);
#3808=ORIENTED_EDGE('',*,*,#6357,.T.);
#3809=ORIENTED_EDGE('',*,*,#6690,.T.);
#3810=ORIENTED_EDGE('',*,*,#6237,.T.);
#3811=CARTESIAN_POINT('',(-5.77,65.31525,5.365));
#3812=DIRECTION('',(-1.0,0.0,0.0));
#3813=DIRECTION('',(0.0,0.0,1.0));
#3814=ORIENTED_EDGE('',*,*,#6690,.F.);
#3815=ORIENTED_EDGE('',*,*,#6356,.T.);
#3816=ORIENTED_EDGE('',*,*,#6691,.T.);
#3817=ORIENTED_EDGE('',*,*,#6238,.T.);
#3818=CARTESIAN_POINT('',(-5.835,65.31525,2.76));
#3819=DIRECTION('',(0.0,0.0,-1.0));
#3820=DIRECTION('',(0.0,-1.0,0.0));
#3821=ORIENTED_EDGE('',*,*,#6692,.T.);
#3822=ORIENTED_EDGE('',*,*,#6359,.T.);
#3823=ORIENTED_EDGE('',*,*,#6693,.T.);
#3824=ORIENTED_EDGE('',*,*,#6240,.T.);
#3825=CARTESIAN_POINT('',(-3.23,65.31525,2.695));
#3826=DIRECTION('',(1.0,0.0,0.0));
#3827=DIRECTION('',(0.0,1.0,0.0));
#3828=ORIENTED_EDGE('',*,*,#6693,.F.);
#3829=ORIENTED_EDGE('',*,*,#6358,.T.);
#3830=ORIENTED_EDGE('',*,*,#6689,.T.);
#3831=ORIENTED_EDGE('',*,*,#6236,.T.);
#3832=CARTESIAN_POINT('',(-3.165,65.31525,5.3));
#3833=DIRECTION('',(0.0,0.0,1.0));
#3834=DIRECTION('',(1.0,0.0,0.0));
#3835=ORIENTED_EDGE('',*,*,#6694,.F.);
#3836=ORIENTED_EDGE('',*,*,#6372,.T.);
#3837=ORIENTED_EDGE('',*,*,#6695,.T.);
#3838=ORIENTED_EDGE('',*,*,#6249,.T.);
#3839=CARTESIAN_POINT('',(-5.77,65.31525,8.365));
#3840=DIRECTION('',(-1.0,0.0,0.0));
#3841=DIRECTION('',(0.0,0.0,1.0));
#3842=ORIENTED_EDGE('',*,*,#6695,.F.);
#3843=ORIENTED_EDGE('',*,*,#6371,.T.);
#3844=ORIENTED_EDGE('',*,*,#6696,.T.);
#3845=ORIENTED_EDGE('',*,*,#6245,.T.);
#3846=CARTESIAN_POINT('',(-5.835,65.31525,5.76));
#3847=DIRECTION('',(0.0,0.0,-1.0));
#3848=DIRECTION('',(0.0,-1.0,0.0));
#3849=ORIENTED_EDGE('',*,*,#6697,.T.);
#3850=ORIENTED_EDGE('',*,*,#6374,.T.);
#3851=ORIENTED_EDGE('',*,*,#6698,.T.);
#3852=ORIENTED_EDGE('',*,*,#6247,.T.);
#3853=CARTESIAN_POINT('',(-3.23,65.31525,5.695));
#3854=DIRECTION('',(1.0,0.0,0.0));
#3855=DIRECTION('',(0.0,1.0,0.0));
#3856=ORIENTED_EDGE('',*,*,#6698,.F.);
#3857=ORIENTED_EDGE('',*,*,#6373,.T.);
#3858=ORIENTED_EDGE('',*,*,#6694,.T.);
#3859=ORIENTED_EDGE('',*,*,#6248,.T.);
#3860=CARTESIAN_POINT('',(-3.165,65.31525,8.3));
#3861=DIRECTION('',(0.0,0.0,1.0));
#3862=DIRECTION('',(1.0,0.0,0.0));
#3863=ORIENTED_EDGE('',*,*,#6699,.F.);
#3864=ORIENTED_EDGE('',*,*,#6362,.T.);
#3865=ORIENTED_EDGE('',*,*,#6700,.T.);
#3866=ORIENTED_EDGE('',*,*,#6160,.T.);
#3867=CARTESIAN_POINT('',(-8.77,65.31525,5.365));
#3868=DIRECTION('',(-1.0,0.0,-8.1213645879064E-17));
#3869=DIRECTION('',(-8.1213645879064E-17,0.0,1.0));
#3870=ORIENTED_EDGE('',*,*,#6700,.F.);
#3871=ORIENTED_EDGE('',*,*,#6361,.T.);
#3872=ORIENTED_EDGE('',*,*,#6701,.T.);
#3873=ORIENTED_EDGE('',*,*,#6161,.T.);
#3874=CARTESIAN_POINT('',(-8.835,65.31525,2.76));
#3875=DIRECTION('',(0.0,0.0,-1.0));
#3876=DIRECTION('',(0.0,-1.0,0.0));
#3877=ORIENTED_EDGE('',*,*,#6702,.T.);
#3878=ORIENTED_EDGE('',*,*,#6364,.T.);
#3879=ORIENTED_EDGE('',*,*,#6703,.T.);
#3880=ORIENTED_EDGE('',*,*,#6163,.T.);
#3881=CARTESIAN_POINT('',(-6.23,65.31525,2.695));
#3882=DIRECTION('',(1.0,0.0,0.0));
#3883=DIRECTION('',(0.0,1.0,0.0));
#3884=ORIENTED_EDGE('',*,*,#6703,.F.);
#3885=ORIENTED_EDGE('',*,*,#6363,.T.);
#3886=ORIENTED_EDGE('',*,*,#6699,.T.);
#3887=ORIENTED_EDGE('',*,*,#6159,.T.);
#3888=CARTESIAN_POINT('',(-6.165,65.31525,5.3));
#3889=DIRECTION('',(0.0,0.0,1.0));
#3890=DIRECTION('',(1.0,0.0,0.0));
#3891=ORIENTED_EDGE('',*,*,#6704,.F.);
#3892=ORIENTED_EDGE('',*,*,#6367,.T.);
#3893=ORIENTED_EDGE('',*,*,#6705,.T.);
#3894=ORIENTED_EDGE('',*,*,#6231,.T.);
#3895=CARTESIAN_POINT('',(-8.77,65.31525,8.365));
#3896=DIRECTION('',(-1.0,0.0,-8.1213645879064E-17));
#3897=DIRECTION('',(-8.1213645879064E-17,0.0,1.0));
#3898=ORIENTED_EDGE('',*,*,#6705,.F.);
#3899=ORIENTED_EDGE('',*,*,#6366,.T.);
#3900=ORIENTED_EDGE('',*,*,#6706,.T.);
#3901=ORIENTED_EDGE('',*,*,#6227,.T.);
#3902=CARTESIAN_POINT('',(-8.835,65.31525,5.76));
#3903=DIRECTION('',(0.0,0.0,-1.0));
#3904=DIRECTION('',(0.0,-1.0,0.0));
#3905=ORIENTED_EDGE('',*,*,#6707,.T.);
#3906=ORIENTED_EDGE('',*,*,#6369,.T.);
#3907=ORIENTED_EDGE('',*,*,#6708,.T.);
#3908=ORIENTED_EDGE('',*,*,#6229,.T.);
#3909=CARTESIAN_POINT('',(-6.23,65.31525,5.695));
#3910=DIRECTION('',(1.0,0.0,0.0));
#3911=DIRECTION('',(0.0,1.0,0.0));
#3912=ORIENTED_EDGE('',*,*,#6708,.F.);
#3913=ORIENTED_EDGE('',*,*,#6368,.T.);
#3914=ORIENTED_EDGE('',*,*,#6704,.T.);
#3915=ORIENTED_EDGE('',*,*,#6230,.T.);
#3916=CARTESIAN_POINT('',(-6.165,65.31525,8.3));
#3917=DIRECTION('',(0.0,0.0,1.0));
#3918=DIRECTION('',(1.0,0.0,0.0));
#3919=ORIENTED_EDGE('',*,*,#6709,.F.);
#3920=ORIENTED_EDGE('',*,*,#6406,.T.);
#3921=ORIENTED_EDGE('',*,*,#6710,.T.);
#3922=ORIENTED_EDGE('',*,*,#6319,.T.);
#3923=CARTESIAN_POINT('',(6.23,65.31525,5.36499999999999));
#3924=DIRECTION('',(-1.0,0.0,-6.49709167032512E-16));
#3925=DIRECTION('',(-6.49709167032512E-16,0.0,1.0));
#3926=ORIENTED_EDGE('',*,*,#6710,.F.);
#3927=ORIENTED_EDGE('',*,*,#6405,.T.);
#3928=ORIENTED_EDGE('',*,*,#6711,.T.);
#3929=ORIENTED_EDGE('',*,*,#6320,.T.);
#3930=CARTESIAN_POINT('',(6.165,65.31525,2.75999999999999));
#3931=DIRECTION('',(0.0,0.0,-1.0));
#3932=DIRECTION('',(0.0,-1.0,0.0));
#3933=ORIENTED_EDGE('',*,*,#6712,.T.);
#3934=ORIENTED_EDGE('',*,*,#6408,.T.);
#3935=ORIENTED_EDGE('',*,*,#6713,.T.);
#3936=ORIENTED_EDGE('',*,*,#6322,.T.);
#3937=CARTESIAN_POINT('',(8.77,65.31525,2.69499999999999));
#3938=DIRECTION('',(1.0,0.0,0.0));
#3939=DIRECTION('',(0.0,1.0,0.0));
#3940=ORIENTED_EDGE('',*,*,#6713,.F.);
#3941=ORIENTED_EDGE('',*,*,#6407,.T.);
#3942=ORIENTED_EDGE('',*,*,#6709,.T.);
#3943=ORIENTED_EDGE('',*,*,#6318,.T.);
#3944=CARTESIAN_POINT('',(8.835,65.31525,5.29999999999999));
#3945=DIRECTION('',(0.0,0.0,1.0));
#3946=DIRECTION('',(1.0,0.0,0.0));
#3947=ORIENTED_EDGE('',*,*,#6714,.F.);
#3948=ORIENTED_EDGE('',*,*,#6411,.T.);
#3949=ORIENTED_EDGE('',*,*,#6715,.T.);
#3950=ORIENTED_EDGE('',*,*,#6331,.T.);
#3951=CARTESIAN_POINT('',(6.23,65.31525,8.36499999999999));
#3952=DIRECTION('',(-1.0,0.0,-6.49709167032512E-16));
#3953=DIRECTION('',(-6.49709167032512E-16,0.0,1.0));
#3954=ORIENTED_EDGE('',*,*,#6715,.F.);
#3955=ORIENTED_EDGE('',*,*,#6410,.T.);
#3956=ORIENTED_EDGE('',*,*,#6716,.T.);
#3957=ORIENTED_EDGE('',*,*,#6327,.T.);
#3958=CARTESIAN_POINT('',(6.165,65.31525,5.75999999999999));
#3959=DIRECTION('',(0.0,0.0,-1.0));
#3960=DIRECTION('',(0.0,-1.0,0.0));
#3961=ORIENTED_EDGE('',*,*,#6717,.T.);
#3962=ORIENTED_EDGE('',*,*,#6413,.T.);
#3963=ORIENTED_EDGE('',*,*,#6718,.T.);
#3964=ORIENTED_EDGE('',*,*,#6329,.T.);
#3965=CARTESIAN_POINT('',(8.77,65.31525,5.69499999999999));
#3966=DIRECTION('',(1.0,0.0,0.0));
#3967=DIRECTION('',(0.0,1.0,0.0));
#3968=ORIENTED_EDGE('',*,*,#6718,.F.);
#3969=ORIENTED_EDGE('',*,*,#6412,.T.);
#3970=ORIENTED_EDGE('',*,*,#6714,.T.);
#3971=ORIENTED_EDGE('',*,*,#6330,.T.);
#3972=CARTESIAN_POINT('',(8.835,65.31525,8.29999999999999));
#3973=DIRECTION('',(0.0,0.0,1.0));
#3974=DIRECTION('',(1.0,0.0,0.0));
#3975=ORIENTED_EDGE('',*,*,#6719,.F.);
#3976=ORIENTED_EDGE('',*,*,#6396,.T.);
#3977=ORIENTED_EDGE('',*,*,#6720,.T.);
#3978=ORIENTED_EDGE('',*,*,#6298,.T.);
#3979=CARTESIAN_POINT('',(3.23,65.31525,8.36499999999999));
#3980=DIRECTION('',(-1.0,0.0,0.0));
#3981=DIRECTION('',(0.0,0.0,1.0));
#3982=ORIENTED_EDGE('',*,*,#6721,.T.);
#3983=ORIENTED_EDGE('',*,*,#6399,.T.);
#3984=ORIENTED_EDGE('',*,*,#6722,.T.);
#3985=ORIENTED_EDGE('',*,*,#6300,.T.);
#3986=CARTESIAN_POINT('',(3.165,65.31525,5.75999999999999));
#3987=DIRECTION('',(0.0,0.0,-1.0));
#3988=DIRECTION('',(0.0,-1.0,0.0));
#3989=ORIENTED_EDGE('',*,*,#6722,.F.);
#3990=ORIENTED_EDGE('',*,*,#6398,.T.);
#3991=ORIENTED_EDGE('',*,*,#6723,.T.);
#3992=ORIENTED_EDGE('',*,*,#6301,.T.);
#3993=CARTESIAN_POINT('',(5.77,65.31525,5.69499999999999));
#3994=DIRECTION('',(1.0,0.0,0.0));
#3995=DIRECTION('',(0.0,1.0,0.0));
#3996=ORIENTED_EDGE('',*,*,#6723,.F.);
#3997=ORIENTED_EDGE('',*,*,#6397,.T.);
#3998=ORIENTED_EDGE('',*,*,#6719,.T.);
#3999=ORIENTED_EDGE('',*,*,#6302,.T.);
#4000=CARTESIAN_POINT('',(5.835,65.31525,8.29999999999999));
#4001=DIRECTION('',(0.0,0.0,1.0));
#4002=DIRECTION('',(1.0,0.0,0.0));
#4003=ORIENTED_EDGE('',*,*,#6724,.F.);
#4004=ORIENTED_EDGE('',*,*,#6377,.T.);
#4005=ORIENTED_EDGE('',*,*,#6725,.T.);
#4006=ORIENTED_EDGE('',*,*,#6255,.T.);
#4007=CARTESIAN_POINT('',(-2.77,65.31525,5.365));
#4008=DIRECTION('',(-1.0,0.0,0.0));
#4009=DIRECTION('',(0.0,0.0,1.0));
#4010=ORIENTED_EDGE('',*,*,#6725,.F.);
#4011=ORIENTED_EDGE('',*,*,#6376,.T.);
#4012=ORIENTED_EDGE('',*,*,#6726,.T.);
#4013=ORIENTED_EDGE('',*,*,#6256,.T.);
#4014=CARTESIAN_POINT('',(-2.835,65.31525,2.76));
#4015=DIRECTION('',(0.0,0.0,-1.0));
#4016=DIRECTION('',(0.0,-1.0,0.0));
#4017=ORIENTED_EDGE('',*,*,#6727,.T.);
#4018=ORIENTED_EDGE('',*,*,#6379,.T.);
#4019=ORIENTED_EDGE('',*,*,#6728,.T.);
#4020=ORIENTED_EDGE('',*,*,#6258,.T.);
#4021=CARTESIAN_POINT('',(-0.230000000000003,65.31525,2.695));
#4022=DIRECTION('',(1.0,0.0,0.0));
#4023=DIRECTION('',(0.0,1.0,0.0));
#4024=ORIENTED_EDGE('',*,*,#6728,.F.);
#4025=ORIENTED_EDGE('',*,*,#6378,.T.);
#4026=ORIENTED_EDGE('',*,*,#6724,.T.);
#4027=ORIENTED_EDGE('',*,*,#6254,.T.);
#4028=CARTESIAN_POINT('',(-0.165000000000002,65.31525,5.3));
#4029=DIRECTION('',(0.0,0.0,1.0));
#4030=DIRECTION('',(1.0,0.0,0.0));
#4031=ORIENTED_EDGE('',*,*,#6729,.F.);
#4032=ORIENTED_EDGE('',*,*,#6401,.T.);
#4033=ORIENTED_EDGE('',*,*,#6730,.T.);
#4034=ORIENTED_EDGE('',*,*,#6293,.T.);
#4035=CARTESIAN_POINT('',(3.23,65.31525,5.36499999999999));
#4036=DIRECTION('',(-1.0,0.0,0.0));
#4037=DIRECTION('',(0.0,0.0,1.0));
#4038=ORIENTED_EDGE('',*,*,#6731,.T.);
#4039=ORIENTED_EDGE('',*,*,#6404,.T.);
#4040=ORIENTED_EDGE('',*,*,#6732,.T.);
#4041=ORIENTED_EDGE('',*,*,#6290,.T.);
#4042=CARTESIAN_POINT('',(3.165,65.31525,2.75999999999999));
#4043=DIRECTION('',(0.0,0.0,-1.0));
#4044=DIRECTION('',(0.0,-1.0,0.0));
#4045=ORIENTED_EDGE('',*,*,#6732,.F.);
#4046=ORIENTED_EDGE('',*,*,#6403,.T.);
#4047=ORIENTED_EDGE('',*,*,#6733,.T.);
#4048=ORIENTED_EDGE('',*,*,#6291,.T.);
#4049=CARTESIAN_POINT('',(5.77,65.31525,2.69499999999999));
#4050=DIRECTION('',(1.0,0.0,0.0));
#4051=DIRECTION('',(0.0,1.0,0.0));
#4052=ORIENTED_EDGE('',*,*,#6733,.F.);
#4053=ORIENTED_EDGE('',*,*,#6402,.T.);
#4054=ORIENTED_EDGE('',*,*,#6729,.T.);
#4055=ORIENTED_EDGE('',*,*,#6292,.T.);
#4056=CARTESIAN_POINT('',(5.835,65.31525,5.29999999999999));
#4057=DIRECTION('',(0.0,0.0,1.0));
#4058=DIRECTION('',(1.0,0.0,0.0));
#4059=ORIENTED_EDGE('',*,*,#6734,.F.);
#4060=ORIENTED_EDGE('',*,*,#6382,.T.);
#4061=ORIENTED_EDGE('',*,*,#6735,.T.);
#4062=ORIENTED_EDGE('',*,*,#6267,.T.);
#4063=CARTESIAN_POINT('',(-2.77,65.31525,8.365));
#4064=DIRECTION('',(-1.0,0.0,0.0));
#4065=DIRECTION('',(0.0,0.0,1.0));
#4066=ORIENTED_EDGE('',*,*,#6735,.F.);
#4067=ORIENTED_EDGE('',*,*,#6381,.T.);
#4068=ORIENTED_EDGE('',*,*,#6736,.T.);
#4069=ORIENTED_EDGE('',*,*,#6263,.T.);
#4070=CARTESIAN_POINT('',(-2.835,65.31525,5.76));
#4071=DIRECTION('',(0.0,0.0,-1.0));
#4072=DIRECTION('',(0.0,-1.0,0.0));
#4073=ORIENTED_EDGE('',*,*,#6737,.T.);
#4074=ORIENTED_EDGE('',*,*,#6384,.T.);
#4075=ORIENTED_EDGE('',*,*,#6738,.T.);
#4076=ORIENTED_EDGE('',*,*,#6265,.T.);
#4077=CARTESIAN_POINT('',(-0.230000000000003,65.31525,5.695));
#4078=DIRECTION('',(1.0,0.0,0.0));
#4079=DIRECTION('',(0.0,1.0,0.0));
#4080=ORIENTED_EDGE('',*,*,#6738,.F.);
#4081=ORIENTED_EDGE('',*,*,#6383,.T.);
#4082=ORIENTED_EDGE('',*,*,#6734,.T.);
#4083=ORIENTED_EDGE('',*,*,#6266,.T.);
#4084=CARTESIAN_POINT('',(-0.165000000000002,65.31525,8.3));
#4085=DIRECTION('',(0.0,0.0,1.0));
#4086=DIRECTION('',(1.0,0.0,0.0));
#4087=ORIENTED_EDGE('',*,*,#6711,.F.);
#4088=ORIENTED_EDGE('',*,*,#6409,.T.);
#4089=ORIENTED_EDGE('',*,*,#6712,.F.);
#4090=ORIENTED_EDGE('',*,*,#6321,.F.);
#4091=CARTESIAN_POINT('',(8.12,65.31525,2.75999999999999));
#4092=DIRECTION('',(-0.707106781186547,0.0,0.707106781186548));
#4093=DIRECTION('',(0.0,1.0,0.0));
#4094=ORIENTED_EDGE('',*,*,#6730,.F.);
#4095=ORIENTED_EDGE('',*,*,#6400,.T.);
#4096=ORIENTED_EDGE('',*,*,#6731,.F.);
#4097=ORIENTED_EDGE('',*,*,#6289,.F.);
#4098=CARTESIAN_POINT('',(3.23,65.31525,3.40999999999999));
#4099=DIRECTION('',(0.707106781186548,0.0,0.707106781186547));
#4100=DIRECTION('',(0.0,-1.0,0.0));
#4101=ORIENTED_EDGE('',*,*,#6682,.F.);
#4102=ORIENTED_EDGE('',*,*,#6390,.T.);
#4103=ORIENTED_EDGE('',*,*,#6683,.F.);
#4104=ORIENTED_EDGE('',*,*,#6275,.F.);
#4105=CARTESIAN_POINT('',(2.12,65.31525,2.76));
#4106=DIRECTION('',(-0.707106781186548,0.0,0.707106781186547));
#4107=DIRECTION('',(0.0,1.0,0.0));
#4108=ORIENTED_EDGE('',*,*,#6726,.F.);
#4109=ORIENTED_EDGE('',*,*,#6380,.T.);
#4110=ORIENTED_EDGE('',*,*,#6727,.F.);
#4111=ORIENTED_EDGE('',*,*,#6257,.F.);
#4112=CARTESIAN_POINT('',(-0.880000000000002,65.31525,2.76));
#4113=DIRECTION('',(-0.707106781186548,0.0,0.707106781186547));
#4114=DIRECTION('',(0.0,1.0,0.0));
#4115=ORIENTED_EDGE('',*,*,#6691,.F.);
#4116=ORIENTED_EDGE('',*,*,#6360,.T.);
#4117=ORIENTED_EDGE('',*,*,#6692,.F.);
#4118=ORIENTED_EDGE('',*,*,#6239,.F.);
#4119=CARTESIAN_POINT('',(-3.88,65.31525,2.76));
#4120=DIRECTION('',(-0.707106781186547,0.0,0.707106781186548));
#4121=DIRECTION('',(0.0,1.0,0.0));
#4122=ORIENTED_EDGE('',*,*,#6701,.F.);
#4123=ORIENTED_EDGE('',*,*,#6365,.T.);
#4124=ORIENTED_EDGE('',*,*,#6702,.F.);
#4125=ORIENTED_EDGE('',*,*,#6162,.F.);
#4126=CARTESIAN_POINT('',(-6.88,65.31525,2.76));
#4127=DIRECTION('',(-0.707106781186548,0.0,0.707106781186547));
#4128=DIRECTION('',(0.0,1.0,0.0));
#4129=ORIENTED_EDGE('',*,*,#6716,.F.);
#4130=ORIENTED_EDGE('',*,*,#6414,.T.);
#4131=ORIENTED_EDGE('',*,*,#6717,.F.);
#4132=ORIENTED_EDGE('',*,*,#6328,.F.);
#4133=CARTESIAN_POINT('',(8.12,65.31525,5.75999999999999));
#4134=DIRECTION('',(-0.707106781186547,0.0,0.707106781186548));
#4135=DIRECTION('',(0.0,1.0,0.0));
#4136=ORIENTED_EDGE('',*,*,#6720,.F.);
#4137=ORIENTED_EDGE('',*,*,#6395,.T.);
#4138=ORIENTED_EDGE('',*,*,#6721,.F.);
#4139=ORIENTED_EDGE('',*,*,#6299,.F.);
#4140=CARTESIAN_POINT('',(3.23,65.31525,6.40999999999999));
#4141=DIRECTION('',(0.707106781186548,0.0,0.707106781186547));
#4142=DIRECTION('',(0.0,-1.0,0.0));
#4143=ORIENTED_EDGE('',*,*,#6736,.F.);
#4144=ORIENTED_EDGE('',*,*,#6385,.T.);
#4145=ORIENTED_EDGE('',*,*,#6737,.F.);
#4146=ORIENTED_EDGE('',*,*,#6264,.F.);
#4147=CARTESIAN_POINT('',(-0.880000000000002,65.31525,5.76));
#4148=DIRECTION('',(-0.707106781186548,0.0,0.707106781186547));
#4149=DIRECTION('',(0.0,1.0,0.0));
#4150=ORIENTED_EDGE('',*,*,#6696,.F.);
#4151=ORIENTED_EDGE('',*,*,#6375,.T.);
#4152=ORIENTED_EDGE('',*,*,#6697,.F.);
#4153=ORIENTED_EDGE('',*,*,#6246,.F.);
#4154=CARTESIAN_POINT('',(-3.88,65.31525,5.76));
#4155=DIRECTION('',(-0.707106781186547,0.0,0.707106781186548));
#4156=DIRECTION('',(0.0,1.0,0.0));
#4157=ORIENTED_EDGE('',*,*,#6706,.F.);
#4158=ORIENTED_EDGE('',*,*,#6370,.T.);
#4159=ORIENTED_EDGE('',*,*,#6707,.F.);
#4160=ORIENTED_EDGE('',*,*,#6228,.F.);
#4161=CARTESIAN_POINT('',(-6.88,65.31525,5.76));
#4162=DIRECTION('',(-0.707106781186548,0.0,0.707106781186548));
#4163=DIRECTION('',(0.0,1.0,0.0));
#4164=ORIENTED_EDGE('',*,*,#6739,.T.);
#4165=ORIENTED_EDGE('',*,*,#6740,.F.);
#4166=ORIENTED_EDGE('',*,*,#6741,.F.);
#4167=ORIENTED_EDGE('',*,*,#6742,.T.);
#4168=CARTESIAN_POINT('',(7.0799976,6.28274776864918,6.5601));
#4169=DIRECTION('',(-1.0,5.55111512312578E-17,0.0));
#4170=DIRECTION('',(0.0,0.0,-1.0));
#4171=ORIENTED_EDGE('',*,*,#6743,.T.);
#4172=ORIENTED_EDGE('',*,*,#6744,.T.);
#4173=ORIENTED_EDGE('',*,*,#6745,.F.);
#4174=ORIENTED_EDGE('',*,*,#6740,.T.);
#4175=CARTESIAN_POINT('',(7.0799976,3.2685,6.7125));
#4176=DIRECTION('',(-1.11022302462516E-16,0.0,1.0));
#4177=DIRECTION('',(1.0,-0.0,1.11022302462516E-16));
#4178=ORIENTED_EDGE('',*,*,#6744,.F.);
#4179=ORIENTED_EDGE('',*,*,#6746,.T.);
#4180=ORIENTED_EDGE('',*,*,#6747,.T.);
#4181=ORIENTED_EDGE('',*,*,#6748,.T.);
#4182=CARTESIAN_POINT('',(7.82000000000001,2.15,7.13851326801685));
#4183=DIRECTION('',(-5.55111512312578E-17,-1.0,-6.16297582203917E-33));
#4184=DIRECTION('',(-1.0,5.55111512312578E-17,0.0));
#4185=ORIENTED_EDGE('',*,*,#6747,.F.);
#4186=ORIENTED_EDGE('',*,*,#6749,.T.);
#4187=ORIENTED_EDGE('',*,*,#6750,.F.);
#4188=ORIENTED_EDGE('',*,*,#6751,.F.);
#4189=CARTESIAN_POINT('',(7.82000000000001,6.28274776864918,7.3475));
#4190=DIRECTION('',(-1.11022302462516E-16,0.0,1.0));
#4191=DIRECTION('',(1.0,-0.0,1.11022302462516E-16));
#4192=ORIENTED_EDGE('',*,*,#6752,.T.);
#4193=ORIENTED_EDGE('',*,*,#6753,.F.);
#4194=ORIENTED_EDGE('',*,*,#6754,.F.);
#4195=ORIENTED_EDGE('',*,*,#6750,.T.);
#4196=CARTESIAN_POINT('',(7.82000000000001,6.28274776864918,7.4999));
#4197=DIRECTION('',(-1.0,5.55111512312578E-17,0.0));
#4198=DIRECTION('',(0.0,0.0,-1.0));
#4199=ORIENTED_EDGE('',*,*,#6755,.F.);
#4200=ORIENTED_EDGE('',*,*,#6335,.T.);
#4201=ORIENTED_EDGE('',*,*,#6756,.F.);
#4202=ORIENTED_EDGE('',*,*,#6752,.F.);
#4203=ORIENTED_EDGE('',*,*,#6749,.F.);
#4204=ORIENTED_EDGE('',*,*,#6746,.F.);
#4205=ORIENTED_EDGE('',*,*,#6743,.F.);
#4206=ORIENTED_EDGE('',*,*,#6739,.F.);
#4207=CARTESIAN_POINT('',(7.82,15.9596386162432,15.1173395601322));
#4208=DIRECTION('',(1.0,-5.55111512312578E-17,1.11022302462516E-16));
#4209=DIRECTION('',(-1.11022302462516E-16,0.0,1.0));
#4210=ORIENTED_EDGE('',*,*,#6333,.F.);
#4211=ORIENTED_EDGE('',*,*,#6757,.T.);
#4212=ORIENTED_EDGE('',*,*,#6741,.T.);
#4213=ORIENTED_EDGE('',*,*,#6745,.T.);
#4214=ORIENTED_EDGE('',*,*,#6748,.F.);
#4215=ORIENTED_EDGE('',*,*,#6751,.T.);
#4216=ORIENTED_EDGE('',*,*,#6754,.T.);
#4217=ORIENTED_EDGE('',*,*,#6758,.T.);
#4218=CARTESIAN_POINT('',(7.18,17.6449,4.1471));
#4219=DIRECTION('',(-1.0,5.55111512312578E-17,-1.11022302462516E-16));
#4220=DIRECTION('',(-1.11022302462516E-16,0.0,1.0));
#4221=ORIENTED_EDGE('',*,*,#6334,.F.);
#4222=ORIENTED_EDGE('',*,*,#6758,.F.);
#4223=ORIENTED_EDGE('',*,*,#6753,.T.);
#4224=ORIENTED_EDGE('',*,*,#6756,.T.);
#4225=CARTESIAN_POINT('',(7.0799976,7.3833,7.4491));
#4226=DIRECTION('',(1.11022302462516E-16,0.0,-1.0));
#4227=DIRECTION('',(0.0,-1.0,0.0));
#4228=ORIENTED_EDGE('',*,*,#6332,.F.);
#4229=ORIENTED_EDGE('',*,*,#6755,.T.);
#4230=ORIENTED_EDGE('',*,*,#6742,.F.);
#4231=ORIENTED_EDGE('',*,*,#6757,.F.);
#4232=CARTESIAN_POINT('',(7.0799976,6.5959,6.6109));
#4233=DIRECTION('',(-1.11022302462516E-16,0.0,1.0));
#4234=DIRECTION('',(1.0,-0.0,1.11022302462516E-16));
#4235=ORIENTED_EDGE('',*,*,#6177,.F.);
#4236=ORIENTED_EDGE('',*,*,#6759,.T.);
#4237=ORIENTED_EDGE('',*,*,#6760,.F.);
#4238=ORIENTED_EDGE('',*,*,#6761,.T.);
#4239=CARTESIAN_POINT('',(7.18,12.2093,6.4839));
#4240=DIRECTION('',(1.11022302462516E-16,-3.28429327576129E-47,-1.0));
#4241=DIRECTION('',(0.0,-1.0,3.28429327576129E-47));
#4242=ORIENTED_EDGE('',*,*,#6179,.F.);
#4243=ORIENTED_EDGE('',*,*,#6762,.T.);
#4244=ORIENTED_EDGE('',*,*,#6763,.F.);
#4245=ORIENTED_EDGE('',*,*,#6764,.F.);
#4246=CARTESIAN_POINT('',(7.18,9.19376261624321,7.1189));
#4247=DIRECTION('',(-1.11022302462516E-16,3.28429327576129E-47,1.0));
#4248=DIRECTION('',(1.0,-0.0,1.11022302462516E-16));
#4249=ORIENTED_EDGE('',*,*,#6759,.F.);
#4250=ORIENTED_EDGE('',*,*,#6176,.T.);
#4251=ORIENTED_EDGE('',*,*,#6764,.T.);
#4252=ORIENTED_EDGE('',*,*,#6765,.T.);
#4253=ORIENTED_EDGE('',*,*,#6766,.F.);
#4254=ORIENTED_EDGE('',*,*,#6767,.T.);
#4255=ORIENTED_EDGE('',*,*,#6768,.F.);
#4256=CARTESIAN_POINT('',(7.18,17.6449,4.1471));
#4257=DIRECTION('',(-1.0,5.55111512312578E-17,-1.11022302462516E-16));
#4258=DIRECTION('',(-1.11022302462516E-16,0.0,1.0));
#4259=ORIENTED_EDGE('',*,*,#6178,.F.);
#4260=ORIENTED_EDGE('',*,*,#6761,.F.);
#4261=ORIENTED_EDGE('',*,*,#6769,.T.);
#4262=ORIENTED_EDGE('',*,*,#6770,.F.);
#4263=ORIENTED_EDGE('',*,*,#6771,.F.);
#4264=ORIENTED_EDGE('',*,*,#6772,.F.);
#4265=ORIENTED_EDGE('',*,*,#6762,.F.);
#4266=CARTESIAN_POINT('',(7.82,15.9596386162432,15.1173395601322));
#4267=DIRECTION('',(1.0,-5.55111512312578E-17,1.11022302462516E-16));
#4268=DIRECTION('',(-1.11022302462516E-16,0.0,1.0));
#4269=ORIENTED_EDGE('',*,*,#6771,.T.);
#4270=ORIENTED_EDGE('',*,*,#6773,.T.);
#4271=ORIENTED_EDGE('',*,*,#6766,.T.);
#4272=ORIENTED_EDGE('',*,*,#6774,.T.);
#4273=CARTESIAN_POINT('',(7.18000000000001,12.0285132680168,-1.67));
#4274=DIRECTION('',(1.11022302462516E-16,-3.28429327576129E-47,-1.0));
#4275=DIRECTION('',(0.0,-1.0,3.28429327576129E-47));
#4276=ORIENTED_EDGE('',*,*,#6774,.F.);
#4277=ORIENTED_EDGE('',*,*,#6765,.F.);
#4278=ORIENTED_EDGE('',*,*,#6763,.T.);
#4279=ORIENTED_EDGE('',*,*,#6772,.T.);
#4280=CARTESIAN_POINT('',(7.18,12.2375,7.1189));
#4281=DIRECTION('',(5.55111512312578E-17,1.0,6.16297582203914E-33));
#4282=DIRECTION('',(1.0,-5.55111512312578E-17,0.0));
#4283=ORIENTED_EDGE('',*,*,#6773,.F.);
#4284=ORIENTED_EDGE('',*,*,#6770,.T.);
#4285=ORIENTED_EDGE('',*,*,#6775,.T.);
#4286=ORIENTED_EDGE('',*,*,#6767,.F.);
#4287=CARTESIAN_POINT('',(7.18,11.6025,2.85044843986784));
#4288=DIRECTION('',(-5.55111512312578E-17,-1.0,-6.16297582203914E-33));
#4289=DIRECTION('',(-1.0,5.55111512312578E-17,0.0));
#4290=ORIENTED_EDGE('',*,*,#6775,.F.);
#4291=ORIENTED_EDGE('',*,*,#6769,.F.);
#4292=ORIENTED_EDGE('',*,*,#6760,.T.);
#4293=ORIENTED_EDGE('',*,*,#6768,.T.);
#4294=CARTESIAN_POINT('',(7.82000000000001,11.0945,5.9759));
#4295=DIRECTION('',(1.0,-5.55111512312578E-17,0.0));
#4296=DIRECTION('',(0.0,0.0,1.0));
#4297=ORIENTED_EDGE('',*,*,#6776,.T.);
#4298=ORIENTED_EDGE('',*,*,#6777,.F.);
#4299=ORIENTED_EDGE('',*,*,#6778,.F.);
#4300=ORIENTED_EDGE('',*,*,#6779,.T.);
#4301=CARTESIAN_POINT('',(7.82000000000001,6.28274776864918,4.4999));
#4302=DIRECTION('',(-1.0,5.55111512312578E-17,0.0));
#4303=DIRECTION('',(0.0,0.0,-1.0));
#4304=ORIENTED_EDGE('',*,*,#6780,.F.);
#4305=ORIENTED_EDGE('',*,*,#6781,.T.);
#4306=ORIENTED_EDGE('',*,*,#6779,.F.);
#4307=ORIENTED_EDGE('',*,*,#6782,.F.);
#4308=CARTESIAN_POINT('',(7.82000000000001,6.28274776864918,4.3475));
#4309=DIRECTION('',(-1.11022302462516E-16,0.0,1.0));
#4310=DIRECTION('',(1.0,-0.0,1.11022302462516E-16));
#4311=ORIENTED_EDGE('',*,*,#6783,.F.);
#4312=ORIENTED_EDGE('',*,*,#6784,.T.);
#4313=ORIENTED_EDGE('',*,*,#6780,.T.);
#4314=ORIENTED_EDGE('',*,*,#6785,.F.);
#4315=CARTESIAN_POINT('',(7.82000000000001,2.15,4.13851326801685));
#4316=DIRECTION('',(-5.55111512312578E-17,-1.0,-6.16297582203917E-33));
#4317=DIRECTION('',(-1.0,5.55111512312578E-17,0.0));
#4318=ORIENTED_EDGE('',*,*,#6786,.T.);
#4319=ORIENTED_EDGE('',*,*,#6783,.T.);
#4320=ORIENTED_EDGE('',*,*,#6787,.F.);
#4321=ORIENTED_EDGE('',*,*,#6788,.T.);
#4322=CARTESIAN_POINT('',(7.0799976,3.2685,3.7125));
#4323=DIRECTION('',(-1.11022302462516E-16,0.0,1.0));
#4324=DIRECTION('',(1.0,-0.0,1.11022302462516E-16));
#4325=ORIENTED_EDGE('',*,*,#6789,.T.);
#4326=ORIENTED_EDGE('',*,*,#6788,.F.);
#4327=ORIENTED_EDGE('',*,*,#6790,.F.);
#4328=ORIENTED_EDGE('',*,*,#6791,.T.);
#4329=CARTESIAN_POINT('',(7.0799976,6.28274776864918,3.5601));
#4330=DIRECTION('',(-1.0,5.55111512312578E-17,0.0));
#4331=DIRECTION('',(0.0,0.0,-1.0));
#4332=ORIENTED_EDGE('',*,*,#6325,.F.);
#4333=ORIENTED_EDGE('',*,*,#6792,.T.);
#4334=ORIENTED_EDGE('',*,*,#6790,.T.);
#4335=ORIENTED_EDGE('',*,*,#6787,.T.);
#4336=ORIENTED_EDGE('',*,*,#6785,.T.);
#4337=ORIENTED_EDGE('',*,*,#6782,.T.);
#4338=ORIENTED_EDGE('',*,*,#6778,.T.);
#4339=ORIENTED_EDGE('',*,*,#6793,.T.);
#4340=CARTESIAN_POINT('',(7.18000000000001,15.9596386162432,19.7173395601322));
#4341=DIRECTION('',(1.0,-5.55111512312578E-17,1.11022302462516E-16));
#4342=DIRECTION('',(-1.11022302462516E-16,0.0,1.0));
#4343=ORIENTED_EDGE('',*,*,#6326,.F.);
#4344=ORIENTED_EDGE('',*,*,#6793,.F.);
#4345=ORIENTED_EDGE('',*,*,#6777,.T.);
#4346=ORIENTED_EDGE('',*,*,#6794,.T.);
#4347=CARTESIAN_POINT('',(7.0799976,7.3833,4.4491));
#4348=DIRECTION('',(1.11022302462516E-16,0.0,-1.0));
#4349=DIRECTION('',(0.0,-1.0,0.0));
#4350=ORIENTED_EDGE('',*,*,#6795,.F.);
#4351=ORIENTED_EDGE('',*,*,#6323,.T.);
#4352=ORIENTED_EDGE('',*,*,#6794,.F.);
#4353=ORIENTED_EDGE('',*,*,#6776,.F.);
#4354=ORIENTED_EDGE('',*,*,#6781,.F.);
#4355=ORIENTED_EDGE('',*,*,#6784,.F.);
#4356=ORIENTED_EDGE('',*,*,#6786,.F.);
#4357=ORIENTED_EDGE('',*,*,#6789,.F.);
#4358=CARTESIAN_POINT('',(7.82,15.9596386162432,12.1173395601322));
#4359=DIRECTION('',(1.0,-5.55111512312578E-17,1.11022302462516E-16));
#4360=DIRECTION('',(-1.11022302462516E-16,0.0,1.0));
#4361=ORIENTED_EDGE('',*,*,#6324,.F.);
#4362=ORIENTED_EDGE('',*,*,#6795,.T.);
#4363=ORIENTED_EDGE('',*,*,#6791,.F.);
#4364=ORIENTED_EDGE('',*,*,#6792,.F.);
#4365=CARTESIAN_POINT('',(7.0799976,6.5959,3.6109));
#4366=DIRECTION('',(-1.11022302462516E-16,0.0,1.0));
#4367=DIRECTION('',(1.0,-0.0,1.11022302462516E-16));
#4368=ORIENTED_EDGE('',*,*,#6796,.F.);
#4369=ORIENTED_EDGE('',*,*,#6465,.T.);
#4370=ORIENTED_EDGE('',*,*,#6797,.F.);
#4371=ORIENTED_EDGE('',*,*,#6798,.F.);
#4372=CARTESIAN_POINT('',(7.82,15.9596386162432,12.1173395601322));
#4373=DIRECTION('',(1.0,-5.55111512312578E-17,1.11022302462516E-16));
#4374=DIRECTION('',(-1.11022302462516E-16,0.0,1.0));
#4375=ORIENTED_EDGE('',*,*,#6467,.F.);
#4376=ORIENTED_EDGE('',*,*,#6799,.T.);
#4377=ORIENTED_EDGE('',*,*,#6800,.T.);
#4378=ORIENTED_EDGE('',*,*,#6801,.F.);
#4379=CARTESIAN_POINT('',(7.18000000000001,15.9596386162432,19.7173395601322));
#4380=DIRECTION('',(1.0,-5.55111512312578E-17,1.11022302462516E-16));
#4381=DIRECTION('',(-1.11022302462516E-16,0.0,1.0));
#4382=ORIENTED_EDGE('',*,*,#6800,.F.);
#4383=ORIENTED_EDGE('',*,*,#6802,.T.);
#4384=ORIENTED_EDGE('',*,*,#6798,.T.);
#4385=ORIENTED_EDGE('',*,*,#6803,.T.);
#4386=CARTESIAN_POINT('',(7.18000000000001,9.02851326801685,-1.67));
#4387=DIRECTION('',(1.11022302462516E-16,-3.28429327576129E-47,-1.0));
#4388=DIRECTION('',(0.0,-1.0,3.28429327576129E-47));
#4389=ORIENTED_EDGE('',*,*,#6797,.T.);
#4390=ORIENTED_EDGE('',*,*,#6464,.T.);
#4391=ORIENTED_EDGE('',*,*,#6801,.T.);
#4392=ORIENTED_EDGE('',*,*,#6803,.F.);
#4393=CARTESIAN_POINT('',(7.18000000000001,8.6025,-0.770599999999998));
#4394=DIRECTION('',(-5.55111512312578E-17,-1.0,-6.16297582203914E-33));
#4395=DIRECTION('',(-1.0,5.55111512312578E-17,0.0));
#4396=ORIENTED_EDGE('',*,*,#6799,.F.);
#4397=ORIENTED_EDGE('',*,*,#6466,.T.);
#4398=ORIENTED_EDGE('',*,*,#6796,.T.);
#4399=ORIENTED_EDGE('',*,*,#6802,.F.);
#4400=CARTESIAN_POINT('',(7.82000000000001,9.2375,2.77280406947096));
#4401=DIRECTION('',(5.55111512312578E-17,1.0,6.16297582203917E-33));
#4402=DIRECTION('',(1.0,-5.55111512312578E-17,0.0));
#4403=ORIENTED_EDGE('',*,*,#6804,.F.);
#4404=ORIENTED_EDGE('',*,*,#6805,.T.);
#4405=ORIENTED_EDGE('',*,*,#6806,.T.);
#4406=ORIENTED_EDGE('',*,*,#6807,.F.);
#4407=CARTESIAN_POINT('',(3.0,7.09999875621121,4.50101761241669));
#4408=DIRECTION('',(1.27009445125017E-31,1.0,1.17145536458252E-15));
#4409=DIRECTION('',(0.0,1.17145536458252E-15,-1.0));
#4410=ORIENTED_EDGE('',*,*,#6808,.F.);
#4411=ORIENTED_EDGE('',*,*,#6809,.T.);
#4412=ORIENTED_EDGE('',*,*,#6804,.T.);
#4413=ORIENTED_EDGE('',*,*,#6810,.F.);
#4414=CARTESIAN_POINT('',(3.15,7.39999875621121,-1.67000238758331));
#4415=DIRECTION('',(1.08420217248551E-16,-1.17145536458252E-15,1.0));
#4416=DIRECTION('',(0.0,-1.0,-1.17145536458252E-15));
#4417=ORIENTED_EDGE('',*,*,#6811,.T.);
#4418=ORIENTED_EDGE('',*,*,#6812,.T.);
#4419=ORIENTED_EDGE('',*,*,#6813,.F.);
#4420=ORIENTED_EDGE('',*,*,#6808,.T.);
#4421=CARTESIAN_POINT('',(3.0,7.39999875621121,4.50101761241669));
#4422=DIRECTION('',(1.27009445125017E-31,1.0,1.17145536458252E-15));
#4423=DIRECTION('',(0.0,1.17145536458252E-15,-1.0));
#4424=ORIENTED_EDGE('',*,*,#6814,.F.);
#4425=ORIENTED_EDGE('',*,*,#6815,.F.);
#4426=ORIENTED_EDGE('',*,*,#6816,.F.);
#4427=ORIENTED_EDGE('',*,*,#6806,.F.);
#4428=CARTESIAN_POINT('',(2.85,5.60151691047906,1.68000000000001));
#4429=DIRECTION('',(1.08420217248551E-16,2.54018890250035E-31,1.0));
#4430=DIRECTION('',(1.0,0.0,-1.08420217248551E-16));
#4431=ORIENTED_EDGE('',*,*,#6817,.F.);
#4432=ORIENTED_EDGE('',*,*,#6312,.T.);
#4433=ORIENTED_EDGE('',*,*,#6818,.T.);
#4434=ORIENTED_EDGE('',*,*,#6815,.T.);
#4435=CARTESIAN_POINT('',(2.85,5.59999691047906,1.43000000000001));
#4436=DIRECTION('',(-9.02110736738298E-17,0.554700196225228,-0.832050294337844));
#4437=DIRECTION('',(-1.0,0.0,1.08420217248551E-16));
#4438=ORIENTED_EDGE('',*,*,#6147,.F.);
#4439=ORIENTED_EDGE('',*,*,#6090,.T.);
#4440=ORIENTED_EDGE('',*,*,#6819,.F.);
#4441=ORIENTED_EDGE('',*,*,#6811,.F.);
#4442=ORIENTED_EDGE('',*,*,#6810,.T.);
#4443=ORIENTED_EDGE('',*,*,#6807,.T.);
#4444=ORIENTED_EDGE('',*,*,#6816,.T.);
#4445=ORIENTED_EDGE('',*,*,#6818,.F.);
#4446=ORIENTED_EDGE('',*,*,#6317,.T.);
#4447=CARTESIAN_POINT('',(2.85,6.46972771695649,5.19547652994287));
#4448=DIRECTION('',(-1.0,2.75407832661446E-47,1.08420217248551E-16));
#4449=DIRECTION('',(2.75407832661446E-47,1.0,0.0));
#4450=ORIENTED_EDGE('',*,*,#6088,.F.);
#4451=ORIENTED_EDGE('',*,*,#6307,.T.);
#4452=ORIENTED_EDGE('',*,*,#6313,.F.);
#4453=ORIENTED_EDGE('',*,*,#6817,.T.);
#4454=ORIENTED_EDGE('',*,*,#6814,.T.);
#4455=ORIENTED_EDGE('',*,*,#6805,.F.);
#4456=ORIENTED_EDGE('',*,*,#6809,.F.);
#4457=ORIENTED_EDGE('',*,*,#6813,.T.);
#4458=ORIENTED_EDGE('',*,*,#6820,.T.);
#4459=CARTESIAN_POINT('',(3.15,6.46972771695649,5.19547652994287));
#4460=DIRECTION('',(-1.0,2.75407832661446E-47,1.08420217248551E-16));
#4461=DIRECTION('',(2.75407832661446E-47,1.0,0.0));
#4462=ORIENTED_EDGE('',*,*,#6819,.T.);
#4463=ORIENTED_EDGE('',*,*,#6089,.T.);
#4464=ORIENTED_EDGE('',*,*,#6820,.F.);
#4465=ORIENTED_EDGE('',*,*,#6812,.F.);
#4466=CARTESIAN_POINT('',(0.179999999999999,5.40151691047906,2.27999999999998));
#4467=DIRECTION('',(1.08420217248551E-16,4.33680868994202E-15,1.0));
#4468=DIRECTION('',(0.0,-1.0,4.33680868994202E-15));
#4469=ORIENTED_EDGE('',*,*,#6103,.F.);
#4470=ORIENTED_EDGE('',*,*,#6821,.T.);
#4471=ORIENTED_EDGE('',*,*,#6822,.T.);
#4472=ORIENTED_EDGE('',*,*,#6823,.F.);
#4473=CARTESIAN_POINT('',(3.15,6.46972771695649,5.19547652994287));
#4474=DIRECTION('',(-1.0,2.75407832661446E-47,1.08420217248551E-16));
#4475=DIRECTION('',(2.75407832661446E-47,1.0,0.0));
#4476=ORIENTED_EDGE('',*,*,#6824,.F.);
#4477=ORIENTED_EDGE('',*,*,#6105,.T.);
#4478=ORIENTED_EDGE('',*,*,#6825,.T.);
#4479=ORIENTED_EDGE('',*,*,#6826,.T.);
#4480=CARTESIAN_POINT('',(2.85,6.46972771695649,5.19547652994287));
#4481=DIRECTION('',(-1.0,2.75407832661446E-47,1.08420217248551E-16));
#4482=DIRECTION('',(2.75407832661446E-47,1.0,0.0));
#4483=ORIENTED_EDGE('',*,*,#6104,.F.);
#4484=ORIENTED_EDGE('',*,*,#6823,.T.);
#4485=ORIENTED_EDGE('',*,*,#6827,.T.);
#4486=ORIENTED_EDGE('',*,*,#6828,.F.);
#4487=ORIENTED_EDGE('',*,*,#6829,.F.);
#4488=ORIENTED_EDGE('',*,*,#6825,.F.);
#4489=CARTESIAN_POINT('',(2.85,7.60151691047906,1.43000000000001));
#4490=DIRECTION('',(1.08420217248551E-16,2.54018890250035E-31,1.0));
#4491=DIRECTION('',(1.0,0.0,-1.08420217248551E-16));
#4492=ORIENTED_EDGE('',*,*,#6106,.F.);
#4493=ORIENTED_EDGE('',*,*,#6824,.T.);
#4494=ORIENTED_EDGE('',*,*,#6830,.T.);
#4495=ORIENTED_EDGE('',*,*,#6831,.T.);
#4496=ORIENTED_EDGE('',*,*,#6832,.F.);
#4497=ORIENTED_EDGE('',*,*,#6821,.F.);
#4498=CARTESIAN_POINT('',(2.85,0.501516910479059,1.73000000000001));
#4499=DIRECTION('',(-1.08420217248551E-16,-2.54018890250035E-31,-1.0));
#4500=DIRECTION('',(-1.0,0.0,1.08420217248551E-16));
#4501=ORIENTED_EDGE('',*,*,#6826,.F.);
#4502=ORIENTED_EDGE('',*,*,#6829,.T.);
#4503=ORIENTED_EDGE('',*,*,#6833,.F.);
#4504=ORIENTED_EDGE('',*,*,#6830,.F.);
#4505=CARTESIAN_POINT('',(2.85,1.99999875621121,5.19547652994287));
#4506=DIRECTION('',(0.970142500145332,0.242535625036333,-1.07997883948139E-16));
#4507=DIRECTION('',(0.0,-4.45286682861375E-16,-1.0));
#4508=ORIENTED_EDGE('',*,*,#6822,.F.);
#4509=ORIENTED_EDGE('',*,*,#6832,.T.);
#4510=ORIENTED_EDGE('',*,*,#6834,.F.);
#4511=ORIENTED_EDGE('',*,*,#6827,.F.);
#4512=CARTESIAN_POINT('',(3.15,1.99999875621121,5.19547652994287));
#4513=DIRECTION('',(0.970142500145332,-0.242535625036333,-1.0236823730748E-16));
#4514=DIRECTION('',(0.0,4.22075055127034E-16,-1.0));
#4515=ORIENTED_EDGE('',*,*,#6833,.T.);
#4516=ORIENTED_EDGE('',*,*,#6828,.T.);
#4517=ORIENTED_EDGE('',*,*,#6834,.T.);
#4518=ORIENTED_EDGE('',*,*,#6831,.F.);
#4519=CARTESIAN_POINT('',(3.0,1.79999875621121,1.48000000000001));
#4520=DIRECTION('',(-0.0,-2.54018890250035E-31,-1.0));
#4521=DIRECTION('',(-1.0,0.0,0.0));
#4522=ORIENTED_EDGE('',*,*,#6835,.T.);
#4523=ORIENTED_EDGE('',*,*,#6836,.F.);
#4524=ORIENTED_EDGE('',*,*,#6837,.F.);
#4525=ORIENTED_EDGE('',*,*,#6838,.T.);
#4526=CARTESIAN_POINT('',(4.0799976,6.28274776864918,6.5601));
#4527=DIRECTION('',(-1.0,5.55111512312578E-17,0.0));
#4528=DIRECTION('',(0.0,0.0,-1.0));
#4529=ORIENTED_EDGE('',*,*,#6839,.T.);
#4530=ORIENTED_EDGE('',*,*,#6840,.T.);
#4531=ORIENTED_EDGE('',*,*,#6841,.F.);
#4532=ORIENTED_EDGE('',*,*,#6836,.T.);
#4533=CARTESIAN_POINT('',(4.0799976,3.2685,6.7125));
#4534=DIRECTION('',(-1.11022302462516E-16,0.0,1.0));
#4535=DIRECTION('',(1.0,-0.0,1.11022302462516E-16));
#4536=ORIENTED_EDGE('',*,*,#6840,.F.);
#4537=ORIENTED_EDGE('',*,*,#6842,.T.);
#4538=ORIENTED_EDGE('',*,*,#6843,.T.);
#4539=ORIENTED_EDGE('',*,*,#6844,.T.);
#4540=CARTESIAN_POINT('',(4.82000000000001,2.15,7.13851326801685));
#4541=DIRECTION('',(-5.55111512312578E-17,-1.0,-6.16297582203917E-33));
#4542=DIRECTION('',(-1.0,5.55111512312578E-17,0.0));
#4543=ORIENTED_EDGE('',*,*,#6843,.F.);
#4544=ORIENTED_EDGE('',*,*,#6845,.T.);
#4545=ORIENTED_EDGE('',*,*,#6846,.F.);
#4546=ORIENTED_EDGE('',*,*,#6847,.F.);
#4547=CARTESIAN_POINT('',(4.82000000000001,6.28274776864918,7.3475));
#4548=DIRECTION('',(-1.11022302462516E-16,0.0,1.0));
#4549=DIRECTION('',(1.0,-0.0,1.11022302462516E-16));
#4550=ORIENTED_EDGE('',*,*,#6848,.T.);
#4551=ORIENTED_EDGE('',*,*,#6849,.F.);
#4552=ORIENTED_EDGE('',*,*,#6850,.F.);
#4553=ORIENTED_EDGE('',*,*,#6846,.T.);
#4554=CARTESIAN_POINT('',(4.82000000000001,6.28274776864918,7.4999));
#4555=DIRECTION('',(-1.0,5.55111512312578E-17,0.0));
#4556=DIRECTION('',(0.0,0.0,-1.0));
#4557=ORIENTED_EDGE('',*,*,#6851,.F.);
#4558=ORIENTED_EDGE('',*,*,#6306,.T.);
#4559=ORIENTED_EDGE('',*,*,#6852,.F.);
#4560=ORIENTED_EDGE('',*,*,#6848,.F.);
#4561=ORIENTED_EDGE('',*,*,#6845,.F.);
#4562=ORIENTED_EDGE('',*,*,#6842,.F.);
#4563=ORIENTED_EDGE('',*,*,#6839,.F.);
#4564=ORIENTED_EDGE('',*,*,#6835,.F.);
#4565=CARTESIAN_POINT('',(4.82,15.9596386162432,15.1173395601322));
#4566=DIRECTION('',(1.0,-5.55111512312578E-17,1.11022302462516E-16));
#4567=DIRECTION('',(-1.11022302462516E-16,0.0,1.0));
#4568=ORIENTED_EDGE('',*,*,#6304,.F.);
#4569=ORIENTED_EDGE('',*,*,#6853,.T.);
#4570=ORIENTED_EDGE('',*,*,#6837,.T.);
#4571=ORIENTED_EDGE('',*,*,#6841,.T.);
#4572=ORIENTED_EDGE('',*,*,#6844,.F.);
#4573=ORIENTED_EDGE('',*,*,#6847,.T.);
#4574=ORIENTED_EDGE('',*,*,#6850,.T.);
#4575=ORIENTED_EDGE('',*,*,#6854,.T.);
#4576=CARTESIAN_POINT('',(4.18,17.6449,4.1471));
#4577=DIRECTION('',(-1.0,5.55111512312578E-17,-1.11022302462516E-16));
#4578=DIRECTION('',(-1.11022302462516E-16,0.0,1.0));
#4579=ORIENTED_EDGE('',*,*,#6305,.F.);
#4580=ORIENTED_EDGE('',*,*,#6854,.F.);
#4581=ORIENTED_EDGE('',*,*,#6849,.T.);
#4582=ORIENTED_EDGE('',*,*,#6852,.T.);
#4583=CARTESIAN_POINT('',(4.0799976,7.3833,7.4491));
#4584=DIRECTION('',(1.11022302462516E-16,0.0,-1.0));
#4585=DIRECTION('',(0.0,-1.0,0.0));
#4586=ORIENTED_EDGE('',*,*,#6303,.F.);
#4587=ORIENTED_EDGE('',*,*,#6851,.T.);
#4588=ORIENTED_EDGE('',*,*,#6838,.F.);
#4589=ORIENTED_EDGE('',*,*,#6853,.F.);
#4590=CARTESIAN_POINT('',(4.0799976,6.5959,6.6109));
#4591=DIRECTION('',(-1.11022302462516E-16,0.0,1.0));
#4592=DIRECTION('',(1.0,-0.0,1.11022302462516E-16));
#4593=ORIENTED_EDGE('',*,*,#6216,.F.);
#4594=ORIENTED_EDGE('',*,*,#6855,.T.);
#4595=ORIENTED_EDGE('',*,*,#6856,.F.);
#4596=ORIENTED_EDGE('',*,*,#6857,.T.);
#4597=CARTESIAN_POINT('',(4.18,12.2093,6.4839));
#4598=DIRECTION('',(1.11022302462516E-16,-3.28429327576129E-47,-1.0));
#4599=DIRECTION('',(0.0,-1.0,3.28429327576129E-47));
#4600=ORIENTED_EDGE('',*,*,#6218,.F.);
#4601=ORIENTED_EDGE('',*,*,#6858,.T.);
#4602=ORIENTED_EDGE('',*,*,#6859,.F.);
#4603=ORIENTED_EDGE('',*,*,#6860,.F.);
#4604=CARTESIAN_POINT('',(4.18,9.19376261624321,7.1189));
#4605=DIRECTION('',(-1.11022302462516E-16,3.28429327576129E-47,1.0));
#4606=DIRECTION('',(1.0,-0.0,1.11022302462516E-16));
#4607=ORIENTED_EDGE('',*,*,#6855,.F.);
#4608=ORIENTED_EDGE('',*,*,#6215,.T.);
#4609=ORIENTED_EDGE('',*,*,#6860,.T.);
#4610=ORIENTED_EDGE('',*,*,#6861,.T.);
#4611=ORIENTED_EDGE('',*,*,#6862,.F.);
#4612=ORIENTED_EDGE('',*,*,#6863,.T.);
#4613=ORIENTED_EDGE('',*,*,#6864,.F.);
#4614=CARTESIAN_POINT('',(4.18,17.6449,4.1471));
#4615=DIRECTION('',(-1.0,5.55111512312578E-17,-1.11022302462516E-16));
#4616=DIRECTION('',(-1.11022302462516E-16,0.0,1.0));
#4617=ORIENTED_EDGE('',*,*,#6217,.F.);
#4618=ORIENTED_EDGE('',*,*,#6857,.F.);
#4619=ORIENTED_EDGE('',*,*,#6865,.T.);
#4620=ORIENTED_EDGE('',*,*,#6866,.F.);
#4621=ORIENTED_EDGE('',*,*,#6867,.F.);
#4622=ORIENTED_EDGE('',*,*,#6868,.F.);
#4623=ORIENTED_EDGE('',*,*,#6858,.F.);
#4624=CARTESIAN_POINT('',(4.82,15.9596386162432,15.1173395601322));
#4625=DIRECTION('',(1.0,-5.55111512312578E-17,1.11022302462516E-16));
#4626=DIRECTION('',(-1.11022302462516E-16,0.0,1.0));
#4627=ORIENTED_EDGE('',*,*,#6867,.T.);
#4628=ORIENTED_EDGE('',*,*,#6869,.T.);
#4629=ORIENTED_EDGE('',*,*,#6862,.T.);
#4630=ORIENTED_EDGE('',*,*,#6870,.T.);
#4631=CARTESIAN_POINT('',(4.18000000000001,12.0285132680168,-1.67));
#4632=DIRECTION('',(1.11022302462516E-16,-3.28429327576129E-47,-1.0));
#4633=DIRECTION('',(0.0,-1.0,3.28429327576129E-47));
#4634=ORIENTED_EDGE('',*,*,#6870,.F.);
#4635=ORIENTED_EDGE('',*,*,#6861,.F.);
#4636=ORIENTED_EDGE('',*,*,#6859,.T.);
#4637=ORIENTED_EDGE('',*,*,#6868,.T.);
#4638=CARTESIAN_POINT('',(4.18,12.2375,7.1189));
#4639=DIRECTION('',(5.55111512312578E-17,1.0,6.16297582203914E-33));
#4640=DIRECTION('',(1.0,-5.55111512312578E-17,0.0));
#4641=ORIENTED_EDGE('',*,*,#6869,.F.);
#4642=ORIENTED_EDGE('',*,*,#6866,.T.);
#4643=ORIENTED_EDGE('',*,*,#6871,.T.);
#4644=ORIENTED_EDGE('',*,*,#6863,.F.);
#4645=CARTESIAN_POINT('',(4.18,11.6025,2.85044843986784));
#4646=DIRECTION('',(-5.55111512312578E-17,-1.0,-6.16297582203914E-33));
#4647=DIRECTION('',(-1.0,5.55111512312578E-17,0.0));
#4648=ORIENTED_EDGE('',*,*,#6871,.F.);
#4649=ORIENTED_EDGE('',*,*,#6865,.F.);
#4650=ORIENTED_EDGE('',*,*,#6856,.T.);
#4651=ORIENTED_EDGE('',*,*,#6864,.T.);
#4652=CARTESIAN_POINT('',(4.82000000000001,11.0945,5.9759));
#4653=DIRECTION('',(1.0,-5.55111512312578E-17,0.0));
#4654=DIRECTION('',(0.0,0.0,1.0));
#4655=ORIENTED_EDGE('',*,*,#6872,.T.);
#4656=ORIENTED_EDGE('',*,*,#6873,.F.);
#4657=ORIENTED_EDGE('',*,*,#6874,.F.);
#4658=ORIENTED_EDGE('',*,*,#6875,.T.);
#4659=CARTESIAN_POINT('',(4.82000000000001,6.28274776864918,4.4999));
#4660=DIRECTION('',(-1.0,5.55111512312578E-17,0.0));
#4661=DIRECTION('',(0.0,0.0,-1.0));
#4662=ORIENTED_EDGE('',*,*,#6876,.F.);
#4663=ORIENTED_EDGE('',*,*,#6877,.T.);
#4664=ORIENTED_EDGE('',*,*,#6875,.F.);
#4665=ORIENTED_EDGE('',*,*,#6878,.F.);
#4666=CARTESIAN_POINT('',(4.82000000000001,6.28274776864918,4.3475));
#4667=DIRECTION('',(-1.11022302462516E-16,0.0,1.0));
#4668=DIRECTION('',(1.0,-0.0,1.11022302462516E-16));
#4669=ORIENTED_EDGE('',*,*,#6879,.F.);
#4670=ORIENTED_EDGE('',*,*,#6880,.T.);
#4671=ORIENTED_EDGE('',*,*,#6876,.T.);
#4672=ORIENTED_EDGE('',*,*,#6881,.F.);
#4673=CARTESIAN_POINT('',(4.82000000000001,2.15,4.13851326801685));
#4674=DIRECTION('',(-5.55111512312578E-17,-1.0,-6.16297582203917E-33));
#4675=DIRECTION('',(-1.0,5.55111512312578E-17,0.0));
#4676=ORIENTED_EDGE('',*,*,#6882,.T.);
#4677=ORIENTED_EDGE('',*,*,#6879,.T.);
#4678=ORIENTED_EDGE('',*,*,#6883,.F.);
#4679=ORIENTED_EDGE('',*,*,#6884,.T.);
#4680=CARTESIAN_POINT('',(4.0799976,3.2685,3.7125));
#4681=DIRECTION('',(-1.11022302462516E-16,0.0,1.0));
#4682=DIRECTION('',(1.0,-0.0,1.11022302462516E-16));
#4683=ORIENTED_EDGE('',*,*,#6885,.T.);
#4684=ORIENTED_EDGE('',*,*,#6884,.F.);
#4685=ORIENTED_EDGE('',*,*,#6886,.F.);
#4686=ORIENTED_EDGE('',*,*,#6887,.T.);
#4687=CARTESIAN_POINT('',(4.0799976,6.28274776864918,3.5601));
#4688=DIRECTION('',(-1.0,5.55111512312578E-17,0.0));
#4689=DIRECTION('',(0.0,0.0,-1.0));
#4690=ORIENTED_EDGE('',*,*,#6296,.F.);
#4691=ORIENTED_EDGE('',*,*,#6888,.T.);
#4692=ORIENTED_EDGE('',*,*,#6886,.T.);
#4693=ORIENTED_EDGE('',*,*,#6883,.T.);
#4694=ORIENTED_EDGE('',*,*,#6881,.T.);
#4695=ORIENTED_EDGE('',*,*,#6878,.T.);
#4696=ORIENTED_EDGE('',*,*,#6874,.T.);
#4697=ORIENTED_EDGE('',*,*,#6889,.T.);
#4698=CARTESIAN_POINT('',(4.18000000000001,15.9596386162432,19.7173395601322));
#4699=DIRECTION('',(1.0,-5.55111512312578E-17,1.11022302462516E-16));
#4700=DIRECTION('',(-1.11022302462516E-16,0.0,1.0));
#4701=ORIENTED_EDGE('',*,*,#6297,.F.);
#4702=ORIENTED_EDGE('',*,*,#6889,.F.);
#4703=ORIENTED_EDGE('',*,*,#6873,.T.);
#4704=ORIENTED_EDGE('',*,*,#6890,.T.);
#4705=CARTESIAN_POINT('',(4.0799976,7.3833,4.4491));
#4706=DIRECTION('',(1.11022302462516E-16,0.0,-1.0));
#4707=DIRECTION('',(0.0,-1.0,0.0));
#4708=ORIENTED_EDGE('',*,*,#6891,.F.);
#4709=ORIENTED_EDGE('',*,*,#6294,.T.);
#4710=ORIENTED_EDGE('',*,*,#6890,.F.);
#4711=ORIENTED_EDGE('',*,*,#6872,.F.);
#4712=ORIENTED_EDGE('',*,*,#6877,.F.);
#4713=ORIENTED_EDGE('',*,*,#6880,.F.);
#4714=ORIENTED_EDGE('',*,*,#6882,.F.);
#4715=ORIENTED_EDGE('',*,*,#6885,.F.);
#4716=CARTESIAN_POINT('',(4.82,15.9596386162432,12.1173395601322));
#4717=DIRECTION('',(1.0,-5.55111512312578E-17,1.11022302462516E-16));
#4718=DIRECTION('',(-1.11022302462516E-16,0.0,1.0));
#4719=ORIENTED_EDGE('',*,*,#6295,.F.);
#4720=ORIENTED_EDGE('',*,*,#6891,.T.);
#4721=ORIENTED_EDGE('',*,*,#6887,.F.);
#4722=ORIENTED_EDGE('',*,*,#6888,.F.);
#4723=CARTESIAN_POINT('',(4.0799976,6.5959,3.6109));
#4724=DIRECTION('',(-1.11022302462516E-16,0.0,1.0));
#4725=DIRECTION('',(1.0,-0.0,1.11022302462516E-16));
#4726=ORIENTED_EDGE('',*,*,#6892,.F.);
#4727=ORIENTED_EDGE('',*,*,#6461,.T.);
#4728=ORIENTED_EDGE('',*,*,#6893,.F.);
#4729=ORIENTED_EDGE('',*,*,#6894,.F.);
#4730=CARTESIAN_POINT('',(4.82,15.9596386162432,12.1173395601322));
#4731=DIRECTION('',(1.0,-5.55111512312578E-17,1.11022302462516E-16));
#4732=DIRECTION('',(-1.11022302462516E-16,0.0,1.0));
#4733=ORIENTED_EDGE('',*,*,#6463,.F.);
#4734=ORIENTED_EDGE('',*,*,#6895,.T.);
#4735=ORIENTED_EDGE('',*,*,#6896,.T.);
#4736=ORIENTED_EDGE('',*,*,#6897,.F.);
#4737=CARTESIAN_POINT('',(4.18000000000001,15.9596386162432,19.7173395601322));
#4738=DIRECTION('',(1.0,-5.55111512312578E-17,1.11022302462516E-16));
#4739=DIRECTION('',(-1.11022302462516E-16,0.0,1.0));
#4740=ORIENTED_EDGE('',*,*,#6896,.F.);
#4741=ORIENTED_EDGE('',*,*,#6898,.T.);
#4742=ORIENTED_EDGE('',*,*,#6894,.T.);
#4743=ORIENTED_EDGE('',*,*,#6899,.T.);
#4744=CARTESIAN_POINT('',(4.18000000000001,9.02851326801685,-1.67));
#4745=DIRECTION('',(1.11022302462516E-16,-3.28429327576129E-47,-1.0));
#4746=DIRECTION('',(0.0,-1.0,3.28429327576129E-47));
#4747=ORIENTED_EDGE('',*,*,#6893,.T.);
#4748=ORIENTED_EDGE('',*,*,#6460,.T.);
#4749=ORIENTED_EDGE('',*,*,#6897,.T.);
#4750=ORIENTED_EDGE('',*,*,#6899,.F.);
#4751=CARTESIAN_POINT('',(4.18000000000001,8.6025,-0.770599999999998));
#4752=DIRECTION('',(-5.55111512312578E-17,-1.0,-6.16297582203914E-33));
#4753=DIRECTION('',(-1.0,5.55111512312578E-17,0.0));
#4754=ORIENTED_EDGE('',*,*,#6895,.F.);
#4755=ORIENTED_EDGE('',*,*,#6462,.T.);
#4756=ORIENTED_EDGE('',*,*,#6892,.T.);
#4757=ORIENTED_EDGE('',*,*,#6898,.F.);
#4758=CARTESIAN_POINT('',(4.82000000000001,9.2375,2.77280406947096));
#4759=DIRECTION('',(5.55111512312578E-17,1.0,6.16297582203917E-33));
#4760=DIRECTION('',(1.0,-5.55111512312578E-17,0.0));
#4761=ORIENTED_EDGE('',*,*,#6900,.T.);
#4762=ORIENTED_EDGE('',*,*,#6901,.F.);
#4763=ORIENTED_EDGE('',*,*,#6902,.F.);
#4764=ORIENTED_EDGE('',*,*,#6903,.T.);
#4765=CARTESIAN_POINT('',(1.0799976,6.28274776864918,6.5601));
#4766=DIRECTION('',(-1.0,5.55111512312578E-17,0.0));
#4767=DIRECTION('',(0.0,0.0,-1.0));
#4768=ORIENTED_EDGE('',*,*,#6904,.T.);
#4769=ORIENTED_EDGE('',*,*,#6905,.T.);
#4770=ORIENTED_EDGE('',*,*,#6906,.F.);
#4771=ORIENTED_EDGE('',*,*,#6901,.T.);
#4772=CARTESIAN_POINT('',(1.0799976,3.2685,6.7125));
#4773=DIRECTION('',(-1.11022302462516E-16,0.0,1.0));
#4774=DIRECTION('',(1.0,-0.0,1.11022302462516E-16));
#4775=ORIENTED_EDGE('',*,*,#6905,.F.);
#4776=ORIENTED_EDGE('',*,*,#6907,.T.);
#4777=ORIENTED_EDGE('',*,*,#6908,.T.);
#4778=ORIENTED_EDGE('',*,*,#6909,.T.);
#4779=CARTESIAN_POINT('',(1.82000000000001,2.15,7.13851326801685));
#4780=DIRECTION('',(-5.55111512312578E-17,-1.0,-6.16297582203917E-33));
#4781=DIRECTION('',(-1.0,5.55111512312578E-17,0.0));
#4782=ORIENTED_EDGE('',*,*,#6908,.F.);
#4783=ORIENTED_EDGE('',*,*,#6910,.T.);
#4784=ORIENTED_EDGE('',*,*,#6911,.F.);
#4785=ORIENTED_EDGE('',*,*,#6912,.F.);
#4786=CARTESIAN_POINT('',(1.82000000000001,6.28274776864918,7.3475));
#4787=DIRECTION('',(-1.11022302462516E-16,0.0,1.0));
#4788=DIRECTION('',(1.0,-0.0,1.11022302462516E-16));
#4789=ORIENTED_EDGE('',*,*,#6913,.T.);
#4790=ORIENTED_EDGE('',*,*,#6914,.F.);
#4791=ORIENTED_EDGE('',*,*,#6915,.F.);
#4792=ORIENTED_EDGE('',*,*,#6911,.T.);
#4793=CARTESIAN_POINT('',(1.82000000000001,6.28274776864918,7.4999));
#4794=DIRECTION('',(-1.0,5.55111512312578E-17,0.0));
#4795=DIRECTION('',(0.0,0.0,-1.0));
#4796=ORIENTED_EDGE('',*,*,#6916,.F.);
#4797=ORIENTED_EDGE('',*,*,#6288,.T.);
#4798=ORIENTED_EDGE('',*,*,#6917,.F.);
#4799=ORIENTED_EDGE('',*,*,#6913,.F.);
#4800=ORIENTED_EDGE('',*,*,#6910,.F.);
#4801=ORIENTED_EDGE('',*,*,#6907,.F.);
#4802=ORIENTED_EDGE('',*,*,#6904,.F.);
#4803=ORIENTED_EDGE('',*,*,#6900,.F.);
#4804=CARTESIAN_POINT('',(1.82,15.9596386162432,15.1173395601322));
#4805=DIRECTION('',(1.0,-5.55111512312578E-17,1.11022302462516E-16));
#4806=DIRECTION('',(-1.11022302462516E-16,0.0,1.0));
#4807=ORIENTED_EDGE('',*,*,#6286,.F.);
#4808=ORIENTED_EDGE('',*,*,#6918,.T.);
#4809=ORIENTED_EDGE('',*,*,#6902,.T.);
#4810=ORIENTED_EDGE('',*,*,#6906,.T.);
#4811=ORIENTED_EDGE('',*,*,#6909,.F.);
#4812=ORIENTED_EDGE('',*,*,#6912,.T.);
#4813=ORIENTED_EDGE('',*,*,#6915,.T.);
#4814=ORIENTED_EDGE('',*,*,#6919,.T.);
#4815=CARTESIAN_POINT('',(1.18,17.6449,4.1471));
#4816=DIRECTION('',(-1.0,5.55111512312578E-17,-1.11022302462516E-16));
#4817=DIRECTION('',(-1.11022302462516E-16,0.0,1.0));
#4818=ORIENTED_EDGE('',*,*,#6287,.F.);
#4819=ORIENTED_EDGE('',*,*,#6919,.F.);
#4820=ORIENTED_EDGE('',*,*,#6914,.T.);
#4821=ORIENTED_EDGE('',*,*,#6917,.T.);
#4822=CARTESIAN_POINT('',(1.0799976,7.3833,7.4491));
#4823=DIRECTION('',(1.11022302462516E-16,0.0,-1.0));
#4824=DIRECTION('',(0.0,-1.0,0.0));
#4825=ORIENTED_EDGE('',*,*,#6285,.F.);
#4826=ORIENTED_EDGE('',*,*,#6916,.T.);
#4827=ORIENTED_EDGE('',*,*,#6903,.F.);
#4828=ORIENTED_EDGE('',*,*,#6918,.F.);
#4829=CARTESIAN_POINT('',(1.0799976,6.5959,6.6109));
#4830=DIRECTION('',(-1.11022302462516E-16,0.0,1.0));
#4831=DIRECTION('',(1.0,-0.0,1.11022302462516E-16));
#4832=ORIENTED_EDGE('',*,*,#6173,.F.);
#4833=ORIENTED_EDGE('',*,*,#6920,.T.);
#4834=ORIENTED_EDGE('',*,*,#6921,.F.);
#4835=ORIENTED_EDGE('',*,*,#6922,.T.);
#4836=CARTESIAN_POINT('',(1.18,12.2093,6.4839));
#4837=DIRECTION('',(1.11022302462516E-16,-3.28429327576129E-47,-1.0));
#4838=DIRECTION('',(0.0,-1.0,3.28429327576129E-47));
#4839=ORIENTED_EDGE('',*,*,#6175,.F.);
#4840=ORIENTED_EDGE('',*,*,#6923,.T.);
#4841=ORIENTED_EDGE('',*,*,#6924,.F.);
#4842=ORIENTED_EDGE('',*,*,#6925,.F.);
#4843=CARTESIAN_POINT('',(1.18,9.19376261624321,7.1189));
#4844=DIRECTION('',(-1.11022302462516E-16,3.28429327576129E-47,1.0));
#4845=DIRECTION('',(1.0,-0.0,1.11022302462516E-16));
#4846=ORIENTED_EDGE('',*,*,#6920,.F.);
#4847=ORIENTED_EDGE('',*,*,#6172,.T.);
#4848=ORIENTED_EDGE('',*,*,#6925,.T.);
#4849=ORIENTED_EDGE('',*,*,#6926,.T.);
#4850=ORIENTED_EDGE('',*,*,#6927,.F.);
#4851=ORIENTED_EDGE('',*,*,#6928,.T.);
#4852=ORIENTED_EDGE('',*,*,#6929,.F.);
#4853=CARTESIAN_POINT('',(1.18,17.6449,4.1471));
#4854=DIRECTION('',(-1.0,5.55111512312578E-17,-1.11022302462516E-16));
#4855=DIRECTION('',(-1.11022302462516E-16,0.0,1.0));
#4856=ORIENTED_EDGE('',*,*,#6174,.F.);
#4857=ORIENTED_EDGE('',*,*,#6922,.F.);
#4858=ORIENTED_EDGE('',*,*,#6930,.T.);
#4859=ORIENTED_EDGE('',*,*,#6931,.F.);
#4860=ORIENTED_EDGE('',*,*,#6932,.F.);
#4861=ORIENTED_EDGE('',*,*,#6933,.F.);
#4862=ORIENTED_EDGE('',*,*,#6923,.F.);
#4863=CARTESIAN_POINT('',(1.82,15.9596386162432,15.1173395601322));
#4864=DIRECTION('',(1.0,-5.55111512312578E-17,1.11022302462516E-16));
#4865=DIRECTION('',(-1.11022302462516E-16,0.0,1.0));
#4866=ORIENTED_EDGE('',*,*,#6932,.T.);
#4867=ORIENTED_EDGE('',*,*,#6934,.T.);
#4868=ORIENTED_EDGE('',*,*,#6927,.T.);
#4869=ORIENTED_EDGE('',*,*,#6935,.T.);
#4870=CARTESIAN_POINT('',(1.18,12.0285132680168,-1.67));
#4871=DIRECTION('',(1.11022302462516E-16,-3.28429327576129E-47,-1.0));
#4872=DIRECTION('',(0.0,-1.0,3.28429327576129E-47));
#4873=ORIENTED_EDGE('',*,*,#6935,.F.);
#4874=ORIENTED_EDGE('',*,*,#6926,.F.);
#4875=ORIENTED_EDGE('',*,*,#6924,.T.);
#4876=ORIENTED_EDGE('',*,*,#6933,.T.);
#4877=CARTESIAN_POINT('',(1.18,12.2375,7.1189));
#4878=DIRECTION('',(5.55111512312578E-17,1.0,6.16297582203914E-33));
#4879=DIRECTION('',(1.0,-5.55111512312578E-17,0.0));
#4880=ORIENTED_EDGE('',*,*,#6934,.F.);
#4881=ORIENTED_EDGE('',*,*,#6931,.T.);
#4882=ORIENTED_EDGE('',*,*,#6936,.T.);
#4883=ORIENTED_EDGE('',*,*,#6928,.F.);
#4884=CARTESIAN_POINT('',(1.18,11.6025,2.85044843986784));
#4885=DIRECTION('',(-5.55111512312578E-17,-1.0,-6.16297582203914E-33));
#4886=DIRECTION('',(-1.0,5.55111512312578E-17,0.0));
#4887=ORIENTED_EDGE('',*,*,#6936,.F.);
#4888=ORIENTED_EDGE('',*,*,#6930,.F.);
#4889=ORIENTED_EDGE('',*,*,#6921,.T.);
#4890=ORIENTED_EDGE('',*,*,#6929,.T.);
#4891=CARTESIAN_POINT('',(1.82000000000001,11.0945,5.9759));
#4892=DIRECTION('',(1.0,-5.55111512312578E-17,0.0));
#4893=DIRECTION('',(0.0,0.0,1.0));
#4894=ORIENTED_EDGE('',*,*,#6937,.T.);
#4895=ORIENTED_EDGE('',*,*,#6938,.F.);
#4896=ORIENTED_EDGE('',*,*,#6939,.F.);
#4897=ORIENTED_EDGE('',*,*,#6940,.T.);
#4898=CARTESIAN_POINT('',(1.82000000000001,6.28274776864918,4.4999));
#4899=DIRECTION('',(-1.0,5.55111512312578E-17,0.0));
#4900=DIRECTION('',(0.0,0.0,-1.0));
#4901=ORIENTED_EDGE('',*,*,#6941,.F.);
#4902=ORIENTED_EDGE('',*,*,#6942,.T.);
#4903=ORIENTED_EDGE('',*,*,#6940,.F.);
#4904=ORIENTED_EDGE('',*,*,#6943,.F.);
#4905=CARTESIAN_POINT('',(1.82000000000001,6.28274776864918,4.3475));
#4906=DIRECTION('',(-1.11022302462516E-16,0.0,1.0));
#4907=DIRECTION('',(1.0,-0.0,1.11022302462516E-16));
#4908=ORIENTED_EDGE('',*,*,#6944,.F.);
#4909=ORIENTED_EDGE('',*,*,#6945,.T.);
#4910=ORIENTED_EDGE('',*,*,#6941,.T.);
#4911=ORIENTED_EDGE('',*,*,#6946,.F.);
#4912=CARTESIAN_POINT('',(1.82000000000001,2.15,4.13851326801685));
#4913=DIRECTION('',(-5.55111512312578E-17,-1.0,-6.16297582203917E-33));
#4914=DIRECTION('',(-1.0,5.55111512312578E-17,0.0));
#4915=ORIENTED_EDGE('',*,*,#6947,.T.);
#4916=ORIENTED_EDGE('',*,*,#6944,.T.);
#4917=ORIENTED_EDGE('',*,*,#6948,.F.);
#4918=ORIENTED_EDGE('',*,*,#6949,.T.);
#4919=CARTESIAN_POINT('',(1.0799976,3.2685,3.7125));
#4920=DIRECTION('',(-1.11022302462516E-16,0.0,1.0));
#4921=DIRECTION('',(1.0,-0.0,1.11022302462516E-16));
#4922=ORIENTED_EDGE('',*,*,#6950,.T.);
#4923=ORIENTED_EDGE('',*,*,#6949,.F.);
#4924=ORIENTED_EDGE('',*,*,#6951,.F.);
#4925=ORIENTED_EDGE('',*,*,#6952,.T.);
#4926=CARTESIAN_POINT('',(1.0799976,6.28274776864918,3.5601));
#4927=DIRECTION('',(-1.0,5.55111512312578E-17,0.0));
#4928=DIRECTION('',(0.0,0.0,-1.0));
#4929=ORIENTED_EDGE('',*,*,#6279,.F.);
#4930=ORIENTED_EDGE('',*,*,#6953,.T.);
#4931=ORIENTED_EDGE('',*,*,#6951,.T.);
#4932=ORIENTED_EDGE('',*,*,#6948,.T.);
#4933=ORIENTED_EDGE('',*,*,#6946,.T.);
#4934=ORIENTED_EDGE('',*,*,#6943,.T.);
#4935=ORIENTED_EDGE('',*,*,#6939,.T.);
#4936=ORIENTED_EDGE('',*,*,#6954,.T.);
#4937=CARTESIAN_POINT('',(1.18,15.9596386162432,19.7173395601322));
#4938=DIRECTION('',(1.0,-5.55111512312578E-17,1.11022302462516E-16));
#4939=DIRECTION('',(-1.11022302462516E-16,0.0,1.0));
#4940=ORIENTED_EDGE('',*,*,#6280,.F.);
#4941=ORIENTED_EDGE('',*,*,#6954,.F.);
#4942=ORIENTED_EDGE('',*,*,#6938,.T.);
#4943=ORIENTED_EDGE('',*,*,#6955,.T.);
#4944=CARTESIAN_POINT('',(1.0799976,7.3833,4.4491));
#4945=DIRECTION('',(1.11022302462516E-16,0.0,-1.0));
#4946=DIRECTION('',(0.0,-1.0,0.0));
#4947=ORIENTED_EDGE('',*,*,#6956,.F.);
#4948=ORIENTED_EDGE('',*,*,#6277,.T.);
#4949=ORIENTED_EDGE('',*,*,#6955,.F.);
#4950=ORIENTED_EDGE('',*,*,#6937,.F.);
#4951=ORIENTED_EDGE('',*,*,#6942,.F.);
#4952=ORIENTED_EDGE('',*,*,#6945,.F.);
#4953=ORIENTED_EDGE('',*,*,#6947,.F.);
#4954=ORIENTED_EDGE('',*,*,#6950,.F.);
#4955=CARTESIAN_POINT('',(1.82,15.9596386162432,12.1173395601322));
#4956=DIRECTION('',(1.0,-5.55111512312578E-17,1.11022302462516E-16));
#4957=DIRECTION('',(-1.11022302462516E-16,0.0,1.0));
#4958=ORIENTED_EDGE('',*,*,#6278,.F.);
#4959=ORIENTED_EDGE('',*,*,#6956,.T.);
#4960=ORIENTED_EDGE('',*,*,#6952,.F.);
#4961=ORIENTED_EDGE('',*,*,#6953,.F.);
#4962=CARTESIAN_POINT('',(1.0799976,6.5959,3.6109));
#4963=DIRECTION('',(-1.11022302462516E-16,0.0,1.0));
#4964=DIRECTION('',(1.0,-0.0,1.11022302462516E-16));
#4965=ORIENTED_EDGE('',*,*,#6957,.F.);
#4966=ORIENTED_EDGE('',*,*,#6457,.T.);
#4967=ORIENTED_EDGE('',*,*,#6958,.F.);
#4968=ORIENTED_EDGE('',*,*,#6959,.F.);
#4969=CARTESIAN_POINT('',(1.82,15.9596386162432,12.1173395601322));
#4970=DIRECTION('',(1.0,-5.55111512312578E-17,1.11022302462516E-16));
#4971=DIRECTION('',(-1.11022302462516E-16,0.0,1.0));
#4972=ORIENTED_EDGE('',*,*,#6459,.F.);
#4973=ORIENTED_EDGE('',*,*,#6960,.T.);
#4974=ORIENTED_EDGE('',*,*,#6961,.T.);
#4975=ORIENTED_EDGE('',*,*,#6962,.F.);
#4976=CARTESIAN_POINT('',(1.18,15.9596386162432,19.7173395601322));
#4977=DIRECTION('',(1.0,-5.55111512312578E-17,1.11022302462516E-16));
#4978=DIRECTION('',(-1.11022302462516E-16,0.0,1.0));
#4979=ORIENTED_EDGE('',*,*,#6961,.F.);
#4980=ORIENTED_EDGE('',*,*,#6963,.T.);
#4981=ORIENTED_EDGE('',*,*,#6959,.T.);
#4982=ORIENTED_EDGE('',*,*,#6964,.T.);
#4983=CARTESIAN_POINT('',(1.18000000000001,9.02851326801685,-1.67));
#4984=DIRECTION('',(1.11022302462516E-16,-3.28429327576129E-47,-1.0));
#4985=DIRECTION('',(0.0,-1.0,3.28429327576129E-47));
#4986=ORIENTED_EDGE('',*,*,#6958,.T.);
#4987=ORIENTED_EDGE('',*,*,#6456,.T.);
#4988=ORIENTED_EDGE('',*,*,#6962,.T.);
#4989=ORIENTED_EDGE('',*,*,#6964,.F.);
#4990=CARTESIAN_POINT('',(1.18000000000001,8.6025,-0.770599999999998));
#4991=DIRECTION('',(-5.55111512312578E-17,-1.0,-6.16297582203914E-33));
#4992=DIRECTION('',(-1.0,5.55111512312578E-17,0.0));
#4993=ORIENTED_EDGE('',*,*,#6960,.F.);
#4994=ORIENTED_EDGE('',*,*,#6458,.T.);
#4995=ORIENTED_EDGE('',*,*,#6957,.T.);
#4996=ORIENTED_EDGE('',*,*,#6963,.F.);
#4997=CARTESIAN_POINT('',(1.82000000000001,9.2375,2.77280406947096));
#4998=DIRECTION('',(5.55111512312578E-17,1.0,6.16297582203917E-33));
#4999=DIRECTION('',(1.0,-5.55111512312578E-17,0.0));
#5000=ORIENTED_EDGE('',*,*,#6965,.T.);
#5001=ORIENTED_EDGE('',*,*,#6966,.F.);
#5002=ORIENTED_EDGE('',*,*,#6967,.F.);
#5003=ORIENTED_EDGE('',*,*,#6968,.T.);
#5004=CARTESIAN_POINT('',(-1.9200024,6.28274776864918,6.5601));
#5005=DIRECTION('',(-1.0,5.55111512312578E-17,0.0));
#5006=DIRECTION('',(0.0,0.0,-1.0));
#5007=ORIENTED_EDGE('',*,*,#6969,.T.);
#5008=ORIENTED_EDGE('',*,*,#6970,.T.);
#5009=ORIENTED_EDGE('',*,*,#6971,.F.);
#5010=ORIENTED_EDGE('',*,*,#6966,.T.);
#5011=CARTESIAN_POINT('',(-1.9200024,3.2685,6.7125));
#5012=DIRECTION('',(-1.11022302462516E-16,0.0,1.0));
#5013=DIRECTION('',(1.0,-0.0,1.11022302462516E-16));
#5014=ORIENTED_EDGE('',*,*,#6970,.F.);
#5015=ORIENTED_EDGE('',*,*,#6972,.T.);
#5016=ORIENTED_EDGE('',*,*,#6973,.T.);
#5017=ORIENTED_EDGE('',*,*,#6974,.T.);
#5018=CARTESIAN_POINT('',(-1.17999999999999,2.15,7.13851326801685));
#5019=DIRECTION('',(-5.55111512312578E-17,-1.0,-6.16297582203917E-33));
#5020=DIRECTION('',(-1.0,5.55111512312578E-17,0.0));
#5021=ORIENTED_EDGE('',*,*,#6973,.F.);
#5022=ORIENTED_EDGE('',*,*,#6975,.T.);
#5023=ORIENTED_EDGE('',*,*,#6976,.F.);
#5024=ORIENTED_EDGE('',*,*,#6977,.F.);
#5025=CARTESIAN_POINT('',(-1.17999999999999,6.28274776864918,7.3475));
#5026=DIRECTION('',(-1.11022302462516E-16,0.0,1.0));
#5027=DIRECTION('',(1.0,-0.0,1.11022302462516E-16));
#5028=ORIENTED_EDGE('',*,*,#6978,.T.);
#5029=ORIENTED_EDGE('',*,*,#6979,.F.);
#5030=ORIENTED_EDGE('',*,*,#6980,.F.);
#5031=ORIENTED_EDGE('',*,*,#6976,.T.);
#5032=CARTESIAN_POINT('',(-1.17999999999999,6.28274776864918,7.4999));
#5033=DIRECTION('',(-1.0,5.55111512312578E-17,0.0));
#5034=DIRECTION('',(0.0,0.0,-1.0));
#5035=ORIENTED_EDGE('',*,*,#6981,.F.);
#5036=ORIENTED_EDGE('',*,*,#6271,.T.);
#5037=ORIENTED_EDGE('',*,*,#6982,.F.);
#5038=ORIENTED_EDGE('',*,*,#6978,.F.);
#5039=ORIENTED_EDGE('',*,*,#6975,.F.);
#5040=ORIENTED_EDGE('',*,*,#6972,.F.);
#5041=ORIENTED_EDGE('',*,*,#6969,.F.);
#5042=ORIENTED_EDGE('',*,*,#6965,.F.);
#5043=CARTESIAN_POINT('',(-1.18,15.9596386162432,15.1173395601322));
#5044=DIRECTION('',(1.0,-5.55111512312578E-17,1.11022302462516E-16));
#5045=DIRECTION('',(-1.11022302462516E-16,0.0,1.0));
#5046=ORIENTED_EDGE('',*,*,#6269,.F.);
#5047=ORIENTED_EDGE('',*,*,#6983,.T.);
#5048=ORIENTED_EDGE('',*,*,#6967,.T.);
#5049=ORIENTED_EDGE('',*,*,#6971,.T.);
#5050=ORIENTED_EDGE('',*,*,#6974,.F.);
#5051=ORIENTED_EDGE('',*,*,#6977,.T.);
#5052=ORIENTED_EDGE('',*,*,#6980,.T.);
#5053=ORIENTED_EDGE('',*,*,#6984,.T.);
#5054=CARTESIAN_POINT('',(-1.82,17.6449,4.1471));
#5055=DIRECTION('',(-1.0,5.55111512312578E-17,-1.11022302462516E-16));
#5056=DIRECTION('',(-1.11022302462516E-16,0.0,1.0));
#5057=ORIENTED_EDGE('',*,*,#6270,.F.);
#5058=ORIENTED_EDGE('',*,*,#6984,.F.);
#5059=ORIENTED_EDGE('',*,*,#6979,.T.);
#5060=ORIENTED_EDGE('',*,*,#6982,.T.);
#5061=CARTESIAN_POINT('',(-1.9200024,7.3833,7.4491));
#5062=DIRECTION('',(1.11022302462516E-16,0.0,-1.0));
#5063=DIRECTION('',(0.0,-1.0,0.0));
#5064=ORIENTED_EDGE('',*,*,#6268,.F.);
#5065=ORIENTED_EDGE('',*,*,#6981,.T.);
#5066=ORIENTED_EDGE('',*,*,#6968,.F.);
#5067=ORIENTED_EDGE('',*,*,#6983,.F.);
#5068=CARTESIAN_POINT('',(-1.9200024,6.5959,6.6109));
#5069=DIRECTION('',(-1.11022302462516E-16,0.0,1.0));
#5070=DIRECTION('',(1.0,-0.0,1.11022302462516E-16));
#5071=ORIENTED_EDGE('',*,*,#6220,.F.);
#5072=ORIENTED_EDGE('',*,*,#6985,.T.);
#5073=ORIENTED_EDGE('',*,*,#6986,.F.);
#5074=ORIENTED_EDGE('',*,*,#6987,.T.);
#5075=CARTESIAN_POINT('',(-1.82,12.2093,6.4839));
#5076=DIRECTION('',(1.11022302462516E-16,-3.28429327576129E-47,-1.0));
#5077=DIRECTION('',(0.0,-1.0,3.28429327576129E-47));
#5078=ORIENTED_EDGE('',*,*,#6222,.F.);
#5079=ORIENTED_EDGE('',*,*,#6988,.T.);
#5080=ORIENTED_EDGE('',*,*,#6989,.F.);
#5081=ORIENTED_EDGE('',*,*,#6990,.F.);
#5082=CARTESIAN_POINT('',(-1.82,9.19376261624321,7.1189));
#5083=DIRECTION('',(-1.11022302462516E-16,3.28429327576129E-47,1.0));
#5084=DIRECTION('',(1.0,-0.0,1.11022302462516E-16));
#5085=ORIENTED_EDGE('',*,*,#6985,.F.);
#5086=ORIENTED_EDGE('',*,*,#6219,.T.);
#5087=ORIENTED_EDGE('',*,*,#6990,.T.);
#5088=ORIENTED_EDGE('',*,*,#6991,.T.);
#5089=ORIENTED_EDGE('',*,*,#6992,.F.);
#5090=ORIENTED_EDGE('',*,*,#6993,.T.);
#5091=ORIENTED_EDGE('',*,*,#6994,.F.);
#5092=CARTESIAN_POINT('',(-1.82,17.6449,4.1471));
#5093=DIRECTION('',(-1.0,5.55111512312578E-17,-1.11022302462516E-16));
#5094=DIRECTION('',(-1.11022302462516E-16,0.0,1.0));
#5095=ORIENTED_EDGE('',*,*,#6221,.F.);
#5096=ORIENTED_EDGE('',*,*,#6987,.F.);
#5097=ORIENTED_EDGE('',*,*,#6995,.T.);
#5098=ORIENTED_EDGE('',*,*,#6996,.F.);
#5099=ORIENTED_EDGE('',*,*,#6997,.F.);
#5100=ORIENTED_EDGE('',*,*,#6998,.F.);
#5101=ORIENTED_EDGE('',*,*,#6988,.F.);
#5102=CARTESIAN_POINT('',(-1.18,15.9596386162432,15.1173395601322));
#5103=DIRECTION('',(1.0,-5.55111512312578E-17,1.11022302462516E-16));
#5104=DIRECTION('',(-1.11022302462516E-16,0.0,1.0));
#5105=ORIENTED_EDGE('',*,*,#6997,.T.);
#5106=ORIENTED_EDGE('',*,*,#6999,.T.);
#5107=ORIENTED_EDGE('',*,*,#6992,.T.);
#5108=ORIENTED_EDGE('',*,*,#7000,.T.);
#5109=CARTESIAN_POINT('',(-1.82,12.0285132680168,-1.67));
#5110=DIRECTION('',(1.11022302462516E-16,-3.28429327576129E-47,-1.0));
#5111=DIRECTION('',(0.0,-1.0,3.28429327576129E-47));
#5112=ORIENTED_EDGE('',*,*,#7000,.F.);
#5113=ORIENTED_EDGE('',*,*,#6991,.F.);
#5114=ORIENTED_EDGE('',*,*,#6989,.T.);
#5115=ORIENTED_EDGE('',*,*,#6998,.T.);
#5116=CARTESIAN_POINT('',(-1.82,12.2375,7.1189));
#5117=DIRECTION('',(5.55111512312578E-17,1.0,6.16297582203914E-33));
#5118=DIRECTION('',(1.0,-5.55111512312578E-17,0.0));
#5119=ORIENTED_EDGE('',*,*,#6999,.F.);
#5120=ORIENTED_EDGE('',*,*,#6996,.T.);
#5121=ORIENTED_EDGE('',*,*,#7001,.T.);
#5122=ORIENTED_EDGE('',*,*,#6993,.F.);
#5123=CARTESIAN_POINT('',(-1.82,11.6025,2.85044843986784));
#5124=DIRECTION('',(-5.55111512312578E-17,-1.0,-6.16297582203914E-33));
#5125=DIRECTION('',(-1.0,5.55111512312578E-17,0.0));
#5126=ORIENTED_EDGE('',*,*,#7001,.F.);
#5127=ORIENTED_EDGE('',*,*,#6995,.F.);
#5128=ORIENTED_EDGE('',*,*,#6986,.T.);
#5129=ORIENTED_EDGE('',*,*,#6994,.T.);
#5130=CARTESIAN_POINT('',(-1.17999999999999,11.0945,5.9759));
#5131=DIRECTION('',(1.0,-5.55111512312578E-17,0.0));
#5132=DIRECTION('',(0.0,0.0,1.0));
#5133=ORIENTED_EDGE('',*,*,#7002,.T.);
#5134=ORIENTED_EDGE('',*,*,#7003,.F.);
#5135=ORIENTED_EDGE('',*,*,#7004,.F.);
#5136=ORIENTED_EDGE('',*,*,#7005,.T.);
#5137=CARTESIAN_POINT('',(-1.17999999999999,6.28274776864918,4.4999));
#5138=DIRECTION('',(-1.0,5.55111512312578E-17,0.0));
#5139=DIRECTION('',(0.0,0.0,-1.0));
#5140=ORIENTED_EDGE('',*,*,#7006,.F.);
#5141=ORIENTED_EDGE('',*,*,#7007,.T.);
#5142=ORIENTED_EDGE('',*,*,#7005,.F.);
#5143=ORIENTED_EDGE('',*,*,#7008,.F.);
#5144=CARTESIAN_POINT('',(-1.17999999999999,6.28274776864918,4.3475));
#5145=DIRECTION('',(-1.11022302462516E-16,0.0,1.0));
#5146=DIRECTION('',(1.0,-0.0,1.11022302462516E-16));
#5147=ORIENTED_EDGE('',*,*,#7009,.F.);
#5148=ORIENTED_EDGE('',*,*,#7010,.T.);
#5149=ORIENTED_EDGE('',*,*,#7006,.T.);
#5150=ORIENTED_EDGE('',*,*,#7011,.F.);
#5151=CARTESIAN_POINT('',(-1.17999999999999,2.15,4.13851326801685));
#5152=DIRECTION('',(-5.55111512312578E-17,-1.0,-6.16297582203917E-33));
#5153=DIRECTION('',(-1.0,5.55111512312578E-17,0.0));
#5154=ORIENTED_EDGE('',*,*,#7012,.T.);
#5155=ORIENTED_EDGE('',*,*,#7009,.T.);
#5156=ORIENTED_EDGE('',*,*,#7013,.F.);
#5157=ORIENTED_EDGE('',*,*,#7014,.T.);
#5158=CARTESIAN_POINT('',(-1.9200024,3.2685,3.7125));
#5159=DIRECTION('',(-1.11022302462516E-16,0.0,1.0));
#5160=DIRECTION('',(1.0,-0.0,1.11022302462516E-16));
#5161=ORIENTED_EDGE('',*,*,#7015,.T.);
#5162=ORIENTED_EDGE('',*,*,#7014,.F.);
#5163=ORIENTED_EDGE('',*,*,#7016,.F.);
#5164=ORIENTED_EDGE('',*,*,#7017,.T.);
#5165=CARTESIAN_POINT('',(-1.9200024,6.28274776864918,3.5601));
#5166=DIRECTION('',(-1.0,5.55111512312578E-17,0.0));
#5167=DIRECTION('',(0.0,0.0,-1.0));
#5168=ORIENTED_EDGE('',*,*,#6261,.F.);
#5169=ORIENTED_EDGE('',*,*,#7018,.T.);
#5170=ORIENTED_EDGE('',*,*,#7016,.T.);
#5171=ORIENTED_EDGE('',*,*,#7013,.T.);
#5172=ORIENTED_EDGE('',*,*,#7011,.T.);
#5173=ORIENTED_EDGE('',*,*,#7008,.T.);
#5174=ORIENTED_EDGE('',*,*,#7004,.T.);
#5175=ORIENTED_EDGE('',*,*,#7019,.T.);
#5176=CARTESIAN_POINT('',(-1.82,15.9596386162432,19.7173395601322));
#5177=DIRECTION('',(1.0,-5.55111512312578E-17,1.11022302462516E-16));
#5178=DIRECTION('',(-1.11022302462516E-16,0.0,1.0));
#5179=ORIENTED_EDGE('',*,*,#6262,.F.);
#5180=ORIENTED_EDGE('',*,*,#7019,.F.);
#5181=ORIENTED_EDGE('',*,*,#7003,.T.);
#5182=ORIENTED_EDGE('',*,*,#7020,.T.);
#5183=CARTESIAN_POINT('',(-1.9200024,7.3833,4.4491));
#5184=DIRECTION('',(1.11022302462516E-16,0.0,-1.0));
#5185=DIRECTION('',(0.0,-1.0,0.0));
#5186=ORIENTED_EDGE('',*,*,#7021,.F.);
#5187=ORIENTED_EDGE('',*,*,#6259,.T.);
#5188=ORIENTED_EDGE('',*,*,#7020,.F.);
#5189=ORIENTED_EDGE('',*,*,#7002,.F.);
#5190=ORIENTED_EDGE('',*,*,#7007,.F.);
#5191=ORIENTED_EDGE('',*,*,#7010,.F.);
#5192=ORIENTED_EDGE('',*,*,#7012,.F.);
#5193=ORIENTED_EDGE('',*,*,#7015,.F.);
#5194=CARTESIAN_POINT('',(-1.18,15.9596386162432,12.1173395601322));
#5195=DIRECTION('',(1.0,-5.55111512312578E-17,1.11022302462516E-16));
#5196=DIRECTION('',(-1.11022302462516E-16,0.0,1.0));
#5197=ORIENTED_EDGE('',*,*,#6260,.F.);
#5198=ORIENTED_EDGE('',*,*,#7021,.T.);
#5199=ORIENTED_EDGE('',*,*,#7017,.F.);
#5200=ORIENTED_EDGE('',*,*,#7018,.F.);
#5201=CARTESIAN_POINT('',(-1.9200024,6.5959,3.6109));
#5202=DIRECTION('',(-1.11022302462516E-16,0.0,1.0));
#5203=DIRECTION('',(1.0,-0.0,1.11022302462516E-16));
#5204=ORIENTED_EDGE('',*,*,#7022,.F.);
#5205=ORIENTED_EDGE('',*,*,#6453,.T.);
#5206=ORIENTED_EDGE('',*,*,#7023,.F.);
#5207=ORIENTED_EDGE('',*,*,#7024,.F.);
#5208=CARTESIAN_POINT('',(-1.18,15.9596386162432,12.1173395601322));
#5209=DIRECTION('',(1.0,-5.55111512312578E-17,1.11022302462516E-16));
#5210=DIRECTION('',(-1.11022302462516E-16,0.0,1.0));
#5211=ORIENTED_EDGE('',*,*,#6455,.F.);
#5212=ORIENTED_EDGE('',*,*,#7025,.T.);
#5213=ORIENTED_EDGE('',*,*,#7026,.T.);
#5214=ORIENTED_EDGE('',*,*,#7027,.F.);
#5215=CARTESIAN_POINT('',(-1.82,15.9596386162432,19.7173395601322));
#5216=DIRECTION('',(1.0,-5.55111512312578E-17,1.11022302462516E-16));
#5217=DIRECTION('',(-1.11022302462516E-16,0.0,1.0));
#5218=ORIENTED_EDGE('',*,*,#7026,.F.);
#5219=ORIENTED_EDGE('',*,*,#7028,.T.);
#5220=ORIENTED_EDGE('',*,*,#7024,.T.);
#5221=ORIENTED_EDGE('',*,*,#7029,.T.);
#5222=CARTESIAN_POINT('',(-1.81999999999999,9.02851326801685,-1.67));
#5223=DIRECTION('',(1.11022302462516E-16,-3.28429327576129E-47,-1.0));
#5224=DIRECTION('',(0.0,-1.0,3.28429327576129E-47));
#5225=ORIENTED_EDGE('',*,*,#7023,.T.);
#5226=ORIENTED_EDGE('',*,*,#6452,.T.);
#5227=ORIENTED_EDGE('',*,*,#7027,.T.);
#5228=ORIENTED_EDGE('',*,*,#7029,.F.);
#5229=CARTESIAN_POINT('',(-1.81999999999999,8.6025,-0.770599999999998));
#5230=DIRECTION('',(-5.55111512312578E-17,-1.0,-6.16297582203914E-33));
#5231=DIRECTION('',(-1.0,5.55111512312578E-17,0.0));
#5232=ORIENTED_EDGE('',*,*,#7025,.F.);
#5233=ORIENTED_EDGE('',*,*,#6454,.T.);
#5234=ORIENTED_EDGE('',*,*,#7022,.T.);
#5235=ORIENTED_EDGE('',*,*,#7028,.F.);
#5236=CARTESIAN_POINT('',(-1.17999999999999,9.2375,2.77280406947096));
#5237=DIRECTION('',(5.55111512312578E-17,1.0,6.16297582203917E-33));
#5238=DIRECTION('',(1.0,-5.55111512312578E-17,0.0));
#5239=ORIENTED_EDGE('',*,*,#7030,.T.);
#5240=ORIENTED_EDGE('',*,*,#7031,.F.);
#5241=ORIENTED_EDGE('',*,*,#7032,.F.);
#5242=ORIENTED_EDGE('',*,*,#7033,.T.);
#5243=CARTESIAN_POINT('',(-4.9200024,6.28274776864918,6.5601));
#5244=DIRECTION('',(-1.0,5.55111512312578E-17,0.0));
#5245=DIRECTION('',(0.0,0.0,-1.0));
#5246=ORIENTED_EDGE('',*,*,#7034,.T.);
#5247=ORIENTED_EDGE('',*,*,#7035,.T.);
#5248=ORIENTED_EDGE('',*,*,#7036,.F.);
#5249=ORIENTED_EDGE('',*,*,#7031,.T.);
#5250=CARTESIAN_POINT('',(-4.9200024,3.2685,6.7125));
#5251=DIRECTION('',(-1.11022302462516E-16,0.0,1.0));
#5252=DIRECTION('',(1.0,-0.0,1.11022302462516E-16));
#5253=ORIENTED_EDGE('',*,*,#7035,.F.);
#5254=ORIENTED_EDGE('',*,*,#7037,.T.);
#5255=ORIENTED_EDGE('',*,*,#7038,.T.);
#5256=ORIENTED_EDGE('',*,*,#7039,.T.);
#5257=CARTESIAN_POINT('',(-4.17999999999999,2.15,7.13851326801685));
#5258=DIRECTION('',(-5.55111512312578E-17,-1.0,-6.16297582203917E-33));
#5259=DIRECTION('',(-1.0,5.55111512312578E-17,0.0));
#5260=ORIENTED_EDGE('',*,*,#7038,.F.);
#5261=ORIENTED_EDGE('',*,*,#7040,.T.);
#5262=ORIENTED_EDGE('',*,*,#7041,.F.);
#5263=ORIENTED_EDGE('',*,*,#7042,.F.);
#5264=CARTESIAN_POINT('',(-4.17999999999999,6.28274776864918,7.3475));
#5265=DIRECTION('',(-1.11022302462516E-16,0.0,1.0));
#5266=DIRECTION('',(1.0,-0.0,1.11022302462516E-16));
#5267=ORIENTED_EDGE('',*,*,#7043,.T.);
#5268=ORIENTED_EDGE('',*,*,#7044,.F.);
#5269=ORIENTED_EDGE('',*,*,#7045,.F.);
#5270=ORIENTED_EDGE('',*,*,#7041,.T.);
#5271=CARTESIAN_POINT('',(-4.17999999999999,6.28274776864918,7.4999));
#5272=DIRECTION('',(-1.0,5.55111512312578E-17,0.0));
#5273=DIRECTION('',(0.0,0.0,-1.0));
#5274=ORIENTED_EDGE('',*,*,#7046,.F.);
#5275=ORIENTED_EDGE('',*,*,#6253,.T.);
#5276=ORIENTED_EDGE('',*,*,#7047,.F.);
#5277=ORIENTED_EDGE('',*,*,#7043,.F.);
#5278=ORIENTED_EDGE('',*,*,#7040,.F.);
#5279=ORIENTED_EDGE('',*,*,#7037,.F.);
#5280=ORIENTED_EDGE('',*,*,#7034,.F.);
#5281=ORIENTED_EDGE('',*,*,#7030,.F.);
#5282=CARTESIAN_POINT('',(-4.18,15.9596386162432,15.1173395601322));
#5283=DIRECTION('',(1.0,-5.55111512312578E-17,1.11022302462516E-16));
#5284=DIRECTION('',(-1.11022302462516E-16,0.0,1.0));
#5285=ORIENTED_EDGE('',*,*,#6251,.F.);
#5286=ORIENTED_EDGE('',*,*,#7048,.T.);
#5287=ORIENTED_EDGE('',*,*,#7032,.T.);
#5288=ORIENTED_EDGE('',*,*,#7036,.T.);
#5289=ORIENTED_EDGE('',*,*,#7039,.F.);
#5290=ORIENTED_EDGE('',*,*,#7042,.T.);
#5291=ORIENTED_EDGE('',*,*,#7045,.T.);
#5292=ORIENTED_EDGE('',*,*,#7049,.T.);
#5293=CARTESIAN_POINT('',(-4.82,17.6449,4.1471));
#5294=DIRECTION('',(-1.0,5.55111512312578E-17,-1.11022302462516E-16));
#5295=DIRECTION('',(-1.11022302462516E-16,0.0,1.0));
#5296=ORIENTED_EDGE('',*,*,#6252,.F.);
#5297=ORIENTED_EDGE('',*,*,#7049,.F.);
#5298=ORIENTED_EDGE('',*,*,#7044,.T.);
#5299=ORIENTED_EDGE('',*,*,#7047,.T.);
#5300=CARTESIAN_POINT('',(-4.9200024,7.3833,7.4491));
#5301=DIRECTION('',(1.11022302462516E-16,0.0,-1.0));
#5302=DIRECTION('',(0.0,-1.0,0.0));
#5303=ORIENTED_EDGE('',*,*,#6250,.F.);
#5304=ORIENTED_EDGE('',*,*,#7046,.T.);
#5305=ORIENTED_EDGE('',*,*,#7033,.F.);
#5306=ORIENTED_EDGE('',*,*,#7048,.F.);
#5307=CARTESIAN_POINT('',(-4.9200024,6.5959,6.6109));
#5308=DIRECTION('',(-1.11022302462516E-16,0.0,1.0));
#5309=DIRECTION('',(1.0,-0.0,1.11022302462516E-16));
#5310=ORIENTED_EDGE('',*,*,#6169,.F.);
#5311=ORIENTED_EDGE('',*,*,#7050,.T.);
#5312=ORIENTED_EDGE('',*,*,#7051,.F.);
#5313=ORIENTED_EDGE('',*,*,#7052,.T.);
#5314=CARTESIAN_POINT('',(-4.82,12.2093,6.4839));
#5315=DIRECTION('',(1.11022302462516E-16,-3.28429327576129E-47,-1.0));
#5316=DIRECTION('',(0.0,-1.0,3.28429327576129E-47));
#5317=ORIENTED_EDGE('',*,*,#6171,.F.);
#5318=ORIENTED_EDGE('',*,*,#7053,.T.);
#5319=ORIENTED_EDGE('',*,*,#7054,.F.);
#5320=ORIENTED_EDGE('',*,*,#7055,.F.);
#5321=CARTESIAN_POINT('',(-4.82,9.19376261624321,7.1189));
#5322=DIRECTION('',(-1.11022302462516E-16,3.28429327576129E-47,1.0));
#5323=DIRECTION('',(1.0,-0.0,1.11022302462516E-16));
#5324=ORIENTED_EDGE('',*,*,#7050,.F.);
#5325=ORIENTED_EDGE('',*,*,#6168,.T.);
#5326=ORIENTED_EDGE('',*,*,#7055,.T.);
#5327=ORIENTED_EDGE('',*,*,#7056,.T.);
#5328=ORIENTED_EDGE('',*,*,#7057,.F.);
#5329=ORIENTED_EDGE('',*,*,#7058,.T.);
#5330=ORIENTED_EDGE('',*,*,#7059,.F.);
#5331=CARTESIAN_POINT('',(-4.82,17.6449,4.1471));
#5332=DIRECTION('',(-1.0,5.55111512312578E-17,-1.11022302462516E-16));
#5333=DIRECTION('',(-1.11022302462516E-16,0.0,1.0));
#5334=ORIENTED_EDGE('',*,*,#6170,.F.);
#5335=ORIENTED_EDGE('',*,*,#7052,.F.);
#5336=ORIENTED_EDGE('',*,*,#7060,.T.);
#5337=ORIENTED_EDGE('',*,*,#7061,.F.);
#5338=ORIENTED_EDGE('',*,*,#7062,.F.);
#5339=ORIENTED_EDGE('',*,*,#7063,.F.);
#5340=ORIENTED_EDGE('',*,*,#7053,.F.);
#5341=CARTESIAN_POINT('',(-4.18,15.9596386162432,15.1173395601322));
#5342=DIRECTION('',(1.0,-5.55111512312578E-17,1.11022302462516E-16));
#5343=DIRECTION('',(-1.11022302462516E-16,0.0,1.0));
#5344=ORIENTED_EDGE('',*,*,#7062,.T.);
#5345=ORIENTED_EDGE('',*,*,#7064,.T.);
#5346=ORIENTED_EDGE('',*,*,#7057,.T.);
#5347=ORIENTED_EDGE('',*,*,#7065,.T.);
#5348=CARTESIAN_POINT('',(-4.81999999999999,12.0285132680168,-1.67));
#5349=DIRECTION('',(1.11022302462516E-16,-3.28429327576129E-47,-1.0));
#5350=DIRECTION('',(0.0,-1.0,3.28429327576129E-47));
#5351=ORIENTED_EDGE('',*,*,#7065,.F.);
#5352=ORIENTED_EDGE('',*,*,#7056,.F.);
#5353=ORIENTED_EDGE('',*,*,#7054,.T.);
#5354=ORIENTED_EDGE('',*,*,#7063,.T.);
#5355=CARTESIAN_POINT('',(-4.82,12.2375,7.1189));
#5356=DIRECTION('',(5.55111512312578E-17,1.0,6.16297582203914E-33));
#5357=DIRECTION('',(1.0,-5.55111512312578E-17,0.0));
#5358=ORIENTED_EDGE('',*,*,#7064,.F.);
#5359=ORIENTED_EDGE('',*,*,#7061,.T.);
#5360=ORIENTED_EDGE('',*,*,#7066,.T.);
#5361=ORIENTED_EDGE('',*,*,#7058,.F.);
#5362=CARTESIAN_POINT('',(-4.82,11.6025,2.85044843986784));
#5363=DIRECTION('',(-5.55111512312578E-17,-1.0,-6.16297582203914E-33));
#5364=DIRECTION('',(-1.0,5.55111512312578E-17,0.0));
#5365=ORIENTED_EDGE('',*,*,#7066,.F.);
#5366=ORIENTED_EDGE('',*,*,#7060,.F.);
#5367=ORIENTED_EDGE('',*,*,#7051,.T.);
#5368=ORIENTED_EDGE('',*,*,#7059,.T.);
#5369=CARTESIAN_POINT('',(-4.17999999999999,11.0945,5.9759));
#5370=DIRECTION('',(1.0,-5.55111512312578E-17,0.0));
#5371=DIRECTION('',(0.0,0.0,1.0));
#5372=ORIENTED_EDGE('',*,*,#7067,.T.);
#5373=ORIENTED_EDGE('',*,*,#7068,.F.);
#5374=ORIENTED_EDGE('',*,*,#7069,.F.);
#5375=ORIENTED_EDGE('',*,*,#7070,.T.);
#5376=CARTESIAN_POINT('',(-4.17999999999999,6.28274776864918,4.4999));
#5377=DIRECTION('',(-1.0,5.55111512312578E-17,0.0));
#5378=DIRECTION('',(0.0,0.0,-1.0));
#5379=ORIENTED_EDGE('',*,*,#7071,.F.);
#5380=ORIENTED_EDGE('',*,*,#7072,.T.);
#5381=ORIENTED_EDGE('',*,*,#7070,.F.);
#5382=ORIENTED_EDGE('',*,*,#7073,.F.);
#5383=CARTESIAN_POINT('',(-4.17999999999999,6.28274776864918,4.3475));
#5384=DIRECTION('',(-1.11022302462516E-16,0.0,1.0));
#5385=DIRECTION('',(1.0,-0.0,1.11022302462516E-16));
#5386=ORIENTED_EDGE('',*,*,#7074,.F.);
#5387=ORIENTED_EDGE('',*,*,#7075,.T.);
#5388=ORIENTED_EDGE('',*,*,#7071,.T.);
#5389=ORIENTED_EDGE('',*,*,#7076,.F.);
#5390=CARTESIAN_POINT('',(-4.17999999999999,2.15,4.13851326801685));
#5391=DIRECTION('',(-5.55111512312578E-17,-1.0,-6.16297582203917E-33));
#5392=DIRECTION('',(-1.0,5.55111512312578E-17,0.0));
#5393=ORIENTED_EDGE('',*,*,#7077,.T.);
#5394=ORIENTED_EDGE('',*,*,#7074,.T.);
#5395=ORIENTED_EDGE('',*,*,#7078,.F.);
#5396=ORIENTED_EDGE('',*,*,#7079,.T.);
#5397=CARTESIAN_POINT('',(-4.9200024,3.2685,3.7125));
#5398=DIRECTION('',(-1.11022302462516E-16,0.0,1.0));
#5399=DIRECTION('',(1.0,-0.0,1.11022302462516E-16));
#5400=ORIENTED_EDGE('',*,*,#7080,.T.);
#5401=ORIENTED_EDGE('',*,*,#7079,.F.);
#5402=ORIENTED_EDGE('',*,*,#7081,.F.);
#5403=ORIENTED_EDGE('',*,*,#7082,.T.);
#5404=CARTESIAN_POINT('',(-4.9200024,6.28274776864918,3.5601));
#5405=DIRECTION('',(-1.0,5.55111512312578E-17,0.0));
#5406=DIRECTION('',(0.0,0.0,-1.0));
#5407=ORIENTED_EDGE('',*,*,#6243,.F.);
#5408=ORIENTED_EDGE('',*,*,#7083,.T.);
#5409=ORIENTED_EDGE('',*,*,#7081,.T.);
#5410=ORIENTED_EDGE('',*,*,#7078,.T.);
#5411=ORIENTED_EDGE('',*,*,#7076,.T.);
#5412=ORIENTED_EDGE('',*,*,#7073,.T.);
#5413=ORIENTED_EDGE('',*,*,#7069,.T.);
#5414=ORIENTED_EDGE('',*,*,#7084,.T.);
#5415=CARTESIAN_POINT('',(-4.81999999999999,15.9596386162432,19.7173395601322));
#5416=DIRECTION('',(1.0,-5.55111512312578E-17,1.11022302462516E-16));
#5417=DIRECTION('',(-1.11022302462516E-16,0.0,1.0));
#5418=ORIENTED_EDGE('',*,*,#6244,.F.);
#5419=ORIENTED_EDGE('',*,*,#7084,.F.);
#5420=ORIENTED_EDGE('',*,*,#7068,.T.);
#5421=ORIENTED_EDGE('',*,*,#7085,.T.);
#5422=CARTESIAN_POINT('',(-4.9200024,7.3833,4.4491));
#5423=DIRECTION('',(1.11022302462516E-16,0.0,-1.0));
#5424=DIRECTION('',(0.0,-1.0,0.0));
#5425=ORIENTED_EDGE('',*,*,#7086,.F.);
#5426=ORIENTED_EDGE('',*,*,#6241,.T.);
#5427=ORIENTED_EDGE('',*,*,#7085,.F.);
#5428=ORIENTED_EDGE('',*,*,#7067,.F.);
#5429=ORIENTED_EDGE('',*,*,#7072,.F.);
#5430=ORIENTED_EDGE('',*,*,#7075,.F.);
#5431=ORIENTED_EDGE('',*,*,#7077,.F.);
#5432=ORIENTED_EDGE('',*,*,#7080,.F.);
#5433=CARTESIAN_POINT('',(-4.18,15.9596386162432,12.1173395601322));
#5434=DIRECTION('',(1.0,-5.55111512312578E-17,1.11022302462516E-16));
#5435=DIRECTION('',(-1.11022302462516E-16,0.0,1.0));
#5436=ORIENTED_EDGE('',*,*,#6242,.F.);
#5437=ORIENTED_EDGE('',*,*,#7086,.T.);
#5438=ORIENTED_EDGE('',*,*,#7082,.F.);
#5439=ORIENTED_EDGE('',*,*,#7083,.F.);
#5440=CARTESIAN_POINT('',(-4.9200024,6.5959,3.6109));
#5441=DIRECTION('',(-1.11022302462516E-16,0.0,1.0));
#5442=DIRECTION('',(1.0,-0.0,1.11022302462516E-16));
#5443=ORIENTED_EDGE('',*,*,#7087,.F.);
#5444=ORIENTED_EDGE('',*,*,#6449,.T.);
#5445=ORIENTED_EDGE('',*,*,#7088,.F.);
#5446=ORIENTED_EDGE('',*,*,#7089,.F.);
#5447=CARTESIAN_POINT('',(-4.18,15.9596386162432,12.1173395601322));
#5448=DIRECTION('',(1.0,-5.55111512312578E-17,1.11022302462516E-16));
#5449=DIRECTION('',(-1.11022302462516E-16,0.0,1.0));
#5450=ORIENTED_EDGE('',*,*,#6451,.F.);
#5451=ORIENTED_EDGE('',*,*,#7090,.T.);
#5452=ORIENTED_EDGE('',*,*,#7091,.T.);
#5453=ORIENTED_EDGE('',*,*,#7092,.F.);
#5454=CARTESIAN_POINT('',(-4.81999999999999,15.9596386162432,19.7173395601322));
#5455=DIRECTION('',(1.0,-5.55111512312578E-17,1.11022302462516E-16));
#5456=DIRECTION('',(-1.11022302462516E-16,0.0,1.0));
#5457=ORIENTED_EDGE('',*,*,#7091,.F.);
#5458=ORIENTED_EDGE('',*,*,#7093,.T.);
#5459=ORIENTED_EDGE('',*,*,#7089,.T.);
#5460=ORIENTED_EDGE('',*,*,#7094,.T.);
#5461=CARTESIAN_POINT('',(-4.81999999999999,9.02851326801685,-1.67));
#5462=DIRECTION('',(1.11022302462516E-16,-3.28429327576129E-47,-1.0));
#5463=DIRECTION('',(0.0,-1.0,3.28429327576129E-47));
#5464=ORIENTED_EDGE('',*,*,#7088,.T.);
#5465=ORIENTED_EDGE('',*,*,#6448,.T.);
#5466=ORIENTED_EDGE('',*,*,#7092,.T.);
#5467=ORIENTED_EDGE('',*,*,#7094,.F.);
#5468=CARTESIAN_POINT('',(-4.81999999999999,8.6025,-0.770599999999998));
#5469=DIRECTION('',(-5.55111512312578E-17,-1.0,-6.16297582203914E-33));
#5470=DIRECTION('',(-1.0,5.55111512312578E-17,0.0));
#5471=ORIENTED_EDGE('',*,*,#7090,.F.);
#5472=ORIENTED_EDGE('',*,*,#6450,.T.);
#5473=ORIENTED_EDGE('',*,*,#7087,.T.);
#5474=ORIENTED_EDGE('',*,*,#7093,.F.);
#5475=CARTESIAN_POINT('',(-4.17999999999999,9.2375,2.77280406947096));
#5476=DIRECTION('',(5.55111512312578E-17,1.0,6.16297582203917E-33));
#5477=DIRECTION('',(1.0,-5.55111512312578E-17,0.0));
#5478=ORIENTED_EDGE('',*,*,#7095,.T.);
#5479=ORIENTED_EDGE('',*,*,#7096,.F.);
#5480=ORIENTED_EDGE('',*,*,#7097,.F.);
#5481=ORIENTED_EDGE('',*,*,#7098,.T.);
#5482=CARTESIAN_POINT('',(-7.9200024,6.28274776864918,6.5601));
#5483=DIRECTION('',(-1.0,5.55111512312578E-17,0.0));
#5484=DIRECTION('',(0.0,0.0,-1.0));
#5485=ORIENTED_EDGE('',*,*,#7099,.T.);
#5486=ORIENTED_EDGE('',*,*,#7100,.T.);
#5487=ORIENTED_EDGE('',*,*,#7101,.F.);
#5488=ORIENTED_EDGE('',*,*,#7096,.T.);
#5489=CARTESIAN_POINT('',(-7.9200024,3.2685,6.7125));
#5490=DIRECTION('',(-1.11022302462516E-16,0.0,1.0));
#5491=DIRECTION('',(1.0,-0.0,1.11022302462516E-16));
#5492=ORIENTED_EDGE('',*,*,#7100,.F.);
#5493=ORIENTED_EDGE('',*,*,#7102,.T.);
#5494=ORIENTED_EDGE('',*,*,#7103,.T.);
#5495=ORIENTED_EDGE('',*,*,#7104,.T.);
#5496=CARTESIAN_POINT('',(-7.17999999999999,2.15,7.13851326801685));
#5497=DIRECTION('',(-5.55111512312578E-17,-1.0,-6.16297582203917E-33));
#5498=DIRECTION('',(-1.0,5.55111512312578E-17,0.0));
#5499=ORIENTED_EDGE('',*,*,#7103,.F.);
#5500=ORIENTED_EDGE('',*,*,#7105,.T.);
#5501=ORIENTED_EDGE('',*,*,#7106,.F.);
#5502=ORIENTED_EDGE('',*,*,#7107,.F.);
#5503=CARTESIAN_POINT('',(-7.17999999999999,6.28274776864918,7.3475));
#5504=DIRECTION('',(-1.11022302462516E-16,0.0,1.0));
#5505=DIRECTION('',(1.0,-0.0,1.11022302462516E-16));
#5506=ORIENTED_EDGE('',*,*,#7108,.T.);
#5507=ORIENTED_EDGE('',*,*,#7109,.F.);
#5508=ORIENTED_EDGE('',*,*,#7110,.F.);
#5509=ORIENTED_EDGE('',*,*,#7106,.T.);
#5510=CARTESIAN_POINT('',(-7.17999999999999,6.28274776864918,7.4999));
#5511=DIRECTION('',(-1.0,5.55111512312578E-17,0.0));
#5512=DIRECTION('',(0.0,0.0,-1.0));
#5513=ORIENTED_EDGE('',*,*,#7111,.F.);
#5514=ORIENTED_EDGE('',*,*,#6235,.T.);
#5515=ORIENTED_EDGE('',*,*,#7112,.F.);
#5516=ORIENTED_EDGE('',*,*,#7108,.F.);
#5517=ORIENTED_EDGE('',*,*,#7105,.F.);
#5518=ORIENTED_EDGE('',*,*,#7102,.F.);
#5519=ORIENTED_EDGE('',*,*,#7099,.F.);
#5520=ORIENTED_EDGE('',*,*,#7095,.F.);
#5521=CARTESIAN_POINT('',(-7.18,15.9596386162432,15.1173395601322));
#5522=DIRECTION('',(1.0,-5.55111512312578E-17,1.11022302462516E-16));
#5523=DIRECTION('',(-1.11022302462516E-16,0.0,1.0));
#5524=ORIENTED_EDGE('',*,*,#6233,.F.);
#5525=ORIENTED_EDGE('',*,*,#7113,.T.);
#5526=ORIENTED_EDGE('',*,*,#7097,.T.);
#5527=ORIENTED_EDGE('',*,*,#7101,.T.);
#5528=ORIENTED_EDGE('',*,*,#7104,.F.);
#5529=ORIENTED_EDGE('',*,*,#7107,.T.);
#5530=ORIENTED_EDGE('',*,*,#7110,.T.);
#5531=ORIENTED_EDGE('',*,*,#7114,.T.);
#5532=CARTESIAN_POINT('',(-7.82,17.6449,4.1471));
#5533=DIRECTION('',(-1.0,5.55111512312578E-17,-1.11022302462516E-16));
#5534=DIRECTION('',(-1.11022302462516E-16,0.0,1.0));
#5535=ORIENTED_EDGE('',*,*,#6234,.F.);
#5536=ORIENTED_EDGE('',*,*,#7114,.F.);
#5537=ORIENTED_EDGE('',*,*,#7109,.T.);
#5538=ORIENTED_EDGE('',*,*,#7112,.T.);
#5539=CARTESIAN_POINT('',(-7.9200024,7.3833,7.4491));
#5540=DIRECTION('',(1.11022302462516E-16,0.0,-1.0));
#5541=DIRECTION('',(0.0,-1.0,0.0));
#5542=ORIENTED_EDGE('',*,*,#6232,.F.);
#5543=ORIENTED_EDGE('',*,*,#7111,.T.);
#5544=ORIENTED_EDGE('',*,*,#7098,.F.);
#5545=ORIENTED_EDGE('',*,*,#7113,.F.);
#5546=CARTESIAN_POINT('',(-7.9200024,6.5959,6.6109));
#5547=DIRECTION('',(-1.11022302462516E-16,0.0,1.0));
#5548=DIRECTION('',(1.0,-0.0,1.11022302462516E-16));
#5549=ORIENTED_EDGE('',*,*,#6224,.F.);
#5550=ORIENTED_EDGE('',*,*,#7115,.T.);
#5551=ORIENTED_EDGE('',*,*,#7116,.F.);
#5552=ORIENTED_EDGE('',*,*,#7117,.T.);
#5553=CARTESIAN_POINT('',(-7.82,12.2093,6.4839));
#5554=DIRECTION('',(1.11022302462516E-16,-3.28429327576129E-47,-1.0));
#5555=DIRECTION('',(0.0,-1.0,3.28429327576129E-47));
#5556=ORIENTED_EDGE('',*,*,#6226,.F.);
#5557=ORIENTED_EDGE('',*,*,#7118,.T.);
#5558=ORIENTED_EDGE('',*,*,#7119,.F.);
#5559=ORIENTED_EDGE('',*,*,#7120,.F.);
#5560=CARTESIAN_POINT('',(-7.82,9.19376261624321,7.1189));
#5561=DIRECTION('',(-1.11022302462516E-16,3.28429327576129E-47,1.0));
#5562=DIRECTION('',(1.0,-0.0,1.11022302462516E-16));
#5563=ORIENTED_EDGE('',*,*,#7115,.F.);
#5564=ORIENTED_EDGE('',*,*,#6223,.T.);
#5565=ORIENTED_EDGE('',*,*,#7120,.T.);
#5566=ORIENTED_EDGE('',*,*,#7121,.T.);
#5567=ORIENTED_EDGE('',*,*,#7122,.F.);
#5568=ORIENTED_EDGE('',*,*,#7123,.T.);
#5569=ORIENTED_EDGE('',*,*,#7124,.F.);
#5570=CARTESIAN_POINT('',(-7.82,17.6449,4.1471));
#5571=DIRECTION('',(-1.0,5.55111512312578E-17,-1.11022302462516E-16));
#5572=DIRECTION('',(-1.11022302462516E-16,0.0,1.0));
#5573=ORIENTED_EDGE('',*,*,#6225,.F.);
#5574=ORIENTED_EDGE('',*,*,#7117,.F.);
#5575=ORIENTED_EDGE('',*,*,#7125,.T.);
#5576=ORIENTED_EDGE('',*,*,#7126,.F.);
#5577=ORIENTED_EDGE('',*,*,#7127,.F.);
#5578=ORIENTED_EDGE('',*,*,#7128,.F.);
#5579=ORIENTED_EDGE('',*,*,#7118,.F.);
#5580=CARTESIAN_POINT('',(-7.18,15.9596386162432,15.1173395601322));
#5581=DIRECTION('',(1.0,-5.55111512312578E-17,1.11022302462516E-16));
#5582=DIRECTION('',(-1.11022302462516E-16,0.0,1.0));
#5583=ORIENTED_EDGE('',*,*,#7127,.T.);
#5584=ORIENTED_EDGE('',*,*,#7129,.T.);
#5585=ORIENTED_EDGE('',*,*,#7122,.T.);
#5586=ORIENTED_EDGE('',*,*,#7130,.T.);
#5587=CARTESIAN_POINT('',(-7.81999999999999,12.0285132680168,-1.67));
#5588=DIRECTION('',(1.11022302462516E-16,-3.28429327576129E-47,-1.0));
#5589=DIRECTION('',(0.0,-1.0,3.28429327576129E-47));
#5590=ORIENTED_EDGE('',*,*,#7130,.F.);
#5591=ORIENTED_EDGE('',*,*,#7121,.F.);
#5592=ORIENTED_EDGE('',*,*,#7119,.T.);
#5593=ORIENTED_EDGE('',*,*,#7128,.T.);
#5594=CARTESIAN_POINT('',(-7.82,12.2375,7.1189));
#5595=DIRECTION('',(5.55111512312578E-17,1.0,6.16297582203914E-33));
#5596=DIRECTION('',(1.0,-5.55111512312578E-17,0.0));
#5597=ORIENTED_EDGE('',*,*,#7129,.F.);
#5598=ORIENTED_EDGE('',*,*,#7126,.T.);
#5599=ORIENTED_EDGE('',*,*,#7131,.T.);
#5600=ORIENTED_EDGE('',*,*,#7123,.F.);
#5601=CARTESIAN_POINT('',(-7.82,11.6025,2.85044843986784));
#5602=DIRECTION('',(-5.55111512312578E-17,-1.0,-6.16297582203914E-33));
#5603=DIRECTION('',(-1.0,5.55111512312578E-17,0.0));
#5604=ORIENTED_EDGE('',*,*,#7131,.F.);
#5605=ORIENTED_EDGE('',*,*,#7125,.F.);
#5606=ORIENTED_EDGE('',*,*,#7116,.T.);
#5607=ORIENTED_EDGE('',*,*,#7124,.T.);
#5608=CARTESIAN_POINT('',(-7.17999999999999,11.0945,5.9759));
#5609=DIRECTION('',(1.0,-5.55111512312578E-17,0.0));
#5610=DIRECTION('',(0.0,0.0,1.0));
#5611=ORIENTED_EDGE('',*,*,#7132,.T.);
#5612=ORIENTED_EDGE('',*,*,#7133,.F.);
#5613=ORIENTED_EDGE('',*,*,#7134,.F.);
#5614=ORIENTED_EDGE('',*,*,#7135,.T.);
#5615=CARTESIAN_POINT('',(-7.17999999999999,6.28274776864918,4.4999));
#5616=DIRECTION('',(-1.0,5.55111512312578E-17,0.0));
#5617=DIRECTION('',(0.0,0.0,-1.0));
#5618=ORIENTED_EDGE('',*,*,#7136,.F.);
#5619=ORIENTED_EDGE('',*,*,#7137,.T.);
#5620=ORIENTED_EDGE('',*,*,#7135,.F.);
#5621=ORIENTED_EDGE('',*,*,#7138,.F.);
#5622=CARTESIAN_POINT('',(-7.17999999999999,6.28274776864918,4.3475));
#5623=DIRECTION('',(-1.11022302462516E-16,0.0,1.0));
#5624=DIRECTION('',(1.0,-0.0,1.11022302462516E-16));
#5625=ORIENTED_EDGE('',*,*,#7139,.F.);
#5626=ORIENTED_EDGE('',*,*,#7140,.T.);
#5627=ORIENTED_EDGE('',*,*,#7136,.T.);
#5628=ORIENTED_EDGE('',*,*,#7141,.F.);
#5629=CARTESIAN_POINT('',(-7.17999999999999,2.15,4.13851326801685));
#5630=DIRECTION('',(-5.55111512312578E-17,-1.0,-6.16297582203917E-33));
#5631=DIRECTION('',(-1.0,5.55111512312578E-17,0.0));
#5632=ORIENTED_EDGE('',*,*,#7142,.T.);
#5633=ORIENTED_EDGE('',*,*,#7139,.T.);
#5634=ORIENTED_EDGE('',*,*,#7143,.F.);
#5635=ORIENTED_EDGE('',*,*,#7144,.T.);
#5636=CARTESIAN_POINT('',(-7.92000239999999,3.2685,3.7125));
#5637=DIRECTION('',(-1.11022302462516E-16,0.0,1.0));
#5638=DIRECTION('',(1.0,-0.0,1.11022302462516E-16));
#5639=ORIENTED_EDGE('',*,*,#7145,.T.);
#5640=ORIENTED_EDGE('',*,*,#7144,.F.);
#5641=ORIENTED_EDGE('',*,*,#7146,.F.);
#5642=ORIENTED_EDGE('',*,*,#7147,.T.);
#5643=CARTESIAN_POINT('',(-7.92000239999999,6.28274776864918,3.5601));
#5644=DIRECTION('',(-1.0,5.55111512312578E-17,0.0));
#5645=DIRECTION('',(0.0,0.0,-1.0));
#5646=ORIENTED_EDGE('',*,*,#6166,.F.);
#5647=ORIENTED_EDGE('',*,*,#7148,.T.);
#5648=ORIENTED_EDGE('',*,*,#7146,.T.);
#5649=ORIENTED_EDGE('',*,*,#7143,.T.);
#5650=ORIENTED_EDGE('',*,*,#7141,.T.);
#5651=ORIENTED_EDGE('',*,*,#7138,.T.);
#5652=ORIENTED_EDGE('',*,*,#7134,.T.);
#5653=ORIENTED_EDGE('',*,*,#7149,.T.);
#5654=CARTESIAN_POINT('',(-7.81999999999999,15.9596386162432,19.7173395601322));
#5655=DIRECTION('',(1.0,-5.55111512312578E-17,1.11022302462516E-16));
#5656=DIRECTION('',(-1.11022302462516E-16,0.0,1.0));
#5657=ORIENTED_EDGE('',*,*,#6167,.F.);
#5658=ORIENTED_EDGE('',*,*,#7149,.F.);
#5659=ORIENTED_EDGE('',*,*,#7133,.T.);
#5660=ORIENTED_EDGE('',*,*,#7150,.T.);
#5661=CARTESIAN_POINT('',(-7.92000239999999,7.3833,4.4491));
#5662=DIRECTION('',(1.11022302462516E-16,0.0,-1.0));
#5663=DIRECTION('',(0.0,-1.0,0.0));
#5664=ORIENTED_EDGE('',*,*,#7151,.F.);
#5665=ORIENTED_EDGE('',*,*,#6164,.T.);
#5666=ORIENTED_EDGE('',*,*,#7150,.F.);
#5667=ORIENTED_EDGE('',*,*,#7132,.F.);
#5668=ORIENTED_EDGE('',*,*,#7137,.F.);
#5669=ORIENTED_EDGE('',*,*,#7140,.F.);
#5670=ORIENTED_EDGE('',*,*,#7142,.F.);
#5671=ORIENTED_EDGE('',*,*,#7145,.F.);
#5672=CARTESIAN_POINT('',(-7.18,15.9596386162432,12.1173395601322));
#5673=DIRECTION('',(1.0,-5.55111512312578E-17,1.11022302462516E-16));
#5674=DIRECTION('',(-1.11022302462516E-16,0.0,1.0));
#5675=ORIENTED_EDGE('',*,*,#6165,.F.);
#5676=ORIENTED_EDGE('',*,*,#7151,.T.);
#5677=ORIENTED_EDGE('',*,*,#7147,.F.);
#5678=ORIENTED_EDGE('',*,*,#7148,.F.);
#5679=CARTESIAN_POINT('',(-7.92000239999999,6.5959,3.6109));
#5680=DIRECTION('',(-1.11022302462516E-16,0.0,1.0));
#5681=DIRECTION('',(1.0,-0.0,1.11022302462516E-16));
#5682=ORIENTED_EDGE('',*,*,#7152,.F.);
#5683=ORIENTED_EDGE('',*,*,#6445,.T.);
#5684=ORIENTED_EDGE('',*,*,#7153,.F.);
#5685=ORIENTED_EDGE('',*,*,#7154,.F.);
#5686=CARTESIAN_POINT('',(-7.18,15.9596386162432,12.1173395601322));
#5687=DIRECTION('',(1.0,-5.55111512312578E-17,1.11022302462516E-16));
#5688=DIRECTION('',(-1.11022302462516E-16,0.0,1.0));
#5689=ORIENTED_EDGE('',*,*,#6447,.F.);
#5690=ORIENTED_EDGE('',*,*,#7155,.T.);
#5691=ORIENTED_EDGE('',*,*,#7156,.T.);
#5692=ORIENTED_EDGE('',*,*,#7157,.F.);
#5693=CARTESIAN_POINT('',(-7.81999999999999,15.9596386162432,19.7173395601322));
#5694=DIRECTION('',(1.0,-5.55111512312578E-17,1.11022302462516E-16));
#5695=DIRECTION('',(-1.11022302462516E-16,0.0,1.0));
#5696=ORIENTED_EDGE('',*,*,#7156,.F.);
#5697=ORIENTED_EDGE('',*,*,#7158,.T.);
#5698=ORIENTED_EDGE('',*,*,#7154,.T.);
#5699=ORIENTED_EDGE('',*,*,#7159,.T.);
#5700=CARTESIAN_POINT('',(-7.81999999999999,9.02851326801685,-1.67));
#5701=DIRECTION('',(1.11022302462516E-16,-3.28429327576129E-47,-1.0));
#5702=DIRECTION('',(0.0,-1.0,3.28429327576129E-47));
#5703=ORIENTED_EDGE('',*,*,#7153,.T.);
#5704=ORIENTED_EDGE('',*,*,#6444,.T.);
#5705=ORIENTED_EDGE('',*,*,#7157,.T.);
#5706=ORIENTED_EDGE('',*,*,#7159,.F.);
#5707=CARTESIAN_POINT('',(-7.81999999999999,8.6025,-0.770599999999998));
#5708=DIRECTION('',(-5.55111512312578E-17,-1.0,-6.16297582203914E-33));
#5709=DIRECTION('',(-1.0,5.55111512312578E-17,0.0));
#5710=ORIENTED_EDGE('',*,*,#7155,.F.);
#5711=ORIENTED_EDGE('',*,*,#6446,.T.);
#5712=ORIENTED_EDGE('',*,*,#7152,.T.);
#5713=ORIENTED_EDGE('',*,*,#7158,.F.);
#5714=CARTESIAN_POINT('',(-7.17999999999999,9.2375,2.77280406947096));
#5715=DIRECTION('',(5.55111512312578E-17,1.0,6.16297582203917E-33));
#5716=DIRECTION('',(1.0,-5.55111512312578E-17,0.0));
#5717=ORIENTED_EDGE('',*,*,#7160,.F.);
#5718=ORIENTED_EDGE('',*,*,#7161,.T.);
#5719=ORIENTED_EDGE('',*,*,#7162,.T.);
#5720=ORIENTED_EDGE('',*,*,#7163,.F.);
#5721=CARTESIAN_POINT('',(0.999999999999999,7.09999875621121,4.50101761241669));
#5722=DIRECTION('',(1.27009445125017E-31,1.0,1.17145536458252E-15));
#5723=DIRECTION('',(0.0,1.17145536458252E-15,-1.0));
#5724=ORIENTED_EDGE('',*,*,#7164,.F.);
#5725=ORIENTED_EDGE('',*,*,#7165,.T.);
#5726=ORIENTED_EDGE('',*,*,#7160,.T.);
#5727=ORIENTED_EDGE('',*,*,#7166,.F.);
#5728=CARTESIAN_POINT('',(1.15,7.39999875621121,-1.67000238758331));
#5729=DIRECTION('',(1.08420217248551E-16,-1.17145536458252E-15,1.0));
#5730=DIRECTION('',(0.0,-1.0,-1.17145536458252E-15));
#5731=ORIENTED_EDGE('',*,*,#7167,.T.);
#5732=ORIENTED_EDGE('',*,*,#7168,.T.);
#5733=ORIENTED_EDGE('',*,*,#7169,.F.);
#5734=ORIENTED_EDGE('',*,*,#7164,.T.);
#5735=CARTESIAN_POINT('',(0.999999999999999,7.39999875621121,4.50101761241669));
#5736=DIRECTION('',(1.27009445125017E-31,1.0,1.17145536458252E-15));
#5737=DIRECTION('',(0.0,1.17145536458252E-15,-1.0));
#5738=ORIENTED_EDGE('',*,*,#7170,.F.);
#5739=ORIENTED_EDGE('',*,*,#7171,.F.);
#5740=ORIENTED_EDGE('',*,*,#7172,.F.);
#5741=ORIENTED_EDGE('',*,*,#7162,.F.);
#5742=CARTESIAN_POINT('',(0.849999999999999,5.60151691047906,1.68000000000001));
#5743=DIRECTION('',(1.08420217248551E-16,2.54018890250035E-31,1.0));
#5744=DIRECTION('',(1.0,0.0,-1.08420217248551E-16));
#5745=ORIENTED_EDGE('',*,*,#7173,.F.);
#5746=ORIENTED_EDGE('',*,*,#6153,.T.);
#5747=ORIENTED_EDGE('',*,*,#7174,.T.);
#5748=ORIENTED_EDGE('',*,*,#7171,.T.);
#5749=CARTESIAN_POINT('',(0.849999999999999,5.59999691047906,1.43000000000001));
#5750=DIRECTION('',(-9.02110736738298E-17,0.554700196225228,-0.832050294337844));
#5751=DIRECTION('',(-1.0,0.0,1.08420217248551E-16));
#5752=ORIENTED_EDGE('',*,*,#6134,.F.);
#5753=ORIENTED_EDGE('',*,*,#6094,.T.);
#5754=ORIENTED_EDGE('',*,*,#7175,.F.);
#5755=ORIENTED_EDGE('',*,*,#7167,.F.);
#5756=ORIENTED_EDGE('',*,*,#7166,.T.);
#5757=ORIENTED_EDGE('',*,*,#7163,.T.);
#5758=ORIENTED_EDGE('',*,*,#7172,.T.);
#5759=ORIENTED_EDGE('',*,*,#7174,.F.);
#5760=ORIENTED_EDGE('',*,*,#6158,.T.);
#5761=CARTESIAN_POINT('',(0.85,6.46972771695649,5.19547652994287));
#5762=DIRECTION('',(-1.0,2.75407832661446E-47,1.08420217248551E-16));
#5763=DIRECTION('',(2.75407832661446E-47,1.0,0.0));
#5764=ORIENTED_EDGE('',*,*,#6092,.F.);
#5765=ORIENTED_EDGE('',*,*,#6146,.T.);
#5766=ORIENTED_EDGE('',*,*,#6154,.F.);
#5767=ORIENTED_EDGE('',*,*,#7173,.T.);
#5768=ORIENTED_EDGE('',*,*,#7170,.T.);
#5769=ORIENTED_EDGE('',*,*,#7161,.F.);
#5770=ORIENTED_EDGE('',*,*,#7165,.F.);
#5771=ORIENTED_EDGE('',*,*,#7169,.T.);
#5772=ORIENTED_EDGE('',*,*,#7176,.T.);
#5773=CARTESIAN_POINT('',(1.15,6.46972771695649,5.19547652994287));
#5774=DIRECTION('',(-1.0,2.75407832661446E-47,1.08420217248551E-16));
#5775=DIRECTION('',(2.75407832661446E-47,1.0,0.0));
#5776=ORIENTED_EDGE('',*,*,#7175,.T.);
#5777=ORIENTED_EDGE('',*,*,#6093,.T.);
#5778=ORIENTED_EDGE('',*,*,#7176,.F.);
#5779=ORIENTED_EDGE('',*,*,#7168,.F.);
#5780=CARTESIAN_POINT('',(-1.82,5.40151691047906,2.27999999999998));
#5781=DIRECTION('',(1.08420217248551E-16,4.33680868994202E-15,1.0));
#5782=DIRECTION('',(0.0,-1.0,4.33680868994202E-15));
#5783=ORIENTED_EDGE('',*,*,#6107,.F.);
#5784=ORIENTED_EDGE('',*,*,#7177,.T.);
#5785=ORIENTED_EDGE('',*,*,#7178,.T.);
#5786=ORIENTED_EDGE('',*,*,#7179,.F.);
#5787=CARTESIAN_POINT('',(1.15,6.46972771695649,5.19547652994287));
#5788=DIRECTION('',(-1.0,2.75407832661446E-47,1.08420217248551E-16));
#5789=DIRECTION('',(2.75407832661446E-47,1.0,0.0));
#5790=ORIENTED_EDGE('',*,*,#7180,.F.);
#5791=ORIENTED_EDGE('',*,*,#6109,.T.);
#5792=ORIENTED_EDGE('',*,*,#7181,.T.);
#5793=ORIENTED_EDGE('',*,*,#7182,.T.);
#5794=CARTESIAN_POINT('',(0.85,6.46972771695649,5.19547652994287));
#5795=DIRECTION('',(-1.0,2.75407832661446E-47,1.08420217248551E-16));
#5796=DIRECTION('',(2.75407832661446E-47,1.0,0.0));
#5797=ORIENTED_EDGE('',*,*,#6108,.F.);
#5798=ORIENTED_EDGE('',*,*,#7179,.T.);
#5799=ORIENTED_EDGE('',*,*,#7183,.T.);
#5800=ORIENTED_EDGE('',*,*,#7184,.F.);
#5801=ORIENTED_EDGE('',*,*,#7185,.F.);
#5802=ORIENTED_EDGE('',*,*,#7181,.F.);
#5803=CARTESIAN_POINT('',(0.849999999999999,7.60151691047906,1.43000000000001));
#5804=DIRECTION('',(1.08420217248551E-16,2.54018890250035E-31,1.0));
#5805=DIRECTION('',(1.0,0.0,-1.08420217248551E-16));
#5806=ORIENTED_EDGE('',*,*,#6110,.F.);
#5807=ORIENTED_EDGE('',*,*,#7180,.T.);
#5808=ORIENTED_EDGE('',*,*,#7186,.T.);
#5809=ORIENTED_EDGE('',*,*,#7187,.T.);
#5810=ORIENTED_EDGE('',*,*,#7188,.F.);
#5811=ORIENTED_EDGE('',*,*,#7177,.F.);
#5812=CARTESIAN_POINT('',(0.849999999999999,0.501516910479059,1.73000000000001));
#5813=DIRECTION('',(-1.08420217248551E-16,-2.54018890250035E-31,-1.0));
#5814=DIRECTION('',(-1.0,0.0,1.08420217248551E-16));
#5815=ORIENTED_EDGE('',*,*,#7182,.F.);
#5816=ORIENTED_EDGE('',*,*,#7185,.T.);
#5817=ORIENTED_EDGE('',*,*,#7189,.F.);
#5818=ORIENTED_EDGE('',*,*,#7186,.F.);
#5819=CARTESIAN_POINT('',(0.85,1.99999875621121,5.19547652994287));
#5820=DIRECTION('',(0.970142500145332,0.242535625036333,-1.07997883948139E-16));
#5821=DIRECTION('',(0.0,-4.45286682861375E-16,-1.0));
#5822=ORIENTED_EDGE('',*,*,#7178,.F.);
#5823=ORIENTED_EDGE('',*,*,#7188,.T.);
#5824=ORIENTED_EDGE('',*,*,#7190,.F.);
#5825=ORIENTED_EDGE('',*,*,#7183,.F.);
#5826=CARTESIAN_POINT('',(1.15,1.99999875621121,5.19547652994287));
#5827=DIRECTION('',(0.970142500145332,-0.242535625036333,-1.0236823730748E-16));
#5828=DIRECTION('',(0.0,4.22075055127034E-16,-1.0));
#5829=ORIENTED_EDGE('',*,*,#7189,.T.);
#5830=ORIENTED_EDGE('',*,*,#7184,.T.);
#5831=ORIENTED_EDGE('',*,*,#7190,.T.);
#5832=ORIENTED_EDGE('',*,*,#7187,.F.);
#5833=CARTESIAN_POINT('',(0.999999999999999,1.79999875621121,1.48000000000001));
#5834=DIRECTION('',(-0.0,-2.54018890250035E-31,-1.0));
#5835=DIRECTION('',(-1.0,0.0,0.0));
#5836=ORIENTED_EDGE('',*,*,#7191,.F.);
#5837=ORIENTED_EDGE('',*,*,#7192,.T.);
#5838=ORIENTED_EDGE('',*,*,#7193,.T.);
#5839=ORIENTED_EDGE('',*,*,#7194,.F.);
#5840=CARTESIAN_POINT('',(-1.0,7.09999875621121,4.50101761241669));
#5841=DIRECTION('',(1.27009445125017E-31,1.0,1.17145536458252E-15));
#5842=DIRECTION('',(0.0,1.17145536458252E-15,-1.0));
#5843=ORIENTED_EDGE('',*,*,#7195,.F.);
#5844=ORIENTED_EDGE('',*,*,#7196,.T.);
#5845=ORIENTED_EDGE('',*,*,#7191,.T.);
#5846=ORIENTED_EDGE('',*,*,#7197,.F.);
#5847=CARTESIAN_POINT('',(-0.850000000000003,7.39999875621121,-1.67000238758331));
#5848=DIRECTION('',(1.08420217248551E-16,-1.17145536458252E-15,1.0));
#5849=DIRECTION('',(0.0,-1.0,-1.17145536458252E-15));
#5850=ORIENTED_EDGE('',*,*,#7198,.T.);
#5851=ORIENTED_EDGE('',*,*,#7199,.T.);
#5852=ORIENTED_EDGE('',*,*,#7200,.F.);
#5853=ORIENTED_EDGE('',*,*,#7195,.T.);
#5854=CARTESIAN_POINT('',(-1.0,7.39999875621121,4.50101761241669));
#5855=DIRECTION('',(1.27009445125017E-31,1.0,1.17145536458252E-15));
#5856=DIRECTION('',(0.0,1.17145536458252E-15,-1.0));
#5857=ORIENTED_EDGE('',*,*,#7201,.F.);
#5858=ORIENTED_EDGE('',*,*,#7202,.F.);
#5859=ORIENTED_EDGE('',*,*,#7203,.F.);
#5860=ORIENTED_EDGE('',*,*,#7193,.F.);
#5861=CARTESIAN_POINT('',(-1.15,5.60151691047906,1.68000000000001));
#5862=DIRECTION('',(1.08420217248551E-16,2.54018890250035E-31,1.0));
#5863=DIRECTION('',(1.0,0.0,-1.08420217248551E-16));
#5864=ORIENTED_EDGE('',*,*,#7204,.F.);
#5865=ORIENTED_EDGE('',*,*,#6140,.T.);
#5866=ORIENTED_EDGE('',*,*,#7205,.T.);
#5867=ORIENTED_EDGE('',*,*,#7202,.T.);
#5868=CARTESIAN_POINT('',(-1.15,5.59999691047906,1.43000000000001));
#5869=DIRECTION('',(-9.02110736738298E-17,0.554700196225228,-0.832050294337844));
#5870=DIRECTION('',(-1.0,0.0,1.08420217248551E-16));
#5871=ORIENTED_EDGE('',*,*,#6120,.F.);
#5872=ORIENTED_EDGE('',*,*,#6098,.T.);
#5873=ORIENTED_EDGE('',*,*,#7206,.F.);
#5874=ORIENTED_EDGE('',*,*,#7198,.F.);
#5875=ORIENTED_EDGE('',*,*,#7197,.T.);
#5876=ORIENTED_EDGE('',*,*,#7194,.T.);
#5877=ORIENTED_EDGE('',*,*,#7203,.T.);
#5878=ORIENTED_EDGE('',*,*,#7205,.F.);
#5879=ORIENTED_EDGE('',*,*,#6145,.T.);
#5880=CARTESIAN_POINT('',(-1.15,6.46972771695649,5.19547652994287));
#5881=DIRECTION('',(-1.0,2.75407832661446E-47,1.08420217248551E-16));
#5882=DIRECTION('',(2.75407832661446E-47,1.0,0.0));
#5883=ORIENTED_EDGE('',*,*,#6096,.F.);
#5884=ORIENTED_EDGE('',*,*,#6133,.T.);
#5885=ORIENTED_EDGE('',*,*,#6141,.F.);
#5886=ORIENTED_EDGE('',*,*,#7204,.T.);
#5887=ORIENTED_EDGE('',*,*,#7201,.T.);
#5888=ORIENTED_EDGE('',*,*,#7192,.F.);
#5889=ORIENTED_EDGE('',*,*,#7196,.F.);
#5890=ORIENTED_EDGE('',*,*,#7200,.T.);
#5891=ORIENTED_EDGE('',*,*,#7207,.T.);
#5892=CARTESIAN_POINT('',(-0.850000000000001,6.46972771695649,5.19547652994287));
#5893=DIRECTION('',(-1.0,2.75407832661446E-47,1.08420217248551E-16));
#5894=DIRECTION('',(2.75407832661446E-47,1.0,0.0));
#5895=ORIENTED_EDGE('',*,*,#7206,.T.);
#5896=ORIENTED_EDGE('',*,*,#6097,.T.);
#5897=ORIENTED_EDGE('',*,*,#7207,.F.);
#5898=ORIENTED_EDGE('',*,*,#7199,.F.);
#5899=CARTESIAN_POINT('',(-3.82,5.40151691047906,2.27999999999998));
#5900=DIRECTION('',(1.08420217248551E-16,4.33680868994202E-15,1.0));
#5901=DIRECTION('',(0.0,-1.0,4.33680868994202E-15));
#5902=ORIENTED_EDGE('',*,*,#6111,.F.);
#5903=ORIENTED_EDGE('',*,*,#7208,.T.);
#5904=ORIENTED_EDGE('',*,*,#7209,.T.);
#5905=ORIENTED_EDGE('',*,*,#7210,.F.);
#5906=CARTESIAN_POINT('',(-0.850000000000001,6.46972771695649,5.19547652994287));
#5907=DIRECTION('',(-1.0,2.75407832661446E-47,1.08420217248551E-16));
#5908=DIRECTION('',(2.75407832661446E-47,1.0,0.0));
#5909=ORIENTED_EDGE('',*,*,#7211,.F.);
#5910=ORIENTED_EDGE('',*,*,#6113,.T.);
#5911=ORIENTED_EDGE('',*,*,#7212,.T.);
#5912=ORIENTED_EDGE('',*,*,#7213,.T.);
#5913=CARTESIAN_POINT('',(-1.15,6.46972771695649,5.19547652994287));
#5914=DIRECTION('',(-1.0,2.75407832661446E-47,1.08420217248551E-16));
#5915=DIRECTION('',(2.75407832661446E-47,1.0,0.0));
#5916=ORIENTED_EDGE('',*,*,#6112,.F.);
#5917=ORIENTED_EDGE('',*,*,#7210,.T.);
#5918=ORIENTED_EDGE('',*,*,#7214,.T.);
#5919=ORIENTED_EDGE('',*,*,#7215,.F.);
#5920=ORIENTED_EDGE('',*,*,#7216,.F.);
#5921=ORIENTED_EDGE('',*,*,#7212,.F.);
#5922=CARTESIAN_POINT('',(-1.15,7.60151691047906,1.43000000000001));
#5923=DIRECTION('',(1.08420217248551E-16,2.54018890250035E-31,1.0));
#5924=DIRECTION('',(1.0,0.0,-1.08420217248551E-16));
#5925=ORIENTED_EDGE('',*,*,#6114,.F.);
#5926=ORIENTED_EDGE('',*,*,#7211,.T.);
#5927=ORIENTED_EDGE('',*,*,#7217,.T.);
#5928=ORIENTED_EDGE('',*,*,#7218,.T.);
#5929=ORIENTED_EDGE('',*,*,#7219,.F.);
#5930=ORIENTED_EDGE('',*,*,#7208,.F.);
#5931=CARTESIAN_POINT('',(-1.15,0.501516910479059,1.73000000000001));
#5932=DIRECTION('',(-1.08420217248551E-16,-2.54018890250035E-31,-1.0));
#5933=DIRECTION('',(-1.0,0.0,1.08420217248551E-16));
#5934=ORIENTED_EDGE('',*,*,#7213,.F.);
#5935=ORIENTED_EDGE('',*,*,#7216,.T.);
#5936=ORIENTED_EDGE('',*,*,#7220,.F.);
#5937=ORIENTED_EDGE('',*,*,#7217,.F.);
#5938=CARTESIAN_POINT('',(-1.15,1.99999875621121,5.19547652994287));
#5939=DIRECTION('',(0.970142500145332,0.242535625036333,-1.07997883948139E-16));
#5940=DIRECTION('',(0.0,-4.45286682861375E-16,-1.0));
#5941=ORIENTED_EDGE('',*,*,#7209,.F.);
#5942=ORIENTED_EDGE('',*,*,#7219,.T.);
#5943=ORIENTED_EDGE('',*,*,#7221,.F.);
#5944=ORIENTED_EDGE('',*,*,#7214,.F.);
#5945=CARTESIAN_POINT('',(-0.850000000000001,1.99999875621121,5.19547652994287));
#5946=DIRECTION('',(0.970142500145332,-0.242535625036333,-1.0236823730748E-16));
#5947=DIRECTION('',(0.0,4.22075055127034E-16,-1.0));
#5948=ORIENTED_EDGE('',*,*,#7220,.T.);
#5949=ORIENTED_EDGE('',*,*,#7215,.T.);
#5950=ORIENTED_EDGE('',*,*,#7221,.T.);
#5951=ORIENTED_EDGE('',*,*,#7218,.F.);
#5952=CARTESIAN_POINT('',(-1.0,1.79999875621121,1.48000000000001));
#5953=DIRECTION('',(-0.0,-2.54018890250035E-31,-1.0));
#5954=DIRECTION('',(-1.0,0.0,0.0));
#5955=ORIENTED_EDGE('',*,*,#7222,.F.);
#5956=ORIENTED_EDGE('',*,*,#7223,.T.);
#5957=ORIENTED_EDGE('',*,*,#7224,.T.);
#5958=ORIENTED_EDGE('',*,*,#7225,.F.);
#5959=CARTESIAN_POINT('',(-3.0,7.09999875621121,4.50101761241669));
#5960=DIRECTION('',(1.27009445125017E-31,1.0,1.17145536458252E-15));
#5961=DIRECTION('',(0.0,1.17145536458252E-15,-1.0));
#5962=ORIENTED_EDGE('',*,*,#7226,.F.);
#5963=ORIENTED_EDGE('',*,*,#7227,.T.);
#5964=ORIENTED_EDGE('',*,*,#7222,.T.);
#5965=ORIENTED_EDGE('',*,*,#7228,.F.);
#5966=CARTESIAN_POINT('',(-2.85,7.39999875621121,-1.67000238758331));
#5967=DIRECTION('',(1.08420217248551E-16,-1.17145536458252E-15,1.0));
#5968=DIRECTION('',(0.0,-1.0,-1.17145536458252E-15));
#5969=ORIENTED_EDGE('',*,*,#7229,.T.);
#5970=ORIENTED_EDGE('',*,*,#7230,.T.);
#5971=ORIENTED_EDGE('',*,*,#7231,.F.);
#5972=ORIENTED_EDGE('',*,*,#7226,.T.);
#5973=CARTESIAN_POINT('',(-3.0,7.39999875621121,4.50101761241669));
#5974=DIRECTION('',(1.27009445125017E-31,1.0,1.17145536458252E-15));
#5975=DIRECTION('',(0.0,1.17145536458252E-15,-1.0));
#5976=ORIENTED_EDGE('',*,*,#7232,.F.);
#5977=ORIENTED_EDGE('',*,*,#7233,.F.);
#5978=ORIENTED_EDGE('',*,*,#7234,.F.);
#5979=ORIENTED_EDGE('',*,*,#7224,.F.);
#5980=CARTESIAN_POINT('',(-3.15,5.60151691047906,1.68000000000001));
#5981=DIRECTION('',(1.08420217248551E-16,2.54018890250035E-31,1.0));
#5982=DIRECTION('',(1.0,0.0,-1.08420217248551E-16));
#5983=ORIENTED_EDGE('',*,*,#7235,.F.);
#5984=ORIENTED_EDGE('',*,*,#6126,.T.);
#5985=ORIENTED_EDGE('',*,*,#7236,.T.);
#5986=ORIENTED_EDGE('',*,*,#7233,.T.);
#5987=CARTESIAN_POINT('',(-3.15,5.59999691047906,1.43000000000001));
#5988=DIRECTION('',(-9.02110736738298E-17,0.554700196225228,-0.832050294337844));
#5989=DIRECTION('',(-1.0,0.0,1.08420217248551E-16));
#5990=ORIENTED_EDGE('',*,*,#6336,.F.);
#5991=ORIENTED_EDGE('',*,*,#6078,.T.);
#5992=ORIENTED_EDGE('',*,*,#7237,.F.);
#5993=ORIENTED_EDGE('',*,*,#7229,.F.);
#5994=ORIENTED_EDGE('',*,*,#7228,.T.);
#5995=ORIENTED_EDGE('',*,*,#7225,.T.);
#5996=ORIENTED_EDGE('',*,*,#7234,.T.);
#5997=ORIENTED_EDGE('',*,*,#7236,.F.);
#5998=ORIENTED_EDGE('',*,*,#6132,.T.);
#5999=CARTESIAN_POINT('',(-3.15,6.46972771695649,5.19547652994287));
#6000=DIRECTION('',(-1.0,2.75407832661446E-47,1.08420217248551E-16));
#6001=DIRECTION('',(2.75407832661446E-47,1.0,0.0));
#6002=ORIENTED_EDGE('',*,*,#6076,.F.);
#6003=ORIENTED_EDGE('',*,*,#6119,.T.);
#6004=ORIENTED_EDGE('',*,*,#6127,.F.);
#6005=ORIENTED_EDGE('',*,*,#7235,.T.);
#6006=ORIENTED_EDGE('',*,*,#7232,.T.);
#6007=ORIENTED_EDGE('',*,*,#7223,.F.);
#6008=ORIENTED_EDGE('',*,*,#7227,.F.);
#6009=ORIENTED_EDGE('',*,*,#7231,.T.);
#6010=ORIENTED_EDGE('',*,*,#7238,.T.);
#6011=CARTESIAN_POINT('',(-2.85,6.46972771695649,5.19547652994287));
#6012=DIRECTION('',(-1.0,2.75407832661446E-47,1.08420217248551E-16));
#6013=DIRECTION('',(2.75407832661446E-47,1.0,0.0));
#6014=ORIENTED_EDGE('',*,*,#7237,.T.);
#6015=ORIENTED_EDGE('',*,*,#6077,.T.);
#6016=ORIENTED_EDGE('',*,*,#7238,.F.);
#6017=ORIENTED_EDGE('',*,*,#7230,.F.);
#6018=CARTESIAN_POINT('',(-5.82,5.40151691047906,2.27999999999998));
#6019=DIRECTION('',(1.08420217248551E-16,4.33680868994202E-15,1.0));
#6020=DIRECTION('',(0.0,-1.0,4.33680868994202E-15));
#6021=ORIENTED_EDGE('',*,*,#6115,.F.);
#6022=ORIENTED_EDGE('',*,*,#7239,.T.);
#6023=ORIENTED_EDGE('',*,*,#7240,.T.);
#6024=ORIENTED_EDGE('',*,*,#7241,.F.);
#6025=CARTESIAN_POINT('',(-2.85,6.46972771695649,5.19547652994287));
#6026=DIRECTION('',(-1.0,2.75407832661446E-47,1.08420217248551E-16));
#6027=DIRECTION('',(2.75407832661446E-47,1.0,0.0));
#6028=ORIENTED_EDGE('',*,*,#7242,.F.);
#6029=ORIENTED_EDGE('',*,*,#6117,.T.);
#6030=ORIENTED_EDGE('',*,*,#7243,.T.);
#6031=ORIENTED_EDGE('',*,*,#7244,.T.);
#6032=CARTESIAN_POINT('',(-3.15,6.46972771695649,5.19547652994287));
#6033=DIRECTION('',(-1.0,2.75407832661446E-47,1.08420217248551E-16));
#6034=DIRECTION('',(2.75407832661446E-47,1.0,0.0));
#6035=ORIENTED_EDGE('',*,*,#6116,.F.);
#6036=ORIENTED_EDGE('',*,*,#7241,.T.);
#6037=ORIENTED_EDGE('',*,*,#7245,.T.);
#6038=ORIENTED_EDGE('',*,*,#7246,.F.);
#6039=ORIENTED_EDGE('',*,*,#7247,.F.);
#6040=ORIENTED_EDGE('',*,*,#7243,.F.);
#6041=CARTESIAN_POINT('',(-3.15,7.60151691047906,1.43000000000001));
#6042=DIRECTION('',(1.08420217248551E-16,2.54018890250035E-31,1.0));
#6043=DIRECTION('',(1.0,0.0,-1.08420217248551E-16));
#6044=ORIENTED_EDGE('',*,*,#6118,.F.);
#6045=ORIENTED_EDGE('',*,*,#7242,.T.);
#6046=ORIENTED_EDGE('',*,*,#7248,.T.);
#6047=ORIENTED_EDGE('',*,*,#7249,.T.);
#6048=ORIENTED_EDGE('',*,*,#7250,.F.);
#6049=ORIENTED_EDGE('',*,*,#7239,.F.);
#6050=CARTESIAN_POINT('',(-3.15,0.501516910479059,1.73000000000001));
#6051=DIRECTION('',(-1.08420217248551E-16,-2.54018890250035E-31,-1.0));
#6052=DIRECTION('',(-1.0,0.0,1.08420217248551E-16));
#6053=ORIENTED_EDGE('',*,*,#7244,.F.);
#6054=ORIENTED_EDGE('',*,*,#7247,.T.);
#6055=ORIENTED_EDGE('',*,*,#7251,.F.);
#6056=ORIENTED_EDGE('',*,*,#7248,.F.);
#6057=CARTESIAN_POINT('',(-3.15,1.99999875621121,5.19547652994287));
#6058=DIRECTION('',(0.970142500145332,0.242535625036333,-1.07997883948139E-16));
#6059=DIRECTION('',(0.0,-4.45286682861375E-16,-1.0));
#6060=ORIENTED_EDGE('',*,*,#7240,.F.);
#6061=ORIENTED_EDGE('',*,*,#7250,.T.);
#6062=ORIENTED_EDGE('',*,*,#7252,.F.);
#6063=ORIENTED_EDGE('',*,*,#7245,.F.);
#6064=CARTESIAN_POINT('',(-2.85,1.99999875621121,5.19547652994287));
#6065=DIRECTION('',(0.970142500145332,-0.242535625036333,-1.0236823730748E-16));
#6066=DIRECTION('',(0.0,4.22075055127034E-16,-1.0));
#6067=ORIENTED_EDGE('',*,*,#7251,.T.);
#6068=ORIENTED_EDGE('',*,*,#7246,.T.);
#6069=ORIENTED_EDGE('',*,*,#7252,.T.);
#6070=ORIENTED_EDGE('',*,*,#7249,.F.);
#6071=CARTESIAN_POINT('',(-3.0,1.79999875621121,1.48000000000001));
#6072=DIRECTION('',(-0.0,-2.54018890250035E-31,-1.0));
#6073=DIRECTION('',(-1.0,0.0,0.0));
#6074=COLOUR_RGB('',0.596063196659088,0.666666686534882,0.686259269714355);
#6075=EDGE_CURVE('',#7253,#7254,#7255,.T.);
#6076=EDGE_CURVE('',#7253,#7256,#7257,.T.);
#6077=EDGE_CURVE('',#7258,#7256,#7259,.T.);
#6078=EDGE_CURVE('',#7260,#7258,#7261,.T.);
#6079=EDGE_CURVE('',#7262,#7260,#7263,.T.);
#6080=EDGE_CURVE('',#7264,#7262,#7265,.T.);
#6081=EDGE_CURVE('',#7266,#7264,#7267,.T.);
#6082=EDGE_CURVE('',#7266,#7268,#7269,.T.);
#6083=EDGE_CURVE('',#7268,#7270,#7271,.T.);
#6084=EDGE_CURVE('',#7272,#7270,#7273,.T.);
#6085=EDGE_CURVE('',#7272,#7274,#7275,.T.);
#6086=EDGE_CURVE('',#7274,#7276,#7277,.T.);
#6087=EDGE_CURVE('',#7278,#7276,#7279,.T.);
#6088=EDGE_CURVE('',#7278,#7280,#7281,.T.);
#6089=EDGE_CURVE('',#7282,#7280,#7283,.T.);
#6090=EDGE_CURVE('',#7284,#7282,#7285,.T.);
#6091=EDGE_CURVE('',#7286,#7284,#7287,.T.);
#6092=EDGE_CURVE('',#7286,#7288,#7289,.T.);
#6093=EDGE_CURVE('',#7290,#7288,#7291,.T.);
#6094=EDGE_CURVE('',#7292,#7290,#7293,.T.);
#6095=EDGE_CURVE('',#7294,#7292,#7295,.T.);
#6096=EDGE_CURVE('',#7294,#7296,#7297,.T.);
#6097=EDGE_CURVE('',#7298,#7296,#7299,.T.);
#6098=EDGE_CURVE('',#7254,#7298,#7300,.T.);
#6099=EDGE_CURVE('',#7301,#7302,#7303,.T.);
#6100=EDGE_CURVE('',#7304,#7301,#7305,.T.);
#6101=EDGE_CURVE('',#7306,#7304,#7307,.T.);
#6102=EDGE_CURVE('',#7302,#7306,#7308,.T.);
#6103=EDGE_CURVE('',#7309,#7310,#7311,.T.);
#6104=EDGE_CURVE('',#7310,#7312,#7313,.T.);
#6105=EDGE_CURVE('',#7314,#7312,#7315,.T.);
#6106=EDGE_CURVE('',#7314,#7309,#7316,.T.);
#6107=EDGE_CURVE('',#7317,#7318,#7319,.T.);
#6108=EDGE_CURVE('',#7318,#7320,#7321,.T.);
#6109=EDGE_CURVE('',#7322,#7320,#7323,.T.);
#6110=EDGE_CURVE('',#7322,#7317,#7324,.T.);
#6111=EDGE_CURVE('',#7325,#7326,#7327,.T.);
#6112=EDGE_CURVE('',#7326,#7328,#7329,.T.);
#6113=EDGE_CURVE('',#7330,#7328,#7331,.T.);
#6114=EDGE_CURVE('',#7330,#7325,#7332,.T.);
#6115=EDGE_CURVE('',#7333,#7334,#7335,.T.);
#6116=EDGE_CURVE('',#7334,#7336,#7337,.T.);
#6117=EDGE_CURVE('',#7338,#7336,#7339,.T.);
#6118=EDGE_CURVE('',#7338,#7333,#7340,.T.);
#6119=EDGE_CURVE('',#7253,#7341,#7342,.T.);
#6120=EDGE_CURVE('',#7254,#7343,#7344,.T.);
#6121=EDGE_CURVE('',#7345,#7343,#7346,.T.);
#6122=EDGE_CURVE('',#7345,#7347,#7348,.T.);
#6123=EDGE_CURVE('',#7347,#7349,#7350,.T.);
#6124=EDGE_CURVE('',#7349,#7351,#7352,.T.);
#6125=EDGE_CURVE('',#7341,#7351,#7353,.T.);
#6126=EDGE_CURVE('',#7354,#7355,#7356,.T.);
#6127=EDGE_CURVE('',#7354,#7341,#7357,.T.);
#6128=EDGE_CURVE('',#7351,#7358,#7359,.T.);
#6129=EDGE_CURVE('',#7358,#7360,#7361,.T.);
#6130=EDGE_CURVE('',#7360,#7362,#7363,.T.);
#6131=EDGE_CURVE('',#7362,#7364,#7365,.T.);
#6132=EDGE_CURVE('',#7355,#7364,#7366,.T.);
#6133=EDGE_CURVE('',#7294,#7367,#7368,.T.);
#6134=EDGE_CURVE('',#7292,#7369,#7370,.T.);
#6135=EDGE_CURVE('',#7371,#7369,#7372,.T.);
#6136=EDGE_CURVE('',#7371,#7373,#7374,.T.);
#6137=EDGE_CURVE('',#7373,#7375,#7376,.T.);
#6138=EDGE_CURVE('',#7375,#7377,#7378,.T.);
#6139=EDGE_CURVE('',#7367,#7377,#7379,.T.);
#6140=EDGE_CURVE('',#7380,#7381,#7382,.T.);
#6141=EDGE_CURVE('',#7380,#7367,#7383,.T.);
#6142=EDGE_CURVE('',#7377,#7384,#7385,.T.);
#6143=EDGE_CURVE('',#7384,#7386,#7387,.T.);
#6144=EDGE_CURVE('',#7386,#7345,#7388,.T.);
#6145=EDGE_CURVE('',#7381,#7343,#7389,.T.);
#6146=EDGE_CURVE('',#7286,#7390,#7391,.T.);
#6147=EDGE_CURVE('',#7284,#7392,#7393,.T.);
#6148=EDGE_CURVE('',#7394,#7392,#7395,.T.);
#6149=EDGE_CURVE('',#7394,#7396,#7397,.T.);
#6150=EDGE_CURVE('',#7396,#7398,#7399,.T.);
#6151=EDGE_CURVE('',#7398,#7400,#7401,.T.);
#6152=EDGE_CURVE('',#7390,#7400,#7402,.T.);
#6153=EDGE_CURVE('',#7403,#7404,#7405,.T.);
#6154=EDGE_CURVE('',#7403,#7390,#7406,.T.);
#6155=EDGE_CURVE('',#7400,#7407,#7408,.T.);
#6156=EDGE_CURVE('',#7407,#7409,#7410,.T.);
#6157=EDGE_CURVE('',#7409,#7371,#7411,.T.);
#6158=EDGE_CURVE('',#7404,#7369,#7412,.T.);
#6159=EDGE_CURVE('',#7413,#7414,#7415,.T.);
#6160=EDGE_CURVE('',#7416,#7413,#7417,.T.);
#6161=EDGE_CURVE('',#7418,#7416,#7419,.T.);
#6162=EDGE_CURVE('',#7418,#7420,#7421,.T.);
#6163=EDGE_CURVE('',#7414,#7420,#7422,.T.);
#6164=EDGE_CURVE('',#7423,#7424,#7425,.T.);
#6165=EDGE_CURVE('',#7423,#7426,#7427,.T.);
#6166=EDGE_CURVE('',#7426,#7428,#7429,.T.);
#6167=EDGE_CURVE('',#7428,#7424,#7430,.T.);
#6168=EDGE_CURVE('',#7431,#7432,#7433,.T.);
#6169=EDGE_CURVE('',#7431,#7434,#7435,.T.);
#6170=EDGE_CURVE('',#7434,#7436,#7437,.T.);
#6171=EDGE_CURVE('',#7436,#7432,#7438,.T.);
#6172=EDGE_CURVE('',#7439,#7440,#7441,.T.);
#6173=EDGE_CURVE('',#7439,#7442,#7443,.T.);
#6174=EDGE_CURVE('',#7442,#7444,#7445,.T.);
#6175=EDGE_CURVE('',#7444,#7440,#7446,.T.);
#6176=EDGE_CURVE('',#7447,#7448,#7449,.T.);
#6177=EDGE_CURVE('',#7447,#7450,#7451,.T.);
#6178=EDGE_CURVE('',#7450,#7452,#7453,.T.);
#6179=EDGE_CURVE('',#7452,#7448,#7454,.T.);
#6180=EDGE_CURVE('',#7455,#7456,#7457,.T.);
#6181=EDGE_CURVE('',#7456,#7458,#7459,.T.);
#6182=EDGE_CURVE('',#7458,#7460,#7461,.T.);
#6183=EDGE_CURVE('',#7460,#7455,#7462,.T.);
#6184=EDGE_CURVE('',#7463,#7464,#7465,.T.);
#6185=EDGE_CURVE('',#7466,#7464,#7467,.T.);
#6186=EDGE_CURVE('',#7466,#7468,#7469,.T.);
#6187=EDGE_CURVE('',#7463,#7468,#7470,.T.);
#6188=EDGE_CURVE('',#7471,#7472,#7473,.T.);
#6189=EDGE_CURVE('',#7474,#7472,#7475,.T.);
#6190=EDGE_CURVE('',#7474,#7476,#7477,.T.);
#6191=EDGE_CURVE('',#7471,#7476,#7478,.T.);
#6192=EDGE_CURVE('',#7479,#7480,#7481,.T.);
#6193=EDGE_CURVE('',#7482,#7480,#7483,.T.);
#6194=EDGE_CURVE('',#7482,#7484,#7485,.T.);
#6195=EDGE_CURVE('',#7479,#7484,#7486,.T.);
#6196=EDGE_CURVE('',#7487,#7488,#7489,.T.);
#6197=EDGE_CURVE('',#7490,#7488,#7491,.T.);
#6198=EDGE_CURVE('',#7490,#7492,#7493,.T.);
#6199=EDGE_CURVE('',#7487,#7492,#7494,.T.);
#6200=EDGE_CURVE('',#7495,#7496,#7497,.T.);
#6201=EDGE_CURVE('',#7498,#7496,#7499,.T.);
#6202=EDGE_CURVE('',#7498,#7500,#7501,.T.);
#6203=EDGE_CURVE('',#7495,#7500,#7502,.T.);
#6204=EDGE_CURVE('',#7503,#7504,#7505,.T.);
#6205=EDGE_CURVE('',#7506,#7504,#7507,.T.);
#6206=EDGE_CURVE('',#7506,#7508,#7509,.T.);
#6207=EDGE_CURVE('',#7503,#7508,#7510,.T.);
#6208=EDGE_CURVE('',#7511,#7512,#7513,.T.);
#6209=EDGE_CURVE('',#7512,#7514,#7515,.T.);
#6210=EDGE_CURVE('',#7514,#7516,#7517,.T.);
#6211=EDGE_CURVE('',#7516,#7518,#7519,.T.);
#6212=EDGE_CURVE('',#7518,#7520,#7521,.T.);
#6213=EDGE_CURVE('',#7520,#7522,#7523,.T.);
#6214=EDGE_CURVE('',#7522,#7511,#7524,.T.);
#6215=EDGE_CURVE('',#7525,#7526,#7527,.T.);
#6216=EDGE_CURVE('',#7525,#7528,#7529,.T.);
#6217=EDGE_CURVE('',#7528,#7530,#7531,.T.);
#6218=EDGE_CURVE('',#7530,#7526,#7532,.T.);
#6219=EDGE_CURVE('',#7533,#7534,#7535,.T.);
#6220=EDGE_CURVE('',#7533,#7536,#7537,.T.);
#6221=EDGE_CURVE('',#7536,#7538,#7539,.T.);
#6222=EDGE_CURVE('',#7538,#7534,#7540,.T.);
#6223=EDGE_CURVE('',#7541,#7542,#7543,.T.);
#6224=EDGE_CURVE('',#7541,#7544,#7545,.T.);
#6225=EDGE_CURVE('',#7544,#7546,#7547,.T.);
#6226=EDGE_CURVE('',#7546,#7542,#7548,.T.);
#6227=EDGE_CURVE('',#7549,#7550,#7551,.T.);
#6228=EDGE_CURVE('',#7549,#7552,#7553,.T.);
#6229=EDGE_CURVE('',#7554,#7552,#7555,.T.);
#6230=EDGE_CURVE('',#7556,#7554,#7557,.T.);
#6231=EDGE_CURVE('',#7550,#7556,#7558,.T.);
#6232=EDGE_CURVE('',#7559,#7560,#7561,.T.);
#6233=EDGE_CURVE('',#7560,#7562,#7563,.T.);
#6234=EDGE_CURVE('',#7562,#7564,#7565,.T.);
#6235=EDGE_CURVE('',#7559,#7564,#7566,.T.);
#6236=EDGE_CURVE('',#7567,#7568,#7569,.T.);
#6237=EDGE_CURVE('',#7570,#7567,#7571,.T.);
#6238=EDGE_CURVE('',#7572,#7570,#7573,.T.);
#6239=EDGE_CURVE('',#7572,#7574,#7575,.T.);
#6240=EDGE_CURVE('',#7568,#7574,#7576,.T.);
#6241=EDGE_CURVE('',#7577,#7578,#7579,.T.);
#6242=EDGE_CURVE('',#7577,#7580,#7581,.T.);
#6243=EDGE_CURVE('',#7580,#7582,#7583,.T.);
#6244=EDGE_CURVE('',#7582,#7578,#7584,.T.);
#6245=EDGE_CURVE('',#7585,#7586,#7587,.T.);
#6246=EDGE_CURVE('',#7585,#7588,#7589,.T.);
#6247=EDGE_CURVE('',#7590,#7588,#7591,.T.);
#6248=EDGE_CURVE('',#7592,#7590,#7593,.T.);
#6249=EDGE_CURVE('',#7586,#7592,#7594,.T.);
#6250=EDGE_CURVE('',#7595,#7596,#7597,.T.);
#6251=EDGE_CURVE('',#7596,#7598,#7599,.T.);
#6252=EDGE_CURVE('',#7598,#7600,#7601,.T.);
#6253=EDGE_CURVE('',#7595,#7600,#7602,.T.);
#6254=EDGE_CURVE('',#7603,#7604,#7605,.T.);
#6255=EDGE_CURVE('',#7606,#7603,#7607,.T.);
#6256=EDGE_CURVE('',#7608,#7606,#7609,.T.);
#6257=EDGE_CURVE('',#7608,#7610,#7611,.T.);
#6258=EDGE_CURVE('',#7604,#7610,#7612,.T.);
#6259=EDGE_CURVE('',#7613,#7614,#7615,.T.);
#6260=EDGE_CURVE('',#7613,#7616,#7617,.T.);
#6261=EDGE_CURVE('',#7616,#7618,#7619,.T.);
#6262=EDGE_CURVE('',#7618,#7614,#7620,.T.);
#6263=EDGE_CURVE('',#7621,#7622,#7623,.T.);
#6264=EDGE_CURVE('',#7621,#7624,#7625,.T.);
#6265=EDGE_CURVE('',#7626,#7624,#7627,.T.);
#6266=EDGE_CURVE('',#7628,#7626,#7629,.T.);
#6267=EDGE_CURVE('',#7622,#7628,#7630,.T.);
#6268=EDGE_CURVE('',#7631,#7632,#7633,.T.);
#6269=EDGE_CURVE('',#7632,#7634,#7635,.T.);
#6270=EDGE_CURVE('',#7634,#7636,#7637,.T.);
#6271=EDGE_CURVE('',#7631,#7636,#7638,.T.);
#6272=EDGE_CURVE('',#7639,#7640,#7641,.T.);
#6273=EDGE_CURVE('',#7642,#7639,#7643,.T.);
#6274=EDGE_CURVE('',#7644,#7642,#7645,.T.);
#6275=EDGE_CURVE('',#7644,#7646,#7647,.T.);
#6276=EDGE_CURVE('',#7640,#7646,#7648,.T.);
#6277=EDGE_CURVE('',#7649,#7650,#7651,.T.);
#6278=EDGE_CURVE('',#7649,#7652,#7653,.T.);
#6279=EDGE_CURVE('',#7652,#7654,#7655,.T.);
#6280=EDGE_CURVE('',#7654,#7650,#7656,.T.);
#6281=EDGE_CURVE('',#7657,#7658,#7659,.T.);
#6282=EDGE_CURVE('',#7660,#7657,#7661,.T.);
#6283=EDGE_CURVE('',#7662,#7660,#7663,.T.);
#6284=EDGE_CURVE('',#7658,#7662,#7664,.T.);
#6285=EDGE_CURVE('',#7665,#7666,#7667,.T.);
#6286=EDGE_CURVE('',#7666,#7668,#7669,.T.);
#6287=EDGE_CURVE('',#7668,#7670,#7671,.T.);
#6288=EDGE_CURVE('',#7665,#7670,#7672,.T.);
#6289=EDGE_CURVE('',#7673,#7674,#7675,.T.);
#6290=EDGE_CURVE('',#7676,#7674,#7677,.T.);
#6291=EDGE_CURVE('',#7678,#7676,#7679,.T.);
#6292=EDGE_CURVE('',#7680,#7678,#7681,.T.);
#6293=EDGE_CURVE('',#7673,#7680,#7682,.T.);
#6294=EDGE_CURVE('',#7683,#7684,#7685,.T.);
#6295=EDGE_CURVE('',#7683,#7686,#7687,.T.);
#6296=EDGE_CURVE('',#7686,#7688,#7689,.T.);
#6297=EDGE_CURVE('',#7688,#7684,#7690,.T.);
#6298=EDGE_CURVE('',#7691,#7692,#7693,.T.);
#6299=EDGE_CURVE('',#7691,#7694,#7695,.T.);
#6300=EDGE_CURVE('',#7696,#7694,#7697,.T.);
#6301=EDGE_CURVE('',#7698,#7696,#7699,.T.);
#6302=EDGE_CURVE('',#7692,#7698,#7700,.T.);
#6303=EDGE_CURVE('',#7701,#7702,#7703,.T.);
#6304=EDGE_CURVE('',#7702,#7704,#7705,.T.);
#6305=EDGE_CURVE('',#7704,#7706,#7707,.T.);
#6306=EDGE_CURVE('',#7701,#7706,#7708,.T.);
#6307=EDGE_CURVE('',#7278,#7709,#7710,.T.);
#6308=EDGE_CURVE('',#7276,#7711,#7712,.T.);
#6309=EDGE_CURVE('',#7711,#7713,#7714,.T.);
#6310=EDGE_CURVE('',#7713,#7715,#7716,.T.);
#6311=EDGE_CURVE('',#7709,#7715,#7717,.T.);
#6312=EDGE_CURVE('',#7718,#7719,#7720,.T.);
#6313=EDGE_CURVE('',#7718,#7709,#7721,.T.);
#6314=EDGE_CURVE('',#7715,#7722,#7723,.T.);
#6315=EDGE_CURVE('',#7722,#7724,#7725,.T.);
#6316=EDGE_CURVE('',#7724,#7394,#7726,.T.);
#6317=EDGE_CURVE('',#7719,#7392,#7727,.T.);
#6318=EDGE_CURVE('',#7728,#7729,#7730,.T.);
#6319=EDGE_CURVE('',#7731,#7728,#7732,.T.);
#6320=EDGE_CURVE('',#7733,#7731,#7734,.T.);
#6321=EDGE_CURVE('',#7733,#7735,#7736,.T.);
#6322=EDGE_CURVE('',#7729,#7735,#7737,.T.);
#6323=EDGE_CURVE('',#7738,#7739,#7740,.T.);
#6324=EDGE_CURVE('',#7738,#7741,#7742,.T.);
#6325=EDGE_CURVE('',#7741,#7743,#7744,.T.);
#6326=EDGE_CURVE('',#7743,#7739,#7745,.T.);
#6327=EDGE_CURVE('',#7746,#7747,#7748,.T.);
#6328=EDGE_CURVE('',#7746,#7749,#7750,.T.);
#6329=EDGE_CURVE('',#7751,#7749,#7752,.T.);
#6330=EDGE_CURVE('',#7753,#7751,#7754,.T.);
#6331=EDGE_CURVE('',#7747,#7753,#7755,.T.);
#6332=EDGE_CURVE('',#7756,#7757,#7758,.T.);
#6333=EDGE_CURVE('',#7757,#7759,#7760,.T.);
#6334=EDGE_CURVE('',#7759,#7761,#7762,.T.);
#6335=EDGE_CURVE('',#7756,#7761,#7763,.T.);
#6336=EDGE_CURVE('',#7260,#7364,#7764,.T.);
#6337=EDGE_CURVE('',#7362,#7765,#7766,.T.);
#6338=EDGE_CURVE('',#7765,#7767,#7768,.T.);
#6339=EDGE_CURVE('',#7262,#7767,#7769,.T.);
#6340=EDGE_CURVE('',#7770,#7771,#7772,.T.);
#6341=EDGE_CURVE('',#7773,#7770,#7774,.T.);
#6342=EDGE_CURVE('',#7773,#7775,#7776,.T.);
#6343=EDGE_CURVE('',#7771,#7775,#7777,.T.);
#6344=EDGE_CURVE('',#7778,#7779,#7780,.T.);
#6345=EDGE_CURVE('',#7781,#7779,#7782,.T.);
#6346=EDGE_CURVE('',#7783,#7781,#7784,.T.);
#6347=EDGE_CURVE('',#7785,#7783,#7786,.T.);
#6348=EDGE_CURVE('',#7785,#7787,#7788,.T.);
#6349=EDGE_CURVE('',#7787,#7789,#7790,.T.);
#6350=EDGE_CURVE('',#7789,#7791,#7792,.T.);
#6351=EDGE_CURVE('',#7791,#7793,#7794,.T.);
#6352=EDGE_CURVE('',#7793,#7795,#7796,.T.);
#6353=EDGE_CURVE('',#7797,#7795,#7798,.T.);
#6354=EDGE_CURVE('',#7797,#7799,#7800,.T.);
#6355=EDGE_CURVE('',#7778,#7799,#7801,.T.);
#6356=EDGE_CURVE('',#7802,#7803,#7804,.T.);
#6357=EDGE_CURVE('',#7805,#7802,#7806,.T.);
#6358=EDGE_CURVE('',#7807,#7805,#7808,.T.);
#6359=EDGE_CURVE('',#7809,#7807,#7810,.T.);
#6360=EDGE_CURVE('',#7803,#7809,#7811,.T.);
#6361=EDGE_CURVE('',#7812,#7813,#7814,.T.);
#6362=EDGE_CURVE('',#7815,#7812,#7816,.T.);
#6363=EDGE_CURVE('',#7817,#7815,#7818,.T.);
#6364=EDGE_CURVE('',#7819,#7817,#7820,.T.);
#6365=EDGE_CURVE('',#7813,#7819,#7821,.T.);
#6366=EDGE_CURVE('',#7822,#7823,#7824,.T.);
#6367=EDGE_CURVE('',#7825,#7822,#7826,.T.);
#6368=EDGE_CURVE('',#7827,#7825,#7828,.T.);
#6369=EDGE_CURVE('',#7829,#7827,#7830,.T.);
#6370=EDGE_CURVE('',#7823,#7829,#7831,.T.);
#6371=EDGE_CURVE('',#7832,#7833,#7834,.T.);
#6372=EDGE_CURVE('',#7835,#7832,#7836,.T.);
#6373=EDGE_CURVE('',#7837,#7835,#7838,.T.);
#6374=EDGE_CURVE('',#7839,#7837,#7840,.T.);
#6375=EDGE_CURVE('',#7833,#7839,#7841,.T.);
#6376=EDGE_CURVE('',#7842,#7843,#7844,.T.);
#6377=EDGE_CURVE('',#7845,#7842,#7846,.T.);
#6378=EDGE_CURVE('',#7847,#7845,#7848,.T.);
#6379=EDGE_CURVE('',#7849,#7847,#7850,.T.);
#6380=EDGE_CURVE('',#7843,#7849,#7851,.T.);
#6381=EDGE_CURVE('',#7852,#7853,#7854,.T.);
#6382=EDGE_CURVE('',#7855,#7852,#7856,.T.);
#6383=EDGE_CURVE('',#7857,#7855,#7858,.T.);
#6384=EDGE_CURVE('',#7859,#7857,#7860,.T.);
#6385=EDGE_CURVE('',#7853,#7859,#7861,.T.);
#6386=EDGE_CURVE('',#7862,#7863,#7864,.T.);
#6387=EDGE_CURVE('',#7865,#7862,#7866,.T.);
#6388=EDGE_CURVE('',#7867,#7865,#7868,.T.);
#6389=EDGE_CURVE('',#7869,#7867,#7870,.T.);
#6390=EDGE_CURVE('',#7863,#7869,#7871,.T.);
#6391=EDGE_CURVE('',#7872,#7873,#7874,.T.);
#6392=EDGE_CURVE('',#7875,#7872,#7876,.T.);
#6393=EDGE_CURVE('',#7877,#7875,#7878,.T.);
#6394=EDGE_CURVE('',#7873,#7877,#7879,.T.);
#6395=EDGE_CURVE('',#7880,#7881,#7882,.T.);
#6396=EDGE_CURVE('',#7883,#7880,#7884,.T.);
#6397=EDGE_CURVE('',#7885,#7883,#7886,.T.);
#6398=EDGE_CURVE('',#7887,#7885,#7888,.T.);
#6399=EDGE_CURVE('',#7881,#7887,#7889,.T.);
#6400=EDGE_CURVE('',#7890,#7891,#7892,.T.);
#6401=EDGE_CURVE('',#7893,#7890,#7894,.T.);
#6402=EDGE_CURVE('',#7895,#7893,#7896,.T.);
#6403=EDGE_CURVE('',#7897,#7895,#7898,.T.);
#6404=EDGE_CURVE('',#7891,#7897,#7899,.T.);
#6405=EDGE_CURVE('',#7900,#7901,#7902,.T.);
#6406=EDGE_CURVE('',#7903,#7900,#7904,.T.);
#6407=EDGE_CURVE('',#7905,#7903,#7906,.T.);
#6408=EDGE_CURVE('',#7907,#7905,#7908,.T.);
#6409=EDGE_CURVE('',#7901,#7907,#7909,.T.);
#6410=EDGE_CURVE('',#7910,#7911,#7912,.T.);
#6411=EDGE_CURVE('',#7913,#7910,#7914,.T.);
#6412=EDGE_CURVE('',#7915,#7913,#7916,.T.);
#6413=EDGE_CURVE('',#7917,#7915,#7918,.T.);
#6414=EDGE_CURVE('',#7911,#7917,#7919,.T.);
#6415=EDGE_CURVE('',#7920,#7266,#7921,.T.);
#6416=EDGE_CURVE('',#7920,#7922,#7923,.T.);
#6417=EDGE_CURVE('',#7924,#7922,#7925,.T.);
#6418=EDGE_CURVE('',#7924,#7926,#7927,.T.);
#6419=EDGE_CURVE('',#7926,#7928,#7929,.T.);
#6420=EDGE_CURVE('',#7930,#7928,#7931,.T.);
#6421=EDGE_CURVE('',#7932,#7930,#7933,.T.);
#6422=EDGE_CURVE('',#7934,#7932,#7935,.T.);
#6423=EDGE_CURVE('',#7936,#7934,#7937,.T.);
#6424=EDGE_CURVE('',#7936,#7938,#7939,.T.);
#6425=EDGE_CURVE('',#7938,#7268,#7940,.T.);
#6426=EDGE_CURVE('',#7767,#7941,#7942,.T.);
#6427=EDGE_CURVE('',#7943,#7941,#7944,.T.);
#6428=EDGE_CURVE('',#7943,#7945,#7946,.T.);
#6429=EDGE_CURVE('',#7264,#7945,#7947,.T.);
#6430=EDGE_CURVE('',#7945,#7920,#7948,.T.);
#6431=EDGE_CURVE('',#7943,#7949,#7950,.T.);
#6432=EDGE_CURVE('',#7922,#7949,#7951,.T.);
#6433=EDGE_CURVE('',#7952,#7953,#7954,.T.);
#6434=EDGE_CURVE('',#7952,#7272,#7955,.T.);
#6435=EDGE_CURVE('',#7956,#7270,#7957,.T.);
#6436=EDGE_CURVE('',#7958,#7956,#7959,.T.);
#6437=EDGE_CURVE('',#7958,#7960,#7961,.T.);
#6438=EDGE_CURVE('',#7962,#7960,#7963,.T.);
#6439=EDGE_CURVE('',#7964,#7962,#7965,.T.);
#6440=EDGE_CURVE('',#7964,#7966,#7967,.T.);
#6441=EDGE_CURVE('',#7966,#7968,#7969,.T.);
#6442=EDGE_CURVE('',#7968,#7970,#7971,.T.);
#6443=EDGE_CURVE('',#7970,#7953,#7972,.T.);
#6444=EDGE_CURVE('',#7973,#7974,#7975,.T.);
#6445=EDGE_CURVE('',#7976,#7973,#7977,.T.);
#6446=EDGE_CURVE('',#7978,#7976,#7979,.T.);
#6447=EDGE_CURVE('',#7978,#7974,#7980,.T.);
#6448=EDGE_CURVE('',#7981,#7982,#7983,.T.);
#6449=EDGE_CURVE('',#7984,#7981,#7985,.T.);
#6450=EDGE_CURVE('',#7986,#7984,#7987,.T.);
#6451=EDGE_CURVE('',#7986,#7982,#7988,.T.);
#6452=EDGE_CURVE('',#7989,#7990,#7991,.T.);
#6453=EDGE_CURVE('',#7992,#7989,#7993,.T.);
#6454=EDGE_CURVE('',#7994,#7992,#7995,.T.);
#6455=EDGE_CURVE('',#7994,#7990,#7996,.T.);
#6456=EDGE_CURVE('',#7997,#7998,#7999,.T.);
#6457=EDGE_CURVE('',#8000,#7997,#8001,.T.);
#6458=EDGE_CURVE('',#8002,#8000,#8003,.T.);
#6459=EDGE_CURVE('',#8002,#7998,#8004,.T.);
#6460=EDGE_CURVE('',#8005,#8006,#8007,.T.);
#6461=EDGE_CURVE('',#8008,#8005,#8009,.T.);
#6462=EDGE_CURVE('',#8010,#8008,#8011,.T.);
#6463=EDGE_CURVE('',#8010,#8006,#8012,.T.);
#6464=EDGE_CURVE('',#8013,#8014,#8015,.T.);
#6465=EDGE_CURVE('',#8016,#8013,#8017,.T.);
#6466=EDGE_CURVE('',#8018,#8016,#8019,.T.);
#6467=EDGE_CURVE('',#8018,#8014,#8020,.T.);
#6468=EDGE_CURVE('',#8021,#7938,#8022,.T.);
#6469=EDGE_CURVE('',#8021,#8023,#8024,.T.);
#6470=EDGE_CURVE('',#8025,#8023,#8026,.T.);
#6471=EDGE_CURVE('',#8025,#8027,#8028,.T.);
#6472=EDGE_CURVE('',#7956,#8027,#8029,.T.);
#6473=EDGE_CURVE('',#8030,#8031,#8032,.T.);
#6474=EDGE_CURVE('',#7711,#8031,#8033,.T.);
#6475=EDGE_CURVE('',#7274,#8034,#8035,.T.);
#6476=EDGE_CURVE('',#8030,#8034,#8036,.T.);
#6477=EDGE_CURVE('',#8037,#7964,#8038,.T.);
#6478=EDGE_CURVE('',#8039,#7962,#8040,.T.);
#6479=EDGE_CURVE('',#8041,#8039,#8042,.T.);
#6480=EDGE_CURVE('',#8037,#8041,#8043,.T.);
#6481=EDGE_CURVE('',#8044,#7966,#8045,.T.);
#6482=EDGE_CURVE('',#8044,#8046,#8047,.T.);
#6483=EDGE_CURVE('',#8046,#8048,#8049,.T.);
#6484=EDGE_CURVE('',#7968,#8048,#8050,.T.);
#6485=EDGE_CURVE('',#8044,#8037,#8051,.T.);
#6486=EDGE_CURVE('',#8048,#8039,#8052,.T.);
#6487=EDGE_CURVE('',#8053,#7928,#8054,.T.);
#6488=EDGE_CURVE('',#8055,#7926,#8056,.T.);
#6489=EDGE_CURVE('',#8055,#8057,#8058,.T.);
#6490=EDGE_CURVE('',#8057,#8053,#8059,.T.);
#6491=EDGE_CURVE('',#8060,#7930,#8061,.T.);
#6492=EDGE_CURVE('',#8062,#8060,#8063,.T.);
#6493=EDGE_CURVE('',#8064,#8062,#8065,.T.);
#6494=EDGE_CURVE('',#7932,#8064,#8066,.T.);
#6495=EDGE_CURVE('',#8053,#8060,#8067,.T.);
#6496=EDGE_CURVE('',#8064,#8055,#8068,.T.);
#6497=EDGE_CURVE('',#8023,#8069,#8070,.T.);
#6498=EDGE_CURVE('',#8071,#8069,#8072,.T.);
#6499=EDGE_CURVE('',#8071,#8025,#8073,.T.);
#6500=EDGE_CURVE('',#7779,#8074,#8075,.T.);
#6501=EDGE_CURVE('',#8076,#8074,#8077,.T.);
#6502=EDGE_CURVE('',#7781,#8076,#8078,.T.);
#6503=EDGE_CURVE('',#8079,#8080,#8081,.T.);
#6504=EDGE_CURVE('',#8079,#7797,#8082,.T.);
#6505=EDGE_CURVE('',#7795,#8080,#8083,.T.);
#6506=EDGE_CURVE('',#7922,#7785,#8084,.T.);
#6507=EDGE_CURVE('',#7787,#7949,#8085,.T.);
#6508=EDGE_CURVE('',#8086,#8087,#8088,.T.);
#6509=EDGE_CURVE('',#8086,#8089,#8090,.T.);
#6510=EDGE_CURVE('',#8089,#8091,#8092,.T.);
#6511=EDGE_CURVE('',#8093,#8091,#8094,.T.);
#6512=EDGE_CURVE('',#8095,#8093,#8096,.T.);
#6513=EDGE_CURVE('',#8095,#8097,#8098,.T.);
#6514=EDGE_CURVE('',#8097,#8099,#8100,.T.);
#6515=EDGE_CURVE('',#8087,#8099,#8101,.T.);
#6516=EDGE_CURVE('',#8087,#7456,#8102,.T.);
#6517=EDGE_CURVE('',#8086,#7455,#8103,.T.);
#6518=EDGE_CURVE('',#8104,#8093,#8105,.T.);
#6519=EDGE_CURVE('',#8106,#8104,#8107,.T.);
#6520=EDGE_CURVE('',#8108,#8106,#8109,.T.);
#6521=EDGE_CURVE('',#8110,#8108,#8111,.T.);
#6522=EDGE_CURVE('',#8112,#8110,#8113,.T.);
#6523=EDGE_CURVE('',#8114,#8112,#8115,.T.);
#6524=EDGE_CURVE('',#8095,#8114,#8116,.T.);
#6525=EDGE_CURVE('',#8117,#8097,#8118,.T.);
#6526=EDGE_CURVE('',#8117,#8114,#8119,.T.);
#6527=EDGE_CURVE('',#8120,#8117,#8121,.T.);
#6528=EDGE_CURVE('',#8120,#8112,#8122,.T.);
#6529=EDGE_CURVE('',#8123,#8120,#8124,.T.);
#6530=EDGE_CURVE('',#8123,#8110,#8125,.T.);
#6531=EDGE_CURVE('',#8126,#8123,#8127,.T.);
#6532=EDGE_CURVE('',#8126,#8108,#8128,.T.);
#6533=EDGE_CURVE('',#8129,#8126,#8130,.T.);
#6534=EDGE_CURVE('',#8129,#8106,#8131,.T.);
#6535=EDGE_CURVE('',#8132,#8129,#8133,.T.);
#6536=EDGE_CURVE('',#8132,#8104,#8134,.T.);
#6537=EDGE_CURVE('',#8091,#8132,#8135,.T.);
#6538=EDGE_CURVE('',#8079,#8027,#8136,.T.);
#6539=EDGE_CURVE('',#8137,#8080,#8138,.T.);
#6540=EDGE_CURVE('',#8137,#7958,#8139,.T.);
#6541=EDGE_CURVE('',#7793,#8140,#8141,.T.);
#6542=EDGE_CURVE('',#8140,#8137,#8142,.T.);
#6543=EDGE_CURVE('',#8140,#8143,#8144,.T.);
#6544=EDGE_CURVE('',#8143,#7960,#8145,.T.);
#6545=EDGE_CURVE('',#7970,#8146,#8147,.T.);
#6546=EDGE_CURVE('',#8146,#8140,#8148,.T.);
#6547=EDGE_CURVE('',#7953,#7791,#8149,.T.);
#6548=EDGE_CURVE('',#8150,#8146,#8151,.T.);
#6549=EDGE_CURVE('',#8150,#8152,#8153,.T.);
#6550=EDGE_CURVE('',#8152,#8143,#8154,.T.);
#6551=EDGE_CURVE('',#8152,#8155,#8156,.T.);
#6552=EDGE_CURVE('',#8155,#8039,#8157,.T.);
#6553=EDGE_CURVE('',#8158,#8048,#8159,.T.);
#6554=EDGE_CURVE('',#8158,#8150,#8160,.T.);
#6555=EDGE_CURVE('',#8155,#8158,#8161,.T.);
#6556=EDGE_CURVE('',#7934,#8162,#8163,.T.);
#6557=EDGE_CURVE('',#8162,#8164,#8165,.T.);
#6558=EDGE_CURVE('',#8164,#8166,#8167,.T.);
#6559=EDGE_CURVE('',#8166,#7936,#8168,.T.);
#6560=EDGE_CURVE('',#7783,#8164,#8169,.T.);
#6561=EDGE_CURVE('',#8166,#8076,#8170,.T.);
#6562=EDGE_CURVE('',#8164,#8171,#8172,.T.);
#6563=EDGE_CURVE('',#8171,#7924,#8173,.T.);
#6564=EDGE_CURVE('',#8171,#8174,#8175,.T.);
#6565=EDGE_CURVE('',#8174,#8176,#8177,.T.);
#6566=EDGE_CURVE('',#8055,#8176,#8178,.T.);
#6567=EDGE_CURVE('',#8162,#8179,#8180,.T.);
#6568=EDGE_CURVE('',#8064,#8181,#8182,.T.);
#6569=EDGE_CURVE('',#8181,#8179,#8183,.T.);
#6570=EDGE_CURVE('',#8179,#8174,#8184,.T.);
#6571=EDGE_CURVE('',#8176,#8181,#8185,.T.);
#6572=EDGE_CURVE('',#8074,#8021,#8186,.T.);
#6573=EDGE_CURVE('',#8187,#8188,#8189,.T.);
#6574=EDGE_CURVE('',#8190,#8187,#8191,.T.);
#6575=EDGE_CURVE('',#8192,#8190,#8193,.T.);
#6576=EDGE_CURVE('',#8194,#8192,#8195,.T.);
#6577=EDGE_CURVE('',#8196,#8194,#8197,.T.);
#6578=EDGE_CURVE('',#8198,#8196,#8199,.T.);
#6579=EDGE_CURVE('',#8188,#8198,#8200,.T.);
#6580=EDGE_CURVE('',#8190,#7511,#8201,.T.);
#6581=EDGE_CURVE('',#8187,#7512,#8202,.T.);
#6582=EDGE_CURVE('',#8192,#7522,#8203,.T.);
#6583=EDGE_CURVE('',#8194,#7520,#8204,.T.);
#6584=EDGE_CURVE('',#8196,#7518,#8205,.T.);
#6585=EDGE_CURVE('',#8198,#7516,#8206,.T.);
#6586=EDGE_CURVE('',#8188,#7514,#8207,.T.);
#6587=EDGE_CURVE('',#8208,#8209,#8210,.T.);
#6588=EDGE_CURVE('',#8208,#8211,#8212,.T.);
#6589=EDGE_CURVE('',#8213,#8211,#8214,.T.);
#6590=EDGE_CURVE('',#8213,#8209,#8215,.T.);
#6591=EDGE_CURVE('',#8216,#8217,#8218,.T.);
#6592=EDGE_CURVE('',#8216,#8219,#8220,.T.);
#6593=EDGE_CURVE('',#8221,#8219,#8222,.T.);
#6594=EDGE_CURVE('',#8221,#8217,#8223,.T.);
#6595=EDGE_CURVE('',#8224,#8225,#8226,.T.);
#6596=EDGE_CURVE('',#8224,#8227,#8228,.T.);
#6597=EDGE_CURVE('',#8229,#8227,#8230,.T.);
#6598=EDGE_CURVE('',#8229,#8225,#8231,.T.);
#6599=EDGE_CURVE('',#8232,#8233,#8234,.T.);
#6600=EDGE_CURVE('',#8232,#8235,#8236,.T.);
#6601=EDGE_CURVE('',#8237,#8235,#8238,.T.);
#6602=EDGE_CURVE('',#8237,#8233,#8239,.T.);
#6603=EDGE_CURVE('',#8240,#8241,#8242,.T.);
#6604=EDGE_CURVE('',#8240,#8243,#8244,.T.);
#6605=EDGE_CURVE('',#8245,#8243,#8246,.T.);
#6606=EDGE_CURVE('',#8245,#8241,#8247,.T.);
#6607=EDGE_CURVE('',#8248,#8249,#8250,.T.);
#6608=EDGE_CURVE('',#8248,#8251,#8252,.T.);
#6609=EDGE_CURVE('',#8253,#8251,#8254,.T.);
#6610=EDGE_CURVE('',#8253,#8249,#8255,.T.);
#6611=EDGE_CURVE('',#8253,#7466,#8256,.T.);
#6612=EDGE_CURVE('',#8251,#7468,#8257,.T.);
#6613=EDGE_CURVE('',#8248,#7463,#8258,.T.);
#6614=EDGE_CURVE('',#8249,#7464,#8259,.T.);
#6615=EDGE_CURVE('',#7460,#8069,#8260,.T.);
#6616=EDGE_CURVE('',#7458,#8071,#8261,.T.);
#6617=EDGE_CURVE('',#8245,#7474,#8262,.T.);
#6618=EDGE_CURVE('',#8243,#7476,#8263,.T.);
#6619=EDGE_CURVE('',#8240,#7471,#8264,.T.);
#6620=EDGE_CURVE('',#8241,#7472,#8265,.T.);
#6621=EDGE_CURVE('',#8237,#7482,#8266,.T.);
#6622=EDGE_CURVE('',#8235,#7484,#8267,.T.);
#6623=EDGE_CURVE('',#8232,#7479,#8268,.T.);
#6624=EDGE_CURVE('',#8233,#7480,#8269,.T.);
#6625=EDGE_CURVE('',#8229,#7490,#8270,.T.);
#6626=EDGE_CURVE('',#8227,#7492,#8271,.T.);
#6627=EDGE_CURVE('',#8224,#7487,#8272,.T.);
#6628=EDGE_CURVE('',#8225,#7488,#8273,.T.);
#6629=EDGE_CURVE('',#8221,#7498,#8274,.T.);
#6630=EDGE_CURVE('',#8219,#7500,#8275,.T.);
#6631=EDGE_CURVE('',#8216,#7495,#8276,.T.);
#6632=EDGE_CURVE('',#8217,#7496,#8277,.T.);
#6633=EDGE_CURVE('',#8213,#7506,#8278,.T.);
#6634=EDGE_CURVE('',#8211,#7508,#8279,.T.);
#6635=EDGE_CURVE('',#8208,#7503,#8280,.T.);
#6636=EDGE_CURVE('',#8209,#7504,#8281,.T.);
#6637=EDGE_CURVE('',#8282,#8283,#8284,.T.);
#6638=EDGE_CURVE('',#8285,#8282,#8286,.T.);
#6639=EDGE_CURVE('',#8287,#8285,#8288,.T.);
#6640=EDGE_CURVE('',#8283,#8287,#8289,.T.);
#6641=EDGE_CURVE('',#8290,#8291,#8292,.T.);
#6642=EDGE_CURVE('',#8291,#8293,#8294,.T.);
#6643=EDGE_CURVE('',#8293,#8295,#8296,.T.);
#6644=EDGE_CURVE('',#8295,#8290,#8297,.T.);
#6645=EDGE_CURVE('',#8290,#8285,#8298,.T.);
#6646=EDGE_CURVE('',#8295,#8287,#8299,.T.);
#6647=EDGE_CURVE('',#8293,#8283,#8300,.T.);
#6648=EDGE_CURVE('',#8291,#8282,#8301,.T.);
#6649=EDGE_CURVE('',#7775,#7301,#8302,.T.);
#6650=EDGE_CURVE('',#7304,#7773,#8303,.T.);
#6651=EDGE_CURVE('',#7306,#7770,#8304,.T.);
#6652=EDGE_CURVE('',#7302,#7771,#8305,.T.);
#6653=EDGE_CURVE('',#8031,#7941,#8306,.T.);
#6654=EDGE_CURVE('',#8307,#8030,#8308,.T.);
#6655=EDGE_CURVE('',#7789,#8307,#8309,.T.);
#6656=EDGE_CURVE('',#7953,#8307,#8310,.T.);
#6657=EDGE_CURVE('',#8089,#7778,#8311,.T.);
#6658=EDGE_CURVE('',#8099,#7799,#8312,.T.);
#6659=EDGE_CURVE('',#8034,#7952,#8313,.T.);
#6660=EDGE_CURVE('',#7765,#8314,#8315,.T.);
#6661=EDGE_CURVE('',#8314,#8316,#8317,.T.);
#6662=EDGE_CURVE('',#8316,#7349,#8318,.T.);
#6663=EDGE_CURVE('',#7347,#8319,#8320,.T.);
#6664=EDGE_CURVE('',#8319,#8321,#8322,.T.);
#6665=EDGE_CURVE('',#8321,#7375,#8323,.T.);
#6666=EDGE_CURVE('',#7373,#8324,#8325,.T.);
#6667=EDGE_CURVE('',#8324,#8326,#8327,.T.);
#6668=EDGE_CURVE('',#8326,#7398,#8328,.T.);
#6669=EDGE_CURVE('',#7396,#8329,#8330,.T.);
#6670=EDGE_CURVE('',#8329,#8331,#8332,.T.);
#6671=EDGE_CURVE('',#8331,#7713,#8333,.T.);
#6672=EDGE_CURVE('',#7358,#8316,#8334,.T.);
#6673=EDGE_CURVE('',#7360,#8314,#8335,.T.);
#6674=EDGE_CURVE('',#7384,#8321,#8336,.T.);
#6675=EDGE_CURVE('',#7386,#8319,#8337,.T.);
#6676=EDGE_CURVE('',#7407,#8326,#8338,.T.);
#6677=EDGE_CURVE('',#7409,#8324,#8339,.T.);
#6678=EDGE_CURVE('',#7722,#8331,#8340,.T.);
#6679=EDGE_CURVE('',#7724,#8329,#8341,.T.);
#6680=EDGE_CURVE('',#7865,#7639,#8342,.T.);
#6681=EDGE_CURVE('',#7862,#7642,#8343,.T.);
#6682=EDGE_CURVE('',#7863,#7644,#8344,.T.);
#6683=EDGE_CURVE('',#7646,#7869,#8345,.T.);
#6684=EDGE_CURVE('',#7867,#7640,#8346,.T.);
#6685=EDGE_CURVE('',#7875,#7658,#8347,.T.);
#6686=EDGE_CURVE('',#7872,#7657,#8348,.T.);
#6687=EDGE_CURVE('',#7873,#7660,#8349,.T.);
#6688=EDGE_CURVE('',#7877,#7662,#8350,.T.);
#6689=EDGE_CURVE('',#7805,#7567,#8351,.T.);
#6690=EDGE_CURVE('',#7802,#7570,#8352,.T.);
#6691=EDGE_CURVE('',#7803,#7572,#8353,.T.);
#6692=EDGE_CURVE('',#7574,#7809,#8354,.T.);
#6693=EDGE_CURVE('',#7807,#7568,#8355,.T.);
#6694=EDGE_CURVE('',#7835,#7592,#8356,.T.);
#6695=EDGE_CURVE('',#7832,#7586,#8357,.T.);
#6696=EDGE_CURVE('',#7833,#7585,#8358,.T.);
#6697=EDGE_CURVE('',#7588,#7839,#8359,.T.);
#6698=EDGE_CURVE('',#7837,#7590,#8360,.T.);
#6699=EDGE_CURVE('',#7815,#7413,#8361,.T.);
#6700=EDGE_CURVE('',#7812,#7416,#8362,.T.);
#6701=EDGE_CURVE('',#7813,#7418,#8363,.T.);
#6702=EDGE_CURVE('',#7420,#7819,#8364,.T.);
#6703=EDGE_CURVE('',#7817,#7414,#8365,.T.);
#6704=EDGE_CURVE('',#7825,#7556,#8366,.T.);
#6705=EDGE_CURVE('',#7822,#7550,#8367,.T.);
#6706=EDGE_CURVE('',#7823,#7549,#8368,.T.);
#6707=EDGE_CURVE('',#7552,#7829,#8369,.T.);
#6708=EDGE_CURVE('',#7827,#7554,#8370,.T.);
#6709=EDGE_CURVE('',#7903,#7728,#8371,.T.);
#6710=EDGE_CURVE('',#7900,#7731,#8372,.T.);
#6711=EDGE_CURVE('',#7901,#7733,#8373,.T.);
#6712=EDGE_CURVE('',#7735,#7907,#8374,.T.);
#6713=EDGE_CURVE('',#7905,#7729,#8375,.T.);
#6714=EDGE_CURVE('',#7913,#7753,#8376,.T.);
#6715=EDGE_CURVE('',#7910,#7747,#8377,.T.);
#6716=EDGE_CURVE('',#7911,#7746,#8378,.T.);
#6717=EDGE_CURVE('',#7749,#7917,#8379,.T.);
#6718=EDGE_CURVE('',#7915,#7751,#8380,.T.);
#6719=EDGE_CURVE('',#7883,#7692,#8381,.T.);
#6720=EDGE_CURVE('',#7880,#7691,#8382,.T.);
#6721=EDGE_CURVE('',#7694,#7881,#8383,.T.);
#6722=EDGE_CURVE('',#7887,#7696,#8384,.T.);
#6723=EDGE_CURVE('',#7885,#7698,#8385,.T.);
#6724=EDGE_CURVE('',#7845,#7603,#8386,.T.);
#6725=EDGE_CURVE('',#7842,#7606,#8387,.T.);
#6726=EDGE_CURVE('',#7843,#7608,#8388,.T.);
#6727=EDGE_CURVE('',#7610,#7849,#8389,.T.);
#6728=EDGE_CURVE('',#7847,#7604,#8390,.T.);
#6729=EDGE_CURVE('',#7893,#7680,#8391,.T.);
#6730=EDGE_CURVE('',#7890,#7673,#8392,.T.);
#6731=EDGE_CURVE('',#7674,#7891,#8393,.T.);
#6732=EDGE_CURVE('',#7897,#7676,#8394,.T.);
#6733=EDGE_CURVE('',#7895,#7678,#8395,.T.);
#6734=EDGE_CURVE('',#7855,#7628,#8396,.T.);
#6735=EDGE_CURVE('',#7852,#7622,#8397,.T.);
#6736=EDGE_CURVE('',#7853,#7621,#8398,.T.);
#6737=EDGE_CURVE('',#7624,#7859,#8399,.T.);
#6738=EDGE_CURVE('',#7857,#7626,#8400,.T.);
#6739=EDGE_CURVE('',#8401,#8402,#8403,.T.);
#6740=EDGE_CURVE('',#8404,#8402,#8405,.T.);
#6741=EDGE_CURVE('',#8406,#8404,#8407,.T.);
#6742=EDGE_CURVE('',#8406,#8401,#8408,.T.);
#6743=EDGE_CURVE('',#8402,#8409,#8410,.T.);
#6744=EDGE_CURVE('',#8409,#8411,#8412,.T.);
#6745=EDGE_CURVE('',#8404,#8411,#8413,.T.);
#6746=EDGE_CURVE('',#8409,#8414,#8415,.T.);
#6747=EDGE_CURVE('',#8414,#8416,#8417,.T.);
#6748=EDGE_CURVE('',#8416,#8411,#8418,.T.);
#6749=EDGE_CURVE('',#8414,#8419,#8420,.T.);
#6750=EDGE_CURVE('',#8421,#8419,#8422,.T.);
#6751=EDGE_CURVE('',#8416,#8421,#8423,.T.);
#6752=EDGE_CURVE('',#8419,#8424,#8425,.T.);
#6753=EDGE_CURVE('',#8426,#8424,#8427,.T.);
#6754=EDGE_CURVE('',#8421,#8426,#8428,.T.);
#6755=EDGE_CURVE('',#7756,#8401,#8429,.T.);
#6756=EDGE_CURVE('',#8424,#7761,#8430,.T.);
#6757=EDGE_CURVE('',#7757,#8406,#8431,.T.);
#6758=EDGE_CURVE('',#8426,#7759,#8432,.T.);
#6759=EDGE_CURVE('',#7447,#8433,#8434,.T.);
#6760=EDGE_CURVE('',#8435,#8433,#8436,.T.);
#6761=EDGE_CURVE('',#8435,#7450,#8437,.T.);
#6762=EDGE_CURVE('',#7452,#8438,#8439,.T.);
#6763=EDGE_CURVE('',#8440,#8438,#8441,.T.);
#6764=EDGE_CURVE('',#7448,#8440,#8442,.T.);
#6765=EDGE_CURVE('',#8440,#8443,#8444,.T.);
#6766=EDGE_CURVE('',#8445,#8443,#8446,.T.);
#6767=EDGE_CURVE('',#8445,#8447,#8448,.T.);
#6768=EDGE_CURVE('',#8433,#8447,#8449,.T.);
#6769=EDGE_CURVE('',#8435,#8450,#8451,.T.);
#6770=EDGE_CURVE('',#8452,#8450,#8453,.T.);
#6771=EDGE_CURVE('',#8454,#8452,#8455,.T.);
#6772=EDGE_CURVE('',#8438,#8454,#8456,.T.);
#6773=EDGE_CURVE('',#8452,#8445,#8457,.T.);
#6774=EDGE_CURVE('',#8443,#8454,#8458,.T.);
#6775=EDGE_CURVE('',#8450,#8447,#8459,.T.);
#6776=EDGE_CURVE('',#8460,#8461,#8462,.T.);
#6777=EDGE_CURVE('',#8463,#8461,#8464,.T.);
#6778=EDGE_CURVE('',#8465,#8463,#8466,.T.);
#6779=EDGE_CURVE('',#8465,#8460,#8467,.T.);
#6780=EDGE_CURVE('',#8468,#8469,#8470,.T.);
#6781=EDGE_CURVE('',#8468,#8460,#8471,.T.);
#6782=EDGE_CURVE('',#8469,#8465,#8472,.T.);
#6783=EDGE_CURVE('',#8473,#8474,#8475,.T.);
#6784=EDGE_CURVE('',#8473,#8468,#8476,.T.);
#6785=EDGE_CURVE('',#8474,#8469,#8477,.T.);
#6786=EDGE_CURVE('',#8478,#8473,#8479,.T.);
#6787=EDGE_CURVE('',#8480,#8474,#8481,.T.);
#6788=EDGE_CURVE('',#8480,#8478,#8482,.T.);
#6789=EDGE_CURVE('',#8483,#8478,#8484,.T.);
#6790=EDGE_CURVE('',#8485,#8480,#8486,.T.);
#6791=EDGE_CURVE('',#8485,#8483,#8487,.T.);
#6792=EDGE_CURVE('',#7741,#8485,#8488,.T.);
#6793=EDGE_CURVE('',#8463,#7743,#8489,.T.);
#6794=EDGE_CURVE('',#8461,#7739,#8490,.T.);
#6795=EDGE_CURVE('',#7738,#8483,#8491,.T.);
#6796=EDGE_CURVE('',#8016,#8492,#8493,.T.);
#6797=EDGE_CURVE('',#8494,#8013,#8495,.T.);
#6798=EDGE_CURVE('',#8492,#8494,#8496,.T.);
#6799=EDGE_CURVE('',#8018,#8497,#8498,.T.);
#6800=EDGE_CURVE('',#8497,#8499,#8500,.T.);
#6801=EDGE_CURVE('',#8014,#8499,#8501,.T.);
#6802=EDGE_CURVE('',#8497,#8492,#8502,.T.);
#6803=EDGE_CURVE('',#8494,#8499,#8503,.T.);
#6804=EDGE_CURVE('',#8504,#8505,#8506,.T.);
#6805=EDGE_CURVE('',#8504,#8507,#8508,.T.);
#6806=EDGE_CURVE('',#8507,#8509,#8510,.T.);
#6807=EDGE_CURVE('',#8505,#8509,#8511,.T.);
#6808=EDGE_CURVE('',#8512,#8513,#8514,.T.);
#6809=EDGE_CURVE('',#8512,#8504,#8515,.T.);
#6810=EDGE_CURVE('',#8513,#8505,#8516,.T.);
#6811=EDGE_CURVE('',#8513,#8517,#8518,.T.);
#6812=EDGE_CURVE('',#8517,#8519,#8520,.T.);
#6813=EDGE_CURVE('',#8512,#8519,#8521,.T.);
#6814=EDGE_CURVE('',#8522,#8507,#8523,.T.);
#6815=EDGE_CURVE('',#8524,#8522,#8525,.T.);
#6816=EDGE_CURVE('',#8509,#8524,#8526,.T.);
#6817=EDGE_CURVE('',#7718,#8522,#8527,.T.);
#6818=EDGE_CURVE('',#7719,#8524,#8528,.T.);
#6819=EDGE_CURVE('',#8517,#7282,#8529,.T.);
#6820=EDGE_CURVE('',#8519,#7280,#8530,.T.);
#6821=EDGE_CURVE('',#7309,#8531,#8532,.T.);
#6822=EDGE_CURVE('',#8531,#8533,#8534,.T.);
#6823=EDGE_CURVE('',#7310,#8533,#8535,.T.);
#6824=EDGE_CURVE('',#7314,#8536,#8537,.T.);
#6825=EDGE_CURVE('',#7312,#8538,#8539,.T.);
#6826=EDGE_CURVE('',#8538,#8536,#8540,.T.);
#6827=EDGE_CURVE('',#8533,#8541,#8542,.T.);
#6828=EDGE_CURVE('',#8543,#8541,#8544,.T.);
#6829=EDGE_CURVE('',#8538,#8543,#8545,.T.);
#6830=EDGE_CURVE('',#8536,#8546,#8547,.T.);
#6831=EDGE_CURVE('',#8546,#8548,#8549,.T.);
#6832=EDGE_CURVE('',#8531,#8548,#8550,.T.);
#6833=EDGE_CURVE('',#8546,#8543,#8551,.T.);
#6834=EDGE_CURVE('',#8541,#8548,#8552,.T.);
#6835=EDGE_CURVE('',#8553,#8554,#8555,.T.);
#6836=EDGE_CURVE('',#8556,#8554,#8557,.T.);
#6837=EDGE_CURVE('',#8558,#8556,#8559,.T.);
#6838=EDGE_CURVE('',#8558,#8553,#8560,.T.);
#6839=EDGE_CURVE('',#8554,#8561,#8562,.T.);
#6840=EDGE_CURVE('',#8561,#8563,#8564,.T.);
#6841=EDGE_CURVE('',#8556,#8563,#8565,.T.);
#6842=EDGE_CURVE('',#8561,#8566,#8567,.T.);
#6843=EDGE_CURVE('',#8566,#8568,#8569,.T.);
#6844=EDGE_CURVE('',#8568,#8563,#8570,.T.);
#6845=EDGE_CURVE('',#8566,#8571,#8572,.T.);
#6846=EDGE_CURVE('',#8573,#8571,#8574,.T.);
#6847=EDGE_CURVE('',#8568,#8573,#8575,.T.);
#6848=EDGE_CURVE('',#8571,#8576,#8577,.T.);
#6849=EDGE_CURVE('',#8578,#8576,#8579,.T.);
#6850=EDGE_CURVE('',#8573,#8578,#8580,.T.);
#6851=EDGE_CURVE('',#7701,#8553,#8581,.T.);
#6852=EDGE_CURVE('',#8576,#7706,#8582,.T.);
#6853=EDGE_CURVE('',#7702,#8558,#8583,.T.);
#6854=EDGE_CURVE('',#8578,#7704,#8584,.T.);
#6855=EDGE_CURVE('',#7525,#8585,#8586,.T.);
#6856=EDGE_CURVE('',#8587,#8585,#8588,.T.);
#6857=EDGE_CURVE('',#8587,#7528,#8589,.T.);
#6858=EDGE_CURVE('',#7530,#8590,#8591,.T.);
#6859=EDGE_CURVE('',#8592,#8590,#8593,.T.);
#6860=EDGE_CURVE('',#7526,#8592,#8594,.T.);
#6861=EDGE_CURVE('',#8592,#8595,#8596,.T.);
#6862=EDGE_CURVE('',#8597,#8595,#8598,.T.);
#6863=EDGE_CURVE('',#8597,#8599,#8600,.T.);
#6864=EDGE_CURVE('',#8585,#8599,#8601,.T.);
#6865=EDGE_CURVE('',#8587,#8602,#8603,.T.);
#6866=EDGE_CURVE('',#8604,#8602,#8605,.T.);
#6867=EDGE_CURVE('',#8606,#8604,#8607,.T.);
#6868=EDGE_CURVE('',#8590,#8606,#8608,.T.);
#6869=EDGE_CURVE('',#8604,#8597,#8609,.T.);
#6870=EDGE_CURVE('',#8595,#8606,#8610,.T.);
#6871=EDGE_CURVE('',#8602,#8599,#8611,.T.);
#6872=EDGE_CURVE('',#8612,#8613,#8614,.T.);
#6873=EDGE_CURVE('',#8615,#8613,#8616,.T.);
#6874=EDGE_CURVE('',#8617,#8615,#8618,.T.);
#6875=EDGE_CURVE('',#8617,#8612,#8619,.T.);
#6876=EDGE_CURVE('',#8620,#8621,#8622,.T.);
#6877=EDGE_CURVE('',#8620,#8612,#8623,.T.);
#6878=EDGE_CURVE('',#8621,#8617,#8624,.T.);
#6879=EDGE_CURVE('',#8625,#8626,#8627,.T.);
#6880=EDGE_CURVE('',#8625,#8620,#8628,.T.);
#6881=EDGE_CURVE('',#8626,#8621,#8629,.T.);
#6882=EDGE_CURVE('',#8630,#8625,#8631,.T.);
#6883=EDGE_CURVE('',#8632,#8626,#8633,.T.);
#6884=EDGE_CURVE('',#8632,#8630,#8634,.T.);
#6885=EDGE_CURVE('',#8635,#8630,#8636,.T.);
#6886=EDGE_CURVE('',#8637,#8632,#8638,.T.);
#6887=EDGE_CURVE('',#8637,#8635,#8639,.T.);
#6888=EDGE_CURVE('',#7686,#8637,#8640,.T.);
#6889=EDGE_CURVE('',#8615,#7688,#8641,.T.);
#6890=EDGE_CURVE('',#8613,#7684,#8642,.T.);
#6891=EDGE_CURVE('',#7683,#8635,#8643,.T.);
#6892=EDGE_CURVE('',#8008,#8644,#8645,.T.);
#6893=EDGE_CURVE('',#8646,#8005,#8647,.T.);
#6894=EDGE_CURVE('',#8644,#8646,#8648,.T.);
#6895=EDGE_CURVE('',#8010,#8649,#8650,.T.);
#6896=EDGE_CURVE('',#8649,#8651,#8652,.T.);
#6897=EDGE_CURVE('',#8006,#8651,#8653,.T.);
#6898=EDGE_CURVE('',#8649,#8644,#8654,.T.);
#6899=EDGE_CURVE('',#8646,#8651,#8655,.T.);
#6900=EDGE_CURVE('',#8656,#8657,#8658,.T.);
#6901=EDGE_CURVE('',#8659,#8657,#8660,.T.);
#6902=EDGE_CURVE('',#8661,#8659,#8662,.T.);
#6903=EDGE_CURVE('',#8661,#8656,#8663,.T.);
#6904=EDGE_CURVE('',#8657,#8664,#8665,.T.);
#6905=EDGE_CURVE('',#8664,#8666,#8667,.T.);
#6906=EDGE_CURVE('',#8659,#8666,#8668,.T.);
#6907=EDGE_CURVE('',#8664,#8669,#8670,.T.);
#6908=EDGE_CURVE('',#8669,#8671,#8672,.T.);
#6909=EDGE_CURVE('',#8671,#8666,#8673,.T.);
#6910=EDGE_CURVE('',#8669,#8674,#8675,.T.);
#6911=EDGE_CURVE('',#8676,#8674,#8677,.T.);
#6912=EDGE_CURVE('',#8671,#8676,#8678,.T.);
#6913=EDGE_CURVE('',#8674,#8679,#8680,.T.);
#6914=EDGE_CURVE('',#8681,#8679,#8682,.T.);
#6915=EDGE_CURVE('',#8676,#8681,#8683,.T.);
#6916=EDGE_CURVE('',#7665,#8656,#8684,.T.);
#6917=EDGE_CURVE('',#8679,#7670,#8685,.T.);
#6918=EDGE_CURVE('',#7666,#8661,#8686,.T.);
#6919=EDGE_CURVE('',#8681,#7668,#8687,.T.);
#6920=EDGE_CURVE('',#7439,#8688,#8689,.T.);
#6921=EDGE_CURVE('',#8690,#8688,#8691,.T.);
#6922=EDGE_CURVE('',#8690,#7442,#8692,.T.);
#6923=EDGE_CURVE('',#7444,#8693,#8694,.T.);
#6924=EDGE_CURVE('',#8695,#8693,#8696,.T.);
#6925=EDGE_CURVE('',#7440,#8695,#8697,.T.);
#6926=EDGE_CURVE('',#8695,#8698,#8699,.T.);
#6927=EDGE_CURVE('',#8700,#8698,#8701,.T.);
#6928=EDGE_CURVE('',#8700,#8702,#8703,.T.);
#6929=EDGE_CURVE('',#8688,#8702,#8704,.T.);
#6930=EDGE_CURVE('',#8690,#8705,#8706,.T.);
#6931=EDGE_CURVE('',#8707,#8705,#8708,.T.);
#6932=EDGE_CURVE('',#8709,#8707,#8710,.T.);
#6933=EDGE_CURVE('',#8693,#8709,#8711,.T.);
#6934=EDGE_CURVE('',#8707,#8700,#8712,.T.);
#6935=EDGE_CURVE('',#8698,#8709,#8713,.T.);
#6936=EDGE_CURVE('',#8705,#8702,#8714,.T.);
#6937=EDGE_CURVE('',#8715,#8716,#8717,.T.);
#6938=EDGE_CURVE('',#8718,#8716,#8719,.T.);
#6939=EDGE_CURVE('',#8720,#8718,#8721,.T.);
#6940=EDGE_CURVE('',#8720,#8715,#8722,.T.);
#6941=EDGE_CURVE('',#8723,#8724,#8725,.T.);
#6942=EDGE_CURVE('',#8723,#8715,#8726,.T.);
#6943=EDGE_CURVE('',#8724,#8720,#8727,.T.);
#6944=EDGE_CURVE('',#8728,#8729,#8730,.T.);
#6945=EDGE_CURVE('',#8728,#8723,#8731,.T.);
#6946=EDGE_CURVE('',#8729,#8724,#8732,.T.);
#6947=EDGE_CURVE('',#8733,#8728,#8734,.T.);
#6948=EDGE_CURVE('',#8735,#8729,#8736,.T.);
#6949=EDGE_CURVE('',#8735,#8733,#8737,.T.);
#6950=EDGE_CURVE('',#8738,#8733,#8739,.T.);
#6951=EDGE_CURVE('',#8740,#8735,#8741,.T.);
#6952=EDGE_CURVE('',#8740,#8738,#8742,.T.);
#6953=EDGE_CURVE('',#7652,#8740,#8743,.T.);
#6954=EDGE_CURVE('',#8718,#7654,#8744,.T.);
#6955=EDGE_CURVE('',#8716,#7650,#8745,.T.);
#6956=EDGE_CURVE('',#7649,#8738,#8746,.T.);
#6957=EDGE_CURVE('',#8000,#8747,#8748,.T.);
#6958=EDGE_CURVE('',#8749,#7997,#8750,.T.);
#6959=EDGE_CURVE('',#8747,#8749,#8751,.T.);
#6960=EDGE_CURVE('',#8002,#8752,#8753,.T.);
#6961=EDGE_CURVE('',#8752,#8754,#8755,.T.);
#6962=EDGE_CURVE('',#7998,#8754,#8756,.T.);
#6963=EDGE_CURVE('',#8752,#8747,#8757,.T.);
#6964=EDGE_CURVE('',#8749,#8754,#8758,.T.);
#6965=EDGE_CURVE('',#8759,#8760,#8761,.T.);
#6966=EDGE_CURVE('',#8762,#8760,#8763,.T.);
#6967=EDGE_CURVE('',#8764,#8762,#8765,.T.);
#6968=EDGE_CURVE('',#8764,#8759,#8766,.T.);
#6969=EDGE_CURVE('',#8760,#8767,#8768,.T.);
#6970=EDGE_CURVE('',#8767,#8769,#8770,.T.);
#6971=EDGE_CURVE('',#8762,#8769,#8771,.T.);
#6972=EDGE_CURVE('',#8767,#8772,#8773,.T.);
#6973=EDGE_CURVE('',#8772,#8774,#8775,.T.);
#6974=EDGE_CURVE('',#8774,#8769,#8776,.T.);
#6975=EDGE_CURVE('',#8772,#8777,#8778,.T.);
#6976=EDGE_CURVE('',#8779,#8777,#8780,.T.);
#6977=EDGE_CURVE('',#8774,#8779,#8781,.T.);
#6978=EDGE_CURVE('',#8777,#8782,#8783,.T.);
#6979=EDGE_CURVE('',#8784,#8782,#8785,.T.);
#6980=EDGE_CURVE('',#8779,#8784,#8786,.T.);
#6981=EDGE_CURVE('',#7631,#8759,#8787,.T.);
#6982=EDGE_CURVE('',#8782,#7636,#8788,.T.);
#6983=EDGE_CURVE('',#7632,#8764,#8789,.T.);
#6984=EDGE_CURVE('',#8784,#7634,#8790,.T.);
#6985=EDGE_CURVE('',#7533,#8791,#8792,.T.);
#6986=EDGE_CURVE('',#8793,#8791,#8794,.T.);
#6987=EDGE_CURVE('',#8793,#7536,#8795,.T.);
#6988=EDGE_CURVE('',#7538,#8796,#8797,.T.);
#6989=EDGE_CURVE('',#8798,#8796,#8799,.T.);
#6990=EDGE_CURVE('',#7534,#8798,#8800,.T.);
#6991=EDGE_CURVE('',#8798,#8801,#8802,.T.);
#6992=EDGE_CURVE('',#8803,#8801,#8804,.T.);
#6993=EDGE_CURVE('',#8803,#8805,#8806,.T.);
#6994=EDGE_CURVE('',#8791,#8805,#8807,.T.);
#6995=EDGE_CURVE('',#8793,#8808,#8809,.T.);
#6996=EDGE_CURVE('',#8810,#8808,#8811,.T.);
#6997=EDGE_CURVE('',#8812,#8810,#8813,.T.);
#6998=EDGE_CURVE('',#8796,#8812,#8814,.T.);
#6999=EDGE_CURVE('',#8810,#8803,#8815,.T.);
#7000=EDGE_CURVE('',#8801,#8812,#8816,.T.);
#7001=EDGE_CURVE('',#8808,#8805,#8817,.T.);
#7002=EDGE_CURVE('',#8818,#8819,#8820,.T.);
#7003=EDGE_CURVE('',#8821,#8819,#8822,.T.);
#7004=EDGE_CURVE('',#8823,#8821,#8824,.T.);
#7005=EDGE_CURVE('',#8823,#8818,#8825,.T.);
#7006=EDGE_CURVE('',#8826,#8827,#8828,.T.);
#7007=EDGE_CURVE('',#8826,#8818,#8829,.T.);
#7008=EDGE_CURVE('',#8827,#8823,#8830,.T.);
#7009=EDGE_CURVE('',#8831,#8832,#8833,.T.);
#7010=EDGE_CURVE('',#8831,#8826,#8834,.T.);
#7011=EDGE_CURVE('',#8832,#8827,#8835,.T.);
#7012=EDGE_CURVE('',#8836,#8831,#8837,.T.);
#7013=EDGE_CURVE('',#8838,#8832,#8839,.T.);
#7014=EDGE_CURVE('',#8838,#8836,#8840,.T.);
#7015=EDGE_CURVE('',#8841,#8836,#8842,.T.);
#7016=EDGE_CURVE('',#8843,#8838,#8844,.T.);
#7017=EDGE_CURVE('',#8843,#8841,#8845,.T.);
#7018=EDGE_CURVE('',#7616,#8843,#8846,.T.);
#7019=EDGE_CURVE('',#8821,#7618,#8847,.T.);
#7020=EDGE_CURVE('',#8819,#7614,#8848,.T.);
#7021=EDGE_CURVE('',#7613,#8841,#8849,.T.);
#7022=EDGE_CURVE('',#7992,#8850,#8851,.T.);
#7023=EDGE_CURVE('',#8852,#7989,#8853,.T.);
#7024=EDGE_CURVE('',#8850,#8852,#8854,.T.);
#7025=EDGE_CURVE('',#7994,#8855,#8856,.T.);
#7026=EDGE_CURVE('',#8855,#8857,#8858,.T.);
#7027=EDGE_CURVE('',#7990,#8857,#8859,.T.);
#7028=EDGE_CURVE('',#8855,#8850,#8860,.T.);
#7029=EDGE_CURVE('',#8852,#8857,#8861,.T.);
#7030=EDGE_CURVE('',#8862,#8863,#8864,.T.);
#7031=EDGE_CURVE('',#8865,#8863,#8866,.T.);
#7032=EDGE_CURVE('',#8867,#8865,#8868,.T.);
#7033=EDGE_CURVE('',#8867,#8862,#8869,.T.);
#7034=EDGE_CURVE('',#8863,#8870,#8871,.T.);
#7035=EDGE_CURVE('',#8870,#8872,#8873,.T.);
#7036=EDGE_CURVE('',#8865,#8872,#8874,.T.);
#7037=EDGE_CURVE('',#8870,#8875,#8876,.T.);
#7038=EDGE_CURVE('',#8875,#8877,#8878,.T.);
#7039=EDGE_CURVE('',#8877,#8872,#8879,.T.);
#7040=EDGE_CURVE('',#8875,#8880,#8881,.T.);
#7041=EDGE_CURVE('',#8882,#8880,#8883,.T.);
#7042=EDGE_CURVE('',#8877,#8882,#8884,.T.);
#7043=EDGE_CURVE('',#8880,#8885,#8886,.T.);
#7044=EDGE_CURVE('',#8887,#8885,#8888,.T.);
#7045=EDGE_CURVE('',#8882,#8887,#8889,.T.);
#7046=EDGE_CURVE('',#7595,#8862,#8890,.T.);
#7047=EDGE_CURVE('',#8885,#7600,#8891,.T.);
#7048=EDGE_CURVE('',#7596,#8867,#8892,.T.);
#7049=EDGE_CURVE('',#8887,#7598,#8893,.T.);
#7050=EDGE_CURVE('',#7431,#8894,#8895,.T.);
#7051=EDGE_CURVE('',#8896,#8894,#8897,.T.);
#7052=EDGE_CURVE('',#8896,#7434,#8898,.T.);
#7053=EDGE_CURVE('',#7436,#8899,#8900,.T.);
#7054=EDGE_CURVE('',#8901,#8899,#8902,.T.);
#7055=EDGE_CURVE('',#7432,#8901,#8903,.T.);
#7056=EDGE_CURVE('',#8901,#8904,#8905,.T.);
#7057=EDGE_CURVE('',#8906,#8904,#8907,.T.);
#7058=EDGE_CURVE('',#8906,#8908,#8909,.T.);
#7059=EDGE_CURVE('',#8894,#8908,#8910,.T.);
#7060=EDGE_CURVE('',#8896,#8911,#8912,.T.);
#7061=EDGE_CURVE('',#8913,#8911,#8914,.T.);
#7062=EDGE_CURVE('',#8915,#8913,#8916,.T.);
#7063=EDGE_CURVE('',#8899,#8915,#8917,.T.);
#7064=EDGE_CURVE('',#8913,#8906,#8918,.T.);
#7065=EDGE_CURVE('',#8904,#8915,#8919,.T.);
#7066=EDGE_CURVE('',#8911,#8908,#8920,.T.);
#7067=EDGE_CURVE('',#8921,#8922,#8923,.T.);
#7068=EDGE_CURVE('',#8924,#8922,#8925,.T.);
#7069=EDGE_CURVE('',#8926,#8924,#8927,.T.);
#7070=EDGE_CURVE('',#8926,#8921,#8928,.T.);
#7071=EDGE_CURVE('',#8929,#8930,#8931,.T.);
#7072=EDGE_CURVE('',#8929,#8921,#8932,.T.);
#7073=EDGE_CURVE('',#8930,#8926,#8933,.T.);
#7074=EDGE_CURVE('',#8934,#8935,#8936,.T.);
#7075=EDGE_CURVE('',#8934,#8929,#8937,.T.);
#7076=EDGE_CURVE('',#8935,#8930,#8938,.T.);
#7077=EDGE_CURVE('',#8939,#8934,#8940,.T.);
#7078=EDGE_CURVE('',#8941,#8935,#8942,.T.);
#7079=EDGE_CURVE('',#8941,#8939,#8943,.T.);
#7080=EDGE_CURVE('',#8944,#8939,#8945,.T.);
#7081=EDGE_CURVE('',#8946,#8941,#8947,.T.);
#7082=EDGE_CURVE('',#8946,#8944,#8948,.T.);
#7083=EDGE_CURVE('',#7580,#8946,#8949,.T.);
#7084=EDGE_CURVE('',#8924,#7582,#8950,.T.);
#7085=EDGE_CURVE('',#8922,#7578,#8951,.T.);
#7086=EDGE_CURVE('',#7577,#8944,#8952,.T.);
#7087=EDGE_CURVE('',#7984,#8953,#8954,.T.);
#7088=EDGE_CURVE('',#8955,#7981,#8956,.T.);
#7089=EDGE_CURVE('',#8953,#8955,#8957,.T.);
#7090=EDGE_CURVE('',#7986,#8958,#8959,.T.);
#7091=EDGE_CURVE('',#8958,#8960,#8961,.T.);
#7092=EDGE_CURVE('',#7982,#8960,#8962,.T.);
#7093=EDGE_CURVE('',#8958,#8953,#8963,.T.);
#7094=EDGE_CURVE('',#8955,#8960,#8964,.T.);
#7095=EDGE_CURVE('',#8965,#8966,#8967,.T.);
#7096=EDGE_CURVE('',#8968,#8966,#8969,.T.);
#7097=EDGE_CURVE('',#8970,#8968,#8971,.T.);
#7098=EDGE_CURVE('',#8970,#8965,#8972,.T.);
#7099=EDGE_CURVE('',#8966,#8973,#8974,.T.);
#7100=EDGE_CURVE('',#8973,#8975,#8976,.T.);
#7101=EDGE_CURVE('',#8968,#8975,#8977,.T.);
#7102=EDGE_CURVE('',#8973,#8978,#8979,.T.);
#7103=EDGE_CURVE('',#8978,#8980,#8981,.T.);
#7104=EDGE_CURVE('',#8980,#8975,#8982,.T.);
#7105=EDGE_CURVE('',#8978,#8983,#8984,.T.);
#7106=EDGE_CURVE('',#8985,#8983,#8986,.T.);
#7107=EDGE_CURVE('',#8980,#8985,#8987,.T.);
#7108=EDGE_CURVE('',#8983,#8988,#8989,.T.);
#7109=EDGE_CURVE('',#8990,#8988,#8991,.T.);
#7110=EDGE_CURVE('',#8985,#8990,#8992,.T.);
#7111=EDGE_CURVE('',#7559,#8965,#8993,.T.);
#7112=EDGE_CURVE('',#8988,#7564,#8994,.T.);
#7113=EDGE_CURVE('',#7560,#8970,#8995,.T.);
#7114=EDGE_CURVE('',#8990,#7562,#8996,.T.);
#7115=EDGE_CURVE('',#7541,#8997,#8998,.T.);
#7116=EDGE_CURVE('',#8999,#8997,#9000,.T.);
#7117=EDGE_CURVE('',#8999,#7544,#9001,.T.);
#7118=EDGE_CURVE('',#7546,#9002,#9003,.T.);
#7119=EDGE_CURVE('',#9004,#9002,#9005,.T.);
#7120=EDGE_CURVE('',#7542,#9004,#9006,.T.);
#7121=EDGE_CURVE('',#9004,#9007,#9008,.T.);
#7122=EDGE_CURVE('',#9009,#9007,#9010,.T.);
#7123=EDGE_CURVE('',#9009,#9011,#9012,.T.);
#7124=EDGE_CURVE('',#8997,#9011,#9013,.T.);
#7125=EDGE_CURVE('',#8999,#9014,#9015,.T.);
#7126=EDGE_CURVE('',#9016,#9014,#9017,.T.);
#7127=EDGE_CURVE('',#9018,#9016,#9019,.T.);
#7128=EDGE_CURVE('',#9002,#9018,#9020,.T.);
#7129=EDGE_CURVE('',#9016,#9009,#9021,.T.);
#7130=EDGE_CURVE('',#9007,#9018,#9022,.T.);
#7131=EDGE_CURVE('',#9014,#9011,#9023,.T.);
#7132=EDGE_CURVE('',#9024,#9025,#9026,.T.);
#7133=EDGE_CURVE('',#9027,#9025,#9028,.T.);
#7134=EDGE_CURVE('',#9029,#9027,#9030,.T.);
#7135=EDGE_CURVE('',#9029,#9024,#9031,.T.);
#7136=EDGE_CURVE('',#9032,#9033,#9034,.T.);
#7137=EDGE_CURVE('',#9032,#9024,#9035,.T.);
#7138=EDGE_CURVE('',#9033,#9029,#9036,.T.);
#7139=EDGE_CURVE('',#9037,#9038,#9039,.T.);
#7140=EDGE_CURVE('',#9037,#9032,#9040,.T.);
#7141=EDGE_CURVE('',#9038,#9033,#9041,.T.);
#7142=EDGE_CURVE('',#9042,#9037,#9043,.T.);
#7143=EDGE_CURVE('',#9044,#9038,#9045,.T.);
#7144=EDGE_CURVE('',#9044,#9042,#9046,.T.);
#7145=EDGE_CURVE('',#9047,#9042,#9048,.T.);
#7146=EDGE_CURVE('',#9049,#9044,#9050,.T.);
#7147=EDGE_CURVE('',#9049,#9047,#9051,.T.);
#7148=EDGE_CURVE('',#7426,#9049,#9052,.T.);
#7149=EDGE_CURVE('',#9027,#7428,#9053,.T.);
#7150=EDGE_CURVE('',#9025,#7424,#9054,.T.);
#7151=EDGE_CURVE('',#7423,#9047,#9055,.T.);
#7152=EDGE_CURVE('',#7976,#9056,#9057,.T.);
#7153=EDGE_CURVE('',#9058,#7973,#9059,.T.);
#7154=EDGE_CURVE('',#9056,#9058,#9060,.T.);
#7155=EDGE_CURVE('',#7978,#9061,#9062,.T.);
#7156=EDGE_CURVE('',#9061,#9063,#9064,.T.);
#7157=EDGE_CURVE('',#7974,#9063,#9065,.T.);
#7158=EDGE_CURVE('',#9061,#9056,#9066,.T.);
#7159=EDGE_CURVE('',#9058,#9063,#9067,.T.);
#7160=EDGE_CURVE('',#9068,#9069,#9070,.T.);
#7161=EDGE_CURVE('',#9068,#9071,#9072,.T.);
#7162=EDGE_CURVE('',#9071,#9073,#9074,.T.);
#7163=EDGE_CURVE('',#9069,#9073,#9075,.T.);
#7164=EDGE_CURVE('',#9076,#9077,#9078,.T.);
#7165=EDGE_CURVE('',#9076,#9068,#9079,.T.);
#7166=EDGE_CURVE('',#9077,#9069,#9080,.T.);
#7167=EDGE_CURVE('',#9077,#9081,#9082,.T.);
#7168=EDGE_CURVE('',#9081,#9083,#9084,.T.);
#7169=EDGE_CURVE('',#9076,#9083,#9085,.T.);
#7170=EDGE_CURVE('',#9086,#9071,#9087,.T.);
#7171=EDGE_CURVE('',#9088,#9086,#9089,.T.);
#7172=EDGE_CURVE('',#9073,#9088,#9090,.T.);
#7173=EDGE_CURVE('',#7403,#9086,#9091,.T.);
#7174=EDGE_CURVE('',#7404,#9088,#9092,.T.);
#7175=EDGE_CURVE('',#9081,#7290,#9093,.T.);
#7176=EDGE_CURVE('',#9083,#7288,#9094,.T.);
#7177=EDGE_CURVE('',#7317,#9095,#9096,.T.);
#7178=EDGE_CURVE('',#9095,#9097,#9098,.T.);
#7179=EDGE_CURVE('',#7318,#9097,#9099,.T.);
#7180=EDGE_CURVE('',#7322,#9100,#9101,.T.);
#7181=EDGE_CURVE('',#7320,#9102,#9103,.T.);
#7182=EDGE_CURVE('',#9102,#9100,#9104,.T.);
#7183=EDGE_CURVE('',#9097,#9105,#9106,.T.);
#7184=EDGE_CURVE('',#9107,#9105,#9108,.T.);
#7185=EDGE_CURVE('',#9102,#9107,#9109,.T.);
#7186=EDGE_CURVE('',#9100,#9110,#9111,.T.);
#7187=EDGE_CURVE('',#9110,#9112,#9113,.T.);
#7188=EDGE_CURVE('',#9095,#9112,#9114,.T.);
#7189=EDGE_CURVE('',#9110,#9107,#9115,.T.);
#7190=EDGE_CURVE('',#9105,#9112,#9116,.T.);
#7191=EDGE_CURVE('',#9117,#9118,#9119,.T.);
#7192=EDGE_CURVE('',#9117,#9120,#9121,.T.);
#7193=EDGE_CURVE('',#9120,#9122,#9123,.T.);
#7194=EDGE_CURVE('',#9118,#9122,#9124,.T.);
#7195=EDGE_CURVE('',#9125,#9126,#9127,.T.);
#7196=EDGE_CURVE('',#9125,#9117,#9128,.T.);
#7197=EDGE_CURVE('',#9126,#9118,#9129,.T.);
#7198=EDGE_CURVE('',#9126,#9130,#9131,.T.);
#7199=EDGE_CURVE('',#9130,#9132,#9133,.T.);
#7200=EDGE_CURVE('',#9125,#9132,#9134,.T.);
#7201=EDGE_CURVE('',#9135,#9120,#9136,.T.);
#7202=EDGE_CURVE('',#9137,#9135,#9138,.T.);
#7203=EDGE_CURVE('',#9122,#9137,#9139,.T.);
#7204=EDGE_CURVE('',#7380,#9135,#9140,.T.);
#7205=EDGE_CURVE('',#7381,#9137,#9141,.T.);
#7206=EDGE_CURVE('',#9130,#7298,#9142,.T.);
#7207=EDGE_CURVE('',#9132,#7296,#9143,.T.);
#7208=EDGE_CURVE('',#7325,#9144,#9145,.T.);
#7209=EDGE_CURVE('',#9144,#9146,#9147,.T.);
#7210=EDGE_CURVE('',#7326,#9146,#9148,.T.);
#7211=EDGE_CURVE('',#7330,#9149,#9150,.T.);
#7212=EDGE_CURVE('',#7328,#9151,#9152,.T.);
#7213=EDGE_CURVE('',#9151,#9149,#9153,.T.);
#7214=EDGE_CURVE('',#9146,#9154,#9155,.T.);
#7215=EDGE_CURVE('',#9156,#9154,#9157,.T.);
#7216=EDGE_CURVE('',#9151,#9156,#9158,.T.);
#7217=EDGE_CURVE('',#9149,#9159,#9160,.T.);
#7218=EDGE_CURVE('',#9159,#9161,#9162,.T.);
#7219=EDGE_CURVE('',#9144,#9161,#9163,.T.);
#7220=EDGE_CURVE('',#9159,#9156,#9164,.T.);
#7221=EDGE_CURVE('',#9154,#9161,#9165,.T.);
#7222=EDGE_CURVE('',#9166,#9167,#9168,.T.);
#7223=EDGE_CURVE('',#9166,#9169,#9170,.T.);
#7224=EDGE_CURVE('',#9169,#9171,#9172,.T.);
#7225=EDGE_CURVE('',#9167,#9171,#9173,.T.);
#7226=EDGE_CURVE('',#9174,#9175,#9176,.T.);
#7227=EDGE_CURVE('',#9174,#9166,#9177,.T.);
#7228=EDGE_CURVE('',#9175,#9167,#9178,.T.);
#7229=EDGE_CURVE('',#9175,#9179,#9180,.T.);
#7230=EDGE_CURVE('',#9179,#9181,#9182,.T.);
#7231=EDGE_CURVE('',#9174,#9181,#9183,.T.);
#7232=EDGE_CURVE('',#9184,#9169,#9185,.T.);
#7233=EDGE_CURVE('',#9186,#9184,#9187,.T.);
#7234=EDGE_CURVE('',#9171,#9186,#9188,.T.);
#7235=EDGE_CURVE('',#7354,#9184,#9189,.T.);
#7236=EDGE_CURVE('',#7355,#9186,#9190,.T.);
#7237=EDGE_CURVE('',#9179,#7258,#9191,.T.);
#7238=EDGE_CURVE('',#9181,#7256,#9192,.T.);
#7239=EDGE_CURVE('',#7333,#9193,#9194,.T.);
#7240=EDGE_CURVE('',#9193,#9195,#9196,.T.);
#7241=EDGE_CURVE('',#7334,#9195,#9197,.T.);
#7242=EDGE_CURVE('',#7338,#9198,#9199,.T.);
#7243=EDGE_CURVE('',#7336,#9200,#9201,.T.);
#7244=EDGE_CURVE('',#9200,#9198,#9202,.T.);
#7245=EDGE_CURVE('',#9195,#9203,#9204,.T.);
#7246=EDGE_CURVE('',#9205,#9203,#9206,.T.);
#7247=EDGE_CURVE('',#9200,#9205,#9207,.T.);
#7248=EDGE_CURVE('',#9198,#9208,#9209,.T.);
#7249=EDGE_CURVE('',#9208,#9210,#9211,.T.);
#7250=EDGE_CURVE('',#9193,#9210,#9212,.T.);
#7251=EDGE_CURVE('',#9208,#9205,#9213,.T.);
#7252=EDGE_CURVE('',#9203,#9210,#9214,.T.);
#7253=VERTEX_POINT('',#9215);
#7254=VERTEX_POINT('',#9216);
#7255=LINE('',#9217,#9218);
#7256=VERTEX_POINT('',#9219);
#7257=LINE('',#9220,#9221);
#7258=VERTEX_POINT('',#9222);
#7259=LINE('',#9223,#9224);
#7260=VERTEX_POINT('',#9225);
#7261=LINE('',#9226,#9227);
#7262=VERTEX_POINT('',#9228);
#7263=LINE('',#9229,#9230);
#7264=VERTEX_POINT('',#9231);
#7265=LINE('',#9232,#9233);
#7266=VERTEX_POINT('',#9234);
#7267=LINE('',#9235,#9236);
#7268=VERTEX_POINT('',#9237);
#7269=LINE('',#9238,#9239);
#7270=VERTEX_POINT('',#9240);
#7271=LINE('',#9241,#9242);
#7272=VERTEX_POINT('',#9243);
#7273=LINE('',#9244,#9245);
#7274=VERTEX_POINT('',#9246);
#7275=LINE('',#9247,#9248);
#7276=VERTEX_POINT('',#9249);
#7277=LINE('',#9250,#9251);
#7278=VERTEX_POINT('',#9252);
#7279=LINE('',#9253,#9254);
#7280=VERTEX_POINT('',#9255);
#7281=LINE('',#9256,#9257);
#7282=VERTEX_POINT('',#9258);
#7283=LINE('',#9259,#9260);
#7284=VERTEX_POINT('',#9261);
#7285=LINE('',#9262,#9263);
#7286=VERTEX_POINT('',#9264);
#7287=LINE('',#9265,#9266);
#7288=VERTEX_POINT('',#9267);
#7289=LINE('',#9268,#9269);
#7290=VERTEX_POINT('',#9270);
#7291=LINE('',#9271,#9272);
#7292=VERTEX_POINT('',#9273);
#7293=LINE('',#9274,#9275);
#7294=VERTEX_POINT('',#9276);
#7295=LINE('',#9277,#9278);
#7296=VERTEX_POINT('',#9279);
#7297=LINE('',#9280,#9281);
#7298=VERTEX_POINT('',#9282);
#7299=LINE('',#9283,#9284);
#7300=LINE('',#9285,#9286);
#7301=VERTEX_POINT('',#9287);
#7302=VERTEX_POINT('',#9288);
#7303=LINE('',#9289,#9290);
#7304=VERTEX_POINT('',#9291);
#7305=LINE('',#9292,#9293);
#7306=VERTEX_POINT('',#9294);
#7307=LINE('',#9295,#9296);
#7308=LINE('',#9297,#9298);
#7309=VERTEX_POINT('',#9299);
#7310=VERTEX_POINT('',#9300);
#7311=LINE('',#9301,#9302);
#7312=VERTEX_POINT('',#9303);
#7313=LINE('',#9304,#9305);
#7314=VERTEX_POINT('',#9306);
#7315=LINE('',#9307,#9308);
#7316=LINE('',#9309,#9310);
#7317=VERTEX_POINT('',#9311);
#7318=VERTEX_POINT('',#9312);
#7319=LINE('',#9313,#9314);
#7320=VERTEX_POINT('',#9315);
#7321=LINE('',#9316,#9317);
#7322=VERTEX_POINT('',#9318);
#7323=LINE('',#9319,#9320);
#7324=LINE('',#9321,#9322);
#7325=VERTEX_POINT('',#9323);
#7326=VERTEX_POINT('',#9324);
#7327=LINE('',#9325,#9326);
#7328=VERTEX_POINT('',#9327);
#7329=LINE('',#9328,#9329);
#7330=VERTEX_POINT('',#9330);
#7331=LINE('',#9331,#9332);
#7332=LINE('',#9333,#9334);
#7333=VERTEX_POINT('',#9335);
#7334=VERTEX_POINT('',#9336);
#7335=LINE('',#9337,#9338);
#7336=VERTEX_POINT('',#9339);
#7337=LINE('',#9340,#9341);
#7338=VERTEX_POINT('',#9342);
#7339=LINE('',#9343,#9344);
#7340=LINE('',#9345,#9346);
#7341=VERTEX_POINT('',#9347);
#7342=LINE('',#9348,#9349);
#7343=VERTEX_POINT('',#9350);
#7344=LINE('',#9351,#9352);
#7345=VERTEX_POINT('',#9353);
#7346=LINE('',#9354,#9355);
#7347=VERTEX_POINT('',#9356);
#7348=LINE('',#9357,#9358);
#7349=VERTEX_POINT('',#9359);
#7350=LINE('',#9360,#9361);
#7351=VERTEX_POINT('',#9362);
#7352=LINE('',#9363,#9364);
#7353=LINE('',#9365,#9366);
#7354=VERTEX_POINT('',#9367);
#7355=VERTEX_POINT('',#9368);
#7356=LINE('',#9369,#9370);
#7357=LINE('',#9371,#9372);
#7358=VERTEX_POINT('',#9373);
#7359=LINE('',#9374,#9375);
#7360=VERTEX_POINT('',#9376);
#7361=LINE('',#9377,#9378);
#7362=VERTEX_POINT('',#9379);
#7363=LINE('',#9380,#9381);
#7364=VERTEX_POINT('',#9382);
#7365=LINE('',#9383,#9384);
#7366=LINE('',#9385,#9386);
#7367=VERTEX_POINT('',#9387);
#7368=LINE('',#9388,#9389);
#7369=VERTEX_POINT('',#9390);
#7370=LINE('',#9391,#9392);
#7371=VERTEX_POINT('',#9393);
#7372=LINE('',#9394,#9395);
#7373=VERTEX_POINT('',#9396);
#7374=LINE('',#9397,#9398);
#7375=VERTEX_POINT('',#9399);
#7376=LINE('',#9400,#9401);
#7377=VERTEX_POINT('',#9402);
#7378=LINE('',#9403,#9404);
#7379=LINE('',#9405,#9406);
#7380=VERTEX_POINT('',#9407);
#7381=VERTEX_POINT('',#9408);
#7382=LINE('',#9409,#9410);
#7383=LINE('',#9411,#9412);
#7384=VERTEX_POINT('',#9413);
#7385=LINE('',#9414,#9415);
#7386=VERTEX_POINT('',#9416);
#7387=LINE('',#9417,#9418);
#7388=LINE('',#9419,#9420);
#7389=LINE('',#9421,#9422);
#7390=VERTEX_POINT('',#9423);
#7391=LINE('',#9424,#9425);
#7392=VERTEX_POINT('',#9426);
#7393=LINE('',#9427,#9428);
#7394=VERTEX_POINT('',#9429);
#7395=LINE('',#9430,#9431);
#7396=VERTEX_POINT('',#9432);
#7397=LINE('',#9433,#9434);
#7398=VERTEX_POINT('',#9435);
#7399=LINE('',#9436,#9437);
#7400=VERTEX_POINT('',#9438);
#7401=LINE('',#9439,#9440);
#7402=LINE('',#9441,#9442);
#7403=VERTEX_POINT('',#9443);
#7404=VERTEX_POINT('',#9444);
#7405=LINE('',#9445,#9446);
#7406=LINE('',#9447,#9448);
#7407=VERTEX_POINT('',#9449);
#7408=LINE('',#9450,#9451);
#7409=VERTEX_POINT('',#9452);
#7410=LINE('',#9453,#9454);
#7411=LINE('',#9455,#9456);
#7412=LINE('',#9457,#9458);
#7413=VERTEX_POINT('',#9459);
#7414=VERTEX_POINT('',#9460);
#7415=LINE('',#9461,#9462);
#7416=VERTEX_POINT('',#9463);
#7417=LINE('',#9464,#9465);
#7418=VERTEX_POINT('',#9466);
#7419=LINE('',#9467,#9468);
#7420=VERTEX_POINT('',#9469);
#7421=LINE('',#9470,#9471);
#7422=LINE('',#9472,#9473);
#7423=VERTEX_POINT('',#9474);
#7424=VERTEX_POINT('',#9475);
#7425=LINE('',#9476,#9477);
#7426=VERTEX_POINT('',#9478);
#7427=LINE('',#9479,#9480);
#7428=VERTEX_POINT('',#9481);
#7429=LINE('',#9482,#9483);
#7430=LINE('',#9484,#9485);
#7431=VERTEX_POINT('',#9486);
#7432=VERTEX_POINT('',#9487);
#7433=LINE('',#9488,#9489);
#7434=VERTEX_POINT('',#9490);
#7435=LINE('',#9491,#9492);
#7436=VERTEX_POINT('',#9493);
#7437=LINE('',#9494,#9495);
#7438=LINE('',#9496,#9497);
#7439=VERTEX_POINT('',#9498);
#7440=VERTEX_POINT('',#9499);
#7441=LINE('',#9500,#9501);
#7442=VERTEX_POINT('',#9502);
#7443=LINE('',#9503,#9504);
#7444=VERTEX_POINT('',#9505);
#7445=LINE('',#9506,#9507);
#7446=LINE('',#9508,#9509);
#7447=VERTEX_POINT('',#9510);
#7448=VERTEX_POINT('',#9511);
#7449=LINE('',#9512,#9513);
#7450=VERTEX_POINT('',#9514);
#7451=LINE('',#9515,#9516);
#7452=VERTEX_POINT('',#9517);
#7453=LINE('',#9518,#9519);
#7454=LINE('',#9520,#9521);
#7455=VERTEX_POINT('',#9522);
#7456=VERTEX_POINT('',#9523);
#7457=LINE('',#9524,#9525);
#7458=VERTEX_POINT('',#9526);
#7459=LINE('',#9527,#9528);
#7460=VERTEX_POINT('',#9529);
#7461=LINE('',#9530,#9531);
#7462=LINE('',#9532,#9533);
#7463=VERTEX_POINT('',#9534);
#7464=VERTEX_POINT('',#9535);
#7465=LINE('',#9536,#9537);
#7466=VERTEX_POINT('',#9538);
#7467=LINE('',#9539,#9540);
#7468=VERTEX_POINT('',#9541);
#7469=LINE('',#9542,#9543);
#7470=LINE('',#9544,#9545);
#7471=VERTEX_POINT('',#9546);
#7472=VERTEX_POINT('',#9547);
#7473=LINE('',#9548,#9549);
#7474=VERTEX_POINT('',#9550);
#7475=LINE('',#9551,#9552);
#7476=VERTEX_POINT('',#9553);
#7477=LINE('',#9554,#9555);
#7478=LINE('',#9556,#9557);
#7479=VERTEX_POINT('',#9558);
#7480=VERTEX_POINT('',#9559);
#7481=LINE('',#9560,#9561);
#7482=VERTEX_POINT('',#9562);
#7483=LINE('',#9563,#9564);
#7484=VERTEX_POINT('',#9565);
#7485=LINE('',#9566,#9567);
#7486=LINE('',#9568,#9569);
#7487=VERTEX_POINT('',#9570);
#7488=VERTEX_POINT('',#9571);
#7489=LINE('',#9572,#9573);
#7490=VERTEX_POINT('',#9574);
#7491=LINE('',#9575,#9576);
#7492=VERTEX_POINT('',#9577);
#7493=LINE('',#9578,#9579);
#7494=LINE('',#9580,#9581);
#7495=VERTEX_POINT('',#9582);
#7496=VERTEX_POINT('',#9583);
#7497=LINE('',#9584,#9585);
#7498=VERTEX_POINT('',#9586);
#7499=LINE('',#9587,#9588);
#7500=VERTEX_POINT('',#9589);
#7501=LINE('',#9590,#9591);
#7502=LINE('',#9592,#9593);
#7503=VERTEX_POINT('',#9594);
#7504=VERTEX_POINT('',#9595);
#7505=LINE('',#9596,#9597);
#7506=VERTEX_POINT('',#9598);
#7507=LINE('',#9599,#9600);
#7508=VERTEX_POINT('',#9601);
#7509=LINE('',#9602,#9603);
#7510=LINE('',#9604,#9605);
#7511=VERTEX_POINT('',#9606);
#7512=VERTEX_POINT('',#9607);
#7513=LINE('',#9608,#9609);
#7514=VERTEX_POINT('',#9610);
#7515=LINE('',#9611,#9612);
#7516=VERTEX_POINT('',#9613);
#7517=LINE('',#9614,#9615);
#7518=VERTEX_POINT('',#9616);
#7519=LINE('',#9617,#9618);
#7520=VERTEX_POINT('',#9619);
#7521=CIRCLE('',#9620,0.559720184980251);
#7522=VERTEX_POINT('',#9621);
#7523=LINE('',#9622,#9623);
#7524=B_SPLINE_CURVE_WITH_KNOTS('',3,(#9624,#9625,#9626,#9627,#9628,#9629),.UNSPECIFIED.,.F.,.F.,(4,2,4),(0.0,0.498960081633333,1.0),.UNSPECIFIED.);
#7525=VERTEX_POINT('',#9630);
#7526=VERTEX_POINT('',#9631);
#7527=LINE('',#9632,#9633);
#7528=VERTEX_POINT('',#9634);
#7529=LINE('',#9635,#9636);
#7530=VERTEX_POINT('',#9637);
#7531=LINE('',#9638,#9639);
#7532=LINE('',#9640,#9641);
#7533=VERTEX_POINT('',#9642);
#7534=VERTEX_POINT('',#9643);
#7535=LINE('',#9644,#9645);
#7536=VERTEX_POINT('',#9646);
#7537=LINE('',#9647,#9648);
#7538=VERTEX_POINT('',#9649);
#7539=LINE('',#9650,#9651);
#7540=LINE('',#9652,#9653);
#7541=VERTEX_POINT('',#9654);
#7542=VERTEX_POINT('',#9655);
#7543=LINE('',#9656,#9657);
#7544=VERTEX_POINT('',#9658);
#7545=LINE('',#9659,#9660);
#7546=VERTEX_POINT('',#9661);
#7547=LINE('',#9662,#9663);
#7548=LINE('',#9664,#9665);
#7549=VERTEX_POINT('',#9666);
#7550=VERTEX_POINT('',#9667);
#7551=LINE('',#9668,#9669);
#7552=VERTEX_POINT('',#9670);
#7553=LINE('',#9671,#9672);
#7554=VERTEX_POINT('',#9673);
#7555=LINE('',#9674,#9675);
#7556=VERTEX_POINT('',#9676);
#7557=LINE('',#9677,#9678);
#7558=LINE('',#9679,#9680);
#7559=VERTEX_POINT('',#9681);
#7560=VERTEX_POINT('',#9682);
#7561=LINE('',#9683,#9684);
#7562=VERTEX_POINT('',#9685);
#7563=LINE('',#9686,#9687);
#7564=VERTEX_POINT('',#9688);
#7565=LINE('',#9689,#9690);
#7566=LINE('',#9691,#9692);
#7567=VERTEX_POINT('',#9693);
#7568=VERTEX_POINT('',#9694);
#7569=LINE('',#9695,#9696);
#7570=VERTEX_POINT('',#9697);
#7571=LINE('',#9698,#9699);
#7572=VERTEX_POINT('',#9700);
#7573=LINE('',#9701,#9702);
#7574=VERTEX_POINT('',#9703);
#7575=LINE('',#9704,#9705);
#7576=LINE('',#9706,#9707);
#7577=VERTEX_POINT('',#9708);
#7578=VERTEX_POINT('',#9709);
#7579=LINE('',#9710,#9711);
#7580=VERTEX_POINT('',#9712);
#7581=LINE('',#9713,#9714);
#7582=VERTEX_POINT('',#9715);
#7583=LINE('',#9716,#9717);
#7584=LINE('',#9718,#9719);
#7585=VERTEX_POINT('',#9720);
#7586=VERTEX_POINT('',#9721);
#7587=LINE('',#9722,#9723);
#7588=VERTEX_POINT('',#9724);
#7589=LINE('',#9725,#9726);
#7590=VERTEX_POINT('',#9727);
#7591=LINE('',#9728,#9729);
#7592=VERTEX_POINT('',#9730);
#7593=LINE('',#9731,#9732);
#7594=LINE('',#9733,#9734);
#7595=VERTEX_POINT('',#9735);
#7596=VERTEX_POINT('',#9736);
#7597=LINE('',#9737,#9738);
#7598=VERTEX_POINT('',#9739);
#7599=LINE('',#9740,#9741);
#7600=VERTEX_POINT('',#9742);
#7601=LINE('',#9743,#9744);
#7602=LINE('',#9745,#9746);
#7603=VERTEX_POINT('',#9747);
#7604=VERTEX_POINT('',#9748);
#7605=LINE('',#9749,#9750);
#7606=VERTEX_POINT('',#9751);
#7607=LINE('',#9752,#9753);
#7608=VERTEX_POINT('',#9754);
#7609=LINE('',#9755,#9756);
#7610=VERTEX_POINT('',#9757);
#7611=LINE('',#9758,#9759);
#7612=LINE('',#9760,#9761);
#7613=VERTEX_POINT('',#9762);
#7614=VERTEX_POINT('',#9763);
#7615=LINE('',#9764,#9765);
#7616=VERTEX_POINT('',#9766);
#7617=LINE('',#9767,#9768);
#7618=VERTEX_POINT('',#9769);
#7619=LINE('',#9770,#9771);
#7620=LINE('',#9772,#9773);
#7621=VERTEX_POINT('',#9774);
#7622=VERTEX_POINT('',#9775);
#7623=LINE('',#9776,#9777);
#7624=VERTEX_POINT('',#9778);
#7625=LINE('',#9779,#9780);
#7626=VERTEX_POINT('',#9781);
#7627=LINE('',#9782,#9783);
#7628=VERTEX_POINT('',#9784);
#7629=LINE('',#9785,#9786);
#7630=LINE('',#9787,#9788);
#7631=VERTEX_POINT('',#9789);
#7632=VERTEX_POINT('',#9790);
#7633=LINE('',#9791,#9792);
#7634=VERTEX_POINT('',#9793);
#7635=LINE('',#9794,#9795);
#7636=VERTEX_POINT('',#9796);
#7637=LINE('',#9797,#9798);
#7638=LINE('',#9799,#9800);
#7639=VERTEX_POINT('',#9801);
#7640=VERTEX_POINT('',#9802);
#7641=LINE('',#9803,#9804);
#7642=VERTEX_POINT('',#9805);
#7643=LINE('',#9806,#9807);
#7644=VERTEX_POINT('',#9808);
#7645=LINE('',#9809,#9810);
#7646=VERTEX_POINT('',#9811);
#7647=LINE('',#9812,#9813);
#7648=LINE('',#9814,#9815);
#7649=VERTEX_POINT('',#9816);
#7650=VERTEX_POINT('',#9817);
#7651=LINE('',#9818,#9819);
#7652=VERTEX_POINT('',#9820);
#7653=LINE('',#9821,#9822);
#7654=VERTEX_POINT('',#9823);
#7655=LINE('',#9824,#9825);
#7656=LINE('',#9826,#9827);
#7657=VERTEX_POINT('',#9828);
#7658=VERTEX_POINT('',#9829);
#7659=LINE('',#9830,#9831);
#7660=VERTEX_POINT('',#9832);
#7661=LINE('',#9833,#9834);
#7662=VERTEX_POINT('',#9835);
#7663=LINE('',#9836,#9837);
#7664=LINE('',#9838,#9839);
#7665=VERTEX_POINT('',#9840);
#7666=VERTEX_POINT('',#9841);
#7667=LINE('',#9842,#9843);
#7668=VERTEX_POINT('',#9844);
#7669=LINE('',#9845,#9846);
#7670=VERTEX_POINT('',#9847);
#7671=LINE('',#9848,#9849);
#7672=LINE('',#9850,#9851);
#7673=VERTEX_POINT('',#9852);
#7674=VERTEX_POINT('',#9853);
#7675=LINE('',#9854,#9855);
#7676=VERTEX_POINT('',#9856);
#7677=LINE('',#9857,#9858);
#7678=VERTEX_POINT('',#9859);
#7679=LINE('',#9860,#9861);
#7680=VERTEX_POINT('',#9862);
#7681=LINE('',#9863,#9864);
#7682=LINE('',#9865,#9866);
#7683=VERTEX_POINT('',#9867);
#7684=VERTEX_POINT('',#9868);
#7685=LINE('',#9869,#9870);
#7686=VERTEX_POINT('',#9871);
#7687=LINE('',#9872,#9873);
#7688=VERTEX_POINT('',#9874);
#7689=LINE('',#9875,#9876);
#7690=LINE('',#9877,#9878);
#7691=VERTEX_POINT('',#9879);
#7692=VERTEX_POINT('',#9880);
#7693=LINE('',#9881,#9882);
#7694=VERTEX_POINT('',#9883);
#7695=LINE('',#9884,#9885);
#7696=VERTEX_POINT('',#9886);
#7697=LINE('',#9887,#9888);
#7698=VERTEX_POINT('',#9889);
#7699=LINE('',#9890,#9891);
#7700=LINE('',#9892,#9893);
#7701=VERTEX_POINT('',#9894);
#7702=VERTEX_POINT('',#9895);
#7703=LINE('',#9896,#9897);
#7704=VERTEX_POINT('',#9898);
#7705=LINE('',#9899,#9900);
#7706=VERTEX_POINT('',#9901);
#7707=LINE('',#9902,#9903);
#7708=LINE('',#9904,#9905);
#7709=VERTEX_POINT('',#9906);
#7710=LINE('',#9907,#9908);
#7711=VERTEX_POINT('',#9909);
#7712=LINE('',#9910,#9911);
#7713=VERTEX_POINT('',#9912);
#7714=LINE('',#9913,#9914);
#7715=VERTEX_POINT('',#9915);
#7716=LINE('',#9916,#9917);
#7717=LINE('',#9918,#9919);
#7718=VERTEX_POINT('',#9920);
#7719=VERTEX_POINT('',#9921);
#7720=LINE('',#9922,#9923);
#7721=LINE('',#9924,#9925);
#7722=VERTEX_POINT('',#9926);
#7723=LINE('',#9927,#9928);
#7724=VERTEX_POINT('',#9929);
#7725=LINE('',#9930,#9931);
#7726=LINE('',#9932,#9933);
#7727=LINE('',#9934,#9935);
#7728=VERTEX_POINT('',#9936);
#7729=VERTEX_POINT('',#9937);
#7730=LINE('',#9938,#9939);
#7731=VERTEX_POINT('',#9940);
#7732=LINE('',#9941,#9942);
#7733=VERTEX_POINT('',#9943);
#7734=LINE('',#9944,#9945);
#7735=VERTEX_POINT('',#9946);
#7736=LINE('',#9947,#9948);
#7737=LINE('',#9949,#9950);
#7738=VERTEX_POINT('',#9951);
#7739=VERTEX_POINT('',#9952);
#7740=LINE('',#9953,#9954);
#7741=VERTEX_POINT('',#9955);
#7742=LINE('',#9956,#9957);
#7743=VERTEX_POINT('',#9958);
#7744=LINE('',#9959,#9960);
#7745=LINE('',#9961,#9962);
#7746=VERTEX_POINT('',#9963);
#7747=VERTEX_POINT('',#9964);
#7748=LINE('',#9965,#9966);
#7749=VERTEX_POINT('',#9967);
#7750=LINE('',#9968,#9969);
#7751=VERTEX_POINT('',#9970);
#7752=LINE('',#9971,#9972);
#7753=VERTEX_POINT('',#9973);
#7754=LINE('',#9974,#9975);
#7755=LINE('',#9976,#9977);
#7756=VERTEX_POINT('',#9978);
#7757=VERTEX_POINT('',#9979);
#7758=LINE('',#9980,#9981);
#7759=VERTEX_POINT('',#9982);
#7760=LINE('',#9983,#9984);
#7761=VERTEX_POINT('',#9985);
#7762=LINE('',#9986,#9987);
#7763=LINE('',#9988,#9989);
#7764=LINE('',#9990,#9991);
#7765=VERTEX_POINT('',#9992);
#7766=LINE('',#9993,#9994);
#7767=VERTEX_POINT('',#9995);
#7768=LINE('',#9996,#9997);
#7769=LINE('',#9998,#9999);
#7770=VERTEX_POINT('',#10000);
#7771=VERTEX_POINT('',#10001);
#7772=LINE('',#10002,#10003);
#7773=VERTEX_POINT('',#10004);
#7774=LINE('',#10005,#10006);
#7775=VERTEX_POINT('',#10007);
#7776=LINE('',#10008,#10009);
#7777=LINE('',#10010,#10011);
#7778=VERTEX_POINT('',#10012);
#7779=VERTEX_POINT('',#10013);
#7780=LINE('',#10014,#10015);
#7781=VERTEX_POINT('',#10016);
#7782=LINE('',#10017,#10018);
#7783=VERTEX_POINT('',#10019);
#7784=LINE('',#10020,#10021);
#7785=VERTEX_POINT('',#10022);
#7786=LINE('',#10023,#10024);
#7787=VERTEX_POINT('',#10025);
#7788=LINE('',#10026,#10027);
#7789=VERTEX_POINT('',#10028);
#7790=LINE('',#10029,#10030);
#7791=VERTEX_POINT('',#10031);
#7792=LINE('',#10032,#10033);
#7793=VERTEX_POINT('',#10034);
#7794=LINE('',#10035,#10036);
#7795=VERTEX_POINT('',#10037);
#7796=LINE('',#10038,#10039);
#7797=VERTEX_POINT('',#10040);
#7798=LINE('',#10041,#10042);
#7799=VERTEX_POINT('',#10043);
#7800=LINE('',#10044,#10045);
#7801=LINE('',#10046,#10047);
#7802=VERTEX_POINT('',#10048);
#7803=VERTEX_POINT('',#10049);
#7804=LINE('',#10050,#10051);
#7805=VERTEX_POINT('',#10052);
#7806=LINE('',#10053,#10054);
#7807=VERTEX_POINT('',#10055);
#7808=LINE('',#10056,#10057);
#7809=VERTEX_POINT('',#10058);
#7810=LINE('',#10059,#10060);
#7811=LINE('',#10061,#10062);
#7812=VERTEX_POINT('',#10063);
#7813=VERTEX_POINT('',#10064);
#7814=LINE('',#10065,#10066);
#7815=VERTEX_POINT('',#10067);
#7816=LINE('',#10068,#10069);
#7817=VERTEX_POINT('',#10070);
#7818=LINE('',#10071,#10072);
#7819=VERTEX_POINT('',#10073);
#7820=LINE('',#10074,#10075);
#7821=LINE('',#10076,#10077);
#7822=VERTEX_POINT('',#10078);
#7823=VERTEX_POINT('',#10079);
#7824=LINE('',#10080,#10081);
#7825=VERTEX_POINT('',#10082);
#7826=LINE('',#10083,#10084);
#7827=VERTEX_POINT('',#10085);
#7828=LINE('',#10086,#10087);
#7829=VERTEX_POINT('',#10088);
#7830=LINE('',#10089,#10090);
#7831=LINE('',#10091,#10092);
#7832=VERTEX_POINT('',#10093);
#7833=VERTEX_POINT('',#10094);
#7834=LINE('',#10095,#10096);
#7835=VERTEX_POINT('',#10097);
#7836=LINE('',#10098,#10099);
#7837=VERTEX_POINT('',#10100);
#7838=LINE('',#10101,#10102);
#7839=VERTEX_POINT('',#10103);
#7840=LINE('',#10104,#10105);
#7841=LINE('',#10106,#10107);
#7842=VERTEX_POINT('',#10108);
#7843=VERTEX_POINT('',#10109);
#7844=LINE('',#10110,#10111);
#7845=VERTEX_POINT('',#10112);
#7846=LINE('',#10113,#10114);
#7847=VERTEX_POINT('',#10115);
#7848=LINE('',#10116,#10117);
#7849=VERTEX_POINT('',#10118);
#7850=LINE('',#10119,#10120);
#7851=LINE('',#10121,#10122);
#7852=VERTEX_POINT('',#10123);
#7853=VERTEX_POINT('',#10124);
#7854=LINE('',#10125,#10126);
#7855=VERTEX_POINT('',#10127);
#7856=LINE('',#10128,#10129);
#7857=VERTEX_POINT('',#10130);
#7858=LINE('',#10131,#10132);
#7859=VERTEX_POINT('',#10133);
#7860=LINE('',#10134,#10135);
#7861=LINE('',#10136,#10137);
#7862=VERTEX_POINT('',#10138);
#7863=VERTEX_POINT('',#10139);
#7864=LINE('',#10140,#10141);
#7865=VERTEX_POINT('',#10142);
#7866=LINE('',#10143,#10144);
#7867=VERTEX_POINT('',#10145);
#7868=LINE('',#10146,#10147);
#7869=VERTEX_POINT('',#10148);
#7870=LINE('',#10149,#10150);
#7871=LINE('',#10151,#10152);
#7872=VERTEX_POINT('',#10153);
#7873=VERTEX_POINT('',#10154);
#7874=LINE('',#10155,#10156);
#7875=VERTEX_POINT('',#10157);
#7876=LINE('',#10158,#10159);
#7877=VERTEX_POINT('',#10160);
#7878=LINE('',#10161,#10162);
#7879=LINE('',#10163,#10164);
#7880=VERTEX_POINT('',#10165);
#7881=VERTEX_POINT('',#10166);
#7882=LINE('',#10167,#10168);
#7883=VERTEX_POINT('',#10169);
#7884=LINE('',#10170,#10171);
#7885=VERTEX_POINT('',#10172);
#7886=LINE('',#10173,#10174);
#7887=VERTEX_POINT('',#10175);
#7888=LINE('',#10176,#10177);
#7889=LINE('',#10178,#10179);
#7890=VERTEX_POINT('',#10180);
#7891=VERTEX_POINT('',#10181);
#7892=LINE('',#10182,#10183);
#7893=VERTEX_POINT('',#10184);
#7894=LINE('',#10185,#10186);
#7895=VERTEX_POINT('',#10187);
#7896=LINE('',#10188,#10189);
#7897=VERTEX_POINT('',#10190);
#7898=LINE('',#10191,#10192);
#7899=LINE('',#10193,#10194);
#7900=VERTEX_POINT('',#10195);
#7901=VERTEX_POINT('',#10196);
#7902=LINE('',#10197,#10198);
#7903=VERTEX_POINT('',#10199);
#7904=LINE('',#10200,#10201);
#7905=VERTEX_POINT('',#10202);
#7906=LINE('',#10203,#10204);
#7907=VERTEX_POINT('',#10205);
#7908=LINE('',#10206,#10207);
#7909=LINE('',#10208,#10209);
#7910=VERTEX_POINT('',#10210);
#7911=VERTEX_POINT('',#10211);
#7912=LINE('',#10212,#10213);
#7913=VERTEX_POINT('',#10214);
#7914=LINE('',#10215,#10216);
#7915=VERTEX_POINT('',#10217);
#7916=LINE('',#10218,#10219);
#7917=VERTEX_POINT('',#10220);
#7918=LINE('',#10221,#10222);
#7919=LINE('',#10223,#10224);
#7920=VERTEX_POINT('',#10225);
#7921=LINE('',#10226,#10227);
#7922=VERTEX_POINT('',#10228);
#7923=LINE('',#10229,#10230);
#7924=VERTEX_POINT('',#10231);
#7925=LINE('',#10232,#10233);
#7926=VERTEX_POINT('',#10234);
#7927=LINE('',#10235,#10236);
#7928=VERTEX_POINT('',#10237);
#7929=LINE('',#10238,#10239);
#7930=VERTEX_POINT('',#10240);
#7931=LINE('',#10241,#10242);
#7932=VERTEX_POINT('',#10243);
#7933=LINE('',#10244,#10245);
#7934=VERTEX_POINT('',#10246);
#7935=LINE('',#10247,#10248);
#7936=VERTEX_POINT('',#10249);
#7937=LINE('',#10250,#10251);
#7938=VERTEX_POINT('',#10252);
#7939=LINE('',#10253,#10254);
#7940=LINE('',#10255,#10256);
#7941=VERTEX_POINT('',#10257);
#7942=LINE('',#10258,#10259);
#7943=VERTEX_POINT('',#10260);
#7944=LINE('',#10261,#10262);
#7945=VERTEX_POINT('',#10263);
#7946=LINE('',#10264,#10265);
#7947=LINE('',#10266,#10267);
#7948=LINE('',#10268,#10269);
#7949=VERTEX_POINT('',#10270);
#7950=LINE('',#10271,#10272);
#7951=LINE('',#10273,#10274);
#7952=VERTEX_POINT('',#10275);
#7953=VERTEX_POINT('',#10276);
#7954=LINE('',#10277,#10278);
#7955=LINE('',#10279,#10280);
#7956=VERTEX_POINT('',#10281);
#7957=LINE('',#10282,#10283);
#7958=VERTEX_POINT('',#10284);
#7959=LINE('',#10285,#10286);
#7960=VERTEX_POINT('',#10287);
#7961=LINE('',#10288,#10289);
#7962=VERTEX_POINT('',#10290);
#7963=LINE('',#10291,#10292);
#7964=VERTEX_POINT('',#10293);
#7965=LINE('',#10294,#10295);
#7966=VERTEX_POINT('',#10296);
#7967=LINE('',#10297,#10298);
#7968=VERTEX_POINT('',#10299);
#7969=LINE('',#10300,#10301);
#7970=VERTEX_POINT('',#10302);
#7971=LINE('',#10303,#10304);
#7972=LINE('',#10305,#10306);
#7973=VERTEX_POINT('',#10307);
#7974=VERTEX_POINT('',#10308);
#7975=LINE('',#10309,#10310);
#7976=VERTEX_POINT('',#10311);
#7977=LINE('',#10312,#10313);
#7978=VERTEX_POINT('',#10314);
#7979=LINE('',#10315,#10316);
#7980=LINE('',#10317,#10318);
#7981=VERTEX_POINT('',#10319);
#7982=VERTEX_POINT('',#10320);
#7983=LINE('',#10321,#10322);
#7984=VERTEX_POINT('',#10323);
#7985=LINE('',#10324,#10325);
#7986=VERTEX_POINT('',#10326);
#7987=LINE('',#10327,#10328);
#7988=LINE('',#10329,#10330);
#7989=VERTEX_POINT('',#10331);
#7990=VERTEX_POINT('',#10332);
#7991=LINE('',#10333,#10334);
#7992=VERTEX_POINT('',#10335);
#7993=LINE('',#10336,#10337);
#7994=VERTEX_POINT('',#10338);
#7995=LINE('',#10339,#10340);
#7996=LINE('',#10341,#10342);
#7997=VERTEX_POINT('',#10343);
#7998=VERTEX_POINT('',#10344);
#7999=LINE('',#10345,#10346);
#8000=VERTEX_POINT('',#10347);
#8001=LINE('',#10348,#10349);
#8002=VERTEX_POINT('',#10350);
#8003=LINE('',#10351,#10352);
#8004=LINE('',#10353,#10354);
#8005=VERTEX_POINT('',#10355);
#8006=VERTEX_POINT('',#10356);
#8007=LINE('',#10357,#10358);
#8008=VERTEX_POINT('',#10359);
#8009=LINE('',#10360,#10361);
#8010=VERTEX_POINT('',#10362);
#8011=LINE('',#10363,#10364);
#8012=LINE('',#10365,#10366);
#8013=VERTEX_POINT('',#10367);
#8014=VERTEX_POINT('',#10368);
#8015=LINE('',#10369,#10370);
#8016=VERTEX_POINT('',#10371);
#8017=LINE('',#10372,#10373);
#8018=VERTEX_POINT('',#10374);
#8019=LINE('',#10375,#10376);
#8020=LINE('',#10377,#10378);
#8021=VERTEX_POINT('',#10379);
#8022=LINE('',#10380,#10381);
#8023=VERTEX_POINT('',#10382);
#8024=LINE('',#10383,#10384);
#8025=VERTEX_POINT('',#10385);
#8026=LINE('',#10386,#10387);
#8027=VERTEX_POINT('',#10388);
#8028=LINE('',#10389,#10390);
#8029=LINE('',#10391,#10392);
#8030=VERTEX_POINT('',#10393);
#8031=VERTEX_POINT('',#10394);
#8032=LINE('',#10395,#10396);
#8033=LINE('',#10397,#10398);
#8034=VERTEX_POINT('',#10399);
#8035=LINE('',#10400,#10401);
#8036=LINE('',#10402,#10403);
#8037=VERTEX_POINT('',#10404);
#8038=LINE('',#10405,#10406);
#8039=VERTEX_POINT('',#10407);
#8040=LINE('',#10408,#10409);
#8041=VERTEX_POINT('',#10410);
#8042=B_SPLINE_CURVE_WITH_KNOTS('',3,(#10411,#10412,#10413,#10414,#10415,#10416),.UNSPECIFIED.,.F.,.F.,(4,2,4),(1.747204090476E-17,0.499999999999999,0.999999999999997),.UNSPECIFIED.);
#8043=B_SPLINE_CURVE_WITH_KNOTS('',3,(#10417,#10418,#10419,#10420),.UNSPECIFIED.,.F.,.F.,(4,4),(1.89977942370596E-11,0.999999999998059),.UNSPECIFIED.);
#8044=VERTEX_POINT('',#10421);
#8045=LINE('',#10422,#10423);
#8046=VERTEX_POINT('',#10424);
#8047=B_SPLINE_CURVE_WITH_KNOTS('',3,(#10425,#10426,#10427,#10428),.UNSPECIFIED.,.F.,.F.,(4,4),(1.89949405766092E-11,0.999999999998035),.UNSPECIFIED.);
#8048=VERTEX_POINT('',#10429);
#8049=B_SPLINE_CURVE_WITH_KNOTS('',3,(#10430,#10431,#10432,#10433),.UNSPECIFIED.,.F.,.F.,(4,4),(3.48294150257503E-15,0.999999999995386),.UNSPECIFIED.);
#8050=LINE('',#10434,#10435);
#8051=CIRCLE('',#10436,0.685650397459828);
#8052=CIRCLE('',#10437,1.4);
#8053=VERTEX_POINT('',#10438);
#8054=LINE('',#10439,#10440);
#8055=VERTEX_POINT('',#10441);
#8056=LINE('',#10442,#10443);
#8057=VERTEX_POINT('',#10444);
#8058=B_SPLINE_CURVE_WITH_KNOTS('',3,(#10445,#10446,#10447,#10448),.UNSPECIFIED.,.F.,.F.,(4,4),(4.60866659762948E-12,1.00000000000001),.UNSPECIFIED.);
#8059=B_SPLINE_CURVE_WITH_KNOTS('',3,(#10449,#10450,#10451,#10452),.UNSPECIFIED.,.F.,.F.,(4,4),(1.94456598189437E-12,1.000000000019),.UNSPECIFIED.);
#8060=VERTEX_POINT('',#10453);
#8061=LINE('',#10454,#10455);
#8062=VERTEX_POINT('',#10456);
#8063=B_SPLINE_CURVE_WITH_KNOTS('',3,(#10457,#10458,#10459,#10460),.UNSPECIFIED.,.F.,.F.,(4,4),(1.94095044211754E-12,1.000000000019),.UNSPECIFIED.);
#8064=VERTEX_POINT('',#10461);
#8065=B_SPLINE_CURVE_WITH_KNOTS('',3,(#10462,#10463,#10464,#10465,#10466,#10467),.UNSPECIFIED.,.F.,.F.,(4,2,4),(0.0,0.5,1.0),.UNSPECIFIED.);
#8066=LINE('',#10468,#10469);
#8067=CIRCLE('',#10470,0.685650397459827);
#8068=CIRCLE('',#10471,1.4);
#8069=VERTEX_POINT('',#10472);
#8070=LINE('',#10473,#10474);
#8071=VERTEX_POINT('',#10475);
#8072=LINE('',#10476,#10477);
#8073=LINE('',#10478,#10479);
#8074=VERTEX_POINT('',#10480);
#8075=LINE('',#10481,#10482);
#8076=VERTEX_POINT('',#10483);
#8077=LINE('',#10484,#10485);
#8078=LINE('',#10486,#10487);
#8079=VERTEX_POINT('',#10488);
#8080=VERTEX_POINT('',#10489);
#8081=LINE('',#10490,#10491);
#8082=LINE('',#10492,#10493);
#8083=LINE('',#10494,#10495);
#8084=LINE('',#10496,#10497);
#8085=LINE('',#10498,#10499);
#8086=VERTEX_POINT('',#10500);
#8087=VERTEX_POINT('',#10501);
#8088=LINE('',#10502,#10503);
#8089=VERTEX_POINT('',#10504);
#8090=LINE('',#10505,#10506);
#8091=VERTEX_POINT('',#10507);
#8092=LINE('',#10508,#10509);
#8093=VERTEX_POINT('',#10510);
#8094=LINE('',#10511,#10512);
#8095=VERTEX_POINT('',#10513);
#8096=LINE('',#10514,#10515);
#8097=VERTEX_POINT('',#10516);
#8098=LINE('',#10517,#10518);
#8099=VERTEX_POINT('',#10519);
#8100=LINE('',#10520,#10521);
#8101=LINE('',#10522,#10523);
#8102=LINE('',#10524,#10525);
#8103=LINE('',#10526,#10527);
#8104=VERTEX_POINT('',#10528);
#8105=LINE('',#10529,#10530);
#8106=VERTEX_POINT('',#10531);
#8107=LINE('',#10532,#10533);
#8108=VERTEX_POINT('',#10534);
#8109=LINE('',#10535,#10536);
#8110=VERTEX_POINT('',#10537);
#8111=LINE('',#10538,#10539);
#8112=VERTEX_POINT('',#10540);
#8113=LINE('',#10541,#10542);
#8114=VERTEX_POINT('',#10543);
#8115=LINE('',#10544,#10545);
#8116=LINE('',#10546,#10547);
#8117=VERTEX_POINT('',#10548);
#8118=LINE('',#10549,#10550);
#8119=LINE('',#10551,#10552);
#8120=VERTEX_POINT('',#10553);
#8121=LINE('',#10554,#10555);
#8122=LINE('',#10556,#10557);
#8123=VERTEX_POINT('',#10558);
#8124=LINE('',#10559,#10560);
#8125=LINE('',#10561,#10562);
#8126=VERTEX_POINT('',#10563);
#8127=LINE('',#10564,#10565);
#8128=LINE('',#10566,#10567);
#8129=VERTEX_POINT('',#10568);
#8130=LINE('',#10569,#10570);
#8131=LINE('',#10571,#10572);
#8132=VERTEX_POINT('',#10573);
#8133=LINE('',#10574,#10575);
#8134=LINE('',#10576,#10577);
#8135=LINE('',#10578,#10579);
#8136=LINE('',#10580,#10581);
#8137=VERTEX_POINT('',#10582);
#8138=LINE('',#10583,#10584);
#8139=LINE('',#10585,#10586);
#8140=VERTEX_POINT('',#10587);
#8141=LINE('',#10588,#10589);
#8142=LINE('',#10590,#10591);
#8143=VERTEX_POINT('',#10592);
#8144=CIRCLE('',#10593,1.1);
#8145=LINE('',#10594,#10595);
#8146=VERTEX_POINT('',#10596);
#8147=LINE('',#10597,#10598);
#8148=CIRCLE('',#10599,1.1);
#8149=LINE('',#10600,#10601);
#8150=VERTEX_POINT('',#10602);
#8151=LINE('',#10603,#10604);
#8152=VERTEX_POINT('',#10605);
#8153=CIRCLE('',#10606,1.1);
#8154=LINE('',#10607,#10608);
#8155=VERTEX_POINT('',#10609);
#8156=LINE('',#10610,#10611);
#8157=LINE('',#10612,#10613);
#8158=VERTEX_POINT('',#10614);
#8159=LINE('',#10615,#10616);
#8160=LINE('',#10617,#10618);
#8161=CIRCLE('',#10619,1.4);
#8162=VERTEX_POINT('',#10620);
#8163=LINE('',#10621,#10622);
#8164=VERTEX_POINT('',#10623);
#8165=CIRCLE('',#10624,1.1);
#8166=VERTEX_POINT('',#10625);
#8167=LINE('',#10626,#10627);
#8168=LINE('',#10628,#10629);
#8169=LINE('',#10630,#10631);
#8170=LINE('',#10632,#10633);
#8171=VERTEX_POINT('',#10634);
#8172=CIRCLE('',#10635,1.1);
#8173=LINE('',#10636,#10637);
#8174=VERTEX_POINT('',#10638);
#8175=LINE('',#10639,#10640);
#8176=VERTEX_POINT('',#10641);
#8177=LINE('',#10642,#10643);
#8178=LINE('',#10644,#10645);
#8179=VERTEX_POINT('',#10646);
#8180=LINE('',#10647,#10648);
#8181=VERTEX_POINT('',#10649);
#8182=LINE('',#10650,#10651);
#8183=LINE('',#10652,#10653);
#8184=CIRCLE('',#10654,1.1);
#8185=CIRCLE('',#10655,1.4);
#8186=LINE('',#10656,#10657);
#8187=VERTEX_POINT('',#10658);
#8188=VERTEX_POINT('',#10659);
#8189=LINE('',#10660,#10661);
#8190=VERTEX_POINT('',#10662);
#8191=LINE('',#10663,#10664);
#8192=VERTEX_POINT('',#10665);
#8193=B_SPLINE_CURVE_WITH_KNOTS('',3,(#10666,#10667,#10668,#10669,#10670,#10671),.UNSPECIFIED.,.F.,.F.,(4,2,4),(0.0,0.498960081633333,1.0),.UNSPECIFIED.);
#8194=VERTEX_POINT('',#10672);
#8195=LINE('',#10673,#10674);
#8196=VERTEX_POINT('',#10675);
#8197=CIRCLE('',#10676,0.559720184980251);
#8198=VERTEX_POINT('',#10677);
#8199=LINE('',#10678,#10679);
#8200=LINE('',#10680,#10681);
#8201=LINE('',#10682,#10683);
#8202=LINE('',#10684,#10685);
#8203=LINE('',#10686,#10687);
#8204=LINE('',#10688,#10689);
#8205=LINE('',#10690,#10691);
#8206=LINE('',#10692,#10693);
#8207=LINE('',#10694,#10695);
#8208=VERTEX_POINT('',#10696);
#8209=VERTEX_POINT('',#10697);
#8210=LINE('',#10698,#10699);
#8211=VERTEX_POINT('',#10700);
#8212=LINE('',#10701,#10702);
#8213=VERTEX_POINT('',#10703);
#8214=LINE('',#10704,#10705);
#8215=LINE('',#10706,#10707);
#8216=VERTEX_POINT('',#10708);
#8217=VERTEX_POINT('',#10709);
#8218=LINE('',#10710,#10711);
#8219=VERTEX_POINT('',#10712);
#8220=LINE('',#10713,#10714);
#8221=VERTEX_POINT('',#10715);
#8222=LINE('',#10716,#10717);
#8223=LINE('',#10718,#10719);
#8224=VERTEX_POINT('',#10720);
#8225=VERTEX_POINT('',#10721);
#8226=LINE('',#10722,#10723);
#8227=VERTEX_POINT('',#10724);
#8228=LINE('',#10725,#10726);
#8229=VERTEX_POINT('',#10727);
#8230=LINE('',#10728,#10729);
#8231=LINE('',#10730,#10731);
#8232=VERTEX_POINT('',#10732);
#8233=VERTEX_POINT('',#10733);
#8234=LINE('',#10734,#10735);
#8235=VERTEX_POINT('',#10736);
#8236=LINE('',#10737,#10738);
#8237=VERTEX_POINT('',#10739);
#8238=LINE('',#10740,#10741);
#8239=LINE('',#10742,#10743);
#8240=VERTEX_POINT('',#10744);
#8241=VERTEX_POINT('',#10745);
#8242=LINE('',#10746,#10747);
#8243=VERTEX_POINT('',#10748);
#8244=LINE('',#10749,#10750);
#8245=VERTEX_POINT('',#10751);
#8246=LINE('',#10752,#10753);
#8247=LINE('',#10754,#10755);
#8248=VERTEX_POINT('',#10756);
#8249=VERTEX_POINT('',#10757);
#8250=LINE('',#10758,#10759);
#8251=VERTEX_POINT('',#10760);
#8252=LINE('',#10761,#10762);
#8253=VERTEX_POINT('',#10763);
#8254=LINE('',#10764,#10765);
#8255=LINE('',#10766,#10767);
#8256=LINE('',#10768,#10769);
#8257=LINE('',#10770,#10771);
#8258=LINE('',#10772,#10773);
#8259=LINE('',#10774,#10775);
#8260=LINE('',#10776,#10777);
#8261=LINE('',#10778,#10779);
#8262=LINE('',#10780,#10781);
#8263=LINE('',#10782,#10783);
#8264=LINE('',#10784,#10785);
#8265=LINE('',#10786,#10787);
#8266=LINE('',#10788,#10789);
#8267=LINE('',#10790,#10791);
#8268=LINE('',#10792,#10793);
#8269=LINE('',#10794,#10795);
#8270=LINE('',#10796,#10797);
#8271=LINE('',#10798,#10799);
#8272=LINE('',#10800,#10801);
#8273=LINE('',#10802,#10803);
#8274=LINE('',#10804,#10805);
#8275=LINE('',#10806,#10807);
#8276=LINE('',#10808,#10809);
#8277=LINE('',#10810,#10811);
#8278=LINE('',#10812,#10813);
#8279=LINE('',#10814,#10815);
#8280=LINE('',#10816,#10817);
#8281=LINE('',#10818,#10819);
#8282=VERTEX_POINT('',#10820);
#8283=VERTEX_POINT('',#10821);
#8284=LINE('',#10822,#10823);
#8285=VERTEX_POINT('',#10824);
#8286=LINE('',#10825,#10826);
#8287=VERTEX_POINT('',#10827);
#8288=LINE('',#10828,#10829);
#8289=LINE('',#10830,#10831);
#8290=VERTEX_POINT('',#10832);
#8291=VERTEX_POINT('',#10833);
#8292=LINE('',#10834,#10835);
#8293=VERTEX_POINT('',#10836);
#8294=LINE('',#10837,#10838);
#8295=VERTEX_POINT('',#10839);
#8296=LINE('',#10840,#10841);
#8297=LINE('',#10842,#10843);
#8298=LINE('',#10844,#10845);
#8299=LINE('',#10846,#10847);
#8300=LINE('',#10848,#10849);
#8301=LINE('',#10850,#10851);
#8302=LINE('',#10852,#10853);
#8303=LINE('',#10854,#10855);
#8304=LINE('',#10856,#10857);
#8305=LINE('',#10858,#10859);
#8306=LINE('',#10860,#10861);
#8307=VERTEX_POINT('',#10862);
#8308=LINE('',#10863,#10864);
#8309=LINE('',#10865,#10866);
#8310=LINE('',#10867,#10868);
#8311=LINE('',#10869,#10870);
#8312=LINE('',#10871,#10872);
#8313=LINE('',#10873,#10874);
#8314=VERTEX_POINT('',#10875);
#8315=LINE('',#10876,#10877);
#8316=VERTEX_POINT('',#10878);
#8317=LINE('',#10879,#10880);
#8318=LINE('',#10881,#10882);
#8319=VERTEX_POINT('',#10883);
#8320=LINE('',#10884,#10885);
#8321=VERTEX_POINT('',#10886);
#8322=LINE('',#10887,#10888);
#8323=LINE('',#10889,#10890);
#8324=VERTEX_POINT('',#10891);
#8325=LINE('',#10892,#10893);
#8326=VERTEX_POINT('',#10894);
#8327=LINE('',#10895,#10896);
#8328=LINE('',#10897,#10898);
#8329=VERTEX_POINT('',#10899);
#8330=LINE('',#10900,#10901);
#8331=VERTEX_POINT('',#10902);
#8332=LINE('',#10903,#10904);
#8333=LINE('',#10905,#10906);
#8334=LINE('',#10907,#10908);
#8335=LINE('',#10909,#10910);
#8336=LINE('',#10911,#10912);
#8337=LINE('',#10913,#10914);
#8338=LINE('',#10915,#10916);
#8339=LINE('',#10917,#10918);
#8340=LINE('',#10919,#10920);
#8341=LINE('',#10921,#10922);
#8342=LINE('',#10923,#10924);
#8343=LINE('',#10925,#10926);
#8344=LINE('',#10927,#10928);
#8345=LINE('',#10929,#10930);
#8346=LINE('',#10931,#10932);
#8347=LINE('',#10933,#10934);
#8348=LINE('',#10935,#10936);
#8349=LINE('',#10937,#10938);
#8350=LINE('',#10939,#10940);
#8351=LINE('',#10941,#10942);
#8352=LINE('',#10943,#10944);
#8353=LINE('',#10945,#10946);
#8354=LINE('',#10947,#10948);
#8355=LINE('',#10949,#10950);
#8356=LINE('',#10951,#10952);
#8357=LINE('',#10953,#10954);
#8358=LINE('',#10955,#10956);
#8359=LINE('',#10957,#10958);
#8360=LINE('',#10959,#10960);
#8361=LINE('',#10961,#10962);
#8362=LINE('',#10963,#10964);
#8363=LINE('',#10965,#10966);
#8364=LINE('',#10967,#10968);
#8365=LINE('',#10969,#10970);
#8366=LINE('',#10971,#10972);
#8367=LINE('',#10973,#10974);
#8368=LINE('',#10975,#10976);
#8369=LINE('',#10977,#10978);
#8370=LINE('',#10979,#10980);
#8371=LINE('',#10981,#10982);
#8372=LINE('',#10983,#10984);
#8373=LINE('',#10985,#10986);
#8374=LINE('',#10987,#10988);
#8375=LINE('',#10989,#10990);
#8376=LINE('',#10991,#10992);
#8377=LINE('',#10993,#10994);
#8378=LINE('',#10995,#10996);
#8379=LINE('',#10997,#10998);
#8380=LINE('',#10999,#11000);
#8381=LINE('',#11001,#11002);
#8382=LINE('',#11003,#11004);
#8383=LINE('',#11005,#11006);
#8384=LINE('',#11007,#11008);
#8385=LINE('',#11009,#11010);
#8386=LINE('',#11011,#11012);
#8387=LINE('',#11013,#11014);
#8388=LINE('',#11015,#11016);
#8389=LINE('',#11017,#11018);
#8390=LINE('',#11019,#11020);
#8391=LINE('',#11021,#11022);
#8392=LINE('',#11023,#11024);
#8393=LINE('',#11025,#11026);
#8394=LINE('',#11027,#11028);
#8395=LINE('',#11029,#11030);
#8396=LINE('',#11031,#11032);
#8397=LINE('',#11033,#11034);
#8398=LINE('',#11035,#11036);
#8399=LINE('',#11037,#11038);
#8400=LINE('',#11039,#11040);
#8401=VERTEX_POINT('',#11041);
#8402=VERTEX_POINT('',#11042);
#8403=CIRCLE('',#11043,0.1524);
#8404=VERTEX_POINT('',#11044);
#8405=LINE('',#11045,#11046);
#8406=VERTEX_POINT('',#11047);
#8407=CIRCLE('',#11048,0.1524);
#8408=LINE('',#11049,#11050);
#8409=VERTEX_POINT('',#11051);
#8410=LINE('',#11052,#11053);
#8411=VERTEX_POINT('',#11054);
#8412=LINE('',#11055,#11056);
#8413=LINE('',#11057,#11058);
#8414=VERTEX_POINT('',#11059);
#8415=LINE('',#11060,#11061);
#8416=VERTEX_POINT('',#11062);
#8417=LINE('',#11063,#11064);
#8418=LINE('',#11065,#11066);
#8419=VERTEX_POINT('',#11067);
#8420=LINE('',#11068,#11069);
#8421=VERTEX_POINT('',#11070);
#8422=LINE('',#11071,#11072);
#8423=LINE('',#11073,#11074);
#8424=VERTEX_POINT('',#11075);
#8425=CIRCLE('',#11076,0.1524);
#8426=VERTEX_POINT('',#11077);
#8427=LINE('',#11078,#11079);
#8428=CIRCLE('',#11080,0.1524);
#8429=LINE('',#11081,#11082);
#8430=LINE('',#11083,#11084);
#8431=LINE('',#11085,#11086);
#8432=LINE('',#11087,#11088);
#8433=VERTEX_POINT('',#11089);
#8434=LINE('',#11090,#11091);
#8435=VERTEX_POINT('',#11092);
#8436=LINE('',#11093,#11094);
#8437=LINE('',#11095,#11096);
#8438=VERTEX_POINT('',#11097);
#8439=LINE('',#11098,#11099);
#8440=VERTEX_POINT('',#11100);
#8441=LINE('',#11101,#11102);
#8442=LINE('',#11103,#11104);
#8443=VERTEX_POINT('',#11105);
#8444=LINE('',#11106,#11107);
#8445=VERTEX_POINT('',#11108);
#8446=LINE('',#11109,#11110);
#8447=VERTEX_POINT('',#11111);
#8448=LINE('',#11112,#11113);
#8449=CIRCLE('',#11114,0.508);
#8450=VERTEX_POINT('',#11115);
#8451=CIRCLE('',#11116,0.508);
#8452=VERTEX_POINT('',#11117);
#8453=LINE('',#11118,#11119);
#8454=VERTEX_POINT('',#11120);
#8455=LINE('',#11121,#11122);
#8456=LINE('',#11123,#11124);
#8457=LINE('',#11125,#11126);
#8458=LINE('',#11127,#11128);
#8459=LINE('',#11129,#11130);
#8460=VERTEX_POINT('',#11131);
#8461=VERTEX_POINT('',#11132);
#8462=CIRCLE('',#11133,0.1524);
#8463=VERTEX_POINT('',#11134);
#8464=LINE('',#11135,#11136);
#8465=VERTEX_POINT('',#11137);
#8466=CIRCLE('',#11138,0.1524);
#8467=LINE('',#11139,#11140);
#8468=VERTEX_POINT('',#11141);
#8469=VERTEX_POINT('',#11142);
#8470=LINE('',#11143,#11144);
#8471=LINE('',#11145,#11146);
#8472=LINE('',#11147,#11148);
#8473=VERTEX_POINT('',#11149);
#8474=VERTEX_POINT('',#11150);
#8475=LINE('',#11151,#11152);
#8476=LINE('',#11153,#11154);
#8477=LINE('',#11155,#11156);
#8478=VERTEX_POINT('',#11157);
#8479=LINE('',#11158,#11159);
#8480=VERTEX_POINT('',#11160);
#8481=LINE('',#11161,#11162);
#8482=LINE('',#11163,#11164);
#8483=VERTEX_POINT('',#11165);
#8484=CIRCLE('',#11166,0.1524);
#8485=VERTEX_POINT('',#11167);
#8486=CIRCLE('',#11168,0.1524);
#8487=LINE('',#11169,#11170);
#8488=LINE('',#11171,#11172);
#8489=LINE('',#11173,#11174);
#8490=LINE('',#11175,#11176);
#8491=LINE('',#11177,#11178);
#8492=VERTEX_POINT('',#11179);
#8493=LINE('',#11180,#11181);
#8494=VERTEX_POINT('',#11182);
#8495=LINE('',#11183,#11184);
#8496=LINE('',#11185,#11186);
#8497=VERTEX_POINT('',#11187);
#8498=LINE('',#11188,#11189);
#8499=VERTEX_POINT('',#11190);
#8500=LINE('',#11191,#11192);
#8501=LINE('',#11193,#11194);
#8502=LINE('',#11195,#11196);
#8503=LINE('',#11197,#11198);
#8504=VERTEX_POINT('',#11199);
#8505=VERTEX_POINT('',#11200);
#8506=LINE('',#11201,#11202);
#8507=VERTEX_POINT('',#11203);
#8508=LINE('',#11204,#11205);
#8509=VERTEX_POINT('',#11206);
#8510=LINE('',#11207,#11208);
#8511=LINE('',#11209,#11210);
#8512=VERTEX_POINT('',#11211);
#8513=VERTEX_POINT('',#11212);
#8514=LINE('',#11213,#11214);
#8515=LINE('',#11215,#11216);
#8516=LINE('',#11217,#11218);
#8517=VERTEX_POINT('',#11219);
#8518=LINE('',#11220,#11221);
#8519=VERTEX_POINT('',#11222);
#8520=LINE('',#11223,#11224);
#8521=LINE('',#11225,#11226);
#8522=VERTEX_POINT('',#11227);
#8523=LINE('',#11228,#11229);
#8524=VERTEX_POINT('',#11230);
#8525=LINE('',#11231,#11232);
#8526=LINE('',#11233,#11234);
#8527=LINE('',#11235,#11236);
#8528=LINE('',#11237,#11238);
#8529=LINE('',#11239,#11240);
#8530=LINE('',#11241,#11242);
#8531=VERTEX_POINT('',#11243);
#8532=LINE('',#11244,#11245);
#8533=VERTEX_POINT('',#11246);
#8534=LINE('',#11247,#11248);
#8535=LINE('',#11249,#11250);
#8536=VERTEX_POINT('',#11251);
#8537=LINE('',#11252,#11253);
#8538=VERTEX_POINT('',#11254);
#8539=LINE('',#11255,#11256);
#8540=LINE('',#11257,#11258);
#8541=VERTEX_POINT('',#11259);
#8542=LINE('',#11260,#11261);
#8543=VERTEX_POINT('',#11262);
#8544=CIRCLE('',#11263,0.0999999999999995);
#8545=LINE('',#11264,#11265);
#8546=VERTEX_POINT('',#11266);
#8547=LINE('',#11267,#11268);
#8548=VERTEX_POINT('',#11269);
#8549=CIRCLE('',#11270,0.0999999999999995);
#8550=LINE('',#11271,#11272);
#8551=LINE('',#11273,#11274);
#8552=LINE('',#11275,#11276);
#8553=VERTEX_POINT('',#11277);
#8554=VERTEX_POINT('',#11278);
#8555=CIRCLE('',#11279,0.1524);
#8556=VERTEX_POINT('',#11280);
#8557=LINE('',#11281,#11282);
#8558=VERTEX_POINT('',#11283);
#8559=CIRCLE('',#11284,0.1524);
#8560=LINE('',#11285,#11286);
#8561=VERTEX_POINT('',#11287);
#8562=LINE('',#11288,#11289);
#8563=VERTEX_POINT('',#11290);
#8564=LINE('',#11291,#11292);
#8565=LINE('',#11293,#11294);
#8566=VERTEX_POINT('',#11295);
#8567=LINE('',#11296,#11297);
#8568=VERTEX_POINT('',#11298);
#8569=LINE('',#11299,#11300);
#8570=LINE('',#11301,#11302);
#8571=VERTEX_POINT('',#11303);
#8572=LINE('',#11304,#11305);
#8573=VERTEX_POINT('',#11306);
#8574=LINE('',#11307,#11308);
#8575=LINE('',#11309,#11310);
#8576=VERTEX_POINT('',#11311);
#8577=CIRCLE('',#11312,0.1524);
#8578=VERTEX_POINT('',#11313);
#8579=LINE('',#11314,#11315);
#8580=CIRCLE('',#11316,0.1524);
#8581=LINE('',#11317,#11318);
#8582=LINE('',#11319,#11320);
#8583=LINE('',#11321,#11322);
#8584=LINE('',#11323,#11324);
#8585=VERTEX_POINT('',#11325);
#8586=LINE('',#11326,#11327);
#8587=VERTEX_POINT('',#11328);
#8588=LINE('',#11329,#11330);
#8589=LINE('',#11331,#11332);
#8590=VERTEX_POINT('',#11333);
#8591=LINE('',#11334,#11335);
#8592=VERTEX_POINT('',#11336);
#8593=LINE('',#11337,#11338);
#8594=LINE('',#11339,#11340);
#8595=VERTEX_POINT('',#11341);
#8596=LINE('',#11342,#11343);
#8597=VERTEX_POINT('',#11344);
#8598=LINE('',#11345,#11346);
#8599=VERTEX_POINT('',#11347);
#8600=LINE('',#11348,#11349);
#8601=CIRCLE('',#11350,0.508);
#8602=VERTEX_POINT('',#11351);
#8603=CIRCLE('',#11352,0.508);
#8604=VERTEX_POINT('',#11353);
#8605=LINE('',#11354,#11355);
#8606=VERTEX_POINT('',#11356);
#8607=LINE('',#11357,#11358);
#8608=LINE('',#11359,#11360);
#8609=LINE('',#11361,#11362);
#8610=LINE('',#11363,#11364);
#8611=LINE('',#11365,#11366);
#8612=VERTEX_POINT('',#11367);
#8613=VERTEX_POINT('',#11368);
#8614=CIRCLE('',#11369,0.1524);
#8615=VERTEX_POINT('',#11370);
#8616=LINE('',#11371,#11372);
#8617=VERTEX_POINT('',#11373);
#8618=CIRCLE('',#11374,0.1524);
#8619=LINE('',#11375,#11376);
#8620=VERTEX_POINT('',#11377);
#8621=VERTEX_POINT('',#11378);
#8622=LINE('',#11379,#11380);
#8623=LINE('',#11381,#11382);
#8624=LINE('',#11383,#11384);
#8625=VERTEX_POINT('',#11385);
#8626=VERTEX_POINT('',#11386);
#8627=LINE('',#11387,#11388);
#8628=LINE('',#11389,#11390);
#8629=LINE('',#11391,#11392);
#8630=VERTEX_POINT('',#11393);
#8631=LINE('',#11394,#11395);
#8632=VERTEX_POINT('',#11396);
#8633=LINE('',#11397,#11398);
#8634=LINE('',#11399,#11400);
#8635=VERTEX_POINT('',#11401);
#8636=CIRCLE('',#11402,0.1524);
#8637=VERTEX_POINT('',#11403);
#8638=CIRCLE('',#11404,0.1524);
#8639=LINE('',#11405,#11406);
#8640=LINE('',#11407,#11408);
#8641=LINE('',#11409,#11410);
#8642=LINE('',#11411,#11412);
#8643=LINE('',#11413,#11414);
#8644=VERTEX_POINT('',#11415);
#8645=LINE('',#11416,#11417);
#8646=VERTEX_POINT('',#11418);
#8647=LINE('',#11419,#11420);
#8648=LINE('',#11421,#11422);
#8649=VERTEX_POINT('',#11423);
#8650=LINE('',#11424,#11425);
#8651=VERTEX_POINT('',#11426);
#8652=LINE('',#11427,#11428);
#8653=LINE('',#11429,#11430);
#8654=LINE('',#11431,#11432);
#8655=LINE('',#11433,#11434);
#8656=VERTEX_POINT('',#11435);
#8657=VERTEX_POINT('',#11436);
#8658=CIRCLE('',#11437,0.1524);
#8659=VERTEX_POINT('',#11438);
#8660=LINE('',#11439,#11440);
#8661=VERTEX_POINT('',#11441);
#8662=CIRCLE('',#11442,0.1524);
#8663=LINE('',#11443,#11444);
#8664=VERTEX_POINT('',#11445);
#8665=LINE('',#11446,#11447);
#8666=VERTEX_POINT('',#11448);
#8667=LINE('',#11449,#11450);
#8668=LINE('',#11451,#11452);
#8669=VERTEX_POINT('',#11453);
#8670=LINE('',#11454,#11455);
#8671=VERTEX_POINT('',#11456);
#8672=LINE('',#11457,#11458);
#8673=LINE('',#11459,#11460);
#8674=VERTEX_POINT('',#11461);
#8675=LINE('',#11462,#11463);
#8676=VERTEX_POINT('',#11464);
#8677=LINE('',#11465,#11466);
#8678=LINE('',#11467,#11468);
#8679=VERTEX_POINT('',#11469);
#8680=CIRCLE('',#11470,0.1524);
#8681=VERTEX_POINT('',#11471);
#8682=LINE('',#11472,#11473);
#8683=CIRCLE('',#11474,0.1524);
#8684=LINE('',#11475,#11476);
#8685=LINE('',#11477,#11478);
#8686=LINE('',#11479,#11480);
#8687=LINE('',#11481,#11482);
#8688=VERTEX_POINT('',#11483);
#8689=LINE('',#11484,#11485);
#8690=VERTEX_POINT('',#11486);
#8691=LINE('',#11487,#11488);
#8692=LINE('',#11489,#11490);
#8693=VERTEX_POINT('',#11491);
#8694=LINE('',#11492,#11493);
#8695=VERTEX_POINT('',#11494);
#8696=LINE('',#11495,#11496);
#8697=LINE('',#11497,#11498);
#8698=VERTEX_POINT('',#11499);
#8699=LINE('',#11500,#11501);
#8700=VERTEX_POINT('',#11502);
#8701=LINE('',#11503,#11504);
#8702=VERTEX_POINT('',#11505);
#8703=LINE('',#11506,#11507);
#8704=CIRCLE('',#11508,0.508);
#8705=VERTEX_POINT('',#11509);
#8706=CIRCLE('',#11510,0.508);
#8707=VERTEX_POINT('',#11511);
#8708=LINE('',#11512,#11513);
#8709=VERTEX_POINT('',#11514);
#8710=LINE('',#11515,#11516);
#8711=LINE('',#11517,#11518);
#8712=LINE('',#11519,#11520);
#8713=LINE('',#11521,#11522);
#8714=LINE('',#11523,#11524);
#8715=VERTEX_POINT('',#11525);
#8716=VERTEX_POINT('',#11526);
#8717=CIRCLE('',#11527,0.1524);
#8718=VERTEX_POINT('',#11528);
#8719=LINE('',#11529,#11530);
#8720=VERTEX_POINT('',#11531);
#8721=CIRCLE('',#11532,0.1524);
#8722=LINE('',#11533,#11534);
#8723=VERTEX_POINT('',#11535);
#8724=VERTEX_POINT('',#11536);
#8725=LINE('',#11537,#11538);
#8726=LINE('',#11539,#11540);
#8727=LINE('',#11541,#11542);
#8728=VERTEX_POINT('',#11543);
#8729=VERTEX_POINT('',#11544);
#8730=LINE('',#11545,#11546);
#8731=LINE('',#11547,#11548);
#8732=LINE('',#11549,#11550);
#8733=VERTEX_POINT('',#11551);
#8734=LINE('',#11552,#11553);
#8735=VERTEX_POINT('',#11554);
#8736=LINE('',#11555,#11556);
#8737=LINE('',#11557,#11558);
#8738=VERTEX_POINT('',#11559);
#8739=CIRCLE('',#11560,0.1524);
#8740=VERTEX_POINT('',#11561);
#8741=CIRCLE('',#11562,0.1524);
#8742=LINE('',#11563,#11564);
#8743=LINE('',#11565,#11566);
#8744=LINE('',#11567,#11568);
#8745=LINE('',#11569,#11570);
#8746=LINE('',#11571,#11572);
#8747=VERTEX_POINT('',#11573);
#8748=LINE('',#11574,#11575);
#8749=VERTEX_POINT('',#11576);
#8750=LINE('',#11577,#11578);
#8751=LINE('',#11579,#11580);
#8752=VERTEX_POINT('',#11581);
#8753=LINE('',#11582,#11583);
#8754=VERTEX_POINT('',#11584);
#8755=LINE('',#11585,#11586);
#8756=LINE('',#11587,#11588);
#8757=LINE('',#11589,#11590);
#8758=LINE('',#11591,#11592);
#8759=VERTEX_POINT('',#11593);
#8760=VERTEX_POINT('',#11594);
#8761=CIRCLE('',#11595,0.1524);
#8762=VERTEX_POINT('',#11596);
#8763=LINE('',#11597,#11598);
#8764=VERTEX_POINT('',#11599);
#8765=CIRCLE('',#11600,0.1524);
#8766=LINE('',#11601,#11602);
#8767=VERTEX_POINT('',#11603);
#8768=LINE('',#11604,#11605);
#8769=VERTEX_POINT('',#11606);
#8770=LINE('',#11607,#11608);
#8771=LINE('',#11609,#11610);
#8772=VERTEX_POINT('',#11611);
#8773=LINE('',#11612,#11613);
#8774=VERTEX_POINT('',#11614);
#8775=LINE('',#11615,#11616);
#8776=LINE('',#11617,#11618);
#8777=VERTEX_POINT('',#11619);
#8778=LINE('',#11620,#11621);
#8779=VERTEX_POINT('',#11622);
#8780=LINE('',#11623,#11624);
#8781=LINE('',#11625,#11626);
#8782=VERTEX_POINT('',#11627);
#8783=CIRCLE('',#11628,0.1524);
#8784=VERTEX_POINT('',#11629);
#8785=LINE('',#11630,#11631);
#8786=CIRCLE('',#11632,0.1524);
#8787=LINE('',#11633,#11634);
#8788=LINE('',#11635,#11636);
#8789=LINE('',#11637,#11638);
#8790=LINE('',#11639,#11640);
#8791=VERTEX_POINT('',#11641);
#8792=LINE('',#11642,#11643);
#8793=VERTEX_POINT('',#11644);
#8794=LINE('',#11645,#11646);
#8795=LINE('',#11647,#11648);
#8796=VERTEX_POINT('',#11649);
#8797=LINE('',#11650,#11651);
#8798=VERTEX_POINT('',#11652);
#8799=LINE('',#11653,#11654);
#8800=LINE('',#11655,#11656);
#8801=VERTEX_POINT('',#11657);
#8802=LINE('',#11658,#11659);
#8803=VERTEX_POINT('',#11660);
#8804=LINE('',#11661,#11662);
#8805=VERTEX_POINT('',#11663);
#8806=LINE('',#11664,#11665);
#8807=CIRCLE('',#11666,0.508);
#8808=VERTEX_POINT('',#11667);
#8809=CIRCLE('',#11668,0.508);
#8810=VERTEX_POINT('',#11669);
#8811=LINE('',#11670,#11671);
#8812=VERTEX_POINT('',#11672);
#8813=LINE('',#11673,#11674);
#8814=LINE('',#11675,#11676);
#8815=LINE('',#11677,#11678);
#8816=LINE('',#11679,#11680);
#8817=LINE('',#11681,#11682);
#8818=VERTEX_POINT('',#11683);
#8819=VERTEX_POINT('',#11684);
#8820=CIRCLE('',#11685,0.1524);
#8821=VERTEX_POINT('',#11686);
#8822=LINE('',#11687,#11688);
#8823=VERTEX_POINT('',#11689);
#8824=CIRCLE('',#11690,0.1524);
#8825=LINE('',#11691,#11692);
#8826=VERTEX_POINT('',#11693);
#8827=VERTEX_POINT('',#11694);
#8828=LINE('',#11695,#11696);
#8829=LINE('',#11697,#11698);
#8830=LINE('',#11699,#11700);
#8831=VERTEX_POINT('',#11701);
#8832=VERTEX_POINT('',#11702);
#8833=LINE('',#11703,#11704);
#8834=LINE('',#11705,#11706);
#8835=LINE('',#11707,#11708);
#8836=VERTEX_POINT('',#11709);
#8837=LINE('',#11710,#11711);
#8838=VERTEX_POINT('',#11712);
#8839=LINE('',#11713,#11714);
#8840=LINE('',#11715,#11716);
#8841=VERTEX_POINT('',#11717);
#8842=CIRCLE('',#11718,0.1524);
#8843=VERTEX_POINT('',#11719);
#8844=CIRCLE('',#11720,0.1524);
#8845=LINE('',#11721,#11722);
#8846=LINE('',#11723,#11724);
#8847=LINE('',#11725,#11726);
#8848=LINE('',#11727,#11728);
#8849=LINE('',#11729,#11730);
#8850=VERTEX_POINT('',#11731);
#8851=LINE('',#11732,#11733);
#8852=VERTEX_POINT('',#11734);
#8853=LINE('',#11735,#11736);
#8854=LINE('',#11737,#11738);
#8855=VERTEX_POINT('',#11739);
#8856=LINE('',#11740,#11741);
#8857=VERTEX_POINT('',#11742);
#8858=LINE('',#11743,#11744);
#8859=LINE('',#11745,#11746);
#8860=LINE('',#11747,#11748);
#8861=LINE('',#11749,#11750);
#8862=VERTEX_POINT('',#11751);
#8863=VERTEX_POINT('',#11752);
#8864=CIRCLE('',#11753,0.1524);
#8865=VERTEX_POINT('',#11754);
#8866=LINE('',#11755,#11756);
#8867=VERTEX_POINT('',#11757);
#8868=CIRCLE('',#11758,0.1524);
#8869=LINE('',#11759,#11760);
#8870=VERTEX_POINT('',#11761);
#8871=LINE('',#11762,#11763);
#8872=VERTEX_POINT('',#11764);
#8873=LINE('',#11765,#11766);
#8874=LINE('',#11767,#11768);
#8875=VERTEX_POINT('',#11769);
#8876=LINE('',#11770,#11771);
#8877=VERTEX_POINT('',#11772);
#8878=LINE('',#11773,#11774);
#8879=LINE('',#11775,#11776);
#8880=VERTEX_POINT('',#11777);
#8881=LINE('',#11778,#11779);
#8882=VERTEX_POINT('',#11780);
#8883=LINE('',#11781,#11782);
#8884=LINE('',#11783,#11784);
#8885=VERTEX_POINT('',#11785);
#8886=CIRCLE('',#11786,0.1524);
#8887=VERTEX_POINT('',#11787);
#8888=LINE('',#11788,#11789);
#8889=CIRCLE('',#11790,0.1524);
#8890=LINE('',#11791,#11792);
#8891=LINE('',#11793,#11794);
#8892=LINE('',#11795,#11796);
#8893=LINE('',#11797,#11798);
#8894=VERTEX_POINT('',#11799);
#8895=LINE('',#11800,#11801);
#8896=VERTEX_POINT('',#11802);
#8897=LINE('',#11803,#11804);
#8898=LINE('',#11805,#11806);
#8899=VERTEX_POINT('',#11807);
#8900=LINE('',#11808,#11809);
#8901=VERTEX_POINT('',#11810);
#8902=LINE('',#11811,#11812);
#8903=LINE('',#11813,#11814);
#8904=VERTEX_POINT('',#11815);
#8905=LINE('',#11816,#11817);
#8906=VERTEX_POINT('',#11818);
#8907=LINE('',#11819,#11820);
#8908=VERTEX_POINT('',#11821);
#8909=LINE('',#11822,#11823);
#8910=CIRCLE('',#11824,0.508);
#8911=VERTEX_POINT('',#11825);
#8912=CIRCLE('',#11826,0.508);
#8913=VERTEX_POINT('',#11827);
#8914=LINE('',#11828,#11829);
#8915=VERTEX_POINT('',#11830);
#8916=LINE('',#11831,#11832);
#8917=LINE('',#11833,#11834);
#8918=LINE('',#11835,#11836);
#8919=LINE('',#11837,#11838);
#8920=LINE('',#11839,#11840);
#8921=VERTEX_POINT('',#11841);
#8922=VERTEX_POINT('',#11842);
#8923=CIRCLE('',#11843,0.1524);
#8924=VERTEX_POINT('',#11844);
#8925=LINE('',#11845,#11846);
#8926=VERTEX_POINT('',#11847);
#8927=CIRCLE('',#11848,0.1524);
#8928=LINE('',#11849,#11850);
#8929=VERTEX_POINT('',#11851);
#8930=VERTEX_POINT('',#11852);
#8931=LINE('',#11853,#11854);
#8932=LINE('',#11855,#11856);
#8933=LINE('',#11857,#11858);
#8934=VERTEX_POINT('',#11859);
#8935=VERTEX_POINT('',#11860);
#8936=LINE('',#11861,#11862);
#8937=LINE('',#11863,#11864);
#8938=LINE('',#11865,#11866);
#8939=VERTEX_POINT('',#11867);
#8940=LINE('',#11868,#11869);
#8941=VERTEX_POINT('',#11870);
#8942=LINE('',#11871,#11872);
#8943=LINE('',#11873,#11874);
#8944=VERTEX_POINT('',#11875);
#8945=CIRCLE('',#11876,0.1524);
#8946=VERTEX_POINT('',#11877);
#8947=CIRCLE('',#11878,0.1524);
#8948=LINE('',#11879,#11880);
#8949=LINE('',#11881,#11882);
#8950=LINE('',#11883,#11884);
#8951=LINE('',#11885,#11886);
#8952=LINE('',#11887,#11888);
#8953=VERTEX_POINT('',#11889);
#8954=LINE('',#11890,#11891);
#8955=VERTEX_POINT('',#11892);
#8956=LINE('',#11893,#11894);
#8957=LINE('',#11895,#11896);
#8958=VERTEX_POINT('',#11897);
#8959=LINE('',#11898,#11899);
#8960=VERTEX_POINT('',#11900);
#8961=LINE('',#11901,#11902);
#8962=LINE('',#11903,#11904);
#8963=LINE('',#11905,#11906);
#8964=LINE('',#11907,#11908);
#8965=VERTEX_POINT('',#11909);
#8966=VERTEX_POINT('',#11910);
#8967=CIRCLE('',#11911,0.1524);
#8968=VERTEX_POINT('',#11912);
#8969=LINE('',#11913,#11914);
#8970=VERTEX_POINT('',#11915);
#8971=CIRCLE('',#11916,0.1524);
#8972=LINE('',#11917,#11918);
#8973=VERTEX_POINT('',#11919);
#8974=LINE('',#11920,#11921);
#8975=VERTEX_POINT('',#11922);
#8976=LINE('',#11923,#11924);
#8977=LINE('',#11925,#11926);
#8978=VERTEX_POINT('',#11927);
#8979=LINE('',#11928,#11929);
#8980=VERTEX_POINT('',#11930);
#8981=LINE('',#11931,#11932);
#8982=LINE('',#11933,#11934);
#8983=VERTEX_POINT('',#11935);
#8984=LINE('',#11936,#11937);
#8985=VERTEX_POINT('',#11938);
#8986=LINE('',#11939,#11940);
#8987=LINE('',#11941,#11942);
#8988=VERTEX_POINT('',#11943);
#8989=CIRCLE('',#11944,0.1524);
#8990=VERTEX_POINT('',#11945);
#8991=LINE('',#11946,#11947);
#8992=CIRCLE('',#11948,0.1524);
#8993=LINE('',#11949,#11950);
#8994=LINE('',#11951,#11952);
#8995=LINE('',#11953,#11954);
#8996=LINE('',#11955,#11956);
#8997=VERTEX_POINT('',#11957);
#8998=LINE('',#11958,#11959);
#8999=VERTEX_POINT('',#11960);
#9000=LINE('',#11961,#11962);
#9001=LINE('',#11963,#11964);
#9002=VERTEX_POINT('',#11965);
#9003=LINE('',#11966,#11967);
#9004=VERTEX_POINT('',#11968);
#9005=LINE('',#11969,#11970);
#9006=LINE('',#11971,#11972);
#9007=VERTEX_POINT('',#11973);
#9008=LINE('',#11974,#11975);
#9009=VERTEX_POINT('',#11976);
#9010=LINE('',#11977,#11978);
#9011=VERTEX_POINT('',#11979);
#9012=LINE('',#11980,#11981);
#9013=CIRCLE('',#11982,0.508);
#9014=VERTEX_POINT('',#11983);
#9015=CIRCLE('',#11984,0.508);
#9016=VERTEX_POINT('',#11985);
#9017=LINE('',#11986,#11987);
#9018=VERTEX_POINT('',#11988);
#9019=LINE('',#11989,#11990);
#9020=LINE('',#11991,#11992);
#9021=LINE('',#11993,#11994);
#9022=LINE('',#11995,#11996);
#9023=LINE('',#11997,#11998);
#9024=VERTEX_POINT('',#11999);
#9025=VERTEX_POINT('',#12000);
#9026=CIRCLE('',#12001,0.1524);
#9027=VERTEX_POINT('',#12002);
#9028=LINE('',#12003,#12004);
#9029=VERTEX_POINT('',#12005);
#9030=CIRCLE('',#12006,0.1524);
#9031=LINE('',#12007,#12008);
#9032=VERTEX_POINT('',#12009);
#9033=VERTEX_POINT('',#12010);
#9034=LINE('',#12011,#12012);
#9035=LINE('',#12013,#12014);
#9036=LINE('',#12015,#12016);
#9037=VERTEX_POINT('',#12017);
#9038=VERTEX_POINT('',#12018);
#9039=LINE('',#12019,#12020);
#9040=LINE('',#12021,#12022);
#9041=LINE('',#12023,#12024);
#9042=VERTEX_POINT('',#12025);
#9043=LINE('',#12026,#12027);
#9044=VERTEX_POINT('',#12028);
#9045=LINE('',#12029,#12030);
#9046=LINE('',#12031,#12032);
#9047=VERTEX_POINT('',#12033);
#9048=CIRCLE('',#12034,0.1524);
#9049=VERTEX_POINT('',#12035);
#9050=CIRCLE('',#12036,0.1524);
#9051=LINE('',#12037,#12038);
#9052=LINE('',#12039,#12040);
#9053=LINE('',#12041,#12042);
#9054=LINE('',#12043,#12044);
#9055=LINE('',#12045,#12046);
#9056=VERTEX_POINT('',#12047);
#9057=LINE('',#12048,#12049);
#9058=VERTEX_POINT('',#12050);
#9059=LINE('',#12051,#12052);
#9060=LINE('',#12053,#12054);
#9061=VERTEX_POINT('',#12055);
#9062=LINE('',#12056,#12057);
#9063=VERTEX_POINT('',#12058);
#9064=LINE('',#12059,#12060);
#9065=LINE('',#12061,#12062);
#9066=LINE('',#12063,#12064);
#9067=LINE('',#12065,#12066);
#9068=VERTEX_POINT('',#12067);
#9069=VERTEX_POINT('',#12068);
#9070=LINE('',#12069,#12070);
#9071=VERTEX_POINT('',#12071);
#9072=LINE('',#12072,#12073);
#9073=VERTEX_POINT('',#12074);
#9074=LINE('',#12075,#12076);
#9075=LINE('',#12077,#12078);
#9076=VERTEX_POINT('',#12079);
#9077=VERTEX_POINT('',#12080);
#9078=LINE('',#12081,#12082);
#9079=LINE('',#12083,#12084);
#9080=LINE('',#12085,#12086);
#9081=VERTEX_POINT('',#12087);
#9082=LINE('',#12088,#12089);
#9083=VERTEX_POINT('',#12090);
#9084=LINE('',#12091,#12092);
#9085=LINE('',#12093,#12094);
#9086=VERTEX_POINT('',#12095);
#9087=LINE('',#12096,#12097);
#9088=VERTEX_POINT('',#12098);
#9089=LINE('',#12099,#12100);
#9090=LINE('',#12101,#12102);
#9091=LINE('',#12103,#12104);
#9092=LINE('',#12105,#12106);
#9093=LINE('',#12107,#12108);
#9094=LINE('',#12109,#12110);
#9095=VERTEX_POINT('',#12111);
#9096=LINE('',#12112,#12113);
#9097=VERTEX_POINT('',#12114);
#9098=LINE('',#12115,#12116);
#9099=LINE('',#12117,#12118);
#9100=VERTEX_POINT('',#12119);
#9101=LINE('',#12120,#12121);
#9102=VERTEX_POINT('',#12122);
#9103=LINE('',#12123,#12124);
#9104=LINE('',#12125,#12126);
#9105=VERTEX_POINT('',#12127);
#9106=LINE('',#12128,#12129);
#9107=VERTEX_POINT('',#12130);
#9108=CIRCLE('',#12131,0.0999999999999995);
#9109=LINE('',#12132,#12133);
#9110=VERTEX_POINT('',#12134);
#9111=LINE('',#12135,#12136);
#9112=VERTEX_POINT('',#12137);
#9113=CIRCLE('',#12138,0.0999999999999995);
#9114=LINE('',#12139,#12140);
#9115=LINE('',#12141,#12142);
#9116=LINE('',#12143,#12144);
#9117=VERTEX_POINT('',#12145);
#9118=VERTEX_POINT('',#12146);
#9119=LINE('',#12147,#12148);
#9120=VERTEX_POINT('',#12149);
#9121=LINE('',#12150,#12151);
#9122=VERTEX_POINT('',#12152);
#9123=LINE('',#12153,#12154);
#9124=LINE('',#12155,#12156);
#9125=VERTEX_POINT('',#12157);
#9126=VERTEX_POINT('',#12158);
#9127=LINE('',#12159,#12160);
#9128=LINE('',#12161,#12162);
#9129=LINE('',#12163,#12164);
#9130=VERTEX_POINT('',#12165);
#9131=LINE('',#12166,#12167);
#9132=VERTEX_POINT('',#12168);
#9133=LINE('',#12169,#12170);
#9134=LINE('',#12171,#12172);
#9135=VERTEX_POINT('',#12173);
#9136=LINE('',#12174,#12175);
#9137=VERTEX_POINT('',#12176);
#9138=LINE('',#12177,#12178);
#9139=LINE('',#12179,#12180);
#9140=LINE('',#12181,#12182);
#9141=LINE('',#12183,#12184);
#9142=LINE('',#12185,#12186);
#9143=LINE('',#12187,#12188);
#9144=VERTEX_POINT('',#12189);
#9145=LINE('',#12190,#12191);
#9146=VERTEX_POINT('',#12192);
#9147=LINE('',#12193,#12194);
#9148=LINE('',#12195,#12196);
#9149=VERTEX_POINT('',#12197);
#9150=LINE('',#12198,#12199);
#9151=VERTEX_POINT('',#12200);
#9152=LINE('',#12201,#12202);
#9153=LINE('',#12203,#12204);
#9154=VERTEX_POINT('',#12205);
#9155=LINE('',#12206,#12207);
#9156=VERTEX_POINT('',#12208);
#9157=CIRCLE('',#12209,0.0999999999999995);
#9158=LINE('',#12210,#12211);
#9159=VERTEX_POINT('',#12212);
#9160=LINE('',#12213,#12214);
#9161=VERTEX_POINT('',#12215);
#9162=CIRCLE('',#12216,0.0999999999999995);
#9163=LINE('',#12217,#12218);
#9164=LINE('',#12219,#12220);
#9165=LINE('',#12221,#12222);
#9166=VERTEX_POINT('',#12223);
#9167=VERTEX_POINT('',#12224);
#9168=LINE('',#12225,#12226);
#9169=VERTEX_POINT('',#12227);
#9170=LINE('',#12228,#12229);
#9171=VERTEX_POINT('',#12230);
#9172=LINE('',#12231,#12232);
#9173=LINE('',#12233,#12234);
#9174=VERTEX_POINT('',#12235);
#9175=VERTEX_POINT('',#12236);
#9176=LINE('',#12237,#12238);
#9177=LINE('',#12239,#12240);
#9178=LINE('',#12241,#12242);
#9179=VERTEX_POINT('',#12243);
#9180=LINE('',#12244,#12245);
#9181=VERTEX_POINT('',#12246);
#9182=LINE('',#12247,#12248);
#9183=LINE('',#12249,#12250);
#9184=VERTEX_POINT('',#12251);
#9185=LINE('',#12252,#12253);
#9186=VERTEX_POINT('',#12254);
#9187=LINE('',#12255,#12256);
#9188=LINE('',#12257,#12258);
#9189=LINE('',#12259,#12260);
#9190=LINE('',#12261,#12262);
#9191=LINE('',#12263,#12264);
#9192=LINE('',#12265,#12266);
#9193=VERTEX_POINT('',#12267);
#9194=LINE('',#12268,#12269);
#9195=VERTEX_POINT('',#12270);
#9196=LINE('',#12271,#12272);
#9197=LINE('',#12273,#12274);
#9198=VERTEX_POINT('',#12275);
#9199=LINE('',#12276,#12277);
#9200=VERTEX_POINT('',#12278);
#9201=LINE('',#12279,#12280);
#9202=LINE('',#12281,#12282);
#9203=VERTEX_POINT('',#12283);
#9204=LINE('',#12284,#12285);
#9205=VERTEX_POINT('',#12286);
#9206=CIRCLE('',#12287,0.0999999999999995);
#9207=LINE('',#12288,#12289);
#9208=VERTEX_POINT('',#12290);
#9209=LINE('',#12291,#12292);
#9210=VERTEX_POINT('',#12293);
#9211=CIRCLE('',#12294,0.0999999999999995);
#9212=LINE('',#12295,#12296);
#9213=LINE('',#12297,#12298);
#9214=LINE('',#12299,#12300);
#9215=CARTESIAN_POINT('',(-2.85,7.3,1.86));
#9216=CARTESIAN_POINT('',(-1.15,7.3,1.86));
#9217=CARTESIAN_POINT('',(-0.95,7.3,1.86));
#9218=VECTOR('',#12301,1.0);
#9219=CARTESIAN_POINT('',(-2.85,7.3,2.27999999999997));
#9220=CARTESIAN_POINT('',(-2.85,7.3,8.96));
#9221=VECTOR('',#12302,1.0);
#9222=CARTESIAN_POINT('',(-3.15,7.3,2.27999999999997));
#9223=CARTESIAN_POINT('',(-0.95,7.3,2.27999999999997));
#9224=VECTOR('',#12303,1.0);
#9225=CARTESIAN_POINT('',(-3.15,7.3,1.86));
#9226=CARTESIAN_POINT('',(-3.15,7.3,8.96));
#9227=VECTOR('',#12304,1.0);
#9228=CARTESIAN_POINT('',(-5.25,7.3,1.86));
#9229=CARTESIAN_POINT('',(-0.95,7.3,1.86));
#9230=VECTOR('',#12305,1.0);
#9231=CARTESIAN_POINT('',(-5.25,7.3,2.1));
#9232=CARTESIAN_POINT('',(-5.25,7.3,8.96));
#9233=VECTOR('',#12306,1.0);
#9234=CARTESIAN_POINT('',(-6.05,7.3,2.1));
#9235=CARTESIAN_POINT('',(-6.05,7.3,2.1));
#9236=VECTOR('',#12307,1.0);
#9237=CARTESIAN_POINT('',(-6.05,7.3,2.49999999999999));
#9238=CARTESIAN_POINT('',(-6.05,7.3,-1.45999999999988));
#9239=VECTOR('',#12308,1.0);
#9240=CARTESIAN_POINT('',(6.05,7.3,2.49999999999999));
#9241=CARTESIAN_POINT('',(-10.1015,7.3,2.49999999999999));
#9242=VECTOR('',#12309,1.0);
#9243=CARTESIAN_POINT('',(6.05,7.3,2.1));
#9244=CARTESIAN_POINT('',(6.05,7.3,-1.45999999999988));
#9245=VECTOR('',#12310,1.0);
#9246=CARTESIAN_POINT('',(5.25,7.3,2.1));
#9247=CARTESIAN_POINT('',(6.05,7.3,2.1));
#9248=VECTOR('',#12311,1.0);
#9249=CARTESIAN_POINT('',(5.25,7.3,1.86));
#9250=CARTESIAN_POINT('',(5.25,7.3,20.32025));
#9251=VECTOR('',#12312,1.0);
#9252=CARTESIAN_POINT('',(3.15,7.3,1.86));
#9253=CARTESIAN_POINT('',(-0.95,7.3,1.86));
#9254=VECTOR('',#12313,1.0);
#9255=CARTESIAN_POINT('',(3.15,7.3,2.27999999999997));
#9256=CARTESIAN_POINT('',(3.15,7.3,8.96));
#9257=VECTOR('',#12314,1.0);
#9258=CARTESIAN_POINT('',(2.85,7.3,2.27999999999997));
#9259=CARTESIAN_POINT('',(-0.95,7.3,2.27999999999997));
#9260=VECTOR('',#12315,1.0);
#9261=CARTESIAN_POINT('',(2.85,7.3,1.86));
#9262=CARTESIAN_POINT('',(2.85,7.3,8.96));
#9263=VECTOR('',#12316,1.0);
#9264=CARTESIAN_POINT('',(1.15,7.3,1.86));
#9265=CARTESIAN_POINT('',(-0.95,7.3,1.86));
#9266=VECTOR('',#12317,1.0);
#9267=CARTESIAN_POINT('',(1.15,7.3,2.27999999999997));
#9268=CARTESIAN_POINT('',(1.15,7.3,8.96));
#9269=VECTOR('',#12318,1.0);
#9270=CARTESIAN_POINT('',(0.849999999999999,7.3,2.27999999999997));
#9271=CARTESIAN_POINT('',(-0.95,7.3,2.27999999999997));
#9272=VECTOR('',#12319,1.0);
#9273=CARTESIAN_POINT('',(0.85,7.3,1.86));
#9274=CARTESIAN_POINT('',(0.85,7.3,8.96));
#9275=VECTOR('',#12320,1.0);
#9276=CARTESIAN_POINT('',(-0.85,7.3,1.86));
#9277=CARTESIAN_POINT('',(-0.95,7.3,1.86));
#9278=VECTOR('',#12321,1.0);
#9279=CARTESIAN_POINT('',(-0.850000000000001,7.3,2.27999999999997));
#9280=CARTESIAN_POINT('',(-0.85,7.3,8.96));
#9281=VECTOR('',#12322,1.0);
#9282=CARTESIAN_POINT('',(-1.15,7.3,2.27999999999997));
#9283=CARTESIAN_POINT('',(-0.95,7.3,2.27999999999997));
#9284=VECTOR('',#12323,1.0);
#9285=CARTESIAN_POINT('',(-1.15,7.3,8.96));
#9286=VECTOR('',#12324,1.0);
#9287=CARTESIAN_POINT('',(4.7,4.45,2.155));
#9288=CARTESIAN_POINT('',(4.7,4.45,0.405));
#9289=CARTESIAN_POINT('',(4.7,4.45,3.06000000000001));
#9290=VECTOR('',#12325,1.0);
#9291=CARTESIAN_POINT('',(-4.7,4.45,2.155));
#9292=CARTESIAN_POINT('',(5.05,4.45,2.155));
#9293=VECTOR('',#12326,1.0);
#9294=CARTESIAN_POINT('',(-4.7,4.45,0.405));
#9295=CARTESIAN_POINT('',(-4.7,4.45,-0.14));
#9296=VECTOR('',#12327,1.0);
#9297=CARTESIAN_POINT('',(4.35,4.45,0.405));
#9298=VECTOR('',#12328,1.0);
#9299=CARTESIAN_POINT('',(3.15,4.45,1.73000000000001));
#9300=CARTESIAN_POINT('',(3.15,4.45,1.43000000000001));
#9301=CARTESIAN_POINT('',(3.15,4.45,2.1));
#9302=VECTOR('',#12329,1.0);
#9303=CARTESIAN_POINT('',(2.85,4.45,1.43000000000001));
#9304=CARTESIAN_POINT('',(-9.425,4.45,1.43000000000001));
#9305=VECTOR('',#12330,1.0);
#9306=CARTESIAN_POINT('',(2.85,4.45,1.73000000000001));
#9307=CARTESIAN_POINT('',(2.85,4.45,2.1));
#9308=VECTOR('',#12331,1.0);
#9309=CARTESIAN_POINT('',(-9.425,4.45,1.73000000000001));
#9310=VECTOR('',#12332,1.0);
#9311=CARTESIAN_POINT('',(1.15,4.45,1.73000000000001));
#9312=CARTESIAN_POINT('',(1.15,4.45,1.43000000000001));
#9313=CARTESIAN_POINT('',(1.15,4.45,2.1));
#9314=VECTOR('',#12333,1.0);
#9315=CARTESIAN_POINT('',(0.849999999999999,4.45,1.43000000000001));
#9316=CARTESIAN_POINT('',(-9.425,4.45,1.43000000000001));
#9317=VECTOR('',#12334,1.0);
#9318=CARTESIAN_POINT('',(0.85,4.45,1.73000000000001));
#9319=CARTESIAN_POINT('',(0.85,4.45,2.1));
#9320=VECTOR('',#12335,1.0);
#9321=CARTESIAN_POINT('',(-9.425,4.45,1.73000000000001));
#9322=VECTOR('',#12336,1.0);
#9323=CARTESIAN_POINT('',(-0.85,4.45,1.73000000000001));
#9324=CARTESIAN_POINT('',(-0.850000000000001,4.45,1.43000000000001));
#9325=CARTESIAN_POINT('',(-0.85,4.45,2.1));
#9326=VECTOR('',#12337,1.0);
#9327=CARTESIAN_POINT('',(-1.15,4.45,1.43000000000001));
#9328=CARTESIAN_POINT('',(-9.425,4.45,1.43000000000001));
#9329=VECTOR('',#12338,1.0);
#9330=CARTESIAN_POINT('',(-1.15,4.45,1.73000000000001));
#9331=CARTESIAN_POINT('',(-1.15,4.45,2.1));
#9332=VECTOR('',#12339,1.0);
#9333=CARTESIAN_POINT('',(-9.425,4.45,1.73000000000001));
#9334=VECTOR('',#12340,1.0);
#9335=CARTESIAN_POINT('',(-2.85,4.45,1.73000000000001));
#9336=CARTESIAN_POINT('',(-2.85,4.45,1.43000000000001));
#9337=CARTESIAN_POINT('',(-2.85,4.45,2.1));
#9338=VECTOR('',#12341,1.0);
#9339=CARTESIAN_POINT('',(-3.15,4.45,1.43000000000001));
#9340=CARTESIAN_POINT('',(-9.425,4.45,1.43000000000001));
#9341=VECTOR('',#12342,1.0);
#9342=CARTESIAN_POINT('',(-3.15,4.45,1.73000000000001));
#9343=CARTESIAN_POINT('',(-3.15,4.45,2.1));
#9344=VECTOR('',#12343,1.0);
#9345=CARTESIAN_POINT('',(-9.425,4.45,1.73000000000001));
#9346=VECTOR('',#12344,1.0);
#9347=CARTESIAN_POINT('',(-2.85,5.63,1.86000000000001));
#9348=CARTESIAN_POINT('',(-2.85,8.68,1.86));
#9349=VECTOR('',#12345,1.0);
#9350=CARTESIAN_POINT('',(-1.15,5.63,1.86000000000001));
#9351=CARTESIAN_POINT('',(-1.15,8.68,1.86));
#9352=VECTOR('',#12346,1.0);
#9353=CARTESIAN_POINT('',(-1.16999999999999,5.63,1.86000000000001));
#9354=CARTESIAN_POINT('',(-1.16999999999999,5.63,1.86000000000001));
#9355=VECTOR('',#12347,1.0);
#9356=CARTESIAN_POINT('',(-1.26999999999999,5.73,1.86));
#9357=CARTESIAN_POINT('',(-4.73499999999997,9.19500000000002,1.86));
#9358=VECTOR('',#12348,1.0);
#9359=CARTESIAN_POINT('',(-2.72999999999999,5.73,1.86));
#9360=CARTESIAN_POINT('',(-5.25,5.73,1.86));
#9361=VECTOR('',#12349,1.0);
#9362=CARTESIAN_POINT('',(-2.82999999999999,5.63,1.86000000000001));
#9363=CARTESIAN_POINT('',(-2.51499999999999,5.94499999999999,1.86));
#9364=VECTOR('',#12350,1.0);
#9365=CARTESIAN_POINT('',(-3.16999999999999,5.63,1.86000000000001));
#9366=VECTOR('',#12351,1.0);
#9367=CARTESIAN_POINT('',(-2.85,5.63,1.45000205968064));
#9368=CARTESIAN_POINT('',(-3.15,5.63,1.45000205968064));
#9369=CARTESIAN_POINT('',(1.57209538321421E-16,5.63,1.45000205968064));
#9370=VECTOR('',#12352,1.0);
#9371=CARTESIAN_POINT('',(-2.85,5.63,3.0899761915837E-16));
#9372=VECTOR('',#12353,1.0);
#9373=CARTESIAN_POINT('',(-2.82999999999999,5.63,1.42));
#9374=CARTESIAN_POINT('',(-2.82999999999999,5.63,1.33));
#9375=VECTOR('',#12354,1.0);
#9376=CARTESIAN_POINT('',(-3.16999999999999,5.63,1.42));
#9377=CARTESIAN_POINT('',(-3.15999999999999,5.63,1.42));
#9378=VECTOR('',#12355,1.0);
#9379=CARTESIAN_POINT('',(-3.16999999999999,5.63,1.86000000000001));
#9380=CARTESIAN_POINT('',(-3.16999999999999,5.63,1.33));
#9381=VECTOR('',#12356,1.0);
#9382=CARTESIAN_POINT('',(-3.15,5.63,1.86000000000001));
#9383=CARTESIAN_POINT('',(-3.16999999999999,5.63,1.86000000000001));
#9384=VECTOR('',#12357,1.0);
#9385=CARTESIAN_POINT('',(-3.15,5.63,3.41523684332935E-16));
#9386=VECTOR('',#12358,1.0);
#9387=CARTESIAN_POINT('',(-0.850000000000001,5.63,1.86000000000001));
#9388=CARTESIAN_POINT('',(-0.85,8.68,1.86));
#9389=VECTOR('',#12359,1.0);
#9390=CARTESIAN_POINT('',(0.849999999999999,5.63,1.86000000000001));
#9391=CARTESIAN_POINT('',(0.85,8.68,1.86));
#9392=VECTOR('',#12360,1.0);
#9393=CARTESIAN_POINT('',(0.830000000000011,5.63,1.86000000000001));
#9394=CARTESIAN_POINT('',(0.830000000000011,5.63,1.86000000000001));
#9395=VECTOR('',#12361,1.0);
#9396=CARTESIAN_POINT('',(0.730000000000012,5.73,1.86));
#9397=CARTESIAN_POINT('',(-3.73499999999996,10.195,1.86));
#9398=VECTOR('',#12362,1.0);
#9399=CARTESIAN_POINT('',(-0.729999999999991,5.73,1.86));
#9400=CARTESIAN_POINT('',(-5.25,5.73,1.86));
#9401=VECTOR('',#12363,1.0);
#9402=CARTESIAN_POINT('',(-0.82999999999999,5.63,1.86000000000001));
#9403=CARTESIAN_POINT('',(-1.51499999999998,4.94500000000001,1.86));
#9404=VECTOR('',#12364,1.0);
#9405=CARTESIAN_POINT('',(-1.16999999999999,5.63,1.86000000000001));
#9406=VECTOR('',#12365,1.0);
#9407=CARTESIAN_POINT('',(-0.850000000000001,5.63,1.45000205968064));
#9408=CARTESIAN_POINT('',(-1.15,5.63,1.45000205968064));
#9409=CARTESIAN_POINT('',(1.57209538321421E-16,5.63,1.45000205968064));
#9410=VECTOR('',#12366,1.0);
#9411=CARTESIAN_POINT('',(-0.850000000000001,5.63,9.21571846612684E-17));
#9412=VECTOR('',#12367,1.0);
#9413=CARTESIAN_POINT('',(-0.829999999999991,5.63,1.42));
#9414=CARTESIAN_POINT('',(-0.829999999999991,5.63,1.33));
#9415=VECTOR('',#12368,1.0);
#9416=CARTESIAN_POINT('',(-1.16999999999999,5.63,1.42));
#9417=CARTESIAN_POINT('',(-1.15999999999999,5.63,1.42));
#9418=VECTOR('',#12369,1.0);
#9419=CARTESIAN_POINT('',(-1.16999999999999,5.63,1.33));
#9420=VECTOR('',#12370,1.0);
#9421=CARTESIAN_POINT('',(-1.15,5.63,1.24683249835834E-16));
#9422=VECTOR('',#12371,1.0);
#9423=CARTESIAN_POINT('',(1.15,5.63,1.86000000000001));
#9424=CARTESIAN_POINT('',(1.15,8.68,1.86));
#9425=VECTOR('',#12372,1.0);
#9426=CARTESIAN_POINT('',(2.85,5.63,1.86000000000001));
#9427=CARTESIAN_POINT('',(2.85,8.68,1.86));
#9428=VECTOR('',#12373,1.0);
#9429=CARTESIAN_POINT('',(2.83000000000001,5.63,1.86000000000001));
#9430=CARTESIAN_POINT('',(2.83000000000001,5.63,1.86000000000001));
#9431=VECTOR('',#12374,1.0);
#9432=CARTESIAN_POINT('',(2.73000000000001,5.73,1.86));
#9433=CARTESIAN_POINT('',(-2.73499999999995,11.195,1.86));
#9434=VECTOR('',#12375,1.0);
#9435=CARTESIAN_POINT('',(1.27000000000001,5.73,1.86));
#9436=CARTESIAN_POINT('',(-5.25,5.73,1.86));
#9437=VECTOR('',#12376,1.0);
#9438=CARTESIAN_POINT('',(1.17000000000001,5.63,1.86000000000001));
#9439=CARTESIAN_POINT('',(-0.514999999999963,3.94500000000001,1.86));
#9440=VECTOR('',#12377,1.0);
#9441=CARTESIAN_POINT('',(0.830000000000011,5.63,1.86000000000001));
#9442=VECTOR('',#12378,1.0);
#9443=CARTESIAN_POINT('',(1.15,5.63,1.45000205968064));
#9444=CARTESIAN_POINT('',(0.849999999999999,5.63,1.45000205968064));
#9445=CARTESIAN_POINT('',(1.57209538321421E-16,5.63,1.45000205968064));
#9446=VECTOR('',#12379,1.0);
#9447=CARTESIAN_POINT('',(1.15,5.63,-1.24683249835833E-16));
#9448=VECTOR('',#12380,1.0);
#9449=CARTESIAN_POINT('',(1.17000000000001,5.63,1.42));
#9450=CARTESIAN_POINT('',(1.17000000000001,5.63,1.33));
#9451=VECTOR('',#12381,1.0);
#9452=CARTESIAN_POINT('',(0.830000000000011,5.63,1.42));
#9453=CARTESIAN_POINT('',(0.840000000000011,5.63,1.42));
#9454=VECTOR('',#12382,1.0);
#9455=CARTESIAN_POINT('',(0.830000000000011,5.63,1.33));
#9456=VECTOR('',#12383,1.0);
#9457=CARTESIAN_POINT('',(0.849999999999999,5.63,-9.21571846612681E-17));
#9458=VECTOR('',#12384,1.0);
#9459=CARTESIAN_POINT('',(-8.77,6.6,5.3));
#9460=CARTESIAN_POINT('',(-6.23,6.6,5.3));
#9461=CARTESIAN_POINT('',(-6.165,6.6,5.3));
#9462=VECTOR('',#12385,1.0);
#9463=CARTESIAN_POINT('',(-8.77,6.6,2.76));
#9464=CARTESIAN_POINT('',(-8.77,6.6,5.365));
#9465=VECTOR('',#12386,1.0);
#9466=CARTESIAN_POINT('',(-6.88,6.6,2.76));
#9467=CARTESIAN_POINT('',(-8.835,6.6,2.76));
#9468=VECTOR('',#12387,1.0);
#9469=CARTESIAN_POINT('',(-6.23,6.6,3.41));
#9470=CARTESIAN_POINT('',(-6.555,6.6,3.085));
#9471=VECTOR('',#12388,1.0);
#9472=CARTESIAN_POINT('',(-6.23,6.6,2.695));
#9473=VECTOR('',#12389,1.0);
#9474=CARTESIAN_POINT('',(-7.17999999999999,6.6,3.6109));
#9475=CARTESIAN_POINT('',(-7.17999999999999,6.6,4.4491));
#9476=CARTESIAN_POINT('',(-7.18,6.6,4.03));
#9477=VECTOR('',#12390,1.0);
#9478=CARTESIAN_POINT('',(-7.81999999999999,6.6,3.6109));
#9479=CARTESIAN_POINT('',(-7.5,6.6,3.6109));
#9480=VECTOR('',#12391,1.0);
#9481=CARTESIAN_POINT('',(-7.81999999999999,6.6,4.4491));
#9482=CARTESIAN_POINT('',(-7.81999999999999,6.6,4.03));
#9483=VECTOR('',#12392,1.0);
#9484=CARTESIAN_POINT('',(-7.5,6.6,4.4491));
#9485=VECTOR('',#12393,1.0);
#9486=CARTESIAN_POINT('',(-4.82,9.24,6.4839));
#9487=CARTESIAN_POINT('',(-4.82,9.24,7.1189));
#9488=CARTESIAN_POINT('',(-4.82,9.24,8.96));
#9489=VECTOR('',#12394,1.0);
#9490=CARTESIAN_POINT('',(-4.17999999999999,9.24,6.4839));
#9491=CARTESIAN_POINT('',(-13.825,9.24,6.4839));
#9492=VECTOR('',#12395,1.0);
#9493=CARTESIAN_POINT('',(-4.18,9.24,7.1189));
#9494=CARTESIAN_POINT('',(-4.18,9.24,8.96));
#9495=VECTOR('',#12396,1.0);
#9496=CARTESIAN_POINT('',(-13.825,9.24,7.1189));
#9497=VECTOR('',#12397,1.0);
#9498=CARTESIAN_POINT('',(1.18,9.24,6.4839));
#9499=CARTESIAN_POINT('',(1.18,9.24,7.1189));
#9500=CARTESIAN_POINT('',(1.18,9.24,8.96));
#9501=VECTOR('',#12398,1.0);
#9502=CARTESIAN_POINT('',(1.82000000000001,9.24,6.4839));
#9503=CARTESIAN_POINT('',(-13.825,9.24,6.4839));
#9504=VECTOR('',#12399,1.0);
#9505=CARTESIAN_POINT('',(1.82,9.24,7.1189));
#9506=CARTESIAN_POINT('',(1.82,9.24,8.96));
#9507=VECTOR('',#12400,1.0);
#9508=CARTESIAN_POINT('',(-13.825,9.24,7.1189));
#9509=VECTOR('',#12401,1.0);
#9510=CARTESIAN_POINT('',(7.18,9.24,6.4839));
#9511=CARTESIAN_POINT('',(7.18,9.24,7.1189));
#9512=CARTESIAN_POINT('',(7.18,9.24,8.96));
#9513=VECTOR('',#12402,1.0);
#9514=CARTESIAN_POINT('',(7.82000000000001,9.24,6.4839));
#9515=CARTESIAN_POINT('',(-13.825,9.24,6.4839));
#9516=VECTOR('',#12403,1.0);
#9517=CARTESIAN_POINT('',(7.82,9.24,7.1189));
#9518=CARTESIAN_POINT('',(7.82,9.24,8.96));
#9519=VECTOR('',#12404,1.0);
#9520=CARTESIAN_POINT('',(-13.825,9.24,7.1189));
#9521=VECTOR('',#12405,1.0);
#9522=CARTESIAN_POINT('',(-9.425,9.24,8.31));
#9523=CARTESIAN_POINT('',(9.425,9.24,8.31));
#9524=CARTESIAN_POINT('',(-2.575,9.24,8.31));
#9525=VECTOR('',#12406,1.0);
#9526=CARTESIAN_POINT('',(9.425,9.24,2.95));
#9527=CARTESIAN_POINT('',(9.425,9.24,2.75));
#9528=VECTOR('',#12407,1.0);
#9529=CARTESIAN_POINT('',(-9.425,9.24,2.95));
#9530=CARTESIAN_POINT('',(-13.825,9.24,2.95));
#9531=VECTOR('',#12408,1.0);
#9532=CARTESIAN_POINT('',(-9.425,9.24,8.31));
#9533=VECTOR('',#12409,1.0);
#9534=CARTESIAN_POINT('',(8.555,9.24,5.29));
#9535=CARTESIAN_POINT('',(8.555,9.24,5.77));
#9536=CARTESIAN_POINT('',(8.555,9.24,5.53));
#9537=VECTOR('',#12410,1.0);
#9538=CARTESIAN_POINT('',(6.445,9.24,5.77));
#9539=CARTESIAN_POINT('',(8.555,9.24,5.77));
#9540=VECTOR('',#12411,1.0);
#9541=CARTESIAN_POINT('',(6.445,9.24,5.29));
#9542=CARTESIAN_POINT('',(6.445,9.24,4.90454959426936));
#9543=VECTOR('',#12412,1.0);
#9544=CARTESIAN_POINT('',(6.445,9.24,5.29));
#9545=VECTOR('',#12413,1.0);
#9546=CARTESIAN_POINT('',(5.555,9.24,5.29));
#9547=CARTESIAN_POINT('',(5.555,9.24,5.77));
#9548=CARTESIAN_POINT('',(5.555,9.24,5.53));
#9549=VECTOR('',#12414,1.0);
#9550=CARTESIAN_POINT('',(3.445,9.24,5.77));
#9551=CARTESIAN_POINT('',(5.555,9.24,5.77));
#9552=VECTOR('',#12415,1.0);
#9553=CARTESIAN_POINT('',(3.445,9.24,5.29));
#9554=CARTESIAN_POINT('',(3.445,9.24,4.90454959426936));
#9555=VECTOR('',#12416,1.0);
#9556=CARTESIAN_POINT('',(3.445,9.24,5.29));
#9557=VECTOR('',#12417,1.0);
#9558=CARTESIAN_POINT('',(-0.444999999999999,9.24,5.29));
#9559=CARTESIAN_POINT('',(-0.444999999999999,9.24,5.77));
#9560=CARTESIAN_POINT('',(-0.444999999999999,9.24,5.53));
#9561=VECTOR('',#12418,1.0);
#9562=CARTESIAN_POINT('',(-2.555,9.24,5.77));
#9563=CARTESIAN_POINT('',(-0.444999999999999,9.24,5.77));
#9564=VECTOR('',#12419,1.0);
#9565=CARTESIAN_POINT('',(-2.555,9.24,5.29));
#9566=CARTESIAN_POINT('',(-2.555,9.24,4.90454959426936));
#9567=VECTOR('',#12420,1.0);
#9568=CARTESIAN_POINT('',(-2.555,9.24,5.29));
#9569=VECTOR('',#12421,1.0);
#9570=CARTESIAN_POINT('',(-6.445,9.24,5.29));
#9571=CARTESIAN_POINT('',(-6.445,9.24,5.77));
#9572=CARTESIAN_POINT('',(-6.445,9.24,5.53));
#9573=VECTOR('',#12422,1.0);
#9574=CARTESIAN_POINT('',(-8.555,9.24,5.77));
#9575=CARTESIAN_POINT('',(-6.445,9.24,5.77));
#9576=VECTOR('',#12423,1.0);
#9577=CARTESIAN_POINT('',(-8.555,9.24,5.29));
#9578=CARTESIAN_POINT('',(-8.555,9.24,4.90454959426936));
#9579=VECTOR('',#12424,1.0);
#9580=CARTESIAN_POINT('',(-8.555,9.24,5.29));
#9581=VECTOR('',#12425,1.0);
#9582=CARTESIAN_POINT('',(-3.445,9.24,5.29));
#9583=CARTESIAN_POINT('',(-3.445,9.24,5.77));
#9584=CARTESIAN_POINT('',(-3.445,9.24,5.53));
#9585=VECTOR('',#12426,1.0);
#9586=CARTESIAN_POINT('',(-5.555,9.24,5.77));
#9587=CARTESIAN_POINT('',(-3.445,9.24,5.77));
#9588=VECTOR('',#12427,1.0);
#9589=CARTESIAN_POINT('',(-5.555,9.24,5.29));
#9590=CARTESIAN_POINT('',(-5.555,9.24,4.90454959426936));
#9591=VECTOR('',#12428,1.0);
#9592=CARTESIAN_POINT('',(-5.555,9.24,5.29));
#9593=VECTOR('',#12429,1.0);
#9594=CARTESIAN_POINT('',(2.555,9.24,5.29));
#9595=CARTESIAN_POINT('',(2.555,9.24,5.77));
#9596=CARTESIAN_POINT('',(2.555,9.24,5.53));
#9597=VECTOR('',#12430,1.0);
#9598=CARTESIAN_POINT('',(0.444999999999999,9.24,5.77));
#9599=CARTESIAN_POINT('',(2.555,9.24,5.77));
#9600=VECTOR('',#12431,1.0);
#9601=CARTESIAN_POINT('',(0.444999999999999,9.24,5.29));
#9602=CARTESIAN_POINT('',(0.444999999999999,9.24,4.90454959426936));
#9603=VECTOR('',#12432,1.0);
#9604=CARTESIAN_POINT('',(0.444999999999999,9.24,5.29));
#9605=VECTOR('',#12433,1.0);
#9606=CARTESIAN_POINT('',(8.6975445058318,9.24,7.01582206704863));
#9607=CARTESIAN_POINT('',(8.6975445058318,9.24,6.96221918354819));
#9608=CARTESIAN_POINT('',(8.6975445058318,9.24,6.98902062529841));
#9609=VECTOR('',#12434,1.0);
#9610=CARTESIAN_POINT('',(9.3,9.24,6.96221918354819));
#9611=CARTESIAN_POINT('',(8.9987722529159,9.24,6.96221918354819));
#9612=VECTOR('',#12435,1.0);
#9613=CARTESIAN_POINT('',(9.3,9.24,7.0455397278494));
#9614=CARTESIAN_POINT('',(9.3,9.24,7.00387945569879));
#9615=VECTOR('',#12436,1.0);
#9616=CARTESIAN_POINT('',(8.83069590862375,9.24,7.04553972784939));
#9617=CARTESIAN_POINT('',(9.06531614487415,9.24,7.0455397278494));
#9618=VECTOR('',#12437,1.0);
#9619=CARTESIAN_POINT('',(8.91929948969345,9.24,7.21218081645181));
#9620=AXIS2_PLACEMENT_3D('',#12438,#12439,#12440);
#9621=CARTESIAN_POINT('',(8.848189073051,9.24,7.21218081645181));
#9622=CARTESIAN_POINT('',(8.8837937384899,9.24,7.21218081645181));
#9623=VECTOR('',#12441,1.0);
#9624=CARTESIAN_POINT('',(8.848189073051,9.24,7.21218081645181));
#9625=CARTESIAN_POINT('',(8.8287906691222,9.24,7.16552131164313));
#9626=CARTESIAN_POINT('',(8.8053406998158,9.24,7.12483311250938));
#9627=CARTESIAN_POINT('',(8.7502229946202,9.24,7.05497629967863));
#9628=CARTESIAN_POINT('',(8.7234499693063,9.24,7.03040316230134));
#9629=CARTESIAN_POINT('',(8.6975445058318,9.24,7.01582206704863));
#9630=CARTESIAN_POINT('',(4.18,9.24,6.4839));
#9631=CARTESIAN_POINT('',(4.18,9.24,7.1189));
#9632=CARTESIAN_POINT('',(4.18,9.24,8.96));
#9633=VECTOR('',#12442,1.0);
#9634=CARTESIAN_POINT('',(4.82000000000001,9.24,6.4839));
#9635=CARTESIAN_POINT('',(-13.825,9.24,6.4839));
#9636=VECTOR('',#12443,1.0);
#9637=CARTESIAN_POINT('',(4.82,9.24,7.1189));
#9638=CARTESIAN_POINT('',(4.82,9.24,8.96));
#9639=VECTOR('',#12444,1.0);
#9640=CARTESIAN_POINT('',(-13.825,9.24,7.1189));
#9641=VECTOR('',#12445,1.0);
#9642=CARTESIAN_POINT('',(-1.82,9.24,6.4839));
#9643=CARTESIAN_POINT('',(-1.82,9.24,7.1189));
#9644=CARTESIAN_POINT('',(-1.82,9.24,8.96));
#9645=VECTOR('',#12446,1.0);
#9646=CARTESIAN_POINT('',(-1.17999999999999,9.24,6.4839));
#9647=CARTESIAN_POINT('',(-13.825,9.24,6.4839));
#9648=VECTOR('',#12447,1.0);
#9649=CARTESIAN_POINT('',(-1.18,9.24,7.1189));
#9650=CARTESIAN_POINT('',(-1.18,9.24,8.96));
#9651=VECTOR('',#12448,1.0);
#9652=CARTESIAN_POINT('',(-13.825,9.24,7.1189));
#9653=VECTOR('',#12449,1.0);
#9654=CARTESIAN_POINT('',(-7.82,9.24,6.4839));
#9655=CARTESIAN_POINT('',(-7.82,9.24,7.1189));
#9656=CARTESIAN_POINT('',(-7.82,9.24,8.96));
#9657=VECTOR('',#12450,1.0);
#9658=CARTESIAN_POINT('',(-7.17999999999999,9.24,6.4839));
#9659=CARTESIAN_POINT('',(-13.825,9.24,6.4839));
#9660=VECTOR('',#12451,1.0);
#9661=CARTESIAN_POINT('',(-7.18,9.24,7.1189));
#9662=CARTESIAN_POINT('',(-7.18,9.24,8.96));
#9663=VECTOR('',#12452,1.0);
#9664=CARTESIAN_POINT('',(-13.825,9.24,7.1189));
#9665=VECTOR('',#12453,1.0);
#9666=CARTESIAN_POINT('',(-6.88,6.6,5.76));
#9667=CARTESIAN_POINT('',(-8.77,6.6,5.76));
#9668=CARTESIAN_POINT('',(-8.835,6.6,5.76));
#9669=VECTOR('',#12454,1.0);
#9670=CARTESIAN_POINT('',(-6.23,6.6,6.41));
#9671=CARTESIAN_POINT('',(-6.555,6.6,6.085));
#9672=VECTOR('',#12455,1.0);
#9673=CARTESIAN_POINT('',(-6.23,6.6,8.3));
#9674=CARTESIAN_POINT('',(-6.23,6.6,5.695));
#9675=VECTOR('',#12456,1.0);
#9676=CARTESIAN_POINT('',(-8.77,6.6,8.3));
#9677=CARTESIAN_POINT('',(-6.165,6.6,8.3));
#9678=VECTOR('',#12457,1.0);
#9679=CARTESIAN_POINT('',(-8.77,6.6,8.365));
#9680=VECTOR('',#12458,1.0);
#9681=CARTESIAN_POINT('',(-7.18,6.6,6.6109));
#9682=CARTESIAN_POINT('',(-7.82,6.6,6.6109));
#9683=CARTESIAN_POINT('',(-7.5,6.6,6.6109));
#9684=VECTOR('',#12459,1.0);
#9685=CARTESIAN_POINT('',(-7.82,6.6,7.4491));
#9686=CARTESIAN_POINT('',(-7.82,6.6,7.03));
#9687=VECTOR('',#12460,1.0);
#9688=CARTESIAN_POINT('',(-7.17999999999999,6.6,7.4491));
#9689=CARTESIAN_POINT('',(-7.5,6.6,7.4491));
#9690=VECTOR('',#12461,1.0);
#9691=CARTESIAN_POINT('',(-7.18,6.6,7.03));
#9692=VECTOR('',#12462,1.0);
#9693=CARTESIAN_POINT('',(-5.77,6.6,5.3));
#9694=CARTESIAN_POINT('',(-3.23,6.6,5.3));
#9695=CARTESIAN_POINT('',(-3.165,6.6,5.3));
#9696=VECTOR('',#12463,1.0);
#9697=CARTESIAN_POINT('',(-5.77,6.6,2.76));
#9698=CARTESIAN_POINT('',(-5.77,6.6,5.365));
#9699=VECTOR('',#12464,1.0);
#9700=CARTESIAN_POINT('',(-3.88,6.6,2.76));
#9701=CARTESIAN_POINT('',(-5.835,6.6,2.76));
#9702=VECTOR('',#12465,1.0);
#9703=CARTESIAN_POINT('',(-3.23,6.6,3.41));
#9704=CARTESIAN_POINT('',(-3.555,6.6,3.085));
#9705=VECTOR('',#12466,1.0);
#9706=CARTESIAN_POINT('',(-3.23,6.6,2.695));
#9707=VECTOR('',#12467,1.0);
#9708=CARTESIAN_POINT('',(-4.17999999999999,6.6,3.6109));
#9709=CARTESIAN_POINT('',(-4.17999999999999,6.6,4.4491));
#9710=CARTESIAN_POINT('',(-4.18,6.6,4.03));
#9711=VECTOR('',#12468,1.0);
#9712=CARTESIAN_POINT('',(-4.81999999999999,6.6,3.6109));
#9713=CARTESIAN_POINT('',(-4.5,6.6,3.6109));
#9714=VECTOR('',#12469,1.0);
#9715=CARTESIAN_POINT('',(-4.81999999999999,6.6,4.4491));
#9716=CARTESIAN_POINT('',(-4.81999999999999,6.6,4.03));
#9717=VECTOR('',#12470,1.0);
#9718=CARTESIAN_POINT('',(-4.5,6.6,4.4491));
#9719=VECTOR('',#12471,1.0);
#9720=CARTESIAN_POINT('',(-3.88,6.6,5.76));
#9721=CARTESIAN_POINT('',(-5.77,6.6,5.76));
#9722=CARTESIAN_POINT('',(-5.835,6.6,5.76));
#9723=VECTOR('',#12472,1.0);
#9724=CARTESIAN_POINT('',(-3.23,6.6,6.41));
#9725=CARTESIAN_POINT('',(-3.555,6.6,6.085));
#9726=VECTOR('',#12473,1.0);
#9727=CARTESIAN_POINT('',(-3.23,6.6,8.3));
#9728=CARTESIAN_POINT('',(-3.23,6.6,5.695));
#9729=VECTOR('',#12474,1.0);
#9730=CARTESIAN_POINT('',(-5.77,6.6,8.3));
#9731=CARTESIAN_POINT('',(-3.165,6.6,8.3));
#9732=VECTOR('',#12475,1.0);
#9733=CARTESIAN_POINT('',(-5.77,6.6,8.365));
#9734=VECTOR('',#12476,1.0);
#9735=CARTESIAN_POINT('',(-4.18,6.6,6.6109));
#9736=CARTESIAN_POINT('',(-4.82,6.6,6.6109));
#9737=CARTESIAN_POINT('',(-4.5,6.6,6.6109));
#9738=VECTOR('',#12477,1.0);
#9739=CARTESIAN_POINT('',(-4.82,6.6,7.4491));
#9740=CARTESIAN_POINT('',(-4.82,6.6,7.03));
#9741=VECTOR('',#12478,1.0);
#9742=CARTESIAN_POINT('',(-4.17999999999999,6.6,7.4491));
#9743=CARTESIAN_POINT('',(-4.5,6.6,7.4491));
#9744=VECTOR('',#12479,1.0);
#9745=CARTESIAN_POINT('',(-4.18,6.6,7.03));
#9746=VECTOR('',#12480,1.0);
#9747=CARTESIAN_POINT('',(-2.77,6.6,5.3));
#9748=CARTESIAN_POINT('',(-0.230000000000003,6.6,5.3));
#9749=CARTESIAN_POINT('',(-0.165000000000002,6.6,5.3));
#9750=VECTOR('',#12481,1.0);
#9751=CARTESIAN_POINT('',(-2.77,6.6,2.76));
#9752=CARTESIAN_POINT('',(-2.77,6.6,5.365));
#9753=VECTOR('',#12482,1.0);
#9754=CARTESIAN_POINT('',(-0.880000000000002,6.6,2.76));
#9755=CARTESIAN_POINT('',(-2.835,6.6,2.76));
#9756=VECTOR('',#12483,1.0);
#9757=CARTESIAN_POINT('',(-0.230000000000003,6.6,3.41));
#9758=CARTESIAN_POINT('',(-0.555,6.6,3.085));
#9759=VECTOR('',#12484,1.0);
#9760=CARTESIAN_POINT('',(-0.230000000000003,6.6,2.695));
#9761=VECTOR('',#12485,1.0);
#9762=CARTESIAN_POINT('',(-1.17999999999999,6.6,3.6109));
#9763=CARTESIAN_POINT('',(-1.17999999999999,6.6,4.4491));
#9764=CARTESIAN_POINT('',(-1.18,6.6,4.03));
#9765=VECTOR('',#12486,1.0);
#9766=CARTESIAN_POINT('',(-1.81999999999999,6.6,3.6109));
#9767=CARTESIAN_POINT('',(-1.5,6.6,3.6109));
#9768=VECTOR('',#12487,1.0);
#9769=CARTESIAN_POINT('',(-1.81999999999999,6.6,4.4491));
#9770=CARTESIAN_POINT('',(-1.81999999999999,6.6,4.03));
#9771=VECTOR('',#12488,1.0);
#9772=CARTESIAN_POINT('',(-1.5,6.6,4.4491));
#9773=VECTOR('',#12489,1.0);
#9774=CARTESIAN_POINT('',(-0.880000000000002,6.6,5.76));
#9775=CARTESIAN_POINT('',(-2.77,6.6,5.76));
#9776=CARTESIAN_POINT('',(-2.835,6.6,5.76));
#9777=VECTOR('',#12490,1.0);
#9778=CARTESIAN_POINT('',(-0.230000000000003,6.6,6.41));
#9779=CARTESIAN_POINT('',(-0.555,6.6,6.085));
#9780=VECTOR('',#12491,1.0);
#9781=CARTESIAN_POINT('',(-0.230000000000003,6.6,8.3));
#9782=CARTESIAN_POINT('',(-0.230000000000003,6.6,5.695));
#9783=VECTOR('',#12492,1.0);
#9784=CARTESIAN_POINT('',(-2.77,6.6,8.3));
#9785=CARTESIAN_POINT('',(-0.165000000000002,6.6,8.3));
#9786=VECTOR('',#12493,1.0);
#9787=CARTESIAN_POINT('',(-2.77,6.6,8.365));
#9788=VECTOR('',#12494,1.0);
#9789=CARTESIAN_POINT('',(-1.18,6.6,6.6109));
#9790=CARTESIAN_POINT('',(-1.82,6.6,6.6109));
#9791=CARTESIAN_POINT('',(-1.5,6.6,6.6109));
#9792=VECTOR('',#12495,1.0);
#9793=CARTESIAN_POINT('',(-1.82,6.6,7.4491));
#9794=CARTESIAN_POINT('',(-1.82,6.6,7.03));
#9795=VECTOR('',#12496,1.0);
#9796=CARTESIAN_POINT('',(-1.17999999999999,6.6,7.4491));
#9797=CARTESIAN_POINT('',(-1.5,6.6,7.4491));
#9798=VECTOR('',#12497,1.0);
#9799=CARTESIAN_POINT('',(-1.18,6.6,7.03));
#9800=VECTOR('',#12498,1.0);
#9801=CARTESIAN_POINT('',(0.230000000000001,6.6,5.29999999999999));
#9802=CARTESIAN_POINT('',(2.77,6.6,5.29999999999999));
#9803=CARTESIAN_POINT('',(2.835,6.6,5.29999999999999));
#9804=VECTOR('',#12499,1.0);
#9805=CARTESIAN_POINT('',(0.230000000000001,6.6,2.76));
#9806=CARTESIAN_POINT('',(0.230000000000001,6.6,5.36499999999999));
#9807=VECTOR('',#12500,1.0);
#9808=CARTESIAN_POINT('',(2.12,6.6,2.76));
#9809=CARTESIAN_POINT('',(0.165,6.6,2.76));
#9810=VECTOR('',#12501,1.0);
#9811=CARTESIAN_POINT('',(2.77,6.6,3.41));
#9812=CARTESIAN_POINT('',(2.445,6.6,3.085));
#9813=VECTOR('',#12502,1.0);
#9814=CARTESIAN_POINT('',(2.77,6.6,2.695));
#9815=VECTOR('',#12503,1.0);
#9816=CARTESIAN_POINT('',(1.82000000000001,6.6,3.6109));
#9817=CARTESIAN_POINT('',(1.82000000000001,6.6,4.4491));
#9818=CARTESIAN_POINT('',(1.82,6.6,4.03));
#9819=VECTOR('',#12504,1.0);
#9820=CARTESIAN_POINT('',(1.18000000000001,6.6,3.6109));
#9821=CARTESIAN_POINT('',(1.5,6.6,3.6109));
#9822=VECTOR('',#12505,1.0);
#9823=CARTESIAN_POINT('',(1.18000000000001,6.6,4.4491));
#9824=CARTESIAN_POINT('',(1.18000000000001,6.6,4.03));
#9825=VECTOR('',#12506,1.0);
#9826=CARTESIAN_POINT('',(1.5,6.6,4.4491));
#9827=VECTOR('',#12507,1.0);
#9828=CARTESIAN_POINT('',(0.230000000000001,6.6,5.76));
#9829=CARTESIAN_POINT('',(0.230000000000001,6.6,8.3));
#9830=CARTESIAN_POINT('',(0.230000000000001,6.6,8.36499999999999));
#9831=VECTOR('',#12508,1.0);
#9832=CARTESIAN_POINT('',(2.77,6.6,5.76));
#9833=CARTESIAN_POINT('',(0.165,6.6,5.76));
#9834=VECTOR('',#12509,1.0);
#9835=CARTESIAN_POINT('',(2.77,6.6,8.3));
#9836=CARTESIAN_POINT('',(2.77,6.6,5.69499999999999));
#9837=VECTOR('',#12510,1.0);
#9838=CARTESIAN_POINT('',(2.835,6.6,8.3));
#9839=VECTOR('',#12511,1.0);
#9840=CARTESIAN_POINT('',(1.82,6.6,6.6109));
#9841=CARTESIAN_POINT('',(1.18,6.6,6.6109));
#9842=CARTESIAN_POINT('',(1.5,6.6,6.6109));
#9843=VECTOR('',#12512,1.0);
#9844=CARTESIAN_POINT('',(1.18,6.6,7.4491));
#9845=CARTESIAN_POINT('',(1.18,6.6,7.03));
#9846=VECTOR('',#12513,1.0);
#9847=CARTESIAN_POINT('',(1.82000000000001,6.6,7.4491));
#9848=CARTESIAN_POINT('',(1.5,6.6,7.4491));
#9849=VECTOR('',#12514,1.0);
#9850=CARTESIAN_POINT('',(1.82,6.6,7.03));
#9851=VECTOR('',#12515,1.0);
#9852=CARTESIAN_POINT('',(3.23,6.6,3.40999999999999));
#9853=CARTESIAN_POINT('',(3.88,6.6,2.75999999999999));
#9854=CARTESIAN_POINT('',(3.555,6.6,3.085));
#9855=VECTOR('',#12516,1.0);
#9856=CARTESIAN_POINT('',(5.77,6.6,2.75999999999999));
#9857=CARTESIAN_POINT('',(3.165,6.6,2.75999999999999));
#9858=VECTOR('',#12517,1.0);
#9859=CARTESIAN_POINT('',(5.77,6.6,5.29999999999999));
#9860=CARTESIAN_POINT('',(5.77,6.6,2.69499999999999));
#9861=VECTOR('',#12518,1.0);
#9862=CARTESIAN_POINT('',(3.23,6.6,5.29999999999999));
#9863=CARTESIAN_POINT('',(5.835,6.6,5.29999999999999));
#9864=VECTOR('',#12519,1.0);
#9865=CARTESIAN_POINT('',(3.23,6.6,5.36499999999999));
#9866=VECTOR('',#12520,1.0);
#9867=CARTESIAN_POINT('',(4.82000000000001,6.6,3.6109));
#9868=CARTESIAN_POINT('',(4.82000000000001,6.6,4.4491));
#9869=CARTESIAN_POINT('',(4.82,6.6,4.03));
#9870=VECTOR('',#12521,1.0);
#9871=CARTESIAN_POINT('',(4.18000000000001,6.6,3.6109));
#9872=CARTESIAN_POINT('',(4.5,6.6,3.6109));
#9873=VECTOR('',#12522,1.0);
#9874=CARTESIAN_POINT('',(4.18000000000001,6.6,4.4491));
#9875=CARTESIAN_POINT('',(4.18000000000001,6.6,4.03));
#9876=VECTOR('',#12523,1.0);
#9877=CARTESIAN_POINT('',(4.5,6.6,4.4491));
#9878=VECTOR('',#12524,1.0);
#9879=CARTESIAN_POINT('',(3.23,6.6,6.40999999999999));
#9880=CARTESIAN_POINT('',(3.23,6.6,8.29999999999999));
#9881=CARTESIAN_POINT('',(3.23,6.6,8.36499999999999));
#9882=VECTOR('',#12525,1.0);
#9883=CARTESIAN_POINT('',(3.88,6.6,5.75999999999999));
#9884=CARTESIAN_POINT('',(3.555,6.6,6.085));
#9885=VECTOR('',#12526,1.0);
#9886=CARTESIAN_POINT('',(5.77,6.6,5.75999999999999));
#9887=CARTESIAN_POINT('',(3.165,6.6,5.75999999999999));
#9888=VECTOR('',#12527,1.0);
#9889=CARTESIAN_POINT('',(5.77,6.6,8.29999999999999));
#9890=CARTESIAN_POINT('',(5.77,6.6,5.69499999999999));
#9891=VECTOR('',#12528,1.0);
#9892=CARTESIAN_POINT('',(5.835,6.6,8.29999999999999));
#9893=VECTOR('',#12529,1.0);
#9894=CARTESIAN_POINT('',(4.82,6.6,6.6109));
#9895=CARTESIAN_POINT('',(4.18,6.6,6.6109));
#9896=CARTESIAN_POINT('',(4.5,6.6,6.6109));
#9897=VECTOR('',#12530,1.0);
#9898=CARTESIAN_POINT('',(4.18,6.6,7.4491));
#9899=CARTESIAN_POINT('',(4.18,6.6,7.03));
#9900=VECTOR('',#12531,1.0);
#9901=CARTESIAN_POINT('',(4.82000000000001,6.6,7.4491));
#9902=CARTESIAN_POINT('',(4.5,6.6,7.4491));
#9903=VECTOR('',#12532,1.0);
#9904=CARTESIAN_POINT('',(4.82,6.6,7.03));
#9905=VECTOR('',#12533,1.0);
#9906=CARTESIAN_POINT('',(3.15,5.63,1.86000000000001));
#9907=CARTESIAN_POINT('',(3.15,8.68,1.86));
#9908=VECTOR('',#12534,1.0);
#9909=CARTESIAN_POINT('',(5.25,5.73,1.86));
#9910=CARTESIAN_POINT('',(5.25,8.68,1.86));
#9911=VECTOR('',#12535,1.0);
#9912=CARTESIAN_POINT('',(3.27000000000001,5.73,1.86));
#9913=CARTESIAN_POINT('',(-5.25,5.73,1.86));
#9914=VECTOR('',#12536,1.0);
#9915=CARTESIAN_POINT('',(3.17000000000001,5.63,1.86000000000001));
#9916=CARTESIAN_POINT('',(0.485000000000044,2.94500000000001,1.86));
#9917=VECTOR('',#12537,1.0);
#9918=CARTESIAN_POINT('',(2.83000000000001,5.63,1.86000000000001));
#9919=VECTOR('',#12538,1.0);
#9920=CARTESIAN_POINT('',(3.15,5.63,1.45000205968064));
#9921=CARTESIAN_POINT('',(2.85,5.63,1.45000205968064));
#9922=CARTESIAN_POINT('',(1.57209538321421E-16,5.63,1.45000205968064));
#9923=VECTOR('',#12539,1.0);
#9924=CARTESIAN_POINT('',(3.15,5.63,-3.41523684332935E-16));
#9925=VECTOR('',#12540,1.0);
#9926=CARTESIAN_POINT('',(3.17000000000001,5.63,1.42));
#9927=CARTESIAN_POINT('',(3.17000000000001,5.63,1.33));
#9928=VECTOR('',#12541,1.0);
#9929=CARTESIAN_POINT('',(2.83000000000001,5.63,1.42));
#9930=CARTESIAN_POINT('',(2.84000000000001,5.63,1.42));
#9931=VECTOR('',#12542,1.0);
#9932=CARTESIAN_POINT('',(2.83000000000001,5.63,1.33));
#9933=VECTOR('',#12543,1.0);
#9934=CARTESIAN_POINT('',(2.85,5.63,-3.0899761915837E-16));
#9935=VECTOR('',#12544,1.0);
#9936=CARTESIAN_POINT('',(6.23,6.6,5.29999999999999));
#9937=CARTESIAN_POINT('',(8.77,6.6,5.29999999999999));
#9938=CARTESIAN_POINT('',(8.835,6.6,5.29999999999999));
#9939=VECTOR('',#12545,1.0);
#9940=CARTESIAN_POINT('',(6.23,6.6,2.75999999999999));
#9941=CARTESIAN_POINT('',(6.23,6.6,5.36499999999999));
#9942=VECTOR('',#12546,1.0);
#9943=CARTESIAN_POINT('',(8.12,6.6,2.75999999999999));
#9944=CARTESIAN_POINT('',(6.165,6.6,2.75999999999999));
#9945=VECTOR('',#12547,1.0);
#9946=CARTESIAN_POINT('',(8.77,6.6,3.40999999999999));
#9947=CARTESIAN_POINT('',(8.445,6.6,3.085));
#9948=VECTOR('',#12548,1.0);
#9949=CARTESIAN_POINT('',(8.77,6.6,2.69499999999999));
#9950=VECTOR('',#12549,1.0);
#9951=CARTESIAN_POINT('',(7.82000000000001,6.6,3.6109));
#9952=CARTESIAN_POINT('',(7.82000000000001,6.6,4.4491));
#9953=CARTESIAN_POINT('',(7.82,6.6,4.03));
#9954=VECTOR('',#12550,1.0);
#9955=CARTESIAN_POINT('',(7.18000000000001,6.6,3.6109));
#9956=CARTESIAN_POINT('',(7.5,6.6,3.6109));
#9957=VECTOR('',#12551,1.0);
#9958=CARTESIAN_POINT('',(7.18000000000001,6.6,4.4491));
#9959=CARTESIAN_POINT('',(7.18000000000001,6.6,4.03));
#9960=VECTOR('',#12552,1.0);
#9961=CARTESIAN_POINT('',(7.5,6.6,4.4491));
#9962=VECTOR('',#12553,1.0);
#9963=CARTESIAN_POINT('',(8.12,6.6,5.75999999999999));
#9964=CARTESIAN_POINT('',(6.23,6.6,5.75999999999999));
#9965=CARTESIAN_POINT('',(6.165,6.6,5.75999999999999));
#9966=VECTOR('',#12554,1.0);
#9967=CARTESIAN_POINT('',(8.77,6.6,6.40999999999999));
#9968=CARTESIAN_POINT('',(8.445,6.6,6.08499999999999));
#9969=VECTOR('',#12555,1.0);
#9970=CARTESIAN_POINT('',(8.77,6.6,8.29999999999999));
#9971=CARTESIAN_POINT('',(8.77,6.6,5.69499999999999));
#9972=VECTOR('',#12556,1.0);
#9973=CARTESIAN_POINT('',(6.23,6.6,8.29999999999999));
#9974=CARTESIAN_POINT('',(8.835,6.6,8.29999999999999));
#9975=VECTOR('',#12557,1.0);
#9976=CARTESIAN_POINT('',(6.23,6.6,8.36499999999999));
#9977=VECTOR('',#12558,1.0);
#9978=CARTESIAN_POINT('',(7.82,6.6,6.6109));
#9979=CARTESIAN_POINT('',(7.18,6.6,6.6109));
#9980=CARTESIAN_POINT('',(7.5,6.6,6.6109));
#9981=VECTOR('',#12559,1.0);
#9982=CARTESIAN_POINT('',(7.18,6.6,7.4491));
#9983=CARTESIAN_POINT('',(7.18,6.6,7.03));
#9984=VECTOR('',#12560,1.0);
#9985=CARTESIAN_POINT('',(7.82000000000001,6.6,7.4491));
#9986=CARTESIAN_POINT('',(7.5,6.6,7.4491));
#9987=VECTOR('',#12561,1.0);
#9988=CARTESIAN_POINT('',(7.82,6.6,7.03));
#9989=VECTOR('',#12562,1.0);
#9990=CARTESIAN_POINT('',(-3.15,8.68,1.86));
#9991=VECTOR('',#12563,1.0);
#9992=CARTESIAN_POINT('',(-3.26999999999999,5.73,1.86));
#9993=CARTESIAN_POINT('',(-5.73499999999999,8.19500000000001,1.86));
#9994=VECTOR('',#12564,1.0);
#9995=CARTESIAN_POINT('',(-5.25,5.73,1.86));
#9996=CARTESIAN_POINT('',(-5.25,5.73,1.86));
#9997=VECTOR('',#12565,1.0);
#9998=CARTESIAN_POINT('',(-5.25,8.68,1.86));
#9999=VECTOR('',#12566,1.0);
#10000=CARTESIAN_POINT('',(-4.7,0.0,0.405000000000001));
#10001=CARTESIAN_POINT('',(4.7,0.0,0.405));
#10002=CARTESIAN_POINT('',(5.05,0.0,0.405));
#10003=VECTOR('',#12567,1.0);
#10004=CARTESIAN_POINT('',(-4.7,0.0,2.155));
#10005=CARTESIAN_POINT('',(-4.7,0.0,-0.84));
#10006=VECTOR('',#12568,1.0);
#10007=CARTESIAN_POINT('',(4.7,0.0,2.155));
#10008=CARTESIAN_POINT('',(5.05,0.0,2.155));
#10009=VECTOR('',#12569,1.0);
#10010=CARTESIAN_POINT('',(4.7,0.0,-0.84));
#10011=VECTOR('',#12570,1.0);
#10012=CARTESIAN_POINT('',(-9.425,0.0,8.96));
#10013=CARTESIAN_POINT('',(-9.425,0.0,2.1));
#10014=CARTESIAN_POINT('',(-9.425,0.0,8.96));
#10015=VECTOR('',#12571,1.0);
#10016=CARTESIAN_POINT('',(-6.85,0.0,2.1));
#10017=CARTESIAN_POINT('',(-9.425,0.0,2.1));
#10018=VECTOR('',#12572,1.0);
#10019=CARTESIAN_POINT('',(-6.85,0.0,1.51));
#10020=CARTESIAN_POINT('',(-6.85,0.0,1.506));
#10021=VECTOR('',#12573,1.0);
#10022=CARTESIAN_POINT('',(-6.05,0.0,1.51));
#10023=CARTESIAN_POINT('',(5.05,0.0,1.51));
#10024=VECTOR('',#12574,1.0);
#10025=CARTESIAN_POINT('',(-6.05,0.0,8.67361737988404E-16));
#10026=CARTESIAN_POINT('',(-6.05,0.0,-0.84));
#10027=VECTOR('',#12575,1.0);
#10028=CARTESIAN_POINT('',(6.05,0.0,8.67361737988404E-16));
#10029=CARTESIAN_POINT('',(5.05,0.0,8.67361737988404E-16));
#10030=VECTOR('',#12576,1.0);
#10031=CARTESIAN_POINT('',(6.05,0.0,1.51));
#10032=CARTESIAN_POINT('',(6.05,0.0,3.76));
#10033=VECTOR('',#12577,1.0);
#10034=CARTESIAN_POINT('',(6.85,0.0,1.51));
#10035=CARTESIAN_POINT('',(5.05,0.0,1.51));
#10036=VECTOR('',#12578,1.0);
#10037=CARTESIAN_POINT('',(6.85,0.0,2.1));
#10038=CARTESIAN_POINT('',(6.85,0.0,-0.84));
#10039=VECTOR('',#12579,1.0);
#10040=CARTESIAN_POINT('',(9.425,0.0,2.1));
#10041=CARTESIAN_POINT('',(-9.425,0.0,2.1));
#10042=VECTOR('',#12580,1.0);
#10043=CARTESIAN_POINT('',(9.425,0.0,8.96));
#10044=CARTESIAN_POINT('',(9.425,0.0,2.1));
#10045=VECTOR('',#12581,1.0);
#10046=CARTESIAN_POINT('',(9.425,0.0,8.96));
#10047=VECTOR('',#12582,1.0);
#10048=CARTESIAN_POINT('',(-5.77,0.0,2.76));
#10049=CARTESIAN_POINT('',(-3.88,0.0,2.76));
#10050=CARTESIAN_POINT('',(5.05,0.0,2.76));
#10051=VECTOR('',#12583,1.0);
#10052=CARTESIAN_POINT('',(-5.77,0.0,5.3));
#10053=CARTESIAN_POINT('',(-5.77,0.0,-0.84));
#10054=VECTOR('',#12584,1.0);
#10055=CARTESIAN_POINT('',(-3.23,0.0,5.3));
#10056=CARTESIAN_POINT('',(5.05,0.0,5.3));
#10057=VECTOR('',#12585,1.0);
#10058=CARTESIAN_POINT('',(-3.23,0.0,3.41));
#10059=CARTESIAN_POINT('',(-3.23,0.0,-0.84));
#10060=VECTOR('',#12586,1.0);
#10061=CARTESIAN_POINT('',(-1.215,0.0,5.425));
#10062=VECTOR('',#12587,1.0);
#10063=CARTESIAN_POINT('',(-8.77,0.0,2.76));
#10064=CARTESIAN_POINT('',(-6.88,0.0,2.76));
#10065=CARTESIAN_POINT('',(5.05,0.0,2.76));
#10066=VECTOR('',#12588,1.0);
#10067=CARTESIAN_POINT('',(-8.77,0.0,5.3));
#10068=CARTESIAN_POINT('',(-8.77,0.0,-0.840000000000001));
#10069=VECTOR('',#12589,1.0);
#10070=CARTESIAN_POINT('',(-6.23,0.0,5.3));
#10071=CARTESIAN_POINT('',(5.05,0.0,5.3));
#10072=VECTOR('',#12590,1.0);
#10073=CARTESIAN_POINT('',(-6.23,0.0,3.41));
#10074=CARTESIAN_POINT('',(-6.23,0.0,-0.84));
#10075=VECTOR('',#12591,1.0);
#10076=CARTESIAN_POINT('',(-2.715,0.0,6.925));
#10077=VECTOR('',#12592,1.0);
#10078=CARTESIAN_POINT('',(-8.77,0.0,5.76));
#10079=CARTESIAN_POINT('',(-6.88,0.0,5.76));
#10080=CARTESIAN_POINT('',(5.05,0.0,5.76));
#10081=VECTOR('',#12593,1.0);
#10082=CARTESIAN_POINT('',(-8.77,0.0,8.3));
#10083=CARTESIAN_POINT('',(-8.77,0.0,-0.840000000000001));
#10084=VECTOR('',#12594,1.0);
#10085=CARTESIAN_POINT('',(-6.23,0.0,8.3));
#10086=CARTESIAN_POINT('',(5.05,0.0,8.3));
#10087=VECTOR('',#12595,1.0);
#10088=CARTESIAN_POINT('',(-6.23,0.0,6.41));
#10089=CARTESIAN_POINT('',(-6.23,0.0,-0.84));
#10090=VECTOR('',#12596,1.0);
#10091=CARTESIAN_POINT('',(-4.215,0.0,8.425));
#10092=VECTOR('',#12597,1.0);
#10093=CARTESIAN_POINT('',(-5.77,0.0,5.76));
#10094=CARTESIAN_POINT('',(-3.88,0.0,5.76));
#10095=CARTESIAN_POINT('',(5.05,0.0,5.76));
#10096=VECTOR('',#12598,1.0);
#10097=CARTESIAN_POINT('',(-5.77,0.0,8.3));
#10098=CARTESIAN_POINT('',(-5.77,0.0,-0.84));
#10099=VECTOR('',#12599,1.0);
#10100=CARTESIAN_POINT('',(-3.23,0.0,8.3));
#10101=CARTESIAN_POINT('',(5.05,0.0,8.3));
#10102=VECTOR('',#12600,1.0);
#10103=CARTESIAN_POINT('',(-3.23,0.0,6.41));
#10104=CARTESIAN_POINT('',(-3.23,0.0,-0.84));
#10105=VECTOR('',#12601,1.0);
#10106=CARTESIAN_POINT('',(-2.715,0.0,6.925));
#10107=VECTOR('',#12602,1.0);
#10108=CARTESIAN_POINT('',(-2.77,0.0,2.76));
#10109=CARTESIAN_POINT('',(-0.880000000000003,0.0,2.76));
#10110=CARTESIAN_POINT('',(5.05,0.0,2.76));
#10111=VECTOR('',#12603,1.0);
#10112=CARTESIAN_POINT('',(-2.77,0.0,5.3));
#10113=CARTESIAN_POINT('',(-2.77,0.0,-0.84));
#10114=VECTOR('',#12604,1.0);
#10115=CARTESIAN_POINT('',(-0.230000000000003,0.0,5.3));
#10116=CARTESIAN_POINT('',(5.05,0.0,5.3));
#10117=VECTOR('',#12605,1.0);
#10118=CARTESIAN_POINT('',(-0.230000000000003,0.0,3.41));
#10119=CARTESIAN_POINT('',(-0.230000000000003,0.0,-0.84));
#10120=VECTOR('',#12606,1.0);
#10121=CARTESIAN_POINT('',(0.284999999999997,0.0,3.925));
#10122=VECTOR('',#12607,1.0);
#10123=CARTESIAN_POINT('',(-2.77,0.0,5.76));
#10124=CARTESIAN_POINT('',(-0.880000000000002,0.0,5.76));
#10125=CARTESIAN_POINT('',(5.05,0.0,5.76));
#10126=VECTOR('',#12608,1.0);
#10127=CARTESIAN_POINT('',(-2.77,0.0,8.3));
#10128=CARTESIAN_POINT('',(-2.77,0.0,-0.84));
#10129=VECTOR('',#12609,1.0);
#10130=CARTESIAN_POINT('',(-0.230000000000003,0.0,8.3));
#10131=CARTESIAN_POINT('',(5.05,0.0,8.3));
#10132=VECTOR('',#12610,1.0);
#10133=CARTESIAN_POINT('',(-0.230000000000003,0.0,6.41));
#10134=CARTESIAN_POINT('',(-0.230000000000003,0.0,-0.84));
#10135=VECTOR('',#12611,1.0);
#10136=CARTESIAN_POINT('',(-1.215,0.0,5.425));
#10137=VECTOR('',#12612,1.0);
#10138=CARTESIAN_POINT('',(0.230000000000001,0.0,2.75999999999999));
#10139=CARTESIAN_POINT('',(2.12,0.0,2.76));
#10140=CARTESIAN_POINT('',(5.05,0.0,2.76));
#10141=VECTOR('',#12613,1.0);
#10142=CARTESIAN_POINT('',(0.230000000000001,0.0,5.29999999999999));
#10143=CARTESIAN_POINT('',(0.230000000000001,0.0,-0.84));
#10144=VECTOR('',#12614,1.0);
#10145=CARTESIAN_POINT('',(2.77,0.0,5.29999999999999));
#10146=CARTESIAN_POINT('',(5.05,0.0,5.29999999999999));
#10147=VECTOR('',#12615,1.0);
#10148=CARTESIAN_POINT('',(2.77,0.0,3.41));
#10149=CARTESIAN_POINT('',(2.77,0.0,-0.84));
#10150=VECTOR('',#12616,1.0);
#10151=CARTESIAN_POINT('',(1.785,0.0,2.425));
#10152=VECTOR('',#12617,1.0);
#10153=CARTESIAN_POINT('',(0.230000000000001,0.0,5.76));
#10154=CARTESIAN_POINT('',(2.77,0.0,5.76));
#10155=CARTESIAN_POINT('',(5.05,0.0,5.76));
#10156=VECTOR('',#12618,1.0);
#10157=CARTESIAN_POINT('',(0.230000000000001,0.0,8.3));
#10158=CARTESIAN_POINT('',(0.230000000000001,0.0,-0.84));
#10159=VECTOR('',#12619,1.0);
#10160=CARTESIAN_POINT('',(2.77,0.0,8.3));
#10161=CARTESIAN_POINT('',(5.05,0.0,8.3));
#10162=VECTOR('',#12620,1.0);
#10163=CARTESIAN_POINT('',(2.77,0.0,-0.84));
#10164=VECTOR('',#12621,1.0);
#10165=CARTESIAN_POINT('',(3.23,0.0,6.40999999999999));
#10166=CARTESIAN_POINT('',(3.88,0.0,5.75999999999999));
#10167=CARTESIAN_POINT('',(7.765,0.0,1.875));
#10168=VECTOR('',#12622,1.0);
#10169=CARTESIAN_POINT('',(3.23,0.0,8.3));
#10170=CARTESIAN_POINT('',(3.23,0.0,-0.84));
#10171=VECTOR('',#12623,1.0);
#10172=CARTESIAN_POINT('',(5.77,0.0,8.29999999999999));
#10173=CARTESIAN_POINT('',(5.05,0.0,8.29999999999999));
#10174=VECTOR('',#12624,1.0);
#10175=CARTESIAN_POINT('',(5.77,0.0,5.75999999999999));
#10176=CARTESIAN_POINT('',(5.77,0.0,-0.84));
#10177=VECTOR('',#12625,1.0);
#10178=CARTESIAN_POINT('',(5.05,0.0,5.75999999999999));
#10179=VECTOR('',#12626,1.0);
#10180=CARTESIAN_POINT('',(3.23,0.0,3.40999999999999));
#10181=CARTESIAN_POINT('',(3.88,0.0,2.75999999999999));
#10182=CARTESIAN_POINT('',(6.265,0.0,0.374999999999997));
#10183=VECTOR('',#12627,1.0);
#10184=CARTESIAN_POINT('',(3.23,0.0,5.29999999999999));
#10185=CARTESIAN_POINT('',(3.23,0.0,-0.84));
#10186=VECTOR('',#12628,1.0);
#10187=CARTESIAN_POINT('',(5.77,0.0,5.29999999999999));
#10188=CARTESIAN_POINT('',(5.05,0.0,5.29999999999999));
#10189=VECTOR('',#12629,1.0);
#10190=CARTESIAN_POINT('',(5.77,0.0,2.75999999999999));
#10191=CARTESIAN_POINT('',(5.77,0.0,-0.84));
#10192=VECTOR('',#12630,1.0);
#10193=CARTESIAN_POINT('',(5.05,0.0,2.75999999999999));
#10194=VECTOR('',#12631,1.0);
#10195=CARTESIAN_POINT('',(6.23,0.0,2.75999999999999));
#10196=CARTESIAN_POINT('',(8.12,0.0,2.75999999999999));
#10197=CARTESIAN_POINT('',(5.05,0.0,2.75999999999999));
#10198=VECTOR('',#12632,1.0);
#10199=CARTESIAN_POINT('',(6.23,0.0,5.29999999999999));
#10200=CARTESIAN_POINT('',(6.23,0.0,-0.839999999999999));
#10201=VECTOR('',#12633,1.0);
#10202=CARTESIAN_POINT('',(8.77,0.0,5.29999999999999));
#10203=CARTESIAN_POINT('',(5.05,0.0,5.29999999999999));
#10204=VECTOR('',#12634,1.0);
#10205=CARTESIAN_POINT('',(8.77,0.0,3.40999999999999));
#10206=CARTESIAN_POINT('',(8.77,0.0,-0.84));
#10207=VECTOR('',#12635,1.0);
#10208=CARTESIAN_POINT('',(4.785,0.0,-0.574999999999999));
#10209=VECTOR('',#12636,1.0);
#10210=CARTESIAN_POINT('',(6.23,0.0,5.75999999999999));
#10211=CARTESIAN_POINT('',(8.12,0.0,5.75999999999999));
#10212=CARTESIAN_POINT('',(5.05,0.0,5.75999999999999));
#10213=VECTOR('',#12637,1.0);
#10214=CARTESIAN_POINT('',(6.23,0.0,8.29999999999999));
#10215=CARTESIAN_POINT('',(6.23,0.0,-0.839999999999999));
#10216=VECTOR('',#12638,1.0);
#10217=CARTESIAN_POINT('',(8.77,0.0,8.29999999999999));
#10218=CARTESIAN_POINT('',(5.05,0.0,8.29999999999999));
#10219=VECTOR('',#12639,1.0);
#10220=CARTESIAN_POINT('',(8.77,0.0,6.40999999999999));
#10221=CARTESIAN_POINT('',(8.77,0.0,-0.84));
#10222=VECTOR('',#12640,1.0);
#10223=CARTESIAN_POINT('',(3.285,0.0,0.925000000000004));
#10224=VECTOR('',#12641,1.0);
#10225=CARTESIAN_POINT('',(-6.05,2.85,2.1));
#10226=CARTESIAN_POINT('',(-6.05,2.85,2.1));
#10227=VECTOR('',#12642,1.0);
#10228=CARTESIAN_POINT('',(-6.05,2.85,1.51));
#10229=CARTESIAN_POINT('',(-6.05,2.85,20.32025));
#10230=VECTOR('',#12643,1.0);
#10231=CARTESIAN_POINT('',(-6.05,3.59999999999999,1.51));
#10232=CARTESIAN_POINT('',(-6.05,8.06,1.51));
#10233=VECTOR('',#12644,1.0);
#10234=CARTESIAN_POINT('',(-6.05,3.59999999999999,-0.569999999999999));
#10235=CARTESIAN_POINT('',(-6.05,3.59999999999999,-0.414999999999999));
#10236=VECTOR('',#12645,1.0);
#10237=CARTESIAN_POINT('',(-6.05,4.23508529610858,-1.67));
#10238=CARTESIAN_POINT('',(-6.05,4.64776106789365,-2.3847754037844));
#10239=VECTOR('',#12646,1.0);
#10240=CARTESIAN_POINT('',(-6.05,4.96491470389142,-1.67));
#10241=CARTESIAN_POINT('',(-6.05,8.06,-1.67));
#10242=VECTOR('',#12647,1.0);
#10243=CARTESIAN_POINT('',(-6.05,5.60000000000001,-0.569999999999998));
#10244=CARTESIAN_POINT('',(-6.05,5.60000000000001,-0.569999999999999));
#10245=VECTOR('',#12648,1.0);
#10246=CARTESIAN_POINT('',(-6.05,5.60000000000001,1.51));
#10247=CARTESIAN_POINT('',(-6.05,5.60000000000001,-0.414999999999999));
#10248=VECTOR('',#12649,1.0);
#10249=CARTESIAN_POINT('',(-6.05,7.4,1.51));
#10250=CARTESIAN_POINT('',(-6.05,8.06,1.51));
#10251=VECTOR('',#12650,1.0);
#10252=CARTESIAN_POINT('',(-6.05,7.4,2.49999999999999));
#10253=CARTESIAN_POINT('',(-6.05,7.4,1.506));
#10254=VECTOR('',#12651,1.0);
#10255=CARTESIAN_POINT('',(-6.05,8.06,2.49999999999999));
#10256=VECTOR('',#12652,1.0);
#10257=CARTESIAN_POINT('',(-5.25,5.73,0.0));
#10258=CARTESIAN_POINT('',(-5.25,5.72999999999999,20.32025));
#10259=VECTOR('',#12653,1.0);
#10260=CARTESIAN_POINT('',(-5.25,2.85,8.67361737988404E-16));
#10261=CARTESIAN_POINT('',(-5.25,5.85,0.0));
#10262=VECTOR('',#12654,1.0);
#10263=CARTESIAN_POINT('',(-5.25,2.85,2.10000000000001));
#10264=CARTESIAN_POINT('',(-5.25,2.85,20.32025));
#10265=VECTOR('',#12655,1.0);
#10266=CARTESIAN_POINT('',(-5.25,7.3,2.1));
#10267=VECTOR('',#12656,1.0);
#10268=CARTESIAN_POINT('',(-5.25,2.85,2.1));
#10269=VECTOR('',#12657,1.0);
#10270=CARTESIAN_POINT('',(-6.05,2.85,8.67361737988404E-16));
#10271=CARTESIAN_POINT('',(5.05000000000001,2.84999999999998,8.67361737988404E-16));
#10272=VECTOR('',#12658,1.0);
#10273=CARTESIAN_POINT('',(-6.05,2.85,20.32025));
#10274=VECTOR('',#12659,1.0);
#10275=CARTESIAN_POINT('',(6.05,2.85,2.10000000000001));
#10276=CARTESIAN_POINT('',(6.05,2.85,1.51));
#10277=CARTESIAN_POINT('',(6.05,2.85,20.32025));
#10278=VECTOR('',#12660,1.0);
#10279=CARTESIAN_POINT('',(6.05,2.85,2.1));
#10280=VECTOR('',#12661,1.0);
#10281=CARTESIAN_POINT('',(6.05,7.4,2.49999999999999));
#10282=CARTESIAN_POINT('',(6.05,8.06,2.49999999999999));
#10283=VECTOR('',#12662,1.0);
#10284=CARTESIAN_POINT('',(6.05,7.4,1.51));
#10285=CARTESIAN_POINT('',(6.05,7.4,1.506));
#10286=VECTOR('',#12663,1.0);
#10287=CARTESIAN_POINT('',(6.05,5.60000000000001,1.51));
#10288=CARTESIAN_POINT('',(6.05,8.06,1.51));
#10289=VECTOR('',#12664,1.0);
#10290=CARTESIAN_POINT('',(6.05,5.60000000000001,-0.569999999999999));
#10291=CARTESIAN_POINT('',(6.05,5.60000000000001,-0.414999999999999));
#10292=VECTOR('',#12665,1.0);
#10293=CARTESIAN_POINT('',(6.05,4.96491470389142,-1.67));
#10294=CARTESIAN_POINT('',(6.05,5.60000000000001,-0.569999999999999));
#10295=VECTOR('',#12666,1.0);
#10296=CARTESIAN_POINT('',(6.05,4.2350852961086,-1.67));
#10297=CARTESIAN_POINT('',(6.05,8.06,-1.67));
#10298=VECTOR('',#12667,1.0);
#10299=CARTESIAN_POINT('',(6.05,3.59999999999999,-0.569999999999999));
#10300=CARTESIAN_POINT('',(6.05,4.64776106789365,-2.3847754037844));
#10301=VECTOR('',#12668,1.0);
#10302=CARTESIAN_POINT('',(6.05,3.59999999999999,1.51));
#10303=CARTESIAN_POINT('',(6.05,3.59999999999999,-0.414999999999999));
#10304=VECTOR('',#12669,1.0);
#10305=CARTESIAN_POINT('',(6.05,8.06,1.51));
#10306=VECTOR('',#12670,1.0);
#10307=CARTESIAN_POINT('',(-7.18,8.6025,2.49999999999999));
#10308=CARTESIAN_POINT('',(-7.81999999999999,8.6025,2.49999999999999));
#10309=CARTESIAN_POINT('',(-10.1015,8.6025,2.49999999999999));
#10310=VECTOR('',#12671,1.0);
#10311=CARTESIAN_POINT('',(-7.18,9.2375,2.49999999999999));
#10312=CARTESIAN_POINT('',(-7.18,-30.284,2.49999999999999));
#10313=VECTOR('',#12672,1.0);
#10314=CARTESIAN_POINT('',(-7.81999999999999,9.2375,2.49999999999999));
#10315=CARTESIAN_POINT('',(-10.1015,9.2375,2.49999999999999));
#10316=VECTOR('',#12673,1.0);
#10317=CARTESIAN_POINT('',(-7.81999999999999,-30.284,2.49999999999999));
#10318=VECTOR('',#12674,1.0);
#10319=CARTESIAN_POINT('',(-4.18,8.6025,2.49999999999999));
#10320=CARTESIAN_POINT('',(-4.81999999999999,8.6025,2.49999999999999));
#10321=CARTESIAN_POINT('',(-10.1015,8.6025,2.49999999999999));
#10322=VECTOR('',#12675,1.0);
#10323=CARTESIAN_POINT('',(-4.18,9.2375,2.49999999999999));
#10324=CARTESIAN_POINT('',(-4.18,-30.284,2.49999999999999));
#10325=VECTOR('',#12676,1.0);
#10326=CARTESIAN_POINT('',(-4.81999999999999,9.2375,2.49999999999999));
#10327=CARTESIAN_POINT('',(-10.1015,9.2375,2.49999999999999));
#10328=VECTOR('',#12677,1.0);
#10329=CARTESIAN_POINT('',(-4.82,-30.284,2.49999999999999));
#10330=VECTOR('',#12678,1.0);
#10331=CARTESIAN_POINT('',(-1.18,8.6025,2.49999999999999));
#10332=CARTESIAN_POINT('',(-1.81999999999999,8.6025,2.49999999999999));
#10333=CARTESIAN_POINT('',(-10.1015,8.6025,2.49999999999999));
#10334=VECTOR('',#12679,1.0);
#10335=CARTESIAN_POINT('',(-1.18,9.2375,2.49999999999999));
#10336=CARTESIAN_POINT('',(-1.18,-30.284,2.49999999999999));
#10337=VECTOR('',#12680,1.0);
#10338=CARTESIAN_POINT('',(-1.82,9.2375,2.49999999999999));
#10339=CARTESIAN_POINT('',(-10.1015,9.2375,2.49999999999999));
#10340=VECTOR('',#12681,1.0);
#10341=CARTESIAN_POINT('',(-1.82,-30.284,2.49999999999999));
#10342=VECTOR('',#12682,1.0);
#10343=CARTESIAN_POINT('',(1.82,8.6025,2.49999999999999));
#10344=CARTESIAN_POINT('',(1.18000000000001,8.6025,2.49999999999999));
#10345=CARTESIAN_POINT('',(-10.1015,8.6025,2.49999999999999));
#10346=VECTOR('',#12683,1.0);
#10347=CARTESIAN_POINT('',(1.82,9.2375,2.49999999999999));
#10348=CARTESIAN_POINT('',(1.82,-30.284,2.49999999999999));
#10349=VECTOR('',#12684,1.0);
#10350=CARTESIAN_POINT('',(1.18000000000001,9.2375,2.49999999999999));
#10351=CARTESIAN_POINT('',(-10.1015,9.2375,2.49999999999999));
#10352=VECTOR('',#12685,1.0);
#10353=CARTESIAN_POINT('',(1.18,-30.284,2.49999999999999));
#10354=VECTOR('',#12686,1.0);
#10355=CARTESIAN_POINT('',(4.82,8.6025,2.49999999999999));
#10356=CARTESIAN_POINT('',(4.18000000000001,8.6025,2.49999999999999));
#10357=CARTESIAN_POINT('',(-10.1015,8.6025,2.49999999999999));
#10358=VECTOR('',#12687,1.0);
#10359=CARTESIAN_POINT('',(4.82,9.2375,2.49999999999999));
#10360=CARTESIAN_POINT('',(4.82,-30.284,2.49999999999999));
#10361=VECTOR('',#12688,1.0);
#10362=CARTESIAN_POINT('',(4.18000000000001,9.2375,2.49999999999999));
#10363=CARTESIAN_POINT('',(-10.1015,9.2375,2.49999999999999));
#10364=VECTOR('',#12689,1.0);
#10365=CARTESIAN_POINT('',(4.18000000000001,-30.284,2.49999999999999));
#10366=VECTOR('',#12690,1.0);
#10367=CARTESIAN_POINT('',(7.82,8.6025,2.49999999999999));
#10368=CARTESIAN_POINT('',(7.18000000000001,8.6025,2.49999999999999));
#10369=CARTESIAN_POINT('',(-10.1015,8.6025,2.49999999999999));
#10370=VECTOR('',#12691,1.0);
#10371=CARTESIAN_POINT('',(7.82,9.2375,2.49999999999999));
#10372=CARTESIAN_POINT('',(7.82,-30.284,2.49999999999999));
#10373=VECTOR('',#12692,1.0);
#10374=CARTESIAN_POINT('',(7.18000000000001,9.2375,2.49999999999999));
#10375=CARTESIAN_POINT('',(-10.1015,9.2375,2.49999999999999));
#10376=VECTOR('',#12693,1.0);
#10377=CARTESIAN_POINT('',(7.18000000000001,-30.284,2.49999999999999));
#10378=VECTOR('',#12694,1.0);
#10379=CARTESIAN_POINT('',(-9.425,7.4,2.49999999999999));
#10380=CARTESIAN_POINT('',(-11.7,7.4,2.49999999999999));
#10381=VECTOR('',#12695,1.0);
#10382=CARTESIAN_POINT('',(-9.425,9.91,2.50000000000002));
#10383=CARTESIAN_POINT('',(-9.425,9.91,2.49999999999999));
#10384=VECTOR('',#12696,1.0);
#10385=CARTESIAN_POINT('',(9.425,9.91,2.50000000000002));
#10386=CARTESIAN_POINT('',(-10.1015,9.91,2.49999999999999));
#10387=VECTOR('',#12697,1.0);
#10388=CARTESIAN_POINT('',(9.425,7.4,2.49999999999999));
#10389=CARTESIAN_POINT('',(9.425,9.91,2.49999999999999));
#10390=VECTOR('',#12698,1.0);
#10391=CARTESIAN_POINT('',(-0.95,7.4,2.49999999999999));
#10392=VECTOR('',#12699,1.0);
#10393=CARTESIAN_POINT('',(5.25,2.85,0.0));
#10394=CARTESIAN_POINT('',(5.25,5.73,8.67361737988404E-16));
#10395=CARTESIAN_POINT('',(5.25,0.0,8.67361737988404E-16));
#10396=VECTOR('',#12700,1.0);
#10397=CARTESIAN_POINT('',(5.25,5.73,1.66));
#10398=VECTOR('',#12701,1.0);
#10399=CARTESIAN_POINT('',(5.25,2.85,2.1));
#10400=CARTESIAN_POINT('',(5.25,7.3,2.1));
#10401=VECTOR('',#12702,1.0);
#10402=CARTESIAN_POINT('',(5.25,2.85,20.32025));
#10403=VECTOR('',#12703,1.0);
#10404=CARTESIAN_POINT('',(6.33047715408946,4.96491470389036,-1.67));
#10405=CARTESIAN_POINT('',(6.5039,4.96491470389142,-1.67));
#10406=VECTOR('',#12704,1.0);
#10407=CARTESIAN_POINT('',(6.7297958971133,5.60000000000001,-0.569999999999999));
#10408=CARTESIAN_POINT('',(6.7297958971133,5.60000000000001,-0.569999999999999));
#10409=VECTOR('',#12705,1.0);
#10410=CARTESIAN_POINT('',(6.4246643647522,5.1040707856479,-1.42897459621559));
#10411=CARTESIAN_POINT('',(6.4246638147389,5.10407037470929,-1.42897415034782));
#10412=CARTESIAN_POINT('',(6.46668172685472,5.16803037677396,-1.31819232641958));
#10413=CARTESIAN_POINT('',(6.51343357963802,5.24117905197145,-1.19122023525981));
#10414=CARTESIAN_POINT('',(6.61527014494547,5.40649417341393,-0.904895518477201));
#10415=CARTESIAN_POINT('',(6.67034593131104,5.49865011072658,-0.745542892854361));
#10416=CARTESIAN_POINT('',(6.72979589711329,5.6,-0.569999999999987));
#10417=CARTESIAN_POINT('',(6.33047715409236,4.96491470389213,-1.66999999999878));
#10418=CARTESIAN_POINT('',(6.36282453446057,5.01112786680107,-1.58995645386203));
#10419=CARTESIAN_POINT('',(6.39409269813456,5.05753630451724,-1.50957468183773));
#10420=CARTESIAN_POINT('',(6.42466326492971,5.1040709662779,-1.42897428335524));
#10421=CARTESIAN_POINT('',(6.33047715408946,4.23508529610964,-1.67));
#10422=CARTESIAN_POINT('',(-7.75,4.23508529610858,-1.67));
#10423=VECTOR('',#12706,1.0);
#10424=CARTESIAN_POINT('',(6.4246643647522,4.09592921435209,-1.4289745962156));
#10425=CARTESIAN_POINT('',(6.33047715409236,4.23508529610787,-1.66999999999878));
#10426=CARTESIAN_POINT('',(6.36282453446057,4.18887213319893,-1.58995645386203));
#10427=CARTESIAN_POINT('',(6.39409269813456,4.14246369548276,-1.50957468183774));
#10428=CARTESIAN_POINT('',(6.42466326492971,4.0959290337221,-1.42897428335524));
#10429=CARTESIAN_POINT('',(6.7297958971133,3.59999999999999,-0.569999999999999));
#10430=CARTESIAN_POINT('',(6.4246643647522,4.09592921435211,-1.42897459621559));
#10431=CARTESIAN_POINT('',(6.5132341294404,3.96110749388626,-1.19545652640488));
#10432=CARTESIAN_POINT('',(6.61494464022856,3.79579775576856,-0.909131660999119));
#10433=CARTESIAN_POINT('',(6.7297958971167,3.59999999999902,-0.569999999998312));
#10434=CARTESIAN_POINT('',(5.85,3.59999999999999,-0.569999999999999));
#10435=VECTOR('',#12707,1.0);
#10436=AXIS2_PLACEMENT_3D('',#12708,#12709,#12710);
#10437=AXIS2_PLACEMENT_3D('',#12711,#12712,#12713);
#10438=CARTESIAN_POINT('',(-6.33047715408945,4.23508529610964,-1.67));
#10439=CARTESIAN_POINT('',(-6.5039,4.23508529610858,-1.67));
#10440=VECTOR('',#12714,1.0);
#10441=CARTESIAN_POINT('',(-6.72979589711326,3.59999999999999,-0.569999999999999));
#10442=CARTESIAN_POINT('',(-5.85,3.59999999999999,-0.569999999999999));
#10443=VECTOR('',#12715,1.0);
#10444=CARTESIAN_POINT('',(-6.42466436475221,4.09592921435209,-1.4289745962156));
#10445=CARTESIAN_POINT('',(-6.72979589711665,3.59999999999902,-0.569999999998312));
#10446=CARTESIAN_POINT('',(-6.61494464023023,3.79579775576582,-0.909131660994386));
#10447=CARTESIAN_POINT('',(-6.51323412944209,3.96110749388352,-1.19545652640014));
#10448=CARTESIAN_POINT('',(-6.42466436475223,4.09592921435211,-1.42897459621559));
#10449=CARTESIAN_POINT('',(-6.42466326492971,4.0959290337221,-1.42897428335524));
#10450=CARTESIAN_POINT('',(-6.39409269813456,4.14246369548276,-1.50957468183773));
#10451=CARTESIAN_POINT('',(-6.36282453446057,4.18887213319893,-1.58995645386203));
#10452=CARTESIAN_POINT('',(-6.33047715409235,4.23508529610787,-1.66999999999878));
#10453=CARTESIAN_POINT('',(-6.33047715408945,4.96491470389036,-1.67));
#10454=CARTESIAN_POINT('',(-7.75000000000001,4.96491470389142,-1.67));
#10455=VECTOR('',#12716,1.0);
#10456=CARTESIAN_POINT('',(-6.4246643647522,5.1040707856479,-1.42897459621559));
#10457=CARTESIAN_POINT('',(-6.42466326492971,5.1040709662779,-1.42897428335524));
#10458=CARTESIAN_POINT('',(-6.39409269813456,5.05753630451724,-1.50957468183773));
#10459=CARTESIAN_POINT('',(-6.36282453446057,5.01112786680107,-1.58995645386203));
#10460=CARTESIAN_POINT('',(-6.33047715409235,4.96491470389213,-1.66999999999878));
#10461=CARTESIAN_POINT('',(-6.72979589711326,5.60000000000001,-0.569999999999999));
#10462=CARTESIAN_POINT('',(-6.72979589711326,5.60000000000001,-0.569999999999999));
#10463=CARTESIAN_POINT('',(-6.67034593131101,5.49865011072658,-0.745542892854396));
#10464=CARTESIAN_POINT('',(-6.61527014494544,5.40649417341393,-0.904895518477245));
#10465=CARTESIAN_POINT('',(-6.51343357963799,5.24117905197144,-1.19122023525985));
#10466=CARTESIAN_POINT('',(-6.4666817268547,5.16803037677396,-1.31819232641961));
#10467=CARTESIAN_POINT('',(-6.4246638147389,5.10407037470929,-1.42897415034782));
#10468=CARTESIAN_POINT('',(-6.72979589711326,5.60000000000001,-0.569999999999999));
#10469=VECTOR('',#12717,1.0);
#10470=AXIS2_PLACEMENT_3D('',#12718,#12719,#12720);
#10471=AXIS2_PLACEMENT_3D('',#12721,#12722,#12723);
#10472=CARTESIAN_POINT('',(-9.425,9.91,2.95));
#10473=CARTESIAN_POINT('',(-9.425,9.91,2.50000000000002));
#10474=VECTOR('',#12724,1.0);
#10475=CARTESIAN_POINT('',(9.425,9.91,2.95));
#10476=CARTESIAN_POINT('',(1.175,9.91,2.95));
#10477=VECTOR('',#12725,1.0);
#10478=CARTESIAN_POINT('',(9.425,9.91,2.95));
#10479=VECTOR('',#12726,1.0);
#10480=CARTESIAN_POINT('',(-9.425,7.4,2.1));
#10481=CARTESIAN_POINT('',(-9.425,9.91,2.1));
#10482=VECTOR('',#12727,1.0);
#10483=CARTESIAN_POINT('',(-6.85,7.4,2.1));
#10484=CARTESIAN_POINT('',(-11.7,7.4,2.1));
#10485=VECTOR('',#12728,1.0);
#10486=CARTESIAN_POINT('',(-6.85,1.6,2.1));
#10487=VECTOR('',#12729,1.0);
#10488=CARTESIAN_POINT('',(9.425,7.4,2.1));
#10489=CARTESIAN_POINT('',(6.85,7.4,2.1));
#10490=CARTESIAN_POINT('',(-11.7,7.4,2.1));
#10491=VECTOR('',#12730,1.0);
#10492=CARTESIAN_POINT('',(9.425,9.91,2.1));
#10493=VECTOR('',#12731,1.0);
#10494=CARTESIAN_POINT('',(6.85,1.6,2.1));
#10495=VECTOR('',#12732,1.0);
#10496=CARTESIAN_POINT('',(-6.05,8.06,1.51));
#10497=VECTOR('',#12733,1.0);
#10498=CARTESIAN_POINT('',(-6.05,0.0,8.67361737988404E-16));
#10499=VECTOR('',#12734,1.0);
#10500=CARTESIAN_POINT('',(-9.425,9.90999999999786,8.31));
#10501=CARTESIAN_POINT('',(9.425,9.90999999999786,8.31));
#10502=CARTESIAN_POINT('',(6.425,9.91,8.31));
#10503=VECTOR('',#12735,1.0);
#10504=CARTESIAN_POINT('',(-9.425,9.91,8.96));
#10505=CARTESIAN_POINT('',(-9.425,9.91,8.96));
#10506=VECTOR('',#12736,1.0);
#10507=CARTESIAN_POINT('',(-8.25,9.91,8.96));
#10508=CARTESIAN_POINT('',(9.425,9.91,8.96));
#10509=VECTOR('',#12737,1.0);
#10510=CARTESIAN_POINT('',(-8.25,9.91,8.76));
#10511=CARTESIAN_POINT('',(-8.25,9.91,8.76));
#10512=VECTOR('',#12738,1.0);
#10513=CARTESIAN_POINT('',(8.25,9.91,8.76));
#10514=CARTESIAN_POINT('',(8.25,9.91,8.76));
#10515=VECTOR('',#12739,1.0);
#10516=CARTESIAN_POINT('',(8.25,9.91,8.96));
#10517=CARTESIAN_POINT('',(8.25,9.91,8.76));
#10518=VECTOR('',#12740,1.0);
#10519=CARTESIAN_POINT('',(9.425,9.91,8.96));
#10520=CARTESIAN_POINT('',(9.425,9.91,8.96));
#10521=VECTOR('',#12741,1.0);
#10522=CARTESIAN_POINT('',(9.425,9.91,2.1));
#10523=VECTOR('',#12742,1.0);
#10524=CARTESIAN_POINT('',(9.425,55009.24,8.31));
#10525=VECTOR('',#12743,1.0);
#10526=CARTESIAN_POINT('',(-9.425,55009.24,8.31));
#10527=VECTOR('',#12744,1.0);
#10528=CARTESIAN_POINT('',(-8.25,8.31,8.76));
#10529=CARTESIAN_POINT('',(-8.25,9.91,8.76));
#10530=VECTOR('',#12745,1.0);
#10531=CARTESIAN_POINT('',(-0.999999999999999,8.31,8.76));
#10532=CARTESIAN_POINT('',(-8.25,8.31,8.76));
#10533=VECTOR('',#12746,1.0);
#10534=CARTESIAN_POINT('',(-0.999999999999999,3.62582240450725,8.76));
#10535=CARTESIAN_POINT('',(-0.999999999999999,8.31,8.76));
#10536=VECTOR('',#12747,1.0);
#10537=CARTESIAN_POINT('',(1.0,3.62582240450725,8.76));
#10538=CARTESIAN_POINT('',(-0.999999999999999,3.62582240450725,8.76));
#10539=VECTOR('',#12748,1.0);
#10540=CARTESIAN_POINT('',(1.0,8.31,8.76));
#10541=CARTESIAN_POINT('',(1.0,3.62582240450725,8.76));
#10542=VECTOR('',#12749,1.0);
#10543=CARTESIAN_POINT('',(8.25,8.31,8.76));
#10544=CARTESIAN_POINT('',(1.0,8.31,8.76));
#10545=VECTOR('',#12750,1.0);
#10546=CARTESIAN_POINT('',(8.25,8.31,8.76));
#10547=VECTOR('',#12751,1.0);
#10548=CARTESIAN_POINT('',(8.25,8.31,8.96));
#10549=CARTESIAN_POINT('',(8.25,8.31,8.96));
#10550=VECTOR('',#12752,1.0);
#10551=CARTESIAN_POINT('',(8.25,8.31,8.76));
#10552=VECTOR('',#12753,1.0);
#10553=CARTESIAN_POINT('',(1.0,8.31,8.96));
#10554=CARTESIAN_POINT('',(1.0,8.31,8.96));
#10555=VECTOR('',#12754,1.0);
#10556=CARTESIAN_POINT('',(1.0,8.31,8.76));
#10557=VECTOR('',#12755,1.0);
#10558=CARTESIAN_POINT('',(1.0,3.62582240450725,8.96));
#10559=CARTESIAN_POINT('',(1.0,3.62582240450725,8.96));
#10560=VECTOR('',#12756,1.0);
#10561=CARTESIAN_POINT('',(1.0,3.62582240450725,8.76));
#10562=VECTOR('',#12757,1.0);
#10563=CARTESIAN_POINT('',(-0.999999999999999,3.62582240450725,8.96));
#10564=CARTESIAN_POINT('',(-0.999999999999999,3.62582240450725,8.96));
#10565=VECTOR('',#12758,1.0);
#10566=CARTESIAN_POINT('',(-0.999999999999999,3.62582240450725,8.76));
#10567=VECTOR('',#12759,1.0);
#10568=CARTESIAN_POINT('',(-0.999999999999999,8.31,8.96));
#10569=CARTESIAN_POINT('',(-0.999999999999999,8.31,8.96));
#10570=VECTOR('',#12760,1.0);
#10571=CARTESIAN_POINT('',(-0.999999999999999,8.31,8.76));
#10572=VECTOR('',#12761,1.0);
#10573=CARTESIAN_POINT('',(-8.25,8.31,8.96));
#10574=CARTESIAN_POINT('',(-8.25,8.31,8.96));
#10575=VECTOR('',#12762,1.0);
#10576=CARTESIAN_POINT('',(-8.25,8.31,8.76));
#10577=VECTOR('',#12763,1.0);
#10578=CARTESIAN_POINT('',(-8.25,9.91,8.96));
#10579=VECTOR('',#12764,1.0);
#10580=CARTESIAN_POINT('',(9.425,7.4,8.96));
#10581=VECTOR('',#12765,1.0);
#10582=CARTESIAN_POINT('',(6.85,7.4,1.51));
#10583=CARTESIAN_POINT('',(6.85,7.4,1.506));
#10584=VECTOR('',#12766,1.0);
#10585=CARTESIAN_POINT('',(6.85,7.4,1.51));
#10586=VECTOR('',#12767,1.0);
#10587=CARTESIAN_POINT('',(6.85,4.6,1.51));
#10588=CARTESIAN_POINT('',(6.85,1.6,1.51));
#10589=VECTOR('',#12768,1.0);
#10590=CARTESIAN_POINT('',(6.85,1.6,1.51));
#10591=VECTOR('',#12769,1.0);
#10592=CARTESIAN_POINT('',(6.20825756949556,5.60000000000001,1.51));
#10593=AXIS2_PLACEMENT_3D('',#12770,#12771,#12772);
#10594=CARTESIAN_POINT('',(6.2082575694956,5.60000000000001,1.51));
#10595=VECTOR('',#12773,1.0);
#10596=CARTESIAN_POINT('',(6.20825756949556,3.59999999999999,1.51));
#10597=CARTESIAN_POINT('',(5.85,3.59999999999999,1.51));
#10598=VECTOR('',#12774,1.0);
#10599=AXIS2_PLACEMENT_3D('',#12775,#12776,#12777);
#10600=CARTESIAN_POINT('',(6.05,8.06,1.51));
#10601=VECTOR('',#12778,1.0);
#10602=CARTESIAN_POINT('',(6.2082575694956,3.59999999999999,-0.219999999999999));
#10603=CARTESIAN_POINT('',(6.2082575694956,3.59999999999999,-0.414999999999999));
#10604=VECTOR('',#12779,1.0);
#10605=CARTESIAN_POINT('',(6.2082575694956,5.60000000000001,-0.219999999999999));
#10606=AXIS2_PLACEMENT_3D('',#12780,#12781,#12782);
#10607=CARTESIAN_POINT('',(6.2082575694956,5.60000000000001,-0.414999999999999));
#10608=VECTOR('',#12783,1.0);
#10609=CARTESIAN_POINT('',(6.7297958971133,5.60000000000001,-0.219999999999999));
#10610=CARTESIAN_POINT('',(6.7297958971133,5.60000000000001,-0.219999999999999));
#10611=VECTOR('',#12784,1.0);
#10612=CARTESIAN_POINT('',(6.7297958971133,5.60000000000001,-0.184999999999999));
#10613=VECTOR('',#12785,1.0);
#10614=CARTESIAN_POINT('',(6.7297958971133,3.59999999999999,-0.219999999999999));
#10615=CARTESIAN_POINT('',(6.7297958971133,3.59999999999999,-0.184999999999999));
#10616=VECTOR('',#12786,1.0);
#10617=CARTESIAN_POINT('',(5.85,3.59999999999999,-0.219999999999999));
#10618=VECTOR('',#12787,1.0);
#10619=AXIS2_PLACEMENT_3D('',#12788,#12789,#12790);
#10620=CARTESIAN_POINT('',(-6.20825756949556,5.60000000000001,1.51));
#10621=CARTESIAN_POINT('',(-6.20825756949556,5.60000000000001,1.51));
#10622=VECTOR('',#12791,1.0);
#10623=CARTESIAN_POINT('',(-6.85,4.6,1.51));
#10624=AXIS2_PLACEMENT_3D('',#12792,#12793,#12794);
#10625=CARTESIAN_POINT('',(-6.85,7.4,1.51));
#10626=CARTESIAN_POINT('',(-6.85,1.6,1.51));
#10627=VECTOR('',#12795,1.0);
#10628=CARTESIAN_POINT('',(-6.85,7.4,1.51));
#10629=VECTOR('',#12796,1.0);
#10630=CARTESIAN_POINT('',(-6.85,1.6,1.51));
#10631=VECTOR('',#12797,1.0);
#10632=CARTESIAN_POINT('',(-6.85,7.4,1.506));
#10633=VECTOR('',#12798,1.0);
#10634=CARTESIAN_POINT('',(-6.20825756949556,3.59999999999999,1.51));
#10635=AXIS2_PLACEMENT_3D('',#12799,#12800,#12801);
#10636=CARTESIAN_POINT('',(-5.85,3.59999999999999,1.51));
#10637=VECTOR('',#12802,1.0);
#10638=CARTESIAN_POINT('',(-6.20825756949556,3.59999999999999,-0.219999999999999));
#10639=CARTESIAN_POINT('',(-6.20825756949556,3.59999999999999,-0.414999999999999));
#10640=VECTOR('',#12803,1.0);
#10641=CARTESIAN_POINT('',(-6.72979589711326,3.59999999999999,-0.219999999999999));
#10642=CARTESIAN_POINT('',(-5.85,3.59999999999999,-0.219999999999999));
#10643=VECTOR('',#12804,1.0);
#10644=CARTESIAN_POINT('',(-6.72979589711326,3.59999999999999,-0.184999999999999));
#10645=VECTOR('',#12805,1.0);
#10646=CARTESIAN_POINT('',(-6.20825756949557,5.60000000000001,-0.219999999999999));
#10647=CARTESIAN_POINT('',(-6.20825756949557,5.60000000000001,-0.414999999999999));
#10648=VECTOR('',#12806,1.0);
#10649=CARTESIAN_POINT('',(-6.72979589711327,5.60000000000001,-0.219999999999999));
#10650=CARTESIAN_POINT('',(-6.72979589711327,5.60000000000001,-0.184999999999999));
#10651=VECTOR('',#12807,1.0);
#10652=CARTESIAN_POINT('',(-6.72979589711326,5.60000000000001,-0.219999999999999));
#10653=VECTOR('',#12808,1.0);
#10654=AXIS2_PLACEMENT_3D('',#12809,#12810,#12811);
#10655=AXIS2_PLACEMENT_3D('',#12812,#12813,#12814);
#10656=CARTESIAN_POINT('',(-9.425,7.4,8.96));
#10657=VECTOR('',#12815,1.0);
#10658=CARTESIAN_POINT('',(8.6975445058318,9.34,6.96221918354819));
#10659=CARTESIAN_POINT('',(9.3,9.34,6.96221918354819));
#10660=CARTESIAN_POINT('',(8.9987722529159,9.34,6.96221918354819));
#10661=VECTOR('',#12816,1.0);
#10662=CARTESIAN_POINT('',(8.6975445058318,9.34,7.01582206704863));
#10663=CARTESIAN_POINT('',(8.6975445058318,9.34,6.98902062529841));
#10664=VECTOR('',#12817,1.0);
#10665=CARTESIAN_POINT('',(8.848189073051,9.34,7.21218081645181));
#10666=CARTESIAN_POINT('',(8.848189073051,9.34,7.21218081645181));
#10667=CARTESIAN_POINT('',(8.8287906691222,9.34,7.16552131164313));
#10668=CARTESIAN_POINT('',(8.8053406998158,9.34,7.12483311250938));
#10669=CARTESIAN_POINT('',(8.7502229946202,9.34,7.05497629967863));
#10670=CARTESIAN_POINT('',(8.7234499693063,9.34,7.03040316230134));
#10671=CARTESIAN_POINT('',(8.6975445058318,9.34,7.01582206704863));
#10672=CARTESIAN_POINT('',(8.91929948969345,9.34,7.21218081645181));
#10673=CARTESIAN_POINT('',(8.8837937384899,9.34,7.21218081645181));
#10674=VECTOR('',#12818,1.0);
#10675=CARTESIAN_POINT('',(8.83069590862375,9.34,7.04553972784939));
#10676=AXIS2_PLACEMENT_3D('',#12819,#12820,#12821);
#10677=CARTESIAN_POINT('',(9.3,9.34,7.0455397278494));
#10678=CARTESIAN_POINT('',(9.06531614487415,9.34,7.0455397278494));
#10679=VECTOR('',#12822,1.0);
#10680=CARTESIAN_POINT('',(9.3,9.34,7.00387945569879));
#10681=VECTOR('',#12823,1.0);
#10682=CARTESIAN_POINT('',(8.6975445058318,9.34,7.01582206704863));
#10683=VECTOR('',#12824,1.0);
#10684=CARTESIAN_POINT('',(8.6975445058318,9.34,6.96221918354819));
#10685=VECTOR('',#12825,1.0);
#10686=CARTESIAN_POINT('',(8.848189073051,9.34,7.21218081645181));
#10687=VECTOR('',#12826,1.0);
#10688=CARTESIAN_POINT('',(8.91929948969345,9.34,7.21218081645181));
#10689=VECTOR('',#12827,1.0);
#10690=CARTESIAN_POINT('',(8.83069590862376,9.34,7.0455397278494));
#10691=VECTOR('',#12828,1.0);
#10692=CARTESIAN_POINT('',(9.3,9.34,7.0455397278494));
#10693=VECTOR('',#12829,1.0);
#10694=CARTESIAN_POINT('',(9.3,9.34,6.96221918354819));
#10695=VECTOR('',#12830,1.0);
#10696=CARTESIAN_POINT('',(2.555,9.91,5.29));
#10697=CARTESIAN_POINT('',(2.555,9.91,5.77));
#10698=CARTESIAN_POINT('',(2.555,9.91,5.18));
#10699=VECTOR('',#12831,1.0);
#10700=CARTESIAN_POINT('',(0.444999999999999,9.91,5.29));
#10701=CARTESIAN_POINT('',(0.444999999999999,9.91,5.29));
#10702=VECTOR('',#12832,1.0);
#10703=CARTESIAN_POINT('',(0.444999999999999,9.91,5.77));
#10704=CARTESIAN_POINT('',(0.444999999999999,9.91,5.88));
#10705=VECTOR('',#12833,1.0);
#10706=CARTESIAN_POINT('',(2.555,9.91,5.77));
#10707=VECTOR('',#12834,1.0);
#10708=CARTESIAN_POINT('',(-3.445,9.91,5.29));
#10709=CARTESIAN_POINT('',(-3.445,9.91,5.77));
#10710=CARTESIAN_POINT('',(-3.445,9.91,5.18));
#10711=VECTOR('',#12835,1.0);
#10712=CARTESIAN_POINT('',(-5.555,9.91,5.29));
#10713=CARTESIAN_POINT('',(-5.555,9.91,5.29));
#10714=VECTOR('',#12836,1.0);
#10715=CARTESIAN_POINT('',(-5.555,9.91,5.77));
#10716=CARTESIAN_POINT('',(-5.555,9.91,5.88));
#10717=VECTOR('',#12837,1.0);
#10718=CARTESIAN_POINT('',(-3.445,9.91,5.77));
#10719=VECTOR('',#12838,1.0);
#10720=CARTESIAN_POINT('',(-6.445,9.91,5.29));
#10721=CARTESIAN_POINT('',(-6.445,9.91,5.77));
#10722=CARTESIAN_POINT('',(-6.445,9.91,5.18));
#10723=VECTOR('',#12839,1.0);
#10724=CARTESIAN_POINT('',(-8.555,9.91,5.29));
#10725=CARTESIAN_POINT('',(-8.555,9.91,5.29));
#10726=VECTOR('',#12840,1.0);
#10727=CARTESIAN_POINT('',(-8.555,9.91,5.77));
#10728=CARTESIAN_POINT('',(-8.555,9.91,5.88));
#10729=VECTOR('',#12841,1.0);
#10730=CARTESIAN_POINT('',(-6.445,9.91,5.77));
#10731=VECTOR('',#12842,1.0);
#10732=CARTESIAN_POINT('',(-0.444999999999999,9.91,5.29));
#10733=CARTESIAN_POINT('',(-0.444999999999999,9.91,5.77));
#10734=CARTESIAN_POINT('',(-0.444999999999999,9.91,5.18));
#10735=VECTOR('',#12843,1.0);
#10736=CARTESIAN_POINT('',(-2.555,9.91,5.29));
#10737=CARTESIAN_POINT('',(-2.555,9.91,5.29));
#10738=VECTOR('',#12844,1.0);
#10739=CARTESIAN_POINT('',(-2.555,9.91,5.77));
#10740=CARTESIAN_POINT('',(-2.555,9.91,5.88));
#10741=VECTOR('',#12845,1.0);
#10742=CARTESIAN_POINT('',(-0.444999999999999,9.91,5.77));
#10743=VECTOR('',#12846,1.0);
#10744=CARTESIAN_POINT('',(5.555,9.91,5.29));
#10745=CARTESIAN_POINT('',(5.555,9.91,5.77));
#10746=CARTESIAN_POINT('',(5.555,9.91,5.18));
#10747=VECTOR('',#12847,1.0);
#10748=CARTESIAN_POINT('',(3.445,9.91,5.29));
#10749=CARTESIAN_POINT('',(3.445,9.91,5.29));
#10750=VECTOR('',#12848,1.0);
#10751=CARTESIAN_POINT('',(3.445,9.91,5.77));
#10752=CARTESIAN_POINT('',(3.445,9.91,5.88));
#10753=VECTOR('',#12849,1.0);
#10754=CARTESIAN_POINT('',(5.555,9.91,5.77));
#10755=VECTOR('',#12850,1.0);
#10756=CARTESIAN_POINT('',(8.555,9.91,5.29));
#10757=CARTESIAN_POINT('',(8.555,9.91,5.77));
#10758=CARTESIAN_POINT('',(8.555,9.91,5.18));
#10759=VECTOR('',#12851,1.0);
#10760=CARTESIAN_POINT('',(6.445,9.91,5.29));
#10761=CARTESIAN_POINT('',(6.445,9.91,5.29));
#10762=VECTOR('',#12852,1.0);
#10763=CARTESIAN_POINT('',(6.445,9.91,5.77));
#10764=CARTESIAN_POINT('',(6.445,9.91,5.88));
#10765=VECTOR('',#12853,1.0);
#10766=CARTESIAN_POINT('',(8.555,9.91,5.77));
#10767=VECTOR('',#12854,1.0);
#10768=CARTESIAN_POINT('',(6.445,15.873,5.77));
#10769=VECTOR('',#12855,1.0);
#10770=CARTESIAN_POINT('',(6.445,15.873,5.29));
#10771=VECTOR('',#12856,1.0);
#10772=CARTESIAN_POINT('',(8.555,15.873,5.29));
#10773=VECTOR('',#12857,1.0);
#10774=CARTESIAN_POINT('',(8.555,15.873,5.77));
#10775=VECTOR('',#12858,1.0);
#10776=CARTESIAN_POINT('',(-9.425,3.277,2.95));
#10777=VECTOR('',#12859,1.0);
#10778=CARTESIAN_POINT('',(9.425,3.277,2.95));
#10779=VECTOR('',#12860,1.0);
#10780=CARTESIAN_POINT('',(3.445,15.873,5.77));
#10781=VECTOR('',#12861,1.0);
#10782=CARTESIAN_POINT('',(3.445,15.873,5.29));
#10783=VECTOR('',#12862,1.0);
#10784=CARTESIAN_POINT('',(5.555,15.873,5.29));
#10785=VECTOR('',#12863,1.0);
#10786=CARTESIAN_POINT('',(5.555,15.873,5.77));
#10787=VECTOR('',#12864,1.0);
#10788=CARTESIAN_POINT('',(-2.555,15.873,5.77));
#10789=VECTOR('',#12865,1.0);
#10790=CARTESIAN_POINT('',(-2.555,15.873,5.29));
#10791=VECTOR('',#12866,1.0);
#10792=CARTESIAN_POINT('',(-0.444999999999999,15.873,5.29));
#10793=VECTOR('',#12867,1.0);
#10794=CARTESIAN_POINT('',(-0.444999999999999,15.873,5.77));
#10795=VECTOR('',#12868,1.0);
#10796=CARTESIAN_POINT('',(-8.555,15.873,5.77));
#10797=VECTOR('',#12869,1.0);
#10798=CARTESIAN_POINT('',(-8.555,15.873,5.29));
#10799=VECTOR('',#12870,1.0);
#10800=CARTESIAN_POINT('',(-6.445,15.873,5.29));
#10801=VECTOR('',#12871,1.0);
#10802=CARTESIAN_POINT('',(-6.445,15.873,5.77));
#10803=VECTOR('',#12872,1.0);
#10804=CARTESIAN_POINT('',(-5.555,15.873,5.77));
#10805=VECTOR('',#12873,1.0);
#10806=CARTESIAN_POINT('',(-5.555,15.873,5.29));
#10807=VECTOR('',#12874,1.0);
#10808=CARTESIAN_POINT('',(-3.445,15.873,5.29));
#10809=VECTOR('',#12875,1.0);
#10810=CARTESIAN_POINT('',(-3.445,15.873,5.77));
#10811=VECTOR('',#12876,1.0);
#10812=CARTESIAN_POINT('',(0.444999999999999,15.873,5.77));
#10813=VECTOR('',#12877,1.0);
#10814=CARTESIAN_POINT('',(0.444999999999999,15.873,5.29));
#10815=VECTOR('',#12878,1.0);
#10816=CARTESIAN_POINT('',(2.555,15.873,5.29));
#10817=VECTOR('',#12879,1.0);
#10818=CARTESIAN_POINT('',(2.555,15.873,5.77));
#10819=VECTOR('',#12880,1.0);
#10820=CARTESIAN_POINT('',(-0.699999999999999,2.95,8.96));
#10821=CARTESIAN_POINT('',(-0.699999999999999,2.95,10.36));
#10822=CARTESIAN_POINT('',(-0.699999999999999,2.95,8.96));
#10823=VECTOR('',#12881,1.0);
#10824=CARTESIAN_POINT('',(-0.699999999999999,0.54,8.96));
#10825=CARTESIAN_POINT('',(-0.699999999999999,0.54,8.96));
#10826=VECTOR('',#12882,1.0);
#10827=CARTESIAN_POINT('',(-0.699999999999999,2.2,10.36));
#10828=CARTESIAN_POINT('',(-0.699999999999999,2.2,10.36));
#10829=VECTOR('',#12883,1.0);
#10830=CARTESIAN_POINT('',(-0.699999999999999,2.95,10.36));
#10831=VECTOR('',#12884,1.0);
#10832=CARTESIAN_POINT('',(0.700000000000001,0.54,8.96));
#10833=CARTESIAN_POINT('',(0.700000000000001,2.95,8.96));
#10834=CARTESIAN_POINT('',(0.700000000000001,0.54,8.96));
#10835=VECTOR('',#12885,1.0);
#10836=CARTESIAN_POINT('',(0.700000000000001,2.95,10.36));
#10837=CARTESIAN_POINT('',(0.700000000000001,2.95,8.96));
#10838=VECTOR('',#12886,1.0);
#10839=CARTESIAN_POINT('',(0.700000000000001,2.2,10.36));
#10840=CARTESIAN_POINT('',(0.700000000000001,2.95,10.36));
#10841=VECTOR('',#12887,1.0);
#10842=CARTESIAN_POINT('',(0.700000000000001,2.2,10.36));
#10843=VECTOR('',#12888,1.0);
#10844=CARTESIAN_POINT('',(0.700000000000001,0.54,8.96));
#10845=VECTOR('',#12889,1.0);
#10846=CARTESIAN_POINT('',(0.700000000000001,2.2,10.36));
#10847=VECTOR('',#12890,1.0);
#10848=CARTESIAN_POINT('',(0.700000000000001,2.95,10.36));
#10849=VECTOR('',#12891,1.0);
#10850=CARTESIAN_POINT('',(9.425,2.95,8.96));
#10851=VECTOR('',#12892,1.0);
#10852=CARTESIAN_POINT('',(4.7,0.0,2.155));
#10853=VECTOR('',#12893,1.0);
#10854=CARTESIAN_POINT('',(-4.7,0.0,2.155));
#10855=VECTOR('',#12894,1.0);
#10856=CARTESIAN_POINT('',(-4.7,0.0,0.405));
#10857=VECTOR('',#12895,1.0);
#10858=CARTESIAN_POINT('',(4.7,0.0,0.405));
#10859=VECTOR('',#12896,1.0);
#10860=CARTESIAN_POINT('',(5.05,5.73,8.67361737988404E-16));
#10861=VECTOR('',#12897,1.0);
#10862=CARTESIAN_POINT('',(6.05,2.85,8.67361737988404E-16));
#10863=CARTESIAN_POINT('',(5.04999999999999,2.85,8.67361737988404E-16));
#10864=VECTOR('',#12898,1.0);
#10865=CARTESIAN_POINT('',(6.05,0.0,8.67361737988404E-16));
#10866=VECTOR('',#12899,1.0);
#10867=CARTESIAN_POINT('',(6.05,2.85,3.76));
#10868=VECTOR('',#12900,1.0);
#10869=CARTESIAN_POINT('',(-9.425,9.91,8.96));
#10870=VECTOR('',#12901,1.0);
#10871=CARTESIAN_POINT('',(9.425,9.91,8.96));
#10872=VECTOR('',#12902,1.0);
#10873=CARTESIAN_POINT('',(5.25,2.85,2.1));
#10874=VECTOR('',#12903,1.0);
#10875=CARTESIAN_POINT('',(-3.26999999999999,5.73,1.32));
#10876=CARTESIAN_POINT('',(-3.26999999999999,5.73,1.33));
#10877=VECTOR('',#12904,1.0);
#10878=CARTESIAN_POINT('',(-2.72999999999999,5.73,1.32));
#10879=CARTESIAN_POINT('',(-5.25,5.73,1.32));
#10880=VECTOR('',#12905,1.0);
#10881=CARTESIAN_POINT('',(-2.72999999999999,5.73,1.33));
#10882=VECTOR('',#12906,1.0);
#10883=CARTESIAN_POINT('',(-1.26999999999999,5.73,1.32));
#10884=CARTESIAN_POINT('',(-1.26999999999999,5.73,1.33));
#10885=VECTOR('',#12907,1.0);
#10886=CARTESIAN_POINT('',(-0.729999999999991,5.73,1.32));
#10887=CARTESIAN_POINT('',(-5.25,5.73,1.32));
#10888=VECTOR('',#12908,1.0);
#10889=CARTESIAN_POINT('',(-0.729999999999991,5.73,1.33));
#10890=VECTOR('',#12909,1.0);
#10891=CARTESIAN_POINT('',(0.730000000000012,5.73,1.32));
#10892=CARTESIAN_POINT('',(0.730000000000012,5.73,1.33));
#10893=VECTOR('',#12910,1.0);
#10894=CARTESIAN_POINT('',(1.27000000000001,5.73,1.32));
#10895=CARTESIAN_POINT('',(-5.25,5.73,1.32));
#10896=VECTOR('',#12911,1.0);
#10897=CARTESIAN_POINT('',(1.27000000000001,5.73,1.33));
#10898=VECTOR('',#12912,1.0);
#10899=CARTESIAN_POINT('',(2.73000000000001,5.73,1.32));
#10900=CARTESIAN_POINT('',(2.73000000000001,5.73,1.33));
#10901=VECTOR('',#12913,1.0);
#10902=CARTESIAN_POINT('',(3.27000000000001,5.73,1.32));
#10903=CARTESIAN_POINT('',(-5.25,5.73,1.32));
#10904=VECTOR('',#12914,1.0);
#10905=CARTESIAN_POINT('',(3.27000000000001,5.73,1.33));
#10906=VECTOR('',#12915,1.0);
#10907=CARTESIAN_POINT('',(-2.79999999999999,5.66,1.39));
#10908=VECTOR('',#12916,1.0);
#10909=CARTESIAN_POINT('',(-3.16666666666666,5.62666666666667,1.42333333333334));
#10910=VECTOR('',#12917,1.0);
#10911=CARTESIAN_POINT('',(-0.79999999999999,5.66,1.39));
#10912=VECTOR('',#12918,1.0);
#10913=CARTESIAN_POINT('',(-1.16666666666666,5.62666666666667,1.42333333333334));
#10914=VECTOR('',#12919,1.0);
#10915=CARTESIAN_POINT('',(1.20000000000001,5.66,1.39));
#10916=VECTOR('',#12920,1.0);
#10917=CARTESIAN_POINT('',(0.833333333333344,5.62666666666667,1.42333333333334));
#10918=VECTOR('',#12921,1.0);
#10919=CARTESIAN_POINT('',(3.20000000000001,5.66,1.39));
#10920=VECTOR('',#12922,1.0);
#10921=CARTESIAN_POINT('',(2.83333333333334,5.62666666666667,1.42333333333334));
#10922=VECTOR('',#12923,1.0);
#10923=CARTESIAN_POINT('',(0.230000000000001,65.31525,5.29999999999999));
#10924=VECTOR('',#12924,1.0);
#10925=CARTESIAN_POINT('',(0.230000000000001,65.31525,2.76));
#10926=VECTOR('',#12925,1.0);
#10927=CARTESIAN_POINT('',(2.12,65.31525,2.76));
#10928=VECTOR('',#12926,1.0);
#10929=CARTESIAN_POINT('',(2.77,65.31525,3.41));
#10930=VECTOR('',#12927,1.0);
#10931=CARTESIAN_POINT('',(2.77,65.31525,5.29999999999999));
#10932=VECTOR('',#12928,1.0);
#10933=CARTESIAN_POINT('',(0.230000000000001,65.31525,8.3));
#10934=VECTOR('',#12929,1.0);
#10935=CARTESIAN_POINT('',(0.230000000000001,65.31525,5.76));
#10936=VECTOR('',#12930,1.0);
#10937=CARTESIAN_POINT('',(2.77,65.31525,5.76));
#10938=VECTOR('',#12931,1.0);
#10939=CARTESIAN_POINT('',(2.77,65.31525,8.3));
#10940=VECTOR('',#12932,1.0);
#10941=CARTESIAN_POINT('',(-5.77,65.31525,5.3));
#10942=VECTOR('',#12933,1.0);
#10943=CARTESIAN_POINT('',(-5.77,65.31525,2.76));
#10944=VECTOR('',#12934,1.0);
#10945=CARTESIAN_POINT('',(-3.88,65.31525,2.76));
#10946=VECTOR('',#12935,1.0);
#10947=CARTESIAN_POINT('',(-3.23,65.31525,3.41));
#10948=VECTOR('',#12936,1.0);
#10949=CARTESIAN_POINT('',(-3.23,65.31525,5.3));
#10950=VECTOR('',#12937,1.0);
#10951=CARTESIAN_POINT('',(-5.77,65.31525,8.3));
#10952=VECTOR('',#12938,1.0);
#10953=CARTESIAN_POINT('',(-5.77,65.31525,5.76));
#10954=VECTOR('',#12939,1.0);
#10955=CARTESIAN_POINT('',(-3.88,65.31525,5.76));
#10956=VECTOR('',#12940,1.0);
#10957=CARTESIAN_POINT('',(-3.23,65.31525,6.41));
#10958=VECTOR('',#12941,1.0);
#10959=CARTESIAN_POINT('',(-3.23,65.31525,8.3));
#10960=VECTOR('',#12942,1.0);
#10961=CARTESIAN_POINT('',(-8.77,65.31525,5.3));
#10962=VECTOR('',#12943,1.0);
#10963=CARTESIAN_POINT('',(-8.77,65.31525,2.76));
#10964=VECTOR('',#12944,1.0);
#10965=CARTESIAN_POINT('',(-6.88,65.31525,2.76));
#10966=VECTOR('',#12945,1.0);
#10967=CARTESIAN_POINT('',(-6.23,65.31525,3.41));
#10968=VECTOR('',#12946,1.0);
#10969=CARTESIAN_POINT('',(-6.23,65.31525,5.3));
#10970=VECTOR('',#12947,1.0);
#10971=CARTESIAN_POINT('',(-8.77,65.31525,8.3));
#10972=VECTOR('',#12948,1.0);
#10973=CARTESIAN_POINT('',(-8.77,65.31525,5.76));
#10974=VECTOR('',#12949,1.0);
#10975=CARTESIAN_POINT('',(-6.88,65.31525,5.76));
#10976=VECTOR('',#12950,1.0);
#10977=CARTESIAN_POINT('',(-6.23,65.31525,6.41));
#10978=VECTOR('',#12951,1.0);
#10979=CARTESIAN_POINT('',(-6.23,65.31525,8.3));
#10980=VECTOR('',#12952,1.0);
#10981=CARTESIAN_POINT('',(6.23,65.31525,5.29999999999999));
#10982=VECTOR('',#12953,1.0);
#10983=CARTESIAN_POINT('',(6.23,65.31525,2.75999999999999));
#10984=VECTOR('',#12954,1.0);
#10985=CARTESIAN_POINT('',(8.12,65.31525,2.75999999999999));
#10986=VECTOR('',#12955,1.0);
#10987=CARTESIAN_POINT('',(8.77,65.31525,3.40999999999999));
#10988=VECTOR('',#12956,1.0);
#10989=CARTESIAN_POINT('',(8.77,65.31525,5.29999999999999));
#10990=VECTOR('',#12957,1.0);
#10991=CARTESIAN_POINT('',(6.23,65.31525,8.29999999999999));
#10992=VECTOR('',#12958,1.0);
#10993=CARTESIAN_POINT('',(6.23,65.31525,5.75999999999999));
#10994=VECTOR('',#12959,1.0);
#10995=CARTESIAN_POINT('',(8.12,65.31525,5.75999999999999));
#10996=VECTOR('',#12960,1.0);
#10997=CARTESIAN_POINT('',(8.77,65.31525,6.40999999999999));
#10998=VECTOR('',#12961,1.0);
#10999=CARTESIAN_POINT('',(8.77,65.31525,8.29999999999999));
#11000=VECTOR('',#12962,1.0);
#11001=CARTESIAN_POINT('',(3.23,65.31525,8.29999999999999));
#11002=VECTOR('',#12963,1.0);
#11003=CARTESIAN_POINT('',(3.23,65.31525,6.40999999999999));
#11004=VECTOR('',#12964,1.0);
#11005=CARTESIAN_POINT('',(3.88,65.31525,5.75999999999999));
#11006=VECTOR('',#12965,1.0);
#11007=CARTESIAN_POINT('',(5.77,65.31525,5.75999999999999));
#11008=VECTOR('',#12966,1.0);
#11009=CARTESIAN_POINT('',(5.77,65.31525,8.29999999999999));
#11010=VECTOR('',#12967,1.0);
#11011=CARTESIAN_POINT('',(-2.77,65.31525,5.3));
#11012=VECTOR('',#12968,1.0);
#11013=CARTESIAN_POINT('',(-2.77,65.31525,2.76));
#11014=VECTOR('',#12969,1.0);
#11015=CARTESIAN_POINT('',(-0.880000000000002,65.31525,2.76));
#11016=VECTOR('',#12970,1.0);
#11017=CARTESIAN_POINT('',(-0.230000000000003,65.31525,3.41));
#11018=VECTOR('',#12971,1.0);
#11019=CARTESIAN_POINT('',(-0.230000000000003,65.31525,5.3));
#11020=VECTOR('',#12972,1.0);
#11021=CARTESIAN_POINT('',(3.23,65.31525,5.29999999999999));
#11022=VECTOR('',#12973,1.0);
#11023=CARTESIAN_POINT('',(3.23,65.31525,3.40999999999999));
#11024=VECTOR('',#12974,1.0);
#11025=CARTESIAN_POINT('',(3.88,65.31525,2.75999999999999));
#11026=VECTOR('',#12975,1.0);
#11027=CARTESIAN_POINT('',(5.77,65.31525,2.75999999999999));
#11028=VECTOR('',#12976,1.0);
#11029=CARTESIAN_POINT('',(5.77,65.31525,5.29999999999999));
#11030=VECTOR('',#12977,1.0);
#11031=CARTESIAN_POINT('',(-2.77,65.31525,8.3));
#11032=VECTOR('',#12978,1.0);
#11033=CARTESIAN_POINT('',(-2.77,65.31525,5.76));
#11034=VECTOR('',#12979,1.0);
#11035=CARTESIAN_POINT('',(-0.880000000000002,65.31525,5.76));
#11036=VECTOR('',#12980,1.0);
#11037=CARTESIAN_POINT('',(-0.230000000000003,65.31525,6.41));
#11038=VECTOR('',#12981,1.0);
#11039=CARTESIAN_POINT('',(-0.230000000000003,65.31525,8.3));
#11040=VECTOR('',#12982,1.0);
#11041=CARTESIAN_POINT('',(7.82,6.42643186658629,6.6109));
#11042=CARTESIAN_POINT('',(7.82,6.28274776864918,6.7125));
#11043=AXIS2_PLACEMENT_3D('',#12983,#12984,#12985);
#11044=CARTESIAN_POINT('',(7.18,6.28274776864918,6.7125));
#11045=CARTESIAN_POINT('',(7.0799976,6.28274776864918,6.7125));
#11046=VECTOR('',#12986,1.0);
#11047=CARTESIAN_POINT('',(7.18,6.42643186658629,6.6109));
#11048=AXIS2_PLACEMENT_3D('',#12987,#12988,#12989);
#11049=CARTESIAN_POINT('',(7.18,6.42643186658629,6.6109));
#11050=VECTOR('',#12990,1.0);
#11051=CARTESIAN_POINT('',(7.82,2.15,6.7125));
#11052=CARTESIAN_POINT('',(7.82000000000001,15.9596386162432,6.7125));
#11053=VECTOR('',#12991,1.0);
#11054=CARTESIAN_POINT('',(7.18,2.15,6.7125));
#11055=CARTESIAN_POINT('',(7.82000000000001,2.15,6.7125));
#11056=VECTOR('',#12992,1.0);
#11057=CARTESIAN_POINT('',(7.18000000000001,15.9596386162432,6.7125));
#11058=VECTOR('',#12993,1.0);
#11059=CARTESIAN_POINT('',(7.82,2.15,7.3475));
#11060=CARTESIAN_POINT('',(7.82000000000001,2.15,7.13851326801685));
#11061=VECTOR('',#12994,1.0);
#11062=CARTESIAN_POINT('',(7.18,2.15,7.3475));
#11063=CARTESIAN_POINT('',(7.82000000000001,2.15,7.3475));
#11064=VECTOR('',#12995,1.0);
#11065=CARTESIAN_POINT('',(7.18,2.15,7.13851326801685));
#11066=VECTOR('',#12996,1.0);
#11067=CARTESIAN_POINT('',(7.82,6.28274776864918,7.3475));
#11068=CARTESIAN_POINT('',(7.82000000000001,15.9596386162432,7.3475));
#11069=VECTOR('',#12997,1.0);
#11070=CARTESIAN_POINT('',(7.18,6.28274776864918,7.3475));
#11071=CARTESIAN_POINT('',(7.0799976,6.28274776864918,7.3475));
#11072=VECTOR('',#12998,1.0);
#11073=CARTESIAN_POINT('',(7.18000000000001,15.9596386162432,7.3475));
#11074=VECTOR('',#12999,1.0);
#11075=CARTESIAN_POINT('',(7.82,6.42643186658629,7.4491));
#11076=AXIS2_PLACEMENT_3D('',#13000,#13001,#13002);
#11077=CARTESIAN_POINT('',(7.18,6.42643186658629,7.4491));
#11078=CARTESIAN_POINT('',(7.18,6.42643186658629,7.4491));
#11079=VECTOR('',#13003,1.0);
#11080=AXIS2_PLACEMENT_3D('',#13004,#13005,#13006);
#11081=CARTESIAN_POINT('',(7.82000000000001,15.9596386162432,6.6109));
#11082=VECTOR('',#13007,1.0);
#11083=CARTESIAN_POINT('',(7.82000000000001,15.9596386162432,7.4491));
#11084=VECTOR('',#13008,1.0);
#11085=CARTESIAN_POINT('',(7.18000000000001,15.9596386162432,6.6109));
#11086=VECTOR('',#13009,1.0);
#11087=CARTESIAN_POINT('',(7.18000000000001,15.9596386162432,7.4491));
#11088=VECTOR('',#13010,1.0);
#11089=CARTESIAN_POINT('',(7.18,11.0945,6.4839));
#11090=CARTESIAN_POINT('',(7.18,9.1867,6.4839));
#11091=VECTOR('',#13011,1.0);
#11092=CARTESIAN_POINT('',(7.82000000000001,11.0945,6.4839));
#11093=CARTESIAN_POINT('',(7.82000000000001,11.0945,6.4839));
#11094=VECTOR('',#13012,1.0);
#11095=CARTESIAN_POINT('',(7.82000000000001,9.98467661624321,6.4839));
#11096=VECTOR('',#13013,1.0);
#11097=CARTESIAN_POINT('',(7.82000000000001,12.2375,7.1189));
#11098=CARTESIAN_POINT('',(7.82,12.9564766162432,7.1189));
#11099=VECTOR('',#13014,1.0);
#11100=CARTESIAN_POINT('',(7.18,12.2375,7.1189));
#11101=CARTESIAN_POINT('',(6.55199743986917,12.2375,7.1189));
#11102=VECTOR('',#13015,1.0);
#11103=CARTESIAN_POINT('',(7.18,9.19376261624321,7.1189));
#11104=VECTOR('',#13016,1.0);
#11105=CARTESIAN_POINT('',(7.18000000000001,12.2375,-1.67));
#11106=CARTESIAN_POINT('',(7.18,12.2375,4.47473956013216));
#11107=VECTOR('',#13017,1.0);
#11108=CARTESIAN_POINT('',(7.18000000000001,11.6025,-1.67));
#11109=CARTESIAN_POINT('',(7.18000000000001,12.0285132680168,-1.67));
#11110=VECTOR('',#13018,1.0);
#11111=CARTESIAN_POINT('',(7.18,11.6025,5.9759));
#11112=CARTESIAN_POINT('',(7.18,11.6025,2.85044843986784));
#11113=VECTOR('',#13019,1.0);
#11114=AXIS2_PLACEMENT_3D('',#13020,#13021,#13022);
#11115=CARTESIAN_POINT('',(7.82000000000001,11.6025,5.9759));
#11116=AXIS2_PLACEMENT_3D('',#13023,#13024,#13025);
#11117=CARTESIAN_POINT('',(7.82,11.6025,-1.67));
#11118=CARTESIAN_POINT('',(7.82,11.6025,5.26209356013216));
#11119=VECTOR('',#13026,1.0);
#11120=CARTESIAN_POINT('',(7.82000000000001,12.2375,-1.67));
#11121=CARTESIAN_POINT('',(7.82,12.0285132680168,-1.67));
#11122=VECTOR('',#13027,1.0);
#11123=CARTESIAN_POINT('',(7.82,12.2375,5.26209356013216));
#11124=VECTOR('',#13028,1.0);
#11125=CARTESIAN_POINT('',(7.18000000000001,11.6025,-1.67));
#11126=VECTOR('',#13029,1.0);
#11127=CARTESIAN_POINT('',(7.18000000000001,12.2375,-1.67));
#11128=VECTOR('',#13030,1.0);
#11129=CARTESIAN_POINT('',(7.82000000000001,11.6025,5.9759));
#11130=VECTOR('',#13031,1.0);
#11131=CARTESIAN_POINT('',(7.82,6.28274776864918,4.3475));
#11132=CARTESIAN_POINT('',(7.82,6.42643186658629,4.4491));
#11133=AXIS2_PLACEMENT_3D('',#13032,#13033,#13034);
#11134=CARTESIAN_POINT('',(7.18000000000001,6.42643186658629,4.4491));
#11135=CARTESIAN_POINT('',(7.18000000000001,6.42643186658629,4.4491));
#11136=VECTOR('',#13035,1.0);
#11137=CARTESIAN_POINT('',(7.18000000000001,6.28274776864918,4.3475));
#11138=AXIS2_PLACEMENT_3D('',#13036,#13037,#13038);
#11139=CARTESIAN_POINT('',(7.0799976,6.28274776864918,4.3475));
#11140=VECTOR('',#13039,1.0);
#11141=CARTESIAN_POINT('',(7.82000000000001,2.15,4.3475));
#11142=CARTESIAN_POINT('',(7.18000000000001,2.15,4.3475));
#11143=CARTESIAN_POINT('',(7.82000000000001,2.15,4.3475));
#11144=VECTOR('',#13040,1.0);
#11145=CARTESIAN_POINT('',(7.82000000000001,15.9596386162432,4.3475));
#11146=VECTOR('',#13041,1.0);
#11147=CARTESIAN_POINT('',(7.18000000000001,15.9596386162432,4.3475));
#11148=VECTOR('',#13042,1.0);
#11149=CARTESIAN_POINT('',(7.82,2.15,3.7125));
#11150=CARTESIAN_POINT('',(7.18000000000001,2.15,3.7125));
#11151=CARTESIAN_POINT('',(7.82000000000001,2.15,3.7125));
#11152=VECTOR('',#13043,1.0);
#11153=CARTESIAN_POINT('',(7.82000000000001,2.15,4.13851326801685));
#11154=VECTOR('',#13044,1.0);
#11155=CARTESIAN_POINT('',(7.18000000000001,2.15,4.13851326801685));
#11156=VECTOR('',#13045,1.0);
#11157=CARTESIAN_POINT('',(7.82,6.28274776864918,3.7125));
#11158=CARTESIAN_POINT('',(7.82000000000001,15.9596386162432,3.7125));
#11159=VECTOR('',#13046,1.0);
#11160=CARTESIAN_POINT('',(7.18000000000001,6.28274776864918,3.7125));
#11161=CARTESIAN_POINT('',(7.18000000000001,15.9596386162432,3.7125));
#11162=VECTOR('',#13047,1.0);
#11163=CARTESIAN_POINT('',(7.0799976,6.28274776864918,3.7125));
#11164=VECTOR('',#13048,1.0);
#11165=CARTESIAN_POINT('',(7.82,6.42643186658629,3.6109));
#11166=AXIS2_PLACEMENT_3D('',#13049,#13050,#13051);
#11167=CARTESIAN_POINT('',(7.18000000000001,6.42643186658629,3.6109));
#11168=AXIS2_PLACEMENT_3D('',#13052,#13053,#13054);
#11169=CARTESIAN_POINT('',(7.18000000000001,6.42643186658629,3.6109));
#11170=VECTOR('',#13055,1.0);
#11171=CARTESIAN_POINT('',(7.18000000000001,15.9596386162432,3.6109));
#11172=VECTOR('',#13056,1.0);
#11173=CARTESIAN_POINT('',(7.18000000000001,15.9596386162432,4.4491));
#11174=VECTOR('',#13057,1.0);
#11175=CARTESIAN_POINT('',(7.82000000000001,15.9596386162432,4.4491));
#11176=VECTOR('',#13058,1.0);
#11177=CARTESIAN_POINT('',(7.82000000000001,15.9596386162432,3.6109));
#11178=VECTOR('',#13059,1.0);
#11179=CARTESIAN_POINT('',(7.82,9.2375,-1.67));
#11180=CARTESIAN_POINT('',(7.82,9.2375,5.28469356013216));
#11181=VECTOR('',#13060,1.0);
#11182=CARTESIAN_POINT('',(7.82,8.6025,-1.67));
#11183=CARTESIAN_POINT('',(7.82,8.6025,5.28469356013216));
#11184=VECTOR('',#13061,1.0);
#11185=CARTESIAN_POINT('',(7.82,9.02851326801685,-1.67));
#11186=VECTOR('',#13062,1.0);
#11187=CARTESIAN_POINT('',(7.18000000000001,9.2375,-1.67));
#11188=CARTESIAN_POINT('',(7.18000000000001,9.2375,4.49733956013216));
#11189=VECTOR('',#13063,1.0);
#11190=CARTESIAN_POINT('',(7.18000000000001,8.6025,-1.67));
#11191=CARTESIAN_POINT('',(7.18000000000001,9.02851326801685,-1.67));
#11192=VECTOR('',#13064,1.0);
#11193=CARTESIAN_POINT('',(7.18000000000001,8.6025,3.16874043986784));
#11194=VECTOR('',#13065,1.0);
#11195=CARTESIAN_POINT('',(7.18000000000001,9.2375,-1.67));
#11196=VECTOR('',#13066,1.0);
#11197=CARTESIAN_POINT('',(7.18000000000001,8.6025,-1.67));
#11198=VECTOR('',#13067,1.0);
#11199=CARTESIAN_POINT('',(3.15,7.09999875621121,-1.67000238758331));
#11200=CARTESIAN_POINT('',(2.85,7.09999875621121,-1.67000238758331));
#11201=CARTESIAN_POINT('',(3.15,7.09999875621121,-1.67000238758331));
#11202=VECTOR('',#13068,1.0);
#11203=CARTESIAN_POINT('',(3.15,7.09999875621121,1.68000000000001));
#11204=CARTESIAN_POINT('',(3.15,7.09999875621121,4.50101761241669));
#11205=VECTOR('',#13069,1.0);
#11206=CARTESIAN_POINT('',(2.85,7.09999875621121,1.68000000000001));
#11207=CARTESIAN_POINT('',(2.85,7.09999875621121,1.68000000000001));
#11208=VECTOR('',#13070,1.0);
#11209=CARTESIAN_POINT('',(2.85,7.09999875621121,-1.61898238758331));
#11210=VECTOR('',#13071,1.0);
#11211=CARTESIAN_POINT('',(3.15,7.39999875621121,-1.67000238758331));
#11212=CARTESIAN_POINT('',(2.85,7.39999875621122,-1.67000238758331));
#11213=CARTESIAN_POINT('',(3.15,7.39999875621121,-1.67000238758331));
#11214=VECTOR('',#13072,1.0);
#11215=CARTESIAN_POINT('',(3.15,7.39999875621121,-1.67000238758331));
#11216=VECTOR('',#13073,1.0);
#11217=CARTESIAN_POINT('',(2.85,7.39999875621121,-1.67000238758331));
#11218=VECTOR('',#13074,1.0);
#11219=CARTESIAN_POINT('',(2.85,7.39999875621121,2.27999999999997));
#11220=CARTESIAN_POINT('',(2.85,7.39999875621121,-1.61898238758331));
#11221=VECTOR('',#13075,1.0);
#11222=CARTESIAN_POINT('',(3.15,7.39999875621121,2.27999999999998));
#11223=CARTESIAN_POINT('',(3.0,7.39999875621121,2.27999999999997));
#11224=VECTOR('',#13076,1.0);
#11225=CARTESIAN_POINT('',(3.15,7.39999875621121,4.50101761241669));
#11226=VECTOR('',#13077,1.0);
#11227=CARTESIAN_POINT('',(3.15,5.97499691047906,1.68000000000001));
#11228=CARTESIAN_POINT('',(3.15,5.60151691047906,1.68000000000001));
#11229=VECTOR('',#13078,1.0);
#11230=CARTESIAN_POINT('',(2.85,5.97499691047906,1.68000000000001));
#11231=CARTESIAN_POINT('',(2.85,5.97499691047906,1.68000000000001));
#11232=VECTOR('',#13079,1.0);
#11233=CARTESIAN_POINT('',(2.85,5.60151691047906,1.68000000000001));
#11234=VECTOR('',#13080,1.0);
#11235=CARTESIAN_POINT('',(3.15,5.59999691047906,1.43000000000001));
#11236=VECTOR('',#13081,1.0);
#11237=CARTESIAN_POINT('',(2.85,5.59999691047906,1.43000000000001));
#11238=VECTOR('',#13082,1.0);
#11239=CARTESIAN_POINT('',(2.85,5.40151691047906,2.27999999999998));
#11240=VECTOR('',#13083,1.0);
#11241=CARTESIAN_POINT('',(3.15,5.40151691047906,2.27999999999998));
#11242=VECTOR('',#13084,1.0);
#11243=CARTESIAN_POINT('',(3.15,1.99999875621121,1.73000000000001));
#11244=CARTESIAN_POINT('',(3.15,4.09999875621121,1.73000000000001));
#11245=VECTOR('',#13085,1.0);
#11246=CARTESIAN_POINT('',(3.15,1.99999875621121,1.43000000000001));
#11247=CARTESIAN_POINT('',(3.15,1.99999875621121,1.43000000000001));
#11248=VECTOR('',#13086,1.0);
#11249=CARTESIAN_POINT('',(3.15,7.60151691047906,1.43000000000001));
#11250=VECTOR('',#13087,1.0);
#11251=CARTESIAN_POINT('',(2.85,1.99999875621121,1.73000000000001));
#11252=CARTESIAN_POINT('',(2.85,4.09999875621121,1.73000000000001));
#11253=VECTOR('',#13088,1.0);
#11254=CARTESIAN_POINT('',(2.85,1.99999875621121,1.43000000000001));
#11255=CARTESIAN_POINT('',(2.85,7.60151691047906,1.43000000000001));
#11256=VECTOR('',#13089,1.0);
#11257=CARTESIAN_POINT('',(2.85,1.99999875621121,5.19547652994287));
#11258=VECTOR('',#13090,1.0);
#11259=CARTESIAN_POINT('',(3.1,1.7999987562112,1.43000000000001));
#11260=CARTESIAN_POINT('',(3.15,1.99999875621121,1.43000000000001));
#11261=VECTOR('',#13091,1.0);
#11262=CARTESIAN_POINT('',(2.9,1.79999875621121,1.43000000000001));
#11263=AXIS2_PLACEMENT_3D('',#13092,#13093,#13094);
#11264=CARTESIAN_POINT('',(1.53199572840756,7.27201584258095,1.43000000000001));
#11265=VECTOR('',#13095,1.0);
#11266=CARTESIAN_POINT('',(2.9,1.79999875621121,1.73000000000001));
#11267=CARTESIAN_POINT('',(2.85,1.99999875621121,1.73000000000001));
#11268=VECTOR('',#13096,1.0);
#11269=CARTESIAN_POINT('',(3.1,1.79999875621121,1.73000000000001));
#11270=AXIS2_PLACEMENT_3D('',#13097,#13098,#13099);
#11271=CARTESIAN_POINT('',(2.77976897747479,0.519074666110362,1.73000000000001));
#11272=VECTOR('',#13100,1.0);
#11273=CARTESIAN_POINT('',(2.9,1.79999875621121,-3.31999999999999));
#11274=VECTOR('',#13101,1.0);
#11275=CARTESIAN_POINT('',(3.1,1.79999875621121,1.73000000000001));
#11276=VECTOR('',#13102,1.0);
#11277=CARTESIAN_POINT('',(4.82,6.42643186658629,6.6109));
#11278=CARTESIAN_POINT('',(4.82,6.28274776864918,6.7125));
#11279=AXIS2_PLACEMENT_3D('',#13103,#13104,#13105);
#11280=CARTESIAN_POINT('',(4.18,6.28274776864918,6.7125));
#11281=CARTESIAN_POINT('',(4.0799976,6.28274776864918,6.7125));
#11282=VECTOR('',#13106,1.0);
#11283=CARTESIAN_POINT('',(4.18,6.42643186658629,6.6109));
#11284=AXIS2_PLACEMENT_3D('',#13107,#13108,#13109);
#11285=CARTESIAN_POINT('',(4.18,6.42643186658629,6.6109));
#11286=VECTOR('',#13110,1.0);
#11287=CARTESIAN_POINT('',(4.82,2.15,6.7125));
#11288=CARTESIAN_POINT('',(4.82000000000001,15.9596386162432,6.7125));
#11289=VECTOR('',#13111,1.0);
#11290=CARTESIAN_POINT('',(4.18,2.15,6.7125));
#11291=CARTESIAN_POINT('',(4.82000000000001,2.15,6.7125));
#11292=VECTOR('',#13112,1.0);
#11293=CARTESIAN_POINT('',(4.18000000000001,15.9596386162432,6.7125));
#11294=VECTOR('',#13113,1.0);
#11295=CARTESIAN_POINT('',(4.82,2.15,7.3475));
#11296=CARTESIAN_POINT('',(4.82000000000001,2.15,7.13851326801685));
#11297=VECTOR('',#13114,1.0);
#11298=CARTESIAN_POINT('',(4.18,2.15,7.3475));
#11299=CARTESIAN_POINT('',(4.82000000000001,2.15,7.3475));
#11300=VECTOR('',#13115,1.0);
#11301=CARTESIAN_POINT('',(4.18,2.15,7.13851326801685));
#11302=VECTOR('',#13116,1.0);
#11303=CARTESIAN_POINT('',(4.82,6.28274776864918,7.3475));
#11304=CARTESIAN_POINT('',(4.82000000000001,15.9596386162432,7.3475));
#11305=VECTOR('',#13117,1.0);
#11306=CARTESIAN_POINT('',(4.18,6.28274776864918,7.3475));
#11307=CARTESIAN_POINT('',(4.0799976,6.28274776864918,7.3475));
#11308=VECTOR('',#13118,1.0);
#11309=CARTESIAN_POINT('',(4.18000000000001,15.9596386162432,7.3475));
#11310=VECTOR('',#13119,1.0);
#11311=CARTESIAN_POINT('',(4.82,6.42643186658629,7.4491));
#11312=AXIS2_PLACEMENT_3D('',#13120,#13121,#13122);
#11313=CARTESIAN_POINT('',(4.18,6.42643186658629,7.4491));
#11314=CARTESIAN_POINT('',(4.18,6.42643186658629,7.4491));
#11315=VECTOR('',#13123,1.0);
#11316=AXIS2_PLACEMENT_3D('',#13124,#13125,#13126);
#11317=CARTESIAN_POINT('',(4.82000000000001,15.9596386162432,6.6109));
#11318=VECTOR('',#13127,1.0);
#11319=CARTESIAN_POINT('',(4.82000000000001,15.9596386162432,7.4491));
#11320=VECTOR('',#13128,1.0);
#11321=CARTESIAN_POINT('',(4.18000000000001,15.9596386162432,6.6109));
#11322=VECTOR('',#13129,1.0);
#11323=CARTESIAN_POINT('',(4.18000000000001,15.9596386162432,7.4491));
#11324=VECTOR('',#13130,1.0);
#11325=CARTESIAN_POINT('',(4.18,11.0945,6.4839));
#11326=CARTESIAN_POINT('',(4.18,9.1867,6.4839));
#11327=VECTOR('',#13131,1.0);
#11328=CARTESIAN_POINT('',(4.82000000000001,11.0945,6.4839));
#11329=CARTESIAN_POINT('',(4.82000000000001,11.0945,6.4839));
#11330=VECTOR('',#13132,1.0);
#11331=CARTESIAN_POINT('',(4.82000000000001,9.98467661624321,6.4839));
#11332=VECTOR('',#13133,1.0);
#11333=CARTESIAN_POINT('',(4.82000000000001,12.2375,7.1189));
#11334=CARTESIAN_POINT('',(4.82,12.9564766162432,7.1189));
#11335=VECTOR('',#13134,1.0);
#11336=CARTESIAN_POINT('',(4.18,12.2375,7.1189));
#11337=CARTESIAN_POINT('',(3.55199743986917,12.2375,7.1189));
#11338=VECTOR('',#13135,1.0);
#11339=CARTESIAN_POINT('',(4.18,9.19376261624321,7.1189));
#11340=VECTOR('',#13136,1.0);
#11341=CARTESIAN_POINT('',(4.18000000000001,12.2375,-1.67));
#11342=CARTESIAN_POINT('',(4.18,12.2375,4.47473956013216));
#11343=VECTOR('',#13137,1.0);
#11344=CARTESIAN_POINT('',(4.18000000000001,11.6025,-1.67));
#11345=CARTESIAN_POINT('',(4.18000000000001,12.0285132680168,-1.67));
#11346=VECTOR('',#13138,1.0);
#11347=CARTESIAN_POINT('',(4.18,11.6025,5.9759));
#11348=CARTESIAN_POINT('',(4.18,11.6025,2.85044843986784));
#11349=VECTOR('',#13139,1.0);
#11350=AXIS2_PLACEMENT_3D('',#13140,#13141,#13142);
#11351=CARTESIAN_POINT('',(4.82000000000001,11.6025,5.9759));
#11352=AXIS2_PLACEMENT_3D('',#13143,#13144,#13145);
#11353=CARTESIAN_POINT('',(4.82,11.6025,-1.67));
#11354=CARTESIAN_POINT('',(4.82,11.6025,5.26209356013216));
#11355=VECTOR('',#13146,1.0);
#11356=CARTESIAN_POINT('',(4.82000000000001,12.2375,-1.67));
#11357=CARTESIAN_POINT('',(4.82,12.0285132680168,-1.67));
#11358=VECTOR('',#13147,1.0);
#11359=CARTESIAN_POINT('',(4.82,12.2375,5.26209356013216));
#11360=VECTOR('',#13148,1.0);
#11361=CARTESIAN_POINT('',(4.18000000000001,11.6025,-1.67));
#11362=VECTOR('',#13149,1.0);
#11363=CARTESIAN_POINT('',(4.18000000000001,12.2375,-1.67));
#11364=VECTOR('',#13150,1.0);
#11365=CARTESIAN_POINT('',(4.82000000000001,11.6025,5.9759));
#11366=VECTOR('',#13151,1.0);
#11367=CARTESIAN_POINT('',(4.82,6.28274776864918,4.3475));
#11368=CARTESIAN_POINT('',(4.82,6.42643186658629,4.4491));
#11369=AXIS2_PLACEMENT_3D('',#13152,#13153,#13154);
#11370=CARTESIAN_POINT('',(4.18000000000001,6.42643186658629,4.4491));
#11371=CARTESIAN_POINT('',(4.18000000000001,6.42643186658629,4.4491));
#11372=VECTOR('',#13155,1.0);
#11373=CARTESIAN_POINT('',(4.18000000000001,6.28274776864918,4.3475));
#11374=AXIS2_PLACEMENT_3D('',#13156,#13157,#13158);
#11375=CARTESIAN_POINT('',(4.0799976,6.28274776864918,4.3475));
#11376=VECTOR('',#13159,1.0);
#11377=CARTESIAN_POINT('',(4.82000000000001,2.15,4.3475));
#11378=CARTESIAN_POINT('',(4.18000000000001,2.15,4.3475));
#11379=CARTESIAN_POINT('',(4.82000000000001,2.15,4.3475));
#11380=VECTOR('',#13160,1.0);
#11381=CARTESIAN_POINT('',(4.82000000000001,15.9596386162432,4.3475));
#11382=VECTOR('',#13161,1.0);
#11383=CARTESIAN_POINT('',(4.18000000000001,15.9596386162432,4.3475));
#11384=VECTOR('',#13162,1.0);
#11385=CARTESIAN_POINT('',(4.82,2.15,3.7125));
#11386=CARTESIAN_POINT('',(4.18000000000001,2.15,3.7125));
#11387=CARTESIAN_POINT('',(4.82000000000001,2.15,3.7125));
#11388=VECTOR('',#13163,1.0);
#11389=CARTESIAN_POINT('',(4.82000000000001,2.15,4.13851326801685));
#11390=VECTOR('',#13164,1.0);
#11391=CARTESIAN_POINT('',(4.18000000000001,2.15,4.13851326801685));
#11392=VECTOR('',#13165,1.0);
#11393=CARTESIAN_POINT('',(4.82,6.28274776864918,3.7125));
#11394=CARTESIAN_POINT('',(4.82000000000001,15.9596386162432,3.7125));
#11395=VECTOR('',#13166,1.0);
#11396=CARTESIAN_POINT('',(4.18000000000001,6.28274776864918,3.7125));
#11397=CARTESIAN_POINT('',(4.18000000000001,15.9596386162432,3.7125));
#11398=VECTOR('',#13167,1.0);
#11399=CARTESIAN_POINT('',(4.0799976,6.28274776864918,3.7125));
#11400=VECTOR('',#13168,1.0);
#11401=CARTESIAN_POINT('',(4.82,6.42643186658629,3.6109));
#11402=AXIS2_PLACEMENT_3D('',#13169,#13170,#13171);
#11403=CARTESIAN_POINT('',(4.18000000000001,6.42643186658629,3.6109));
#11404=AXIS2_PLACEMENT_3D('',#13172,#13173,#13174);
#11405=CARTESIAN_POINT('',(4.18000000000001,6.42643186658629,3.6109));
#11406=VECTOR('',#13175,1.0);
#11407=CARTESIAN_POINT('',(4.18000000000001,15.9596386162432,3.6109));
#11408=VECTOR('',#13176,1.0);
#11409=CARTESIAN_POINT('',(4.18000000000001,15.9596386162432,4.4491));
#11410=VECTOR('',#13177,1.0);
#11411=CARTESIAN_POINT('',(4.82000000000001,15.9596386162432,4.4491));
#11412=VECTOR('',#13178,1.0);
#11413=CARTESIAN_POINT('',(4.82000000000001,15.9596386162432,3.6109));
#11414=VECTOR('',#13179,1.0);
#11415=CARTESIAN_POINT('',(4.82,9.2375,-1.67));
#11416=CARTESIAN_POINT('',(4.82,9.2375,5.28469356013216));
#11417=VECTOR('',#13180,1.0);
#11418=CARTESIAN_POINT('',(4.82,8.6025,-1.67));
#11419=CARTESIAN_POINT('',(4.82,8.6025,5.28469356013216));
#11420=VECTOR('',#13181,1.0);
#11421=CARTESIAN_POINT('',(4.82,9.02851326801685,-1.67));
#11422=VECTOR('',#13182,1.0);
#11423=CARTESIAN_POINT('',(4.18000000000001,9.2375,-1.67));
#11424=CARTESIAN_POINT('',(4.18000000000001,9.2375,4.49733956013216));
#11425=VECTOR('',#13183,1.0);
#11426=CARTESIAN_POINT('',(4.18000000000001,8.6025,-1.67));
#11427=CARTESIAN_POINT('',(4.18000000000001,9.02851326801685,-1.67));
#11428=VECTOR('',#13184,1.0);
#11429=CARTESIAN_POINT('',(4.18000000000001,8.6025,3.16874043986784));
#11430=VECTOR('',#13185,1.0);
#11431=CARTESIAN_POINT('',(4.18000000000001,9.2375,-1.67));
#11432=VECTOR('',#13186,1.0);
#11433=CARTESIAN_POINT('',(4.18000000000001,8.6025,-1.67));
#11434=VECTOR('',#13187,1.0);
#11435=CARTESIAN_POINT('',(1.82,6.42643186658629,6.6109));
#11436=CARTESIAN_POINT('',(1.82,6.28274776864918,6.7125));
#11437=AXIS2_PLACEMENT_3D('',#13188,#13189,#13190);
#11438=CARTESIAN_POINT('',(1.18,6.28274776864918,6.7125));
#11439=CARTESIAN_POINT('',(1.0799976,6.28274776864918,6.7125));
#11440=VECTOR('',#13191,1.0);
#11441=CARTESIAN_POINT('',(1.18,6.42643186658629,6.6109));
#11442=AXIS2_PLACEMENT_3D('',#13192,#13193,#13194);
#11443=CARTESIAN_POINT('',(1.18,6.42643186658629,6.6109));
#11444=VECTOR('',#13195,1.0);
#11445=CARTESIAN_POINT('',(1.82,2.15,6.7125));
#11446=CARTESIAN_POINT('',(1.82000000000001,15.9596386162432,6.7125));
#11447=VECTOR('',#13196,1.0);
#11448=CARTESIAN_POINT('',(1.18,2.15,6.7125));
#11449=CARTESIAN_POINT('',(1.82000000000001,2.15,6.7125));
#11450=VECTOR('',#13197,1.0);
#11451=CARTESIAN_POINT('',(1.18,15.9596386162432,6.7125));
#11452=VECTOR('',#13198,1.0);
#11453=CARTESIAN_POINT('',(1.82,2.15,7.3475));
#11454=CARTESIAN_POINT('',(1.82000000000001,2.15,7.13851326801685));
#11455=VECTOR('',#13199,1.0);
#11456=CARTESIAN_POINT('',(1.18,2.15,7.3475));
#11457=CARTESIAN_POINT('',(1.82000000000001,2.15,7.3475));
#11458=VECTOR('',#13200,1.0);
#11459=CARTESIAN_POINT('',(1.18,2.15,7.13851326801685));
#11460=VECTOR('',#13201,1.0);
#11461=CARTESIAN_POINT('',(1.82,6.28274776864918,7.3475));
#11462=CARTESIAN_POINT('',(1.82000000000001,15.9596386162432,7.3475));
#11463=VECTOR('',#13202,1.0);
#11464=CARTESIAN_POINT('',(1.18,6.28274776864918,7.3475));
#11465=CARTESIAN_POINT('',(1.0799976,6.28274776864918,7.3475));
#11466=VECTOR('',#13203,1.0);
#11467=CARTESIAN_POINT('',(1.18,15.9596386162432,7.3475));
#11468=VECTOR('',#13204,1.0);
#11469=CARTESIAN_POINT('',(1.82,6.42643186658629,7.4491));
#11470=AXIS2_PLACEMENT_3D('',#13205,#13206,#13207);
#11471=CARTESIAN_POINT('',(1.18,6.42643186658629,7.4491));
#11472=CARTESIAN_POINT('',(1.18,6.42643186658629,7.4491));
#11473=VECTOR('',#13208,1.0);
#11474=AXIS2_PLACEMENT_3D('',#13209,#13210,#13211);
#11475=CARTESIAN_POINT('',(1.82000000000001,15.9596386162432,6.6109));
#11476=VECTOR('',#13212,1.0);
#11477=CARTESIAN_POINT('',(1.82000000000001,15.9596386162432,7.4491));
#11478=VECTOR('',#13213,1.0);
#11479=CARTESIAN_POINT('',(1.18,15.9596386162432,6.6109));
#11480=VECTOR('',#13214,1.0);
#11481=CARTESIAN_POINT('',(1.18,15.9596386162432,7.4491));
#11482=VECTOR('',#13215,1.0);
#11483=CARTESIAN_POINT('',(1.18,11.0945,6.4839));
#11484=CARTESIAN_POINT('',(1.18,9.1867,6.4839));
#11485=VECTOR('',#13216,1.0);
#11486=CARTESIAN_POINT('',(1.82000000000001,11.0945,6.4839));
#11487=CARTESIAN_POINT('',(1.82000000000001,11.0945,6.4839));
#11488=VECTOR('',#13217,1.0);
#11489=CARTESIAN_POINT('',(1.82000000000001,9.98467661624321,6.4839));
#11490=VECTOR('',#13218,1.0);
#11491=CARTESIAN_POINT('',(1.82000000000001,12.2375,7.1189));
#11492=CARTESIAN_POINT('',(1.82,12.9564766162432,7.1189));
#11493=VECTOR('',#13219,1.0);
#11494=CARTESIAN_POINT('',(1.18,12.2375,7.1189));
#11495=CARTESIAN_POINT('',(0.551997439869169,12.2375,7.1189));
#11496=VECTOR('',#13220,1.0);
#11497=CARTESIAN_POINT('',(1.18,9.19376261624321,7.1189));
#11498=VECTOR('',#13221,1.0);
#11499=CARTESIAN_POINT('',(1.18,12.2375,-1.67));
#11500=CARTESIAN_POINT('',(1.18,12.2375,4.47473956013216));
#11501=VECTOR('',#13222,1.0);
#11502=CARTESIAN_POINT('',(1.18,11.6025,-1.67));
#11503=CARTESIAN_POINT('',(1.18,12.0285132680168,-1.67));
#11504=VECTOR('',#13223,1.0);
#11505=CARTESIAN_POINT('',(1.18,11.6025,5.9759));
#11506=CARTESIAN_POINT('',(1.18,11.6025,2.85044843986784));
#11507=VECTOR('',#13224,1.0);
#11508=AXIS2_PLACEMENT_3D('',#13225,#13226,#13227);
#11509=CARTESIAN_POINT('',(1.82000000000001,11.6025,5.9759));
#11510=AXIS2_PLACEMENT_3D('',#13228,#13229,#13230);
#11511=CARTESIAN_POINT('',(1.82,11.6025,-1.67));
#11512=CARTESIAN_POINT('',(1.82,11.6025,5.26209356013216));
#11513=VECTOR('',#13231,1.0);
#11514=CARTESIAN_POINT('',(1.82000000000001,12.2375,-1.67));
#11515=CARTESIAN_POINT('',(1.82,12.0285132680168,-1.67));
#11516=VECTOR('',#13232,1.0);
#11517=CARTESIAN_POINT('',(1.82,12.2375,5.26209356013216));
#11518=VECTOR('',#13233,1.0);
#11519=CARTESIAN_POINT('',(1.18,11.6025,-1.67));
#11520=VECTOR('',#13234,1.0);
#11521=CARTESIAN_POINT('',(1.18,12.2375,-1.67));
#11522=VECTOR('',#13235,1.0);
#11523=CARTESIAN_POINT('',(1.82000000000001,11.6025,5.9759));
#11524=VECTOR('',#13236,1.0);
#11525=CARTESIAN_POINT('',(1.82,6.28274776864918,4.3475));
#11526=CARTESIAN_POINT('',(1.82,6.42643186658629,4.4491));
#11527=AXIS2_PLACEMENT_3D('',#13237,#13238,#13239);
#11528=CARTESIAN_POINT('',(1.18000000000001,6.42643186658629,4.4491));
#11529=CARTESIAN_POINT('',(1.18000000000001,6.42643186658629,4.4491));
#11530=VECTOR('',#13240,1.0);
#11531=CARTESIAN_POINT('',(1.18000000000001,6.28274776864918,4.3475));
#11532=AXIS2_PLACEMENT_3D('',#13241,#13242,#13243);
#11533=CARTESIAN_POINT('',(1.0799976,6.28274776864918,4.3475));
#11534=VECTOR('',#13244,1.0);
#11535=CARTESIAN_POINT('',(1.82000000000001,2.15,4.3475));
#11536=CARTESIAN_POINT('',(1.18000000000001,2.15,4.3475));
#11537=CARTESIAN_POINT('',(1.82000000000001,2.15,4.3475));
#11538=VECTOR('',#13245,1.0);
#11539=CARTESIAN_POINT('',(1.82000000000001,15.9596386162432,4.3475));
#11540=VECTOR('',#13246,1.0);
#11541=CARTESIAN_POINT('',(1.18000000000001,15.9596386162432,4.3475));
#11542=VECTOR('',#13247,1.0);
#11543=CARTESIAN_POINT('',(1.82,2.15,3.7125));
#11544=CARTESIAN_POINT('',(1.18000000000001,2.15,3.7125));
#11545=CARTESIAN_POINT('',(1.82000000000001,2.15,3.7125));
#11546=VECTOR('',#13248,1.0);
#11547=CARTESIAN_POINT('',(1.82000000000001,2.15,4.13851326801685));
#11548=VECTOR('',#13249,1.0);
#11549=CARTESIAN_POINT('',(1.18000000000001,2.15,4.13851326801685));
#11550=VECTOR('',#13250,1.0);
#11551=CARTESIAN_POINT('',(1.82,6.28274776864918,3.7125));
#11552=CARTESIAN_POINT('',(1.82000000000001,15.9596386162432,3.7125));
#11553=VECTOR('',#13251,1.0);
#11554=CARTESIAN_POINT('',(1.18000000000001,6.28274776864918,3.7125));
#11555=CARTESIAN_POINT('',(1.18000000000001,15.9596386162432,3.7125));
#11556=VECTOR('',#13252,1.0);
#11557=CARTESIAN_POINT('',(1.0799976,6.28274776864918,3.7125));
#11558=VECTOR('',#13253,1.0);
#11559=CARTESIAN_POINT('',(1.82,6.42643186658629,3.6109));
#11560=AXIS2_PLACEMENT_3D('',#13254,#13255,#13256);
#11561=CARTESIAN_POINT('',(1.18000000000001,6.42643186658629,3.6109));
#11562=AXIS2_PLACEMENT_3D('',#13257,#13258,#13259);
#11563=CARTESIAN_POINT('',(1.18000000000001,6.42643186658629,3.6109));
#11564=VECTOR('',#13260,1.0);
#11565=CARTESIAN_POINT('',(1.18000000000001,15.9596386162432,3.6109));
#11566=VECTOR('',#13261,1.0);
#11567=CARTESIAN_POINT('',(1.18000000000001,15.9596386162432,4.4491));
#11568=VECTOR('',#13262,1.0);
#11569=CARTESIAN_POINT('',(1.82000000000001,15.9596386162432,4.4491));
#11570=VECTOR('',#13263,1.0);
#11571=CARTESIAN_POINT('',(1.82000000000001,15.9596386162432,3.6109));
#11572=VECTOR('',#13264,1.0);
#11573=CARTESIAN_POINT('',(1.82,9.2375,-1.67));
#11574=CARTESIAN_POINT('',(1.82,9.2375,5.28469356013216));
#11575=VECTOR('',#13265,1.0);
#11576=CARTESIAN_POINT('',(1.82,8.6025,-1.67));
#11577=CARTESIAN_POINT('',(1.82,8.6025,5.28469356013216));
#11578=VECTOR('',#13266,1.0);
#11579=CARTESIAN_POINT('',(1.82,9.02851326801685,-1.67));
#11580=VECTOR('',#13267,1.0);
#11581=CARTESIAN_POINT('',(1.18000000000001,9.2375,-1.67));
#11582=CARTESIAN_POINT('',(1.18000000000001,9.2375,4.49733956013216));
#11583=VECTOR('',#13268,1.0);
#11584=CARTESIAN_POINT('',(1.18000000000001,8.6025,-1.67));
#11585=CARTESIAN_POINT('',(1.18000000000001,9.02851326801685,-1.67));
#11586=VECTOR('',#13269,1.0);
#11587=CARTESIAN_POINT('',(1.18000000000001,8.6025,3.16874043986784));
#11588=VECTOR('',#13270,1.0);
#11589=CARTESIAN_POINT('',(1.18000000000001,9.2375,-1.67));
#11590=VECTOR('',#13271,1.0);
#11591=CARTESIAN_POINT('',(1.18000000000001,8.6025,-1.67));
#11592=VECTOR('',#13272,1.0);
#11593=CARTESIAN_POINT('',(-1.18,6.42643186658629,6.6109));
#11594=CARTESIAN_POINT('',(-1.18,6.28274776864918,6.7125));
#11595=AXIS2_PLACEMENT_3D('',#13273,#13274,#13275);
#11596=CARTESIAN_POINT('',(-1.82,6.28274776864918,6.7125));
#11597=CARTESIAN_POINT('',(-1.9200024,6.28274776864918,6.7125));
#11598=VECTOR('',#13276,1.0);
#11599=CARTESIAN_POINT('',(-1.82,6.42643186658629,6.6109));
#11600=AXIS2_PLACEMENT_3D('',#13277,#13278,#13279);
#11601=CARTESIAN_POINT('',(-1.82,6.42643186658629,6.6109));
#11602=VECTOR('',#13280,1.0);
#11603=CARTESIAN_POINT('',(-1.18,2.15,6.7125));
#11604=CARTESIAN_POINT('',(-1.17999999999999,15.9596386162432,6.7125));
#11605=VECTOR('',#13281,1.0);
#11606=CARTESIAN_POINT('',(-1.82,2.15,6.7125));
#11607=CARTESIAN_POINT('',(-1.17999999999999,2.15,6.7125));
#11608=VECTOR('',#13282,1.0);
#11609=CARTESIAN_POINT('',(-1.82,15.9596386162432,6.7125));
#11610=VECTOR('',#13283,1.0);
#11611=CARTESIAN_POINT('',(-1.18,2.15,7.3475));
#11612=CARTESIAN_POINT('',(-1.17999999999999,2.15,7.13851326801685));
#11613=VECTOR('',#13284,1.0);
#11614=CARTESIAN_POINT('',(-1.82,2.15,7.3475));
#11615=CARTESIAN_POINT('',(-1.17999999999999,2.15,7.3475));
#11616=VECTOR('',#13285,1.0);
#11617=CARTESIAN_POINT('',(-1.82,2.15,7.13851326801685));
#11618=VECTOR('',#13286,1.0);
#11619=CARTESIAN_POINT('',(-1.18,6.28274776864918,7.3475));
#11620=CARTESIAN_POINT('',(-1.17999999999999,15.9596386162432,7.3475));
#11621=VECTOR('',#13287,1.0);
#11622=CARTESIAN_POINT('',(-1.82,6.28274776864918,7.3475));
#11623=CARTESIAN_POINT('',(-1.9200024,6.28274776864918,7.3475));
#11624=VECTOR('',#13288,1.0);
#11625=CARTESIAN_POINT('',(-1.82,15.9596386162432,7.3475));
#11626=VECTOR('',#13289,1.0);
#11627=CARTESIAN_POINT('',(-1.18,6.42643186658629,7.4491));
#11628=AXIS2_PLACEMENT_3D('',#13290,#13291,#13292);
#11629=CARTESIAN_POINT('',(-1.82,6.42643186658629,7.4491));
#11630=CARTESIAN_POINT('',(-1.82,6.42643186658629,7.4491));
#11631=VECTOR('',#13293,1.0);
#11632=AXIS2_PLACEMENT_3D('',#13294,#13295,#13296);
#11633=CARTESIAN_POINT('',(-1.17999999999999,15.9596386162432,6.6109));
#11634=VECTOR('',#13297,1.0);
#11635=CARTESIAN_POINT('',(-1.17999999999999,15.9596386162432,7.4491));
#11636=VECTOR('',#13298,1.0);
#11637=CARTESIAN_POINT('',(-1.82,15.9596386162432,6.6109));
#11638=VECTOR('',#13299,1.0);
#11639=CARTESIAN_POINT('',(-1.82,15.9596386162432,7.4491));
#11640=VECTOR('',#13300,1.0);
#11641=CARTESIAN_POINT('',(-1.82,11.0945,6.4839));
#11642=CARTESIAN_POINT('',(-1.82,9.1867,6.4839));
#11643=VECTOR('',#13301,1.0);
#11644=CARTESIAN_POINT('',(-1.17999999999999,11.0945,6.4839));
#11645=CARTESIAN_POINT('',(-1.17999999999999,11.0945,6.4839));
#11646=VECTOR('',#13302,1.0);
#11647=CARTESIAN_POINT('',(-1.17999999999999,9.98467661624321,6.4839));
#11648=VECTOR('',#13303,1.0);
#11649=CARTESIAN_POINT('',(-1.17999999999999,12.2375,7.1189));
#11650=CARTESIAN_POINT('',(-1.18,12.9564766162432,7.1189));
#11651=VECTOR('',#13304,1.0);
#11652=CARTESIAN_POINT('',(-1.82,12.2375,7.1189));
#11653=CARTESIAN_POINT('',(-2.44800256013083,12.2375,7.1189));
#11654=VECTOR('',#13305,1.0);
#11655=CARTESIAN_POINT('',(-1.82,9.19376261624321,7.1189));
#11656=VECTOR('',#13306,1.0);
#11657=CARTESIAN_POINT('',(-1.82,12.2375,-1.67));
#11658=CARTESIAN_POINT('',(-1.82,12.2375,4.47473956013216));
#11659=VECTOR('',#13307,1.0);
#11660=CARTESIAN_POINT('',(-1.82,11.6025,-1.67));
#11661=CARTESIAN_POINT('',(-1.82,12.0285132680168,-1.67));
#11662=VECTOR('',#13308,1.0);
#11663=CARTESIAN_POINT('',(-1.82,11.6025,5.9759));
#11664=CARTESIAN_POINT('',(-1.82,11.6025,2.85044843986784));
#11665=VECTOR('',#13309,1.0);
#11666=AXIS2_PLACEMENT_3D('',#13310,#13311,#13312);
#11667=CARTESIAN_POINT('',(-1.17999999999999,11.6025,5.9759));
#11668=AXIS2_PLACEMENT_3D('',#13313,#13314,#13315);
#11669=CARTESIAN_POINT('',(-1.18,11.6025,-1.67));
#11670=CARTESIAN_POINT('',(-1.18,11.6025,5.26209356013216));
#11671=VECTOR('',#13316,1.0);
#11672=CARTESIAN_POINT('',(-1.17999999999999,12.2375,-1.67));
#11673=CARTESIAN_POINT('',(-1.18,12.0285132680168,-1.67));
#11674=VECTOR('',#13317,1.0);
#11675=CARTESIAN_POINT('',(-1.18,12.2375,5.26209356013216));
#11676=VECTOR('',#13318,1.0);
#11677=CARTESIAN_POINT('',(-1.82,11.6025,-1.67));
#11678=VECTOR('',#13319,1.0);
#11679=CARTESIAN_POINT('',(-1.82,12.2375,-1.67));
#11680=VECTOR('',#13320,1.0);
#11681=CARTESIAN_POINT('',(-1.17999999999999,11.6025,5.9759));
#11682=VECTOR('',#13321,1.0);
#11683=CARTESIAN_POINT('',(-1.18,6.28274776864918,4.3475));
#11684=CARTESIAN_POINT('',(-1.18,6.42643186658629,4.4491));
#11685=AXIS2_PLACEMENT_3D('',#13322,#13323,#13324);
#11686=CARTESIAN_POINT('',(-1.82,6.42643186658629,4.4491));
#11687=CARTESIAN_POINT('',(-1.82,6.42643186658629,4.4491));
#11688=VECTOR('',#13325,1.0);
#11689=CARTESIAN_POINT('',(-1.82,6.28274776864918,4.3475));
#11690=AXIS2_PLACEMENT_3D('',#13326,#13327,#13328);
#11691=CARTESIAN_POINT('',(-1.9200024,6.28274776864918,4.3475));
#11692=VECTOR('',#13329,1.0);
#11693=CARTESIAN_POINT('',(-1.18,2.15,4.3475));
#11694=CARTESIAN_POINT('',(-1.82,2.15,4.3475));
#11695=CARTESIAN_POINT('',(-1.17999999999999,2.15,4.3475));
#11696=VECTOR('',#13330,1.0);
#11697=CARTESIAN_POINT('',(-1.17999999999999,15.9596386162432,4.3475));
#11698=VECTOR('',#13331,1.0);
#11699=CARTESIAN_POINT('',(-1.81999999999999,15.9596386162432,4.3475));
#11700=VECTOR('',#13332,1.0);
#11701=CARTESIAN_POINT('',(-1.18,2.15,3.7125));
#11702=CARTESIAN_POINT('',(-1.82,2.15,3.7125));
#11703=CARTESIAN_POINT('',(-1.17999999999999,2.15,3.7125));
#11704=VECTOR('',#13333,1.0);
#11705=CARTESIAN_POINT('',(-1.17999999999999,2.15,4.13851326801685));
#11706=VECTOR('',#13334,1.0);
#11707=CARTESIAN_POINT('',(-1.82,2.15,4.13851326801685));
#11708=VECTOR('',#13335,1.0);
#11709=CARTESIAN_POINT('',(-1.18,6.28274776864918,3.7125));
#11710=CARTESIAN_POINT('',(-1.17999999999999,15.9596386162432,3.7125));
#11711=VECTOR('',#13336,1.0);
#11712=CARTESIAN_POINT('',(-1.82,6.28274776864918,3.7125));
#11713=CARTESIAN_POINT('',(-1.81999999999999,15.9596386162432,3.7125));
#11714=VECTOR('',#13337,1.0);
#11715=CARTESIAN_POINT('',(-1.9200024,6.28274776864918,3.7125));
#11716=VECTOR('',#13338,1.0);
#11717=CARTESIAN_POINT('',(-1.18,6.42643186658629,3.6109));
#11718=AXIS2_PLACEMENT_3D('',#13339,#13340,#13341);
#11719=CARTESIAN_POINT('',(-1.82,6.42643186658629,3.6109));
#11720=AXIS2_PLACEMENT_3D('',#13342,#13343,#13344);
#11721=CARTESIAN_POINT('',(-1.82,6.42643186658629,3.6109));
#11722=VECTOR('',#13345,1.0);
#11723=CARTESIAN_POINT('',(-1.81999999999999,15.9596386162432,3.6109));
#11724=VECTOR('',#13346,1.0);
#11725=CARTESIAN_POINT('',(-1.81999999999999,15.9596386162432,4.4491));
#11726=VECTOR('',#13347,1.0);
#11727=CARTESIAN_POINT('',(-1.17999999999999,15.9596386162432,4.4491));
#11728=VECTOR('',#13348,1.0);
#11729=CARTESIAN_POINT('',(-1.17999999999999,15.9596386162432,3.6109));
#11730=VECTOR('',#13349,1.0);
#11731=CARTESIAN_POINT('',(-1.18,9.2375,-1.67));
#11732=CARTESIAN_POINT('',(-1.18,9.2375,5.28469356013216));
#11733=VECTOR('',#13350,1.0);
#11734=CARTESIAN_POINT('',(-1.18,8.6025,-1.67));
#11735=CARTESIAN_POINT('',(-1.18,8.6025,5.28469356013216));
#11736=VECTOR('',#13351,1.0);
#11737=CARTESIAN_POINT('',(-1.18,9.02851326801685,-1.67));
#11738=VECTOR('',#13352,1.0);
#11739=CARTESIAN_POINT('',(-1.81999999999999,9.2375,-1.67));
#11740=CARTESIAN_POINT('',(-1.82,9.2375,4.49733956013216));
#11741=VECTOR('',#13353,1.0);
#11742=CARTESIAN_POINT('',(-1.81999999999999,8.6025,-1.67));
#11743=CARTESIAN_POINT('',(-1.81999999999999,9.02851326801685,-1.67));
#11744=VECTOR('',#13354,1.0);
#11745=CARTESIAN_POINT('',(-1.81999999999999,8.6025,3.16874043986784));
#11746=VECTOR('',#13355,1.0);
#11747=CARTESIAN_POINT('',(-1.81999999999999,9.2375,-1.67));
#11748=VECTOR('',#13356,1.0);
#11749=CARTESIAN_POINT('',(-1.81999999999999,8.6025,-1.67));
#11750=VECTOR('',#13357,1.0);
#11751=CARTESIAN_POINT('',(-4.18,6.42643186658629,6.6109));
#11752=CARTESIAN_POINT('',(-4.18,6.28274776864918,6.7125));
#11753=AXIS2_PLACEMENT_3D('',#13358,#13359,#13360);
#11754=CARTESIAN_POINT('',(-4.82,6.28274776864918,6.7125));
#11755=CARTESIAN_POINT('',(-4.9200024,6.28274776864918,6.7125));
#11756=VECTOR('',#13361,1.0);
#11757=CARTESIAN_POINT('',(-4.82,6.42643186658629,6.6109));
#11758=AXIS2_PLACEMENT_3D('',#13362,#13363,#13364);
#11759=CARTESIAN_POINT('',(-4.82,6.42643186658629,6.6109));
#11760=VECTOR('',#13365,1.0);
#11761=CARTESIAN_POINT('',(-4.18,2.15,6.7125));
#11762=CARTESIAN_POINT('',(-4.17999999999999,15.9596386162432,6.7125));
#11763=VECTOR('',#13366,1.0);
#11764=CARTESIAN_POINT('',(-4.82,2.15,6.7125));
#11765=CARTESIAN_POINT('',(-4.17999999999999,2.15,6.7125));
#11766=VECTOR('',#13367,1.0);
#11767=CARTESIAN_POINT('',(-4.81999999999999,15.9596386162432,6.7125));
#11768=VECTOR('',#13368,1.0);
#11769=CARTESIAN_POINT('',(-4.18,2.15,7.3475));
#11770=CARTESIAN_POINT('',(-4.17999999999999,2.15,7.13851326801685));
#11771=VECTOR('',#13369,1.0);
#11772=CARTESIAN_POINT('',(-4.82,2.15,7.3475));
#11773=CARTESIAN_POINT('',(-4.17999999999999,2.15,7.3475));
#11774=VECTOR('',#13370,1.0);
#11775=CARTESIAN_POINT('',(-4.82,2.15,7.13851326801685));
#11776=VECTOR('',#13371,1.0);
#11777=CARTESIAN_POINT('',(-4.18,6.28274776864918,7.3475));
#11778=CARTESIAN_POINT('',(-4.17999999999999,15.9596386162432,7.3475));
#11779=VECTOR('',#13372,1.0);
#11780=CARTESIAN_POINT('',(-4.82,6.28274776864918,7.3475));
#11781=CARTESIAN_POINT('',(-4.9200024,6.28274776864918,7.3475));
#11782=VECTOR('',#13373,1.0);
#11783=CARTESIAN_POINT('',(-4.81999999999999,15.9596386162432,7.3475));
#11784=VECTOR('',#13374,1.0);
#11785=CARTESIAN_POINT('',(-4.18,6.42643186658629,7.4491));
#11786=AXIS2_PLACEMENT_3D('',#13375,#13376,#13377);
#11787=CARTESIAN_POINT('',(-4.82,6.42643186658629,7.4491));
#11788=CARTESIAN_POINT('',(-4.82,6.42643186658629,7.4491));
#11789=VECTOR('',#13378,1.0);
#11790=AXIS2_PLACEMENT_3D('',#13379,#13380,#13381);
#11791=CARTESIAN_POINT('',(-4.17999999999999,15.9596386162432,6.6109));
#11792=VECTOR('',#13382,1.0);
#11793=CARTESIAN_POINT('',(-4.17999999999999,15.9596386162432,7.4491));
#11794=VECTOR('',#13383,1.0);
#11795=CARTESIAN_POINT('',(-4.81999999999999,15.9596386162432,6.6109));
#11796=VECTOR('',#13384,1.0);
#11797=CARTESIAN_POINT('',(-4.81999999999999,15.9596386162432,7.4491));
#11798=VECTOR('',#13385,1.0);
#11799=CARTESIAN_POINT('',(-4.82,11.0945,6.4839));
#11800=CARTESIAN_POINT('',(-4.82,9.1867,6.4839));
#11801=VECTOR('',#13386,1.0);
#11802=CARTESIAN_POINT('',(-4.17999999999999,11.0945,6.4839));
#11803=CARTESIAN_POINT('',(-4.17999999999999,11.0945,6.4839));
#11804=VECTOR('',#13387,1.0);
#11805=CARTESIAN_POINT('',(-4.17999999999999,9.98467661624321,6.4839));
#11806=VECTOR('',#13388,1.0);
#11807=CARTESIAN_POINT('',(-4.17999999999999,12.2375,7.1189));
#11808=CARTESIAN_POINT('',(-4.18,12.9564766162432,7.1189));
#11809=VECTOR('',#13389,1.0);
#11810=CARTESIAN_POINT('',(-4.82,12.2375,7.1189));
#11811=CARTESIAN_POINT('',(-5.44800256013083,12.2375,7.1189));
#11812=VECTOR('',#13390,1.0);
#11813=CARTESIAN_POINT('',(-4.82,9.19376261624321,7.1189));
#11814=VECTOR('',#13391,1.0);
#11815=CARTESIAN_POINT('',(-4.81999999999999,12.2375,-1.67));
#11816=CARTESIAN_POINT('',(-4.82,12.2375,4.47473956013216));
#11817=VECTOR('',#13392,1.0);
#11818=CARTESIAN_POINT('',(-4.81999999999999,11.6025,-1.67));
#11819=CARTESIAN_POINT('',(-4.81999999999999,12.0285132680168,-1.67));
#11820=VECTOR('',#13393,1.0);
#11821=CARTESIAN_POINT('',(-4.82,11.6025,5.9759));
#11822=CARTESIAN_POINT('',(-4.82,11.6025,2.85044843986784));
#11823=VECTOR('',#13394,1.0);
#11824=AXIS2_PLACEMENT_3D('',#13395,#13396,#13397);
#11825=CARTESIAN_POINT('',(-4.17999999999999,11.6025,5.9759));
#11826=AXIS2_PLACEMENT_3D('',#13398,#13399,#13400);
#11827=CARTESIAN_POINT('',(-4.18,11.6025,-1.67));
#11828=CARTESIAN_POINT('',(-4.18,11.6025,5.26209356013216));
#11829=VECTOR('',#13401,1.0);
#11830=CARTESIAN_POINT('',(-4.17999999999999,12.2375,-1.67));
#11831=CARTESIAN_POINT('',(-4.18,12.0285132680168,-1.67));
#11832=VECTOR('',#13402,1.0);
#11833=CARTESIAN_POINT('',(-4.18,12.2375,5.26209356013216));
#11834=VECTOR('',#13403,1.0);
#11835=CARTESIAN_POINT('',(-4.81999999999999,11.6025,-1.67));
#11836=VECTOR('',#13404,1.0);
#11837=CARTESIAN_POINT('',(-4.81999999999999,12.2375,-1.67));
#11838=VECTOR('',#13405,1.0);
#11839=CARTESIAN_POINT('',(-4.17999999999999,11.6025,5.9759));
#11840=VECTOR('',#13406,1.0);
#11841=CARTESIAN_POINT('',(-4.18,6.28274776864918,4.3475));
#11842=CARTESIAN_POINT('',(-4.18,6.42643186658629,4.4491));
#11843=AXIS2_PLACEMENT_3D('',#13407,#13408,#13409);
#11844=CARTESIAN_POINT('',(-4.81999999999999,6.42643186658629,4.4491));
#11845=CARTESIAN_POINT('',(-4.81999999999999,6.42643186658629,4.4491));
#11846=VECTOR('',#13410,1.0);
#11847=CARTESIAN_POINT('',(-4.81999999999999,6.28274776864918,4.3475));
#11848=AXIS2_PLACEMENT_3D('',#13411,#13412,#13413);
#11849=CARTESIAN_POINT('',(-4.9200024,6.28274776864918,4.3475));
#11850=VECTOR('',#13414,1.0);
#11851=CARTESIAN_POINT('',(-4.17999999999999,2.15,4.3475));
#11852=CARTESIAN_POINT('',(-4.81999999999999,2.15,4.3475));
#11853=CARTESIAN_POINT('',(-4.17999999999999,2.15,4.3475));
#11854=VECTOR('',#13415,1.0);
#11855=CARTESIAN_POINT('',(-4.17999999999999,15.9596386162432,4.3475));
#11856=VECTOR('',#13416,1.0);
#11857=CARTESIAN_POINT('',(-4.81999999999999,15.9596386162432,4.3475));
#11858=VECTOR('',#13417,1.0);
#11859=CARTESIAN_POINT('',(-4.18,2.15,3.7125));
#11860=CARTESIAN_POINT('',(-4.81999999999999,2.15,3.7125));
#11861=CARTESIAN_POINT('',(-4.17999999999999,2.15,3.7125));
#11862=VECTOR('',#13418,1.0);
#11863=CARTESIAN_POINT('',(-4.17999999999999,2.15,4.13851326801685));
#11864=VECTOR('',#13419,1.0);
#11865=CARTESIAN_POINT('',(-4.81999999999999,2.15,4.13851326801685));
#11866=VECTOR('',#13420,1.0);
#11867=CARTESIAN_POINT('',(-4.18,6.28274776864918,3.7125));
#11868=CARTESIAN_POINT('',(-4.17999999999999,15.9596386162432,3.7125));
#11869=VECTOR('',#13421,1.0);
#11870=CARTESIAN_POINT('',(-4.81999999999999,6.28274776864918,3.7125));
#11871=CARTESIAN_POINT('',(-4.81999999999999,15.9596386162432,3.7125));
#11872=VECTOR('',#13422,1.0);
#11873=CARTESIAN_POINT('',(-4.9200024,6.28274776864918,3.7125));
#11874=VECTOR('',#13423,1.0);
#11875=CARTESIAN_POINT('',(-4.18,6.42643186658629,3.6109));
#11876=AXIS2_PLACEMENT_3D('',#13424,#13425,#13426);
#11877=CARTESIAN_POINT('',(-4.81999999999999,6.42643186658629,3.6109));
#11878=AXIS2_PLACEMENT_3D('',#13427,#13428,#13429);
#11879=CARTESIAN_POINT('',(-4.81999999999999,6.42643186658629,3.6109));
#11880=VECTOR('',#13430,1.0);
#11881=CARTESIAN_POINT('',(-4.81999999999999,15.9596386162432,3.6109));
#11882=VECTOR('',#13431,1.0);
#11883=CARTESIAN_POINT('',(-4.81999999999999,15.9596386162432,4.4491));
#11884=VECTOR('',#13432,1.0);
#11885=CARTESIAN_POINT('',(-4.17999999999999,15.9596386162432,4.4491));
#11886=VECTOR('',#13433,1.0);
#11887=CARTESIAN_POINT('',(-4.17999999999999,15.9596386162432,3.6109));
#11888=VECTOR('',#13434,1.0);
#11889=CARTESIAN_POINT('',(-4.18,9.2375,-1.67));
#11890=CARTESIAN_POINT('',(-4.18,9.2375,5.28469356013216));
#11891=VECTOR('',#13435,1.0);
#11892=CARTESIAN_POINT('',(-4.18,8.6025,-1.67));
#11893=CARTESIAN_POINT('',(-4.18,8.6025,5.28469356013216));
#11894=VECTOR('',#13436,1.0);
#11895=CARTESIAN_POINT('',(-4.18,9.02851326801685,-1.67));
#11896=VECTOR('',#13437,1.0);
#11897=CARTESIAN_POINT('',(-4.81999999999999,9.2375,-1.67));
#11898=CARTESIAN_POINT('',(-4.81999999999999,9.2375,4.49733956013216));
#11899=VECTOR('',#13438,1.0);
#11900=CARTESIAN_POINT('',(-4.81999999999999,8.6025,-1.67));
#11901=CARTESIAN_POINT('',(-4.81999999999999,9.02851326801685,-1.67));
#11902=VECTOR('',#13439,1.0);
#11903=CARTESIAN_POINT('',(-4.81999999999999,8.6025,3.16874043986784));
#11904=VECTOR('',#13440,1.0);
#11905=CARTESIAN_POINT('',(-4.81999999999999,9.2375,-1.67));
#11906=VECTOR('',#13441,1.0);
#11907=CARTESIAN_POINT('',(-4.81999999999999,8.6025,-1.67));
#11908=VECTOR('',#13442,1.0);
#11909=CARTESIAN_POINT('',(-7.18,6.42643186658629,6.6109));
#11910=CARTESIAN_POINT('',(-7.18,6.28274776864918,6.7125));
#11911=AXIS2_PLACEMENT_3D('',#13443,#13444,#13445);
#11912=CARTESIAN_POINT('',(-7.82,6.28274776864918,6.7125));
#11913=CARTESIAN_POINT('',(-7.9200024,6.28274776864918,6.7125));
#11914=VECTOR('',#13446,1.0);
#11915=CARTESIAN_POINT('',(-7.82,6.42643186658629,6.6109));
#11916=AXIS2_PLACEMENT_3D('',#13447,#13448,#13449);
#11917=CARTESIAN_POINT('',(-7.82,6.42643186658629,6.6109));
#11918=VECTOR('',#13450,1.0);
#11919=CARTESIAN_POINT('',(-7.18,2.15,6.7125));
#11920=CARTESIAN_POINT('',(-7.17999999999999,15.9596386162432,6.7125));
#11921=VECTOR('',#13451,1.0);
#11922=CARTESIAN_POINT('',(-7.82,2.15,6.7125));
#11923=CARTESIAN_POINT('',(-7.17999999999999,2.15,6.7125));
#11924=VECTOR('',#13452,1.0);
#11925=CARTESIAN_POINT('',(-7.81999999999999,15.9596386162432,6.7125));
#11926=VECTOR('',#13453,1.0);
#11927=CARTESIAN_POINT('',(-7.18,2.15,7.3475));
#11928=CARTESIAN_POINT('',(-7.17999999999999,2.15,7.13851326801685));
#11929=VECTOR('',#13454,1.0);
#11930=CARTESIAN_POINT('',(-7.82,2.15,7.3475));
#11931=CARTESIAN_POINT('',(-7.17999999999999,2.15,7.3475));
#11932=VECTOR('',#13455,1.0);
#11933=CARTESIAN_POINT('',(-7.82,2.15,7.13851326801685));
#11934=VECTOR('',#13456,1.0);
#11935=CARTESIAN_POINT('',(-7.18,6.28274776864918,7.3475));
#11936=CARTESIAN_POINT('',(-7.17999999999999,15.9596386162432,7.3475));
#11937=VECTOR('',#13457,1.0);
#11938=CARTESIAN_POINT('',(-7.82,6.28274776864918,7.3475));
#11939=CARTESIAN_POINT('',(-7.9200024,6.28274776864918,7.3475));
#11940=VECTOR('',#13458,1.0);
#11941=CARTESIAN_POINT('',(-7.81999999999999,15.9596386162432,7.3475));
#11942=VECTOR('',#13459,1.0);
#11943=CARTESIAN_POINT('',(-7.18,6.42643186658629,7.4491));
#11944=AXIS2_PLACEMENT_3D('',#13460,#13461,#13462);
#11945=CARTESIAN_POINT('',(-7.82,6.42643186658629,7.4491));
#11946=CARTESIAN_POINT('',(-7.82,6.42643186658629,7.4491));
#11947=VECTOR('',#13463,1.0);
#11948=AXIS2_PLACEMENT_3D('',#13464,#13465,#13466);
#11949=CARTESIAN_POINT('',(-7.17999999999999,15.9596386162432,6.6109));
#11950=VECTOR('',#13467,1.0);
#11951=CARTESIAN_POINT('',(-7.17999999999999,15.9596386162432,7.4491));
#11952=VECTOR('',#13468,1.0);
#11953=CARTESIAN_POINT('',(-7.81999999999999,15.9596386162432,6.6109));
#11954=VECTOR('',#13469,1.0);
#11955=CARTESIAN_POINT('',(-7.81999999999999,15.9596386162432,7.4491));
#11956=VECTOR('',#13470,1.0);
#11957=CARTESIAN_POINT('',(-7.82,11.0945,6.4839));
#11958=CARTESIAN_POINT('',(-7.82,9.1867,6.4839));
#11959=VECTOR('',#13471,1.0);
#11960=CARTESIAN_POINT('',(-7.17999999999999,11.0945,6.4839));
#11961=CARTESIAN_POINT('',(-7.17999999999999,11.0945,6.4839));
#11962=VECTOR('',#13472,1.0);
#11963=CARTESIAN_POINT('',(-7.17999999999999,9.98467661624321,6.4839));
#11964=VECTOR('',#13473,1.0);
#11965=CARTESIAN_POINT('',(-7.17999999999999,12.2375,7.1189));
#11966=CARTESIAN_POINT('',(-7.18,12.9564766162432,7.1189));
#11967=VECTOR('',#13474,1.0);
#11968=CARTESIAN_POINT('',(-7.82,12.2375,7.1189));
#11969=CARTESIAN_POINT('',(-8.44800256013083,12.2375,7.1189));
#11970=VECTOR('',#13475,1.0);
#11971=CARTESIAN_POINT('',(-7.82,9.19376261624321,7.1189));
#11972=VECTOR('',#13476,1.0);
#11973=CARTESIAN_POINT('',(-7.81999999999999,12.2375,-1.67));
#11974=CARTESIAN_POINT('',(-7.81999999999999,12.2375,4.47473956013216));
#11975=VECTOR('',#13477,1.0);
#11976=CARTESIAN_POINT('',(-7.81999999999999,11.6025,-1.67));
#11977=CARTESIAN_POINT('',(-7.81999999999999,12.0285132680168,-1.67));
#11978=VECTOR('',#13478,1.0);
#11979=CARTESIAN_POINT('',(-7.82,11.6025,5.9759));
#11980=CARTESIAN_POINT('',(-7.82,11.6025,2.85044843986784));
#11981=VECTOR('',#13479,1.0);
#11982=AXIS2_PLACEMENT_3D('',#13480,#13481,#13482);
#11983=CARTESIAN_POINT('',(-7.17999999999999,11.6025,5.9759));
#11984=AXIS2_PLACEMENT_3D('',#13483,#13484,#13485);
#11985=CARTESIAN_POINT('',(-7.18,11.6025,-1.67));
#11986=CARTESIAN_POINT('',(-7.18,11.6025,5.26209356013216));
#11987=VECTOR('',#13486,1.0);
#11988=CARTESIAN_POINT('',(-7.17999999999999,12.2375,-1.67));
#11989=CARTESIAN_POINT('',(-7.18,12.0285132680168,-1.67));
#11990=VECTOR('',#13487,1.0);
#11991=CARTESIAN_POINT('',(-7.18,12.2375,5.26209356013216));
#11992=VECTOR('',#13488,1.0);
#11993=CARTESIAN_POINT('',(-7.81999999999999,11.6025,-1.67));
#11994=VECTOR('',#13489,1.0);
#11995=CARTESIAN_POINT('',(-7.81999999999999,12.2375,-1.67));
#11996=VECTOR('',#13490,1.0);
#11997=CARTESIAN_POINT('',(-7.17999999999999,11.6025,5.9759));
#11998=VECTOR('',#13491,1.0);
#11999=CARTESIAN_POINT('',(-7.18,6.28274776864918,4.3475));
#12000=CARTESIAN_POINT('',(-7.18,6.42643186658629,4.4491));
#12001=AXIS2_PLACEMENT_3D('',#13492,#13493,#13494);
#12002=CARTESIAN_POINT('',(-7.81999999999999,6.42643186658629,4.4491));
#12003=CARTESIAN_POINT('',(-7.81999999999999,6.42643186658629,4.4491));
#12004=VECTOR('',#13495,1.0);
#12005=CARTESIAN_POINT('',(-7.81999999999999,6.28274776864918,4.3475));
#12006=AXIS2_PLACEMENT_3D('',#13496,#13497,#13498);
#12007=CARTESIAN_POINT('',(-7.92000239999999,6.28274776864918,4.3475));
#12008=VECTOR('',#13499,1.0);
#12009=CARTESIAN_POINT('',(-7.17999999999999,2.15,4.3475));
#12010=CARTESIAN_POINT('',(-7.81999999999999,2.15,4.3475));
#12011=CARTESIAN_POINT('',(-7.17999999999999,2.15,4.3475));
#12012=VECTOR('',#13500,1.0);
#12013=CARTESIAN_POINT('',(-7.17999999999999,15.9596386162432,4.3475));
#12014=VECTOR('',#13501,1.0);
#12015=CARTESIAN_POINT('',(-7.81999999999999,15.9596386162432,4.3475));
#12016=VECTOR('',#13502,1.0);
#12017=CARTESIAN_POINT('',(-7.18,2.15,3.7125));
#12018=CARTESIAN_POINT('',(-7.81999999999999,2.15,3.7125));
#12019=CARTESIAN_POINT('',(-7.17999999999999,2.15,3.7125));
#12020=VECTOR('',#13503,1.0);
#12021=CARTESIAN_POINT('',(-7.17999999999999,2.15,4.13851326801685));
#12022=VECTOR('',#13504,1.0);
#12023=CARTESIAN_POINT('',(-7.81999999999999,2.15,4.13851326801685));
#12024=VECTOR('',#13505,1.0);
#12025=CARTESIAN_POINT('',(-7.18,6.28274776864918,3.7125));
#12026=CARTESIAN_POINT('',(-7.17999999999999,15.9596386162432,3.7125));
#12027=VECTOR('',#13506,1.0);
#12028=CARTESIAN_POINT('',(-7.81999999999999,6.28274776864918,3.7125));
#12029=CARTESIAN_POINT('',(-7.81999999999999,15.9596386162432,3.7125));
#12030=VECTOR('',#13507,1.0);
#12031=CARTESIAN_POINT('',(-7.92000239999999,6.28274776864918,3.7125));
#12032=VECTOR('',#13508,1.0);
#12033=CARTESIAN_POINT('',(-7.18,6.42643186658629,3.6109));
#12034=AXIS2_PLACEMENT_3D('',#13509,#13510,#13511);
#12035=CARTESIAN_POINT('',(-7.81999999999999,6.42643186658629,3.6109));
#12036=AXIS2_PLACEMENT_3D('',#13512,#13513,#13514);
#12037=CARTESIAN_POINT('',(-7.81999999999999,6.42643186658629,3.6109));
#12038=VECTOR('',#13515,1.0);
#12039=CARTESIAN_POINT('',(-7.81999999999999,15.9596386162432,3.6109));
#12040=VECTOR('',#13516,1.0);
#12041=CARTESIAN_POINT('',(-7.81999999999999,15.9596386162432,4.4491));
#12042=VECTOR('',#13517,1.0);
#12043=CARTESIAN_POINT('',(-7.17999999999999,15.9596386162432,4.4491));
#12044=VECTOR('',#13518,1.0);
#12045=CARTESIAN_POINT('',(-7.17999999999999,15.9596386162432,3.6109));
#12046=VECTOR('',#13519,1.0);
#12047=CARTESIAN_POINT('',(-7.18,9.2375,-1.67));
#12048=CARTESIAN_POINT('',(-7.18,9.2375,5.28469356013216));
#12049=VECTOR('',#13520,1.0);
#12050=CARTESIAN_POINT('',(-7.18,8.6025,-1.67));
#12051=CARTESIAN_POINT('',(-7.18,8.6025,5.28469356013216));
#12052=VECTOR('',#13521,1.0);
#12053=CARTESIAN_POINT('',(-7.18,9.02851326801685,-1.67));
#12054=VECTOR('',#13522,1.0);
#12055=CARTESIAN_POINT('',(-7.81999999999999,9.2375,-1.67));
#12056=CARTESIAN_POINT('',(-7.81999999999999,9.2375,4.49733956013216));
#12057=VECTOR('',#13523,1.0);
#12058=CARTESIAN_POINT('',(-7.81999999999999,8.6025,-1.67));
#12059=CARTESIAN_POINT('',(-7.81999999999999,9.02851326801685,-1.67));
#12060=VECTOR('',#13524,1.0);
#12061=CARTESIAN_POINT('',(-7.81999999999999,8.6025,3.16874043986784));
#12062=VECTOR('',#13525,1.0);
#12063=CARTESIAN_POINT('',(-7.81999999999999,9.2375,-1.67));
#12064=VECTOR('',#13526,1.0);
#12065=CARTESIAN_POINT('',(-7.81999999999999,8.6025,-1.67));
#12066=VECTOR('',#13527,1.0);
#12067=CARTESIAN_POINT('',(1.15,7.09999875621121,-1.67000238758331));
#12068=CARTESIAN_POINT('',(0.849999999999999,7.09999875621121,-1.67000238758331));
#12069=CARTESIAN_POINT('',(1.15,7.09999875621121,-1.67000238758331));
#12070=VECTOR('',#13528,1.0);
#12071=CARTESIAN_POINT('',(1.15,7.09999875621121,1.68000000000001));
#12072=CARTESIAN_POINT('',(1.15,7.09999875621121,4.50101761241669));
#12073=VECTOR('',#13529,1.0);
#12074=CARTESIAN_POINT('',(0.849999999999999,7.09999875621121,1.68000000000001));
#12075=CARTESIAN_POINT('',(0.849999999999999,7.09999875621121,1.68000000000001));
#12076=VECTOR('',#13530,1.0);
#12077=CARTESIAN_POINT('',(0.85,7.09999875621121,-1.61898238758331));
#12078=VECTOR('',#13531,1.0);
#12079=CARTESIAN_POINT('',(1.15,7.39999875621121,-1.67000238758331));
#12080=CARTESIAN_POINT('',(0.849999999999999,7.39999875621122,-1.67000238758331));
#12081=CARTESIAN_POINT('',(1.15,7.39999875621121,-1.67000238758331));
#12082=VECTOR('',#13532,1.0);
#12083=CARTESIAN_POINT('',(1.15,7.39999875621121,-1.67000238758331));
#12084=VECTOR('',#13533,1.0);
#12085=CARTESIAN_POINT('',(0.849999999999999,7.39999875621121,-1.67000238758331));
#12086=VECTOR('',#13534,1.0);
#12087=CARTESIAN_POINT('',(0.849999999999999,7.39999875621121,2.27999999999997));
#12088=CARTESIAN_POINT('',(0.85,7.39999875621121,-1.61898238758331));
#12089=VECTOR('',#13535,1.0);
#12090=CARTESIAN_POINT('',(1.15,7.39999875621121,2.27999999999998));
#12091=CARTESIAN_POINT('',(0.999999999999999,7.39999875621121,2.27999999999997));
#12092=VECTOR('',#13536,1.0);
#12093=CARTESIAN_POINT('',(1.15,7.39999875621121,4.50101761241669));
#12094=VECTOR('',#13537,1.0);
#12095=CARTESIAN_POINT('',(1.15,5.97499691047906,1.68000000000001));
#12096=CARTESIAN_POINT('',(1.15,5.60151691047906,1.68000000000001));
#12097=VECTOR('',#13538,1.0);
#12098=CARTESIAN_POINT('',(0.849999999999999,5.97499691047906,1.68000000000001));
#12099=CARTESIAN_POINT('',(0.849999999999999,5.97499691047906,1.68000000000001));
#12100=VECTOR('',#13539,1.0);
#12101=CARTESIAN_POINT('',(0.849999999999999,5.60151691047906,1.68000000000001));
#12102=VECTOR('',#13540,1.0);
#12103=CARTESIAN_POINT('',(1.15,5.59999691047906,1.43000000000001));
#12104=VECTOR('',#13541,1.0);
#12105=CARTESIAN_POINT('',(0.849999999999999,5.59999691047906,1.43000000000001));
#12106=VECTOR('',#13542,1.0);
#12107=CARTESIAN_POINT('',(0.849999999999999,5.40151691047906,2.27999999999998));
#12108=VECTOR('',#13543,1.0);
#12109=CARTESIAN_POINT('',(1.15,5.40151691047906,2.27999999999998));
#12110=VECTOR('',#13544,1.0);
#12111=CARTESIAN_POINT('',(1.15,1.99999875621121,1.73000000000001));
#12112=CARTESIAN_POINT('',(1.15,4.09999875621121,1.73000000000001));
#12113=VECTOR('',#13545,1.0);
#12114=CARTESIAN_POINT('',(1.15,1.99999875621121,1.43000000000001));
#12115=CARTESIAN_POINT('',(1.15,1.99999875621121,1.43000000000001));
#12116=VECTOR('',#13546,1.0);
#12117=CARTESIAN_POINT('',(1.15,7.60151691047906,1.43000000000001));
#12118=VECTOR('',#13547,1.0);
#12119=CARTESIAN_POINT('',(0.849999999999999,1.99999875621121,1.73000000000001));
#12120=CARTESIAN_POINT('',(0.85,4.09999875621121,1.73000000000001));
#12121=VECTOR('',#13548,1.0);
#12122=CARTESIAN_POINT('',(0.849999999999999,1.99999875621121,1.43000000000001));
#12123=CARTESIAN_POINT('',(0.849999999999999,7.60151691047906,1.43000000000001));
#12124=VECTOR('',#13549,1.0);
#12125=CARTESIAN_POINT('',(0.85,1.99999875621121,5.19547652994287));
#12126=VECTOR('',#13550,1.0);
#12127=CARTESIAN_POINT('',(1.1,1.7999987562112,1.43000000000001));
#12128=CARTESIAN_POINT('',(1.15,1.99999875621121,1.43000000000001));
#12129=VECTOR('',#13551,1.0);
#12130=CARTESIAN_POINT('',(0.9,1.79999875621121,1.43000000000001));
#12131=AXIS2_PLACEMENT_3D('',#13552,#13553,#13554);
#12132=CARTESIAN_POINT('',(-0.468004271592436,7.27201584258095,1.43000000000001));
#12133=VECTOR('',#13555,1.0);
#12134=CARTESIAN_POINT('',(0.899999999999999,1.79999875621121,1.73000000000001));
#12135=CARTESIAN_POINT('',(0.849999999999999,1.99999875621121,1.73000000000001));
#12136=VECTOR('',#13556,1.0);
#12137=CARTESIAN_POINT('',(1.1,1.79999875621121,1.73000000000001));
#12138=AXIS2_PLACEMENT_3D('',#13557,#13558,#13559);
#12139=CARTESIAN_POINT('',(0.779768977474787,0.519074666110362,1.73000000000001));
#12140=VECTOR('',#13560,1.0);
#12141=CARTESIAN_POINT('',(0.899999999999999,1.79999875621121,-3.31999999999999));
#12142=VECTOR('',#13561,1.0);
#12143=CARTESIAN_POINT('',(1.1,1.79999875621121,1.73000000000001));
#12144=VECTOR('',#13562,1.0);
#12145=CARTESIAN_POINT('',(-0.850000000000003,7.09999875621121,-1.67000238758331));
#12146=CARTESIAN_POINT('',(-1.15,7.09999875621121,-1.67000238758331));
#12147=CARTESIAN_POINT('',(-0.850000000000003,7.09999875621121,-1.67000238758331));
#12148=VECTOR('',#13563,1.0);
#12149=CARTESIAN_POINT('',(-0.850000000000001,7.09999875621121,1.68000000000001));
#12150=CARTESIAN_POINT('',(-0.850000000000001,7.09999875621121,4.50101761241669));
#12151=VECTOR('',#13564,1.0);
#12152=CARTESIAN_POINT('',(-1.15,7.09999875621121,1.68000000000001));
#12153=CARTESIAN_POINT('',(-1.15,7.09999875621121,1.68000000000001));
#12154=VECTOR('',#13565,1.0);
#12155=CARTESIAN_POINT('',(-1.15,7.09999875621121,-1.61898238758331));
#12156=VECTOR('',#13566,1.0);
#12157=CARTESIAN_POINT('',(-0.850000000000003,7.39999875621121,-1.67000238758331));
#12158=CARTESIAN_POINT('',(-1.15,7.39999875621122,-1.67000238758331));
#12159=CARTESIAN_POINT('',(-0.850000000000003,7.39999875621121,-1.67000238758331));
#12160=VECTOR('',#13567,1.0);
#12161=CARTESIAN_POINT('',(-0.850000000000003,7.39999875621121,-1.67000238758331));
#12162=VECTOR('',#13568,1.0);
#12163=CARTESIAN_POINT('',(-1.15,7.39999875621121,-1.67000238758331));
#12164=VECTOR('',#13569,1.0);
#12165=CARTESIAN_POINT('',(-1.15,7.39999875621121,2.27999999999997));
#12166=CARTESIAN_POINT('',(-1.15,7.39999875621121,-1.61898238758331));
#12167=VECTOR('',#13570,1.0);
#12168=CARTESIAN_POINT('',(-0.850000000000001,7.39999875621121,2.27999999999998));
#12169=CARTESIAN_POINT('',(-1.0,7.39999875621121,2.27999999999997));
#12170=VECTOR('',#13571,1.0);
#12171=CARTESIAN_POINT('',(-0.850000000000001,7.39999875621121,4.50101761241669));
#12172=VECTOR('',#13572,1.0);
#12173=CARTESIAN_POINT('',(-0.850000000000001,5.97499691047906,1.68000000000001));
#12174=CARTESIAN_POINT('',(-0.850000000000001,5.60151691047906,1.68000000000001));
#12175=VECTOR('',#13573,1.0);
#12176=CARTESIAN_POINT('',(-1.15,5.97499691047906,1.68000000000001));
#12177=CARTESIAN_POINT('',(-1.15,5.97499691047906,1.68000000000001));
#12178=VECTOR('',#13574,1.0);
#12179=CARTESIAN_POINT('',(-1.15,5.60151691047906,1.68000000000001));
#12180=VECTOR('',#13575,1.0);
#12181=CARTESIAN_POINT('',(-0.850000000000001,5.59999691047906,1.43000000000001));
#12182=VECTOR('',#13576,1.0);
#12183=CARTESIAN_POINT('',(-1.15,5.59999691047906,1.43000000000001));
#12184=VECTOR('',#13577,1.0);
#12185=CARTESIAN_POINT('',(-1.15,5.40151691047906,2.27999999999998));
#12186=VECTOR('',#13578,1.0);
#12187=CARTESIAN_POINT('',(-0.850000000000001,5.40151691047906,2.27999999999998));
#12188=VECTOR('',#13579,1.0);
#12189=CARTESIAN_POINT('',(-0.850000000000001,1.99999875621121,1.73000000000001));
#12190=CARTESIAN_POINT('',(-0.850000000000002,4.09999875621121,1.73000000000001));
#12191=VECTOR('',#13580,1.0);
#12192=CARTESIAN_POINT('',(-0.850000000000001,1.99999875621121,1.43000000000001));
#12193=CARTESIAN_POINT('',(-0.850000000000001,1.99999875621121,1.43000000000001));
#12194=VECTOR('',#13581,1.0);
#12195=CARTESIAN_POINT('',(-0.850000000000001,7.60151691047906,1.43000000000001));
#12196=VECTOR('',#13582,1.0);
#12197=CARTESIAN_POINT('',(-1.15,1.99999875621121,1.73000000000001));
#12198=CARTESIAN_POINT('',(-1.15,4.09999875621121,1.73000000000001));
#12199=VECTOR('',#13583,1.0);
#12200=CARTESIAN_POINT('',(-1.15,1.99999875621121,1.43000000000001));
#12201=CARTESIAN_POINT('',(-1.15,7.60151691047906,1.43000000000001));
#12202=VECTOR('',#13584,1.0);
#12203=CARTESIAN_POINT('',(-1.15,1.99999875621121,5.19547652994287));
#12204=VECTOR('',#13585,1.0);
#12205=CARTESIAN_POINT('',(-0.900000000000002,1.7999987562112,1.43000000000001));
#12206=CARTESIAN_POINT('',(-0.850000000000001,1.99999875621121,1.43000000000001));
#12207=VECTOR('',#13586,1.0);
#12208=CARTESIAN_POINT('',(-1.1,1.79999875621121,1.43000000000001));
#12209=AXIS2_PLACEMENT_3D('',#13587,#13588,#13589);
#12210=CARTESIAN_POINT('',(-2.46800427159244,7.27201584258095,1.43000000000001));
#12211=VECTOR('',#13590,1.0);
#12212=CARTESIAN_POINT('',(-1.1,1.79999875621121,1.73000000000001));
#12213=CARTESIAN_POINT('',(-1.15,1.99999875621121,1.73000000000001));
#12214=VECTOR('',#13591,1.0);
#12215=CARTESIAN_POINT('',(-0.900000000000001,1.79999875621121,1.73000000000001));
#12216=AXIS2_PLACEMENT_3D('',#13592,#13593,#13594);
#12217=CARTESIAN_POINT('',(-1.22023102252521,0.519074666110362,1.73000000000001));
#12218=VECTOR('',#13595,1.0);
#12219=CARTESIAN_POINT('',(-1.1,1.79999875621121,-3.31999999999999));
#12220=VECTOR('',#13596,1.0);
#12221=CARTESIAN_POINT('',(-0.900000000000001,1.79999875621121,1.73000000000001));
#12222=VECTOR('',#13597,1.0);
#12223=CARTESIAN_POINT('',(-2.85,7.09999875621121,-1.67000238758331));
#12224=CARTESIAN_POINT('',(-3.15,7.09999875621121,-1.67000238758331));
#12225=CARTESIAN_POINT('',(-2.85,7.09999875621121,-1.67000238758331));
#12226=VECTOR('',#13598,1.0);
#12227=CARTESIAN_POINT('',(-2.85,7.09999875621121,1.68000000000001));
#12228=CARTESIAN_POINT('',(-2.85,7.09999875621121,4.50101761241669));
#12229=VECTOR('',#13599,1.0);
#12230=CARTESIAN_POINT('',(-3.15,7.09999875621121,1.68000000000001));
#12231=CARTESIAN_POINT('',(-3.15,7.09999875621121,1.68000000000001));
#12232=VECTOR('',#13600,1.0);
#12233=CARTESIAN_POINT('',(-3.15,7.09999875621121,-1.61898238758331));
#12234=VECTOR('',#13601,1.0);
#12235=CARTESIAN_POINT('',(-2.85,7.39999875621121,-1.67000238758331));
#12236=CARTESIAN_POINT('',(-3.15,7.39999875621122,-1.67000238758331));
#12237=CARTESIAN_POINT('',(-2.85,7.39999875621121,-1.67000238758331));
#12238=VECTOR('',#13602,1.0);
#12239=CARTESIAN_POINT('',(-2.85,7.39999875621121,-1.67000238758331));
#12240=VECTOR('',#13603,1.0);
#12241=CARTESIAN_POINT('',(-3.15,7.39999875621121,-1.67000238758331));
#12242=VECTOR('',#13604,1.0);
#12243=CARTESIAN_POINT('',(-3.15,7.39999875621121,2.27999999999997));
#12244=CARTESIAN_POINT('',(-3.15,7.39999875621121,-1.61898238758331));
#12245=VECTOR('',#13605,1.0);
#12246=CARTESIAN_POINT('',(-2.85,7.39999875621121,2.27999999999998));
#12247=CARTESIAN_POINT('',(-3.0,7.39999875621121,2.27999999999997));
#12248=VECTOR('',#13606,1.0);
#12249=CARTESIAN_POINT('',(-2.85,7.39999875621121,4.50101761241669));
#12250=VECTOR('',#13607,1.0);
#12251=CARTESIAN_POINT('',(-2.85,5.97499691047906,1.68000000000001));
#12252=CARTESIAN_POINT('',(-2.85,5.60151691047906,1.68000000000001));
#12253=VECTOR('',#13608,1.0);
#12254=CARTESIAN_POINT('',(-3.15,5.97499691047906,1.68000000000001));
#12255=CARTESIAN_POINT('',(-3.15,5.97499691047906,1.68000000000001));
#12256=VECTOR('',#13609,1.0);
#12257=CARTESIAN_POINT('',(-3.15,5.60151691047906,1.68000000000001));
#12258=VECTOR('',#13610,1.0);
#12259=CARTESIAN_POINT('',(-2.85,5.59999691047906,1.43000000000001));
#12260=VECTOR('',#13611,1.0);
#12261=CARTESIAN_POINT('',(-3.15,5.59999691047906,1.43000000000001));
#12262=VECTOR('',#13612,1.0);
#12263=CARTESIAN_POINT('',(-3.15,5.40151691047906,2.27999999999998));
#12264=VECTOR('',#13613,1.0);
#12265=CARTESIAN_POINT('',(-2.85,5.40151691047906,2.27999999999998));
#12266=VECTOR('',#13614,1.0);
#12267=CARTESIAN_POINT('',(-2.85,1.99999875621121,1.73000000000001));
#12268=CARTESIAN_POINT('',(-2.85,4.09999875621121,1.73000000000001));
#12269=VECTOR('',#13615,1.0);
#12270=CARTESIAN_POINT('',(-2.85,1.99999875621121,1.43000000000001));
#12271=CARTESIAN_POINT('',(-2.85,1.99999875621121,1.43000000000001));
#12272=VECTOR('',#13616,1.0);
#12273=CARTESIAN_POINT('',(-2.85,7.60151691047906,1.43000000000001));
#12274=VECTOR('',#13617,1.0);
#12275=CARTESIAN_POINT('',(-3.15,1.99999875621121,1.73000000000001));
#12276=CARTESIAN_POINT('',(-3.15,4.09999875621121,1.73000000000001));
#12277=VECTOR('',#13618,1.0);
#12278=CARTESIAN_POINT('',(-3.15,1.99999875621121,1.43000000000001));
#12279=CARTESIAN_POINT('',(-3.15,7.60151691047906,1.43000000000001));
#12280=VECTOR('',#13619,1.0);
#12281=CARTESIAN_POINT('',(-3.15,1.99999875621121,5.19547652994287));
#12282=VECTOR('',#13620,1.0);
#12283=CARTESIAN_POINT('',(-2.9,1.7999987562112,1.43000000000001));
#12284=CARTESIAN_POINT('',(-2.85,1.99999875621121,1.43000000000001));
#12285=VECTOR('',#13621,1.0);
#12286=CARTESIAN_POINT('',(-3.1,1.79999875621121,1.43000000000001));
#12287=AXIS2_PLACEMENT_3D('',#13622,#13623,#13624);
#12288=CARTESIAN_POINT('',(-4.46800427159244,7.27201584258095,1.43000000000001));
#12289=VECTOR('',#13625,1.0);
#12290=CARTESIAN_POINT('',(-3.1,1.79999875621121,1.73000000000001));
#12291=CARTESIAN_POINT('',(-3.15,1.99999875621121,1.73000000000001));
#12292=VECTOR('',#13626,1.0);
#12293=CARTESIAN_POINT('',(-2.9,1.79999875621121,1.73000000000001));
#12294=AXIS2_PLACEMENT_3D('',#13627,#13628,#13629);
#12295=CARTESIAN_POINT('',(-3.22023102252521,0.519074666110362,1.73000000000001));
#12296=VECTOR('',#13630,1.0);
#12297=CARTESIAN_POINT('',(-3.1,1.79999875621121,-3.31999999999999));
#12298=VECTOR('',#13631,1.0);
#12299=CARTESIAN_POINT('',(-2.9,1.79999875621121,1.73000000000001));
#12300=VECTOR('',#13632,1.0);
#12301=DIRECTION('',(1.0,0.0,0.0));
#12302=DIRECTION('',(1.08420217248551E-16,0.0,1.0));
#12303=DIRECTION('',(1.0,0.0,-1.08420217248551E-16));
#12304=DIRECTION('',(1.08420217248551E-16,0.0,1.0));
#12305=DIRECTION('',(1.0,0.0,0.0));
#12306=DIRECTION('',(0.0,0.0,-1.0));
#12307=DIRECTION('',(1.0,0.0,0.0));
#12308=DIRECTION('',(0.0,0.0,1.0));
#12309=DIRECTION('',(1.0,0.0,0.0));
#12310=DIRECTION('',(0.0,0.0,1.0));
#12311=DIRECTION('',(-1.0,0.0,0.0));
#12312=DIRECTION('',(0.0,0.0,-1.0));
#12313=DIRECTION('',(1.0,0.0,0.0));
#12314=DIRECTION('',(1.08420217248551E-16,0.0,1.0));
#12315=DIRECTION('',(1.0,0.0,-1.08420217248551E-16));
#12316=DIRECTION('',(1.08420217248551E-16,0.0,1.0));
#12317=DIRECTION('',(1.0,0.0,0.0));
#12318=DIRECTION('',(1.08420217248551E-16,0.0,1.0));
#12319=DIRECTION('',(1.0,0.0,-1.08420217248551E-16));
#12320=DIRECTION('',(1.08420217248551E-16,0.0,1.0));
#12321=DIRECTION('',(1.0,0.0,0.0));
#12322=DIRECTION('',(1.08420217248551E-16,0.0,1.0));
#12323=DIRECTION('',(1.0,0.0,-1.08420217248551E-16));
#12324=DIRECTION('',(1.08420217248551E-16,0.0,1.0));
#12325=DIRECTION('',(8.13151629364127E-16,0.0,-1.0));
#12326=DIRECTION('',(1.0,0.0,6.31503004832658E-16));
#12327=DIRECTION('',(0.0,0.0,1.0));
#12328=DIRECTION('',(-1.0,0.0,7.47725636196899E-17));
#12329=DIRECTION('',(-1.08420217248551E-16,0.0,-1.0));
#12330=DIRECTION('',(-1.0,0.0,1.08420217248551E-16));
#12331=DIRECTION('',(-1.08420217248551E-16,0.0,-1.0));
#12332=DIRECTION('',(1.0,0.0,-1.08420217248551E-16));
#12333=DIRECTION('',(-1.08420217248551E-16,0.0,-1.0));
#12334=DIRECTION('',(-1.0,0.0,1.08420217248551E-16));
#12335=DIRECTION('',(-1.08420217248551E-16,0.0,-1.0));
#12336=DIRECTION('',(1.0,0.0,-1.08420217248551E-16));
#12337=DIRECTION('',(-1.08420217248551E-16,0.0,-1.0));
#12338=DIRECTION('',(-1.0,0.0,1.08420217248551E-16));
#12339=DIRECTION('',(-1.08420217248551E-16,0.0,-1.0));
#12340=DIRECTION('',(1.0,0.0,-1.08420217248551E-16));
#12341=DIRECTION('',(-1.08420217248551E-16,0.0,-1.0));
#12342=DIRECTION('',(-1.0,0.0,1.08420217248551E-16));
#12343=DIRECTION('',(-1.08420217248551E-16,0.0,-1.0));
#12344=DIRECTION('',(1.0,0.0,-1.08420217248551E-16));
#12345=DIRECTION('',(-2.75407832661446E-47,-1.0,0.0));
#12346=DIRECTION('',(-2.75407832661446E-47,-1.0,0.0));
#12347=DIRECTION('',(1.0,0.0,0.0));
#12348=DIRECTION('',(-0.707106781186544,0.707106781186551,0.0));
#12349=DIRECTION('',(-1.0,0.0,0.0));
#12350=DIRECTION('',(-0.707106781186547,-0.707106781186548,0.0));
#12351=DIRECTION('',(1.0,0.0,0.0));
#12352=DIRECTION('',(-1.0,0.0,1.08420217248551E-16));
#12353=DIRECTION('',(1.08420217248551E-16,0.0,1.0));
#12354=DIRECTION('',(0.0,3.82097681933217E-16,-1.0));
#12355=DIRECTION('',(-1.0,0.0,0.0));
#12356=DIRECTION('',(0.0,-3.82097681933217E-16,1.0));
#12357=DIRECTION('',(1.0,0.0,0.0));
#12358=DIRECTION('',(1.08420217248551E-16,0.0,1.0));
#12359=DIRECTION('',(-2.75407832661446E-47,-1.0,0.0));
#12360=DIRECTION('',(-2.75407832661446E-47,-1.0,0.0));
#12361=DIRECTION('',(1.0,0.0,0.0));
#12362=DIRECTION('',(-0.707106781186544,0.707106781186551,0.0));
#12363=DIRECTION('',(-1.0,0.0,0.0));
#12364=DIRECTION('',(-0.707106781186544,-0.707106781186551,0.0));
#12365=DIRECTION('',(1.0,0.0,0.0));
#12366=DIRECTION('',(-1.0,0.0,1.08420217248551E-16));
#12367=DIRECTION('',(1.08420217248551E-16,0.0,1.0));
#12368=DIRECTION('',(0.0,3.82097681933217E-16,-1.0));
#12369=DIRECTION('',(-1.0,0.0,0.0));
#12370=DIRECTION('',(0.0,-3.82097681933217E-16,1.0));
#12371=DIRECTION('',(1.08420217248551E-16,0.0,1.0));
#12372=DIRECTION('',(-2.75407832661446E-47,-1.0,0.0));
#12373=DIRECTION('',(-2.75407832661446E-47,-1.0,0.0));
#12374=DIRECTION('',(1.0,0.0,0.0));
#12375=DIRECTION('',(-0.707106781186544,0.707106781186551,0.0));
#12376=DIRECTION('',(-1.0,0.0,0.0));
#12377=DIRECTION('',(-0.707106781186544,-0.707106781186551,0.0));
#12378=DIRECTION('',(1.0,0.0,0.0));
#12379=DIRECTION('',(-1.0,0.0,1.08420217248551E-16));
#12380=DIRECTION('',(1.08420217248551E-16,0.0,1.0));
#12381=DIRECTION('',(0.0,3.82097681933217E-16,-1.0));
#12382=DIRECTION('',(-1.0,0.0,0.0));
#12383=DIRECTION('',(0.0,-3.82097681933217E-16,1.0));
#12384=DIRECTION('',(1.08420217248551E-16,0.0,1.0));
#12385=DIRECTION('',(1.0,0.0,0.0));
#12386=DIRECTION('',(-8.1213645879064E-17,0.0,1.0));
#12387=DIRECTION('',(-1.0,0.0,0.0));
#12388=DIRECTION('',(0.707106781186547,-3.92523114670944E-17,0.707106781186548));
#12389=DIRECTION('',(0.0,0.0,-1.0));
#12390=DIRECTION('',(-1.11022302462516E-16,-5.55111512312578E-17,1.0));
#12391=DIRECTION('',(-1.0,2.76389813842194E-33,-1.11022302462516E-16));
#12392=DIRECTION('',(-1.11022302462516E-16,-5.55111512312578E-17,1.0));
#12393=DIRECTION('',(1.0,-2.76389813842194E-33,1.11022302462516E-16));
#12394=DIRECTION('',(-1.11022302462516E-16,0.0,1.0));
#12395=DIRECTION('',(1.0,0.0,1.11022302462516E-16));
#12396=DIRECTION('',(-1.11022302462516E-16,0.0,1.0));
#12397=DIRECTION('',(-1.0,0.0,-1.11022302462516E-16));
#12398=DIRECTION('',(-1.11022302462516E-16,0.0,1.0));
#12399=DIRECTION('',(1.0,0.0,1.11022302462516E-16));
#12400=DIRECTION('',(-1.11022302462516E-16,0.0,1.0));
#12401=DIRECTION('',(-1.0,0.0,-1.11022302462516E-16));
#12402=DIRECTION('',(-1.11022302462516E-16,0.0,1.0));
#12403=DIRECTION('',(1.0,0.0,1.11022302462516E-16));
#12404=DIRECTION('',(-1.11022302462516E-16,0.0,1.0));
#12405=DIRECTION('',(-1.0,0.0,-1.11022302462516E-16));
#12406=DIRECTION('',(1.0,0.0,1.49289369194769E-16));
#12407=DIRECTION('',(0.0,0.0,-1.0));
#12408=DIRECTION('',(-1.0,0.0,-6.12323399573677E-17));
#12409=DIRECTION('',(1.64896844541448E-16,0.0,1.0));
#12410=DIRECTION('',(-6.12323399573677E-17,0.0,1.0));
#12411=DIRECTION('',(1.0,0.0,0.0));
#12412=DIRECTION('',(6.12323399573677E-17,0.0,-1.0));
#12413=DIRECTION('',(-1.0,0.0,4.1107191373858E-16));
#12414=DIRECTION('',(-6.12323399573677E-17,0.0,1.0));
#12415=DIRECTION('',(1.0,0.0,0.0));
#12416=DIRECTION('',(6.12323399573677E-17,0.0,-1.0));
#12417=DIRECTION('',(-1.0,0.0,4.1107191373858E-16));
#12418=DIRECTION('',(-6.12323399573677E-17,0.0,1.0));
#12419=DIRECTION('',(1.0,0.0,0.0));
#12420=DIRECTION('',(6.12323399573677E-17,0.0,-1.0));
#12421=DIRECTION('',(-1.0,0.0,4.1107191373858E-16));
#12422=DIRECTION('',(-6.12323399573677E-17,0.0,1.0));
#12423=DIRECTION('',(1.0,0.0,0.0));
#12424=DIRECTION('',(6.12323399573677E-17,0.0,-1.0));
#12425=DIRECTION('',(-1.0,0.0,4.1107191373858E-16));
#12426=DIRECTION('',(-6.12323399573677E-17,0.0,1.0));
#12427=DIRECTION('',(1.0,0.0,0.0));
#12428=DIRECTION('',(6.12323399573677E-17,0.0,-1.0));
#12429=DIRECTION('',(-1.0,0.0,4.1107191373858E-16));
#12430=DIRECTION('',(-6.12323399573677E-17,0.0,1.0));
#12431=DIRECTION('',(1.0,0.0,0.0));
#12432=DIRECTION('',(6.12323399573677E-17,0.0,-1.0));
#12433=DIRECTION('',(-1.0,0.0,4.1107191373858E-16));
#12434=DIRECTION('',(0.0,0.0,-1.0));
#12435=DIRECTION('',(1.0,0.0,0.0));
#12436=DIRECTION('',(0.0,0.0,1.0));
#12437=DIRECTION('',(-1.0,0.0,0.0));
#12438=CARTESIAN_POINT('',(8.38786716209219,9.24,7.38786908200941));
#12439=DIRECTION('',(0.0,-1.0,0.0));
#12440=DIRECTION('',(1.0,0.0,0.0));
#12441=DIRECTION('',(-1.0,0.0,0.0));
#12442=DIRECTION('',(-1.11022302462516E-16,0.0,1.0));
#12443=DIRECTION('',(1.0,0.0,1.11022302462516E-16));
#12444=DIRECTION('',(-1.11022302462516E-16,0.0,1.0));
#12445=DIRECTION('',(-1.0,0.0,-1.11022302462516E-16));
#12446=DIRECTION('',(-1.11022302462516E-16,0.0,1.0));
#12447=DIRECTION('',(1.0,0.0,1.11022302462516E-16));
#12448=DIRECTION('',(-1.11022302462516E-16,0.0,1.0));
#12449=DIRECTION('',(-1.0,0.0,-1.11022302462516E-16));
#12450=DIRECTION('',(-1.11022302462516E-16,0.0,1.0));
#12451=DIRECTION('',(1.0,0.0,1.11022302462516E-16));
#12452=DIRECTION('',(-1.11022302462516E-16,0.0,1.0));
#12453=DIRECTION('',(-1.0,0.0,-1.11022302462516E-16));
#12454=DIRECTION('',(-1.0,0.0,0.0));
#12455=DIRECTION('',(0.707106781186548,0.0,0.707106781186548));
#12456=DIRECTION('',(0.0,0.0,-1.0));
#12457=DIRECTION('',(1.0,0.0,0.0));
#12458=DIRECTION('',(-8.1213645879064E-17,0.0,1.0));
#12459=DIRECTION('',(-1.0,0.0,-1.11022302462516E-16));
#12460=DIRECTION('',(-1.11022302462516E-16,0.0,1.0));
#12461=DIRECTION('',(1.0,0.0,1.11022302462516E-16));
#12462=DIRECTION('',(-1.11022302462516E-16,0.0,1.0));
#12463=DIRECTION('',(1.0,0.0,0.0));
#12464=DIRECTION('',(0.0,0.0,1.0));
#12465=DIRECTION('',(-1.0,0.0,0.0));
#12466=DIRECTION('',(0.707106781186548,-3.92523114670944E-17,0.707106781186547));
#12467=DIRECTION('',(0.0,0.0,-1.0));
#12468=DIRECTION('',(-1.11022302462516E-16,-5.55111512312578E-17,1.0));
#12469=DIRECTION('',(-1.0,2.76389813842194E-33,-1.11022302462516E-16));
#12470=DIRECTION('',(-1.11022302462516E-16,-5.55111512312578E-17,1.0));
#12471=DIRECTION('',(1.0,-2.76389813842194E-33,1.11022302462516E-16));
#12472=DIRECTION('',(-1.0,0.0,0.0));
#12473=DIRECTION('',(0.707106781186548,0.0,0.707106781186547));
#12474=DIRECTION('',(0.0,0.0,-1.0));
#12475=DIRECTION('',(1.0,0.0,0.0));
#12476=DIRECTION('',(0.0,0.0,1.0));
#12477=DIRECTION('',(-1.0,0.0,-1.11022302462516E-16));
#12478=DIRECTION('',(-1.11022302462516E-16,0.0,1.0));
#12479=DIRECTION('',(1.0,0.0,1.11022302462516E-16));
#12480=DIRECTION('',(-1.11022302462516E-16,0.0,1.0));
#12481=DIRECTION('',(1.0,0.0,0.0));
#12482=DIRECTION('',(0.0,0.0,1.0));
#12483=DIRECTION('',(-1.0,0.0,0.0));
#12484=DIRECTION('',(0.707106781186547,0.0,0.707106781186548));
#12485=DIRECTION('',(0.0,0.0,-1.0));
#12486=DIRECTION('',(-1.11022302462516E-16,0.0,1.0));
#12487=DIRECTION('',(-1.0,0.0,-1.11022302462516E-16));
#12488=DIRECTION('',(-1.11022302462516E-16,0.0,1.0));
#12489=DIRECTION('',(1.0,0.0,1.11022302462516E-16));
#12490=DIRECTION('',(-1.0,0.0,0.0));
#12491=DIRECTION('',(0.707106781186547,0.0,0.707106781186548));
#12492=DIRECTION('',(0.0,0.0,-1.0));
#12493=DIRECTION('',(1.0,0.0,0.0));
#12494=DIRECTION('',(0.0,0.0,1.0));
#12495=DIRECTION('',(-1.0,0.0,-1.11022302462516E-16));
#12496=DIRECTION('',(-1.11022302462516E-16,0.0,1.0));
#12497=DIRECTION('',(1.0,0.0,1.11022302462516E-16));
#12498=DIRECTION('',(-1.11022302462516E-16,0.0,1.0));
#12499=DIRECTION('',(1.0,0.0,0.0));
#12500=DIRECTION('',(0.0,0.0,1.0));
#12501=DIRECTION('',(-1.0,0.0,0.0));
#12502=DIRECTION('',(0.707106781186547,-3.92523114670944E-17,0.707106781186548));
#12503=DIRECTION('',(0.0,0.0,-1.0));
#12504=DIRECTION('',(-1.11022302462516E-16,-5.55111512312578E-17,1.0));
#12505=DIRECTION('',(-1.0,2.76389813842194E-33,-1.11022302462516E-16));
#12506=DIRECTION('',(-1.11022302462516E-16,-5.55111512312578E-17,1.0));
#12507=DIRECTION('',(1.0,-2.76389813842194E-33,1.11022302462516E-16));
#12508=DIRECTION('',(0.0,0.0,1.0));
#12509=DIRECTION('',(-1.0,0.0,0.0));
#12510=DIRECTION('',(0.0,0.0,-1.0));
#12511=DIRECTION('',(1.0,0.0,0.0));
#12512=DIRECTION('',(-1.0,0.0,-1.11022302462516E-16));
#12513=DIRECTION('',(-1.11022302462516E-16,0.0,1.0));
#12514=DIRECTION('',(1.0,0.0,1.11022302462516E-16));
#12515=DIRECTION('',(-1.11022302462516E-16,0.0,1.0));
#12516=DIRECTION('',(0.707106781186547,3.92523114670944E-17,-0.707106781186548));
#12517=DIRECTION('',(-1.0,0.0,0.0));
#12518=DIRECTION('',(0.0,0.0,-1.0));
#12519=DIRECTION('',(1.0,0.0,0.0));
#12520=DIRECTION('',(0.0,0.0,1.0));
#12521=DIRECTION('',(-1.11022302462516E-16,-5.55111512312578E-17,1.0));
#12522=DIRECTION('',(-1.0,2.76389813842194E-33,-1.11022302462516E-16));
#12523=DIRECTION('',(-1.11022302462516E-16,-5.55111512312578E-17,1.0));
#12524=DIRECTION('',(1.0,-2.76389813842194E-33,1.11022302462516E-16));
#12525=DIRECTION('',(0.0,0.0,1.0));
#12526=DIRECTION('',(0.707106781186547,3.92523114670944E-17,-0.707106781186548));
#12527=DIRECTION('',(-1.0,0.0,0.0));
#12528=DIRECTION('',(0.0,0.0,-1.0));
#12529=DIRECTION('',(1.0,0.0,0.0));
#12530=DIRECTION('',(-1.0,2.76389813842194E-33,-1.11022302462516E-16));
#12531=DIRECTION('',(-1.11022302462516E-16,-5.55111512312578E-17,1.0));
#12532=DIRECTION('',(1.0,-2.76389813842194E-33,1.11022302462516E-16));
#12533=DIRECTION('',(-1.11022302462516E-16,-5.55111512312578E-17,1.0));
#12534=DIRECTION('',(-2.75407832661446E-47,-1.0,0.0));
#12535=DIRECTION('',(0.0,-1.0,0.0));
#12536=DIRECTION('',(-1.0,0.0,0.0));
#12537=DIRECTION('',(-0.707106781186544,-0.707106781186551,0.0));
#12538=DIRECTION('',(1.0,0.0,0.0));
#12539=DIRECTION('',(-1.0,0.0,1.08420217248551E-16));
#12540=DIRECTION('',(1.08420217248551E-16,0.0,1.0));
#12541=DIRECTION('',(0.0,3.82097681933217E-16,-1.0));
#12542=DIRECTION('',(-1.0,0.0,0.0));
#12543=DIRECTION('',(0.0,-3.82097681933217E-16,1.0));
#12544=DIRECTION('',(1.08420217248551E-16,0.0,1.0));
#12545=DIRECTION('',(1.0,0.0,0.0));
#12546=DIRECTION('',(-6.49709167032512E-16,0.0,1.0));
#12547=DIRECTION('',(-1.0,0.0,0.0));
#12548=DIRECTION('',(0.707106781186548,0.0,0.707106781186547));
#12549=DIRECTION('',(0.0,0.0,-1.0));
#12550=DIRECTION('',(-1.11022302462516E-16,0.0,1.0));
#12551=DIRECTION('',(-1.0,0.0,-1.11022302462516E-16));
#12552=DIRECTION('',(-1.11022302462516E-16,0.0,1.0));
#12553=DIRECTION('',(1.0,0.0,1.11022302462516E-16));
#12554=DIRECTION('',(-1.0,0.0,0.0));
#12555=DIRECTION('',(0.707106781186548,0.0,0.707106781186547));
#12556=DIRECTION('',(0.0,0.0,-1.0));
#12557=DIRECTION('',(1.0,0.0,0.0));
#12558=DIRECTION('',(-6.49709167032512E-16,0.0,1.0));
#12559=DIRECTION('',(-1.0,0.0,-1.11022302462516E-16));
#12560=DIRECTION('',(-1.11022302462516E-16,0.0,1.0));
#12561=DIRECTION('',(1.0,0.0,1.11022302462516E-16));
#12562=DIRECTION('',(-1.11022302462516E-16,0.0,1.0));
#12563=DIRECTION('',(-2.75407832661446E-47,-1.0,0.0));
#12564=DIRECTION('',(-0.707106781186547,0.707106781186548,0.0));
#12565=DIRECTION('',(-1.0,0.0,0.0));
#12566=DIRECTION('',(0.0,-1.0,0.0));
#12567=DIRECTION('',(1.0,0.0,-7.47725636196899E-17));
#12568=DIRECTION('',(0.0,0.0,-1.0));
#12569=DIRECTION('',(1.0,0.0,0.0));
#12570=DIRECTION('',(-8.13151629364127E-16,0.0,1.0));
#12571=DIRECTION('',(1.29472072842584E-16,0.0,-1.0));
#12572=DIRECTION('',(-1.0,0.0,0.0));
#12573=DIRECTION('',(-6.12323399573677E-17,0.0,1.0));
#12574=DIRECTION('',(-1.0,0.0,-6.12323399573677E-17));
#12575=DIRECTION('',(0.0,0.0,-1.0));
#12576=DIRECTION('',(1.0,0.0,0.0));
#12577=DIRECTION('',(1.22464679914735E-16,0.0,1.0));
#12578=DIRECTION('',(1.0,0.0,6.12323399573677E-17));
#12579=DIRECTION('',(-6.12323399573677E-17,0.0,1.0));
#12580=DIRECTION('',(-1.0,0.0,0.0));
#12581=DIRECTION('',(0.0,0.0,1.0));
#12582=DIRECTION('',(1.0,0.0,1.84055541217698E-16));
#12583=DIRECTION('',(1.0,0.0,0.0));
#12584=DIRECTION('',(0.0,0.0,-1.0));
#12585=DIRECTION('',(-1.0,0.0,0.0));
#12586=DIRECTION('',(0.0,0.0,1.0));
#12587=DIRECTION('',(0.707106781186548,0.0,0.707106781186547));
#12588=DIRECTION('',(1.0,0.0,0.0));
#12589=DIRECTION('',(8.1213645879064E-17,0.0,-1.0));
#12590=DIRECTION('',(-1.0,0.0,0.0));
#12591=DIRECTION('',(0.0,0.0,1.0));
#12592=DIRECTION('',(0.707106781186547,0.0,0.707106781186548));
#12593=DIRECTION('',(1.0,0.0,0.0));
#12594=DIRECTION('',(8.1213645879064E-17,0.0,-1.0));
#12595=DIRECTION('',(-1.0,0.0,0.0));
#12596=DIRECTION('',(0.0,0.0,1.0));
#12597=DIRECTION('',(0.707106781186548,0.0,0.707106781186548));
#12598=DIRECTION('',(1.0,0.0,0.0));
#12599=DIRECTION('',(0.0,0.0,-1.0));
#12600=DIRECTION('',(-1.0,0.0,0.0));
#12601=DIRECTION('',(0.0,0.0,1.0));
#12602=DIRECTION('',(0.707106781186548,0.0,0.707106781186547));
#12603=DIRECTION('',(1.0,0.0,0.0));
#12604=DIRECTION('',(0.0,0.0,-1.0));
#12605=DIRECTION('',(-1.0,0.0,0.0));
#12606=DIRECTION('',(0.0,0.0,1.0));
#12607=DIRECTION('',(0.707106781186547,0.0,0.707106781186548));
#12608=DIRECTION('',(1.0,0.0,0.0));
#12609=DIRECTION('',(0.0,0.0,-1.0));
#12610=DIRECTION('',(-1.0,0.0,0.0));
#12611=DIRECTION('',(0.0,0.0,1.0));
#12612=DIRECTION('',(0.707106781186547,0.0,0.707106781186548));
#12613=DIRECTION('',(1.0,0.0,0.0));
#12614=DIRECTION('',(0.0,0.0,-1.0));
#12615=DIRECTION('',(-1.0,0.0,0.0));
#12616=DIRECTION('',(0.0,0.0,1.0));
#12617=DIRECTION('',(0.707106781186547,0.0,0.707106781186548));
#12618=DIRECTION('',(1.0,0.0,0.0));
#12619=DIRECTION('',(0.0,0.0,-1.0));
#12620=DIRECTION('',(-1.0,0.0,0.0));
#12621=DIRECTION('',(0.0,0.0,1.0));
#12622=DIRECTION('',(0.707106781186547,0.0,-0.707106781186548));
#12623=DIRECTION('',(0.0,0.0,-1.0));
#12624=DIRECTION('',(-1.0,0.0,0.0));
#12625=DIRECTION('',(0.0,0.0,1.0));
#12626=DIRECTION('',(1.0,0.0,0.0));
#12627=DIRECTION('',(0.707106781186547,0.0,-0.707106781186548));
#12628=DIRECTION('',(0.0,0.0,-1.0));
#12629=DIRECTION('',(-1.0,0.0,0.0));
#12630=DIRECTION('',(0.0,0.0,1.0));
#12631=DIRECTION('',(1.0,0.0,0.0));
#12632=DIRECTION('',(1.0,0.0,0.0));
#12633=DIRECTION('',(6.49709167032512E-16,0.0,-1.0));
#12634=DIRECTION('',(-1.0,0.0,0.0));
#12635=DIRECTION('',(0.0,0.0,1.0));
#12636=DIRECTION('',(0.707106781186548,0.0,0.707106781186547));
#12637=DIRECTION('',(1.0,0.0,0.0));
#12638=DIRECTION('',(6.49709167032512E-16,0.0,-1.0));
#12639=DIRECTION('',(-1.0,0.0,0.0));
#12640=DIRECTION('',(0.0,0.0,1.0));
#12641=DIRECTION('',(0.707106781186548,0.0,0.707106781186547));
#12642=DIRECTION('',(0.0,1.0,0.0));
#12643=DIRECTION('',(0.0,0.0,-1.0));
#12644=DIRECTION('',(0.0,-1.0,0.0));
#12645=DIRECTION('',(6.12323399573677E-17,0.0,-1.0));
#12646=DIRECTION('',(5.30287619362453E-17,0.5,-0.866025403784439));
#12647=DIRECTION('',(0.0,-1.0,0.0));
#12648=DIRECTION('',(5.30287619362453E-17,-0.5,-0.866025403784439));
#12649=DIRECTION('',(6.12323399573677E-17,0.0,-1.0));
#12650=DIRECTION('',(0.0,-1.0,0.0));
#12651=DIRECTION('',(-6.12323399573677E-17,0.0,1.0));
#12652=DIRECTION('',(0.0,-1.0,0.0));
#12653=DIRECTION('',(0.0,3.82097681933217E-16,-1.0));
#12654=DIRECTION('',(0.0,1.0,0.0));
#12655=DIRECTION('',(0.0,0.0,1.0));
#12656=DIRECTION('',(0.0,-1.0,0.0));
#12657=DIRECTION('',(-1.0,0.0,0.0));
#12658=DIRECTION('',(-1.0,2.16840434497101E-15,0.0));
#12659=DIRECTION('',(0.0,0.0,-1.0));
#12660=DIRECTION('',(0.0,0.0,-1.0));
#12661=DIRECTION('',(0.0,1.0,0.0));
#12662=DIRECTION('',(0.0,-1.0,0.0));
#12663=DIRECTION('',(-6.12323399573677E-17,0.0,1.0));
#12664=DIRECTION('',(0.0,-1.0,0.0));
#12665=DIRECTION('',(-6.12323399573677E-17,0.0,1.0));
#12666=DIRECTION('',(-5.30287619362453E-17,0.5,0.866025403784439));
#12667=DIRECTION('',(0.0,-1.0,0.0));
#12668=DIRECTION('',(-5.30287619362453E-17,-0.5,0.866025403784439));
#12669=DIRECTION('',(-6.12323399573677E-17,0.0,1.0));
#12670=DIRECTION('',(0.0,-1.0,0.0));
#12671=DIRECTION('',(-1.0,5.55111512312578E-17,0.0));
#12672=DIRECTION('',(-5.55111512312578E-17,-1.0,0.0));
#12673=DIRECTION('',(1.0,-5.55111512312578E-17,0.0));
#12674=DIRECTION('',(-5.55111512312578E-17,-1.0,0.0));
#12675=DIRECTION('',(-1.0,5.55111512312578E-17,0.0));
#12676=DIRECTION('',(-5.55111512312578E-17,-1.0,0.0));
#12677=DIRECTION('',(1.0,-5.55111512312578E-17,0.0));
#12678=DIRECTION('',(-5.55111512312578E-17,-1.0,0.0));
#12679=DIRECTION('',(-1.0,5.55111512312578E-17,0.0));
#12680=DIRECTION('',(-5.55111512312578E-17,-1.0,0.0));
#12681=DIRECTION('',(1.0,-5.55111512312578E-17,0.0));
#12682=DIRECTION('',(-5.55111512312578E-17,-1.0,0.0));
#12683=DIRECTION('',(-1.0,5.55111512312578E-17,0.0));
#12684=DIRECTION('',(-5.55111512312578E-17,-1.0,0.0));
#12685=DIRECTION('',(1.0,-5.55111512312578E-17,0.0));
#12686=DIRECTION('',(-5.55111512312578E-17,-1.0,0.0));
#12687=DIRECTION('',(-1.0,5.55111512312578E-17,0.0));
#12688=DIRECTION('',(-5.55111512312578E-17,-1.0,0.0));
#12689=DIRECTION('',(1.0,-5.55111512312578E-17,0.0));
#12690=DIRECTION('',(-5.55111512312578E-17,-1.0,0.0));
#12691=DIRECTION('',(-1.0,5.55111512312578E-17,0.0));
#12692=DIRECTION('',(-5.55111512312578E-17,-1.0,0.0));
#12693=DIRECTION('',(1.0,-5.55111512312578E-17,0.0));
#12694=DIRECTION('',(-5.55111512312578E-17,-1.0,0.0));
#12695=DIRECTION('',(1.0,0.0,0.0));
#12696=DIRECTION('',(0.0,1.0,0.0));
#12697=DIRECTION('',(-1.0,0.0,0.0));
#12698=DIRECTION('',(0.0,-1.0,0.0));
#12699=DIRECTION('',(1.0,0.0,0.0));
#12700=DIRECTION('',(0.0,1.0,0.0));
#12701=DIRECTION('',(0.0,3.82097681933217E-16,-1.0));
#12702=DIRECTION('',(0.0,-1.0,0.0));
#12703=DIRECTION('',(0.0,0.0,1.0));
#12704=DIRECTION('',(-1.0,-2.00099716527267E-15,-1.11917643611407E-16));
#12705=DIRECTION('',(-1.0,-1.97173399156405E-15,-6.12323399573677E-17));
#12706=DIRECTION('',(-1.0,2.92631737086175E-17,-1.11917643611407E-16));
#12707=DIRECTION('',(1.0,0.0,6.12323399573677E-17));
#12708=CARTESIAN_POINT('',(5.75,4.6,-1.67));
#12709=DIRECTION('',(0.0,0.0,1.0));
#12710=DIRECTION('',(-1.0,0.0,0.0));
#12711=CARTESIAN_POINT('',(5.75,4.6,-0.569999999999999));
#12712=DIRECTION('',(-6.12323399573677E-17,0.0,1.0));
#12713=DIRECTION('',(0.0,1.0,0.0));
#12714=DIRECTION('',(1.0,-2.92631737086175E-17,1.11917643611407E-16));
#12715=DIRECTION('',(1.0,0.0,6.12323399573677E-17));
#12716=DIRECTION('',(1.0,-1.94247081785543E-15,1.11917643611407E-16));
#12717=DIRECTION('',(-1.0,1.97173399156405E-15,-6.12323399573677E-17));
#12718=CARTESIAN_POINT('',(-5.75,4.6,-1.67));
#12719=DIRECTION('',(0.0,0.0,-1.0));
#12720=DIRECTION('',(-1.0,0.0,0.0));
#12721=CARTESIAN_POINT('',(-5.75,4.6,-0.569999999999999));
#12722=DIRECTION('',(-6.12323399573677E-17,0.0,1.0));
#12723=DIRECTION('',(0.0,1.0,0.0));
#12724=DIRECTION('',(0.0,0.0,1.0));
#12725=DIRECTION('',(-1.0,0.0,-6.12323399573677E-17));
#12726=DIRECTION('',(0.0,0.0,-1.0));
#12727=DIRECTION('',(0.0,1.0,0.0));
#12728=DIRECTION('',(-1.0,0.0,0.0));
#12729=DIRECTION('',(0.0,1.0,0.0));
#12730=DIRECTION('',(-1.0,0.0,0.0));
#12731=DIRECTION('',(0.0,-1.0,0.0));
#12732=DIRECTION('',(0.0,1.0,0.0));
#12733=DIRECTION('',(0.0,-1.0,0.0));
#12734=DIRECTION('',(0.0,1.0,0.0));
#12735=DIRECTION('',(1.0,0.0,1.49289369194769E-16));
#12736=DIRECTION('',(-1.29472072842584E-16,0.0,1.0));
#12737=DIRECTION('',(1.0,0.0,1.84055541217698E-16));
#12738=DIRECTION('',(0.0,0.0,1.0));
#12739=DIRECTION('',(-1.0,0.0,0.0));
#12740=DIRECTION('',(0.0,0.0,1.0));
#12741=DIRECTION('',(1.0,0.0,1.84055541217698E-16));
#12742=DIRECTION('',(0.0,0.0,1.0));
#12743=DIRECTION('',(0.0,-1.0,0.0));
#12744=DIRECTION('',(0.0,-1.0,0.0));
#12745=DIRECTION('',(0.0,1.0,0.0));
#12746=DIRECTION('',(-1.0,0.0,0.0));
#12747=DIRECTION('',(0.0,1.0,0.0));
#12748=DIRECTION('',(-1.0,-4.33680868994202E-16,0.0));
#12749=DIRECTION('',(0.0,-1.0,0.0));
#12750=DIRECTION('',(-1.0,0.0,0.0));
#12751=DIRECTION('',(0.0,-1.0,0.0));
#12752=DIRECTION('',(0.0,1.0,0.0));
#12753=DIRECTION('',(0.0,0.0,-1.0));
#12754=DIRECTION('',(1.0,0.0,0.0));
#12755=DIRECTION('',(0.0,0.0,-1.0));
#12756=DIRECTION('',(0.0,1.0,0.0));
#12757=DIRECTION('',(0.0,0.0,-1.0));
#12758=DIRECTION('',(1.0,4.33680868994202E-16,0.0));
#12759=DIRECTION('',(0.0,0.0,-1.0));
#12760=DIRECTION('',(0.0,-1.0,0.0));
#12761=DIRECTION('',(0.0,0.0,-1.0));
#12762=DIRECTION('',(1.0,0.0,0.0));
#12763=DIRECTION('',(0.0,0.0,-1.0));
#12764=DIRECTION('',(0.0,-1.0,0.0));
#12765=DIRECTION('',(0.0,0.0,1.0));
#12766=DIRECTION('',(-6.12323399573677E-17,0.0,1.0));
#12767=DIRECTION('',(-1.0,0.0,-6.12323399573677E-17));
#12768=DIRECTION('',(0.0,1.0,0.0));
#12769=DIRECTION('',(0.0,1.0,0.0));
#12770=CARTESIAN_POINT('',(5.75,4.6,1.51));
#12771=DIRECTION('',(-0.0,0.0,1.0));
#12772=DIRECTION('',(1.0,0.0,0.0));
#12773=DIRECTION('',(-1.0,-2.42105627861449E-15,-6.12323399573677E-17));
#12774=DIRECTION('',(1.0,-2.42105627861449E-15,6.12323399573677E-17));
#12775=CARTESIAN_POINT('',(5.75,4.6,1.51));
#12776=DIRECTION('',(-0.0,0.0,1.0));
#12777=DIRECTION('',(1.0,0.0,0.0));
#12778=DIRECTION('',(0.0,-1.0,0.0));
#12779=DIRECTION('',(-6.12323399573677E-17,0.0,1.0));
#12780=CARTESIAN_POINT('',(5.75,4.6,-0.219999999999999));
#12781=DIRECTION('',(-6.12323399573677E-17,0.0,1.0));
#12782=DIRECTION('',(0.0,1.0,0.0));
#12783=DIRECTION('',(-6.12323399573677E-17,0.0,1.0));
#12784=DIRECTION('',(1.0,1.97173399156405E-15,6.12323399573677E-17));
#12785=DIRECTION('',(6.12323399573677E-17,0.0,-1.0));
#12786=DIRECTION('',(6.12323399573677E-17,0.0,-1.0));
#12787=DIRECTION('',(-1.0,0.0,-6.12323399573677E-17));
#12788=CARTESIAN_POINT('',(5.75,4.6,-0.219999999999999));
#12789=DIRECTION('',(6.12323399573677E-17,0.0,-1.0));
#12790=DIRECTION('',(0.0,1.0,0.0));
#12791=DIRECTION('',(-1.0,2.42105627861449E-15,-6.12323399573677E-17));
#12792=CARTESIAN_POINT('',(-5.75,4.6,1.51));
#12793=DIRECTION('',(-0.0,0.0,1.0));
#12794=DIRECTION('',(1.0,0.0,0.0));
#12795=DIRECTION('',(0.0,1.0,0.0));
#12796=DIRECTION('',(1.0,0.0,6.12323399573677E-17));
#12797=DIRECTION('',(0.0,1.0,0.0));
#12798=DIRECTION('',(-6.12323399573677E-17,0.0,1.0));
#12799=CARTESIAN_POINT('',(-5.75,4.6,1.51));
#12800=DIRECTION('',(-0.0,0.0,1.0));
#12801=DIRECTION('',(1.0,0.0,0.0));
#12802=DIRECTION('',(1.0,2.42105627861449E-15,6.12323399573677E-17));
#12803=DIRECTION('',(6.12323399573677E-17,0.0,-1.0));
#12804=DIRECTION('',(-1.0,0.0,-6.12323399573677E-17));
#12805=DIRECTION('',(-6.12323399573677E-17,0.0,1.0));
#12806=DIRECTION('',(6.12323399573677E-17,0.0,-1.0));
#12807=DIRECTION('',(-6.12323399573677E-17,0.0,1.0));
#12808=DIRECTION('',(1.0,-1.97173399156405E-15,6.12323399573677E-17));
#12809=CARTESIAN_POINT('',(-5.75,4.6,-0.219999999999999));
#12810=DIRECTION('',(-6.12323399573677E-17,0.0,1.0));
#12811=DIRECTION('',(0.0,1.0,0.0));
#12812=CARTESIAN_POINT('',(-5.75,4.6,-0.219999999999999));
#12813=DIRECTION('',(6.12323399573677E-17,0.0,-1.0));
#12814=DIRECTION('',(0.0,1.0,0.0));
#12815=DIRECTION('',(-1.29472072842584E-16,0.0,1.0));
#12816=DIRECTION('',(1.0,0.0,0.0));
#12817=DIRECTION('',(0.0,0.0,-1.0));
#12818=DIRECTION('',(-1.0,0.0,0.0));
#12819=CARTESIAN_POINT('',(8.38786716209219,9.34,7.38786908200941));
#12820=DIRECTION('',(0.0,-1.0,0.0));
#12821=DIRECTION('',(1.0,0.0,0.0));
#12822=DIRECTION('',(-1.0,0.0,0.0));
#12823=DIRECTION('',(0.0,0.0,1.0));
#12824=DIRECTION('',(0.0,-1.0,0.0));
#12825=DIRECTION('',(0.0,-1.0,0.0));
#12826=DIRECTION('',(0.0,-1.0,0.0));
#12827=DIRECTION('',(0.0,-1.0,0.0));
#12828=DIRECTION('',(0.0,-1.0,0.0));
#12829=DIRECTION('',(0.0,-1.0,0.0));
#12830=DIRECTION('',(0.0,-1.0,0.0));
#12831=DIRECTION('',(0.0,0.0,1.0));
#12832=DIRECTION('',(-1.0,0.0,4.1107191373858E-16));
#12833=DIRECTION('',(0.0,0.0,-1.0));
#12834=DIRECTION('',(1.0,0.0,0.0));
#12835=DIRECTION('',(0.0,0.0,1.0));
#12836=DIRECTION('',(-1.0,0.0,4.1107191373858E-16));
#12837=DIRECTION('',(0.0,0.0,-1.0));
#12838=DIRECTION('',(1.0,0.0,0.0));
#12839=DIRECTION('',(0.0,0.0,1.0));
#12840=DIRECTION('',(-1.0,0.0,4.1107191373858E-16));
#12841=DIRECTION('',(0.0,0.0,-1.0));
#12842=DIRECTION('',(1.0,0.0,0.0));
#12843=DIRECTION('',(0.0,0.0,1.0));
#12844=DIRECTION('',(-1.0,0.0,4.1107191373858E-16));
#12845=DIRECTION('',(0.0,0.0,-1.0));
#12846=DIRECTION('',(1.0,0.0,0.0));
#12847=DIRECTION('',(0.0,0.0,1.0));
#12848=DIRECTION('',(-1.0,0.0,4.1107191373858E-16));
#12849=DIRECTION('',(0.0,0.0,-1.0));
#12850=DIRECTION('',(1.0,0.0,0.0));
#12851=DIRECTION('',(0.0,0.0,1.0));
#12852=DIRECTION('',(-1.0,0.0,4.1107191373858E-16));
#12853=DIRECTION('',(0.0,0.0,-1.0));
#12854=DIRECTION('',(1.0,0.0,0.0));
#12855=DIRECTION('',(0.0,-1.0,0.0));
#12856=DIRECTION('',(0.0,-1.0,0.0));
#12857=DIRECTION('',(0.0,-1.0,0.0));
#12858=DIRECTION('',(0.0,-1.0,0.0));
#12859=DIRECTION('',(0.0,1.0,0.0));
#12860=DIRECTION('',(0.0,1.0,0.0));
#12861=DIRECTION('',(0.0,-1.0,0.0));
#12862=DIRECTION('',(0.0,-1.0,0.0));
#12863=DIRECTION('',(0.0,-1.0,0.0));
#12864=DIRECTION('',(0.0,-1.0,0.0));
#12865=DIRECTION('',(0.0,-1.0,0.0));
#12866=DIRECTION('',(0.0,-1.0,0.0));
#12867=DIRECTION('',(0.0,-1.0,0.0));
#12868=DIRECTION('',(0.0,-1.0,0.0));
#12869=DIRECTION('',(0.0,-1.0,0.0));
#12870=DIRECTION('',(0.0,-1.0,0.0));
#12871=DIRECTION('',(0.0,-1.0,0.0));
#12872=DIRECTION('',(0.0,-1.0,0.0));
#12873=DIRECTION('',(0.0,-1.0,0.0));
#12874=DIRECTION('',(0.0,-1.0,0.0));
#12875=DIRECTION('',(0.0,-1.0,0.0));
#12876=DIRECTION('',(0.0,-1.0,0.0));
#12877=DIRECTION('',(0.0,-1.0,0.0));
#12878=DIRECTION('',(0.0,-1.0,0.0));
#12879=DIRECTION('',(0.0,-1.0,0.0));
#12880=DIRECTION('',(0.0,-1.0,0.0));
#12881=DIRECTION('',(-1.47807596808197E-17,-5.55111512312578E-17,1.0));
#12882=DIRECTION('',(0.0,1.0,-3.87543502170584E-16));
#12883=DIRECTION('',(0.0,-0.764433319597119,-0.644702799660222));
#12884=DIRECTION('',(0.0,-1.0,0.0));
#12885=DIRECTION('',(0.0,1.0,-3.87543502170584E-16));
#12886=DIRECTION('',(-1.47807596808197E-17,-5.55111512312578E-17,1.0));
#12887=DIRECTION('',(0.0,-1.0,0.0));
#12888=DIRECTION('',(0.0,-0.764433319597119,-0.644702799660222));
#12889=DIRECTION('',(-1.0,0.0,0.0));
#12890=DIRECTION('',(-1.0,0.0,0.0));
#12891=DIRECTION('',(-1.0,6.12323399573677E-17,0.0));
#12892=DIRECTION('',(-1.0,6.12323399573677E-17,-2.00218525887796E-16));
#12893=DIRECTION('',(0.0,1.0,0.0));
#12894=DIRECTION('',(0.0,-1.0,0.0));
#12895=DIRECTION('',(0.0,-1.0,0.0));
#12896=DIRECTION('',(0.0,-1.0,0.0));
#12897=DIRECTION('',(-1.0,0.0,0.0));
#12898=DIRECTION('',(-1.0,-2.16840434497101E-15,0.0));
#12899=DIRECTION('',(0.0,1.0,0.0));
#12900=DIRECTION('',(-1.22464679914735E-16,-2.65552944032595E-31,-1.0));
#12901=DIRECTION('',(0.0,-1.0,0.0));
#12902=DIRECTION('',(0.0,-1.0,0.0));
#12903=DIRECTION('',(1.0,0.0,0.0));
#12904=DIRECTION('',(2.46519032881566E-32,3.82097681933217E-16,-1.0));
#12905=DIRECTION('',(1.0,0.0,0.0));
#12906=DIRECTION('',(2.46519032881566E-32,-3.82097681933217E-16,1.0));
#12907=DIRECTION('',(9.43780152249983E-32,3.82097681933217E-16,-1.0));
#12908=DIRECTION('',(1.0,0.0,0.0));
#12909=DIRECTION('',(9.43780152249983E-32,-3.82097681933217E-16,1.0));
#12910=DIRECTION('',(9.43780152249983E-32,3.82097681933217E-16,-1.0));
#12911=DIRECTION('',(1.0,0.0,0.0));
#12912=DIRECTION('',(9.43780152249983E-32,-3.82097681933217E-16,1.0));
#12913=DIRECTION('',(9.43780152249983E-32,3.82097681933217E-16,-1.0));
#12914=DIRECTION('',(1.0,0.0,0.0));
#12915=DIRECTION('',(9.43780152249983E-32,-3.82097681933217E-16,1.0));
#12916=DIRECTION('',(0.577350269189626,0.577350269189627,-0.577350269189625));
#12917=DIRECTION('',(-0.577350269189626,0.577350269189627,-0.577350269189625));
#12918=DIRECTION('',(0.577350269189622,0.577350269189628,-0.577350269189627));
#12919=DIRECTION('',(-0.577350269189622,0.577350269189628,-0.577350269189627));
#12920=DIRECTION('',(0.577350269189622,0.577350269189628,-0.577350269189627));
#12921=DIRECTION('',(-0.577350269189622,0.577350269189628,-0.577350269189627));
#12922=DIRECTION('',(0.577350269189622,0.577350269189628,-0.577350269189627));
#12923=DIRECTION('',(-0.577350269189622,0.577350269189628,-0.577350269189627));
#12924=DIRECTION('',(0.0,1.0,0.0));
#12925=DIRECTION('',(0.0,1.0,0.0));
#12926=DIRECTION('',(0.0,1.0,0.0));
#12927=DIRECTION('',(0.0,-1.0,0.0));
#12928=DIRECTION('',(0.0,1.0,0.0));
#12929=DIRECTION('',(0.0,1.0,0.0));
#12930=DIRECTION('',(0.0,1.0,0.0));
#12931=DIRECTION('',(0.0,1.0,0.0));
#12932=DIRECTION('',(0.0,1.0,0.0));
#12933=DIRECTION('',(0.0,1.0,0.0));
#12934=DIRECTION('',(0.0,1.0,0.0));
#12935=DIRECTION('',(0.0,1.0,0.0));
#12936=DIRECTION('',(0.0,-1.0,0.0));
#12937=DIRECTION('',(0.0,1.0,0.0));
#12938=DIRECTION('',(0.0,1.0,0.0));
#12939=DIRECTION('',(0.0,1.0,0.0));
#12940=DIRECTION('',(0.0,1.0,0.0));
#12941=DIRECTION('',(0.0,-1.0,0.0));
#12942=DIRECTION('',(0.0,1.0,0.0));
#12943=DIRECTION('',(0.0,1.0,0.0));
#12944=DIRECTION('',(0.0,1.0,0.0));
#12945=DIRECTION('',(0.0,1.0,0.0));
#12946=DIRECTION('',(0.0,-1.0,0.0));
#12947=DIRECTION('',(0.0,1.0,0.0));
#12948=DIRECTION('',(0.0,1.0,0.0));
#12949=DIRECTION('',(0.0,1.0,0.0));
#12950=DIRECTION('',(0.0,1.0,0.0));
#12951=DIRECTION('',(0.0,-1.0,0.0));
#12952=DIRECTION('',(0.0,1.0,0.0));
#12953=DIRECTION('',(0.0,1.0,0.0));
#12954=DIRECTION('',(0.0,1.0,0.0));
#12955=DIRECTION('',(0.0,1.0,0.0));
#12956=DIRECTION('',(0.0,-1.0,0.0));
#12957=DIRECTION('',(0.0,1.0,0.0));
#12958=DIRECTION('',(0.0,1.0,0.0));
#12959=DIRECTION('',(0.0,1.0,0.0));
#12960=DIRECTION('',(0.0,1.0,0.0));
#12961=DIRECTION('',(0.0,-1.0,0.0));
#12962=DIRECTION('',(0.0,1.0,0.0));
#12963=DIRECTION('',(0.0,1.0,0.0));
#12964=DIRECTION('',(0.0,1.0,0.0));
#12965=DIRECTION('',(0.0,-1.0,0.0));
#12966=DIRECTION('',(0.0,1.0,0.0));
#12967=DIRECTION('',(0.0,1.0,0.0));
#12968=DIRECTION('',(0.0,1.0,0.0));
#12969=DIRECTION('',(0.0,1.0,0.0));
#12970=DIRECTION('',(0.0,1.0,0.0));
#12971=DIRECTION('',(0.0,-1.0,0.0));
#12972=DIRECTION('',(0.0,1.0,0.0));
#12973=DIRECTION('',(0.0,1.0,0.0));
#12974=DIRECTION('',(0.0,1.0,0.0));
#12975=DIRECTION('',(0.0,-1.0,0.0));
#12976=DIRECTION('',(0.0,1.0,0.0));
#12977=DIRECTION('',(0.0,1.0,0.0));
#12978=DIRECTION('',(0.0,1.0,0.0));
#12979=DIRECTION('',(0.0,1.0,0.0));
#12980=DIRECTION('',(0.0,1.0,0.0));
#12981=DIRECTION('',(0.0,-1.0,0.0));
#12982=DIRECTION('',(0.0,1.0,0.0));
#12983=CARTESIAN_POINT('',(7.82000000000001,6.28274776864918,6.5601));
#12984=DIRECTION('',(1.0,-5.55111512312578E-17,0.0));
#12985=DIRECTION('',(0.0,0.0,1.0));
#12986=DIRECTION('',(1.0,-5.55111512312578E-17,1.11022302462516E-16));
#12987=CARTESIAN_POINT('',(7.18000000000001,6.28274776864918,6.5601));
#12988=DIRECTION('',(1.0,-5.55111512312578E-17,0.0));
#12989=DIRECTION('',(0.0,0.0,1.0));
#12990=DIRECTION('',(1.0,-5.55111512312578E-17,1.11022302462516E-16));
#12991=DIRECTION('',(-5.55111512312578E-17,-1.0,-6.16297582203917E-33));
#12992=DIRECTION('',(-1.0,5.55111512312578E-17,-1.11022302462516E-16));
#12993=DIRECTION('',(-5.55111512312578E-17,-1.0,-6.16297582203917E-33));
#12994=DIRECTION('',(-1.11022302462516E-16,1.3684555315672E-48,1.0));
#12995=DIRECTION('',(-1.0,5.55111512312578E-17,-1.11022302462516E-16));
#12996=DIRECTION('',(1.11022302462516E-16,-1.3684555315672E-48,-1.0));
#12997=DIRECTION('',(5.55111512312578E-17,1.0,6.16297582203917E-33));
#12998=DIRECTION('',(1.0,-5.55111512312578E-17,1.11022302462516E-16));
#12999=DIRECTION('',(5.55111512312578E-17,1.0,6.16297582203917E-33));
#13000=CARTESIAN_POINT('',(7.82000000000001,6.28274776864918,7.4999));
#13001=DIRECTION('',(1.0,-5.55111512312578E-17,0.0));
#13002=DIRECTION('',(0.0,0.0,1.0));
#13003=DIRECTION('',(1.0,-5.55111512312578E-17,1.11022302462516E-16));
#13004=CARTESIAN_POINT('',(7.18000000000001,6.28274776864918,7.4999));
#13005=DIRECTION('',(1.0,-5.55111512312578E-17,0.0));
#13006=DIRECTION('',(0.0,0.0,1.0));
#13007=DIRECTION('',(-5.55111512312578E-17,-1.0,-6.16297582203917E-33));
#13008=DIRECTION('',(5.55111512312578E-17,1.0,6.16297582203917E-33));
#13009=DIRECTION('',(-5.55111512312578E-17,-1.0,-6.16297582203917E-33));
#13010=DIRECTION('',(5.55111512312578E-17,1.0,6.16297582203917E-33));
#13011=DIRECTION('',(5.55111512312578E-17,1.0,6.16297582203914E-33));
#13012=DIRECTION('',(-1.0,5.55111512312578E-17,-1.11022302462516E-16));
#13013=DIRECTION('',(-5.55111512312578E-17,-1.0,-9.24446373305873E-33));
#13014=DIRECTION('',(5.55111512312578E-17,1.0,9.24446373305873E-33));
#13015=DIRECTION('',(1.0,-5.55111512312578E-17,1.11022302462516E-16));
#13016=DIRECTION('',(5.55111512312578E-17,1.0,6.16297582203914E-33));
#13017=DIRECTION('',(1.11022302462516E-16,-3.28429327576129E-47,-1.0));
#13018=DIRECTION('',(5.55111512312578E-17,1.0,6.16297582203914E-33));
#13019=DIRECTION('',(-1.11022302462516E-16,3.28429327576129E-47,1.0));
#13020=CARTESIAN_POINT('',(7.18,11.0945,5.9759));
#13021=DIRECTION('',(-1.0,5.55111512312578E-17,0.0));
#13022=DIRECTION('',(0.0,0.0,-1.0));
#13023=CARTESIAN_POINT('',(7.82000000000001,11.0945,5.9759));
#13024=DIRECTION('',(-1.0,5.55111512312578E-17,0.0));
#13025=DIRECTION('',(0.0,0.0,-1.0));
#13026=DIRECTION('',(-1.11022302462516E-16,0.0,1.0));
#13027=DIRECTION('',(-5.55111512312578E-17,-1.0,-6.16297582203914E-33));
#13028=DIRECTION('',(1.11022302462516E-16,0.0,-1.0));
#13029=DIRECTION('',(-1.0,5.55111512312578E-17,-1.11022302462516E-16));
#13030=DIRECTION('',(1.0,-5.55111512312578E-17,1.11022302462516E-16));
#13031=DIRECTION('',(-1.0,5.55111512312578E-17,-1.11022302462516E-16));
#13032=CARTESIAN_POINT('',(7.82000000000001,6.28274776864918,4.4999));
#13033=DIRECTION('',(1.0,-5.55111512312578E-17,0.0));
#13034=DIRECTION('',(0.0,0.0,1.0));
#13035=DIRECTION('',(1.0,-5.55111512312578E-17,1.11022302462516E-16));
#13036=CARTESIAN_POINT('',(7.18000000000001,6.28274776864918,4.4999));
#13037=DIRECTION('',(1.0,-5.55111512312578E-17,0.0));
#13038=DIRECTION('',(0.0,0.0,1.0));
#13039=DIRECTION('',(1.0,-5.55111512312578E-17,1.11022302462516E-16));
#13040=DIRECTION('',(-1.0,5.55111512312578E-17,-1.11022302462516E-16));
#13041=DIRECTION('',(5.55111512312578E-17,1.0,6.16297582203917E-33));
#13042=DIRECTION('',(5.55111512312578E-17,1.0,6.16297582203917E-33));
#13043=DIRECTION('',(-1.0,5.55111512312578E-17,-1.11022302462516E-16));
#13044=DIRECTION('',(-1.11022302462516E-16,1.3684555315672E-48,1.0));
#13045=DIRECTION('',(-1.11022302462516E-16,1.3684555315672E-48,1.0));
#13046=DIRECTION('',(-5.55111512312578E-17,-1.0,-6.16297582203917E-33));
#13047=DIRECTION('',(-5.55111512312578E-17,-1.0,-6.16297582203917E-33));
#13048=DIRECTION('',(1.0,-5.55111512312578E-17,1.11022302462516E-16));
#13049=CARTESIAN_POINT('',(7.82000000000001,6.28274776864918,3.5601));
#13050=DIRECTION('',(1.0,-5.55111512312578E-17,0.0));
#13051=DIRECTION('',(0.0,0.0,1.0));
#13052=CARTESIAN_POINT('',(7.18000000000001,6.28274776864918,3.5601));
#13053=DIRECTION('',(1.0,-5.55111512312578E-17,0.0));
#13054=DIRECTION('',(0.0,0.0,1.0));
#13055=DIRECTION('',(1.0,-5.55111512312578E-17,1.11022302462516E-16));
#13056=DIRECTION('',(-5.55111512312578E-17,-1.0,-6.16297582203917E-33));
#13057=DIRECTION('',(5.55111512312578E-17,1.0,6.16297582203917E-33));
#13058=DIRECTION('',(5.55111512312578E-17,1.0,6.16297582203917E-33));
#13059=DIRECTION('',(-5.55111512312578E-17,-1.0,-6.16297582203917E-33));
#13060=DIRECTION('',(1.11022302462516E-16,0.0,-1.0));
#13061=DIRECTION('',(-1.11022302462516E-16,0.0,1.0));
#13062=DIRECTION('',(-5.55111512312578E-17,-1.0,-6.16297582203914E-33));
#13063=DIRECTION('',(1.11022302462516E-16,-3.28429327576129E-47,-1.0));
#13064=DIRECTION('',(-5.55111512312578E-17,-1.0,-6.16297582203914E-33));
#13065=DIRECTION('',(1.11022302462516E-16,-3.28429327576129E-47,-1.0));
#13066=DIRECTION('',(1.0,-5.55111512312578E-17,1.11022302462516E-16));
#13067=DIRECTION('',(-1.0,5.55111512312578E-17,-1.11022302462516E-16));
#13068=DIRECTION('',(-1.0,2.18952885050753E-47,1.08420217248551E-16));
#13069=DIRECTION('',(2.14386478962669E-16,-1.17145536458252E-15,1.0));
#13070=DIRECTION('',(-1.0,2.18952885050753E-47,1.08420217248551E-16));
#13071=DIRECTION('',(2.45395553443287E-18,-1.17145536458252E-15,1.0));
#13072=DIRECTION('',(-1.0,2.18952885050753E-47,1.08420217248551E-16));
#13073=DIRECTION('',(-1.27009445125017E-31,-1.0,-1.17145536458252E-15));
#13074=DIRECTION('',(-1.27009445125017E-31,-1.0,-1.17145536458252E-15));
#13075=DIRECTION('',(2.45395553443287E-18,-1.17145536458252E-15,1.0));
#13076=DIRECTION('',(1.0,-2.18952885050753E-47,-1.08420217248551E-16));
#13077=DIRECTION('',(2.14386478962669E-16,-1.17145536458252E-15,1.0));
#13078=DIRECTION('',(0.0,1.0,-2.54018890250035E-31));
#13079=DIRECTION('',(1.0,0.0,-1.08420217248551E-16));
#13080=DIRECTION('',(0.0,-1.0,2.54018890250035E-31));
#13081=DIRECTION('',(6.0140715782553E-17,0.832050294337844,0.554700196225228));
#13082=DIRECTION('',(6.0140715782553E-17,0.832050294337844,0.554700196225228));
#13083=DIRECTION('',(4.70197740328917E-31,-1.0,4.33680868994202E-15));
#13084=DIRECTION('',(4.70197740328917E-31,-1.0,4.33680868994202E-15));
#13085=DIRECTION('',(1.2413474574976E-31,-1.0,2.54018890250035E-31));
#13086=DIRECTION('',(-1.08420217248551E-16,-1.16058138671707E-17,-1.0));
#13087=DIRECTION('',(0.0,-1.0,2.54018890250035E-31));
#13088=DIRECTION('',(-1.2413474574976E-31,-1.0,2.54018890250035E-31));
#13089=DIRECTION('',(0.0,-1.0,2.54018890250035E-31));
#13090=DIRECTION('',(1.08420217248551E-16,1.16058138671707E-17,1.0));
#13091=DIRECTION('',(-0.242535625036333,-0.970142500145332,2.62957651569525E-17));
#13092=CARTESIAN_POINT('',(3.0,1.79999875621121,1.43000000000001));
#13093=DIRECTION('',(-0.0,2.54018890250035E-31,1.0));
#13094=DIRECTION('',(1.0,0.0,0.0));
#13095=DIRECTION('',(0.242535625036333,-0.970142500145332,-2.62957651569521E-17));
#13096=DIRECTION('',(0.242535625036333,-0.970142500145332,-2.62957651569521E-17));
#13097=CARTESIAN_POINT('',(3.0,1.79999875621121,1.73000000000001));
#13098=DIRECTION('',(0.0,2.54018890250035E-31,1.0));
#13099=DIRECTION('',(-1.0,0.0,0.0));
#13100=DIRECTION('',(-0.242535625036333,-0.970142500145332,2.62957651569525E-17));
#13101=DIRECTION('',(-1.08420217248551E-16,-1.16058138671707E-17,-1.0));
#13102=DIRECTION('',(1.08420217248551E-16,1.16058138671707E-17,1.0));
#13103=CARTESIAN_POINT('',(4.82000000000001,6.28274776864918,6.5601));
#13104=DIRECTION('',(1.0,-5.55111512312578E-17,0.0));
#13105=DIRECTION('',(0.0,0.0,1.0));
#13106=DIRECTION('',(1.0,-5.55111512312578E-17,1.11022302462516E-16));
#13107=CARTESIAN_POINT('',(4.18000000000001,6.28274776864918,6.5601));
#13108=DIRECTION('',(1.0,-5.55111512312578E-17,0.0));
#13109=DIRECTION('',(0.0,0.0,1.0));
#13110=DIRECTION('',(1.0,-5.55111512312578E-17,1.11022302462516E-16));
#13111=DIRECTION('',(-5.55111512312578E-17,-1.0,-6.16297582203917E-33));
#13112=DIRECTION('',(-1.0,5.55111512312578E-17,-1.11022302462516E-16));
#13113=DIRECTION('',(-5.55111512312578E-17,-1.0,-6.16297582203917E-33));
#13114=DIRECTION('',(-1.11022302462516E-16,1.3684555315672E-48,1.0));
#13115=DIRECTION('',(-1.0,5.55111512312578E-17,-1.11022302462516E-16));
#13116=DIRECTION('',(1.11022302462516E-16,-1.3684555315672E-48,-1.0));
#13117=DIRECTION('',(5.55111512312578E-17,1.0,6.16297582203917E-33));
#13118=DIRECTION('',(1.0,-5.55111512312578E-17,1.11022302462516E-16));
#13119=DIRECTION('',(5.55111512312578E-17,1.0,6.16297582203917E-33));
#13120=CARTESIAN_POINT('',(4.82000000000001,6.28274776864918,7.4999));
#13121=DIRECTION('',(1.0,-5.55111512312578E-17,0.0));
#13122=DIRECTION('',(0.0,0.0,1.0));
#13123=DIRECTION('',(1.0,-5.55111512312578E-17,1.11022302462516E-16));
#13124=CARTESIAN_POINT('',(4.18000000000001,6.28274776864918,7.4999));
#13125=DIRECTION('',(1.0,-5.55111512312578E-17,0.0));
#13126=DIRECTION('',(0.0,0.0,1.0));
#13127=DIRECTION('',(-5.55111512312578E-17,-1.0,-6.16297582203917E-33));
#13128=DIRECTION('',(5.55111512312578E-17,1.0,6.16297582203917E-33));
#13129=DIRECTION('',(-5.55111512312578E-17,-1.0,-6.16297582203917E-33));
#13130=DIRECTION('',(5.55111512312578E-17,1.0,6.16297582203917E-33));
#13131=DIRECTION('',(5.55111512312578E-17,1.0,6.16297582203914E-33));
#13132=DIRECTION('',(-1.0,5.55111512312578E-17,-1.11022302462516E-16));
#13133=DIRECTION('',(-5.55111512312578E-17,-1.0,-9.24446373305873E-33));
#13134=DIRECTION('',(5.55111512312578E-17,1.0,9.24446373305873E-33));
#13135=DIRECTION('',(1.0,-5.55111512312578E-17,1.11022302462516E-16));
#13136=DIRECTION('',(5.55111512312578E-17,1.0,6.16297582203914E-33));
#13137=DIRECTION('',(1.11022302462516E-16,-3.28429327576129E-47,-1.0));
#13138=DIRECTION('',(5.55111512312578E-17,1.0,6.16297582203914E-33));
#13139=DIRECTION('',(-1.11022302462516E-16,3.28429327576129E-47,1.0));
#13140=CARTESIAN_POINT('',(4.18,11.0945,5.9759));
#13141=DIRECTION('',(-1.0,5.55111512312578E-17,0.0));
#13142=DIRECTION('',(0.0,0.0,-1.0));
#13143=CARTESIAN_POINT('',(4.82000000000001,11.0945,5.9759));
#13144=DIRECTION('',(-1.0,5.55111512312578E-17,0.0));
#13145=DIRECTION('',(0.0,0.0,-1.0));
#13146=DIRECTION('',(-1.11022302462516E-16,0.0,1.0));
#13147=DIRECTION('',(-5.55111512312578E-17,-1.0,-6.16297582203914E-33));
#13148=DIRECTION('',(1.11022302462516E-16,0.0,-1.0));
#13149=DIRECTION('',(-1.0,5.55111512312578E-17,-1.11022302462516E-16));
#13150=DIRECTION('',(1.0,-5.55111512312578E-17,1.11022302462516E-16));
#13151=DIRECTION('',(-1.0,5.55111512312578E-17,-1.11022302462516E-16));
#13152=CARTESIAN_POINT('',(4.82000000000001,6.28274776864918,4.4999));
#13153=DIRECTION('',(1.0,-5.55111512312578E-17,0.0));
#13154=DIRECTION('',(0.0,0.0,1.0));
#13155=DIRECTION('',(1.0,-5.55111512312578E-17,1.11022302462516E-16));
#13156=CARTESIAN_POINT('',(4.18000000000001,6.28274776864918,4.4999));
#13157=DIRECTION('',(1.0,-5.55111512312578E-17,0.0));
#13158=DIRECTION('',(0.0,0.0,1.0));
#13159=DIRECTION('',(1.0,-5.55111512312578E-17,1.11022302462516E-16));
#13160=DIRECTION('',(-1.0,5.55111512312578E-17,-1.11022302462516E-16));
#13161=DIRECTION('',(5.55111512312578E-17,1.0,6.16297582203917E-33));
#13162=DIRECTION('',(5.55111512312578E-17,1.0,6.16297582203917E-33));
#13163=DIRECTION('',(-1.0,5.55111512312578E-17,-1.11022302462516E-16));
#13164=DIRECTION('',(-1.11022302462516E-16,1.3684555315672E-48,1.0));
#13165=DIRECTION('',(-1.11022302462516E-16,1.3684555315672E-48,1.0));
#13166=DIRECTION('',(-5.55111512312578E-17,-1.0,-6.16297582203917E-33));
#13167=DIRECTION('',(-5.55111512312578E-17,-1.0,-6.16297582203917E-33));
#13168=DIRECTION('',(1.0,-5.55111512312578E-17,1.11022302462516E-16));
#13169=CARTESIAN_POINT('',(4.82000000000001,6.28274776864918,3.5601));
#13170=DIRECTION('',(1.0,-5.55111512312578E-17,0.0));
#13171=DIRECTION('',(0.0,0.0,1.0));
#13172=CARTESIAN_POINT('',(4.18000000000001,6.28274776864918,3.5601));
#13173=DIRECTION('',(1.0,-5.55111512312578E-17,0.0));
#13174=DIRECTION('',(0.0,0.0,1.0));
#13175=DIRECTION('',(1.0,-5.55111512312578E-17,1.11022302462516E-16));
#13176=DIRECTION('',(-5.55111512312578E-17,-1.0,-6.16297582203917E-33));
#13177=DIRECTION('',(5.55111512312578E-17,1.0,6.16297582203917E-33));
#13178=DIRECTION('',(5.55111512312578E-17,1.0,6.16297582203917E-33));
#13179=DIRECTION('',(-5.55111512312578E-17,-1.0,-6.16297582203917E-33));
#13180=DIRECTION('',(1.11022302462516E-16,0.0,-1.0));
#13181=DIRECTION('',(-1.11022302462516E-16,0.0,1.0));
#13182=DIRECTION('',(-5.55111512312578E-17,-1.0,-6.16297582203914E-33));
#13183=DIRECTION('',(1.11022302462516E-16,-3.28429327576129E-47,-1.0));
#13184=DIRECTION('',(-5.55111512312578E-17,-1.0,-6.16297582203914E-33));
#13185=DIRECTION('',(1.11022302462516E-16,-3.28429327576129E-47,-1.0));
#13186=DIRECTION('',(1.0,-5.55111512312578E-17,1.11022302462516E-16));
#13187=DIRECTION('',(-1.0,5.55111512312578E-17,-1.11022302462516E-16));
#13188=CARTESIAN_POINT('',(1.82000000000001,6.28274776864918,6.5601));
#13189=DIRECTION('',(1.0,-5.55111512312578E-17,0.0));
#13190=DIRECTION('',(0.0,0.0,1.0));
#13191=DIRECTION('',(1.0,-5.55111512312578E-17,1.11022302462516E-16));
#13192=CARTESIAN_POINT('',(1.18,6.28274776864918,6.5601));
#13193=DIRECTION('',(1.0,-5.55111512312578E-17,0.0));
#13194=DIRECTION('',(0.0,0.0,1.0));
#13195=DIRECTION('',(1.0,-5.55111512312578E-17,1.11022302462516E-16));
#13196=DIRECTION('',(-5.55111512312578E-17,-1.0,-6.16297582203917E-33));
#13197=DIRECTION('',(-1.0,5.55111512312578E-17,-1.11022302462516E-16));
#13198=DIRECTION('',(-5.55111512312578E-17,-1.0,-6.16297582203917E-33));
#13199=DIRECTION('',(-1.11022302462516E-16,1.3684555315672E-48,1.0));
#13200=DIRECTION('',(-1.0,5.55111512312578E-17,-1.11022302462516E-16));
#13201=DIRECTION('',(1.11022302462516E-16,-1.3684555315672E-48,-1.0));
#13202=DIRECTION('',(5.55111512312578E-17,1.0,6.16297582203917E-33));
#13203=DIRECTION('',(1.0,-5.55111512312578E-17,1.11022302462516E-16));
#13204=DIRECTION('',(5.55111512312578E-17,1.0,6.16297582203917E-33));
#13205=CARTESIAN_POINT('',(1.82000000000001,6.28274776864918,7.4999));
#13206=DIRECTION('',(1.0,-5.55111512312578E-17,0.0));
#13207=DIRECTION('',(0.0,0.0,1.0));
#13208=DIRECTION('',(1.0,-5.55111512312578E-17,1.11022302462516E-16));
#13209=CARTESIAN_POINT('',(1.18,6.28274776864918,7.4999));
#13210=DIRECTION('',(1.0,-5.55111512312578E-17,0.0));
#13211=DIRECTION('',(0.0,0.0,1.0));
#13212=DIRECTION('',(-5.55111512312578E-17,-1.0,-6.16297582203917E-33));
#13213=DIRECTION('',(5.55111512312578E-17,1.0,6.16297582203917E-33));
#13214=DIRECTION('',(-5.55111512312578E-17,-1.0,-6.16297582203917E-33));
#13215=DIRECTION('',(5.55111512312578E-17,1.0,6.16297582203917E-33));
#13216=DIRECTION('',(5.55111512312578E-17,1.0,6.16297582203914E-33));
#13217=DIRECTION('',(-1.0,5.55111512312578E-17,-1.11022302462516E-16));
#13218=DIRECTION('',(-5.55111512312578E-17,-1.0,-9.24446373305873E-33));
#13219=DIRECTION('',(5.55111512312578E-17,1.0,9.24446373305873E-33));
#13220=DIRECTION('',(1.0,-5.55111512312578E-17,1.11022302462516E-16));
#13221=DIRECTION('',(5.55111512312578E-17,1.0,6.16297582203914E-33));
#13222=DIRECTION('',(1.11022302462516E-16,-3.28429327576129E-47,-1.0));
#13223=DIRECTION('',(5.55111512312578E-17,1.0,6.16297582203914E-33));
#13224=DIRECTION('',(-1.11022302462516E-16,3.28429327576129E-47,1.0));
#13225=CARTESIAN_POINT('',(1.18,11.0945,5.9759));
#13226=DIRECTION('',(-1.0,5.55111512312578E-17,0.0));
#13227=DIRECTION('',(0.0,0.0,-1.0));
#13228=CARTESIAN_POINT('',(1.82000000000001,11.0945,5.9759));
#13229=DIRECTION('',(-1.0,5.55111512312578E-17,0.0));
#13230=DIRECTION('',(0.0,0.0,-1.0));
#13231=DIRECTION('',(-1.11022302462516E-16,0.0,1.0));
#13232=DIRECTION('',(-5.55111512312578E-17,-1.0,-6.16297582203914E-33));
#13233=DIRECTION('',(1.11022302462516E-16,0.0,-1.0));
#13234=DIRECTION('',(-1.0,5.55111512312578E-17,-1.11022302462516E-16));
#13235=DIRECTION('',(1.0,-5.55111512312578E-17,1.11022302462516E-16));
#13236=DIRECTION('',(-1.0,5.55111512312578E-17,-1.11022302462516E-16));
#13237=CARTESIAN_POINT('',(1.82000000000001,6.28274776864918,4.4999));
#13238=DIRECTION('',(1.0,-5.55111512312578E-17,0.0));
#13239=DIRECTION('',(0.0,0.0,1.0));
#13240=DIRECTION('',(1.0,-5.55111512312578E-17,1.11022302462516E-16));
#13241=CARTESIAN_POINT('',(1.18000000000001,6.28274776864918,4.4999));
#13242=DIRECTION('',(1.0,-5.55111512312578E-17,0.0));
#13243=DIRECTION('',(0.0,0.0,1.0));
#13244=DIRECTION('',(1.0,-5.55111512312578E-17,1.11022302462516E-16));
#13245=DIRECTION('',(-1.0,5.55111512312578E-17,-1.11022302462516E-16));
#13246=DIRECTION('',(5.55111512312578E-17,1.0,6.16297582203917E-33));
#13247=DIRECTION('',(5.55111512312578E-17,1.0,6.16297582203917E-33));
#13248=DIRECTION('',(-1.0,5.55111512312578E-17,-1.11022302462516E-16));
#13249=DIRECTION('',(-1.11022302462516E-16,1.3684555315672E-48,1.0));
#13250=DIRECTION('',(-1.11022302462516E-16,1.3684555315672E-48,1.0));
#13251=DIRECTION('',(-5.55111512312578E-17,-1.0,-6.16297582203917E-33));
#13252=DIRECTION('',(-5.55111512312578E-17,-1.0,-6.16297582203917E-33));
#13253=DIRECTION('',(1.0,-5.55111512312578E-17,1.11022302462516E-16));
#13254=CARTESIAN_POINT('',(1.82000000000001,6.28274776864918,3.5601));
#13255=DIRECTION('',(1.0,-5.55111512312578E-17,0.0));
#13256=DIRECTION('',(0.0,0.0,1.0));
#13257=CARTESIAN_POINT('',(1.18000000000001,6.28274776864918,3.5601));
#13258=DIRECTION('',(1.0,-5.55111512312578E-17,0.0));
#13259=DIRECTION('',(0.0,0.0,1.0));
#13260=DIRECTION('',(1.0,-5.55111512312578E-17,1.11022302462516E-16));
#13261=DIRECTION('',(-5.55111512312578E-17,-1.0,-6.16297582203917E-33));
#13262=DIRECTION('',(5.55111512312578E-17,1.0,6.16297582203917E-33));
#13263=DIRECTION('',(5.55111512312578E-17,1.0,6.16297582203917E-33));
#13264=DIRECTION('',(-5.55111512312578E-17,-1.0,-6.16297582203917E-33));
#13265=DIRECTION('',(1.11022302462516E-16,0.0,-1.0));
#13266=DIRECTION('',(-1.11022302462516E-16,0.0,1.0));
#13267=DIRECTION('',(-5.55111512312578E-17,-1.0,-6.16297582203914E-33));
#13268=DIRECTION('',(1.11022302462516E-16,-3.28429327576129E-47,-1.0));
#13269=DIRECTION('',(-5.55111512312578E-17,-1.0,-6.16297582203914E-33));
#13270=DIRECTION('',(1.11022302462516E-16,-3.28429327576129E-47,-1.0));
#13271=DIRECTION('',(1.0,-5.55111512312578E-17,1.11022302462516E-16));
#13272=DIRECTION('',(-1.0,5.55111512312578E-17,-1.11022302462516E-16));
#13273=CARTESIAN_POINT('',(-1.17999999999999,6.28274776864918,6.5601));
#13274=DIRECTION('',(1.0,-5.55111512312578E-17,0.0));
#13275=DIRECTION('',(0.0,0.0,1.0));
#13276=DIRECTION('',(1.0,-5.55111512312578E-17,1.11022302462516E-16));
#13277=CARTESIAN_POINT('',(-1.82,6.28274776864918,6.5601));
#13278=DIRECTION('',(1.0,-5.55111512312578E-17,0.0));
#13279=DIRECTION('',(0.0,0.0,1.0));
#13280=DIRECTION('',(1.0,-5.55111512312578E-17,1.11022302462516E-16));
#13281=DIRECTION('',(-5.55111512312578E-17,-1.0,-6.16297582203917E-33));
#13282=DIRECTION('',(-1.0,5.55111512312578E-17,-1.11022302462516E-16));
#13283=DIRECTION('',(-5.55111512312578E-17,-1.0,-6.16297582203917E-33));
#13284=DIRECTION('',(-1.11022302462516E-16,1.3684555315672E-48,1.0));
#13285=DIRECTION('',(-1.0,5.55111512312578E-17,-1.11022302462516E-16));
#13286=DIRECTION('',(1.11022302462516E-16,-1.3684555315672E-48,-1.0));
#13287=DIRECTION('',(5.55111512312578E-17,1.0,6.16297582203917E-33));
#13288=DIRECTION('',(1.0,-5.55111512312578E-17,1.11022302462516E-16));
#13289=DIRECTION('',(5.55111512312578E-17,1.0,6.16297582203917E-33));
#13290=CARTESIAN_POINT('',(-1.17999999999999,6.28274776864918,7.4999));
#13291=DIRECTION('',(1.0,-5.55111512312578E-17,0.0));
#13292=DIRECTION('',(0.0,0.0,1.0));
#13293=DIRECTION('',(1.0,-5.55111512312578E-17,1.11022302462516E-16));
#13294=CARTESIAN_POINT('',(-1.82,6.28274776864918,7.4999));
#13295=DIRECTION('',(1.0,-5.55111512312578E-17,0.0));
#13296=DIRECTION('',(0.0,0.0,1.0));
#13297=DIRECTION('',(-5.55111512312578E-17,-1.0,-6.16297582203917E-33));
#13298=DIRECTION('',(5.55111512312578E-17,1.0,6.16297582203917E-33));
#13299=DIRECTION('',(-5.55111512312578E-17,-1.0,-6.16297582203917E-33));
#13300=DIRECTION('',(5.55111512312578E-17,1.0,6.16297582203917E-33));
#13301=DIRECTION('',(5.55111512312578E-17,1.0,6.16297582203914E-33));
#13302=DIRECTION('',(-1.0,5.55111512312578E-17,-1.11022302462516E-16));
#13303=DIRECTION('',(-5.55111512312578E-17,-1.0,-9.24446373305873E-33));
#13304=DIRECTION('',(5.55111512312578E-17,1.0,9.24446373305873E-33));
#13305=DIRECTION('',(1.0,-5.55111512312578E-17,1.11022302462516E-16));
#13306=DIRECTION('',(5.55111512312578E-17,1.0,6.16297582203914E-33));
#13307=DIRECTION('',(1.11022302462516E-16,-3.28429327576129E-47,-1.0));
#13308=DIRECTION('',(5.55111512312578E-17,1.0,6.16297582203914E-33));
#13309=DIRECTION('',(-1.11022302462516E-16,3.28429327576129E-47,1.0));
#13310=CARTESIAN_POINT('',(-1.82,11.0945,5.9759));
#13311=DIRECTION('',(-1.0,5.55111512312578E-17,0.0));
#13312=DIRECTION('',(0.0,0.0,-1.0));
#13313=CARTESIAN_POINT('',(-1.17999999999999,11.0945,5.9759));
#13314=DIRECTION('',(-1.0,5.55111512312578E-17,0.0));
#13315=DIRECTION('',(0.0,0.0,-1.0));
#13316=DIRECTION('',(-1.11022302462516E-16,0.0,1.0));
#13317=DIRECTION('',(-5.55111512312578E-17,-1.0,-6.16297582203914E-33));
#13318=DIRECTION('',(1.11022302462516E-16,0.0,-1.0));
#13319=DIRECTION('',(-1.0,5.55111512312578E-17,-1.11022302462516E-16));
#13320=DIRECTION('',(1.0,-5.55111512312578E-17,1.11022302462516E-16));
#13321=DIRECTION('',(-1.0,5.55111512312578E-17,-1.11022302462516E-16));
#13322=CARTESIAN_POINT('',(-1.17999999999999,6.28274776864918,4.4999));
#13323=DIRECTION('',(1.0,-5.55111512312578E-17,0.0));
#13324=DIRECTION('',(0.0,0.0,1.0));
#13325=DIRECTION('',(1.0,-5.55111512312578E-17,1.11022302462516E-16));
#13326=CARTESIAN_POINT('',(-1.81999999999999,6.28274776864918,4.4999));
#13327=DIRECTION('',(1.0,-5.55111512312578E-17,0.0));
#13328=DIRECTION('',(0.0,0.0,1.0));
#13329=DIRECTION('',(1.0,-5.55111512312578E-17,1.11022302462516E-16));
#13330=DIRECTION('',(-1.0,5.55111512312578E-17,-1.11022302462516E-16));
#13331=DIRECTION('',(5.55111512312578E-17,1.0,6.16297582203917E-33));
#13332=DIRECTION('',(5.55111512312578E-17,1.0,6.16297582203917E-33));
#13333=DIRECTION('',(-1.0,5.55111512312578E-17,-1.11022302462516E-16));
#13334=DIRECTION('',(-1.11022302462516E-16,1.3684555315672E-48,1.0));
#13335=DIRECTION('',(-1.11022302462516E-16,1.3684555315672E-48,1.0));
#13336=DIRECTION('',(-5.55111512312578E-17,-1.0,-6.16297582203917E-33));
#13337=DIRECTION('',(-5.55111512312578E-17,-1.0,-6.16297582203917E-33));
#13338=DIRECTION('',(1.0,-5.55111512312578E-17,1.11022302462516E-16));
#13339=CARTESIAN_POINT('',(-1.17999999999999,6.28274776864918,3.5601));
#13340=DIRECTION('',(1.0,-5.55111512312578E-17,0.0));
#13341=DIRECTION('',(0.0,0.0,1.0));
#13342=CARTESIAN_POINT('',(-1.81999999999999,6.28274776864918,3.5601));
#13343=DIRECTION('',(1.0,-5.55111512312578E-17,0.0));
#13344=DIRECTION('',(0.0,0.0,1.0));
#13345=DIRECTION('',(1.0,-5.55111512312578E-17,1.11022302462516E-16));
#13346=DIRECTION('',(-5.55111512312578E-17,-1.0,-6.16297582203917E-33));
#13347=DIRECTION('',(5.55111512312578E-17,1.0,6.16297582203917E-33));
#13348=DIRECTION('',(5.55111512312578E-17,1.0,6.16297582203917E-33));
#13349=DIRECTION('',(-5.55111512312578E-17,-1.0,-6.16297582203917E-33));
#13350=DIRECTION('',(1.11022302462516E-16,0.0,-1.0));
#13351=DIRECTION('',(-1.11022302462516E-16,0.0,1.0));
#13352=DIRECTION('',(-5.55111512312578E-17,-1.0,-6.16297582203914E-33));
#13353=DIRECTION('',(1.11022302462516E-16,-3.28429327576129E-47,-1.0));
#13354=DIRECTION('',(-5.55111512312578E-17,-1.0,-6.16297582203914E-33));
#13355=DIRECTION('',(1.11022302462516E-16,-3.28429327576129E-47,-1.0));
#13356=DIRECTION('',(1.0,-5.55111512312578E-17,1.11022302462516E-16));
#13357=DIRECTION('',(-1.0,5.55111512312578E-17,-1.11022302462516E-16));
#13358=CARTESIAN_POINT('',(-4.17999999999999,6.28274776864918,6.5601));
#13359=DIRECTION('',(1.0,-5.55111512312578E-17,0.0));
#13360=DIRECTION('',(0.0,0.0,1.0));
#13361=DIRECTION('',(1.0,-5.55111512312578E-17,1.11022302462516E-16));
#13362=CARTESIAN_POINT('',(-4.81999999999999,6.28274776864918,6.5601));
#13363=DIRECTION('',(1.0,-5.55111512312578E-17,0.0));
#13364=DIRECTION('',(0.0,0.0,1.0));
#13365=DIRECTION('',(1.0,-5.55111512312578E-17,1.11022302462516E-16));
#13366=DIRECTION('',(-5.55111512312578E-17,-1.0,-6.16297582203917E-33));
#13367=DIRECTION('',(-1.0,5.55111512312578E-17,-1.11022302462516E-16));
#13368=DIRECTION('',(-5.55111512312578E-17,-1.0,-6.16297582203917E-33));
#13369=DIRECTION('',(-1.11022302462516E-16,1.3684555315672E-48,1.0));
#13370=DIRECTION('',(-1.0,5.55111512312578E-17,-1.11022302462516E-16));
#13371=DIRECTION('',(1.11022302462516E-16,-1.3684555315672E-48,-1.0));
#13372=DIRECTION('',(5.55111512312578E-17,1.0,6.16297582203917E-33));
#13373=DIRECTION('',(1.0,-5.55111512312578E-17,1.11022302462516E-16));
#13374=DIRECTION('',(5.55111512312578E-17,1.0,6.16297582203917E-33));
#13375=CARTESIAN_POINT('',(-4.17999999999999,6.28274776864918,7.4999));
#13376=DIRECTION('',(1.0,-5.55111512312578E-17,0.0));
#13377=DIRECTION('',(0.0,0.0,1.0));
#13378=DIRECTION('',(1.0,-5.55111512312578E-17,1.11022302462516E-16));
#13379=CARTESIAN_POINT('',(-4.81999999999999,6.28274776864918,7.4999));
#13380=DIRECTION('',(1.0,-5.55111512312578E-17,0.0));
#13381=DIRECTION('',(0.0,0.0,1.0));
#13382=DIRECTION('',(-5.55111512312578E-17,-1.0,-6.16297582203917E-33));
#13383=DIRECTION('',(5.55111512312578E-17,1.0,6.16297582203917E-33));
#13384=DIRECTION('',(-5.55111512312578E-17,-1.0,-6.16297582203917E-33));
#13385=DIRECTION('',(5.55111512312578E-17,1.0,6.16297582203917E-33));
#13386=DIRECTION('',(5.55111512312578E-17,1.0,6.16297582203914E-33));
#13387=DIRECTION('',(-1.0,5.55111512312578E-17,-1.11022302462516E-16));
#13388=DIRECTION('',(-5.55111512312578E-17,-1.0,-9.24446373305873E-33));
#13389=DIRECTION('',(5.55111512312578E-17,1.0,9.24446373305873E-33));
#13390=DIRECTION('',(1.0,-5.55111512312578E-17,1.11022302462516E-16));
#13391=DIRECTION('',(5.55111512312578E-17,1.0,6.16297582203914E-33));
#13392=DIRECTION('',(1.11022302462516E-16,-3.28429327576129E-47,-1.0));
#13393=DIRECTION('',(5.55111512312578E-17,1.0,6.16297582203914E-33));
#13394=DIRECTION('',(-1.11022302462516E-16,3.28429327576129E-47,1.0));
#13395=CARTESIAN_POINT('',(-4.82,11.0945,5.9759));
#13396=DIRECTION('',(-1.0,5.55111512312578E-17,0.0));
#13397=DIRECTION('',(0.0,0.0,-1.0));
#13398=CARTESIAN_POINT('',(-4.17999999999999,11.0945,5.9759));
#13399=DIRECTION('',(-1.0,5.55111512312578E-17,0.0));
#13400=DIRECTION('',(0.0,0.0,-1.0));
#13401=DIRECTION('',(-1.11022302462516E-16,0.0,1.0));
#13402=DIRECTION('',(-5.55111512312578E-17,-1.0,-6.16297582203914E-33));
#13403=DIRECTION('',(1.11022302462516E-16,0.0,-1.0));
#13404=DIRECTION('',(-1.0,5.55111512312578E-17,-1.11022302462516E-16));
#13405=DIRECTION('',(1.0,-5.55111512312578E-17,1.11022302462516E-16));
#13406=DIRECTION('',(-1.0,5.55111512312578E-17,-1.11022302462516E-16));
#13407=CARTESIAN_POINT('',(-4.17999999999999,6.28274776864918,4.4999));
#13408=DIRECTION('',(1.0,-5.55111512312578E-17,0.0));
#13409=DIRECTION('',(0.0,0.0,1.0));
#13410=DIRECTION('',(1.0,-5.55111512312578E-17,1.11022302462516E-16));
#13411=CARTESIAN_POINT('',(-4.81999999999999,6.28274776864918,4.4999));
#13412=DIRECTION('',(1.0,-5.55111512312578E-17,0.0));
#13413=DIRECTION('',(0.0,0.0,1.0));
#13414=DIRECTION('',(1.0,-5.55111512312578E-17,1.11022302462516E-16));
#13415=DIRECTION('',(-1.0,5.55111512312578E-17,-1.11022302462516E-16));
#13416=DIRECTION('',(5.55111512312578E-17,1.0,6.16297582203917E-33));
#13417=DIRECTION('',(5.55111512312578E-17,1.0,6.16297582203917E-33));
#13418=DIRECTION('',(-1.0,5.55111512312578E-17,-1.11022302462516E-16));
#13419=DIRECTION('',(-1.11022302462516E-16,1.3684555315672E-48,1.0));
#13420=DIRECTION('',(-1.11022302462516E-16,1.3684555315672E-48,1.0));
#13421=DIRECTION('',(-5.55111512312578E-17,-1.0,-6.16297582203917E-33));
#13422=DIRECTION('',(-5.55111512312578E-17,-1.0,-6.16297582203917E-33));
#13423=DIRECTION('',(1.0,-5.55111512312578E-17,1.11022302462516E-16));
#13424=CARTESIAN_POINT('',(-4.17999999999999,6.28274776864918,3.5601));
#13425=DIRECTION('',(1.0,-5.55111512312578E-17,0.0));
#13426=DIRECTION('',(0.0,0.0,1.0));
#13427=CARTESIAN_POINT('',(-4.81999999999999,6.28274776864918,3.5601));
#13428=DIRECTION('',(1.0,-5.55111512312578E-17,0.0));
#13429=DIRECTION('',(0.0,0.0,1.0));
#13430=DIRECTION('',(1.0,-5.55111512312578E-17,1.11022302462516E-16));
#13431=DIRECTION('',(-5.55111512312578E-17,-1.0,-6.16297582203917E-33));
#13432=DIRECTION('',(5.55111512312578E-17,1.0,6.16297582203917E-33));
#13433=DIRECTION('',(5.55111512312578E-17,1.0,6.16297582203917E-33));
#13434=DIRECTION('',(-5.55111512312578E-17,-1.0,-6.16297582203917E-33));
#13435=DIRECTION('',(1.11022302462516E-16,0.0,-1.0));
#13436=DIRECTION('',(-1.11022302462516E-16,0.0,1.0));
#13437=DIRECTION('',(-5.55111512312578E-17,-1.0,-6.16297582203914E-33));
#13438=DIRECTION('',(1.11022302462516E-16,-3.28429327576129E-47,-1.0));
#13439=DIRECTION('',(-5.55111512312578E-17,-1.0,-6.16297582203914E-33));
#13440=DIRECTION('',(1.11022302462516E-16,-3.28429327576129E-47,-1.0));
#13441=DIRECTION('',(1.0,-5.55111512312578E-17,1.11022302462516E-16));
#13442=DIRECTION('',(-1.0,5.55111512312578E-17,-1.11022302462516E-16));
#13443=CARTESIAN_POINT('',(-7.17999999999999,6.28274776864918,6.5601));
#13444=DIRECTION('',(1.0,-5.55111512312578E-17,0.0));
#13445=DIRECTION('',(0.0,0.0,1.0));
#13446=DIRECTION('',(1.0,-5.55111512312578E-17,1.11022302462516E-16));
#13447=CARTESIAN_POINT('',(-7.81999999999999,6.28274776864918,6.5601));
#13448=DIRECTION('',(1.0,-5.55111512312578E-17,0.0));
#13449=DIRECTION('',(0.0,0.0,1.0));
#13450=DIRECTION('',(1.0,-5.55111512312578E-17,1.11022302462516E-16));
#13451=DIRECTION('',(-5.55111512312578E-17,-1.0,-6.16297582203917E-33));
#13452=DIRECTION('',(-1.0,5.55111512312578E-17,-1.11022302462516E-16));
#13453=DIRECTION('',(-5.55111512312578E-17,-1.0,-6.16297582203917E-33));
#13454=DIRECTION('',(-1.11022302462516E-16,1.3684555315672E-48,1.0));
#13455=DIRECTION('',(-1.0,5.55111512312578E-17,-1.11022302462516E-16));
#13456=DIRECTION('',(1.11022302462516E-16,-1.3684555315672E-48,-1.0));
#13457=DIRECTION('',(5.55111512312578E-17,1.0,6.16297582203917E-33));
#13458=DIRECTION('',(1.0,-5.55111512312578E-17,1.11022302462516E-16));
#13459=DIRECTION('',(5.55111512312578E-17,1.0,6.16297582203917E-33));
#13460=CARTESIAN_POINT('',(-7.17999999999999,6.28274776864918,7.4999));
#13461=DIRECTION('',(1.0,-5.55111512312578E-17,0.0));
#13462=DIRECTION('',(0.0,0.0,1.0));
#13463=DIRECTION('',(1.0,-5.55111512312578E-17,1.11022302462516E-16));
#13464=CARTESIAN_POINT('',(-7.81999999999999,6.28274776864918,7.4999));
#13465=DIRECTION('',(1.0,-5.55111512312578E-17,0.0));
#13466=DIRECTION('',(0.0,0.0,1.0));
#13467=DIRECTION('',(-5.55111512312578E-17,-1.0,-6.16297582203917E-33));
#13468=DIRECTION('',(5.55111512312578E-17,1.0,6.16297582203917E-33));
#13469=DIRECTION('',(-5.55111512312578E-17,-1.0,-6.16297582203917E-33));
#13470=DIRECTION('',(5.55111512312578E-17,1.0,6.16297582203917E-33));
#13471=DIRECTION('',(5.55111512312578E-17,1.0,6.16297582203914E-33));
#13472=DIRECTION('',(-1.0,5.55111512312578E-17,-1.11022302462516E-16));
#13473=DIRECTION('',(-5.55111512312578E-17,-1.0,-9.24446373305873E-33));
#13474=DIRECTION('',(5.55111512312578E-17,1.0,9.24446373305873E-33));
#13475=DIRECTION('',(1.0,-5.55111512312578E-17,1.11022302462516E-16));
#13476=DIRECTION('',(5.55111512312578E-17,1.0,6.16297582203914E-33));
#13477=DIRECTION('',(1.11022302462516E-16,-3.28429327576129E-47,-1.0));
#13478=DIRECTION('',(5.55111512312578E-17,1.0,6.16297582203914E-33));
#13479=DIRECTION('',(-1.11022302462516E-16,3.28429327576129E-47,1.0));
#13480=CARTESIAN_POINT('',(-7.82,11.0945,5.9759));
#13481=DIRECTION('',(-1.0,5.55111512312578E-17,0.0));
#13482=DIRECTION('',(0.0,0.0,-1.0));
#13483=CARTESIAN_POINT('',(-7.17999999999999,11.0945,5.9759));
#13484=DIRECTION('',(-1.0,5.55111512312578E-17,0.0));
#13485=DIRECTION('',(0.0,0.0,-1.0));
#13486=DIRECTION('',(-1.11022302462516E-16,0.0,1.0));
#13487=DIRECTION('',(-5.55111512312578E-17,-1.0,-6.16297582203914E-33));
#13488=DIRECTION('',(1.11022302462516E-16,0.0,-1.0));
#13489=DIRECTION('',(-1.0,5.55111512312578E-17,-1.11022302462516E-16));
#13490=DIRECTION('',(1.0,-5.55111512312578E-17,1.11022302462516E-16));
#13491=DIRECTION('',(-1.0,5.55111512312578E-17,-1.11022302462516E-16));
#13492=CARTESIAN_POINT('',(-7.17999999999999,6.28274776864918,4.4999));
#13493=DIRECTION('',(1.0,-5.55111512312578E-17,0.0));
#13494=DIRECTION('',(0.0,0.0,1.0));
#13495=DIRECTION('',(1.0,-5.55111512312578E-17,1.11022302462516E-16));
#13496=CARTESIAN_POINT('',(-7.81999999999999,6.28274776864918,4.4999));
#13497=DIRECTION('',(1.0,-5.55111512312578E-17,0.0));
#13498=DIRECTION('',(0.0,0.0,1.0));
#13499=DIRECTION('',(1.0,-5.55111512312578E-17,1.11022302462516E-16));
#13500=DIRECTION('',(-1.0,5.55111512312578E-17,-1.11022302462516E-16));
#13501=DIRECTION('',(5.55111512312578E-17,1.0,6.16297582203917E-33));
#13502=DIRECTION('',(5.55111512312578E-17,1.0,6.16297582203917E-33));
#13503=DIRECTION('',(-1.0,5.55111512312578E-17,-1.11022302462516E-16));
#13504=DIRECTION('',(-1.11022302462516E-16,1.3684555315672E-48,1.0));
#13505=DIRECTION('',(-1.11022302462516E-16,1.3684555315672E-48,1.0));
#13506=DIRECTION('',(-5.55111512312578E-17,-1.0,-6.16297582203917E-33));
#13507=DIRECTION('',(-5.55111512312578E-17,-1.0,-6.16297582203917E-33));
#13508=DIRECTION('',(1.0,-5.55111512312578E-17,1.11022302462516E-16));
#13509=CARTESIAN_POINT('',(-7.17999999999999,6.28274776864918,3.5601));
#13510=DIRECTION('',(1.0,-5.55111512312578E-17,0.0));
#13511=DIRECTION('',(0.0,0.0,1.0));
#13512=CARTESIAN_POINT('',(-7.81999999999999,6.28274776864918,3.5601));
#13513=DIRECTION('',(1.0,-5.55111512312578E-17,0.0));
#13514=DIRECTION('',(0.0,0.0,1.0));
#13515=DIRECTION('',(1.0,-5.55111512312578E-17,1.11022302462516E-16));
#13516=DIRECTION('',(-5.55111512312578E-17,-1.0,-6.16297582203917E-33));
#13517=DIRECTION('',(5.55111512312578E-17,1.0,6.16297582203917E-33));
#13518=DIRECTION('',(5.55111512312578E-17,1.0,6.16297582203917E-33));
#13519=DIRECTION('',(-5.55111512312578E-17,-1.0,-6.16297582203917E-33));
#13520=DIRECTION('',(1.11022302462516E-16,0.0,-1.0));
#13521=DIRECTION('',(-1.11022302462516E-16,0.0,1.0));
#13522=DIRECTION('',(-5.55111512312578E-17,-1.0,-6.16297582203914E-33));
#13523=DIRECTION('',(1.11022302462516E-16,-3.28429327576129E-47,-1.0));
#13524=DIRECTION('',(-5.55111512312578E-17,-1.0,-6.16297582203914E-33));
#13525=DIRECTION('',(1.11022302462516E-16,-3.28429327576129E-47,-1.0));
#13526=DIRECTION('',(1.0,-5.55111512312578E-17,1.11022302462516E-16));
#13527=DIRECTION('',(-1.0,5.55111512312578E-17,-1.11022302462516E-16));
#13528=DIRECTION('',(-1.0,2.18952885050753E-47,1.08420217248551E-16));
#13529=DIRECTION('',(2.14386478962669E-16,-1.17145536458252E-15,1.0));
#13530=DIRECTION('',(-1.0,2.18952885050753E-47,1.08420217248551E-16));
#13531=DIRECTION('',(2.45395553443287E-18,-1.17145536458252E-15,1.0));
#13532=DIRECTION('',(-1.0,2.18952885050753E-47,1.08420217248551E-16));
#13533=DIRECTION('',(-1.27009445125017E-31,-1.0,-1.17145536458252E-15));
#13534=DIRECTION('',(-1.27009445125017E-31,-1.0,-1.17145536458252E-15));
#13535=DIRECTION('',(2.45395553443287E-18,-1.17145536458252E-15,1.0));
#13536=DIRECTION('',(1.0,-2.18952885050753E-47,-1.08420217248551E-16));
#13537=DIRECTION('',(2.14386478962669E-16,-1.17145536458252E-15,1.0));
#13538=DIRECTION('',(0.0,1.0,-2.54018890250035E-31));
#13539=DIRECTION('',(1.0,0.0,-1.08420217248551E-16));
#13540=DIRECTION('',(0.0,-1.0,2.54018890250035E-31));
#13541=DIRECTION('',(6.0140715782553E-17,0.832050294337844,0.554700196225228));
#13542=DIRECTION('',(6.0140715782553E-17,0.832050294337844,0.554700196225228));
#13543=DIRECTION('',(4.70197740328917E-31,-1.0,4.33680868994202E-15));
#13544=DIRECTION('',(4.70197740328917E-31,-1.0,4.33680868994202E-15));
#13545=DIRECTION('',(1.2413474574976E-31,-1.0,2.54018890250035E-31));
#13546=DIRECTION('',(-1.08420217248551E-16,-1.16058138671707E-17,-1.0));
#13547=DIRECTION('',(0.0,-1.0,2.54018890250035E-31));
#13548=DIRECTION('',(-1.2413474574976E-31,-1.0,2.54018890250035E-31));
#13549=DIRECTION('',(0.0,-1.0,2.54018890250035E-31));
#13550=DIRECTION('',(1.08420217248551E-16,1.16058138671707E-17,1.0));
#13551=DIRECTION('',(-0.242535625036333,-0.970142500145332,2.62957651569525E-17));
#13552=CARTESIAN_POINT('',(0.999999999999999,1.79999875621121,1.43000000000001));
#13553=DIRECTION('',(-0.0,2.54018890250035E-31,1.0));
#13554=DIRECTION('',(1.0,0.0,0.0));
#13555=DIRECTION('',(0.242535625036333,-0.970142500145332,-2.62957651569521E-17));
#13556=DIRECTION('',(0.242535625036333,-0.970142500145332,-2.62957651569521E-17));
#13557=CARTESIAN_POINT('',(0.999999999999999,1.79999875621121,1.73000000000001));
#13558=DIRECTION('',(0.0,2.54018890250035E-31,1.0));
#13559=DIRECTION('',(-1.0,0.0,0.0));
#13560=DIRECTION('',(-0.242535625036333,-0.970142500145332,2.62957651569525E-17));
#13561=DIRECTION('',(-1.08420217248551E-16,-1.16058138671707E-17,-1.0));
#13562=DIRECTION('',(1.08420217248551E-16,1.16058138671707E-17,1.0));
#13563=DIRECTION('',(-1.0,2.18952885050753E-47,1.08420217248551E-16));
#13564=DIRECTION('',(2.14386478962669E-16,-1.17145536458252E-15,1.0));
#13565=DIRECTION('',(-1.0,2.18952885050753E-47,1.08420217248551E-16));
#13566=DIRECTION('',(2.45395553443287E-18,-1.17145536458252E-15,1.0));
#13567=DIRECTION('',(-1.0,2.18952885050753E-47,1.08420217248551E-16));
#13568=DIRECTION('',(-1.27009445125017E-31,-1.0,-1.17145536458252E-15));
#13569=DIRECTION('',(-1.27009445125017E-31,-1.0,-1.17145536458252E-15));
#13570=DIRECTION('',(2.45395553443287E-18,-1.17145536458252E-15,1.0));
#13571=DIRECTION('',(1.0,-2.18952885050753E-47,-1.08420217248551E-16));
#13572=DIRECTION('',(2.14386478962669E-16,-1.17145536458252E-15,1.0));
#13573=DIRECTION('',(0.0,1.0,-2.54018890250035E-31));
#13574=DIRECTION('',(1.0,0.0,-1.08420217248551E-16));
#13575=DIRECTION('',(0.0,-1.0,2.54018890250035E-31));
#13576=DIRECTION('',(6.0140715782553E-17,0.832050294337844,0.554700196225228));
#13577=DIRECTION('',(6.0140715782553E-17,0.832050294337844,0.554700196225228));
#13578=DIRECTION('',(4.70197740328917E-31,-1.0,4.33680868994202E-15));
#13579=DIRECTION('',(4.70197740328917E-31,-1.0,4.33680868994202E-15));
#13580=DIRECTION('',(1.2413474574976E-31,-1.0,2.54018890250035E-31));
#13581=DIRECTION('',(-1.08420217248551E-16,-1.16058138671707E-17,-1.0));
#13582=DIRECTION('',(0.0,-1.0,2.54018890250035E-31));
#13583=DIRECTION('',(-1.2413474574976E-31,-1.0,2.54018890250035E-31));
#13584=DIRECTION('',(0.0,-1.0,2.54018890250035E-31));
#13585=DIRECTION('',(1.08420217248551E-16,1.16058138671707E-17,1.0));
#13586=DIRECTION('',(-0.242535625036333,-0.970142500145332,2.62957651569525E-17));
#13587=CARTESIAN_POINT('',(-1.0,1.79999875621121,1.43000000000001));
#13588=DIRECTION('',(-0.0,2.54018890250035E-31,1.0));
#13589=DIRECTION('',(1.0,0.0,0.0));
#13590=DIRECTION('',(0.242535625036333,-0.970142500145332,-2.62957651569521E-17));
#13591=DIRECTION('',(0.242535625036333,-0.970142500145332,-2.62957651569521E-17));
#13592=CARTESIAN_POINT('',(-1.0,1.79999875621121,1.73000000000001));
#13593=DIRECTION('',(0.0,2.54018890250035E-31,1.0));
#13594=DIRECTION('',(-1.0,0.0,0.0));
#13595=DIRECTION('',(-0.242535625036333,-0.970142500145332,2.62957651569525E-17));
#13596=DIRECTION('',(-1.08420217248551E-16,-1.16058138671707E-17,-1.0));
#13597=DIRECTION('',(1.08420217248551E-16,1.16058138671707E-17,1.0));
#13598=DIRECTION('',(-1.0,2.18952885050753E-47,1.08420217248551E-16));
#13599=DIRECTION('',(2.14386478962669E-16,-1.17145536458252E-15,1.0));
#13600=DIRECTION('',(-1.0,2.18952885050753E-47,1.08420217248551E-16));
#13601=DIRECTION('',(2.45395553443287E-18,-1.17145536458252E-15,1.0));
#13602=DIRECTION('',(-1.0,2.18952885050753E-47,1.08420217248551E-16));
#13603=DIRECTION('',(-1.27009445125017E-31,-1.0,-1.17145536458252E-15));
#13604=DIRECTION('',(-1.27009445125017E-31,-1.0,-1.17145536458252E-15));
#13605=DIRECTION('',(2.45395553443287E-18,-1.17145536458252E-15,1.0));
#13606=DIRECTION('',(1.0,-2.18952885050753E-47,-1.08420217248551E-16));
#13607=DIRECTION('',(2.14386478962669E-16,-1.17145536458252E-15,1.0));
#13608=DIRECTION('',(0.0,1.0,-2.54018890250035E-31));
#13609=DIRECTION('',(1.0,0.0,-1.08420217248551E-16));
#13610=DIRECTION('',(0.0,-1.0,2.54018890250035E-31));
#13611=DIRECTION('',(6.0140715782553E-17,0.832050294337844,0.554700196225228));
#13612=DIRECTION('',(6.0140715782553E-17,0.832050294337844,0.554700196225228));
#13613=DIRECTION('',(4.70197740328917E-31,-1.0,4.33680868994202E-15));
#13614=DIRECTION('',(4.70197740328917E-31,-1.0,4.33680868994202E-15));
#13615=DIRECTION('',(1.2413474574976E-31,-1.0,2.54018890250035E-31));
#13616=DIRECTION('',(-1.08420217248551E-16,-1.16058138671707E-17,-1.0));
#13617=DIRECTION('',(0.0,-1.0,2.54018890250035E-31));
#13618=DIRECTION('',(-1.2413474574976E-31,-1.0,2.54018890250035E-31));
#13619=DIRECTION('',(0.0,-1.0,2.54018890250035E-31));
#13620=DIRECTION('',(1.08420217248551E-16,1.16058138671707E-17,1.0));
#13621=DIRECTION('',(-0.242535625036333,-0.970142500145332,2.62957651569525E-17));
#13622=CARTESIAN_POINT('',(-3.0,1.79999875621121,1.43000000000001));
#13623=DIRECTION('',(-0.0,2.54018890250035E-31,1.0));
#13624=DIRECTION('',(1.0,0.0,0.0));
#13625=DIRECTION('',(0.242535625036333,-0.970142500145332,-2.62957651569521E-17));
#13626=DIRECTION('',(0.242535625036333,-0.970142500145332,-2.62957651569521E-17));
#13627=CARTESIAN_POINT('',(-3.0,1.79999875621121,1.73000000000001));
#13628=DIRECTION('',(0.0,2.54018890250035E-31,1.0));
#13629=DIRECTION('',(-1.0,0.0,0.0));
#13630=DIRECTION('',(-0.242535625036333,-0.970142500145332,2.62957651569525E-17));
#13631=DIRECTION('',(-1.08420217248551E-16,-1.16058138671707E-17,-1.0));
#13632=DIRECTION('',(1.08420217248551E-16,1.16058138671707E-17,1.0));
#13633=PRESENTATION_LAYER_ASSIGNMENT('','',(#51,#52,#53,#54,#55,#56,#57,#58,#59,#60,#61,#62,#63,#64,#65,#66,#67,#68,#69,#70,#71,#72,#73,#74,#75,#76,#77,#78,#79,#80,#81,#82,#83,#84,#85,#86,#87,#88,#89,#90,#91,#92,#93,#94,#95,#96,#97,#98,#99,#100,#101,#102,#103,#104,#105,#106,#107,#108,#109,#110,#111,#112,#113,#114,#115,#116,#117,#118,#119,#120,#121,#122,#123,#124,#125,#126,#127,#128,#129,#130,#131,#132,#133,#134,#135,#136,#137,#138,#139,#140,#141,#142,#143,#144,#145,#146,#147,#148,#149,#150,#151,#152,#153,#154,#155,#156,#157,#158,#159,#160,#161,#162,#163,#164,#165,#166,#167,#168,#169,#170,#171,#172,#173,#174,#175,#176,#177,#178,#179,#180,#181,#182,#183,#184,#185,#186,#187,#188,#189,#190,#191,#192,#193,#194,#195,#196,#197,#198,#199,#200,#201,#202,#203,#204,#205,#206,#207,#208,#209,#210,#211,#212,#213,#214,#215,#216,#217,#218,#219,#220,#221,#222,#223,#224,#225,#226,#227,#228,#229,#230,#231,#232,#233,#234,#235,#236,#237,#238,#239,#240,#241,#242,#243,#244,#245,#246,#247,#248,#249,#250,#251,#252,#253,#254,#255,#256,#257,#258,#259,#260,#261,#262,#263,#264,#265,#266,#267,#268,#269,#270,#271,#272,#273,#274,#275,#276,#277,#278,#279,#280,#281,#282,#283,#284,#285,#286,#287,#288,#289,#290,#291,#292,#293,#294,#295,#296,#297,#298,#299,#300,#301,#302,#303,#304,#305,#306,#307,#308,#309,#310,#311,#312,#313,#314,#315,#316,#317,#318,#319,#320,#321,#322,#323,#324,#325,#326,#327,#328,#329,#330,#331,#332,#333,#334,#335,#336,#337,#338,#339,#340,#341,#342,#343,#344,#345,#346,#347,#348,#349,#350,#351,#352,#353,#354,#355,#356,#357,#358,#359,#360,#361,#362,#363,#364,#365,#366,#367,#368,#369,#370,#371,#372,#373,#374,#375,#376,#377,#378,#379,#380,#381,#382,#383,#384,#385,#386,#387,#388,#389,#390,#391,#392,#393,#394,#395,#396,#397,#398,#399,#400,#401,#402,#403,#404,#405,#406,#407,#408,#409,#410,#411,#412,#413,#414,#415,#416,#417,#418,#419,#420,#421,#422,#423,#424,#425,#426,#427,#428,#429,#430,#431,#432,#433,#434,#435,#436,#437,#438,#439,#440,#441,#442,#443,#444,#445,#446,#447,#448,#449,#450,#451,#452,#453,#454,#455,#456,#457,#458,#459,#460,#461,#462,#463,#464,#465,#466,#467,#468,#469,#470,#471,#472,#473,#474,#475,#476,#477,#478,#479,#480,#481,#482,#483,#484,#485,#486,#487,#488,#489,#490,#491,#492,#493,#494,#495,#6075,#6076,#6077,#6078,#6079,#6080,#6081,#6082,#6083,#6084,#6085,#6086,#6087,#6088,#6089,#6090,#6091,#6092,#6093,#6094,#6095,#6096,#6097,#6098,#6099,#6100,#6101,#6102,#6103,#6104,#6105,#6106,#6107,#6108,#6109,#6110,#6111,#6112,#6113,#6114,#6115,#6116,#6117,#6118,#6119,#6120,#6121,#6122,#6123,#6124,#6125,#6126,#6127,#6128,#6129,#6130,#6131,#6132,#6133,#6134,#6135,#6136,#6137,#6138,#6139,#6140,#6141,#6142,#6143,#6144,#6145,#6146,#6147,#6148,#6149,#6150,#6151,#6152,#6153,#6154,#6155,#6156,#6157,#6158,#6159,#6160,#6161,#6162,#6163,#6164,#6165,#6166,#6167,#6168,#6169,#6170,#6171,#6172,#6173,#6174,#6175,#6176,#6177,#6178,#6179,#6180,#6181,#6182,#6183,#6184,#6185,#6186,#6187,#6188,#6189,#6190,#6191,#6192,#6193,#6194,#6195,#6196,#6197,#6198,#6199,#6200,#6201,#6202,#6203,#6204,#6205,#6206,#6207,#6208,#6209,#6210,#6211,#6212,#6213,#6214,#6215,#6216,#6217,#6218,#6219,#6220,#6221,#6222,#6223,#6224,#6225,#6226,#6227,#6228,#6229,#6230,#6231,#6232,#6233,#6234,#6235,#6236,#6237,#6238,#6239,#6240,#6241,#6242,#6243,#6244,#6245,#6246,#6247,#6248,#6249,#6250,#6251,#6252,#6253,#6254,#6255,#6256,#6257,#6258,#6259,#6260,#6261,#6262,#6263,#6264,#6265,#6266,#6267,#6268,#6269,#6270,#6271,#6272,#6273,#6274,#6275,#6276,#6277,#6278,#6279,#6280,#6281,#6282,#6283,#6284,#6285,#6286,#6287,#6288,#6289,#6290,#6291,#6292,#6293,#6294,#6295,#6296,#6297,#6298,#6299,#6300,#6301,#6302,#6303,#6304,#6305,#6306,#6307,#6308,#6309,#6310,#6311,#6312,#6313,#6314,#6315,#6316,#6317,#6318,#6319,#6320,#6321,#6322,#6323,#6324,#6325,#6326,#6327,#6328,#6329,#6330,#6331,#6332,#6333,#6334,#6335,#6336,#6337,#6338,#6339,#6340,#6341,#6342,#6343,#6344,#6345,#6346,#6347,#6348,#6349,#6350,#6351,#6352,#6353,#6354,#6355,#6356,#6357,#6358,#6359,#6360,#6361,#6362,#6363,#6364,#6365,#6366,#6367,#6368,#6369,#6370,#6371,#6372,#6373,#6374,#6375,#6376,#6377,#6378,#6379,#6380,#6381,#6382,#6383,#6384,#6385,#6386,#6387,#6388,#6389,#6390,#6391,#6392,#6393,#6394,#6395,#6396,#6397,#6398,#6399,#6400,#6401,#6402,#6403,#6404,#6405,#6406,#6407,#6408,#6409,#6410,#6411,#6412,#6413,#6414,#6415,#6416,#6417,#6418,#6419,#6420,#6421,#6422,#6423,#6424,#6425,#6426,#6427,#6428,#6429,#6430,#6431,#6432,#6433,#6434,#6435,#6436,#6437,#6438,#6439,#6440,#6441,#6442,#6443,#6444,#6445,#6446,#6447,#6448,#6449,#6450,#6451,#6452,#6453,#6454,#6455,#6456,#6457,#6458,#6459,#6460,#6461,#6462,#6463,#6464,#6465,#6466,#6467,#6468,#6469,#6470,#6471,#6472,#6473,#6474,#6475,#6476,#6477,#6478,#6479,#6480,#6481,#6482,#6483,#6484,#6485,#6486,#6487,#6488,#6489,#6490,#6491,#6492,#6493,#6494,#6495,#6496,#6497,#6498,#6499,#6500,#6501,#6502,#6503,#6504,#6505,#6506,#6507,#6508,#6509,#6510,#6511,#6512,#6513,#6514,#6515,#6516,#6517,#6518,#6519,#6520,#6521,#6522,#6523,#6524,#6525,#6526,#6527,#6528,#6529,#6530,#6531,#6532,#6533,#6534,#6535,#6536,#6537,#6538,#6539,#6540,#6541,#6542,#6543,#6544,#6545,#6546,#6547,#6548,#6549,#6550,#6551,#6552,#6553,#6554,#6555,#6556,#6557,#6558,#6559,#6560,#6561,#6562,#6563,#6564,#6565,#6566,#6567,#6568,#6569,#6570,#6571,#6572,#6573,#6574,#6575,#6576,#6577,#6578,#6579,#6580,#6581,#6582,#6583,#6584,#6585,#6586,#6587,#6588,#6589,#6590,#6591,#6592,#6593,#6594,#6595,#6596,#6597,#6598,#6599,#6600,#6601,#6602,#6603,#6604,#6605,#6606,#6607,#6608,#6609,#6610,#6611,#6612,#6613,#6614,#6615,#6616,#6617,#6618,#6619,#6620,#6621,#6622,#6623,#6624,#6625,#6626,#6627,#6628,#6629,#6630,#6631,#6632,#6633,#6634,#6635,#6636,#6637,#6638,#6639,#6640,#6641,#6642,#6643,#6644,#6645,#6646,#6647,#6648,#6649,#6650,#6651,#6652,#6653,#6654,#6655,#6656,#6657,#6658,#6659,#6660,#6661,#6662,#6663,#6664,#6665,#6666,#6667,#6668,#6669,#6670,#6671,#6672,#6673,#6674,#6675,#6676,#6677,#6678,#6679,#6680,#6681,#6682,#6683,#6684,#6685,#6686,#6687,#6688,#6689,#6690,#6691,#6692,#6693,#6694,#6695,#6696,#6697,#6698,#6699,#6700,#6701,#6702,#6703,#6704,#6705,#6706,#6707,#6708,#6709,#6710,#6711,#6712,#6713,#6714,#6715,#6716,#6717,#6718,#6719,#6720,#6721,#6722,#6723,#6724,#6725,#6726,#6727,#6728,#6729,#6730,#6731,#6732,#6733,#6734,#6735,#6736,#6737,#6738,#6739,#6740,#6741,#6742,#6743,#6744,#6745,#6746,#6747,#6748,#6749,#6750,#6751,#6752,#6753,#6754,#6755,#6756,#6757,#6758,#6759,#6760,#6761,#6762,#6763,#6764,#6765,#6766,#6767,#6768,#6769,#6770,#6771,#6772,#6773,#6774,#6775,#6776,#6777,#6778,#6779,#6780,#6781,#6782,#6783,#6784,#6785,#6786,#6787,#6788,#6789,#6790,#6791,#6792,#6793,#6794,#6795,#6796,#6797,#6798,#6799,#6800,#6801,#6802,#6803,#6804,#6805,#6806,#6807,#6808,#6809,#6810,#6811,#6812,#6813,#6814,#6815,#6816,#6817,#6818,#6819,#6820,#6821,#6822,#6823,#6824,#6825,#6826,#6827,#6828,#6829,#6830,#6831,#6832,#6833,#6834,#6835,#6836,#6837,#6838,#6839,#6840,#6841,#6842,#6843,#6844,#6845,#6846,#6847,#6848,#6849,#6850,#6851,#6852,#6853,#6854,#6855,#6856,#6857,#6858,#6859,#6860,#6861,#6862,#6863,#6864,#6865,#6866,#6867,#6868,#6869,#6870,#6871,#6872,#6873,#6874,#6875,#6876,#6877,#6878,#6879,#6880,#6881,#6882,#6883,#6884,#6885,#6886,#6887,#6888,#6889,#6890,#6891,#6892,#6893,#6894,#6895,#6896,#6897,#6898,#6899,#6900,#6901,#6902,#6903,#6904,#6905,#6906,#6907,#6908,#6909,#6910,#6911,#6912,#6913,#6914,#6915,#6916,#6917,#6918,#6919,#6920,#6921,#6922,#6923,#6924,#6925,#6926,#6927,#6928,#6929,#6930,#6931,#6932,#6933,#6934,#6935,#6936,#6937,#6938,#6939,#6940,#6941,#6942,#6943,#6944,#6945,#6946,#6947,#6948,#6949,#6950,#6951,#6952,#6953,#6954,#6955,#6956,#6957,#6958,#6959,#6960,#6961,#6962,#6963,#6964,#6965,#6966,#6967,#6968,#6969,#6970,#6971,#6972,#6973,#6974,#6975,#6976,#6977,#6978,#6979,#6980,#6981,#6982,#6983,#6984,#6985,#6986,#6987,#6988,#6989,#6990,#6991,#6992,#6993,#6994,#6995,#6996,#6997,#6998,#6999,#7000,#7001,#7002,#7003,#7004,#7005,#7006,#7007,#7008,#7009,#7010,#7011,#7012,#7013,#7014,#7015,#7016,#7017,#7018,#7019,#7020,#7021,#7022,#7023,#7024,#7025,#7026,#7027,#7028,#7029,#7030,#7031,#7032,#7033,#7034,#7035,#7036,#7037,#7038,#7039,#7040,#7041,#7042,#7043,#7044,#7045,#7046,#7047,#7048,#7049,#7050,#7051,#7052,#7053,#7054,#7055,#7056,#7057,#7058,#7059,#7060,#7061,#7062,#7063,#7064,#7065,#7066,#7067,#7068,#7069,#7070,#7071,#7072,#7073,#7074,#7075,#7076,#7077,#7078,#7079,#7080,#7081,#7082,#7083,#7084,#7085,#7086,#7087,#7088,#7089,#7090,#7091,#7092,#7093,#7094,#7095,#7096,#7097,#7098,#7099,#7100,#7101,#7102,#7103,#7104,#7105,#7106,#7107,#7108,#7109,#7110,#7111,#7112,#7113,#7114,#7115,#7116,#7117,#7118,#7119,#7120,#7121,#7122,#7123,#7124,#7125,#7126,#7127,#7128,#7129,#7130,#7131,#7132,#7133,#7134,#7135,#7136,#7137,#7138,#7139,#7140,#7141,#7142,#7143,#7144,#7145,#7146,#7147,#7148,#7149,#7150,#7151,#7152,#7153,#7154,#7155,#7156,#7157,#7158,#7159,#7160,#7161,#7162,#7163,#7164,#7165,#7166,#7167,#7168,#7169,#7170,#7171,#7172,#7173,#7174,#7175,#7176,#7177,#7178,#7179,#7180,#7181,#7182,#7183,#7184,#7185,#7186,#7187,#7188,#7189,#7190,#7191,#7192,#7193,#7194,#7195,#7196,#7197,#7198,#7199,#7200,#7201,#7202,#7203,#7204,#7205,#7206,#7207,#7208,#7209,#7210,#7211,#7212,#7213,#7214,#7215,#7216,#7217,#7218,#7219,#7220,#7221,#7222,#7223,#7224,#7225,#7226,#7227,#7228,#7229,#7230,#7231,#7232,#7233,#7234,#7235,#7236,#7237,#7238,#7239,#7240,#7241,#7242,#7243,#7244,#7245,#7246,#7247,#7248,#7249,#7250,#7251,#7252,#7253,#7254,#7256,#7258,#7260,#7262,#7264,#7266,#7268,#7270,#7272,#7274,#7276,#7278,#7280,#7282,#7284,#7286,#7288,#7290,#7292,#7294,#7296,#7298,#7301,#7302,#7304,#7306,#7309,#7310,#7312,#7314,#7317,#7318,#7320,#7322,#7325,#7326,#7328,#7330,#7333,#7334,#7336,#7338,#7341,#7343,#7345,#7347,#7349,#7351,#7354,#7355,#7358,#7360,#7362,#7364,#7367,#7369,#7371,#7373,#7375,#7377,#7380,#7381,#7384,#7386,#7390,#7392,#7394,#7396,#7398,#7400,#7403,#7404,#7407,#7409,#7413,#7414,#7416,#7418,#7420,#7423,#7424,#7426,#7428,#7431,#7432,#7434,#7436,#7439,#7440,#7442,#7444,#7447,#7448,#7450,#7452,#7455,#7456,#7458,#7460,#7463,#7464,#7466,#7468,#7471,#7472,#7474,#7476,#7479,#7480,#7482,#7484,#7487,#7488,#7490,#7492,#7495,#7496,#7498,#7500,#7503,#7504,#7506,#7508,#7511,#7512,#7514,#7516,#7518,#7520,#7522,#7525,#7526,#7528,#7530,#7533,#7534,#7536,#7538,#7541,#7542,#7544,#7546,#7549,#7550,#7552,#7554,#7556,#7559,#7560,#7562,#7564,#7567,#7568,#7570,#7572,#7574,#7577,#7578,#7580,#7582,#7585,#7586,#7588,#7590,#7592,#7595,#7596,#7598,#7600,#7603,#7604,#7606,#7608,#7610,#7613,#7614,#7616,#7618,#7621,#7622,#7624,#7626,#7628,#7631,#7632,#7634,#7636,#7639,#7640,#7642,#7644,#7646,#7649,#7650,#7652,#7654,#7657,#7658,#7660,#7662,#7665,#7666,#7668,#7670,#7673,#7674,#7676,#7678,#7680,#7683,#7684,#7686,#7688,#7691,#7692,#7694,#7696,#7698,#7701,#7702,#7704,#7706,#7709,#7711,#7713,#7715,#7718,#7719,#7722,#7724,#7728,#7729,#7731,#7733,#7735,#7738,#7739,#7741,#7743,#7746,#7747,#7749,#7751,#7753,#7756,#7757,#7759,#7761,#7765,#7767,#7770,#7771,#7773,#7775,#7778,#7779,#7781,#7783,#7785,#7787,#7789,#7791,#7793,#7795,#7797,#7799,#7802,#7803,#7805,#7807,#7809,#7812,#7813,#7815,#7817,#7819,#7822,#7823,#7825,#7827,#7829,#7832,#7833,#7835,#7837,#7839,#7842,#7843,#7845,#7847,#7849,#7852,#7853,#7855,#7857,#7859,#7862,#7863,#7865,#7867,#7869,#7872,#7873,#7875,#7877,#7880,#7881,#7883,#7885,#7887,#7890,#7891,#7893,#7895,#7897,#7900,#7901,#7903,#7905,#7907,#7910,#7911,#7913,#7915,#7917,#7920,#7922,#7924,#7926,#7928,#7930,#7932,#7934,#7936,#7938,#7941,#7943,#7945,#7949,#7952,#7953,#7956,#7958,#7960,#7962,#7964,#7966,#7968,#7970,#7973,#7974,#7976,#7978,#7981,#7982,#7984,#7986,#7989,#7990,#7992,#7994,#7997,#7998,#8000,#8002,#8005,#8006,#8008,#8010,#8013,#8014,#8016,#8018,#8021,#8023,#8025,#8027,#8030,#8031,#8034,#8037,#8039,#8041,#8044,#8046,#8048,#8053,#8055,#8057,#8060,#8062,#8064,#8069,#8071,#8074,#8076,#8079,#8080,#8086,#8087,#8089,#8091,#8093,#8095,#8097,#8099,#8104,#8106,#8108,#8110,#8112,#8114,#8117,#8120,#8123,#8126,#8129,#8132,#8137,#8140,#8143,#8146,#8150,#8152,#8155,#8158,#8162,#8164,#8166,#8171,#8174,#8176,#8179,#8181,#8187,#8188,#8190,#8192,#8194,#8196,#8198,#8208,#8209,#8211,#8213,#8216,#8217,#8219,#8221,#8224,#8225,#8227,#8229,#8232,#8233,#8235,#8237,#8240,#8241,#8243,#8245,#8248,#8249,#8251,#8253,#8282,#8283,#8285,#8287,#8290,#8291,#8293,#8295,#8307,#8314,#8316,#8319,#8321,#8324,#8326,#8329,#8331,#8401,#8402,#8404,#8406,#8409,#8411,#8414,#8416,#8419,#8421,#8424,#8426,#8433,#8435,#8438,#8440,#8443,#8445,#8447,#8450,#8452,#8454,#8460,#8461,#8463,#8465,#8468,#8469,#8473,#8474,#8478,#8480,#8483,#8485,#8492,#8494,#8497,#8499,#8504,#8505,#8507,#8509,#8512,#8513,#8517,#8519,#8522,#8524,#8531,#8533,#8536,#8538,#8541,#8543,#8546,#8548,#8553,#8554,#8556,#8558,#8561,#8563,#8566,#8568,#8571,#8573,#8576,#8578,#8585,#8587,#8590,#8592,#8595,#8597,#8599,#8602,#8604,#8606,#8612,#8613,#8615,#8617,#8620,#8621,#8625,#8626,#8630,#8632,#8635,#8637,#8644,#8646,#8649,#8651,#8656,#8657,#8659,#8661,#8664,#8666,#8669,#8671,#8674,#8676,#8679,#8681,#8688,#8690,#8693,#8695,#8698,#8700,#8702,#8705,#8707,#8709,#8715,#8716,#8718,#8720,#8723,#8724,#8728,#8729,#8733,#8735,#8738,#8740,#8747,#8749,#8752,#8754,#8759,#8760,#8762,#8764,#8767,#8769,#8772,#8774,#8777,#8779,#8782,#8784,#8791,#8793,#8796,#8798,#8801,#8803,#8805,#8808,#8810,#8812,#8818,#8819,#8821,#8823,#8826,#8827,#8831,#8832,#8836,#8838,#8841,#8843,#8850,#8852,#8855,#8857,#8862,#8863,#8865,#8867,#8870,#8872,#8875,#8877,#8880,#8882,#8885,#8887,#8894,#8896,#8899,#8901,#8904,#8906,#8908,#8911,#8913,#8915,#8921,#8922,#8924,#8926,#8929,#8930,#8934,#8935,#8939,#8941,#8944,#8946,#8953,#8955,#8958,#8960,#8965,#8966,#8968,#8970,#8973,#8975,#8978,#8980,#8983,#8985,#8988,#8990,#8997,#8999,#9002,#9004,#9007,#9009,#9011,#9014,#9016,#9018,#9024,#9025,#9027,#9029,#9032,#9033,#9037,#9038,#9042,#9044,#9047,#9049,#9056,#9058,#9061,#9063,#9068,#9069,#9071,#9073,#9076,#9077,#9081,#9083,#9086,#9088,#9095,#9097,#9100,#9102,#9105,#9107,#9110,#9112,#9117,#9118,#9120,#9122,#9125,#9126,#9130,#9132,#9135,#9137,#9144,#9146,#9149,#9151,#9154,#9156,#9159,#9161,#9166,#9167,#9169,#9171,#9174,#9175,#9179,#9181,#9184,#9186,#9193,#9195,#9198,#9200,#9203,#9205,#9208,#9210));
#13634=PRESENTATION_LAYER_ASSIGNMENT('1','Layer 1',(#25));
ENDSEC;
END-ISO-10303-21;
