ISO-10303-21;
HEADER;
FILE_DESCRIPTION(('STEP AP242'),'1');
FILE_NAME('455860105.stp','2026-01-16T07:16:04',('TraceParts'),('TraceParts S.A.S.'),'Spatial InterOp 3D',' ',' ');
FILE_SCHEMA(('AP242_MANAGED_MODEL_BASED_3D_ENGINEERING_MIM_LF  {1 0 10303 442 1 1 4}'));
ENDSEC;
DATA;
#1=MECHANICAL_DESIGN_GEOMETRIC_PRESENTATION_REPRESENTATION(' ',(#10,#11,#12,#13,#14,#15,#16,#17,#18,#19,#20,#21,#22,#23,#24,#25,#26,#27,#28,#29,#30,#31,#32,#33,#34,#35,#36,#37,#38,#39,#40,#41,#42,#43,#44,#45,#46,#47,#48,#49,#50,#51,#52,#53,#54,#55,#56,#57,#58,#59,#60,#61,#62,#63,#64,#65,#66,#67,#68,#69,#70,#71,#72,#73,#74,#75,#76,#77,#78,#79,#80,#81,#82,#83,#84,#85,#86,#87,#88,#89,#90,#91,#92,#93,#94,#95,#96,#97,#98,#99,#100,#101,#102,#103,#104,#105,#106,#107,#108,#109,#110,#111,#112,#113,#114,#115,#116,#117,#118,#119,#120,#121,#122,#123,#124,#125,#126,#127,#128,#129,#130,#131,#132,#133,#134,#135,#136,#137,#138,#139,#140,#141,#142,#143,#144,#145,#146,#147,#148,#149,#150,#151,#152,#153,#154,#155,#156,#157,#158,#159,#160,#161,#162,#163,#164,#165,#166,#167,#168,#169,#170,#171,#172,#173,#174,#175,#176,#177,#178),#6);
#2=PRODUCT_DEFINITION_CONTEXT('',#179,'design');
#3=APPLICATION_PROTOCOL_DEFINITION('INTERNATIONAL STANDARD','ap242_managed_model_based_3d_engineering',2014,#179);
#4=PRODUCT_CATEGORY_RELATIONSHIP('NONE','NONE',#180,#181);
#5=SHAPE_DEFINITION_REPRESENTATION(#182,#183);
#6= (GEOMETRIC_REPRESENTATION_CONTEXT(3)GLOBAL_UNCERTAINTY_ASSIGNED_CONTEXT((#186))GLOBAL_UNIT_ASSIGNED_CONTEXT((#188,#189,#190))REPRESENTATION_CONTEXT('NONE','WORKSPACE'));
#10=STYLED_ITEM('',(#192),#193);
#11=STYLED_ITEM('',(#194),#195);
#12=STYLED_ITEM('',(#196),#197);
#13=STYLED_ITEM('',(#198),#199);
#14=STYLED_ITEM('',(#200),#201);
#15=STYLED_ITEM('',(#202),#203);
#16=STYLED_ITEM('',(#204),#205);
#17=STYLED_ITEM('',(#206),#207);
#18=STYLED_ITEM('',(#208),#209);
#19=STYLED_ITEM('',(#210),#211);
#20=STYLED_ITEM('',(#212),#213);
#21=STYLED_ITEM('',(#214),#215);
#22=STYLED_ITEM('',(#216),#217);
#23=STYLED_ITEM('',(#218),#219);
#24=STYLED_ITEM('',(#220),#221);
#25=STYLED_ITEM('',(#222),#223);
#26=STYLED_ITEM('',(#224),#225);
#27=STYLED_ITEM('',(#226),#227);
#28=STYLED_ITEM('',(#228),#229);
#29=STYLED_ITEM('',(#230),#231);
#30=STYLED_ITEM('',(#232),#233);
#31=STYLED_ITEM('',(#234),#235);
#32=STYLED_ITEM('',(#236),#237);
#33=STYLED_ITEM('',(#238),#239);
#34=STYLED_ITEM('',(#240),#241);
#35=STYLED_ITEM('',(#242),#243);
#36=STYLED_ITEM('',(#244),#245);
#37=STYLED_ITEM('',(#246),#247);
#38=STYLED_ITEM('',(#248),#249);
#39=STYLED_ITEM('',(#250),#251);
#40=STYLED_ITEM('',(#252),#253);
#41=STYLED_ITEM('',(#254),#255);
#42=STYLED_ITEM('',(#256),#257);
#43=STYLED_ITEM('',(#258),#259);
#44=STYLED_ITEM('',(#260),#261);
#45=STYLED_ITEM('',(#262),#263);
#46=STYLED_ITEM('',(#264),#265);
#47=STYLED_ITEM('',(#266),#267);
#48=STYLED_ITEM('',(#268),#269);
#49=STYLED_ITEM('',(#270),#271);
#50=STYLED_ITEM('',(#272),#273);
#51=STYLED_ITEM('',(#274),#275);
#52=STYLED_ITEM('',(#276),#277);
#53=STYLED_ITEM('',(#278),#279);
#54=STYLED_ITEM('',(#280),#281);
#55=STYLED_ITEM('',(#282),#283);
#56=STYLED_ITEM('',(#284),#285);
#57=STYLED_ITEM('',(#286),#287);
#58=STYLED_ITEM('',(#288),#289);
#59=STYLED_ITEM('',(#290),#291);
#60=STYLED_ITEM('',(#292),#293);
#61=STYLED_ITEM('',(#294),#295);
#62=STYLED_ITEM('',(#296),#297);
#63=STYLED_ITEM('',(#298),#299);
#64=STYLED_ITEM('',(#300),#301);
#65=STYLED_ITEM('',(#302),#303);
#66=STYLED_ITEM('',(#304),#305);
#67=STYLED_ITEM('',(#306),#307);
#68=STYLED_ITEM('',(#308),#309);
#69=STYLED_ITEM('',(#310),#311);
#70=STYLED_ITEM('',(#312),#313);
#71=STYLED_ITEM('',(#314),#315);
#72=STYLED_ITEM('',(#316),#317);
#73=STYLED_ITEM('',(#318),#319);
#74=STYLED_ITEM('',(#320),#321);
#75=STYLED_ITEM('',(#322),#323);
#76=STYLED_ITEM('',(#324),#325);
#77=STYLED_ITEM('',(#326),#327);
#78=STYLED_ITEM('',(#328),#329);
#79=STYLED_ITEM('',(#330),#331);
#80=STYLED_ITEM('',(#332),#333);
#81=STYLED_ITEM('',(#334),#335);
#82=STYLED_ITEM('',(#336),#337);
#83=STYLED_ITEM('',(#338),#339);
#84=STYLED_ITEM('',(#340),#341);
#85=STYLED_ITEM('',(#342),#343);
#86=STYLED_ITEM('',(#344),#345);
#87=STYLED_ITEM('',(#346),#347);
#88=STYLED_ITEM('',(#348),#349);
#89=STYLED_ITEM('',(#350),#351);
#90=STYLED_ITEM('',(#352),#353);
#91=STYLED_ITEM('',(#354),#355);
#92=STYLED_ITEM('',(#356),#357);
#93=STYLED_ITEM('',(#358),#359);
#94=STYLED_ITEM('',(#360),#361);
#95=STYLED_ITEM('',(#362),#363);
#96=STYLED_ITEM('',(#364),#365);
#97=STYLED_ITEM('',(#366),#367);
#98=STYLED_ITEM('',(#368),#369);
#99=STYLED_ITEM('',(#370),#371);
#100=STYLED_ITEM('',(#372),#373);
#101=STYLED_ITEM('',(#374),#375);
#102=STYLED_ITEM('',(#376),#377);
#103=STYLED_ITEM('',(#378),#379);
#104=STYLED_ITEM('',(#380),#381);
#105=STYLED_ITEM('',(#382),#383);
#106=STYLED_ITEM('',(#384),#385);
#107=STYLED_ITEM('',(#386),#387);
#108=STYLED_ITEM('',(#388),#389);
#109=STYLED_ITEM('',(#390),#391);
#110=STYLED_ITEM('',(#392),#393);
#111=STYLED_ITEM('',(#394),#395);
#112=STYLED_ITEM('',(#396),#397);
#113=STYLED_ITEM('',(#398),#399);
#114=STYLED_ITEM('',(#400),#401);
#115=STYLED_ITEM('',(#402),#403);
#116=STYLED_ITEM('',(#404),#405);
#117=STYLED_ITEM('',(#406),#407);
#118=STYLED_ITEM('',(#408),#409);
#119=STYLED_ITEM('',(#410),#411);
#120=STYLED_ITEM('',(#412),#413);
#121=STYLED_ITEM('',(#414),#415);
#122=STYLED_ITEM('',(#416),#417);
#123=STYLED_ITEM('',(#418),#419);
#124=STYLED_ITEM('',(#420),#421);
#125=STYLED_ITEM('',(#422),#423);
#126=STYLED_ITEM('',(#424),#425);
#127=STYLED_ITEM('',(#426),#427);
#128=STYLED_ITEM('',(#428),#429);
#129=STYLED_ITEM('',(#430),#431);
#130=STYLED_ITEM('',(#432),#433);
#131=STYLED_ITEM('',(#434),#435);
#132=STYLED_ITEM('',(#436),#437);
#133=STYLED_ITEM('',(#438),#439);
#134=STYLED_ITEM('',(#440),#441);
#135=STYLED_ITEM('',(#442),#443);
#136=STYLED_ITEM('',(#444),#445);
#137=STYLED_ITEM('',(#446),#447);
#138=STYLED_ITEM('',(#448),#449);
#139=STYLED_ITEM('',(#450),#451);
#140=STYLED_ITEM('',(#452),#453);
#141=STYLED_ITEM('',(#454),#455);
#142=STYLED_ITEM('',(#456),#457);
#143=STYLED_ITEM('',(#458),#459);
#144=STYLED_ITEM('',(#460),#461);
#145=STYLED_ITEM('',(#462),#463);
#146=STYLED_ITEM('',(#464),#465);
#147=STYLED_ITEM('',(#466),#467);
#148=STYLED_ITEM('',(#468),#469);
#149=STYLED_ITEM('',(#470),#471);
#150=STYLED_ITEM('',(#472),#473);
#151=STYLED_ITEM('',(#474),#475);
#152=STYLED_ITEM('',(#476),#477);
#153=STYLED_ITEM('',(#478),#479);
#154=STYLED_ITEM('',(#480),#481);
#155=STYLED_ITEM('',(#482),#483);
#156=STYLED_ITEM('',(#484),#485);
#157=STYLED_ITEM('',(#486),#487);
#158=STYLED_ITEM('',(#488),#489);
#159=STYLED_ITEM('',(#490),#491);
#160=STYLED_ITEM('',(#492),#493);
#161=STYLED_ITEM('',(#494),#495);
#162=STYLED_ITEM('',(#496),#497);
#163=STYLED_ITEM('',(#498),#499);
#164=STYLED_ITEM('',(#500),#501);
#165=STYLED_ITEM('',(#502),#503);
#166=STYLED_ITEM('',(#504),#505);
#167=STYLED_ITEM('',(#506),#507);
#168=STYLED_ITEM('',(#508),#509);
#169=STYLED_ITEM('',(#510),#511);
#170=STYLED_ITEM('',(#512),#513);
#171=STYLED_ITEM('',(#514),#515);
#172=STYLED_ITEM('',(#516),#517);
#173=STYLED_ITEM('',(#518),#519);
#174=STYLED_ITEM('',(#520),#521);
#175=STYLED_ITEM('',(#522),#523);
#176=STYLED_ITEM('',(#524),#525);
#177=STYLED_ITEM('',(#526),#527);
#178=STYLED_ITEM('',(#528),#529);
#179=APPLICATION_CONTEXT('managed model based 3d engineering');
#180=PRODUCT_CATEGORY('part','NONE');
#181=PRODUCT_RELATED_PRODUCT_CATEGORY('detail',' ',(#530));
#182=PRODUCT_DEFINITION_SHAPE('NONE','NONE',#531);
#183=ADVANCED_BREP_SHAPE_REPRESENTATION('nylon_housing_tin',(#529,#532),#6);
#186=UNCERTAINTY_MEASURE_WITH_UNIT(LENGTH_MEASURE(1.0E-06),#188,'','');
#188= (CONVERSION_BASED_UNIT('MILLIMETRE',#535)LENGTH_UNIT()NAMED_UNIT(#538));
#189= (NAMED_UNIT(#540)PLANE_ANGLE_UNIT()SI_UNIT($,.RADIAN.));
#190= (NAMED_UNIT(#540)SOLID_ANGLE_UNIT()SI_UNIT($,.STERADIAN.));
#192=PRESENTATION_STYLE_ASSIGNMENT((#546));
#193=ADVANCED_FACE('Face appearance 3',(#547),#548,.T.);
#194=PRESENTATION_STYLE_ASSIGNMENT((#549));
#195=ADVANCED_FACE('Face appearance 3',(#550),#551,.T.);
#196=PRESENTATION_STYLE_ASSIGNMENT((#552));
#197=ADVANCED_FACE('Face appearance 3',(#553),#554,.T.);
#198=PRESENTATION_STYLE_ASSIGNMENT((#555));
#199=ADVANCED_FACE('Face appearance 3',(#556),#557,.T.);
#200=PRESENTATION_STYLE_ASSIGNMENT((#558));
#201=ADVANCED_FACE('Face appearance 3',(#559),#560,.T.);
#202=PRESENTATION_STYLE_ASSIGNMENT((#561));
#203=ADVANCED_FACE('Face appearance 3',(#562),#563,.T.);
#204=PRESENTATION_STYLE_ASSIGNMENT((#564));
#205=ADVANCED_FACE('Face appearance 3',(#565),#566,.T.);
#206=PRESENTATION_STYLE_ASSIGNMENT((#567));
#207=ADVANCED_FACE('Face appearance 3',(#568),#569,.F.);
#208=PRESENTATION_STYLE_ASSIGNMENT((#570));
#209=ADVANCED_FACE('Face appearance 3',(#571),#572,.T.);
#210=PRESENTATION_STYLE_ASSIGNMENT((#573));
#211=ADVANCED_FACE('Face appearance 3',(#574),#575,.T.);
#212=PRESENTATION_STYLE_ASSIGNMENT((#576));
#213=ADVANCED_FACE('Face appearance 3',(#577),#578,.T.);
#214=PRESENTATION_STYLE_ASSIGNMENT((#579));
#215=ADVANCED_FACE('Face appearance 3',(#580),#581,.T.);
#216=PRESENTATION_STYLE_ASSIGNMENT((#582));
#217=ADVANCED_FACE('Face appearance 3',(#583),#584,.T.);
#218=PRESENTATION_STYLE_ASSIGNMENT((#585));
#219=ADVANCED_FACE('Face appearance 3',(#586),#587,.T.);
#220=PRESENTATION_STYLE_ASSIGNMENT((#588));
#221=ADVANCED_FACE('Face appearance 3',(#589),#590,.T.);
#222=PRESENTATION_STYLE_ASSIGNMENT((#591));
#223=ADVANCED_FACE('Face appearance 3',(#592),#593,.T.);
#224=PRESENTATION_STYLE_ASSIGNMENT((#594));
#225=ADVANCED_FACE('Face appearance 3',(#595),#596,.T.);
#226=PRESENTATION_STYLE_ASSIGNMENT((#597));
#227=ADVANCED_FACE('Face appearance 3',(#598),#599,.T.);
#228=PRESENTATION_STYLE_ASSIGNMENT((#600));
#229=ADVANCED_FACE('Face appearance 3',(#601),#602,.T.);
#230=PRESENTATION_STYLE_ASSIGNMENT((#603));
#231=ADVANCED_FACE('Face appearance 3',(#604),#605,.T.);
#232=PRESENTATION_STYLE_ASSIGNMENT((#606));
#233=ADVANCED_FACE('Face appearance 3',(#607),#608,.F.);
#234=PRESENTATION_STYLE_ASSIGNMENT((#609));
#235=ADVANCED_FACE('Face appearance 3',(#610),#611,.T.);
#236=PRESENTATION_STYLE_ASSIGNMENT((#612));
#237=ADVANCED_FACE('Face appearance 3',(#613),#614,.T.);
#238=PRESENTATION_STYLE_ASSIGNMENT((#615));
#239=ADVANCED_FACE('Face appearance 3',(#616),#617,.T.);
#240=PRESENTATION_STYLE_ASSIGNMENT((#618));
#241=ADVANCED_FACE('Face appearance 3',(#619),#620,.T.);
#242=PRESENTATION_STYLE_ASSIGNMENT((#621));
#243=ADVANCED_FACE('Face appearance 3',(#622),#623,.T.);
#244=PRESENTATION_STYLE_ASSIGNMENT((#624));
#245=ADVANCED_FACE('Face appearance 3',(#625),#626,.T.);
#246=PRESENTATION_STYLE_ASSIGNMENT((#627));
#247=ADVANCED_FACE('Face appearance 3',(#628),#629,.T.);
#248=PRESENTATION_STYLE_ASSIGNMENT((#630));
#249=ADVANCED_FACE('Face appearance 3',(#631),#632,.T.);
#250=PRESENTATION_STYLE_ASSIGNMENT((#633));
#251=ADVANCED_FACE('Face appearance 3',(#634),#635,.T.);
#252=PRESENTATION_STYLE_ASSIGNMENT((#636));
#253=ADVANCED_FACE('Face appearance 3',(#637),#638,.T.);
#254=PRESENTATION_STYLE_ASSIGNMENT((#639));
#255=ADVANCED_FACE('Face appearance 3',(#640),#641,.F.);
#256=PRESENTATION_STYLE_ASSIGNMENT((#642));
#257=ADVANCED_FACE('Face appearance 3',(#643),#644,.T.);
#258=PRESENTATION_STYLE_ASSIGNMENT((#645));
#259=ADVANCED_FACE('Face appearance 3',(#646),#647,.T.);
#260=PRESENTATION_STYLE_ASSIGNMENT((#648));
#261=ADVANCED_FACE('Face appearance 3',(#649),#650,.T.);
#262=PRESENTATION_STYLE_ASSIGNMENT((#651));
#263=ADVANCED_FACE('Face appearance 3',(#652),#653,.T.);
#264=PRESENTATION_STYLE_ASSIGNMENT((#654));
#265=ADVANCED_FACE('Face appearance 3',(#655),#656,.T.);
#266=PRESENTATION_STYLE_ASSIGNMENT((#657));
#267=ADVANCED_FACE('Face appearance 3',(#658),#659,.T.);
#268=PRESENTATION_STYLE_ASSIGNMENT((#660));
#269=ADVANCED_FACE('Face appearance 3',(#661),#662,.T.);
#270=PRESENTATION_STYLE_ASSIGNMENT((#663));
#271=ADVANCED_FACE('Face appearance 3',(#664),#665,.T.);
#272=PRESENTATION_STYLE_ASSIGNMENT((#666));
#273=ADVANCED_FACE('Face appearance 3',(#667),#668,.T.);
#274=PRESENTATION_STYLE_ASSIGNMENT((#669));
#275=ADVANCED_FACE('Face appearance 3',(#670),#671,.T.);
#276=PRESENTATION_STYLE_ASSIGNMENT((#672));
#277=ADVANCED_FACE('Face appearance 3',(#673),#674,.T.);
#278=PRESENTATION_STYLE_ASSIGNMENT((#675));
#279=ADVANCED_FACE('Face appearance 3',(#676),#677,.T.);
#280=PRESENTATION_STYLE_ASSIGNMENT((#678));
#281=ADVANCED_FACE('Face appearance 3',(#679),#680,.F.);
#282=PRESENTATION_STYLE_ASSIGNMENT((#681));
#283=ADVANCED_FACE('Face appearance 3',(#682),#683,.T.);
#284=PRESENTATION_STYLE_ASSIGNMENT((#684));
#285=ADVANCED_FACE('Face appearance 3',(#685),#686,.T.);
#286=PRESENTATION_STYLE_ASSIGNMENT((#687));
#287=ADVANCED_FACE('Face appearance 3',(#688),#689,.T.);
#288=PRESENTATION_STYLE_ASSIGNMENT((#690));
#289=ADVANCED_FACE('Face appearance 3',(#691),#692,.T.);
#290=PRESENTATION_STYLE_ASSIGNMENT((#693));
#291=ADVANCED_FACE('Face appearance 3',(#694),#695,.T.);
#292=PRESENTATION_STYLE_ASSIGNMENT((#696));
#293=ADVANCED_FACE('Face appearance 3',(#697),#698,.T.);
#294=PRESENTATION_STYLE_ASSIGNMENT((#699));
#295=ADVANCED_FACE('Face appearance 3',(#700),#701,.T.);
#296=PRESENTATION_STYLE_ASSIGNMENT((#702));
#297=ADVANCED_FACE('Face appearance 3',(#703),#704,.T.);
#298=PRESENTATION_STYLE_ASSIGNMENT((#705));
#299=ADVANCED_FACE('Face appearance 3',(#706),#707,.T.);
#300=PRESENTATION_STYLE_ASSIGNMENT((#708));
#301=ADVANCED_FACE('Face appearance 3',(#709),#710,.T.);
#302=PRESENTATION_STYLE_ASSIGNMENT((#711));
#303=ADVANCED_FACE('Face appearance 3',(#712),#713,.F.);
#304=PRESENTATION_STYLE_ASSIGNMENT((#714));
#305=ADVANCED_FACE('Face appearance 3',(#715),#716,.T.);
#306=PRESENTATION_STYLE_ASSIGNMENT((#717));
#307=ADVANCED_FACE('Face appearance 3',(#718),#719,.T.);
#308=PRESENTATION_STYLE_ASSIGNMENT((#720));
#309=ADVANCED_FACE('Face appearance 3',(#721),#722,.T.);
#310=PRESENTATION_STYLE_ASSIGNMENT((#723));
#311=ADVANCED_FACE('Face appearance 3',(#724),#725,.T.);
#312=PRESENTATION_STYLE_ASSIGNMENT((#726));
#313=ADVANCED_FACE('Face appearance 3',(#727),#728,.T.);
#314=PRESENTATION_STYLE_ASSIGNMENT((#729));
#315=ADVANCED_FACE('Face appearance 3',(#730),#731,.T.);
#316=PRESENTATION_STYLE_ASSIGNMENT((#732));
#317=ADVANCED_FACE('Face appearance 3',(#733),#734,.T.);
#318=PRESENTATION_STYLE_ASSIGNMENT((#735));
#319=ADVANCED_FACE('Face appearance 3',(#736),#737,.T.);
#320=PRESENTATION_STYLE_ASSIGNMENT((#738));
#321=ADVANCED_FACE('Face appearance 3',(#739),#740,.T.);
#322=PRESENTATION_STYLE_ASSIGNMENT((#741));
#323=ADVANCED_FACE('Face appearance 3',(#742),#743,.T.);
#324=PRESENTATION_STYLE_ASSIGNMENT((#744));
#325=ADVANCED_FACE('Face appearance 3',(#745),#746,.T.);
#326=PRESENTATION_STYLE_ASSIGNMENT((#747));
#327=ADVANCED_FACE('Face appearance 3',(#748),#749,.T.);
#328=PRESENTATION_STYLE_ASSIGNMENT((#750));
#329=ADVANCED_FACE('Face appearance 3',(#751),#752,.F.);
#330=PRESENTATION_STYLE_ASSIGNMENT((#753));
#331=ADVANCED_FACE('Face appearance 3',(#754),#755,.T.);
#332=PRESENTATION_STYLE_ASSIGNMENT((#756));
#333=ADVANCED_FACE('Face appearance 3',(#757),#758,.T.);
#334=PRESENTATION_STYLE_ASSIGNMENT((#759));
#335=ADVANCED_FACE('Face appearance 3',(#760),#761,.T.);
#336=PRESENTATION_STYLE_ASSIGNMENT((#762));
#337=ADVANCED_FACE('Face appearance 3',(#763),#764,.T.);
#338=PRESENTATION_STYLE_ASSIGNMENT((#765));
#339=ADVANCED_FACE('Face appearance 3',(#766),#767,.T.);
#340=PRESENTATION_STYLE_ASSIGNMENT((#768));
#341=ADVANCED_FACE('Face appearance 3',(#769),#770,.T.);
#342=PRESENTATION_STYLE_ASSIGNMENT((#771));
#343=ADVANCED_FACE('Face appearance 3',(#772),#773,.T.);
#344=PRESENTATION_STYLE_ASSIGNMENT((#774));
#345=ADVANCED_FACE('Face appearance 3',(#775),#776,.T.);
#346=PRESENTATION_STYLE_ASSIGNMENT((#777));
#347=ADVANCED_FACE('Face appearance 3',(#778),#779,.T.);
#348=PRESENTATION_STYLE_ASSIGNMENT((#780));
#349=ADVANCED_FACE('Face appearance 3',(#781),#782,.T.);
#350=PRESENTATION_STYLE_ASSIGNMENT((#783));
#351=ADVANCED_FACE('Face appearance 3',(#784),#785,.F.);
#352=PRESENTATION_STYLE_ASSIGNMENT((#786));
#353=ADVANCED_FACE('Face appearance 3',(#787),#788,.T.);
#354=PRESENTATION_STYLE_ASSIGNMENT((#789));
#355=ADVANCED_FACE('Face appearance 3',(#790),#791,.T.);
#356=PRESENTATION_STYLE_ASSIGNMENT((#792));
#357=ADVANCED_FACE('Face appearance 3',(#793),#794,.T.);
#358=PRESENTATION_STYLE_ASSIGNMENT((#795));
#359=ADVANCED_FACE('Face appearance 3',(#796),#797,.T.);
#360=PRESENTATION_STYLE_ASSIGNMENT((#798));
#361=ADVANCED_FACE('Face appearance 3',(#799),#800,.T.);
#362=PRESENTATION_STYLE_ASSIGNMENT((#801));
#363=ADVANCED_FACE('Face appearance 3',(#802),#803,.T.);
#364=PRESENTATION_STYLE_ASSIGNMENT((#804));
#365=ADVANCED_FACE('Face appearance 3',(#805),#806,.T.);
#366=PRESENTATION_STYLE_ASSIGNMENT((#807));
#367=ADVANCED_FACE('Face appearance 3',(#808),#809,.T.);
#368=PRESENTATION_STYLE_ASSIGNMENT((#810));
#369=ADVANCED_FACE('Face appearance 3',(#811),#812,.T.);
#370=PRESENTATION_STYLE_ASSIGNMENT((#813));
#371=ADVANCED_FACE('Face appearance 3',(#814),#815,.T.);
#372=PRESENTATION_STYLE_ASSIGNMENT((#816));
#373=ADVANCED_FACE('Face appearance 3',(#817),#818,.T.);
#374=PRESENTATION_STYLE_ASSIGNMENT((#819));
#375=ADVANCED_FACE('Face appearance 3',(#820),#821,.T.);
#376=PRESENTATION_STYLE_ASSIGNMENT((#822));
#377=ADVANCED_FACE('Face appearance 3',(#823),#824,.F.);
#378=PRESENTATION_STYLE_ASSIGNMENT((#825));
#379=ADVANCED_FACE('Face appearance 3',(#826),#827,.T.);
#380=PRESENTATION_STYLE_ASSIGNMENT((#828));
#381=ADVANCED_FACE('Face appearance 3',(#829),#830,.T.);
#382=PRESENTATION_STYLE_ASSIGNMENT((#831));
#383=ADVANCED_FACE('Face appearance 3',(#832),#833,.T.);
#384=PRESENTATION_STYLE_ASSIGNMENT((#834));
#385=ADVANCED_FACE('Face appearance 2',(#835),#836,.T.);
#386=PRESENTATION_STYLE_ASSIGNMENT((#837));
#387=ADVANCED_FACE('Face appearance 2',(#838),#839,.T.);
#388=PRESENTATION_STYLE_ASSIGNMENT((#840));
#389=ADVANCED_FACE('Face appearance 2',(#841),#842,.T.);
#390=PRESENTATION_STYLE_ASSIGNMENT((#843));
#391=ADVANCED_FACE('Face appearance 2',(#844),#845,.T.);
#392=PRESENTATION_STYLE_ASSIGNMENT((#846));
#393=ADVANCED_FACE('Face appearance 2',(#847),#848,.T.);
#394=PRESENTATION_STYLE_ASSIGNMENT((#849));
#395=ADVANCED_FACE('Face appearance 2',(#850),#851,.T.);
#396=PRESENTATION_STYLE_ASSIGNMENT((#852));
#397=ADVANCED_FACE('Face appearance 2',(#853),#854,.T.);
#398=PRESENTATION_STYLE_ASSIGNMENT((#855));
#399=ADVANCED_FACE('Face appearance 2',(#856),#857,.T.);
#400=PRESENTATION_STYLE_ASSIGNMENT((#858));
#401=ADVANCED_FACE('Face appearance 2',(#859),#860,.T.);
#402=PRESENTATION_STYLE_ASSIGNMENT((#861));
#403=ADVANCED_FACE('Face appearance 1',(#862),#863,.T.);
#404=PRESENTATION_STYLE_ASSIGNMENT((#864));
#405=ADVANCED_FACE('Face appearance 1',(#865),#866,.T.);
#406=PRESENTATION_STYLE_ASSIGNMENT((#867));
#407=ADVANCED_FACE('Face appearance 1',(#868),#869,.T.);
#408=PRESENTATION_STYLE_ASSIGNMENT((#870));
#409=ADVANCED_FACE('Face appearance 1',(#871),#872,.T.);
#410=PRESENTATION_STYLE_ASSIGNMENT((#873));
#411=ADVANCED_FACE('Face appearance 1',(#874),#875,.T.);
#412=PRESENTATION_STYLE_ASSIGNMENT((#876));
#413=ADVANCED_FACE('Face appearance 1',(#877),#878,.T.);
#414=PRESENTATION_STYLE_ASSIGNMENT((#879));
#415=ADVANCED_FACE('Face appearance 1',(#880),#881,.T.);
#416=PRESENTATION_STYLE_ASSIGNMENT((#882));
#417=ADVANCED_FACE('Face appearance 1',(#883),#884,.T.);
#418=PRESENTATION_STYLE_ASSIGNMENT((#885));
#419=ADVANCED_FACE('Face appearance 1',(#886),#887,.T.);
#420=PRESENTATION_STYLE_ASSIGNMENT((#888));
#421=ADVANCED_FACE('Face appearance 2',(#889),#890,.T.);
#422=PRESENTATION_STYLE_ASSIGNMENT((#891));
#423=ADVANCED_FACE('Face appearance 2',(#892),#893,.T.);
#424=PRESENTATION_STYLE_ASSIGNMENT((#894));
#425=ADVANCED_FACE('Face appearance 2',(#895),#896,.T.);
#426=PRESENTATION_STYLE_ASSIGNMENT((#897));
#427=ADVANCED_FACE('Face appearance 2',(#898),#899,.T.);
#428=PRESENTATION_STYLE_ASSIGNMENT((#900));
#429=ADVANCED_FACE('Face appearance 2',(#901),#902,.T.);
#430=PRESENTATION_STYLE_ASSIGNMENT((#903));
#431=ADVANCED_FACE('Face appearance 2',(#904),#905,.T.);
#432=PRESENTATION_STYLE_ASSIGNMENT((#906));
#433=ADVANCED_FACE('Face appearance 2',(#907),#908,.T.);
#434=PRESENTATION_STYLE_ASSIGNMENT((#909));
#435=ADVANCED_FACE('Face appearance 2',(#910),#911,.T.);
#436=PRESENTATION_STYLE_ASSIGNMENT((#912));
#437=ADVANCED_FACE('Face appearance 2',(#913),#914,.T.);
#438=PRESENTATION_STYLE_ASSIGNMENT((#915));
#439=ADVANCED_FACE('Face appearance 2',(#916),#917,.T.);
#440=PRESENTATION_STYLE_ASSIGNMENT((#918));
#441=ADVANCED_FACE('Face appearance 2',(#919),#920,.T.);
#442=PRESENTATION_STYLE_ASSIGNMENT((#921));
#443=ADVANCED_FACE('Face appearance 2',(#922),#923,.T.);
#444=PRESENTATION_STYLE_ASSIGNMENT((#924));
#445=ADVANCED_FACE('Face appearance 2',(#925),#926,.T.);
#446=PRESENTATION_STYLE_ASSIGNMENT((#927));
#447=ADVANCED_FACE('Face appearance 2',(#928),#929,.T.);
#448=PRESENTATION_STYLE_ASSIGNMENT((#930));
#449=ADVANCED_FACE('Face appearance 2',(#931),#932,.T.);
#450=PRESENTATION_STYLE_ASSIGNMENT((#933));
#451=ADVANCED_FACE('Face appearance 2',(#934),#935,.T.);
#452=PRESENTATION_STYLE_ASSIGNMENT((#936));
#453=ADVANCED_FACE('Face appearance 2',(#937),#938,.T.);
#454=PRESENTATION_STYLE_ASSIGNMENT((#939));
#455=ADVANCED_FACE('Face appearance 2',(#940),#941,.T.);
#456=PRESENTATION_STYLE_ASSIGNMENT((#942));
#457=ADVANCED_FACE('Face appearance 2',(#943),#944,.T.);
#458=PRESENTATION_STYLE_ASSIGNMENT((#945));
#459=ADVANCED_FACE('Face appearance 2',(#946),#947,.T.);
#460=PRESENTATION_STYLE_ASSIGNMENT((#948));
#461=ADVANCED_FACE('Face appearance 2',(#949),#950,.T.);
#462=PRESENTATION_STYLE_ASSIGNMENT((#951));
#463=ADVANCED_FACE('Face appearance 2',(#952),#953,.T.);
#464=PRESENTATION_STYLE_ASSIGNMENT((#954));
#465=ADVANCED_FACE('Face appearance 2',(#955),#956,.T.);
#466=PRESENTATION_STYLE_ASSIGNMENT((#957));
#467=ADVANCED_FACE('Face appearance 2',(#958),#959,.T.);
#468=PRESENTATION_STYLE_ASSIGNMENT((#960));
#469=ADVANCED_FACE('Face appearance 2',(#961),#962,.T.);
#470=PRESENTATION_STYLE_ASSIGNMENT((#963));
#471=ADVANCED_FACE('Face appearance 2',(#964),#965,.T.);
#472=PRESENTATION_STYLE_ASSIGNMENT((#966));
#473=ADVANCED_FACE('Face appearance 2',(#967),#968,.T.);
#474=PRESENTATION_STYLE_ASSIGNMENT((#969));
#475=ADVANCED_FACE('Face appearance 1',(#970),#971,.T.);
#476=PRESENTATION_STYLE_ASSIGNMENT((#972));
#477=ADVANCED_FACE('Face appearance 1',(#973),#974,.T.);
#478=PRESENTATION_STYLE_ASSIGNMENT((#975));
#479=ADVANCED_FACE('Face appearance 1',(#976),#977,.T.);
#480=PRESENTATION_STYLE_ASSIGNMENT((#978));
#481=ADVANCED_FACE('Face appearance 1',(#979),#980,.T.);
#482=PRESENTATION_STYLE_ASSIGNMENT((#981));
#483=ADVANCED_FACE('Face appearance 1',(#982),#983,.T.);
#484=PRESENTATION_STYLE_ASSIGNMENT((#984));
#485=ADVANCED_FACE('Face appearance 1',(#985),#986,.T.);
#486=PRESENTATION_STYLE_ASSIGNMENT((#987));
#487=ADVANCED_FACE('Face appearance 1',(#988),#989,.T.);
#488=PRESENTATION_STYLE_ASSIGNMENT((#990));
#489=ADVANCED_FACE('Face appearance 1',(#991),#992,.T.);
#490=PRESENTATION_STYLE_ASSIGNMENT((#993));
#491=ADVANCED_FACE('Face appearance 1',(#994),#995,.T.);
#492=PRESENTATION_STYLE_ASSIGNMENT((#996));
#493=ADVANCED_FACE('Face appearance 1',(#997),#998,.T.);
#494=PRESENTATION_STYLE_ASSIGNMENT((#999));
#495=ADVANCED_FACE('Face appearance 1',(#1000),#1001,.T.);
#496=PRESENTATION_STYLE_ASSIGNMENT((#1002));
#497=ADVANCED_FACE('Face appearance 1',(#1003),#1004,.T.);
#498=PRESENTATION_STYLE_ASSIGNMENT((#1005));
#499=ADVANCED_FACE('Face appearance 1',(#1006),#1007,.T.);
#500=PRESENTATION_STYLE_ASSIGNMENT((#1008));
#501=ADVANCED_FACE('Face appearance 1',(#1009),#1010,.T.);
#502=PRESENTATION_STYLE_ASSIGNMENT((#1011));
#503=ADVANCED_FACE('Face appearance 1',(#1012),#1013,.T.);
#504=PRESENTATION_STYLE_ASSIGNMENT((#1014));
#505=ADVANCED_FACE('Face appearance 1',(#1015),#1016,.T.);
#506=PRESENTATION_STYLE_ASSIGNMENT((#1017));
#507=ADVANCED_FACE('Face appearance 1',(#1018),#1019,.T.);
#508=PRESENTATION_STYLE_ASSIGNMENT((#1020));
#509=ADVANCED_FACE('Face appearance 1',(#1021),#1022,.T.);
#510=PRESENTATION_STYLE_ASSIGNMENT((#1023));
#511=ADVANCED_FACE('Face appearance 1',(#1024),#1025,.T.);
#512=PRESENTATION_STYLE_ASSIGNMENT((#1026));
#513=ADVANCED_FACE('Face appearance 1',(#1027),#1028,.T.);
#514=PRESENTATION_STYLE_ASSIGNMENT((#1029));
#515=ADVANCED_FACE('Face appearance 1',(#1030),#1031,.T.);
#516=PRESENTATION_STYLE_ASSIGNMENT((#1032));
#517=ADVANCED_FACE('Face appearance 1',(#1033),#1034,.T.);
#518=PRESENTATION_STYLE_ASSIGNMENT((#1035));
#519=ADVANCED_FACE('Face appearance 1',(#1036),#1037,.T.);
#520=PRESENTATION_STYLE_ASSIGNMENT((#1038));
#521=ADVANCED_FACE('Face appearance 1',(#1039),#1040,.T.);
#522=PRESENTATION_STYLE_ASSIGNMENT((#1041));
#523=ADVANCED_FACE('Face appearance 1',(#1042),#1043,.T.);
#524=PRESENTATION_STYLE_ASSIGNMENT((#1044));
#525=ADVANCED_FACE('Face appearance 1',(#1045),#1046,.T.);
#526=PRESENTATION_STYLE_ASSIGNMENT((#1047));
#527=ADVANCED_FACE('Face appearance 1',(#1048),#1049,.T.);
#528=PRESENTATION_STYLE_ASSIGNMENT((#1050));
#529=MANIFOLD_SOLID_BREP('nylon_housing_tin',#1051);
#530=PRODUCT('nylon_housing_tin','','PART--DESC',(#1052));
#531=PRODUCT_DEFINITION('','NONE',#1053,#2);
#532=AXIS2_PLACEMENT_3D('',#1054,#1055,#1056);
#535=LENGTH_MEASURE_WITH_UNIT(LENGTH_MEASURE(1.0),#1057);
#538=DIMENSIONAL_EXPONENTS(1.0,0.0,0.0,0.0,0.0,0.0,0.0);
#540=DIMENSIONAL_EXPONENTS(0.0,0.0,0.0,0.0,0.0,0.0,0.0);
#546=SURFACE_STYLE_USAGE(.BOTH.,#1058);
#547=FACE_OUTER_BOUND('',#1059,.T.);
#548=PLANE('',#1060);
#549=SURFACE_STYLE_USAGE(.BOTH.,#1061);
#550=FACE_OUTER_BOUND('',#1062,.T.);
#551=PLANE('',#1063);
#552=SURFACE_STYLE_USAGE(.BOTH.,#1064);
#553=FACE_OUTER_BOUND('',#1065,.T.);
#554=CYLINDRICAL_SURFACE('',#1066,1.397);
#555=SURFACE_STYLE_USAGE(.BOTH.,#1067);
#556=FACE_OUTER_BOUND('',#1068,.T.);
#557=CYLINDRICAL_SURFACE('',#1069,1.397);
#558=SURFACE_STYLE_USAGE(.BOTH.,#1070);
#559=FACE_OUTER_BOUND('',#1071,.T.);
#560=CYLINDRICAL_SURFACE('',#1072,1.524);
#561=SURFACE_STYLE_USAGE(.BOTH.,#1073);
#562=FACE_OUTER_BOUND('',#1074,.T.);
#563=CYLINDRICAL_SURFACE('',#1075,1.524);
#564=SURFACE_STYLE_USAGE(.BOTH.,#1076);
#565=FACE_OUTER_BOUND('',#1077,.T.);
#566=CYLINDRICAL_SURFACE('',#1078,0.3048);
#567=SURFACE_STYLE_USAGE(.BOTH.,#1079);
#568=FACE_OUTER_BOUND('',#1080,.T.);
#569=CYLINDRICAL_SURFACE('',#1081,1.02);
#570=SURFACE_STYLE_USAGE(.BOTH.,#1082);
#571=FACE_OUTER_BOUND('',#1083,.T.);
#572=CYLINDRICAL_SURFACE('',#1084,2.09442);
#573=SURFACE_STYLE_USAGE(.BOTH.,#1085);
#574=FACE_OUTER_BOUND('',#1086,.T.);
#575=PLANE('',#1087);
#576=SURFACE_STYLE_USAGE(.BOTH.,#1088);
#577=FACE_OUTER_BOUND('',#1089,.T.);
#578=PLANE('',#1090);
#579=SURFACE_STYLE_USAGE(.BOTH.,#1091);
#580=FACE_OUTER_BOUND('',#1092,.T.);
#581=PLANE('',#1093);
#582=SURFACE_STYLE_USAGE(.BOTH.,#1094);
#583=FACE_OUTER_BOUND('',#1095,.T.);
#584=PLANE('',#1096);
#585=SURFACE_STYLE_USAGE(.BOTH.,#1097);
#586=FACE_OUTER_BOUND('',#1098,.T.);
#587=PLANE('',#1099);
#588=SURFACE_STYLE_USAGE(.BOTH.,#1100);
#589=FACE_OUTER_BOUND('',#1101,.T.);
#590=PLANE('',#1102);
#591=SURFACE_STYLE_USAGE(.BOTH.,#1103);
#592=FACE_OUTER_BOUND('',#1104,.T.);
#593=CYLINDRICAL_SURFACE('',#1105,1.397);
#594=SURFACE_STYLE_USAGE(.BOTH.,#1106);
#595=FACE_OUTER_BOUND('',#1107,.T.);
#596=CYLINDRICAL_SURFACE('',#1108,1.397);
#597=SURFACE_STYLE_USAGE(.BOTH.,#1109);
#598=FACE_OUTER_BOUND('',#1110,.T.);
#599=CYLINDRICAL_SURFACE('',#1111,1.524);
#600=SURFACE_STYLE_USAGE(.BOTH.,#1112);
#601=FACE_OUTER_BOUND('',#1113,.T.);
#602=CYLINDRICAL_SURFACE('',#1114,1.524);
#603=SURFACE_STYLE_USAGE(.BOTH.,#1115);
#604=FACE_OUTER_BOUND('',#1116,.T.);
#605=CYLINDRICAL_SURFACE('',#1117,0.3048);
#606=SURFACE_STYLE_USAGE(.BOTH.,#1118);
#607=FACE_OUTER_BOUND('',#1119,.T.);
#608=CYLINDRICAL_SURFACE('',#1120,1.02);
#609=SURFACE_STYLE_USAGE(.BOTH.,#1121);
#610=FACE_OUTER_BOUND('',#1122,.T.);
#611=CYLINDRICAL_SURFACE('',#1123,2.09442);
#612=SURFACE_STYLE_USAGE(.BOTH.,#1124);
#613=FACE_OUTER_BOUND('',#1125,.T.);
#614=PLANE('',#1126);
#615=SURFACE_STYLE_USAGE(.BOTH.,#1127);
#616=FACE_OUTER_BOUND('',#1128,.T.);
#617=PLANE('',#1129);
#618=SURFACE_STYLE_USAGE(.BOTH.,#1130);
#619=FACE_OUTER_BOUND('',#1131,.T.);
#620=PLANE('',#1132);
#621=SURFACE_STYLE_USAGE(.BOTH.,#1133);
#622=FACE_OUTER_BOUND('',#1134,.T.);
#623=PLANE('',#1135);
#624=SURFACE_STYLE_USAGE(.BOTH.,#1136);
#625=FACE_OUTER_BOUND('',#1137,.T.);
#626=CYLINDRICAL_SURFACE('',#1138,1.397);
#627=SURFACE_STYLE_USAGE(.BOTH.,#1139);
#628=FACE_OUTER_BOUND('',#1140,.T.);
#629=CYLINDRICAL_SURFACE('',#1141,1.397);
#630=SURFACE_STYLE_USAGE(.BOTH.,#1142);
#631=FACE_OUTER_BOUND('',#1143,.T.);
#632=CYLINDRICAL_SURFACE('',#1144,1.524);
#633=SURFACE_STYLE_USAGE(.BOTH.,#1145);
#634=FACE_OUTER_BOUND('',#1146,.T.);
#635=CYLINDRICAL_SURFACE('',#1147,1.524);
#636=SURFACE_STYLE_USAGE(.BOTH.,#1148);
#637=FACE_OUTER_BOUND('',#1149,.T.);
#638=CYLINDRICAL_SURFACE('',#1150,0.3048);
#639=SURFACE_STYLE_USAGE(.BOTH.,#1151);
#640=FACE_OUTER_BOUND('',#1152,.T.);
#641=CYLINDRICAL_SURFACE('',#1153,1.02);
#642=SURFACE_STYLE_USAGE(.BOTH.,#1154);
#643=FACE_OUTER_BOUND('',#1155,.T.);
#644=CYLINDRICAL_SURFACE('',#1156,2.09442);
#645=SURFACE_STYLE_USAGE(.BOTH.,#1157);
#646=FACE_OUTER_BOUND('',#1158,.T.);
#647=PLANE('',#1159);
#648=SURFACE_STYLE_USAGE(.BOTH.,#1160);
#649=FACE_OUTER_BOUND('',#1161,.T.);
#650=PLANE('',#1162);
#651=SURFACE_STYLE_USAGE(.BOTH.,#1163);
#652=FACE_OUTER_BOUND('',#1164,.T.);
#653=PLANE('',#1165);
#654=SURFACE_STYLE_USAGE(.BOTH.,#1166);
#655=FACE_OUTER_BOUND('',#1167,.T.);
#656=PLANE('',#1168);
#657=SURFACE_STYLE_USAGE(.BOTH.,#1169);
#658=FACE_OUTER_BOUND('',#1170,.T.);
#659=PLANE('',#1171);
#660=SURFACE_STYLE_USAGE(.BOTH.,#1172);
#661=FACE_OUTER_BOUND('',#1173,.T.);
#662=PLANE('',#1174);
#663=SURFACE_STYLE_USAGE(.BOTH.,#1175);
#664=FACE_OUTER_BOUND('',#1176,.T.);
#665=CYLINDRICAL_SURFACE('',#1177,1.397);
#666=SURFACE_STYLE_USAGE(.BOTH.,#1178);
#667=FACE_OUTER_BOUND('',#1179,.T.);
#668=CYLINDRICAL_SURFACE('',#1180,1.397);
#669=SURFACE_STYLE_USAGE(.BOTH.,#1181);
#670=FACE_OUTER_BOUND('',#1182,.T.);
#671=CYLINDRICAL_SURFACE('',#1183,1.524);
#672=SURFACE_STYLE_USAGE(.BOTH.,#1184);
#673=FACE_OUTER_BOUND('',#1185,.T.);
#674=CYLINDRICAL_SURFACE('',#1186,1.524);
#675=SURFACE_STYLE_USAGE(.BOTH.,#1187);
#676=FACE_OUTER_BOUND('',#1188,.T.);
#677=CYLINDRICAL_SURFACE('',#1189,0.3048);
#678=SURFACE_STYLE_USAGE(.BOTH.,#1190);
#679=FACE_OUTER_BOUND('',#1191,.T.);
#680=CYLINDRICAL_SURFACE('',#1192,1.02);
#681=SURFACE_STYLE_USAGE(.BOTH.,#1193);
#682=FACE_OUTER_BOUND('',#1194,.T.);
#683=CYLINDRICAL_SURFACE('',#1195,2.09442);
#684=SURFACE_STYLE_USAGE(.BOTH.,#1196);
#685=FACE_OUTER_BOUND('',#1197,.T.);
#686=PLANE('',#1198);
#687=SURFACE_STYLE_USAGE(.BOTH.,#1199);
#688=FACE_OUTER_BOUND('',#1200,.T.);
#689=PLANE('',#1201);
#690=SURFACE_STYLE_USAGE(.BOTH.,#1202);
#691=FACE_OUTER_BOUND('',#1203,.T.);
#692=PLANE('',#1204);
#693=SURFACE_STYLE_USAGE(.BOTH.,#1205);
#694=FACE_OUTER_BOUND('',#1206,.T.);
#695=PLANE('',#1207);
#696=SURFACE_STYLE_USAGE(.BOTH.,#1208);
#697=FACE_OUTER_BOUND('',#1209,.T.);
#698=CYLINDRICAL_SURFACE('',#1210,1.397);
#699=SURFACE_STYLE_USAGE(.BOTH.,#1211);
#700=FACE_OUTER_BOUND('',#1212,.T.);
#701=CYLINDRICAL_SURFACE('',#1213,1.397);
#702=SURFACE_STYLE_USAGE(.BOTH.,#1214);
#703=FACE_OUTER_BOUND('',#1215,.T.);
#704=CYLINDRICAL_SURFACE('',#1216,1.524);
#705=SURFACE_STYLE_USAGE(.BOTH.,#1217);
#706=FACE_OUTER_BOUND('',#1218,.T.);
#707=CYLINDRICAL_SURFACE('',#1219,1.524);
#708=SURFACE_STYLE_USAGE(.BOTH.,#1220);
#709=FACE_OUTER_BOUND('',#1221,.T.);
#710=CYLINDRICAL_SURFACE('',#1222,0.3048);
#711=SURFACE_STYLE_USAGE(.BOTH.,#1223);
#712=FACE_OUTER_BOUND('',#1224,.T.);
#713=CYLINDRICAL_SURFACE('',#1225,1.02);
#714=SURFACE_STYLE_USAGE(.BOTH.,#1226);
#715=FACE_OUTER_BOUND('',#1227,.T.);
#716=CYLINDRICAL_SURFACE('',#1228,2.09442);
#717=SURFACE_STYLE_USAGE(.BOTH.,#1229);
#718=FACE_OUTER_BOUND('',#1230,.T.);
#719=PLANE('',#1231);
#720=SURFACE_STYLE_USAGE(.BOTH.,#1232);
#721=FACE_OUTER_BOUND('',#1233,.T.);
#722=PLANE('',#1234);
#723=SURFACE_STYLE_USAGE(.BOTH.,#1235);
#724=FACE_OUTER_BOUND('',#1236,.T.);
#725=PLANE('',#1237);
#726=SURFACE_STYLE_USAGE(.BOTH.,#1238);
#727=FACE_OUTER_BOUND('',#1239,.T.);
#728=PLANE('',#1240);
#729=SURFACE_STYLE_USAGE(.BOTH.,#1241);
#730=FACE_OUTER_BOUND('',#1242,.T.);
#731=PLANE('',#1243);
#732=SURFACE_STYLE_USAGE(.BOTH.,#1244);
#733=FACE_OUTER_BOUND('',#1245,.T.);
#734=PLANE('',#1246);
#735=SURFACE_STYLE_USAGE(.BOTH.,#1247);
#736=FACE_OUTER_BOUND('',#1248,.T.);
#737=CYLINDRICAL_SURFACE('',#1249,1.397);
#738=SURFACE_STYLE_USAGE(.BOTH.,#1250);
#739=FACE_OUTER_BOUND('',#1251,.T.);
#740=CYLINDRICAL_SURFACE('',#1252,1.397);
#741=SURFACE_STYLE_USAGE(.BOTH.,#1253);
#742=FACE_OUTER_BOUND('',#1254,.T.);
#743=CYLINDRICAL_SURFACE('',#1255,1.524);
#744=SURFACE_STYLE_USAGE(.BOTH.,#1256);
#745=FACE_OUTER_BOUND('',#1257,.T.);
#746=CYLINDRICAL_SURFACE('',#1258,1.524);
#747=SURFACE_STYLE_USAGE(.BOTH.,#1259);
#748=FACE_OUTER_BOUND('',#1260,.T.);
#749=CYLINDRICAL_SURFACE('',#1261,0.3048);
#750=SURFACE_STYLE_USAGE(.BOTH.,#1262);
#751=FACE_OUTER_BOUND('',#1263,.T.);
#752=CYLINDRICAL_SURFACE('',#1264,1.02);
#753=SURFACE_STYLE_USAGE(.BOTH.,#1265);
#754=FACE_OUTER_BOUND('',#1266,.T.);
#755=CYLINDRICAL_SURFACE('',#1267,2.09442);
#756=SURFACE_STYLE_USAGE(.BOTH.,#1268);
#757=FACE_OUTER_BOUND('',#1269,.T.);
#758=PLANE('',#1270);
#759=SURFACE_STYLE_USAGE(.BOTH.,#1271);
#760=FACE_OUTER_BOUND('',#1272,.T.);
#761=PLANE('',#1273);
#762=SURFACE_STYLE_USAGE(.BOTH.,#1274);
#763=FACE_OUTER_BOUND('',#1275,.T.);
#764=PLANE('',#1276);
#765=SURFACE_STYLE_USAGE(.BOTH.,#1277);
#766=FACE_OUTER_BOUND('',#1278,.T.);
#767=PLANE('',#1279);
#768=SURFACE_STYLE_USAGE(.BOTH.,#1280);
#769=FACE_OUTER_BOUND('',#1281,.T.);
#770=CYLINDRICAL_SURFACE('',#1282,1.397);
#771=SURFACE_STYLE_USAGE(.BOTH.,#1283);
#772=FACE_OUTER_BOUND('',#1284,.T.);
#773=CYLINDRICAL_SURFACE('',#1285,1.397);
#774=SURFACE_STYLE_USAGE(.BOTH.,#1286);
#775=FACE_OUTER_BOUND('',#1287,.T.);
#776=CYLINDRICAL_SURFACE('',#1288,1.524);
#777=SURFACE_STYLE_USAGE(.BOTH.,#1289);
#778=FACE_OUTER_BOUND('',#1290,.T.);
#779=CYLINDRICAL_SURFACE('',#1291,1.524);
#780=SURFACE_STYLE_USAGE(.BOTH.,#1292);
#781=FACE_OUTER_BOUND('',#1293,.T.);
#782=CYLINDRICAL_SURFACE('',#1294,0.3048);
#783=SURFACE_STYLE_USAGE(.BOTH.,#1295);
#784=FACE_OUTER_BOUND('',#1296,.T.);
#785=CYLINDRICAL_SURFACE('',#1297,1.02);
#786=SURFACE_STYLE_USAGE(.BOTH.,#1298);
#787=FACE_OUTER_BOUND('',#1299,.T.);
#788=CYLINDRICAL_SURFACE('',#1300,2.09442);
#789=SURFACE_STYLE_USAGE(.BOTH.,#1301);
#790=FACE_OUTER_BOUND('',#1302,.T.);
#791=PLANE('',#1303);
#792=SURFACE_STYLE_USAGE(.BOTH.,#1304);
#793=FACE_OUTER_BOUND('',#1305,.T.);
#794=PLANE('',#1306);
#795=SURFACE_STYLE_USAGE(.BOTH.,#1307);
#796=FACE_OUTER_BOUND('',#1308,.T.);
#797=PLANE('',#1309);
#798=SURFACE_STYLE_USAGE(.BOTH.,#1310);
#799=FACE_OUTER_BOUND('',#1311,.T.);
#800=PLANE('',#1312);
#801=SURFACE_STYLE_USAGE(.BOTH.,#1313);
#802=FACE_OUTER_BOUND('',#1314,.T.);
#803=PLANE('',#1315);
#804=SURFACE_STYLE_USAGE(.BOTH.,#1316);
#805=FACE_OUTER_BOUND('',#1317,.T.);
#806=PLANE('',#1318);
#807=SURFACE_STYLE_USAGE(.BOTH.,#1319);
#808=FACE_OUTER_BOUND('',#1320,.T.);
#809=CYLINDRICAL_SURFACE('',#1321,1.397);
#810=SURFACE_STYLE_USAGE(.BOTH.,#1322);
#811=FACE_OUTER_BOUND('',#1323,.T.);
#812=CYLINDRICAL_SURFACE('',#1324,1.397);
#813=SURFACE_STYLE_USAGE(.BOTH.,#1325);
#814=FACE_OUTER_BOUND('',#1326,.T.);
#815=CYLINDRICAL_SURFACE('',#1327,1.524);
#816=SURFACE_STYLE_USAGE(.BOTH.,#1328);
#817=FACE_OUTER_BOUND('',#1329,.T.);
#818=CYLINDRICAL_SURFACE('',#1330,1.524);
#819=SURFACE_STYLE_USAGE(.BOTH.,#1331);
#820=FACE_OUTER_BOUND('',#1332,.T.);
#821=CYLINDRICAL_SURFACE('',#1333,0.3048);
#822=SURFACE_STYLE_USAGE(.BOTH.,#1334);
#823=FACE_OUTER_BOUND('',#1335,.T.);
#824=CYLINDRICAL_SURFACE('',#1336,1.02);
#825=SURFACE_STYLE_USAGE(.BOTH.,#1337);
#826=FACE_OUTER_BOUND('',#1338,.T.);
#827=CYLINDRICAL_SURFACE('',#1339,2.09442);
#828=SURFACE_STYLE_USAGE(.BOTH.,#1340);
#829=FACE_OUTER_BOUND('',#1341,.T.);
#830=PLANE('',#1342);
#831=SURFACE_STYLE_USAGE(.BOTH.,#1343);
#832=FACE_OUTER_BOUND('',#1344,.T.);
#833=PLANE('',#1345);
#834=SURFACE_STYLE_USAGE(.BOTH.,#1346);
#835=FACE_OUTER_BOUND('',#1347,.T.);
#836=CYLINDRICAL_SURFACE('',#1348,0.3048);
#837=SURFACE_STYLE_USAGE(.BOTH.,#1349);
#838=FACE_OUTER_BOUND('',#1350,.T.);
#839=CYLINDRICAL_SURFACE('',#1351,1.397);
#840=SURFACE_STYLE_USAGE(.BOTH.,#1352);
#841=FACE_OUTER_BOUND('',#1353,.T.);
#842=CYLINDRICAL_SURFACE('',#1354,1.524);
#843=SURFACE_STYLE_USAGE(.BOTH.,#1355);
#844=FACE_OUTER_BOUND('',#1356,.T.);
#845=CYLINDRICAL_SURFACE('',#1357,1.397);
#846=SURFACE_STYLE_USAGE(.BOTH.,#1358);
#847=FACE_OUTER_BOUND('',#1359,.T.);
#848=CYLINDRICAL_SURFACE('',#1360,1.524);
#849=SURFACE_STYLE_USAGE(.BOTH.,#1361);
#850=FACE_OUTER_BOUND('',#1362,.T.);
#851=PLANE('',#1363);
#852=SURFACE_STYLE_USAGE(.BOTH.,#1364);
#853=FACE_OUTER_BOUND('',#1365,.T.);
#854=PLANE('',#1366);
#855=SURFACE_STYLE_USAGE(.BOTH.,#1367);
#856=FACE_OUTER_BOUND('',#1368,.T.);
#857=PLANE('',#1369);
#858=SURFACE_STYLE_USAGE(.BOTH.,#1370);
#859=FACE_OUTER_BOUND('',#1371,.T.);
#860=PLANE('',#1372);
#861=SURFACE_STYLE_USAGE(.BOTH.,#1373);
#862=FACE_OUTER_BOUND('',#1374,.T.);
#863=CYLINDRICAL_SURFACE('',#1375,0.3048);
#864=SURFACE_STYLE_USAGE(.BOTH.,#1376);
#865=FACE_OUTER_BOUND('',#1377,.T.);
#866=CYLINDRICAL_SURFACE('',#1378,1.397);
#867=SURFACE_STYLE_USAGE(.BOTH.,#1379);
#868=FACE_OUTER_BOUND('',#1380,.T.);
#869=CYLINDRICAL_SURFACE('',#1381,1.524);
#870=SURFACE_STYLE_USAGE(.BOTH.,#1382);
#871=FACE_OUTER_BOUND('',#1383,.T.);
#872=CYLINDRICAL_SURFACE('',#1384,1.397);
#873=SURFACE_STYLE_USAGE(.BOTH.,#1385);
#874=FACE_OUTER_BOUND('',#1386,.T.);
#875=CYLINDRICAL_SURFACE('',#1387,1.524);
#876=SURFACE_STYLE_USAGE(.BOTH.,#1388);
#877=FACE_OUTER_BOUND('',#1389,.T.);
#878=PLANE('',#1390);
#879=SURFACE_STYLE_USAGE(.BOTH.,#1391);
#880=FACE_OUTER_BOUND('',#1392,.T.);
#881=PLANE('',#1393);
#882=SURFACE_STYLE_USAGE(.BOTH.,#1394);
#883=FACE_OUTER_BOUND('',#1395,.T.);
#884=PLANE('',#1396);
#885=SURFACE_STYLE_USAGE(.BOTH.,#1397);
#886=FACE_OUTER_BOUND('',#1398,.T.);
#887=PLANE('',#1399);
#888=SURFACE_STYLE_USAGE(.BOTH.,#1400);
#889=FACE_OUTER_BOUND('',#1401,.T.);
#890=CYLINDRICAL_SURFACE('',#1402,0.3048);
#891=SURFACE_STYLE_USAGE(.BOTH.,#1403);
#892=FACE_OUTER_BOUND('',#1404,.T.);
#893=CYLINDRICAL_SURFACE('',#1405,1.397);
#894=SURFACE_STYLE_USAGE(.BOTH.,#1406);
#895=FACE_OUTER_BOUND('',#1407,.T.);
#896=CYLINDRICAL_SURFACE('',#1408,1.524);
#897=SURFACE_STYLE_USAGE(.BOTH.,#1409);
#898=FACE_OUTER_BOUND('',#1410,.T.);
#899=CYLINDRICAL_SURFACE('',#1411,1.397);
#900=SURFACE_STYLE_USAGE(.BOTH.,#1412);
#901=FACE_OUTER_BOUND('',#1413,.T.);
#902=CYLINDRICAL_SURFACE('',#1414,1.524);
#903=SURFACE_STYLE_USAGE(.BOTH.,#1415);
#904=FACE_OUTER_BOUND('',#1416,.T.);
#905=PLANE('',#1417);
#906=SURFACE_STYLE_USAGE(.BOTH.,#1418);
#907=FACE_OUTER_BOUND('',#1419,.T.);
#908=PLANE('',#1420);
#909=SURFACE_STYLE_USAGE(.BOTH.,#1421);
#910=FACE_OUTER_BOUND('',#1422,.T.);
#911=PLANE('',#1423);
#912=SURFACE_STYLE_USAGE(.BOTH.,#1424);
#913=FACE_OUTER_BOUND('',#1425,.T.);
#914=PLANE('',#1426);
#915=SURFACE_STYLE_USAGE(.BOTH.,#1427);
#916=FACE_OUTER_BOUND('',#1428,.T.);
#917=CYLINDRICAL_SURFACE('',#1429,0.3048);
#918=SURFACE_STYLE_USAGE(.BOTH.,#1430);
#919=FACE_OUTER_BOUND('',#1431,.T.);
#920=CYLINDRICAL_SURFACE('',#1432,1.397);
#921=SURFACE_STYLE_USAGE(.BOTH.,#1433);
#922=FACE_OUTER_BOUND('',#1434,.T.);
#923=CYLINDRICAL_SURFACE('',#1435,1.524);
#924=SURFACE_STYLE_USAGE(.BOTH.,#1436);
#925=FACE_OUTER_BOUND('',#1437,.T.);
#926=CYLINDRICAL_SURFACE('',#1438,1.397);
#927=SURFACE_STYLE_USAGE(.BOTH.,#1439);
#928=FACE_OUTER_BOUND('',#1440,.T.);
#929=CYLINDRICAL_SURFACE('',#1441,1.524);
#930=SURFACE_STYLE_USAGE(.BOTH.,#1442);
#931=FACE_OUTER_BOUND('',#1443,.T.);
#932=PLANE('',#1444);
#933=SURFACE_STYLE_USAGE(.BOTH.,#1445);
#934=FACE_OUTER_BOUND('',#1446,.T.);
#935=PLANE('',#1447);
#936=SURFACE_STYLE_USAGE(.BOTH.,#1448);
#937=FACE_OUTER_BOUND('',#1449,.T.);
#938=PLANE('',#1450);
#939=SURFACE_STYLE_USAGE(.BOTH.,#1451);
#940=FACE_OUTER_BOUND('',#1452,.T.);
#941=PLANE('',#1453);
#942=SURFACE_STYLE_USAGE(.BOTH.,#1454);
#943=FACE_OUTER_BOUND('',#1455,.T.);
#944=CYLINDRICAL_SURFACE('',#1456,0.3048);
#945=SURFACE_STYLE_USAGE(.BOTH.,#1457);
#946=FACE_OUTER_BOUND('',#1458,.T.);
#947=CYLINDRICAL_SURFACE('',#1459,1.397);
#948=SURFACE_STYLE_USAGE(.BOTH.,#1460);
#949=FACE_OUTER_BOUND('',#1461,.T.);
#950=CYLINDRICAL_SURFACE('',#1462,1.524);
#951=SURFACE_STYLE_USAGE(.BOTH.,#1463);
#952=FACE_OUTER_BOUND('',#1464,.T.);
#953=CYLINDRICAL_SURFACE('',#1465,1.397);
#954=SURFACE_STYLE_USAGE(.BOTH.,#1466);
#955=FACE_OUTER_BOUND('',#1467,.T.);
#956=CYLINDRICAL_SURFACE('',#1468,1.524);
#957=SURFACE_STYLE_USAGE(.BOTH.,#1469);
#958=FACE_OUTER_BOUND('',#1470,.T.);
#959=PLANE('',#1471);
#960=SURFACE_STYLE_USAGE(.BOTH.,#1472);
#961=FACE_OUTER_BOUND('',#1473,.T.);
#962=PLANE('',#1474);
#963=SURFACE_STYLE_USAGE(.BOTH.,#1475);
#964=FACE_OUTER_BOUND('',#1476,.T.);
#965=PLANE('',#1477);
#966=SURFACE_STYLE_USAGE(.BOTH.,#1478);
#967=FACE_OUTER_BOUND('',#1479,.T.);
#968=PLANE('',#1480);
#969=SURFACE_STYLE_USAGE(.BOTH.,#1481);
#970=FACE_OUTER_BOUND('',#1482,.T.);
#971=CYLINDRICAL_SURFACE('',#1483,0.3048);
#972=SURFACE_STYLE_USAGE(.BOTH.,#1484);
#973=FACE_OUTER_BOUND('',#1485,.T.);
#974=CYLINDRICAL_SURFACE('',#1486,1.397);
#975=SURFACE_STYLE_USAGE(.BOTH.,#1487);
#976=FACE_OUTER_BOUND('',#1488,.T.);
#977=CYLINDRICAL_SURFACE('',#1489,1.524);
#978=SURFACE_STYLE_USAGE(.BOTH.,#1490);
#979=FACE_OUTER_BOUND('',#1491,.T.);
#980=CYLINDRICAL_SURFACE('',#1492,1.397);
#981=SURFACE_STYLE_USAGE(.BOTH.,#1493);
#982=FACE_OUTER_BOUND('',#1494,.T.);
#983=CYLINDRICAL_SURFACE('',#1495,1.524);
#984=SURFACE_STYLE_USAGE(.BOTH.,#1496);
#985=FACE_OUTER_BOUND('',#1497,.T.);
#986=PLANE('',#1498);
#987=SURFACE_STYLE_USAGE(.BOTH.,#1499);
#988=FACE_OUTER_BOUND('',#1500,.T.);
#989=PLANE('',#1501);
#990=SURFACE_STYLE_USAGE(.BOTH.,#1502);
#991=FACE_OUTER_BOUND('',#1503,.T.);
#992=PLANE('',#1504);
#993=SURFACE_STYLE_USAGE(.BOTH.,#1505);
#994=FACE_OUTER_BOUND('',#1506,.T.);
#995=PLANE('',#1507);
#996=SURFACE_STYLE_USAGE(.BOTH.,#1508);
#997=FACE_OUTER_BOUND('',#1509,.T.);
#998=CYLINDRICAL_SURFACE('',#1510,0.3048);
#999=SURFACE_STYLE_USAGE(.BOTH.,#1511);
#1000=FACE_OUTER_BOUND('',#1512,.T.);
#1001=CYLINDRICAL_SURFACE('',#1513,1.397);
#1002=SURFACE_STYLE_USAGE(.BOTH.,#1514);
#1003=FACE_OUTER_BOUND('',#1515,.T.);
#1004=CYLINDRICAL_SURFACE('',#1516,1.524);
#1005=SURFACE_STYLE_USAGE(.BOTH.,#1517);
#1006=FACE_OUTER_BOUND('',#1518,.T.);
#1007=CYLINDRICAL_SURFACE('',#1519,1.397);
#1008=SURFACE_STYLE_USAGE(.BOTH.,#1520);
#1009=FACE_OUTER_BOUND('',#1521,.T.);
#1010=CYLINDRICAL_SURFACE('',#1522,1.524);
#1011=SURFACE_STYLE_USAGE(.BOTH.,#1523);
#1012=FACE_OUTER_BOUND('',#1524,.T.);
#1013=PLANE('',#1525);
#1014=SURFACE_STYLE_USAGE(.BOTH.,#1526);
#1015=FACE_OUTER_BOUND('',#1527,.T.);
#1016=PLANE('',#1528);
#1017=SURFACE_STYLE_USAGE(.BOTH.,#1529);
#1018=FACE_OUTER_BOUND('',#1530,.T.);
#1019=PLANE('',#1531);
#1020=SURFACE_STYLE_USAGE(.BOTH.,#1532);
#1021=FACE_OUTER_BOUND('',#1533,.T.);
#1022=PLANE('',#1534);
#1023=SURFACE_STYLE_USAGE(.BOTH.,#1535);
#1024=FACE_OUTER_BOUND('',#1536,.T.);
#1025=CYLINDRICAL_SURFACE('',#1537,0.3048);
#1026=SURFACE_STYLE_USAGE(.BOTH.,#1538);
#1027=FACE_OUTER_BOUND('',#1539,.T.);
#1028=CYLINDRICAL_SURFACE('',#1540,1.397);
#1029=SURFACE_STYLE_USAGE(.BOTH.,#1541);
#1030=FACE_OUTER_BOUND('',#1542,.T.);
#1031=CYLINDRICAL_SURFACE('',#1543,1.524);
#1032=SURFACE_STYLE_USAGE(.BOTH.,#1544);
#1033=FACE_OUTER_BOUND('',#1545,.T.);
#1034=CYLINDRICAL_SURFACE('',#1546,1.397);
#1035=SURFACE_STYLE_USAGE(.BOTH.,#1547);
#1036=FACE_OUTER_BOUND('',#1548,.T.);
#1037=CYLINDRICAL_SURFACE('',#1549,1.524);
#1038=SURFACE_STYLE_USAGE(.BOTH.,#1550);
#1039=FACE_OUTER_BOUND('',#1551,.T.);
#1040=PLANE('',#1552);
#1041=SURFACE_STYLE_USAGE(.BOTH.,#1553);
#1042=FACE_OUTER_BOUND('',#1554,.T.);
#1043=PLANE('',#1555);
#1044=SURFACE_STYLE_USAGE(.BOTH.,#1556);
#1045=FACE_OUTER_BOUND('',#1557,.T.);
#1046=PLANE('',#1558);
#1047=SURFACE_STYLE_USAGE(.BOTH.,#1559);
#1048=FACE_OUTER_BOUND('',#1560,.T.);
#1049=PLANE('',#1561);
#1050=SURFACE_STYLE_USAGE(.BOTH.,#1562);
#1051=CLOSED_SHELL('',(#1563,#1564,#1565,#1566,#1567,#1568,#1569,#1570,#1571,#1572,#1573,#1574,#1575,#1576,#1577,#1578,#1579,#1580,#1581,#1582,#1583,#1584,#1585,#1586,#1587,#1588,#1589,#1590,#1591,#1592,#1593,#1594,#1595,#1596,#1597,#1598,#1599,#1600,#1601,#1602,#1603,#1604,#1605,#1606,#1607,#1608,#1609,#1610,#1611,#1612,#1613,#1614,#1615,#1616,#1617,#1618,#1619,#1620,#1621,#1622,#1623,#1624,#1625,#1626,#1627,#1628,#1629,#1630,#1631,#1632,#1633,#1634,#1635,#1636,#1637,#1638,#1639,#1640,#1641,#1642,#1643,#1644,#1645,#1646,#1647,#1648,#1649,#1650,#1651,#1652,#1653,#1654,#1655,#1656,#1657,#1658,#1659,#1660,#1661,#1662,#1663,#1664,#1665,#1666,#1667,#1668,#1669,#1670,#1671,#1672,#1673,#1674,#1675,#1676,#1677,#1678,#1679,#1680,#1681,#1682,#1683,#1684,#1685,#1686,#1687,#1688,#1689,#1690,#1691,#1692,#1693,#1694,#1695,#1696,#1697,#1698,#1699,#1700,#1701,#1702,#1703,#1704,#1705,#1706,#1707,#1708,#1709,#1710,#1711,#1712,#1713,#1714,#1715,#1716,#1717,#1718,#1719,#1720,#1721,#1722,#1723,#1724,#1725,#1726,#1727,#1728,#1729,#1730,#1731,#1732,#1733,#1734,#1735,#1736,#1737,#1738,#1739,#1740,#1741,#1742,#1743,#1744,#1745,#1746,#1747,#1748,#1749,#1750,#1751,#1752,#1753,#1754,#1755,#1756,#1757,#1758,#1759,#1760,#1761,#1762,#1763,#1764,#1765,#1766,#1767,#1768,#1769,#1770,#1771,#1772,#1773,#1774,#1775,#1776,#1777,#1778,#1779,#1780,#1781,#1782,#1783,#1784,#1785,#1786,#1787,#1788,#1789,#1790,#1791,#1792,#1793,#1794,#1795,#1796,#1797,#1798,#1799,#1800,#1801,#1802,#1803,#1804,#1805,#1806,#1807,#1808,#1809,#1810,#1811,#1812,#1813,#1814,#1815,#1816,#1817,#1818,#1819,#1820,#1821,#1822,#1823,#1824,#1825,#1826,#1827,#1828,#1829,#1830,#1831,#1832,#1833,#1834,#1835,#1836,#1837,#1838,#1839,#1840,#1841,#1842,#1843,#1844,#1845,#1846,#1847,#1848,#1849,#1850,#1851,#1852,#1853,#1854,#1855,#1856,#1857,#1858,#1859,#1860,#1861,#1862,#1863,#1864,#1865,#1866,#1867,#1868,#1869,#1870,#1871,#1872,#1873,#1874,#1875,#1876,#1877,#1878,#1879,#1880,#1881,#1882,#1883,#1884,#1885,#1886,#1887,#1888,#1889,#1890,#1891,#193,#195,#197,#199,#201,#203,#205,#207,#209,#211,#213,#215,#217,#219,#221,#223,#225,#227,#229,#231,#233,#235,#237,#239,#241,#243,#245,#247,#249,#251,#253,#255,#257,#259,#261,#263,#265,#267,#269,#271,#273,#275,#277,#279,#281,#283,#285,#287,#289,#291,#293,#295,#297,#299,#301,#303,#305,#307,#309,#311,#313,#315,#317,#319,#321,#323,#325,#327,#329,#331,#333,#335,#337,#339,#341,#343,#345,#347,#349,#351,#353,#355,#357,#359,#361,#363,#365,#367,#369,#371,#373,#375,#377,#379,#381,#383,#385,#387,#389,#391,#393,#395,#397,#399,#401,#403,#405,#407,#409,#411,#413,#415,#417,#419,#421,#423,#425,#427,#429,#431,#433,#435,#437,#439,#441,#443,#445,#447,#449,#451,#453,#455,#457,#459,#461,#463,#465,#467,#469,#471,#473,#475,#477,#479,#481,#483,#485,#487,#489,#491,#493,#495,#497,#499,#501,#503,#505,#507,#509,#511,#513,#515,#517,#519,#521,#523,#525,#527));
#1052=PRODUCT_CONTEXT('',#179,'mechanical');
#1053=PRODUCT_DEFINITION_FORMATION_WITH_SPECIFIED_SOURCE(' ','NONE',#530,.NOT_KNOWN.);
#1054=CARTESIAN_POINT('',(0.0,0.0,0.0));
#1055=DIRECTION('',(0.0,0.0,1.0));
#1056=DIRECTION('',(1.0,0.0,0.0));
#1057= (NAMED_UNIT(#538)LENGTH_UNIT()SI_UNIT(.MILLI.,.METRE.));
#1058=SURFACE_SIDE_STYLE('',(#1893));
#1059=EDGE_LOOP('',(#1894,#1895,#1896,#1897,#1898,#1899));
#1060=AXIS2_PLACEMENT_3D('',#1900,#1901,#1902);
#1061=SURFACE_SIDE_STYLE('',(#1903));
#1062=EDGE_LOOP('',(#1904,#1905,#1906,#1907,#1908,#1909));
#1063=AXIS2_PLACEMENT_3D('',#1910,#1911,#1912);
#1064=SURFACE_SIDE_STYLE('',(#1913));
#1065=EDGE_LOOP('',(#1914,#1915,#1916,#1917));
#1066=AXIS2_PLACEMENT_3D('',#1918,#1919,#1920);
#1067=SURFACE_SIDE_STYLE('',(#1921));
#1068=EDGE_LOOP('',(#1922,#1923,#1924,#1925));
#1069=AXIS2_PLACEMENT_3D('',#1926,#1927,#1928);
#1070=SURFACE_SIDE_STYLE('',(#1929));
#1071=EDGE_LOOP('',(#1930,#1931,#1932,#1933,#1934,#1935));
#1072=AXIS2_PLACEMENT_3D('',#1936,#1937,#1938);
#1073=SURFACE_SIDE_STYLE('',(#1939));
#1074=EDGE_LOOP('',(#1940,#1941,#1942,#1943,#1944,#1945));
#1075=AXIS2_PLACEMENT_3D('',#1946,#1947,#1948);
#1076=SURFACE_SIDE_STYLE('',(#1949));
#1077=EDGE_LOOP('',(#1950,#1951,#1952,#1953));
#1078=AXIS2_PLACEMENT_3D('',#1954,#1955,#1956);
#1079=SURFACE_SIDE_STYLE('',(#1957));
#1080=EDGE_LOOP('',(#1958,#1959,#1960,#1961));
#1081=AXIS2_PLACEMENT_3D('',#1962,#1963,#1964);
#1082=SURFACE_SIDE_STYLE('',(#1965));
#1083=EDGE_LOOP('',(#1966,#1967,#1968,#1969));
#1084=AXIS2_PLACEMENT_3D('',#1970,#1971,#1972);
#1085=SURFACE_SIDE_STYLE('',(#1973));
#1086=EDGE_LOOP('',(#1974,#1975,#1976,#1977,#1978,#1979));
#1087=AXIS2_PLACEMENT_3D('',#1980,#1981,#1982);
#1088=SURFACE_SIDE_STYLE('',(#1983));
#1089=EDGE_LOOP('',(#1984,#1985,#1986,#1987,#1988,#1989));
#1090=AXIS2_PLACEMENT_3D('',#1990,#1991,#1992);
#1091=SURFACE_SIDE_STYLE('',(#1993));
#1092=EDGE_LOOP('',(#1994,#1995,#1996,#1997));
#1093=AXIS2_PLACEMENT_3D('',#1998,#1999,#2000);
#1094=SURFACE_SIDE_STYLE('',(#2001));
#1095=EDGE_LOOP('',(#2002,#2003,#2004,#2005,#2006,#2007,#2008,#2009));
#1096=AXIS2_PLACEMENT_3D('',#2010,#2011,#2012);
#1097=SURFACE_SIDE_STYLE('',(#2013));
#1098=EDGE_LOOP('',(#2014,#2015,#2016,#2017,#2018,#2019,#2020,#2021));
#1099=AXIS2_PLACEMENT_3D('',#2022,#2023,#2024);
#1100=SURFACE_SIDE_STYLE('',(#2025));
#1101=EDGE_LOOP('',(#2026,#2027,#2028,#2029));
#1102=AXIS2_PLACEMENT_3D('',#2030,#2031,#2032);
#1103=SURFACE_SIDE_STYLE('',(#2033));
#1104=EDGE_LOOP('',(#2034,#2035,#2036,#2037));
#1105=AXIS2_PLACEMENT_3D('',#2038,#2039,#2040);
#1106=SURFACE_SIDE_STYLE('',(#2041));
#1107=EDGE_LOOP('',(#2042,#2043,#2044,#2045));
#1108=AXIS2_PLACEMENT_3D('',#2046,#2047,#2048);
#1109=SURFACE_SIDE_STYLE('',(#2049));
#1110=EDGE_LOOP('',(#2050,#2051,#2052,#2053,#2054,#2055));
#1111=AXIS2_PLACEMENT_3D('',#2056,#2057,#2058);
#1112=SURFACE_SIDE_STYLE('',(#2059));
#1113=EDGE_LOOP('',(#2060,#2061,#2062,#2063,#2064,#2065));
#1114=AXIS2_PLACEMENT_3D('',#2066,#2067,#2068);
#1115=SURFACE_SIDE_STYLE('',(#2069));
#1116=EDGE_LOOP('',(#2070,#2071,#2072,#2073));
#1117=AXIS2_PLACEMENT_3D('',#2074,#2075,#2076);
#1118=SURFACE_SIDE_STYLE('',(#2077));
#1119=EDGE_LOOP('',(#2078,#2079,#2080,#2081));
#1120=AXIS2_PLACEMENT_3D('',#2082,#2083,#2084);
#1121=SURFACE_SIDE_STYLE('',(#2085));
#1122=EDGE_LOOP('',(#2086,#2087,#2088,#2089));
#1123=AXIS2_PLACEMENT_3D('',#2090,#2091,#2092);
#1124=SURFACE_SIDE_STYLE('',(#2093));
#1125=EDGE_LOOP('',(#2094,#2095,#2096,#2097,#2098,#2099));
#1126=AXIS2_PLACEMENT_3D('',#2100,#2101,#2102);
#1127=SURFACE_SIDE_STYLE('',(#2103));
#1128=EDGE_LOOP('',(#2104,#2105,#2106,#2107,#2108,#2109));
#1129=AXIS2_PLACEMENT_3D('',#2110,#2111,#2112);
#1130=SURFACE_SIDE_STYLE('',(#2113));
#1131=EDGE_LOOP('',(#2114,#2115,#2116,#2117,#2118,#2119));
#1132=AXIS2_PLACEMENT_3D('',#2120,#2121,#2122);
#1133=SURFACE_SIDE_STYLE('',(#2123));
#1134=EDGE_LOOP('',(#2124,#2125,#2126,#2127,#2128,#2129));
#1135=AXIS2_PLACEMENT_3D('',#2130,#2131,#2132);
#1136=SURFACE_SIDE_STYLE('',(#2133));
#1137=EDGE_LOOP('',(#2134,#2135,#2136,#2137));
#1138=AXIS2_PLACEMENT_3D('',#2138,#2139,#2140);
#1139=SURFACE_SIDE_STYLE('',(#2141));
#1140=EDGE_LOOP('',(#2142,#2143,#2144,#2145));
#1141=AXIS2_PLACEMENT_3D('',#2146,#2147,#2148);
#1142=SURFACE_SIDE_STYLE('',(#2149));
#1143=EDGE_LOOP('',(#2150,#2151,#2152,#2153,#2154,#2155));
#1144=AXIS2_PLACEMENT_3D('',#2156,#2157,#2158);
#1145=SURFACE_SIDE_STYLE('',(#2159));
#1146=EDGE_LOOP('',(#2160,#2161,#2162,#2163,#2164,#2165));
#1147=AXIS2_PLACEMENT_3D('',#2166,#2167,#2168);
#1148=SURFACE_SIDE_STYLE('',(#2169));
#1149=EDGE_LOOP('',(#2170,#2171,#2172,#2173));
#1150=AXIS2_PLACEMENT_3D('',#2174,#2175,#2176);
#1151=SURFACE_SIDE_STYLE('',(#2177));
#1152=EDGE_LOOP('',(#2178,#2179,#2180,#2181));
#1153=AXIS2_PLACEMENT_3D('',#2182,#2183,#2184);
#1154=SURFACE_SIDE_STYLE('',(#2185));
#1155=EDGE_LOOP('',(#2186,#2187,#2188,#2189));
#1156=AXIS2_PLACEMENT_3D('',#2190,#2191,#2192);
#1157=SURFACE_SIDE_STYLE('',(#2193));
#1158=EDGE_LOOP('',(#2194,#2195,#2196,#2197,#2198,#2199));
#1159=AXIS2_PLACEMENT_3D('',#2200,#2201,#2202);
#1160=SURFACE_SIDE_STYLE('',(#2203));
#1161=EDGE_LOOP('',(#2204,#2205,#2206,#2207,#2208,#2209));
#1162=AXIS2_PLACEMENT_3D('',#2210,#2211,#2212);
#1163=SURFACE_SIDE_STYLE('',(#2213));
#1164=EDGE_LOOP('',(#2214,#2215,#2216,#2217));
#1165=AXIS2_PLACEMENT_3D('',#2218,#2219,#2220);
#1166=SURFACE_SIDE_STYLE('',(#2221));
#1167=EDGE_LOOP('',(#2222,#2223,#2224,#2225,#2226,#2227,#2228,#2229));
#1168=AXIS2_PLACEMENT_3D('',#2230,#2231,#2232);
#1169=SURFACE_SIDE_STYLE('',(#2233));
#1170=EDGE_LOOP('',(#2234,#2235,#2236,#2237,#2238,#2239,#2240,#2241));
#1171=AXIS2_PLACEMENT_3D('',#2242,#2243,#2244);
#1172=SURFACE_SIDE_STYLE('',(#2245));
#1173=EDGE_LOOP('',(#2246,#2247,#2248,#2249));
#1174=AXIS2_PLACEMENT_3D('',#2250,#2251,#2252);
#1175=SURFACE_SIDE_STYLE('',(#2253));
#1176=EDGE_LOOP('',(#2254,#2255,#2256,#2257));
#1177=AXIS2_PLACEMENT_3D('',#2258,#2259,#2260);
#1178=SURFACE_SIDE_STYLE('',(#2261));
#1179=EDGE_LOOP('',(#2262,#2263,#2264,#2265));
#1180=AXIS2_PLACEMENT_3D('',#2266,#2267,#2268);
#1181=SURFACE_SIDE_STYLE('',(#2269));
#1182=EDGE_LOOP('',(#2270,#2271,#2272,#2273,#2274,#2275));
#1183=AXIS2_PLACEMENT_3D('',#2276,#2277,#2278);
#1184=SURFACE_SIDE_STYLE('',(#2279));
#1185=EDGE_LOOP('',(#2280,#2281,#2282,#2283,#2284,#2285));
#1186=AXIS2_PLACEMENT_3D('',#2286,#2287,#2288);
#1187=SURFACE_SIDE_STYLE('',(#2289));
#1188=EDGE_LOOP('',(#2290,#2291,#2292,#2293));
#1189=AXIS2_PLACEMENT_3D('',#2294,#2295,#2296);
#1190=SURFACE_SIDE_STYLE('',(#2297));
#1191=EDGE_LOOP('',(#2298,#2299,#2300,#2301));
#1192=AXIS2_PLACEMENT_3D('',#2302,#2303,#2304);
#1193=SURFACE_SIDE_STYLE('',(#2305));
#1194=EDGE_LOOP('',(#2306,#2307,#2308,#2309));
#1195=AXIS2_PLACEMENT_3D('',#2310,#2311,#2312);
#1196=SURFACE_SIDE_STYLE('',(#2313));
#1197=EDGE_LOOP('',(#2314,#2315,#2316,#2317,#2318,#2319));
#1198=AXIS2_PLACEMENT_3D('',#2320,#2321,#2322);
#1199=SURFACE_SIDE_STYLE('',(#2323));
#1200=EDGE_LOOP('',(#2324,#2325,#2326,#2327,#2328,#2329));
#1201=AXIS2_PLACEMENT_3D('',#2330,#2331,#2332);
#1202=SURFACE_SIDE_STYLE('',(#2333));
#1203=EDGE_LOOP('',(#2334,#2335,#2336,#2337,#2338,#2339));
#1204=AXIS2_PLACEMENT_3D('',#2340,#2341,#2342);
#1205=SURFACE_SIDE_STYLE('',(#2343));
#1206=EDGE_LOOP('',(#2344,#2345,#2346,#2347,#2348,#2349));
#1207=AXIS2_PLACEMENT_3D('',#2350,#2351,#2352);
#1208=SURFACE_SIDE_STYLE('',(#2353));
#1209=EDGE_LOOP('',(#2354,#2355,#2356,#2357));
#1210=AXIS2_PLACEMENT_3D('',#2358,#2359,#2360);
#1211=SURFACE_SIDE_STYLE('',(#2361));
#1212=EDGE_LOOP('',(#2362,#2363,#2364,#2365));
#1213=AXIS2_PLACEMENT_3D('',#2366,#2367,#2368);
#1214=SURFACE_SIDE_STYLE('',(#2369));
#1215=EDGE_LOOP('',(#2370,#2371,#2372,#2373,#2374,#2375));
#1216=AXIS2_PLACEMENT_3D('',#2376,#2377,#2378);
#1217=SURFACE_SIDE_STYLE('',(#2379));
#1218=EDGE_LOOP('',(#2380,#2381,#2382,#2383,#2384,#2385));
#1219=AXIS2_PLACEMENT_3D('',#2386,#2387,#2388);
#1220=SURFACE_SIDE_STYLE('',(#2389));
#1221=EDGE_LOOP('',(#2390,#2391,#2392,#2393));
#1222=AXIS2_PLACEMENT_3D('',#2394,#2395,#2396);
#1223=SURFACE_SIDE_STYLE('',(#2397));
#1224=EDGE_LOOP('',(#2398,#2399,#2400,#2401));
#1225=AXIS2_PLACEMENT_3D('',#2402,#2403,#2404);
#1226=SURFACE_SIDE_STYLE('',(#2405));
#1227=EDGE_LOOP('',(#2406,#2407,#2408,#2409));
#1228=AXIS2_PLACEMENT_3D('',#2410,#2411,#2412);
#1229=SURFACE_SIDE_STYLE('',(#2413));
#1230=EDGE_LOOP('',(#2414,#2415,#2416,#2417,#2418,#2419));
#1231=AXIS2_PLACEMENT_3D('',#2420,#2421,#2422);
#1232=SURFACE_SIDE_STYLE('',(#2423));
#1233=EDGE_LOOP('',(#2424,#2425,#2426,#2427,#2428,#2429));
#1234=AXIS2_PLACEMENT_3D('',#2430,#2431,#2432);
#1235=SURFACE_SIDE_STYLE('',(#2433));
#1236=EDGE_LOOP('',(#2434,#2435,#2436,#2437));
#1237=AXIS2_PLACEMENT_3D('',#2438,#2439,#2440);
#1238=SURFACE_SIDE_STYLE('',(#2441));
#1239=EDGE_LOOP('',(#2442,#2443,#2444,#2445,#2446,#2447,#2448,#2449));
#1240=AXIS2_PLACEMENT_3D('',#2450,#2451,#2452);
#1241=SURFACE_SIDE_STYLE('',(#2453));
#1242=EDGE_LOOP('',(#2454,#2455,#2456,#2457,#2458,#2459,#2460,#2461));
#1243=AXIS2_PLACEMENT_3D('',#2462,#2463,#2464);
#1244=SURFACE_SIDE_STYLE('',(#2465));
#1245=EDGE_LOOP('',(#2466,#2467,#2468,#2469));
#1246=AXIS2_PLACEMENT_3D('',#2470,#2471,#2472);
#1247=SURFACE_SIDE_STYLE('',(#2473));
#1248=EDGE_LOOP('',(#2474,#2475,#2476,#2477));
#1249=AXIS2_PLACEMENT_3D('',#2478,#2479,#2480);
#1250=SURFACE_SIDE_STYLE('',(#2481));
#1251=EDGE_LOOP('',(#2482,#2483,#2484,#2485));
#1252=AXIS2_PLACEMENT_3D('',#2486,#2487,#2488);
#1253=SURFACE_SIDE_STYLE('',(#2489));
#1254=EDGE_LOOP('',(#2490,#2491,#2492,#2493,#2494,#2495));
#1255=AXIS2_PLACEMENT_3D('',#2496,#2497,#2498);
#1256=SURFACE_SIDE_STYLE('',(#2499));
#1257=EDGE_LOOP('',(#2500,#2501,#2502,#2503,#2504,#2505));
#1258=AXIS2_PLACEMENT_3D('',#2506,#2507,#2508);
#1259=SURFACE_SIDE_STYLE('',(#2509));
#1260=EDGE_LOOP('',(#2510,#2511,#2512,#2513));
#1261=AXIS2_PLACEMENT_3D('',#2514,#2515,#2516);
#1262=SURFACE_SIDE_STYLE('',(#2517));
#1263=EDGE_LOOP('',(#2518,#2519,#2520,#2521));
#1264=AXIS2_PLACEMENT_3D('',#2522,#2523,#2524);
#1265=SURFACE_SIDE_STYLE('',(#2525));
#1266=EDGE_LOOP('',(#2526,#2527,#2528,#2529));
#1267=AXIS2_PLACEMENT_3D('',#2530,#2531,#2532);
#1268=SURFACE_SIDE_STYLE('',(#2533));
#1269=EDGE_LOOP('',(#2534,#2535,#2536,#2537,#2538,#2539));
#1270=AXIS2_PLACEMENT_3D('',#2540,#2541,#2542);
#1271=SURFACE_SIDE_STYLE('',(#2543));
#1272=EDGE_LOOP('',(#2544,#2545,#2546,#2547,#2548,#2549));
#1273=AXIS2_PLACEMENT_3D('',#2550,#2551,#2552);
#1274=SURFACE_SIDE_STYLE('',(#2553));
#1275=EDGE_LOOP('',(#2554,#2555,#2556,#2557,#2558,#2559));
#1276=AXIS2_PLACEMENT_3D('',#2560,#2561,#2562);
#1277=SURFACE_SIDE_STYLE('',(#2563));
#1278=EDGE_LOOP('',(#2564,#2565,#2566,#2567,#2568,#2569));
#1279=AXIS2_PLACEMENT_3D('',#2570,#2571,#2572);
#1280=SURFACE_SIDE_STYLE('',(#2573));
#1281=EDGE_LOOP('',(#2574,#2575,#2576,#2577));
#1282=AXIS2_PLACEMENT_3D('',#2578,#2579,#2580);
#1283=SURFACE_SIDE_STYLE('',(#2581));
#1284=EDGE_LOOP('',(#2582,#2583,#2584,#2585));
#1285=AXIS2_PLACEMENT_3D('',#2586,#2587,#2588);
#1286=SURFACE_SIDE_STYLE('',(#2589));
#1287=EDGE_LOOP('',(#2590,#2591,#2592,#2593,#2594,#2595));
#1288=AXIS2_PLACEMENT_3D('',#2596,#2597,#2598);
#1289=SURFACE_SIDE_STYLE('',(#2599));
#1290=EDGE_LOOP('',(#2600,#2601,#2602,#2603,#2604,#2605));
#1291=AXIS2_PLACEMENT_3D('',#2606,#2607,#2608);
#1292=SURFACE_SIDE_STYLE('',(#2609));
#1293=EDGE_LOOP('',(#2610,#2611,#2612,#2613));
#1294=AXIS2_PLACEMENT_3D('',#2614,#2615,#2616);
#1295=SURFACE_SIDE_STYLE('',(#2617));
#1296=EDGE_LOOP('',(#2618,#2619,#2620,#2621));
#1297=AXIS2_PLACEMENT_3D('',#2622,#2623,#2624);
#1298=SURFACE_SIDE_STYLE('',(#2625));
#1299=EDGE_LOOP('',(#2626,#2627,#2628,#2629));
#1300=AXIS2_PLACEMENT_3D('',#2630,#2631,#2632);
#1301=SURFACE_SIDE_STYLE('',(#2633));
#1302=EDGE_LOOP('',(#2634,#2635,#2636,#2637,#2638,#2639));
#1303=AXIS2_PLACEMENT_3D('',#2640,#2641,#2642);
#1304=SURFACE_SIDE_STYLE('',(#2643));
#1305=EDGE_LOOP('',(#2644,#2645,#2646,#2647,#2648,#2649));
#1306=AXIS2_PLACEMENT_3D('',#2650,#2651,#2652);
#1307=SURFACE_SIDE_STYLE('',(#2653));
#1308=EDGE_LOOP('',(#2654,#2655,#2656,#2657));
#1309=AXIS2_PLACEMENT_3D('',#2658,#2659,#2660);
#1310=SURFACE_SIDE_STYLE('',(#2661));
#1311=EDGE_LOOP('',(#2662,#2663,#2664,#2665,#2666,#2667,#2668,#2669));
#1312=AXIS2_PLACEMENT_3D('',#2670,#2671,#2672);
#1313=SURFACE_SIDE_STYLE('',(#2673));
#1314=EDGE_LOOP('',(#2674,#2675,#2676,#2677,#2678,#2679,#2680,#2681));
#1315=AXIS2_PLACEMENT_3D('',#2682,#2683,#2684);
#1316=SURFACE_SIDE_STYLE('',(#2685));
#1317=EDGE_LOOP('',(#2686,#2687,#2688,#2689));
#1318=AXIS2_PLACEMENT_3D('',#2690,#2691,#2692);
#1319=SURFACE_SIDE_STYLE('',(#2693));
#1320=EDGE_LOOP('',(#2694,#2695,#2696,#2697));
#1321=AXIS2_PLACEMENT_3D('',#2698,#2699,#2700);
#1322=SURFACE_SIDE_STYLE('',(#2701));
#1323=EDGE_LOOP('',(#2702,#2703,#2704,#2705));
#1324=AXIS2_PLACEMENT_3D('',#2706,#2707,#2708);
#1325=SURFACE_SIDE_STYLE('',(#2709));
#1326=EDGE_LOOP('',(#2710,#2711,#2712,#2713,#2714,#2715));
#1327=AXIS2_PLACEMENT_3D('',#2716,#2717,#2718);
#1328=SURFACE_SIDE_STYLE('',(#2719));
#1329=EDGE_LOOP('',(#2720,#2721,#2722,#2723,#2724,#2725));
#1330=AXIS2_PLACEMENT_3D('',#2726,#2727,#2728);
#1331=SURFACE_SIDE_STYLE('',(#2729));
#1332=EDGE_LOOP('',(#2730,#2731,#2732,#2733));
#1333=AXIS2_PLACEMENT_3D('',#2734,#2735,#2736);
#1334=SURFACE_SIDE_STYLE('',(#2737));
#1335=EDGE_LOOP('',(#2738,#2739,#2740,#2741));
#1336=AXIS2_PLACEMENT_3D('',#2742,#2743,#2744);
#1337=SURFACE_SIDE_STYLE('',(#2745));
#1338=EDGE_LOOP('',(#2746,#2747,#2748,#2749));
#1339=AXIS2_PLACEMENT_3D('',#2750,#2751,#2752);
#1340=SURFACE_SIDE_STYLE('',(#2753));
#1341=EDGE_LOOP('',(#2754,#2755,#2756,#2757,#2758,#2759));
#1342=AXIS2_PLACEMENT_3D('',#2760,#2761,#2762);
#1343=SURFACE_SIDE_STYLE('',(#2763));
#1344=EDGE_LOOP('',(#2764,#2765,#2766,#2767,#2768,#2769));
#1345=AXIS2_PLACEMENT_3D('',#2770,#2771,#2772);
#1346=SURFACE_SIDE_STYLE('',(#2773));
#1347=EDGE_LOOP('',(#2774,#2775,#2776,#2777));
#1348=AXIS2_PLACEMENT_3D('',#2778,#2779,#2780);
#1349=SURFACE_SIDE_STYLE('',(#2781));
#1350=EDGE_LOOP('',(#2782,#2783,#2784,#2785));
#1351=AXIS2_PLACEMENT_3D('',#2786,#2787,#2788);
#1352=SURFACE_SIDE_STYLE('',(#2789));
#1353=EDGE_LOOP('',(#2790,#2791,#2792,#2793,#2794,#2795));
#1354=AXIS2_PLACEMENT_3D('',#2796,#2797,#2798);
#1355=SURFACE_SIDE_STYLE('',(#2799));
#1356=EDGE_LOOP('',(#2800,#2801,#2802,#2803));
#1357=AXIS2_PLACEMENT_3D('',#2804,#2805,#2806);
#1358=SURFACE_SIDE_STYLE('',(#2807));
#1359=EDGE_LOOP('',(#2808,#2809,#2810,#2811,#2812,#2813));
#1360=AXIS2_PLACEMENT_3D('',#2814,#2815,#2816);
#1361=SURFACE_SIDE_STYLE('',(#2817));
#1362=EDGE_LOOP('',(#2818,#2819,#2820,#2821,#2822,#2823));
#1363=AXIS2_PLACEMENT_3D('',#2824,#2825,#2826);
#1364=SURFACE_SIDE_STYLE('',(#2827));
#1365=EDGE_LOOP('',(#2828,#2829,#2830,#2831));
#1366=AXIS2_PLACEMENT_3D('',#2832,#2833,#2834);
#1367=SURFACE_SIDE_STYLE('',(#2835));
#1368=EDGE_LOOP('',(#2836,#2837,#2838,#2839));
#1369=AXIS2_PLACEMENT_3D('',#2840,#2841,#2842);
#1370=SURFACE_SIDE_STYLE('',(#2843));
#1371=EDGE_LOOP('',(#2844,#2845,#2846,#2847,#2848,#2849));
#1372=AXIS2_PLACEMENT_3D('',#2850,#2851,#2852);
#1373=SURFACE_SIDE_STYLE('',(#2853));
#1374=EDGE_LOOP('',(#2854,#2855,#2856,#2857));
#1375=AXIS2_PLACEMENT_3D('',#2858,#2859,#2860);
#1376=SURFACE_SIDE_STYLE('',(#2861));
#1377=EDGE_LOOP('',(#2862,#2863,#2864,#2865));
#1378=AXIS2_PLACEMENT_3D('',#2866,#2867,#2868);
#1379=SURFACE_SIDE_STYLE('',(#2869));
#1380=EDGE_LOOP('',(#2870,#2871,#2872,#2873,#2874,#2875));
#1381=AXIS2_PLACEMENT_3D('',#2876,#2877,#2878);
#1382=SURFACE_SIDE_STYLE('',(#2879));
#1383=EDGE_LOOP('',(#2880,#2881,#2882,#2883));
#1384=AXIS2_PLACEMENT_3D('',#2884,#2885,#2886);
#1385=SURFACE_SIDE_STYLE('',(#2887));
#1386=EDGE_LOOP('',(#2888,#2889,#2890,#2891,#2892,#2893));
#1387=AXIS2_PLACEMENT_3D('',#2894,#2895,#2896);
#1388=SURFACE_SIDE_STYLE('',(#2897));
#1389=EDGE_LOOP('',(#2898,#2899,#2900,#2901,#2902,#2903));
#1390=AXIS2_PLACEMENT_3D('',#2904,#2905,#2906);
#1391=SURFACE_SIDE_STYLE('',(#2907));
#1392=EDGE_LOOP('',(#2908,#2909,#2910,#2911));
#1393=AXIS2_PLACEMENT_3D('',#2912,#2913,#2914);
#1394=SURFACE_SIDE_STYLE('',(#2915));
#1395=EDGE_LOOP('',(#2916,#2917,#2918,#2919));
#1396=AXIS2_PLACEMENT_3D('',#2920,#2921,#2922);
#1397=SURFACE_SIDE_STYLE('',(#2923));
#1398=EDGE_LOOP('',(#2924,#2925,#2926,#2927,#2928,#2929));
#1399=AXIS2_PLACEMENT_3D('',#2930,#2931,#2932);
#1400=SURFACE_SIDE_STYLE('',(#2933));
#1401=EDGE_LOOP('',(#2934,#2935,#2936,#2937));
#1402=AXIS2_PLACEMENT_3D('',#2938,#2939,#2940);
#1403=SURFACE_SIDE_STYLE('',(#2941));
#1404=EDGE_LOOP('',(#2942,#2943,#2944,#2945));
#1405=AXIS2_PLACEMENT_3D('',#2946,#2947,#2948);
#1406=SURFACE_SIDE_STYLE('',(#2949));
#1407=EDGE_LOOP('',(#2950,#2951,#2952,#2953,#2954,#2955));
#1408=AXIS2_PLACEMENT_3D('',#2956,#2957,#2958);
#1409=SURFACE_SIDE_STYLE('',(#2959));
#1410=EDGE_LOOP('',(#2960,#2961,#2962,#2963));
#1411=AXIS2_PLACEMENT_3D('',#2964,#2965,#2966);
#1412=SURFACE_SIDE_STYLE('',(#2967));
#1413=EDGE_LOOP('',(#2968,#2969,#2970,#2971,#2972,#2973));
#1414=AXIS2_PLACEMENT_3D('',#2974,#2975,#2976);
#1415=SURFACE_SIDE_STYLE('',(#2977));
#1416=EDGE_LOOP('',(#2978,#2979,#2980,#2981,#2982,#2983));
#1417=AXIS2_PLACEMENT_3D('',#2984,#2985,#2986);
#1418=SURFACE_SIDE_STYLE('',(#2987));
#1419=EDGE_LOOP('',(#2988,#2989,#2990,#2991));
#1420=AXIS2_PLACEMENT_3D('',#2992,#2993,#2994);
#1421=SURFACE_SIDE_STYLE('',(#2995));
#1422=EDGE_LOOP('',(#2996,#2997,#2998,#2999));
#1423=AXIS2_PLACEMENT_3D('',#3000,#3001,#3002);
#1424=SURFACE_SIDE_STYLE('',(#3003));
#1425=EDGE_LOOP('',(#3004,#3005,#3006,#3007,#3008,#3009));
#1426=AXIS2_PLACEMENT_3D('',#3010,#3011,#3012);
#1427=SURFACE_SIDE_STYLE('',(#3013));
#1428=EDGE_LOOP('',(#3014,#3015,#3016,#3017));
#1429=AXIS2_PLACEMENT_3D('',#3018,#3019,#3020);
#1430=SURFACE_SIDE_STYLE('',(#3021));
#1431=EDGE_LOOP('',(#3022,#3023,#3024,#3025));
#1432=AXIS2_PLACEMENT_3D('',#3026,#3027,#3028);
#1433=SURFACE_SIDE_STYLE('',(#3029));
#1434=EDGE_LOOP('',(#3030,#3031,#3032,#3033,#3034,#3035));
#1435=AXIS2_PLACEMENT_3D('',#3036,#3037,#3038);
#1436=SURFACE_SIDE_STYLE('',(#3039));
#1437=EDGE_LOOP('',(#3040,#3041,#3042,#3043));
#1438=AXIS2_PLACEMENT_3D('',#3044,#3045,#3046);
#1439=SURFACE_SIDE_STYLE('',(#3047));
#1440=EDGE_LOOP('',(#3048,#3049,#3050,#3051,#3052,#3053));
#1441=AXIS2_PLACEMENT_3D('',#3054,#3055,#3056);
#1442=SURFACE_SIDE_STYLE('',(#3057));
#1443=EDGE_LOOP('',(#3058,#3059,#3060,#3061,#3062,#3063));
#1444=AXIS2_PLACEMENT_3D('',#3064,#3065,#3066);
#1445=SURFACE_SIDE_STYLE('',(#3067));
#1446=EDGE_LOOP('',(#3068,#3069,#3070,#3071));
#1447=AXIS2_PLACEMENT_3D('',#3072,#3073,#3074);
#1448=SURFACE_SIDE_STYLE('',(#3075));
#1449=EDGE_LOOP('',(#3076,#3077,#3078,#3079));
#1450=AXIS2_PLACEMENT_3D('',#3080,#3081,#3082);
#1451=SURFACE_SIDE_STYLE('',(#3083));
#1452=EDGE_LOOP('',(#3084,#3085,#3086,#3087,#3088,#3089));
#1453=AXIS2_PLACEMENT_3D('',#3090,#3091,#3092);
#1454=SURFACE_SIDE_STYLE('',(#3093));
#1455=EDGE_LOOP('',(#3094,#3095,#3096,#3097));
#1456=AXIS2_PLACEMENT_3D('',#3098,#3099,#3100);
#1457=SURFACE_SIDE_STYLE('',(#3101));
#1458=EDGE_LOOP('',(#3102,#3103,#3104,#3105));
#1459=AXIS2_PLACEMENT_3D('',#3106,#3107,#3108);
#1460=SURFACE_SIDE_STYLE('',(#3109));
#1461=EDGE_LOOP('',(#3110,#3111,#3112,#3113,#3114,#3115));
#1462=AXIS2_PLACEMENT_3D('',#3116,#3117,#3118);
#1463=SURFACE_SIDE_STYLE('',(#3119));
#1464=EDGE_LOOP('',(#3120,#3121,#3122,#3123));
#1465=AXIS2_PLACEMENT_3D('',#3124,#3125,#3126);
#1466=SURFACE_SIDE_STYLE('',(#3127));
#1467=EDGE_LOOP('',(#3128,#3129,#3130,#3131,#3132,#3133));
#1468=AXIS2_PLACEMENT_3D('',#3134,#3135,#3136);
#1469=SURFACE_SIDE_STYLE('',(#3137));
#1470=EDGE_LOOP('',(#3138,#3139,#3140,#3141,#3142,#3143));
#1471=AXIS2_PLACEMENT_3D('',#3144,#3145,#3146);
#1472=SURFACE_SIDE_STYLE('',(#3147));
#1473=EDGE_LOOP('',(#3148,#3149,#3150,#3151));
#1474=AXIS2_PLACEMENT_3D('',#3152,#3153,#3154);
#1475=SURFACE_SIDE_STYLE('',(#3155));
#1476=EDGE_LOOP('',(#3156,#3157,#3158,#3159));
#1477=AXIS2_PLACEMENT_3D('',#3160,#3161,#3162);
#1478=SURFACE_SIDE_STYLE('',(#3163));
#1479=EDGE_LOOP('',(#3164,#3165,#3166,#3167,#3168,#3169));
#1480=AXIS2_PLACEMENT_3D('',#3170,#3171,#3172);
#1481=SURFACE_SIDE_STYLE('',(#3173));
#1482=EDGE_LOOP('',(#3174,#3175,#3176,#3177));
#1483=AXIS2_PLACEMENT_3D('',#3178,#3179,#3180);
#1484=SURFACE_SIDE_STYLE('',(#3181));
#1485=EDGE_LOOP('',(#3182,#3183,#3184,#3185));
#1486=AXIS2_PLACEMENT_3D('',#3186,#3187,#3188);
#1487=SURFACE_SIDE_STYLE('',(#3189));
#1488=EDGE_LOOP('',(#3190,#3191,#3192,#3193,#3194,#3195));
#1489=AXIS2_PLACEMENT_3D('',#3196,#3197,#3198);
#1490=SURFACE_SIDE_STYLE('',(#3199));
#1491=EDGE_LOOP('',(#3200,#3201,#3202,#3203));
#1492=AXIS2_PLACEMENT_3D('',#3204,#3205,#3206);
#1493=SURFACE_SIDE_STYLE('',(#3207));
#1494=EDGE_LOOP('',(#3208,#3209,#3210,#3211,#3212,#3213));
#1495=AXIS2_PLACEMENT_3D('',#3214,#3215,#3216);
#1496=SURFACE_SIDE_STYLE('',(#3217));
#1497=EDGE_LOOP('',(#3218,#3219,#3220,#3221,#3222,#3223));
#1498=AXIS2_PLACEMENT_3D('',#3224,#3225,#3226);
#1499=SURFACE_SIDE_STYLE('',(#3227));
#1500=EDGE_LOOP('',(#3228,#3229,#3230,#3231));
#1501=AXIS2_PLACEMENT_3D('',#3232,#3233,#3234);
#1502=SURFACE_SIDE_STYLE('',(#3235));
#1503=EDGE_LOOP('',(#3236,#3237,#3238,#3239));
#1504=AXIS2_PLACEMENT_3D('',#3240,#3241,#3242);
#1505=SURFACE_SIDE_STYLE('',(#3243));
#1506=EDGE_LOOP('',(#3244,#3245,#3246,#3247,#3248,#3249));
#1507=AXIS2_PLACEMENT_3D('',#3250,#3251,#3252);
#1508=SURFACE_SIDE_STYLE('',(#3253));
#1509=EDGE_LOOP('',(#3254,#3255,#3256,#3257));
#1510=AXIS2_PLACEMENT_3D('',#3258,#3259,#3260);
#1511=SURFACE_SIDE_STYLE('',(#3261));
#1512=EDGE_LOOP('',(#3262,#3263,#3264,#3265));
#1513=AXIS2_PLACEMENT_3D('',#3266,#3267,#3268);
#1514=SURFACE_SIDE_STYLE('',(#3269));
#1515=EDGE_LOOP('',(#3270,#3271,#3272,#3273,#3274,#3275));
#1516=AXIS2_PLACEMENT_3D('',#3276,#3277,#3278);
#1517=SURFACE_SIDE_STYLE('',(#3279));
#1518=EDGE_LOOP('',(#3280,#3281,#3282,#3283));
#1519=AXIS2_PLACEMENT_3D('',#3284,#3285,#3286);
#1520=SURFACE_SIDE_STYLE('',(#3287));
#1521=EDGE_LOOP('',(#3288,#3289,#3290,#3291,#3292,#3293));
#1522=AXIS2_PLACEMENT_3D('',#3294,#3295,#3296);
#1523=SURFACE_SIDE_STYLE('',(#3297));
#1524=EDGE_LOOP('',(#3298,#3299,#3300,#3301,#3302,#3303));
#1525=AXIS2_PLACEMENT_3D('',#3304,#3305,#3306);
#1526=SURFACE_SIDE_STYLE('',(#3307));
#1527=EDGE_LOOP('',(#3308,#3309,#3310,#3311));
#1528=AXIS2_PLACEMENT_3D('',#3312,#3313,#3314);
#1529=SURFACE_SIDE_STYLE('',(#3315));
#1530=EDGE_LOOP('',(#3316,#3317,#3318,#3319));
#1531=AXIS2_PLACEMENT_3D('',#3320,#3321,#3322);
#1532=SURFACE_SIDE_STYLE('',(#3323));
#1533=EDGE_LOOP('',(#3324,#3325,#3326,#3327,#3328,#3329));
#1534=AXIS2_PLACEMENT_3D('',#3330,#3331,#3332);
#1535=SURFACE_SIDE_STYLE('',(#3333));
#1536=EDGE_LOOP('',(#3334,#3335,#3336,#3337));
#1537=AXIS2_PLACEMENT_3D('',#3338,#3339,#3340);
#1538=SURFACE_SIDE_STYLE('',(#3341));
#1539=EDGE_LOOP('',(#3342,#3343,#3344,#3345));
#1540=AXIS2_PLACEMENT_3D('',#3346,#3347,#3348);
#1541=SURFACE_SIDE_STYLE('',(#3349));
#1542=EDGE_LOOP('',(#3350,#3351,#3352,#3353,#3354,#3355));
#1543=AXIS2_PLACEMENT_3D('',#3356,#3357,#3358);
#1544=SURFACE_SIDE_STYLE('',(#3359));
#1545=EDGE_LOOP('',(#3360,#3361,#3362,#3363));
#1546=AXIS2_PLACEMENT_3D('',#3364,#3365,#3366);
#1547=SURFACE_SIDE_STYLE('',(#3367));
#1548=EDGE_LOOP('',(#3368,#3369,#3370,#3371,#3372,#3373));
#1549=AXIS2_PLACEMENT_3D('',#3374,#3375,#3376);
#1550=SURFACE_SIDE_STYLE('',(#3377));
#1551=EDGE_LOOP('',(#3378,#3379,#3380,#3381,#3382,#3383));
#1552=AXIS2_PLACEMENT_3D('',#3384,#3385,#3386);
#1553=SURFACE_SIDE_STYLE('',(#3387));
#1554=EDGE_LOOP('',(#3388,#3389,#3390,#3391));
#1555=AXIS2_PLACEMENT_3D('',#3392,#3393,#3394);
#1556=SURFACE_SIDE_STYLE('',(#3395));
#1557=EDGE_LOOP('',(#3396,#3397,#3398,#3399));
#1558=AXIS2_PLACEMENT_3D('',#3400,#3401,#3402);
#1559=SURFACE_SIDE_STYLE('',(#3403));
#1560=EDGE_LOOP('',(#3404,#3405,#3406,#3407,#3408,#3409));
#1561=AXIS2_PLACEMENT_3D('',#3410,#3411,#3412);
#1562=SURFACE_SIDE_STYLE('',(#3413));
#1563=ADVANCED_FACE('',(#3414),#3415,.T.);
#1564=ADVANCED_FACE('',(#3416),#3417,.T.);
#1565=ADVANCED_FACE('',(#3418),#3419,.T.);
#1566=ADVANCED_FACE('',(#3420),#3421,.T.);
#1567=ADVANCED_FACE('',(#3422),#3423,.T.);
#1568=ADVANCED_FACE('',(#3424),#3425,.T.);
#1569=ADVANCED_FACE('',(#3426),#3427,.T.);
#1570=ADVANCED_FACE('',(#3428),#3429,.T.);
#1571=ADVANCED_FACE('',(#3430),#3431,.T.);
#1572=ADVANCED_FACE('',(#3432),#3433,.T.);
#1573=ADVANCED_FACE('',(#3434),#3435,.T.);
#1574=ADVANCED_FACE('',(#3436),#3437,.T.);
#1575=ADVANCED_FACE('',(#3438),#3439,.T.);
#1576=ADVANCED_FACE('',(#3440),#3441,.T.);
#1577=ADVANCED_FACE('',(#3442),#3443,.T.);
#1578=ADVANCED_FACE('',(#3444),#3445,.T.);
#1579=ADVANCED_FACE('',(#3446),#3447,.T.);
#1580=ADVANCED_FACE('',(#3448),#3449,.T.);
#1581=ADVANCED_FACE('',(#3450,#3451,#3452,#3453,#3454,#3455,#3456,#3457,#3458,#3459,#3460,#3461,#3462,#3463,#3464,#3465,#3466,#3467,#3468,#3469),#3470,.T.);
#1582=ADVANCED_FACE('',(#3471,#3472),#3473,.T.);
#1583=ADVANCED_FACE('',(#3474),#3475,.T.);
#1584=ADVANCED_FACE('',(#3476),#3477,.T.);
#1585=ADVANCED_FACE('',(#3478),#3479,.T.);
#1586=ADVANCED_FACE('',(#3480),#3481,.T.);
#1587=ADVANCED_FACE('',(#3482),#3483,.T.);
#1588=ADVANCED_FACE('',(#3484),#3485,.T.);
#1589=ADVANCED_FACE('',(#3486),#3487,.F.);
#1590=ADVANCED_FACE('',(#3488),#3489,.F.);
#1591=ADVANCED_FACE('',(#3490),#3491,.T.);
#1592=ADVANCED_FACE('',(#3492),#3493,.F.);
#1593=ADVANCED_FACE('',(#3494),#3495,.T.);
#1594=ADVANCED_FACE('',(#3496),#3497,.F.);
#1595=ADVANCED_FACE('',(#3498),#3499,.T.);
#1596=ADVANCED_FACE('',(#3500),#3501,.T.);
#1597=ADVANCED_FACE('',(#3502),#3503,.T.);
#1598=ADVANCED_FACE('',(#3504),#3505,.T.);
#1599=ADVANCED_FACE('',(#3506),#3507,.T.);
#1600=ADVANCED_FACE('',(#3508),#3509,.T.);
#1601=ADVANCED_FACE('',(#3510),#3511,.T.);
#1602=ADVANCED_FACE('',(#3512),#3513,.F.);
#1603=ADVANCED_FACE('',(#3514),#3515,.F.);
#1604=ADVANCED_FACE('',(#3516),#3517,.F.);
#1605=ADVANCED_FACE('',(#3518),#3519,.T.);
#1606=ADVANCED_FACE('',(#3520),#3521,.T.);
#1607=ADVANCED_FACE('',(#3522),#3523,.T.);
#1608=ADVANCED_FACE('',(#3524),#3525,.F.);
#1609=ADVANCED_FACE('',(#3526),#3527,.T.);
#1610=ADVANCED_FACE('',(#3528),#3529,.T.);
#1611=ADVANCED_FACE('',(#3530),#3531,.T.);
#1612=ADVANCED_FACE('',(#3532),#3533,.T.);
#1613=ADVANCED_FACE('',(#3534),#3535,.T.);
#1614=ADVANCED_FACE('',(#3536),#3537,.T.);
#1615=ADVANCED_FACE('',(#3538),#3539,.T.);
#1616=ADVANCED_FACE('',(#3540),#3541,.T.);
#1617=ADVANCED_FACE('',(#3542),#3543,.T.);
#1618=ADVANCED_FACE('',(#3544),#3545,.T.);
#1619=ADVANCED_FACE('',(#3546),#3547,.T.);
#1620=ADVANCED_FACE('',(#3548),#3549,.T.);
#1621=ADVANCED_FACE('',(#3550),#3551,.T.);
#1622=ADVANCED_FACE('',(#3552),#3553,.F.);
#1623=ADVANCED_FACE('',(#3554),#3555,.F.);
#1624=ADVANCED_FACE('',(#3556),#3557,.F.);
#1625=ADVANCED_FACE('',(#3558),#3559,.T.);
#1626=ADVANCED_FACE('',(#3560),#3561,.T.);
#1627=ADVANCED_FACE('',(#3562),#3563,.T.);
#1628=ADVANCED_FACE('',(#3564),#3565,.T.);
#1629=ADVANCED_FACE('',(#3566),#3567,.T.);
#1630=ADVANCED_FACE('',(#3568),#3569,.T.);
#1631=ADVANCED_FACE('',(#3570),#3571,.T.);
#1632=ADVANCED_FACE('',(#3572),#3573,.T.);
#1633=ADVANCED_FACE('',(#3574),#3575,.T.);
#1634=ADVANCED_FACE('',(#3576),#3577,.F.);
#1635=ADVANCED_FACE('',(#3578),#3579,.T.);
#1636=ADVANCED_FACE('',(#3580),#3581,.F.);
#1637=ADVANCED_FACE('',(#3582),#3583,.T.);
#1638=ADVANCED_FACE('',(#3584),#3585,.T.);
#1639=ADVANCED_FACE('',(#3586),#3587,.T.);
#1640=ADVANCED_FACE('',(#3588),#3589,.F.);
#1641=ADVANCED_FACE('',(#3590),#3591,.F.);
#1642=ADVANCED_FACE('',(#3592),#3593,.T.);
#1643=ADVANCED_FACE('',(#3594),#3595,.F.);
#1644=ADVANCED_FACE('',(#3596),#3597,.T.);
#1645=ADVANCED_FACE('',(#3598),#3599,.T.);
#1646=ADVANCED_FACE('',(#3600),#3601,.T.);
#1647=ADVANCED_FACE('',(#3602),#3603,.T.);
#1648=ADVANCED_FACE('',(#3604),#3605,.T.);
#1649=ADVANCED_FACE('',(#3606),#3607,.T.);
#1650=ADVANCED_FACE('',(#3608),#3609,.F.);
#1651=ADVANCED_FACE('',(#3610),#3611,.F.);
#1652=ADVANCED_FACE('',(#3612),#3613,.T.);
#1653=ADVANCED_FACE('',(#3614),#3615,.T.);
#1654=ADVANCED_FACE('',(#3616),#3617,.T.);
#1655=ADVANCED_FACE('',(#3618),#3619,.T.);
#1656=ADVANCED_FACE('',(#3620),#3621,.F.);
#1657=ADVANCED_FACE('',(#3622),#3623,.T.);
#1658=ADVANCED_FACE('',(#3624),#3625,.T.);
#1659=ADVANCED_FACE('',(#3626),#3627,.T.);
#1660=ADVANCED_FACE('',(#3628),#3629,.T.);
#1661=ADVANCED_FACE('',(#3630),#3631,.T.);
#1662=ADVANCED_FACE('',(#3632),#3633,.T.);
#1663=ADVANCED_FACE('',(#3634),#3635,.T.);
#1664=ADVANCED_FACE('',(#3636),#3637,.T.);
#1665=ADVANCED_FACE('',(#3638),#3639,.T.);
#1666=ADVANCED_FACE('',(#3640),#3641,.F.);
#1667=ADVANCED_FACE('',(#3642),#3643,.T.);
#1668=ADVANCED_FACE('',(#3644),#3645,.F.);
#1669=ADVANCED_FACE('',(#3646),#3647,.T.);
#1670=ADVANCED_FACE('',(#3648),#3649,.F.);
#1671=ADVANCED_FACE('',(#3650,#3651,#3652),#3653,.T.);
#1672=ADVANCED_FACE('',(#3654),#3655,.T.);
#1673=ADVANCED_FACE('',(#3656),#3657,.T.);
#1674=ADVANCED_FACE('',(#3658),#3659,.T.);
#1675=ADVANCED_FACE('',(#3660),#3661,.T.);
#1676=ADVANCED_FACE('',(#3662),#3663,.T.);
#1677=ADVANCED_FACE('',(#3664),#3665,.T.);
#1678=ADVANCED_FACE('',(#3666),#3667,.F.);
#1679=ADVANCED_FACE('',(#3668),#3669,.T.);
#1680=ADVANCED_FACE('',(#3670),#3671,.T.);
#1681=ADVANCED_FACE('',(#3672),#3673,.T.);
#1682=ADVANCED_FACE('',(#3674),#3675,.T.);
#1683=ADVANCED_FACE('',(#3676),#3677,.T.);
#1684=ADVANCED_FACE('',(#3678),#3679,.T.);
#1685=ADVANCED_FACE('',(#3680),#3681,.T.);
#1686=ADVANCED_FACE('',(#3682),#3683,.T.);
#1687=ADVANCED_FACE('',(#3684),#3685,.F.);
#1688=ADVANCED_FACE('',(#3686),#3687,.F.);
#1689=ADVANCED_FACE('',(#3688),#3689,.T.);
#1690=ADVANCED_FACE('',(#3690),#3691,.T.);
#1691=ADVANCED_FACE('',(#3692),#3693,.T.);
#1692=ADVANCED_FACE('',(#3694),#3695,.T.);
#1693=ADVANCED_FACE('',(#3696),#3697,.T.);
#1694=ADVANCED_FACE('',(#3698),#3699,.T.);
#1695=ADVANCED_FACE('',(#3700),#3701,.T.);
#1696=ADVANCED_FACE('',(#3702),#3703,.T.);
#1697=ADVANCED_FACE('',(#3704),#3705,.T.);
#1698=ADVANCED_FACE('',(#3706),#3707,.T.);
#1699=ADVANCED_FACE('',(#3708),#3709,.T.);
#1700=ADVANCED_FACE('',(#3710),#3711,.T.);
#1701=ADVANCED_FACE('',(#3712),#3713,.T.);
#1702=ADVANCED_FACE('',(#3714),#3715,.T.);
#1703=ADVANCED_FACE('',(#3716),#3717,.T.);
#1704=ADVANCED_FACE('',(#3718),#3719,.T.);
#1705=ADVANCED_FACE('',(#3720),#3721,.T.);
#1706=ADVANCED_FACE('',(#3722),#3723,.T.);
#1707=ADVANCED_FACE('',(#3724),#3725,.T.);
#1708=ADVANCED_FACE('',(#3726),#3727,.T.);
#1709=ADVANCED_FACE('',(#3728),#3729,.F.);
#1710=ADVANCED_FACE('',(#3730),#3731,.T.);
#1711=ADVANCED_FACE('',(#3732),#3733,.F.);
#1712=ADVANCED_FACE('',(#3734),#3735,.F.);
#1713=ADVANCED_FACE('',(#3736),#3737,.F.);
#1714=ADVANCED_FACE('',(#3738,#3739),#3740,.T.);
#1715=ADVANCED_FACE('',(#3741),#3742,.T.);
#1716=ADVANCED_FACE('',(#3743),#3744,.T.);
#1717=ADVANCED_FACE('',(#3745),#3746,.T.);
#1718=ADVANCED_FACE('',(#3747),#3748,.T.);
#1719=ADVANCED_FACE('',(#3749),#3750,.T.);
#1720=ADVANCED_FACE('',(#3751),#3752,.T.);
#1721=ADVANCED_FACE('',(#3753),#3754,.T.);
#1722=ADVANCED_FACE('',(#3755),#3756,.F.);
#1723=ADVANCED_FACE('',(#3757),#3758,.T.);
#1724=ADVANCED_FACE('',(#3759),#3760,.F.);
#1725=ADVANCED_FACE('',(#3761),#3762,.F.);
#1726=ADVANCED_FACE('',(#3763),#3764,.F.);
#1727=ADVANCED_FACE('',(#3765,#3766),#3767,.T.);
#1728=ADVANCED_FACE('',(#3768),#3769,.T.);
#1729=ADVANCED_FACE('',(#3770),#3771,.F.);
#1730=ADVANCED_FACE('',(#3772),#3773,.F.);
#1731=ADVANCED_FACE('',(#3774),#3775,.T.);
#1732=ADVANCED_FACE('',(#3776),#3777,.T.);
#1733=ADVANCED_FACE('',(#3778),#3779,.T.);
#1734=ADVANCED_FACE('',(#3780),#3781,.T.);
#1735=ADVANCED_FACE('',(#3782),#3783,.T.);
#1736=ADVANCED_FACE('',(#3784),#3785,.T.);
#1737=ADVANCED_FACE('',(#3786),#3787,.F.);
#1738=ADVANCED_FACE('',(#3788),#3789,.T.);
#1739=ADVANCED_FACE('',(#3790),#3791,.T.);
#1740=ADVANCED_FACE('',(#3792,#3793),#3794,.T.);
#1741=ADVANCED_FACE('',(#3795),#3796,.T.);
#1742=ADVANCED_FACE('',(#3797),#3798,.T.);
#1743=ADVANCED_FACE('',(#3799),#3800,.T.);
#1744=ADVANCED_FACE('',(#3801),#3802,.T.);
#1745=ADVANCED_FACE('',(#3803),#3804,.T.);
#1746=ADVANCED_FACE('',(#3805),#3806,.T.);
#1747=ADVANCED_FACE('',(#3807),#3808,.T.);
#1748=ADVANCED_FACE('',(#3809),#3810,.T.);
#1749=ADVANCED_FACE('',(#3811),#3812,.T.);
#1750=ADVANCED_FACE('',(#3813),#3814,.T.);
#1751=ADVANCED_FACE('',(#3815),#3816,.T.);
#1752=ADVANCED_FACE('',(#3817),#3818,.T.);
#1753=ADVANCED_FACE('',(#3819),#3820,.T.);
#1754=ADVANCED_FACE('',(#3821),#3822,.T.);
#1755=ADVANCED_FACE('',(#3823),#3824,.T.);
#1756=ADVANCED_FACE('',(#3825),#3826,.T.);
#1757=ADVANCED_FACE('',(#3827),#3828,.T.);
#1758=ADVANCED_FACE('',(#3829),#3830,.T.);
#1759=ADVANCED_FACE('',(#3831),#3832,.T.);
#1760=ADVANCED_FACE('',(#3833),#3834,.T.);
#1761=ADVANCED_FACE('',(#3835),#3836,.T.);
#1762=ADVANCED_FACE('',(#3837),#3838,.F.);
#1763=ADVANCED_FACE('',(#3839),#3840,.T.);
#1764=ADVANCED_FACE('',(#3841),#3842,.F.);
#1765=ADVANCED_FACE('',(#3843),#3844,.T.);
#1766=ADVANCED_FACE('',(#3845),#3846,.T.);
#1767=ADVANCED_FACE('',(#3847),#3848,.F.);
#1768=ADVANCED_FACE('',(#3849),#3850,.T.);
#1769=ADVANCED_FACE('',(#3851),#3852,.F.);
#1770=ADVANCED_FACE('',(#3853,#3854,#3855),#3856,.T.);
#1771=ADVANCED_FACE('',(#3857),#3858,.T.);
#1772=ADVANCED_FACE('',(#3859),#3860,.T.);
#1773=ADVANCED_FACE('',(#3861),#3862,.F.);
#1774=ADVANCED_FACE('',(#3863),#3864,.F.);
#1775=ADVANCED_FACE('',(#3865),#3866,.F.);
#1776=ADVANCED_FACE('',(#3867),#3868,.F.);
#1777=ADVANCED_FACE('',(#3869),#3870,.T.);
#1778=ADVANCED_FACE('',(#3871),#3872,.T.);
#1779=ADVANCED_FACE('',(#3873,#3874),#3875,.T.);
#1780=ADVANCED_FACE('',(#3876),#3877,.T.);
#1781=ADVANCED_FACE('',(#3878),#3879,.T.);
#1782=ADVANCED_FACE('',(#3880),#3881,.T.);
#1783=ADVANCED_FACE('',(#3882),#3883,.T.);
#1784=ADVANCED_FACE('',(#3884),#3885,.T.);
#1785=ADVANCED_FACE('',(#3886),#3887,.T.);
#1786=ADVANCED_FACE('',(#3888),#3889,.T.);
#1787=ADVANCED_FACE('',(#3890),#3891,.T.);
#1788=ADVANCED_FACE('',(#3892),#3893,.T.);
#1789=ADVANCED_FACE('',(#3894),#3895,.T.);
#1790=ADVANCED_FACE('',(#3896),#3897,.T.);
#1791=ADVANCED_FACE('',(#3898),#3899,.T.);
#1792=ADVANCED_FACE('',(#3900),#3901,.T.);
#1793=ADVANCED_FACE('',(#3902),#3903,.T.);
#1794=ADVANCED_FACE('',(#3904),#3905,.T.);
#1795=ADVANCED_FACE('',(#3906),#3907,.T.);
#1796=ADVANCED_FACE('',(#3908),#3909,.T.);
#1797=ADVANCED_FACE('',(#3910),#3911,.T.);
#1798=ADVANCED_FACE('',(#3912),#3913,.T.);
#1799=ADVANCED_FACE('',(#3914),#3915,.T.);
#1800=ADVANCED_FACE('',(#3916),#3917,.T.);
#1801=ADVANCED_FACE('',(#3918),#3919,.T.);
#1802=ADVANCED_FACE('',(#3920),#3921,.T.);
#1803=ADVANCED_FACE('',(#3922),#3923,.T.);
#1804=ADVANCED_FACE('',(#3924),#3925,.T.);
#1805=ADVANCED_FACE('',(#3926),#3927,.T.);
#1806=ADVANCED_FACE('',(#3928),#3929,.T.);
#1807=ADVANCED_FACE('',(#3930),#3931,.T.);
#1808=ADVANCED_FACE('',(#3932),#3933,.T.);
#1809=ADVANCED_FACE('',(#3934),#3935,.T.);
#1810=ADVANCED_FACE('',(#3936),#3937,.T.);
#1811=ADVANCED_FACE('',(#3938),#3939,.T.);
#1812=ADVANCED_FACE('',(#3940),#3941,.T.);
#1813=ADVANCED_FACE('',(#3942),#3943,.T.);
#1814=ADVANCED_FACE('',(#3944),#3945,.T.);
#1815=ADVANCED_FACE('',(#3946),#3947,.T.);
#1816=ADVANCED_FACE('',(#3948),#3949,.T.);
#1817=ADVANCED_FACE('',(#3950),#3951,.T.);
#1818=ADVANCED_FACE('',(#3952),#3953,.T.);
#1819=ADVANCED_FACE('',(#3954),#3955,.T.);
#1820=ADVANCED_FACE('',(#3956),#3957,.T.);
#1821=ADVANCED_FACE('',(#3958),#3959,.T.);
#1822=ADVANCED_FACE('',(#3960),#3961,.T.);
#1823=ADVANCED_FACE('',(#3962),#3963,.F.);
#1824=ADVANCED_FACE('',(#3964),#3965,.T.);
#1825=ADVANCED_FACE('',(#3966),#3967,.T.);
#1826=ADVANCED_FACE('',(#3968),#3969,.T.);
#1827=ADVANCED_FACE('',(#3970),#3971,.T.);
#1828=ADVANCED_FACE('',(#3972),#3973,.T.);
#1829=ADVANCED_FACE('',(#3974),#3975,.T.);
#1830=ADVANCED_FACE('',(#3976),#3977,.T.);
#1831=ADVANCED_FACE('',(#3978),#3979,.T.);
#1832=ADVANCED_FACE('',(#3980),#3981,.T.);
#1833=ADVANCED_FACE('',(#3982),#3983,.T.);
#1834=ADVANCED_FACE('',(#3984),#3985,.F.);
#1835=ADVANCED_FACE('',(#3986),#3987,.T.);
#1836=ADVANCED_FACE('',(#3988),#3989,.T.);
#1837=ADVANCED_FACE('',(#3990),#3991,.T.);
#1838=ADVANCED_FACE('',(#3992),#3993,.T.);
#1839=ADVANCED_FACE('',(#3994),#3995,.T.);
#1840=ADVANCED_FACE('',(#3996),#3997,.T.);
#1841=ADVANCED_FACE('',(#3998),#3999,.T.);
#1842=ADVANCED_FACE('',(#4000),#4001,.T.);
#1843=ADVANCED_FACE('',(#4002),#4003,.T.);
#1844=ADVANCED_FACE('',(#4004),#4005,.T.);
#1845=ADVANCED_FACE('',(#4006),#4007,.T.);
#1846=ADVANCED_FACE('',(#4008),#4009,.T.);
#1847=ADVANCED_FACE('',(#4010),#4011,.T.);
#1848=ADVANCED_FACE('',(#4012),#4013,.T.);
#1849=ADVANCED_FACE('',(#4014),#4015,.T.);
#1850=ADVANCED_FACE('',(#4016),#4017,.T.);
#1851=ADVANCED_FACE('',(#4018),#4019,.T.);
#1852=ADVANCED_FACE('',(#4020),#4021,.T.);
#1853=ADVANCED_FACE('',(#4022),#4023,.T.);
#1854=ADVANCED_FACE('',(#4024),#4025,.T.);
#1855=ADVANCED_FACE('',(#4026),#4027,.T.);
#1856=ADVANCED_FACE('',(#4028),#4029,.T.);
#1857=ADVANCED_FACE('',(#4030),#4031,.T.);
#1858=ADVANCED_FACE('',(#4032),#4033,.T.);
#1859=ADVANCED_FACE('',(#4034),#4035,.T.);
#1860=ADVANCED_FACE('',(#4036),#4037,.T.);
#1861=ADVANCED_FACE('',(#4038,#4039,#4040,#4041,#4042,#4043,#4044,#4045),#4046,.T.);
#1862=ADVANCED_FACE('',(#4047,#4048),#4049,.T.);
#1863=ADVANCED_FACE('',(#4050),#4051,.T.);
#1864=ADVANCED_FACE('',(#4052),#4053,.T.);
#1865=ADVANCED_FACE('',(#4054),#4055,.T.);
#1866=ADVANCED_FACE('',(#4056),#4057,.T.);
#1867=ADVANCED_FACE('',(#4058),#4059,.T.);
#1868=ADVANCED_FACE('',(#4060),#4061,.T.);
#1869=ADVANCED_FACE('',(#4062),#4063,.F.);
#1870=ADVANCED_FACE('',(#4064),#4065,.T.);
#1871=ADVANCED_FACE('',(#4066),#4067,.T.);
#1872=ADVANCED_FACE('',(#4068),#4069,.T.);
#1873=ADVANCED_FACE('',(#4070),#4071,.T.);
#1874=ADVANCED_FACE('',(#4072),#4073,.T.);
#1875=ADVANCED_FACE('',(#4074),#4075,.T.);
#1876=ADVANCED_FACE('',(#4076),#4077,.T.);
#1877=ADVANCED_FACE('',(#4078),#4079,.T.);
#1878=ADVANCED_FACE('',(#4080),#4081,.T.);
#1879=ADVANCED_FACE('',(#4082),#4083,.T.);
#1880=ADVANCED_FACE('',(#4084),#4085,.T.);
#1881=ADVANCED_FACE('',(#4086),#4087,.T.);
#1882=ADVANCED_FACE('',(#4088),#4089,.T.);
#1883=ADVANCED_FACE('',(#4090),#4091,.T.);
#1884=ADVANCED_FACE('',(#4092),#4093,.T.);
#1885=ADVANCED_FACE('',(#4094),#4095,.F.);
#1886=ADVANCED_FACE('',(#4096),#4097,.T.);
#1887=ADVANCED_FACE('',(#4098),#4099,.T.);
#1888=ADVANCED_FACE('',(#4100),#4101,.T.);
#1889=ADVANCED_FACE('',(#4102),#4103,.T.);
#1890=ADVANCED_FACE('',(#4104),#4105,.T.);
#1891=ADVANCED_FACE('',(#4106),#4107,.T.);
#1893=SURFACE_STYLE_FILL_AREA(#4108);
#1894=ORIENTED_EDGE('',*,*,#4109,.F.);
#1895=ORIENTED_EDGE('',*,*,#4110,.T.);
#1896=ORIENTED_EDGE('',*,*,#4111,.T.);
#1897=ORIENTED_EDGE('',*,*,#4112,.T.);
#1898=ORIENTED_EDGE('',*,*,#4113,.T.);
#1899=ORIENTED_EDGE('',*,*,#4114,.T.);
#1900=CARTESIAN_POINT('',(0.537210000001482,-6.80000986147627,-13.363));
#1901=DIRECTION('',(1.0,0.0,1.22464679914735E-16));
#1902=DIRECTION('',(1.22464679914735E-16,0.0,-1.0));
#1903=SURFACE_STYLE_FILL_AREA(#4115);
#1904=ORIENTED_EDGE('',*,*,#4116,.F.);
#1905=ORIENTED_EDGE('',*,*,#4117,.T.);
#1906=ORIENTED_EDGE('',*,*,#4118,.T.);
#1907=ORIENTED_EDGE('',*,*,#4119,.T.);
#1908=ORIENTED_EDGE('',*,*,#4120,.F.);
#1909=ORIENTED_EDGE('',*,*,#4121,.T.);
#1910=CARTESIAN_POINT('',(-0.537209999998518,-6.80000986147627,-14.43742));
#1911=DIRECTION('',(-1.0,0.0,-1.22464679914735E-16));
#1912=DIRECTION('',(0.0,1.0,0.0));
#1913=SURFACE_STYLE_FILL_AREA(#4122);
#1914=ORIENTED_EDGE('',*,*,#4123,.F.);
#1915=ORIENTED_EDGE('',*,*,#4124,.F.);
#1916=ORIENTED_EDGE('',*,*,#4125,.F.);
#1917=ORIENTED_EDGE('',*,*,#4126,.F.);
#1918=CARTESIAN_POINT('',(10.1490480000015,-5.74273839294506,-13.114091145836));
#1919=DIRECTION('',(1.0,0.0,1.22464679914735E-16));
#1920=DIRECTION('',(1.52070404599912E-31,-1.0,-1.24174908802921E-15));
#1921=SURFACE_STYLE_FILL_AREA(#4127);
#1922=ORIENTED_EDGE('',*,*,#4128,.T.);
#1923=ORIENTED_EDGE('',*,*,#4129,.F.);
#1924=ORIENTED_EDGE('',*,*,#4130,.F.);
#1925=ORIENTED_EDGE('',*,*,#4131,.F.);
#1926=CARTESIAN_POINT('',(10.1490480000015,-5.74273839294506,-14.6863288541641));
#1927=DIRECTION('',(1.0,0.0,1.22464679914735E-16));
#1928=DIRECTION('',(1.52070404599912E-31,-1.0,-1.24174908802921E-15));
#1929=SURFACE_STYLE_FILL_AREA(#4132);
#1930=ORIENTED_EDGE('',*,*,#4125,.T.);
#1931=ORIENTED_EDGE('',*,*,#4133,.T.);
#1932=ORIENTED_EDGE('',*,*,#4113,.F.);
#1933=ORIENTED_EDGE('',*,*,#4134,.F.);
#1934=ORIENTED_EDGE('',*,*,#4131,.T.);
#1935=ORIENTED_EDGE('',*,*,#4135,.F.);
#1936=CARTESIAN_POINT('',(-0.93197887599519,-5.70916659632099,-3.751162));
#1937=DIRECTION('',(-1.22464679914735E-16,0.0,1.0));
#1938=DIRECTION('',(-1.0,0.0,-1.22464679914735E-16));
#1939=SURFACE_STYLE_FILL_AREA(#4136);
#1940=ORIENTED_EDGE('',*,*,#4120,.T.);
#1941=ORIENTED_EDGE('',*,*,#4137,.F.);
#1942=ORIENTED_EDGE('',*,*,#4123,.T.);
#1943=ORIENTED_EDGE('',*,*,#4138,.T.);
#1944=ORIENTED_EDGE('',*,*,#4129,.T.);
#1945=ORIENTED_EDGE('',*,*,#4139,.T.);
#1946=CARTESIAN_POINT('',(0.931978875998141,-5.70916659632099,-3.751162));
#1947=DIRECTION('',(-1.22464679914735E-16,0.0,1.0));
#1948=DIRECTION('',(-1.0,0.0,-1.22464679914735E-16));
#1949=SURFACE_STYLE_FILL_AREA(#4140);
#1950=ORIENTED_EDGE('',*,*,#4126,.T.);
#1951=ORIENTED_EDGE('',*,*,#4135,.T.);
#1952=ORIENTED_EDGE('',*,*,#4130,.T.);
#1953=ORIENTED_EDGE('',*,*,#4138,.F.);
#1954=CARTESIAN_POINT('',(1.48104587159984E-12,-6.49520986147629,-3.751162));
#1955=DIRECTION('',(-1.22464679914735E-16,0.0,1.0));
#1956=DIRECTION('',(-1.0,0.0,-1.22464679914735E-16));
#1957=SURFACE_STYLE_FILL_AREA(#4141);
#1958=ORIENTED_EDGE('',*,*,#4142,.F.);
#1959=ORIENTED_EDGE('',*,*,#4116,.T.);
#1960=ORIENTED_EDGE('',*,*,#4143,.F.);
#1961=ORIENTED_EDGE('',*,*,#4111,.F.);
#1962=CARTESIAN_POINT('',(0.537210000001482,-1.55721,-12.343));
#1963=DIRECTION('',(1.0,0.0,1.22464679914735E-16));
#1964=DIRECTION('',(0.0,-1.0,-0.0));
#1965=SURFACE_STYLE_FILL_AREA(#4144);
#1966=ORIENTED_EDGE('',*,*,#4118,.F.);
#1967=ORIENTED_EDGE('',*,*,#4145,.T.);
#1968=ORIENTED_EDGE('',*,*,#4109,.T.);
#1969=ORIENTED_EDGE('',*,*,#4146,.T.);
#1970=CARTESIAN_POINT('',(0.537210000001482,-1.55721,-12.343));
#1971=DIRECTION('',(1.0,0.0,1.22464679914735E-16));
#1972=DIRECTION('',(0.0,-1.0,-0.0));
#1973=SURFACE_STYLE_FILL_AREA(#4147);
#1974=ORIENTED_EDGE('',*,*,#4124,.T.);
#1975=ORIENTED_EDGE('',*,*,#4137,.T.);
#1976=ORIENTED_EDGE('',*,*,#4119,.F.);
#1977=ORIENTED_EDGE('',*,*,#4146,.F.);
#1978=ORIENTED_EDGE('',*,*,#4114,.F.);
#1979=ORIENTED_EDGE('',*,*,#4133,.F.);
#1980=CARTESIAN_POINT('',(0.537210000001482,-6.80000986147627,-14.43742));
#1981=DIRECTION('',(1.22464679914735E-16,0.0,-1.0));
#1982=DIRECTION('',(-1.0,0.0,-1.22464679914735E-16));
#1983=SURFACE_STYLE_FILL_AREA(#4148);
#1984=ORIENTED_EDGE('',*,*,#4128,.F.);
#1985=ORIENTED_EDGE('',*,*,#4134,.T.);
#1986=ORIENTED_EDGE('',*,*,#4112,.F.);
#1987=ORIENTED_EDGE('',*,*,#4143,.T.);
#1988=ORIENTED_EDGE('',*,*,#4121,.F.);
#1989=ORIENTED_EDGE('',*,*,#4139,.F.);
#1990=CARTESIAN_POINT('',(-0.537209999998518,-6.80000986147627,-13.363));
#1991=DIRECTION('',(-1.22464679914735E-16,0.0,1.0));
#1992=DIRECTION('',(0.0,-1.0,0.0));
#1993=SURFACE_STYLE_FILL_AREA(#4149);
#1994=ORIENTED_EDGE('',*,*,#4150,.F.);
#1995=ORIENTED_EDGE('',*,*,#4151,.T.);
#1996=ORIENTED_EDGE('',*,*,#4152,.T.);
#1997=ORIENTED_EDGE('',*,*,#4153,.F.);
#1998=CARTESIAN_POINT('',(0.537210000001474,4.73721,-28.3));
#1999=DIRECTION('',(0.0,1.0,0.0));
#2000=DIRECTION('',(-1.0,0.0,-1.22464679914735E-16));
#2001=SURFACE_STYLE_FILL_AREA(#4154);
#2002=ORIENTED_EDGE('',*,*,#4152,.F.);
#2003=ORIENTED_EDGE('',*,*,#4155,.T.);
#2004=ORIENTED_EDGE('',*,*,#4156,.T.);
#2005=ORIENTED_EDGE('',*,*,#4157,.T.);
#2006=ORIENTED_EDGE('',*,*,#4158,.T.);
#2007=ORIENTED_EDGE('',*,*,#4159,.T.);
#2008=ORIENTED_EDGE('',*,*,#4160,.T.);
#2009=ORIENTED_EDGE('',*,*,#4161,.F.);
#2010=CARTESIAN_POINT('',(0.537210000001473,-6.80000986147627,-17.563));
#2011=DIRECTION('',(1.0,0.0,1.22464679914735E-16));
#2012=DIRECTION('',(1.22464679914735E-16,0.0,-1.0));
#2013=SURFACE_STYLE_FILL_AREA(#4162);
#2014=ORIENTED_EDGE('',*,*,#4163,.F.);
#2015=ORIENTED_EDGE('',*,*,#4164,.T.);
#2016=ORIENTED_EDGE('',*,*,#4150,.T.);
#2017=ORIENTED_EDGE('',*,*,#4165,.T.);
#2018=ORIENTED_EDGE('',*,*,#4166,.T.);
#2019=ORIENTED_EDGE('',*,*,#4167,.F.);
#2020=ORIENTED_EDGE('',*,*,#4168,.F.);
#2021=ORIENTED_EDGE('',*,*,#4169,.F.);
#2022=CARTESIAN_POINT('',(-0.537209999998528,-6.80000986147627,-18.63742));
#2023=DIRECTION('',(-1.0,0.0,-1.22464679914735E-16));
#2024=DIRECTION('',(0.0,1.0,0.0));
#2025=SURFACE_STYLE_FILL_AREA(#4170);
#2026=ORIENTED_EDGE('',*,*,#4156,.F.);
#2027=ORIENTED_EDGE('',*,*,#4171,.T.);
#2028=ORIENTED_EDGE('',*,*,#4163,.T.);
#2029=ORIENTED_EDGE('',*,*,#4172,.T.);
#2030=CARTESIAN_POINT('',(-0.537209999998527,3.66279,-28.3));
#2031=DIRECTION('',(-0.0,-1.0,0.0));
#2032=DIRECTION('',(-1.22464679914735E-16,0.0,1.0));
#2033=SURFACE_STYLE_FILL_AREA(#4173);
#2034=ORIENTED_EDGE('',*,*,#4174,.F.);
#2035=ORIENTED_EDGE('',*,*,#4175,.F.);
#2036=ORIENTED_EDGE('',*,*,#4176,.F.);
#2037=ORIENTED_EDGE('',*,*,#4177,.F.);
#2038=CARTESIAN_POINT('',(10.1490480000015,-5.74273839294505,-17.314091145836));
#2039=DIRECTION('',(1.0,0.0,1.22464679914735E-16));
#2040=DIRECTION('',(1.52070404599912E-31,-1.0,-1.24174908802921E-15));
#2041=SURFACE_STYLE_FILL_AREA(#4178);
#2042=ORIENTED_EDGE('',*,*,#4179,.T.);
#2043=ORIENTED_EDGE('',*,*,#4180,.F.);
#2044=ORIENTED_EDGE('',*,*,#4181,.F.);
#2045=ORIENTED_EDGE('',*,*,#4182,.F.);
#2046=CARTESIAN_POINT('',(10.1490480000015,-5.74273839294505,-18.8863288541641));
#2047=DIRECTION('',(1.0,0.0,1.22464679914735E-16));
#2048=DIRECTION('',(1.52070404599912E-31,-1.0,-1.24174908802921E-15));
#2049=SURFACE_STYLE_FILL_AREA(#4183);
#2050=ORIENTED_EDGE('',*,*,#4176,.T.);
#2051=ORIENTED_EDGE('',*,*,#4184,.T.);
#2052=ORIENTED_EDGE('',*,*,#4159,.F.);
#2053=ORIENTED_EDGE('',*,*,#4185,.F.);
#2054=ORIENTED_EDGE('',*,*,#4182,.T.);
#2055=ORIENTED_EDGE('',*,*,#4186,.F.);
#2056=CARTESIAN_POINT('',(-0.931978875995189,-5.70916659632099,-7.951162));
#2057=DIRECTION('',(-1.22464679914735E-16,0.0,1.0));
#2058=DIRECTION('',(-1.0,0.0,-1.22464679914735E-16));
#2059=SURFACE_STYLE_FILL_AREA(#4187);
#2060=ORIENTED_EDGE('',*,*,#4167,.T.);
#2061=ORIENTED_EDGE('',*,*,#4188,.F.);
#2062=ORIENTED_EDGE('',*,*,#4174,.T.);
#2063=ORIENTED_EDGE('',*,*,#4189,.T.);
#2064=ORIENTED_EDGE('',*,*,#4180,.T.);
#2065=ORIENTED_EDGE('',*,*,#4190,.T.);
#2066=CARTESIAN_POINT('',(0.931978875998142,-5.70916659632099,-7.951162));
#2067=DIRECTION('',(-1.22464679914735E-16,0.0,1.0));
#2068=DIRECTION('',(-1.0,0.0,-1.22464679914735E-16));
#2069=SURFACE_STYLE_FILL_AREA(#4191);
#2070=ORIENTED_EDGE('',*,*,#4177,.T.);
#2071=ORIENTED_EDGE('',*,*,#4186,.T.);
#2072=ORIENTED_EDGE('',*,*,#4181,.T.);
#2073=ORIENTED_EDGE('',*,*,#4189,.F.);
#2074=CARTESIAN_POINT('',(1.47201924413761E-12,-6.49520986147628,-7.951162));
#2075=DIRECTION('',(-1.22464679914735E-16,0.0,1.0));
#2076=DIRECTION('',(-1.0,0.0,-1.22464679914735E-16));
#2077=SURFACE_STYLE_FILL_AREA(#4192);
#2078=ORIENTED_EDGE('',*,*,#4172,.F.);
#2079=ORIENTED_EDGE('',*,*,#4169,.T.);
#2080=ORIENTED_EDGE('',*,*,#4193,.F.);
#2081=ORIENTED_EDGE('',*,*,#4157,.F.);
#2082=CARTESIAN_POINT('',(0.537210000001473,2.64279,-16.543));
#2083=DIRECTION('',(1.0,0.0,1.22464679914735E-16));
#2084=DIRECTION('',(0.0,-1.0,-0.0));
#2085=SURFACE_STYLE_FILL_AREA(#4194);
#2086=ORIENTED_EDGE('',*,*,#4195,.T.);
#2087=ORIENTED_EDGE('',*,*,#4165,.F.);
#2088=ORIENTED_EDGE('',*,*,#4153,.T.);
#2089=ORIENTED_EDGE('',*,*,#4161,.T.);
#2090=CARTESIAN_POINT('',(0.537210000001473,2.64279,-16.543));
#2091=DIRECTION('',(1.0,0.0,1.22464679914735E-16));
#2092=DIRECTION('',(0.0,-1.0,-0.0));
#2093=SURFACE_STYLE_FILL_AREA(#4196);
#2094=ORIENTED_EDGE('',*,*,#4175,.T.);
#2095=ORIENTED_EDGE('',*,*,#4188,.T.);
#2096=ORIENTED_EDGE('',*,*,#4166,.F.);
#2097=ORIENTED_EDGE('',*,*,#4195,.F.);
#2098=ORIENTED_EDGE('',*,*,#4160,.F.);
#2099=ORIENTED_EDGE('',*,*,#4184,.F.);
#2100=CARTESIAN_POINT('',(0.537210000001473,-6.80000986147627,-18.63742));
#2101=DIRECTION('',(1.22464679914735E-16,0.0,-1.0));
#2102=DIRECTION('',(-1.0,0.0,-1.22464679914735E-16));
#2103=SURFACE_STYLE_FILL_AREA(#4197);
#2104=ORIENTED_EDGE('',*,*,#4179,.F.);
#2105=ORIENTED_EDGE('',*,*,#4185,.T.);
#2106=ORIENTED_EDGE('',*,*,#4158,.F.);
#2107=ORIENTED_EDGE('',*,*,#4193,.T.);
#2108=ORIENTED_EDGE('',*,*,#4168,.T.);
#2109=ORIENTED_EDGE('',*,*,#4190,.F.);
#2110=CARTESIAN_POINT('',(-0.537209999998528,-6.80000986147627,-17.563));
#2111=DIRECTION('',(-1.22464679914735E-16,0.0,1.0));
#2112=DIRECTION('',(0.0,-1.0,0.0));
#2113=SURFACE_STYLE_FILL_AREA(#4198);
#2114=ORIENTED_EDGE('',*,*,#4199,.F.);
#2115=ORIENTED_EDGE('',*,*,#4200,.T.);
#2116=ORIENTED_EDGE('',*,*,#4201,.T.);
#2117=ORIENTED_EDGE('',*,*,#4202,.T.);
#2118=ORIENTED_EDGE('',*,*,#4203,.T.);
#2119=ORIENTED_EDGE('',*,*,#4204,.T.);
#2120=CARTESIAN_POINT('',(-3.66278999999852,-6.80000986147627,-13.363));
#2121=DIRECTION('',(1.0,0.0,1.22464679914735E-16));
#2122=DIRECTION('',(1.22464679914735E-16,0.0,-1.0));
#2123=SURFACE_STYLE_FILL_AREA(#4205);
#2124=ORIENTED_EDGE('',*,*,#4206,.F.);
#2125=ORIENTED_EDGE('',*,*,#4207,.T.);
#2126=ORIENTED_EDGE('',*,*,#4208,.T.);
#2127=ORIENTED_EDGE('',*,*,#4209,.T.);
#2128=ORIENTED_EDGE('',*,*,#4210,.F.);
#2129=ORIENTED_EDGE('',*,*,#4211,.T.);
#2130=CARTESIAN_POINT('',(-4.73720999999852,-6.80000986147627,-14.43742));
#2131=DIRECTION('',(-1.0,0.0,-1.22464679914735E-16));
#2132=DIRECTION('',(0.0,1.0,0.0));
#2133=SURFACE_STYLE_FILL_AREA(#4212);
#2134=ORIENTED_EDGE('',*,*,#4213,.F.);
#2135=ORIENTED_EDGE('',*,*,#4214,.F.);
#2136=ORIENTED_EDGE('',*,*,#4215,.F.);
#2137=ORIENTED_EDGE('',*,*,#4216,.F.);
#2138=CARTESIAN_POINT('',(5.94904800000148,-5.74273839294506,-13.114091145836));
#2139=DIRECTION('',(1.0,0.0,1.22464679914735E-16));
#2140=DIRECTION('',(1.52070404599912E-31,-1.0,-1.24174908802921E-15));
#2141=SURFACE_STYLE_FILL_AREA(#4217);
#2142=ORIENTED_EDGE('',*,*,#4218,.T.);
#2143=ORIENTED_EDGE('',*,*,#4219,.F.);
#2144=ORIENTED_EDGE('',*,*,#4220,.F.);
#2145=ORIENTED_EDGE('',*,*,#4221,.F.);
#2146=CARTESIAN_POINT('',(5.94904800000148,-5.74273839294506,-14.6863288541641));
#2147=DIRECTION('',(1.0,0.0,1.22464679914735E-16));
#2148=DIRECTION('',(1.52070404599912E-31,-1.0,-1.24174908802921E-15));
#2149=SURFACE_STYLE_FILL_AREA(#4222);
#2150=ORIENTED_EDGE('',*,*,#4215,.T.);
#2151=ORIENTED_EDGE('',*,*,#4223,.T.);
#2152=ORIENTED_EDGE('',*,*,#4203,.F.);
#2153=ORIENTED_EDGE('',*,*,#4224,.F.);
#2154=ORIENTED_EDGE('',*,*,#4221,.T.);
#2155=ORIENTED_EDGE('',*,*,#4225,.F.);
#2156=CARTESIAN_POINT('',(-5.13197887599519,-5.70916659632099,-3.751162));
#2157=DIRECTION('',(-1.22464679914735E-16,0.0,1.0));
#2158=DIRECTION('',(-1.0,0.0,-1.22464679914735E-16));
#2159=SURFACE_STYLE_FILL_AREA(#4226);
#2160=ORIENTED_EDGE('',*,*,#4210,.T.);
#2161=ORIENTED_EDGE('',*,*,#4227,.F.);
#2162=ORIENTED_EDGE('',*,*,#4213,.T.);
#2163=ORIENTED_EDGE('',*,*,#4228,.T.);
#2164=ORIENTED_EDGE('',*,*,#4219,.T.);
#2165=ORIENTED_EDGE('',*,*,#4229,.T.);
#2166=CARTESIAN_POINT('',(-3.26802112400186,-5.70916659632099,-3.751162));
#2167=DIRECTION('',(-1.22464679914735E-16,0.0,1.0));
#2168=DIRECTION('',(-1.0,0.0,-1.22464679914735E-16));
#2169=SURFACE_STYLE_FILL_AREA(#4230);
#2170=ORIENTED_EDGE('',*,*,#4216,.T.);
#2171=ORIENTED_EDGE('',*,*,#4225,.T.);
#2172=ORIENTED_EDGE('',*,*,#4220,.T.);
#2173=ORIENTED_EDGE('',*,*,#4228,.F.);
#2174=CARTESIAN_POINT('',(-4.19999999999852,-6.49520986147629,-3.751162));
#2175=DIRECTION('',(-1.22464679914735E-16,0.0,1.0));
#2176=DIRECTION('',(-1.0,0.0,-1.22464679914735E-16));
#2177=SURFACE_STYLE_FILL_AREA(#4231);
#2178=ORIENTED_EDGE('',*,*,#4232,.F.);
#2179=ORIENTED_EDGE('',*,*,#4206,.T.);
#2180=ORIENTED_EDGE('',*,*,#4233,.F.);
#2181=ORIENTED_EDGE('',*,*,#4201,.F.);
#2182=CARTESIAN_POINT('',(-3.66278999999852,-1.55721,-12.343));
#2183=DIRECTION('',(1.0,0.0,1.22464679914735E-16));
#2184=DIRECTION('',(0.0,-1.0,-0.0));
#2185=SURFACE_STYLE_FILL_AREA(#4234);
#2186=ORIENTED_EDGE('',*,*,#4208,.F.);
#2187=ORIENTED_EDGE('',*,*,#4235,.T.);
#2188=ORIENTED_EDGE('',*,*,#4199,.T.);
#2189=ORIENTED_EDGE('',*,*,#4236,.T.);
#2190=CARTESIAN_POINT('',(-3.66278999999852,-1.55721,-12.343));
#2191=DIRECTION('',(1.0,0.0,1.22464679914735E-16));
#2192=DIRECTION('',(0.0,-1.0,-0.0));
#2193=SURFACE_STYLE_FILL_AREA(#4237);
#2194=ORIENTED_EDGE('',*,*,#4214,.T.);
#2195=ORIENTED_EDGE('',*,*,#4227,.T.);
#2196=ORIENTED_EDGE('',*,*,#4209,.F.);
#2197=ORIENTED_EDGE('',*,*,#4236,.F.);
#2198=ORIENTED_EDGE('',*,*,#4204,.F.);
#2199=ORIENTED_EDGE('',*,*,#4223,.F.);
#2200=CARTESIAN_POINT('',(-3.66278999999852,-6.80000986147627,-14.43742));
#2201=DIRECTION('',(1.22464679914735E-16,0.0,-1.0));
#2202=DIRECTION('',(-1.0,0.0,-1.22464679914735E-16));
#2203=SURFACE_STYLE_FILL_AREA(#4238);
#2204=ORIENTED_EDGE('',*,*,#4218,.F.);
#2205=ORIENTED_EDGE('',*,*,#4224,.T.);
#2206=ORIENTED_EDGE('',*,*,#4202,.F.);
#2207=ORIENTED_EDGE('',*,*,#4233,.T.);
#2208=ORIENTED_EDGE('',*,*,#4211,.F.);
#2209=ORIENTED_EDGE('',*,*,#4229,.F.);
#2210=CARTESIAN_POINT('',(-4.73720999999852,-6.80000986147627,-13.363));
#2211=DIRECTION('',(-1.22464679914735E-16,0.0,1.0));
#2212=DIRECTION('',(0.0,-1.0,0.0));
#2213=SURFACE_STYLE_FILL_AREA(#4239);
#2214=ORIENTED_EDGE('',*,*,#4240,.F.);
#2215=ORIENTED_EDGE('',*,*,#4241,.T.);
#2216=ORIENTED_EDGE('',*,*,#4242,.T.);
#2217=ORIENTED_EDGE('',*,*,#4243,.F.);
#2218=CARTESIAN_POINT('',(-3.66278999999853,4.73721,-28.3));
#2219=DIRECTION('',(0.0,1.0,0.0));
#2220=DIRECTION('',(-1.0,0.0,-1.22464679914735E-16));
#2221=SURFACE_STYLE_FILL_AREA(#4244);
#2222=ORIENTED_EDGE('',*,*,#4242,.F.);
#2223=ORIENTED_EDGE('',*,*,#4245,.T.);
#2224=ORIENTED_EDGE('',*,*,#4246,.T.);
#2225=ORIENTED_EDGE('',*,*,#4247,.T.);
#2226=ORIENTED_EDGE('',*,*,#4248,.T.);
#2227=ORIENTED_EDGE('',*,*,#4249,.T.);
#2228=ORIENTED_EDGE('',*,*,#4250,.T.);
#2229=ORIENTED_EDGE('',*,*,#4251,.F.);
#2230=CARTESIAN_POINT('',(-3.66278999999853,-6.80000986147627,-17.563));
#2231=DIRECTION('',(1.0,0.0,1.22464679914735E-16));
#2232=DIRECTION('',(1.22464679914735E-16,0.0,-1.0));
#2233=SURFACE_STYLE_FILL_AREA(#4252);
#2234=ORIENTED_EDGE('',*,*,#4253,.F.);
#2235=ORIENTED_EDGE('',*,*,#4254,.T.);
#2236=ORIENTED_EDGE('',*,*,#4240,.T.);
#2237=ORIENTED_EDGE('',*,*,#4255,.T.);
#2238=ORIENTED_EDGE('',*,*,#4256,.T.);
#2239=ORIENTED_EDGE('',*,*,#4257,.F.);
#2240=ORIENTED_EDGE('',*,*,#4258,.F.);
#2241=ORIENTED_EDGE('',*,*,#4259,.F.);
#2242=CARTESIAN_POINT('',(-4.73720999999853,-6.80000986147627,-18.63742));
#2243=DIRECTION('',(-1.0,0.0,-1.22464679914735E-16));
#2244=DIRECTION('',(0.0,1.0,0.0));
#2245=SURFACE_STYLE_FILL_AREA(#4260);
#2246=ORIENTED_EDGE('',*,*,#4246,.F.);
#2247=ORIENTED_EDGE('',*,*,#4261,.T.);
#2248=ORIENTED_EDGE('',*,*,#4253,.T.);
#2249=ORIENTED_EDGE('',*,*,#4262,.T.);
#2250=CARTESIAN_POINT('',(-4.73720999999853,3.66279,-28.3));
#2251=DIRECTION('',(-0.0,-1.0,0.0));
#2252=DIRECTION('',(-1.22464679914735E-16,0.0,1.0));
#2253=SURFACE_STYLE_FILL_AREA(#4263);
#2254=ORIENTED_EDGE('',*,*,#4264,.F.);
#2255=ORIENTED_EDGE('',*,*,#4265,.F.);
#2256=ORIENTED_EDGE('',*,*,#4266,.F.);
#2257=ORIENTED_EDGE('',*,*,#4267,.F.);
#2258=CARTESIAN_POINT('',(5.94904800000148,-5.74273839294505,-17.314091145836));
#2259=DIRECTION('',(1.0,0.0,1.22464679914735E-16));
#2260=DIRECTION('',(1.52070404599912E-31,-1.0,-1.24174908802921E-15));
#2261=SURFACE_STYLE_FILL_AREA(#4268);
#2262=ORIENTED_EDGE('',*,*,#4269,.T.);
#2263=ORIENTED_EDGE('',*,*,#4270,.F.);
#2264=ORIENTED_EDGE('',*,*,#4271,.F.);
#2265=ORIENTED_EDGE('',*,*,#4272,.F.);
#2266=CARTESIAN_POINT('',(5.94904800000148,-5.74273839294505,-18.8863288541641));
#2267=DIRECTION('',(1.0,0.0,1.22464679914735E-16));
#2268=DIRECTION('',(1.52070404599912E-31,-1.0,-1.24174908802921E-15));
#2269=SURFACE_STYLE_FILL_AREA(#4273);
#2270=ORIENTED_EDGE('',*,*,#4266,.T.);
#2271=ORIENTED_EDGE('',*,*,#4274,.T.);
#2272=ORIENTED_EDGE('',*,*,#4249,.F.);
#2273=ORIENTED_EDGE('',*,*,#4275,.F.);
#2274=ORIENTED_EDGE('',*,*,#4272,.T.);
#2275=ORIENTED_EDGE('',*,*,#4276,.F.);
#2276=CARTESIAN_POINT('',(-5.13197887599519,-5.70916659632099,-7.951162));
#2277=DIRECTION('',(-1.22464679914735E-16,0.0,1.0));
#2278=DIRECTION('',(-1.0,0.0,-1.22464679914735E-16));
#2279=SURFACE_STYLE_FILL_AREA(#4277);
#2280=ORIENTED_EDGE('',*,*,#4257,.T.);
#2281=ORIENTED_EDGE('',*,*,#4278,.F.);
#2282=ORIENTED_EDGE('',*,*,#4264,.T.);
#2283=ORIENTED_EDGE('',*,*,#4279,.T.);
#2284=ORIENTED_EDGE('',*,*,#4270,.T.);
#2285=ORIENTED_EDGE('',*,*,#4280,.T.);
#2286=CARTESIAN_POINT('',(-3.26802112400186,-5.70916659632099,-7.951162));
#2287=DIRECTION('',(-1.22464679914735E-16,0.0,1.0));
#2288=DIRECTION('',(-1.0,0.0,-1.22464679914735E-16));
#2289=SURFACE_STYLE_FILL_AREA(#4281);
#2290=ORIENTED_EDGE('',*,*,#4267,.T.);
#2291=ORIENTED_EDGE('',*,*,#4276,.T.);
#2292=ORIENTED_EDGE('',*,*,#4271,.T.);
#2293=ORIENTED_EDGE('',*,*,#4279,.F.);
#2294=CARTESIAN_POINT('',(-4.19999999999853,-6.49520986147628,-7.951162));
#2295=DIRECTION('',(-1.22464679914735E-16,0.0,1.0));
#2296=DIRECTION('',(-1.0,0.0,-1.22464679914735E-16));
#2297=SURFACE_STYLE_FILL_AREA(#4282);
#2298=ORIENTED_EDGE('',*,*,#4262,.F.);
#2299=ORIENTED_EDGE('',*,*,#4259,.T.);
#2300=ORIENTED_EDGE('',*,*,#4283,.F.);
#2301=ORIENTED_EDGE('',*,*,#4247,.F.);
#2302=CARTESIAN_POINT('',(-3.66278999999853,2.64279,-16.543));
#2303=DIRECTION('',(1.0,0.0,1.22464679914735E-16));
#2304=DIRECTION('',(0.0,-1.0,-0.0));
#2305=SURFACE_STYLE_FILL_AREA(#4284);
#2306=ORIENTED_EDGE('',*,*,#4285,.T.);
#2307=ORIENTED_EDGE('',*,*,#4255,.F.);
#2308=ORIENTED_EDGE('',*,*,#4243,.T.);
#2309=ORIENTED_EDGE('',*,*,#4251,.T.);
#2310=CARTESIAN_POINT('',(-3.66278999999853,2.64279,-16.543));
#2311=DIRECTION('',(1.0,0.0,1.22464679914735E-16));
#2312=DIRECTION('',(0.0,-1.0,-0.0));
#2313=SURFACE_STYLE_FILL_AREA(#4286);
#2314=ORIENTED_EDGE('',*,*,#4265,.T.);
#2315=ORIENTED_EDGE('',*,*,#4278,.T.);
#2316=ORIENTED_EDGE('',*,*,#4256,.F.);
#2317=ORIENTED_EDGE('',*,*,#4285,.F.);
#2318=ORIENTED_EDGE('',*,*,#4250,.F.);
#2319=ORIENTED_EDGE('',*,*,#4274,.F.);
#2320=CARTESIAN_POINT('',(-3.66278999999853,-6.80000986147627,-18.63742));
#2321=DIRECTION('',(1.22464679914735E-16,0.0,-1.0));
#2322=DIRECTION('',(-1.0,0.0,-1.22464679914735E-16));
#2323=SURFACE_STYLE_FILL_AREA(#4287);
#2324=ORIENTED_EDGE('',*,*,#4269,.F.);
#2325=ORIENTED_EDGE('',*,*,#4275,.T.);
#2326=ORIENTED_EDGE('',*,*,#4248,.F.);
#2327=ORIENTED_EDGE('',*,*,#4283,.T.);
#2328=ORIENTED_EDGE('',*,*,#4258,.T.);
#2329=ORIENTED_EDGE('',*,*,#4280,.F.);
#2330=CARTESIAN_POINT('',(-4.73720999999853,-6.80000986147627,-17.563));
#2331=DIRECTION('',(-1.22464679914735E-16,0.0,1.0));
#2332=DIRECTION('',(0.0,-1.0,0.0));
#2333=SURFACE_STYLE_FILL_AREA(#4288);
#2334=ORIENTED_EDGE('',*,*,#4289,.F.);
#2335=ORIENTED_EDGE('',*,*,#4290,.T.);
#2336=ORIENTED_EDGE('',*,*,#4291,.T.);
#2337=ORIENTED_EDGE('',*,*,#4292,.T.);
#2338=ORIENTED_EDGE('',*,*,#4293,.T.);
#2339=ORIENTED_EDGE('',*,*,#4294,.T.);
#2340=CARTESIAN_POINT('',(-7.86278999999852,-6.80000986147627,-13.363));
#2341=DIRECTION('',(1.0,0.0,1.22464679914735E-16));
#2342=DIRECTION('',(1.22464679914735E-16,0.0,-1.0));
#2343=SURFACE_STYLE_FILL_AREA(#4295);
#2344=ORIENTED_EDGE('',*,*,#4296,.F.);
#2345=ORIENTED_EDGE('',*,*,#4297,.T.);
#2346=ORIENTED_EDGE('',*,*,#4298,.T.);
#2347=ORIENTED_EDGE('',*,*,#4299,.T.);
#2348=ORIENTED_EDGE('',*,*,#4300,.F.);
#2349=ORIENTED_EDGE('',*,*,#4301,.T.);
#2350=CARTESIAN_POINT('',(-8.93720999999852,-6.80000986147627,-14.43742));
#2351=DIRECTION('',(-1.0,0.0,-1.22464679914735E-16));
#2352=DIRECTION('',(0.0,1.0,0.0));
#2353=SURFACE_STYLE_FILL_AREA(#4302);
#2354=ORIENTED_EDGE('',*,*,#4303,.F.);
#2355=ORIENTED_EDGE('',*,*,#4304,.F.);
#2356=ORIENTED_EDGE('',*,*,#4305,.F.);
#2357=ORIENTED_EDGE('',*,*,#4306,.F.);
#2358=CARTESIAN_POINT('',(1.74904800000148,-5.74273839294506,-13.114091145836));
#2359=DIRECTION('',(1.0,0.0,1.22464679914735E-16));
#2360=DIRECTION('',(1.52070404599912E-31,-1.0,-1.24174908802921E-15));
#2361=SURFACE_STYLE_FILL_AREA(#4307);
#2362=ORIENTED_EDGE('',*,*,#4308,.T.);
#2363=ORIENTED_EDGE('',*,*,#4309,.F.);
#2364=ORIENTED_EDGE('',*,*,#4310,.F.);
#2365=ORIENTED_EDGE('',*,*,#4311,.F.);
#2366=CARTESIAN_POINT('',(1.74904800000148,-5.74273839294506,-14.6863288541641));
#2367=DIRECTION('',(1.0,0.0,1.22464679914735E-16));
#2368=DIRECTION('',(1.52070404599912E-31,-1.0,-1.24174908802921E-15));
#2369=SURFACE_STYLE_FILL_AREA(#4312);
#2370=ORIENTED_EDGE('',*,*,#4305,.T.);
#2371=ORIENTED_EDGE('',*,*,#4313,.T.);
#2372=ORIENTED_EDGE('',*,*,#4293,.F.);
#2373=ORIENTED_EDGE('',*,*,#4314,.F.);
#2374=ORIENTED_EDGE('',*,*,#4311,.T.);
#2375=ORIENTED_EDGE('',*,*,#4315,.F.);
#2376=CARTESIAN_POINT('',(-9.33197887599519,-5.70916659632099,-3.751162));
#2377=DIRECTION('',(-1.22464679914735E-16,0.0,1.0));
#2378=DIRECTION('',(-1.0,0.0,-1.22464679914735E-16));
#2379=SURFACE_STYLE_FILL_AREA(#4316);
#2380=ORIENTED_EDGE('',*,*,#4300,.T.);
#2381=ORIENTED_EDGE('',*,*,#4317,.F.);
#2382=ORIENTED_EDGE('',*,*,#4303,.T.);
#2383=ORIENTED_EDGE('',*,*,#4318,.T.);
#2384=ORIENTED_EDGE('',*,*,#4309,.T.);
#2385=ORIENTED_EDGE('',*,*,#4319,.T.);
#2386=CARTESIAN_POINT('',(-7.46802112400186,-5.70916659632099,-3.751162));
#2387=DIRECTION('',(-1.22464679914735E-16,0.0,1.0));
#2388=DIRECTION('',(-1.0,0.0,-1.22464679914735E-16));
#2389=SURFACE_STYLE_FILL_AREA(#4320);
#2390=ORIENTED_EDGE('',*,*,#4306,.T.);
#2391=ORIENTED_EDGE('',*,*,#4315,.T.);
#2392=ORIENTED_EDGE('',*,*,#4310,.T.);
#2393=ORIENTED_EDGE('',*,*,#4318,.F.);
#2394=CARTESIAN_POINT('',(-8.39999999999852,-6.49520986147629,-3.751162));
#2395=DIRECTION('',(-1.22464679914735E-16,0.0,1.0));
#2396=DIRECTION('',(-1.0,0.0,-1.22464679914735E-16));
#2397=SURFACE_STYLE_FILL_AREA(#4321);
#2398=ORIENTED_EDGE('',*,*,#4322,.F.);
#2399=ORIENTED_EDGE('',*,*,#4296,.T.);
#2400=ORIENTED_EDGE('',*,*,#4323,.F.);
#2401=ORIENTED_EDGE('',*,*,#4291,.F.);
#2402=CARTESIAN_POINT('',(-7.86278999999852,-1.55721,-12.343));
#2403=DIRECTION('',(1.0,0.0,1.22464679914735E-16));
#2404=DIRECTION('',(0.0,-1.0,-0.0));
#2405=SURFACE_STYLE_FILL_AREA(#4324);
#2406=ORIENTED_EDGE('',*,*,#4298,.F.);
#2407=ORIENTED_EDGE('',*,*,#4325,.T.);
#2408=ORIENTED_EDGE('',*,*,#4289,.T.);
#2409=ORIENTED_EDGE('',*,*,#4326,.T.);
#2410=CARTESIAN_POINT('',(-7.86278999999852,-1.55721,-12.343));
#2411=DIRECTION('',(1.0,0.0,1.22464679914735E-16));
#2412=DIRECTION('',(0.0,-1.0,-0.0));
#2413=SURFACE_STYLE_FILL_AREA(#4327);
#2414=ORIENTED_EDGE('',*,*,#4304,.T.);
#2415=ORIENTED_EDGE('',*,*,#4317,.T.);
#2416=ORIENTED_EDGE('',*,*,#4299,.F.);
#2417=ORIENTED_EDGE('',*,*,#4326,.F.);
#2418=ORIENTED_EDGE('',*,*,#4294,.F.);
#2419=ORIENTED_EDGE('',*,*,#4313,.F.);
#2420=CARTESIAN_POINT('',(-7.86278999999852,-6.80000986147627,-14.43742));
#2421=DIRECTION('',(1.22464679914735E-16,0.0,-1.0));
#2422=DIRECTION('',(-1.0,0.0,-1.22464679914735E-16));
#2423=SURFACE_STYLE_FILL_AREA(#4328);
#2424=ORIENTED_EDGE('',*,*,#4308,.F.);
#2425=ORIENTED_EDGE('',*,*,#4314,.T.);
#2426=ORIENTED_EDGE('',*,*,#4292,.F.);
#2427=ORIENTED_EDGE('',*,*,#4323,.T.);
#2428=ORIENTED_EDGE('',*,*,#4301,.F.);
#2429=ORIENTED_EDGE('',*,*,#4319,.F.);
#2430=CARTESIAN_POINT('',(-8.93720999999852,-6.80000986147627,-13.363));
#2431=DIRECTION('',(-1.22464679914735E-16,0.0,1.0));
#2432=DIRECTION('',(0.0,-1.0,0.0));
#2433=SURFACE_STYLE_FILL_AREA(#4329);
#2434=ORIENTED_EDGE('',*,*,#4330,.F.);
#2435=ORIENTED_EDGE('',*,*,#4331,.T.);
#2436=ORIENTED_EDGE('',*,*,#4332,.T.);
#2437=ORIENTED_EDGE('',*,*,#4333,.F.);
#2438=CARTESIAN_POINT('',(-7.86278999999853,4.73721,-28.3));
#2439=DIRECTION('',(0.0,1.0,0.0));
#2440=DIRECTION('',(-1.0,0.0,-1.22464679914735E-16));
#2441=SURFACE_STYLE_FILL_AREA(#4334);
#2442=ORIENTED_EDGE('',*,*,#4332,.F.);
#2443=ORIENTED_EDGE('',*,*,#4335,.T.);
#2444=ORIENTED_EDGE('',*,*,#4336,.T.);
#2445=ORIENTED_EDGE('',*,*,#4337,.T.);
#2446=ORIENTED_EDGE('',*,*,#4338,.T.);
#2447=ORIENTED_EDGE('',*,*,#4339,.T.);
#2448=ORIENTED_EDGE('',*,*,#4340,.T.);
#2449=ORIENTED_EDGE('',*,*,#4341,.F.);
#2450=CARTESIAN_POINT('',(-7.86278999999853,-6.80000986147627,-17.563));
#2451=DIRECTION('',(1.0,0.0,1.22464679914735E-16));
#2452=DIRECTION('',(1.22464679914735E-16,0.0,-1.0));
#2453=SURFACE_STYLE_FILL_AREA(#4342);
#2454=ORIENTED_EDGE('',*,*,#4343,.F.);
#2455=ORIENTED_EDGE('',*,*,#4344,.T.);
#2456=ORIENTED_EDGE('',*,*,#4330,.T.);
#2457=ORIENTED_EDGE('',*,*,#4345,.T.);
#2458=ORIENTED_EDGE('',*,*,#4346,.T.);
#2459=ORIENTED_EDGE('',*,*,#4347,.F.);
#2460=ORIENTED_EDGE('',*,*,#4348,.F.);
#2461=ORIENTED_EDGE('',*,*,#4349,.F.);
#2462=CARTESIAN_POINT('',(-8.93720999999853,-6.80000986147627,-18.63742));
#2463=DIRECTION('',(-1.0,0.0,-1.22464679914735E-16));
#2464=DIRECTION('',(0.0,1.0,0.0));
#2465=SURFACE_STYLE_FILL_AREA(#4350);
#2466=ORIENTED_EDGE('',*,*,#4336,.F.);
#2467=ORIENTED_EDGE('',*,*,#4351,.T.);
#2468=ORIENTED_EDGE('',*,*,#4343,.T.);
#2469=ORIENTED_EDGE('',*,*,#4352,.T.);
#2470=CARTESIAN_POINT('',(-8.93720999999853,3.66279,-28.3));
#2471=DIRECTION('',(-0.0,-1.0,0.0));
#2472=DIRECTION('',(-1.22464679914735E-16,0.0,1.0));
#2473=SURFACE_STYLE_FILL_AREA(#4353);
#2474=ORIENTED_EDGE('',*,*,#4354,.F.);
#2475=ORIENTED_EDGE('',*,*,#4355,.F.);
#2476=ORIENTED_EDGE('',*,*,#4356,.F.);
#2477=ORIENTED_EDGE('',*,*,#4357,.F.);
#2478=CARTESIAN_POINT('',(1.74904800000148,-5.74273839294505,-17.314091145836));
#2479=DIRECTION('',(1.0,0.0,1.22464679914735E-16));
#2480=DIRECTION('',(1.52070404599912E-31,-1.0,-1.24174908802921E-15));
#2481=SURFACE_STYLE_FILL_AREA(#4358);
#2482=ORIENTED_EDGE('',*,*,#4359,.T.);
#2483=ORIENTED_EDGE('',*,*,#4360,.F.);
#2484=ORIENTED_EDGE('',*,*,#4361,.F.);
#2485=ORIENTED_EDGE('',*,*,#4362,.F.);
#2486=CARTESIAN_POINT('',(1.74904800000148,-5.74273839294505,-18.8863288541641));
#2487=DIRECTION('',(1.0,0.0,1.22464679914735E-16));
#2488=DIRECTION('',(1.52070404599912E-31,-1.0,-1.24174908802921E-15));
#2489=SURFACE_STYLE_FILL_AREA(#4363);
#2490=ORIENTED_EDGE('',*,*,#4356,.T.);
#2491=ORIENTED_EDGE('',*,*,#4364,.T.);
#2492=ORIENTED_EDGE('',*,*,#4339,.F.);
#2493=ORIENTED_EDGE('',*,*,#4365,.F.);
#2494=ORIENTED_EDGE('',*,*,#4362,.T.);
#2495=ORIENTED_EDGE('',*,*,#4366,.F.);
#2496=CARTESIAN_POINT('',(-9.33197887599519,-5.70916659632099,-7.951162));
#2497=DIRECTION('',(-1.22464679914735E-16,0.0,1.0));
#2498=DIRECTION('',(-1.0,0.0,-1.22464679914735E-16));
#2499=SURFACE_STYLE_FILL_AREA(#4367);
#2500=ORIENTED_EDGE('',*,*,#4347,.T.);
#2501=ORIENTED_EDGE('',*,*,#4368,.F.);
#2502=ORIENTED_EDGE('',*,*,#4354,.T.);
#2503=ORIENTED_EDGE('',*,*,#4369,.T.);
#2504=ORIENTED_EDGE('',*,*,#4360,.T.);
#2505=ORIENTED_EDGE('',*,*,#4370,.T.);
#2506=CARTESIAN_POINT('',(-7.46802112400186,-5.70916659632099,-7.951162));
#2507=DIRECTION('',(-1.22464679914735E-16,0.0,1.0));
#2508=DIRECTION('',(-1.0,0.0,-1.22464679914735E-16));
#2509=SURFACE_STYLE_FILL_AREA(#4371);
#2510=ORIENTED_EDGE('',*,*,#4357,.T.);
#2511=ORIENTED_EDGE('',*,*,#4366,.T.);
#2512=ORIENTED_EDGE('',*,*,#4361,.T.);
#2513=ORIENTED_EDGE('',*,*,#4369,.F.);
#2514=CARTESIAN_POINT('',(-8.39999999999853,-6.49520986147628,-7.951162));
#2515=DIRECTION('',(-1.22464679914735E-16,0.0,1.0));
#2516=DIRECTION('',(-1.0,0.0,-1.22464679914735E-16));
#2517=SURFACE_STYLE_FILL_AREA(#4372);
#2518=ORIENTED_EDGE('',*,*,#4352,.F.);
#2519=ORIENTED_EDGE('',*,*,#4349,.T.);
#2520=ORIENTED_EDGE('',*,*,#4373,.F.);
#2521=ORIENTED_EDGE('',*,*,#4337,.F.);
#2522=CARTESIAN_POINT('',(-7.86278999999853,2.64279,-16.543));
#2523=DIRECTION('',(1.0,0.0,1.22464679914735E-16));
#2524=DIRECTION('',(0.0,-1.0,-0.0));
#2525=SURFACE_STYLE_FILL_AREA(#4374);
#2526=ORIENTED_EDGE('',*,*,#4375,.T.);
#2527=ORIENTED_EDGE('',*,*,#4345,.F.);
#2528=ORIENTED_EDGE('',*,*,#4333,.T.);
#2529=ORIENTED_EDGE('',*,*,#4341,.T.);
#2530=CARTESIAN_POINT('',(-7.86278999999853,2.64279,-16.543));
#2531=DIRECTION('',(1.0,0.0,1.22464679914735E-16));
#2532=DIRECTION('',(0.0,-1.0,-0.0));
#2533=SURFACE_STYLE_FILL_AREA(#4376);
#2534=ORIENTED_EDGE('',*,*,#4355,.T.);
#2535=ORIENTED_EDGE('',*,*,#4368,.T.);
#2536=ORIENTED_EDGE('',*,*,#4346,.F.);
#2537=ORIENTED_EDGE('',*,*,#4375,.F.);
#2538=ORIENTED_EDGE('',*,*,#4340,.F.);
#2539=ORIENTED_EDGE('',*,*,#4364,.F.);
#2540=CARTESIAN_POINT('',(-7.86278999999853,-6.80000986147627,-18.63742));
#2541=DIRECTION('',(1.22464679914735E-16,0.0,-1.0));
#2542=DIRECTION('',(-1.0,0.0,-1.22464679914735E-16));
#2543=SURFACE_STYLE_FILL_AREA(#4377);
#2544=ORIENTED_EDGE('',*,*,#4359,.F.);
#2545=ORIENTED_EDGE('',*,*,#4365,.T.);
#2546=ORIENTED_EDGE('',*,*,#4338,.F.);
#2547=ORIENTED_EDGE('',*,*,#4373,.T.);
#2548=ORIENTED_EDGE('',*,*,#4348,.T.);
#2549=ORIENTED_EDGE('',*,*,#4370,.F.);
#2550=CARTESIAN_POINT('',(-8.93720999999853,-6.80000986147627,-17.563));
#2551=DIRECTION('',(-1.22464679914735E-16,0.0,1.0));
#2552=DIRECTION('',(0.0,-1.0,0.0));
#2553=SURFACE_STYLE_FILL_AREA(#4378);
#2554=ORIENTED_EDGE('',*,*,#4379,.F.);
#2555=ORIENTED_EDGE('',*,*,#4380,.T.);
#2556=ORIENTED_EDGE('',*,*,#4381,.T.);
#2557=ORIENTED_EDGE('',*,*,#4382,.T.);
#2558=ORIENTED_EDGE('',*,*,#4383,.T.);
#2559=ORIENTED_EDGE('',*,*,#4384,.T.);
#2560=CARTESIAN_POINT('',(-12.0627899999985,-6.80000986147627,-13.363));
#2561=DIRECTION('',(1.0,0.0,1.22464679914735E-16));
#2562=DIRECTION('',(1.22464679914735E-16,0.0,-1.0));
#2563=SURFACE_STYLE_FILL_AREA(#4385);
#2564=ORIENTED_EDGE('',*,*,#4386,.F.);
#2565=ORIENTED_EDGE('',*,*,#4387,.T.);
#2566=ORIENTED_EDGE('',*,*,#4388,.T.);
#2567=ORIENTED_EDGE('',*,*,#4389,.T.);
#2568=ORIENTED_EDGE('',*,*,#4390,.F.);
#2569=ORIENTED_EDGE('',*,*,#4391,.T.);
#2570=CARTESIAN_POINT('',(-13.1372099999985,-6.80000986147627,-14.43742));
#2571=DIRECTION('',(-1.0,0.0,-1.22464679914735E-16));
#2572=DIRECTION('',(0.0,1.0,0.0));
#2573=SURFACE_STYLE_FILL_AREA(#4392);
#2574=ORIENTED_EDGE('',*,*,#4393,.F.);
#2575=ORIENTED_EDGE('',*,*,#4394,.F.);
#2576=ORIENTED_EDGE('',*,*,#4395,.F.);
#2577=ORIENTED_EDGE('',*,*,#4396,.F.);
#2578=CARTESIAN_POINT('',(-2.45095199999852,-5.74273839294506,-13.114091145836));
#2579=DIRECTION('',(1.0,0.0,1.22464679914735E-16));
#2580=DIRECTION('',(1.52070404599912E-31,-1.0,-1.24174908802921E-15));
#2581=SURFACE_STYLE_FILL_AREA(#4397);
#2582=ORIENTED_EDGE('',*,*,#4398,.T.);
#2583=ORIENTED_EDGE('',*,*,#4399,.F.);
#2584=ORIENTED_EDGE('',*,*,#4400,.F.);
#2585=ORIENTED_EDGE('',*,*,#4401,.F.);
#2586=CARTESIAN_POINT('',(-2.45095199999852,-5.74273839294506,-14.6863288541641));
#2587=DIRECTION('',(1.0,0.0,1.22464679914735E-16));
#2588=DIRECTION('',(1.52070404599912E-31,-1.0,-1.24174908802921E-15));
#2589=SURFACE_STYLE_FILL_AREA(#4402);
#2590=ORIENTED_EDGE('',*,*,#4395,.T.);
#2591=ORIENTED_EDGE('',*,*,#4403,.T.);
#2592=ORIENTED_EDGE('',*,*,#4383,.F.);
#2593=ORIENTED_EDGE('',*,*,#4404,.F.);
#2594=ORIENTED_EDGE('',*,*,#4401,.T.);
#2595=ORIENTED_EDGE('',*,*,#4405,.F.);
#2596=CARTESIAN_POINT('',(-13.5319788759952,-5.70916659632099,-3.751162));
#2597=DIRECTION('',(-1.22464679914735E-16,0.0,1.0));
#2598=DIRECTION('',(-1.0,0.0,-1.22464679914735E-16));
#2599=SURFACE_STYLE_FILL_AREA(#4406);
#2600=ORIENTED_EDGE('',*,*,#4390,.T.);
#2601=ORIENTED_EDGE('',*,*,#4407,.F.);
#2602=ORIENTED_EDGE('',*,*,#4393,.T.);
#2603=ORIENTED_EDGE('',*,*,#4408,.T.);
#2604=ORIENTED_EDGE('',*,*,#4399,.T.);
#2605=ORIENTED_EDGE('',*,*,#4409,.T.);
#2606=CARTESIAN_POINT('',(-11.6680211240019,-5.70916659632099,-3.751162));
#2607=DIRECTION('',(-1.22464679914735E-16,0.0,1.0));
#2608=DIRECTION('',(-1.0,0.0,-1.22464679914735E-16));
#2609=SURFACE_STYLE_FILL_AREA(#4410);
#2610=ORIENTED_EDGE('',*,*,#4396,.T.);
#2611=ORIENTED_EDGE('',*,*,#4405,.T.);
#2612=ORIENTED_EDGE('',*,*,#4400,.T.);
#2613=ORIENTED_EDGE('',*,*,#4408,.F.);
#2614=CARTESIAN_POINT('',(-12.5999999999985,-6.49520986147629,-3.751162));
#2615=DIRECTION('',(-1.22464679914735E-16,0.0,1.0));
#2616=DIRECTION('',(-1.0,0.0,-1.22464679914735E-16));
#2617=SURFACE_STYLE_FILL_AREA(#4411);
#2618=ORIENTED_EDGE('',*,*,#4412,.F.);
#2619=ORIENTED_EDGE('',*,*,#4386,.T.);
#2620=ORIENTED_EDGE('',*,*,#4413,.F.);
#2621=ORIENTED_EDGE('',*,*,#4381,.F.);
#2622=CARTESIAN_POINT('',(-12.0627899999985,-1.55721,-12.343));
#2623=DIRECTION('',(1.0,0.0,1.22464679914735E-16));
#2624=DIRECTION('',(0.0,-1.0,-0.0));
#2625=SURFACE_STYLE_FILL_AREA(#4414);
#2626=ORIENTED_EDGE('',*,*,#4388,.F.);
#2627=ORIENTED_EDGE('',*,*,#4415,.T.);
#2628=ORIENTED_EDGE('',*,*,#4379,.T.);
#2629=ORIENTED_EDGE('',*,*,#4416,.T.);
#2630=CARTESIAN_POINT('',(-12.0627899999985,-1.55721,-12.343));
#2631=DIRECTION('',(1.0,0.0,1.22464679914735E-16));
#2632=DIRECTION('',(0.0,-1.0,-0.0));
#2633=SURFACE_STYLE_FILL_AREA(#4417);
#2634=ORIENTED_EDGE('',*,*,#4394,.T.);
#2635=ORIENTED_EDGE('',*,*,#4407,.T.);
#2636=ORIENTED_EDGE('',*,*,#4389,.F.);
#2637=ORIENTED_EDGE('',*,*,#4416,.F.);
#2638=ORIENTED_EDGE('',*,*,#4384,.F.);
#2639=ORIENTED_EDGE('',*,*,#4403,.F.);
#2640=CARTESIAN_POINT('',(-12.0627899999985,-6.80000986147627,-14.43742));
#2641=DIRECTION('',(1.22464679914735E-16,0.0,-1.0));
#2642=DIRECTION('',(-1.0,0.0,-1.22464679914735E-16));
#2643=SURFACE_STYLE_FILL_AREA(#4418);
#2644=ORIENTED_EDGE('',*,*,#4398,.F.);
#2645=ORIENTED_EDGE('',*,*,#4404,.T.);
#2646=ORIENTED_EDGE('',*,*,#4382,.F.);
#2647=ORIENTED_EDGE('',*,*,#4413,.T.);
#2648=ORIENTED_EDGE('',*,*,#4391,.F.);
#2649=ORIENTED_EDGE('',*,*,#4409,.F.);
#2650=CARTESIAN_POINT('',(-13.1372099999985,-6.80000986147627,-13.363));
#2651=DIRECTION('',(-1.22464679914735E-16,0.0,1.0));
#2652=DIRECTION('',(0.0,-1.0,0.0));
#2653=SURFACE_STYLE_FILL_AREA(#4419);
#2654=ORIENTED_EDGE('',*,*,#4420,.F.);
#2655=ORIENTED_EDGE('',*,*,#4421,.T.);
#2656=ORIENTED_EDGE('',*,*,#4422,.T.);
#2657=ORIENTED_EDGE('',*,*,#4423,.F.);
#2658=CARTESIAN_POINT('',(-12.0627899999985,4.73721,-28.3));
#2659=DIRECTION('',(0.0,1.0,0.0));
#2660=DIRECTION('',(-1.0,0.0,-1.22464679914735E-16));
#2661=SURFACE_STYLE_FILL_AREA(#4424);
#2662=ORIENTED_EDGE('',*,*,#4422,.F.);
#2663=ORIENTED_EDGE('',*,*,#4425,.T.);
#2664=ORIENTED_EDGE('',*,*,#4426,.T.);
#2665=ORIENTED_EDGE('',*,*,#4427,.T.);
#2666=ORIENTED_EDGE('',*,*,#4428,.T.);
#2667=ORIENTED_EDGE('',*,*,#4429,.T.);
#2668=ORIENTED_EDGE('',*,*,#4430,.T.);
#2669=ORIENTED_EDGE('',*,*,#4431,.F.);
#2670=CARTESIAN_POINT('',(-12.0627899999985,-6.80000986147627,-17.563));
#2671=DIRECTION('',(1.0,0.0,1.22464679914735E-16));
#2672=DIRECTION('',(1.22464679914735E-16,0.0,-1.0));
#2673=SURFACE_STYLE_FILL_AREA(#4432);
#2674=ORIENTED_EDGE('',*,*,#4433,.F.);
#2675=ORIENTED_EDGE('',*,*,#4434,.T.);
#2676=ORIENTED_EDGE('',*,*,#4420,.T.);
#2677=ORIENTED_EDGE('',*,*,#4435,.T.);
#2678=ORIENTED_EDGE('',*,*,#4436,.T.);
#2679=ORIENTED_EDGE('',*,*,#4437,.F.);
#2680=ORIENTED_EDGE('',*,*,#4438,.F.);
#2681=ORIENTED_EDGE('',*,*,#4439,.F.);
#2682=CARTESIAN_POINT('',(-13.1372099999985,-6.80000986147627,-18.63742));
#2683=DIRECTION('',(-1.0,0.0,-1.22464679914735E-16));
#2684=DIRECTION('',(0.0,1.0,0.0));
#2685=SURFACE_STYLE_FILL_AREA(#4440);
#2686=ORIENTED_EDGE('',*,*,#4426,.F.);
#2687=ORIENTED_EDGE('',*,*,#4441,.T.);
#2688=ORIENTED_EDGE('',*,*,#4433,.T.);
#2689=ORIENTED_EDGE('',*,*,#4442,.T.);
#2690=CARTESIAN_POINT('',(-13.1372099999985,3.66279,-28.3));
#2691=DIRECTION('',(-0.0,-1.0,0.0));
#2692=DIRECTION('',(-1.22464679914735E-16,0.0,1.0));
#2693=SURFACE_STYLE_FILL_AREA(#4443);
#2694=ORIENTED_EDGE('',*,*,#4444,.F.);
#2695=ORIENTED_EDGE('',*,*,#4445,.F.);
#2696=ORIENTED_EDGE('',*,*,#4446,.F.);
#2697=ORIENTED_EDGE('',*,*,#4447,.F.);
#2698=CARTESIAN_POINT('',(-2.45095199999852,-5.74273839294505,-17.314091145836));
#2699=DIRECTION('',(1.0,0.0,1.22464679914735E-16));
#2700=DIRECTION('',(1.52070404599912E-31,-1.0,-1.24174908802921E-15));
#2701=SURFACE_STYLE_FILL_AREA(#4448);
#2702=ORIENTED_EDGE('',*,*,#4449,.T.);
#2703=ORIENTED_EDGE('',*,*,#4450,.F.);
#2704=ORIENTED_EDGE('',*,*,#4451,.F.);
#2705=ORIENTED_EDGE('',*,*,#4452,.F.);
#2706=CARTESIAN_POINT('',(-2.45095199999852,-5.74273839294505,-18.8863288541641));
#2707=DIRECTION('',(1.0,0.0,1.22464679914735E-16));
#2708=DIRECTION('',(1.52070404599912E-31,-1.0,-1.24174908802921E-15));
#2709=SURFACE_STYLE_FILL_AREA(#4453);
#2710=ORIENTED_EDGE('',*,*,#4446,.T.);
#2711=ORIENTED_EDGE('',*,*,#4454,.T.);
#2712=ORIENTED_EDGE('',*,*,#4429,.F.);
#2713=ORIENTED_EDGE('',*,*,#4455,.F.);
#2714=ORIENTED_EDGE('',*,*,#4452,.T.);
#2715=ORIENTED_EDGE('',*,*,#4456,.F.);
#2716=CARTESIAN_POINT('',(-13.5319788759952,-5.70916659632099,-7.951162));
#2717=DIRECTION('',(-1.22464679914735E-16,0.0,1.0));
#2718=DIRECTION('',(-1.0,0.0,-1.22464679914735E-16));
#2719=SURFACE_STYLE_FILL_AREA(#4457);
#2720=ORIENTED_EDGE('',*,*,#4437,.T.);
#2721=ORIENTED_EDGE('',*,*,#4458,.F.);
#2722=ORIENTED_EDGE('',*,*,#4444,.T.);
#2723=ORIENTED_EDGE('',*,*,#4459,.T.);
#2724=ORIENTED_EDGE('',*,*,#4450,.T.);
#2725=ORIENTED_EDGE('',*,*,#4460,.T.);
#2726=CARTESIAN_POINT('',(-11.6680211240019,-5.70916659632099,-7.951162));
#2727=DIRECTION('',(-1.22464679914735E-16,0.0,1.0));
#2728=DIRECTION('',(-1.0,0.0,-1.22464679914735E-16));
#2729=SURFACE_STYLE_FILL_AREA(#4461);
#2730=ORIENTED_EDGE('',*,*,#4447,.T.);
#2731=ORIENTED_EDGE('',*,*,#4456,.T.);
#2732=ORIENTED_EDGE('',*,*,#4451,.T.);
#2733=ORIENTED_EDGE('',*,*,#4459,.F.);
#2734=CARTESIAN_POINT('',(-12.5999999999985,-6.49520986147628,-7.951162));
#2735=DIRECTION('',(-1.22464679914735E-16,0.0,1.0));
#2736=DIRECTION('',(-1.0,0.0,-1.22464679914735E-16));
#2737=SURFACE_STYLE_FILL_AREA(#4462);
#2738=ORIENTED_EDGE('',*,*,#4442,.F.);
#2739=ORIENTED_EDGE('',*,*,#4439,.T.);
#2740=ORIENTED_EDGE('',*,*,#4463,.F.);
#2741=ORIENTED_EDGE('',*,*,#4427,.F.);
#2742=CARTESIAN_POINT('',(-12.0627899999985,2.64279,-16.543));
#2743=DIRECTION('',(1.0,0.0,1.22464679914735E-16));
#2744=DIRECTION('',(0.0,-1.0,-0.0));
#2745=SURFACE_STYLE_FILL_AREA(#4464);
#2746=ORIENTED_EDGE('',*,*,#4465,.T.);
#2747=ORIENTED_EDGE('',*,*,#4435,.F.);
#2748=ORIENTED_EDGE('',*,*,#4423,.T.);
#2749=ORIENTED_EDGE('',*,*,#4431,.T.);
#2750=CARTESIAN_POINT('',(-12.0627899999985,2.64279,-16.543));
#2751=DIRECTION('',(1.0,0.0,1.22464679914735E-16));
#2752=DIRECTION('',(0.0,-1.0,-0.0));
#2753=SURFACE_STYLE_FILL_AREA(#4466);
#2754=ORIENTED_EDGE('',*,*,#4445,.T.);
#2755=ORIENTED_EDGE('',*,*,#4458,.T.);
#2756=ORIENTED_EDGE('',*,*,#4436,.F.);
#2757=ORIENTED_EDGE('',*,*,#4465,.F.);
#2758=ORIENTED_EDGE('',*,*,#4430,.F.);
#2759=ORIENTED_EDGE('',*,*,#4454,.F.);
#2760=CARTESIAN_POINT('',(-12.0627899999985,-6.80000986147627,-18.63742));
#2761=DIRECTION('',(1.22464679914735E-16,0.0,-1.0));
#2762=DIRECTION('',(-1.0,0.0,-1.22464679914735E-16));
#2763=SURFACE_STYLE_FILL_AREA(#4467);
#2764=ORIENTED_EDGE('',*,*,#4449,.F.);
#2765=ORIENTED_EDGE('',*,*,#4455,.T.);
#2766=ORIENTED_EDGE('',*,*,#4428,.F.);
#2767=ORIENTED_EDGE('',*,*,#4463,.T.);
#2768=ORIENTED_EDGE('',*,*,#4438,.T.);
#2769=ORIENTED_EDGE('',*,*,#4460,.F.);
#2770=CARTESIAN_POINT('',(-13.1372099999985,-6.80000986147627,-17.563));
#2771=DIRECTION('',(-1.22464679914735E-16,0.0,1.0));
#2772=DIRECTION('',(0.0,-1.0,0.0));
#2773=SURFACE_STYLE_FILL_AREA(#4468);
#2774=ORIENTED_EDGE('',*,*,#4469,.F.);
#2775=ORIENTED_EDGE('',*,*,#4470,.T.);
#2776=ORIENTED_EDGE('',*,*,#4471,.F.);
#2777=ORIENTED_EDGE('',*,*,#4472,.F.);
#2778=CARTESIAN_POINT('',(-4.19999999999852,-5.949048,-4.1048));
#2779=DIRECTION('',(0.0,-1.0,0.0));
#2780=DIRECTION('',(1.0,0.0,1.22464679914735E-16));
#2781=SURFACE_STYLE_FILL_AREA(#4473);
#2782=ORIENTED_EDGE('',*,*,#4474,.T.);
#2783=ORIENTED_EDGE('',*,*,#4475,.T.);
#2784=ORIENTED_EDGE('',*,*,#4471,.T.);
#2785=ORIENTED_EDGE('',*,*,#4476,.T.);
#2786=CARTESIAN_POINT('',(-14.3490479999985,4.98611885416404,-4.85727146853121));
#2787=DIRECTION('',(-1.0,0.0,-1.22464679914735E-16));
#2788=DIRECTION('',(-1.22464679914735E-16,0.0,1.0));
#2789=SURFACE_STYLE_FILL_AREA(#4477);
#2790=ORIENTED_EDGE('',*,*,#4475,.F.);
#2791=ORIENTED_EDGE('',*,*,#4478,.F.);
#2792=ORIENTED_EDGE('',*,*,#4479,.T.);
#2793=ORIENTED_EDGE('',*,*,#4480,.F.);
#2794=ORIENTED_EDGE('',*,*,#4481,.F.);
#2795=ORIENTED_EDGE('',*,*,#4472,.T.);
#2796=CARTESIAN_POINT('',(-5.13197887599519,-5.949048,-4.89084326515529));
#2797=DIRECTION('',(0.0,-1.0,0.0));
#2798=DIRECTION('',(1.0,0.0,1.22464679914735E-16));
#2799=SURFACE_STYLE_FILL_AREA(#4482);
#2800=ORIENTED_EDGE('',*,*,#4483,.F.);
#2801=ORIENTED_EDGE('',*,*,#4484,.T.);
#2802=ORIENTED_EDGE('',*,*,#4469,.T.);
#2803=ORIENTED_EDGE('',*,*,#4481,.T.);
#2804=CARTESIAN_POINT('',(-14.3490479999985,3.41388114583596,-4.85727146853121));
#2805=DIRECTION('',(-1.0,0.0,-1.22464679914735E-16));
#2806=DIRECTION('',(-1.22464679914735E-16,0.0,1.0));
#2807=SURFACE_STYLE_FILL_AREA(#4485);
#2808=ORIENTED_EDGE('',*,*,#4486,.F.);
#2809=ORIENTED_EDGE('',*,*,#4487,.F.);
#2810=ORIENTED_EDGE('',*,*,#4476,.F.);
#2811=ORIENTED_EDGE('',*,*,#4470,.F.);
#2812=ORIENTED_EDGE('',*,*,#4484,.F.);
#2813=ORIENTED_EDGE('',*,*,#4488,.F.);
#2814=CARTESIAN_POINT('',(-3.26802112400186,-5.949048,-4.89084326515529));
#2815=DIRECTION('',(0.0,-1.0,0.0));
#2816=DIRECTION('',(1.0,0.0,1.22464679914735E-16));
#2817=SURFACE_STYLE_FILL_AREA(#4489);
#2818=ORIENTED_EDGE('',*,*,#4490,.F.);
#2819=ORIENTED_EDGE('',*,*,#4491,.T.);
#2820=ORIENTED_EDGE('',*,*,#4492,.T.);
#2821=ORIENTED_EDGE('',*,*,#4488,.T.);
#2822=ORIENTED_EDGE('',*,*,#4483,.T.);
#2823=ORIENTED_EDGE('',*,*,#4480,.T.);
#2824=CARTESIAN_POINT('',(-3.66278999999853,4.73721,-28.3));
#2825=DIRECTION('',(0.0,1.0,0.0));
#2826=DIRECTION('',(-1.0,0.0,-1.22464679914735E-16));
#2827=SURFACE_STYLE_FILL_AREA(#4493);
#2828=ORIENTED_EDGE('',*,*,#4494,.F.);
#2829=ORIENTED_EDGE('',*,*,#4495,.T.);
#2830=ORIENTED_EDGE('',*,*,#4490,.T.);
#2831=ORIENTED_EDGE('',*,*,#4479,.F.);
#2832=CARTESIAN_POINT('',(-3.66278999999853,-6.80000986147627,-17.563));
#2833=DIRECTION('',(1.0,0.0,1.22464679914735E-16));
#2834=DIRECTION('',(1.22464679914735E-16,0.0,-1.0));
#2835=SURFACE_STYLE_FILL_AREA(#4496);
#2836=ORIENTED_EDGE('',*,*,#4492,.F.);
#2837=ORIENTED_EDGE('',*,*,#4497,.T.);
#2838=ORIENTED_EDGE('',*,*,#4498,.T.);
#2839=ORIENTED_EDGE('',*,*,#4486,.T.);
#2840=CARTESIAN_POINT('',(-4.73720999999853,-6.80000986147627,-18.63742));
#2841=DIRECTION('',(-1.0,0.0,-1.22464679914735E-16));
#2842=DIRECTION('',(0.0,1.0,0.0));
#2843=SURFACE_STYLE_FILL_AREA(#4499);
#2844=ORIENTED_EDGE('',*,*,#4498,.F.);
#2845=ORIENTED_EDGE('',*,*,#4500,.T.);
#2846=ORIENTED_EDGE('',*,*,#4494,.T.);
#2847=ORIENTED_EDGE('',*,*,#4478,.T.);
#2848=ORIENTED_EDGE('',*,*,#4474,.F.);
#2849=ORIENTED_EDGE('',*,*,#4487,.T.);
#2850=CARTESIAN_POINT('',(-4.73720999999853,3.66279,-28.3));
#2851=DIRECTION('',(-0.0,-1.0,0.0));
#2852=DIRECTION('',(-1.22464679914735E-16,0.0,1.0));
#2853=SURFACE_STYLE_FILL_AREA(#4501);
#2854=ORIENTED_EDGE('',*,*,#4502,.F.);
#2855=ORIENTED_EDGE('',*,*,#4503,.T.);
#2856=ORIENTED_EDGE('',*,*,#4504,.F.);
#2857=ORIENTED_EDGE('',*,*,#4505,.F.);
#2858=CARTESIAN_POINT('',(1.48108917976431E-12,-10.149048,-4.1048));
#2859=DIRECTION('',(0.0,-1.0,0.0));
#2860=DIRECTION('',(1.0,0.0,1.22464679914735E-16));
#2861=SURFACE_STYLE_FILL_AREA(#4506);
#2862=ORIENTED_EDGE('',*,*,#4507,.T.);
#2863=ORIENTED_EDGE('',*,*,#4508,.T.);
#2864=ORIENTED_EDGE('',*,*,#4504,.T.);
#2865=ORIENTED_EDGE('',*,*,#4509,.T.);
#2866=CARTESIAN_POINT('',(-10.1490479999985,0.786118854164037,-4.85727146853122));
#2867=DIRECTION('',(-1.0,0.0,-1.22464679914735E-16));
#2868=DIRECTION('',(-1.22464679914735E-16,0.0,1.0));
#2869=SURFACE_STYLE_FILL_AREA(#4510);
#2870=ORIENTED_EDGE('',*,*,#4508,.F.);
#2871=ORIENTED_EDGE('',*,*,#4511,.F.);
#2872=ORIENTED_EDGE('',*,*,#4512,.T.);
#2873=ORIENTED_EDGE('',*,*,#4513,.F.);
#2874=ORIENTED_EDGE('',*,*,#4514,.F.);
#2875=ORIENTED_EDGE('',*,*,#4505,.T.);
#2876=CARTESIAN_POINT('',(-0.931978875995189,-10.149048,-4.89084326515529));
#2877=DIRECTION('',(0.0,-1.0,0.0));
#2878=DIRECTION('',(1.0,0.0,1.22464679914735E-16));
#2879=SURFACE_STYLE_FILL_AREA(#4515);
#2880=ORIENTED_EDGE('',*,*,#4516,.F.);
#2881=ORIENTED_EDGE('',*,*,#4517,.T.);
#2882=ORIENTED_EDGE('',*,*,#4502,.T.);
#2883=ORIENTED_EDGE('',*,*,#4514,.T.);
#2884=CARTESIAN_POINT('',(-10.1490479999985,-0.786118854164038,-4.85727146853122));
#2885=DIRECTION('',(-1.0,0.0,-1.22464679914735E-16));
#2886=DIRECTION('',(-1.22464679914735E-16,0.0,1.0));
#2887=SURFACE_STYLE_FILL_AREA(#4518);
#2888=ORIENTED_EDGE('',*,*,#4519,.F.);
#2889=ORIENTED_EDGE('',*,*,#4520,.F.);
#2890=ORIENTED_EDGE('',*,*,#4509,.F.);
#2891=ORIENTED_EDGE('',*,*,#4503,.F.);
#2892=ORIENTED_EDGE('',*,*,#4517,.F.);
#2893=ORIENTED_EDGE('',*,*,#4521,.F.);
#2894=CARTESIAN_POINT('',(0.931978875998152,-10.149048,-4.89084326515529));
#2895=DIRECTION('',(0.0,-1.0,0.0));
#2896=DIRECTION('',(1.0,0.0,1.22464679914735E-16));
#2897=SURFACE_STYLE_FILL_AREA(#4522);
#2898=ORIENTED_EDGE('',*,*,#4523,.F.);
#2899=ORIENTED_EDGE('',*,*,#4524,.T.);
#2900=ORIENTED_EDGE('',*,*,#4525,.T.);
#2901=ORIENTED_EDGE('',*,*,#4521,.T.);
#2902=ORIENTED_EDGE('',*,*,#4516,.T.);
#2903=ORIENTED_EDGE('',*,*,#4513,.T.);
#2904=CARTESIAN_POINT('',(0.537210000001482,0.53721,-19.9));
#2905=DIRECTION('',(0.0,1.0,0.0));
#2906=DIRECTION('',(-1.0,0.0,-1.22464679914735E-16));
#2907=SURFACE_STYLE_FILL_AREA(#4526);
#2908=ORIENTED_EDGE('',*,*,#4527,.F.);
#2909=ORIENTED_EDGE('',*,*,#4528,.T.);
#2910=ORIENTED_EDGE('',*,*,#4523,.T.);
#2911=ORIENTED_EDGE('',*,*,#4512,.F.);
#2912=CARTESIAN_POINT('',(0.537210000001482,-6.80000986147627,-13.363));
#2913=DIRECTION('',(1.0,0.0,1.22464679914735E-16));
#2914=DIRECTION('',(1.22464679914735E-16,0.0,-1.0));
#2915=SURFACE_STYLE_FILL_AREA(#4529);
#2916=ORIENTED_EDGE('',*,*,#4525,.F.);
#2917=ORIENTED_EDGE('',*,*,#4530,.T.);
#2918=ORIENTED_EDGE('',*,*,#4531,.T.);
#2919=ORIENTED_EDGE('',*,*,#4519,.T.);
#2920=CARTESIAN_POINT('',(-0.537209999998518,-6.80000986147627,-14.43742));
#2921=DIRECTION('',(-1.0,0.0,-1.22464679914735E-16));
#2922=DIRECTION('',(0.0,1.0,0.0));
#2923=SURFACE_STYLE_FILL_AREA(#4532);
#2924=ORIENTED_EDGE('',*,*,#4531,.F.);
#2925=ORIENTED_EDGE('',*,*,#4533,.T.);
#2926=ORIENTED_EDGE('',*,*,#4527,.T.);
#2927=ORIENTED_EDGE('',*,*,#4511,.T.);
#2928=ORIENTED_EDGE('',*,*,#4507,.F.);
#2929=ORIENTED_EDGE('',*,*,#4520,.T.);
#2930=CARTESIAN_POINT('',(-0.537209999998518,-0.53721,-19.9));
#2931=DIRECTION('',(-0.0,-1.0,0.0));
#2932=DIRECTION('',(-1.22464679914735E-16,0.0,1.0));
#2933=SURFACE_STYLE_FILL_AREA(#4534);
#2934=ORIENTED_EDGE('',*,*,#4535,.F.);
#2935=ORIENTED_EDGE('',*,*,#4536,.T.);
#2936=ORIENTED_EDGE('',*,*,#4537,.F.);
#2937=ORIENTED_EDGE('',*,*,#4538,.F.);
#2938=CARTESIAN_POINT('',(-8.39999999999852,-5.949048,-4.1048));
#2939=DIRECTION('',(0.0,-1.0,0.0));
#2940=DIRECTION('',(1.0,0.0,1.22464679914735E-16));
#2941=SURFACE_STYLE_FILL_AREA(#4539);
#2942=ORIENTED_EDGE('',*,*,#4540,.T.);
#2943=ORIENTED_EDGE('',*,*,#4541,.T.);
#2944=ORIENTED_EDGE('',*,*,#4537,.T.);
#2945=ORIENTED_EDGE('',*,*,#4542,.T.);
#2946=CARTESIAN_POINT('',(-18.5490479999985,4.98611885416404,-4.85727146853121));
#2947=DIRECTION('',(-1.0,0.0,-1.22464679914735E-16));
#2948=DIRECTION('',(-1.22464679914735E-16,0.0,1.0));
#2949=SURFACE_STYLE_FILL_AREA(#4543);
#2950=ORIENTED_EDGE('',*,*,#4541,.F.);
#2951=ORIENTED_EDGE('',*,*,#4544,.F.);
#2952=ORIENTED_EDGE('',*,*,#4545,.T.);
#2953=ORIENTED_EDGE('',*,*,#4546,.F.);
#2954=ORIENTED_EDGE('',*,*,#4547,.F.);
#2955=ORIENTED_EDGE('',*,*,#4538,.T.);
#2956=CARTESIAN_POINT('',(-9.33197887599519,-5.949048,-4.89084326515529));
#2957=DIRECTION('',(0.0,-1.0,0.0));
#2958=DIRECTION('',(1.0,0.0,1.22464679914735E-16));
#2959=SURFACE_STYLE_FILL_AREA(#4548);
#2960=ORIENTED_EDGE('',*,*,#4549,.F.);
#2961=ORIENTED_EDGE('',*,*,#4550,.T.);
#2962=ORIENTED_EDGE('',*,*,#4535,.T.);
#2963=ORIENTED_EDGE('',*,*,#4547,.T.);
#2964=CARTESIAN_POINT('',(-18.5490479999985,3.41388114583596,-4.85727146853121));
#2965=DIRECTION('',(-1.0,0.0,-1.22464679914735E-16));
#2966=DIRECTION('',(-1.22464679914735E-16,0.0,1.0));
#2967=SURFACE_STYLE_FILL_AREA(#4551);
#2968=ORIENTED_EDGE('',*,*,#4552,.F.);
#2969=ORIENTED_EDGE('',*,*,#4553,.F.);
#2970=ORIENTED_EDGE('',*,*,#4542,.F.);
#2971=ORIENTED_EDGE('',*,*,#4536,.F.);
#2972=ORIENTED_EDGE('',*,*,#4550,.F.);
#2973=ORIENTED_EDGE('',*,*,#4554,.F.);
#2974=CARTESIAN_POINT('',(-7.46802112400186,-5.949048,-4.89084326515529));
#2975=DIRECTION('',(0.0,-1.0,0.0));
#2976=DIRECTION('',(1.0,0.0,1.22464679914735E-16));
#2977=SURFACE_STYLE_FILL_AREA(#4555);
#2978=ORIENTED_EDGE('',*,*,#4556,.F.);
#2979=ORIENTED_EDGE('',*,*,#4557,.T.);
#2980=ORIENTED_EDGE('',*,*,#4558,.T.);
#2981=ORIENTED_EDGE('',*,*,#4554,.T.);
#2982=ORIENTED_EDGE('',*,*,#4549,.T.);
#2983=ORIENTED_EDGE('',*,*,#4546,.T.);
#2984=CARTESIAN_POINT('',(-7.86278999999853,4.73721,-28.3));
#2985=DIRECTION('',(0.0,1.0,0.0));
#2986=DIRECTION('',(-1.0,0.0,-1.22464679914735E-16));
#2987=SURFACE_STYLE_FILL_AREA(#4559);
#2988=ORIENTED_EDGE('',*,*,#4560,.F.);
#2989=ORIENTED_EDGE('',*,*,#4561,.T.);
#2990=ORIENTED_EDGE('',*,*,#4556,.T.);
#2991=ORIENTED_EDGE('',*,*,#4545,.F.);
#2992=CARTESIAN_POINT('',(-7.86278999999853,-6.80000986147627,-17.563));
#2993=DIRECTION('',(1.0,0.0,1.22464679914735E-16));
#2994=DIRECTION('',(1.22464679914735E-16,0.0,-1.0));
#2995=SURFACE_STYLE_FILL_AREA(#4562);
#2996=ORIENTED_EDGE('',*,*,#4558,.F.);
#2997=ORIENTED_EDGE('',*,*,#4563,.T.);
#2998=ORIENTED_EDGE('',*,*,#4564,.T.);
#2999=ORIENTED_EDGE('',*,*,#4552,.T.);
#3000=CARTESIAN_POINT('',(-8.93720999999853,-6.80000986147627,-18.63742));
#3001=DIRECTION('',(-1.0,0.0,-1.22464679914735E-16));
#3002=DIRECTION('',(0.0,1.0,0.0));
#3003=SURFACE_STYLE_FILL_AREA(#4565);
#3004=ORIENTED_EDGE('',*,*,#4564,.F.);
#3005=ORIENTED_EDGE('',*,*,#4566,.T.);
#3006=ORIENTED_EDGE('',*,*,#4560,.T.);
#3007=ORIENTED_EDGE('',*,*,#4544,.T.);
#3008=ORIENTED_EDGE('',*,*,#4540,.F.);
#3009=ORIENTED_EDGE('',*,*,#4553,.T.);
#3010=CARTESIAN_POINT('',(-8.93720999999853,3.66279,-28.3));
#3011=DIRECTION('',(-0.0,-1.0,0.0));
#3012=DIRECTION('',(-1.22464679914735E-16,0.0,1.0));
#3013=SURFACE_STYLE_FILL_AREA(#4567);
#3014=ORIENTED_EDGE('',*,*,#4568,.F.);
#3015=ORIENTED_EDGE('',*,*,#4569,.T.);
#3016=ORIENTED_EDGE('',*,*,#4570,.F.);
#3017=ORIENTED_EDGE('',*,*,#4571,.F.);
#3018=CARTESIAN_POINT('',(-12.5999999999985,-5.949048,-4.1048));
#3019=DIRECTION('',(0.0,-1.0,0.0));
#3020=DIRECTION('',(1.0,0.0,1.22464679914735E-16));
#3021=SURFACE_STYLE_FILL_AREA(#4572);
#3022=ORIENTED_EDGE('',*,*,#4573,.T.);
#3023=ORIENTED_EDGE('',*,*,#4574,.T.);
#3024=ORIENTED_EDGE('',*,*,#4570,.T.);
#3025=ORIENTED_EDGE('',*,*,#4575,.T.);
#3026=CARTESIAN_POINT('',(-22.7490479999985,4.98611885416404,-4.85727146853121));
#3027=DIRECTION('',(-1.0,0.0,-1.22464679914735E-16));
#3028=DIRECTION('',(-1.22464679914735E-16,0.0,1.0));
#3029=SURFACE_STYLE_FILL_AREA(#4576);
#3030=ORIENTED_EDGE('',*,*,#4574,.F.);
#3031=ORIENTED_EDGE('',*,*,#4577,.F.);
#3032=ORIENTED_EDGE('',*,*,#4578,.T.);
#3033=ORIENTED_EDGE('',*,*,#4579,.F.);
#3034=ORIENTED_EDGE('',*,*,#4580,.F.);
#3035=ORIENTED_EDGE('',*,*,#4571,.T.);
#3036=CARTESIAN_POINT('',(-13.5319788759952,-5.949048,-4.89084326515529));
#3037=DIRECTION('',(0.0,-1.0,0.0));
#3038=DIRECTION('',(1.0,0.0,1.22464679914735E-16));
#3039=SURFACE_STYLE_FILL_AREA(#4581);
#3040=ORIENTED_EDGE('',*,*,#4582,.F.);
#3041=ORIENTED_EDGE('',*,*,#4583,.T.);
#3042=ORIENTED_EDGE('',*,*,#4568,.T.);
#3043=ORIENTED_EDGE('',*,*,#4580,.T.);
#3044=CARTESIAN_POINT('',(-22.7490479999985,3.41388114583596,-4.85727146853121));
#3045=DIRECTION('',(-1.0,0.0,-1.22464679914735E-16));
#3046=DIRECTION('',(-1.22464679914735E-16,0.0,1.0));
#3047=SURFACE_STYLE_FILL_AREA(#4584);
#3048=ORIENTED_EDGE('',*,*,#4585,.F.);
#3049=ORIENTED_EDGE('',*,*,#4586,.F.);
#3050=ORIENTED_EDGE('',*,*,#4575,.F.);
#3051=ORIENTED_EDGE('',*,*,#4569,.F.);
#3052=ORIENTED_EDGE('',*,*,#4583,.F.);
#3053=ORIENTED_EDGE('',*,*,#4587,.F.);
#3054=CARTESIAN_POINT('',(-11.6680211240019,-5.949048,-4.89084326515529));
#3055=DIRECTION('',(0.0,-1.0,0.0));
#3056=DIRECTION('',(1.0,0.0,1.22464679914735E-16));
#3057=SURFACE_STYLE_FILL_AREA(#4588);
#3058=ORIENTED_EDGE('',*,*,#4589,.F.);
#3059=ORIENTED_EDGE('',*,*,#4590,.T.);
#3060=ORIENTED_EDGE('',*,*,#4591,.T.);
#3061=ORIENTED_EDGE('',*,*,#4587,.T.);
#3062=ORIENTED_EDGE('',*,*,#4582,.T.);
#3063=ORIENTED_EDGE('',*,*,#4579,.T.);
#3064=CARTESIAN_POINT('',(-12.0627899999985,4.73721,-28.3));
#3065=DIRECTION('',(0.0,1.0,0.0));
#3066=DIRECTION('',(-1.0,0.0,-1.22464679914735E-16));
#3067=SURFACE_STYLE_FILL_AREA(#4592);
#3068=ORIENTED_EDGE('',*,*,#4593,.F.);
#3069=ORIENTED_EDGE('',*,*,#4594,.T.);
#3070=ORIENTED_EDGE('',*,*,#4589,.T.);
#3071=ORIENTED_EDGE('',*,*,#4578,.F.);
#3072=CARTESIAN_POINT('',(-12.0627899999985,-6.80000986147627,-17.563));
#3073=DIRECTION('',(1.0,0.0,1.22464679914735E-16));
#3074=DIRECTION('',(1.22464679914735E-16,0.0,-1.0));
#3075=SURFACE_STYLE_FILL_AREA(#4595);
#3076=ORIENTED_EDGE('',*,*,#4591,.F.);
#3077=ORIENTED_EDGE('',*,*,#4596,.T.);
#3078=ORIENTED_EDGE('',*,*,#4597,.T.);
#3079=ORIENTED_EDGE('',*,*,#4585,.T.);
#3080=CARTESIAN_POINT('',(-13.1372099999985,-6.80000986147627,-18.63742));
#3081=DIRECTION('',(-1.0,0.0,-1.22464679914735E-16));
#3082=DIRECTION('',(0.0,1.0,0.0));
#3083=SURFACE_STYLE_FILL_AREA(#4598);
#3084=ORIENTED_EDGE('',*,*,#4597,.F.);
#3085=ORIENTED_EDGE('',*,*,#4599,.T.);
#3086=ORIENTED_EDGE('',*,*,#4593,.T.);
#3087=ORIENTED_EDGE('',*,*,#4577,.T.);
#3088=ORIENTED_EDGE('',*,*,#4573,.F.);
#3089=ORIENTED_EDGE('',*,*,#4586,.T.);
#3090=CARTESIAN_POINT('',(-13.1372099999985,3.66279,-28.3));
#3091=DIRECTION('',(-0.0,-1.0,0.0));
#3092=DIRECTION('',(-1.22464679914735E-16,0.0,1.0));
#3093=SURFACE_STYLE_FILL_AREA(#4600);
#3094=ORIENTED_EDGE('',*,*,#4601,.F.);
#3095=ORIENTED_EDGE('',*,*,#4602,.T.);
#3096=ORIENTED_EDGE('',*,*,#4603,.F.);
#3097=ORIENTED_EDGE('',*,*,#4604,.F.);
#3098=CARTESIAN_POINT('',(1.48108917976431E-12,-5.949048,-4.1048));
#3099=DIRECTION('',(0.0,-1.0,0.0));
#3100=DIRECTION('',(1.0,0.0,1.22464679914735E-16));
#3101=SURFACE_STYLE_FILL_AREA(#4605);
#3102=ORIENTED_EDGE('',*,*,#4606,.T.);
#3103=ORIENTED_EDGE('',*,*,#4607,.T.);
#3104=ORIENTED_EDGE('',*,*,#4603,.T.);
#3105=ORIENTED_EDGE('',*,*,#4608,.T.);
#3106=CARTESIAN_POINT('',(-10.1490479999985,4.98611885416404,-4.85727146853121));
#3107=DIRECTION('',(-1.0,0.0,-1.22464679914735E-16));
#3108=DIRECTION('',(-1.22464679914735E-16,0.0,1.0));
#3109=SURFACE_STYLE_FILL_AREA(#4609);
#3110=ORIENTED_EDGE('',*,*,#4607,.F.);
#3111=ORIENTED_EDGE('',*,*,#4610,.F.);
#3112=ORIENTED_EDGE('',*,*,#4611,.T.);
#3113=ORIENTED_EDGE('',*,*,#4612,.F.);
#3114=ORIENTED_EDGE('',*,*,#4613,.F.);
#3115=ORIENTED_EDGE('',*,*,#4604,.T.);
#3116=CARTESIAN_POINT('',(-0.931978875995189,-5.949048,-4.89084326515529));
#3117=DIRECTION('',(0.0,-1.0,0.0));
#3118=DIRECTION('',(1.0,0.0,1.22464679914735E-16));
#3119=SURFACE_STYLE_FILL_AREA(#4614);
#3120=ORIENTED_EDGE('',*,*,#4615,.F.);
#3121=ORIENTED_EDGE('',*,*,#4616,.T.);
#3122=ORIENTED_EDGE('',*,*,#4601,.T.);
#3123=ORIENTED_EDGE('',*,*,#4613,.T.);
#3124=CARTESIAN_POINT('',(-10.1490479999985,3.41388114583596,-4.85727146853121));
#3125=DIRECTION('',(-1.0,0.0,-1.22464679914735E-16));
#3126=DIRECTION('',(-1.22464679914735E-16,0.0,1.0));
#3127=SURFACE_STYLE_FILL_AREA(#4617);
#3128=ORIENTED_EDGE('',*,*,#4618,.F.);
#3129=ORIENTED_EDGE('',*,*,#4619,.F.);
#3130=ORIENTED_EDGE('',*,*,#4608,.F.);
#3131=ORIENTED_EDGE('',*,*,#4602,.F.);
#3132=ORIENTED_EDGE('',*,*,#4616,.F.);
#3133=ORIENTED_EDGE('',*,*,#4620,.F.);
#3134=CARTESIAN_POINT('',(0.931978875998142,-5.949048,-4.89084326515529));
#3135=DIRECTION('',(0.0,-1.0,0.0));
#3136=DIRECTION('',(1.0,0.0,1.22464679914735E-16));
#3137=SURFACE_STYLE_FILL_AREA(#4621);
#3138=ORIENTED_EDGE('',*,*,#4622,.F.);
#3139=ORIENTED_EDGE('',*,*,#4623,.T.);
#3140=ORIENTED_EDGE('',*,*,#4624,.T.);
#3141=ORIENTED_EDGE('',*,*,#4620,.T.);
#3142=ORIENTED_EDGE('',*,*,#4615,.T.);
#3143=ORIENTED_EDGE('',*,*,#4612,.T.);
#3144=CARTESIAN_POINT('',(0.537210000001474,4.73721,-28.3));
#3145=DIRECTION('',(0.0,1.0,0.0));
#3146=DIRECTION('',(-1.0,0.0,-1.22464679914735E-16));
#3147=SURFACE_STYLE_FILL_AREA(#4625);
#3148=ORIENTED_EDGE('',*,*,#4626,.F.);
#3149=ORIENTED_EDGE('',*,*,#4627,.T.);
#3150=ORIENTED_EDGE('',*,*,#4622,.T.);
#3151=ORIENTED_EDGE('',*,*,#4611,.F.);
#3152=CARTESIAN_POINT('',(0.537210000001473,-6.80000986147627,-17.563));
#3153=DIRECTION('',(1.0,0.0,1.22464679914735E-16));
#3154=DIRECTION('',(1.22464679914735E-16,0.0,-1.0));
#3155=SURFACE_STYLE_FILL_AREA(#4628);
#3156=ORIENTED_EDGE('',*,*,#4624,.F.);
#3157=ORIENTED_EDGE('',*,*,#4629,.T.);
#3158=ORIENTED_EDGE('',*,*,#4630,.T.);
#3159=ORIENTED_EDGE('',*,*,#4618,.T.);
#3160=CARTESIAN_POINT('',(-0.537209999998528,-6.80000986147627,-18.63742));
#3161=DIRECTION('',(-1.0,0.0,-1.22464679914735E-16));
#3162=DIRECTION('',(0.0,1.0,0.0));
#3163=SURFACE_STYLE_FILL_AREA(#4631);
#3164=ORIENTED_EDGE('',*,*,#4630,.F.);
#3165=ORIENTED_EDGE('',*,*,#4632,.T.);
#3166=ORIENTED_EDGE('',*,*,#4626,.T.);
#3167=ORIENTED_EDGE('',*,*,#4610,.T.);
#3168=ORIENTED_EDGE('',*,*,#4606,.F.);
#3169=ORIENTED_EDGE('',*,*,#4619,.T.);
#3170=CARTESIAN_POINT('',(-0.537209999998527,3.66279,-28.3));
#3171=DIRECTION('',(-0.0,-1.0,0.0));
#3172=DIRECTION('',(-1.22464679914735E-16,0.0,1.0));
#3173=SURFACE_STYLE_FILL_AREA(#4633);
#3174=ORIENTED_EDGE('',*,*,#4634,.F.);
#3175=ORIENTED_EDGE('',*,*,#4635,.T.);
#3176=ORIENTED_EDGE('',*,*,#4636,.F.);
#3177=ORIENTED_EDGE('',*,*,#4637,.F.);
#3178=CARTESIAN_POINT('',(-8.39999999999852,-10.149048,-4.1048));
#3179=DIRECTION('',(0.0,-1.0,0.0));
#3180=DIRECTION('',(1.0,0.0,1.22464679914735E-16));
#3181=SURFACE_STYLE_FILL_AREA(#4638);
#3182=ORIENTED_EDGE('',*,*,#4639,.T.);
#3183=ORIENTED_EDGE('',*,*,#4640,.T.);
#3184=ORIENTED_EDGE('',*,*,#4636,.T.);
#3185=ORIENTED_EDGE('',*,*,#4641,.T.);
#3186=CARTESIAN_POINT('',(-18.5490479999985,0.786118854164037,-4.85727146853122));
#3187=DIRECTION('',(-1.0,0.0,-1.22464679914735E-16));
#3188=DIRECTION('',(-1.22464679914735E-16,0.0,1.0));
#3189=SURFACE_STYLE_FILL_AREA(#4642);
#3190=ORIENTED_EDGE('',*,*,#4640,.F.);
#3191=ORIENTED_EDGE('',*,*,#4643,.F.);
#3192=ORIENTED_EDGE('',*,*,#4644,.T.);
#3193=ORIENTED_EDGE('',*,*,#4645,.F.);
#3194=ORIENTED_EDGE('',*,*,#4646,.F.);
#3195=ORIENTED_EDGE('',*,*,#4637,.T.);
#3196=CARTESIAN_POINT('',(-9.33197887599519,-10.149048,-4.89084326515529));
#3197=DIRECTION('',(0.0,-1.0,0.0));
#3198=DIRECTION('',(1.0,0.0,1.22464679914735E-16));
#3199=SURFACE_STYLE_FILL_AREA(#4647);
#3200=ORIENTED_EDGE('',*,*,#4648,.F.);
#3201=ORIENTED_EDGE('',*,*,#4649,.T.);
#3202=ORIENTED_EDGE('',*,*,#4634,.T.);
#3203=ORIENTED_EDGE('',*,*,#4646,.T.);
#3204=CARTESIAN_POINT('',(-18.5490479999985,-0.786118854164038,-4.85727146853122));
#3205=DIRECTION('',(-1.0,0.0,-1.22464679914735E-16));
#3206=DIRECTION('',(-1.22464679914735E-16,0.0,1.0));
#3207=SURFACE_STYLE_FILL_AREA(#4650);
#3208=ORIENTED_EDGE('',*,*,#4651,.F.);
#3209=ORIENTED_EDGE('',*,*,#4652,.F.);
#3210=ORIENTED_EDGE('',*,*,#4641,.F.);
#3211=ORIENTED_EDGE('',*,*,#4635,.F.);
#3212=ORIENTED_EDGE('',*,*,#4649,.F.);
#3213=ORIENTED_EDGE('',*,*,#4653,.F.);
#3214=CARTESIAN_POINT('',(-7.46802112400185,-10.149048,-4.89084326515529));
#3215=DIRECTION('',(0.0,-1.0,0.0));
#3216=DIRECTION('',(1.0,0.0,1.22464679914735E-16));
#3217=SURFACE_STYLE_FILL_AREA(#4654);
#3218=ORIENTED_EDGE('',*,*,#4655,.F.);
#3219=ORIENTED_EDGE('',*,*,#4656,.T.);
#3220=ORIENTED_EDGE('',*,*,#4657,.T.);
#3221=ORIENTED_EDGE('',*,*,#4653,.T.);
#3222=ORIENTED_EDGE('',*,*,#4648,.T.);
#3223=ORIENTED_EDGE('',*,*,#4645,.T.);
#3224=CARTESIAN_POINT('',(-7.86278999999852,0.53721,-19.9));
#3225=DIRECTION('',(0.0,1.0,0.0));
#3226=DIRECTION('',(-1.0,0.0,-1.22464679914735E-16));
#3227=SURFACE_STYLE_FILL_AREA(#4658);
#3228=ORIENTED_EDGE('',*,*,#4659,.F.);
#3229=ORIENTED_EDGE('',*,*,#4660,.T.);
#3230=ORIENTED_EDGE('',*,*,#4655,.T.);
#3231=ORIENTED_EDGE('',*,*,#4644,.F.);
#3232=CARTESIAN_POINT('',(-7.86278999999852,-6.80000986147627,-13.363));
#3233=DIRECTION('',(1.0,0.0,1.22464679914735E-16));
#3234=DIRECTION('',(1.22464679914735E-16,0.0,-1.0));
#3235=SURFACE_STYLE_FILL_AREA(#4661);
#3236=ORIENTED_EDGE('',*,*,#4657,.F.);
#3237=ORIENTED_EDGE('',*,*,#4662,.T.);
#3238=ORIENTED_EDGE('',*,*,#4663,.T.);
#3239=ORIENTED_EDGE('',*,*,#4651,.T.);
#3240=CARTESIAN_POINT('',(-8.93720999999852,-6.80000986147627,-14.43742));
#3241=DIRECTION('',(-1.0,0.0,-1.22464679914735E-16));
#3242=DIRECTION('',(0.0,1.0,0.0));
#3243=SURFACE_STYLE_FILL_AREA(#4664);
#3244=ORIENTED_EDGE('',*,*,#4663,.F.);
#3245=ORIENTED_EDGE('',*,*,#4665,.T.);
#3246=ORIENTED_EDGE('',*,*,#4659,.T.);
#3247=ORIENTED_EDGE('',*,*,#4643,.T.);
#3248=ORIENTED_EDGE('',*,*,#4639,.F.);
#3249=ORIENTED_EDGE('',*,*,#4652,.T.);
#3250=CARTESIAN_POINT('',(-8.93720999999852,-0.53721,-19.9));
#3251=DIRECTION('',(-0.0,-1.0,0.0));
#3252=DIRECTION('',(-1.22464679914735E-16,0.0,1.0));
#3253=SURFACE_STYLE_FILL_AREA(#4666);
#3254=ORIENTED_EDGE('',*,*,#4667,.F.);
#3255=ORIENTED_EDGE('',*,*,#4668,.T.);
#3256=ORIENTED_EDGE('',*,*,#4669,.F.);
#3257=ORIENTED_EDGE('',*,*,#4670,.F.);
#3258=CARTESIAN_POINT('',(-4.19999999999852,-10.149048,-4.1048));
#3259=DIRECTION('',(0.0,-1.0,0.0));
#3260=DIRECTION('',(1.0,0.0,1.22464679914735E-16));
#3261=SURFACE_STYLE_FILL_AREA(#4671);
#3262=ORIENTED_EDGE('',*,*,#4672,.T.);
#3263=ORIENTED_EDGE('',*,*,#4673,.T.);
#3264=ORIENTED_EDGE('',*,*,#4669,.T.);
#3265=ORIENTED_EDGE('',*,*,#4674,.T.);
#3266=CARTESIAN_POINT('',(-14.3490479999985,0.786118854164037,-4.85727146853122));
#3267=DIRECTION('',(-1.0,0.0,-1.22464679914735E-16));
#3268=DIRECTION('',(-1.22464679914735E-16,0.0,1.0));
#3269=SURFACE_STYLE_FILL_AREA(#4675);
#3270=ORIENTED_EDGE('',*,*,#4673,.F.);
#3271=ORIENTED_EDGE('',*,*,#4676,.F.);
#3272=ORIENTED_EDGE('',*,*,#4677,.T.);
#3273=ORIENTED_EDGE('',*,*,#4678,.F.);
#3274=ORIENTED_EDGE('',*,*,#4679,.F.);
#3275=ORIENTED_EDGE('',*,*,#4670,.T.);
#3276=CARTESIAN_POINT('',(-5.13197887599519,-10.149048,-4.89084326515529));
#3277=DIRECTION('',(0.0,-1.0,0.0));
#3278=DIRECTION('',(1.0,0.0,1.22464679914735E-16));
#3279=SURFACE_STYLE_FILL_AREA(#4680);
#3280=ORIENTED_EDGE('',*,*,#4681,.F.);
#3281=ORIENTED_EDGE('',*,*,#4682,.T.);
#3282=ORIENTED_EDGE('',*,*,#4667,.T.);
#3283=ORIENTED_EDGE('',*,*,#4679,.T.);
#3284=CARTESIAN_POINT('',(-14.3490479999985,-0.786118854164038,-4.85727146853122));
#3285=DIRECTION('',(-1.0,0.0,-1.22464679914735E-16));
#3286=DIRECTION('',(-1.22464679914735E-16,0.0,1.0));
#3287=SURFACE_STYLE_FILL_AREA(#4683);
#3288=ORIENTED_EDGE('',*,*,#4684,.F.);
#3289=ORIENTED_EDGE('',*,*,#4685,.F.);
#3290=ORIENTED_EDGE('',*,*,#4674,.F.);
#3291=ORIENTED_EDGE('',*,*,#4668,.F.);
#3292=ORIENTED_EDGE('',*,*,#4682,.F.);
#3293=ORIENTED_EDGE('',*,*,#4686,.F.);
#3294=CARTESIAN_POINT('',(-3.26802112400185,-10.149048,-4.89084326515529));
#3295=DIRECTION('',(0.0,-1.0,0.0));
#3296=DIRECTION('',(1.0,0.0,1.22464679914735E-16));
#3297=SURFACE_STYLE_FILL_AREA(#4687);
#3298=ORIENTED_EDGE('',*,*,#4688,.F.);
#3299=ORIENTED_EDGE('',*,*,#4689,.T.);
#3300=ORIENTED_EDGE('',*,*,#4690,.T.);
#3301=ORIENTED_EDGE('',*,*,#4686,.T.);
#3302=ORIENTED_EDGE('',*,*,#4681,.T.);
#3303=ORIENTED_EDGE('',*,*,#4678,.T.);
#3304=CARTESIAN_POINT('',(-3.66278999999852,0.53721,-19.9));
#3305=DIRECTION('',(0.0,1.0,0.0));
#3306=DIRECTION('',(-1.0,0.0,-1.22464679914735E-16));
#3307=SURFACE_STYLE_FILL_AREA(#4691);
#3308=ORIENTED_EDGE('',*,*,#4692,.F.);
#3309=ORIENTED_EDGE('',*,*,#4693,.T.);
#3310=ORIENTED_EDGE('',*,*,#4688,.T.);
#3311=ORIENTED_EDGE('',*,*,#4677,.F.);
#3312=CARTESIAN_POINT('',(-3.66278999999852,-6.80000986147627,-13.363));
#3313=DIRECTION('',(1.0,0.0,1.22464679914735E-16));
#3314=DIRECTION('',(1.22464679914735E-16,0.0,-1.0));
#3315=SURFACE_STYLE_FILL_AREA(#4694);
#3316=ORIENTED_EDGE('',*,*,#4690,.F.);
#3317=ORIENTED_EDGE('',*,*,#4695,.T.);
#3318=ORIENTED_EDGE('',*,*,#4696,.T.);
#3319=ORIENTED_EDGE('',*,*,#4684,.T.);
#3320=CARTESIAN_POINT('',(-4.73720999999852,-6.80000986147627,-14.43742));
#3321=DIRECTION('',(-1.0,0.0,-1.22464679914735E-16));
#3322=DIRECTION('',(0.0,1.0,0.0));
#3323=SURFACE_STYLE_FILL_AREA(#4697);
#3324=ORIENTED_EDGE('',*,*,#4696,.F.);
#3325=ORIENTED_EDGE('',*,*,#4698,.T.);
#3326=ORIENTED_EDGE('',*,*,#4692,.T.);
#3327=ORIENTED_EDGE('',*,*,#4676,.T.);
#3328=ORIENTED_EDGE('',*,*,#4672,.F.);
#3329=ORIENTED_EDGE('',*,*,#4685,.T.);
#3330=CARTESIAN_POINT('',(-4.73720999999852,-0.53721,-19.9));
#3331=DIRECTION('',(-0.0,-1.0,0.0));
#3332=DIRECTION('',(-1.22464679914735E-16,0.0,1.0));
#3333=SURFACE_STYLE_FILL_AREA(#4699);
#3334=ORIENTED_EDGE('',*,*,#4700,.F.);
#3335=ORIENTED_EDGE('',*,*,#4701,.T.);
#3336=ORIENTED_EDGE('',*,*,#4702,.F.);
#3337=ORIENTED_EDGE('',*,*,#4703,.F.);
#3338=CARTESIAN_POINT('',(-12.5999999999985,-10.149048,-4.1048));
#3339=DIRECTION('',(0.0,-1.0,0.0));
#3340=DIRECTION('',(1.0,0.0,1.22464679914735E-16));
#3341=SURFACE_STYLE_FILL_AREA(#4704);
#3342=ORIENTED_EDGE('',*,*,#4705,.T.);
#3343=ORIENTED_EDGE('',*,*,#4706,.T.);
#3344=ORIENTED_EDGE('',*,*,#4702,.T.);
#3345=ORIENTED_EDGE('',*,*,#4707,.T.);
#3346=CARTESIAN_POINT('',(-22.7490479999985,0.786118854164037,-4.85727146853122));
#3347=DIRECTION('',(-1.0,0.0,-1.22464679914735E-16));
#3348=DIRECTION('',(-1.22464679914735E-16,0.0,1.0));
#3349=SURFACE_STYLE_FILL_AREA(#4708);
#3350=ORIENTED_EDGE('',*,*,#4706,.F.);
#3351=ORIENTED_EDGE('',*,*,#4709,.F.);
#3352=ORIENTED_EDGE('',*,*,#4710,.T.);
#3353=ORIENTED_EDGE('',*,*,#4711,.F.);
#3354=ORIENTED_EDGE('',*,*,#4712,.F.);
#3355=ORIENTED_EDGE('',*,*,#4703,.T.);
#3356=CARTESIAN_POINT('',(-13.5319788759952,-10.149048,-4.89084326515529));
#3357=DIRECTION('',(0.0,-1.0,0.0));
#3358=DIRECTION('',(1.0,0.0,1.22464679914735E-16));
#3359=SURFACE_STYLE_FILL_AREA(#4713);
#3360=ORIENTED_EDGE('',*,*,#4714,.F.);
#3361=ORIENTED_EDGE('',*,*,#4715,.T.);
#3362=ORIENTED_EDGE('',*,*,#4700,.T.);
#3363=ORIENTED_EDGE('',*,*,#4712,.T.);
#3364=CARTESIAN_POINT('',(-22.7490479999985,-0.786118854164038,-4.85727146853122));
#3365=DIRECTION('',(-1.0,0.0,-1.22464679914735E-16));
#3366=DIRECTION('',(-1.22464679914735E-16,0.0,1.0));
#3367=SURFACE_STYLE_FILL_AREA(#4716);
#3368=ORIENTED_EDGE('',*,*,#4717,.F.);
#3369=ORIENTED_EDGE('',*,*,#4718,.F.);
#3370=ORIENTED_EDGE('',*,*,#4707,.F.);
#3371=ORIENTED_EDGE('',*,*,#4701,.F.);
#3372=ORIENTED_EDGE('',*,*,#4715,.F.);
#3373=ORIENTED_EDGE('',*,*,#4719,.F.);
#3374=CARTESIAN_POINT('',(-11.6680211240018,-10.149048,-4.89084326515529));
#3375=DIRECTION('',(0.0,-1.0,0.0));
#3376=DIRECTION('',(1.0,0.0,1.22464679914735E-16));
#3377=SURFACE_STYLE_FILL_AREA(#4720);
#3378=ORIENTED_EDGE('',*,*,#4721,.F.);
#3379=ORIENTED_EDGE('',*,*,#4722,.T.);
#3380=ORIENTED_EDGE('',*,*,#4723,.T.);
#3381=ORIENTED_EDGE('',*,*,#4719,.T.);
#3382=ORIENTED_EDGE('',*,*,#4714,.T.);
#3383=ORIENTED_EDGE('',*,*,#4711,.T.);
#3384=CARTESIAN_POINT('',(-12.0627899999985,0.53721,-19.9));
#3385=DIRECTION('',(0.0,1.0,0.0));
#3386=DIRECTION('',(-1.0,0.0,-1.22464679914735E-16));
#3387=SURFACE_STYLE_FILL_AREA(#4724);
#3388=ORIENTED_EDGE('',*,*,#4725,.F.);
#3389=ORIENTED_EDGE('',*,*,#4726,.T.);
#3390=ORIENTED_EDGE('',*,*,#4721,.T.);
#3391=ORIENTED_EDGE('',*,*,#4710,.F.);
#3392=CARTESIAN_POINT('',(-12.0627899999985,-6.80000986147627,-13.363));
#3393=DIRECTION('',(1.0,0.0,1.22464679914735E-16));
#3394=DIRECTION('',(1.22464679914735E-16,0.0,-1.0));
#3395=SURFACE_STYLE_FILL_AREA(#4727);
#3396=ORIENTED_EDGE('',*,*,#4723,.F.);
#3397=ORIENTED_EDGE('',*,*,#4728,.T.);
#3398=ORIENTED_EDGE('',*,*,#4729,.T.);
#3399=ORIENTED_EDGE('',*,*,#4717,.T.);
#3400=CARTESIAN_POINT('',(-13.1372099999985,-6.80000986147627,-14.43742));
#3401=DIRECTION('',(-1.0,0.0,-1.22464679914735E-16));
#3402=DIRECTION('',(0.0,1.0,0.0));
#3403=SURFACE_STYLE_FILL_AREA(#4730);
#3404=ORIENTED_EDGE('',*,*,#4729,.F.);
#3405=ORIENTED_EDGE('',*,*,#4731,.T.);
#3406=ORIENTED_EDGE('',*,*,#4725,.T.);
#3407=ORIENTED_EDGE('',*,*,#4709,.T.);
#3408=ORIENTED_EDGE('',*,*,#4705,.F.);
#3409=ORIENTED_EDGE('',*,*,#4718,.T.);
#3410=CARTESIAN_POINT('',(-13.1372099999985,-0.53721,-19.9));
#3411=DIRECTION('',(-0.0,-1.0,0.0));
#3412=DIRECTION('',(-1.22464679914735E-16,0.0,1.0));
#3413=SURFACE_STYLE_FILL_AREA(#4732);
#3414=FACE_OUTER_BOUND('',#4733,.T.);
#3415=CYLINDRICAL_SURFACE('',#4734,1.475);
#3416=FACE_OUTER_BOUND('',#4735,.T.);
#3417=CYLINDRICAL_SURFACE('',#4736,1.48);
#3418=FACE_OUTER_BOUND('',#4737,.T.);
#3419=CONICAL_SURFACE('',#4738,1.48,0.610865238198015);
#3420=FACE_OUTER_BOUND('',#4739,.T.);
#3421=TOROIDAL_SURFACE('',#4740,0.780710182411394,0.2);
#3422=FACE_OUTER_BOUND('',#4741,.T.);
#3423=CYLINDRICAL_SURFACE('',#4742,1.475);
#3424=FACE_OUTER_BOUND('',#4743,.T.);
#3425=CYLINDRICAL_SURFACE('',#4744,1.48);
#3426=FACE_OUTER_BOUND('',#4745,.T.);
#3427=CONICAL_SURFACE('',#4746,1.48,0.610865238198015);
#3428=FACE_OUTER_BOUND('',#4747,.T.);
#3429=TOROIDAL_SURFACE('',#4748,0.78071018241139,0.2);
#3430=FACE_OUTER_BOUND('',#4749,.T.);
#3431=CYLINDRICAL_SURFACE('',#4750,0.4);
#3432=FACE_OUTER_BOUND('',#4751,.T.);
#3433=CYLINDRICAL_SURFACE('',#4752,0.4);
#3434=FACE_OUTER_BOUND('',#4753,.T.);
#3435=CYLINDRICAL_SURFACE('',#4754,1.475);
#3436=FACE_OUTER_BOUND('',#4755,.T.);
#3437=TOROIDAL_SURFACE('',#4756,0.780710182411397,0.2);
#3438=FACE_OUTER_BOUND('',#4757,.T.);
#3439=CYLINDRICAL_SURFACE('',#4758,1.48);
#3440=FACE_OUTER_BOUND('',#4759,.T.);
#3441=CONICAL_SURFACE('',#4760,1.48,0.610865238198015);
#3442=FACE_OUTER_BOUND('',#4761,.T.);
#3443=CONICAL_SURFACE('',#4762,1.48,0.610865238198015);
#3444=FACE_OUTER_BOUND('',#4763,.T.);
#3445=TOROIDAL_SURFACE('',#4764,0.780710182411383,0.2);
#3446=FACE_OUTER_BOUND('',#4765,.T.);
#3447=CYLINDRICAL_SURFACE('',#4766,1.48);
#3448=FACE_OUTER_BOUND('',#4767,.T.);
#3449=CYLINDRICAL_SURFACE('',#4768,1.475);
#3450=FACE_BOUND('',#4769,.T.);
#3451=FACE_BOUND('',#4770,.T.);
#3452=FACE_BOUND('',#4771,.T.);
#3453=FACE_BOUND('',#4772,.T.);
#3454=FACE_BOUND('',#4773,.T.);
#3455=FACE_BOUND('',#4774,.T.);
#3456=FACE_BOUND('',#4775,.T.);
#3457=FACE_BOUND('',#4776,.T.);
#3458=FACE_BOUND('',#4777,.T.);
#3459=FACE_BOUND('',#4778,.T.);
#3460=FACE_BOUND('',#4779,.T.);
#3461=FACE_BOUND('',#4780,.T.);
#3462=FACE_BOUND('',#4781,.T.);
#3463=FACE_BOUND('',#4782,.T.);
#3464=FACE_BOUND('',#4783,.T.);
#3465=FACE_OUTER_BOUND('',#4784,.T.);
#3466=FACE_BOUND('',#4785,.T.);
#3467=FACE_BOUND('',#4786,.T.);
#3468=FACE_BOUND('',#4787,.T.);
#3469=FACE_BOUND('',#4788,.T.);
#3470=PLANE('',#4789);
#3471=FACE_BOUND('',#4790,.T.);
#3472=FACE_OUTER_BOUND('',#4791,.T.);
#3473=PLANE('',#4792);
#3474=FACE_OUTER_BOUND('',#4793,.T.);
#3475=PLANE('',#4794);
#3476=FACE_OUTER_BOUND('',#4795,.T.);
#3477=PLANE('',#4796);
#3478=FACE_OUTER_BOUND('',#4797,.T.);
#3479=PLANE('',#4798);
#3480=FACE_OUTER_BOUND('',#4799,.T.);
#3481=PLANE('',#4800);
#3482=FACE_OUTER_BOUND('',#4801,.T.);
#3483=PLANE('',#4802);
#3484=FACE_OUTER_BOUND('',#4803,.T.);
#3485=PLANE('',#4804);
#3486=FACE_OUTER_BOUND('',#4805,.T.);
#3487=PLANE('',#4806);
#3488=FACE_OUTER_BOUND('',#4807,.T.);
#3489=PLANE('',#4808);
#3490=FACE_OUTER_BOUND('',#4809,.T.);
#3491=PLANE('',#4810);
#3492=FACE_OUTER_BOUND('',#4811,.T.);
#3493=PLANE('',#4812);
#3494=FACE_OUTER_BOUND('',#4813,.T.);
#3495=PLANE('',#4814);
#3496=FACE_OUTER_BOUND('',#4815,.T.);
#3497=PLANE('',#4816);
#3498=FACE_OUTER_BOUND('',#4817,.T.);
#3499=PLANE('',#4818);
#3500=FACE_OUTER_BOUND('',#4819,.T.);
#3501=PLANE('',#4820);
#3502=FACE_OUTER_BOUND('',#4821,.T.);
#3503=PLANE('',#4822);
#3504=FACE_OUTER_BOUND('',#4823,.T.);
#3505=PLANE('',#4824);
#3506=FACE_OUTER_BOUND('',#4825,.T.);
#3507=PLANE('',#4826);
#3508=FACE_OUTER_BOUND('',#4827,.T.);
#3509=PLANE('',#4828);
#3510=FACE_OUTER_BOUND('',#4829,.T.);
#3511=PLANE('',#4830);
#3512=FACE_OUTER_BOUND('',#4831,.T.);
#3513=PLANE('',#4832);
#3514=FACE_OUTER_BOUND('',#4833,.T.);
#3515=PLANE('',#4834);
#3516=FACE_OUTER_BOUND('',#4835,.T.);
#3517=PLANE('',#4836);
#3518=FACE_OUTER_BOUND('',#4837,.T.);
#3519=PLANE('',#4838);
#3520=FACE_OUTER_BOUND('',#4839,.T.);
#3521=PLANE('',#4840);
#3522=FACE_OUTER_BOUND('',#4841,.T.);
#3523=CYLINDRICAL_SURFACE('',#4842,0.4);
#3524=FACE_OUTER_BOUND('',#4843,.T.);
#3525=PLANE('',#4844);
#3526=FACE_OUTER_BOUND('',#4845,.T.);
#3527=PLANE('',#4846);
#3528=FACE_OUTER_BOUND('',#4847,.T.);
#3529=PLANE('',#4848);
#3530=FACE_OUTER_BOUND('',#4849,.T.);
#3531=CYLINDRICAL_SURFACE('',#4850,0.4);
#3532=FACE_OUTER_BOUND('',#4851,.T.);
#3533=PLANE('',#4852);
#3534=FACE_OUTER_BOUND('',#4853,.T.);
#3535=PLANE('',#4854);
#3536=FACE_OUTER_BOUND('',#4855,.T.);
#3537=PLANE('',#4856);
#3538=FACE_OUTER_BOUND('',#4857,.T.);
#3539=PLANE('',#4858);
#3540=FACE_OUTER_BOUND('',#4859,.T.);
#3541=PLANE('',#4860);
#3542=FACE_OUTER_BOUND('',#4861,.T.);
#3543=CYLINDRICAL_SURFACE('',#4862,0.2);
#3544=FACE_OUTER_BOUND('',#4863,.T.);
#3545=PLANE('',#4864);
#3546=FACE_OUTER_BOUND('',#4865,.T.);
#3547=PLANE('',#4866);
#3548=FACE_OUTER_BOUND('',#4867,.T.);
#3549=PLANE('',#4868);
#3550=FACE_OUTER_BOUND('',#4869,.T.);
#3551=PLANE('',#4870);
#3552=FACE_OUTER_BOUND('',#4871,.T.);
#3553=PLANE('',#4872);
#3554=FACE_OUTER_BOUND('',#4873,.T.);
#3555=PLANE('',#4874);
#3556=FACE_OUTER_BOUND('',#4875,.T.);
#3557=PLANE('',#4876);
#3558=FACE_OUTER_BOUND('',#4877,.T.);
#3559=PLANE('',#4878);
#3560=FACE_OUTER_BOUND('',#4879,.T.);
#3561=PLANE('',#4880);
#3562=FACE_OUTER_BOUND('',#4881,.T.);
#3563=PLANE('',#4882);
#3564=FACE_OUTER_BOUND('',#4883,.T.);
#3565=PLANE('',#4884);
#3566=FACE_OUTER_BOUND('',#4885,.T.);
#3567=PLANE('',#4886);
#3568=FACE_OUTER_BOUND('',#4887,.T.);
#3569=PLANE('',#4888);
#3570=FACE_OUTER_BOUND('',#4889,.T.);
#3571=PLANE('',#4890);
#3572=FACE_OUTER_BOUND('',#4891,.T.);
#3573=PLANE('',#4892);
#3574=FACE_OUTER_BOUND('',#4893,.T.);
#3575=PLANE('',#4894);
#3576=FACE_OUTER_BOUND('',#4895,.T.);
#3577=PLANE('',#4896);
#3578=FACE_OUTER_BOUND('',#4897,.T.);
#3579=PLANE('',#4898);
#3580=FACE_OUTER_BOUND('',#4899,.T.);
#3581=PLANE('',#4900);
#3582=FACE_OUTER_BOUND('',#4901,.T.);
#3583=PLANE('',#4902);
#3584=FACE_OUTER_BOUND('',#4903,.T.);
#3585=PLANE('',#4904);
#3586=FACE_OUTER_BOUND('',#4905,.T.);
#3587=PLANE('',#4906);
#3588=FACE_OUTER_BOUND('',#4907,.T.);
#3589=PLANE('',#4908);
#3590=FACE_OUTER_BOUND('',#4909,.T.);
#3591=PLANE('',#4910);
#3592=FACE_OUTER_BOUND('',#4911,.T.);
#3593=CYLINDRICAL_SURFACE('',#4912,1.475);
#3594=FACE_OUTER_BOUND('',#4913,.T.);
#3595=PLANE('',#4914);
#3596=FACE_OUTER_BOUND('',#4915,.T.);
#3597=CYLINDRICAL_SURFACE('',#4916,1.48);
#3598=FACE_OUTER_BOUND('',#4917,.T.);
#3599=CYLINDRICAL_SURFACE('',#4918,0.2);
#3600=FACE_OUTER_BOUND('',#4919,.T.);
#3601=CYLINDRICAL_SURFACE('',#4920,0.2);
#3602=FACE_OUTER_BOUND('',#4921,.T.);
#3603=TOROIDAL_SURFACE('',#4922,0.780710182411383,0.2);
#3604=FACE_OUTER_BOUND('',#4923,.T.);
#3605=CONICAL_SURFACE('',#4924,1.48,0.610865238198015);
#3606=FACE_OUTER_BOUND('',#4925,.T.);
#3607=PLANE('',#4926);
#3608=FACE_OUTER_BOUND('',#4927,.T.);
#3609=PLANE('',#4928);
#3610=FACE_OUTER_BOUND('',#4929,.T.);
#3611=PLANE('',#4930);
#3612=FACE_OUTER_BOUND('',#4931,.T.);
#3613=PLANE('',#4932);
#3614=FACE_OUTER_BOUND('',#4933,.T.);
#3615=CONICAL_SURFACE('',#4934,1.48,0.610865238198015);
#3616=FACE_OUTER_BOUND('',#4935,.T.);
#3617=PLANE('',#4936);
#3618=FACE_OUTER_BOUND('',#4937,.T.);
#3619=CYLINDRICAL_SURFACE('',#4938,1.48);
#3620=FACE_OUTER_BOUND('',#4939,.T.);
#3621=PLANE('',#4940);
#3622=FACE_OUTER_BOUND('',#4941,.T.);
#3623=PLANE('',#4942);
#3624=FACE_OUTER_BOUND('',#4943,.T.);
#3625=PLANE('',#4944);
#3626=FACE_OUTER_BOUND('',#4945,.T.);
#3627=PLANE('',#4946);
#3628=FACE_OUTER_BOUND('',#4947,.T.);
#3629=CYLINDRICAL_SURFACE('',#4948,0.2);
#3630=FACE_OUTER_BOUND('',#4949,.T.);
#3631=CYLINDRICAL_SURFACE('',#4950,0.2);
#3632=FACE_OUTER_BOUND('',#4951,.T.);
#3633=TOROIDAL_SURFACE('',#4952,0.780710182411397,0.2);
#3634=FACE_OUTER_BOUND('',#4953,.T.);
#3635=CYLINDRICAL_SURFACE('',#4954,0.2);
#3636=FACE_OUTER_BOUND('',#4955,.T.);
#3637=PLANE('',#4956);
#3638=FACE_OUTER_BOUND('',#4957,.T.);
#3639=CYLINDRICAL_SURFACE('',#4958,1.475);
#3640=FACE_OUTER_BOUND('',#4959,.T.);
#3641=PLANE('',#4960);
#3642=FACE_OUTER_BOUND('',#4961,.T.);
#3643=PLANE('',#4962);
#3644=FACE_OUTER_BOUND('',#4963,.T.);
#3645=PLANE('',#4964);
#3646=FACE_OUTER_BOUND('',#4965,.T.);
#3647=PLANE('',#4966);
#3648=FACE_OUTER_BOUND('',#4967,.T.);
#3649=PLANE('',#4968);
#3650=FACE_BOUND('',#4969,.T.);
#3651=FACE_BOUND('',#4970,.T.);
#3652=FACE_OUTER_BOUND('',#4971,.T.);
#3653=PLANE('',#4972);
#3654=FACE_OUTER_BOUND('',#4973,.T.);
#3655=CYLINDRICAL_SURFACE('',#4974,0.4);
#3656=FACE_OUTER_BOUND('',#4975,.T.);
#3657=PLANE('',#4976);
#3658=FACE_OUTER_BOUND('',#4977,.T.);
#3659=PLANE('',#4978);
#3660=FACE_OUTER_BOUND('',#4979,.T.);
#3661=PLANE('',#4980);
#3662=FACE_OUTER_BOUND('',#4981,.T.);
#3663=PLANE('',#4982);
#3664=FACE_OUTER_BOUND('',#4983,.T.);
#3665=PLANE('',#4984);
#3666=FACE_OUTER_BOUND('',#4985,.T.);
#3667=PLANE('',#4986);
#3668=FACE_OUTER_BOUND('',#4987,.T.);
#3669=PLANE('',#4988);
#3670=FACE_OUTER_BOUND('',#4989,.T.);
#3671=PLANE('',#4990);
#3672=FACE_OUTER_BOUND('',#4991,.T.);
#3673=PLANE('',#4992);
#3674=FACE_OUTER_BOUND('',#4993,.T.);
#3675=PLANE('',#4994);
#3676=FACE_OUTER_BOUND('',#4995,.T.);
#3677=CYLINDRICAL_SURFACE('',#4996,0.8);
#3678=FACE_OUTER_BOUND('',#4997,.T.);
#3679=PLANE('',#4998);
#3680=FACE_OUTER_BOUND('',#4999,.T.);
#3681=PLANE('',#5000);
#3682=FACE_OUTER_BOUND('',#5001,.T.);
#3683=CYLINDRICAL_SURFACE('',#5002,0.8);
#3684=FACE_OUTER_BOUND('',#5003,.T.);
#3685=PLANE('',#5004);
#3686=FACE_OUTER_BOUND('',#5005,.T.);
#3687=PLANE('',#5006);
#3688=FACE_OUTER_BOUND('',#5007,.T.);
#3689=CYLINDRICAL_SURFACE('',#5008,0.8);
#3690=FACE_OUTER_BOUND('',#5009,.T.);
#3691=PLANE('',#5010);
#3692=FACE_OUTER_BOUND('',#5011,.T.);
#3693=PLANE('',#5012);
#3694=FACE_OUTER_BOUND('',#5013,.T.);
#3695=PLANE('',#5014);
#3696=FACE_OUTER_BOUND('',#5015,.T.);
#3697=CYLINDRICAL_SURFACE('',#5016,0.8);
#3698=FACE_OUTER_BOUND('',#5017,.T.);
#3699=PLANE('',#5018);
#3700=FACE_OUTER_BOUND('',#5019,.T.);
#3701=CYLINDRICAL_SURFACE('',#5020,0.8);
#3702=FACE_OUTER_BOUND('',#5021,.T.);
#3703=PLANE('',#5022);
#3704=FACE_OUTER_BOUND('',#5023,.T.);
#3705=CYLINDRICAL_SURFACE('',#5024,0.8);
#3706=FACE_OUTER_BOUND('',#5025,.T.);
#3707=PLANE('',#5026);
#3708=FACE_OUTER_BOUND('',#5027,.T.);
#3709=CYLINDRICAL_SURFACE('',#5028,0.8);
#3710=FACE_OUTER_BOUND('',#5029,.T.);
#3711=CYLINDRICAL_SURFACE('',#5030,0.8);
#3712=FACE_OUTER_BOUND('',#5031,.T.);
#3713=PLANE('',#5032);
#3714=FACE_OUTER_BOUND('',#5033,.T.);
#3715=PLANE('',#5034);
#3716=FACE_OUTER_BOUND('',#5035,.T.);
#3717=PLANE('',#5036);
#3718=FACE_OUTER_BOUND('',#5037,.T.);
#3719=PLANE('',#5038);
#3720=FACE_OUTER_BOUND('',#5039,.T.);
#3721=PLANE('',#5040);
#3722=FACE_OUTER_BOUND('',#5041,.T.);
#3723=PLANE('',#5042);
#3724=FACE_OUTER_BOUND('',#5043,.T.);
#3725=PLANE('',#5044);
#3726=FACE_OUTER_BOUND('',#5045,.T.);
#3727=PLANE('',#5046);
#3728=FACE_OUTER_BOUND('',#5047,.T.);
#3729=PLANE('',#5048);
#3730=FACE_OUTER_BOUND('',#5049,.T.);
#3731=PLANE('',#5050);
#3732=FACE_OUTER_BOUND('',#5051,.T.);
#3733=PLANE('',#5052);
#3734=FACE_OUTER_BOUND('',#5053,.T.);
#3735=PLANE('',#5054);
#3736=FACE_OUTER_BOUND('',#5055,.T.);
#3737=PLANE('',#5056);
#3738=FACE_BOUND('',#5057,.T.);
#3739=FACE_OUTER_BOUND('',#5058,.T.);
#3740=PLANE('',#5059);
#3741=FACE_OUTER_BOUND('',#5060,.T.);
#3742=PLANE('',#5061);
#3743=FACE_OUTER_BOUND('',#5062,.T.);
#3744=PLANE('',#5063);
#3745=FACE_OUTER_BOUND('',#5064,.T.);
#3746=PLANE('',#5065);
#3747=FACE_OUTER_BOUND('',#5066,.T.);
#3748=PLANE('',#5067);
#3749=FACE_OUTER_BOUND('',#5068,.T.);
#3750=PLANE('',#5069);
#3751=FACE_OUTER_BOUND('',#5070,.T.);
#3752=PLANE('',#5071);
#3753=FACE_OUTER_BOUND('',#5072,.T.);
#3754=PLANE('',#5073);
#3755=FACE_OUTER_BOUND('',#5074,.T.);
#3756=PLANE('',#5075);
#3757=FACE_OUTER_BOUND('',#5076,.T.);
#3758=PLANE('',#5077);
#3759=FACE_OUTER_BOUND('',#5078,.T.);
#3760=PLANE('',#5079);
#3761=FACE_OUTER_BOUND('',#5080,.T.);
#3762=PLANE('',#5081);
#3763=FACE_OUTER_BOUND('',#5082,.T.);
#3764=PLANE('',#5083);
#3765=FACE_BOUND('',#5084,.T.);
#3766=FACE_OUTER_BOUND('',#5085,.T.);
#3767=PLANE('',#5086);
#3768=FACE_OUTER_BOUND('',#5087,.T.);
#3769=PLANE('',#5088);
#3770=FACE_OUTER_BOUND('',#5089,.T.);
#3771=PLANE('',#5090);
#3772=FACE_OUTER_BOUND('',#5091,.T.);
#3773=PLANE('',#5092);
#3774=FACE_OUTER_BOUND('',#5093,.T.);
#3775=PLANE('',#5094);
#3776=FACE_OUTER_BOUND('',#5095,.T.);
#3777=PLANE('',#5096);
#3778=FACE_OUTER_BOUND('',#5097,.T.);
#3779=PLANE('',#5098);
#3780=FACE_OUTER_BOUND('',#5099,.T.);
#3781=PLANE('',#5100);
#3782=FACE_OUTER_BOUND('',#5101,.T.);
#3783=PLANE('',#5102);
#3784=FACE_OUTER_BOUND('',#5103,.T.);
#3785=PLANE('',#5104);
#3786=FACE_OUTER_BOUND('',#5105,.T.);
#3787=PLANE('',#5106);
#3788=FACE_OUTER_BOUND('',#5107,.T.);
#3789=PLANE('',#5108);
#3790=FACE_OUTER_BOUND('',#5109,.T.);
#3791=PLANE('',#5110);
#3792=FACE_BOUND('',#5111,.T.);
#3793=FACE_OUTER_BOUND('',#5112,.T.);
#3794=PLANE('',#5113);
#3795=FACE_OUTER_BOUND('',#5114,.T.);
#3796=PLANE('',#5115);
#3797=FACE_OUTER_BOUND('',#5116,.T.);
#3798=PLANE('',#5117);
#3799=FACE_OUTER_BOUND('',#5118,.T.);
#3800=PLANE('',#5119);
#3801=FACE_OUTER_BOUND('',#5120,.T.);
#3802=PLANE('',#5121);
#3803=FACE_OUTER_BOUND('',#5122,.T.);
#3804=PLANE('',#5123);
#3805=FACE_OUTER_BOUND('',#5124,.T.);
#3806=PLANE('',#5125);
#3807=FACE_OUTER_BOUND('',#5126,.T.);
#3808=PLANE('',#5127);
#3809=FACE_OUTER_BOUND('',#5128,.T.);
#3810=PLANE('',#5129);
#3811=FACE_OUTER_BOUND('',#5130,.T.);
#3812=PLANE('',#5131);
#3813=FACE_OUTER_BOUND('',#5132,.T.);
#3814=PLANE('',#5133);
#3815=FACE_OUTER_BOUND('',#5134,.T.);
#3816=PLANE('',#5135);
#3817=FACE_OUTER_BOUND('',#5136,.T.);
#3818=PLANE('',#5137);
#3819=FACE_OUTER_BOUND('',#5138,.T.);
#3820=PLANE('',#5139);
#3821=FACE_OUTER_BOUND('',#5140,.T.);
#3822=PLANE('',#5141);
#3823=FACE_OUTER_BOUND('',#5142,.T.);
#3824=PLANE('',#5143);
#3825=FACE_OUTER_BOUND('',#5144,.T.);
#3826=PLANE('',#5145);
#3827=FACE_OUTER_BOUND('',#5146,.T.);
#3828=PLANE('',#5147);
#3829=FACE_OUTER_BOUND('',#5148,.T.);
#3830=CYLINDRICAL_SURFACE('',#5149,0.8);
#3831=FACE_OUTER_BOUND('',#5150,.T.);
#3832=CYLINDRICAL_SURFACE('',#5151,0.8);
#3833=FACE_OUTER_BOUND('',#5152,.T.);
#3834=PLANE('',#5153);
#3835=FACE_OUTER_BOUND('',#5154,.T.);
#3836=PLANE('',#5155);
#3837=FACE_OUTER_BOUND('',#5156,.T.);
#3838=PLANE('',#5157);
#3839=FACE_OUTER_BOUND('',#5158,.T.);
#3840=PLANE('',#5159);
#3841=FACE_OUTER_BOUND('',#5160,.T.);
#3842=PLANE('',#5161);
#3843=FACE_OUTER_BOUND('',#5162,.T.);
#3844=PLANE('',#5163);
#3845=FACE_OUTER_BOUND('',#5164,.T.);
#3846=PLANE('',#5165);
#3847=FACE_OUTER_BOUND('',#5166,.T.);
#3848=PLANE('',#5167);
#3849=FACE_OUTER_BOUND('',#5168,.T.);
#3850=PLANE('',#5169);
#3851=FACE_OUTER_BOUND('',#5170,.T.);
#3852=PLANE('',#5171);
#3853=FACE_BOUND('',#5172,.T.);
#3854=FACE_BOUND('',#5173,.T.);
#3855=FACE_OUTER_BOUND('',#5174,.T.);
#3856=PLANE('',#5175);
#3857=FACE_OUTER_BOUND('',#5176,.T.);
#3858=PLANE('',#5177);
#3859=FACE_OUTER_BOUND('',#5178,.T.);
#3860=PLANE('',#5179);
#3861=FACE_OUTER_BOUND('',#5180,.T.);
#3862=PLANE('',#5181);
#3863=FACE_OUTER_BOUND('',#5182,.T.);
#3864=PLANE('',#5183);
#3865=FACE_OUTER_BOUND('',#5184,.T.);
#3866=PLANE('',#5185);
#3867=FACE_OUTER_BOUND('',#5186,.T.);
#3868=PLANE('',#5187);
#3869=FACE_OUTER_BOUND('',#5188,.T.);
#3870=PLANE('',#5189);
#3871=FACE_OUTER_BOUND('',#5190,.T.);
#3872=PLANE('',#5191);
#3873=FACE_BOUND('',#5192,.T.);
#3874=FACE_OUTER_BOUND('',#5193,.T.);
#3875=PLANE('',#5194);
#3876=FACE_OUTER_BOUND('',#5195,.T.);
#3877=PLANE('',#5196);
#3878=FACE_OUTER_BOUND('',#5197,.T.);
#3879=PLANE('',#5198);
#3880=FACE_OUTER_BOUND('',#5199,.T.);
#3881=CYLINDRICAL_SURFACE('',#5200,0.8);
#3882=FACE_OUTER_BOUND('',#5201,.T.);
#3883=PLANE('',#5202);
#3884=FACE_OUTER_BOUND('',#5203,.T.);
#3885=PLANE('',#5204);
#3886=FACE_OUTER_BOUND('',#5205,.T.);
#3887=CYLINDRICAL_SURFACE('',#5206,0.8);
#3888=FACE_OUTER_BOUND('',#5207,.T.);
#3889=CYLINDRICAL_SURFACE('',#5208,0.8);
#3890=FACE_OUTER_BOUND('',#5209,.T.);
#3891=PLANE('',#5210);
#3892=FACE_OUTER_BOUND('',#5211,.T.);
#3893=CYLINDRICAL_SURFACE('',#5212,0.8);
#3894=FACE_OUTER_BOUND('',#5213,.T.);
#3895=PLANE('',#5214);
#3896=FACE_OUTER_BOUND('',#5215,.T.);
#3897=PLANE('',#5216);
#3898=FACE_OUTER_BOUND('',#5217,.T.);
#3899=PLANE('',#5218);
#3900=FACE_OUTER_BOUND('',#5219,.T.);
#3901=PLANE('',#5220);
#3902=FACE_OUTER_BOUND('',#5221,.T.);
#3903=PLANE('',#5222);
#3904=FACE_OUTER_BOUND('',#5223,.T.);
#3905=CYLINDRICAL_SURFACE('',#5224,0.8);
#3906=FACE_OUTER_BOUND('',#5225,.T.);
#3907=PLANE('',#5226);
#3908=FACE_OUTER_BOUND('',#5227,.T.);
#3909=PLANE('',#5228);
#3910=FACE_OUTER_BOUND('',#5229,.T.);
#3911=CYLINDRICAL_SURFACE('',#5230,0.8);
#3912=FACE_OUTER_BOUND('',#5231,.T.);
#3913=PLANE('',#5232);
#3914=FACE_OUTER_BOUND('',#5233,.T.);
#3915=PLANE('',#5234);
#3916=FACE_OUTER_BOUND('',#5235,.T.);
#3917=PLANE('',#5236);
#3918=FACE_OUTER_BOUND('',#5237,.T.);
#3919=CYLINDRICAL_SURFACE('',#5238,0.8);
#3920=FACE_OUTER_BOUND('',#5239,.T.);
#3921=PLANE('',#5240);
#3922=FACE_OUTER_BOUND('',#5241,.T.);
#3923=PLANE('',#5242);
#3924=FACE_OUTER_BOUND('',#5243,.T.);
#3925=PLANE('',#5244);
#3926=FACE_OUTER_BOUND('',#5245,.T.);
#3927=PLANE('',#5246);
#3928=FACE_OUTER_BOUND('',#5247,.T.);
#3929=CYLINDRICAL_SURFACE('',#5248,0.8);
#3930=FACE_OUTER_BOUND('',#5249,.T.);
#3931=PLANE('',#5250);
#3932=FACE_OUTER_BOUND('',#5251,.T.);
#3933=CYLINDRICAL_SURFACE('',#5252,0.8);
#3934=FACE_OUTER_BOUND('',#5253,.T.);
#3935=PLANE('',#5254);
#3936=FACE_OUTER_BOUND('',#5255,.T.);
#3937=PLANE('',#5256);
#3938=FACE_OUTER_BOUND('',#5257,.T.);
#3939=PLANE('',#5258);
#3940=FACE_OUTER_BOUND('',#5259,.T.);
#3941=CYLINDRICAL_SURFACE('',#5260,0.8);
#3942=FACE_OUTER_BOUND('',#5261,.T.);
#3943=CYLINDRICAL_SURFACE('',#5262,0.8);
#3944=FACE_OUTER_BOUND('',#5263,.T.);
#3945=PLANE('',#5264);
#3946=FACE_OUTER_BOUND('',#5265,.T.);
#3947=PLANE('',#5266);
#3948=FACE_OUTER_BOUND('',#5267,.T.);
#3949=CYLINDRICAL_SURFACE('',#5268,0.8);
#3950=FACE_OUTER_BOUND('',#5269,.T.);
#3951=CYLINDRICAL_SURFACE('',#5270,0.8);
#3952=FACE_OUTER_BOUND('',#5271,.T.);
#3953=PLANE('',#5272);
#3954=FACE_OUTER_BOUND('',#5273,.T.);
#3955=PLANE('',#5274);
#3956=FACE_OUTER_BOUND('',#5275,.T.);
#3957=CYLINDRICAL_SURFACE('',#5276,0.2);
#3958=FACE_OUTER_BOUND('',#5277,.T.);
#3959=PLANE('',#5278);
#3960=FACE_OUTER_BOUND('',#5279,.T.);
#3961=PLANE('',#5280);
#3962=FACE_OUTER_BOUND('',#5281,.T.);
#3963=PLANE('',#5282);
#3964=FACE_OUTER_BOUND('',#5283,.T.);
#3965=PLANE('',#5284);
#3966=FACE_OUTER_BOUND('',#5285,.T.);
#3967=PLANE('',#5286);
#3968=FACE_OUTER_BOUND('',#5287,.T.);
#3969=PLANE('',#5288);
#3970=FACE_OUTER_BOUND('',#5289,.T.);
#3971=CYLINDRICAL_SURFACE('',#5290,0.8);
#3972=FACE_OUTER_BOUND('',#5291,.T.);
#3973=PLANE('',#5292);
#3974=FACE_OUTER_BOUND('',#5293,.T.);
#3975=CYLINDRICAL_SURFACE('',#5294,0.4);
#3976=FACE_OUTER_BOUND('',#5295,.T.);
#3977=PLANE('',#5296);
#3978=FACE_OUTER_BOUND('',#5297,.T.);
#3979=PLANE('',#5298);
#3980=FACE_OUTER_BOUND('',#5299,.T.);
#3981=PLANE('',#5300);
#3982=FACE_OUTER_BOUND('',#5301,.T.);
#3983=PLANE('',#5302);
#3984=FACE_OUTER_BOUND('',#5303,.T.);
#3985=PLANE('',#5304);
#3986=FACE_OUTER_BOUND('',#5305,.T.);
#3987=PLANE('',#5306);
#3988=FACE_OUTER_BOUND('',#5307,.T.);
#3989=CYLINDRICAL_SURFACE('',#5308,0.4);
#3990=FACE_OUTER_BOUND('',#5309,.T.);
#3991=CYLINDRICAL_SURFACE('',#5310,0.4);
#3992=FACE_OUTER_BOUND('',#5311,.T.);
#3993=PLANE('',#5312);
#3994=FACE_OUTER_BOUND('',#5313,.T.);
#3995=PLANE('',#5314);
#3996=FACE_OUTER_BOUND('',#5315,.T.);
#3997=CYLINDRICAL_SURFACE('',#5316,0.8);
#3998=FACE_OUTER_BOUND('',#5317,.T.);
#3999=CYLINDRICAL_SURFACE('',#5318,0.8);
#4000=FACE_OUTER_BOUND('',#5319,.T.);
#4001=PLANE('',#5320);
#4002=FACE_OUTER_BOUND('',#5321,.T.);
#4003=PLANE('',#5322);
#4004=FACE_OUTER_BOUND('',#5323,.T.);
#4005=PLANE('',#5324);
#4006=FACE_OUTER_BOUND('',#5325,.T.);
#4007=PLANE('',#5326);
#4008=FACE_OUTER_BOUND('',#5327,.T.);
#4009=PLANE('',#5328);
#4010=FACE_OUTER_BOUND('',#5329,.T.);
#4011=PLANE('',#5330);
#4012=FACE_OUTER_BOUND('',#5331,.T.);
#4013=PLANE('',#5332);
#4014=FACE_OUTER_BOUND('',#5333,.T.);
#4015=PLANE('',#5334);
#4016=FACE_OUTER_BOUND('',#5335,.T.);
#4017=CYLINDRICAL_SURFACE('',#5336,0.8);
#4018=FACE_OUTER_BOUND('',#5337,.T.);
#4019=PLANE('',#5338);
#4020=FACE_OUTER_BOUND('',#5339,.T.);
#4021=CYLINDRICAL_SURFACE('',#5340,0.8);
#4022=FACE_OUTER_BOUND('',#5341,.T.);
#4023=PLANE('',#5342);
#4024=FACE_OUTER_BOUND('',#5343,.T.);
#4025=CYLINDRICAL_SURFACE('',#5344,0.8);
#4026=FACE_OUTER_BOUND('',#5345,.T.);
#4027=PLANE('',#5346);
#4028=FACE_OUTER_BOUND('',#5347,.T.);
#4029=PLANE('',#5348);
#4030=FACE_OUTER_BOUND('',#5349,.T.);
#4031=CYLINDRICAL_SURFACE('',#5350,0.8);
#4032=FACE_OUTER_BOUND('',#5351,.T.);
#4033=CYLINDRICAL_SURFACE('',#5352,0.8);
#4034=FACE_OUTER_BOUND('',#5353,.T.);
#4035=PLANE('',#5354);
#4036=FACE_OUTER_BOUND('',#5355,.T.);
#4037=PLANE('',#5356);
#4038=FACE_OUTER_BOUND('',#5357,.T.);
#4039=FACE_BOUND('',#5358,.T.);
#4040=FACE_BOUND('',#5359,.T.);
#4041=FACE_BOUND('',#5360,.T.);
#4042=FACE_BOUND('',#5361,.T.);
#4043=FACE_BOUND('',#5362,.T.);
#4044=FACE_BOUND('',#5363,.T.);
#4045=FACE_BOUND('',#5364,.T.);
#4046=PLANE('',#5365);
#4047=FACE_BOUND('',#5366,.T.);
#4048=FACE_OUTER_BOUND('',#5367,.T.);
#4049=PLANE('',#5368);
#4050=FACE_OUTER_BOUND('',#5369,.T.);
#4051=PLANE('',#5370);
#4052=FACE_OUTER_BOUND('',#5371,.T.);
#4053=TOROIDAL_SURFACE('',#5372,0.78071018241139,0.2);
#4054=FACE_OUTER_BOUND('',#5373,.T.);
#4055=CYLINDRICAL_SURFACE('',#5374,0.2);
#4056=FACE_OUTER_BOUND('',#5375,.T.);
#4057=PLANE('',#5376);
#4058=FACE_OUTER_BOUND('',#5377,.T.);
#4059=CYLINDRICAL_SURFACE('',#5378,0.2);
#4060=FACE_OUTER_BOUND('',#5379,.T.);
#4061=CONICAL_SURFACE('',#5380,1.48,0.610865238198015);
#4062=FACE_OUTER_BOUND('',#5381,.T.);
#4063=PLANE('',#5382);
#4064=FACE_OUTER_BOUND('',#5383,.T.);
#4065=CYLINDRICAL_SURFACE('',#5384,1.48);
#4066=FACE_OUTER_BOUND('',#5385,.T.);
#4067=PLANE('',#5386);
#4068=FACE_OUTER_BOUND('',#5387,.T.);
#4069=CYLINDRICAL_SURFACE('',#5388,0.2);
#4070=FACE_OUTER_BOUND('',#5389,.T.);
#4071=PLANE('',#5390);
#4072=FACE_OUTER_BOUND('',#5391,.T.);
#4073=PLANE('',#5392);
#4074=FACE_OUTER_BOUND('',#5393,.T.);
#4075=PLANE('',#5394);
#4076=FACE_OUTER_BOUND('',#5395,.T.);
#4077=CYLINDRICAL_SURFACE('',#5396,1.475);
#4078=FACE_OUTER_BOUND('',#5397,.T.);
#4079=PLANE('',#5398);
#4080=FACE_OUTER_BOUND('',#5399,.T.);
#4081=TOROIDAL_SURFACE('',#5400,0.780710182411394,0.2);
#4082=FACE_OUTER_BOUND('',#5401,.T.);
#4083=PLANE('',#5402);
#4084=FACE_OUTER_BOUND('',#5403,.T.);
#4085=CYLINDRICAL_SURFACE('',#5404,0.2);
#4086=FACE_OUTER_BOUND('',#5405,.T.);
#4087=CONICAL_SURFACE('',#5406,1.48,0.610865238198015);
#4088=FACE_OUTER_BOUND('',#5407,.T.);
#4089=CYLINDRICAL_SURFACE('',#5408,0.2);
#4090=FACE_OUTER_BOUND('',#5409,.T.);
#4091=CYLINDRICAL_SURFACE('',#5410,0.2);
#4092=FACE_OUTER_BOUND('',#5411,.T.);
#4093=PLANE('',#5412);
#4094=FACE_OUTER_BOUND('',#5413,.T.);
#4095=PLANE('',#5414);
#4096=FACE_OUTER_BOUND('',#5415,.T.);
#4097=CYLINDRICAL_SURFACE('',#5416,1.48);
#4098=FACE_OUTER_BOUND('',#5417,.T.);
#4099=PLANE('',#5418);
#4100=FACE_OUTER_BOUND('',#5419,.T.);
#4101=PLANE('',#5420);
#4102=FACE_OUTER_BOUND('',#5421,.T.);
#4103=PLANE('',#5422);
#4104=FACE_OUTER_BOUND('',#5423,.T.);
#4105=PLANE('',#5424);
#4106=FACE_OUTER_BOUND('',#5425,.T.);
#4107=CYLINDRICAL_SURFACE('',#5426,1.475);
#4108=FILL_AREA_STYLE('',(#5427));
#4109=EDGE_CURVE('',#5428,#5429,#5430,.F.);
#4110=EDGE_CURVE('',#5428,#5431,#5432,.T.);
#4111=EDGE_CURVE('',#5431,#5433,#5434,.F.);
#4112=EDGE_CURVE('',#5433,#5435,#5436,.F.);
#4113=EDGE_CURVE('',#5435,#5437,#5438,.T.);
#4114=EDGE_CURVE('',#5437,#5429,#5439,.F.);
#4115=FILL_AREA_STYLE('',(#5440));
#4116=EDGE_CURVE('',#5441,#5442,#5443,.T.);
#4117=EDGE_CURVE('',#5441,#5444,#5445,.T.);
#4118=EDGE_CURVE('',#5444,#5446,#5447,.T.);
#4119=EDGE_CURVE('',#5446,#5448,#5449,.F.);
#4120=EDGE_CURVE('',#5450,#5448,#5451,.T.);
#4121=EDGE_CURVE('',#5450,#5442,#5452,.F.);
#4122=FILL_AREA_STYLE('',(#5453));
#4123=EDGE_CURVE('',#5454,#5455,#5456,.T.);
#4124=EDGE_CURVE('',#5457,#5454,#5458,.T.);
#4125=EDGE_CURVE('',#5459,#5457,#5460,.T.);
#4126=EDGE_CURVE('',#5455,#5459,#5461,.T.);
#4127=FILL_AREA_STYLE('',(#5462));
#4128=EDGE_CURVE('',#5463,#5464,#5465,.T.);
#4129=EDGE_CURVE('',#5466,#5464,#5467,.T.);
#4130=EDGE_CURVE('',#5468,#5466,#5469,.T.);
#4131=EDGE_CURVE('',#5463,#5468,#5470,.T.);
#4132=FILL_AREA_STYLE('',(#5471));
#4133=EDGE_CURVE('',#5457,#5437,#5472,.F.);
#4134=EDGE_CURVE('',#5463,#5435,#5473,.T.);
#4135=EDGE_CURVE('',#5459,#5468,#5474,.T.);
#4136=FILL_AREA_STYLE('',(#5475));
#4137=EDGE_CURVE('',#5454,#5448,#5476,.T.);
#4138=EDGE_CURVE('',#5455,#5466,#5477,.T.);
#4139=EDGE_CURVE('',#5464,#5450,#5478,.F.);
#4140=FILL_AREA_STYLE('',(#5479));
#4141=FILL_AREA_STYLE('',(#5480));
#4142=EDGE_CURVE('',#5441,#5431,#5481,.F.);
#4143=EDGE_CURVE('',#5433,#5442,#5482,.T.);
#4144=FILL_AREA_STYLE('',(#5483));
#4145=EDGE_CURVE('',#5444,#5428,#5484,.F.);
#4146=EDGE_CURVE('',#5429,#5446,#5485,.T.);
#4147=FILL_AREA_STYLE('',(#5486));
#4148=FILL_AREA_STYLE('',(#5487));
#4149=FILL_AREA_STYLE('',(#5488));
#4150=EDGE_CURVE('',#5489,#5490,#5491,.F.);
#4151=EDGE_CURVE('',#5489,#5492,#5493,.T.);
#4152=EDGE_CURVE('',#5492,#5494,#5495,.F.);
#4153=EDGE_CURVE('',#5490,#5494,#5496,.T.);
#4154=FILL_AREA_STYLE('',(#5497));
#4155=EDGE_CURVE('',#5492,#5498,#5499,.T.);
#4156=EDGE_CURVE('',#5498,#5500,#5501,.F.);
#4157=EDGE_CURVE('',#5500,#5502,#5503,.F.);
#4158=EDGE_CURVE('',#5502,#5504,#5505,.F.);
#4159=EDGE_CURVE('',#5504,#5506,#5507,.T.);
#4160=EDGE_CURVE('',#5506,#5508,#5509,.F.);
#4161=EDGE_CURVE('',#5494,#5508,#5510,.F.);
#4162=FILL_AREA_STYLE('',(#5511));
#4163=EDGE_CURVE('',#5512,#5513,#5514,.F.);
#4164=EDGE_CURVE('',#5512,#5489,#5515,.T.);
#4165=EDGE_CURVE('',#5490,#5516,#5517,.T.);
#4166=EDGE_CURVE('',#5516,#5518,#5519,.F.);
#4167=EDGE_CURVE('',#5520,#5518,#5521,.T.);
#4168=EDGE_CURVE('',#5522,#5520,#5523,.F.);
#4169=EDGE_CURVE('',#5513,#5522,#5524,.T.);
#4170=FILL_AREA_STYLE('',(#5525));
#4171=EDGE_CURVE('',#5498,#5512,#5526,.T.);
#4172=EDGE_CURVE('',#5513,#5500,#5527,.T.);
#4173=FILL_AREA_STYLE('',(#5528));
#4174=EDGE_CURVE('',#5529,#5530,#5531,.T.);
#4175=EDGE_CURVE('',#5532,#5529,#5533,.T.);
#4176=EDGE_CURVE('',#5534,#5532,#5535,.T.);
#4177=EDGE_CURVE('',#5530,#5534,#5536,.T.);
#4178=FILL_AREA_STYLE('',(#5537));
#4179=EDGE_CURVE('',#5538,#5539,#5540,.T.);
#4180=EDGE_CURVE('',#5541,#5539,#5542,.T.);
#4181=EDGE_CURVE('',#5543,#5541,#5544,.T.);
#4182=EDGE_CURVE('',#5538,#5543,#5545,.T.);
#4183=FILL_AREA_STYLE('',(#5546));
#4184=EDGE_CURVE('',#5532,#5506,#5547,.F.);
#4185=EDGE_CURVE('',#5538,#5504,#5548,.T.);
#4186=EDGE_CURVE('',#5534,#5543,#5549,.T.);
#4187=FILL_AREA_STYLE('',(#5550));
#4188=EDGE_CURVE('',#5529,#5518,#5551,.T.);
#4189=EDGE_CURVE('',#5530,#5541,#5552,.T.);
#4190=EDGE_CURVE('',#5539,#5520,#5553,.F.);
#4191=FILL_AREA_STYLE('',(#5554));
#4192=FILL_AREA_STYLE('',(#5555));
#4193=EDGE_CURVE('',#5502,#5522,#5556,.T.);
#4194=FILL_AREA_STYLE('',(#5557));
#4195=EDGE_CURVE('',#5508,#5516,#5558,.T.);
#4196=FILL_AREA_STYLE('',(#5559));
#4197=FILL_AREA_STYLE('',(#5560));
#4198=FILL_AREA_STYLE('',(#5561));
#4199=EDGE_CURVE('',#5562,#5563,#5564,.F.);
#4200=EDGE_CURVE('',#5562,#5565,#5566,.T.);
#4201=EDGE_CURVE('',#5565,#5567,#5568,.F.);
#4202=EDGE_CURVE('',#5567,#5569,#5570,.F.);
#4203=EDGE_CURVE('',#5569,#5571,#5572,.T.);
#4204=EDGE_CURVE('',#5571,#5563,#5573,.F.);
#4205=FILL_AREA_STYLE('',(#5574));
#4206=EDGE_CURVE('',#5575,#5576,#5577,.T.);
#4207=EDGE_CURVE('',#5575,#5578,#5579,.T.);
#4208=EDGE_CURVE('',#5578,#5580,#5581,.T.);
#4209=EDGE_CURVE('',#5580,#5582,#5583,.F.);
#4210=EDGE_CURVE('',#5584,#5582,#5585,.T.);
#4211=EDGE_CURVE('',#5584,#5576,#5586,.F.);
#4212=FILL_AREA_STYLE('',(#5587));
#4213=EDGE_CURVE('',#5588,#5589,#5590,.T.);
#4214=EDGE_CURVE('',#5591,#5588,#5592,.T.);
#4215=EDGE_CURVE('',#5593,#5591,#5594,.T.);
#4216=EDGE_CURVE('',#5589,#5593,#5595,.T.);
#4217=FILL_AREA_STYLE('',(#5596));
#4218=EDGE_CURVE('',#5597,#5598,#5599,.T.);
#4219=EDGE_CURVE('',#5600,#5598,#5601,.T.);
#4220=EDGE_CURVE('',#5602,#5600,#5603,.T.);
#4221=EDGE_CURVE('',#5597,#5602,#5604,.T.);
#4222=FILL_AREA_STYLE('',(#5605));
#4223=EDGE_CURVE('',#5591,#5571,#5606,.F.);
#4224=EDGE_CURVE('',#5597,#5569,#5607,.T.);
#4225=EDGE_CURVE('',#5593,#5602,#5608,.T.);
#4226=FILL_AREA_STYLE('',(#5609));
#4227=EDGE_CURVE('',#5588,#5582,#5610,.T.);
#4228=EDGE_CURVE('',#5589,#5600,#5611,.T.);
#4229=EDGE_CURVE('',#5598,#5584,#5612,.F.);
#4230=FILL_AREA_STYLE('',(#5613));
#4231=FILL_AREA_STYLE('',(#5614));
#4232=EDGE_CURVE('',#5575,#5565,#5615,.F.);
#4233=EDGE_CURVE('',#5567,#5576,#5616,.T.);
#4234=FILL_AREA_STYLE('',(#5617));
#4235=EDGE_CURVE('',#5578,#5562,#5618,.F.);
#4236=EDGE_CURVE('',#5563,#5580,#5619,.T.);
#4237=FILL_AREA_STYLE('',(#5620));
#4238=FILL_AREA_STYLE('',(#5621));
#4239=FILL_AREA_STYLE('',(#5622));
#4240=EDGE_CURVE('',#5623,#5624,#5625,.F.);
#4241=EDGE_CURVE('',#5623,#5626,#5627,.T.);
#4242=EDGE_CURVE('',#5626,#5628,#5629,.F.);
#4243=EDGE_CURVE('',#5624,#5628,#5630,.T.);
#4244=FILL_AREA_STYLE('',(#5631));
#4245=EDGE_CURVE('',#5626,#5632,#5633,.T.);
#4246=EDGE_CURVE('',#5632,#5634,#5635,.F.);
#4247=EDGE_CURVE('',#5634,#5636,#5637,.F.);
#4248=EDGE_CURVE('',#5636,#5638,#5639,.F.);
#4249=EDGE_CURVE('',#5638,#5640,#5641,.T.);
#4250=EDGE_CURVE('',#5640,#5642,#5643,.F.);
#4251=EDGE_CURVE('',#5628,#5642,#5644,.F.);
#4252=FILL_AREA_STYLE('',(#5645));
#4253=EDGE_CURVE('',#5646,#5647,#5648,.F.);
#4254=EDGE_CURVE('',#5646,#5623,#5649,.T.);
#4255=EDGE_CURVE('',#5624,#5650,#5651,.T.);
#4256=EDGE_CURVE('',#5650,#5652,#5653,.F.);
#4257=EDGE_CURVE('',#5654,#5652,#5655,.T.);
#4258=EDGE_CURVE('',#5656,#5654,#5657,.F.);
#4259=EDGE_CURVE('',#5647,#5656,#5658,.T.);
#4260=FILL_AREA_STYLE('',(#5659));
#4261=EDGE_CURVE('',#5632,#5646,#5660,.T.);
#4262=EDGE_CURVE('',#5647,#5634,#5661,.T.);
#4263=FILL_AREA_STYLE('',(#5662));
#4264=EDGE_CURVE('',#5663,#5664,#5665,.T.);
#4265=EDGE_CURVE('',#5666,#5663,#5667,.T.);
#4266=EDGE_CURVE('',#5668,#5666,#5669,.T.);
#4267=EDGE_CURVE('',#5664,#5668,#5670,.T.);
#4268=FILL_AREA_STYLE('',(#5671));
#4269=EDGE_CURVE('',#5672,#5673,#5674,.T.);
#4270=EDGE_CURVE('',#5675,#5673,#5676,.T.);
#4271=EDGE_CURVE('',#5677,#5675,#5678,.T.);
#4272=EDGE_CURVE('',#5672,#5677,#5679,.T.);
#4273=FILL_AREA_STYLE('',(#5680));
#4274=EDGE_CURVE('',#5666,#5640,#5681,.F.);
#4275=EDGE_CURVE('',#5672,#5638,#5682,.T.);
#4276=EDGE_CURVE('',#5668,#5677,#5683,.T.);
#4277=FILL_AREA_STYLE('',(#5684));
#4278=EDGE_CURVE('',#5663,#5652,#5685,.T.);
#4279=EDGE_CURVE('',#5664,#5675,#5686,.T.);
#4280=EDGE_CURVE('',#5673,#5654,#5687,.F.);
#4281=FILL_AREA_STYLE('',(#5688));
#4282=FILL_AREA_STYLE('',(#5689));
#4283=EDGE_CURVE('',#5636,#5656,#5690,.T.);
#4284=FILL_AREA_STYLE('',(#5691));
#4285=EDGE_CURVE('',#5642,#5650,#5692,.T.);
#4286=FILL_AREA_STYLE('',(#5693));
#4287=FILL_AREA_STYLE('',(#5694));
#4288=FILL_AREA_STYLE('',(#5695));
#4289=EDGE_CURVE('',#5696,#5697,#5698,.F.);
#4290=EDGE_CURVE('',#5696,#5699,#5700,.T.);
#4291=EDGE_CURVE('',#5699,#5701,#5702,.F.);
#4292=EDGE_CURVE('',#5701,#5703,#5704,.F.);
#4293=EDGE_CURVE('',#5703,#5705,#5706,.T.);
#4294=EDGE_CURVE('',#5705,#5697,#5707,.F.);
#4295=FILL_AREA_STYLE('',(#5708));
#4296=EDGE_CURVE('',#5709,#5710,#5711,.T.);
#4297=EDGE_CURVE('',#5709,#5712,#5713,.T.);
#4298=EDGE_CURVE('',#5712,#5714,#5715,.T.);
#4299=EDGE_CURVE('',#5714,#5716,#5717,.F.);
#4300=EDGE_CURVE('',#5718,#5716,#5719,.T.);
#4301=EDGE_CURVE('',#5718,#5710,#5720,.F.);
#4302=FILL_AREA_STYLE('',(#5721));
#4303=EDGE_CURVE('',#5722,#5723,#5724,.T.);
#4304=EDGE_CURVE('',#5725,#5722,#5726,.T.);
#4305=EDGE_CURVE('',#5727,#5725,#5728,.T.);
#4306=EDGE_CURVE('',#5723,#5727,#5729,.T.);
#4307=FILL_AREA_STYLE('',(#5730));
#4308=EDGE_CURVE('',#5731,#5732,#5733,.T.);
#4309=EDGE_CURVE('',#5734,#5732,#5735,.T.);
#4310=EDGE_CURVE('',#5736,#5734,#5737,.T.);
#4311=EDGE_CURVE('',#5731,#5736,#5738,.T.);
#4312=FILL_AREA_STYLE('',(#5739));
#4313=EDGE_CURVE('',#5725,#5705,#5740,.F.);
#4314=EDGE_CURVE('',#5731,#5703,#5741,.T.);
#4315=EDGE_CURVE('',#5727,#5736,#5742,.T.);
#4316=FILL_AREA_STYLE('',(#5743));
#4317=EDGE_CURVE('',#5722,#5716,#5744,.T.);
#4318=EDGE_CURVE('',#5723,#5734,#5745,.T.);
#4319=EDGE_CURVE('',#5732,#5718,#5746,.F.);
#4320=FILL_AREA_STYLE('',(#5747));
#4321=FILL_AREA_STYLE('',(#5748));
#4322=EDGE_CURVE('',#5709,#5699,#5749,.F.);
#4323=EDGE_CURVE('',#5701,#5710,#5750,.T.);
#4324=FILL_AREA_STYLE('',(#5751));
#4325=EDGE_CURVE('',#5712,#5696,#5752,.F.);
#4326=EDGE_CURVE('',#5697,#5714,#5753,.T.);
#4327=FILL_AREA_STYLE('',(#5754));
#4328=FILL_AREA_STYLE('',(#5755));
#4329=FILL_AREA_STYLE('',(#5756));
#4330=EDGE_CURVE('',#5757,#5758,#5759,.F.);
#4331=EDGE_CURVE('',#5757,#5760,#5761,.T.);
#4332=EDGE_CURVE('',#5760,#5762,#5763,.F.);
#4333=EDGE_CURVE('',#5758,#5762,#5764,.T.);
#4334=FILL_AREA_STYLE('',(#5765));
#4335=EDGE_CURVE('',#5760,#5766,#5767,.T.);
#4336=EDGE_CURVE('',#5766,#5768,#5769,.F.);
#4337=EDGE_CURVE('',#5768,#5770,#5771,.F.);
#4338=EDGE_CURVE('',#5770,#5772,#5773,.F.);
#4339=EDGE_CURVE('',#5772,#5774,#5775,.T.);
#4340=EDGE_CURVE('',#5774,#5776,#5777,.F.);
#4341=EDGE_CURVE('',#5762,#5776,#5778,.F.);
#4342=FILL_AREA_STYLE('',(#5779));
#4343=EDGE_CURVE('',#5780,#5781,#5782,.F.);
#4344=EDGE_CURVE('',#5780,#5757,#5783,.T.);
#4345=EDGE_CURVE('',#5758,#5784,#5785,.T.);
#4346=EDGE_CURVE('',#5784,#5786,#5787,.F.);
#4347=EDGE_CURVE('',#5788,#5786,#5789,.T.);
#4348=EDGE_CURVE('',#5790,#5788,#5791,.F.);
#4349=EDGE_CURVE('',#5781,#5790,#5792,.T.);
#4350=FILL_AREA_STYLE('',(#5793));
#4351=EDGE_CURVE('',#5766,#5780,#5794,.T.);
#4352=EDGE_CURVE('',#5781,#5768,#5795,.T.);
#4353=FILL_AREA_STYLE('',(#5796));
#4354=EDGE_CURVE('',#5797,#5798,#5799,.T.);
#4355=EDGE_CURVE('',#5800,#5797,#5801,.T.);
#4356=EDGE_CURVE('',#5802,#5800,#5803,.T.);
#4357=EDGE_CURVE('',#5798,#5802,#5804,.T.);
#4358=FILL_AREA_STYLE('',(#5805));
#4359=EDGE_CURVE('',#5806,#5807,#5808,.T.);
#4360=EDGE_CURVE('',#5809,#5807,#5810,.T.);
#4361=EDGE_CURVE('',#5811,#5809,#5812,.T.);
#4362=EDGE_CURVE('',#5806,#5811,#5813,.T.);
#4363=FILL_AREA_STYLE('',(#5814));
#4364=EDGE_CURVE('',#5800,#5774,#5815,.F.);
#4365=EDGE_CURVE('',#5806,#5772,#5816,.T.);
#4366=EDGE_CURVE('',#5802,#5811,#5817,.T.);
#4367=FILL_AREA_STYLE('',(#5818));
#4368=EDGE_CURVE('',#5797,#5786,#5819,.T.);
#4369=EDGE_CURVE('',#5798,#5809,#5820,.T.);
#4370=EDGE_CURVE('',#5807,#5788,#5821,.F.);
#4371=FILL_AREA_STYLE('',(#5822));
#4372=FILL_AREA_STYLE('',(#5823));
#4373=EDGE_CURVE('',#5770,#5790,#5824,.T.);
#4374=FILL_AREA_STYLE('',(#5825));
#4375=EDGE_CURVE('',#5776,#5784,#5826,.T.);
#4376=FILL_AREA_STYLE('',(#5827));
#4377=FILL_AREA_STYLE('',(#5828));
#4378=FILL_AREA_STYLE('',(#5829));
#4379=EDGE_CURVE('',#5830,#5831,#5832,.F.);
#4380=EDGE_CURVE('',#5830,#5833,#5834,.T.);
#4381=EDGE_CURVE('',#5833,#5835,#5836,.F.);
#4382=EDGE_CURVE('',#5835,#5837,#5838,.F.);
#4383=EDGE_CURVE('',#5837,#5839,#5840,.T.);
#4384=EDGE_CURVE('',#5839,#5831,#5841,.F.);
#4385=FILL_AREA_STYLE('',(#5842));
#4386=EDGE_CURVE('',#5843,#5844,#5845,.T.);
#4387=EDGE_CURVE('',#5843,#5846,#5847,.T.);
#4388=EDGE_CURVE('',#5846,#5848,#5849,.T.);
#4389=EDGE_CURVE('',#5848,#5850,#5851,.F.);
#4390=EDGE_CURVE('',#5852,#5850,#5853,.T.);
#4391=EDGE_CURVE('',#5852,#5844,#5854,.F.);
#4392=FILL_AREA_STYLE('',(#5855));
#4393=EDGE_CURVE('',#5856,#5857,#5858,.T.);
#4394=EDGE_CURVE('',#5859,#5856,#5860,.T.);
#4395=EDGE_CURVE('',#5861,#5859,#5862,.T.);
#4396=EDGE_CURVE('',#5857,#5861,#5863,.T.);
#4397=FILL_AREA_STYLE('',(#5864));
#4398=EDGE_CURVE('',#5865,#5866,#5867,.T.);
#4399=EDGE_CURVE('',#5868,#5866,#5869,.T.);
#4400=EDGE_CURVE('',#5870,#5868,#5871,.T.);
#4401=EDGE_CURVE('',#5865,#5870,#5872,.T.);
#4402=FILL_AREA_STYLE('',(#5873));
#4403=EDGE_CURVE('',#5859,#5839,#5874,.F.);
#4404=EDGE_CURVE('',#5865,#5837,#5875,.T.);
#4405=EDGE_CURVE('',#5861,#5870,#5876,.T.);
#4406=FILL_AREA_STYLE('',(#5877));
#4407=EDGE_CURVE('',#5856,#5850,#5878,.T.);
#4408=EDGE_CURVE('',#5857,#5868,#5879,.T.);
#4409=EDGE_CURVE('',#5866,#5852,#5880,.F.);
#4410=FILL_AREA_STYLE('',(#5881));
#4411=FILL_AREA_STYLE('',(#5882));
#4412=EDGE_CURVE('',#5843,#5833,#5883,.F.);
#4413=EDGE_CURVE('',#5835,#5844,#5884,.T.);
#4414=FILL_AREA_STYLE('',(#5885));
#4415=EDGE_CURVE('',#5846,#5830,#5886,.F.);
#4416=EDGE_CURVE('',#5831,#5848,#5887,.T.);
#4417=FILL_AREA_STYLE('',(#5888));
#4418=FILL_AREA_STYLE('',(#5889));
#4419=FILL_AREA_STYLE('',(#5890));
#4420=EDGE_CURVE('',#5891,#5892,#5893,.F.);
#4421=EDGE_CURVE('',#5891,#5894,#5895,.T.);
#4422=EDGE_CURVE('',#5894,#5896,#5897,.F.);
#4423=EDGE_CURVE('',#5892,#5896,#5898,.T.);
#4424=FILL_AREA_STYLE('',(#5899));
#4425=EDGE_CURVE('',#5894,#5900,#5901,.T.);
#4426=EDGE_CURVE('',#5900,#5902,#5903,.F.);
#4427=EDGE_CURVE('',#5902,#5904,#5905,.F.);
#4428=EDGE_CURVE('',#5904,#5906,#5907,.F.);
#4429=EDGE_CURVE('',#5906,#5908,#5909,.T.);
#4430=EDGE_CURVE('',#5908,#5910,#5911,.F.);
#4431=EDGE_CURVE('',#5896,#5910,#5912,.F.);
#4432=FILL_AREA_STYLE('',(#5913));
#4433=EDGE_CURVE('',#5914,#5915,#5916,.F.);
#4434=EDGE_CURVE('',#5914,#5891,#5917,.T.);
#4435=EDGE_CURVE('',#5892,#5918,#5919,.T.);
#4436=EDGE_CURVE('',#5918,#5920,#5921,.F.);
#4437=EDGE_CURVE('',#5922,#5920,#5923,.T.);
#4438=EDGE_CURVE('',#5924,#5922,#5925,.F.);
#4439=EDGE_CURVE('',#5915,#5924,#5926,.T.);
#4440=FILL_AREA_STYLE('',(#5927));
#4441=EDGE_CURVE('',#5900,#5914,#5928,.T.);
#4442=EDGE_CURVE('',#5915,#5902,#5929,.T.);
#4443=FILL_AREA_STYLE('',(#5930));
#4444=EDGE_CURVE('',#5931,#5932,#5933,.T.);
#4445=EDGE_CURVE('',#5934,#5931,#5935,.T.);
#4446=EDGE_CURVE('',#5936,#5934,#5937,.T.);
#4447=EDGE_CURVE('',#5932,#5936,#5938,.T.);
#4448=FILL_AREA_STYLE('',(#5939));
#4449=EDGE_CURVE('',#5940,#5941,#5942,.T.);
#4450=EDGE_CURVE('',#5943,#5941,#5944,.T.);
#4451=EDGE_CURVE('',#5945,#5943,#5946,.T.);
#4452=EDGE_CURVE('',#5940,#5945,#5947,.T.);
#4453=FILL_AREA_STYLE('',(#5948));
#4454=EDGE_CURVE('',#5934,#5908,#5949,.F.);
#4455=EDGE_CURVE('',#5940,#5906,#5950,.T.);
#4456=EDGE_CURVE('',#5936,#5945,#5951,.T.);
#4457=FILL_AREA_STYLE('',(#5952));
#4458=EDGE_CURVE('',#5931,#5920,#5953,.T.);
#4459=EDGE_CURVE('',#5932,#5943,#5954,.T.);
#4460=EDGE_CURVE('',#5941,#5922,#5955,.F.);
#4461=FILL_AREA_STYLE('',(#5956));
#4462=FILL_AREA_STYLE('',(#5957));
#4463=EDGE_CURVE('',#5904,#5924,#5958,.T.);
#4464=FILL_AREA_STYLE('',(#5959));
#4465=EDGE_CURVE('',#5910,#5918,#5960,.T.);
#4466=FILL_AREA_STYLE('',(#5961));
#4467=FILL_AREA_STYLE('',(#5962));
#4468=FILL_AREA_STYLE('',(#5963));
#4469=EDGE_CURVE('',#5964,#5965,#5966,.T.);
#4470=EDGE_CURVE('',#5964,#5967,#5968,.T.);
#4471=EDGE_CURVE('',#5969,#5967,#5970,.T.);
#4472=EDGE_CURVE('',#5965,#5969,#5971,.T.);
#4473=FILL_AREA_STYLE('',(#5972));
#4474=EDGE_CURVE('',#5973,#5974,#5975,.T.);
#4475=EDGE_CURVE('',#5974,#5969,#5976,.T.);
#4476=EDGE_CURVE('',#5967,#5973,#5977,.T.);
#4477=FILL_AREA_STYLE('',(#5978));
#4478=EDGE_CURVE('',#5979,#5974,#5980,.T.);
#4479=EDGE_CURVE('',#5979,#5981,#5982,.T.);
#4480=EDGE_CURVE('',#5983,#5981,#5984,.T.);
#4481=EDGE_CURVE('',#5965,#5983,#5985,.T.);
#4482=FILL_AREA_STYLE('',(#5986));
#4483=EDGE_CURVE('',#5987,#5983,#5988,.T.);
#4484=EDGE_CURVE('',#5987,#5964,#5989,.T.);
#4485=FILL_AREA_STYLE('',(#5990));
#4486=EDGE_CURVE('',#5991,#5992,#5993,.T.);
#4487=EDGE_CURVE('',#5973,#5991,#5994,.T.);
#4488=EDGE_CURVE('',#5992,#5987,#5995,.T.);
#4489=FILL_AREA_STYLE('',(#5996));
#4490=EDGE_CURVE('',#5997,#5981,#5998,.F.);
#4491=EDGE_CURVE('',#5997,#5999,#6000,.T.);
#4492=EDGE_CURVE('',#5999,#5992,#6001,.F.);
#4493=FILL_AREA_STYLE('',(#6002));
#4494=EDGE_CURVE('',#6003,#5979,#6004,.F.);
#4495=EDGE_CURVE('',#6003,#5997,#6005,.T.);
#4496=FILL_AREA_STYLE('',(#6006));
#4497=EDGE_CURVE('',#5999,#6007,#6008,.T.);
#4498=EDGE_CURVE('',#6007,#5991,#6009,.F.);
#4499=FILL_AREA_STYLE('',(#6010));
#4500=EDGE_CURVE('',#6007,#6003,#6011,.T.);
#4501=FILL_AREA_STYLE('',(#6012));
#4502=EDGE_CURVE('',#6013,#6014,#6015,.T.);
#4503=EDGE_CURVE('',#6013,#6016,#6017,.T.);
#4504=EDGE_CURVE('',#6018,#6016,#6019,.T.);
#4505=EDGE_CURVE('',#6014,#6018,#6020,.T.);
#4506=FILL_AREA_STYLE('',(#6021));
#4507=EDGE_CURVE('',#6022,#6023,#6024,.T.);
#4508=EDGE_CURVE('',#6023,#6018,#6025,.T.);
#4509=EDGE_CURVE('',#6016,#6022,#6026,.T.);
#4510=FILL_AREA_STYLE('',(#6027));
#4511=EDGE_CURVE('',#6028,#6023,#6029,.T.);
#4512=EDGE_CURVE('',#6028,#6030,#6031,.T.);
#4513=EDGE_CURVE('',#6032,#6030,#6033,.T.);
#4514=EDGE_CURVE('',#6014,#6032,#6034,.T.);
#4515=FILL_AREA_STYLE('',(#6035));
#4516=EDGE_CURVE('',#6036,#6032,#6037,.T.);
#4517=EDGE_CURVE('',#6036,#6013,#6038,.T.);
#4518=FILL_AREA_STYLE('',(#6039));
#4519=EDGE_CURVE('',#6040,#6041,#6042,.T.);
#4520=EDGE_CURVE('',#6022,#6040,#6043,.T.);
#4521=EDGE_CURVE('',#6041,#6036,#6044,.T.);
#4522=FILL_AREA_STYLE('',(#6045));
#4523=EDGE_CURVE('',#6046,#6030,#6047,.F.);
#4524=EDGE_CURVE('',#6046,#6048,#6049,.T.);
#4525=EDGE_CURVE('',#6048,#6041,#6050,.F.);
#4526=FILL_AREA_STYLE('',(#6051));
#4527=EDGE_CURVE('',#6052,#6028,#6053,.F.);
#4528=EDGE_CURVE('',#6052,#6046,#6054,.T.);
#4529=FILL_AREA_STYLE('',(#6055));
#4530=EDGE_CURVE('',#6048,#6056,#6057,.T.);
#4531=EDGE_CURVE('',#6056,#6040,#6058,.F.);
#4532=FILL_AREA_STYLE('',(#6059));
#4533=EDGE_CURVE('',#6056,#6052,#6060,.T.);
#4534=FILL_AREA_STYLE('',(#6061));
#4535=EDGE_CURVE('',#6062,#6063,#6064,.T.);
#4536=EDGE_CURVE('',#6062,#6065,#6066,.T.);
#4537=EDGE_CURVE('',#6067,#6065,#6068,.T.);
#4538=EDGE_CURVE('',#6063,#6067,#6069,.T.);
#4539=FILL_AREA_STYLE('',(#6070));
#4540=EDGE_CURVE('',#6071,#6072,#6073,.T.);
#4541=EDGE_CURVE('',#6072,#6067,#6074,.T.);
#4542=EDGE_CURVE('',#6065,#6071,#6075,.T.);
#4543=FILL_AREA_STYLE('',(#6076));
#4544=EDGE_CURVE('',#6077,#6072,#6078,.T.);
#4545=EDGE_CURVE('',#6077,#6079,#6080,.T.);
#4546=EDGE_CURVE('',#6081,#6079,#6082,.T.);
#4547=EDGE_CURVE('',#6063,#6081,#6083,.T.);
#4548=FILL_AREA_STYLE('',(#6084));
#4549=EDGE_CURVE('',#6085,#6081,#6086,.T.);
#4550=EDGE_CURVE('',#6085,#6062,#6087,.T.);
#4551=FILL_AREA_STYLE('',(#6088));
#4552=EDGE_CURVE('',#6089,#6090,#6091,.T.);
#4553=EDGE_CURVE('',#6071,#6089,#6092,.T.);
#4554=EDGE_CURVE('',#6090,#6085,#6093,.T.);
#4555=FILL_AREA_STYLE('',(#6094));
#4556=EDGE_CURVE('',#6095,#6079,#6096,.F.);
#4557=EDGE_CURVE('',#6095,#6097,#6098,.T.);
#4558=EDGE_CURVE('',#6097,#6090,#6099,.F.);
#4559=FILL_AREA_STYLE('',(#6100));
#4560=EDGE_CURVE('',#6101,#6077,#6102,.F.);
#4561=EDGE_CURVE('',#6101,#6095,#6103,.T.);
#4562=FILL_AREA_STYLE('',(#6104));
#4563=EDGE_CURVE('',#6097,#6105,#6106,.T.);
#4564=EDGE_CURVE('',#6105,#6089,#6107,.F.);
#4565=FILL_AREA_STYLE('',(#6108));
#4566=EDGE_CURVE('',#6105,#6101,#6109,.T.);
#4567=FILL_AREA_STYLE('',(#6110));
#4568=EDGE_CURVE('',#6111,#6112,#6113,.T.);
#4569=EDGE_CURVE('',#6111,#6114,#6115,.T.);
#4570=EDGE_CURVE('',#6116,#6114,#6117,.T.);
#4571=EDGE_CURVE('',#6112,#6116,#6118,.T.);
#4572=FILL_AREA_STYLE('',(#6119));
#4573=EDGE_CURVE('',#6120,#6121,#6122,.T.);
#4574=EDGE_CURVE('',#6121,#6116,#6123,.T.);
#4575=EDGE_CURVE('',#6114,#6120,#6124,.T.);
#4576=FILL_AREA_STYLE('',(#6125));
#4577=EDGE_CURVE('',#6126,#6121,#6127,.T.);
#4578=EDGE_CURVE('',#6126,#6128,#6129,.T.);
#4579=EDGE_CURVE('',#6130,#6128,#6131,.T.);
#4580=EDGE_CURVE('',#6112,#6130,#6132,.T.);
#4581=FILL_AREA_STYLE('',(#6133));
#4582=EDGE_CURVE('',#6134,#6130,#6135,.T.);
#4583=EDGE_CURVE('',#6134,#6111,#6136,.T.);
#4584=FILL_AREA_STYLE('',(#6137));
#4585=EDGE_CURVE('',#6138,#6139,#6140,.T.);
#4586=EDGE_CURVE('',#6120,#6138,#6141,.T.);
#4587=EDGE_CURVE('',#6139,#6134,#6142,.T.);
#4588=FILL_AREA_STYLE('',(#6143));
#4589=EDGE_CURVE('',#6144,#6128,#6145,.F.);
#4590=EDGE_CURVE('',#6144,#6146,#6147,.T.);
#4591=EDGE_CURVE('',#6146,#6139,#6148,.F.);
#4592=FILL_AREA_STYLE('',(#6149));
#4593=EDGE_CURVE('',#6150,#6126,#6151,.F.);
#4594=EDGE_CURVE('',#6150,#6144,#6152,.T.);
#4595=FILL_AREA_STYLE('',(#6153));
#4596=EDGE_CURVE('',#6146,#6154,#6155,.T.);
#4597=EDGE_CURVE('',#6154,#6138,#6156,.F.);
#4598=FILL_AREA_STYLE('',(#6157));
#4599=EDGE_CURVE('',#6154,#6150,#6158,.T.);
#4600=FILL_AREA_STYLE('',(#6159));
#4601=EDGE_CURVE('',#6160,#6161,#6162,.T.);
#4602=EDGE_CURVE('',#6160,#6163,#6164,.T.);
#4603=EDGE_CURVE('',#6165,#6163,#6166,.T.);
#4604=EDGE_CURVE('',#6161,#6165,#6167,.T.);
#4605=FILL_AREA_STYLE('',(#6168));
#4606=EDGE_CURVE('',#6169,#6170,#6171,.T.);
#4607=EDGE_CURVE('',#6170,#6165,#6172,.T.);
#4608=EDGE_CURVE('',#6163,#6169,#6173,.T.);
#4609=FILL_AREA_STYLE('',(#6174));
#4610=EDGE_CURVE('',#6175,#6170,#6176,.T.);
#4611=EDGE_CURVE('',#6175,#6177,#6178,.T.);
#4612=EDGE_CURVE('',#6179,#6177,#6180,.T.);
#4613=EDGE_CURVE('',#6161,#6179,#6181,.T.);
#4614=FILL_AREA_STYLE('',(#6182));
#4615=EDGE_CURVE('',#6183,#6179,#6184,.T.);
#4616=EDGE_CURVE('',#6183,#6160,#6185,.T.);
#4617=FILL_AREA_STYLE('',(#6186));
#4618=EDGE_CURVE('',#6187,#6188,#6189,.T.);
#4619=EDGE_CURVE('',#6169,#6187,#6190,.T.);
#4620=EDGE_CURVE('',#6188,#6183,#6191,.T.);
#4621=FILL_AREA_STYLE('',(#6192));
#4622=EDGE_CURVE('',#6193,#6177,#6194,.F.);
#4623=EDGE_CURVE('',#6193,#6195,#6196,.T.);
#4624=EDGE_CURVE('',#6195,#6188,#6197,.F.);
#4625=FILL_AREA_STYLE('',(#6198));
#4626=EDGE_CURVE('',#6199,#6175,#6200,.F.);
#4627=EDGE_CURVE('',#6199,#6193,#6201,.T.);
#4628=FILL_AREA_STYLE('',(#6202));
#4629=EDGE_CURVE('',#6195,#6203,#6204,.T.);
#4630=EDGE_CURVE('',#6203,#6187,#6205,.F.);
#4631=FILL_AREA_STYLE('',(#6206));
#4632=EDGE_CURVE('',#6203,#6199,#6207,.T.);
#4633=FILL_AREA_STYLE('',(#6208));
#4634=EDGE_CURVE('',#6209,#6210,#6211,.T.);
#4635=EDGE_CURVE('',#6209,#6212,#6213,.T.);
#4636=EDGE_CURVE('',#6214,#6212,#6215,.T.);
#4637=EDGE_CURVE('',#6210,#6214,#6216,.T.);
#4638=FILL_AREA_STYLE('',(#6217));
#4639=EDGE_CURVE('',#6218,#6219,#6220,.T.);
#4640=EDGE_CURVE('',#6219,#6214,#6221,.T.);
#4641=EDGE_CURVE('',#6212,#6218,#6222,.T.);
#4642=FILL_AREA_STYLE('',(#6223));
#4643=EDGE_CURVE('',#6224,#6219,#6225,.T.);
#4644=EDGE_CURVE('',#6224,#6226,#6227,.T.);
#4645=EDGE_CURVE('',#6228,#6226,#6229,.T.);
#4646=EDGE_CURVE('',#6210,#6228,#6230,.T.);
#4647=FILL_AREA_STYLE('',(#6231));
#4648=EDGE_CURVE('',#6232,#6228,#6233,.T.);
#4649=EDGE_CURVE('',#6232,#6209,#6234,.T.);
#4650=FILL_AREA_STYLE('',(#6235));
#4651=EDGE_CURVE('',#6236,#6237,#6238,.T.);
#4652=EDGE_CURVE('',#6218,#6236,#6239,.T.);
#4653=EDGE_CURVE('',#6237,#6232,#6240,.T.);
#4654=FILL_AREA_STYLE('',(#6241));
#4655=EDGE_CURVE('',#6242,#6226,#6243,.F.);
#4656=EDGE_CURVE('',#6242,#6244,#6245,.T.);
#4657=EDGE_CURVE('',#6244,#6237,#6246,.F.);
#4658=FILL_AREA_STYLE('',(#6247));
#4659=EDGE_CURVE('',#6248,#6224,#6249,.F.);
#4660=EDGE_CURVE('',#6248,#6242,#6250,.T.);
#4661=FILL_AREA_STYLE('',(#6251));
#4662=EDGE_CURVE('',#6244,#6252,#6253,.T.);
#4663=EDGE_CURVE('',#6252,#6236,#6254,.F.);
#4664=FILL_AREA_STYLE('',(#6255));
#4665=EDGE_CURVE('',#6252,#6248,#6256,.T.);
#4666=FILL_AREA_STYLE('',(#6257));
#4667=EDGE_CURVE('',#6258,#6259,#6260,.T.);
#4668=EDGE_CURVE('',#6258,#6261,#6262,.T.);
#4669=EDGE_CURVE('',#6263,#6261,#6264,.T.);
#4670=EDGE_CURVE('',#6259,#6263,#6265,.T.);
#4671=FILL_AREA_STYLE('',(#6266));
#4672=EDGE_CURVE('',#6267,#6268,#6269,.T.);
#4673=EDGE_CURVE('',#6268,#6263,#6270,.T.);
#4674=EDGE_CURVE('',#6261,#6267,#6271,.T.);
#4675=FILL_AREA_STYLE('',(#6272));
#4676=EDGE_CURVE('',#6273,#6268,#6274,.T.);
#4677=EDGE_CURVE('',#6273,#6275,#6276,.T.);
#4678=EDGE_CURVE('',#6277,#6275,#6278,.T.);
#4679=EDGE_CURVE('',#6259,#6277,#6279,.T.);
#4680=FILL_AREA_STYLE('',(#6280));
#4681=EDGE_CURVE('',#6281,#6277,#6282,.T.);
#4682=EDGE_CURVE('',#6281,#6258,#6283,.T.);
#4683=FILL_AREA_STYLE('',(#6284));
#4684=EDGE_CURVE('',#6285,#6286,#6287,.T.);
#4685=EDGE_CURVE('',#6267,#6285,#6288,.T.);
#4686=EDGE_CURVE('',#6286,#6281,#6289,.T.);
#4687=FILL_AREA_STYLE('',(#6290));
#4688=EDGE_CURVE('',#6291,#6275,#6292,.F.);
#4689=EDGE_CURVE('',#6291,#6293,#6294,.T.);
#4690=EDGE_CURVE('',#6293,#6286,#6295,.F.);
#4691=FILL_AREA_STYLE('',(#6296));
#4692=EDGE_CURVE('',#6297,#6273,#6298,.F.);
#4693=EDGE_CURVE('',#6297,#6291,#6299,.T.);
#4694=FILL_AREA_STYLE('',(#6300));
#4695=EDGE_CURVE('',#6293,#6301,#6302,.T.);
#4696=EDGE_CURVE('',#6301,#6285,#6303,.F.);
#4697=FILL_AREA_STYLE('',(#6304));
#4698=EDGE_CURVE('',#6301,#6297,#6305,.T.);
#4699=FILL_AREA_STYLE('',(#6306));
#4700=EDGE_CURVE('',#6307,#6308,#6309,.T.);
#4701=EDGE_CURVE('',#6307,#6310,#6311,.T.);
#4702=EDGE_CURVE('',#6312,#6310,#6313,.T.);
#4703=EDGE_CURVE('',#6308,#6312,#6314,.T.);
#4704=FILL_AREA_STYLE('',(#6315));
#4705=EDGE_CURVE('',#6316,#6317,#6318,.T.);
#4706=EDGE_CURVE('',#6317,#6312,#6319,.T.);
#4707=EDGE_CURVE('',#6310,#6316,#6320,.T.);
#4708=FILL_AREA_STYLE('',(#6321));
#4709=EDGE_CURVE('',#6322,#6317,#6323,.T.);
#4710=EDGE_CURVE('',#6322,#6324,#6325,.T.);
#4711=EDGE_CURVE('',#6326,#6324,#6327,.T.);
#4712=EDGE_CURVE('',#6308,#6326,#6328,.T.);
#4713=FILL_AREA_STYLE('',(#6329));
#4714=EDGE_CURVE('',#6330,#6326,#6331,.T.);
#4715=EDGE_CURVE('',#6330,#6307,#6332,.T.);
#4716=FILL_AREA_STYLE('',(#6333));
#4717=EDGE_CURVE('',#6334,#6335,#6336,.T.);
#4718=EDGE_CURVE('',#6316,#6334,#6337,.T.);
#4719=EDGE_CURVE('',#6335,#6330,#6338,.T.);
#4720=FILL_AREA_STYLE('',(#6339));
#4721=EDGE_CURVE('',#6340,#6324,#6341,.F.);
#4722=EDGE_CURVE('',#6340,#6342,#6343,.T.);
#4723=EDGE_CURVE('',#6342,#6335,#6344,.F.);
#4724=FILL_AREA_STYLE('',(#6345));
#4725=EDGE_CURVE('',#6346,#6322,#6347,.F.);
#4726=EDGE_CURVE('',#6346,#6340,#6348,.T.);
#4727=FILL_AREA_STYLE('',(#6349));
#4728=EDGE_CURVE('',#6342,#6350,#6351,.T.);
#4729=EDGE_CURVE('',#6350,#6334,#6352,.F.);
#4730=FILL_AREA_STYLE('',(#6353));
#4731=EDGE_CURVE('',#6350,#6346,#6354,.T.);
#4732=FILL_AREA_STYLE('',(#6355));
#4733=EDGE_LOOP('',(#6356,#6357,#6358,#6359));
#4734=AXIS2_PLACEMENT_3D('',#6360,#6361,#6362);
#4735=EDGE_LOOP('',(#6363,#6364,#6365,#6366));
#4736=AXIS2_PLACEMENT_3D('',#6367,#6368,#6369);
#4737=EDGE_LOOP('',(#6370,#6371,#6372,#6373));
#4738=AXIS2_PLACEMENT_3D('',#6374,#6375,#6376);
#4739=EDGE_LOOP('',(#6377,#6378,#6379,#6380));
#4740=AXIS2_PLACEMENT_3D('',#6381,#6382,#6383);
#4741=EDGE_LOOP('',(#6384,#6385,#6386,#6387));
#4742=AXIS2_PLACEMENT_3D('',#6388,#6389,#6390);
#4743=EDGE_LOOP('',(#6391,#6392,#6393,#6394));
#4744=AXIS2_PLACEMENT_3D('',#6395,#6396,#6397);
#4745=EDGE_LOOP('',(#6398,#6399,#6400,#6401));
#4746=AXIS2_PLACEMENT_3D('',#6402,#6403,#6404);
#4747=EDGE_LOOP('',(#6405,#6406,#6407,#6408));
#4748=AXIS2_PLACEMENT_3D('',#6409,#6410,#6411);
#4749=EDGE_LOOP('',(#6412,#6413,#6414,#6415));
#4750=AXIS2_PLACEMENT_3D('',#6416,#6417,#6418);
#4751=EDGE_LOOP('',(#6419,#6420,#6421,#6422));
#4752=AXIS2_PLACEMENT_3D('',#6423,#6424,#6425);
#4753=EDGE_LOOP('',(#6426,#6427,#6428,#6429));
#4754=AXIS2_PLACEMENT_3D('',#6430,#6431,#6432);
#4755=EDGE_LOOP('',(#6433,#6434,#6435,#6436));
#4756=AXIS2_PLACEMENT_3D('',#6437,#6438,#6439);
#4757=EDGE_LOOP('',(#6440,#6441,#6442,#6443));
#4758=AXIS2_PLACEMENT_3D('',#6444,#6445,#6446);
#4759=EDGE_LOOP('',(#6447,#6448,#6449,#6450));
#4760=AXIS2_PLACEMENT_3D('',#6451,#6452,#6453);
#4761=EDGE_LOOP('',(#6454,#6455,#6456,#6457));
#4762=AXIS2_PLACEMENT_3D('',#6458,#6459,#6460);
#4763=EDGE_LOOP('',(#6461,#6462,#6463,#6464));
#4764=AXIS2_PLACEMENT_3D('',#6465,#6466,#6467);
#4765=EDGE_LOOP('',(#6468,#6469,#6470,#6471));
#4766=AXIS2_PLACEMENT_3D('',#6472,#6473,#6474);
#4767=EDGE_LOOP('',(#6475,#6476,#6477,#6478));
#4768=AXIS2_PLACEMENT_3D('',#6479,#6480,#6481);
#4769=EDGE_LOOP('',(#6482,#6483,#6484,#6485));
#4770=EDGE_LOOP('',(#6486,#6487,#6488,#6489));
#4771=EDGE_LOOP('',(#6490,#6491,#6492,#6493));
#4772=EDGE_LOOP('',(#6494,#6495,#6496,#6497));
#4773=EDGE_LOOP('',(#6498,#6499,#6500,#6501,#6502,#6503,#6504,#6505,#6506,#6507,#6508,#6509,#6510));
#4774=EDGE_LOOP('',(#6511,#6512,#6513,#6514,#6515,#6516));
#4775=EDGE_LOOP('',(#6517,#6518,#6519,#6520,#6521,#6522,#6523,#6524));
#4776=EDGE_LOOP('',(#6525,#6526,#6527,#6528,#6529));
#4777=EDGE_LOOP('',(#6530,#6531,#6532,#6533,#6534,#6535));
#4778=EDGE_LOOP('',(#6536,#6537,#6538,#6539,#6540,#6541));
#4779=EDGE_LOOP('',(#6542,#6543,#6544,#6545,#6546,#6547,#6548));
#4780=EDGE_LOOP('',(#6549,#6550,#6551,#6552,#6553,#6554));
#4781=EDGE_LOOP('',(#6555,#6556,#6557,#6558,#6559));
#4782=EDGE_LOOP('',(#6560,#6561,#6562,#6563,#6564,#6565,#6566,#6567));
#4783=EDGE_LOOP('',(#6568,#6569,#6570,#6571,#6572,#6573));
#4784=EDGE_LOOP('',(#6574,#6575,#6576,#6577,#6578,#6579,#6580,#6581,#6582,#6583,#6584,#6585,#6586,#6587,#6588,#6589,#6590,#6591,#6592,#6593,#6594,#6595,#6596,#6597,#6598,#6599,#6600,#6601,#6602,#6603,#6604,#6605,#6606,#6607,#6608,#6609,#6610,#6611,#6612,#6613,#6614,#6615,#6616,#6617));
#4785=EDGE_LOOP('',(#6618,#6619,#6620,#6621));
#4786=EDGE_LOOP('',(#6622,#6623,#6624,#6625));
#4787=EDGE_LOOP('',(#6626,#6627,#6628,#6629));
#4788=EDGE_LOOP('',(#6630,#6631,#6632,#6633));
#4789=AXIS2_PLACEMENT_3D('',#6634,#6635,#6636);
#4790=EDGE_LOOP('',(#6637,#6638,#6639,#6640));
#4791=EDGE_LOOP('',(#6641,#6642,#6643,#6644,#6645,#6646));
#4792=AXIS2_PLACEMENT_3D('',#6647,#6648,#6649);
#4793=EDGE_LOOP('',(#6650,#6651,#6652,#6653));
#4794=AXIS2_PLACEMENT_3D('',#6654,#6655,#6656);
#4795=EDGE_LOOP('',(#6657,#6658,#6659,#6660));
#4796=AXIS2_PLACEMENT_3D('',#6661,#6662,#6663);
#4797=EDGE_LOOP('',(#6664,#6665,#6666,#6667));
#4798=AXIS2_PLACEMENT_3D('',#6668,#6669,#6670);
#4799=EDGE_LOOP('',(#6671,#6672,#6673,#6674));
#4800=AXIS2_PLACEMENT_3D('',#6675,#6676,#6677);
#4801=EDGE_LOOP('',(#6678,#6679,#6680,#6681));
#4802=AXIS2_PLACEMENT_3D('',#6682,#6683,#6684);
#4803=EDGE_LOOP('',(#6685,#6686,#6687,#6688));
#4804=AXIS2_PLACEMENT_3D('',#6689,#6690,#6691);
#4805=EDGE_LOOP('',(#6692,#6693,#6694,#6695));
#4806=AXIS2_PLACEMENT_3D('',#6696,#6697,#6698);
#4807=EDGE_LOOP('',(#6699,#6700,#6701,#6702));
#4808=AXIS2_PLACEMENT_3D('',#6703,#6704,#6705);
#4809=EDGE_LOOP('',(#6706,#6707,#6708,#6709));
#4810=AXIS2_PLACEMENT_3D('',#6710,#6711,#6712);
#4811=EDGE_LOOP('',(#6713,#6714,#6715,#6716));
#4812=AXIS2_PLACEMENT_3D('',#6717,#6718,#6719);
#4813=EDGE_LOOP('',(#6720,#6721,#6722,#6723));
#4814=AXIS2_PLACEMENT_3D('',#6724,#6725,#6726);
#4815=EDGE_LOOP('',(#6727,#6728,#6729,#6730));
#4816=AXIS2_PLACEMENT_3D('',#6731,#6732,#6733);
#4817=EDGE_LOOP('',(#6734,#6735,#6736,#6737));
#4818=AXIS2_PLACEMENT_3D('',#6738,#6739,#6740);
#4819=EDGE_LOOP('',(#6741,#6742,#6743,#6744));
#4820=AXIS2_PLACEMENT_3D('',#6745,#6746,#6747);
#4821=EDGE_LOOP('',(#6748,#6749,#6750,#6751));
#4822=AXIS2_PLACEMENT_3D('',#6752,#6753,#6754);
#4823=EDGE_LOOP('',(#6755,#6756,#6757,#6758));
#4824=AXIS2_PLACEMENT_3D('',#6759,#6760,#6761);
#4825=EDGE_LOOP('',(#6762,#6763,#6764,#6765));
#4826=AXIS2_PLACEMENT_3D('',#6766,#6767,#6768);
#4827=EDGE_LOOP('',(#6769,#6770,#6771,#6772));
#4828=AXIS2_PLACEMENT_3D('',#6773,#6774,#6775);
#4829=EDGE_LOOP('',(#6776,#6777,#6778,#6779));
#4830=AXIS2_PLACEMENT_3D('',#6780,#6781,#6782);
#4831=EDGE_LOOP('',(#6783,#6784,#6785,#6786));
#4832=AXIS2_PLACEMENT_3D('',#6787,#6788,#6789);
#4833=EDGE_LOOP('',(#6790,#6791,#6792,#6793));
#4834=AXIS2_PLACEMENT_3D('',#6794,#6795,#6796);
#4835=EDGE_LOOP('',(#6797,#6798,#6799,#6800));
#4836=AXIS2_PLACEMENT_3D('',#6801,#6802,#6803);
#4837=EDGE_LOOP('',(#6804,#6805,#6806,#6807));
#4838=AXIS2_PLACEMENT_3D('',#6808,#6809,#6810);
#4839=EDGE_LOOP('',(#6811,#6812,#6813,#6814));
#4840=AXIS2_PLACEMENT_3D('',#6815,#6816,#6817);
#4841=EDGE_LOOP('',(#6818,#6819,#6820,#6821));
#4842=AXIS2_PLACEMENT_3D('',#6822,#6823,#6824);
#4843=EDGE_LOOP('',(#6825,#6826,#6827,#6828));
#4844=AXIS2_PLACEMENT_3D('',#6829,#6830,#6831);
#4845=EDGE_LOOP('',(#6832,#6833,#6834,#6835));
#4846=AXIS2_PLACEMENT_3D('',#6836,#6837,#6838);
#4847=EDGE_LOOP('',(#6839,#6840,#6841,#6842));
#4848=AXIS2_PLACEMENT_3D('',#6843,#6844,#6845);
#4849=EDGE_LOOP('',(#6846,#6847,#6848,#6849));
#4850=AXIS2_PLACEMENT_3D('',#6850,#6851,#6852);
#4851=EDGE_LOOP('',(#6853,#6854,#6855,#6856));
#4852=AXIS2_PLACEMENT_3D('',#6857,#6858,#6859);
#4853=EDGE_LOOP('',(#6860,#6861,#6862,#6863));
#4854=AXIS2_PLACEMENT_3D('',#6864,#6865,#6866);
#4855=EDGE_LOOP('',(#6867,#6868,#6869,#6870,#6871,#6872));
#4856=AXIS2_PLACEMENT_3D('',#6873,#6874,#6875);
#4857=EDGE_LOOP('',(#6876,#6877,#6878,#6879,#6880,#6881,#6882,#6883));
#4858=AXIS2_PLACEMENT_3D('',#6884,#6885,#6886);
#4859=EDGE_LOOP('',(#6887,#6888,#6889,#6890,#6891));
#4860=AXIS2_PLACEMENT_3D('',#6892,#6893,#6894);
#4861=EDGE_LOOP('',(#6895,#6896,#6897,#6898));
#4862=AXIS2_PLACEMENT_3D('',#6899,#6900,#6901);
#4863=EDGE_LOOP('',(#6902,#6903,#6904,#6905,#6906,#6907));
#4864=AXIS2_PLACEMENT_3D('',#6908,#6909,#6910);
#4865=EDGE_LOOP('',(#6911,#6912,#6913,#6914,#6915));
#4866=AXIS2_PLACEMENT_3D('',#6916,#6917,#6918);
#4867=EDGE_LOOP('',(#6919,#6920,#6921,#6922,#6923,#6924,#6925,#6926,#6927,#6928));
#4868=AXIS2_PLACEMENT_3D('',#6929,#6930,#6931);
#4869=EDGE_LOOP('',(#6932,#6933,#6934,#6935,#6936,#6937));
#4870=AXIS2_PLACEMENT_3D('',#6938,#6939,#6940);
#4871=EDGE_LOOP('',(#6941,#6942,#6943,#6944,#6945));
#4872=AXIS2_PLACEMENT_3D('',#6946,#6947,#6948);
#4873=EDGE_LOOP('',(#6949,#6950,#6951,#6952));
#4874=AXIS2_PLACEMENT_3D('',#6953,#6954,#6955);
#4875=EDGE_LOOP('',(#6956,#6957,#6958,#6959,#6960));
#4876=AXIS2_PLACEMENT_3D('',#6961,#6962,#6963);
#4877=EDGE_LOOP('',(#6964,#6965,#6966,#6967));
#4878=AXIS2_PLACEMENT_3D('',#6968,#6969,#6970);
#4879=EDGE_LOOP('',(#6971,#6972,#6973,#6974));
#4880=AXIS2_PLACEMENT_3D('',#6975,#6976,#6977);
#4881=EDGE_LOOP('',(#6978,#6979,#6980,#6981));
#4882=AXIS2_PLACEMENT_3D('',#6982,#6983,#6984);
#4883=EDGE_LOOP('',(#6985,#6986,#6987,#6988,#6989,#6990));
#4884=AXIS2_PLACEMENT_3D('',#6991,#6992,#6993);
#4885=EDGE_LOOP('',(#6994,#6995,#6996,#6997));
#4886=AXIS2_PLACEMENT_3D('',#6998,#6999,#7000);
#4887=EDGE_LOOP('',(#7001,#7002,#7003,#7004));
#4888=AXIS2_PLACEMENT_3D('',#7005,#7006,#7007);
#4889=EDGE_LOOP('',(#7008,#7009,#7010,#7011));
#4890=AXIS2_PLACEMENT_3D('',#7012,#7013,#7014);
#4891=EDGE_LOOP('',(#7015,#7016,#7017,#7018,#7019,#7020,#7021,#7022));
#4892=AXIS2_PLACEMENT_3D('',#7023,#7024,#7025);
#4893=EDGE_LOOP('',(#7026,#7027,#7028,#7029));
#4894=AXIS2_PLACEMENT_3D('',#7030,#7031,#7032);
#4895=EDGE_LOOP('',(#7033,#7034,#7035,#7036,#7037,#7038,#7039,#7040));
#4896=AXIS2_PLACEMENT_3D('',#7041,#7042,#7043);
#4897=EDGE_LOOP('',(#7044,#7045,#7046,#7047));
#4898=AXIS2_PLACEMENT_3D('',#7048,#7049,#7050);
#4899=EDGE_LOOP('',(#7051,#7052,#7053,#7054));
#4900=AXIS2_PLACEMENT_3D('',#7055,#7056,#7057);
#4901=EDGE_LOOP('',(#7058,#7059,#7060,#7061));
#4902=AXIS2_PLACEMENT_3D('',#7062,#7063,#7064);
#4903=EDGE_LOOP('',(#7065,#7066,#7067,#7068,#7069,#7070,#7071,#7072));
#4904=AXIS2_PLACEMENT_3D('',#7073,#7074,#7075);
#4905=EDGE_LOOP('',(#7076,#7077,#7078,#7079));
#4906=AXIS2_PLACEMENT_3D('',#7080,#7081,#7082);
#4907=EDGE_LOOP('',(#7083,#7084,#7085,#7086,#7087,#7088,#7089,#7090,#7091,#7092));
#4908=AXIS2_PLACEMENT_3D('',#7093,#7094,#7095);
#4909=EDGE_LOOP('',(#7096,#7097,#7098,#7099,#7100,#7101,#7102));
#4910=AXIS2_PLACEMENT_3D('',#7103,#7104,#7105);
#4911=EDGE_LOOP('',(#7106,#7107,#7108,#7109));
#4912=AXIS2_PLACEMENT_3D('',#7110,#7111,#7112);
#4913=EDGE_LOOP('',(#7113,#7114,#7115,#7116,#7117,#7118));
#4914=AXIS2_PLACEMENT_3D('',#7119,#7120,#7121);
#4915=EDGE_LOOP('',(#7122,#7123,#7124,#7125));
#4916=AXIS2_PLACEMENT_3D('',#7126,#7127,#7128);
#4917=EDGE_LOOP('',(#7129,#7130,#7131,#7132,#7133,#7134));
#4918=AXIS2_PLACEMENT_3D('',#7135,#7136,#7137);
#4919=EDGE_LOOP('',(#7138,#7139,#7140,#7141));
#4920=AXIS2_PLACEMENT_3D('',#7142,#7143,#7144);
#4921=EDGE_LOOP('',(#7145,#7146,#7147,#7148));
#4922=AXIS2_PLACEMENT_3D('',#7149,#7150,#7151);
#4923=EDGE_LOOP('',(#7152,#7153,#7154,#7155));
#4924=AXIS2_PLACEMENT_3D('',#7156,#7157,#7158);
#4925=EDGE_LOOP('',(#7159,#7160,#7161,#7162,#7163));
#4926=AXIS2_PLACEMENT_3D('',#7164,#7165,#7166);
#4927=EDGE_LOOP('',(#7167,#7168,#7169,#7170));
#4928=AXIS2_PLACEMENT_3D('',#7171,#7172,#7173);
#4929=EDGE_LOOP('',(#7174,#7175,#7176,#7177,#7178,#7179,#7180,#7181));
#4930=AXIS2_PLACEMENT_3D('',#7182,#7183,#7184);
#4931=EDGE_LOOP('',(#7185,#7186,#7187,#7188));
#4932=AXIS2_PLACEMENT_3D('',#7189,#7190,#7191);
#4933=EDGE_LOOP('',(#7192,#7193,#7194,#7195));
#4934=AXIS2_PLACEMENT_3D('',#7196,#7197,#7198);
#4935=EDGE_LOOP('',(#7199,#7200,#7201,#7202,#7203));
#4936=AXIS2_PLACEMENT_3D('',#7204,#7205,#7206);
#4937=EDGE_LOOP('',(#7207,#7208,#7209,#7210));
#4938=AXIS2_PLACEMENT_3D('',#7211,#7212,#7213);
#4939=EDGE_LOOP('',(#7214,#7215,#7216,#7217,#7218,#7219));
#4940=AXIS2_PLACEMENT_3D('',#7220,#7221,#7222);
#4941=EDGE_LOOP('',(#7223,#7224,#7225,#7226,#7227,#7228));
#4942=AXIS2_PLACEMENT_3D('',#7229,#7230,#7231);
#4943=EDGE_LOOP('',(#7232,#7233,#7234,#7235,#7236,#7237));
#4944=AXIS2_PLACEMENT_3D('',#7238,#7239,#7240);
#4945=EDGE_LOOP('',(#7241,#7242,#7243,#7244,#7245));
#4946=AXIS2_PLACEMENT_3D('',#7246,#7247,#7248);
#4947=EDGE_LOOP('',(#7249,#7250,#7251,#7252,#7253,#7254));
#4948=AXIS2_PLACEMENT_3D('',#7255,#7256,#7257);
#4949=EDGE_LOOP('',(#7258,#7259,#7260,#7261));
#4950=AXIS2_PLACEMENT_3D('',#7262,#7263,#7264);
#4951=EDGE_LOOP('',(#7265,#7266,#7267,#7268));
#4952=AXIS2_PLACEMENT_3D('',#7269,#7270,#7271);
#4953=EDGE_LOOP('',(#7272,#7273,#7274,#7275));
#4954=AXIS2_PLACEMENT_3D('',#7276,#7277,#7278);
#4955=EDGE_LOOP('',(#7279,#7280,#7281,#7282,#7283));
#4956=AXIS2_PLACEMENT_3D('',#7284,#7285,#7286);
#4957=EDGE_LOOP('',(#7287,#7288,#7289,#7290));
#4958=AXIS2_PLACEMENT_3D('',#7291,#7292,#7293);
#4959=EDGE_LOOP('',(#7294,#7295,#7296,#7297,#7298));
#4960=AXIS2_PLACEMENT_3D('',#7299,#7300,#7301);
#4961=EDGE_LOOP('',(#7302,#7303,#7304,#7305,#7306,#7307,#7308,#7309,#7310,#7311));
#4962=AXIS2_PLACEMENT_3D('',#7312,#7313,#7314);
#4963=EDGE_LOOP('',(#7315,#7316,#7317,#7318,#7319,#7320,#7321));
#4964=AXIS2_PLACEMENT_3D('',#7322,#7323,#7324);
#4965=EDGE_LOOP('',(#7325,#7326,#7327,#7328,#7329));
#4966=AXIS2_PLACEMENT_3D('',#7330,#7331,#7332);
#4967=EDGE_LOOP('',(#7333,#7334,#7335,#7336));
#4968=AXIS2_PLACEMENT_3D('',#7337,#7338,#7339);
#4969=EDGE_LOOP('',(#7340,#7341,#7342,#7343,#7344));
#4970=EDGE_LOOP('',(#7345,#7346,#7347,#7348,#7349));
#4971=EDGE_LOOP('',(#7350,#7351,#7352,#7353,#7354,#7355,#7356,#7357,#7358,#7359,#7360,#7361,#7362,#7363,#7364,#7365,#7366,#7367,#7368,#7369,#7370,#7371,#7372,#7373));
#4972=AXIS2_PLACEMENT_3D('',#7374,#7375,#7376);
#4973=EDGE_LOOP('',(#7377,#7378,#7379,#7380));
#4974=AXIS2_PLACEMENT_3D('',#7381,#7382,#7383);
#4975=EDGE_LOOP('',(#7384,#7385,#7386,#7387));
#4976=AXIS2_PLACEMENT_3D('',#7388,#7389,#7390);
#4977=EDGE_LOOP('',(#7391,#7392,#7393,#7394));
#4978=AXIS2_PLACEMENT_3D('',#7395,#7396,#7397);
#4979=EDGE_LOOP('',(#7398,#7399,#7400,#7401));
#4980=AXIS2_PLACEMENT_3D('',#7402,#7403,#7404);
#4981=EDGE_LOOP('',(#7405,#7406,#7407,#7408));
#4982=AXIS2_PLACEMENT_3D('',#7409,#7410,#7411);
#4983=EDGE_LOOP('',(#7412,#7413,#7414,#7415));
#4984=AXIS2_PLACEMENT_3D('',#7416,#7417,#7418);
#4985=EDGE_LOOP('',(#7419,#7420,#7421,#7422));
#4986=AXIS2_PLACEMENT_3D('',#7423,#7424,#7425);
#4987=EDGE_LOOP('',(#7426,#7427,#7428,#7429,#7430,#7431,#7432,#7433));
#4988=AXIS2_PLACEMENT_3D('',#7434,#7435,#7436);
#4989=EDGE_LOOP('',(#7437,#7438,#7439,#7440,#7441,#7442));
#4990=AXIS2_PLACEMENT_3D('',#7443,#7444,#7445);
#4991=EDGE_LOOP('',(#7446,#7447,#7448,#7449));
#4992=AXIS2_PLACEMENT_3D('',#7450,#7451,#7452);
#4993=EDGE_LOOP('',(#7453,#7454,#7455,#7456,#7457));
#4994=AXIS2_PLACEMENT_3D('',#7458,#7459,#7460);
#4995=EDGE_LOOP('',(#7461,#7462,#7463,#7464));
#4996=AXIS2_PLACEMENT_3D('',#7465,#7466,#7467);
#4997=EDGE_LOOP('',(#7468,#7469,#7470,#7471));
#4998=AXIS2_PLACEMENT_3D('',#7472,#7473,#7474);
#4999=EDGE_LOOP('',(#7475,#7476,#7477,#7478));
#5000=AXIS2_PLACEMENT_3D('',#7479,#7480,#7481);
#5001=EDGE_LOOP('',(#7482,#7483,#7484,#7485));
#5002=AXIS2_PLACEMENT_3D('',#7486,#7487,#7488);
#5003=EDGE_LOOP('',(#7489,#7490,#7491,#7492,#7493,#7494,#7495,#7496,#7497,#7498));
#5004=AXIS2_PLACEMENT_3D('',#7499,#7500,#7501);
#5005=EDGE_LOOP('',(#7502,#7503,#7504,#7505));
#5006=AXIS2_PLACEMENT_3D('',#7506,#7507,#7508);
#5007=EDGE_LOOP('',(#7509,#7510,#7511,#7512));
#5008=AXIS2_PLACEMENT_3D('',#7513,#7514,#7515);
#5009=EDGE_LOOP('',(#7516,#7517,#7518,#7519));
#5010=AXIS2_PLACEMENT_3D('',#7520,#7521,#7522);
#5011=EDGE_LOOP('',(#7523,#7524,#7525,#7526));
#5012=AXIS2_PLACEMENT_3D('',#7527,#7528,#7529);
#5013=EDGE_LOOP('',(#7530,#7531,#7532,#7533));
#5014=AXIS2_PLACEMENT_3D('',#7534,#7535,#7536);
#5015=EDGE_LOOP('',(#7537,#7538,#7539,#7540));
#5016=AXIS2_PLACEMENT_3D('',#7541,#7542,#7543);
#5017=EDGE_LOOP('',(#7544,#7545,#7546,#7547,#7548,#7549));
#5018=AXIS2_PLACEMENT_3D('',#7550,#7551,#7552);
#5019=EDGE_LOOP('',(#7553,#7554,#7555,#7556));
#5020=AXIS2_PLACEMENT_3D('',#7557,#7558,#7559);
#5021=EDGE_LOOP('',(#7560,#7561,#7562,#7563));
#5022=AXIS2_PLACEMENT_3D('',#7564,#7565,#7566);
#5023=EDGE_LOOP('',(#7567,#7568,#7569,#7570));
#5024=AXIS2_PLACEMENT_3D('',#7571,#7572,#7573);
#5025=EDGE_LOOP('',(#7574,#7575,#7576,#7577,#7578,#7579));
#5026=AXIS2_PLACEMENT_3D('',#7580,#7581,#7582);
#5027=EDGE_LOOP('',(#7583,#7584,#7585,#7586));
#5028=AXIS2_PLACEMENT_3D('',#7587,#7588,#7589);
#5029=EDGE_LOOP('',(#7590,#7591,#7592,#7593));
#5030=AXIS2_PLACEMENT_3D('',#7594,#7595,#7596);
#5031=EDGE_LOOP('',(#7597,#7598,#7599,#7600,#7601));
#5032=AXIS2_PLACEMENT_3D('',#7602,#7603,#7604);
#5033=EDGE_LOOP('',(#7605,#7606,#7607,#7608));
#5034=AXIS2_PLACEMENT_3D('',#7609,#7610,#7611);
#5035=EDGE_LOOP('',(#7612,#7613,#7614,#7615));
#5036=AXIS2_PLACEMENT_3D('',#7616,#7617,#7618);
#5037=EDGE_LOOP('',(#7619,#7620,#7621,#7622));
#5038=AXIS2_PLACEMENT_3D('',#7623,#7624,#7625);
#5039=EDGE_LOOP('',(#7626,#7627,#7628,#7629));
#5040=AXIS2_PLACEMENT_3D('',#7630,#7631,#7632);
#5041=EDGE_LOOP('',(#7633,#7634,#7635,#7636));
#5042=AXIS2_PLACEMENT_3D('',#7637,#7638,#7639);
#5043=EDGE_LOOP('',(#7640,#7641,#7642,#7643));
#5044=AXIS2_PLACEMENT_3D('',#7644,#7645,#7646);
#5045=EDGE_LOOP('',(#7647,#7648,#7649,#7650));
#5046=AXIS2_PLACEMENT_3D('',#7651,#7652,#7653);
#5047=EDGE_LOOP('',(#7654,#7655,#7656,#7657));
#5048=AXIS2_PLACEMENT_3D('',#7658,#7659,#7660);
#5049=EDGE_LOOP('',(#7661,#7662,#7663,#7664));
#5050=AXIS2_PLACEMENT_3D('',#7665,#7666,#7667);
#5051=EDGE_LOOP('',(#7668,#7669,#7670,#7671));
#5052=AXIS2_PLACEMENT_3D('',#7672,#7673,#7674);
#5053=EDGE_LOOP('',(#7675,#7676,#7677,#7678));
#5054=AXIS2_PLACEMENT_3D('',#7679,#7680,#7681);
#5055=EDGE_LOOP('',(#7682,#7683,#7684,#7685));
#5056=AXIS2_PLACEMENT_3D('',#7686,#7687,#7688);
#5057=EDGE_LOOP('',(#7689,#7690,#7691,#7692));
#5058=EDGE_LOOP('',(#7693,#7694,#7695,#7696,#7697,#7698));
#5059=AXIS2_PLACEMENT_3D('',#7699,#7700,#7701);
#5060=EDGE_LOOP('',(#7702,#7703,#7704,#7705));
#5061=AXIS2_PLACEMENT_3D('',#7706,#7707,#7708);
#5062=EDGE_LOOP('',(#7709,#7710,#7711,#7712));
#5063=AXIS2_PLACEMENT_3D('',#7713,#7714,#7715);
#5064=EDGE_LOOP('',(#7716,#7717,#7718,#7719));
#5065=AXIS2_PLACEMENT_3D('',#7720,#7721,#7722);
#5066=EDGE_LOOP('',(#7723,#7724,#7725,#7726));
#5067=AXIS2_PLACEMENT_3D('',#7727,#7728,#7729);
#5068=EDGE_LOOP('',(#7730,#7731,#7732,#7733));
#5069=AXIS2_PLACEMENT_3D('',#7734,#7735,#7736);
#5070=EDGE_LOOP('',(#7737,#7738,#7739,#7740));
#5071=AXIS2_PLACEMENT_3D('',#7741,#7742,#7743);
#5072=EDGE_LOOP('',(#7744,#7745,#7746,#7747));
#5073=AXIS2_PLACEMENT_3D('',#7748,#7749,#7750);
#5074=EDGE_LOOP('',(#7751,#7752,#7753,#7754));
#5075=AXIS2_PLACEMENT_3D('',#7755,#7756,#7757);
#5076=EDGE_LOOP('',(#7758,#7759,#7760,#7761));
#5077=AXIS2_PLACEMENT_3D('',#7762,#7763,#7764);
#5078=EDGE_LOOP('',(#7765,#7766,#7767,#7768));
#5079=AXIS2_PLACEMENT_3D('',#7769,#7770,#7771);
#5080=EDGE_LOOP('',(#7772,#7773,#7774,#7775));
#5081=AXIS2_PLACEMENT_3D('',#7776,#7777,#7778);
#5082=EDGE_LOOP('',(#7779,#7780,#7781,#7782));
#5083=AXIS2_PLACEMENT_3D('',#7783,#7784,#7785);
#5084=EDGE_LOOP('',(#7786,#7787,#7788,#7789));
#5085=EDGE_LOOP('',(#7790,#7791,#7792,#7793,#7794,#7795));
#5086=AXIS2_PLACEMENT_3D('',#7796,#7797,#7798);
#5087=EDGE_LOOP('',(#7799,#7800,#7801,#7802));
#5088=AXIS2_PLACEMENT_3D('',#7803,#7804,#7805);
#5089=EDGE_LOOP('',(#7806,#7807,#7808,#7809));
#5090=AXIS2_PLACEMENT_3D('',#7810,#7811,#7812);
#5091=EDGE_LOOP('',(#7813,#7814,#7815,#7816));
#5092=AXIS2_PLACEMENT_3D('',#7817,#7818,#7819);
#5093=EDGE_LOOP('',(#7820,#7821,#7822,#7823));
#5094=AXIS2_PLACEMENT_3D('',#7824,#7825,#7826);
#5095=EDGE_LOOP('',(#7827,#7828,#7829,#7830));
#5096=AXIS2_PLACEMENT_3D('',#7831,#7832,#7833);
#5097=EDGE_LOOP('',(#7834,#7835,#7836,#7837));
#5098=AXIS2_PLACEMENT_3D('',#7838,#7839,#7840);
#5099=EDGE_LOOP('',(#7841,#7842,#7843,#7844));
#5100=AXIS2_PLACEMENT_3D('',#7845,#7846,#7847);
#5101=EDGE_LOOP('',(#7848,#7849,#7850,#7851));
#5102=AXIS2_PLACEMENT_3D('',#7852,#7853,#7854);
#5103=EDGE_LOOP('',(#7855,#7856,#7857,#7858));
#5104=AXIS2_PLACEMENT_3D('',#7859,#7860,#7861);
#5105=EDGE_LOOP('',(#7862,#7863,#7864,#7865));
#5106=AXIS2_PLACEMENT_3D('',#7866,#7867,#7868);
#5107=EDGE_LOOP('',(#7869,#7870,#7871,#7872));
#5108=AXIS2_PLACEMENT_3D('',#7873,#7874,#7875);
#5109=EDGE_LOOP('',(#7876,#7877,#7878,#7879));
#5110=AXIS2_PLACEMENT_3D('',#7880,#7881,#7882);
#5111=EDGE_LOOP('',(#7883,#7884,#7885,#7886));
#5112=EDGE_LOOP('',(#7887,#7888,#7889,#7890,#7891,#7892));
#5113=AXIS2_PLACEMENT_3D('',#7893,#7894,#7895);
#5114=EDGE_LOOP('',(#7896,#7897,#7898,#7899));
#5115=AXIS2_PLACEMENT_3D('',#7900,#7901,#7902);
#5116=EDGE_LOOP('',(#7903,#7904,#7905,#7906));
#5117=AXIS2_PLACEMENT_3D('',#7907,#7908,#7909);
#5118=EDGE_LOOP('',(#7910,#7911,#7912,#7913));
#5119=AXIS2_PLACEMENT_3D('',#7914,#7915,#7916);
#5120=EDGE_LOOP('',(#7917,#7918,#7919,#7920));
#5121=AXIS2_PLACEMENT_3D('',#7921,#7922,#7923);
#5122=EDGE_LOOP('',(#7924,#7925,#7926,#7927));
#5123=AXIS2_PLACEMENT_3D('',#7928,#7929,#7930);
#5124=EDGE_LOOP('',(#7931,#7932,#7933,#7934));
#5125=AXIS2_PLACEMENT_3D('',#7935,#7936,#7937);
#5126=EDGE_LOOP('',(#7938,#7939,#7940,#7941));
#5127=AXIS2_PLACEMENT_3D('',#7942,#7943,#7944);
#5128=EDGE_LOOP('',(#7945,#7946,#7947,#7948));
#5129=AXIS2_PLACEMENT_3D('',#7949,#7950,#7951);
#5130=EDGE_LOOP('',(#7952,#7953,#7954,#7955));
#5131=AXIS2_PLACEMENT_3D('',#7956,#7957,#7958);
#5132=EDGE_LOOP('',(#7959,#7960,#7961,#7962));
#5133=AXIS2_PLACEMENT_3D('',#7963,#7964,#7965);
#5134=EDGE_LOOP('',(#7966,#7967,#7968,#7969));
#5135=AXIS2_PLACEMENT_3D('',#7970,#7971,#7972);
#5136=EDGE_LOOP('',(#7973,#7974,#7975,#7976));
#5137=AXIS2_PLACEMENT_3D('',#7977,#7978,#7979);
#5138=EDGE_LOOP('',(#7980,#7981,#7982,#7983));
#5139=AXIS2_PLACEMENT_3D('',#7984,#7985,#7986);
#5140=EDGE_LOOP('',(#7987,#7988,#7989,#7990,#7991,#7992,#7993,#7994,#7995,#7996,#7997,#7998,#7999));
#5141=AXIS2_PLACEMENT_3D('',#8000,#8001,#8002);
#5142=EDGE_LOOP('',(#8003,#8004,#8005,#8006));
#5143=AXIS2_PLACEMENT_3D('',#8007,#8008,#8009);
#5144=EDGE_LOOP('',(#8010,#8011,#8012,#8013));
#5145=AXIS2_PLACEMENT_3D('',#8014,#8015,#8016);
#5146=EDGE_LOOP('',(#8017,#8018,#8019,#8020));
#5147=AXIS2_PLACEMENT_3D('',#8021,#8022,#8023);
#5148=EDGE_LOOP('',(#8024,#8025,#8026,#8027));
#5149=AXIS2_PLACEMENT_3D('',#8028,#8029,#8030);
#5150=EDGE_LOOP('',(#8031,#8032,#8033,#8034));
#5151=AXIS2_PLACEMENT_3D('',#8035,#8036,#8037);
#5152=EDGE_LOOP('',(#8038,#8039,#8040,#8041,#8042,#8043));
#5153=AXIS2_PLACEMENT_3D('',#8044,#8045,#8046);
#5154=EDGE_LOOP('',(#8047,#8048,#8049,#8050));
#5155=AXIS2_PLACEMENT_3D('',#8051,#8052,#8053);
#5156=EDGE_LOOP('',(#8054,#8055,#8056,#8057));
#5157=AXIS2_PLACEMENT_3D('',#8058,#8059,#8060);
#5158=EDGE_LOOP('',(#8061,#8062,#8063,#8064));
#5159=AXIS2_PLACEMENT_3D('',#8065,#8066,#8067);
#5160=EDGE_LOOP('',(#8068,#8069,#8070,#8071));
#5161=AXIS2_PLACEMENT_3D('',#8072,#8073,#8074);
#5162=EDGE_LOOP('',(#8075,#8076,#8077,#8078));
#5163=AXIS2_PLACEMENT_3D('',#8079,#8080,#8081);
#5164=EDGE_LOOP('',(#8082,#8083,#8084,#8085));
#5165=AXIS2_PLACEMENT_3D('',#8086,#8087,#8088);
#5166=EDGE_LOOP('',(#8089,#8090,#8091,#8092));
#5167=AXIS2_PLACEMENT_3D('',#8093,#8094,#8095);
#5168=EDGE_LOOP('',(#8096,#8097,#8098,#8099));
#5169=AXIS2_PLACEMENT_3D('',#8100,#8101,#8102);
#5170=EDGE_LOOP('',(#8103,#8104,#8105,#8106));
#5171=AXIS2_PLACEMENT_3D('',#8107,#8108,#8109);
#5172=EDGE_LOOP('',(#8110,#8111,#8112,#8113));
#5173=EDGE_LOOP('',(#8114,#8115,#8116,#8117));
#5174=EDGE_LOOP('',(#8118,#8119,#8120,#8121,#8122,#8123,#8124,#8125));
#5175=AXIS2_PLACEMENT_3D('',#8126,#8127,#8128);
#5176=EDGE_LOOP('',(#8129,#8130,#8131,#8132));
#5177=AXIS2_PLACEMENT_3D('',#8133,#8134,#8135);
#5178=EDGE_LOOP('',(#8136,#8137,#8138,#8139));
#5179=AXIS2_PLACEMENT_3D('',#8140,#8141,#8142);
#5180=EDGE_LOOP('',(#8143,#8144,#8145,#8146));
#5181=AXIS2_PLACEMENT_3D('',#8147,#8148,#8149);
#5182=EDGE_LOOP('',(#8150,#8151,#8152,#8153));
#5183=AXIS2_PLACEMENT_3D('',#8154,#8155,#8156);
#5184=EDGE_LOOP('',(#8157,#8158,#8159,#8160));
#5185=AXIS2_PLACEMENT_3D('',#8161,#8162,#8163);
#5186=EDGE_LOOP('',(#8164,#8165,#8166,#8167));
#5187=AXIS2_PLACEMENT_3D('',#8168,#8169,#8170);
#5188=EDGE_LOOP('',(#8171,#8172,#8173,#8174));
#5189=AXIS2_PLACEMENT_3D('',#8175,#8176,#8177);
#5190=EDGE_LOOP('',(#8178,#8179,#8180,#8181));
#5191=AXIS2_PLACEMENT_3D('',#8182,#8183,#8184);
#5192=EDGE_LOOP('',(#8185,#8186,#8187,#8188));
#5193=EDGE_LOOP('',(#8189,#8190,#8191,#8192));
#5194=AXIS2_PLACEMENT_3D('',#8193,#8194,#8195);
#5195=EDGE_LOOP('',(#8196,#8197,#8198,#8199));
#5196=AXIS2_PLACEMENT_3D('',#8200,#8201,#8202);
#5197=EDGE_LOOP('',(#8203,#8204,#8205,#8206));
#5198=AXIS2_PLACEMENT_3D('',#8207,#8208,#8209);
#5199=EDGE_LOOP('',(#8210,#8211,#8212,#8213));
#5200=AXIS2_PLACEMENT_3D('',#8214,#8215,#8216);
#5201=EDGE_LOOP('',(#8217,#8218,#8219,#8220));
#5202=AXIS2_PLACEMENT_3D('',#8221,#8222,#8223);
#5203=EDGE_LOOP('',(#8224,#8225,#8226,#8227));
#5204=AXIS2_PLACEMENT_3D('',#8228,#8229,#8230);
#5205=EDGE_LOOP('',(#8231,#8232,#8233,#8234));
#5206=AXIS2_PLACEMENT_3D('',#8235,#8236,#8237);
#5207=EDGE_LOOP('',(#8238,#8239,#8240,#8241));
#5208=AXIS2_PLACEMENT_3D('',#8242,#8243,#8244);
#5209=EDGE_LOOP('',(#8245,#8246,#8247,#8248,#8249,#8250,#8251,#8252));
#5210=AXIS2_PLACEMENT_3D('',#8253,#8254,#8255);
#5211=EDGE_LOOP('',(#8256,#8257,#8258,#8259));
#5212=AXIS2_PLACEMENT_3D('',#8260,#8261,#8262);
#5213=EDGE_LOOP('',(#8263,#8264,#8265,#8266));
#5214=AXIS2_PLACEMENT_3D('',#8267,#8268,#8269);
#5215=EDGE_LOOP('',(#8270,#8271,#8272,#8273));
#5216=AXIS2_PLACEMENT_3D('',#8274,#8275,#8276);
#5217=EDGE_LOOP('',(#8277,#8278,#8279,#8280));
#5218=AXIS2_PLACEMENT_3D('',#8281,#8282,#8283);
#5219=EDGE_LOOP('',(#8284,#8285,#8286,#8287));
#5220=AXIS2_PLACEMENT_3D('',#8288,#8289,#8290);
#5221=EDGE_LOOP('',(#8291,#8292,#8293,#8294,#8295));
#5222=AXIS2_PLACEMENT_3D('',#8296,#8297,#8298);
#5223=EDGE_LOOP('',(#8299,#8300,#8301,#8302));
#5224=AXIS2_PLACEMENT_3D('',#8303,#8304,#8305);
#5225=EDGE_LOOP('',(#8306,#8307,#8308,#8309));
#5226=AXIS2_PLACEMENT_3D('',#8310,#8311,#8312);
#5227=EDGE_LOOP('',(#8313,#8314,#8315,#8316,#8317,#8318));
#5228=AXIS2_PLACEMENT_3D('',#8319,#8320,#8321);
#5229=EDGE_LOOP('',(#8322,#8323,#8324,#8325));
#5230=AXIS2_PLACEMENT_3D('',#8326,#8327,#8328);
#5231=EDGE_LOOP('',(#8329,#8330,#8331,#8332));
#5232=AXIS2_PLACEMENT_3D('',#8333,#8334,#8335);
#5233=EDGE_LOOP('',(#8336,#8337,#8338,#8339));
#5234=AXIS2_PLACEMENT_3D('',#8340,#8341,#8342);
#5235=EDGE_LOOP('',(#8343,#8344,#8345,#8346));
#5236=AXIS2_PLACEMENT_3D('',#8347,#8348,#8349);
#5237=EDGE_LOOP('',(#8350,#8351,#8352,#8353));
#5238=AXIS2_PLACEMENT_3D('',#8354,#8355,#8356);
#5239=EDGE_LOOP('',(#8357,#8358,#8359,#8360));
#5240=AXIS2_PLACEMENT_3D('',#8361,#8362,#8363);
#5241=EDGE_LOOP('',(#8364,#8365,#8366,#8367));
#5242=AXIS2_PLACEMENT_3D('',#8368,#8369,#8370);
#5243=EDGE_LOOP('',(#8371,#8372,#8373,#8374));
#5244=AXIS2_PLACEMENT_3D('',#8375,#8376,#8377);
#5245=EDGE_LOOP('',(#8378,#8379,#8380,#8381));
#5246=AXIS2_PLACEMENT_3D('',#8382,#8383,#8384);
#5247=EDGE_LOOP('',(#8385,#8386,#8387,#8388));
#5248=AXIS2_PLACEMENT_3D('',#8389,#8390,#8391);
#5249=EDGE_LOOP('',(#8392,#8393,#8394,#8395,#8396,#8397));
#5250=AXIS2_PLACEMENT_3D('',#8398,#8399,#8400);
#5251=EDGE_LOOP('',(#8401,#8402,#8403,#8404));
#5252=AXIS2_PLACEMENT_3D('',#8405,#8406,#8407);
#5253=EDGE_LOOP('',(#8408,#8409,#8410,#8411));
#5254=AXIS2_PLACEMENT_3D('',#8412,#8413,#8414);
#5255=EDGE_LOOP('',(#8415,#8416,#8417,#8418));
#5256=AXIS2_PLACEMENT_3D('',#8419,#8420,#8421);
#5257=EDGE_LOOP('',(#8422,#8423,#8424,#8425));
#5258=AXIS2_PLACEMENT_3D('',#8426,#8427,#8428);
#5259=EDGE_LOOP('',(#8429,#8430,#8431,#8432));
#5260=AXIS2_PLACEMENT_3D('',#8433,#8434,#8435);
#5261=EDGE_LOOP('',(#8436,#8437,#8438,#8439));
#5262=AXIS2_PLACEMENT_3D('',#8440,#8441,#8442);
#5263=EDGE_LOOP('',(#8443,#8444,#8445,#8446,#8447,#8448,#8449));
#5264=AXIS2_PLACEMENT_3D('',#8450,#8451,#8452);
#5265=EDGE_LOOP('',(#8453,#8454,#8455,#8456));
#5266=AXIS2_PLACEMENT_3D('',#8457,#8458,#8459);
#5267=EDGE_LOOP('',(#8460,#8461,#8462,#8463));
#5268=AXIS2_PLACEMENT_3D('',#8464,#8465,#8466);
#5269=EDGE_LOOP('',(#8467,#8468,#8469,#8470));
#5270=AXIS2_PLACEMENT_3D('',#8471,#8472,#8473);
#5271=EDGE_LOOP('',(#8474,#8475,#8476,#8477));
#5272=AXIS2_PLACEMENT_3D('',#8478,#8479,#8480);
#5273=EDGE_LOOP('',(#8481,#8482,#8483,#8484));
#5274=AXIS2_PLACEMENT_3D('',#8485,#8486,#8487);
#5275=EDGE_LOOP('',(#8488,#8489,#8490,#8491));
#5276=AXIS2_PLACEMENT_3D('',#8492,#8493,#8494);
#5277=EDGE_LOOP('',(#8495,#8496,#8497,#8498));
#5278=AXIS2_PLACEMENT_3D('',#8499,#8500,#8501);
#5279=EDGE_LOOP('',(#8502,#8503,#8504,#8505));
#5280=AXIS2_PLACEMENT_3D('',#8506,#8507,#8508);
#5281=EDGE_LOOP('',(#8509,#8510,#8511,#8512));
#5282=AXIS2_PLACEMENT_3D('',#8513,#8514,#8515);
#5283=EDGE_LOOP('',(#8516,#8517,#8518,#8519));
#5284=AXIS2_PLACEMENT_3D('',#8520,#8521,#8522);
#5285=EDGE_LOOP('',(#8523,#8524,#8525,#8526));
#5286=AXIS2_PLACEMENT_3D('',#8527,#8528,#8529);
#5287=EDGE_LOOP('',(#8530,#8531,#8532,#8533));
#5288=AXIS2_PLACEMENT_3D('',#8534,#8535,#8536);
#5289=EDGE_LOOP('',(#8537,#8538,#8539,#8540));
#5290=AXIS2_PLACEMENT_3D('',#8541,#8542,#8543);
#5291=EDGE_LOOP('',(#8544,#8545,#8546,#8547));
#5292=AXIS2_PLACEMENT_3D('',#8548,#8549,#8550);
#5293=EDGE_LOOP('',(#8551,#8552,#8553,#8554));
#5294=AXIS2_PLACEMENT_3D('',#8555,#8556,#8557);
#5295=EDGE_LOOP('',(#8558,#8559,#8560,#8561,#8562,#8563));
#5296=AXIS2_PLACEMENT_3D('',#8564,#8565,#8566);
#5297=EDGE_LOOP('',(#8567,#8568,#8569,#8570));
#5298=AXIS2_PLACEMENT_3D('',#8571,#8572,#8573);
#5299=EDGE_LOOP('',(#8574,#8575,#8576,#8577));
#5300=AXIS2_PLACEMENT_3D('',#8578,#8579,#8580);
#5301=EDGE_LOOP('',(#8581,#8582,#8583,#8584,#8585,#8586,#8587,#8588));
#5302=AXIS2_PLACEMENT_3D('',#8589,#8590,#8591);
#5303=EDGE_LOOP('',(#8592,#8593,#8594));
#5304=AXIS2_PLACEMENT_3D('',#8595,#8596,#8597);
#5305=EDGE_LOOP('',(#8598,#8599,#8600,#8601));
#5306=AXIS2_PLACEMENT_3D('',#8602,#8603,#8604);
#5307=EDGE_LOOP('',(#8605,#8606,#8607,#8608));
#5308=AXIS2_PLACEMENT_3D('',#8609,#8610,#8611);
#5309=EDGE_LOOP('',(#8612,#8613,#8614,#8615));
#5310=AXIS2_PLACEMENT_3D('',#8616,#8617,#8618);
#5311=EDGE_LOOP('',(#8619,#8620,#8621,#8622));
#5312=AXIS2_PLACEMENT_3D('',#8623,#8624,#8625);
#5313=EDGE_LOOP('',(#8626,#8627,#8628,#8629,#8630,#8631));
#5314=AXIS2_PLACEMENT_3D('',#8632,#8633,#8634);
#5315=EDGE_LOOP('',(#8635,#8636,#8637,#8638));
#5316=AXIS2_PLACEMENT_3D('',#8639,#8640,#8641);
#5317=EDGE_LOOP('',(#8642,#8643,#8644,#8645));
#5318=AXIS2_PLACEMENT_3D('',#8646,#8647,#8648);
#5319=EDGE_LOOP('',(#8649,#8650,#8651,#8652));
#5320=AXIS2_PLACEMENT_3D('',#8653,#8654,#8655);
#5321=EDGE_LOOP('',(#8656,#8657,#8658,#8659));
#5322=AXIS2_PLACEMENT_3D('',#8660,#8661,#8662);
#5323=EDGE_LOOP('',(#8663,#8664,#8665,#8666));
#5324=AXIS2_PLACEMENT_3D('',#8667,#8668,#8669);
#5325=EDGE_LOOP('',(#8670,#8671,#8672,#8673));
#5326=AXIS2_PLACEMENT_3D('',#8674,#8675,#8676);
#5327=EDGE_LOOP('',(#8677,#8678,#8679,#8680));
#5328=AXIS2_PLACEMENT_3D('',#8681,#8682,#8683);
#5329=EDGE_LOOP('',(#8684,#8685,#8686,#8687));
#5330=AXIS2_PLACEMENT_3D('',#8688,#8689,#8690);
#5331=EDGE_LOOP('',(#8691,#8692,#8693,#8694));
#5332=AXIS2_PLACEMENT_3D('',#8695,#8696,#8697);
#5333=EDGE_LOOP('',(#8698,#8699,#8700,#8701,#8702));
#5334=AXIS2_PLACEMENT_3D('',#8703,#8704,#8705);
#5335=EDGE_LOOP('',(#8706,#8707,#8708,#8709));
#5336=AXIS2_PLACEMENT_3D('',#8710,#8711,#8712);
#5337=EDGE_LOOP('',(#8713,#8714,#8715,#8716));
#5338=AXIS2_PLACEMENT_3D('',#8717,#8718,#8719);
#5339=EDGE_LOOP('',(#8720,#8721,#8722,#8723));
#5340=AXIS2_PLACEMENT_3D('',#8724,#8725,#8726);
#5341=EDGE_LOOP('',(#8727,#8728,#8729,#8730));
#5342=AXIS2_PLACEMENT_3D('',#8731,#8732,#8733);
#5343=EDGE_LOOP('',(#8734,#8735,#8736,#8737));
#5344=AXIS2_PLACEMENT_3D('',#8738,#8739,#8740);
#5345=EDGE_LOOP('',(#8741,#8742,#8743,#8744));
#5346=AXIS2_PLACEMENT_3D('',#8745,#8746,#8747);
#5347=EDGE_LOOP('',(#8748,#8749,#8750,#8751,#8752,#8753,#8754,#8755));
#5348=AXIS2_PLACEMENT_3D('',#8756,#8757,#8758);
#5349=EDGE_LOOP('',(#8759,#8760,#8761,#8762));
#5350=AXIS2_PLACEMENT_3D('',#8763,#8764,#8765);
#5351=EDGE_LOOP('',(#8766,#8767,#8768,#8769));
#5352=AXIS2_PLACEMENT_3D('',#8770,#8771,#8772);
#5353=EDGE_LOOP('',(#8773,#8774,#8775,#8776));
#5354=AXIS2_PLACEMENT_3D('',#8777,#8778,#8779);
#5355=EDGE_LOOP('',(#8780,#8781,#8782,#8783));
#5356=AXIS2_PLACEMENT_3D('',#8784,#8785,#8786);
#5357=EDGE_LOOP('',(#8787,#8788,#8789,#8790,#8791,#8792,#8793,#8794,#8795,#8796,#8797,#8798,#8799,#8800,#8801));
#5358=EDGE_LOOP('',(#8802,#8803,#8804,#8805,#8806,#8807));
#5359=EDGE_LOOP('',(#8808,#8809,#8810,#8811,#8812,#8813));
#5360=EDGE_LOOP('',(#8814,#8815,#8816,#8817));
#5361=EDGE_LOOP('',(#8818,#8819,#8820,#8821,#8822,#8823));
#5362=EDGE_LOOP('',(#8824,#8825,#8826,#8827,#8828,#8829));
#5363=EDGE_LOOP('',(#8830,#8831,#8832,#8833,#8834,#8835));
#5364=EDGE_LOOP('',(#8836,#8837,#8838,#8839,#8840,#8841,#8842,#8843));
#5365=AXIS2_PLACEMENT_3D('',#8844,#8845,#8846);
#5366=EDGE_LOOP('',(#8847,#8848,#8849,#8850));
#5367=EDGE_LOOP('',(#8851,#8852,#8853,#8854,#8855,#8856));
#5368=AXIS2_PLACEMENT_3D('',#8857,#8858,#8859);
#5369=EDGE_LOOP('',(#8860,#8861,#8862,#8863));
#5370=AXIS2_PLACEMENT_3D('',#8864,#8865,#8866);
#5371=EDGE_LOOP('',(#8867,#8868,#8869,#8870));
#5372=AXIS2_PLACEMENT_3D('',#8871,#8872,#8873);
#5373=EDGE_LOOP('',(#8874,#8875,#8876,#8877));
#5374=AXIS2_PLACEMENT_3D('',#8878,#8879,#8880);
#5375=EDGE_LOOP('',(#8881,#8882,#8883,#8884,#8885));
#5376=AXIS2_PLACEMENT_3D('',#8886,#8887,#8888);
#5377=EDGE_LOOP('',(#8889,#8890,#8891,#8892));
#5378=AXIS2_PLACEMENT_3D('',#8893,#8894,#8895);
#5379=EDGE_LOOP('',(#8896,#8897,#8898,#8899));
#5380=AXIS2_PLACEMENT_3D('',#8900,#8901,#8902);
#5381=EDGE_LOOP('',(#8903,#8904,#8905,#8906,#8907,#8908));
#5382=AXIS2_PLACEMENT_3D('',#8909,#8910,#8911);
#5383=EDGE_LOOP('',(#8912,#8913,#8914,#8915));
#5384=AXIS2_PLACEMENT_3D('',#8916,#8917,#8918);
#5385=EDGE_LOOP('',(#8919,#8920,#8921,#8922,#8923));
#5386=AXIS2_PLACEMENT_3D('',#8924,#8925,#8926);
#5387=EDGE_LOOP('',(#8927,#8928,#8929,#8930,#8931,#8932));
#5388=AXIS2_PLACEMENT_3D('',#8933,#8934,#8935);
#5389=EDGE_LOOP('',(#8936,#8937,#8938,#8939,#8940));
#5390=AXIS2_PLACEMENT_3D('',#8941,#8942,#8943);
#5391=EDGE_LOOP('',(#8944,#8945,#8946,#8947,#8948,#8949));
#5392=AXIS2_PLACEMENT_3D('',#8950,#8951,#8952);
#5393=EDGE_LOOP('',(#8953,#8954,#8955,#8956,#8957,#8958));
#5394=AXIS2_PLACEMENT_3D('',#8959,#8960,#8961);
#5395=EDGE_LOOP('',(#8962,#8963,#8964,#8965));
#5396=AXIS2_PLACEMENT_3D('',#8966,#8967,#8968);
#5397=EDGE_LOOP('',(#8969,#8970,#8971,#8972,#8973,#8974));
#5398=AXIS2_PLACEMENT_3D('',#8975,#8976,#8977);
#5399=EDGE_LOOP('',(#8978,#8979,#8980,#8981));
#5400=AXIS2_PLACEMENT_3D('',#8982,#8983,#8984);
#5401=EDGE_LOOP('',(#8985,#8986,#8987,#8988,#8989));
#5402=AXIS2_PLACEMENT_3D('',#8990,#8991,#8992);
#5403=EDGE_LOOP('',(#8993,#8994,#8995,#8996));
#5404=AXIS2_PLACEMENT_3D('',#8997,#8998,#8999);
#5405=EDGE_LOOP('',(#9000,#9001,#9002,#9003));
#5406=AXIS2_PLACEMENT_3D('',#9004,#9005,#9006);
#5407=EDGE_LOOP('',(#9007,#9008,#9009,#9010));
#5408=AXIS2_PLACEMENT_3D('',#9011,#9012,#9013);
#5409=EDGE_LOOP('',(#9014,#9015,#9016,#9017,#9018,#9019));
#5410=AXIS2_PLACEMENT_3D('',#9020,#9021,#9022);
#5411=EDGE_LOOP('',(#9023,#9024,#9025,#9026,#9027));
#5412=AXIS2_PLACEMENT_3D('',#9028,#9029,#9030);
#5413=EDGE_LOOP('',(#9031,#9032,#9033,#9034,#9035,#9036));
#5414=AXIS2_PLACEMENT_3D('',#9037,#9038,#9039);
#5415=EDGE_LOOP('',(#9040,#9041,#9042,#9043));
#5416=AXIS2_PLACEMENT_3D('',#9044,#9045,#9046);
#5417=EDGE_LOOP('',(#9047,#9048,#9049,#9050,#9051));
#5418=AXIS2_PLACEMENT_3D('',#9052,#9053,#9054);
#5419=EDGE_LOOP('',(#9055,#9056,#9057,#9058,#9059,#9060));
#5420=AXIS2_PLACEMENT_3D('',#9061,#9062,#9063);
#5421=EDGE_LOOP('',(#9064,#9065,#9066,#9067,#9068,#9069));
#5422=AXIS2_PLACEMENT_3D('',#9070,#9071,#9072);
#5423=EDGE_LOOP('',(#9073,#9074,#9075,#9076,#9077,#9078));
#5424=AXIS2_PLACEMENT_3D('',#9079,#9080,#9081);
#5425=EDGE_LOOP('',(#9082,#9083,#9084,#9085));
#5426=AXIS2_PLACEMENT_3D('',#9086,#9087,#9088);
#5427=FILL_AREA_STYLE_COLOUR('',#9089);
#5428=VERTEX_POINT('',#9090);
#5429=VERTEX_POINT('',#9091);
#5430=CIRCLE('',#9092,2.09442);
#5431=VERTEX_POINT('',#9093);
#5432=LINE('',#9094,#9095);
#5433=VERTEX_POINT('',#9096);
#5434=CIRCLE('',#9097,1.02);
#5435=VERTEX_POINT('',#9098);
#5436=LINE('',#9099,#9100);
#5437=VERTEX_POINT('',#9101);
#5438=LINE('',#9102,#9103);
#5439=LINE('',#9104,#9105);
#5440=FILL_AREA_STYLE_COLOUR('',#9106);
#5441=VERTEX_POINT('',#9107);
#5442=VERTEX_POINT('',#9108);
#5443=CIRCLE('',#9109,1.02);
#5444=VERTEX_POINT('',#9110);
#5445=LINE('',#9111,#9112);
#5446=VERTEX_POINT('',#9113);
#5447=CIRCLE('',#9114,2.09442);
#5448=VERTEX_POINT('',#9115);
#5449=LINE('',#9116,#9117);
#5450=VERTEX_POINT('',#9118);
#5451=LINE('',#9119,#9120);
#5452=LINE('',#9121,#9122);
#5453=FILL_AREA_STYLE_COLOUR('',#9123);
#5454=VERTEX_POINT('',#9124);
#5455=VERTEX_POINT('',#9125);
#5456=B_SPLINE_CURVE_WITH_KNOTS('',3,(#9126,#9127,#9128,#9129),.UNSPECIFIED.,.F.,.F.,(4,4),(0.00956479241449051,0.0102133912474789),.UNSPECIFIED.);
#5457=VERTEX_POINT('',#9130);
#5458=LINE('',#9131,#9132);
#5459=VERTEX_POINT('',#9133);
#5460=B_SPLINE_CURVE_WITH_KNOTS('',3,(#9134,#9135,#9136,#9137),.UNSPECIFIED.,.F.,.F.,(4,4),(2.46292475021821E-17,0.00064873612131618),.UNSPECIFIED.);
#5461=B_SPLINE_CURVE_WITH_KNOTS('',3,(#9138,#9139,#9140,#9141,#9142),.UNSPECIFIED.,.F.,.F.,(4,1,4),(3.04533788131259E-17,0.00029044528085839,0.000580890561717018),.UNSPECIFIED.);
#5462=FILL_AREA_STYLE_COLOUR('',#9143);
#5463=VERTEX_POINT('',#9144);
#5464=VERTEX_POINT('',#9145);
#5465=LINE('',#9146,#9147);
#5466=VERTEX_POINT('',#9148);
#5467=B_SPLINE_CURVE_WITH_KNOTS('',3,(#9149,#9150,#9151,#9152),.UNSPECIFIED.,.F.,.F.,(4,4),(3.35809200777732E-17,0.0006487361213164),.UNSPECIFIED.);
#5468=VERTEX_POINT('',#9153);
#5469=B_SPLINE_CURVE_WITH_KNOTS('',3,(#9154,#9155,#9156,#9157,#9158),.UNSPECIFIED.,.F.,.F.,(4,1,4),(4.65862799412742E-17,0.000290445158050974,0.000580890316102115),.UNSPECIFIED.);
#5470=B_SPLINE_CURVE_WITH_KNOTS('',3,(#9159,#9160,#9161,#9162),.UNSPECIFIED.,.F.,.F.,(4,4),(0.00956479237702367,0.0102133914580649),.UNSPECIFIED.);
#5471=FILL_AREA_STYLE_COLOUR('',#9163);
#5472=CIRCLE('',#9164,1.524);
#5473=CIRCLE('',#9165,1.524);
#5474=LINE('',#9166,#9167);
#5475=FILL_AREA_STYLE_COLOUR('',#9168);
#5476=CIRCLE('',#9169,1.524);
#5477=LINE('',#9170,#9171);
#5478=CIRCLE('',#9172,1.524);
#5479=FILL_AREA_STYLE_COLOUR('',#9173);
#5480=FILL_AREA_STYLE_COLOUR('',#9174);
#5481=LINE('',#9175,#9176);
#5482=LINE('',#9177,#9178);
#5483=FILL_AREA_STYLE_COLOUR('',#9179);
#5484=LINE('',#9180,#9181);
#5485=LINE('',#9182,#9183);
#5486=FILL_AREA_STYLE_COLOUR('',#9184);
#5487=FILL_AREA_STYLE_COLOUR('',#9185);
#5488=FILL_AREA_STYLE_COLOUR('',#9186);
#5489=VERTEX_POINT('',#9187);
#5490=VERTEX_POINT('',#9188);
#5491=LINE('',#9189,#9190);
#5492=VERTEX_POINT('',#9191);
#5493=LINE('',#9192,#9193);
#5494=VERTEX_POINT('',#9194);
#5495=LINE('',#9195,#9196);
#5496=LINE('',#9197,#9198);
#5497=FILL_AREA_STYLE_COLOUR('',#9199);
#5498=VERTEX_POINT('',#9200);
#5499=LINE('',#9201,#9202);
#5500=VERTEX_POINT('',#9203);
#5501=LINE('',#9204,#9205);
#5502=VERTEX_POINT('',#9206);
#5503=CIRCLE('',#9207,1.02);
#5504=VERTEX_POINT('',#9208);
#5505=LINE('',#9209,#9210);
#5506=VERTEX_POINT('',#9211);
#5507=LINE('',#9212,#9213);
#5508=VERTEX_POINT('',#9214);
#5509=LINE('',#9215,#9216);
#5510=CIRCLE('',#9217,2.09442);
#5511=FILL_AREA_STYLE_COLOUR('',#9218);
#5512=VERTEX_POINT('',#9219);
#5513=VERTEX_POINT('',#9220);
#5514=LINE('',#9221,#9222);
#5515=LINE('',#9223,#9224);
#5516=VERTEX_POINT('',#9225);
#5517=CIRCLE('',#9226,2.09442);
#5518=VERTEX_POINT('',#9227);
#5519=LINE('',#9228,#9229);
#5520=VERTEX_POINT('',#9230);
#5521=LINE('',#9231,#9232);
#5522=VERTEX_POINT('',#9233);
#5523=LINE('',#9234,#9235);
#5524=CIRCLE('',#9236,1.02);
#5525=FILL_AREA_STYLE_COLOUR('',#9237);
#5526=LINE('',#9238,#9239);
#5527=LINE('',#9240,#9241);
#5528=FILL_AREA_STYLE_COLOUR('',#9242);
#5529=VERTEX_POINT('',#9243);
#5530=VERTEX_POINT('',#9244);
#5531=B_SPLINE_CURVE_WITH_KNOTS('',3,(#9245,#9246,#9247,#9248),.UNSPECIFIED.,.F.,.F.,(4,4),(0.00956479241449049,0.0102133912474791),.UNSPECIFIED.);
#5532=VERTEX_POINT('',#9249);
#5533=LINE('',#9250,#9251);
#5534=VERTEX_POINT('',#9252);
#5535=B_SPLINE_CURVE_WITH_KNOTS('',3,(#9253,#9254,#9255,#9256),.UNSPECIFIED.,.F.,.F.,(4,4),(0.0,0.000648736121316108),.UNSPECIFIED.);
#5536=B_SPLINE_CURVE_WITH_KNOTS('',3,(#9257,#9258,#9259,#9260,#9261),.UNSPECIFIED.,.F.,.F.,(4,1,4),(2.21237252917087E-17,0.000290445280858287,0.000580890561716826),.UNSPECIFIED.);
#5537=FILL_AREA_STYLE_COLOUR('',#9262);
#5538=VERTEX_POINT('',#9263);
#5539=VERTEX_POINT('',#9264);
#5540=LINE('',#9265,#9266);
#5541=VERTEX_POINT('',#9267);
#5542=B_SPLINE_CURVE_WITH_KNOTS('',3,(#9268,#9269,#9270,#9271),.UNSPECIFIED.,.F.,.F.,(4,4),(0.0,0.000648736121316433),.UNSPECIFIED.);
#5543=VERTEX_POINT('',#9272);
#5544=B_SPLINE_CURVE_WITH_KNOTS('',3,(#9273,#9274,#9275,#9276,#9277),.UNSPECIFIED.,.F.,.F.,(4,1,4),(5.41681978140397E-17,0.000290445158050961,0.000580890316102102),.UNSPECIFIED.);
#5545=B_SPLINE_CURVE_WITH_KNOTS('',3,(#9278,#9279,#9280,#9281),.UNSPECIFIED.,.F.,.F.,(4,4),(0.00956479237702348,0.0102133914580647),.UNSPECIFIED.);
#5546=FILL_AREA_STYLE_COLOUR('',#9282);
#5547=CIRCLE('',#9283,1.524);
#5548=CIRCLE('',#9284,1.524);
#5549=LINE('',#9285,#9286);
#5550=FILL_AREA_STYLE_COLOUR('',#9287);
#5551=CIRCLE('',#9288,1.524);
#5552=LINE('',#9289,#9290);
#5553=CIRCLE('',#9291,1.524);
#5554=FILL_AREA_STYLE_COLOUR('',#9292);
#5555=FILL_AREA_STYLE_COLOUR('',#9293);
#5556=LINE('',#9294,#9295);
#5557=FILL_AREA_STYLE_COLOUR('',#9296);
#5558=LINE('',#9297,#9298);
#5559=FILL_AREA_STYLE_COLOUR('',#9299);
#5560=FILL_AREA_STYLE_COLOUR('',#9300);
#5561=FILL_AREA_STYLE_COLOUR('',#9301);
#5562=VERTEX_POINT('',#9302);
#5563=VERTEX_POINT('',#9303);
#5564=CIRCLE('',#9304,2.09442);
#5565=VERTEX_POINT('',#9305);
#5566=LINE('',#9306,#9307);
#5567=VERTEX_POINT('',#9308);
#5568=CIRCLE('',#9309,1.02);
#5569=VERTEX_POINT('',#9310);
#5570=LINE('',#9311,#9312);
#5571=VERTEX_POINT('',#9313);
#5572=LINE('',#9314,#9315);
#5573=LINE('',#9316,#9317);
#5574=FILL_AREA_STYLE_COLOUR('',#9318);
#5575=VERTEX_POINT('',#9319);
#5576=VERTEX_POINT('',#9320);
#5577=CIRCLE('',#9321,1.02);
#5578=VERTEX_POINT('',#9322);
#5579=LINE('',#9323,#9324);
#5580=VERTEX_POINT('',#9325);
#5581=CIRCLE('',#9326,2.09442);
#5582=VERTEX_POINT('',#9327);
#5583=LINE('',#9328,#9329);
#5584=VERTEX_POINT('',#9330);
#5585=LINE('',#9331,#9332);
#5586=LINE('',#9333,#9334);
#5587=FILL_AREA_STYLE_COLOUR('',#9335);
#5588=VERTEX_POINT('',#9336);
#5589=VERTEX_POINT('',#9337);
#5590=B_SPLINE_CURVE_WITH_KNOTS('',3,(#9338,#9339,#9340,#9341),.UNSPECIFIED.,.F.,.F.,(4,4),(0.00956479241449051,0.0102133912474789),.UNSPECIFIED.);
#5591=VERTEX_POINT('',#9342);
#5592=LINE('',#9343,#9344);
#5593=VERTEX_POINT('',#9345);
#5594=B_SPLINE_CURVE_WITH_KNOTS('',3,(#9346,#9347,#9348,#9349),.UNSPECIFIED.,.F.,.F.,(4,4),(2.42281747107805E-17,0.000648736121316188),.UNSPECIFIED.);
#5595=B_SPLINE_CURVE_WITH_KNOTS('',3,(#9350,#9351,#9352,#9353,#9354),.UNSPECIFIED.,.F.,.F.,(4,1,4),(3.18364588700471E-17,0.00029044528085839,0.000580890561717018),.UNSPECIFIED.);
#5596=FILL_AREA_STYLE_COLOUR('',#9355);
#5597=VERTEX_POINT('',#9356);
#5598=VERTEX_POINT('',#9357);
#5599=LINE('',#9358,#9359);
#5600=VERTEX_POINT('',#9360);
#5601=B_SPLINE_CURVE_WITH_KNOTS('',3,(#9361,#9362,#9363,#9364),.UNSPECIFIED.,.F.,.F.,(4,4),(3.39663566661628E-17,0.000648736121316398),.UNSPECIFIED.);
#5602=VERTEX_POINT('',#9365);
#5603=B_SPLINE_CURVE_WITH_KNOTS('',3,(#9366,#9367,#9368,#9369,#9370),.UNSPECIFIED.,.F.,.F.,(4,1,4),(4.53443295326433E-17,0.000290445158050974,0.000580890316102115),.UNSPECIFIED.);
#5604=B_SPLINE_CURVE_WITH_KNOTS('',3,(#9371,#9372,#9373,#9374),.UNSPECIFIED.,.F.,.F.,(4,4),(0.00956479237702381,0.0102133914580649),.UNSPECIFIED.);
#5605=FILL_AREA_STYLE_COLOUR('',#9375);
#5606=CIRCLE('',#9376,1.524);
#5607=CIRCLE('',#9377,1.524);
#5608=LINE('',#9378,#9379);
#5609=FILL_AREA_STYLE_COLOUR('',#9380);
#5610=CIRCLE('',#9381,1.524);
#5611=LINE('',#9382,#9383);
#5612=CIRCLE('',#9384,1.524);
#5613=FILL_AREA_STYLE_COLOUR('',#9385);
#5614=FILL_AREA_STYLE_COLOUR('',#9386);
#5615=LINE('',#9387,#9388);
#5616=LINE('',#9389,#9390);
#5617=FILL_AREA_STYLE_COLOUR('',#9391);
#5618=LINE('',#9392,#9393);
#5619=LINE('',#9394,#9395);
#5620=FILL_AREA_STYLE_COLOUR('',#9396);
#5621=FILL_AREA_STYLE_COLOUR('',#9397);
#5622=FILL_AREA_STYLE_COLOUR('',#9398);
#5623=VERTEX_POINT('',#9399);
#5624=VERTEX_POINT('',#9400);
#5625=LINE('',#9401,#9402);
#5626=VERTEX_POINT('',#9403);
#5627=LINE('',#9404,#9405);
#5628=VERTEX_POINT('',#9406);
#5629=LINE('',#9407,#9408);
#5630=LINE('',#9409,#9410);
#5631=FILL_AREA_STYLE_COLOUR('',#9411);
#5632=VERTEX_POINT('',#9412);
#5633=LINE('',#9413,#9414);
#5634=VERTEX_POINT('',#9415);
#5635=LINE('',#9416,#9417);
#5636=VERTEX_POINT('',#9418);
#5637=CIRCLE('',#9419,1.02);
#5638=VERTEX_POINT('',#9420);
#5639=LINE('',#9421,#9422);
#5640=VERTEX_POINT('',#9423);
#5641=LINE('',#9424,#9425);
#5642=VERTEX_POINT('',#9426);
#5643=LINE('',#9427,#9428);
#5644=CIRCLE('',#9429,2.09442);
#5645=FILL_AREA_STYLE_COLOUR('',#9430);
#5646=VERTEX_POINT('',#9431);
#5647=VERTEX_POINT('',#9432);
#5648=LINE('',#9433,#9434);
#5649=LINE('',#9435,#9436);
#5650=VERTEX_POINT('',#9437);
#5651=CIRCLE('',#9438,2.09442);
#5652=VERTEX_POINT('',#9439);
#5653=LINE('',#9440,#9441);
#5654=VERTEX_POINT('',#9442);
#5655=LINE('',#9443,#9444);
#5656=VERTEX_POINT('',#9445);
#5657=LINE('',#9446,#9447);
#5658=CIRCLE('',#9448,1.02);
#5659=FILL_AREA_STYLE_COLOUR('',#9449);
#5660=LINE('',#9450,#9451);
#5661=LINE('',#9452,#9453);
#5662=FILL_AREA_STYLE_COLOUR('',#9454);
#5663=VERTEX_POINT('',#9455);
#5664=VERTEX_POINT('',#9456);
#5665=B_SPLINE_CURVE_WITH_KNOTS('',3,(#9457,#9458,#9459,#9460),.UNSPECIFIED.,.F.,.F.,(4,4),(0.00956479241449047,0.0102133912474791),.UNSPECIFIED.);
#5666=VERTEX_POINT('',#9461);
#5667=LINE('',#9462,#9463);
#5668=VERTEX_POINT('',#9464);
#5669=B_SPLINE_CURVE_WITH_KNOTS('',3,(#9465,#9466,#9467,#9468),.UNSPECIFIED.,.F.,.F.,(4,4),(0.0,0.000648736121316109),.UNSPECIFIED.);
#5670=B_SPLINE_CURVE_WITH_KNOTS('',3,(#9469,#9470,#9471,#9472,#9473),.UNSPECIFIED.,.F.,.F.,(4,1,4),(2.20672714198252E-17,0.000290445280858287,0.000580890561716826),.UNSPECIFIED.);
#5671=FILL_AREA_STYLE_COLOUR('',#9474);
#5672=VERTEX_POINT('',#9475);
#5673=VERTEX_POINT('',#9476);
#5674=LINE('',#9477,#9478);
#5675=VERTEX_POINT('',#9479);
#5676=B_SPLINE_CURVE_WITH_KNOTS('',3,(#9480,#9481,#9482,#9483),.UNSPECIFIED.,.F.,.F.,(4,4),(0.0,0.000648736121316431),.UNSPECIFIED.);
#5677=VERTEX_POINT('',#9484);
#5678=B_SPLINE_CURVE_WITH_KNOTS('',3,(#9485,#9486,#9487,#9488,#9489),.UNSPECIFIED.,.F.,.F.,(4,1,4),(5.43375589938188E-17,0.000290445158050961,0.000580890316102102),.UNSPECIFIED.);
#5679=B_SPLINE_CURVE_WITH_KNOTS('',3,(#9490,#9491,#9492,#9493),.UNSPECIFIED.,.F.,.F.,(4,4),(0.0095647923770235,0.0102133914580647),.UNSPECIFIED.);
#5680=FILL_AREA_STYLE_COLOUR('',#9494);
#5681=CIRCLE('',#9495,1.524);
#5682=CIRCLE('',#9496,1.524);
#5683=LINE('',#9497,#9498);
#5684=FILL_AREA_STYLE_COLOUR('',#9499);
#5685=CIRCLE('',#9500,1.524);
#5686=LINE('',#9501,#9502);
#5687=CIRCLE('',#9503,1.524);
#5688=FILL_AREA_STYLE_COLOUR('',#9504);
#5689=FILL_AREA_STYLE_COLOUR('',#9505);
#5690=LINE('',#9506,#9507);
#5691=FILL_AREA_STYLE_COLOUR('',#9508);
#5692=LINE('',#9509,#9510);
#5693=FILL_AREA_STYLE_COLOUR('',#9511);
#5694=FILL_AREA_STYLE_COLOUR('',#9512);
#5695=FILL_AREA_STYLE_COLOUR('',#9513);
#5696=VERTEX_POINT('',#9514);
#5697=VERTEX_POINT('',#9515);
#5698=CIRCLE('',#9516,2.09442);
#5699=VERTEX_POINT('',#9517);
#5700=LINE('',#9518,#9519);
#5701=VERTEX_POINT('',#9520);
#5702=CIRCLE('',#9521,1.02);
#5703=VERTEX_POINT('',#9522);
#5704=LINE('',#9523,#9524);
#5705=VERTEX_POINT('',#9525);
#5706=LINE('',#9526,#9527);
#5707=LINE('',#9528,#9529);
#5708=FILL_AREA_STYLE_COLOUR('',#9530);
#5709=VERTEX_POINT('',#9531);
#5710=VERTEX_POINT('',#9532);
#5711=CIRCLE('',#9533,1.02);
#5712=VERTEX_POINT('',#9534);
#5713=LINE('',#9535,#9536);
#5714=VERTEX_POINT('',#9537);
#5715=CIRCLE('',#9538,2.09442);
#5716=VERTEX_POINT('',#9539);
#5717=LINE('',#9540,#9541);
#5718=VERTEX_POINT('',#9542);
#5719=LINE('',#9543,#9544);
#5720=LINE('',#9545,#9546);
#5721=FILL_AREA_STYLE_COLOUR('',#9547);
#5722=VERTEX_POINT('',#9548);
#5723=VERTEX_POINT('',#9549);
#5724=B_SPLINE_CURVE_WITH_KNOTS('',3,(#9550,#9551,#9552,#9553),.UNSPECIFIED.,.F.,.F.,(4,4),(0.00956479241449053,0.0102133912474789),.UNSPECIFIED.);
#5725=VERTEX_POINT('',#9554);
#5726=LINE('',#9555,#9556);
#5727=VERTEX_POINT('',#9557);
#5728=B_SPLINE_CURVE_WITH_KNOTS('',3,(#9558,#9559,#9560,#9561),.UNSPECIFIED.,.F.,.F.,(4,4),(2.5773236212779E-17,0.00064873612131618),.UNSPECIFIED.);
#5729=B_SPLINE_CURVE_WITH_KNOTS('',3,(#9562,#9563,#9564,#9565,#9566),.UNSPECIFIED.,.F.,.F.,(4,1,4),(3.1836458870047E-17,0.00029044528085839,0.000580890561717016),.UNSPECIFIED.);
#5730=FILL_AREA_STYLE_COLOUR('',#9567);
#5731=VERTEX_POINT('',#9568);
#5732=VERTEX_POINT('',#9569);
#5733=LINE('',#9570,#9571);
#5734=VERTEX_POINT('',#9572);
#5735=B_SPLINE_CURVE_WITH_KNOTS('',3,(#9573,#9574,#9575,#9576),.UNSPECIFIED.,.F.,.F.,(4,4),(3.39663566661623E-17,0.000648736121316398),.UNSPECIFIED.);
#5736=VERTEX_POINT('',#9577);
#5737=B_SPLINE_CURVE_WITH_KNOTS('',3,(#9578,#9579,#9580,#9581,#9582),.UNSPECIFIED.,.F.,.F.,(4,1,4),(4.62475679169737E-17,0.000290445158050974,0.000580890316102114),.UNSPECIFIED.);
#5738=B_SPLINE_CURVE_WITH_KNOTS('',3,(#9583,#9584,#9585,#9586),.UNSPECIFIED.,.F.,.F.,(4,4),(0.00956479237702375,0.0102133914580649),.UNSPECIFIED.);
#5739=FILL_AREA_STYLE_COLOUR('',#9587);
#5740=CIRCLE('',#9588,1.524);
#5741=CIRCLE('',#9589,1.524);
#5742=LINE('',#9590,#9591);
#5743=FILL_AREA_STYLE_COLOUR('',#9592);
#5744=CIRCLE('',#9593,1.524);
#5745=LINE('',#9594,#9595);
#5746=CIRCLE('',#9596,1.524);
#5747=FILL_AREA_STYLE_COLOUR('',#9597);
#5748=FILL_AREA_STYLE_COLOUR('',#9598);
#5749=LINE('',#9599,#9600);
#5750=LINE('',#9601,#9602);
#5751=FILL_AREA_STYLE_COLOUR('',#9603);
#5752=LINE('',#9604,#9605);
#5753=LINE('',#9606,#9607);
#5754=FILL_AREA_STYLE_COLOUR('',#9608);
#5755=FILL_AREA_STYLE_COLOUR('',#9609);
#5756=FILL_AREA_STYLE_COLOUR('',#9610);
#5757=VERTEX_POINT('',#9611);
#5758=VERTEX_POINT('',#9612);
#5759=LINE('',#9613,#9614);
#5760=VERTEX_POINT('',#9615);
#5761=LINE('',#9616,#9617);
#5762=VERTEX_POINT('',#9618);
#5763=LINE('',#9619,#9620);
#5764=LINE('',#9621,#9622);
#5765=FILL_AREA_STYLE_COLOUR('',#9623);
#5766=VERTEX_POINT('',#9624);
#5767=LINE('',#9625,#9626);
#5768=VERTEX_POINT('',#9627);
#5769=LINE('',#9628,#9629);
#5770=VERTEX_POINT('',#9630);
#5771=CIRCLE('',#9631,1.02);
#5772=VERTEX_POINT('',#9632);
#5773=LINE('',#9633,#9634);
#5774=VERTEX_POINT('',#9635);
#5775=LINE('',#9636,#9637);
#5776=VERTEX_POINT('',#9638);
#5777=LINE('',#9639,#9640);
#5778=CIRCLE('',#9641,2.09442);
#5779=FILL_AREA_STYLE_COLOUR('',#9642);
#5780=VERTEX_POINT('',#9643);
#5781=VERTEX_POINT('',#9644);
#5782=LINE('',#9645,#9646);
#5783=LINE('',#9647,#9648);
#5784=VERTEX_POINT('',#9649);
#5785=CIRCLE('',#9650,2.09442);
#5786=VERTEX_POINT('',#9651);
#5787=LINE('',#9652,#9653);
#5788=VERTEX_POINT('',#9654);
#5789=LINE('',#9655,#9656);
#5790=VERTEX_POINT('',#9657);
#5791=LINE('',#9658,#9659);
#5792=CIRCLE('',#9660,1.02);
#5793=FILL_AREA_STYLE_COLOUR('',#9661);
#5794=LINE('',#9662,#9663);
#5795=LINE('',#9664,#9665);
#5796=FILL_AREA_STYLE_COLOUR('',#9666);
#5797=VERTEX_POINT('',#9667);
#5798=VERTEX_POINT('',#9668);
#5799=B_SPLINE_CURVE_WITH_KNOTS('',3,(#9669,#9670,#9671,#9672),.UNSPECIFIED.,.F.,.F.,(4,4),(0.00956479241449059,0.0102133912474791),.UNSPECIFIED.);
#5800=VERTEX_POINT('',#9673);
#5801=LINE('',#9674,#9675);
#5802=VERTEX_POINT('',#9676);
#5803=B_SPLINE_CURVE_WITH_KNOTS('',3,(#9677,#9678,#9679,#9680),.UNSPECIFIED.,.F.,.F.,(4,4),(0.0,0.000648736121316109),.UNSPECIFIED.);
#5804=B_SPLINE_CURVE_WITH_KNOTS('',3,(#9681,#9682,#9683,#9684,#9685),.UNSPECIFIED.,.F.,.F.,(4,1,4),(2.20672729167634E-17,0.000290445280858287,0.000580890561716825),.UNSPECIFIED.);
#5805=FILL_AREA_STYLE_COLOUR('',#9686);
#5806=VERTEX_POINT('',#9687);
#5807=VERTEX_POINT('',#9688);
#5808=LINE('',#9689,#9690);
#5809=VERTEX_POINT('',#9691);
#5810=B_SPLINE_CURVE_WITH_KNOTS('',3,(#9692,#9693,#9694,#9695),.UNSPECIFIED.,.F.,.F.,(4,4),(0.0,0.000648736121316432),.UNSPECIFIED.);
#5811=VERTEX_POINT('',#9696);
#5812=B_SPLINE_CURVE_WITH_KNOTS('',3,(#9697,#9698,#9699,#9700,#9701),.UNSPECIFIED.,.F.,.F.,(4,1,4),(5.43375582453487E-17,0.00029044515805096,0.000580890316102101),.UNSPECIFIED.);
#5813=B_SPLINE_CURVE_WITH_KNOTS('',3,(#9702,#9703,#9704,#9705),.UNSPECIFIED.,.F.,.F.,(4,4),(0.0095647923770235,0.0102133914580647),.UNSPECIFIED.);
#5814=FILL_AREA_STYLE_COLOUR('',#9706);
#5815=CIRCLE('',#9707,1.524);
#5816=CIRCLE('',#9708,1.524);
#5817=LINE('',#9709,#9710);
#5818=FILL_AREA_STYLE_COLOUR('',#9711);
#5819=CIRCLE('',#9712,1.524);
#5820=LINE('',#9713,#9714);
#5821=CIRCLE('',#9715,1.524);
#5822=FILL_AREA_STYLE_COLOUR('',#9716);
#5823=FILL_AREA_STYLE_COLOUR('',#9717);
#5824=LINE('',#9718,#9719);
#5825=FILL_AREA_STYLE_COLOUR('',#9720);
#5826=LINE('',#9721,#9722);
#5827=FILL_AREA_STYLE_COLOUR('',#9723);
#5828=FILL_AREA_STYLE_COLOUR('',#9724);
#5829=FILL_AREA_STYLE_COLOUR('',#9725);
#5830=VERTEX_POINT('',#9726);
#5831=VERTEX_POINT('',#9727);
#5832=CIRCLE('',#9728,2.09442);
#5833=VERTEX_POINT('',#9729);
#5834=LINE('',#9730,#9731);
#5835=VERTEX_POINT('',#9732);
#5836=CIRCLE('',#9733,1.02);
#5837=VERTEX_POINT('',#9734);
#5838=LINE('',#9735,#9736);
#5839=VERTEX_POINT('',#9737);
#5840=LINE('',#9738,#9739);
#5841=LINE('',#9740,#9741);
#5842=FILL_AREA_STYLE_COLOUR('',#9742);
#5843=VERTEX_POINT('',#9743);
#5844=VERTEX_POINT('',#9744);
#5845=CIRCLE('',#9745,1.02);
#5846=VERTEX_POINT('',#9746);
#5847=LINE('',#9747,#9748);
#5848=VERTEX_POINT('',#9749);
#5849=CIRCLE('',#9750,2.09442);
#5850=VERTEX_POINT('',#9751);
#5851=LINE('',#9752,#9753);
#5852=VERTEX_POINT('',#9754);
#5853=LINE('',#9755,#9756);
#5854=LINE('',#9757,#9758);
#5855=FILL_AREA_STYLE_COLOUR('',#9759);
#5856=VERTEX_POINT('',#9760);
#5857=VERTEX_POINT('',#9761);
#5858=B_SPLINE_CURVE_WITH_KNOTS('',3,(#9762,#9763,#9764,#9765),.UNSPECIFIED.,.F.,.F.,(4,4),(0.00956479241449033,0.0102133912474789),.UNSPECIFIED.);
#5859=VERTEX_POINT('',#9766);
#5860=LINE('',#9767,#9768);
#5861=VERTEX_POINT('',#9769);
#5862=B_SPLINE_CURVE_WITH_KNOTS('',3,(#9770,#9771,#9772,#9773),.UNSPECIFIED.,.F.,.F.,(4,4),(1.07286721840365E-17,0.000648736121316182),.UNSPECIFIED.);
#5863=B_SPLINE_CURVE_WITH_KNOTS('',3,(#9774,#9775,#9776,#9777,#9778),.UNSPECIFIED.,.F.,.F.,(4,1,4),(8.42242220038053E-17,0.000290445280858421,0.00058089056171709),.UNSPECIFIED.);
#5864=FILL_AREA_STYLE_COLOUR('',#9779);
#5865=VERTEX_POINT('',#9780);
#5866=VERTEX_POINT('',#9781);
#5867=LINE('',#9782,#9783);
#5868=VERTEX_POINT('',#9784);
#5869=B_SPLINE_CURVE_WITH_KNOTS('',3,(#9785,#9786,#9787,#9788),.UNSPECIFIED.,.F.,.F.,(4,4),(1.89180675489439E-17,0.000648736121316401),.UNSPECIFIED.);
#5870=VERTEX_POINT('',#9789);
#5871=B_SPLINE_CURVE_WITH_KNOTS('',3,(#9790,#9791,#9792,#9793,#9794),.UNSPECIFIED.,.F.,.F.,(4,1,4),(1.37309425902041E-17,0.000290445158050958,0.000580890316102083),.UNSPECIFIED.);
#5872=B_SPLINE_CURVE_WITH_KNOTS('',3,(#9795,#9796,#9797,#9798),.UNSPECIFIED.,.F.,.F.,(4,4),(0.00956479237702393,0.0102133914580648),.UNSPECIFIED.);
#5873=FILL_AREA_STYLE_COLOUR('',#9799);
#5874=CIRCLE('',#9800,1.524);
#5875=CIRCLE('',#9801,1.524);
#5876=LINE('',#9802,#9803);
#5877=FILL_AREA_STYLE_COLOUR('',#9804);
#5878=CIRCLE('',#9805,1.524);
#5879=LINE('',#9806,#9807);
#5880=CIRCLE('',#9808,1.524);
#5881=FILL_AREA_STYLE_COLOUR('',#9809);
#5882=FILL_AREA_STYLE_COLOUR('',#9810);
#5883=LINE('',#9811,#9812);
#5884=LINE('',#9813,#9814);
#5885=FILL_AREA_STYLE_COLOUR('',#9815);
#5886=LINE('',#9816,#9817);
#5887=LINE('',#9818,#9819);
#5888=FILL_AREA_STYLE_COLOUR('',#9820);
#5889=FILL_AREA_STYLE_COLOUR('',#9821);
#5890=FILL_AREA_STYLE_COLOUR('',#9822);
#5891=VERTEX_POINT('',#9823);
#5892=VERTEX_POINT('',#9824);
#5893=LINE('',#9825,#9826);
#5894=VERTEX_POINT('',#9827);
#5895=LINE('',#9828,#9829);
#5896=VERTEX_POINT('',#9830);
#5897=LINE('',#9831,#9832);
#5898=LINE('',#9833,#9834);
#5899=FILL_AREA_STYLE_COLOUR('',#9835);
#5900=VERTEX_POINT('',#9836);
#5901=LINE('',#9837,#9838);
#5902=VERTEX_POINT('',#9839);
#5903=LINE('',#9840,#9841);
#5904=VERTEX_POINT('',#9842);
#5905=CIRCLE('',#9843,1.02);
#5906=VERTEX_POINT('',#9844);
#5907=LINE('',#9845,#9846);
#5908=VERTEX_POINT('',#9847);
#5909=LINE('',#9848,#9849);
#5910=VERTEX_POINT('',#9850);
#5911=LINE('',#9851,#9852);
#5912=CIRCLE('',#9853,2.09442);
#5913=FILL_AREA_STYLE_COLOUR('',#9854);
#5914=VERTEX_POINT('',#9855);
#5915=VERTEX_POINT('',#9856);
#5916=LINE('',#9857,#9858);
#5917=LINE('',#9859,#9860);
#5918=VERTEX_POINT('',#9861);
#5919=CIRCLE('',#9862,2.09442);
#5920=VERTEX_POINT('',#9863);
#5921=LINE('',#9864,#9865);
#5922=VERTEX_POINT('',#9866);
#5923=LINE('',#9867,#9868);
#5924=VERTEX_POINT('',#9869);
#5925=LINE('',#9870,#9871);
#5926=CIRCLE('',#9872,1.02);
#5927=FILL_AREA_STYLE_COLOUR('',#9873);
#5928=LINE('',#9874,#9875);
#5929=LINE('',#9876,#9877);
#5930=FILL_AREA_STYLE_COLOUR('',#9878);
#5931=VERTEX_POINT('',#9879);
#5932=VERTEX_POINT('',#9880);
#5933=B_SPLINE_CURVE_WITH_KNOTS('',3,(#9881,#9882,#9883,#9884),.UNSPECIFIED.,.F.,.F.,(4,4),(0.00956479241449063,0.0102133912474791),.UNSPECIFIED.);
#5934=VERTEX_POINT('',#9885);
#5935=LINE('',#9886,#9887);
#5936=VERTEX_POINT('',#9888);
#5937=B_SPLINE_CURVE_WITH_KNOTS('',3,(#9889,#9890,#9891,#9892),.UNSPECIFIED.,.F.,.F.,(4,4),(0.0,0.000648736121316104),.UNSPECIFIED.);
#5938=B_SPLINE_CURVE_WITH_KNOTS('',3,(#9893,#9894,#9895,#9896,#9897),.UNSPECIFIED.,.F.,.F.,(4,1,4),(8.52939545292451E-17,0.000290445280858316,0.000580890561716878),.UNSPECIFIED.);
#5939=FILL_AREA_STYLE_COLOUR('',#9898);
#5940=VERTEX_POINT('',#9899);
#5941=VERTEX_POINT('',#9900);
#5942=LINE('',#9901,#9902);
#5943=VERTEX_POINT('',#9903);
#5944=B_SPLINE_CURVE_WITH_KNOTS('',3,(#9904,#9905,#9906,#9907),.UNSPECIFIED.,.F.,.F.,(4,4),(0.0,0.000648736121316433),.UNSPECIFIED.);
#5945=VERTEX_POINT('',#9908);
#5946=B_SPLINE_CURVE_WITH_KNOTS('',3,(#9909,#9910,#9911,#9912,#9913),.UNSPECIFIED.,.F.,.F.,(4,1,4),(9.58865674234297E-17,0.00029044515805096,0.00058089031610206),.UNSPECIFIED.);
#5947=B_SPLINE_CURVE_WITH_KNOTS('',3,(#9914,#9915,#9916,#9917),.UNSPECIFIED.,.F.,.F.,(4,4),(0.00956479237702349,0.0102133914580647),.UNSPECIFIED.);
#5948=FILL_AREA_STYLE_COLOUR('',#9918);
#5949=CIRCLE('',#9919,1.524);
#5950=CIRCLE('',#9920,1.524);
#5951=LINE('',#9921,#9922);
#5952=FILL_AREA_STYLE_COLOUR('',#9923);
#5953=CIRCLE('',#9924,1.524);
#5954=LINE('',#9925,#9926);
#5955=CIRCLE('',#9927,1.524);
#5956=FILL_AREA_STYLE_COLOUR('',#9928);
#5957=FILL_AREA_STYLE_COLOUR('',#9929);
#5958=LINE('',#9930,#9931);
#5959=FILL_AREA_STYLE_COLOUR('',#9932);
#5960=LINE('',#9933,#9934);
#5961=FILL_AREA_STYLE_COLOUR('',#9935);
#5962=FILL_AREA_STYLE_COLOUR('',#9936);
#5963=FILL_AREA_STYLE_COLOUR('',#9937);
#5964=VERTEX_POINT('',#9938);
#5965=VERTEX_POINT('',#9939);
#5966=B_SPLINE_CURVE_WITH_KNOTS('',3,(#9940,#9941,#9942,#9943,#9944),.UNSPECIFIED.,.F.,.F.,(4,1,4),(1.19468811769942E-17,0.000290443604280603,0.000580887208561435),.UNSPECIFIED.);
#5967=VERTEX_POINT('',#9945);
#5968=LINE('',#9946,#9947);
#5969=VERTEX_POINT('',#9948);
#5970=B_SPLINE_CURVE_WITH_KNOTS('',3,(#9949,#9950,#9951,#9952,#9953),.UNSPECIFIED.,.F.,.F.,(4,1,4),(1.72732439834422E-15,0.00029044354144786,0.000580887082894797),.UNSPECIFIED.);
#5971=LINE('',#9954,#9955);
#5972=FILL_AREA_STYLE_COLOUR('',#9956);
#5973=VERTEX_POINT('',#9957);
#5974=VERTEX_POINT('',#9958);
#5975=LINE('',#9959,#9960);
#5976=B_SPLINE_CURVE_WITH_KNOTS('',3,(#9961,#9962,#9963,#9964),.UNSPECIFIED.,.F.,.F.,(4,4),(0.00956482636918413,0.0102131997487807),.UNSPECIFIED.);
#5977=B_SPLINE_CURVE_WITH_KNOTS('',3,(#9965,#9966,#9967,#9968),.UNSPECIFIED.,.F.,.F.,(4,4),(8.94572597838122E-18,0.000648962716655212),.UNSPECIFIED.);
#5978=FILL_AREA_STYLE_COLOUR('',#9969);
#5979=VERTEX_POINT('',#9970);
#5980=CIRCLE('',#9971,1.524);
#5981=VERTEX_POINT('',#9972);
#5982=LINE('',#9973,#9974);
#5983=VERTEX_POINT('',#9975);
#5984=CIRCLE('',#9976,1.524);
#5985=B_SPLINE_CURVE_WITH_KNOTS('',3,(#9977,#9978,#9979,#9980),.UNSPECIFIED.,.F.,.F.,(4,4),(1.33176288243005E-17,0.000648962591054294),.UNSPECIFIED.);
#5986=FILL_AREA_STYLE_COLOUR('',#9981);
#5987=VERTEX_POINT('',#9982);
#5988=LINE('',#9983,#9984);
#5989=B_SPLINE_CURVE_WITH_KNOTS('',3,(#9985,#9986,#9987,#9988),.UNSPECIFIED.,.F.,.F.,(4,4),(0.00956482636918397,0.01021319974878),.UNSPECIFIED.);
#5990=FILL_AREA_STYLE_COLOUR('',#9989);
#5991=VERTEX_POINT('',#9990);
#5992=VERTEX_POINT('',#9991);
#5993=LINE('',#9992,#9993);
#5994=CIRCLE('',#9994,1.524);
#5995=CIRCLE('',#9995,1.524);
#5996=FILL_AREA_STYLE_COLOUR('',#9996);
#5997=VERTEX_POINT('',#9997);
#5998=LINE('',#9998,#9999);
#5999=VERTEX_POINT('',#10000);
#6000=LINE('',#10001,#10002);
#6001=LINE('',#10003,#10004);
#6002=FILL_AREA_STYLE_COLOUR('',#10005);
#6003=VERTEX_POINT('',#10006);
#6004=LINE('',#10007,#10008);
#6005=LINE('',#10009,#10010);
#6006=FILL_AREA_STYLE_COLOUR('',#10011);
#6007=VERTEX_POINT('',#10012);
#6008=LINE('',#10013,#10014);
#6009=LINE('',#10015,#10016);
#6010=FILL_AREA_STYLE_COLOUR('',#10017);
#6011=LINE('',#10018,#10019);
#6012=FILL_AREA_STYLE_COLOUR('',#10020);
#6013=VERTEX_POINT('',#10021);
#6014=VERTEX_POINT('',#10022);
#6015=B_SPLINE_CURVE_WITH_KNOTS('',3,(#10023,#10024,#10025,#10026,#10027),.UNSPECIFIED.,.F.,.F.,(4,1,4),(3.68668596864212E-19,0.000290443604280519,0.000580887208561263),.UNSPECIFIED.);
#6016=VERTEX_POINT('',#10028);
#6017=LINE('',#10029,#10030);
#6018=VERTEX_POINT('',#10031);
#6019=B_SPLINE_CURVE_WITH_KNOTS('',3,(#10032,#10033,#10034,#10035,#10036),.UNSPECIFIED.,.F.,.F.,(4,1,4),(1.71893572850692E-15,0.000290443541447975,0.000580887082895036),.UNSPECIFIED.);
#6020=LINE('',#10037,#10038);
#6021=FILL_AREA_STYLE_COLOUR('',#10039);
#6022=VERTEX_POINT('',#10040);
#6023=VERTEX_POINT('',#10041);
#6024=LINE('',#10042,#10043);
#6025=B_SPLINE_CURVE_WITH_KNOTS('',3,(#10044,#10045,#10046,#10047),.UNSPECIFIED.,.F.,.F.,(4,4),(0.00956482636918403,0.0102131997487807),.UNSPECIFIED.);
#6026=B_SPLINE_CURVE_WITH_KNOTS('',3,(#10048,#10049,#10050,#10051),.UNSPECIFIED.,.F.,.F.,(4,4),(1.02416782054761E-17,0.000648962716654975),.UNSPECIFIED.);
#6027=FILL_AREA_STYLE_COLOUR('',#10052);
#6028=VERTEX_POINT('',#10053);
#6029=CIRCLE('',#10054,1.524);
#6030=VERTEX_POINT('',#10055);
#6031=LINE('',#10056,#10057);
#6032=VERTEX_POINT('',#10058);
#6033=CIRCLE('',#10059,1.524);
#6034=B_SPLINE_CURVE_WITH_KNOTS('',3,(#10060,#10061,#10062,#10063),.UNSPECIFIED.,.F.,.F.,(4,4),(1.4884553043169E-17,0.000648962591054445),.UNSPECIFIED.);
#6035=FILL_AREA_STYLE_COLOUR('',#10064);
#6036=VERTEX_POINT('',#10065);
#6037=LINE('',#10066,#10067);
#6038=B_SPLINE_CURVE_WITH_KNOTS('',3,(#10068,#10069,#10070,#10071),.UNSPECIFIED.,.F.,.F.,(4,4),(0.00956482636918399,0.01021319974878),.UNSPECIFIED.);
#6039=FILL_AREA_STYLE_COLOUR('',#10072);
#6040=VERTEX_POINT('',#10073);
#6041=VERTEX_POINT('',#10074);
#6042=LINE('',#10075,#10076);
#6043=CIRCLE('',#10077,1.524);
#6044=CIRCLE('',#10078,1.524);
#6045=FILL_AREA_STYLE_COLOUR('',#10079);
#6046=VERTEX_POINT('',#10080);
#6047=LINE('',#10081,#10082);
#6048=VERTEX_POINT('',#10083);
#6049=LINE('',#10084,#10085);
#6050=LINE('',#10086,#10087);
#6051=FILL_AREA_STYLE_COLOUR('',#10088);
#6052=VERTEX_POINT('',#10089);
#6053=LINE('',#10090,#10091);
#6054=LINE('',#10092,#10093);
#6055=FILL_AREA_STYLE_COLOUR('',#10094);
#6056=VERTEX_POINT('',#10095);
#6057=LINE('',#10096,#10097);
#6058=LINE('',#10098,#10099);
#6059=FILL_AREA_STYLE_COLOUR('',#10100);
#6060=LINE('',#10101,#10102);
#6061=FILL_AREA_STYLE_COLOUR('',#10103);
#6062=VERTEX_POINT('',#10104);
#6063=VERTEX_POINT('',#10105);
#6064=B_SPLINE_CURVE_WITH_KNOTS('',3,(#10106,#10107,#10108,#10109,#10110),.UNSPECIFIED.,.F.,.F.,(4,1,4),(1.19468811769944E-17,0.000290443604280603,0.000580887208561436),.UNSPECIFIED.);
#6065=VERTEX_POINT('',#10111);
#6066=LINE('',#10112,#10113);
#6067=VERTEX_POINT('',#10114);
#6068=B_SPLINE_CURVE_WITH_KNOTS('',3,(#10115,#10116,#10117,#10118,#10119),.UNSPECIFIED.,.F.,.F.,(4,1,4),(1.72822690398737E-15,0.00029044354144786,0.000580887082894796),.UNSPECIFIED.);
#6069=LINE('',#10120,#10121);
#6070=FILL_AREA_STYLE_COLOUR('',#10122);
#6071=VERTEX_POINT('',#10123);
#6072=VERTEX_POINT('',#10124);
#6073=LINE('',#10125,#10126);
#6074=B_SPLINE_CURVE_WITH_KNOTS('',3,(#10127,#10128,#10129,#10130),.UNSPECIFIED.,.F.,.F.,(4,4),(0.00956482636918412,0.0102131997487807),.UNSPECIFIED.);
#6075=B_SPLINE_CURVE_WITH_KNOTS('',3,(#10131,#10132,#10133,#10134),.UNSPECIFIED.,.F.,.F.,(4,4),(1.07501166760043E-17,0.000648962716655212),.UNSPECIFIED.);
#6076=FILL_AREA_STYLE_COLOUR('',#10135);
#6077=VERTEX_POINT('',#10136);
#6078=CIRCLE('',#10137,1.524);
#6079=VERTEX_POINT('',#10138);
#6080=LINE('',#10139,#10140);
#6081=VERTEX_POINT('',#10141);
#6082=CIRCLE('',#10142,1.524);
#6083=B_SPLINE_CURVE_WITH_KNOTS('',3,(#10143,#10144,#10145,#10146),.UNSPECIFIED.,.F.,.F.,(4,4),(1.24154338578829E-17,0.000648962591054294),.UNSPECIFIED.);
#6084=FILL_AREA_STYLE_COLOUR('',#10147);
#6085=VERTEX_POINT('',#10148);
#6086=LINE('',#10149,#10150);
#6087=B_SPLINE_CURVE_WITH_KNOTS('',3,(#10151,#10152,#10153,#10154),.UNSPECIFIED.,.F.,.F.,(4,4),(0.00956482636918387,0.0102131997487799),.UNSPECIFIED.);
#6088=FILL_AREA_STYLE_COLOUR('',#10155);
#6089=VERTEX_POINT('',#10156);
#6090=VERTEX_POINT('',#10157);
#6091=LINE('',#10158,#10159);
#6092=CIRCLE('',#10160,1.524);
#6093=CIRCLE('',#10161,1.524);
#6094=FILL_AREA_STYLE_COLOUR('',#10162);
#6095=VERTEX_POINT('',#10163);
#6096=LINE('',#10164,#10165);
#6097=VERTEX_POINT('',#10166);
#6098=LINE('',#10167,#10168);
#6099=LINE('',#10169,#10170);
#6100=FILL_AREA_STYLE_COLOUR('',#10171);
#6101=VERTEX_POINT('',#10172);
#6102=LINE('',#10173,#10174);
#6103=LINE('',#10175,#10176);
#6104=FILL_AREA_STYLE_COLOUR('',#10177);
#6105=VERTEX_POINT('',#10178);
#6106=LINE('',#10179,#10180);
#6107=LINE('',#10181,#10182);
#6108=FILL_AREA_STYLE_COLOUR('',#10183);
#6109=LINE('',#10184,#10185);
#6110=FILL_AREA_STYLE_COLOUR('',#10186);
#6111=VERTEX_POINT('',#10187);
#6112=VERTEX_POINT('',#10188);
#6113=B_SPLINE_CURVE_WITH_KNOTS('',3,(#10189,#10190,#10191,#10192,#10193),.UNSPECIFIED.,.F.,.F.,(4,1,4),(1.19468811769906E-17,0.000290443604280611,0.000580887208561465),.UNSPECIFIED.);
#6114=VERTEX_POINT('',#10194);
#6115=LINE('',#10195,#10196);
#6116=VERTEX_POINT('',#10197);
#6117=B_SPLINE_CURVE_WITH_KNOTS('',3,(#10198,#10199,#10200,#10201,#10202),.UNSPECIFIED.,.F.,.F.,(4,1,4),(1.82028247958802E-15,0.000290443541447893,0.000580887082894837),.UNSPECIFIED.);
#6118=LINE('',#10203,#10204);
#6119=FILL_AREA_STYLE_COLOUR('',#10205);
#6120=VERTEX_POINT('',#10206);
#6121=VERTEX_POINT('',#10207);
#6122=LINE('',#10208,#10209);
#6123=B_SPLINE_CURVE_WITH_KNOTS('',3,(#10210,#10211,#10212,#10213),.UNSPECIFIED.,.F.,.F.,(4,4),(0.00956482636918428,0.0102131997487807),.UNSPECIFIED.);
#6124=B_SPLINE_CURVE_WITH_KNOTS('',3,(#10214,#10215,#10216,#10217),.UNSPECIFIED.,.F.,.F.,(4,4),(3.05983988830029E-17,0.000648962716655212),.UNSPECIFIED.);
#6125=FILL_AREA_STYLE_COLOUR('',#10218);
#6126=VERTEX_POINT('',#10219);
#6127=CIRCLE('',#10220,1.524);
#6128=VERTEX_POINT('',#10221);
#6129=LINE('',#10222,#10223);
#6130=VERTEX_POINT('',#10224);
#6131=CIRCLE('',#10225,1.524);
#6132=B_SPLINE_CURVE_WITH_KNOTS('',3,(#10226,#10227,#10228,#10229),.UNSPECIFIED.,.F.,.F.,(4,4),(2.19576362711244E-17,0.000648962591054294),.UNSPECIFIED.);
#6133=FILL_AREA_STYLE_COLOUR('',#10230);
#6134=VERTEX_POINT('',#10231);
#6135=LINE('',#10232,#10233);
#6136=B_SPLINE_CURVE_WITH_KNOTS('',3,(#10234,#10235,#10236,#10237),.UNSPECIFIED.,.F.,.F.,(4,4),(0.00956482636918391,0.01021319974878),.UNSPECIFIED.);
#6137=FILL_AREA_STYLE_COLOUR('',#10238);
#6138=VERTEX_POINT('',#10239);
#6139=VERTEX_POINT('',#10240);
#6140=LINE('',#10241,#10242);
#6141=CIRCLE('',#10243,1.524);
#6142=CIRCLE('',#10244,1.524);
#6143=FILL_AREA_STYLE_COLOUR('',#10245);
#6144=VERTEX_POINT('',#10246);
#6145=LINE('',#10247,#10248);
#6146=VERTEX_POINT('',#10249);
#6147=LINE('',#10250,#10251);
#6148=LINE('',#10252,#10253);
#6149=FILL_AREA_STYLE_COLOUR('',#10254);
#6150=VERTEX_POINT('',#10255);
#6151=LINE('',#10256,#10257);
#6152=LINE('',#10258,#10259);
#6153=FILL_AREA_STYLE_COLOUR('',#10260);
#6154=VERTEX_POINT('',#10261);
#6155=LINE('',#10262,#10263);
#6156=LINE('',#10264,#10265);
#6157=FILL_AREA_STYLE_COLOUR('',#10266);
#6158=LINE('',#10267,#10268);
#6159=FILL_AREA_STYLE_COLOUR('',#10269);
#6160=VERTEX_POINT('',#10270);
#6161=VERTEX_POINT('',#10271);
#6162=B_SPLINE_CURVE_WITH_KNOTS('',3,(#10272,#10273,#10274,#10275,#10276),.UNSPECIFIED.,.F.,.F.,(4,1,4),(1.19468811769946E-17,0.000290443604280603,0.000580887208561436),.UNSPECIFIED.);
#6163=VERTEX_POINT('',#10277);
#6164=LINE('',#10278,#10279);
#6165=VERTEX_POINT('',#10280);
#6166=B_SPLINE_CURVE_WITH_KNOTS('',3,(#10281,#10282,#10283,#10284,#10285),.UNSPECIFIED.,.F.,.F.,(4,1,4),(1.72769104126175E-15,0.00029044354144786,0.000580887082894798),.UNSPECIFIED.);
#6167=LINE('',#10286,#10287);
#6168=FILL_AREA_STYLE_COLOUR('',#10288);
#6169=VERTEX_POINT('',#10289);
#6170=VERTEX_POINT('',#10290);
#6171=LINE('',#10291,#10292);
#6172=B_SPLINE_CURVE_WITH_KNOTS('',3,(#10293,#10294,#10295,#10296),.UNSPECIFIED.,.F.,.F.,(4,4),(0.00956482636918412,0.0102131997487807),.UNSPECIFIED.);
#6173=B_SPLINE_CURVE_WITH_KNOTS('',3,(#10297,#10298,#10299,#10300),.UNSPECIFIED.,.F.,.F.,(4,4),(8.49462423075128E-18,0.000648962716655211),.UNSPECIFIED.);
#6174=FILL_AREA_STYLE_COLOUR('',#10301);
#6175=VERTEX_POINT('',#10302);
#6176=CIRCLE('',#10303,1.524);
#6177=VERTEX_POINT('',#10304);
#6178=LINE('',#10305,#10306);
#6179=VERTEX_POINT('',#10307);
#6180=CIRCLE('',#10308,1.524);
#6181=B_SPLINE_CURVE_WITH_KNOTS('',3,(#10309,#10310,#10311,#10312),.UNSPECIFIED.,.F.,.F.,(4,4),(1.36559506317798E-17,0.000648962591054294),.UNSPECIFIED.);
#6182=FILL_AREA_STYLE_COLOUR('',#10313);
#6183=VERTEX_POINT('',#10314);
#6184=LINE('',#10315,#10316);
#6185=B_SPLINE_CURVE_WITH_KNOTS('',3,(#10317,#10318,#10319,#10320),.UNSPECIFIED.,.F.,.F.,(4,4),(0.00956482636918397,0.01021319974878),.UNSPECIFIED.);
#6186=FILL_AREA_STYLE_COLOUR('',#10321);
#6187=VERTEX_POINT('',#10322);
#6188=VERTEX_POINT('',#10323);
#6189=LINE('',#10324,#10325);
#6190=CIRCLE('',#10326,1.524);
#6191=CIRCLE('',#10327,1.524);
#6192=FILL_AREA_STYLE_COLOUR('',#10328);
#6193=VERTEX_POINT('',#10329);
#6194=LINE('',#10330,#10331);
#6195=VERTEX_POINT('',#10332);
#6196=LINE('',#10333,#10334);
#6197=LINE('',#10335,#10336);
#6198=FILL_AREA_STYLE_COLOUR('',#10337);
#6199=VERTEX_POINT('',#10338);
#6200=LINE('',#10339,#10340);
#6201=LINE('',#10341,#10342);
#6202=FILL_AREA_STYLE_COLOUR('',#10343);
#6203=VERTEX_POINT('',#10344);
#6204=LINE('',#10345,#10346);
#6205=LINE('',#10347,#10348);
#6206=FILL_AREA_STYLE_COLOUR('',#10349);
#6207=LINE('',#10350,#10351);
#6208=FILL_AREA_STYLE_COLOUR('',#10352);
#6209=VERTEX_POINT('',#10353);
#6210=VERTEX_POINT('',#10354);
#6211=B_SPLINE_CURVE_WITH_KNOTS('',3,(#10355,#10356,#10357,#10358,#10359),.UNSPECIFIED.,.F.,.F.,(4,1,4),(3.68668596864212E-19,0.00029044360428052,0.000580887208561264),.UNSPECIFIED.);
#6212=VERTEX_POINT('',#10360);
#6213=LINE('',#10361,#10362);
#6214=VERTEX_POINT('',#10363);
#6215=B_SPLINE_CURVE_WITH_KNOTS('',3,(#10364,#10365,#10366,#10367,#10368),.UNSPECIFIED.,.F.,.F.,(4,1,4),(1.71947159123253E-15,0.000290443541447975,0.000580887082895035),.UNSPECIFIED.);
#6216=LINE('',#10369,#10370);
#6217=FILL_AREA_STYLE_COLOUR('',#10371);
#6218=VERTEX_POINT('',#10372);
#6219=VERTEX_POINT('',#10373);
#6220=LINE('',#10374,#10375);
#6221=B_SPLINE_CURVE_WITH_KNOTS('',3,(#10376,#10377,#10378,#10379),.UNSPECIFIED.,.F.,.F.,(4,4),(0.00956482636918414,0.0102131997487807),.UNSPECIFIED.);
#6222=B_SPLINE_CURVE_WITH_KNOTS('',3,(#10380,#10381,#10382,#10383),.UNSPECIFIED.,.F.,.F.,(4,4),(1.02134794870419E-17,0.000648962716654982),.UNSPECIFIED.);
#6223=FILL_AREA_STYLE_COLOUR('',#10384);
#6224=VERTEX_POINT('',#10385);
#6225=CIRCLE('',#10386,1.524);
#6226=VERTEX_POINT('',#10387);
#6227=LINE('',#10388,#10389);
#6228=VERTEX_POINT('',#10390);
#6229=CIRCLE('',#10391,1.524);
#6230=B_SPLINE_CURVE_WITH_KNOTS('',3,(#10392,#10393,#10394,#10395),.UNSPECIFIED.,.F.,.F.,(4,4),(1.36158399523357E-17,0.000648962591054445),.UNSPECIFIED.);
#6231=FILL_AREA_STYLE_COLOUR('',#10396);
#6232=VERTEX_POINT('',#10397);
#6233=LINE('',#10398,#10399);
#6234=B_SPLINE_CURVE_WITH_KNOTS('',3,(#10400,#10401,#10402,#10403),.UNSPECIFIED.,.F.,.F.,(4,4),(0.00956482636918398,0.01021319974878),.UNSPECIFIED.);
#6235=FILL_AREA_STYLE_COLOUR('',#10404);
#6236=VERTEX_POINT('',#10405);
#6237=VERTEX_POINT('',#10406);
#6238=LINE('',#10407,#10408);
#6239=CIRCLE('',#10409,1.524);
#6240=CIRCLE('',#10410,1.524);
#6241=FILL_AREA_STYLE_COLOUR('',#10411);
#6242=VERTEX_POINT('',#10412);
#6243=LINE('',#10413,#10414);
#6244=VERTEX_POINT('',#10415);
#6245=LINE('',#10416,#10417);
#6246=LINE('',#10418,#10419);
#6247=FILL_AREA_STYLE_COLOUR('',#10420);
#6248=VERTEX_POINT('',#10421);
#6249=LINE('',#10422,#10423);
#6250=LINE('',#10424,#10425);
#6251=FILL_AREA_STYLE_COLOUR('',#10426);
#6252=VERTEX_POINT('',#10427);
#6253=LINE('',#10428,#10429);
#6254=LINE('',#10430,#10431);
#6255=FILL_AREA_STYLE_COLOUR('',#10432);
#6256=LINE('',#10433,#10434);
#6257=FILL_AREA_STYLE_COLOUR('',#10435);
#6258=VERTEX_POINT('',#10436);
#6259=VERTEX_POINT('',#10437);
#6260=B_SPLINE_CURVE_WITH_KNOTS('',3,(#10438,#10439,#10440,#10441,#10442),.UNSPECIFIED.,.F.,.F.,(4,1,4),(3.68668596864212E-19,0.00029044360428052,0.000580887208561265),.UNSPECIFIED.);
#6261=VERTEX_POINT('',#10443);
#6262=LINE('',#10444,#10445);
#6263=VERTEX_POINT('',#10446);
#6264=B_SPLINE_CURVE_WITH_KNOTS('',3,(#10447,#10448,#10449,#10450,#10451),.UNSPECIFIED.,.F.,.F.,(4,1,4),(1.71947159123253E-15,0.000290443541447975,0.000580887082895034),.UNSPECIFIED.);
#6265=LINE('',#10452,#10453);
#6266=FILL_AREA_STYLE_COLOUR('',#10454);
#6267=VERTEX_POINT('',#10455);
#6268=VERTEX_POINT('',#10456);
#6269=LINE('',#10457,#10458);
#6270=B_SPLINE_CURVE_WITH_KNOTS('',3,(#10459,#10460,#10461,#10462),.UNSPECIFIED.,.F.,.F.,(4,4),(0.00956482636918412,0.0102131997487807),.UNSPECIFIED.);
#6271=B_SPLINE_CURVE_WITH_KNOTS('',3,(#10463,#10464,#10465,#10466),.UNSPECIFIED.,.F.,.F.,(4,4),(9.31129188590185E-18,0.000648962716654975),.UNSPECIFIED.);
#6272=FILL_AREA_STYLE_COLOUR('',#10467);
#6273=VERTEX_POINT('',#10468);
#6274=CIRCLE('',#10469,1.524);
#6275=VERTEX_POINT('',#10470);
#6276=LINE('',#10471,#10472);
#6277=VERTEX_POINT('',#10473);
#6278=CIRCLE('',#10474,1.524);
#6279=B_SPLINE_CURVE_WITH_KNOTS('',3,(#10475,#10476,#10477,#10478),.UNSPECIFIED.,.F.,.F.,(4,4),(1.45180352605622E-17,0.000648962591054445),.UNSPECIFIED.);
#6280=FILL_AREA_STYLE_COLOUR('',#10479);
#6281=VERTEX_POINT('',#10480);
#6282=LINE('',#10481,#10482);
#6283=B_SPLINE_CURVE_WITH_KNOTS('',3,(#10483,#10484,#10485,#10486),.UNSPECIFIED.,.F.,.F.,(4,4),(0.00956482636918403,0.0102131997487801),.UNSPECIFIED.);
#6284=FILL_AREA_STYLE_COLOUR('',#10487);
#6285=VERTEX_POINT('',#10488);
#6286=VERTEX_POINT('',#10489);
#6287=LINE('',#10490,#10491);
#6288=CIRCLE('',#10492,1.524);
#6289=CIRCLE('',#10493,1.524);
#6290=FILL_AREA_STYLE_COLOUR('',#10494);
#6291=VERTEX_POINT('',#10495);
#6292=LINE('',#10496,#10497);
#6293=VERTEX_POINT('',#10498);
#6294=LINE('',#10499,#10500);
#6295=LINE('',#10501,#10502);
#6296=FILL_AREA_STYLE_COLOUR('',#10503);
#6297=VERTEX_POINT('',#10504);
#6298=LINE('',#10505,#10506);
#6299=LINE('',#10507,#10508);
#6300=FILL_AREA_STYLE_COLOUR('',#10509);
#6301=VERTEX_POINT('',#10510);
#6302=LINE('',#10511,#10512);
#6303=LINE('',#10513,#10514);
#6304=FILL_AREA_STYLE_COLOUR('',#10515);
#6305=LINE('',#10516,#10517);
#6306=FILL_AREA_STYLE_COLOUR('',#10518);
#6307=VERTEX_POINT('',#10519);
#6308=VERTEX_POINT('',#10520);
#6309=B_SPLINE_CURVE_WITH_KNOTS('',3,(#10521,#10522,#10523,#10524,#10525),.UNSPECIFIED.,.F.,.F.,(4,1,4),(3.68668596864212E-19,0.000290443604280527,0.000580887208561295),.UNSPECIFIED.);
#6310=VERTEX_POINT('',#10526);
#6311=LINE('',#10527,#10528);
#6312=VERTEX_POINT('',#10529);
#6313=B_SPLINE_CURVE_WITH_KNOTS('',3,(#10530,#10531,#10532,#10533,#10534),.UNSPECIFIED.,.F.,.F.,(4,1,4),(1.70864152351456E-15,0.000290443541447957,0.000580887082894972),.UNSPECIFIED.);
#6314=LINE('',#10535,#10536);
#6315=FILL_AREA_STYLE_COLOUR('',#10537);
#6316=VERTEX_POINT('',#10538);
#6317=VERTEX_POINT('',#10539);
#6318=LINE('',#10540,#10541);
#6319=B_SPLINE_CURVE_WITH_KNOTS('',3,(#10542,#10543,#10544,#10545),.UNSPECIFIED.,.F.,.F.,(4,4),(0.00956482636918417,0.0102131997487807),.UNSPECIFIED.);
#6320=B_SPLINE_CURVE_WITH_KNOTS('',3,(#10546,#10547,#10548,#10549),.UNSPECIFIED.,.F.,.F.,(4,4),(2.72882087134242E-17,0.000648962716654975),.UNSPECIFIED.);
#6321=FILL_AREA_STYLE_COLOUR('',#10550);
#6322=VERTEX_POINT('',#10551);
#6323=CIRCLE('',#10552,1.524);
#6324=VERTEX_POINT('',#10553);
#6325=LINE('',#10554,#10555);
#6326=VERTEX_POINT('',#10556);
#6327=CIRCLE('',#10557,1.524);
#6328=B_SPLINE_CURVE_WITH_KNOTS('',3,(#10558,#10559,#10560,#10561),.UNSPECIFIED.,.F.,.F.,(4,4),(2.15238729233221E-17,0.000648962591054445),.UNSPECIFIED.);
#6329=FILL_AREA_STYLE_COLOUR('',#10562);
#6330=VERTEX_POINT('',#10563);
#6331=LINE('',#10564,#10565);
#6332=B_SPLINE_CURVE_WITH_KNOTS('',3,(#10566,#10567,#10568,#10569),.UNSPECIFIED.,.F.,.F.,(4,4),(0.00956482636918401,0.0102131997487801),.UNSPECIFIED.);
#6333=FILL_AREA_STYLE_COLOUR('',#10570);
#6334=VERTEX_POINT('',#10571);
#6335=VERTEX_POINT('',#10572);
#6336=LINE('',#10573,#10574);
#6337=CIRCLE('',#10575,1.524);
#6338=CIRCLE('',#10576,1.524);
#6339=FILL_AREA_STYLE_COLOUR('',#10577);
#6340=VERTEX_POINT('',#10578);
#6341=LINE('',#10579,#10580);
#6342=VERTEX_POINT('',#10581);
#6343=LINE('',#10582,#10583);
#6344=LINE('',#10584,#10585);
#6345=FILL_AREA_STYLE_COLOUR('',#10586);
#6346=VERTEX_POINT('',#10587);
#6347=LINE('',#10588,#10589);
#6348=LINE('',#10590,#10591);
#6349=FILL_AREA_STYLE_COLOUR('',#10592);
#6350=VERTEX_POINT('',#10593);
#6351=LINE('',#10594,#10595);
#6352=LINE('',#10596,#10597);
#6353=FILL_AREA_STYLE_COLOUR('',#10598);
#6354=LINE('',#10599,#10600);
#6355=FILL_AREA_STYLE_COLOUR('',#10601);
#6356=ORIENTED_EDGE('',*,*,#10602,.F.);
#6357=ORIENTED_EDGE('',*,*,#10603,.T.);
#6358=ORIENTED_EDGE('',*,*,#10604,.T.);
#6359=ORIENTED_EDGE('',*,*,#10605,.F.);
#6360=CARTESIAN_POINT('',(-12.6,-2.9,-6.6));
#6361=DIRECTION('',(-0.0,1.0,0.0));
#6362=DIRECTION('',(1.0,0.0,1.22464679914735E-16));
#6363=ORIENTED_EDGE('',*,*,#10606,.F.);
#6364=ORIENTED_EDGE('',*,*,#10607,.T.);
#6365=ORIENTED_EDGE('',*,*,#10608,.T.);
#6366=ORIENTED_EDGE('',*,*,#10609,.F.);
#6367=CARTESIAN_POINT('',(-12.305,-5.12445208744279,-6.6));
#6368=DIRECTION('',(0.0,-1.0,0.0));
#6369=DIRECTION('',(1.0,0.0,1.22464679914735E-16));
#6370=ORIENTED_EDGE('',*,*,#10610,.F.);
#6371=ORIENTED_EDGE('',*,*,#10611,.T.);
#6372=ORIENTED_EDGE('',*,*,#10612,.F.);
#6373=ORIENTED_EDGE('',*,*,#10607,.F.);
#6374=CARTESIAN_POINT('',(-12.305,-5.35,-6.6));
#6375=DIRECTION('',(-6.67498441982814E-17,1.0,-8.17449830410098E-33));
#6376=DIRECTION('',(1.0,6.67498441982814E-17,1.22464679914735E-16));
#6377=ORIENTED_EDGE('',*,*,#10613,.F.);
#6378=ORIENTED_EDGE('',*,*,#10614,.T.);
#6379=ORIENTED_EDGE('',*,*,#10615,.T.);
#6380=ORIENTED_EDGE('',*,*,#10611,.F.);
#6381=CARTESIAN_POINT('',(-12.305,-6.0,-6.6));
#6382=DIRECTION('',(-0.0,1.0,0.0));
#6383=DIRECTION('',(1.0,0.0,1.22464679914735E-16));
#6384=ORIENTED_EDGE('',*,*,#10616,.F.);
#6385=ORIENTED_EDGE('',*,*,#10617,.F.);
#6386=ORIENTED_EDGE('',*,*,#10618,.F.);
#6387=ORIENTED_EDGE('',*,*,#10619,.T.);
#6388=CARTESIAN_POINT('',(1.67562862542566E-15,-2.9,-6.6));
#6389=DIRECTION('',(-0.0,1.0,0.0));
#6390=DIRECTION('',(1.0,0.0,1.22464679914735E-16));
#6391=ORIENTED_EDGE('',*,*,#10620,.F.);
#6392=ORIENTED_EDGE('',*,*,#10621,.T.);
#6393=ORIENTED_EDGE('',*,*,#10622,.T.);
#6394=ORIENTED_EDGE('',*,*,#10623,.F.);
#6395=CARTESIAN_POINT('',(-0.294999999999999,-5.12445208744279,-6.6));
#6396=DIRECTION('',(0.0,-1.0,-0.0));
#6397=DIRECTION('',(-1.0,0.0,-1.22464679914735E-16));
#6398=ORIENTED_EDGE('',*,*,#10624,.F.);
#6399=ORIENTED_EDGE('',*,*,#10625,.T.);
#6400=ORIENTED_EDGE('',*,*,#10626,.T.);
#6401=ORIENTED_EDGE('',*,*,#10621,.F.);
#6402=CARTESIAN_POINT('',(-0.294999999999999,-5.35,-6.6));
#6403=DIRECTION('',(6.67498441982814E-17,1.0,8.17449830410098E-33));
#6404=DIRECTION('',(-1.0,6.67498441982814E-17,-1.22464679914735E-16));
#6405=ORIENTED_EDGE('',*,*,#10627,.F.);
#6406=ORIENTED_EDGE('',*,*,#10628,.F.);
#6407=ORIENTED_EDGE('',*,*,#10629,.T.);
#6408=ORIENTED_EDGE('',*,*,#10630,.T.);
#6409=CARTESIAN_POINT('',(-0.294999999999999,-6.0,-6.6));
#6410=DIRECTION('',(-0.0,1.0,0.0));
#6411=DIRECTION('',(1.0,0.0,1.22464679914735E-16));
#6412=ORIENTED_EDGE('',*,*,#10631,.F.);
#6413=ORIENTED_EDGE('',*,*,#10632,.T.);
#6414=ORIENTED_EDGE('',*,*,#10633,.T.);
#6415=ORIENTED_EDGE('',*,*,#10634,.F.);
#6416=CARTESIAN_POINT('',(2.7,5.5,-12.8));
#6417=DIRECTION('',(-1.22464679914735E-16,-0.0,1.0));
#6418=DIRECTION('',(1.0,0.0,1.22464679914735E-16));
#6419=ORIENTED_EDGE('',*,*,#10635,.F.);
#6420=ORIENTED_EDGE('',*,*,#10636,.T.);
#6421=ORIENTED_EDGE('',*,*,#10637,.T.);
#6422=ORIENTED_EDGE('',*,*,#10638,.F.);
#6423=CARTESIAN_POINT('',(2.7,-0.549999999999993,-12.8));
#6424=DIRECTION('',(-1.22464679914735E-16,-0.0,1.0));
#6425=DIRECTION('',(1.0,0.0,1.22464679914735E-16));
#6426=ORIENTED_EDGE('',*,*,#10639,.F.);
#6427=ORIENTED_EDGE('',*,*,#10640,.F.);
#6428=ORIENTED_EDGE('',*,*,#10641,.F.);
#6429=ORIENTED_EDGE('',*,*,#10642,.T.);
#6430=CARTESIAN_POINT('',(-12.6,-2.9,-6.6));
#6431=DIRECTION('',(-0.0,1.0,0.0));
#6432=DIRECTION('',(1.0,0.0,1.22464679914735E-16));
#6433=ORIENTED_EDGE('',*,*,#10643,.F.);
#6434=ORIENTED_EDGE('',*,*,#10644,.F.);
#6435=ORIENTED_EDGE('',*,*,#10645,.F.);
#6436=ORIENTED_EDGE('',*,*,#10646,.T.);
#6437=CARTESIAN_POINT('',(-12.895,-6.0,-6.6));
#6438=DIRECTION('',(-0.0,1.0,0.0));
#6439=DIRECTION('',(1.0,0.0,1.22464679914735E-16));
#6440=ORIENTED_EDGE('',*,*,#10647,.F.);
#6441=ORIENTED_EDGE('',*,*,#10648,.T.);
#6442=ORIENTED_EDGE('',*,*,#10649,.T.);
#6443=ORIENTED_EDGE('',*,*,#10650,.F.);
#6444=CARTESIAN_POINT('',(-12.895,-5.12445208744279,-6.6));
#6445=DIRECTION('',(0.0,-1.0,-0.0));
#6446=DIRECTION('',(-1.0,0.0,-1.22464679914735E-16));
#6447=ORIENTED_EDGE('',*,*,#10651,.F.);
#6448=ORIENTED_EDGE('',*,*,#10652,.T.);
#6449=ORIENTED_EDGE('',*,*,#10653,.F.);
#6450=ORIENTED_EDGE('',*,*,#10648,.F.);
#6451=CARTESIAN_POINT('',(-12.895,-5.35,-6.6));
#6452=DIRECTION('',(6.67498441982814E-17,1.0,8.17449830410098E-33));
#6453=DIRECTION('',(-1.0,6.67498441982814E-17,-1.22464679914735E-16));
#6454=ORIENTED_EDGE('',*,*,#10654,.F.);
#6455=ORIENTED_EDGE('',*,*,#10655,.T.);
#6456=ORIENTED_EDGE('',*,*,#10656,.F.);
#6457=ORIENTED_EDGE('',*,*,#10657,.F.);
#6458=CARTESIAN_POINT('',(0.295000000000001,-5.35,-6.6));
#6459=DIRECTION('',(-6.67498441982814E-17,1.0,-8.17449830410098E-33));
#6460=DIRECTION('',(1.0,6.67498441982814E-17,1.22464679914735E-16));
#6461=ORIENTED_EDGE('',*,*,#10658,.F.);
#6462=ORIENTED_EDGE('',*,*,#10659,.T.);
#6463=ORIENTED_EDGE('',*,*,#10660,.T.);
#6464=ORIENTED_EDGE('',*,*,#10655,.F.);
#6465=CARTESIAN_POINT('',(0.295000000000001,-6.0,-6.6));
#6466=DIRECTION('',(-0.0,1.0,0.0));
#6467=DIRECTION('',(1.0,0.0,1.22464679914735E-16));
#6468=ORIENTED_EDGE('',*,*,#10661,.F.);
#6469=ORIENTED_EDGE('',*,*,#10657,.T.);
#6470=ORIENTED_EDGE('',*,*,#10662,.T.);
#6471=ORIENTED_EDGE('',*,*,#10663,.F.);
#6472=CARTESIAN_POINT('',(0.295000000000001,-5.12445208744279,-6.6));
#6473=DIRECTION('',(0.0,-1.0,0.0));
#6474=DIRECTION('',(1.0,0.0,1.22464679914735E-16));
#6475=ORIENTED_EDGE('',*,*,#10664,.F.);
#6476=ORIENTED_EDGE('',*,*,#10665,.T.);
#6477=ORIENTED_EDGE('',*,*,#10666,.T.);
#6478=ORIENTED_EDGE('',*,*,#10667,.F.);
#6479=CARTESIAN_POINT('',(1.67562862542566E-15,-2.9,-6.6));
#6480=DIRECTION('',(-0.0,1.0,0.0));
#6481=DIRECTION('',(1.0,0.0,1.22464679914735E-16));
#6482=ORIENTED_EDGE('',*,*,#4421,.F.);
#6483=ORIENTED_EDGE('',*,*,#4434,.F.);
#6484=ORIENTED_EDGE('',*,*,#4441,.F.);
#6485=ORIENTED_EDGE('',*,*,#4425,.F.);
#6486=ORIENTED_EDGE('',*,*,#4331,.F.);
#6487=ORIENTED_EDGE('',*,*,#4344,.F.);
#6488=ORIENTED_EDGE('',*,*,#4351,.F.);
#6489=ORIENTED_EDGE('',*,*,#4335,.F.);
#6490=ORIENTED_EDGE('',*,*,#4241,.F.);
#6491=ORIENTED_EDGE('',*,*,#4254,.F.);
#6492=ORIENTED_EDGE('',*,*,#4261,.F.);
#6493=ORIENTED_EDGE('',*,*,#4245,.F.);
#6494=ORIENTED_EDGE('',*,*,#4151,.F.);
#6495=ORIENTED_EDGE('',*,*,#4164,.F.);
#6496=ORIENTED_EDGE('',*,*,#4171,.F.);
#6497=ORIENTED_EDGE('',*,*,#4155,.F.);
#6498=ORIENTED_EDGE('',*,*,#10668,.T.);
#6499=ORIENTED_EDGE('',*,*,#10669,.T.);
#6500=ORIENTED_EDGE('',*,*,#10670,.T.);
#6501=ORIENTED_EDGE('',*,*,#10671,.T.);
#6502=ORIENTED_EDGE('',*,*,#10672,.T.);
#6503=ORIENTED_EDGE('',*,*,#10673,.T.);
#6504=ORIENTED_EDGE('',*,*,#10674,.T.);
#6505=ORIENTED_EDGE('',*,*,#10675,.T.);
#6506=ORIENTED_EDGE('',*,*,#10676,.T.);
#6507=ORIENTED_EDGE('',*,*,#10677,.T.);
#6508=ORIENTED_EDGE('',*,*,#10678,.T.);
#6509=ORIENTED_EDGE('',*,*,#10679,.T.);
#6510=ORIENTED_EDGE('',*,*,#10680,.T.);
#6511=ORIENTED_EDGE('',*,*,#10681,.T.);
#6512=ORIENTED_EDGE('',*,*,#10682,.T.);
#6513=ORIENTED_EDGE('',*,*,#10683,.T.);
#6514=ORIENTED_EDGE('',*,*,#10684,.T.);
#6515=ORIENTED_EDGE('',*,*,#10685,.T.);
#6516=ORIENTED_EDGE('',*,*,#10686,.T.);
#6517=ORIENTED_EDGE('',*,*,#10687,.T.);
#6518=ORIENTED_EDGE('',*,*,#10688,.T.);
#6519=ORIENTED_EDGE('',*,*,#10689,.T.);
#6520=ORIENTED_EDGE('',*,*,#10690,.T.);
#6521=ORIENTED_EDGE('',*,*,#10691,.T.);
#6522=ORIENTED_EDGE('',*,*,#10692,.T.);
#6523=ORIENTED_EDGE('',*,*,#10693,.T.);
#6524=ORIENTED_EDGE('',*,*,#10694,.T.);
#6525=ORIENTED_EDGE('',*,*,#10695,.T.);
#6526=ORIENTED_EDGE('',*,*,#10696,.T.);
#6527=ORIENTED_EDGE('',*,*,#10697,.T.);
#6528=ORIENTED_EDGE('',*,*,#10698,.T.);
#6529=ORIENTED_EDGE('',*,*,#10699,.T.);
#6530=ORIENTED_EDGE('',*,*,#10700,.T.);
#6531=ORIENTED_EDGE('',*,*,#10701,.T.);
#6532=ORIENTED_EDGE('',*,*,#10702,.T.);
#6533=ORIENTED_EDGE('',*,*,#10703,.T.);
#6534=ORIENTED_EDGE('',*,*,#10704,.T.);
#6535=ORIENTED_EDGE('',*,*,#10705,.T.);
#6536=ORIENTED_EDGE('',*,*,#10706,.T.);
#6537=ORIENTED_EDGE('',*,*,#10707,.T.);
#6538=ORIENTED_EDGE('',*,*,#10708,.T.);
#6539=ORIENTED_EDGE('',*,*,#10709,.T.);
#6540=ORIENTED_EDGE('',*,*,#10710,.T.);
#6541=ORIENTED_EDGE('',*,*,#10711,.T.);
#6542=ORIENTED_EDGE('',*,*,#10712,.T.);
#6543=ORIENTED_EDGE('',*,*,#10713,.T.);
#6544=ORIENTED_EDGE('',*,*,#10714,.T.);
#6545=ORIENTED_EDGE('',*,*,#10715,.T.);
#6546=ORIENTED_EDGE('',*,*,#10716,.T.);
#6547=ORIENTED_EDGE('',*,*,#10717,.T.);
#6548=ORIENTED_EDGE('',*,*,#10718,.T.);
#6549=ORIENTED_EDGE('',*,*,#10719,.T.);
#6550=ORIENTED_EDGE('',*,*,#10720,.T.);
#6551=ORIENTED_EDGE('',*,*,#10721,.T.);
#6552=ORIENTED_EDGE('',*,*,#10722,.T.);
#6553=ORIENTED_EDGE('',*,*,#10723,.T.);
#6554=ORIENTED_EDGE('',*,*,#10724,.T.);
#6555=ORIENTED_EDGE('',*,*,#10725,.T.);
#6556=ORIENTED_EDGE('',*,*,#10726,.T.);
#6557=ORIENTED_EDGE('',*,*,#10727,.T.);
#6558=ORIENTED_EDGE('',*,*,#10728,.T.);
#6559=ORIENTED_EDGE('',*,*,#10729,.T.);
#6560=ORIENTED_EDGE('',*,*,#10730,.T.);
#6561=ORIENTED_EDGE('',*,*,#10731,.T.);
#6562=ORIENTED_EDGE('',*,*,#10732,.T.);
#6563=ORIENTED_EDGE('',*,*,#10733,.T.);
#6564=ORIENTED_EDGE('',*,*,#10734,.T.);
#6565=ORIENTED_EDGE('',*,*,#10735,.T.);
#6566=ORIENTED_EDGE('',*,*,#10736,.T.);
#6567=ORIENTED_EDGE('',*,*,#10737,.T.);
#6568=ORIENTED_EDGE('',*,*,#10738,.T.);
#6569=ORIENTED_EDGE('',*,*,#10739,.T.);
#6570=ORIENTED_EDGE('',*,*,#10740,.T.);
#6571=ORIENTED_EDGE('',*,*,#10741,.T.);
#6572=ORIENTED_EDGE('',*,*,#10742,.T.);
#6573=ORIENTED_EDGE('',*,*,#10743,.T.);
#6574=ORIENTED_EDGE('',*,*,#10744,.F.);
#6575=ORIENTED_EDGE('',*,*,#10745,.F.);
#6576=ORIENTED_EDGE('',*,*,#10746,.T.);
#6577=ORIENTED_EDGE('',*,*,#10747,.F.);
#6578=ORIENTED_EDGE('',*,*,#10748,.T.);
#6579=ORIENTED_EDGE('',*,*,#10634,.T.);
#6580=ORIENTED_EDGE('',*,*,#10749,.F.);
#6581=ORIENTED_EDGE('',*,*,#10750,.T.);
#6582=ORIENTED_EDGE('',*,*,#10638,.T.);
#6583=ORIENTED_EDGE('',*,*,#10751,.F.);
#6584=ORIENTED_EDGE('',*,*,#10752,.F.);
#6585=ORIENTED_EDGE('',*,*,#10753,.F.);
#6586=ORIENTED_EDGE('',*,*,#10754,.T.);
#6587=ORIENTED_EDGE('',*,*,#10755,.T.);
#6588=ORIENTED_EDGE('',*,*,#10756,.T.);
#6589=ORIENTED_EDGE('',*,*,#10757,.T.);
#6590=ORIENTED_EDGE('',*,*,#10758,.T.);
#6591=ORIENTED_EDGE('',*,*,#10759,.T.);
#6592=ORIENTED_EDGE('',*,*,#10760,.T.);
#6593=ORIENTED_EDGE('',*,*,#10761,.T.);
#6594=ORIENTED_EDGE('',*,*,#10762,.T.);
#6595=ORIENTED_EDGE('',*,*,#10763,.T.);
#6596=ORIENTED_EDGE('',*,*,#10764,.T.);
#6597=ORIENTED_EDGE('',*,*,#10765,.T.);
#6598=ORIENTED_EDGE('',*,*,#10766,.T.);
#6599=ORIENTED_EDGE('',*,*,#10767,.T.);
#6600=ORIENTED_EDGE('',*,*,#10768,.T.);
#6601=ORIENTED_EDGE('',*,*,#10769,.T.);
#6602=ORIENTED_EDGE('',*,*,#10770,.T.);
#6603=ORIENTED_EDGE('',*,*,#10771,.T.);
#6604=ORIENTED_EDGE('',*,*,#10772,.T.);
#6605=ORIENTED_EDGE('',*,*,#10773,.F.);
#6606=ORIENTED_EDGE('',*,*,#10774,.T.);
#6607=ORIENTED_EDGE('',*,*,#10775,.T.);
#6608=ORIENTED_EDGE('',*,*,#10776,.T.);
#6609=ORIENTED_EDGE('',*,*,#10777,.T.);
#6610=ORIENTED_EDGE('',*,*,#10778,.T.);
#6611=ORIENTED_EDGE('',*,*,#10779,.T.);
#6612=ORIENTED_EDGE('',*,*,#10780,.F.);
#6613=ORIENTED_EDGE('',*,*,#10781,.F.);
#6614=ORIENTED_EDGE('',*,*,#10782,.F.);
#6615=ORIENTED_EDGE('',*,*,#10783,.F.);
#6616=ORIENTED_EDGE('',*,*,#10784,.F.);
#6617=ORIENTED_EDGE('',*,*,#10785,.F.);
#6618=ORIENTED_EDGE('',*,*,#4117,.F.);
#6619=ORIENTED_EDGE('',*,*,#4142,.T.);
#6620=ORIENTED_EDGE('',*,*,#4110,.F.);
#6621=ORIENTED_EDGE('',*,*,#4145,.F.);
#6622=ORIENTED_EDGE('',*,*,#4207,.F.);
#6623=ORIENTED_EDGE('',*,*,#4232,.T.);
#6624=ORIENTED_EDGE('',*,*,#4200,.F.);
#6625=ORIENTED_EDGE('',*,*,#4235,.F.);
#6626=ORIENTED_EDGE('',*,*,#4297,.F.);
#6627=ORIENTED_EDGE('',*,*,#4322,.T.);
#6628=ORIENTED_EDGE('',*,*,#4290,.F.);
#6629=ORIENTED_EDGE('',*,*,#4325,.F.);
#6630=ORIENTED_EDGE('',*,*,#4387,.F.);
#6631=ORIENTED_EDGE('',*,*,#4412,.T.);
#6632=ORIENTED_EDGE('',*,*,#4380,.F.);
#6633=ORIENTED_EDGE('',*,*,#4415,.F.);
#6634=CARTESIAN_POINT('',(-0.995505895674238,2.98835285191158,-12.8));
#6635=DIRECTION('',(1.22464679914735E-16,0.0,-1.0));
#6636=DIRECTION('',(-1.0,0.0,-1.22464679914735E-16));
#6637=ORIENTED_EDGE('',*,*,#4722,.F.);
#6638=ORIENTED_EDGE('',*,*,#4726,.F.);
#6639=ORIENTED_EDGE('',*,*,#4731,.F.);
#6640=ORIENTED_EDGE('',*,*,#4728,.F.);
#6641=ORIENTED_EDGE('',*,*,#10786,.F.);
#6642=ORIENTED_EDGE('',*,*,#10787,.F.);
#6643=ORIENTED_EDGE('',*,*,#10788,.F.);
#6644=ORIENTED_EDGE('',*,*,#10789,.F.);
#6645=ORIENTED_EDGE('',*,*,#10790,.F.);
#6646=ORIENTED_EDGE('',*,*,#10791,.F.);
#6647=CARTESIAN_POINT('',(-11.45718,2.5,-9.1));
#6648=DIRECTION('',(-1.22464679914735E-16,0.0,1.0));
#6649=DIRECTION('',(0.0,-1.0,0.0));
#6650=ORIENTED_EDGE('',*,*,#10786,.T.);
#6651=ORIENTED_EDGE('',*,*,#10792,.T.);
#6652=ORIENTED_EDGE('',*,*,#10793,.T.);
#6653=ORIENTED_EDGE('',*,*,#10794,.T.);
#6654=CARTESIAN_POINT('',(-14.3978183661254,5.8,-9.34999048076605));
#6655=DIRECTION('',(0.999961923064171,0.0,0.00872653549837406));
#6656=DIRECTION('',(0.00872653549837406,0.0,-0.999961923064171));
#6657=ORIENTED_EDGE('',*,*,#10787,.T.);
#6658=ORIENTED_EDGE('',*,*,#10794,.F.);
#6659=ORIENTED_EDGE('',*,*,#10795,.F.);
#6660=ORIENTED_EDGE('',*,*,#10796,.F.);
#6661=CARTESIAN_POINT('',(-13.45,-2.0,-9.1));
#6662=DIRECTION('',(0.707079856727016,0.707079856727016,0.00872653549837402));
#6663=DIRECTION('',(0.0123407149756101,0.0,-0.99992385047757));
#6664=ORIENTED_EDGE('',*,*,#10797,.T.);
#6665=ORIENTED_EDGE('',*,*,#10798,.T.);
#6666=ORIENTED_EDGE('',*,*,#10788,.T.);
#6667=ORIENTED_EDGE('',*,*,#10796,.T.);
#6668=CARTESIAN_POINT('',(3.77683389991242,-2.05373254946974,-2.94285968825523));
#6669=DIRECTION('',(-1.06869237657294E-18,0.999961923064171,0.00872653549837393));
#6670=DIRECTION('',(1.0,0.0,1.22464679914735E-16));
#6671=ORIENTED_EDGE('',*,*,#10789,.T.);
#6672=ORIENTED_EDGE('',*,*,#10798,.F.);
#6673=ORIENTED_EDGE('',*,*,#10799,.F.);
#6674=ORIENTED_EDGE('',*,*,#10800,.F.);
#6675=CARTESIAN_POINT('',(-11.7515426481068,-1.99845735189322,-9.34999048076605));
#6676=DIRECTION('',(-0.707079856727016,0.707079856727016,0.00872653549837385));
#6677=DIRECTION('',(-1.22455354287845E-16,-0.01234071497561,0.99992385047757));
#6678=ORIENTED_EDGE('',*,*,#10801,.T.);
#6679=ORIENTED_EDGE('',*,*,#10802,.T.);
#6680=ORIENTED_EDGE('',*,*,#10790,.T.);
#6681=ORIENTED_EDGE('',*,*,#10800,.T.);
#6682=CARTESIAN_POINT('',(-10.8021816338746,-2.0,-9.34999048076605));
#6683=DIRECTION('',(-0.999961923064171,0.0,0.00872653549837381));
#6684=DIRECTION('',(0.0,-1.0,0.0));
#6685=ORIENTED_EDGE('',*,*,#10791,.T.);
#6686=ORIENTED_EDGE('',*,*,#10802,.F.);
#6687=ORIENTED_EDGE('',*,*,#10803,.T.);
#6688=ORIENTED_EDGE('',*,*,#10792,.F.);
#6689=CARTESIAN_POINT('',(6.0,1.59781836612541,-9.34999048076605));
#6690=DIRECTION('',(-1.06869237657294E-18,-0.999961923064171,0.00872653549837393));
#6691=DIRECTION('',(-1.22460016834977E-16,0.00872653549837393,0.999961923064171));
#6692=ORIENTED_EDGE('',*,*,#10804,.T.);
#6693=ORIENTED_EDGE('',*,*,#10805,.F.);
#6694=ORIENTED_EDGE('',*,*,#10803,.F.);
#6695=ORIENTED_EDGE('',*,*,#10806,.F.);
#6696=CARTESIAN_POINT('',(8.79607739671902E-16,1.77854184334607,-0.0999961923064206));
#6697=DIRECTION('',(8.69726247058319E-17,0.704014724455967,-0.710185375623287));
#6698=DIRECTION('',(-1.0,0.0,-1.22464679914735E-16));
#6699=ORIENTED_EDGE('',*,*,#10807,.T.);
#6700=ORIENTED_EDGE('',*,*,#10808,.F.);
#6701=ORIENTED_EDGE('',*,*,#10793,.F.);
#6702=ORIENTED_EDGE('',*,*,#10805,.T.);
#6703=CARTESIAN_POINT('',(-14.5785418433461,4.49825996761629,-0.0999961923064224));
#6704=DIRECTION('',(-0.704014724455966,-0.0,-0.710185375623288));
#6705=DIRECTION('',(0.0,-1.0,0.0));
#6706=ORIENTED_EDGE('',*,*,#10809,.F.);
#6707=ORIENTED_EDGE('',*,*,#10810,.T.);
#6708=ORIENTED_EDGE('',*,*,#10795,.T.);
#6709=ORIENTED_EDGE('',*,*,#10808,.T.);
#6710=CARTESIAN_POINT('',(-14.0512481481556,-1.65124814815556,-0.0999961923064223));
#6711=DIRECTION('',(0.497813585717997,0.497813585717997,0.710185375623281));
#6712=DIRECTION('',(0.818861330000286,0.0,-0.573991395606383));
#6713=ORIENTED_EDGE('',*,*,#10811,.T.);
#6714=ORIENTED_EDGE('',*,*,#10812,.T.);
#6715=ORIENTED_EDGE('',*,*,#10797,.F.);
#6716=ORIENTED_EDGE('',*,*,#10810,.F.);
#6717=CARTESIAN_POINT('',(1.49100707360375E-12,-2.17854184334607,-0.0999961923064206));
#6718=DIRECTION('',(8.69726247058318E-17,-0.704014724455968,-0.710185375623286));
#6719=DIRECTION('',(1.0,0.0,1.22464679914735E-16));
#6720=ORIENTED_EDGE('',*,*,#10813,.F.);
#6721=ORIENTED_EDGE('',*,*,#10814,.F.);
#6722=ORIENTED_EDGE('',*,*,#10799,.T.);
#6723=ORIENTED_EDGE('',*,*,#10812,.F.);
#6724=CARTESIAN_POINT('',(-11.1487518518444,-1.65124814815556,-0.099996192306422));
#6725=DIRECTION('',(-0.497813585717994,0.497813585717994,0.710185375623285));
#6726=DIRECTION('',(-9.8591098704316E-17,-0.818861330000289,0.573991395606378));
#6727=ORIENTED_EDGE('',*,*,#10815,.T.);
#6728=ORIENTED_EDGE('',*,*,#10806,.T.);
#6729=ORIENTED_EDGE('',*,*,#10801,.F.);
#6730=ORIENTED_EDGE('',*,*,#10814,.T.);
#6731=CARTESIAN_POINT('',(-10.6214581566539,0.298259967616287,-0.0999961923064219));
#6732=DIRECTION('',(0.704014724455965,0.0,-0.710185375623289));
#6733=DIRECTION('',(0.0,1.0,0.0));
#6734=ORIENTED_EDGE('',*,*,#10816,.T.);
#6735=ORIENTED_EDGE('',*,*,#10817,.T.);
#6736=ORIENTED_EDGE('',*,*,#10818,.T.);
#6737=ORIENTED_EDGE('',*,*,#10819,.T.);
#6738=CARTESIAN_POINT('',(-2.4021816338746,-2.0,-9.34999048076605));
#6739=DIRECTION('',(-0.999961923064171,0.0,0.00872653549837381));
#6740=DIRECTION('',(0.0,-1.0,0.0));
#6741=ORIENTED_EDGE('',*,*,#10820,.T.);
#6742=ORIENTED_EDGE('',*,*,#10817,.F.);
#6743=ORIENTED_EDGE('',*,*,#10821,.T.);
#6744=ORIENTED_EDGE('',*,*,#10822,.F.);
#6745=CARTESIAN_POINT('',(-2.4,5.79781836612541,-9.34999048076605));
#6746=DIRECTION('',(-1.06869237657294E-18,-0.999961923064171,0.00872653549837393));
#6747=DIRECTION('',(-1.22460016834977E-16,0.00872653549837393,0.999961923064171));
#6748=ORIENTED_EDGE('',*,*,#10823,.T.);
#6749=ORIENTED_EDGE('',*,*,#10822,.T.);
#6750=ORIENTED_EDGE('',*,*,#10824,.T.);
#6751=ORIENTED_EDGE('',*,*,#10825,.T.);
#6752=CARTESIAN_POINT('',(-5.9978183661254,1.6,-9.34999048076605));
#6753=DIRECTION('',(0.999961923064171,0.0,0.00872653549837406));
#6754=DIRECTION('',(0.00872653549837406,0.0,-0.999961923064171));
#6755=ORIENTED_EDGE('',*,*,#10826,.T.);
#6756=ORIENTED_EDGE('',*,*,#10825,.F.);
#6757=ORIENTED_EDGE('',*,*,#10827,.F.);
#6758=ORIENTED_EDGE('',*,*,#10828,.F.);
#6759=CARTESIAN_POINT('',(-5.05,2.2,-9.1));
#6760=DIRECTION('',(0.707079856727016,0.707079856727016,0.00872653549837402));
#6761=DIRECTION('',(0.0123407149756101,0.0,-0.99992385047757));
#6762=ORIENTED_EDGE('',*,*,#10829,.T.);
#6763=ORIENTED_EDGE('',*,*,#10830,.T.);
#6764=ORIENTED_EDGE('',*,*,#10831,.T.);
#6765=ORIENTED_EDGE('',*,*,#10828,.T.);
#6766=CARTESIAN_POINT('',(-4.62316610008763,2.14626745053024,-2.94285968825523));
#6767=DIRECTION('',(-1.06869237657294E-18,0.999961923064171,0.00872653549837393));
#6768=DIRECTION('',(1.0,0.0,1.22464679914735E-16));
#6769=ORIENTED_EDGE('',*,*,#10832,.T.);
#6770=ORIENTED_EDGE('',*,*,#10830,.F.);
#6771=ORIENTED_EDGE('',*,*,#10833,.F.);
#6772=ORIENTED_EDGE('',*,*,#10819,.F.);
#6773=CARTESIAN_POINT('',(-7.5515426481068,-1.99845735189322,-9.34999048076605));
#6774=DIRECTION('',(-0.707079856727016,0.707079856727016,0.00872653549837385));
#6775=DIRECTION('',(-1.22455354287845E-16,-0.01234071497561,0.99992385047757));
#6776=ORIENTED_EDGE('',*,*,#10834,.F.);
#6777=ORIENTED_EDGE('',*,*,#10835,.F.);
#6778=ORIENTED_EDGE('',*,*,#10833,.T.);
#6779=ORIENTED_EDGE('',*,*,#10836,.F.);
#6780=CARTESIAN_POINT('',(-6.9487518518445,-1.65124814815555,-0.0999961923064214));
#6781=DIRECTION('',(-0.497813585717994,0.497813585717994,0.710185375623285));
#6782=DIRECTION('',(-9.8591098704316E-17,-0.818861330000289,0.573991395606378));
#6783=ORIENTED_EDGE('',*,*,#10837,.T.);
#6784=ORIENTED_EDGE('',*,*,#10838,.F.);
#6785=ORIENTED_EDGE('',*,*,#10824,.F.);
#6786=ORIENTED_EDGE('',*,*,#10839,.T.);
#6787=CARTESIAN_POINT('',(-6.1785418433461,0.298259967616287,-0.0999961923064214));
#6788=DIRECTION('',(-0.704014724455966,-0.0,-0.710185375623288));
#6789=DIRECTION('',(0.0,-1.0,0.0));
#6790=ORIENTED_EDGE('',*,*,#10840,.F.);
#6791=ORIENTED_EDGE('',*,*,#10841,.T.);
#6792=ORIENTED_EDGE('',*,*,#10839,.F.);
#6793=ORIENTED_EDGE('',*,*,#10821,.F.);
#6794=CARTESIAN_POINT('',(-8.4,5.97854184334607,-0.0999961923064216));
#6795=DIRECTION('',(8.69726247058319E-17,0.704014724455967,-0.710185375623287));
#6796=DIRECTION('',(-1.0,0.0,-1.22464679914735E-16));
#6797=ORIENTED_EDGE('',*,*,#10842,.T.);
#6798=ORIENTED_EDGE('',*,*,#10840,.T.);
#6799=ORIENTED_EDGE('',*,*,#10816,.F.);
#6800=ORIENTED_EDGE('',*,*,#10835,.T.);
#6801=CARTESIAN_POINT('',(-2.22145815665393,0.298259967616287,-0.0999961923064209));
#6802=DIRECTION('',(0.704014724455965,0.0,-0.710185375623289));
#6803=DIRECTION('',(0.0,1.0,0.0));
#6804=ORIENTED_EDGE('',*,*,#10843,.F.);
#6805=ORIENTED_EDGE('',*,*,#10844,.T.);
#6806=ORIENTED_EDGE('',*,*,#10827,.T.);
#6807=ORIENTED_EDGE('',*,*,#10838,.T.);
#6808=CARTESIAN_POINT('',(-5.6512481481556,2.54875185184445,-0.0999961923064213));
#6809=DIRECTION('',(0.497813585717997,0.497813585717997,0.710185375623281));
#6810=DIRECTION('',(0.818861330000286,0.0,-0.573991395606383));
#6811=ORIENTED_EDGE('',*,*,#10845,.T.);
#6812=ORIENTED_EDGE('',*,*,#10836,.T.);
#6813=ORIENTED_EDGE('',*,*,#10829,.F.);
#6814=ORIENTED_EDGE('',*,*,#10844,.F.);
#6815=CARTESIAN_POINT('',(-8.3999999999985,2.02145815665394,-0.0999961923064216));
#6816=DIRECTION('',(-8.69726247058316E-17,0.704014724455969,0.710185375623285));
#6817=DIRECTION('',(1.0,0.0,1.22464679914735E-16));
#6818=ORIENTED_EDGE('',*,*,#10846,.T.);
#6819=ORIENTED_EDGE('',*,*,#10746,.F.);
#6820=ORIENTED_EDGE('',*,*,#10847,.F.);
#6821=ORIENTED_EDGE('',*,*,#10848,.T.);
#6822=CARTESIAN_POINT('',(2.3,6.3,2.81668763803891E-16));
#6823=DIRECTION('',(-1.22464679914735E-16,-0.0,1.0));
#6824=DIRECTION('',(1.0,0.0,1.22464679914735E-16));
#6825=ORIENTED_EDGE('',*,*,#10849,.F.);
#6826=ORIENTED_EDGE('',*,*,#10850,.F.);
#6827=ORIENTED_EDGE('',*,*,#10756,.F.);
#6828=ORIENTED_EDGE('',*,*,#10851,.T.);
#6829=CARTESIAN_POINT('',(0.700000000001491,4.87412800783718,-10.6926562303093));
#6830=DIRECTION('',(1.0,0.0,1.22464679914735E-16));
#6831=DIRECTION('',(1.22464679914735E-16,0.0,-1.0));
#6832=ORIENTED_EDGE('',*,*,#10776,.F.);
#6833=ORIENTED_EDGE('',*,*,#10852,.T.);
#6834=ORIENTED_EDGE('',*,*,#10853,.F.);
#6835=ORIENTED_EDGE('',*,*,#10854,.F.);
#6836=CARTESIAN_POINT('',(-14.3,3.55,-12.8));
#6837=DIRECTION('',(1.0,0.0,1.22464679914735E-16));
#6838=DIRECTION('',(1.22464679914735E-16,0.0,-1.0));
#6839=ORIENTED_EDGE('',*,*,#10775,.F.);
#6840=ORIENTED_EDGE('',*,*,#10855,.F.);
#6841=ORIENTED_EDGE('',*,*,#10856,.T.);
#6842=ORIENTED_EDGE('',*,*,#10852,.F.);
#6843=CARTESIAN_POINT('',(-1.3,-0.65,-12.8));
#6844=DIRECTION('',(-0.0,-1.0,0.0));
#6845=DIRECTION('',(-1.22464679914735E-16,0.0,1.0));
#6846=ORIENTED_EDGE('',*,*,#10857,.T.);
#6847=ORIENTED_EDGE('',*,*,#10858,.F.);
#6848=ORIENTED_EDGE('',*,*,#10859,.F.);
#6849=ORIENTED_EDGE('',*,*,#10784,.T.);
#6850=CARTESIAN_POINT('',(-14.9,6.3,-1.82472373072956E-15));
#6851=DIRECTION('',(1.22464679914735E-16,0.0,-1.0));
#6852=DIRECTION('',(-1.0,0.0,-1.22464679914735E-16));
#6853=ORIENTED_EDGE('',*,*,#10860,.T.);
#6854=ORIENTED_EDGE('',*,*,#10861,.T.);
#6855=ORIENTED_EDGE('',*,*,#10862,.F.);
#6856=ORIENTED_EDGE('',*,*,#10863,.F.);
#6857=CARTESIAN_POINT('',(-9.0999999999985,-1.3,-12.8));
#6858=DIRECTION('',(1.0,0.0,1.22464679914735E-16));
#6859=DIRECTION('',(1.22464679914735E-16,0.0,-1.0));
#6860=ORIENTED_EDGE('',*,*,#10864,.T.);
#6861=ORIENTED_EDGE('',*,*,#10863,.T.);
#6862=ORIENTED_EDGE('',*,*,#10865,.T.);
#6863=ORIENTED_EDGE('',*,*,#10866,.F.);
#6864=CARTESIAN_POINT('',(-0.995505895674238,2.98835285191158,-12.8));
#6865=DIRECTION('',(1.22464679914735E-16,0.0,-1.0));
#6866=DIRECTION('',(-1.0,0.0,-1.22464679914735E-16));
#6867=ORIENTED_EDGE('',*,*,#10867,.F.);
#6868=ORIENTED_EDGE('',*,*,#10868,.F.);
#6869=ORIENTED_EDGE('',*,*,#10869,.F.);
#6870=ORIENTED_EDGE('',*,*,#10870,.T.);
#6871=ORIENTED_EDGE('',*,*,#10871,.F.);
#6872=ORIENTED_EDGE('',*,*,#10872,.F.);
#6873=CARTESIAN_POINT('',(-24.2811723330884,-2.19974190238362,-10.3));
#6874=DIRECTION('',(1.22464679914735E-16,0.0,-1.0));
#6875=DIRECTION('',(-1.0,0.0,-1.22464679914735E-16));
#6876=ORIENTED_EDGE('',*,*,#10867,.T.);
#6877=ORIENTED_EDGE('',*,*,#10873,.F.);
#6878=ORIENTED_EDGE('',*,*,#10874,.T.);
#6879=ORIENTED_EDGE('',*,*,#10860,.F.);
#6880=ORIENTED_EDGE('',*,*,#10864,.F.);
#6881=ORIENTED_EDGE('',*,*,#10875,.T.);
#6882=ORIENTED_EDGE('',*,*,#10876,.T.);
#6883=ORIENTED_EDGE('',*,*,#10877,.T.);
#6884=CARTESIAN_POINT('',(-3.69999999999851,-2.1,-12.8));
#6885=DIRECTION('',(0.0,1.0,0.0));
#6886=DIRECTION('',(-1.0,0.0,-1.22464679914735E-16));
#6887=ORIENTED_EDGE('',*,*,#10878,.F.);
#6888=ORIENTED_EDGE('',*,*,#10879,.F.);
#6889=ORIENTED_EDGE('',*,*,#10659,.F.);
#6890=ORIENTED_EDGE('',*,*,#10880,.F.);
#6891=ORIENTED_EDGE('',*,*,#10881,.F.);
#6892=CARTESIAN_POINT('',(1.28888191260407,-6.2,-6.19098609154409));
#6893=DIRECTION('',(-0.0,-1.0,0.0));
#6894=DIRECTION('',(-1.22464679914735E-16,0.0,1.0));
#6895=ORIENTED_EDGE('',*,*,#10882,.F.);
#6896=ORIENTED_EDGE('',*,*,#10883,.T.);
#6897=ORIENTED_EDGE('',*,*,#10881,.T.);
#6898=ORIENTED_EDGE('',*,*,#10884,.F.);
#6899=CARTESIAN_POINT('',(-32.4710939999985,-6.0,-6.2992898175886));
#6900=DIRECTION('',(-1.0,-0.0,-1.22464679914735E-16));
#6901=DIRECTION('',(0.0,-1.0,0.0));
#6902=ORIENTED_EDGE('',*,*,#10885,.T.);
#6903=ORIENTED_EDGE('',*,*,#10886,.T.);
#6904=ORIENTED_EDGE('',*,*,#10662,.F.);
#6905=ORIENTED_EDGE('',*,*,#10887,.F.);
#6906=ORIENTED_EDGE('',*,*,#10888,.F.);
#6907=ORIENTED_EDGE('',*,*,#10889,.T.);
#6908=CARTESIAN_POINT('',(-0.584999999999999,-2.9,-7.6));
#6909=DIRECTION('',(1.22464679914735E-16,0.0,-1.0));
#6910=DIRECTION('',(-1.0,0.0,-1.22464679914735E-16));
#6911=ORIENTED_EDGE('',*,*,#10890,.T.);
#6912=ORIENTED_EDGE('',*,*,#10891,.T.);
#6913=ORIENTED_EDGE('',*,*,#10892,.F.);
#6914=ORIENTED_EDGE('',*,*,#10887,.T.);
#6915=ORIENTED_EDGE('',*,*,#10656,.T.);
#6916=CARTESIAN_POINT('',(1.46650093760625,-5.35,-7.6));
#6917=DIRECTION('',(1.00317192905352E-16,-0.573576436351046,-0.819152044288992));
#6918=DIRECTION('',(1.0,-7.23955242869325E-33,1.22464679914735E-16));
#6919=ORIENTED_EDGE('',*,*,#10893,.F.);
#6920=ORIENTED_EDGE('',*,*,#10894,.F.);
#6921=ORIENTED_EDGE('',*,*,#10895,.F.);
#6922=ORIENTED_EDGE('',*,*,#10896,.F.);
#6923=ORIENTED_EDGE('',*,*,#10897,.F.);
#6924=ORIENTED_EDGE('',*,*,#10888,.T.);
#6925=ORIENTED_EDGE('',*,*,#10892,.T.);
#6926=ORIENTED_EDGE('',*,*,#10898,.T.);
#6927=ORIENTED_EDGE('',*,*,#10899,.T.);
#6928=ORIENTED_EDGE('',*,*,#10900,.T.);
#6929=CARTESIAN_POINT('',(0.585000000000001,-2.9,-7.6));
#6930=DIRECTION('',(-1.0,0.0,-1.22464679914735E-16));
#6931=DIRECTION('',(0.0,1.0,0.0));
#6932=ORIENTED_EDGE('',*,*,#10901,.T.);
#6933=ORIENTED_EDGE('',*,*,#10900,.F.);
#6934=ORIENTED_EDGE('',*,*,#10902,.F.);
#6935=ORIENTED_EDGE('',*,*,#10903,.T.);
#6936=ORIENTED_EDGE('',*,*,#10904,.T.);
#6937=ORIENTED_EDGE('',*,*,#10666,.F.);
#6938=CARTESIAN_POINT('',(-1.08426242211007,-4.8,-5.6));
#6939=DIRECTION('',(-1.22464679914735E-16,0.0,1.0));
#6940=DIRECTION('',(0.0,-1.0,0.0));
#6941=ORIENTED_EDGE('',*,*,#10665,.F.);
#6942=ORIENTED_EDGE('',*,*,#10905,.T.);
#6943=ORIENTED_EDGE('',*,*,#10906,.T.);
#6944=ORIENTED_EDGE('',*,*,#10893,.T.);
#6945=ORIENTED_EDGE('',*,*,#10901,.F.);
#6946=CARTESIAN_POINT('',(-15.395545,-3.3,-14.0800024));
#6947=DIRECTION('',(0.0,1.0,0.0));
#6948=DIRECTION('',(-1.0,0.0,-1.22464679914735E-16));
#6949=ORIENTED_EDGE('',*,*,#10906,.F.);
#6950=ORIENTED_EDGE('',*,*,#10907,.F.);
#6951=ORIENTED_EDGE('',*,*,#10908,.F.);
#6952=ORIENTED_EDGE('',*,*,#10894,.T.);
#6953=CARTESIAN_POINT('',(-0.0220385551867092,-2.6477234781793,-2.0));
#6954=DIRECTION('',(1.22464679914735E-16,0.0,-1.0));
#6955=DIRECTION('',(-1.0,0.0,-1.22464679914735E-16));
#6956=ORIENTED_EDGE('',*,*,#10909,.T.);
#6957=ORIENTED_EDGE('',*,*,#10754,.F.);
#6958=ORIENTED_EDGE('',*,*,#10910,.T.);
#6959=ORIENTED_EDGE('',*,*,#10907,.T.);
#6960=ORIENTED_EDGE('',*,*,#10905,.F.);
#6961=CARTESIAN_POINT('',(1.475,-3.1,-4.88197183584864));
#6962=DIRECTION('',(-1.0,0.0,-1.22464679914735E-16));
#6963=DIRECTION('',(0.0,1.0,0.0));
#6964=ORIENTED_EDGE('',*,*,#10759,.F.);
#6965=ORIENTED_EDGE('',*,*,#10911,.T.);
#6966=ORIENTED_EDGE('',*,*,#10912,.F.);
#6967=ORIENTED_EDGE('',*,*,#10913,.T.);
#6968=CARTESIAN_POINT('',(-1.3,-0.65,-12.8));
#6969=DIRECTION('',(-0.0,-1.0,0.0));
#6970=DIRECTION('',(-1.22464679914735E-16,0.0,1.0));
#6971=ORIENTED_EDGE('',*,*,#10758,.F.);
#6972=ORIENTED_EDGE('',*,*,#10914,.T.);
#6973=ORIENTED_EDGE('',*,*,#10915,.T.);
#6974=ORIENTED_EDGE('',*,*,#10911,.F.);
#6975=CARTESIAN_POINT('',(1.7,0.65,-12.8));
#6976=DIRECTION('',(-1.0,0.0,-1.22464679914735E-16));
#6977=DIRECTION('',(0.0,1.0,0.0));
#6978=ORIENTED_EDGE('',*,*,#10916,.T.);
#6979=ORIENTED_EDGE('',*,*,#10917,.F.);
#6980=ORIENTED_EDGE('',*,*,#10918,.T.);
#6981=ORIENTED_EDGE('',*,*,#10919,.F.);
#6982=CARTESIAN_POINT('',(0.500000000001493,2.9,-12.8));
#6983=DIRECTION('',(1.0,0.0,1.22464679914735E-16));
#6984=DIRECTION('',(1.22464679914735E-16,0.0,-1.0));
#6985=ORIENTED_EDGE('',*,*,#10850,.T.);
#6986=ORIENTED_EDGE('',*,*,#10920,.T.);
#6987=ORIENTED_EDGE('',*,*,#10919,.T.);
#6988=ORIENTED_EDGE('',*,*,#10921,.F.);
#6989=ORIENTED_EDGE('',*,*,#10914,.F.);
#6990=ORIENTED_EDGE('',*,*,#10757,.F.);
#6991=CARTESIAN_POINT('',(-3.69999999999851,-2.1,-12.8));
#6992=DIRECTION('',(0.0,1.0,0.0));
#6993=DIRECTION('',(-1.0,0.0,-1.22464679914735E-16));
#6994=ORIENTED_EDGE('',*,*,#10922,.T.);
#6995=ORIENTED_EDGE('',*,*,#10923,.T.);
#6996=ORIENTED_EDGE('',*,*,#10924,.T.);
#6997=ORIENTED_EDGE('',*,*,#10925,.F.);
#6998=CARTESIAN_POINT('',(-0.699999999998507,-1.3,-12.8));
#6999=DIRECTION('',(1.0,0.0,1.22464679914735E-16));
#7000=DIRECTION('',(1.22464679914735E-16,0.0,-1.0));
#7001=ORIENTED_EDGE('',*,*,#10926,.T.);
#7002=ORIENTED_EDGE('',*,*,#10927,.T.);
#7003=ORIENTED_EDGE('',*,*,#10928,.T.);
#7004=ORIENTED_EDGE('',*,*,#10929,.F.);
#7005=CARTESIAN_POINT('',(-4.8999999999985,-1.3,-12.8));
#7006=DIRECTION('',(1.0,0.0,1.22464679914735E-16));
#7007=DIRECTION('',(1.22464679914735E-16,0.0,-1.0));
#7008=ORIENTED_EDGE('',*,*,#10930,.T.);
#7009=ORIENTED_EDGE('',*,*,#10931,.F.);
#7010=ORIENTED_EDGE('',*,*,#10932,.T.);
#7011=ORIENTED_EDGE('',*,*,#10933,.F.);
#7012=CARTESIAN_POINT('',(-7.8999999999985,2.9,-12.8));
#7013=DIRECTION('',(1.0,0.0,1.22464679914735E-16));
#7014=DIRECTION('',(1.22464679914735E-16,0.0,-1.0));
#7015=ORIENTED_EDGE('',*,*,#10934,.T.);
#7016=ORIENTED_EDGE('',*,*,#10926,.F.);
#7017=ORIENTED_EDGE('',*,*,#10935,.F.);
#7018=ORIENTED_EDGE('',*,*,#10936,.T.);
#7019=ORIENTED_EDGE('',*,*,#10937,.T.);
#7020=ORIENTED_EDGE('',*,*,#10933,.T.);
#7021=ORIENTED_EDGE('',*,*,#10938,.T.);
#7022=ORIENTED_EDGE('',*,*,#10939,.F.);
#7023=CARTESIAN_POINT('',(-3.69999999999851,-2.1,-12.8));
#7024=DIRECTION('',(0.0,1.0,0.0));
#7025=DIRECTION('',(-1.0,0.0,-1.22464679914735E-16));
#7026=ORIENTED_EDGE('',*,*,#10935,.T.);
#7027=ORIENTED_EDGE('',*,*,#10929,.T.);
#7028=ORIENTED_EDGE('',*,*,#10940,.T.);
#7029=ORIENTED_EDGE('',*,*,#10941,.F.);
#7030=CARTESIAN_POINT('',(-0.995505895674238,2.98835285191158,-12.8));
#7031=DIRECTION('',(1.22464679914735E-16,0.0,-1.0));
#7032=DIRECTION('',(-1.0,0.0,-1.22464679914735E-16));
#7033=ORIENTED_EDGE('',*,*,#10765,.F.);
#7034=ORIENTED_EDGE('',*,*,#10942,.F.);
#7035=ORIENTED_EDGE('',*,*,#10943,.F.);
#7036=ORIENTED_EDGE('',*,*,#10944,.T.);
#7037=ORIENTED_EDGE('',*,*,#10945,.F.);
#7038=ORIENTED_EDGE('',*,*,#10927,.F.);
#7039=ORIENTED_EDGE('',*,*,#10934,.F.);
#7040=ORIENTED_EDGE('',*,*,#10946,.F.);
#7041=CARTESIAN_POINT('',(0.570000000001492,-1.3,-12.8));
#7042=DIRECTION('',(-1.18291797137867E-16,0.258819045102521,0.965925826289068));
#7043=DIRECTION('',(1.0,0.0,1.22464679914735E-16));
#7044=ORIENTED_EDGE('',*,*,#10942,.T.);
#7045=ORIENTED_EDGE('',*,*,#10947,.F.);
#7046=ORIENTED_EDGE('',*,*,#10948,.T.);
#7047=ORIENTED_EDGE('',*,*,#10949,.F.);
#7048=CARTESIAN_POINT('',(-3.69999999999851,2.9,-12.8));
#7049=DIRECTION('',(1.0,0.0,1.22464679914735E-16));
#7050=DIRECTION('',(1.22464679914735E-16,0.0,-1.0));
#7051=ORIENTED_EDGE('',*,*,#10944,.F.);
#7052=ORIENTED_EDGE('',*,*,#10950,.F.);
#7053=ORIENTED_EDGE('',*,*,#10951,.T.);
#7054=ORIENTED_EDGE('',*,*,#10952,.F.);
#7055=CARTESIAN_POINT('',(-3.49999999999851,4.87412800783718,-10.6926562303093));
#7056=DIRECTION('',(1.0,0.0,1.22464679914735E-16));
#7057=DIRECTION('',(1.22464679914735E-16,0.0,-1.0));
#7058=ORIENTED_EDGE('',*,*,#10953,.T.);
#7059=ORIENTED_EDGE('',*,*,#10925,.T.);
#7060=ORIENTED_EDGE('',*,*,#10954,.T.);
#7061=ORIENTED_EDGE('',*,*,#10951,.F.);
#7062=CARTESIAN_POINT('',(-0.995505895674238,2.98835285191158,-12.8));
#7063=DIRECTION('',(1.22464679914735E-16,0.0,-1.0));
#7064=DIRECTION('',(-1.0,0.0,-1.22464679914735E-16));
#7065=ORIENTED_EDGE('',*,*,#10955,.T.);
#7066=ORIENTED_EDGE('',*,*,#10922,.F.);
#7067=ORIENTED_EDGE('',*,*,#10953,.F.);
#7068=ORIENTED_EDGE('',*,*,#10950,.T.);
#7069=ORIENTED_EDGE('',*,*,#10943,.T.);
#7070=ORIENTED_EDGE('',*,*,#10949,.T.);
#7071=ORIENTED_EDGE('',*,*,#10956,.T.);
#7072=ORIENTED_EDGE('',*,*,#10957,.F.);
#7073=CARTESIAN_POINT('',(-3.69999999999851,-2.1,-12.8));
#7074=DIRECTION('',(0.0,1.0,0.0));
#7075=DIRECTION('',(-1.0,0.0,-1.22464679914735E-16));
#7076=ORIENTED_EDGE('',*,*,#10958,.T.);
#7077=ORIENTED_EDGE('',*,*,#10957,.T.);
#7078=ORIENTED_EDGE('',*,*,#10959,.F.);
#7079=ORIENTED_EDGE('',*,*,#10960,.T.);
#7080=CARTESIAN_POINT('',(-0.499999999998507,1.3,-12.8));
#7081=DIRECTION('',(-1.0,0.0,-1.22464679914735E-16));
#7082=DIRECTION('',(0.0,1.0,0.0));
#7083=ORIENTED_EDGE('',*,*,#10961,.F.);
#7084=ORIENTED_EDGE('',*,*,#10923,.F.);
#7085=ORIENTED_EDGE('',*,*,#10955,.F.);
#7086=ORIENTED_EDGE('',*,*,#10958,.F.);
#7087=ORIENTED_EDGE('',*,*,#10761,.F.);
#7088=ORIENTED_EDGE('',*,*,#10916,.F.);
#7089=ORIENTED_EDGE('',*,*,#10920,.F.);
#7090=ORIENTED_EDGE('',*,*,#10849,.T.);
#7091=ORIENTED_EDGE('',*,*,#10962,.F.);
#7092=ORIENTED_EDGE('',*,*,#10896,.T.);
#7093=CARTESIAN_POINT('',(0.570000000001492,-1.3,-12.8));
#7094=DIRECTION('',(-1.18291797137867E-16,0.258819045102521,0.965925826289068));
#7095=DIRECTION('',(1.0,0.0,1.22464679914735E-16));
#7096=ORIENTED_EDGE('',*,*,#10889,.F.);
#7097=ORIENTED_EDGE('',*,*,#10897,.T.);
#7098=ORIENTED_EDGE('',*,*,#10962,.T.);
#7099=ORIENTED_EDGE('',*,*,#10851,.F.);
#7100=ORIENTED_EDGE('',*,*,#10755,.F.);
#7101=ORIENTED_EDGE('',*,*,#10909,.F.);
#7102=ORIENTED_EDGE('',*,*,#10963,.F.);
#7103=CARTESIAN_POINT('',(-15.395545,-3.3,-14.0800024));
#7104=DIRECTION('',(0.0,1.0,0.0));
#7105=DIRECTION('',(-1.0,0.0,-1.22464679914735E-16));
#7106=ORIENTED_EDGE('',*,*,#10664,.T.);
#7107=ORIENTED_EDGE('',*,*,#10964,.F.);
#7108=ORIENTED_EDGE('',*,*,#10885,.F.);
#7109=ORIENTED_EDGE('',*,*,#10963,.T.);
#7110=CARTESIAN_POINT('',(1.67562862542566E-15,-2.9,-6.6));
#7111=DIRECTION('',(-0.0,1.0,0.0));
#7112=DIRECTION('',(1.0,0.0,1.22464679914735E-16));
#7113=ORIENTED_EDGE('',*,*,#10965,.T.);
#7114=ORIENTED_EDGE('',*,*,#10663,.T.);
#7115=ORIENTED_EDGE('',*,*,#10886,.F.);
#7116=ORIENTED_EDGE('',*,*,#10964,.T.);
#7117=ORIENTED_EDGE('',*,*,#10667,.T.);
#7118=ORIENTED_EDGE('',*,*,#10904,.F.);
#7119=CARTESIAN_POINT('',(0.797794679347202,-5.1,-6.57633311127867));
#7120=DIRECTION('',(-0.0,-1.0,0.0));
#7121=DIRECTION('',(-1.22464679914735E-16,0.0,1.0));
#7122=ORIENTED_EDGE('',*,*,#10661,.T.);
#7123=ORIENTED_EDGE('',*,*,#10965,.F.);
#7124=ORIENTED_EDGE('',*,*,#10903,.F.);
#7125=ORIENTED_EDGE('',*,*,#10966,.T.);
#7126=CARTESIAN_POINT('',(0.295000000000001,-5.12445208744279,-6.6));
#7127=DIRECTION('',(0.0,-1.0,0.0));
#7128=DIRECTION('',(1.0,0.0,1.22464679914735E-16));
#7129=ORIENTED_EDGE('',*,*,#10878,.T.);
#7130=ORIENTED_EDGE('',*,*,#10883,.F.);
#7131=ORIENTED_EDGE('',*,*,#10967,.F.);
#7132=ORIENTED_EDGE('',*,*,#10898,.F.);
#7133=ORIENTED_EDGE('',*,*,#10891,.F.);
#7134=ORIENTED_EDGE('',*,*,#10968,.T.);
#7135=CARTESIAN_POINT('',(0.785,-6.0,9.61347737330672E-17));
#7136=DIRECTION('',(1.22464679914735E-16,0.0,-1.0));
#7137=DIRECTION('',(-1.0,0.0,-1.22464679914735E-16));
#7138=ORIENTED_EDGE('',*,*,#10879,.T.);
#7139=ORIENTED_EDGE('',*,*,#10968,.F.);
#7140=ORIENTED_EDGE('',*,*,#10890,.F.);
#7141=ORIENTED_EDGE('',*,*,#10660,.F.);
#7142=CARTESIAN_POINT('',(-32.4710939999985,-6.0,-6.9007101824114));
#7143=DIRECTION('',(1.0,-0.0,1.22464679914735E-16));
#7144=DIRECTION('',(0.0,1.0,0.0));
#7145=ORIENTED_EDGE('',*,*,#10658,.T.);
#7146=ORIENTED_EDGE('',*,*,#10969,.F.);
#7147=ORIENTED_EDGE('',*,*,#10884,.T.);
#7148=ORIENTED_EDGE('',*,*,#10880,.T.);
#7149=CARTESIAN_POINT('',(0.295000000000001,-6.0,-6.6));
#7150=DIRECTION('',(-0.0,1.0,0.0));
#7151=DIRECTION('',(1.0,0.0,1.22464679914735E-16));
#7152=ORIENTED_EDGE('',*,*,#10654,.T.);
#7153=ORIENTED_EDGE('',*,*,#10966,.F.);
#7154=ORIENTED_EDGE('',*,*,#10970,.F.);
#7155=ORIENTED_EDGE('',*,*,#10969,.T.);
#7156=CARTESIAN_POINT('',(0.295000000000001,-5.35,-6.6));
#7157=DIRECTION('',(-6.67498441982814E-17,1.0,-8.17449830410098E-33));
#7158=DIRECTION('',(1.0,6.67498441982814E-17,1.22464679914735E-16));
#7159=ORIENTED_EDGE('',*,*,#10882,.T.);
#7160=ORIENTED_EDGE('',*,*,#10970,.T.);
#7161=ORIENTED_EDGE('',*,*,#10902,.T.);
#7162=ORIENTED_EDGE('',*,*,#10899,.F.);
#7163=ORIENTED_EDGE('',*,*,#10967,.T.);
#7164=CARTESIAN_POINT('',(0.585000000000001,-5.35,-5.6));
#7165=DIRECTION('',(-1.00317192905352E-16,-0.573576436351046,0.819152044288992));
#7166=DIRECTION('',(7.02428546843654E-17,-0.819152044288992,-0.573576436351046));
#7167=ORIENTED_EDGE('',*,*,#10971,.F.);
#7168=ORIENTED_EDGE('',*,*,#10936,.F.);
#7169=ORIENTED_EDGE('',*,*,#10941,.T.);
#7170=ORIENTED_EDGE('',*,*,#10972,.F.);
#7171=CARTESIAN_POINT('',(-7.6999999999985,4.87412800783718,-10.6926562303093));
#7172=DIRECTION('',(1.0,0.0,1.22464679914735E-16));
#7173=DIRECTION('',(1.22464679914735E-16,0.0,-1.0));
#7174=ORIENTED_EDGE('',*,*,#10769,.F.);
#7175=ORIENTED_EDGE('',*,*,#10930,.F.);
#7176=ORIENTED_EDGE('',*,*,#10937,.F.);
#7177=ORIENTED_EDGE('',*,*,#10971,.T.);
#7178=ORIENTED_EDGE('',*,*,#10973,.F.);
#7179=ORIENTED_EDGE('',*,*,#10861,.F.);
#7180=ORIENTED_EDGE('',*,*,#10874,.F.);
#7181=ORIENTED_EDGE('',*,*,#10974,.F.);
#7182=CARTESIAN_POINT('',(0.570000000001492,-1.3,-12.8));
#7183=DIRECTION('',(-1.18291797137867E-16,0.258819045102521,0.965925826289068));
#7184=DIRECTION('',(1.0,0.0,1.22464679914735E-16));
#7185=ORIENTED_EDGE('',*,*,#10778,.F.);
#7186=ORIENTED_EDGE('',*,*,#10975,.T.);
#7187=ORIENTED_EDGE('',*,*,#10976,.T.);
#7188=ORIENTED_EDGE('',*,*,#10977,.T.);
#7189=CARTESIAN_POINT('',(-13.3,-2.59329470357627,-12.7657822091227));
#7190=DIRECTION('',(1.0,0.0,1.22464679914735E-16));
#7191=DIRECTION('',(1.22464679914735E-16,0.0,-1.0));
#7192=ORIENTED_EDGE('',*,*,#10651,.T.);
#7193=ORIENTED_EDGE('',*,*,#10978,.F.);
#7194=ORIENTED_EDGE('',*,*,#10979,.F.);
#7195=ORIENTED_EDGE('',*,*,#10644,.T.);
#7196=CARTESIAN_POINT('',(-12.895,-5.35,-6.6));
#7197=DIRECTION('',(6.67498441982814E-17,1.0,8.17449830410098E-33));
#7198=DIRECTION('',(-1.0,6.67498441982814E-17,-1.22464679914735E-16));
#7199=ORIENTED_EDGE('',*,*,#10980,.F.);
#7200=ORIENTED_EDGE('',*,*,#10981,.T.);
#7201=ORIENTED_EDGE('',*,*,#10982,.F.);
#7202=ORIENTED_EDGE('',*,*,#10983,.F.);
#7203=ORIENTED_EDGE('',*,*,#10653,.T.);
#7204=CARTESIAN_POINT('',(0.585000000000001,-5.35,-5.6));
#7205=DIRECTION('',(-1.00317192905352E-16,-0.573576436351046,0.819152044288992));
#7206=DIRECTION('',(7.02428546843654E-17,-0.819152044288992,-0.573576436351046));
#7207=ORIENTED_EDGE('',*,*,#10647,.T.);
#7208=ORIENTED_EDGE('',*,*,#10984,.F.);
#7209=ORIENTED_EDGE('',*,*,#10985,.F.);
#7210=ORIENTED_EDGE('',*,*,#10978,.T.);
#7211=CARTESIAN_POINT('',(-12.895,-5.12445208744279,-6.6));
#7212=DIRECTION('',(0.0,-1.0,-0.0));
#7213=DIRECTION('',(-1.0,0.0,-1.22464679914735E-16));
#7214=ORIENTED_EDGE('',*,*,#10986,.T.);
#7215=ORIENTED_EDGE('',*,*,#10640,.T.);
#7216=ORIENTED_EDGE('',*,*,#10987,.T.);
#7217=ORIENTED_EDGE('',*,*,#10988,.F.);
#7218=ORIENTED_EDGE('',*,*,#10984,.T.);
#7219=ORIENTED_EDGE('',*,*,#10650,.T.);
#7220=CARTESIAN_POINT('',(0.797794679347202,-5.1,-6.57633311127867));
#7221=DIRECTION('',(-0.0,-1.0,0.0));
#7222=DIRECTION('',(-1.22464679914735E-16,0.0,1.0));
#7223=ORIENTED_EDGE('',*,*,#10641,.T.);
#7224=ORIENTED_EDGE('',*,*,#10986,.F.);
#7225=ORIENTED_EDGE('',*,*,#10649,.F.);
#7226=ORIENTED_EDGE('',*,*,#10983,.T.);
#7227=ORIENTED_EDGE('',*,*,#10989,.F.);
#7228=ORIENTED_EDGE('',*,*,#10990,.F.);
#7229=CARTESIAN_POINT('',(-1.08426242211007,-4.8,-5.6));
#7230=DIRECTION('',(-1.22464679914735E-16,0.0,1.0));
#7231=DIRECTION('',(0.0,-1.0,0.0));
#7232=ORIENTED_EDGE('',*,*,#10991,.F.);
#7233=ORIENTED_EDGE('',*,*,#10992,.F.);
#7234=ORIENTED_EDGE('',*,*,#10993,.F.);
#7235=ORIENTED_EDGE('',*,*,#10985,.T.);
#7236=ORIENTED_EDGE('',*,*,#10988,.T.);
#7237=ORIENTED_EDGE('',*,*,#10994,.F.);
#7238=CARTESIAN_POINT('',(-0.584999999999999,-2.9,-7.6));
#7239=DIRECTION('',(1.22464679914735E-16,0.0,-1.0));
#7240=DIRECTION('',(-1.0,0.0,-1.22464679914735E-16));
#7241=ORIENTED_EDGE('',*,*,#10995,.T.);
#7242=ORIENTED_EDGE('',*,*,#10979,.T.);
#7243=ORIENTED_EDGE('',*,*,#10993,.T.);
#7244=ORIENTED_EDGE('',*,*,#10996,.T.);
#7245=ORIENTED_EDGE('',*,*,#10997,.F.);
#7246=CARTESIAN_POINT('',(1.46650093760625,-5.35,-7.6));
#7247=DIRECTION('',(1.00317192905352E-16,-0.573576436351046,-0.819152044288992));
#7248=DIRECTION('',(1.0,-7.23955242869325E-33,1.22464679914735E-16));
#7249=ORIENTED_EDGE('',*,*,#10998,.F.);
#7250=ORIENTED_EDGE('',*,*,#10999,.T.);
#7251=ORIENTED_EDGE('',*,*,#10997,.T.);
#7252=ORIENTED_EDGE('',*,*,#11000,.T.);
#7253=ORIENTED_EDGE('',*,*,#10981,.F.);
#7254=ORIENTED_EDGE('',*,*,#11001,.F.);
#7255=CARTESIAN_POINT('',(-13.385,-6.0,-1.63918974065873E-15));
#7256=DIRECTION('',(1.22464679914735E-16,0.0,-1.0));
#7257=DIRECTION('',(-1.0,0.0,-1.22464679914735E-16));
#7258=ORIENTED_EDGE('',*,*,#10995,.F.);
#7259=ORIENTED_EDGE('',*,*,#10999,.F.);
#7260=ORIENTED_EDGE('',*,*,#11002,.T.);
#7261=ORIENTED_EDGE('',*,*,#10645,.T.);
#7262=CARTESIAN_POINT('',(-32.4710939999985,-6.0,-6.9007101824114));
#7263=DIRECTION('',(1.0,-0.0,1.22464679914735E-16));
#7264=DIRECTION('',(0.0,1.0,0.0));
#7265=ORIENTED_EDGE('',*,*,#10643,.T.);
#7266=ORIENTED_EDGE('',*,*,#11003,.T.);
#7267=ORIENTED_EDGE('',*,*,#11004,.F.);
#7268=ORIENTED_EDGE('',*,*,#10652,.F.);
#7269=CARTESIAN_POINT('',(-12.895,-6.0,-6.6));
#7270=DIRECTION('',(-0.0,1.0,0.0));
#7271=DIRECTION('',(1.0,0.0,1.22464679914735E-16));
#7272=ORIENTED_EDGE('',*,*,#11005,.F.);
#7273=ORIENTED_EDGE('',*,*,#11001,.T.);
#7274=ORIENTED_EDGE('',*,*,#10980,.T.);
#7275=ORIENTED_EDGE('',*,*,#11004,.T.);
#7276=CARTESIAN_POINT('',(-32.4710939999985,-6.0,-6.2992898175886));
#7277=DIRECTION('',(-1.0,-0.0,-1.22464679914735E-16));
#7278=DIRECTION('',(0.0,-1.0,0.0));
#7279=ORIENTED_EDGE('',*,*,#10998,.T.);
#7280=ORIENTED_EDGE('',*,*,#11005,.T.);
#7281=ORIENTED_EDGE('',*,*,#11003,.F.);
#7282=ORIENTED_EDGE('',*,*,#10646,.F.);
#7283=ORIENTED_EDGE('',*,*,#11002,.F.);
#7284=CARTESIAN_POINT('',(1.28888191260407,-6.2,-6.19098609154409));
#7285=DIRECTION('',(-0.0,-1.0,0.0));
#7286=DIRECTION('',(-1.22464679914735E-16,0.0,1.0));
#7287=ORIENTED_EDGE('',*,*,#10639,.T.);
#7288=ORIENTED_EDGE('',*,*,#11006,.T.);
#7289=ORIENTED_EDGE('',*,*,#10994,.T.);
#7290=ORIENTED_EDGE('',*,*,#10987,.F.);
#7291=CARTESIAN_POINT('',(-12.6,-2.9,-6.6));
#7292=DIRECTION('',(-0.0,1.0,0.0));
#7293=DIRECTION('',(1.0,0.0,1.22464679914735E-16));
#7294=ORIENTED_EDGE('',*,*,#10642,.F.);
#7295=ORIENTED_EDGE('',*,*,#10990,.T.);
#7296=ORIENTED_EDGE('',*,*,#11007,.T.);
#7297=ORIENTED_EDGE('',*,*,#11008,.T.);
#7298=ORIENTED_EDGE('',*,*,#11009,.T.);
#7299=CARTESIAN_POINT('',(-15.395545,-3.3,-14.0800024));
#7300=DIRECTION('',(0.0,1.0,0.0));
#7301=DIRECTION('',(-1.0,0.0,-1.22464679914735E-16));
#7302=ORIENTED_EDGE('',*,*,#11010,.F.);
#7303=ORIENTED_EDGE('',*,*,#11011,.F.);
#7304=ORIENTED_EDGE('',*,*,#11012,.T.);
#7305=ORIENTED_EDGE('',*,*,#11013,.F.);
#7306=ORIENTED_EDGE('',*,*,#11007,.F.);
#7307=ORIENTED_EDGE('',*,*,#10989,.T.);
#7308=ORIENTED_EDGE('',*,*,#10982,.T.);
#7309=ORIENTED_EDGE('',*,*,#11000,.F.);
#7310=ORIENTED_EDGE('',*,*,#10996,.F.);
#7311=ORIENTED_EDGE('',*,*,#10992,.T.);
#7312=CARTESIAN_POINT('',(-13.185,-2.9,-12.8));
#7313=DIRECTION('',(1.0,0.0,1.22464679914735E-16));
#7314=DIRECTION('',(1.22464679914735E-16,0.0,-1.0));
#7315=ORIENTED_EDGE('',*,*,#11010,.T.);
#7316=ORIENTED_EDGE('',*,*,#10991,.T.);
#7317=ORIENTED_EDGE('',*,*,#11006,.F.);
#7318=ORIENTED_EDGE('',*,*,#11014,.F.);
#7319=ORIENTED_EDGE('',*,*,#10779,.F.);
#7320=ORIENTED_EDGE('',*,*,#10977,.F.);
#7321=ORIENTED_EDGE('',*,*,#11015,.T.);
#7322=CARTESIAN_POINT('',(-15.395545,-3.3,-14.0800024));
#7323=DIRECTION('',(0.0,1.0,0.0));
#7324=DIRECTION('',(-1.0,0.0,-1.22464679914735E-16));
#7325=ORIENTED_EDGE('',*,*,#11009,.F.);
#7326=ORIENTED_EDGE('',*,*,#11016,.T.);
#7327=ORIENTED_EDGE('',*,*,#11017,.T.);
#7328=ORIENTED_EDGE('',*,*,#10780,.T.);
#7329=ORIENTED_EDGE('',*,*,#11014,.T.);
#7330=CARTESIAN_POINT('',(-14.075,-2.9,-12.8));
#7331=DIRECTION('',(-1.0,0.0,-1.22464679914735E-16));
#7332=DIRECTION('',(0.0,1.0,0.0));
#7333=ORIENTED_EDGE('',*,*,#11008,.F.);
#7334=ORIENTED_EDGE('',*,*,#11013,.T.);
#7335=ORIENTED_EDGE('',*,*,#11018,.F.);
#7336=ORIENTED_EDGE('',*,*,#11016,.F.);
#7337=CARTESIAN_POINT('',(-0.0220385551867092,-2.6477234781793,-2.0));
#7338=DIRECTION('',(1.22464679914735E-16,0.0,-1.0));
#7339=DIRECTION('',(-1.0,0.0,-1.22464679914735E-16));
#7340=ORIENTED_EDGE('',*,*,#11019,.F.);
#7341=ORIENTED_EDGE('',*,*,#11020,.F.);
#7342=ORIENTED_EDGE('',*,*,#11021,.F.);
#7343=ORIENTED_EDGE('',*,*,#10603,.F.);
#7344=ORIENTED_EDGE('',*,*,#11022,.F.);
#7345=ORIENTED_EDGE('',*,*,#10619,.F.);
#7346=ORIENTED_EDGE('',*,*,#11023,.F.);
#7347=ORIENTED_EDGE('',*,*,#11024,.F.);
#7348=ORIENTED_EDGE('',*,*,#11025,.F.);
#7349=ORIENTED_EDGE('',*,*,#11026,.F.);
#7350=ORIENTED_EDGE('',*,*,#11027,.T.);
#7351=ORIENTED_EDGE('',*,*,#11028,.F.);
#7352=ORIENTED_EDGE('',*,*,#10781,.T.);
#7353=ORIENTED_EDGE('',*,*,#11017,.F.);
#7354=ORIENTED_EDGE('',*,*,#11018,.T.);
#7355=ORIENTED_EDGE('',*,*,#11012,.F.);
#7356=ORIENTED_EDGE('',*,*,#11029,.F.);
#7357=ORIENTED_EDGE('',*,*,#11030,.F.);
#7358=ORIENTED_EDGE('',*,*,#10865,.F.);
#7359=ORIENTED_EDGE('',*,*,#10862,.T.);
#7360=ORIENTED_EDGE('',*,*,#10973,.T.);
#7361=ORIENTED_EDGE('',*,*,#10972,.T.);
#7362=ORIENTED_EDGE('',*,*,#10940,.F.);
#7363=ORIENTED_EDGE('',*,*,#10928,.F.);
#7364=ORIENTED_EDGE('',*,*,#10945,.T.);
#7365=ORIENTED_EDGE('',*,*,#10952,.T.);
#7366=ORIENTED_EDGE('',*,*,#10954,.F.);
#7367=ORIENTED_EDGE('',*,*,#10924,.F.);
#7368=ORIENTED_EDGE('',*,*,#10961,.T.);
#7369=ORIENTED_EDGE('',*,*,#10895,.T.);
#7370=ORIENTED_EDGE('',*,*,#10908,.T.);
#7371=ORIENTED_EDGE('',*,*,#10910,.F.);
#7372=ORIENTED_EDGE('',*,*,#10753,.T.);
#7373=ORIENTED_EDGE('',*,*,#11031,.T.);
#7374=CARTESIAN_POINT('',(6.27941449689742,-2.9,7.69006486414491E-16));
#7375=DIRECTION('',(-0.0,-1.0,0.0));
#7376=DIRECTION('',(-1.22464679914735E-16,0.0,1.0));
#7377=ORIENTED_EDGE('',*,*,#11032,.F.);
#7378=ORIENTED_EDGE('',*,*,#10782,.T.);
#7379=ORIENTED_EDGE('',*,*,#11028,.T.);
#7380=ORIENTED_EDGE('',*,*,#11033,.F.);
#7381=CARTESIAN_POINT('',(-14.9,-2.5,-1.82472373072956E-15));
#7382=DIRECTION('',(1.22464679914735E-16,0.0,-1.0));
#7383=DIRECTION('',(-1.0,0.0,-1.22464679914735E-16));
#7384=ORIENTED_EDGE('',*,*,#10857,.F.);
#7385=ORIENTED_EDGE('',*,*,#10783,.T.);
#7386=ORIENTED_EDGE('',*,*,#11032,.T.);
#7387=ORIENTED_EDGE('',*,*,#11034,.T.);
#7388=CARTESIAN_POINT('',(-15.3,-2.9,-12.8));
#7389=DIRECTION('',(-1.0,0.0,-1.22464679914735E-16));
#7390=DIRECTION('',(0.0,1.0,0.0));
#7391=ORIENTED_EDGE('',*,*,#11035,.F.);
#7392=ORIENTED_EDGE('',*,*,#11036,.T.);
#7393=ORIENTED_EDGE('',*,*,#11037,.T.);
#7394=ORIENTED_EDGE('',*,*,#11038,.F.);
#7395=CARTESIAN_POINT('',(-8.799999999997,8.1,-2.35));
#7396=DIRECTION('',(-6.26780569466625E-17,0.859101543908756,0.511805175094578));
#7397=DIRECTION('',(1.0,0.0,1.22464679914735E-16));
#7398=ORIENTED_EDGE('',*,*,#11039,.T.);
#7399=ORIENTED_EDGE('',*,*,#11040,.T.);
#7400=ORIENTED_EDGE('',*,*,#11041,.F.);
#7401=ORIENTED_EDGE('',*,*,#11038,.T.);
#7402=CARTESIAN_POINT('',(-8.799999999997,8.1,-3.17248412893629));
#7403=DIRECTION('',(0.0,1.0,0.0));
#7404=DIRECTION('',(-1.0,0.0,-1.22464679914735E-16));
#7405=ORIENTED_EDGE('',*,*,#11042,.T.);
#7406=ORIENTED_EDGE('',*,*,#11043,.F.);
#7407=ORIENTED_EDGE('',*,*,#11044,.F.);
#7408=ORIENTED_EDGE('',*,*,#11040,.F.);
#7409=CARTESIAN_POINT('',(-8.799999999997,6.7,-3.05));
#7410=DIRECTION('',(1.21998664834562E-16,-0.0871557427476582,-0.996194698091746));
#7411=DIRECTION('',(1.0,2.20012025981207E-33,1.22464679914735E-16));
#7412=ORIENTED_EDGE('',*,*,#11037,.F.);
#7413=ORIENTED_EDGE('',*,*,#11045,.T.);
#7414=ORIENTED_EDGE('',*,*,#11042,.F.);
#7415=ORIENTED_EDGE('',*,*,#11039,.F.);
#7416=CARTESIAN_POINT('',(-2.5,2.05491982750256,-5.34023064444521));
#7417=DIRECTION('',(1.0,0.0,1.22464679914735E-16));
#7418=DIRECTION('',(1.22464679914735E-16,0.0,-1.0));
#7419=ORIENTED_EDGE('',*,*,#11046,.F.);
#7420=ORIENTED_EDGE('',*,*,#11035,.T.);
#7421=ORIENTED_EDGE('',*,*,#11041,.T.);
#7422=ORIENTED_EDGE('',*,*,#11044,.T.);
#7423=CARTESIAN_POINT('',(-10.1,2.05491982750256,-5.34023064444521));
#7424=DIRECTION('',(1.0,0.0,1.22464679914735E-16));
#7425=DIRECTION('',(1.22464679914735E-16,0.0,-1.0));
#7426=ORIENTED_EDGE('',*,*,#11046,.T.);
#7427=ORIENTED_EDGE('',*,*,#11043,.T.);
#7428=ORIENTED_EDGE('',*,*,#11045,.F.);
#7429=ORIENTED_EDGE('',*,*,#11047,.T.);
#7430=ORIENTED_EDGE('',*,*,#10847,.T.);
#7431=ORIENTED_EDGE('',*,*,#10745,.T.);
#7432=ORIENTED_EDGE('',*,*,#11048,.T.);
#7433=ORIENTED_EDGE('',*,*,#11049,.T.);
#7434=CARTESIAN_POINT('',(20.9820765059285,6.7,-2.13678593316259));
#7435=DIRECTION('',(0.0,1.0,0.0));
#7436=DIRECTION('',(-1.0,0.0,-1.22464679914735E-16));
#7437=ORIENTED_EDGE('',*,*,#11050,.T.);
#7438=ORIENTED_EDGE('',*,*,#10975,.F.);
#7439=ORIENTED_EDGE('',*,*,#10777,.F.);
#7440=ORIENTED_EDGE('',*,*,#10854,.T.);
#7441=ORIENTED_EDGE('',*,*,#11051,.T.);
#7442=ORIENTED_EDGE('',*,*,#11052,.F.);
#7443=CARTESIAN_POINT('',(-3.69999999999851,-2.1,-12.8));
#7444=DIRECTION('',(0.0,1.0,0.0));
#7445=DIRECTION('',(-1.0,0.0,-1.22464679914735E-16));
#7446=ORIENTED_EDGE('',*,*,#11053,.T.);
#7447=ORIENTED_EDGE('',*,*,#11052,.T.);
#7448=ORIENTED_EDGE('',*,*,#11054,.T.);
#7449=ORIENTED_EDGE('',*,*,#11055,.T.);
#7450=CARTESIAN_POINT('',(-13.0999999999985,1.3,-12.8));
#7451=DIRECTION('',(-1.0,0.0,-1.22464679914735E-16));
#7452=DIRECTION('',(0.0,1.0,0.0));
#7453=ORIENTED_EDGE('',*,*,#11054,.F.);
#7454=ORIENTED_EDGE('',*,*,#11051,.F.);
#7455=ORIENTED_EDGE('',*,*,#10853,.T.);
#7456=ORIENTED_EDGE('',*,*,#10856,.F.);
#7457=ORIENTED_EDGE('',*,*,#11056,.F.);
#7458=CARTESIAN_POINT('',(-24.2811723330884,-2.19974190238362,-10.3));
#7459=DIRECTION('',(1.22464679914735E-16,0.0,-1.0));
#7460=DIRECTION('',(-1.0,0.0,-1.22464679914735E-16));
#7461=ORIENTED_EDGE('',*,*,#11055,.F.);
#7462=ORIENTED_EDGE('',*,*,#11056,.T.);
#7463=ORIENTED_EDGE('',*,*,#10855,.T.);
#7464=ORIENTED_EDGE('',*,*,#10774,.F.);
#7465=CARTESIAN_POINT('',(-13.1141643903849,-0.500125403550671,-12.8));
#7466=DIRECTION('',(-1.22464679914735E-16,-0.0,1.0));
#7467=DIRECTION('',(1.0,0.0,1.22464679914735E-16));
#7468=ORIENTED_EDGE('',*,*,#11057,.T.);
#7469=ORIENTED_EDGE('',*,*,#11058,.F.);
#7470=ORIENTED_EDGE('',*,*,#10868,.T.);
#7471=ORIENTED_EDGE('',*,*,#10877,.F.);
#7472=CARTESIAN_POINT('',(-12.0999999999985,2.9,-12.8));
#7473=DIRECTION('',(1.0,0.0,1.22464679914735E-16));
#7474=DIRECTION('',(1.22464679914735E-16,0.0,-1.0));
#7475=ORIENTED_EDGE('',*,*,#10771,.F.);
#7476=ORIENTED_EDGE('',*,*,#11059,.F.);
#7477=ORIENTED_EDGE('',*,*,#10870,.F.);
#7478=ORIENTED_EDGE('',*,*,#11060,.T.);
#7479=CARTESIAN_POINT('',(-1.3,-0.65,-12.8));
#7480=DIRECTION('',(-0.0,-1.0,0.0));
#7481=DIRECTION('',(-1.22464679914735E-16,0.0,1.0));
#7482=ORIENTED_EDGE('',*,*,#11060,.F.);
#7483=ORIENTED_EDGE('',*,*,#10869,.T.);
#7484=ORIENTED_EDGE('',*,*,#11058,.T.);
#7485=ORIENTED_EDGE('',*,*,#10772,.F.);
#7486=CARTESIAN_POINT('',(-12.0858356096151,-0.500125403550617,-12.8));
#7487=DIRECTION('',(-1.22464679914735E-16,-0.0,1.0));
#7488=DIRECTION('',(1.0,0.0,1.22464679914735E-16));
#7489=ORIENTED_EDGE('',*,*,#11057,.F.);
#7490=ORIENTED_EDGE('',*,*,#10876,.F.);
#7491=ORIENTED_EDGE('',*,*,#11061,.F.);
#7492=ORIENTED_EDGE('',*,*,#11029,.T.);
#7493=ORIENTED_EDGE('',*,*,#11011,.T.);
#7494=ORIENTED_EDGE('',*,*,#11015,.F.);
#7495=ORIENTED_EDGE('',*,*,#10976,.F.);
#7496=ORIENTED_EDGE('',*,*,#11050,.F.);
#7497=ORIENTED_EDGE('',*,*,#11053,.F.);
#7498=ORIENTED_EDGE('',*,*,#10773,.T.);
#7499=CARTESIAN_POINT('',(0.570000000001492,-1.3,-12.8));
#7500=DIRECTION('',(-1.18291797137867E-16,0.258819045102521,0.965925826289068));
#7501=DIRECTION('',(1.0,0.0,1.22464679914735E-16));
#7502=ORIENTED_EDGE('',*,*,#10866,.T.);
#7503=ORIENTED_EDGE('',*,*,#11030,.T.);
#7504=ORIENTED_EDGE('',*,*,#11061,.T.);
#7505=ORIENTED_EDGE('',*,*,#10875,.F.);
#7506=CARTESIAN_POINT('',(-11.9,-2.44,-12.8));
#7507=DIRECTION('',(1.0,0.0,1.22464679914735E-16));
#7508=DIRECTION('',(1.22464679914735E-16,0.0,-1.0));
#7509=ORIENTED_EDGE('',*,*,#11062,.F.);
#7510=ORIENTED_EDGE('',*,*,#10871,.T.);
#7511=ORIENTED_EDGE('',*,*,#11059,.T.);
#7512=ORIENTED_EDGE('',*,*,#10770,.F.);
#7513=CARTESIAN_POINT('',(-8.9141643903849,-0.50012540355067,-12.8));
#7514=DIRECTION('',(-1.22464679914735E-16,-0.0,1.0));
#7515=DIRECTION('',(1.0,0.0,1.22464679914735E-16));
#7516=ORIENTED_EDGE('',*,*,#10974,.T.);
#7517=ORIENTED_EDGE('',*,*,#10873,.T.);
#7518=ORIENTED_EDGE('',*,*,#10872,.T.);
#7519=ORIENTED_EDGE('',*,*,#11062,.T.);
#7520=CARTESIAN_POINT('',(-8.8999999999985,1.3,-12.8));
#7521=DIRECTION('',(-1.0,0.0,-1.22464679914735E-16));
#7522=DIRECTION('',(0.0,1.0,0.0));
#7523=ORIENTED_EDGE('',*,*,#10767,.F.);
#7524=ORIENTED_EDGE('',*,*,#11063,.F.);
#7525=ORIENTED_EDGE('',*,*,#11064,.F.);
#7526=ORIENTED_EDGE('',*,*,#11065,.T.);
#7527=CARTESIAN_POINT('',(-1.3,-0.65,-12.8));
#7528=DIRECTION('',(-0.0,-1.0,0.0));
#7529=DIRECTION('',(-1.22464679914735E-16,0.0,1.0));
#7530=ORIENTED_EDGE('',*,*,#10946,.T.);
#7531=ORIENTED_EDGE('',*,*,#10939,.T.);
#7532=ORIENTED_EDGE('',*,*,#11066,.F.);
#7533=ORIENTED_EDGE('',*,*,#11067,.T.);
#7534=CARTESIAN_POINT('',(-4.6999999999985,1.3,-12.8));
#7535=DIRECTION('',(-1.0,0.0,-1.22464679914735E-16));
#7536=DIRECTION('',(0.0,1.0,0.0));
#7537=ORIENTED_EDGE('',*,*,#11067,.F.);
#7538=ORIENTED_EDGE('',*,*,#11068,.T.);
#7539=ORIENTED_EDGE('',*,*,#11063,.T.);
#7540=ORIENTED_EDGE('',*,*,#10766,.F.);
#7541=CARTESIAN_POINT('',(-4.7141643903849,-0.50012540355067,-12.8));
#7542=DIRECTION('',(-1.22464679914735E-16,-0.0,1.0));
#7543=DIRECTION('',(1.0,0.0,1.22464679914735E-16));
#7544=ORIENTED_EDGE('',*,*,#11066,.T.);
#7545=ORIENTED_EDGE('',*,*,#10938,.F.);
#7546=ORIENTED_EDGE('',*,*,#10932,.F.);
#7547=ORIENTED_EDGE('',*,*,#11069,.F.);
#7548=ORIENTED_EDGE('',*,*,#11064,.T.);
#7549=ORIENTED_EDGE('',*,*,#11068,.F.);
#7550=CARTESIAN_POINT('',(-24.2811723330884,-2.19974190238362,-10.3));
#7551=DIRECTION('',(1.22464679914735E-16,0.0,-1.0));
#7552=DIRECTION('',(-1.0,0.0,-1.22464679914735E-16));
#7553=ORIENTED_EDGE('',*,*,#11065,.F.);
#7554=ORIENTED_EDGE('',*,*,#11069,.T.);
#7555=ORIENTED_EDGE('',*,*,#10931,.T.);
#7556=ORIENTED_EDGE('',*,*,#10768,.F.);
#7557=CARTESIAN_POINT('',(-7.8858356096151,-0.500125403550617,-12.8));
#7558=DIRECTION('',(-1.22464679914735E-16,-0.0,1.0));
#7559=DIRECTION('',(1.0,0.0,1.22464679914735E-16));
#7560=ORIENTED_EDGE('',*,*,#10763,.F.);
#7561=ORIENTED_EDGE('',*,*,#11070,.F.);
#7562=ORIENTED_EDGE('',*,*,#11071,.F.);
#7563=ORIENTED_EDGE('',*,*,#11072,.T.);
#7564=CARTESIAN_POINT('',(-1.3,-0.65,-12.8));
#7565=DIRECTION('',(-0.0,-1.0,0.0));
#7566=DIRECTION('',(-1.22464679914735E-16,0.0,1.0));
#7567=ORIENTED_EDGE('',*,*,#10960,.F.);
#7568=ORIENTED_EDGE('',*,*,#11073,.T.);
#7569=ORIENTED_EDGE('',*,*,#11070,.T.);
#7570=ORIENTED_EDGE('',*,*,#10762,.F.);
#7571=CARTESIAN_POINT('',(-0.514164390384877,-0.50012540355067,-12.8));
#7572=DIRECTION('',(-1.22464679914735E-16,-0.0,1.0));
#7573=DIRECTION('',(1.0,0.0,1.22464679914735E-16));
#7574=ORIENTED_EDGE('',*,*,#10959,.T.);
#7575=ORIENTED_EDGE('',*,*,#10956,.F.);
#7576=ORIENTED_EDGE('',*,*,#10948,.F.);
#7577=ORIENTED_EDGE('',*,*,#11074,.F.);
#7578=ORIENTED_EDGE('',*,*,#11071,.T.);
#7579=ORIENTED_EDGE('',*,*,#11073,.F.);
#7580=CARTESIAN_POINT('',(-24.2811723330884,-2.19974190238362,-10.3));
#7581=DIRECTION('',(1.22464679914735E-16,0.0,-1.0));
#7582=DIRECTION('',(-1.0,0.0,-1.22464679914735E-16));
#7583=ORIENTED_EDGE('',*,*,#11072,.F.);
#7584=ORIENTED_EDGE('',*,*,#11074,.T.);
#7585=ORIENTED_EDGE('',*,*,#10947,.T.);
#7586=ORIENTED_EDGE('',*,*,#10764,.F.);
#7587=CARTESIAN_POINT('',(-3.6858356096151,-0.500125403550617,-12.8));
#7588=DIRECTION('',(-1.22464679914735E-16,-0.0,1.0));
#7589=DIRECTION('',(1.0,0.0,1.22464679914735E-16));
#7590=ORIENTED_EDGE('',*,*,#10913,.F.);
#7591=ORIENTED_EDGE('',*,*,#11075,.T.);
#7592=ORIENTED_EDGE('',*,*,#10917,.T.);
#7593=ORIENTED_EDGE('',*,*,#10760,.F.);
#7594=CARTESIAN_POINT('',(0.514164390384911,-0.500125403550617,-12.8));
#7595=DIRECTION('',(-1.22464679914735E-16,-0.0,1.0));
#7596=DIRECTION('',(1.0,0.0,1.22464679914735E-16));
#7597=ORIENTED_EDGE('',*,*,#10921,.T.);
#7598=ORIENTED_EDGE('',*,*,#10918,.F.);
#7599=ORIENTED_EDGE('',*,*,#11075,.F.);
#7600=ORIENTED_EDGE('',*,*,#10912,.T.);
#7601=ORIENTED_EDGE('',*,*,#10915,.F.);
#7602=CARTESIAN_POINT('',(-24.2811723330884,-2.19974190238362,-10.3));
#7603=DIRECTION('',(1.22464679914735E-16,0.0,-1.0));
#7604=DIRECTION('',(-1.0,0.0,-1.22464679914735E-16));
#7605=ORIENTED_EDGE('',*,*,#11076,.F.);
#7606=ORIENTED_EDGE('',*,*,#11077,.T.);
#7607=ORIENTED_EDGE('',*,*,#11078,.T.);
#7608=ORIENTED_EDGE('',*,*,#11079,.T.);
#7609=CARTESIAN_POINT('',(-5.9978183661254,1.6,-9.34999048076605));
#7610=DIRECTION('',(0.999961923064171,0.0,0.00872653549837406));
#7611=DIRECTION('',(0.00872653549837406,0.0,-0.999961923064171));
#7612=ORIENTED_EDGE('',*,*,#11080,.F.);
#7613=ORIENTED_EDGE('',*,*,#11081,.F.);
#7614=ORIENTED_EDGE('',*,*,#11082,.T.);
#7615=ORIENTED_EDGE('',*,*,#11077,.F.);
#7616=CARTESIAN_POINT('',(6.0,1.59781836612541,-9.34999048076605));
#7617=DIRECTION('',(-1.06869237657294E-18,-0.999961923064171,0.00872653549837393));
#7618=DIRECTION('',(-1.22460016834977E-16,0.00872653549837393,0.999961923064171));
#7619=ORIENTED_EDGE('',*,*,#11083,.T.);
#7620=ORIENTED_EDGE('',*,*,#11081,.T.);
#7621=ORIENTED_EDGE('',*,*,#11084,.F.);
#7622=ORIENTED_EDGE('',*,*,#11085,.T.);
#7623=CARTESIAN_POINT('',(-2.4021816338746,-2.0,-9.34999048076605));
#7624=DIRECTION('',(-0.999961923064171,0.0,0.00872653549837381));
#7625=DIRECTION('',(0.0,-1.0,0.0));
#7626=ORIENTED_EDGE('',*,*,#11086,.F.);
#7627=ORIENTED_EDGE('',*,*,#11087,.F.);
#7628=ORIENTED_EDGE('',*,*,#11088,.F.);
#7629=ORIENTED_EDGE('',*,*,#11085,.F.);
#7630=CARTESIAN_POINT('',(-3.3515426481068,-1.99845735189322,-9.34999048076605));
#7631=DIRECTION('',(-0.707079856727016,0.707079856727016,0.00872653549837385));
#7632=DIRECTION('',(-1.22455354287845E-16,-0.01234071497561,0.99992385047757));
#7633=ORIENTED_EDGE('',*,*,#11089,.T.);
#7634=ORIENTED_EDGE('',*,*,#11087,.T.);
#7635=ORIENTED_EDGE('',*,*,#11090,.F.);
#7636=ORIENTED_EDGE('',*,*,#11091,.T.);
#7637=CARTESIAN_POINT('',(3.77683389991242,-2.05373254946974,-2.94285968825523));
#7638=DIRECTION('',(-1.06869237657294E-18,0.999961923064171,0.00872653549837393));
#7639=DIRECTION('',(1.0,0.0,1.22464679914735E-16));
#7640=ORIENTED_EDGE('',*,*,#11092,.F.);
#7641=ORIENTED_EDGE('',*,*,#11079,.F.);
#7642=ORIENTED_EDGE('',*,*,#11093,.F.);
#7643=ORIENTED_EDGE('',*,*,#11091,.F.);
#7644=CARTESIAN_POINT('',(-5.05,-2.0,-9.1));
#7645=DIRECTION('',(0.707079856727016,0.707079856727016,0.00872653549837402));
#7646=DIRECTION('',(0.0123407149756101,0.0,-0.99992385047757));
#7647=ORIENTED_EDGE('',*,*,#11094,.T.);
#7648=ORIENTED_EDGE('',*,*,#11095,.T.);
#7649=ORIENTED_EDGE('',*,*,#11093,.T.);
#7650=ORIENTED_EDGE('',*,*,#11096,.F.);
#7651=CARTESIAN_POINT('',(-5.6512481481556,-1.65124814815555,-0.0999961923064213));
#7652=DIRECTION('',(0.497813585717997,0.497813585717997,0.710185375623281));
#7653=DIRECTION('',(0.818861330000286,0.0,-0.573991395606383));
#7654=ORIENTED_EDGE('',*,*,#11097,.F.);
#7655=ORIENTED_EDGE('',*,*,#11098,.T.);
#7656=ORIENTED_EDGE('',*,*,#11089,.F.);
#7657=ORIENTED_EDGE('',*,*,#11095,.F.);
#7658=CARTESIAN_POINT('',(1.49100707360375E-12,-2.17854184334607,-0.0999961923064206));
#7659=DIRECTION('',(8.69726247058318E-17,-0.704014724455968,-0.710185375623286));
#7660=DIRECTION('',(1.0,0.0,1.22464679914735E-16));
#7661=ORIENTED_EDGE('',*,*,#11099,.T.);
#7662=ORIENTED_EDGE('',*,*,#11100,.T.);
#7663=ORIENTED_EDGE('',*,*,#11088,.T.);
#7664=ORIENTED_EDGE('',*,*,#11098,.F.);
#7665=CARTESIAN_POINT('',(-2.74875185184445,-1.65124814815555,-0.0999961923064209));
#7666=DIRECTION('',(-0.497813585717994,0.497813585717994,0.710185375623285));
#7667=DIRECTION('',(-9.8591098704316E-17,-0.818861330000289,0.573991395606378));
#7668=ORIENTED_EDGE('',*,*,#11101,.F.);
#7669=ORIENTED_EDGE('',*,*,#11102,.F.);
#7670=ORIENTED_EDGE('',*,*,#11083,.F.);
#7671=ORIENTED_EDGE('',*,*,#11100,.F.);
#7672=CARTESIAN_POINT('',(-2.22145815665393,0.298259967616287,-0.0999961923064209));
#7673=DIRECTION('',(0.704014724455965,0.0,-0.710185375623289));
#7674=DIRECTION('',(0.0,1.0,0.0));
#7675=ORIENTED_EDGE('',*,*,#11103,.F.);
#7676=ORIENTED_EDGE('',*,*,#11104,.T.);
#7677=ORIENTED_EDGE('',*,*,#11082,.F.);
#7678=ORIENTED_EDGE('',*,*,#11102,.T.);
#7679=CARTESIAN_POINT('',(8.79607739671902E-16,1.77854184334607,-0.0999961923064206));
#7680=DIRECTION('',(8.69726247058319E-17,0.704014724455967,-0.710185375623287));
#7681=DIRECTION('',(-1.0,0.0,-1.22464679914735E-16));
#7682=ORIENTED_EDGE('',*,*,#11105,.F.);
#7683=ORIENTED_EDGE('',*,*,#11096,.T.);
#7684=ORIENTED_EDGE('',*,*,#11078,.F.);
#7685=ORIENTED_EDGE('',*,*,#11104,.F.);
#7686=CARTESIAN_POINT('',(-6.1785418433461,0.298259967616287,-0.0999961923064214));
#7687=DIRECTION('',(-0.704014724455966,-0.0,-0.710185375623288));
#7688=DIRECTION('',(0.0,-1.0,0.0));
#7689=ORIENTED_EDGE('',*,*,#4689,.F.);
#7690=ORIENTED_EDGE('',*,*,#4693,.F.);
#7691=ORIENTED_EDGE('',*,*,#4698,.F.);
#7692=ORIENTED_EDGE('',*,*,#4695,.F.);
#7693=ORIENTED_EDGE('',*,*,#11076,.T.);
#7694=ORIENTED_EDGE('',*,*,#11092,.T.);
#7695=ORIENTED_EDGE('',*,*,#11090,.T.);
#7696=ORIENTED_EDGE('',*,*,#11086,.T.);
#7697=ORIENTED_EDGE('',*,*,#11084,.T.);
#7698=ORIENTED_EDGE('',*,*,#11080,.T.);
#7699=CARTESIAN_POINT('',(-11.45718,2.5,-9.1));
#7700=DIRECTION('',(-1.22464679914735E-16,0.0,1.0));
#7701=DIRECTION('',(0.0,-1.0,0.0));
#7702=ORIENTED_EDGE('',*,*,#11106,.F.);
#7703=ORIENTED_EDGE('',*,*,#11107,.T.);
#7704=ORIENTED_EDGE('',*,*,#11108,.T.);
#7705=ORIENTED_EDGE('',*,*,#11109,.T.);
#7706=CARTESIAN_POINT('',(-10.1978183661254,1.6,-9.34999048076605));
#7707=DIRECTION('',(0.999961923064171,0.0,0.00872653549837406));
#7708=DIRECTION('',(0.00872653549837406,0.0,-0.999961923064171));
#7709=ORIENTED_EDGE('',*,*,#11110,.F.);
#7710=ORIENTED_EDGE('',*,*,#11111,.F.);
#7711=ORIENTED_EDGE('',*,*,#11112,.T.);
#7712=ORIENTED_EDGE('',*,*,#11107,.F.);
#7713=CARTESIAN_POINT('',(6.0,1.59781836612541,-9.34999048076605));
#7714=DIRECTION('',(-1.06869237657294E-18,-0.999961923064171,0.00872653549837393));
#7715=DIRECTION('',(-1.22460016834977E-16,0.00872653549837393,0.999961923064171));
#7716=ORIENTED_EDGE('',*,*,#11113,.T.);
#7717=ORIENTED_EDGE('',*,*,#11111,.T.);
#7718=ORIENTED_EDGE('',*,*,#11114,.F.);
#7719=ORIENTED_EDGE('',*,*,#11115,.T.);
#7720=CARTESIAN_POINT('',(-6.6021816338746,2.2,-9.34999048076605));
#7721=DIRECTION('',(-0.999961923064171,0.0,0.00872653549837381));
#7722=DIRECTION('',(0.0,-1.0,0.0));
#7723=ORIENTED_EDGE('',*,*,#11116,.F.);
#7724=ORIENTED_EDGE('',*,*,#11117,.F.);
#7725=ORIENTED_EDGE('',*,*,#11118,.F.);
#7726=ORIENTED_EDGE('',*,*,#11115,.F.);
#7727=CARTESIAN_POINT('',(-7.5515426481068,-1.99845735189322,-9.34999048076605));
#7728=DIRECTION('',(-0.707079856727016,0.707079856727016,0.00872653549837385));
#7729=DIRECTION('',(-1.22455354287845E-16,-0.01234071497561,0.99992385047757));
#7730=ORIENTED_EDGE('',*,*,#11119,.T.);
#7731=ORIENTED_EDGE('',*,*,#11117,.T.);
#7732=ORIENTED_EDGE('',*,*,#11120,.F.);
#7733=ORIENTED_EDGE('',*,*,#11121,.T.);
#7734=CARTESIAN_POINT('',(3.77683389991242,-2.05373254946974,-2.94285968825523));
#7735=DIRECTION('',(-1.06869237657294E-18,0.999961923064171,0.00872653549837393));
#7736=DIRECTION('',(1.0,0.0,1.22464679914735E-16));
#7737=ORIENTED_EDGE('',*,*,#11122,.F.);
#7738=ORIENTED_EDGE('',*,*,#11109,.F.);
#7739=ORIENTED_EDGE('',*,*,#11123,.F.);
#7740=ORIENTED_EDGE('',*,*,#11121,.F.);
#7741=CARTESIAN_POINT('',(-9.25,-2.0,-9.1));
#7742=DIRECTION('',(0.707079856727016,0.707079856727016,0.00872653549837402));
#7743=DIRECTION('',(0.0123407149756101,0.0,-0.99992385047757));
#7744=ORIENTED_EDGE('',*,*,#11124,.T.);
#7745=ORIENTED_EDGE('',*,*,#11125,.T.);
#7746=ORIENTED_EDGE('',*,*,#11123,.T.);
#7747=ORIENTED_EDGE('',*,*,#11126,.F.);
#7748=CARTESIAN_POINT('',(-9.8512481481556,-1.65124814815555,-0.0999961923064218));
#7749=DIRECTION('',(0.497813585717997,0.497813585717997,0.710185375623281));
#7750=DIRECTION('',(0.818861330000286,0.0,-0.573991395606383));
#7751=ORIENTED_EDGE('',*,*,#11127,.F.);
#7752=ORIENTED_EDGE('',*,*,#11128,.T.);
#7753=ORIENTED_EDGE('',*,*,#11119,.F.);
#7754=ORIENTED_EDGE('',*,*,#11125,.F.);
#7755=CARTESIAN_POINT('',(1.49100707360375E-12,-2.17854184334607,-0.0999961923064206));
#7756=DIRECTION('',(8.69726247058318E-17,-0.704014724455968,-0.710185375623286));
#7757=DIRECTION('',(1.0,0.0,1.22464679914735E-16));
#7758=ORIENTED_EDGE('',*,*,#11129,.T.);
#7759=ORIENTED_EDGE('',*,*,#11130,.T.);
#7760=ORIENTED_EDGE('',*,*,#11118,.T.);
#7761=ORIENTED_EDGE('',*,*,#11128,.F.);
#7762=CARTESIAN_POINT('',(-6.9487518518445,-1.65124814815555,-0.0999961923064214));
#7763=DIRECTION('',(-0.497813585717994,0.497813585717994,0.710185375623285));
#7764=DIRECTION('',(-9.8591098704316E-17,-0.818861330000289,0.573991395606378));
#7765=ORIENTED_EDGE('',*,*,#11131,.F.);
#7766=ORIENTED_EDGE('',*,*,#11132,.F.);
#7767=ORIENTED_EDGE('',*,*,#11113,.F.);
#7768=ORIENTED_EDGE('',*,*,#11130,.F.);
#7769=CARTESIAN_POINT('',(-6.4214581566539,4.49825996761629,-0.0999961923064214));
#7770=DIRECTION('',(0.704014724455965,0.0,-0.710185375623289));
#7771=DIRECTION('',(0.0,1.0,0.0));
#7772=ORIENTED_EDGE('',*,*,#11133,.F.);
#7773=ORIENTED_EDGE('',*,*,#11134,.T.);
#7774=ORIENTED_EDGE('',*,*,#11112,.F.);
#7775=ORIENTED_EDGE('',*,*,#11132,.T.);
#7776=CARTESIAN_POINT('',(8.79607739671902E-16,1.77854184334607,-0.0999961923064206));
#7777=DIRECTION('',(8.69726247058319E-17,0.704014724455967,-0.710185375623287));
#7778=DIRECTION('',(-1.0,0.0,-1.22464679914735E-16));
#7779=ORIENTED_EDGE('',*,*,#11135,.F.);
#7780=ORIENTED_EDGE('',*,*,#11126,.T.);
#7781=ORIENTED_EDGE('',*,*,#11108,.F.);
#7782=ORIENTED_EDGE('',*,*,#11134,.F.);
#7783=CARTESIAN_POINT('',(-10.3785418433461,0.298259967616287,-0.0999961923064219));
#7784=DIRECTION('',(-0.704014724455966,-0.0,-0.710185375623288));
#7785=DIRECTION('',(0.0,-1.0,0.0));
#7786=ORIENTED_EDGE('',*,*,#4656,.F.);
#7787=ORIENTED_EDGE('',*,*,#4660,.F.);
#7788=ORIENTED_EDGE('',*,*,#4665,.F.);
#7789=ORIENTED_EDGE('',*,*,#4662,.F.);
#7790=ORIENTED_EDGE('',*,*,#11106,.T.);
#7791=ORIENTED_EDGE('',*,*,#11122,.T.);
#7792=ORIENTED_EDGE('',*,*,#11120,.T.);
#7793=ORIENTED_EDGE('',*,*,#11116,.T.);
#7794=ORIENTED_EDGE('',*,*,#11114,.T.);
#7795=ORIENTED_EDGE('',*,*,#11110,.T.);
#7796=CARTESIAN_POINT('',(-11.45718,2.5,-9.1));
#7797=DIRECTION('',(-1.22464679914735E-16,0.0,1.0));
#7798=DIRECTION('',(0.0,-1.0,0.0));
#7799=ORIENTED_EDGE('',*,*,#11136,.F.);
#7800=ORIENTED_EDGE('',*,*,#11137,.T.);
#7801=ORIENTED_EDGE('',*,*,#11138,.F.);
#7802=ORIENTED_EDGE('',*,*,#11139,.F.);
#7803=CARTESIAN_POINT('',(-8.3999999999985,2.02145815665394,-0.0999961923064216));
#7804=DIRECTION('',(-8.69726247058316E-17,0.704014724455969,0.710185375623285));
#7805=DIRECTION('',(1.0,0.0,1.22464679914735E-16));
#7806=ORIENTED_EDGE('',*,*,#11140,.F.);
#7807=ORIENTED_EDGE('',*,*,#11141,.F.);
#7808=ORIENTED_EDGE('',*,*,#11142,.F.);
#7809=ORIENTED_EDGE('',*,*,#11143,.F.);
#7810=CARTESIAN_POINT('',(1.97854184334607,0.298259967616287,-0.0999961923064204));
#7811=DIRECTION('',(0.704014724455965,0.0,-0.710185375623289));
#7812=DIRECTION('',(0.0,1.0,0.0));
#7813=ORIENTED_EDGE('',*,*,#11144,.F.);
#7814=ORIENTED_EDGE('',*,*,#11145,.T.);
#7815=ORIENTED_EDGE('',*,*,#11146,.F.);
#7816=ORIENTED_EDGE('',*,*,#11141,.T.);
#7817=CARTESIAN_POINT('',(-8.4,5.97854184334607,-0.0999961923064216));
#7818=DIRECTION('',(8.69726247058319E-17,0.704014724455967,-0.710185375623287));
#7819=DIRECTION('',(-1.0,0.0,-1.22464679914735E-16));
#7820=ORIENTED_EDGE('',*,*,#11147,.F.);
#7821=ORIENTED_EDGE('',*,*,#11148,.F.);
#7822=ORIENTED_EDGE('',*,*,#11149,.F.);
#7823=ORIENTED_EDGE('',*,*,#11150,.F.);
#7824=CARTESIAN_POINT('',(-0.849999999999999,2.2,-9.1));
#7825=DIRECTION('',(0.707079856727016,0.707079856727016,0.00872653549837402));
#7826=DIRECTION('',(0.0123407149756101,0.0,-0.99992385047757));
#7827=ORIENTED_EDGE('',*,*,#11138,.T.);
#7828=ORIENTED_EDGE('',*,*,#11151,.T.);
#7829=ORIENTED_EDGE('',*,*,#11152,.F.);
#7830=ORIENTED_EDGE('',*,*,#11150,.T.);
#7831=CARTESIAN_POINT('',(-4.62316610008763,2.14626745053024,-2.94285968825523));
#7832=DIRECTION('',(-1.06869237657294E-18,0.999961923064171,0.00872653549837393));
#7833=DIRECTION('',(1.0,0.0,1.22464679914735E-16));
#7834=ORIENTED_EDGE('',*,*,#11153,.F.);
#7835=ORIENTED_EDGE('',*,*,#11151,.F.);
#7836=ORIENTED_EDGE('',*,*,#11154,.F.);
#7837=ORIENTED_EDGE('',*,*,#11155,.F.);
#7838=CARTESIAN_POINT('',(-3.3515426481068,-1.99845735189322,-9.34999048076605));
#7839=DIRECTION('',(-0.707079856727016,0.707079856727016,0.00872653549837385));
#7840=DIRECTION('',(-1.22455354287845E-16,-0.01234071497561,0.99992385047757));
#7841=ORIENTED_EDGE('',*,*,#11142,.T.);
#7842=ORIENTED_EDGE('',*,*,#11156,.T.);
#7843=ORIENTED_EDGE('',*,*,#11157,.F.);
#7844=ORIENTED_EDGE('',*,*,#11155,.T.);
#7845=CARTESIAN_POINT('',(1.79781836612541,-2.0,-9.34999048076605));
#7846=DIRECTION('',(-0.999961923064171,0.0,0.00872653549837381));
#7847=DIRECTION('',(0.0,-1.0,0.0));
#7848=ORIENTED_EDGE('',*,*,#11158,.F.);
#7849=ORIENTED_EDGE('',*,*,#11156,.F.);
#7850=ORIENTED_EDGE('',*,*,#11146,.T.);
#7851=ORIENTED_EDGE('',*,*,#11159,.F.);
#7852=CARTESIAN_POINT('',(-2.4,5.79781836612541,-9.34999048076605));
#7853=DIRECTION('',(-1.06869237657294E-18,-0.999961923064171,0.00872653549837393));
#7854=DIRECTION('',(-1.22460016834977E-16,0.00872653549837393,0.999961923064171));
#7855=ORIENTED_EDGE('',*,*,#11160,.F.);
#7856=ORIENTED_EDGE('',*,*,#11159,.T.);
#7857=ORIENTED_EDGE('',*,*,#11161,.T.);
#7858=ORIENTED_EDGE('',*,*,#11148,.T.);
#7859=CARTESIAN_POINT('',(-1.7978183661254,1.6,-9.34999048076605));
#7860=DIRECTION('',(0.999961923064171,0.0,0.00872653549837406));
#7861=DIRECTION('',(0.00872653549837406,0.0,-0.999961923064171));
#7862=ORIENTED_EDGE('',*,*,#11162,.F.);
#7863=ORIENTED_EDGE('',*,*,#11163,.T.);
#7864=ORIENTED_EDGE('',*,*,#11161,.F.);
#7865=ORIENTED_EDGE('',*,*,#11145,.F.);
#7866=CARTESIAN_POINT('',(-1.97854184334458,-0.3,-0.0999961923064208));
#7867=DIRECTION('',(-0.704014724455967,-0.0,-0.710185375623287));
#7868=DIRECTION('',(0.0,-1.0,0.0));
#7869=ORIENTED_EDGE('',*,*,#11164,.T.);
#7870=ORIENTED_EDGE('',*,*,#11143,.T.);
#7871=ORIENTED_EDGE('',*,*,#11154,.T.);
#7872=ORIENTED_EDGE('',*,*,#11137,.F.);
#7873=CARTESIAN_POINT('',(-2.74875185184445,-1.65124814815555,-0.0999961923064209));
#7874=DIRECTION('',(-0.497813585717994,0.497813585717994,0.710185375623285));
#7875=DIRECTION('',(-9.8591098704316E-17,-0.818861330000289,0.573991395606378));
#7876=ORIENTED_EDGE('',*,*,#11165,.T.);
#7877=ORIENTED_EDGE('',*,*,#11139,.T.);
#7878=ORIENTED_EDGE('',*,*,#11149,.T.);
#7879=ORIENTED_EDGE('',*,*,#11163,.F.);
#7880=CARTESIAN_POINT('',(-1.45124814815555,2.54875185184445,-0.0999961923064208));
#7881=DIRECTION('',(0.497813585717997,0.497813585717997,0.710185375623281));
#7882=DIRECTION('',(0.818861330000286,0.0,-0.573991395606383));
#7883=ORIENTED_EDGE('',*,*,#4623,.F.);
#7884=ORIENTED_EDGE('',*,*,#4627,.F.);
#7885=ORIENTED_EDGE('',*,*,#4632,.F.);
#7886=ORIENTED_EDGE('',*,*,#4629,.F.);
#7887=ORIENTED_EDGE('',*,*,#11160,.T.);
#7888=ORIENTED_EDGE('',*,*,#11147,.T.);
#7889=ORIENTED_EDGE('',*,*,#11152,.T.);
#7890=ORIENTED_EDGE('',*,*,#11153,.T.);
#7891=ORIENTED_EDGE('',*,*,#11157,.T.);
#7892=ORIENTED_EDGE('',*,*,#11158,.T.);
#7893=CARTESIAN_POINT('',(-11.45718,2.5,-9.1));
#7894=DIRECTION('',(-1.22464679914735E-16,0.0,1.0));
#7895=DIRECTION('',(0.0,-1.0,0.0));
#7896=ORIENTED_EDGE('',*,*,#10669,.F.);
#7897=ORIENTED_EDGE('',*,*,#11166,.T.);
#7898=ORIENTED_EDGE('',*,*,#11167,.F.);
#7899=ORIENTED_EDGE('',*,*,#11168,.F.);
#7900=CARTESIAN_POINT('',(1.91614598338144,0.601949027427968,-12.8));
#7901=DIRECTION('',(0.316227766016852,-0.948683298050509,3.87267321454056E-17));
#7902=DIRECTION('',(0.948683298050509,0.316227766016852,1.16180196436211E-16));
#7903=ORIENTED_EDGE('',*,*,#10670,.F.);
#7904=ORIENTED_EDGE('',*,*,#11168,.T.);
#7905=ORIENTED_EDGE('',*,*,#11169,.F.);
#7906=ORIENTED_EDGE('',*,*,#11170,.F.);
#7907=CARTESIAN_POINT('',(1.89364598338144,2.30499845804647,-12.8));
#7908=DIRECTION('',(1.0,-6.12303176911189E-17,1.22464679914735E-16));
#7909=DIRECTION('',(6.12303176911189E-17,1.0,7.49855125712043E-33));
#7910=ORIENTED_EDGE('',*,*,#10671,.F.);
#7911=ORIENTED_EDGE('',*,*,#11170,.T.);
#7912=ORIENTED_EDGE('',*,*,#11171,.F.);
#7913=ORIENTED_EDGE('',*,*,#11172,.F.);
#7914=CARTESIAN_POINT('',(1.89364598338144,0.534449027427967,-12.8));
#7915=DIRECTION('',(0.0,1.0,0.0));
#7916=DIRECTION('',(-1.0,0.0,-1.22464679914735E-16));
#7917=ORIENTED_EDGE('',*,*,#10672,.F.);
#7918=ORIENTED_EDGE('',*,*,#11172,.T.);
#7919=ORIENTED_EDGE('',*,*,#11173,.F.);
#7920=ORIENTED_EDGE('',*,*,#11174,.F.);
#7921=CARTESIAN_POINT('',(2.49364598338143,1.83999845804647,-12.8));
#7922=DIRECTION('',(-1.0,6.12303176911189E-17,-1.22464679914735E-16));
#7923=DIRECTION('',(6.12303176911189E-17,1.0,7.49855125712043E-33));
#7924=ORIENTED_EDGE('',*,*,#10673,.F.);
#7925=ORIENTED_EDGE('',*,*,#11174,.T.);
#7926=ORIENTED_EDGE('',*,*,#11175,.F.);
#7927=ORIENTED_EDGE('',*,*,#11176,.F.);
#7928=CARTESIAN_POINT('',(2.49364598338143,0.609449027427968,-12.8));
#7929=DIRECTION('',(-0.0,-1.0,0.0));
#7930=DIRECTION('',(-1.22464679914735E-16,0.0,1.0));
#7931=ORIENTED_EDGE('',*,*,#10674,.F.);
#7932=ORIENTED_EDGE('',*,*,#11176,.T.);
#7933=ORIENTED_EDGE('',*,*,#11177,.F.);
#7934=ORIENTED_EDGE('',*,*,#11178,.F.);
#7935=CARTESIAN_POINT('',(2.05864598338144,0.609449027427968,-12.8));
#7936=DIRECTION('',(-1.0,0.0,-1.22464679914735E-16));
#7937=DIRECTION('',(0.0,1.0,0.0));
#7938=ORIENTED_EDGE('',*,*,#10675,.F.);
#7939=ORIENTED_EDGE('',*,*,#11178,.T.);
#7940=ORIENTED_EDGE('',*,*,#11179,.F.);
#7941=ORIENTED_EDGE('',*,*,#11180,.F.);
#7942=CARTESIAN_POINT('',(2.05864598338145,0.751949027427968,-12.8));
#7943=DIRECTION('',(-0.0,-1.0,0.0));
#7944=DIRECTION('',(-1.22464679914735E-16,0.0,1.0));
#7945=ORIENTED_EDGE('',*,*,#10676,.F.);
#7946=ORIENTED_EDGE('',*,*,#11180,.T.);
#7947=ORIENTED_EDGE('',*,*,#11181,.F.);
#7948=ORIENTED_EDGE('',*,*,#11182,.F.);
#7949=CARTESIAN_POINT('',(1.99864598338144,0.751949027427968,-12.8));
#7950=DIRECTION('',(1.0,0.0,1.22464679914735E-16));
#7951=DIRECTION('',(1.22464679914735E-16,0.0,-1.0));
#7952=ORIENTED_EDGE('',*,*,#10677,.F.);
#7953=ORIENTED_EDGE('',*,*,#11182,.T.);
#7954=ORIENTED_EDGE('',*,*,#11183,.F.);
#7955=ORIENTED_EDGE('',*,*,#11184,.F.);
#7956=CARTESIAN_POINT('',(1.99864598338144,0.736949027427968,-12.8));
#7957=DIRECTION('',(0.980580675690919,-0.196116135138191,1.20086498579063E-16));
#7958=DIRECTION('',(0.196116135138191,0.980580675690919,2.40172997158135E-17));
#7959=ORIENTED_EDGE('',*,*,#10678,.F.);
#7960=ORIENTED_EDGE('',*,*,#11184,.T.);
#7961=ORIENTED_EDGE('',*,*,#11185,.F.);
#7962=ORIENTED_EDGE('',*,*,#11186,.F.);
#7963=CARTESIAN_POINT('',(1.99114598338145,0.699449027427968,-12.8));
#7964=DIRECTION('',(0.94868329805051,-0.316227766016849,1.16180196436211E-16));
#7965=DIRECTION('',(0.316227766016849,0.94868329805051,3.87267321454052E-17));
#7966=ORIENTED_EDGE('',*,*,#10679,.F.);
#7967=ORIENTED_EDGE('',*,*,#11186,.T.);
#7968=ORIENTED_EDGE('',*,*,#11187,.F.);
#7969=ORIENTED_EDGE('',*,*,#11188,.F.);
#7970=CARTESIAN_POINT('',(1.98364598338145,0.676949027427968,-12.8));
#7971=DIRECTION('',(0.894427190999909,-0.447213595499971,1.0953573965284E-16));
#7972=DIRECTION('',(0.447213595499971,0.894427190999909,5.47678698264219E-17));
#7973=ORIENTED_EDGE('',*,*,#10680,.F.);
#7974=ORIENTED_EDGE('',*,*,#11188,.T.);
#7975=ORIENTED_EDGE('',*,*,#11189,.F.);
#7976=ORIENTED_EDGE('',*,*,#11190,.F.);
#7977=CARTESIAN_POINT('',(1.96864598338144,0.646949027427968,-12.8));
#7978=DIRECTION('',(0.707106781186547,-0.707106781186547,8.65956056235493E-17));
#7979=DIRECTION('',(0.707106781186547,0.707106781186547,8.65956056235493E-17));
#7980=ORIENTED_EDGE('',*,*,#10668,.F.);
#7981=ORIENTED_EDGE('',*,*,#11190,.T.);
#7982=ORIENTED_EDGE('',*,*,#11191,.F.);
#7983=ORIENTED_EDGE('',*,*,#11166,.F.);
#7984=CARTESIAN_POINT('',(1.94614598338144,0.624449027427968,-12.8));
#7985=DIRECTION('',(0.599999999999985,-0.800000000000011,7.34788079488393E-17));
#7986=DIRECTION('',(0.800000000000011,0.599999999999985,9.79717439317896E-17));
#7987=ORIENTED_EDGE('',*,*,#11171,.T.);
#7988=ORIENTED_EDGE('',*,*,#11169,.T.);
#7989=ORIENTED_EDGE('',*,*,#11167,.T.);
#7990=ORIENTED_EDGE('',*,*,#11191,.T.);
#7991=ORIENTED_EDGE('',*,*,#11189,.T.);
#7992=ORIENTED_EDGE('',*,*,#11187,.T.);
#7993=ORIENTED_EDGE('',*,*,#11185,.T.);
#7994=ORIENTED_EDGE('',*,*,#11183,.T.);
#7995=ORIENTED_EDGE('',*,*,#11181,.T.);
#7996=ORIENTED_EDGE('',*,*,#11179,.T.);
#7997=ORIENTED_EDGE('',*,*,#11177,.T.);
#7998=ORIENTED_EDGE('',*,*,#11175,.T.);
#7999=ORIENTED_EDGE('',*,*,#11173,.T.);
#8000=CARTESIAN_POINT('',(1.55078566118185,4.18012413454759,-12.6));
#8001=DIRECTION('',(1.22464679914735E-16,0.0,-1.0));
#8002=DIRECTION('',(-1.0,0.0,-1.22464679914735E-16));
#8003=ORIENTED_EDGE('',*,*,#10682,.F.);
#8004=ORIENTED_EDGE('',*,*,#11192,.F.);
#8005=ORIENTED_EDGE('',*,*,#11193,.T.);
#8006=ORIENTED_EDGE('',*,*,#11194,.F.);
#8007=CARTESIAN_POINT('',(-2.9,0.65,-12.8));
#8008=DIRECTION('',(0.0,1.0,0.0));
#8009=DIRECTION('',(-1.0,0.0,-1.22464679914735E-16));
#8010=ORIENTED_EDGE('',*,*,#10683,.F.);
#8011=ORIENTED_EDGE('',*,*,#11194,.T.);
#8012=ORIENTED_EDGE('',*,*,#11195,.T.);
#8013=ORIENTED_EDGE('',*,*,#11196,.F.);
#8014=CARTESIAN_POINT('',(1.7,0.65,-12.8));
#8015=DIRECTION('',(-1.0,0.0,-1.22464679914735E-16));
#8016=DIRECTION('',(0.0,1.0,0.0));
#8017=ORIENTED_EDGE('',*,*,#10684,.F.);
#8018=ORIENTED_EDGE('',*,*,#11196,.T.);
#8019=ORIENTED_EDGE('',*,*,#11197,.F.);
#8020=ORIENTED_EDGE('',*,*,#11198,.T.);
#8021=CARTESIAN_POINT('',(-1.3,3.55,-12.8));
#8022=DIRECTION('',(-0.0,-1.0,0.0));
#8023=DIRECTION('',(-1.22464679914735E-16,0.0,1.0));
#8024=ORIENTED_EDGE('',*,*,#11198,.F.);
#8025=ORIENTED_EDGE('',*,*,#11199,.T.);
#8026=ORIENTED_EDGE('',*,*,#11200,.T.);
#8027=ORIENTED_EDGE('',*,*,#10685,.F.);
#8028=CARTESIAN_POINT('',(0.514164390384911,3.69987459644938,-12.8));
#8029=DIRECTION('',(-1.22464679914735E-16,-0.0,1.0));
#8030=DIRECTION('',(1.0,0.0,1.22464679914735E-16));
#8031=ORIENTED_EDGE('',*,*,#11201,.T.);
#8032=ORIENTED_EDGE('',*,*,#11202,.T.);
#8033=ORIENTED_EDGE('',*,*,#11192,.T.);
#8034=ORIENTED_EDGE('',*,*,#10681,.F.);
#8035=CARTESIAN_POINT('',(0.514164390384911,0.500125403550608,-12.8));
#8036=DIRECTION('',(-1.22464679914735E-16,-0.0,1.0));
#8037=DIRECTION('',(1.0,0.0,1.22464679914735E-16));
#8038=ORIENTED_EDGE('',*,*,#11203,.F.);
#8039=ORIENTED_EDGE('',*,*,#11199,.F.);
#8040=ORIENTED_EDGE('',*,*,#11197,.T.);
#8041=ORIENTED_EDGE('',*,*,#11195,.F.);
#8042=ORIENTED_EDGE('',*,*,#11193,.F.);
#8043=ORIENTED_EDGE('',*,*,#11202,.F.);
#8044=CARTESIAN_POINT('',(-24.2811723330884,-2.19974190238362,-10.3));
#8045=DIRECTION('',(1.22464679914735E-16,0.0,-1.0));
#8046=DIRECTION('',(-1.0,0.0,-1.22464679914735E-16));
#8047=ORIENTED_EDGE('',*,*,#10686,.F.);
#8048=ORIENTED_EDGE('',*,*,#11200,.F.);
#8049=ORIENTED_EDGE('',*,*,#11203,.T.);
#8050=ORIENTED_EDGE('',*,*,#11201,.F.);
#8051=CARTESIAN_POINT('',(0.500000000001493,2.9,-12.8));
#8052=DIRECTION('',(1.0,0.0,1.22464679914735E-16));
#8053=DIRECTION('',(1.22464679914735E-16,0.0,-1.0));
#8054=ORIENTED_EDGE('',*,*,#11204,.T.);
#8055=ORIENTED_EDGE('',*,*,#11205,.T.);
#8056=ORIENTED_EDGE('',*,*,#11206,.T.);
#8057=ORIENTED_EDGE('',*,*,#11207,.F.);
#8058=CARTESIAN_POINT('',(-10.3785418433461,0.298259967616287,-0.0999961923064219));
#8059=DIRECTION('',(-0.704014724455966,-0.0,-0.710185375623288));
#8060=DIRECTION('',(0.0,-1.0,0.0));
#8061=ORIENTED_EDGE('',*,*,#11208,.F.);
#8062=ORIENTED_EDGE('',*,*,#11209,.T.);
#8063=ORIENTED_EDGE('',*,*,#11210,.F.);
#8064=ORIENTED_EDGE('',*,*,#11211,.F.);
#8065=CARTESIAN_POINT('',(-6.6021816338746,2.2,-9.34999048076605));
#8066=DIRECTION('',(-0.999961923064171,0.0,0.00872653549837381));
#8067=DIRECTION('',(0.0,-1.0,0.0));
#8068=ORIENTED_EDGE('',*,*,#11212,.F.);
#8069=ORIENTED_EDGE('',*,*,#11213,.T.);
#8070=ORIENTED_EDGE('',*,*,#11214,.T.);
#8071=ORIENTED_EDGE('',*,*,#11215,.F.);
#8072=CARTESIAN_POINT('',(-10.6214581566539,0.298259967616287,-0.0999961923064219));
#8073=DIRECTION('',(0.704014724455965,0.0,-0.710185375623289));
#8074=DIRECTION('',(0.0,1.0,0.0));
#8075=ORIENTED_EDGE('',*,*,#11207,.T.);
#8076=ORIENTED_EDGE('',*,*,#11216,.F.);
#8077=ORIENTED_EDGE('',*,*,#11217,.F.);
#8078=ORIENTED_EDGE('',*,*,#11218,.T.);
#8079=CARTESIAN_POINT('',(-10.1978183661254,1.6,-9.34999048076605));
#8080=DIRECTION('',(0.999961923064171,0.0,0.00872653549837406));
#8081=DIRECTION('',(0.00872653549837406,0.0,-0.999961923064171));
#8082=ORIENTED_EDGE('',*,*,#11216,.T.);
#8083=ORIENTED_EDGE('',*,*,#11219,.F.);
#8084=ORIENTED_EDGE('',*,*,#11211,.T.);
#8085=ORIENTED_EDGE('',*,*,#11220,.T.);
#8086=CARTESIAN_POINT('',(-4.62316610008763,2.14626745053024,-2.94285968825523));
#8087=DIRECTION('',(-1.06869237657294E-18,0.999961923064171,0.00872653549837393));
#8088=DIRECTION('',(1.0,0.0,1.22464679914735E-16));
#8089=ORIENTED_EDGE('',*,*,#11221,.F.);
#8090=ORIENTED_EDGE('',*,*,#11222,.F.);
#8091=ORIENTED_EDGE('',*,*,#11223,.T.);
#8092=ORIENTED_EDGE('',*,*,#11208,.T.);
#8093=CARTESIAN_POINT('',(-6.4214581566539,4.49825996761629,-0.0999961923064214));
#8094=DIRECTION('',(0.704014724455965,0.0,-0.710185375623289));
#8095=DIRECTION('',(0.0,1.0,0.0));
#8096=ORIENTED_EDGE('',*,*,#11224,.T.);
#8097=ORIENTED_EDGE('',*,*,#11221,.T.);
#8098=ORIENTED_EDGE('',*,*,#11219,.T.);
#8099=ORIENTED_EDGE('',*,*,#11206,.F.);
#8100=CARTESIAN_POINT('',(-8.3999999999985,2.02145815665394,-0.0999961923064216));
#8101=DIRECTION('',(-8.69726247058316E-17,0.704014724455969,0.710185375623285));
#8102=DIRECTION('',(1.0,0.0,1.22464679914735E-16));
#8103=ORIENTED_EDGE('',*,*,#11225,.F.);
#8104=ORIENTED_EDGE('',*,*,#11223,.F.);
#8105=ORIENTED_EDGE('',*,*,#11226,.T.);
#8106=ORIENTED_EDGE('',*,*,#11227,.T.);
#8107=CARTESIAN_POINT('',(-8.4,5.97854184334607,-0.0999961923064216));
#8108=DIRECTION('',(8.69726247058319E-17,0.704014724455967,-0.710185375623287));
#8109=DIRECTION('',(-1.0,0.0,-1.22464679914735E-16));
#8110=ORIENTED_EDGE('',*,*,#4590,.F.);
#8111=ORIENTED_EDGE('',*,*,#4594,.F.);
#8112=ORIENTED_EDGE('',*,*,#4599,.F.);
#8113=ORIENTED_EDGE('',*,*,#4596,.F.);
#8114=ORIENTED_EDGE('',*,*,#4557,.F.);
#8115=ORIENTED_EDGE('',*,*,#4561,.F.);
#8116=ORIENTED_EDGE('',*,*,#4566,.F.);
#8117=ORIENTED_EDGE('',*,*,#4563,.F.);
#8118=ORIENTED_EDGE('',*,*,#11228,.F.);
#8119=ORIENTED_EDGE('',*,*,#11229,.F.);
#8120=ORIENTED_EDGE('',*,*,#11230,.F.);
#8121=ORIENTED_EDGE('',*,*,#11231,.F.);
#8122=ORIENTED_EDGE('',*,*,#11232,.F.);
#8123=ORIENTED_EDGE('',*,*,#11217,.T.);
#8124=ORIENTED_EDGE('',*,*,#11220,.F.);
#8125=ORIENTED_EDGE('',*,*,#11210,.T.);
#8126=CARTESIAN_POINT('',(-11.45718,2.5,-9.1));
#8127=DIRECTION('',(-1.22464679914735E-16,0.0,1.0));
#8128=DIRECTION('',(0.0,-1.0,0.0));
#8129=ORIENTED_EDGE('',*,*,#11233,.T.);
#8130=ORIENTED_EDGE('',*,*,#11234,.T.);
#8131=ORIENTED_EDGE('',*,*,#11235,.T.);
#8132=ORIENTED_EDGE('',*,*,#11236,.T.);
#8133=CARTESIAN_POINT('',(3.77683389991242,-2.05373254946974,-2.94285968825523));
#8134=DIRECTION('',(-1.06869237657294E-18,0.999961923064171,0.00872653549837393));
#8135=DIRECTION('',(1.0,0.0,1.22464679914735E-16));
#8136=ORIENTED_EDGE('',*,*,#11235,.F.);
#8137=ORIENTED_EDGE('',*,*,#11237,.F.);
#8138=ORIENTED_EDGE('',*,*,#11238,.T.);
#8139=ORIENTED_EDGE('',*,*,#11239,.F.);
#8140=CARTESIAN_POINT('',(1.79781836612541,-2.0,-9.34999048076605));
#8141=DIRECTION('',(-0.999961923064171,0.0,0.00872653549837381));
#8142=DIRECTION('',(0.0,-1.0,0.0));
#8143=ORIENTED_EDGE('',*,*,#11240,.T.);
#8144=ORIENTED_EDGE('',*,*,#11241,.F.);
#8145=ORIENTED_EDGE('',*,*,#11242,.T.);
#8146=ORIENTED_EDGE('',*,*,#11237,.T.);
#8147=CARTESIAN_POINT('',(1.97854184334607,0.298259967616287,-0.0999961923064204));
#8148=DIRECTION('',(0.704014724455965,0.0,-0.710185375623289));
#8149=DIRECTION('',(0.0,1.0,0.0));
#8150=ORIENTED_EDGE('',*,*,#11243,.T.);
#8151=ORIENTED_EDGE('',*,*,#11244,.F.);
#8152=ORIENTED_EDGE('',*,*,#11240,.F.);
#8153=ORIENTED_EDGE('',*,*,#11234,.F.);
#8154=CARTESIAN_POINT('',(1.49100707360375E-12,-2.17854184334607,-0.0999961923064206));
#8155=DIRECTION('',(8.69726247058318E-17,-0.704014724455968,-0.710185375623286));
#8156=DIRECTION('',(1.0,0.0,1.22464679914735E-16));
#8157=ORIENTED_EDGE('',*,*,#11245,.F.);
#8158=ORIENTED_EDGE('',*,*,#11243,.F.);
#8159=ORIENTED_EDGE('',*,*,#11246,.F.);
#8160=ORIENTED_EDGE('',*,*,#11247,.F.);
#8161=CARTESIAN_POINT('',(-1.97854184334458,-0.3,-0.0999961923064208));
#8162=DIRECTION('',(-0.704014724455967,-0.0,-0.710185375623287));
#8163=DIRECTION('',(0.0,-1.0,0.0));
#8164=ORIENTED_EDGE('',*,*,#11248,.F.);
#8165=ORIENTED_EDGE('',*,*,#11247,.T.);
#8166=ORIENTED_EDGE('',*,*,#11249,.F.);
#8167=ORIENTED_EDGE('',*,*,#11242,.F.);
#8168=CARTESIAN_POINT('',(8.79607739671902E-16,1.77854184334607,-0.0999961923064206));
#8169=DIRECTION('',(8.69726247058319E-17,0.704014724455967,-0.710185375623287));
#8170=DIRECTION('',(-1.0,0.0,-1.22464679914735E-16));
#8171=ORIENTED_EDGE('',*,*,#11250,.F.);
#8172=ORIENTED_EDGE('',*,*,#11238,.F.);
#8173=ORIENTED_EDGE('',*,*,#11249,.T.);
#8174=ORIENTED_EDGE('',*,*,#11251,.F.);
#8175=CARTESIAN_POINT('',(6.0,1.59781836612541,-9.34999048076605));
#8176=DIRECTION('',(-1.06869237657294E-18,-0.999961923064171,0.00872653549837393));
#8177=DIRECTION('',(-1.22460016834977E-16,0.00872653549837393,0.999961923064171));
#8178=ORIENTED_EDGE('',*,*,#11246,.T.);
#8179=ORIENTED_EDGE('',*,*,#11233,.F.);
#8180=ORIENTED_EDGE('',*,*,#11252,.F.);
#8181=ORIENTED_EDGE('',*,*,#11251,.T.);
#8182=CARTESIAN_POINT('',(-1.7978183661254,1.6,-9.34999048076605));
#8183=DIRECTION('',(0.999961923064171,0.0,0.00872653549837406));
#8184=DIRECTION('',(0.00872653549837406,0.0,-0.999961923064171));
#8185=ORIENTED_EDGE('',*,*,#4524,.F.);
#8186=ORIENTED_EDGE('',*,*,#4528,.F.);
#8187=ORIENTED_EDGE('',*,*,#4533,.F.);
#8188=ORIENTED_EDGE('',*,*,#4530,.F.);
#8189=ORIENTED_EDGE('',*,*,#11252,.T.);
#8190=ORIENTED_EDGE('',*,*,#11236,.F.);
#8191=ORIENTED_EDGE('',*,*,#11239,.T.);
#8192=ORIENTED_EDGE('',*,*,#11250,.T.);
#8193=CARTESIAN_POINT('',(-11.45718,2.5,-9.1));
#8194=DIRECTION('',(-1.22464679914735E-16,0.0,1.0));
#8195=DIRECTION('',(0.0,-1.0,0.0));
#8196=ORIENTED_EDGE('',*,*,#10694,.F.);
#8197=ORIENTED_EDGE('',*,*,#11253,.F.);
#8198=ORIENTED_EDGE('',*,*,#11254,.F.);
#8199=ORIENTED_EDGE('',*,*,#11255,.T.);
#8200=CARTESIAN_POINT('',(-4.6999999999985,1.3,-12.8));
#8201=DIRECTION('',(-1.0,0.0,-1.22464679914735E-16));
#8202=DIRECTION('',(0.0,1.0,0.0));
#8203=ORIENTED_EDGE('',*,*,#10688,.F.);
#8204=ORIENTED_EDGE('',*,*,#11256,.F.);
#8205=ORIENTED_EDGE('',*,*,#11257,.F.);
#8206=ORIENTED_EDGE('',*,*,#11258,.T.);
#8207=CARTESIAN_POINT('',(-1.3,3.55,-12.8));
#8208=DIRECTION('',(-0.0,-1.0,0.0));
#8209=DIRECTION('',(-1.22464679914735E-16,0.0,1.0));
#8210=ORIENTED_EDGE('',*,*,#11259,.T.);
#8211=ORIENTED_EDGE('',*,*,#11260,.T.);
#8212=ORIENTED_EDGE('',*,*,#11261,.T.);
#8213=ORIENTED_EDGE('',*,*,#10691,.F.);
#8214=CARTESIAN_POINT('',(-7.8858356096151,0.500125403550608,-12.8));
#8215=DIRECTION('',(-1.22464679914735E-16,-0.0,1.0));
#8216=DIRECTION('',(1.0,0.0,1.22464679914735E-16));
#8217=ORIENTED_EDGE('',*,*,#10690,.F.);
#8218=ORIENTED_EDGE('',*,*,#11262,.F.);
#8219=ORIENTED_EDGE('',*,*,#11263,.T.);
#8220=ORIENTED_EDGE('',*,*,#11259,.F.);
#8221=CARTESIAN_POINT('',(-7.8999999999985,2.9,-12.8));
#8222=DIRECTION('',(1.0,0.0,1.22464679914735E-16));
#8223=DIRECTION('',(1.22464679914735E-16,0.0,-1.0));
#8224=ORIENTED_EDGE('',*,*,#10692,.F.);
#8225=ORIENTED_EDGE('',*,*,#11261,.F.);
#8226=ORIENTED_EDGE('',*,*,#11264,.T.);
#8227=ORIENTED_EDGE('',*,*,#11265,.F.);
#8228=CARTESIAN_POINT('',(-2.9,0.65,-12.8));
#8229=DIRECTION('',(0.0,1.0,0.0));
#8230=DIRECTION('',(-1.0,0.0,-1.22464679914735E-16));
#8231=ORIENTED_EDGE('',*,*,#11265,.T.);
#8232=ORIENTED_EDGE('',*,*,#11266,.T.);
#8233=ORIENTED_EDGE('',*,*,#11253,.T.);
#8234=ORIENTED_EDGE('',*,*,#10693,.F.);
#8235=CARTESIAN_POINT('',(-4.7141643903849,0.500125403550668,-12.8));
#8236=DIRECTION('',(-1.22464679914735E-16,-0.0,1.0));
#8237=DIRECTION('',(1.0,0.0,1.22464679914735E-16));
#8238=ORIENTED_EDGE('',*,*,#11258,.F.);
#8239=ORIENTED_EDGE('',*,*,#11267,.T.);
#8240=ORIENTED_EDGE('',*,*,#11262,.T.);
#8241=ORIENTED_EDGE('',*,*,#10689,.F.);
#8242=CARTESIAN_POINT('',(-7.8858356096151,3.69987459644938,-12.8));
#8243=DIRECTION('',(-1.22464679914735E-16,-0.0,1.0));
#8244=DIRECTION('',(1.0,0.0,1.22464679914735E-16));
#8245=ORIENTED_EDGE('',*,*,#11263,.F.);
#8246=ORIENTED_EDGE('',*,*,#11267,.F.);
#8247=ORIENTED_EDGE('',*,*,#11257,.T.);
#8248=ORIENTED_EDGE('',*,*,#11268,.F.);
#8249=ORIENTED_EDGE('',*,*,#11254,.T.);
#8250=ORIENTED_EDGE('',*,*,#11266,.F.);
#8251=ORIENTED_EDGE('',*,*,#11264,.F.);
#8252=ORIENTED_EDGE('',*,*,#11260,.F.);
#8253=CARTESIAN_POINT('',(-24.2811723330884,-2.19974190238362,-10.3));
#8254=DIRECTION('',(1.22464679914735E-16,0.0,-1.0));
#8255=DIRECTION('',(-1.0,0.0,-1.22464679914735E-16));
#8256=ORIENTED_EDGE('',*,*,#11255,.F.);
#8257=ORIENTED_EDGE('',*,*,#11268,.T.);
#8258=ORIENTED_EDGE('',*,*,#11256,.T.);
#8259=ORIENTED_EDGE('',*,*,#10687,.F.);
#8260=CARTESIAN_POINT('',(-4.7141643903849,3.69987459644933,-12.8));
#8261=DIRECTION('',(-1.22464679914735E-16,-0.0,1.0));
#8262=DIRECTION('',(1.0,0.0,1.22464679914735E-16));
#8263=ORIENTED_EDGE('',*,*,#10696,.F.);
#8264=ORIENTED_EDGE('',*,*,#11269,.F.);
#8265=ORIENTED_EDGE('',*,*,#11270,.F.);
#8266=ORIENTED_EDGE('',*,*,#11271,.F.);
#8267=CARTESIAN_POINT('',(-2.9,4.85,-12.8));
#8268=DIRECTION('',(0.0,1.0,0.0));
#8269=DIRECTION('',(-1.0,0.0,-1.22464679914735E-16));
#8270=ORIENTED_EDGE('',*,*,#10697,.F.);
#8271=ORIENTED_EDGE('',*,*,#11271,.T.);
#8272=ORIENTED_EDGE('',*,*,#11272,.T.);
#8273=ORIENTED_EDGE('',*,*,#11273,.F.);
#8274=CARTESIAN_POINT('',(1.7,0.65,-12.8));
#8275=DIRECTION('',(-1.0,0.0,-1.22464679914735E-16));
#8276=DIRECTION('',(0.0,1.0,0.0));
#8277=ORIENTED_EDGE('',*,*,#10698,.F.);
#8278=ORIENTED_EDGE('',*,*,#11273,.T.);
#8279=ORIENTED_EDGE('',*,*,#11274,.F.);
#8280=ORIENTED_EDGE('',*,*,#11275,.F.);
#8281=CARTESIAN_POINT('',(-0.499999999998507,5.9,-12.8));
#8282=DIRECTION('',(-0.0,-1.0,0.0));
#8283=DIRECTION('',(-1.22464679914735E-16,0.0,1.0));
#8284=ORIENTED_EDGE('',*,*,#10699,.F.);
#8285=ORIENTED_EDGE('',*,*,#11275,.T.);
#8286=ORIENTED_EDGE('',*,*,#11276,.T.);
#8287=ORIENTED_EDGE('',*,*,#11277,.F.);
#8288=CARTESIAN_POINT('',(0.500000000001493,2.9,-12.8));
#8289=DIRECTION('',(1.0,0.0,1.22464679914735E-16));
#8290=DIRECTION('',(1.22464679914735E-16,0.0,-1.0));
#8291=ORIENTED_EDGE('',*,*,#11270,.T.);
#8292=ORIENTED_EDGE('',*,*,#11278,.F.);
#8293=ORIENTED_EDGE('',*,*,#11276,.F.);
#8294=ORIENTED_EDGE('',*,*,#11274,.T.);
#8295=ORIENTED_EDGE('',*,*,#11272,.F.);
#8296=CARTESIAN_POINT('',(-24.2811723330884,-2.19974190238362,-10.3));
#8297=DIRECTION('',(1.22464679914735E-16,0.0,-1.0));
#8298=DIRECTION('',(-1.0,0.0,-1.22464679914735E-16));
#8299=ORIENTED_EDGE('',*,*,#11277,.T.);
#8300=ORIENTED_EDGE('',*,*,#11278,.T.);
#8301=ORIENTED_EDGE('',*,*,#11269,.T.);
#8302=ORIENTED_EDGE('',*,*,#10695,.F.);
#8303=CARTESIAN_POINT('',(0.514164390384911,4.70012540355061,-12.8));
#8304=DIRECTION('',(-1.22464679914735E-16,-0.0,1.0));
#8305=DIRECTION('',(1.0,0.0,1.22464679914735E-16));
#8306=ORIENTED_EDGE('',*,*,#10701,.F.);
#8307=ORIENTED_EDGE('',*,*,#11279,.F.);
#8308=ORIENTED_EDGE('',*,*,#11280,.T.);
#8309=ORIENTED_EDGE('',*,*,#11281,.T.);
#8310=CARTESIAN_POINT('',(-2.9,4.85,-12.8));
#8311=DIRECTION('',(0.0,1.0,0.0));
#8312=DIRECTION('',(-1.0,0.0,-1.22464679914735E-16));
#8313=ORIENTED_EDGE('',*,*,#11282,.F.);
#8314=ORIENTED_EDGE('',*,*,#11283,.F.);
#8315=ORIENTED_EDGE('',*,*,#11284,.F.);
#8316=ORIENTED_EDGE('',*,*,#11285,.F.);
#8317=ORIENTED_EDGE('',*,*,#11280,.F.);
#8318=ORIENTED_EDGE('',*,*,#11286,.F.);
#8319=CARTESIAN_POINT('',(-24.2811723330884,-2.19974190238362,-10.3));
#8320=DIRECTION('',(1.22464679914735E-16,0.0,-1.0));
#8321=DIRECTION('',(-1.0,0.0,-1.22464679914735E-16));
#8322=ORIENTED_EDGE('',*,*,#11287,.T.);
#8323=ORIENTED_EDGE('',*,*,#11286,.T.);
#8324=ORIENTED_EDGE('',*,*,#11279,.T.);
#8325=ORIENTED_EDGE('',*,*,#10700,.F.);
#8326=CARTESIAN_POINT('',(-7.8858356096151,4.70012540355061,-12.8));
#8327=DIRECTION('',(-1.22464679914735E-16,-0.0,1.0));
#8328=DIRECTION('',(1.0,0.0,1.22464679914735E-16));
#8329=ORIENTED_EDGE('',*,*,#10704,.F.);
#8330=ORIENTED_EDGE('',*,*,#11288,.T.);
#8331=ORIENTED_EDGE('',*,*,#11283,.T.);
#8332=ORIENTED_EDGE('',*,*,#11289,.F.);
#8333=CARTESIAN_POINT('',(-0.499999999998507,5.9,-12.8));
#8334=DIRECTION('',(-0.0,-1.0,0.0));
#8335=DIRECTION('',(-1.22464679914735E-16,0.0,1.0));
#8336=ORIENTED_EDGE('',*,*,#10705,.F.);
#8337=ORIENTED_EDGE('',*,*,#11289,.T.);
#8338=ORIENTED_EDGE('',*,*,#11282,.T.);
#8339=ORIENTED_EDGE('',*,*,#11287,.F.);
#8340=CARTESIAN_POINT('',(-7.8999999999985,2.9,-12.8));
#8341=DIRECTION('',(1.0,0.0,1.22464679914735E-16));
#8342=DIRECTION('',(1.22464679914735E-16,0.0,-1.0));
#8343=ORIENTED_EDGE('',*,*,#10703,.F.);
#8344=ORIENTED_EDGE('',*,*,#11290,.F.);
#8345=ORIENTED_EDGE('',*,*,#11284,.T.);
#8346=ORIENTED_EDGE('',*,*,#11288,.F.);
#8347=CARTESIAN_POINT('',(-4.6999999999985,1.3,-12.8));
#8348=DIRECTION('',(-1.0,0.0,-1.22464679914735E-16));
#8349=DIRECTION('',(0.0,1.0,0.0));
#8350=ORIENTED_EDGE('',*,*,#10702,.F.);
#8351=ORIENTED_EDGE('',*,*,#11281,.F.);
#8352=ORIENTED_EDGE('',*,*,#11285,.T.);
#8353=ORIENTED_EDGE('',*,*,#11290,.T.);
#8354=CARTESIAN_POINT('',(-4.7141643903849,4.70012540355067,-12.8));
#8355=DIRECTION('',(-1.22464679914735E-16,-0.0,1.0));
#8356=DIRECTION('',(1.0,0.0,1.22464679914735E-16));
#8357=ORIENTED_EDGE('',*,*,#10709,.F.);
#8358=ORIENTED_EDGE('',*,*,#11291,.F.);
#8359=ORIENTED_EDGE('',*,*,#11292,.T.);
#8360=ORIENTED_EDGE('',*,*,#11293,.F.);
#8361=CARTESIAN_POINT('',(-0.499999999998507,1.3,-12.8));
#8362=DIRECTION('',(-1.0,0.0,-1.22464679914735E-16));
#8363=DIRECTION('',(0.0,1.0,0.0));
#8364=ORIENTED_EDGE('',*,*,#10710,.F.);
#8365=ORIENTED_EDGE('',*,*,#11293,.T.);
#8366=ORIENTED_EDGE('',*,*,#11294,.T.);
#8367=ORIENTED_EDGE('',*,*,#11295,.F.);
#8368=CARTESIAN_POINT('',(-0.499999999998507,5.9,-12.8));
#8369=DIRECTION('',(-0.0,-1.0,0.0));
#8370=DIRECTION('',(-1.22464679914735E-16,0.0,1.0));
#8371=ORIENTED_EDGE('',*,*,#10711,.F.);
#8372=ORIENTED_EDGE('',*,*,#11295,.T.);
#8373=ORIENTED_EDGE('',*,*,#11296,.F.);
#8374=ORIENTED_EDGE('',*,*,#11297,.F.);
#8375=CARTESIAN_POINT('',(-3.69999999999851,2.9,-12.8));
#8376=DIRECTION('',(1.0,0.0,1.22464679914735E-16));
#8377=DIRECTION('',(1.22464679914735E-16,0.0,-1.0));
#8378=ORIENTED_EDGE('',*,*,#10707,.F.);
#8379=ORIENTED_EDGE('',*,*,#11298,.F.);
#8380=ORIENTED_EDGE('',*,*,#11299,.T.);
#8381=ORIENTED_EDGE('',*,*,#11300,.F.);
#8382=CARTESIAN_POINT('',(-2.9,4.85,-12.8));
#8383=DIRECTION('',(0.0,1.0,0.0));
#8384=DIRECTION('',(-1.0,0.0,-1.22464679914735E-16));
#8385=ORIENTED_EDGE('',*,*,#11297,.T.);
#8386=ORIENTED_EDGE('',*,*,#11301,.T.);
#8387=ORIENTED_EDGE('',*,*,#11298,.T.);
#8388=ORIENTED_EDGE('',*,*,#10706,.F.);
#8389=CARTESIAN_POINT('',(-3.68583560961509,4.70012540355061,-12.8));
#8390=DIRECTION('',(-1.22464679914735E-16,-0.0,1.0));
#8391=DIRECTION('',(1.0,0.0,1.22464679914735E-16));
#8392=ORIENTED_EDGE('',*,*,#11302,.F.);
#8393=ORIENTED_EDGE('',*,*,#11299,.F.);
#8394=ORIENTED_EDGE('',*,*,#11301,.F.);
#8395=ORIENTED_EDGE('',*,*,#11296,.T.);
#8396=ORIENTED_EDGE('',*,*,#11294,.F.);
#8397=ORIENTED_EDGE('',*,*,#11292,.F.);
#8398=CARTESIAN_POINT('',(-24.2811723330884,-2.19974190238362,-10.3));
#8399=DIRECTION('',(1.22464679914735E-16,0.0,-1.0));
#8400=DIRECTION('',(-1.0,0.0,-1.22464679914735E-16));
#8401=ORIENTED_EDGE('',*,*,#11300,.T.);
#8402=ORIENTED_EDGE('',*,*,#11302,.T.);
#8403=ORIENTED_EDGE('',*,*,#11291,.T.);
#8404=ORIENTED_EDGE('',*,*,#10708,.F.);
#8405=CARTESIAN_POINT('',(-0.514164390384888,4.70012540355067,-12.8));
#8406=DIRECTION('',(-1.22464679914735E-16,-0.0,1.0));
#8407=DIRECTION('',(1.0,0.0,1.22464679914735E-16));
#8408=ORIENTED_EDGE('',*,*,#10712,.F.);
#8409=ORIENTED_EDGE('',*,*,#11303,.F.);
#8410=ORIENTED_EDGE('',*,*,#11304,.T.);
#8411=ORIENTED_EDGE('',*,*,#11305,.F.);
#8412=CARTESIAN_POINT('',(-0.499999999998507,1.3,-12.8));
#8413=DIRECTION('',(-1.0,0.0,-1.22464679914735E-16));
#8414=DIRECTION('',(0.0,1.0,0.0));
#8415=ORIENTED_EDGE('',*,*,#10717,.F.);
#8416=ORIENTED_EDGE('',*,*,#11306,.F.);
#8417=ORIENTED_EDGE('',*,*,#11307,.T.);
#8418=ORIENTED_EDGE('',*,*,#11308,.F.);
#8419=CARTESIAN_POINT('',(-2.9,0.65,-12.8));
#8420=DIRECTION('',(0.0,1.0,0.0));
#8421=DIRECTION('',(-1.0,0.0,-1.22464679914735E-16));
#8422=ORIENTED_EDGE('',*,*,#10713,.F.);
#8423=ORIENTED_EDGE('',*,*,#11305,.T.);
#8424=ORIENTED_EDGE('',*,*,#11309,.T.);
#8425=ORIENTED_EDGE('',*,*,#11310,.T.);
#8426=CARTESIAN_POINT('',(-1.3,3.55,-12.8));
#8427=DIRECTION('',(-0.0,-1.0,0.0));
#8428=DIRECTION('',(-1.22464679914735E-16,0.0,1.0));
#8429=ORIENTED_EDGE('',*,*,#11311,.T.);
#8430=ORIENTED_EDGE('',*,*,#11312,.T.);
#8431=ORIENTED_EDGE('',*,*,#11306,.T.);
#8432=ORIENTED_EDGE('',*,*,#10716,.F.);
#8433=CARTESIAN_POINT('',(-3.68583560961509,0.500125403550608,-12.8));
#8434=DIRECTION('',(-1.22464679914735E-16,-0.0,1.0));
#8435=DIRECTION('',(1.0,0.0,1.22464679914735E-16));
#8436=ORIENTED_EDGE('',*,*,#11308,.T.);
#8437=ORIENTED_EDGE('',*,*,#11313,.T.);
#8438=ORIENTED_EDGE('',*,*,#11303,.T.);
#8439=ORIENTED_EDGE('',*,*,#10718,.F.);
#8440=CARTESIAN_POINT('',(-0.514164390384888,0.500125403550668,-12.8));
#8441=DIRECTION('',(-1.22464679914735E-16,-0.0,1.0));
#8442=DIRECTION('',(1.0,0.0,1.22464679914735E-16));
#8443=ORIENTED_EDGE('',*,*,#11314,.F.);
#8444=ORIENTED_EDGE('',*,*,#11315,.F.);
#8445=ORIENTED_EDGE('',*,*,#11309,.F.);
#8446=ORIENTED_EDGE('',*,*,#11304,.F.);
#8447=ORIENTED_EDGE('',*,*,#11313,.F.);
#8448=ORIENTED_EDGE('',*,*,#11307,.F.);
#8449=ORIENTED_EDGE('',*,*,#11312,.F.);
#8450=CARTESIAN_POINT('',(-24.2811723330884,-2.19974190238362,-10.3));
#8451=DIRECTION('',(1.22464679914735E-16,0.0,-1.0));
#8452=DIRECTION('',(-1.0,0.0,-1.22464679914735E-16));
#8453=ORIENTED_EDGE('',*,*,#10715,.F.);
#8454=ORIENTED_EDGE('',*,*,#11316,.F.);
#8455=ORIENTED_EDGE('',*,*,#11314,.T.);
#8456=ORIENTED_EDGE('',*,*,#11311,.F.);
#8457=CARTESIAN_POINT('',(-3.69999999999851,2.9,-12.8));
#8458=DIRECTION('',(1.0,0.0,1.22464679914735E-16));
#8459=DIRECTION('',(1.22464679914735E-16,0.0,-1.0));
#8460=ORIENTED_EDGE('',*,*,#10714,.F.);
#8461=ORIENTED_EDGE('',*,*,#11310,.F.);
#8462=ORIENTED_EDGE('',*,*,#11315,.T.);
#8463=ORIENTED_EDGE('',*,*,#11316,.T.);
#8464=CARTESIAN_POINT('',(-3.6858356096151,3.69987459644938,-12.8));
#8465=DIRECTION('',(-1.22464679914735E-16,-0.0,1.0));
#8466=DIRECTION('',(1.0,0.0,1.22464679914735E-16));
#8467=ORIENTED_EDGE('',*,*,#11317,.T.);
#8468=ORIENTED_EDGE('',*,*,#11318,.T.);
#8469=ORIENTED_EDGE('',*,*,#11319,.T.);
#8470=ORIENTED_EDGE('',*,*,#10742,.F.);
#8471=CARTESIAN_POINT('',(-8.9141643903849,4.70012540355067,-12.8));
#8472=DIRECTION('',(-1.22464679914735E-16,-0.0,1.0));
#8473=DIRECTION('',(1.0,0.0,1.22464679914735E-16));
#8474=ORIENTED_EDGE('',*,*,#11320,.F.);
#8475=ORIENTED_EDGE('',*,*,#10785,.T.);
#8476=ORIENTED_EDGE('',*,*,#10859,.T.);
#8477=ORIENTED_EDGE('',*,*,#11321,.T.);
#8478=CARTESIAN_POINT('',(20.9820765059285,6.7,-2.13678593316259));
#8479=DIRECTION('',(0.0,1.0,0.0));
#8480=DIRECTION('',(-1.0,0.0,-1.22464679914735E-16));
#8481=ORIENTED_EDGE('',*,*,#11322,.T.);
#8482=ORIENTED_EDGE('',*,*,#11323,.F.);
#8483=ORIENTED_EDGE('',*,*,#11230,.T.);
#8484=ORIENTED_EDGE('',*,*,#11324,.T.);
#8485=CARTESIAN_POINT('',(-4.62316610008763,2.14626745053024,-2.94285968825523));
#8486=DIRECTION('',(-1.06869237657294E-18,0.999961923064171,0.00872653549837393));
#8487=DIRECTION('',(1.0,0.0,1.22464679914735E-16));
#8488=ORIENTED_EDGE('',*,*,#11048,.F.);
#8489=ORIENTED_EDGE('',*,*,#10744,.T.);
#8490=ORIENTED_EDGE('',*,*,#11320,.T.);
#8491=ORIENTED_EDGE('',*,*,#11325,.F.);
#8492=CARTESIAN_POINT('',(-10.5,6.7,-1.28587913910472E-15));
#8493=DIRECTION('',(1.22464679914735E-16,0.0,-1.0));
#8494=DIRECTION('',(-1.0,0.0,-1.22464679914735E-16));
#8495=ORIENTED_EDGE('',*,*,#11326,.T.);
#8496=ORIENTED_EDGE('',*,*,#11231,.T.);
#8497=ORIENTED_EDGE('',*,*,#11323,.T.);
#8498=ORIENTED_EDGE('',*,*,#11212,.T.);
#8499=CARTESIAN_POINT('',(-10.8021816338746,-2.0,-9.34999048076605));
#8500=DIRECTION('',(-0.999961923064171,0.0,0.00872653549837381));
#8501=DIRECTION('',(0.0,-1.0,0.0));
#8502=ORIENTED_EDGE('',*,*,#11324,.F.);
#8503=ORIENTED_EDGE('',*,*,#11229,.T.);
#8504=ORIENTED_EDGE('',*,*,#11327,.T.);
#8505=ORIENTED_EDGE('',*,*,#11328,.T.);
#8506=CARTESIAN_POINT('',(-14.3978183661254,5.8,-9.34999048076605));
#8507=DIRECTION('',(0.999961923064171,0.0,0.00872653549837406));
#8508=DIRECTION('',(0.00872653549837406,0.0,-0.999961923064171));
#8509=ORIENTED_EDGE('',*,*,#11329,.F.);
#8510=ORIENTED_EDGE('',*,*,#11328,.F.);
#8511=ORIENTED_EDGE('',*,*,#11227,.F.);
#8512=ORIENTED_EDGE('',*,*,#11330,.T.);
#8513=CARTESIAN_POINT('',(-14.5785418433461,4.49825996761629,-0.0999961923064224));
#8514=DIRECTION('',(-0.704014724455966,-0.0,-0.710185375623288));
#8515=DIRECTION('',(0.0,-1.0,0.0));
#8516=ORIENTED_EDGE('',*,*,#10741,.F.);
#8517=ORIENTED_EDGE('',*,*,#11331,.F.);
#8518=ORIENTED_EDGE('',*,*,#11332,.T.);
#8519=ORIENTED_EDGE('',*,*,#11317,.F.);
#8520=CARTESIAN_POINT('',(-2.9,4.85,-12.8));
#8521=DIRECTION('',(0.0,1.0,0.0));
#8522=DIRECTION('',(-1.0,0.0,-1.22464679914735E-16));
#8523=ORIENTED_EDGE('',*,*,#11333,.T.);
#8524=ORIENTED_EDGE('',*,*,#11213,.F.);
#8525=ORIENTED_EDGE('',*,*,#11322,.F.);
#8526=ORIENTED_EDGE('',*,*,#11329,.T.);
#8527=CARTESIAN_POINT('',(-8.3999999999985,2.02145815665394,-0.0999961923064216));
#8528=DIRECTION('',(-8.69726247058316E-17,0.704014724455969,0.710185375623285));
#8529=DIRECTION('',(1.0,0.0,1.22464679914735E-16));
#8530=ORIENTED_EDGE('',*,*,#11218,.F.);
#8531=ORIENTED_EDGE('',*,*,#11232,.T.);
#8532=ORIENTED_EDGE('',*,*,#11326,.F.);
#8533=ORIENTED_EDGE('',*,*,#11334,.T.);
#8534=CARTESIAN_POINT('',(-9.4123308102037,4.75940556206103,-0.000346500116041774));
#8535=DIRECTION('',(1.4086846418892E-15,0.999961923064171,0.00872653549837393));
#8536=DIRECTION('',(1.0,0.0,-1.61425418157261E-13));
#8537=ORIENTED_EDGE('',*,*,#11335,.T.);
#8538=ORIENTED_EDGE('',*,*,#11336,.T.);
#8539=ORIENTED_EDGE('',*,*,#11331,.T.);
#8540=ORIENTED_EDGE('',*,*,#10740,.F.);
#8541=CARTESIAN_POINT('',(-12.0858356096151,4.70012540355061,-12.8));
#8542=DIRECTION('',(-1.22464679914735E-16,-0.0,1.0));
#8543=DIRECTION('',(1.0,0.0,1.22464679914735E-16));
#8544=ORIENTED_EDGE('',*,*,#11225,.T.);
#8545=ORIENTED_EDGE('',*,*,#11327,.F.);
#8546=ORIENTED_EDGE('',*,*,#11228,.T.);
#8547=ORIENTED_EDGE('',*,*,#11209,.F.);
#8548=CARTESIAN_POINT('',(-2.4,5.79781836612541,-9.34999048076605));
#8549=DIRECTION('',(-1.06869237657294E-18,-0.999961923064171,0.00872653549837393));
#8550=DIRECTION('',(-1.22460016834977E-16,0.00872653549837393,0.999961923064171));
#8551=ORIENTED_EDGE('',*,*,#11337,.T.);
#8552=ORIENTED_EDGE('',*,*,#11338,.F.);
#8553=ORIENTED_EDGE('',*,*,#11031,.F.);
#8554=ORIENTED_EDGE('',*,*,#10752,.T.);
#8555=CARTESIAN_POINT('',(2.3,-2.5,2.81668763803891E-16));
#8556=DIRECTION('',(1.22464679914735E-16,0.0,-1.0));
#8557=DIRECTION('',(-1.0,0.0,-1.22464679914735E-16));
#8558=ORIENTED_EDGE('',*,*,#11339,.F.);
#8559=ORIENTED_EDGE('',*,*,#11340,.F.);
#8560=ORIENTED_EDGE('',*,*,#11341,.F.);
#8561=ORIENTED_EDGE('',*,*,#11318,.F.);
#8562=ORIENTED_EDGE('',*,*,#11332,.F.);
#8563=ORIENTED_EDGE('',*,*,#11336,.F.);
#8564=CARTESIAN_POINT('',(-24.2811723330884,-2.19974190238362,-10.3));
#8565=DIRECTION('',(1.22464679914735E-16,0.0,-1.0));
#8566=DIRECTION('',(-1.0,0.0,-1.22464679914735E-16));
#8567=ORIENTED_EDGE('',*,*,#11337,.F.);
#8568=ORIENTED_EDGE('',*,*,#10751,.T.);
#8569=ORIENTED_EDGE('',*,*,#10637,.F.);
#8570=ORIENTED_EDGE('',*,*,#11342,.T.);
#8571=CARTESIAN_POINT('',(2.7,-2.9,-12.8));
#8572=DIRECTION('',(1.0,0.0,1.22464679914735E-16));
#8573=DIRECTION('',(1.22464679914735E-16,0.0,-1.0));
#8574=ORIENTED_EDGE('',*,*,#11334,.F.);
#8575=ORIENTED_EDGE('',*,*,#11215,.T.);
#8576=ORIENTED_EDGE('',*,*,#11343,.F.);
#8577=ORIENTED_EDGE('',*,*,#11204,.F.);
#8578=CARTESIAN_POINT('',(-10.4999999999992,4.66027519175017,-0.0999961923064219));
#8579=DIRECTION('',(9.05552272775002E-16,0.704014724455972,0.710185375623282));
#8580=DIRECTION('',(1.0,-7.10873206813772E-32,-1.2750928192238E-15));
#8581=ORIENTED_EDGE('',*,*,#10846,.F.);
#8582=ORIENTED_EDGE('',*,*,#11344,.T.);
#8583=ORIENTED_EDGE('',*,*,#11345,.T.);
#8584=ORIENTED_EDGE('',*,*,#10749,.T.);
#8585=ORIENTED_EDGE('',*,*,#10633,.F.);
#8586=ORIENTED_EDGE('',*,*,#11346,.T.);
#8587=ORIENTED_EDGE('',*,*,#11347,.T.);
#8588=ORIENTED_EDGE('',*,*,#10747,.T.);
#8589=CARTESIAN_POINT('',(2.7,-2.9,-12.8));
#8590=DIRECTION('',(1.0,0.0,1.22464679914735E-16));
#8591=DIRECTION('',(1.22464679914735E-16,0.0,-1.0));
#8592=ORIENTED_EDGE('',*,*,#11346,.F.);
#8593=ORIENTED_EDGE('',*,*,#10632,.F.);
#8594=ORIENTED_EDGE('',*,*,#11348,.F.);
#8595=CARTESIAN_POINT('',(1.97949410432575,2.88835285191158,-6.6));
#8596=DIRECTION('',(1.22464679914735E-16,0.0,-1.0));
#8597=DIRECTION('',(-1.0,0.0,-1.22464679914735E-16));
#8598=ORIENTED_EDGE('',*,*,#10738,.F.);
#8599=ORIENTED_EDGE('',*,*,#11349,.T.);
#8600=ORIENTED_EDGE('',*,*,#11340,.T.);
#8601=ORIENTED_EDGE('',*,*,#11350,.F.);
#8602=CARTESIAN_POINT('',(-0.499999999998507,5.9,-12.8));
#8603=DIRECTION('',(-0.0,-1.0,0.0));
#8604=DIRECTION('',(-1.22464679914735E-16,0.0,1.0));
#8605=ORIENTED_EDGE('',*,*,#10635,.T.);
#8606=ORIENTED_EDGE('',*,*,#10750,.F.);
#8607=ORIENTED_EDGE('',*,*,#11345,.F.);
#8608=ORIENTED_EDGE('',*,*,#11351,.T.);
#8609=CARTESIAN_POINT('',(2.7,-0.549999999999993,-12.8));
#8610=DIRECTION('',(-1.22464679914735E-16,-0.0,1.0));
#8611=DIRECTION('',(1.0,0.0,1.22464679914735E-16));
#8612=ORIENTED_EDGE('',*,*,#10631,.T.);
#8613=ORIENTED_EDGE('',*,*,#10748,.F.);
#8614=ORIENTED_EDGE('',*,*,#11347,.F.);
#8615=ORIENTED_EDGE('',*,*,#11348,.T.);
#8616=CARTESIAN_POINT('',(2.7,5.5,-12.8));
#8617=DIRECTION('',(-1.22464679914735E-16,-0.0,1.0));
#8618=DIRECTION('',(1.0,0.0,1.22464679914735E-16));
#8619=ORIENTED_EDGE('',*,*,#10724,.F.);
#8620=ORIENTED_EDGE('',*,*,#11352,.F.);
#8621=ORIENTED_EDGE('',*,*,#11353,.T.);
#8622=ORIENTED_EDGE('',*,*,#11354,.T.);
#8623=CARTESIAN_POINT('',(-13.0999999999985,1.3,-12.8));
#8624=DIRECTION('',(-1.0,0.0,-1.22464679914735E-16));
#8625=DIRECTION('',(0.0,1.0,0.0));
#8626=ORIENTED_EDGE('',*,*,#11353,.F.);
#8627=ORIENTED_EDGE('',*,*,#11355,.F.);
#8628=ORIENTED_EDGE('',*,*,#11356,.F.);
#8629=ORIENTED_EDGE('',*,*,#11357,.T.);
#8630=ORIENTED_EDGE('',*,*,#11358,.F.);
#8631=ORIENTED_EDGE('',*,*,#11359,.F.);
#8632=CARTESIAN_POINT('',(-24.2811723330884,-2.19974190238362,-10.3));
#8633=DIRECTION('',(1.22464679914735E-16,0.0,-1.0));
#8634=DIRECTION('',(-1.0,0.0,-1.22464679914735E-16));
#8635=ORIENTED_EDGE('',*,*,#11354,.F.);
#8636=ORIENTED_EDGE('',*,*,#11359,.T.);
#8637=ORIENTED_EDGE('',*,*,#11360,.T.);
#8638=ORIENTED_EDGE('',*,*,#10719,.F.);
#8639=CARTESIAN_POINT('',(-13.1141643903849,3.69987459644933,-12.8));
#8640=DIRECTION('',(-1.22464679914735E-16,-0.0,1.0));
#8641=DIRECTION('',(1.0,0.0,1.22464679914735E-16));
#8642=ORIENTED_EDGE('',*,*,#11361,.T.);
#8643=ORIENTED_EDGE('',*,*,#11355,.T.);
#8644=ORIENTED_EDGE('',*,*,#11352,.T.);
#8645=ORIENTED_EDGE('',*,*,#10723,.F.);
#8646=CARTESIAN_POINT('',(-13.1141643903849,0.500125403550668,-12.8));
#8647=DIRECTION('',(-1.22464679914735E-16,-0.0,1.0));
#8648=DIRECTION('',(1.0,0.0,1.22464679914735E-16));
#8649=ORIENTED_EDGE('',*,*,#10720,.F.);
#8650=ORIENTED_EDGE('',*,*,#11360,.F.);
#8651=ORIENTED_EDGE('',*,*,#11358,.T.);
#8652=ORIENTED_EDGE('',*,*,#11362,.F.);
#8653=CARTESIAN_POINT('',(-1.3,3.55,-12.8));
#8654=DIRECTION('',(-0.0,-1.0,0.0));
#8655=DIRECTION('',(-1.22464679914735E-16,0.0,1.0));
#8656=ORIENTED_EDGE('',*,*,#10721,.F.);
#8657=ORIENTED_EDGE('',*,*,#11362,.T.);
#8658=ORIENTED_EDGE('',*,*,#11357,.F.);
#8659=ORIENTED_EDGE('',*,*,#11363,.F.);
#8660=CARTESIAN_POINT('',(-14.3,3.55,-12.8));
#8661=DIRECTION('',(1.0,0.0,1.22464679914735E-16));
#8662=DIRECTION('',(1.22464679914735E-16,0.0,-1.0));
#8663=ORIENTED_EDGE('',*,*,#10722,.F.);
#8664=ORIENTED_EDGE('',*,*,#11363,.T.);
#8665=ORIENTED_EDGE('',*,*,#11356,.T.);
#8666=ORIENTED_EDGE('',*,*,#11361,.F.);
#8667=CARTESIAN_POINT('',(-2.9,0.65,-12.8));
#8668=DIRECTION('',(0.0,1.0,0.0));
#8669=DIRECTION('',(-1.0,0.0,-1.22464679914735E-16));
#8670=ORIENTED_EDGE('',*,*,#10728,.F.);
#8671=ORIENTED_EDGE('',*,*,#11364,.F.);
#8672=ORIENTED_EDGE('',*,*,#11365,.F.);
#8673=ORIENTED_EDGE('',*,*,#11366,.F.);
#8674=CARTESIAN_POINT('',(-13.0999999999985,1.3,-12.8));
#8675=DIRECTION('',(-1.0,0.0,-1.22464679914735E-16));
#8676=DIRECTION('',(0.0,1.0,0.0));
#8677=ORIENTED_EDGE('',*,*,#10729,.F.);
#8678=ORIENTED_EDGE('',*,*,#11366,.T.);
#8679=ORIENTED_EDGE('',*,*,#11367,.F.);
#8680=ORIENTED_EDGE('',*,*,#11368,.F.);
#8681=CARTESIAN_POINT('',(-0.499999999998507,5.9,-12.8));
#8682=DIRECTION('',(-0.0,-1.0,0.0));
#8683=DIRECTION('',(-1.22464679914735E-16,0.0,1.0));
#8684=ORIENTED_EDGE('',*,*,#10725,.F.);
#8685=ORIENTED_EDGE('',*,*,#11368,.T.);
#8686=ORIENTED_EDGE('',*,*,#11369,.F.);
#8687=ORIENTED_EDGE('',*,*,#11370,.F.);
#8688=CARTESIAN_POINT('',(-14.3,3.55,-12.8));
#8689=DIRECTION('',(1.0,0.0,1.22464679914735E-16));
#8690=DIRECTION('',(1.22464679914735E-16,0.0,-1.0));
#8691=ORIENTED_EDGE('',*,*,#10726,.F.);
#8692=ORIENTED_EDGE('',*,*,#11370,.T.);
#8693=ORIENTED_EDGE('',*,*,#11371,.F.);
#8694=ORIENTED_EDGE('',*,*,#11372,.F.);
#8695=CARTESIAN_POINT('',(-2.9,4.85,-12.8));
#8696=DIRECTION('',(0.0,1.0,0.0));
#8697=DIRECTION('',(-1.0,0.0,-1.22464679914735E-16));
#8698=ORIENTED_EDGE('',*,*,#11373,.F.);
#8699=ORIENTED_EDGE('',*,*,#11371,.T.);
#8700=ORIENTED_EDGE('',*,*,#11369,.T.);
#8701=ORIENTED_EDGE('',*,*,#11367,.T.);
#8702=ORIENTED_EDGE('',*,*,#11365,.T.);
#8703=CARTESIAN_POINT('',(-24.2811723330884,-2.19974190238362,-10.3));
#8704=DIRECTION('',(1.22464679914735E-16,0.0,-1.0));
#8705=DIRECTION('',(-1.0,0.0,-1.22464679914735E-16));
#8706=ORIENTED_EDGE('',*,*,#11372,.T.);
#8707=ORIENTED_EDGE('',*,*,#11373,.T.);
#8708=ORIENTED_EDGE('',*,*,#11364,.T.);
#8709=ORIENTED_EDGE('',*,*,#10727,.F.);
#8710=CARTESIAN_POINT('',(-13.1141643903849,4.70012540355067,-12.8));
#8711=DIRECTION('',(-1.22464679914735E-16,-0.0,1.0));
#8712=DIRECTION('',(1.0,0.0,1.22464679914735E-16));
#8713=ORIENTED_EDGE('',*,*,#10734,.F.);
#8714=ORIENTED_EDGE('',*,*,#11374,.F.);
#8715=ORIENTED_EDGE('',*,*,#11375,.T.);
#8716=ORIENTED_EDGE('',*,*,#11376,.F.);
#8717=CARTESIAN_POINT('',(-2.9,0.65,-12.8));
#8718=DIRECTION('',(0.0,1.0,0.0));
#8719=DIRECTION('',(-1.0,0.0,-1.22464679914735E-16));
#8720=ORIENTED_EDGE('',*,*,#11376,.T.);
#8721=ORIENTED_EDGE('',*,*,#11377,.T.);
#8722=ORIENTED_EDGE('',*,*,#11378,.T.);
#8723=ORIENTED_EDGE('',*,*,#10735,.F.);
#8724=CARTESIAN_POINT('',(-8.9141643903849,0.500125403550668,-12.8));
#8725=DIRECTION('',(-1.22464679914735E-16,-0.0,1.0));
#8726=DIRECTION('',(1.0,0.0,1.22464679914735E-16));
#8727=ORIENTED_EDGE('',*,*,#10736,.F.);
#8728=ORIENTED_EDGE('',*,*,#11378,.F.);
#8729=ORIENTED_EDGE('',*,*,#11379,.T.);
#8730=ORIENTED_EDGE('',*,*,#11380,.T.);
#8731=CARTESIAN_POINT('',(-8.8999999999985,1.3,-12.8));
#8732=DIRECTION('',(-1.0,0.0,-1.22464679914735E-16));
#8733=DIRECTION('',(0.0,1.0,0.0));
#8734=ORIENTED_EDGE('',*,*,#11380,.F.);
#8735=ORIENTED_EDGE('',*,*,#11381,.T.);
#8736=ORIENTED_EDGE('',*,*,#11382,.T.);
#8737=ORIENTED_EDGE('',*,*,#10737,.F.);
#8738=CARTESIAN_POINT('',(-8.9141643903849,3.69987459644933,-12.8));
#8739=DIRECTION('',(-1.22464679914735E-16,-0.0,1.0));
#8740=DIRECTION('',(1.0,0.0,1.22464679914735E-16));
#8741=ORIENTED_EDGE('',*,*,#10730,.F.);
#8742=ORIENTED_EDGE('',*,*,#11382,.F.);
#8743=ORIENTED_EDGE('',*,*,#11383,.F.);
#8744=ORIENTED_EDGE('',*,*,#11384,.T.);
#8745=CARTESIAN_POINT('',(-1.3,3.55,-12.8));
#8746=DIRECTION('',(-0.0,-1.0,0.0));
#8747=DIRECTION('',(-1.22464679914735E-16,0.0,1.0));
#8748=ORIENTED_EDGE('',*,*,#11375,.F.);
#8749=ORIENTED_EDGE('',*,*,#11385,.F.);
#8750=ORIENTED_EDGE('',*,*,#11386,.F.);
#8751=ORIENTED_EDGE('',*,*,#11387,.F.);
#8752=ORIENTED_EDGE('',*,*,#11383,.T.);
#8753=ORIENTED_EDGE('',*,*,#11381,.F.);
#8754=ORIENTED_EDGE('',*,*,#11379,.F.);
#8755=ORIENTED_EDGE('',*,*,#11377,.F.);
#8756=CARTESIAN_POINT('',(-24.2811723330884,-2.19974190238362,-10.3));
#8757=DIRECTION('',(1.22464679914735E-16,0.0,-1.0));
#8758=DIRECTION('',(-1.0,0.0,-1.22464679914735E-16));
#8759=ORIENTED_EDGE('',*,*,#11388,.T.);
#8760=ORIENTED_EDGE('',*,*,#11385,.T.);
#8761=ORIENTED_EDGE('',*,*,#11374,.T.);
#8762=ORIENTED_EDGE('',*,*,#10733,.F.);
#8763=CARTESIAN_POINT('',(-12.0858356096151,0.500125403550608,-12.8));
#8764=DIRECTION('',(-1.22464679914735E-16,-0.0,1.0));
#8765=DIRECTION('',(1.0,0.0,1.22464679914735E-16));
#8766=ORIENTED_EDGE('',*,*,#11384,.F.);
#8767=ORIENTED_EDGE('',*,*,#11387,.T.);
#8768=ORIENTED_EDGE('',*,*,#11389,.T.);
#8769=ORIENTED_EDGE('',*,*,#10731,.F.);
#8770=CARTESIAN_POINT('',(-12.0858356096151,3.69987459644938,-12.8));
#8771=DIRECTION('',(-1.22464679914735E-16,-0.0,1.0));
#8772=DIRECTION('',(1.0,0.0,1.22464679914735E-16));
#8773=ORIENTED_EDGE('',*,*,#10732,.F.);
#8774=ORIENTED_EDGE('',*,*,#11389,.F.);
#8775=ORIENTED_EDGE('',*,*,#11386,.T.);
#8776=ORIENTED_EDGE('',*,*,#11388,.F.);
#8777=CARTESIAN_POINT('',(-12.0999999999985,2.9,-12.8));
#8778=DIRECTION('',(1.0,0.0,1.22464679914735E-16));
#8779=DIRECTION('',(1.22464679914735E-16,0.0,-1.0));
#8780=ORIENTED_EDGE('',*,*,#10743,.F.);
#8781=ORIENTED_EDGE('',*,*,#11319,.F.);
#8782=ORIENTED_EDGE('',*,*,#11341,.T.);
#8783=ORIENTED_EDGE('',*,*,#11349,.F.);
#8784=CARTESIAN_POINT('',(-8.8999999999985,1.3,-12.8));
#8785=DIRECTION('',(-1.0,0.0,-1.22464679914735E-16));
#8786=DIRECTION('',(0.0,1.0,0.0));
#8787=ORIENTED_EDGE('',*,*,#11325,.T.);
#8788=ORIENTED_EDGE('',*,*,#11321,.F.);
#8789=ORIENTED_EDGE('',*,*,#10858,.T.);
#8790=ORIENTED_EDGE('',*,*,#11034,.F.);
#8791=ORIENTED_EDGE('',*,*,#11033,.T.);
#8792=ORIENTED_EDGE('',*,*,#11027,.F.);
#8793=ORIENTED_EDGE('',*,*,#11338,.T.);
#8794=ORIENTED_EDGE('',*,*,#11342,.F.);
#8795=ORIENTED_EDGE('',*,*,#10636,.F.);
#8796=ORIENTED_EDGE('',*,*,#11351,.F.);
#8797=ORIENTED_EDGE('',*,*,#11344,.F.);
#8798=ORIENTED_EDGE('',*,*,#10848,.F.);
#8799=ORIENTED_EDGE('',*,*,#11047,.F.);
#8800=ORIENTED_EDGE('',*,*,#11036,.F.);
#8801=ORIENTED_EDGE('',*,*,#11049,.F.);
#8802=ORIENTED_EDGE('',*,*,#11103,.T.);
#8803=ORIENTED_EDGE('',*,*,#11101,.T.);
#8804=ORIENTED_EDGE('',*,*,#11099,.F.);
#8805=ORIENTED_EDGE('',*,*,#11097,.T.);
#8806=ORIENTED_EDGE('',*,*,#11094,.F.);
#8807=ORIENTED_EDGE('',*,*,#11105,.T.);
#8808=ORIENTED_EDGE('',*,*,#11140,.T.);
#8809=ORIENTED_EDGE('',*,*,#11164,.F.);
#8810=ORIENTED_EDGE('',*,*,#11136,.T.);
#8811=ORIENTED_EDGE('',*,*,#11165,.F.);
#8812=ORIENTED_EDGE('',*,*,#11162,.T.);
#8813=ORIENTED_EDGE('',*,*,#11144,.T.);
#8814=ORIENTED_EDGE('',*,*,#11241,.T.);
#8815=ORIENTED_EDGE('',*,*,#11244,.T.);
#8816=ORIENTED_EDGE('',*,*,#11245,.T.);
#8817=ORIENTED_EDGE('',*,*,#11248,.T.);
#8818=ORIENTED_EDGE('',*,*,#11131,.T.);
#8819=ORIENTED_EDGE('',*,*,#11129,.F.);
#8820=ORIENTED_EDGE('',*,*,#11127,.T.);
#8821=ORIENTED_EDGE('',*,*,#11124,.F.);
#8822=ORIENTED_EDGE('',*,*,#11135,.T.);
#8823=ORIENTED_EDGE('',*,*,#11133,.T.);
#8824=ORIENTED_EDGE('',*,*,#10845,.F.);
#8825=ORIENTED_EDGE('',*,*,#10843,.T.);
#8826=ORIENTED_EDGE('',*,*,#10837,.F.);
#8827=ORIENTED_EDGE('',*,*,#10841,.F.);
#8828=ORIENTED_EDGE('',*,*,#10842,.F.);
#8829=ORIENTED_EDGE('',*,*,#10834,.T.);
#8830=ORIENTED_EDGE('',*,*,#10815,.F.);
#8831=ORIENTED_EDGE('',*,*,#10813,.T.);
#8832=ORIENTED_EDGE('',*,*,#10811,.F.);
#8833=ORIENTED_EDGE('',*,*,#10809,.T.);
#8834=ORIENTED_EDGE('',*,*,#10807,.F.);
#8835=ORIENTED_EDGE('',*,*,#10804,.F.);
#8836=ORIENTED_EDGE('',*,*,#11343,.T.);
#8837=ORIENTED_EDGE('',*,*,#11214,.F.);
#8838=ORIENTED_EDGE('',*,*,#11333,.F.);
#8839=ORIENTED_EDGE('',*,*,#11330,.F.);
#8840=ORIENTED_EDGE('',*,*,#11226,.F.);
#8841=ORIENTED_EDGE('',*,*,#11222,.T.);
#8842=ORIENTED_EDGE('',*,*,#11224,.F.);
#8843=ORIENTED_EDGE('',*,*,#11205,.F.);
#8844=CARTESIAN_POINT('',(-6.3,1.9,-7.71527483462832E-16));
#8845=DIRECTION('',(-1.22464679914735E-16,0.0,1.0));
#8846=DIRECTION('',(0.0,-1.0,0.0));
#8847=ORIENTED_EDGE('',*,*,#4491,.F.);
#8848=ORIENTED_EDGE('',*,*,#4495,.F.);
#8849=ORIENTED_EDGE('',*,*,#4500,.F.);
#8850=ORIENTED_EDGE('',*,*,#4497,.F.);
#8851=ORIENTED_EDGE('',*,*,#10823,.F.);
#8852=ORIENTED_EDGE('',*,*,#10826,.F.);
#8853=ORIENTED_EDGE('',*,*,#10831,.F.);
#8854=ORIENTED_EDGE('',*,*,#10832,.F.);
#8855=ORIENTED_EDGE('',*,*,#10818,.F.);
#8856=ORIENTED_EDGE('',*,*,#10820,.F.);
#8857=CARTESIAN_POINT('',(-11.45718,2.5,-9.1));
#8858=DIRECTION('',(-1.22464679914735E-16,0.0,1.0));
#8859=DIRECTION('',(0.0,-1.0,0.0));
#8860=ORIENTED_EDGE('',*,*,#10739,.F.);
#8861=ORIENTED_EDGE('',*,*,#11350,.T.);
#8862=ORIENTED_EDGE('',*,*,#11339,.T.);
#8863=ORIENTED_EDGE('',*,*,#11335,.F.);
#8864=CARTESIAN_POINT('',(-12.0999999999985,2.9,-12.8));
#8865=DIRECTION('',(1.0,0.0,1.22464679914735E-16));
#8866=DIRECTION('',(1.22464679914735E-16,0.0,-1.0));
#8867=ORIENTED_EDGE('',*,*,#10627,.T.);
#8868=ORIENTED_EDGE('',*,*,#11390,.T.);
#8869=ORIENTED_EDGE('',*,*,#11391,.T.);
#8870=ORIENTED_EDGE('',*,*,#10625,.F.);
#8871=CARTESIAN_POINT('',(-0.294999999999999,-6.0,-6.6));
#8872=DIRECTION('',(-0.0,1.0,0.0));
#8873=DIRECTION('',(1.0,0.0,1.22464679914735E-16));
#8874=ORIENTED_EDGE('',*,*,#11392,.T.);
#8875=ORIENTED_EDGE('',*,*,#10629,.F.);
#8876=ORIENTED_EDGE('',*,*,#11393,.F.);
#8877=ORIENTED_EDGE('',*,*,#11394,.F.);
#8878=CARTESIAN_POINT('',(-32.4710939999985,-6.0,-6.9007101824114));
#8879=DIRECTION('',(1.0,-0.0,1.22464679914735E-16));
#8880=DIRECTION('',(0.0,1.0,0.0));
#8881=ORIENTED_EDGE('',*,*,#11395,.F.);
#8882=ORIENTED_EDGE('',*,*,#11390,.F.);
#8883=ORIENTED_EDGE('',*,*,#10630,.F.);
#8884=ORIENTED_EDGE('',*,*,#11392,.F.);
#8885=ORIENTED_EDGE('',*,*,#11396,.T.);
#8886=CARTESIAN_POINT('',(1.28888191260407,-6.2,-6.19098609154409));
#8887=DIRECTION('',(-0.0,-1.0,0.0));
#8888=DIRECTION('',(-1.22464679914735E-16,0.0,1.0));
#8889=ORIENTED_EDGE('',*,*,#11395,.T.);
#8890=ORIENTED_EDGE('',*,*,#11397,.T.);
#8891=ORIENTED_EDGE('',*,*,#11398,.F.);
#8892=ORIENTED_EDGE('',*,*,#11391,.F.);
#8893=CARTESIAN_POINT('',(-32.4710939999985,-6.0,-6.2992898175886));
#8894=DIRECTION('',(-1.0,-0.0,-1.22464679914735E-16));
#8895=DIRECTION('',(0.0,-1.0,0.0));
#8896=ORIENTED_EDGE('',*,*,#10624,.T.);
#8897=ORIENTED_EDGE('',*,*,#11399,.F.);
#8898=ORIENTED_EDGE('',*,*,#11400,.T.);
#8899=ORIENTED_EDGE('',*,*,#10628,.T.);
#8900=CARTESIAN_POINT('',(-0.294999999999999,-5.35,-6.6));
#8901=DIRECTION('',(6.67498441982814E-17,1.0,8.17449830410098E-33));
#8902=DIRECTION('',(-1.0,6.67498441982814E-17,-1.22464679914735E-16));
#8903=ORIENTED_EDGE('',*,*,#11401,.T.);
#8904=ORIENTED_EDGE('',*,*,#10623,.T.);
#8905=ORIENTED_EDGE('',*,*,#11402,.F.);
#8906=ORIENTED_EDGE('',*,*,#10617,.T.);
#8907=ORIENTED_EDGE('',*,*,#11403,.T.);
#8908=ORIENTED_EDGE('',*,*,#11404,.T.);
#8909=CARTESIAN_POINT('',(0.797794679347202,-5.1,-6.57633311127867));
#8910=DIRECTION('',(-0.0,-1.0,0.0));
#8911=DIRECTION('',(-1.22464679914735E-16,0.0,1.0));
#8912=ORIENTED_EDGE('',*,*,#10620,.T.);
#8913=ORIENTED_EDGE('',*,*,#11401,.F.);
#8914=ORIENTED_EDGE('',*,*,#11405,.F.);
#8915=ORIENTED_EDGE('',*,*,#11399,.T.);
#8916=CARTESIAN_POINT('',(-0.294999999999999,-5.12445208744279,-6.6));
#8917=DIRECTION('',(0.0,-1.0,-0.0));
#8918=DIRECTION('',(-1.0,0.0,-1.22464679914735E-16));
#8919=ORIENTED_EDGE('',*,*,#11393,.T.);
#8920=ORIENTED_EDGE('',*,*,#11400,.F.);
#8921=ORIENTED_EDGE('',*,*,#11406,.F.);
#8922=ORIENTED_EDGE('',*,*,#11407,.F.);
#8923=ORIENTED_EDGE('',*,*,#11408,.T.);
#8924=CARTESIAN_POINT('',(1.46650093760625,-5.35,-7.6));
#8925=DIRECTION('',(1.00317192905352E-16,-0.573576436351046,-0.819152044288992));
#8926=DIRECTION('',(1.0,-7.23955242869325E-33,1.22464679914735E-16));
#8927=ORIENTED_EDGE('',*,*,#11396,.F.);
#8928=ORIENTED_EDGE('',*,*,#11394,.T.);
#8929=ORIENTED_EDGE('',*,*,#11408,.F.);
#8930=ORIENTED_EDGE('',*,*,#11409,.T.);
#8931=ORIENTED_EDGE('',*,*,#11410,.F.);
#8932=ORIENTED_EDGE('',*,*,#11397,.F.);
#8933=CARTESIAN_POINT('',(-0.785,-6.0,-9.61347737330672E-17));
#8934=DIRECTION('',(1.22464679914735E-16,0.0,-1.0));
#8935=DIRECTION('',(-1.0,0.0,-1.22464679914735E-16));
#8936=ORIENTED_EDGE('',*,*,#10626,.F.);
#8937=ORIENTED_EDGE('',*,*,#11398,.T.);
#8938=ORIENTED_EDGE('',*,*,#11410,.T.);
#8939=ORIENTED_EDGE('',*,*,#11411,.F.);
#8940=ORIENTED_EDGE('',*,*,#11412,.F.);
#8941=CARTESIAN_POINT('',(0.585000000000001,-5.35,-5.6));
#8942=DIRECTION('',(-1.00317192905352E-16,-0.573576436351046,0.819152044288992));
#8943=DIRECTION('',(7.02428546843654E-17,-0.819152044288992,-0.573576436351046));
#8944=ORIENTED_EDGE('',*,*,#11413,.T.);
#8945=ORIENTED_EDGE('',*,*,#11024,.T.);
#8946=ORIENTED_EDGE('',*,*,#11414,.T.);
#8947=ORIENTED_EDGE('',*,*,#11411,.T.);
#8948=ORIENTED_EDGE('',*,*,#11409,.F.);
#8949=ORIENTED_EDGE('',*,*,#11407,.T.);
#8950=CARTESIAN_POINT('',(-0.584999999999998,-2.9,-12.8));
#8951=DIRECTION('',(1.0,0.0,1.22464679914735E-16));
#8952=DIRECTION('',(1.22464679914735E-16,0.0,-1.0));
#8953=ORIENTED_EDGE('',*,*,#10622,.F.);
#8954=ORIENTED_EDGE('',*,*,#11412,.T.);
#8955=ORIENTED_EDGE('',*,*,#11414,.F.);
#8956=ORIENTED_EDGE('',*,*,#11023,.T.);
#8957=ORIENTED_EDGE('',*,*,#10618,.T.);
#8958=ORIENTED_EDGE('',*,*,#11402,.T.);
#8959=CARTESIAN_POINT('',(-1.08426242211007,-4.8,-5.6));
#8960=DIRECTION('',(-1.22464679914735E-16,0.0,1.0));
#8961=DIRECTION('',(0.0,-1.0,0.0));
#8962=ORIENTED_EDGE('',*,*,#10616,.T.);
#8963=ORIENTED_EDGE('',*,*,#11026,.T.);
#8964=ORIENTED_EDGE('',*,*,#11415,.T.);
#8965=ORIENTED_EDGE('',*,*,#11403,.F.);
#8966=CARTESIAN_POINT('',(1.67562862542566E-15,-2.9,-6.6));
#8967=DIRECTION('',(-0.0,1.0,0.0));
#8968=DIRECTION('',(1.0,0.0,1.22464679914735E-16));
#8969=ORIENTED_EDGE('',*,*,#11415,.F.);
#8970=ORIENTED_EDGE('',*,*,#11025,.T.);
#8971=ORIENTED_EDGE('',*,*,#11413,.F.);
#8972=ORIENTED_EDGE('',*,*,#11406,.T.);
#8973=ORIENTED_EDGE('',*,*,#11405,.T.);
#8974=ORIENTED_EDGE('',*,*,#11404,.F.);
#8975=CARTESIAN_POINT('',(-0.584999999999999,-2.9,-7.6));
#8976=DIRECTION('',(1.22464679914735E-16,0.0,-1.0));
#8977=DIRECTION('',(-1.0,0.0,-1.22464679914735E-16));
#8978=ORIENTED_EDGE('',*,*,#10613,.T.);
#8979=ORIENTED_EDGE('',*,*,#11416,.F.);
#8980=ORIENTED_EDGE('',*,*,#11417,.T.);
#8981=ORIENTED_EDGE('',*,*,#11418,.T.);
#8982=CARTESIAN_POINT('',(-12.305,-6.0,-6.6));
#8983=DIRECTION('',(-0.0,1.0,0.0));
#8984=DIRECTION('',(1.0,0.0,1.22464679914735E-16));
#8985=ORIENTED_EDGE('',*,*,#11419,.T.);
#8986=ORIENTED_EDGE('',*,*,#10614,.F.);
#8987=ORIENTED_EDGE('',*,*,#11418,.F.);
#8988=ORIENTED_EDGE('',*,*,#11420,.T.);
#8989=ORIENTED_EDGE('',*,*,#11421,.T.);
#8990=CARTESIAN_POINT('',(1.28888191260407,-6.2,-6.19098609154409));
#8991=DIRECTION('',(-0.0,-1.0,0.0));
#8992=DIRECTION('',(-1.22464679914735E-16,0.0,1.0));
#8993=ORIENTED_EDGE('',*,*,#11419,.F.);
#8994=ORIENTED_EDGE('',*,*,#11422,.T.);
#8995=ORIENTED_EDGE('',*,*,#11423,.T.);
#8996=ORIENTED_EDGE('',*,*,#10615,.F.);
#8997=CARTESIAN_POINT('',(-32.4710939999985,-6.0,-6.9007101824114));
#8998=DIRECTION('',(1.0,-0.0,1.22464679914735E-16));
#8999=DIRECTION('',(0.0,1.0,0.0));
#9000=ORIENTED_EDGE('',*,*,#10610,.T.);
#9001=ORIENTED_EDGE('',*,*,#11424,.F.);
#9002=ORIENTED_EDGE('',*,*,#11425,.F.);
#9003=ORIENTED_EDGE('',*,*,#11416,.T.);
#9004=CARTESIAN_POINT('',(-12.305,-5.35,-6.6));
#9005=DIRECTION('',(-6.67498441982814E-17,1.0,-8.17449830410098E-33));
#9006=DIRECTION('',(1.0,6.67498441982814E-17,1.22464679914735E-16));
#9007=ORIENTED_EDGE('',*,*,#11426,.T.);
#9008=ORIENTED_EDGE('',*,*,#11427,.F.);
#9009=ORIENTED_EDGE('',*,*,#11420,.F.);
#9010=ORIENTED_EDGE('',*,*,#11417,.F.);
#9011=CARTESIAN_POINT('',(-32.4710939999985,-6.0,-6.2992898175886));
#9012=DIRECTION('',(-1.0,-0.0,-1.22464679914735E-16));
#9013=DIRECTION('',(0.0,-1.0,0.0));
#9014=ORIENTED_EDGE('',*,*,#11428,.T.);
#9015=ORIENTED_EDGE('',*,*,#11429,.F.);
#9016=ORIENTED_EDGE('',*,*,#11422,.F.);
#9017=ORIENTED_EDGE('',*,*,#11421,.F.);
#9018=ORIENTED_EDGE('',*,*,#11427,.T.);
#9019=ORIENTED_EDGE('',*,*,#11430,.F.);
#9020=CARTESIAN_POINT('',(-11.815,-6.0,-1.4469201931926E-15));
#9021=DIRECTION('',(-1.22464679914735E-16,-0.0,1.0));
#9022=DIRECTION('',(1.0,0.0,1.22464679914735E-16));
#9023=ORIENTED_EDGE('',*,*,#10612,.T.);
#9024=ORIENTED_EDGE('',*,*,#11423,.F.);
#9025=ORIENTED_EDGE('',*,*,#11429,.T.);
#9026=ORIENTED_EDGE('',*,*,#11431,.F.);
#9027=ORIENTED_EDGE('',*,*,#11432,.F.);
#9028=CARTESIAN_POINT('',(1.46650093760625,-5.35,-7.6));
#9029=DIRECTION('',(1.00317192905352E-16,-0.573576436351046,-0.819152044288992));
#9030=DIRECTION('',(1.0,-7.23955242869325E-33,1.22464679914735E-16));
#9031=ORIENTED_EDGE('',*,*,#11433,.T.);
#9032=ORIENTED_EDGE('',*,*,#10609,.T.);
#9033=ORIENTED_EDGE('',*,*,#11434,.T.);
#9034=ORIENTED_EDGE('',*,*,#11435,.T.);
#9035=ORIENTED_EDGE('',*,*,#10605,.T.);
#9036=ORIENTED_EDGE('',*,*,#11436,.F.);
#9037=CARTESIAN_POINT('',(0.797794679347202,-5.1,-6.57633311127867));
#9038=DIRECTION('',(-0.0,-1.0,0.0));
#9039=DIRECTION('',(-1.22464679914735E-16,0.0,1.0));
#9040=ORIENTED_EDGE('',*,*,#10606,.T.);
#9041=ORIENTED_EDGE('',*,*,#11433,.F.);
#9042=ORIENTED_EDGE('',*,*,#11437,.F.);
#9043=ORIENTED_EDGE('',*,*,#11424,.T.);
#9044=CARTESIAN_POINT('',(-12.305,-5.12445208744279,-6.6));
#9045=DIRECTION('',(0.0,-1.0,0.0));
#9046=DIRECTION('',(1.0,0.0,1.22464679914735E-16));
#9047=ORIENTED_EDGE('',*,*,#11426,.F.);
#9048=ORIENTED_EDGE('',*,*,#11425,.T.);
#9049=ORIENTED_EDGE('',*,*,#11438,.T.);
#9050=ORIENTED_EDGE('',*,*,#11439,.F.);
#9051=ORIENTED_EDGE('',*,*,#11430,.T.);
#9052=CARTESIAN_POINT('',(0.585000000000001,-5.35,-5.6));
#9053=DIRECTION('',(-1.00317192905352E-16,-0.573576436351046,0.819152044288992));
#9054=DIRECTION('',(7.02428546843654E-17,-0.819152044288992,-0.573576436351046));
#9055=ORIENTED_EDGE('',*,*,#10604,.F.);
#9056=ORIENTED_EDGE('',*,*,#11021,.T.);
#9057=ORIENTED_EDGE('',*,*,#11440,.F.);
#9058=ORIENTED_EDGE('',*,*,#11438,.F.);
#9059=ORIENTED_EDGE('',*,*,#11437,.T.);
#9060=ORIENTED_EDGE('',*,*,#11436,.T.);
#9061=CARTESIAN_POINT('',(-1.08426242211007,-4.8,-5.6));
#9062=DIRECTION('',(-1.22464679914735E-16,0.0,1.0));
#9063=DIRECTION('',(0.0,-1.0,0.0));
#9064=ORIENTED_EDGE('',*,*,#11440,.T.);
#9065=ORIENTED_EDGE('',*,*,#11020,.T.);
#9066=ORIENTED_EDGE('',*,*,#11441,.T.);
#9067=ORIENTED_EDGE('',*,*,#11431,.T.);
#9068=ORIENTED_EDGE('',*,*,#11428,.F.);
#9069=ORIENTED_EDGE('',*,*,#11439,.T.);
#9070=CARTESIAN_POINT('',(-12.015,-2.9,-7.6));
#9071=DIRECTION('',(-1.0,0.0,-1.22464679914735E-16));
#9072=DIRECTION('',(0.0,1.0,0.0));
#9073=ORIENTED_EDGE('',*,*,#10608,.F.);
#9074=ORIENTED_EDGE('',*,*,#11432,.T.);
#9075=ORIENTED_EDGE('',*,*,#11441,.F.);
#9076=ORIENTED_EDGE('',*,*,#11019,.T.);
#9077=ORIENTED_EDGE('',*,*,#11442,.T.);
#9078=ORIENTED_EDGE('',*,*,#11434,.F.);
#9079=CARTESIAN_POINT('',(-0.584999999999999,-2.9,-7.6));
#9080=DIRECTION('',(1.22464679914735E-16,0.0,-1.0));
#9081=DIRECTION('',(-1.0,0.0,-1.22464679914735E-16));
#9082=ORIENTED_EDGE('',*,*,#10602,.T.);
#9083=ORIENTED_EDGE('',*,*,#11435,.F.);
#9084=ORIENTED_EDGE('',*,*,#11442,.F.);
#9085=ORIENTED_EDGE('',*,*,#11022,.T.);
#9086=CARTESIAN_POINT('',(-12.6,-2.9,-6.6));
#9087=DIRECTION('',(-0.0,1.0,0.0));
#9088=DIRECTION('',(1.0,0.0,1.22464679914735E-16));
#9089=COLOUR_RGB('',0.592156887054443,0.592156887054443,0.592156887054443);
#9090=CARTESIAN_POINT('',(0.537210000001482,0.486743555343172,-12.8));
#9091=CARTESIAN_POINT('',(0.537210000001482,-1.55721,-14.43742));
#9092=AXIS2_PLACEMENT_3D('',#11443,#11444,#11445);
#9093=CARTESIAN_POINT('',(0.537210000001482,-0.64531581754241,-12.8));
#9094=CARTESIAN_POINT('',(0.537210000001482,2.98835285191158,-12.8));
#9095=VECTOR('',#11446,1000.0);
#9096=CARTESIAN_POINT('',(0.537210000001482,-1.55721,-13.363));
#9097=AXIS2_PLACEMENT_3D('',#11447,#11448,#11449);
#9098=CARTESIAN_POINT('',(0.537210000001482,-6.11420986147626,-13.363));
#9099=CARTESIAN_POINT('',(0.537210000001482,-6.80000986147627,-13.363));
#9100=VECTOR('',#11450,1000.0);
#9101=CARTESIAN_POINT('',(0.537210000001482,-6.11420986147626,-14.43742));
#9102=CARTESIAN_POINT('',(0.537210000001471,-6.11420986147629,-3.751162));
#9103=VECTOR('',#11451,1000.0);
#9104=CARTESIAN_POINT('',(0.537210000001482,-6.80000986147627,-14.43742));
#9105=VECTOR('',#11452,1000.0);
#9106=COLOUR_RGB('',0.592156887054443,0.592156887054443,0.592156887054443);
#9107=CARTESIAN_POINT('',(-0.537209999998518,-0.64531581754241,-12.8));
#9108=CARTESIAN_POINT('',(-0.537209999998518,-1.55721,-13.363));
#9109=AXIS2_PLACEMENT_3D('',#11453,#11454,#11455);
#9110=CARTESIAN_POINT('',(-0.537209999998518,0.486743555343171,-12.8));
#9111=CARTESIAN_POINT('',(-0.537209999998518,2.98835285191158,-12.8));
#9112=VECTOR('',#11456,1000.0);
#9113=CARTESIAN_POINT('',(-0.537209999998518,-1.55721,-14.43742));
#9114=AXIS2_PLACEMENT_3D('',#11457,#11458,#11459);
#9115=CARTESIAN_POINT('',(-0.537209999998518,-6.11420986147629,-14.43742));
#9116=CARTESIAN_POINT('',(-0.537209999998518,-6.80000986147627,-14.43742));
#9117=VECTOR('',#11460,1000.0);
#9118=CARTESIAN_POINT('',(-0.537209999998518,-6.11420986147629,-13.363));
#9119=CARTESIAN_POINT('',(-0.53720999999852,-6.11420986147629,-3.751162));
#9120=VECTOR('',#11461,1000.0);
#9121=CARTESIAN_POINT('',(-0.537209999998518,-6.80000986147627,-13.363));
#9122=VECTOR('',#11462,1000.0);
#9123=COLOUR_RGB('',0.592156887054443,0.592156887054443,0.592156887054443);
#9124=CARTESIAN_POINT('',(-0.514043571871411,-6.1904098614763,-14.43742));
#9125=CARTESIAN_POINT('',(-0.232874277885728,-6.6918633116546,-14.1391622901466));
#9126=CARTESIAN_POINT('',(-0.51404357187144,-6.19040986147621,-14.43742));
#9127=CARTESIAN_POINT('',(-0.448124164313876,-6.38848212550625,-14.370413752056));
#9128=CARTESIAN_POINT('',(-0.348242436207259,-6.55511021527057,-14.2657835505706));
#9129=CARTESIAN_POINT('',(-0.232874364001308,-6.69186335995806,-14.139162263853));
#9130=CARTESIAN_POINT('',(0.514043571874366,-6.1904098614763,-14.43742));
#9131=CARTESIAN_POINT('',(10.1490480000015,-6.19040986147627,-14.43742));
#9132=VECTOR('',#11463,1000.0);
#9133=CARTESIAN_POINT('',(0.232994719000653,-6.69172067776509,-14.1392943564717));
#9134=CARTESIAN_POINT('',(0.232994719000663,-6.69172067776509,-14.1392943564717));
#9135=CARTESIAN_POINT('',(0.348172858847317,-6.5551587376377,-14.2657033070262));
#9136=CARTESIAN_POINT('',(0.448421194509164,-6.38758961987151,-14.3707156795073));
#9137=CARTESIAN_POINT('',(0.514043571874366,-6.1904098614763,-14.43742));
#9138=CARTESIAN_POINT('',(-0.232874320732177,-6.69186334032383,-14.1391622820325));
#9139=CARTESIAN_POINT('',(-0.181289012993954,-6.75294994590933,-14.0826015036976));
#9140=CARTESIAN_POINT('',(-0.00022846564971293,-6.84709637117479,-13.9717859823565));
#9141=CARTESIAN_POINT('',(0.181398048947352,-6.75289670801085,-14.0826665890627));
#9142=CARTESIAN_POINT('',(0.232994719002123,-6.691720677766,-14.1392943564709));
#9143=COLOUR_RGB('',0.592156887054443,0.592156887054443,0.592156887054443);
#9144=CARTESIAN_POINT('',(0.514043571874435,-6.1904098614761,-13.363));
#9145=CARTESIAN_POINT('',(-0.514043571871479,-6.1904098614761,-13.363));
#9146=CARTESIAN_POINT('',(10.1490480000015,-6.19040986147627,-13.363));
#9147=VECTOR('',#11464,1000.0);
#9148=CARTESIAN_POINT('',(-0.232994718997697,-6.69172067776509,-13.6611256435284));
#9149=CARTESIAN_POINT('',(-0.232994718997707,-6.69172067776508,-13.6611256435284));
#9150=CARTESIAN_POINT('',(-0.348172858844399,-6.55515873763764,-13.5347166929739));
#9151=CARTESIAN_POINT('',(-0.44842119450628,-6.38758961987139,-13.4297043204927));
#9152=CARTESIAN_POINT('',(-0.514043571871477,-6.1904098614761,-13.363));
#9153=CARTESIAN_POINT('',(0.232874145429003,-6.69186346858979,-13.6612578552021));
#9154=CARTESIAN_POINT('',(0.232874188215272,-6.69186349725192,-13.6612578632691));
#9155=CARTESIAN_POINT('',(0.181288856938019,-6.75295004720331,-13.7178186074608));
#9156=CARTESIAN_POINT('',(0.000228301610750913,-6.84709633384479,-13.8286339744081));
#9157=CARTESIAN_POINT('',(-0.181398071286032,-6.7528966815213,-13.7177533864173));
#9158=CARTESIAN_POINT('',(-0.232994718999167,-6.69172067776599,-13.6611256435291));
#9159=CARTESIAN_POINT('',(0.514043571874459,-6.19040986147602,-13.363));
#9160=CARTESIAN_POINT('',(0.448124138864733,-6.38848220198388,-13.4300062738158));
#9161=CARTESIAN_POINT('',(0.348242359053336,-6.55511034412041,-13.5346365298384));
#9162=CARTESIAN_POINT('',(0.232874231579631,-6.69186351692941,-13.6612578814887));
#9163=COLOUR_RGB('',0.592156887054443,0.592156887054443,0.592156887054443);
#9164=AXIS2_PLACEMENT_3D('',#11465,#11466,#11467);
#9165=AXIS2_PLACEMENT_3D('',#11468,#11469,#11470);
#9166=CARTESIAN_POINT('',(0.232994719000641,-6.69172067776511,-3.751162));
#9167=VECTOR('',#11471,1000.0);
#9168=COLOUR_RGB('',0.592156887054443,0.592156887054443,0.592156887054443);
#9169=AXIS2_PLACEMENT_3D('',#11472,#11473,#11474);
#9170=CARTESIAN_POINT('',(-0.232994718997689,-6.69172067776511,-3.751162));
#9171=VECTOR('',#11475,1000.0);
#9172=AXIS2_PLACEMENT_3D('',#11476,#11477,#11478);
#9173=COLOUR_RGB('',0.592156887054443,0.592156887054443,0.592156887054443);
#9174=COLOUR_RGB('',0.592156887054443,0.592156887054443,0.592156887054443);
#9175=CARTESIAN_POINT('',(0.537210000001482,-0.64531581754241,-12.8));
#9176=VECTOR('',#11479,1000.0);
#9177=CARTESIAN_POINT('',(-0.537209999998518,-1.55721,-13.363));
#9178=VECTOR('',#11480,1000.0);
#9179=COLOUR_RGB('',0.592156887054443,0.592156887054443,0.592156887054443);
#9180=CARTESIAN_POINT('',(0.537210000001482,0.486743555343171,-12.8));
#9181=VECTOR('',#11481,1000.0);
#9182=CARTESIAN_POINT('',(-0.537209999998518,-1.55721,-14.43742));
#9183=VECTOR('',#11482,1000.0);
#9184=COLOUR_RGB('',0.592156887054443,0.592156887054443,0.592156887054443);
#9185=COLOUR_RGB('',0.592156887054443,0.592156887054443,0.592156887054443);
#9186=COLOUR_RGB('',0.592156887054443,0.592156887054443,0.592156887054443);
#9187=CARTESIAN_POINT('',(-0.537209999998528,4.73721,-12.8));
#9188=CARTESIAN_POINT('',(-0.537209999998528,4.73721,-16.543));
#9189=CARTESIAN_POINT('',(-0.537209999998527,4.73721,-28.3));
#9190=VECTOR('',#11483,1000.0);
#9191=CARTESIAN_POINT('',(0.537210000001473,4.73721,-12.8));
#9192=CARTESIAN_POINT('',(-0.995505895674238,4.73721,-12.8));
#9193=VECTOR('',#11484,1000.0);
#9194=CARTESIAN_POINT('',(0.537210000001473,4.73721,-16.543));
#9195=CARTESIAN_POINT('',(0.537210000001473,4.73721,-17.563));
#9196=VECTOR('',#11485,1000.0);
#9197=CARTESIAN_POINT('',(-0.537209999998528,4.73721,-16.543));
#9198=VECTOR('',#11486,1000.0);
#9199=COLOUR_RGB('',0.592156887054443,0.592156887054443,0.592156887054443);
#9200=CARTESIAN_POINT('',(0.537210000001473,3.66279,-12.8));
#9201=CARTESIAN_POINT('',(0.537210000001473,2.98835285191158,-12.8));
#9202=VECTOR('',#11487,1000.0);
#9203=CARTESIAN_POINT('',(0.537210000001473,3.66279,-16.543));
#9204=CARTESIAN_POINT('',(0.537210000001474,3.66279,-28.3));
#9205=VECTOR('',#11488,1000.0);
#9206=CARTESIAN_POINT('',(0.537210000001473,2.64279,-17.563));
#9207=AXIS2_PLACEMENT_3D('',#11489,#11490,#11491);
#9208=CARTESIAN_POINT('',(0.537210000001473,-6.1142098614763,-17.563));
#9209=CARTESIAN_POINT('',(0.537210000001473,-6.80000986147627,-17.563));
#9210=VECTOR('',#11492,1000.0);
#9211=CARTESIAN_POINT('',(0.537210000001473,-6.1142098614763,-18.63742));
#9212=CARTESIAN_POINT('',(0.537210000001472,-6.11420986147628,-7.951162));
#9213=VECTOR('',#11493,1000.0);
#9214=CARTESIAN_POINT('',(0.537210000001473,2.64279,-18.63742));
#9215=CARTESIAN_POINT('',(0.537210000001473,-6.80000986147627,-18.63742));
#9216=VECTOR('',#11494,1000.0);
#9217=AXIS2_PLACEMENT_3D('',#11495,#11496,#11497);
#9218=COLOUR_RGB('',0.592156887054443,0.592156887054443,0.592156887054443);
#9219=CARTESIAN_POINT('',(-0.537209999998528,3.66279,-12.8));
#9220=CARTESIAN_POINT('',(-0.537209999998528,3.66279,-16.543));
#9221=CARTESIAN_POINT('',(-0.537209999998528,3.66279,-18.63742));
#9222=VECTOR('',#11498,1000.0);
#9223=CARTESIAN_POINT('',(-0.537209999998528,2.98835285191158,-12.8));
#9224=VECTOR('',#11499,1000.0);
#9225=CARTESIAN_POINT('',(-0.537209999998528,2.64279,-18.63742));
#9226=AXIS2_PLACEMENT_3D('',#11500,#11501,#11502);
#9227=CARTESIAN_POINT('',(-0.537209999998528,-6.11420986147626,-18.63742));
#9228=CARTESIAN_POINT('',(-0.537209999998528,-6.80000986147627,-18.63742));
#9229=VECTOR('',#11503,1000.0);
#9230=CARTESIAN_POINT('',(-0.537209999998528,-6.11420986147626,-17.563));
#9231=CARTESIAN_POINT('',(-0.537209999998529,-6.11420986147628,-7.951162));
#9232=VECTOR('',#11504,1000.0);
#9233=CARTESIAN_POINT('',(-0.537209999998528,2.64279,-17.563));
#9234=CARTESIAN_POINT('',(-0.537209999998528,-6.80000986147627,-17.563));
#9235=VECTOR('',#11505,1000.0);
#9236=AXIS2_PLACEMENT_3D('',#11506,#11507,#11508);
#9237=COLOUR_RGB('',0.592156887054443,0.592156887054443,0.592156887054443);
#9238=CARTESIAN_POINT('',(-0.995505895674238,3.66279,-12.8));
#9239=VECTOR('',#11509,1000.0);
#9240=CARTESIAN_POINT('',(-0.537209999998528,3.66279,-16.543));
#9241=VECTOR('',#11510,1000.0);
#9242=COLOUR_RGB('',0.592156887054443,0.592156887054443,0.592156887054443);
#9243=CARTESIAN_POINT('',(-0.514043571871387,-6.19040986147637,-18.63742));
#9244=CARTESIAN_POINT('',(-0.232874277885638,-6.69186331165472,-18.3391622901465));
#9245=CARTESIAN_POINT('',(-0.514043571871394,-6.19040986147635,-18.63742));
#9246=CARTESIAN_POINT('',(-0.448124164313803,-6.3884821255064,-18.5704137520559));
#9247=CARTESIAN_POINT('',(-0.348242436207189,-6.55511021527068,-18.4657835505706));
#9248=CARTESIAN_POINT('',(-0.232874364001208,-6.69186335995818,-18.3391622638529));
#9249=CARTESIAN_POINT('',(0.514043571874342,-6.19040986147637,-18.63742));
#9250=CARTESIAN_POINT('',(10.1490480000015,-6.19040986147627,-18.63742));
#9251=VECTOR('',#11511,1000.0);
#9252=CARTESIAN_POINT('',(0.232994719000653,-6.69172067776509,-18.3392943564717));
#9253=CARTESIAN_POINT('',(0.232994719000653,-6.69172067776509,-18.3392943564717));
#9254=CARTESIAN_POINT('',(0.348172858847296,-6.55515873763771,-18.4657033070262));
#9255=CARTESIAN_POINT('',(0.448421194509138,-6.38758961987156,-18.5707156795073));
#9256=CARTESIAN_POINT('',(0.514043571874342,-6.19040986147637,-18.63742));
#9257=CARTESIAN_POINT('',(-0.232874320732078,-6.69186334032395,-18.3391622820324));
#9258=CARTESIAN_POINT('',(-0.181289012993837,-6.7529499459094,-18.2826015036976));
#9259=CARTESIAN_POINT('',(-0.000228465649607614,-6.84709637117475,-18.1717859823566));
#9260=CARTESIAN_POINT('',(0.181398048947352,-6.75289670801082,-18.2826665890627));
#9261=CARTESIAN_POINT('',(0.232994719002103,-6.691720677766,-18.3392943564709));
#9262=COLOUR_RGB('',0.592156887054443,0.592156887054443,0.592156887054443);
#9263=CARTESIAN_POINT('',(0.514043571874441,-6.19040986147608,-17.563));
#9264=CARTESIAN_POINT('',(-0.514043571871486,-6.19040986147608,-17.563));
#9265=CARTESIAN_POINT('',(10.1490480000015,-6.19040986147627,-17.563));
#9266=VECTOR('',#11512,1000.0);
#9267=CARTESIAN_POINT('',(-0.232994718997697,-6.69172067776509,-17.8611256435284));
#9268=CARTESIAN_POINT('',(-0.232994718997697,-6.69172067776509,-17.8611256435284));
#9269=CARTESIAN_POINT('',(-0.348172858844398,-6.55515873763765,-17.7347166929739));
#9270=CARTESIAN_POINT('',(-0.448421194506285,-6.38758961987139,-17.6297043204927));
#9271=CARTESIAN_POINT('',(-0.514043571871484,-6.19040986147608,-17.563));
#9272=CARTESIAN_POINT('',(0.232874145429003,-6.69186346858981,-17.8612578552021));
#9273=CARTESIAN_POINT('',(0.232874188215243,-6.69186349725192,-17.8612578632691));
#9274=CARTESIAN_POINT('',(0.181288856937989,-6.7529500472033,-17.9178186074608));
#9275=CARTESIAN_POINT('',(0.000228301610699046,-6.84709633384476,-18.028633974408));
#9276=CARTESIAN_POINT('',(-0.181398071286013,-6.75289668152132,-17.9177533864173));
#9277=CARTESIAN_POINT('',(-0.232994718999157,-6.69172067776601,-17.8611256435291));
#9278=CARTESIAN_POINT('',(0.514043571874447,-6.19040986147606,-17.563));
#9279=CARTESIAN_POINT('',(0.448124138864712,-6.38848220198393,-17.6300062738158));
#9280=CARTESIAN_POINT('',(0.348242359053337,-6.55511034412042,-17.7346365298384));
#9281=CARTESIAN_POINT('',(0.232874231579622,-6.69186351692943,-17.8612578814887));
#9282=COLOUR_RGB('',0.592156887054443,0.592156887054443,0.592156887054443);
#9283=AXIS2_PLACEMENT_3D('',#11513,#11514,#11515);
#9284=AXIS2_PLACEMENT_3D('',#11516,#11517,#11518);
#9285=CARTESIAN_POINT('',(0.232994719000642,-6.6917206777651,-7.951162));
#9286=VECTOR('',#11519,1000.0);
#9287=COLOUR_RGB('',0.592156887054443,0.592156887054443,0.592156887054443);
#9288=AXIS2_PLACEMENT_3D('',#11520,#11521,#11522);
#9289=CARTESIAN_POINT('',(-0.232994718997688,-6.6917206777651,-7.951162));
#9290=VECTOR('',#11523,1000.0);
#9291=AXIS2_PLACEMENT_3D('',#11524,#11525,#11526);
#9292=COLOUR_RGB('',0.592156887054443,0.592156887054443,0.592156887054443);
#9293=COLOUR_RGB('',0.592156887054443,0.592156887054443,0.592156887054443);
#9294=CARTESIAN_POINT('',(-0.537209999998528,2.64279,-17.563));
#9295=VECTOR('',#11527,1000.0);
#9296=COLOUR_RGB('',0.592156887054443,0.592156887054443,0.592156887054443);
#9297=CARTESIAN_POINT('',(-0.537209999998528,2.64279,-18.63742));
#9298=VECTOR('',#11528,1000.0);
#9299=COLOUR_RGB('',0.592156887054443,0.592156887054443,0.592156887054443);
#9300=COLOUR_RGB('',0.592156887054443,0.592156887054443,0.592156887054443);
#9301=COLOUR_RGB('',0.592156887054443,0.592156887054443,0.592156887054443);
#9302=CARTESIAN_POINT('',(-3.66278999999852,0.486743555343172,-12.8));
#9303=CARTESIAN_POINT('',(-3.66278999999852,-1.55721,-14.43742));
#9304=AXIS2_PLACEMENT_3D('',#11529,#11530,#11531);
#9305=CARTESIAN_POINT('',(-3.66278999999852,-0.64531581754241,-12.8));
#9306=CARTESIAN_POINT('',(-3.66278999999852,2.98835285191158,-12.8));
#9307=VECTOR('',#11532,1000.0);
#9308=CARTESIAN_POINT('',(-3.66278999999852,-1.55721,-13.363));
#9309=AXIS2_PLACEMENT_3D('',#11533,#11534,#11535);
#9310=CARTESIAN_POINT('',(-3.66278999999852,-6.11420986147626,-13.363));
#9311=CARTESIAN_POINT('',(-3.66278999999852,-6.80000986147627,-13.363));
#9312=VECTOR('',#11536,1000.0);
#9313=CARTESIAN_POINT('',(-3.66278999999852,-6.11420986147626,-14.43742));
#9314=CARTESIAN_POINT('',(-3.66278999999853,-6.11420986147629,-3.751162));
#9315=VECTOR('',#11537,1000.0);
#9316=CARTESIAN_POINT('',(-3.66278999999852,-6.80000986147627,-14.43742));
#9317=VECTOR('',#11538,1000.0);
#9318=COLOUR_RGB('',0.592156887054443,0.592156887054443,0.592156887054443);
#9319=CARTESIAN_POINT('',(-4.73720999999852,-0.64531581754241,-12.8));
#9320=CARTESIAN_POINT('',(-4.73720999999852,-1.55721,-13.363));
#9321=AXIS2_PLACEMENT_3D('',#11539,#11540,#11541);
#9322=CARTESIAN_POINT('',(-4.73720999999852,0.486743555343171,-12.8));
#9323=CARTESIAN_POINT('',(-4.73720999999852,2.98835285191158,-12.8));
#9324=VECTOR('',#11542,1000.0);
#9325=CARTESIAN_POINT('',(-4.73720999999852,-1.55721,-14.43742));
#9326=AXIS2_PLACEMENT_3D('',#11543,#11544,#11545);
#9327=CARTESIAN_POINT('',(-4.73720999999852,-6.11420986147629,-14.43742));
#9328=CARTESIAN_POINT('',(-4.73720999999852,-6.80000986147627,-14.43742));
#9329=VECTOR('',#11546,1000.0);
#9330=CARTESIAN_POINT('',(-4.73720999999852,-6.11420986147629,-13.363));
#9331=CARTESIAN_POINT('',(-4.73720999999852,-6.11420986147629,-3.751162));
#9332=VECTOR('',#11547,1000.0);
#9333=CARTESIAN_POINT('',(-4.73720999999852,-6.80000986147627,-13.363));
#9334=VECTOR('',#11548,1000.0);
#9335=COLOUR_RGB('',0.592156887054443,0.592156887054443,0.592156887054443);
#9336=CARTESIAN_POINT('',(-4.71404357187141,-6.1904098614763,-14.43742));
#9337=CARTESIAN_POINT('',(-4.43287427788573,-6.6918633116546,-14.1391622901466));
#9338=CARTESIAN_POINT('',(-4.71404357187144,-6.19040986147621,-14.43742));
#9339=CARTESIAN_POINT('',(-4.64812416431388,-6.38848212550625,-14.370413752056));
#9340=CARTESIAN_POINT('',(-4.54824243620726,-6.55511021527057,-14.2657835505706));
#9341=CARTESIAN_POINT('',(-4.43287436400131,-6.69186335995806,-14.139162263853));
#9342=CARTESIAN_POINT('',(-3.68595642812563,-6.1904098614763,-14.43742));
#9343=CARTESIAN_POINT('',(5.94904800000148,-6.19040986147627,-14.43742));
#9344=VECTOR('',#11549,1000.0);
#9345=CARTESIAN_POINT('',(-3.96700528099935,-6.69172067776509,-14.1392943564717));
#9346=CARTESIAN_POINT('',(-3.96700528099934,-6.69172067776509,-14.1392943564717));
#9347=CARTESIAN_POINT('',(-3.85182714115269,-6.5551587376377,-14.2657033070262));
#9348=CARTESIAN_POINT('',(-3.75157880549084,-6.38758961987152,-14.3707156795073));
#9349=CARTESIAN_POINT('',(-3.68595642812564,-6.1904098614763,-14.43742));
#9350=CARTESIAN_POINT('',(-4.43287432073218,-6.69186334032383,-14.1391622820325));
#9351=CARTESIAN_POINT('',(-4.38128901299396,-6.75294994590933,-14.0826015036976));
#9352=CARTESIAN_POINT('',(-4.20022846564972,-6.84709637117479,-13.9717859823565));
#9353=CARTESIAN_POINT('',(-4.01860195105265,-6.75289670801085,-14.0826665890627));
#9354=CARTESIAN_POINT('',(-3.96700528099788,-6.691720677766,-14.1392943564709));
#9355=COLOUR_RGB('',0.592156887054443,0.592156887054443,0.592156887054443);
#9356=CARTESIAN_POINT('',(-3.68595642812557,-6.1904098614761,-13.363));
#9357=CARTESIAN_POINT('',(-4.71404357187148,-6.1904098614761,-13.363));
#9358=CARTESIAN_POINT('',(5.94904800000148,-6.19040986147627,-13.363));
#9359=VECTOR('',#11550,1000.0);
#9360=CARTESIAN_POINT('',(-4.4329947189977,-6.69172067776509,-13.6611256435284));
#9361=CARTESIAN_POINT('',(-4.43299471899771,-6.69172067776508,-13.6611256435284));
#9362=CARTESIAN_POINT('',(-4.5481728588444,-6.55515873763765,-13.5347166929739));
#9363=CARTESIAN_POINT('',(-4.64842119450628,-6.38758961987139,-13.4297043204927));
#9364=CARTESIAN_POINT('',(-4.71404357187148,-6.1904098614761,-13.363));
#9365=CARTESIAN_POINT('',(-3.967125854571,-6.69186346858979,-13.6612578552021));
#9366=CARTESIAN_POINT('',(-3.96712581178473,-6.69186349725192,-13.6612578632691));
#9367=CARTESIAN_POINT('',(-4.01871114306198,-6.75295004720331,-13.7178186074608));
#9368=CARTESIAN_POINT('',(-4.19977169838925,-6.84709633384479,-13.8286339744081));
#9369=CARTESIAN_POINT('',(-4.38139807128604,-6.7528966815213,-13.7177533864173));
#9370=CARTESIAN_POINT('',(-4.43299471899917,-6.69172067776599,-13.6611256435291));
#9371=CARTESIAN_POINT('',(-3.68595642812552,-6.19040986147595,-13.363));
#9372=CARTESIAN_POINT('',(-3.75187586113524,-6.38848220198382,-13.4300062738158));
#9373=CARTESIAN_POINT('',(-3.85175764094667,-6.55511034412041,-13.5346365298384));
#9374=CARTESIAN_POINT('',(-3.96712576842037,-6.69186351692941,-13.6612578814887));
#9375=COLOUR_RGB('',0.592156887054443,0.592156887054443,0.592156887054443);
#9376=AXIS2_PLACEMENT_3D('',#11551,#11552,#11553);
#9377=AXIS2_PLACEMENT_3D('',#11554,#11555,#11556);
#9378=CARTESIAN_POINT('',(-3.96700528099936,-6.69172067776511,-3.751162));
#9379=VECTOR('',#11557,1000.0);
#9380=COLOUR_RGB('',0.592156887054443,0.592156887054443,0.592156887054443);
#9381=AXIS2_PLACEMENT_3D('',#11558,#11559,#11560);
#9382=CARTESIAN_POINT('',(-4.43299471899769,-6.69172067776511,-3.751162));
#9383=VECTOR('',#11561,1000.0);
#9384=AXIS2_PLACEMENT_3D('',#11562,#11563,#11564);
#9385=COLOUR_RGB('',0.592156887054443,0.592156887054443,0.592156887054443);
#9386=COLOUR_RGB('',0.592156887054443,0.592156887054443,0.592156887054443);
#9387=CARTESIAN_POINT('',(-3.66278999999852,-0.64531581754241,-12.8));
#9388=VECTOR('',#11565,1000.0);
#9389=CARTESIAN_POINT('',(-4.73720999999852,-1.55721,-13.363));
#9390=VECTOR('',#11566,1000.0);
#9391=COLOUR_RGB('',0.592156887054443,0.592156887054443,0.592156887054443);
#9392=CARTESIAN_POINT('',(-3.66278999999852,0.486743555343171,-12.8));
#9393=VECTOR('',#11567,1000.0);
#9394=CARTESIAN_POINT('',(-4.73720999999852,-1.55721,-14.43742));
#9395=VECTOR('',#11568,1000.0);
#9396=COLOUR_RGB('',0.592156887054443,0.592156887054443,0.592156887054443);
#9397=COLOUR_RGB('',0.592156887054443,0.592156887054443,0.592156887054443);
#9398=COLOUR_RGB('',0.592156887054443,0.592156887054443,0.592156887054443);
#9399=CARTESIAN_POINT('',(-4.73720999999853,4.73721,-12.8));
#9400=CARTESIAN_POINT('',(-4.73720999999853,4.73721,-16.543));
#9401=CARTESIAN_POINT('',(-4.73720999999853,4.73721,-28.3));
#9402=VECTOR('',#11569,1000.0);
#9403=CARTESIAN_POINT('',(-3.66278999999853,4.73721,-12.8));
#9404=CARTESIAN_POINT('',(-0.995505895674238,4.73721,-12.8));
#9405=VECTOR('',#11570,1000.0);
#9406=CARTESIAN_POINT('',(-3.66278999999853,4.73721,-16.543));
#9407=CARTESIAN_POINT('',(-3.66278999999853,4.73721,-17.563));
#9408=VECTOR('',#11571,1000.0);
#9409=CARTESIAN_POINT('',(-4.73720999999853,4.73721,-16.543));
#9410=VECTOR('',#11572,1000.0);
#9411=COLOUR_RGB('',0.592156887054443,0.592156887054443,0.592156887054443);
#9412=CARTESIAN_POINT('',(-3.66278999999853,3.66279,-12.8));
#9413=CARTESIAN_POINT('',(-3.66278999999853,2.98835285191158,-12.8));
#9414=VECTOR('',#11573,1000.0);
#9415=CARTESIAN_POINT('',(-3.66278999999853,3.66279,-16.543));
#9416=CARTESIAN_POINT('',(-3.66278999999853,3.66279,-28.3));
#9417=VECTOR('',#11574,1000.0);
#9418=CARTESIAN_POINT('',(-3.66278999999853,2.64279,-17.563));
#9419=AXIS2_PLACEMENT_3D('',#11575,#11576,#11577);
#9420=CARTESIAN_POINT('',(-3.66278999999853,-6.1142098614763,-17.563));
#9421=CARTESIAN_POINT('',(-3.66278999999853,-6.80000986147627,-17.563));
#9422=VECTOR('',#11578,1000.0);
#9423=CARTESIAN_POINT('',(-3.66278999999853,-6.1142098614763,-18.63742));
#9424=CARTESIAN_POINT('',(-3.66278999999853,-6.11420986147628,-7.951162));
#9425=VECTOR('',#11579,1000.0);
#9426=CARTESIAN_POINT('',(-3.66278999999853,2.64279,-18.63742));
#9427=CARTESIAN_POINT('',(-3.66278999999853,-6.80000986147627,-18.63742));
#9428=VECTOR('',#11580,1000.0);
#9429=AXIS2_PLACEMENT_3D('',#11581,#11582,#11583);
#9430=COLOUR_RGB('',0.592156887054443,0.592156887054443,0.592156887054443);
#9431=CARTESIAN_POINT('',(-4.73720999999853,3.66279,-12.8));
#9432=CARTESIAN_POINT('',(-4.73720999999853,3.66279,-16.543));
#9433=CARTESIAN_POINT('',(-4.73720999999853,3.66279,-18.63742));
#9434=VECTOR('',#11584,1000.0);
#9435=CARTESIAN_POINT('',(-4.73720999999853,2.98835285191158,-12.8));
#9436=VECTOR('',#11585,1000.0);
#9437=CARTESIAN_POINT('',(-4.73720999999853,2.64279,-18.63742));
#9438=AXIS2_PLACEMENT_3D('',#11586,#11587,#11588);
#9439=CARTESIAN_POINT('',(-4.73720999999853,-6.11420986147626,-18.63742));
#9440=CARTESIAN_POINT('',(-4.73720999999853,-6.80000986147627,-18.63742));
#9441=VECTOR('',#11589,1000.0);
#9442=CARTESIAN_POINT('',(-4.73720999999853,-6.11420986147626,-17.563));
#9443=CARTESIAN_POINT('',(-4.73720999999853,-6.11420986147628,-7.951162));
#9444=VECTOR('',#11590,1000.0);
#9445=CARTESIAN_POINT('',(-4.73720999999853,2.64279,-17.563));
#9446=CARTESIAN_POINT('',(-4.73720999999853,-6.80000986147627,-17.563));
#9447=VECTOR('',#11591,1000.0);
#9448=AXIS2_PLACEMENT_3D('',#11592,#11593,#11594);
#9449=COLOUR_RGB('',0.592156887054443,0.592156887054443,0.592156887054443);
#9450=CARTESIAN_POINT('',(-0.995505895674238,3.66279,-12.8));
#9451=VECTOR('',#11595,1000.0);
#9452=CARTESIAN_POINT('',(-4.73720999999853,3.66279,-16.543));
#9453=VECTOR('',#11596,1000.0);
#9454=COLOUR_RGB('',0.592156887054443,0.592156887054443,0.592156887054443);
#9455=CARTESIAN_POINT('',(-4.71404357187139,-6.19040986147637,-18.63742));
#9456=CARTESIAN_POINT('',(-4.43287427788564,-6.69186331165472,-18.3391622901465));
#9457=CARTESIAN_POINT('',(-4.7140435718714,-6.19040986147636,-18.63742));
#9458=CARTESIAN_POINT('',(-4.6481241643138,-6.38848212550641,-18.5704137520559));
#9459=CARTESIAN_POINT('',(-4.54824243620719,-6.55511021527068,-18.4657835505706));
#9460=CARTESIAN_POINT('',(-4.43287436400121,-6.69186335995818,-18.3391622638529));
#9461=CARTESIAN_POINT('',(-3.68595642812566,-6.19040986147637,-18.63742));
#9462=CARTESIAN_POINT('',(5.94904800000148,-6.19040986147627,-18.63742));
#9463=VECTOR('',#11597,1000.0);
#9464=CARTESIAN_POINT('',(-3.96700528099935,-6.69172067776509,-18.3392943564717));
#9465=CARTESIAN_POINT('',(-3.96700528099935,-6.69172067776509,-18.3392943564717));
#9466=CARTESIAN_POINT('',(-3.85182714115271,-6.55515873763771,-18.4657033070262));
#9467=CARTESIAN_POINT('',(-3.75157880549086,-6.38758961987156,-18.5707156795073));
#9468=CARTESIAN_POINT('',(-3.68595642812566,-6.19040986147637,-18.63742));
#9469=CARTESIAN_POINT('',(-4.43287432073208,-6.69186334032395,-18.3391622820324));
#9470=CARTESIAN_POINT('',(-4.38128901299384,-6.7529499459094,-18.2826015036976));
#9471=CARTESIAN_POINT('',(-4.20022846564961,-6.84709637117475,-18.1717859823566));
#9472=CARTESIAN_POINT('',(-4.01860195105265,-6.75289670801082,-18.2826665890627));
#9473=CARTESIAN_POINT('',(-3.9670052809979,-6.691720677766,-18.3392943564709));
#9474=COLOUR_RGB('',0.592156887054443,0.592156887054443,0.592156887054443);
#9475=CARTESIAN_POINT('',(-3.68595642812556,-6.19040986147608,-17.563));
#9476=CARTESIAN_POINT('',(-4.71404357187149,-6.19040986147608,-17.563));
#9477=CARTESIAN_POINT('',(5.94904800000148,-6.19040986147627,-17.563));
#9478=VECTOR('',#11598,1000.0);
#9479=CARTESIAN_POINT('',(-4.4329947189977,-6.69172067776509,-17.8611256435284));
#9480=CARTESIAN_POINT('',(-4.4329947189977,-6.69172067776509,-17.8611256435284));
#9481=CARTESIAN_POINT('',(-4.5481728588444,-6.55515873763765,-17.7347166929739));
#9482=CARTESIAN_POINT('',(-4.64842119450629,-6.38758961987139,-17.6297043204927));
#9483=CARTESIAN_POINT('',(-4.71404357187149,-6.19040986147608,-17.563));
#9484=CARTESIAN_POINT('',(-3.967125854571,-6.69186346858981,-17.8612578552021));
#9485=CARTESIAN_POINT('',(-3.96712581178476,-6.69186349725192,-17.8612578632691));
#9486=CARTESIAN_POINT('',(-4.01871114306201,-6.7529500472033,-17.9178186074608));
#9487=CARTESIAN_POINT('',(-4.19977169838931,-6.84709633384476,-18.028633974408));
#9488=CARTESIAN_POINT('',(-4.38139807128602,-6.75289668152132,-17.9177533864173));
#9489=CARTESIAN_POINT('',(-4.43299471899916,-6.69172067776601,-17.8611256435291));
#9490=CARTESIAN_POINT('',(-3.68595642812557,-6.19040986147611,-17.563));
#9491=CARTESIAN_POINT('',(-3.75187586113531,-6.38848220198398,-17.6300062738159));
#9492=CARTESIAN_POINT('',(-3.85175764094666,-6.55511034412042,-17.7346365298384));
#9493=CARTESIAN_POINT('',(-3.96712576842038,-6.69186351692943,-17.8612578814887));
#9494=COLOUR_RGB('',0.592156887054443,0.592156887054443,0.592156887054443);
#9495=AXIS2_PLACEMENT_3D('',#11599,#11600,#11601);
#9496=AXIS2_PLACEMENT_3D('',#11602,#11603,#11604);
#9497=CARTESIAN_POINT('',(-3.96700528099936,-6.6917206777651,-7.951162));
#9498=VECTOR('',#11605,1000.0);
#9499=COLOUR_RGB('',0.592156887054443,0.592156887054443,0.592156887054443);
#9500=AXIS2_PLACEMENT_3D('',#11606,#11607,#11608);
#9501=CARTESIAN_POINT('',(-4.43299471899769,-6.6917206777651,-7.951162));
#9502=VECTOR('',#11609,1000.0);
#9503=AXIS2_PLACEMENT_3D('',#11610,#11611,#11612);
#9504=COLOUR_RGB('',0.592156887054443,0.592156887054443,0.592156887054443);
#9505=COLOUR_RGB('',0.592156887054443,0.592156887054443,0.592156887054443);
#9506=CARTESIAN_POINT('',(-4.73720999999853,2.64279,-17.563));
#9507=VECTOR('',#11613,1000.0);
#9508=COLOUR_RGB('',0.592156887054443,0.592156887054443,0.592156887054443);
#9509=CARTESIAN_POINT('',(-4.73720999999853,2.64279,-18.63742));
#9510=VECTOR('',#11614,1000.0);
#9511=COLOUR_RGB('',0.592156887054443,0.592156887054443,0.592156887054443);
#9512=COLOUR_RGB('',0.592156887054443,0.592156887054443,0.592156887054443);
#9513=COLOUR_RGB('',0.592156887054443,0.592156887054443,0.592156887054443);
#9514=CARTESIAN_POINT('',(-7.86278999999852,0.486743555343172,-12.8));
#9515=CARTESIAN_POINT('',(-7.86278999999852,-1.55721,-14.43742));
#9516=AXIS2_PLACEMENT_3D('',#11615,#11616,#11617);
#9517=CARTESIAN_POINT('',(-7.86278999999852,-0.64531581754241,-12.8));
#9518=CARTESIAN_POINT('',(-7.86278999999852,2.98835285191158,-12.8));
#9519=VECTOR('',#11618,1000.0);
#9520=CARTESIAN_POINT('',(-7.86278999999852,-1.55721,-13.363));
#9521=AXIS2_PLACEMENT_3D('',#11619,#11620,#11621);
#9522=CARTESIAN_POINT('',(-7.86278999999852,-6.11420986147626,-13.363));
#9523=CARTESIAN_POINT('',(-7.86278999999852,-6.80000986147627,-13.363));
#9524=VECTOR('',#11622,1000.0);
#9525=CARTESIAN_POINT('',(-7.86278999999852,-6.11420986147626,-14.43742));
#9526=CARTESIAN_POINT('',(-7.86278999999853,-6.11420986147629,-3.751162));
#9527=VECTOR('',#11623,1000.0);
#9528=CARTESIAN_POINT('',(-7.86278999999852,-6.80000986147627,-14.43742));
#9529=VECTOR('',#11624,1000.0);
#9530=COLOUR_RGB('',0.592156887054443,0.592156887054443,0.592156887054443);
#9531=CARTESIAN_POINT('',(-8.93720999999852,-0.64531581754241,-12.8));
#9532=CARTESIAN_POINT('',(-8.93720999999852,-1.55721,-13.363));
#9533=AXIS2_PLACEMENT_3D('',#11625,#11626,#11627);
#9534=CARTESIAN_POINT('',(-8.93720999999852,0.486743555343171,-12.8));
#9535=CARTESIAN_POINT('',(-8.93720999999852,2.98835285191158,-12.8));
#9536=VECTOR('',#11628,1000.0);
#9537=CARTESIAN_POINT('',(-8.93720999999852,-1.55721,-14.43742));
#9538=AXIS2_PLACEMENT_3D('',#11629,#11630,#11631);
#9539=CARTESIAN_POINT('',(-8.93720999999852,-6.11420986147629,-14.43742));
#9540=CARTESIAN_POINT('',(-8.93720999999852,-6.80000986147627,-14.43742));
#9541=VECTOR('',#11632,1000.0);
#9542=CARTESIAN_POINT('',(-8.93720999999852,-6.11420986147629,-13.363));
#9543=CARTESIAN_POINT('',(-8.93720999999852,-6.11420986147629,-3.751162));
#9544=VECTOR('',#11633,1000.0);
#9545=CARTESIAN_POINT('',(-8.93720999999852,-6.80000986147627,-13.363));
#9546=VECTOR('',#11634,1000.0);
#9547=COLOUR_RGB('',0.592156887054443,0.592156887054443,0.592156887054443);
#9548=CARTESIAN_POINT('',(-8.91404357187141,-6.1904098614763,-14.43742));
#9549=CARTESIAN_POINT('',(-8.63287427788573,-6.6918633116546,-14.1391622901466));
#9550=CARTESIAN_POINT('',(-8.91404357187145,-6.1904098614762,-14.43742));
#9551=CARTESIAN_POINT('',(-8.84812416431388,-6.38848212550623,-14.370413752056));
#9552=CARTESIAN_POINT('',(-8.74824243620726,-6.55511021527057,-14.2657835505706));
#9553=CARTESIAN_POINT('',(-8.63287436400131,-6.69186335995806,-14.139162263853));
#9554=CARTESIAN_POINT('',(-7.88595642812564,-6.1904098614763,-14.43742));
#9555=CARTESIAN_POINT('',(1.74904800000148,-6.19040986147627,-14.43742));
#9556=VECTOR('',#11635,1000.0);
#9557=CARTESIAN_POINT('',(-8.16700528099935,-6.69172067776509,-14.1392943564717));
#9558=CARTESIAN_POINT('',(-8.16700528099934,-6.69172067776509,-14.1392943564717));
#9559=CARTESIAN_POINT('',(-8.05182714115269,-6.5551587376377,-14.2657033070262));
#9560=CARTESIAN_POINT('',(-7.95157880549084,-6.38758961987151,-14.3707156795073));
#9561=CARTESIAN_POINT('',(-7.88595642812564,-6.1904098614763,-14.43742));
#9562=CARTESIAN_POINT('',(-8.63287432073218,-6.69186334032383,-14.1391622820325));
#9563=CARTESIAN_POINT('',(-8.58128901299396,-6.75294994590933,-14.0826015036976));
#9564=CARTESIAN_POINT('',(-8.40022846564971,-6.84709637117479,-13.9717859823565));
#9565=CARTESIAN_POINT('',(-8.21860195105265,-6.75289670801085,-14.0826665890627));
#9566=CARTESIAN_POINT('',(-8.16700528099788,-6.691720677766,-14.1392943564709));
#9567=COLOUR_RGB('',0.592156887054443,0.592156887054443,0.592156887054443);
#9568=CARTESIAN_POINT('',(-7.88595642812557,-6.1904098614761,-13.363));
#9569=CARTESIAN_POINT('',(-8.91404357187148,-6.1904098614761,-13.363));
#9570=CARTESIAN_POINT('',(1.74904800000148,-6.19040986147627,-13.363));
#9571=VECTOR('',#11636,1000.0);
#9572=CARTESIAN_POINT('',(-8.6329947189977,-6.69172067776509,-13.6611256435284));
#9573=CARTESIAN_POINT('',(-8.63299471899771,-6.69172067776508,-13.6611256435284));
#9574=CARTESIAN_POINT('',(-8.7481728588444,-6.55515873763764,-13.5347166929739));
#9575=CARTESIAN_POINT('',(-8.84842119450628,-6.38758961987139,-13.4297043204927));
#9576=CARTESIAN_POINT('',(-8.91404357187148,-6.1904098614761,-13.363));
#9577=CARTESIAN_POINT('',(-8.167125854571,-6.69186346858979,-13.6612578552021));
#9578=CARTESIAN_POINT('',(-8.16712581178473,-6.69186349725192,-13.6612578632691));
#9579=CARTESIAN_POINT('',(-8.21871114306198,-6.75295004720331,-13.7178186074608));
#9580=CARTESIAN_POINT('',(-8.39977169838925,-6.84709633384479,-13.8286339744081));
#9581=CARTESIAN_POINT('',(-8.58139807128603,-6.7528966815213,-13.7177533864173));
#9582=CARTESIAN_POINT('',(-8.63299471899917,-6.69172067776599,-13.6611256435291));
#9583=CARTESIAN_POINT('',(-7.88595642812553,-6.19040986147598,-13.363));
#9584=CARTESIAN_POINT('',(-7.95187586113525,-6.38848220198385,-13.4300062738158));
#9585=CARTESIAN_POINT('',(-8.05175764094667,-6.55511034412041,-13.5346365298384));
#9586=CARTESIAN_POINT('',(-8.16712576842037,-6.69186351692941,-13.6612578814887));
#9587=COLOUR_RGB('',0.592156887054443,0.592156887054443,0.592156887054443);
#9588=AXIS2_PLACEMENT_3D('',#11637,#11638,#11639);
#9589=AXIS2_PLACEMENT_3D('',#11640,#11641,#11642);
#9590=CARTESIAN_POINT('',(-8.16700528099936,-6.69172067776511,-3.751162));
#9591=VECTOR('',#11643,1000.0);
#9592=COLOUR_RGB('',0.592156887054443,0.592156887054443,0.592156887054443);
#9593=AXIS2_PLACEMENT_3D('',#11644,#11645,#11646);
#9594=CARTESIAN_POINT('',(-8.63299471899769,-6.69172067776511,-3.751162));
#9595=VECTOR('',#11647,1000.0);
#9596=AXIS2_PLACEMENT_3D('',#11648,#11649,#11650);
#9597=COLOUR_RGB('',0.592156887054443,0.592156887054443,0.592156887054443);
#9598=COLOUR_RGB('',0.592156887054443,0.592156887054443,0.592156887054443);
#9599=CARTESIAN_POINT('',(-7.86278999999852,-0.64531581754241,-12.8));
#9600=VECTOR('',#11651,1000.0);
#9601=CARTESIAN_POINT('',(-8.93720999999852,-1.55721,-13.363));
#9602=VECTOR('',#11652,1000.0);
#9603=COLOUR_RGB('',0.592156887054443,0.592156887054443,0.592156887054443);
#9604=CARTESIAN_POINT('',(-7.86278999999852,0.486743555343171,-12.8));
#9605=VECTOR('',#11653,1000.0);
#9606=CARTESIAN_POINT('',(-8.93720999999852,-1.55721,-14.43742));
#9607=VECTOR('',#11654,1000.0);
#9608=COLOUR_RGB('',0.592156887054443,0.592156887054443,0.592156887054443);
#9609=COLOUR_RGB('',0.592156887054443,0.592156887054443,0.592156887054443);
#9610=COLOUR_RGB('',0.592156887054443,0.592156887054443,0.592156887054443);
#9611=CARTESIAN_POINT('',(-8.93720999999853,4.73721,-12.8));
#9612=CARTESIAN_POINT('',(-8.93720999999853,4.73721,-16.543));
#9613=CARTESIAN_POINT('',(-8.93720999999853,4.73721,-28.3));
#9614=VECTOR('',#11655,1000.0);
#9615=CARTESIAN_POINT('',(-7.86278999999853,4.73721,-12.8));
#9616=CARTESIAN_POINT('',(-0.995505895674238,4.73721,-12.8));
#9617=VECTOR('',#11656,1000.0);
#9618=CARTESIAN_POINT('',(-7.86278999999853,4.73721,-16.543));
#9619=CARTESIAN_POINT('',(-7.86278999999853,4.73721,-17.563));
#9620=VECTOR('',#11657,1000.0);
#9621=CARTESIAN_POINT('',(-8.93720999999853,4.73721,-16.543));
#9622=VECTOR('',#11658,1000.0);
#9623=COLOUR_RGB('',0.592156887054443,0.592156887054443,0.592156887054443);
#9624=CARTESIAN_POINT('',(-7.86278999999853,3.66279,-12.8));
#9625=CARTESIAN_POINT('',(-7.86278999999853,2.98835285191158,-12.8));
#9626=VECTOR('',#11659,1000.0);
#9627=CARTESIAN_POINT('',(-7.86278999999853,3.66279,-16.543));
#9628=CARTESIAN_POINT('',(-7.86278999999853,3.66279,-28.3));
#9629=VECTOR('',#11660,1000.0);
#9630=CARTESIAN_POINT('',(-7.86278999999853,2.64279,-17.563));
#9631=AXIS2_PLACEMENT_3D('',#11661,#11662,#11663);
#9632=CARTESIAN_POINT('',(-7.86278999999853,-6.1142098614763,-17.563));
#9633=CARTESIAN_POINT('',(-7.86278999999853,-6.80000986147627,-17.563));
#9634=VECTOR('',#11664,1000.0);
#9635=CARTESIAN_POINT('',(-7.86278999999853,-6.1142098614763,-18.63742));
#9636=CARTESIAN_POINT('',(-7.86278999999853,-6.11420986147628,-7.951162));
#9637=VECTOR('',#11665,1000.0);
#9638=CARTESIAN_POINT('',(-7.86278999999853,2.64279,-18.63742));
#9639=CARTESIAN_POINT('',(-7.86278999999853,-6.80000986147627,-18.63742));
#9640=VECTOR('',#11666,1000.0);
#9641=AXIS2_PLACEMENT_3D('',#11667,#11668,#11669);
#9642=COLOUR_RGB('',0.592156887054443,0.592156887054443,0.592156887054443);
#9643=CARTESIAN_POINT('',(-8.93720999999853,3.66279,-12.8));
#9644=CARTESIAN_POINT('',(-8.93720999999853,3.66279,-16.543));
#9645=CARTESIAN_POINT('',(-8.93720999999853,3.66279,-18.63742));
#9646=VECTOR('',#11670,1000.0);
#9647=CARTESIAN_POINT('',(-8.93720999999853,2.98835285191158,-12.8));
#9648=VECTOR('',#11671,1000.0);
#9649=CARTESIAN_POINT('',(-8.93720999999853,2.64279,-18.63742));
#9650=AXIS2_PLACEMENT_3D('',#11672,#11673,#11674);
#9651=CARTESIAN_POINT('',(-8.93720999999853,-6.11420986147626,-18.63742));
#9652=CARTESIAN_POINT('',(-8.93720999999853,-6.80000986147627,-18.63742));
#9653=VECTOR('',#11675,1000.0);
#9654=CARTESIAN_POINT('',(-8.93720999999853,-6.11420986147626,-17.563));
#9655=CARTESIAN_POINT('',(-8.93720999999853,-6.11420986147628,-7.951162));
#9656=VECTOR('',#11676,1000.0);
#9657=CARTESIAN_POINT('',(-8.93720999999853,2.64279,-17.563));
#9658=CARTESIAN_POINT('',(-8.93720999999853,-6.80000986147627,-17.563));
#9659=VECTOR('',#11677,1000.0);
#9660=AXIS2_PLACEMENT_3D('',#11678,#11679,#11680);
#9661=COLOUR_RGB('',0.592156887054443,0.592156887054443,0.592156887054443);
#9662=CARTESIAN_POINT('',(-0.995505895674238,3.66279,-12.8));
#9663=VECTOR('',#11681,1000.0);
#9664=CARTESIAN_POINT('',(-8.93720999999853,3.66279,-16.543));
#9665=VECTOR('',#11682,1000.0);
#9666=COLOUR_RGB('',0.592156887054443,0.592156887054443,0.592156887054443);
#9667=CARTESIAN_POINT('',(-8.91404357187139,-6.19040986147637,-18.63742));
#9668=CARTESIAN_POINT('',(-8.63287427788564,-6.69186331165472,-18.3391622901465));
#9669=CARTESIAN_POINT('',(-8.91404357187141,-6.1904098614763,-18.63742));
#9670=CARTESIAN_POINT('',(-8.84812416431383,-6.38848212550636,-18.570413752056));
#9671=CARTESIAN_POINT('',(-8.74824243620719,-6.55511021527068,-18.4657835505706));
#9672=CARTESIAN_POINT('',(-8.63287436400121,-6.69186335995818,-18.3391622638529));
#9673=CARTESIAN_POINT('',(-7.88595642812566,-6.19040986147637,-18.63742));
#9674=CARTESIAN_POINT('',(1.74904800000148,-6.19040986147627,-18.63742));
#9675=VECTOR('',#11683,1000.0);
#9676=CARTESIAN_POINT('',(-8.16700528099935,-6.69172067776509,-18.3392943564717));
#9677=CARTESIAN_POINT('',(-8.16700528099935,-6.69172067776509,-18.3392943564717));
#9678=CARTESIAN_POINT('',(-8.05182714115271,-6.55515873763771,-18.4657033070262));
#9679=CARTESIAN_POINT('',(-7.95157880549087,-6.38758961987156,-18.5707156795073));
#9680=CARTESIAN_POINT('',(-7.88595642812566,-6.19040986147637,-18.63742));
#9681=CARTESIAN_POINT('',(-8.63287432073208,-6.69186334032395,-18.3391622820324));
#9682=CARTESIAN_POINT('',(-8.58128901299384,-6.7529499459094,-18.2826015036976));
#9683=CARTESIAN_POINT('',(-8.40022846564961,-6.84709637117475,-18.1717859823566));
#9684=CARTESIAN_POINT('',(-8.21860195105265,-6.75289670801082,-18.2826665890627));
#9685=CARTESIAN_POINT('',(-8.1670052809979,-6.691720677766,-18.3392943564709));
#9686=COLOUR_RGB('',0.592156887054443,0.592156887054443,0.592156887054443);
#9687=CARTESIAN_POINT('',(-7.88595642812556,-6.19040986147608,-17.563));
#9688=CARTESIAN_POINT('',(-8.91404357187149,-6.19040986147608,-17.563));
#9689=CARTESIAN_POINT('',(1.74904800000148,-6.19040986147627,-17.563));
#9690=VECTOR('',#11684,1000.0);
#9691=CARTESIAN_POINT('',(-8.6329947189977,-6.69172067776509,-17.8611256435284));
#9692=CARTESIAN_POINT('',(-8.6329947189977,-6.69172067776509,-17.8611256435284));
#9693=CARTESIAN_POINT('',(-8.7481728588444,-6.55515873763765,-17.7347166929739));
#9694=CARTESIAN_POINT('',(-8.84842119450629,-6.38758961987139,-17.6297043204927));
#9695=CARTESIAN_POINT('',(-8.91404357187149,-6.19040986147608,-17.563));
#9696=CARTESIAN_POINT('',(-8.167125854571,-6.69186346858981,-17.8612578552021));
#9697=CARTESIAN_POINT('',(-8.16712581178476,-6.69186349725192,-17.8612578632691));
#9698=CARTESIAN_POINT('',(-8.21871114306201,-6.7529500472033,-17.9178186074608));
#9699=CARTESIAN_POINT('',(-8.3997716983893,-6.84709633384476,-18.028633974408));
#9700=CARTESIAN_POINT('',(-8.58139807128602,-6.75289668152132,-17.9177533864173));
#9701=CARTESIAN_POINT('',(-8.63299471899916,-6.69172067776601,-17.8611256435291));
#9702=CARTESIAN_POINT('',(-7.88595642812557,-6.19040986147611,-17.563));
#9703=CARTESIAN_POINT('',(-7.95187586113531,-6.38848220198398,-17.6300062738159));
#9704=CARTESIAN_POINT('',(-8.05175764094667,-6.55511034412042,-17.7346365298384));
#9705=CARTESIAN_POINT('',(-8.16712576842038,-6.69186351692943,-17.8612578814887));
#9706=COLOUR_RGB('',0.592156887054443,0.592156887054443,0.592156887054443);
#9707=AXIS2_PLACEMENT_3D('',#11685,#11686,#11687);
#9708=AXIS2_PLACEMENT_3D('',#11688,#11689,#11690);
#9709=CARTESIAN_POINT('',(-8.16700528099936,-6.6917206777651,-7.951162));
#9710=VECTOR('',#11691,1000.0);
#9711=COLOUR_RGB('',0.592156887054443,0.592156887054443,0.592156887054443);
#9712=AXIS2_PLACEMENT_3D('',#11692,#11693,#11694);
#9713=CARTESIAN_POINT('',(-8.63299471899769,-6.6917206777651,-7.951162));
#9714=VECTOR('',#11695,1000.0);
#9715=AXIS2_PLACEMENT_3D('',#11696,#11697,#11698);
#9716=COLOUR_RGB('',0.592156887054443,0.592156887054443,0.592156887054443);
#9717=COLOUR_RGB('',0.592156887054443,0.592156887054443,0.592156887054443);
#9718=CARTESIAN_POINT('',(-8.93720999999853,2.64279,-17.563));
#9719=VECTOR('',#11699,1000.0);
#9720=COLOUR_RGB('',0.592156887054443,0.592156887054443,0.592156887054443);
#9721=CARTESIAN_POINT('',(-8.93720999999853,2.64279,-18.63742));
#9722=VECTOR('',#11700,1000.0);
#9723=COLOUR_RGB('',0.592156887054443,0.592156887054443,0.592156887054443);
#9724=COLOUR_RGB('',0.592156887054443,0.592156887054443,0.592156887054443);
#9725=COLOUR_RGB('',0.592156887054443,0.592156887054443,0.592156887054443);
#9726=CARTESIAN_POINT('',(-12.0627899999985,0.486743555343172,-12.8));
#9727=CARTESIAN_POINT('',(-12.0627899999985,-1.55721,-14.43742));
#9728=AXIS2_PLACEMENT_3D('',#11701,#11702,#11703);
#9729=CARTESIAN_POINT('',(-12.0627899999985,-0.64531581754241,-12.8));
#9730=CARTESIAN_POINT('',(-12.0627899999985,2.98835285191158,-12.8));
#9731=VECTOR('',#11704,1000.0);
#9732=CARTESIAN_POINT('',(-12.0627899999985,-1.55721,-13.363));
#9733=AXIS2_PLACEMENT_3D('',#11705,#11706,#11707);
#9734=CARTESIAN_POINT('',(-12.0627899999985,-6.11420986147626,-13.363));
#9735=CARTESIAN_POINT('',(-12.0627899999985,-6.80000986147627,-13.363));
#9736=VECTOR('',#11708,1000.0);
#9737=CARTESIAN_POINT('',(-12.0627899999985,-6.11420986147626,-14.43742));
#9738=CARTESIAN_POINT('',(-12.0627899999985,-6.11420986147629,-3.751162));
#9739=VECTOR('',#11709,1000.0);
#9740=CARTESIAN_POINT('',(-12.0627899999985,-6.80000986147627,-14.43742));
#9741=VECTOR('',#11710,1000.0);
#9742=COLOUR_RGB('',0.592156887054443,0.592156887054443,0.592156887054443);
#9743=CARTESIAN_POINT('',(-13.1372099999985,-0.64531581754241,-12.8));
#9744=CARTESIAN_POINT('',(-13.1372099999985,-1.55721,-13.363));
#9745=AXIS2_PLACEMENT_3D('',#11711,#11712,#11713);
#9746=CARTESIAN_POINT('',(-13.1372099999985,0.486743555343171,-12.8));
#9747=CARTESIAN_POINT('',(-13.1372099999985,2.98835285191158,-12.8));
#9748=VECTOR('',#11714,1000.0);
#9749=CARTESIAN_POINT('',(-13.1372099999985,-1.55721,-14.43742));
#9750=AXIS2_PLACEMENT_3D('',#11715,#11716,#11717);
#9751=CARTESIAN_POINT('',(-13.1372099999985,-6.11420986147629,-14.43742));
#9752=CARTESIAN_POINT('',(-13.1372099999985,-6.80000986147627,-14.43742));
#9753=VECTOR('',#11718,1000.0);
#9754=CARTESIAN_POINT('',(-13.1372099999985,-6.11420986147629,-13.363));
#9755=CARTESIAN_POINT('',(-13.1372099999985,-6.11420986147629,-3.751162));
#9756=VECTOR('',#11719,1000.0);
#9757=CARTESIAN_POINT('',(-13.1372099999985,-6.80000986147627,-13.363));
#9758=VECTOR('',#11720,1000.0);
#9759=COLOUR_RGB('',0.592156887054443,0.592156887054443,0.592156887054443);
#9760=CARTESIAN_POINT('',(-13.1140435718714,-6.1904098614763,-14.43742));
#9761=CARTESIAN_POINT('',(-12.8328742778857,-6.6918633116546,-14.1391622901466));
#9762=CARTESIAN_POINT('',(-13.1140435718714,-6.1904098614763,-14.43742));
#9763=CARTESIAN_POINT('',(-13.0481241643138,-6.38848212550633,-14.3704137520559));
#9764=CARTESIAN_POINT('',(-12.9482424362073,-6.55511021527057,-14.2657835505706));
#9765=CARTESIAN_POINT('',(-12.8328743640013,-6.69186335995806,-14.139162263853));
#9766=CARTESIAN_POINT('',(-12.0859564281256,-6.1904098614763,-14.43742));
#9767=CARTESIAN_POINT('',(-2.45095199999852,-6.19040986147627,-14.43742));
#9768=VECTOR('',#11721,1000.0);
#9769=CARTESIAN_POINT('',(-12.3670052809993,-6.69172067776509,-14.1392943564717));
#9770=CARTESIAN_POINT('',(-12.3670052809993,-6.69172067776509,-14.1392943564717));
#9771=CARTESIAN_POINT('',(-12.2518271411527,-6.5551587376377,-14.2657033070262));
#9772=CARTESIAN_POINT('',(-12.1515788054908,-6.38758961987151,-14.3707156795073));
#9773=CARTESIAN_POINT('',(-12.0859564281256,-6.1904098614763,-14.43742));
#9774=CARTESIAN_POINT('',(-12.8328743207322,-6.69186334032383,-14.1391622820325));
#9775=CARTESIAN_POINT('',(-12.781289012994,-6.75294994590933,-14.0826015036976));
#9776=CARTESIAN_POINT('',(-12.6002284656497,-6.84709637117479,-13.9717859823565));
#9777=CARTESIAN_POINT('',(-12.4186019510527,-6.75289670801085,-14.0826665890627));
#9778=CARTESIAN_POINT('',(-12.3670052809979,-6.691720677766,-14.1392943564709));
#9779=COLOUR_RGB('',0.592156887054443,0.592156887054443,0.592156887054443);
#9780=CARTESIAN_POINT('',(-12.0859564281256,-6.1904098614761,-13.363));
#9781=CARTESIAN_POINT('',(-13.1140435718715,-6.1904098614761,-13.363));
#9782=CARTESIAN_POINT('',(-2.45095199999852,-6.19040986147627,-13.363));
#9783=VECTOR('',#11722,1000.0);
#9784=CARTESIAN_POINT('',(-12.8329947189977,-6.69172067776509,-13.6611256435284));
#9785=CARTESIAN_POINT('',(-12.8329947189977,-6.69172067776508,-13.6611256435284));
#9786=CARTESIAN_POINT('',(-12.9481728588444,-6.55515873763764,-13.5347166929739));
#9787=CARTESIAN_POINT('',(-13.0484211945063,-6.3875896198714,-13.4297043204927));
#9788=CARTESIAN_POINT('',(-13.1140435718715,-6.1904098614761,-13.363));
#9789=CARTESIAN_POINT('',(-12.367125854571,-6.69186346858979,-13.6612578552021));
#9790=CARTESIAN_POINT('',(-12.3671258117847,-6.69186349725192,-13.6612578632691));
#9791=CARTESIAN_POINT('',(-12.418711143062,-6.75295004720331,-13.7178186074608));
#9792=CARTESIAN_POINT('',(-12.5997716983892,-6.84709633384479,-13.8286339744081));
#9793=CARTESIAN_POINT('',(-12.781398071286,-6.7528966815213,-13.7177533864173));
#9794=CARTESIAN_POINT('',(-12.8329947189992,-6.69172067776599,-13.6611256435291));
#9795=CARTESIAN_POINT('',(-12.0859564281255,-6.19040986147593,-13.3629999999999));
#9796=CARTESIAN_POINT('',(-12.1518758611352,-6.3884822019838,-13.4300062738158));
#9797=CARTESIAN_POINT('',(-12.2517576409467,-6.55511034412041,-13.5346365298384));
#9798=CARTESIAN_POINT('',(-12.3671257684204,-6.69186351692941,-13.6612578814887));
#9799=COLOUR_RGB('',0.592156887054443,0.592156887054443,0.592156887054443);
#9800=AXIS2_PLACEMENT_3D('',#11723,#11724,#11725);
#9801=AXIS2_PLACEMENT_3D('',#11726,#11727,#11728);
#9802=CARTESIAN_POINT('',(-12.3670052809994,-6.69172067776511,-3.751162));
#9803=VECTOR('',#11729,1000.0);
#9804=COLOUR_RGB('',0.592156887054443,0.592156887054443,0.592156887054443);
#9805=AXIS2_PLACEMENT_3D('',#11730,#11731,#11732);
#9806=CARTESIAN_POINT('',(-12.8329947189977,-6.69172067776511,-3.751162));
#9807=VECTOR('',#11733,1000.0);
#9808=AXIS2_PLACEMENT_3D('',#11734,#11735,#11736);
#9809=COLOUR_RGB('',0.592156887054443,0.592156887054443,0.592156887054443);
#9810=COLOUR_RGB('',0.592156887054443,0.592156887054443,0.592156887054443);
#9811=CARTESIAN_POINT('',(-12.0627899999985,-0.64531581754241,-12.8));
#9812=VECTOR('',#11737,1000.0);
#9813=CARTESIAN_POINT('',(-13.1372099999985,-1.55721,-13.363));
#9814=VECTOR('',#11738,1000.0);
#9815=COLOUR_RGB('',0.592156887054443,0.592156887054443,0.592156887054443);
#9816=CARTESIAN_POINT('',(-12.0627899999985,0.486743555343171,-12.8));
#9817=VECTOR('',#11739,1000.0);
#9818=CARTESIAN_POINT('',(-13.1372099999985,-1.55721,-14.43742));
#9819=VECTOR('',#11740,1000.0);
#9820=COLOUR_RGB('',0.592156887054443,0.592156887054443,0.592156887054443);
#9821=COLOUR_RGB('',0.592156887054443,0.592156887054443,0.592156887054443);
#9822=COLOUR_RGB('',0.592156887054443,0.592156887054443,0.592156887054443);
#9823=CARTESIAN_POINT('',(-13.1372099999985,4.73721,-12.8));
#9824=CARTESIAN_POINT('',(-13.1372099999985,4.73721,-16.543));
#9825=CARTESIAN_POINT('',(-13.1372099999985,4.73721,-28.3));
#9826=VECTOR('',#11741,1000.0);
#9827=CARTESIAN_POINT('',(-12.0627899999985,4.73721,-12.8));
#9828=CARTESIAN_POINT('',(-0.995505895674238,4.73721,-12.8));
#9829=VECTOR('',#11742,1000.0);
#9830=CARTESIAN_POINT('',(-12.0627899999985,4.73721,-16.543));
#9831=CARTESIAN_POINT('',(-12.0627899999985,4.73721,-17.563));
#9832=VECTOR('',#11743,1000.0);
#9833=CARTESIAN_POINT('',(-13.1372099999985,4.73721,-16.543));
#9834=VECTOR('',#11744,1000.0);
#9835=COLOUR_RGB('',0.592156887054443,0.592156887054443,0.592156887054443);
#9836=CARTESIAN_POINT('',(-12.0627899999985,3.66279,-12.8));
#9837=CARTESIAN_POINT('',(-12.0627899999985,2.98835285191158,-12.8));
#9838=VECTOR('',#11745,1000.0);
#9839=CARTESIAN_POINT('',(-12.0627899999985,3.66279,-16.543));
#9840=CARTESIAN_POINT('',(-12.0627899999985,3.66279,-28.3));
#9841=VECTOR('',#11746,1000.0);
#9842=CARTESIAN_POINT('',(-12.0627899999985,2.64279,-17.563));
#9843=AXIS2_PLACEMENT_3D('',#11747,#11748,#11749);
#9844=CARTESIAN_POINT('',(-12.0627899999985,-6.1142098614763,-17.563));
#9845=CARTESIAN_POINT('',(-12.0627899999985,-6.80000986147627,-17.563));
#9846=VECTOR('',#11750,1000.0);
#9847=CARTESIAN_POINT('',(-12.0627899999985,-6.1142098614763,-18.63742));
#9848=CARTESIAN_POINT('',(-12.0627899999985,-6.11420986147628,-7.951162));
#9849=VECTOR('',#11751,1000.0);
#9850=CARTESIAN_POINT('',(-12.0627899999985,2.64279,-18.63742));
#9851=CARTESIAN_POINT('',(-12.0627899999985,-6.80000986147627,-18.63742));
#9852=VECTOR('',#11752,1000.0);
#9853=AXIS2_PLACEMENT_3D('',#11753,#11754,#11755);
#9854=COLOUR_RGB('',0.592156887054443,0.592156887054443,0.592156887054443);
#9855=CARTESIAN_POINT('',(-13.1372099999985,3.66279,-12.8));
#9856=CARTESIAN_POINT('',(-13.1372099999985,3.66279,-16.543));
#9857=CARTESIAN_POINT('',(-13.1372099999985,3.66279,-18.63742));
#9858=VECTOR('',#11756,1000.0);
#9859=CARTESIAN_POINT('',(-13.1372099999985,2.98835285191158,-12.8));
#9860=VECTOR('',#11757,1000.0);
#9861=CARTESIAN_POINT('',(-13.1372099999985,2.64279,-18.63742));
#9862=AXIS2_PLACEMENT_3D('',#11758,#11759,#11760);
#9863=CARTESIAN_POINT('',(-13.1372099999985,-6.11420986147626,-18.63742));
#9864=CARTESIAN_POINT('',(-13.1372099999985,-6.80000986147627,-18.63742));
#9865=VECTOR('',#11761,1000.0);
#9866=CARTESIAN_POINT('',(-13.1372099999985,-6.11420986147626,-17.563));
#9867=CARTESIAN_POINT('',(-13.1372099999985,-6.11420986147628,-7.951162));
#9868=VECTOR('',#11762,1000.0);
#9869=CARTESIAN_POINT('',(-13.1372099999985,2.64279,-17.563));
#9870=CARTESIAN_POINT('',(-13.1372099999985,-6.80000986147627,-17.563));
#9871=VECTOR('',#11763,1000.0);
#9872=AXIS2_PLACEMENT_3D('',#11764,#11765,#11766);
#9873=COLOUR_RGB('',0.592156887054443,0.592156887054443,0.592156887054443);
#9874=CARTESIAN_POINT('',(-0.995505895674238,3.66279,-12.8));
#9875=VECTOR('',#11767,1000.0);
#9876=CARTESIAN_POINT('',(-13.1372099999985,3.66279,-16.543));
#9877=VECTOR('',#11768,1000.0);
#9878=COLOUR_RGB('',0.592156887054443,0.592156887054443,0.592156887054443);
#9879=CARTESIAN_POINT('',(-13.1140435718714,-6.19040986147637,-18.63742));
#9880=CARTESIAN_POINT('',(-12.8328742778856,-6.69186331165472,-18.3391622901465));
#9881=CARTESIAN_POINT('',(-13.1140435718714,-6.19040986147647,-18.63742));
#9882=CARTESIAN_POINT('',(-13.0481241643137,-6.38848212550652,-18.5704137520559));
#9883=CARTESIAN_POINT('',(-12.9482424362072,-6.55511021527068,-18.4657835505706));
#9884=CARTESIAN_POINT('',(-12.8328743640012,-6.69186335995818,-18.3391622638529));
#9885=CARTESIAN_POINT('',(-12.0859564281257,-6.19040986147637,-18.63742));
#9886=CARTESIAN_POINT('',(-2.45095199999852,-6.19040986147627,-18.63742));
#9887=VECTOR('',#11769,1000.0);
#9888=CARTESIAN_POINT('',(-12.3670052809993,-6.69172067776509,-18.3392943564717));
#9889=CARTESIAN_POINT('',(-12.3670052809993,-6.69172067776509,-18.3392943564717));
#9890=CARTESIAN_POINT('',(-12.2518271411527,-6.55515873763771,-18.4657033070262));
#9891=CARTESIAN_POINT('',(-12.1515788054909,-6.38758961987156,-18.5707156795073));
#9892=CARTESIAN_POINT('',(-12.0859564281257,-6.19040986147637,-18.63742));
#9893=CARTESIAN_POINT('',(-12.8328743207321,-6.69186334032395,-18.3391622820324));
#9894=CARTESIAN_POINT('',(-12.7812890129938,-6.7529499459094,-18.2826015036976));
#9895=CARTESIAN_POINT('',(-12.6002284656496,-6.84709637117475,-18.1717859823566));
#9896=CARTESIAN_POINT('',(-12.4186019510526,-6.75289670801082,-18.2826665890627));
#9897=CARTESIAN_POINT('',(-12.3670052809979,-6.691720677766,-18.3392943564709));
#9898=COLOUR_RGB('',0.592156887054443,0.592156887054443,0.592156887054443);
#9899=CARTESIAN_POINT('',(-12.0859564281256,-6.19040986147608,-17.563));
#9900=CARTESIAN_POINT('',(-13.1140435718715,-6.19040986147608,-17.563));
#9901=CARTESIAN_POINT('',(-2.45095199999852,-6.19040986147627,-17.563));
#9902=VECTOR('',#11770,1000.0);
#9903=CARTESIAN_POINT('',(-12.8329947189977,-6.69172067776509,-17.8611256435284));
#9904=CARTESIAN_POINT('',(-12.8329947189977,-6.69172067776509,-17.8611256435284));
#9905=CARTESIAN_POINT('',(-12.9481728588444,-6.55515873763765,-17.7347166929739));
#9906=CARTESIAN_POINT('',(-13.0484211945063,-6.38758961987139,-17.6297043204927));
#9907=CARTESIAN_POINT('',(-13.1140435718715,-6.19040986147608,-17.563));
#9908=CARTESIAN_POINT('',(-12.367125854571,-6.69186346858981,-17.8612578552021));
#9909=CARTESIAN_POINT('',(-12.3671258117848,-6.69186349725192,-17.8612578632691));
#9910=CARTESIAN_POINT('',(-12.418711143062,-6.7529500472033,-17.9178186074608));
#9911=CARTESIAN_POINT('',(-12.5997716983893,-6.84709633384476,-18.028633974408));
#9912=CARTESIAN_POINT('',(-12.781398071286,-6.75289668152132,-17.9177533864173));
#9913=CARTESIAN_POINT('',(-12.8329947189992,-6.69172067776601,-17.8611256435291));
#9914=CARTESIAN_POINT('',(-12.0859564281256,-6.19040986147611,-17.563));
#9915=CARTESIAN_POINT('',(-12.1518758611353,-6.38848220198398,-17.6300062738159));
#9916=CARTESIAN_POINT('',(-12.2517576409467,-6.55511034412042,-17.7346365298384));
#9917=CARTESIAN_POINT('',(-12.3671257684204,-6.69186351692943,-17.8612578814887));
#9918=COLOUR_RGB('',0.592156887054443,0.592156887054443,0.592156887054443);
#9919=AXIS2_PLACEMENT_3D('',#11771,#11772,#11773);
#9920=AXIS2_PLACEMENT_3D('',#11774,#11775,#11776);
#9921=CARTESIAN_POINT('',(-12.3670052809994,-6.6917206777651,-7.951162));
#9922=VECTOR('',#11777,1000.0);
#9923=COLOUR_RGB('',0.592156887054443,0.592156887054443,0.592156887054443);
#9924=AXIS2_PLACEMENT_3D('',#11778,#11779,#11780);
#9925=CARTESIAN_POINT('',(-12.8329947189977,-6.6917206777651,-7.951162));
#9926=VECTOR('',#11781,1000.0);
#9927=AXIS2_PLACEMENT_3D('',#11782,#11783,#11784);
#9928=COLOUR_RGB('',0.592156887054443,0.592156887054443,0.592156887054443);
#9929=COLOUR_RGB('',0.592156887054443,0.592156887054443,0.592156887054443);
#9930=CARTESIAN_POINT('',(-13.1372099999985,2.64279,-17.563));
#9931=VECTOR('',#11785,1000.0);
#9932=COLOUR_RGB('',0.592156887054443,0.592156887054443,0.592156887054443);
#9933=CARTESIAN_POINT('',(-13.1372099999985,2.64279,-18.63742));
#9934=VECTOR('',#11786,1000.0);
#9935=COLOUR_RGB('',0.592156887054443,0.592156887054443,0.592156887054443);
#9936=COLOUR_RGB('',0.592156887054443,0.592156887054443,0.592156887054443);
#9937=COLOUR_RGB('',0.592156887054443,0.592156887054443,0.592156887054443);
#9938=CARTESIAN_POINT('',(-4.43299471899769,4.43908435647166,-3.90828918371117));
#9939=CARTESIAN_POINT('',(-3.96712564959673,4.43895236976238,-3.90814663578406));
#9940=CARTESIAN_POINT('',(-4.43299471899769,4.43908435647166,-3.90828918371118));
#9941=CARTESIAN_POINT('',(-4.38145092706122,4.38251462323094,-3.84717584885668));
#9942=CARTESIAN_POINT('',(-4.20052557043527,4.27157643007238,-3.75291389410292));
#9943=CARTESIAN_POINT('',(-4.0187640609338,4.38233327784611,-3.84699702036961));
#9944=CARTESIAN_POINT('',(-3.9671256066862,4.43895236160919,-3.90814660709653));
#9945=CARTESIAN_POINT('',(-4.43287428365691,3.9610477034541,-3.90814655673107));
#9946=CARTESIAN_POINT('',(-4.43299471899769,-5.949048,-3.90828918371117));
#9947=VECTOR('',#11787,1000.0);
#9948=CARTESIAN_POINT('',(-3.96700528099906,3.96091564352801,-3.90828918371154));
#9949=CARTESIAN_POINT('',(-3.96700528099875,3.96091564352767,-3.9082891837119));
#9950=CARTESIAN_POINT('',(-4.0185490617842,4.01748536453033,-3.84717586207832));
#9951=CARTESIAN_POINT('',(-4.19947434749171,4.128423547886,-3.75291391314345));
#9952=CARTESIAN_POINT('',(-4.38123586040035,4.01766677817048,-3.84699696933067));
#9953=CARTESIAN_POINT('',(-4.43287432655125,3.96104771158948,-3.90814652804071));
#9954=CARTESIAN_POINT('',(-3.96700528099936,-5.949048,-3.90828918371118));
#9955=VECTOR('',#11788,1000.0);
#9956=COLOUR_RGB('',0.592156887054443,0.592156887054443,0.592156887054443);
#9957=CARTESIAN_POINT('',(-4.71404357187142,3.66279,-4.4096));
#9958=CARTESIAN_POINT('',(-3.68595642812563,3.66279,-4.4096));
#9959=CARTESIAN_POINT('',(-14.3490479999985,3.66279,-4.4096));
#9960=VECTOR('',#11789,1000.0);
#9961=CARTESIAN_POINT('',(-3.68595642812564,3.66279000000002,-4.40959999999996));
#9962=CARTESIAN_POINT('',(-3.75185270208412,3.7297727329318,-4.21159724697616));
#9963=CARTESIAN_POINT('',(-3.85168744017073,3.83435337000349,-4.04501676149499));
#9964=CARTESIAN_POINT('',(-3.96700528099875,3.96091564352766,-3.90828918371189));
#9965=CARTESIAN_POINT('',(-4.43287436981479,3.96104772976653,-3.9081465084093));
#9966=CARTESIAN_POINT('',(-4.54810252787092,3.83458000487026,-4.04473380555799));
#9967=CARTESIAN_POINT('',(-4.6483983780359,3.72951751314757,-4.2123516834957));
#9968=CARTESIAN_POINT('',(-4.71404357187142,3.66279,-4.4096));
#9969=COLOUR_RGB('',0.592156887054443,0.592156887054443,0.592156887054443);
#9970=CARTESIAN_POINT('',(-3.66278999999853,3.66279,-4.4858));
#9971=AXIS2_PLACEMENT_3D('',#11790,#11791,#11792);
#9972=CARTESIAN_POINT('',(-3.66278999999853,4.73721,-4.4858));
#9973=CARTESIAN_POINT('',(-3.66278999999853,-5.949048,-4.4858));
#9974=VECTOR('',#11793,1000.0);
#9975=CARTESIAN_POINT('',(-3.68595642812563,4.73721,-4.4096));
#9976=AXIS2_PLACEMENT_3D('',#11794,#11795,#11796);
#9977=CARTESIAN_POINT('',(-3.9671255634706,4.43895234345231,-3.9081465874869));
#9978=CARTESIAN_POINT('',(-3.85189743314008,4.56542003576812,-4.04473387058425));
#9979=CARTESIAN_POINT('',(-3.75160160931451,4.67048249970758,-4.21235172149586));
#9980=CARTESIAN_POINT('',(-3.68595642812563,4.73721,-4.4096));
#9981=COLOUR_RGB('',0.592156887054443,0.592156887054443,0.592156887054443);
#9982=CARTESIAN_POINT('',(-4.71404357187142,4.73721,-4.4096));
#9983=CARTESIAN_POINT('',(-14.3490479999985,4.73721,-4.4096));
#9984=VECTOR('',#11797,1000.0);
#9985=CARTESIAN_POINT('',(-4.71404357187142,4.73721,-4.4096));
#9986=CARTESIAN_POINT('',(-4.64814729791289,4.67022726706816,-4.21159724697602));
#9987=CARTESIAN_POINT('',(-4.54831255982587,4.56564662999602,-4.04501676149428));
#9988=CARTESIAN_POINT('',(-4.43299471899769,4.43908435647167,-3.90828918371117));
#9989=COLOUR_RGB('',0.592156887054443,0.592156887054443,0.592156887054443);
#9990=CARTESIAN_POINT('',(-4.73720999999853,3.66279,-4.4858));
#9991=CARTESIAN_POINT('',(-4.73720999999853,4.73721,-4.4858));
#9992=CARTESIAN_POINT('',(-4.73720999999852,-5.949048,-4.4858));
#9993=VECTOR('',#11798,1000.0);
#9994=AXIS2_PLACEMENT_3D('',#11799,#11800,#11801);
#9995=AXIS2_PLACEMENT_3D('',#11802,#11803,#11804);
#9996=COLOUR_RGB('',0.592156887054443,0.592156887054443,0.592156887054443);
#9997=CARTESIAN_POINT('',(-3.66278999999853,4.73721,-9.1));
#9998=CARTESIAN_POINT('',(-3.66278999999853,4.73721,-28.3));
#9999=VECTOR('',#11805,1000.0);
#10000=CARTESIAN_POINT('',(-4.73720999999853,4.73721,-9.1));
#10001=CARTESIAN_POINT('',(-11.45718,4.73721,-9.1));
#10002=VECTOR('',#11806,1000.0);
#10003=CARTESIAN_POINT('',(-4.73720999999853,4.73721,-18.63742));
#10004=VECTOR('',#11807,1000.0);
#10005=COLOUR_RGB('',0.592156887054443,0.592156887054443,0.592156887054443);
#10006=CARTESIAN_POINT('',(-3.66278999999853,3.66279,-9.1));
#10007=CARTESIAN_POINT('',(-3.66278999999853,3.66279,-17.563));
#10008=VECTOR('',#11808,1000.0);
#10009=CARTESIAN_POINT('',(-3.66278999999853,2.5,-9.1));
#10010=VECTOR('',#11809,1000.0);
#10011=COLOUR_RGB('',0.592156887054443,0.592156887054443,0.592156887054443);
#10012=CARTESIAN_POINT('',(-4.73720999999853,3.66279,-9.1));
#10013=CARTESIAN_POINT('',(-4.73720999999853,2.5,-9.1));
#10014=VECTOR('',#11810,1000.0);
#10015=CARTESIAN_POINT('',(-4.73720999999853,3.66279,-28.3));
#10016=VECTOR('',#11811,1000.0);
#10017=COLOUR_RGB('',0.592156887054443,0.592156887054443,0.592156887054443);
#10018=CARTESIAN_POINT('',(-11.45718,3.66279,-9.1));
#10019=VECTOR('',#11812,1000.0);
#10020=COLOUR_RGB('',0.592156887054443,0.592156887054443,0.592156887054443);
#10021=CARTESIAN_POINT('',(-0.232994718997689,0.239084356471657,-3.90828918371118));
#10022=CARTESIAN_POINT('',(0.23287435040319,0.238952369762282,-3.90814663578396));
#10023=CARTESIAN_POINT('',(-0.232994718997689,0.239084356471657,-3.90828918371118));
#10024=CARTESIAN_POINT('',(-0.181450927061235,0.182514623230952,-3.8471758488567));
#10025=CARTESIAN_POINT('',(-0.000525570435369554,0.0715764300723873,-3.75291389410295));
#10026=CARTESIAN_POINT('',(0.181235939066108,0.18233327784604,-3.84699702036954));
#10027=CARTESIAN_POINT('',(0.232874393313721,0.238952361609097,-3.90814660709644));
#10028=CARTESIAN_POINT('',(-0.232874283657031,-0.238952296546033,-3.90814655673122));
#10029=CARTESIAN_POINT('',(-0.232994718997689,-10.149048,-3.90828918371118));
#10030=VECTOR('',#11813,1000.0);
#10031=CARTESIAN_POINT('',(0.232994719000951,-0.23908435647199,-3.90828918371154));
#10032=CARTESIAN_POINT('',(0.232994719001261,-0.239084356472323,-3.9082891837119));
#10033=CARTESIAN_POINT('',(0.181450938215792,-0.182514635469639,-3.8471758620783));
#10034=CARTESIAN_POINT('',(0.000525652508141715,-0.0715764521139529,-3.75291391314342));
#10035=CARTESIAN_POINT('',(-0.181235860400487,-0.182333221829619,-3.84699696933077));
#10036=CARTESIAN_POINT('',(-0.232874326551369,-0.238952288410649,-3.90814652804086));
#10037=CARTESIAN_POINT('',(0.232994719000651,-10.149048,-3.90828918371118));
#10038=VECTOR('',#11814,1000.0);
#10039=COLOUR_RGB('',0.592156887054443,0.592156887054443,0.592156887054443);
#10040=CARTESIAN_POINT('',(-0.514043571871412,-0.53721,-4.4096));
#10041=CARTESIAN_POINT('',(0.514043571874376,-0.53721,-4.4096));
#10042=CARTESIAN_POINT('',(-10.1490479999985,-0.53721,-4.4096));
#10043=VECTOR('',#11815,1000.0);
#10044=CARTESIAN_POINT('',(0.514043571874371,-0.53721,-4.4096));
#10045=CARTESIAN_POINT('',(0.4481472979159,-0.470227267068218,-4.2115972469762));
#10046=CARTESIAN_POINT('',(0.348312559829277,-0.365646629996506,-4.04501676149499));
#10047=CARTESIAN_POINT('',(0.232994719001251,-0.239084356472338,-3.9082891837119));
#10048=CARTESIAN_POINT('',(-0.2328743698149,-0.2389522702336,-3.90814650840945));
#10049=CARTESIAN_POINT('',(-0.348102527870974,-0.365419995129813,-4.04473380555811));
#10050=CARTESIAN_POINT('',(-0.448398378035911,-0.470482486852454,-4.21235168349577));
#10051=CARTESIAN_POINT('',(-0.514043571871412,-0.537210000000003,-4.40960000000001));
#10052=COLOUR_RGB('',0.592156887054443,0.592156887054443,0.592156887054443);
#10053=CARTESIAN_POINT('',(0.537210000001481,-0.53721,-4.4858));
#10054=AXIS2_PLACEMENT_3D('',#11816,#11817,#11818);
#10055=CARTESIAN_POINT('',(0.537210000001482,0.53721,-4.4858));
#10056=CARTESIAN_POINT('',(0.537210000001481,-10.149048,-4.4858));
#10057=VECTOR('',#11819,1000.0);
#10058=CARTESIAN_POINT('',(0.514043571874371,0.53721,-4.4096));
#10059=AXIS2_PLACEMENT_3D('',#11820,#11821,#11822);
#10060=CARTESIAN_POINT('',(0.23287443652932,0.238952343452213,-3.9081465874868));
#10061=CARTESIAN_POINT('',(0.348102566859871,0.36542003576806,-4.04473387058417));
#10062=CARTESIAN_POINT('',(0.448398390685468,0.470482499707557,-4.21235172149581));
#10063=CARTESIAN_POINT('',(0.514043571874371,0.537209999999998,-4.4096));
#10064=COLOUR_RGB('',0.592156887054443,0.592156887054443,0.592156887054443);
#10065=CARTESIAN_POINT('',(-0.514043571871409,0.53721,-4.4096));
#10066=CARTESIAN_POINT('',(-10.1490479999985,0.53721,-4.4096));
#10067=VECTOR('',#11823,1000.0);
#10068=CARTESIAN_POINT('',(-0.514043571871409,0.537209999999998,-4.4096));
#10069=CARTESIAN_POINT('',(-0.448147297912879,0.470227267068157,-4.21159724697602));
#10070=CARTESIAN_POINT('',(-0.348312559825854,0.365646629996024,-4.04501676149428));
#10071=CARTESIAN_POINT('',(-0.232994718997679,0.239084356471672,-3.90828918371117));
#10072=COLOUR_RGB('',0.592156887054443,0.592156887054443,0.592156887054443);
#10073=CARTESIAN_POINT('',(-0.537209999998519,-0.53721,-4.4858));
#10074=CARTESIAN_POINT('',(-0.537209999998519,0.53721,-4.4858));
#10075=CARTESIAN_POINT('',(-0.537209999998519,-10.149048,-4.4858));
#10076=VECTOR('',#11824,1000.0);
#10077=AXIS2_PLACEMENT_3D('',#11825,#11826,#11827);
#10078=AXIS2_PLACEMENT_3D('',#11828,#11829,#11830);
#10079=COLOUR_RGB('',0.592156887054443,0.592156887054443,0.592156887054443);
#10080=CARTESIAN_POINT('',(0.537210000001482,0.53721,-9.1));
#10081=CARTESIAN_POINT('',(0.537210000001482,0.53721,-19.9));
#10082=VECTOR('',#11831,1000.0);
#10083=CARTESIAN_POINT('',(-0.537209999998519,0.53721,-9.1));
#10084=CARTESIAN_POINT('',(-11.45718,0.53721,-9.1));
#10085=VECTOR('',#11832,1000.0);
#10086=CARTESIAN_POINT('',(-0.537209999998518,0.53721,-14.43742));
#10087=VECTOR('',#11833,1000.0);
#10088=COLOUR_RGB('',0.592156887054443,0.592156887054443,0.592156887054443);
#10089=CARTESIAN_POINT('',(0.537210000001481,-0.53721,-9.1));
#10090=CARTESIAN_POINT('',(0.537210000001482,-0.53721,-13.363));
#10091=VECTOR('',#11834,1000.0);
#10092=CARTESIAN_POINT('',(0.537210000001482,2.5,-9.1));
#10093=VECTOR('',#11835,1000.0);
#10094=COLOUR_RGB('',0.592156887054443,0.592156887054443,0.592156887054443);
#10095=CARTESIAN_POINT('',(-0.537209999998519,-0.53721,-9.1));
#10096=CARTESIAN_POINT('',(-0.537209999998519,2.5,-9.1));
#10097=VECTOR('',#11836,1000.0);
#10098=CARTESIAN_POINT('',(-0.537209999998518,-0.53721,-19.9));
#10099=VECTOR('',#11837,1000.0);
#10100=COLOUR_RGB('',0.592156887054443,0.592156887054443,0.592156887054443);
#10101=CARTESIAN_POINT('',(-11.45718,-0.53721,-9.1));
#10102=VECTOR('',#11838,1000.0);
#10103=COLOUR_RGB('',0.592156887054443,0.592156887054443,0.592156887054443);
#10104=CARTESIAN_POINT('',(-8.63299471899769,4.43908435647166,-3.90828918371117));
#10105=CARTESIAN_POINT('',(-8.16712564959673,4.43895236976238,-3.90814663578406));
#10106=CARTESIAN_POINT('',(-8.63299471899769,4.43908435647166,-3.90828918371118));
#10107=CARTESIAN_POINT('',(-8.58145092706122,4.38251462323094,-3.84717584885668));
#10108=CARTESIAN_POINT('',(-8.40052557043526,4.27157643007238,-3.75291389410292));
#10109=CARTESIAN_POINT('',(-8.2187640609338,4.38233327784611,-3.84699702036961));
#10110=CARTESIAN_POINT('',(-8.1671256066862,4.43895236160919,-3.90814660709653));
#10111=CARTESIAN_POINT('',(-8.63287428365691,3.9610477034541,-3.90814655673107));
#10112=CARTESIAN_POINT('',(-8.63299471899769,-5.949048,-3.90828918371117));
#10113=VECTOR('',#11839,1000.0);
#10114=CARTESIAN_POINT('',(-8.16700528099906,3.96091564352801,-3.90828918371154));
#10115=CARTESIAN_POINT('',(-8.16700528099875,3.96091564352767,-3.9082891837119));
#10116=CARTESIAN_POINT('',(-8.2185490617842,4.01748536453033,-3.84717586207832));
#10117=CARTESIAN_POINT('',(-8.39947434749171,4.128423547886,-3.75291391314345));
#10118=CARTESIAN_POINT('',(-8.58123586040035,4.01766677817048,-3.84699696933067));
#10119=CARTESIAN_POINT('',(-8.63287432655125,3.96104771158948,-3.90814652804071));
#10120=CARTESIAN_POINT('',(-8.16700528099936,-5.949048,-3.90828918371118));
#10121=VECTOR('',#11840,1000.0);
#10122=COLOUR_RGB('',0.592156887054443,0.592156887054443,0.592156887054443);
#10123=CARTESIAN_POINT('',(-8.91404357187142,3.66279,-4.4096));
#10124=CARTESIAN_POINT('',(-7.88595642812563,3.66279,-4.4096));
#10125=CARTESIAN_POINT('',(-18.5490479999985,3.66279,-4.4096));
#10126=VECTOR('',#11841,1000.0);
#10127=CARTESIAN_POINT('',(-7.88595642812562,3.66278999999999,-4.40960000000004));
#10128=CARTESIAN_POINT('',(-7.95185270208408,3.72977273293176,-4.21159724697623));
#10129=CARTESIAN_POINT('',(-8.05168744017073,3.83435337000349,-4.04501676149499));
#10130=CARTESIAN_POINT('',(-8.16700528099875,3.96091564352766,-3.90828918371189));
#10131=CARTESIAN_POINT('',(-8.63287436981479,3.96104772976653,-3.9081465084093));
#10132=CARTESIAN_POINT('',(-8.74810252787092,3.83458000487026,-4.04473380555799));
#10133=CARTESIAN_POINT('',(-8.8483983780359,3.72951751314757,-4.2123516834957));
#10134=CARTESIAN_POINT('',(-8.91404357187142,3.66279,-4.4096));
#10135=COLOUR_RGB('',0.592156887054443,0.592156887054443,0.592156887054443);
#10136=CARTESIAN_POINT('',(-7.86278999999853,3.66279,-4.4858));
#10137=AXIS2_PLACEMENT_3D('',#11842,#11843,#11844);
#10138=CARTESIAN_POINT('',(-7.86278999999853,4.73721,-4.4858));
#10139=CARTESIAN_POINT('',(-7.86278999999853,-5.949048,-4.4858));
#10140=VECTOR('',#11845,1000.0);
#10141=CARTESIAN_POINT('',(-7.88595642812563,4.73721,-4.4096));
#10142=AXIS2_PLACEMENT_3D('',#11846,#11847,#11848);
#10143=CARTESIAN_POINT('',(-8.1671255634706,4.43895234345231,-3.9081465874869));
#10144=CARTESIAN_POINT('',(-8.05189743314008,4.56542003576812,-4.04473387058425));
#10145=CARTESIAN_POINT('',(-7.95160160931452,4.67048249970758,-4.21235172149586));
#10146=CARTESIAN_POINT('',(-7.88595642812563,4.73721,-4.4096));
#10147=COLOUR_RGB('',0.592156887054443,0.592156887054443,0.592156887054443);
#10148=CARTESIAN_POINT('',(-8.91404357187142,4.73721,-4.4096));
#10149=CARTESIAN_POINT('',(-18.5490479999985,4.73721,-4.4096));
#10150=VECTOR('',#11849,1000.0);
#10151=CARTESIAN_POINT('',(-8.91404357187142,4.73721,-4.4096));
#10152=CARTESIAN_POINT('',(-8.84814729791289,4.67022726706816,-4.21159724697602));
#10153=CARTESIAN_POINT('',(-8.74831255982587,4.56564662999602,-4.04501676149428));
#10154=CARTESIAN_POINT('',(-8.63299471899769,4.43908435647167,-3.90828918371117));
#10155=COLOUR_RGB('',0.592156887054443,0.592156887054443,0.592156887054443);
#10156=CARTESIAN_POINT('',(-8.93720999999853,3.66279,-4.4858));
#10157=CARTESIAN_POINT('',(-8.93720999999853,4.73721,-4.4858));
#10158=CARTESIAN_POINT('',(-8.93720999999852,-5.949048,-4.4858));
#10159=VECTOR('',#11850,1000.0);
#10160=AXIS2_PLACEMENT_3D('',#11851,#11852,#11853);
#10161=AXIS2_PLACEMENT_3D('',#11854,#11855,#11856);
#10162=COLOUR_RGB('',0.592156887054443,0.592156887054443,0.592156887054443);
#10163=CARTESIAN_POINT('',(-7.86278999999853,4.73721,-9.1));
#10164=CARTESIAN_POINT('',(-7.86278999999853,4.73721,-28.3));
#10165=VECTOR('',#11857,1000.0);
#10166=CARTESIAN_POINT('',(-8.93720999999853,4.73721,-9.1));
#10167=CARTESIAN_POINT('',(-11.45718,4.73721,-9.1));
#10168=VECTOR('',#11858,1000.0);
#10169=CARTESIAN_POINT('',(-8.93720999999853,4.73721,-18.63742));
#10170=VECTOR('',#11859,1000.0);
#10171=COLOUR_RGB('',0.592156887054443,0.592156887054443,0.592156887054443);
#10172=CARTESIAN_POINT('',(-7.86278999999853,3.66279,-9.1));
#10173=CARTESIAN_POINT('',(-7.86278999999853,3.66279,-17.563));
#10174=VECTOR('',#11860,1000.0);
#10175=CARTESIAN_POINT('',(-7.86278999999853,2.5,-9.1));
#10176=VECTOR('',#11861,1000.0);
#10177=COLOUR_RGB('',0.592156887054443,0.592156887054443,0.592156887054443);
#10178=CARTESIAN_POINT('',(-8.93720999999853,3.66279,-9.1));
#10179=CARTESIAN_POINT('',(-8.93720999999853,2.5,-9.1));
#10180=VECTOR('',#11862,1000.0);
#10181=CARTESIAN_POINT('',(-8.93720999999853,3.66279,-28.3));
#10182=VECTOR('',#11863,1000.0);
#10183=COLOUR_RGB('',0.592156887054443,0.592156887054443,0.592156887054443);
#10184=CARTESIAN_POINT('',(-11.45718,3.66279,-9.1));
#10185=VECTOR('',#11864,1000.0);
#10186=COLOUR_RGB('',0.592156887054443,0.592156887054443,0.592156887054443);
#10187=CARTESIAN_POINT('',(-12.8329947189977,4.43908435647166,-3.90828918371117));
#10188=CARTESIAN_POINT('',(-12.3671256495967,4.43895236976238,-3.90814663578406));
#10189=CARTESIAN_POINT('',(-12.8329947189977,4.43908435647166,-3.90828918371118));
#10190=CARTESIAN_POINT('',(-12.7814509270612,4.38251462323094,-3.84717584885668));
#10191=CARTESIAN_POINT('',(-12.6005255704353,4.27157643007237,-3.75291389410292));
#10192=CARTESIAN_POINT('',(-12.4187640609338,4.38233327784611,-3.84699702036961));
#10193=CARTESIAN_POINT('',(-12.3671256066862,4.43895236160919,-3.90814660709653));
#10194=CARTESIAN_POINT('',(-12.8328742836569,3.9610477034541,-3.90814655673107));
#10195=CARTESIAN_POINT('',(-12.8329947189977,-5.949048,-3.90828918371117));
#10196=VECTOR('',#11865,1000.0);
#10197=CARTESIAN_POINT('',(-12.3670052809991,3.96091564352801,-3.90828918371154));
#10198=CARTESIAN_POINT('',(-12.3670052809987,3.96091564352767,-3.9082891837119));
#10199=CARTESIAN_POINT('',(-12.4185490617842,4.01748536453033,-3.84717586207832));
#10200=CARTESIAN_POINT('',(-12.5994743474917,4.128423547886,-3.75291391314345));
#10201=CARTESIAN_POINT('',(-12.7812358604003,4.01766677817048,-3.84699696933068));
#10202=CARTESIAN_POINT('',(-12.8328743265512,3.96104771158948,-3.90814652804071));
#10203=CARTESIAN_POINT('',(-12.3670052809994,-5.949048,-3.90828918371118));
#10204=VECTOR('',#11866,1000.0);
#10205=COLOUR_RGB('',0.592156887054443,0.592156887054443,0.592156887054443);
#10206=CARTESIAN_POINT('',(-13.1140435718714,3.66279,-4.4096));
#10207=CARTESIAN_POINT('',(-12.0859564281256,3.66279,-4.4096));
#10208=CARTESIAN_POINT('',(-22.7490479999985,3.66279,-4.4096));
#10209=VECTOR('',#11867,1000.0);
#10210=CARTESIAN_POINT('',(-12.0859564281257,3.66279000000003,-4.40959999999991));
#10211=CARTESIAN_POINT('',(-12.1518527020842,3.72977273293182,-4.21159724697611));
#10212=CARTESIAN_POINT('',(-12.2516874401707,3.83435337000349,-4.04501676149499));
#10213=CARTESIAN_POINT('',(-12.3670052809987,3.96091564352766,-3.90828918371189));
#10214=CARTESIAN_POINT('',(-12.8328743698148,3.96104772976653,-3.9081465084093));
#10215=CARTESIAN_POINT('',(-12.9481025278709,3.83458000487026,-4.04473380555799));
#10216=CARTESIAN_POINT('',(-13.0483983780359,3.72951751314757,-4.2123516834957));
#10217=CARTESIAN_POINT('',(-13.1140435718714,3.66279,-4.4096));
#10218=COLOUR_RGB('',0.592156887054443,0.592156887054443,0.592156887054443);
#10219=CARTESIAN_POINT('',(-12.0627899999985,3.66279,-4.4858));
#10220=AXIS2_PLACEMENT_3D('',#11868,#11869,#11870);
#10221=CARTESIAN_POINT('',(-12.0627899999985,4.73721,-4.4858));
#10222=CARTESIAN_POINT('',(-12.0627899999985,-5.949048,-4.4858));
#10223=VECTOR('',#11871,1000.0);
#10224=CARTESIAN_POINT('',(-12.0859564281256,4.73721,-4.4096));
#10225=AXIS2_PLACEMENT_3D('',#11872,#11873,#11874);
#10226=CARTESIAN_POINT('',(-12.3671255634706,4.43895234345231,-3.9081465874869));
#10227=CARTESIAN_POINT('',(-12.2518974331401,4.56542003576812,-4.04473387058425));
#10228=CARTESIAN_POINT('',(-12.1516016093145,4.67048249970758,-4.21235172149586));
#10229=CARTESIAN_POINT('',(-12.0859564281256,4.73721,-4.4096));
#10230=COLOUR_RGB('',0.592156887054443,0.592156887054443,0.592156887054443);
#10231=CARTESIAN_POINT('',(-13.1140435718714,4.73721,-4.4096));
#10232=CARTESIAN_POINT('',(-22.7490479999985,4.73721,-4.4096));
#10233=VECTOR('',#11875,1000.0);
#10234=CARTESIAN_POINT('',(-13.1140435718714,4.73721,-4.4096));
#10235=CARTESIAN_POINT('',(-13.0481472979129,4.67022726706816,-4.21159724697601));
#10236=CARTESIAN_POINT('',(-12.9483125598259,4.56564662999602,-4.04501676149427));
#10237=CARTESIAN_POINT('',(-12.8329947189977,4.43908435647167,-3.90828918371117));
#10238=COLOUR_RGB('',0.592156887054443,0.592156887054443,0.592156887054443);
#10239=CARTESIAN_POINT('',(-13.1372099999985,3.66279,-4.4858));
#10240=CARTESIAN_POINT('',(-13.1372099999985,4.73721,-4.4858));
#10241=CARTESIAN_POINT('',(-13.1372099999985,-5.949048,-4.4858));
#10242=VECTOR('',#11876,1000.0);
#10243=AXIS2_PLACEMENT_3D('',#11877,#11878,#11879);
#10244=AXIS2_PLACEMENT_3D('',#11880,#11881,#11882);
#10245=COLOUR_RGB('',0.592156887054443,0.592156887054443,0.592156887054443);
#10246=CARTESIAN_POINT('',(-12.0627899999985,4.73721,-9.1));
#10247=CARTESIAN_POINT('',(-12.0627899999985,4.73721,-28.3));
#10248=VECTOR('',#11883,1000.0);
#10249=CARTESIAN_POINT('',(-13.1372099999985,4.73721,-9.1));
#10250=CARTESIAN_POINT('',(-11.45718,4.73721,-9.1));
#10251=VECTOR('',#11884,1000.0);
#10252=CARTESIAN_POINT('',(-13.1372099999985,4.73721,-18.63742));
#10253=VECTOR('',#11885,1000.0);
#10254=COLOUR_RGB('',0.592156887054443,0.592156887054443,0.592156887054443);
#10255=CARTESIAN_POINT('',(-12.0627899999985,3.66279,-9.1));
#10256=CARTESIAN_POINT('',(-12.0627899999985,3.66279,-17.563));
#10257=VECTOR('',#11886,1000.0);
#10258=CARTESIAN_POINT('',(-12.0627899999985,2.5,-9.1));
#10259=VECTOR('',#11887,1000.0);
#10260=COLOUR_RGB('',0.592156887054443,0.592156887054443,0.592156887054443);
#10261=CARTESIAN_POINT('',(-13.1372099999985,3.66279,-9.1));
#10262=CARTESIAN_POINT('',(-13.1372099999985,2.5,-9.1));
#10263=VECTOR('',#11888,1000.0);
#10264=CARTESIAN_POINT('',(-13.1372099999985,3.66279,-28.3));
#10265=VECTOR('',#11889,1000.0);
#10266=COLOUR_RGB('',0.592156887054443,0.592156887054443,0.592156887054443);
#10267=CARTESIAN_POINT('',(-11.45718,3.66279,-9.1));
#10268=VECTOR('',#11890,1000.0);
#10269=COLOUR_RGB('',0.592156887054443,0.592156887054443,0.592156887054443);
#10270=CARTESIAN_POINT('',(-0.232994718997689,4.43908435647166,-3.90828918371117));
#10271=CARTESIAN_POINT('',(0.232874350403271,4.43895236976238,-3.90814663578406));
#10272=CARTESIAN_POINT('',(-0.232994718997689,4.43908435647166,-3.90828918371118));
#10273=CARTESIAN_POINT('',(-0.181450927061221,4.38251462323094,-3.84717584885668));
#10274=CARTESIAN_POINT('',(-0.000525570435268899,4.27157643007238,-3.75291389410292));
#10275=CARTESIAN_POINT('',(0.181235939066202,4.38233327784611,-3.84699702036961));
#10276=CARTESIAN_POINT('',(0.2328743933138,4.43895236160919,-3.90814660709653));
#10277=CARTESIAN_POINT('',(-0.23287428365691,3.9610477034541,-3.90814655673107));
#10278=CARTESIAN_POINT('',(-0.232994718997689,-5.949048,-3.90828918371117));
#10279=VECTOR('',#11891,1000.0);
#10280=CARTESIAN_POINT('',(0.232994719000941,3.96091564352801,-3.90828918371154));
#10281=CARTESIAN_POINT('',(0.232994719001251,3.96091564352767,-3.9082891837119));
#10282=CARTESIAN_POINT('',(0.181450938215801,4.01748536453033,-3.84717586207832));
#10283=CARTESIAN_POINT('',(0.000525652508289749,4.128423547886,-3.75291391314345));
#10284=CARTESIAN_POINT('',(-0.181235860400346,4.01766677817048,-3.84699696933067));
#10285=CARTESIAN_POINT('',(-0.232874326551249,3.96104771158948,-3.90814652804071));
#10286=CARTESIAN_POINT('',(0.232994719000641,-5.949048,-3.90828918371118));
#10287=VECTOR('',#11892,1000.0);
#10288=COLOUR_RGB('',0.592156887054443,0.592156887054443,0.592156887054443);
#10289=CARTESIAN_POINT('',(-0.514043571871418,3.66279,-4.4096));
#10290=CARTESIAN_POINT('',(0.514043571874371,3.66279,-4.4096));
#10291=CARTESIAN_POINT('',(-10.1490479999985,3.66279,-4.4096));
#10292=VECTOR('',#11893,1000.0);
#10293=CARTESIAN_POINT('',(0.514043571874385,3.66278999999999,-4.40960000000004));
#10294=CARTESIAN_POINT('',(0.448147297915921,3.72977273293176,-4.21159724697624));
#10295=CARTESIAN_POINT('',(0.348312559829276,3.83435337000349,-4.04501676149499));
#10296=CARTESIAN_POINT('',(0.232994719001251,3.96091564352766,-3.90828918371189));
#10297=CARTESIAN_POINT('',(-0.232874369814789,3.96104772976653,-3.9081465084093));
#10298=CARTESIAN_POINT('',(-0.348102527870914,3.83458000487026,-4.04473380555799));
#10299=CARTESIAN_POINT('',(-0.448398378035895,3.72951751314757,-4.2123516834957));
#10300=CARTESIAN_POINT('',(-0.514043571871419,3.66279,-4.4096));
#10301=COLOUR_RGB('',0.592156887054443,0.592156887054443,0.592156887054443);
#10302=CARTESIAN_POINT('',(0.537210000001472,3.66279,-4.4858));
#10303=AXIS2_PLACEMENT_3D('',#11894,#11895,#11896);
#10304=CARTESIAN_POINT('',(0.537210000001472,4.73721,-4.4858));
#10305=CARTESIAN_POINT('',(0.537210000001472,-5.949048,-4.4858));
#10306=VECTOR('',#11897,1000.0);
#10307=CARTESIAN_POINT('',(0.514043571874372,4.73721,-4.4096));
#10308=AXIS2_PLACEMENT_3D('',#11898,#11899,#11900);
#10309=CARTESIAN_POINT('',(0.232874436529401,4.43895234345231,-3.9081465874869));
#10310=CARTESIAN_POINT('',(0.34810256685992,4.56542003576812,-4.04473387058425));
#10311=CARTESIAN_POINT('',(0.448398390685486,4.67048249970758,-4.21235172149586));
#10312=CARTESIAN_POINT('',(0.514043571874373,4.73721,-4.4096));
#10313=COLOUR_RGB('',0.592156887054443,0.592156887054443,0.592156887054443);
#10314=CARTESIAN_POINT('',(-0.514043571871418,4.73721,-4.4096));
#10315=CARTESIAN_POINT('',(-10.1490479999985,4.73721,-4.4096));
#10316=VECTOR('',#11901,1000.0);
#10317=CARTESIAN_POINT('',(-0.514043571871418,4.73721,-4.4096));
#10318=CARTESIAN_POINT('',(-0.448147297912888,4.67022726706816,-4.21159724697602));
#10319=CARTESIAN_POINT('',(-0.348312559825866,4.56564662999602,-4.04501676149428));
#10320=CARTESIAN_POINT('',(-0.232994718997689,4.43908435647167,-3.90828918371117));
#10321=COLOUR_RGB('',0.592156887054443,0.592156887054443,0.592156887054443);
#10322=CARTESIAN_POINT('',(-0.537209999998529,3.66279,-4.4858));
#10323=CARTESIAN_POINT('',(-0.537209999998529,4.73721,-4.4858));
#10324=CARTESIAN_POINT('',(-0.537209999998519,-5.949048,-4.4858));
#10325=VECTOR('',#11902,1000.0);
#10326=AXIS2_PLACEMENT_3D('',#11903,#11904,#11905);
#10327=AXIS2_PLACEMENT_3D('',#11906,#11907,#11908);
#10328=COLOUR_RGB('',0.592156887054443,0.592156887054443,0.592156887054443);
#10329=CARTESIAN_POINT('',(0.537210000001472,4.73721,-9.1));
#10330=CARTESIAN_POINT('',(0.537210000001474,4.73721,-28.3));
#10331=VECTOR('',#11909,1000.0);
#10332=CARTESIAN_POINT('',(-0.537209999998528,4.73721,-9.1));
#10333=CARTESIAN_POINT('',(-11.45718,4.73721,-9.1));
#10334=VECTOR('',#11910,1000.0);
#10335=CARTESIAN_POINT('',(-0.537209999998528,4.73721,-18.63742));
#10336=VECTOR('',#11911,1000.0);
#10337=COLOUR_RGB('',0.592156887054443,0.592156887054443,0.592156887054443);
#10338=CARTESIAN_POINT('',(0.537210000001472,3.66279,-9.1));
#10339=CARTESIAN_POINT('',(0.537210000001473,3.66279,-17.563));
#10340=VECTOR('',#11912,1000.0);
#10341=CARTESIAN_POINT('',(0.537210000001472,2.5,-9.1));
#10342=VECTOR('',#11913,1000.0);
#10343=COLOUR_RGB('',0.592156887054443,0.592156887054443,0.592156887054443);
#10344=CARTESIAN_POINT('',(-0.53720999999853,3.66279,-9.1));
#10345=CARTESIAN_POINT('',(-0.537209999998528,2.5,-9.1));
#10346=VECTOR('',#11914,1000.0);
#10347=CARTESIAN_POINT('',(-0.537209999998527,3.66279,-28.3));
#10348=VECTOR('',#11915,1000.0);
#10349=COLOUR_RGB('',0.592156887054443,0.592156887054443,0.592156887054443);
#10350=CARTESIAN_POINT('',(-11.45718,3.66279,-9.1));
#10351=VECTOR('',#11916,1000.0);
#10352=COLOUR_RGB('',0.592156887054443,0.592156887054443,0.592156887054443);
#10353=CARTESIAN_POINT('',(-8.63299471899769,0.239084356471657,-3.90828918371118));
#10354=CARTESIAN_POINT('',(-8.16712564959681,0.238952369762282,-3.90814663578396));
#10355=CARTESIAN_POINT('',(-8.63299471899769,0.239084356471657,-3.90828918371118));
#10356=CARTESIAN_POINT('',(-8.58145092706123,0.182514623230952,-3.8471758488567));
#10357=CARTESIAN_POINT('',(-8.40052557043537,0.0715764300723873,-3.75291389410295));
#10358=CARTESIAN_POINT('',(-8.21876406093389,0.18233327784604,-3.84699702036954));
#10359=CARTESIAN_POINT('',(-8.16712560668628,0.238952361609097,-3.90814660709644));
#10360=CARTESIAN_POINT('',(-8.63287428365703,-0.238952296546033,-3.90814655673122));
#10361=CARTESIAN_POINT('',(-8.63299471899769,-10.149048,-3.90828918371118));
#10362=VECTOR('',#11917,1000.0);
#10363=CARTESIAN_POINT('',(-8.16700528099905,-0.23908435647199,-3.90828918371154));
#10364=CARTESIAN_POINT('',(-8.16700528099874,-0.239084356472323,-3.9082891837119));
#10365=CARTESIAN_POINT('',(-8.21854906178421,-0.182514635469639,-3.8471758620783));
#10366=CARTESIAN_POINT('',(-8.39947434749186,-0.0715764521139526,-3.75291391314342));
#10367=CARTESIAN_POINT('',(-8.58123586040049,-0.18233322182962,-3.84699696933077));
#10368=CARTESIAN_POINT('',(-8.63287432655137,-0.238952288410649,-3.90814652804086));
#10369=CARTESIAN_POINT('',(-8.16700528099935,-10.149048,-3.90828918371118));
#10370=VECTOR('',#11918,1000.0);
#10371=COLOUR_RGB('',0.592156887054443,0.592156887054443,0.592156887054443);
#10372=CARTESIAN_POINT('',(-8.91404357187142,-0.53721,-4.4096));
#10373=CARTESIAN_POINT('',(-7.88595642812563,-0.53721,-4.4096));
#10374=CARTESIAN_POINT('',(-18.5490479999985,-0.53721,-4.4096));
#10375=VECTOR('',#11919,1000.0);
#10376=CARTESIAN_POINT('',(-7.88595642812562,-0.537210000000015,-4.40960000000005));
#10377=CARTESIAN_POINT('',(-7.95185270208408,-0.47022726706824,-4.21159724697624));
#10378=CARTESIAN_POINT('',(-8.05168744017072,-0.365646629996506,-4.04501676149499));
#10379=CARTESIAN_POINT('',(-8.16700528099875,-0.239084356472338,-3.9082891837119));
#10380=CARTESIAN_POINT('',(-8.6328743698149,-0.2389522702336,-3.90814650840945));
#10381=CARTESIAN_POINT('',(-8.74810252787098,-0.365419995129813,-4.04473380555811));
#10382=CARTESIAN_POINT('',(-8.84839837803592,-0.470482486852454,-4.21235168349577));
#10383=CARTESIAN_POINT('',(-8.91404357187141,-0.537210000000003,-4.40960000000001));
#10384=COLOUR_RGB('',0.592156887054443,0.592156887054443,0.592156887054443);
#10385=CARTESIAN_POINT('',(-7.86278999999852,-0.53721,-4.4858));
#10386=AXIS2_PLACEMENT_3D('',#11920,#11921,#11922);
#10387=CARTESIAN_POINT('',(-7.86278999999852,0.53721,-4.4858));
#10388=CARTESIAN_POINT('',(-7.86278999999852,-10.149048,-4.4858));
#10389=VECTOR('',#11923,1000.0);
#10390=CARTESIAN_POINT('',(-7.88595642812563,0.53721,-4.4096));
#10391=AXIS2_PLACEMENT_3D('',#11924,#11925,#11926);
#10392=CARTESIAN_POINT('',(-8.16712556347068,0.238952343452213,-3.9081465874868));
#10393=CARTESIAN_POINT('',(-8.05189743314013,0.36542003576806,-4.04473387058417));
#10394=CARTESIAN_POINT('',(-7.95160160931453,0.470482499707557,-4.21235172149581));
#10395=CARTESIAN_POINT('',(-7.88595642812563,0.537209999999998,-4.4096));
#10396=COLOUR_RGB('',0.592156887054443,0.592156887054443,0.592156887054443);
#10397=CARTESIAN_POINT('',(-8.91404357187141,0.53721,-4.4096));
#10398=CARTESIAN_POINT('',(-18.5490479999985,0.53721,-4.4096));
#10399=VECTOR('',#11927,1000.0);
#10400=CARTESIAN_POINT('',(-8.91404357187141,0.537209999999998,-4.4096));
#10401=CARTESIAN_POINT('',(-8.84814729791288,0.470227267068157,-4.21159724697602));
#10402=CARTESIAN_POINT('',(-8.74831255982585,0.365646629996024,-4.04501676149428));
#10403=CARTESIAN_POINT('',(-8.63299471899768,0.239084356471672,-3.90828918371117));
#10404=COLOUR_RGB('',0.592156887054443,0.592156887054443,0.592156887054443);
#10405=CARTESIAN_POINT('',(-8.93720999999852,-0.53721,-4.4858));
#10406=CARTESIAN_POINT('',(-8.93720999999852,0.53721,-4.4858));
#10407=CARTESIAN_POINT('',(-8.93720999999852,-10.149048,-4.4858));
#10408=VECTOR('',#11928,1000.0);
#10409=AXIS2_PLACEMENT_3D('',#11929,#11930,#11931);
#10410=AXIS2_PLACEMENT_3D('',#11932,#11933,#11934);
#10411=COLOUR_RGB('',0.592156887054443,0.592156887054443,0.592156887054443);
#10412=CARTESIAN_POINT('',(-7.86278999999852,0.53721,-9.1));
#10413=CARTESIAN_POINT('',(-7.86278999999852,0.53721,-19.9));
#10414=VECTOR('',#11935,1000.0);
#10415=CARTESIAN_POINT('',(-8.93720999999852,0.53721,-9.1));
#10416=CARTESIAN_POINT('',(-11.45718,0.53721,-9.1));
#10417=VECTOR('',#11936,1000.0);
#10418=CARTESIAN_POINT('',(-8.93720999999852,0.53721,-14.43742));
#10419=VECTOR('',#11937,1000.0);
#10420=COLOUR_RGB('',0.592156887054443,0.592156887054443,0.592156887054443);
#10421=CARTESIAN_POINT('',(-7.86278999999852,-0.53721,-9.1));
#10422=CARTESIAN_POINT('',(-7.86278999999852,-0.53721,-13.363));
#10423=VECTOR('',#11938,1000.0);
#10424=CARTESIAN_POINT('',(-7.86278999999852,2.5,-9.1));
#10425=VECTOR('',#11939,1000.0);
#10426=COLOUR_RGB('',0.592156887054443,0.592156887054443,0.592156887054443);
#10427=CARTESIAN_POINT('',(-8.93720999999852,-0.53721,-9.1));
#10428=CARTESIAN_POINT('',(-8.93720999999852,2.5,-9.1));
#10429=VECTOR('',#11940,1000.0);
#10430=CARTESIAN_POINT('',(-8.93720999999852,-0.53721,-19.9));
#10431=VECTOR('',#11941,1000.0);
#10432=COLOUR_RGB('',0.592156887054443,0.592156887054443,0.592156887054443);
#10433=CARTESIAN_POINT('',(-11.45718,-0.53721,-9.1));
#10434=VECTOR('',#11942,1000.0);
#10435=COLOUR_RGB('',0.592156887054443,0.592156887054443,0.592156887054443);
#10436=CARTESIAN_POINT('',(-4.43299471899769,0.239084356471657,-3.90828918371118));
#10437=CARTESIAN_POINT('',(-3.96712564959681,0.238952369762282,-3.90814663578396));
#10438=CARTESIAN_POINT('',(-4.43299471899769,0.239084356471657,-3.90828918371118));
#10439=CARTESIAN_POINT('',(-4.38145092706124,0.182514623230952,-3.8471758488567));
#10440=CARTESIAN_POINT('',(-4.20052557043537,0.0715764300723873,-3.75291389410295));
#10441=CARTESIAN_POINT('',(-4.01876406093389,0.182333277846039,-3.84699702036954));
#10442=CARTESIAN_POINT('',(-3.96712560668628,0.238952361609097,-3.90814660709644));
#10443=CARTESIAN_POINT('',(-4.43287428365703,-0.238952296546033,-3.90814655673122));
#10444=CARTESIAN_POINT('',(-4.43299471899769,-10.149048,-3.90828918371118));
#10445=VECTOR('',#11943,1000.0);
#10446=CARTESIAN_POINT('',(-3.96700528099905,-0.23908435647199,-3.90828918371154));
#10447=CARTESIAN_POINT('',(-3.96700528099874,-0.239084356472323,-3.9082891837119));
#10448=CARTESIAN_POINT('',(-4.01854906178421,-0.182514635469639,-3.8471758620783));
#10449=CARTESIAN_POINT('',(-4.19947434749186,-0.0715764521139524,-3.75291391314342));
#10450=CARTESIAN_POINT('',(-4.38123586040049,-0.182333221829619,-3.84699696933077));
#10451=CARTESIAN_POINT('',(-4.43287432655137,-0.238952288410649,-3.90814652804086));
#10452=CARTESIAN_POINT('',(-3.96700528099935,-10.149048,-3.90828918371118));
#10453=VECTOR('',#11944,1000.0);
#10454=COLOUR_RGB('',0.592156887054443,0.592156887054443,0.592156887054443);
#10455=CARTESIAN_POINT('',(-4.71404357187141,-0.53721,-4.4096));
#10456=CARTESIAN_POINT('',(-3.68595642812563,-0.53721,-4.4096));
#10457=CARTESIAN_POINT('',(-14.3490479999985,-0.53721,-4.4096));
#10458=VECTOR('',#11945,1000.0);
#10459=CARTESIAN_POINT('',(-3.68595642812562,-0.537210000000014,-4.40960000000004));
#10460=CARTESIAN_POINT('',(-3.75185270208408,-0.470227267068239,-4.21159724697624));
#10461=CARTESIAN_POINT('',(-3.85168744017073,-0.365646629996506,-4.04501676149499));
#10462=CARTESIAN_POINT('',(-3.96700528099875,-0.239084356472338,-3.9082891837119));
#10463=CARTESIAN_POINT('',(-4.4328743698149,-0.2389522702336,-3.90814650840945));
#10464=CARTESIAN_POINT('',(-4.54810252787097,-0.365419995129813,-4.04473380555811));
#10465=CARTESIAN_POINT('',(-4.64839837803591,-0.470482486852454,-4.21235168349577));
#10466=CARTESIAN_POINT('',(-4.71404357187141,-0.537210000000003,-4.40960000000001));
#10467=COLOUR_RGB('',0.592156887054443,0.592156887054443,0.592156887054443);
#10468=CARTESIAN_POINT('',(-3.66278999999852,-0.53721,-4.4858));
#10469=AXIS2_PLACEMENT_3D('',#11946,#11947,#11948);
#10470=CARTESIAN_POINT('',(-3.66278999999852,0.53721,-4.4858));
#10471=CARTESIAN_POINT('',(-3.66278999999852,-10.149048,-4.4858));
#10472=VECTOR('',#11949,1000.0);
#10473=CARTESIAN_POINT('',(-3.68595642812563,0.53721,-4.4096));
#10474=AXIS2_PLACEMENT_3D('',#11950,#11951,#11952);
#10475=CARTESIAN_POINT('',(-3.96712556347068,0.238952343452213,-3.9081465874868));
#10476=CARTESIAN_POINT('',(-3.85189743314013,0.36542003576806,-4.04473387058417));
#10477=CARTESIAN_POINT('',(-3.75160160931453,0.470482499707557,-4.21235172149581));
#10478=CARTESIAN_POINT('',(-3.68595642812563,0.537209999999998,-4.4096));
#10479=COLOUR_RGB('',0.592156887054443,0.592156887054443,0.592156887054443);
#10480=CARTESIAN_POINT('',(-4.71404357187141,0.53721,-4.4096));
#10481=CARTESIAN_POINT('',(-14.3490479999985,0.53721,-4.4096));
#10482=VECTOR('',#11953,1000.0);
#10483=CARTESIAN_POINT('',(-4.71404357187141,0.537209999999998,-4.4096));
#10484=CARTESIAN_POINT('',(-4.64814729791288,0.470227267068159,-4.21159724697603));
#10485=CARTESIAN_POINT('',(-4.54831255982585,0.365646629996024,-4.04501676149428));
#10486=CARTESIAN_POINT('',(-4.43299471899768,0.239084356471672,-3.90828918371117));
#10487=COLOUR_RGB('',0.592156887054443,0.592156887054443,0.592156887054443);
#10488=CARTESIAN_POINT('',(-4.73720999999852,-0.53721,-4.4858));
#10489=CARTESIAN_POINT('',(-4.73720999999852,0.53721,-4.4858));
#10490=CARTESIAN_POINT('',(-4.73720999999852,-10.149048,-4.4858));
#10491=VECTOR('',#11954,1000.0);
#10492=AXIS2_PLACEMENT_3D('',#11955,#11956,#11957);
#10493=AXIS2_PLACEMENT_3D('',#11958,#11959,#11960);
#10494=COLOUR_RGB('',0.592156887054443,0.592156887054443,0.592156887054443);
#10495=CARTESIAN_POINT('',(-3.66278999999852,0.53721,-9.1));
#10496=CARTESIAN_POINT('',(-3.66278999999852,0.53721,-19.9));
#10497=VECTOR('',#11961,1000.0);
#10498=CARTESIAN_POINT('',(-4.73720999999852,0.53721,-9.1));
#10499=CARTESIAN_POINT('',(-11.45718,0.53721,-9.1));
#10500=VECTOR('',#11962,1000.0);
#10501=CARTESIAN_POINT('',(-4.73720999999852,0.53721,-14.43742));
#10502=VECTOR('',#11963,1000.0);
#10503=COLOUR_RGB('',0.592156887054443,0.592156887054443,0.592156887054443);
#10504=CARTESIAN_POINT('',(-3.66278999999852,-0.53721,-9.1));
#10505=CARTESIAN_POINT('',(-3.66278999999852,-0.53721,-13.363));
#10506=VECTOR('',#11964,1000.0);
#10507=CARTESIAN_POINT('',(-3.66278999999852,2.5,-9.1));
#10508=VECTOR('',#11965,1000.0);
#10509=COLOUR_RGB('',0.592156887054443,0.592156887054443,0.592156887054443);
#10510=CARTESIAN_POINT('',(-4.73720999999852,-0.53721,-9.1));
#10511=CARTESIAN_POINT('',(-4.73720999999852,2.5,-9.1));
#10512=VECTOR('',#11966,1000.0);
#10513=CARTESIAN_POINT('',(-4.73720999999852,-0.53721,-19.9));
#10514=VECTOR('',#11967,1000.0);
#10515=COLOUR_RGB('',0.592156887054443,0.592156887054443,0.592156887054443);
#10516=CARTESIAN_POINT('',(-11.45718,-0.53721,-9.1));
#10517=VECTOR('',#11968,1000.0);
#10518=COLOUR_RGB('',0.592156887054443,0.592156887054443,0.592156887054443);
#10519=CARTESIAN_POINT('',(-12.8329947189977,0.239084356471657,-3.90828918371118));
#10520=CARTESIAN_POINT('',(-12.3671256495968,0.238952369762282,-3.90814663578396));
#10521=CARTESIAN_POINT('',(-12.8329947189977,0.239084356471657,-3.90828918371118));
#10522=CARTESIAN_POINT('',(-12.7814509270612,0.182514623230951,-3.8471758488567));
#10523=CARTESIAN_POINT('',(-12.6005255704354,0.0715764300723862,-3.75291389410295));
#10524=CARTESIAN_POINT('',(-12.4187640609339,0.182333277846042,-3.84699702036955));
#10525=CARTESIAN_POINT('',(-12.3671256066863,0.238952361609097,-3.90814660709644));
#10526=CARTESIAN_POINT('',(-12.832874283657,-0.238952296546033,-3.90814655673122));
#10527=CARTESIAN_POINT('',(-12.8329947189977,-10.149048,-3.90828918371118));
#10528=VECTOR('',#11969,1000.0);
#10529=CARTESIAN_POINT('',(-12.367005280999,-0.23908435647199,-3.90828918371154));
#10530=CARTESIAN_POINT('',(-12.3670052809987,-0.239084356472323,-3.9082891837119));
#10531=CARTESIAN_POINT('',(-12.4185490617842,-0.182514635469638,-3.8471758620783));
#10532=CARTESIAN_POINT('',(-12.5994743474919,-0.0715764521139526,-3.75291391314342));
#10533=CARTESIAN_POINT('',(-12.7812358604005,-0.18233322182962,-3.84699696933077));
#10534=CARTESIAN_POINT('',(-12.8328743265514,-0.238952288410649,-3.90814652804086));
#10535=CARTESIAN_POINT('',(-12.3670052809993,-10.149048,-3.90828918371118));
#10536=VECTOR('',#11970,1000.0);
#10537=COLOUR_RGB('',0.592156887054443,0.592156887054443,0.592156887054443);
#10538=CARTESIAN_POINT('',(-13.1140435718714,-0.53721,-4.4096));
#10539=CARTESIAN_POINT('',(-12.0859564281256,-0.53721,-4.4096));
#10540=CARTESIAN_POINT('',(-22.7490479999985,-0.53721,-4.4096));
#10541=VECTOR('',#11971,1000.0);
#10542=CARTESIAN_POINT('',(-12.0859564281257,-0.537209999999986,-4.40959999999996));
#10543=CARTESIAN_POINT('',(-12.1518527020841,-0.470227267068198,-4.21159724697616));
#10544=CARTESIAN_POINT('',(-12.2516874401707,-0.365646629996507,-4.04501676149499));
#10545=CARTESIAN_POINT('',(-12.3670052809987,-0.239084356472338,-3.9082891837119));
#10546=CARTESIAN_POINT('',(-12.8328743698149,-0.2389522702336,-3.90814650840945));
#10547=CARTESIAN_POINT('',(-12.948102527871,-0.365419995129813,-4.04473380555812));
#10548=CARTESIAN_POINT('',(-13.0483983780359,-0.470482486852455,-4.21235168349577));
#10549=CARTESIAN_POINT('',(-13.1140435718714,-0.537210000000004,-4.40960000000001));
#10550=COLOUR_RGB('',0.592156887054443,0.592156887054443,0.592156887054443);
#10551=CARTESIAN_POINT('',(-12.0627899999985,-0.53721,-4.4858));
#10552=AXIS2_PLACEMENT_3D('',#11972,#11973,#11974);
#10553=CARTESIAN_POINT('',(-12.0627899999985,0.53721,-4.4858));
#10554=CARTESIAN_POINT('',(-12.0627899999985,-10.149048,-4.4858));
#10555=VECTOR('',#11975,1000.0);
#10556=CARTESIAN_POINT('',(-12.0859564281256,0.53721,-4.4096));
#10557=AXIS2_PLACEMENT_3D('',#11976,#11977,#11978);
#10558=CARTESIAN_POINT('',(-12.3671255634707,0.238952343452213,-3.9081465874868));
#10559=CARTESIAN_POINT('',(-12.2518974331401,0.36542003576806,-4.04473387058417));
#10560=CARTESIAN_POINT('',(-12.1516016093145,0.470482499707558,-4.21235172149581));
#10561=CARTESIAN_POINT('',(-12.0859564281256,0.537209999999999,-4.4096));
#10562=COLOUR_RGB('',0.592156887054443,0.592156887054443,0.592156887054443);
#10563=CARTESIAN_POINT('',(-13.1140435718714,0.53721,-4.4096));
#10564=CARTESIAN_POINT('',(-22.7490479999985,0.53721,-4.4096));
#10565=VECTOR('',#11979,1000.0);
#10566=CARTESIAN_POINT('',(-13.1140435718714,0.537209999999998,-4.4096));
#10567=CARTESIAN_POINT('',(-13.0481472979129,0.470227267068158,-4.21159724697602));
#10568=CARTESIAN_POINT('',(-12.9483125598259,0.365646629996023,-4.04501676149428));
#10569=CARTESIAN_POINT('',(-12.8329947189977,0.239084356471673,-3.90828918371118));
#10570=COLOUR_RGB('',0.592156887054443,0.592156887054443,0.592156887054443);
#10571=CARTESIAN_POINT('',(-13.1372099999985,-0.53721,-4.4858));
#10572=CARTESIAN_POINT('',(-13.1372099999985,0.53721,-4.4858));
#10573=CARTESIAN_POINT('',(-13.1372099999985,-10.149048,-4.4858));
#10574=VECTOR('',#11980,1000.0);
#10575=AXIS2_PLACEMENT_3D('',#11981,#11982,#11983);
#10576=AXIS2_PLACEMENT_3D('',#11984,#11985,#11986);
#10577=COLOUR_RGB('',0.592156887054443,0.592156887054443,0.592156887054443);
#10578=CARTESIAN_POINT('',(-12.0627899999985,0.53721,-9.1));
#10579=CARTESIAN_POINT('',(-12.0627899999985,0.53721,-19.9));
#10580=VECTOR('',#11987,1000.0);
#10581=CARTESIAN_POINT('',(-13.1372099999985,0.53721,-9.1));
#10582=CARTESIAN_POINT('',(-11.45718,0.53721,-9.1));
#10583=VECTOR('',#11988,1000.0);
#10584=CARTESIAN_POINT('',(-13.1372099999985,0.53721,-14.43742));
#10585=VECTOR('',#11989,1000.0);
#10586=COLOUR_RGB('',0.592156887054443,0.592156887054443,0.592156887054443);
#10587=CARTESIAN_POINT('',(-12.0627899999985,-0.53721,-9.1));
#10588=CARTESIAN_POINT('',(-12.0627899999985,-0.53721,-13.363));
#10589=VECTOR('',#11990,1000.0);
#10590=CARTESIAN_POINT('',(-12.0627899999985,2.5,-9.1));
#10591=VECTOR('',#11991,1000.0);
#10592=COLOUR_RGB('',0.592156887054443,0.592156887054443,0.592156887054443);
#10593=CARTESIAN_POINT('',(-13.1372099999985,-0.53721,-9.1));
#10594=CARTESIAN_POINT('',(-13.1372099999985,2.5,-9.1));
#10595=VECTOR('',#11992,1000.0);
#10596=CARTESIAN_POINT('',(-13.1372099999985,-0.53721,-19.9));
#10597=VECTOR('',#11993,1000.0);
#10598=COLOUR_RGB('',0.592156887054443,0.592156887054443,0.592156887054443);
#10599=CARTESIAN_POINT('',(-11.45718,-0.53721,-9.1));
#10600=VECTOR('',#11994,1000.0);
#10601=COLOUR_RGB('',0.152941182255745,0.152941182255745,0.152941182255745);
#10602=EDGE_CURVE('',#11995,#11996,#11997,.T.);
#10603=EDGE_CURVE('',#11995,#11998,#11999,.T.);
#10604=EDGE_CURVE('',#11998,#12000,#12001,.T.);
#10605=EDGE_CURVE('',#11996,#12000,#12002,.T.);
#10606=EDGE_CURVE('',#12003,#12004,#12005,.T.);
#10607=EDGE_CURVE('',#12003,#12006,#12007,.T.);
#10608=EDGE_CURVE('',#12006,#12008,#12009,.T.);
#10609=EDGE_CURVE('',#12004,#12008,#12010,.T.);
#10610=EDGE_CURVE('',#12011,#12003,#12012,.T.);
#10611=EDGE_CURVE('',#12011,#12013,#12014,.T.);
#10612=EDGE_CURVE('',#12006,#12013,#12015,.T.);
#10613=EDGE_CURVE('',#12016,#12011,#12017,.T.);
#10614=EDGE_CURVE('',#12016,#12018,#12019,.T.);
#10615=EDGE_CURVE('',#12018,#12013,#12020,.T.);
#10616=EDGE_CURVE('',#12021,#12022,#12023,.T.);
#10617=EDGE_CURVE('',#12024,#12021,#12025,.T.);
#10618=EDGE_CURVE('',#12026,#12024,#12027,.T.);
#10619=EDGE_CURVE('',#12026,#12022,#12028,.T.);
#10620=EDGE_CURVE('',#12029,#12030,#12031,.T.);
#10621=EDGE_CURVE('',#12029,#12032,#12033,.T.);
#10622=EDGE_CURVE('',#12032,#12034,#12035,.T.);
#10623=EDGE_CURVE('',#12030,#12034,#12036,.T.);
#10624=EDGE_CURVE('',#12037,#12029,#12038,.T.);
#10625=EDGE_CURVE('',#12037,#12039,#12040,.T.);
#10626=EDGE_CURVE('',#12039,#12032,#12041,.T.);
#10627=EDGE_CURVE('',#12037,#12042,#12043,.T.);
#10628=EDGE_CURVE('',#12044,#12037,#12045,.T.);
#10629=EDGE_CURVE('',#12044,#12046,#12047,.T.);
#10630=EDGE_CURVE('',#12046,#12042,#12048,.T.);
#10631=EDGE_CURVE('',#12049,#12050,#12051,.T.);
#10632=EDGE_CURVE('',#12049,#12052,#12053,.T.);
#10633=EDGE_CURVE('',#12052,#12054,#12055,.T.);
#10634=EDGE_CURVE('',#12050,#12054,#12056,.T.);
#10635=EDGE_CURVE('',#12057,#12058,#12059,.T.);
#10636=EDGE_CURVE('',#12057,#12060,#12061,.T.);
#10637=EDGE_CURVE('',#12060,#12062,#12063,.T.);
#10638=EDGE_CURVE('',#12058,#12062,#12064,.T.);
#10639=EDGE_CURVE('',#12065,#12066,#12067,.T.);
#10640=EDGE_CURVE('',#12068,#12065,#12069,.T.);
#10641=EDGE_CURVE('',#12070,#12068,#12071,.T.);
#10642=EDGE_CURVE('',#12070,#12066,#12072,.T.);
#10643=EDGE_CURVE('',#12073,#12074,#12075,.T.);
#10644=EDGE_CURVE('',#12076,#12073,#12077,.T.);
#10645=EDGE_CURVE('',#12078,#12076,#12079,.T.);
#10646=EDGE_CURVE('',#12078,#12074,#12080,.T.);
#10647=EDGE_CURVE('',#12081,#12082,#12083,.T.);
#10648=EDGE_CURVE('',#12081,#12084,#12085,.T.);
#10649=EDGE_CURVE('',#12084,#12086,#12087,.T.);
#10650=EDGE_CURVE('',#12082,#12086,#12088,.T.);
#10651=EDGE_CURVE('',#12073,#12081,#12089,.T.);
#10652=EDGE_CURVE('',#12073,#12090,#12091,.T.);
#10653=EDGE_CURVE('',#12084,#12090,#12092,.T.);
#10654=EDGE_CURVE('',#12093,#12094,#12095,.T.);
#10655=EDGE_CURVE('',#12093,#12096,#12097,.T.);
#10656=EDGE_CURVE('',#12098,#12096,#12099,.T.);
#10657=EDGE_CURVE('',#12094,#12098,#12100,.T.);
#10658=EDGE_CURVE('',#12101,#12093,#12102,.T.);
#10659=EDGE_CURVE('',#12101,#12103,#12104,.T.);
#10660=EDGE_CURVE('',#12103,#12096,#12105,.T.);
#10661=EDGE_CURVE('',#12094,#12106,#12107,.T.);
#10662=EDGE_CURVE('',#12098,#12108,#12109,.T.);
#10663=EDGE_CURVE('',#12106,#12108,#12110,.T.);
#10664=EDGE_CURVE('',#12111,#12112,#12113,.T.);
#10665=EDGE_CURVE('',#12111,#12114,#12115,.T.);
#10666=EDGE_CURVE('',#12114,#12116,#12117,.T.);
#10667=EDGE_CURVE('',#12112,#12116,#12118,.T.);
#10668=EDGE_CURVE('',#12119,#12120,#12121,.T.);
#10669=EDGE_CURVE('',#12120,#12122,#12123,.T.);
#10670=EDGE_CURVE('',#12122,#12124,#12125,.T.);
#10671=EDGE_CURVE('',#12124,#12126,#12127,.T.);
#10672=EDGE_CURVE('',#12126,#12128,#12129,.T.);
#10673=EDGE_CURVE('',#12128,#12130,#12131,.T.);
#10674=EDGE_CURVE('',#12130,#12132,#12133,.T.);
#10675=EDGE_CURVE('',#12132,#12134,#12135,.T.);
#10676=EDGE_CURVE('',#12134,#12136,#12137,.T.);
#10677=EDGE_CURVE('',#12136,#12138,#12139,.T.);
#10678=EDGE_CURVE('',#12138,#12140,#12141,.T.);
#10679=EDGE_CURVE('',#12140,#12142,#12143,.T.);
#10680=EDGE_CURVE('',#12142,#12119,#12144,.T.);
#10681=EDGE_CURVE('',#12145,#12146,#12147,.T.);
#10682=EDGE_CURVE('',#12146,#12148,#12149,.T.);
#10683=EDGE_CURVE('',#12148,#12150,#12151,.T.);
#10684=EDGE_CURVE('',#12150,#12152,#12153,.T.);
#10685=EDGE_CURVE('',#12152,#12154,#12155,.T.);
#10686=EDGE_CURVE('',#12154,#12145,#12156,.T.);
#10687=EDGE_CURVE('',#12157,#12158,#12159,.T.);
#10688=EDGE_CURVE('',#12158,#12160,#12161,.T.);
#10689=EDGE_CURVE('',#12160,#12162,#12163,.T.);
#10690=EDGE_CURVE('',#12162,#12164,#12165,.T.);
#10691=EDGE_CURVE('',#12164,#12166,#12167,.T.);
#10692=EDGE_CURVE('',#12166,#12168,#12169,.T.);
#10693=EDGE_CURVE('',#12168,#12170,#12171,.T.);
#10694=EDGE_CURVE('',#12170,#12157,#12172,.T.);
#10695=EDGE_CURVE('',#12173,#12174,#12175,.T.);
#10696=EDGE_CURVE('',#12174,#12176,#12177,.T.);
#10697=EDGE_CURVE('',#12176,#12178,#12179,.T.);
#10698=EDGE_CURVE('',#12178,#12180,#12181,.T.);
#10699=EDGE_CURVE('',#12180,#12173,#12182,.T.);
#10700=EDGE_CURVE('',#12183,#12184,#12185,.T.);
#10701=EDGE_CURVE('',#12184,#12186,#12187,.T.);
#10702=EDGE_CURVE('',#12186,#12188,#12189,.T.);
#10703=EDGE_CURVE('',#12188,#12190,#12191,.T.);
#10704=EDGE_CURVE('',#12190,#12192,#12193,.T.);
#10705=EDGE_CURVE('',#12192,#12183,#12194,.T.);
#10706=EDGE_CURVE('',#12195,#12196,#12197,.T.);
#10707=EDGE_CURVE('',#12196,#12198,#12199,.T.);
#10708=EDGE_CURVE('',#12198,#12200,#12201,.T.);
#10709=EDGE_CURVE('',#12200,#12202,#12203,.T.);
#10710=EDGE_CURVE('',#12202,#12204,#12205,.T.);
#10711=EDGE_CURVE('',#12204,#12195,#12206,.T.);
#10712=EDGE_CURVE('',#12207,#12208,#12209,.T.);
#10713=EDGE_CURVE('',#12208,#12210,#12211,.T.);
#10714=EDGE_CURVE('',#12210,#12212,#12213,.T.);
#10715=EDGE_CURVE('',#12212,#12214,#12215,.T.);
#10716=EDGE_CURVE('',#12214,#12216,#12217,.T.);
#10717=EDGE_CURVE('',#12216,#12218,#12219,.T.);
#10718=EDGE_CURVE('',#12218,#12207,#12220,.T.);
#10719=EDGE_CURVE('',#12221,#12222,#12223,.T.);
#10720=EDGE_CURVE('',#12222,#12224,#12225,.T.);
#10721=EDGE_CURVE('',#12224,#12226,#12227,.T.);
#10722=EDGE_CURVE('',#12226,#12228,#12229,.T.);
#10723=EDGE_CURVE('',#12228,#12230,#12231,.T.);
#10724=EDGE_CURVE('',#12230,#12221,#12232,.T.);
#10725=EDGE_CURVE('',#12233,#12234,#12235,.T.);
#10726=EDGE_CURVE('',#12234,#12236,#12237,.T.);
#10727=EDGE_CURVE('',#12236,#12238,#12239,.T.);
#10728=EDGE_CURVE('',#12238,#12240,#12241,.T.);
#10729=EDGE_CURVE('',#12240,#12233,#12242,.T.);
#10730=EDGE_CURVE('',#12243,#12244,#12245,.T.);
#10731=EDGE_CURVE('',#12244,#12246,#12247,.T.);
#10732=EDGE_CURVE('',#12246,#12248,#12249,.T.);
#10733=EDGE_CURVE('',#12248,#12250,#12251,.T.);
#10734=EDGE_CURVE('',#12250,#12252,#12253,.T.);
#10735=EDGE_CURVE('',#12252,#12254,#12255,.T.);
#10736=EDGE_CURVE('',#12254,#12256,#12257,.T.);
#10737=EDGE_CURVE('',#12256,#12243,#12258,.T.);
#10738=EDGE_CURVE('',#12259,#12260,#12261,.T.);
#10739=EDGE_CURVE('',#12260,#12262,#12263,.T.);
#10740=EDGE_CURVE('',#12262,#12264,#12265,.T.);
#10741=EDGE_CURVE('',#12264,#12266,#12267,.T.);
#10742=EDGE_CURVE('',#12266,#12268,#12269,.T.);
#10743=EDGE_CURVE('',#12268,#12259,#12270,.T.);
#10744=EDGE_CURVE('',#12271,#12272,#12273,.T.);
#10745=EDGE_CURVE('',#12274,#12271,#12275,.T.);
#10746=EDGE_CURVE('',#12274,#12276,#12277,.T.);
#10747=EDGE_CURVE('',#12278,#12276,#12279,.T.);
#10748=EDGE_CURVE('',#12278,#12050,#12280,.T.);
#10749=EDGE_CURVE('',#12281,#12054,#12282,.T.);
#10750=EDGE_CURVE('',#12281,#12058,#12283,.T.);
#10751=EDGE_CURVE('',#12284,#12062,#12285,.T.);
#10752=EDGE_CURVE('',#12286,#12284,#12287,.T.);
#10753=EDGE_CURVE('',#12288,#12286,#12289,.T.);
#10754=EDGE_CURVE('',#12288,#12290,#12291,.T.);
#10755=EDGE_CURVE('',#12290,#12292,#12293,.T.);
#10756=EDGE_CURVE('',#12292,#12294,#12295,.T.);
#10757=EDGE_CURVE('',#12294,#12296,#12297,.T.);
#10758=EDGE_CURVE('',#12296,#12298,#12299,.T.);
#10759=EDGE_CURVE('',#12298,#12300,#12301,.T.);
#10760=EDGE_CURVE('',#12300,#12302,#12303,.T.);
#10761=EDGE_CURVE('',#12302,#12304,#12305,.T.);
#10762=EDGE_CURVE('',#12304,#12306,#12307,.T.);
#10763=EDGE_CURVE('',#12306,#12308,#12309,.T.);
#10764=EDGE_CURVE('',#12308,#12310,#12311,.T.);
#10765=EDGE_CURVE('',#12310,#12312,#12313,.T.);
#10766=EDGE_CURVE('',#12312,#12314,#12315,.T.);
#10767=EDGE_CURVE('',#12314,#12316,#12317,.T.);
#10768=EDGE_CURVE('',#12316,#12318,#12319,.T.);
#10769=EDGE_CURVE('',#12318,#12320,#12321,.T.);
#10770=EDGE_CURVE('',#12320,#12322,#12323,.T.);
#10771=EDGE_CURVE('',#12322,#12324,#12325,.T.);
#10772=EDGE_CURVE('',#12324,#12326,#12327,.T.);
#10773=EDGE_CURVE('',#12328,#12326,#12329,.T.);
#10774=EDGE_CURVE('',#12328,#12330,#12331,.T.);
#10775=EDGE_CURVE('',#12330,#12332,#12333,.T.);
#10776=EDGE_CURVE('',#12332,#12334,#12335,.T.);
#10777=EDGE_CURVE('',#12334,#12336,#12337,.T.);
#10778=EDGE_CURVE('',#12336,#12338,#12339,.T.);
#10779=EDGE_CURVE('',#12338,#12340,#12341,.T.);
#10780=EDGE_CURVE('',#12342,#12340,#12343,.T.);
#10781=EDGE_CURVE('',#12344,#12342,#12345,.T.);
#10782=EDGE_CURVE('',#12346,#12344,#12347,.T.);
#10783=EDGE_CURVE('',#12348,#12346,#12349,.T.);
#10784=EDGE_CURVE('',#12350,#12348,#12351,.T.);
#10785=EDGE_CURVE('',#12272,#12350,#12352,.T.);
#10786=EDGE_CURVE('',#12353,#12354,#12355,.T.);
#10787=EDGE_CURVE('',#12356,#12353,#12357,.T.);
#10788=EDGE_CURVE('',#12358,#12356,#12359,.T.);
#10789=EDGE_CURVE('',#12360,#12358,#12361,.T.);
#10790=EDGE_CURVE('',#12362,#12360,#12363,.T.);
#10791=EDGE_CURVE('',#12354,#12362,#12364,.T.);
#10792=EDGE_CURVE('',#12354,#12365,#12366,.T.);
#10793=EDGE_CURVE('',#12365,#12367,#12368,.T.);
#10794=EDGE_CURVE('',#12367,#12353,#12369,.T.);
#10795=EDGE_CURVE('',#12370,#12367,#12371,.T.);
#10796=EDGE_CURVE('',#12356,#12370,#12372,.T.);
#10797=EDGE_CURVE('',#12370,#12373,#12374,.T.);
#10798=EDGE_CURVE('',#12373,#12358,#12375,.T.);
#10799=EDGE_CURVE('',#12376,#12373,#12377,.T.);
#10800=EDGE_CURVE('',#12360,#12376,#12378,.T.);
#10801=EDGE_CURVE('',#12376,#12379,#12380,.T.);
#10802=EDGE_CURVE('',#12379,#12362,#12381,.T.);
#10803=EDGE_CURVE('',#12379,#12365,#12382,.T.);
#10804=EDGE_CURVE('',#12383,#12384,#12385,.T.);
#10805=EDGE_CURVE('',#12365,#12384,#12386,.T.);
#10806=EDGE_CURVE('',#12383,#12379,#12387,.T.);
#10807=EDGE_CURVE('',#12384,#12388,#12389,.T.);
#10808=EDGE_CURVE('',#12367,#12388,#12390,.T.);
#10809=EDGE_CURVE('',#12391,#12388,#12392,.T.);
#10810=EDGE_CURVE('',#12391,#12370,#12393,.T.);
#10811=EDGE_CURVE('',#12391,#12394,#12395,.T.);
#10812=EDGE_CURVE('',#12394,#12373,#12396,.T.);
#10813=EDGE_CURVE('',#12397,#12394,#12398,.T.);
#10814=EDGE_CURVE('',#12376,#12397,#12399,.T.);
#10815=EDGE_CURVE('',#12397,#12383,#12400,.T.);
#10816=EDGE_CURVE('',#12401,#12402,#12403,.T.);
#10817=EDGE_CURVE('',#12402,#12404,#12405,.T.);
#10818=EDGE_CURVE('',#12404,#12406,#12407,.T.);
#10819=EDGE_CURVE('',#12406,#12401,#12408,.T.);
#10820=EDGE_CURVE('',#12409,#12404,#12410,.T.);
#10821=EDGE_CURVE('',#12402,#12411,#12412,.T.);
#10822=EDGE_CURVE('',#12409,#12411,#12413,.T.);
#10823=EDGE_CURVE('',#12414,#12409,#12415,.T.);
#10824=EDGE_CURVE('',#12411,#12416,#12417,.T.);
#10825=EDGE_CURVE('',#12416,#12414,#12418,.T.);
#10826=EDGE_CURVE('',#12419,#12414,#12420,.T.);
#10827=EDGE_CURVE('',#12421,#12416,#12422,.T.);
#10828=EDGE_CURVE('',#12419,#12421,#12423,.T.);
#10829=EDGE_CURVE('',#12421,#12424,#12425,.T.);
#10830=EDGE_CURVE('',#12424,#12426,#12427,.T.);
#10831=EDGE_CURVE('',#12426,#12419,#12428,.T.);
#10832=EDGE_CURVE('',#12406,#12426,#12429,.T.);
#10833=EDGE_CURVE('',#12401,#12424,#12430,.T.);
#10834=EDGE_CURVE('',#12431,#12432,#12433,.T.);
#10835=EDGE_CURVE('',#12401,#12431,#12434,.T.);
#10836=EDGE_CURVE('',#12432,#12424,#12435,.T.);
#10837=EDGE_CURVE('',#12436,#12437,#12438,.T.);
#10838=EDGE_CURVE('',#12416,#12437,#12439,.T.);
#10839=EDGE_CURVE('',#12411,#12436,#12440,.T.);
#10840=EDGE_CURVE('',#12441,#12402,#12442,.T.);
#10841=EDGE_CURVE('',#12441,#12436,#12443,.T.);
#10842=EDGE_CURVE('',#12431,#12441,#12444,.T.);
#10843=EDGE_CURVE('',#12445,#12437,#12446,.T.);
#10844=EDGE_CURVE('',#12445,#12421,#12447,.T.);
#10845=EDGE_CURVE('',#12445,#12432,#12448,.T.);
#10846=EDGE_CURVE('',#12449,#12276,#12450,.T.);
#10847=EDGE_CURVE('',#12451,#12274,#12452,.T.);
#10848=EDGE_CURVE('',#12451,#12449,#12453,.T.);
#10849=EDGE_CURVE('',#12454,#12455,#12456,.T.);
#10850=EDGE_CURVE('',#12294,#12454,#12457,.T.);
#10851=EDGE_CURVE('',#12292,#12455,#12458,.T.);
#10852=EDGE_CURVE('',#12332,#12459,#12460,.T.);
#10853=EDGE_CURVE('',#12461,#12459,#12462,.T.);
#10854=EDGE_CURVE('',#12334,#12461,#12463,.T.);
#10855=EDGE_CURVE('',#12464,#12330,#12465,.T.);
#10856=EDGE_CURVE('',#12464,#12459,#12466,.T.);
#10857=EDGE_CURVE('',#12348,#12467,#12468,.T.);
#10858=EDGE_CURVE('',#12469,#12467,#12470,.T.);
#10859=EDGE_CURVE('',#12350,#12469,#12471,.T.);
#10860=EDGE_CURVE('',#12472,#12473,#12474,.T.);
#10861=EDGE_CURVE('',#12473,#12475,#12476,.T.);
#10862=EDGE_CURVE('',#12477,#12475,#12478,.T.);
#10863=EDGE_CURVE('',#12472,#12477,#12479,.T.);
#10864=EDGE_CURVE('',#12480,#12472,#12481,.T.);
#10865=EDGE_CURVE('',#12477,#12482,#12483,.T.);
#10866=EDGE_CURVE('',#12480,#12482,#12484,.T.);
#10867=EDGE_CURVE('',#12485,#12486,#12487,.T.);
#10868=EDGE_CURVE('',#12488,#12485,#12489,.T.);
#10869=EDGE_CURVE('',#12490,#12488,#12491,.T.);
#10870=EDGE_CURVE('',#12490,#12492,#12493,.T.);
#10871=EDGE_CURVE('',#12494,#12492,#12495,.T.);
#10872=EDGE_CURVE('',#12486,#12494,#12496,.T.);
#10873=EDGE_CURVE('',#12497,#12486,#12498,.T.);
#10874=EDGE_CURVE('',#12497,#12473,#12499,.T.);
#10875=EDGE_CURVE('',#12480,#12500,#12501,.T.);
#10876=EDGE_CURVE('',#12500,#12502,#12503,.T.);
#10877=EDGE_CURVE('',#12502,#12485,#12504,.T.);
#10878=EDGE_CURVE('',#12505,#12506,#12507,.T.);
#10879=EDGE_CURVE('',#12103,#12505,#12508,.T.);
#10880=EDGE_CURVE('',#12509,#12101,#12510,.T.);
#10881=EDGE_CURVE('',#12506,#12509,#12511,.T.);
#10882=EDGE_CURVE('',#12512,#12513,#12514,.T.);
#10883=EDGE_CURVE('',#12512,#12506,#12515,.T.);
#10884=EDGE_CURVE('',#12513,#12509,#12516,.T.);
#10885=EDGE_CURVE('',#12517,#12518,#12519,.T.);
#10886=EDGE_CURVE('',#12518,#12108,#12520,.T.);
#10887=EDGE_CURVE('',#12521,#12098,#12522,.T.);
#10888=EDGE_CURVE('',#12523,#12521,#12524,.T.);
#10889=EDGE_CURVE('',#12523,#12517,#12525,.T.);
#10890=EDGE_CURVE('',#12096,#12526,#12527,.T.);
#10891=EDGE_CURVE('',#12526,#12528,#12529,.T.);
#10892=EDGE_CURVE('',#12521,#12528,#12530,.T.);
#10893=EDGE_CURVE('',#12531,#12532,#12533,.T.);
#10894=EDGE_CURVE('',#12534,#12531,#12535,.T.);
#10895=EDGE_CURVE('',#12536,#12534,#12537,.T.);
#10896=EDGE_CURVE('',#12538,#12536,#12539,.T.);
#10897=EDGE_CURVE('',#12523,#12538,#12540,.T.);
#10898=EDGE_CURVE('',#12528,#12541,#12542,.T.);
#10899=EDGE_CURVE('',#12541,#12543,#12544,.T.);
#10900=EDGE_CURVE('',#12543,#12532,#12545,.T.);
#10901=EDGE_CURVE('',#12114,#12532,#12546,.T.);
#10902=EDGE_CURVE('',#12547,#12543,#12548,.T.);
#10903=EDGE_CURVE('',#12547,#12549,#12550,.T.);
#10904=EDGE_CURVE('',#12549,#12116,#12551,.T.);
#10905=EDGE_CURVE('',#12111,#12552,#12553,.T.);
#10906=EDGE_CURVE('',#12552,#12531,#12554,.T.);
#10907=EDGE_CURVE('',#12555,#12552,#12556,.T.);
#10908=EDGE_CURVE('',#12534,#12555,#12557,.T.);
#10909=EDGE_CURVE('',#12111,#12290,#12558,.T.);
#10910=EDGE_CURVE('',#12288,#12555,#12559,.T.);
#10911=EDGE_CURVE('',#12298,#12560,#12561,.T.);
#10912=EDGE_CURVE('',#12562,#12560,#12563,.T.);
#10913=EDGE_CURVE('',#12562,#12300,#12564,.T.);
#10914=EDGE_CURVE('',#12296,#12565,#12566,.T.);
#10915=EDGE_CURVE('',#12565,#12560,#12567,.T.);
#10916=EDGE_CURVE('',#12568,#12302,#12569,.T.);
#10917=EDGE_CURVE('',#12570,#12302,#12571,.T.);
#10918=EDGE_CURVE('',#12570,#12572,#12573,.T.);
#10919=EDGE_CURVE('',#12568,#12572,#12574,.T.);
#10920=EDGE_CURVE('',#12454,#12568,#12575,.T.);
#10921=EDGE_CURVE('',#12565,#12572,#12576,.T.);
#10922=EDGE_CURVE('',#12577,#12578,#12579,.T.);
#10923=EDGE_CURVE('',#12578,#12580,#12581,.T.);
#10924=EDGE_CURVE('',#12580,#12582,#12583,.T.);
#10925=EDGE_CURVE('',#12577,#12582,#12584,.T.);
#10926=EDGE_CURVE('',#12585,#12586,#12587,.T.);
#10927=EDGE_CURVE('',#12586,#12588,#12589,.T.);
#10928=EDGE_CURVE('',#12588,#12590,#12591,.T.);
#10929=EDGE_CURVE('',#12585,#12590,#12592,.T.);
#10930=EDGE_CURVE('',#12593,#12318,#12594,.T.);
#10931=EDGE_CURVE('',#12595,#12318,#12596,.T.);
#10932=EDGE_CURVE('',#12595,#12597,#12598,.T.);
#10933=EDGE_CURVE('',#12593,#12597,#12599,.T.);
#10934=EDGE_CURVE('',#12600,#12586,#12601,.T.);
#10935=EDGE_CURVE('',#12602,#12585,#12603,.T.);
#10936=EDGE_CURVE('',#12602,#12604,#12605,.T.);
#10937=EDGE_CURVE('',#12604,#12593,#12606,.T.);
#10938=EDGE_CURVE('',#12597,#12607,#12608,.T.);
#10939=EDGE_CURVE('',#12600,#12607,#12609,.T.);
#10940=EDGE_CURVE('',#12590,#12610,#12611,.T.);
#10941=EDGE_CURVE('',#12602,#12610,#12612,.T.);
#10942=EDGE_CURVE('',#12613,#12310,#12614,.T.);
#10943=EDGE_CURVE('',#12615,#12613,#12616,.T.);
#10944=EDGE_CURVE('',#12615,#12617,#12618,.T.);
#10945=EDGE_CURVE('',#12588,#12617,#12619,.T.);
#10946=EDGE_CURVE('',#12312,#12600,#12620,.T.);
#10947=EDGE_CURVE('',#12621,#12310,#12622,.T.);
#10948=EDGE_CURVE('',#12621,#12623,#12624,.T.);
#10949=EDGE_CURVE('',#12613,#12623,#12625,.T.);
#10950=EDGE_CURVE('',#12626,#12615,#12627,.T.);
#10951=EDGE_CURVE('',#12626,#12628,#12629,.T.);
#10952=EDGE_CURVE('',#12617,#12628,#12630,.T.);
#10953=EDGE_CURVE('',#12626,#12577,#12631,.T.);
#10954=EDGE_CURVE('',#12582,#12628,#12632,.T.);
#10955=EDGE_CURVE('',#12633,#12578,#12634,.T.);
#10956=EDGE_CURVE('',#12623,#12635,#12636,.T.);
#10957=EDGE_CURVE('',#12633,#12635,#12637,.T.);
#10958=EDGE_CURVE('',#12304,#12633,#12638,.T.);
#10959=EDGE_CURVE('',#12639,#12635,#12640,.T.);
#10960=EDGE_CURVE('',#12639,#12304,#12641,.T.);
#10961=EDGE_CURVE('',#12580,#12536,#12642,.T.);
#10962=EDGE_CURVE('',#12538,#12455,#12643,.T.);
#10963=EDGE_CURVE('',#12517,#12111,#12644,.T.);
#10964=EDGE_CURVE('',#12518,#12112,#12645,.T.);
#10965=EDGE_CURVE('',#12549,#12106,#12646,.T.);
#10966=EDGE_CURVE('',#12547,#12094,#12647,.T.);
#10967=EDGE_CURVE('',#12541,#12512,#12648,.T.);
#10968=EDGE_CURVE('',#12526,#12505,#12649,.T.);
#10969=EDGE_CURVE('',#12513,#12093,#12650,.T.);
#10970=EDGE_CURVE('',#12513,#12547,#12651,.T.);
#10971=EDGE_CURVE('',#12604,#12652,#12653,.T.);
#10972=EDGE_CURVE('',#12652,#12610,#12654,.T.);
#10973=EDGE_CURVE('',#12475,#12652,#12655,.T.);
#10974=EDGE_CURVE('',#12320,#12497,#12656,.T.);
#10975=EDGE_CURVE('',#12336,#12657,#12658,.T.);
#10976=EDGE_CURVE('',#12657,#12659,#12660,.T.);
#10977=EDGE_CURVE('',#12659,#12338,#12661,.T.);
#10978=EDGE_CURVE('',#12662,#12081,#12663,.T.);
#10979=EDGE_CURVE('',#12076,#12662,#12664,.T.);
#10980=EDGE_CURVE('',#12665,#12090,#12666,.T.);
#10981=EDGE_CURVE('',#12665,#12667,#12668,.T.);
#10982=EDGE_CURVE('',#12669,#12667,#12670,.T.);
#10983=EDGE_CURVE('',#12084,#12669,#12671,.T.);
#10984=EDGE_CURVE('',#12672,#12082,#12673,.T.);
#10985=EDGE_CURVE('',#12662,#12672,#12674,.T.);
#10986=EDGE_CURVE('',#12086,#12068,#12675,.T.);
#10987=EDGE_CURVE('',#12065,#12676,#12677,.T.);
#10988=EDGE_CURVE('',#12672,#12676,#12678,.T.);
#10989=EDGE_CURVE('',#12679,#12669,#12680,.T.);
#10990=EDGE_CURVE('',#12070,#12679,#12681,.T.);
#10991=EDGE_CURVE('',#12682,#12683,#12684,.T.);
#10992=EDGE_CURVE('',#12685,#12682,#12686,.T.);
#10993=EDGE_CURVE('',#12662,#12685,#12687,.T.);
#10994=EDGE_CURVE('',#12683,#12676,#12688,.T.);
#10995=EDGE_CURVE('',#12689,#12076,#12690,.T.);
#10996=EDGE_CURVE('',#12685,#12691,#12692,.T.);
#10997=EDGE_CURVE('',#12689,#12691,#12693,.T.);
#10998=EDGE_CURVE('',#12694,#12695,#12696,.T.);
#10999=EDGE_CURVE('',#12694,#12689,#12697,.T.);
#11000=EDGE_CURVE('',#12691,#12667,#12698,.T.);
#11001=EDGE_CURVE('',#12695,#12665,#12699,.T.);
#11002=EDGE_CURVE('',#12694,#12078,#12700,.T.);
#11003=EDGE_CURVE('',#12074,#12701,#12702,.T.);
#11004=EDGE_CURVE('',#12090,#12701,#12703,.T.);
#11005=EDGE_CURVE('',#12695,#12701,#12704,.T.);
#11006=EDGE_CURVE('',#12066,#12683,#12705,.T.);
#11007=EDGE_CURVE('',#12679,#12706,#12707,.T.);
#11008=EDGE_CURVE('',#12706,#12708,#12709,.T.);
#11009=EDGE_CURVE('',#12708,#12066,#12710,.T.);
#11010=EDGE_CURVE('',#12711,#12682,#12712,.T.);
#11011=EDGE_CURVE('',#12713,#12711,#12714,.T.);
#11012=EDGE_CURVE('',#12713,#12715,#12716,.T.);
#11013=EDGE_CURVE('',#12706,#12715,#12717,.T.);
#11014=EDGE_CURVE('',#12340,#12066,#12718,.T.);
#11015=EDGE_CURVE('',#12659,#12711,#12719,.T.);
#11016=EDGE_CURVE('',#12708,#12720,#12721,.T.);
#11017=EDGE_CURVE('',#12720,#12342,#12722,.T.);
#11018=EDGE_CURVE('',#12720,#12715,#12723,.T.);
#11019=EDGE_CURVE('',#12724,#12725,#12726,.T.);
#11020=EDGE_CURVE('',#12727,#12724,#12728,.T.);
#11021=EDGE_CURVE('',#11998,#12727,#12729,.T.);
#11022=EDGE_CURVE('',#12725,#11995,#12730,.T.);
#11023=EDGE_CURVE('',#12731,#12026,#12732,.T.);
#11024=EDGE_CURVE('',#12733,#12731,#12734,.T.);
#11025=EDGE_CURVE('',#12735,#12733,#12736,.T.);
#11026=EDGE_CURVE('',#12022,#12735,#12737,.T.);
#11027=EDGE_CURVE('',#12738,#12739,#12740,.T.);
#11028=EDGE_CURVE('',#12344,#12739,#12741,.T.);
#11029=EDGE_CURVE('',#12742,#12713,#12743,.T.);
#11030=EDGE_CURVE('',#12482,#12742,#12744,.T.);
#11031=EDGE_CURVE('',#12286,#12738,#12745,.T.);
#11032=EDGE_CURVE('',#12346,#12746,#12747,.T.);
#11033=EDGE_CURVE('',#12746,#12739,#12748,.T.);
#11034=EDGE_CURVE('',#12746,#12467,#12749,.T.);
#11035=EDGE_CURVE('',#12750,#12751,#12752,.T.);
#11036=EDGE_CURVE('',#12750,#12753,#12754,.T.);
#11037=EDGE_CURVE('',#12753,#12755,#12756,.T.);
#11038=EDGE_CURVE('',#12751,#12755,#12757,.T.);
#11039=EDGE_CURVE('',#12755,#12758,#12759,.T.);
#11040=EDGE_CURVE('',#12758,#12760,#12761,.T.);
#11041=EDGE_CURVE('',#12751,#12760,#12762,.T.);
#11042=EDGE_CURVE('',#12758,#12763,#12764,.T.);
#11043=EDGE_CURVE('',#12765,#12763,#12766,.T.);
#11044=EDGE_CURVE('',#12760,#12765,#12767,.T.);
#11045=EDGE_CURVE('',#12753,#12763,#12768,.T.);
#11046=EDGE_CURVE('',#12750,#12765,#12769,.T.);
#11047=EDGE_CURVE('',#12753,#12451,#12770,.T.);
#11048=EDGE_CURVE('',#12271,#12771,#12772,.T.);
#11049=EDGE_CURVE('',#12771,#12750,#12773,.T.);
#11050=EDGE_CURVE('',#12774,#12657,#12775,.T.);
#11051=EDGE_CURVE('',#12461,#12776,#12777,.T.);
#11052=EDGE_CURVE('',#12774,#12776,#12778,.T.);
#11053=EDGE_CURVE('',#12328,#12774,#12779,.T.);
#11054=EDGE_CURVE('',#12776,#12780,#12781,.T.);
#11055=EDGE_CURVE('',#12780,#12328,#12782,.T.);
#11056=EDGE_CURVE('',#12780,#12464,#12783,.T.);
#11057=EDGE_CURVE('',#12502,#12326,#12784,.T.);
#11058=EDGE_CURVE('',#12488,#12326,#12785,.T.);
#11059=EDGE_CURVE('',#12492,#12322,#12786,.T.);
#11060=EDGE_CURVE('',#12490,#12324,#12787,.T.);
#11061=EDGE_CURVE('',#12742,#12500,#12788,.T.);
#11062=EDGE_CURVE('',#12494,#12320,#12789,.T.);
#11063=EDGE_CURVE('',#12790,#12314,#12791,.T.);
#11064=EDGE_CURVE('',#12792,#12790,#12793,.T.);
#11065=EDGE_CURVE('',#12792,#12316,#12794,.T.);
#11066=EDGE_CURVE('',#12795,#12607,#12796,.T.);
#11067=EDGE_CURVE('',#12795,#12312,#12797,.T.);
#11068=EDGE_CURVE('',#12795,#12790,#12798,.T.);
#11069=EDGE_CURVE('',#12792,#12595,#12799,.T.);
#11070=EDGE_CURVE('',#12800,#12306,#12801,.T.);
#11071=EDGE_CURVE('',#12802,#12800,#12803,.T.);
#11072=EDGE_CURVE('',#12802,#12308,#12804,.T.);
#11073=EDGE_CURVE('',#12639,#12800,#12805,.T.);
#11074=EDGE_CURVE('',#12802,#12621,#12806,.T.);
#11075=EDGE_CURVE('',#12562,#12570,#12807,.T.);
#11076=EDGE_CURVE('',#12808,#12809,#12810,.T.);
#11077=EDGE_CURVE('',#12808,#12811,#12812,.T.);
#11078=EDGE_CURVE('',#12811,#12813,#12814,.T.);
#11079=EDGE_CURVE('',#12813,#12809,#12815,.T.);
#11080=EDGE_CURVE('',#12816,#12808,#12817,.T.);
#11081=EDGE_CURVE('',#12818,#12816,#12819,.T.);
#11082=EDGE_CURVE('',#12818,#12811,#12820,.T.);
#11083=EDGE_CURVE('',#12821,#12818,#12822,.T.);
#11084=EDGE_CURVE('',#12823,#12816,#12824,.T.);
#11085=EDGE_CURVE('',#12823,#12821,#12825,.T.);
#11086=EDGE_CURVE('',#12826,#12823,#12827,.T.);
#11087=EDGE_CURVE('',#12828,#12826,#12829,.T.);
#11088=EDGE_CURVE('',#12821,#12828,#12830,.T.);
#11089=EDGE_CURVE('',#12831,#12828,#12832,.T.);
#11090=EDGE_CURVE('',#12833,#12826,#12834,.T.);
#11091=EDGE_CURVE('',#12833,#12831,#12835,.T.);
#11092=EDGE_CURVE('',#12809,#12833,#12836,.T.);
#11093=EDGE_CURVE('',#12831,#12813,#12837,.T.);
#11094=EDGE_CURVE('',#12838,#12839,#12840,.T.);
#11095=EDGE_CURVE('',#12839,#12831,#12841,.T.);
#11096=EDGE_CURVE('',#12838,#12813,#12842,.T.);
#11097=EDGE_CURVE('',#12843,#12839,#12844,.T.);
#11098=EDGE_CURVE('',#12843,#12828,#12845,.T.);
#11099=EDGE_CURVE('',#12843,#12846,#12847,.T.);
#11100=EDGE_CURVE('',#12846,#12821,#12848,.T.);
#11101=EDGE_CURVE('',#12849,#12846,#12850,.T.);
#11102=EDGE_CURVE('',#12818,#12849,#12851,.T.);
#11103=EDGE_CURVE('',#12852,#12849,#12853,.T.);
#11104=EDGE_CURVE('',#12852,#12811,#12854,.T.);
#11105=EDGE_CURVE('',#12838,#12852,#12855,.T.);
#11106=EDGE_CURVE('',#12856,#12857,#12858,.T.);
#11107=EDGE_CURVE('',#12856,#12859,#12860,.T.);
#11108=EDGE_CURVE('',#12859,#12861,#12862,.T.);
#11109=EDGE_CURVE('',#12861,#12857,#12863,.T.);
#11110=EDGE_CURVE('',#12864,#12856,#12865,.T.);
#11111=EDGE_CURVE('',#12866,#12864,#12867,.T.);
#11112=EDGE_CURVE('',#12866,#12859,#12868,.T.);
#11113=EDGE_CURVE('',#12869,#12866,#12870,.T.);
#11114=EDGE_CURVE('',#12871,#12864,#12872,.T.);
#11115=EDGE_CURVE('',#12871,#12869,#12873,.T.);
#11116=EDGE_CURVE('',#12874,#12871,#12875,.T.);
#11117=EDGE_CURVE('',#12876,#12874,#12877,.T.);
#11118=EDGE_CURVE('',#12869,#12876,#12878,.T.);
#11119=EDGE_CURVE('',#12879,#12876,#12880,.T.);
#11120=EDGE_CURVE('',#12881,#12874,#12882,.T.);
#11121=EDGE_CURVE('',#12881,#12879,#12883,.T.);
#11122=EDGE_CURVE('',#12857,#12881,#12884,.T.);
#11123=EDGE_CURVE('',#12879,#12861,#12885,.T.);
#11124=EDGE_CURVE('',#12886,#12887,#12888,.T.);
#11125=EDGE_CURVE('',#12887,#12879,#12889,.T.);
#11126=EDGE_CURVE('',#12886,#12861,#12890,.T.);
#11127=EDGE_CURVE('',#12891,#12887,#12892,.T.);
#11128=EDGE_CURVE('',#12891,#12876,#12893,.T.);
#11129=EDGE_CURVE('',#12891,#12894,#12895,.T.);
#11130=EDGE_CURVE('',#12894,#12869,#12896,.T.);
#11131=EDGE_CURVE('',#12897,#12894,#12898,.T.);
#11132=EDGE_CURVE('',#12866,#12897,#12899,.T.);
#11133=EDGE_CURVE('',#12900,#12897,#12901,.T.);
#11134=EDGE_CURVE('',#12900,#12859,#12902,.T.);
#11135=EDGE_CURVE('',#12886,#12900,#12903,.T.);
#11136=EDGE_CURVE('',#12904,#12905,#12906,.T.);
#11137=EDGE_CURVE('',#12904,#12907,#12908,.T.);
#11138=EDGE_CURVE('',#12909,#12907,#12910,.T.);
#11139=EDGE_CURVE('',#12905,#12909,#12911,.T.);
#11140=EDGE_CURVE('',#12912,#12913,#12914,.T.);
#11141=EDGE_CURVE('',#12915,#12912,#12916,.T.);
#11142=EDGE_CURVE('',#12917,#12915,#12918,.T.);
#11143=EDGE_CURVE('',#12913,#12917,#12919,.T.);
#11144=EDGE_CURVE('',#12920,#12912,#12921,.T.);
#11145=EDGE_CURVE('',#12920,#12922,#12923,.T.);
#11146=EDGE_CURVE('',#12915,#12922,#12924,.T.);
#11147=EDGE_CURVE('',#12925,#12926,#12927,.T.);
#11148=EDGE_CURVE('',#12928,#12925,#12929,.T.);
#11149=EDGE_CURVE('',#12909,#12928,#12930,.T.);
#11150=EDGE_CURVE('',#12926,#12909,#12931,.T.);
#11151=EDGE_CURVE('',#12907,#12932,#12933,.T.);
#11152=EDGE_CURVE('',#12926,#12932,#12934,.T.);
#11153=EDGE_CURVE('',#12932,#12935,#12936,.T.);
#11154=EDGE_CURVE('',#12917,#12907,#12937,.T.);
#11155=EDGE_CURVE('',#12935,#12917,#12938,.T.);
#11156=EDGE_CURVE('',#12915,#12939,#12940,.T.);
#11157=EDGE_CURVE('',#12935,#12939,#12941,.T.);
#11158=EDGE_CURVE('',#12939,#12942,#12943,.T.);
#11159=EDGE_CURVE('',#12942,#12922,#12944,.T.);
#11160=EDGE_CURVE('',#12942,#12925,#12945,.T.);
#11161=EDGE_CURVE('',#12922,#12928,#12946,.T.);
#11162=EDGE_CURVE('',#12947,#12920,#12948,.T.);
#11163=EDGE_CURVE('',#12947,#12928,#12949,.T.);
#11164=EDGE_CURVE('',#12904,#12913,#12950,.T.);
#11165=EDGE_CURVE('',#12947,#12905,#12951,.T.);
#11166=EDGE_CURVE('',#12120,#12952,#12953,.T.);
#11167=EDGE_CURVE('',#12954,#12952,#12955,.T.);
#11168=EDGE_CURVE('',#12122,#12954,#12956,.T.);
#11169=EDGE_CURVE('',#12957,#12954,#12958,.T.);
#11170=EDGE_CURVE('',#12124,#12957,#12959,.T.);
#11171=EDGE_CURVE('',#12960,#12957,#12961,.T.);
#11172=EDGE_CURVE('',#12126,#12960,#12962,.T.);
#11173=EDGE_CURVE('',#12963,#12960,#12964,.T.);
#11174=EDGE_CURVE('',#12128,#12963,#12965,.T.);
#11175=EDGE_CURVE('',#12966,#12963,#12967,.T.);
#11176=EDGE_CURVE('',#12130,#12966,#12968,.T.);
#11177=EDGE_CURVE('',#12969,#12966,#12970,.T.);
#11178=EDGE_CURVE('',#12132,#12969,#12971,.T.);
#11179=EDGE_CURVE('',#12972,#12969,#12973,.T.);
#11180=EDGE_CURVE('',#12134,#12972,#12974,.T.);
#11181=EDGE_CURVE('',#12975,#12972,#12976,.T.);
#11182=EDGE_CURVE('',#12136,#12975,#12977,.T.);
#11183=EDGE_CURVE('',#12978,#12975,#12979,.T.);
#11184=EDGE_CURVE('',#12138,#12978,#12980,.T.);
#11185=EDGE_CURVE('',#12981,#12978,#12982,.T.);
#11186=EDGE_CURVE('',#12140,#12981,#12983,.T.);
#11187=EDGE_CURVE('',#12984,#12981,#12985,.T.);
#11188=EDGE_CURVE('',#12142,#12984,#12986,.T.);
#11189=EDGE_CURVE('',#12987,#12984,#12988,.T.);
#11190=EDGE_CURVE('',#12119,#12987,#12989,.T.);
#11191=EDGE_CURVE('',#12952,#12987,#12990,.T.);
#11192=EDGE_CURVE('',#12991,#12146,#12992,.T.);
#11193=EDGE_CURVE('',#12991,#12993,#12994,.T.);
#11194=EDGE_CURVE('',#12148,#12993,#12995,.T.);
#11195=EDGE_CURVE('',#12993,#12996,#12997,.T.);
#11196=EDGE_CURVE('',#12150,#12996,#12998,.T.);
#11197=EDGE_CURVE('',#12999,#12996,#13000,.T.);
#11198=EDGE_CURVE('',#12999,#12152,#13001,.T.);
#11199=EDGE_CURVE('',#12999,#13002,#13003,.T.);
#11200=EDGE_CURVE('',#13002,#12154,#13004,.T.);
#11201=EDGE_CURVE('',#12145,#13005,#13006,.T.);
#11202=EDGE_CURVE('',#13005,#12991,#13007,.T.);
#11203=EDGE_CURVE('',#13002,#13005,#13008,.T.);
#11204=EDGE_CURVE('',#13009,#13010,#13011,.T.);
#11205=EDGE_CURVE('',#13010,#13012,#13013,.T.);
#11206=EDGE_CURVE('',#13012,#13014,#13015,.T.);
#11207=EDGE_CURVE('',#13009,#13014,#13016,.T.);
#11208=EDGE_CURVE('',#13017,#13018,#13019,.T.);
#11209=EDGE_CURVE('',#13017,#13020,#13021,.T.);
#11210=EDGE_CURVE('',#13022,#13020,#13023,.T.);
#11211=EDGE_CURVE('',#13018,#13022,#13024,.T.);
#11212=EDGE_CURVE('',#13025,#13026,#13027,.T.);
#11213=EDGE_CURVE('',#13025,#13028,#13029,.T.);
#11214=EDGE_CURVE('',#13028,#13030,#13031,.T.);
#11215=EDGE_CURVE('',#13026,#13030,#13032,.T.);
#11216=EDGE_CURVE('',#13033,#13014,#13034,.T.);
#11217=EDGE_CURVE('',#13035,#13033,#13036,.T.);
#11218=EDGE_CURVE('',#13035,#13009,#13037,.T.);
#11219=EDGE_CURVE('',#13018,#13014,#13038,.T.);
#11220=EDGE_CURVE('',#13022,#13033,#13039,.T.);
#11221=EDGE_CURVE('',#13040,#13018,#13041,.T.);
#11222=EDGE_CURVE('',#13042,#13040,#13043,.T.);
#11223=EDGE_CURVE('',#13042,#13017,#13044,.T.);
#11224=EDGE_CURVE('',#13012,#13040,#13045,.T.);
#11225=EDGE_CURVE('',#13017,#13046,#13047,.T.);
#11226=EDGE_CURVE('',#13042,#13048,#13049,.T.);
#11227=EDGE_CURVE('',#13048,#13046,#13050,.T.);
#11228=EDGE_CURVE('',#13051,#13020,#13052,.T.);
#11229=EDGE_CURVE('',#13053,#13051,#13054,.T.);
#11230=EDGE_CURVE('',#13055,#13053,#13056,.T.);
#11231=EDGE_CURVE('',#13057,#13055,#13058,.T.);
#11232=EDGE_CURVE('',#13035,#13057,#13059,.T.);
#11233=EDGE_CURVE('',#13060,#13061,#13062,.T.);
#11234=EDGE_CURVE('',#13061,#13063,#13064,.T.);
#11235=EDGE_CURVE('',#13063,#13065,#13066,.T.);
#11236=EDGE_CURVE('',#13065,#13060,#13067,.T.);
#11237=EDGE_CURVE('',#13068,#13063,#13069,.T.);
#11238=EDGE_CURVE('',#13068,#13070,#13071,.T.);
#11239=EDGE_CURVE('',#13065,#13070,#13072,.T.);
#11240=EDGE_CURVE('',#13063,#13073,#13074,.T.);
#11241=EDGE_CURVE('',#13075,#13073,#13076,.T.);
#11242=EDGE_CURVE('',#13075,#13068,#13077,.T.);
#11243=EDGE_CURVE('',#13061,#13078,#13079,.T.);
#11244=EDGE_CURVE('',#13073,#13078,#13080,.T.);
#11245=EDGE_CURVE('',#13078,#13081,#13082,.T.);
#11246=EDGE_CURVE('',#13083,#13061,#13084,.T.);
#11247=EDGE_CURVE('',#13081,#13083,#13085,.T.);
#11248=EDGE_CURVE('',#13081,#13075,#13086,.T.);
#11249=EDGE_CURVE('',#13068,#13083,#13087,.T.);
#11250=EDGE_CURVE('',#13070,#13088,#13089,.T.);
#11251=EDGE_CURVE('',#13088,#13083,#13090,.T.);
#11252=EDGE_CURVE('',#13088,#13060,#13091,.T.);
#11253=EDGE_CURVE('',#13092,#12170,#13093,.T.);
#11254=EDGE_CURVE('',#13094,#13092,#13095,.T.);
#11255=EDGE_CURVE('',#13094,#12157,#13096,.T.);
#11256=EDGE_CURVE('',#13097,#12158,#13098,.T.);
#11257=EDGE_CURVE('',#13099,#13097,#13100,.T.);
#11258=EDGE_CURVE('',#13099,#12160,#13101,.T.);
#11259=EDGE_CURVE('',#12164,#13102,#13103,.T.);
#11260=EDGE_CURVE('',#13102,#13104,#13105,.T.);
#11261=EDGE_CURVE('',#13104,#12166,#13106,.T.);
#11262=EDGE_CURVE('',#13107,#12162,#13108,.T.);
#11263=EDGE_CURVE('',#13107,#13102,#13109,.T.);
#11264=EDGE_CURVE('',#13104,#13110,#13111,.T.);
#11265=EDGE_CURVE('',#12168,#13110,#13112,.T.);
#11266=EDGE_CURVE('',#13110,#13092,#13113,.T.);
#11267=EDGE_CURVE('',#13099,#13107,#13114,.T.);
#11268=EDGE_CURVE('',#13094,#13097,#13115,.T.);
#11269=EDGE_CURVE('',#13116,#12174,#13117,.T.);
#11270=EDGE_CURVE('',#13118,#13116,#13119,.T.);
#11271=EDGE_CURVE('',#12176,#13118,#13120,.T.);
#11272=EDGE_CURVE('',#13118,#13121,#13122,.T.);
#11273=EDGE_CURVE('',#12178,#13121,#13123,.T.);
#11274=EDGE_CURVE('',#13124,#13121,#13125,.T.);
#11275=EDGE_CURVE('',#12180,#13124,#13126,.T.);
#11276=EDGE_CURVE('',#13124,#13127,#13128,.T.);
#11277=EDGE_CURVE('',#12173,#13127,#13129,.T.);
#11278=EDGE_CURVE('',#13127,#13116,#13130,.T.);
#11279=EDGE_CURVE('',#13131,#12184,#13132,.T.);
#11280=EDGE_CURVE('',#13131,#13133,#13134,.T.);
#11281=EDGE_CURVE('',#13133,#12186,#13135,.T.);
#11282=EDGE_CURVE('',#13136,#13137,#13138,.T.);
#11283=EDGE_CURVE('',#13139,#13136,#13140,.T.);
#11284=EDGE_CURVE('',#13141,#13139,#13142,.T.);
#11285=EDGE_CURVE('',#13133,#13141,#13143,.T.);
#11286=EDGE_CURVE('',#13137,#13131,#13144,.T.);
#11287=EDGE_CURVE('',#12183,#13137,#13145,.T.);
#11288=EDGE_CURVE('',#12190,#13139,#13146,.T.);
#11289=EDGE_CURVE('',#12192,#13136,#13147,.T.);
#11290=EDGE_CURVE('',#13141,#12188,#13148,.T.);
#11291=EDGE_CURVE('',#13149,#12200,#13150,.T.);
#11292=EDGE_CURVE('',#13149,#13151,#13152,.T.);
#11293=EDGE_CURVE('',#12202,#13151,#13153,.T.);
#11294=EDGE_CURVE('',#13151,#13154,#13155,.T.);
#11295=EDGE_CURVE('',#12204,#13154,#13156,.T.);
#11296=EDGE_CURVE('',#13157,#13154,#13158,.T.);
#11297=EDGE_CURVE('',#12195,#13157,#13159,.T.);
#11298=EDGE_CURVE('',#13160,#12196,#13161,.T.);
#11299=EDGE_CURVE('',#13160,#13162,#13163,.T.);
#11300=EDGE_CURVE('',#12198,#13162,#13164,.T.);
#11301=EDGE_CURVE('',#13157,#13160,#13165,.T.);
#11302=EDGE_CURVE('',#13162,#13149,#13166,.T.);
#11303=EDGE_CURVE('',#13167,#12207,#13168,.T.);
#11304=EDGE_CURVE('',#13167,#13169,#13170,.T.);
#11305=EDGE_CURVE('',#12208,#13169,#13171,.T.);
#11306=EDGE_CURVE('',#13172,#12216,#13173,.T.);
#11307=EDGE_CURVE('',#13172,#13174,#13175,.T.);
#11308=EDGE_CURVE('',#12218,#13174,#13176,.T.);
#11309=EDGE_CURVE('',#13169,#13177,#13178,.T.);
#11310=EDGE_CURVE('',#13177,#12210,#13179,.T.);
#11311=EDGE_CURVE('',#12214,#13180,#13181,.T.);
#11312=EDGE_CURVE('',#13180,#13172,#13182,.T.);
#11313=EDGE_CURVE('',#13174,#13167,#13183,.T.);
#11314=EDGE_CURVE('',#13184,#13180,#13185,.T.);
#11315=EDGE_CURVE('',#13177,#13184,#13186,.T.);
#11316=EDGE_CURVE('',#13184,#12212,#13187,.T.);
#11317=EDGE_CURVE('',#12266,#13188,#13189,.T.);
#11318=EDGE_CURVE('',#13188,#13190,#13191,.T.);
#11319=EDGE_CURVE('',#13190,#12268,#13192,.T.);
#11320=EDGE_CURVE('',#12272,#13193,#13194,.T.);
#11321=EDGE_CURVE('',#12469,#13193,#13195,.T.);
#11322=EDGE_CURVE('',#13196,#13025,#13197,.T.);
#11323=EDGE_CURVE('',#13055,#13025,#13198,.T.);
#11324=EDGE_CURVE('',#13053,#13196,#13199,.T.);
#11325=EDGE_CURVE('',#12771,#13193,#13200,.T.);
#11326=EDGE_CURVE('',#13026,#13057,#13201,.T.);
#11327=EDGE_CURVE('',#13051,#13046,#13202,.T.);
#11328=EDGE_CURVE('',#13046,#13196,#13203,.T.);
#11329=EDGE_CURVE('',#13196,#13204,#13205,.T.);
#11330=EDGE_CURVE('',#13048,#13204,#13206,.T.);
#11331=EDGE_CURVE('',#13207,#12264,#13208,.T.);
#11332=EDGE_CURVE('',#13207,#13188,#13209,.T.);
#11333=EDGE_CURVE('',#13204,#13028,#13210,.T.);
#11334=EDGE_CURVE('',#13026,#13009,#13211,.T.);
#11335=EDGE_CURVE('',#12262,#13212,#13213,.T.);
#11336=EDGE_CURVE('',#13212,#13207,#13214,.T.);
#11337=EDGE_CURVE('',#12284,#13215,#13216,.T.);
#11338=EDGE_CURVE('',#12738,#13215,#13217,.T.);
#11339=EDGE_CURVE('',#13218,#13212,#13219,.T.);
#11340=EDGE_CURVE('',#13220,#13218,#13221,.T.);
#11341=EDGE_CURVE('',#13190,#13220,#13222,.T.);
#11342=EDGE_CURVE('',#12060,#13215,#13223,.T.);
#11343=EDGE_CURVE('',#13010,#13030,#13224,.T.);
#11344=EDGE_CURVE('',#12449,#13225,#13226,.T.);
#11345=EDGE_CURVE('',#13225,#12281,#13227,.T.);
#11346=EDGE_CURVE('',#12052,#13228,#13229,.T.);
#11347=EDGE_CURVE('',#13228,#12278,#13230,.T.);
#11348=EDGE_CURVE('',#13228,#12049,#13231,.T.);
#11349=EDGE_CURVE('',#12259,#13220,#13232,.T.);
#11350=EDGE_CURVE('',#12260,#13218,#13233,.T.);
#11351=EDGE_CURVE('',#13225,#12057,#13234,.T.);
#11352=EDGE_CURVE('',#13235,#12230,#13236,.T.);
#11353=EDGE_CURVE('',#13235,#13237,#13238,.T.);
#11354=EDGE_CURVE('',#13237,#12221,#13239,.T.);
#11355=EDGE_CURVE('',#13240,#13235,#13241,.T.);
#11356=EDGE_CURVE('',#13242,#13240,#13243,.T.);
#11357=EDGE_CURVE('',#13242,#13244,#13245,.T.);
#11358=EDGE_CURVE('',#13246,#13244,#13247,.T.);
#11359=EDGE_CURVE('',#13237,#13246,#13248,.T.);
#11360=EDGE_CURVE('',#13246,#12222,#13249,.T.);
#11361=EDGE_CURVE('',#12228,#13240,#13250,.T.);
#11362=EDGE_CURVE('',#12224,#13244,#13251,.T.);
#11363=EDGE_CURVE('',#12226,#13242,#13252,.T.);
#11364=EDGE_CURVE('',#13253,#12238,#13254,.T.);
#11365=EDGE_CURVE('',#13255,#13253,#13256,.T.);
#11366=EDGE_CURVE('',#12240,#13255,#13257,.T.);
#11367=EDGE_CURVE('',#13258,#13255,#13259,.T.);
#11368=EDGE_CURVE('',#12233,#13258,#13260,.T.);
#11369=EDGE_CURVE('',#13261,#13258,#13262,.T.);
#11370=EDGE_CURVE('',#12234,#13261,#13263,.T.);
#11371=EDGE_CURVE('',#13264,#13261,#13265,.T.);
#11372=EDGE_CURVE('',#12236,#13264,#13266,.T.);
#11373=EDGE_CURVE('',#13264,#13253,#13267,.T.);
#11374=EDGE_CURVE('',#13268,#12250,#13269,.T.);
#11375=EDGE_CURVE('',#13268,#13270,#13271,.T.);
#11376=EDGE_CURVE('',#12252,#13270,#13272,.T.);
#11377=EDGE_CURVE('',#13270,#13273,#13274,.T.);
#11378=EDGE_CURVE('',#13273,#12254,#13275,.T.);
#11379=EDGE_CURVE('',#13273,#13276,#13277,.T.);
#11380=EDGE_CURVE('',#13276,#12256,#13278,.T.);
#11381=EDGE_CURVE('',#13276,#13279,#13280,.T.);
#11382=EDGE_CURVE('',#13279,#12243,#13281,.T.);
#11383=EDGE_CURVE('',#13282,#13279,#13283,.T.);
#11384=EDGE_CURVE('',#13282,#12244,#13284,.T.);
#11385=EDGE_CURVE('',#13285,#13268,#13286,.T.);
#11386=EDGE_CURVE('',#13287,#13285,#13288,.T.);
#11387=EDGE_CURVE('',#13282,#13287,#13289,.T.);
#11388=EDGE_CURVE('',#12248,#13285,#13290,.T.);
#11389=EDGE_CURVE('',#13287,#12246,#13291,.T.);
#11390=EDGE_CURVE('',#12042,#13292,#13293,.T.);
#11391=EDGE_CURVE('',#13292,#12039,#13294,.T.);
#11392=EDGE_CURVE('',#13295,#12046,#13296,.T.);
#11393=EDGE_CURVE('',#13297,#12044,#13298,.T.);
#11394=EDGE_CURVE('',#13295,#13297,#13299,.T.);
#11395=EDGE_CURVE('',#13292,#13300,#13301,.T.);
#11396=EDGE_CURVE('',#13295,#13300,#13302,.T.);
#11397=EDGE_CURVE('',#13300,#13303,#13304,.T.);
#11398=EDGE_CURVE('',#12039,#13303,#13305,.T.);
#11399=EDGE_CURVE('',#13306,#12029,#13307,.T.);
#11400=EDGE_CURVE('',#13306,#12044,#13308,.T.);
#11401=EDGE_CURVE('',#13309,#12030,#13310,.T.);
#11402=EDGE_CURVE('',#12024,#12034,#13311,.T.);
#11403=EDGE_CURVE('',#12021,#13312,#13313,.T.);
#11404=EDGE_CURVE('',#13312,#13309,#13314,.T.);
#11405=EDGE_CURVE('',#13306,#13309,#13315,.T.);
#11406=EDGE_CURVE('',#13316,#13306,#13317,.T.);
#11407=EDGE_CURVE('',#13318,#13316,#13319,.T.);
#11408=EDGE_CURVE('',#13318,#13297,#13320,.T.);
#11409=EDGE_CURVE('',#13318,#13321,#13322,.T.);
#11410=EDGE_CURVE('',#13303,#13321,#13323,.T.);
#11411=EDGE_CURVE('',#13324,#13321,#13325,.T.);
#11412=EDGE_CURVE('',#12032,#13324,#13326,.T.);
#11413=EDGE_CURVE('',#13316,#12733,#13327,.T.);
#11414=EDGE_CURVE('',#12731,#13324,#13328,.T.);
#11415=EDGE_CURVE('',#12735,#13312,#13329,.T.);
#11416=EDGE_CURVE('',#13330,#12011,#13331,.T.);
#11417=EDGE_CURVE('',#13330,#13332,#13333,.T.);
#11418=EDGE_CURVE('',#13332,#12016,#13334,.T.);
#11419=EDGE_CURVE('',#13335,#12018,#13336,.T.);
#11420=EDGE_CURVE('',#13332,#13337,#13338,.T.);
#11421=EDGE_CURVE('',#13337,#13335,#13339,.T.);
#11422=EDGE_CURVE('',#13335,#13340,#13341,.T.);
#11423=EDGE_CURVE('',#13340,#12013,#13342,.T.);
#11424=EDGE_CURVE('',#13343,#12003,#13344,.T.);
#11425=EDGE_CURVE('',#13330,#13343,#13345,.T.);
#11426=EDGE_CURVE('',#13330,#13346,#13347,.T.);
#11427=EDGE_CURVE('',#13337,#13346,#13348,.T.);
#11428=EDGE_CURVE('',#13349,#13350,#13351,.T.);
#11429=EDGE_CURVE('',#13340,#13350,#13352,.T.);
#11430=EDGE_CURVE('',#13349,#13346,#13353,.T.);
#11431=EDGE_CURVE('',#13354,#13350,#13355,.T.);
#11432=EDGE_CURVE('',#12006,#13354,#13356,.T.);
#11433=EDGE_CURVE('',#13357,#12004,#13358,.T.);
#11434=EDGE_CURVE('',#12008,#13359,#13360,.T.);
#11435=EDGE_CURVE('',#13359,#11996,#13361,.T.);
#11436=EDGE_CURVE('',#13357,#12000,#13362,.T.);
#11437=EDGE_CURVE('',#13343,#13357,#13363,.T.);
#11438=EDGE_CURVE('',#13343,#13364,#13365,.T.);
#11439=EDGE_CURVE('',#13349,#13364,#13366,.T.);
#11440=EDGE_CURVE('',#13364,#12727,#13367,.T.);
#11441=EDGE_CURVE('',#12724,#13354,#13368,.T.);
#11442=EDGE_CURVE('',#12725,#13359,#13369,.T.);
#11443=CARTESIAN_POINT('',(0.537210000001482,-1.55721,-12.343));
#11444=DIRECTION('',(1.0,0.0,1.22464679914735E-16));
#11445=DIRECTION('',(1.22464679914735E-16,0.0,-1.0));
#11446=DIRECTION('',(0.0,-1.0,-0.0));
#11447=CARTESIAN_POINT('',(0.537210000001482,-1.55721,-12.343));
#11448=DIRECTION('',(1.0,0.0,1.22464679914735E-16));
#11449=DIRECTION('',(1.22464679914735E-16,0.0,-1.0));
#11450=DIRECTION('',(0.0,1.0,0.0));
#11451=DIRECTION('',(2.2337514067361E-16,1.40192399532075E-15,-1.0));
#11452=DIRECTION('',(0.0,-1.0,-0.0));
#11453=CARTESIAN_POINT('',(-0.537209999998518,-1.55721,-12.343));
#11454=DIRECTION('',(-1.0,0.0,-1.22464679914735E-16));
#11455=DIRECTION('',(-1.22464679914735E-16,0.0,1.0));
#11456=DIRECTION('',(0.0,1.0,0.0));
#11457=CARTESIAN_POINT('',(-0.537209999998518,-1.55721,-12.343));
#11458=DIRECTION('',(-1.0,0.0,-1.22464679914735E-16));
#11459=DIRECTION('',(-1.22464679914735E-16,0.0,1.0));
#11460=DIRECTION('',(0.0,1.0,0.0));
#11461=DIRECTION('',(2.2337514067361E-16,1.40192399532075E-15,-1.0));
#11462=DIRECTION('',(0.0,-1.0,-0.0));
#11463=DIRECTION('',(-1.0,0.0,-1.22464679914735E-16));
#11464=DIRECTION('',(-1.0,0.0,-1.22464679914735E-16));
#11465=CARTESIAN_POINT('',(-0.931978875995188,-5.70916659632099,-14.43742));
#11466=DIRECTION('',(1.22464679914735E-16,0.0,-1.0));
#11467=DIRECTION('',(-1.0,0.0,-1.22464679914735E-16));
#11468=CARTESIAN_POINT('',(-0.931978875995188,-5.70916659632099,-13.363));
#11469=DIRECTION('',(-1.22464679914735E-16,0.0,1.0));
#11470=DIRECTION('',(1.0,0.0,1.22464679914735E-16));
#11471=DIRECTION('',(-2.2337514067361E-16,-1.40192399532075E-15,1.0));
#11472=CARTESIAN_POINT('',(0.931978875998143,-5.70916659632099,-14.43742));
#11473=DIRECTION('',(1.22464679914735E-16,0.0,-1.0));
#11474=DIRECTION('',(-1.0,0.0,-1.22464679914735E-16));
#11475=DIRECTION('',(-2.2337514067361E-16,-1.40192399532075E-15,1.0));
#11476=CARTESIAN_POINT('',(0.931978875998143,-5.70916659632099,-13.363));
#11477=DIRECTION('',(-1.22464679914735E-16,0.0,1.0));
#11478=DIRECTION('',(1.0,0.0,1.22464679914735E-16));
#11479=DIRECTION('',(-1.0,0.0,-1.22464679914735E-16));
#11480=DIRECTION('',(-1.0,0.0,-1.22464679914735E-16));
#11481=DIRECTION('',(-1.0,0.0,-1.22464679914735E-16));
#11482=DIRECTION('',(-1.0,0.0,-1.22464679914735E-16));
#11483=DIRECTION('',(-1.22464679914735E-16,0.0,1.0));
#11484=DIRECTION('',(1.0,0.0,1.22464679914735E-16));
#11485=DIRECTION('',(-1.22464679914735E-16,0.0,1.0));
#11486=DIRECTION('',(1.0,0.0,1.22464679914735E-16));
#11487=DIRECTION('',(0.0,-1.0,-0.0));
#11488=DIRECTION('',(-1.22464679914735E-16,0.0,1.0));
#11489=CARTESIAN_POINT('',(0.537210000001473,2.64279,-16.543));
#11490=DIRECTION('',(1.0,0.0,1.22464679914735E-16));
#11491=DIRECTION('',(1.22464679914735E-16,0.0,-1.0));
#11492=DIRECTION('',(0.0,1.0,0.0));
#11493=DIRECTION('',(2.2337514067361E-16,1.40192399532075E-15,-1.0));
#11494=DIRECTION('',(0.0,-1.0,-0.0));
#11495=CARTESIAN_POINT('',(0.537210000001473,2.64279,-16.543));
#11496=DIRECTION('',(1.0,0.0,1.22464679914735E-16));
#11497=DIRECTION('',(1.22464679914735E-16,0.0,-1.0));
#11498=DIRECTION('',(-1.22464679914735E-16,0.0,1.0));
#11499=DIRECTION('',(0.0,1.0,0.0));
#11500=CARTESIAN_POINT('',(-0.537209999998528,2.64279,-16.543));
#11501=DIRECTION('',(-1.0,0.0,-1.22464679914735E-16));
#11502=DIRECTION('',(-1.22464679914735E-16,0.0,1.0));
#11503=DIRECTION('',(0.0,1.0,0.0));
#11504=DIRECTION('',(2.2337514067361E-16,1.40192399532075E-15,-1.0));
#11505=DIRECTION('',(0.0,1.0,0.0));
#11506=CARTESIAN_POINT('',(-0.537209999998528,2.64279,-16.543));
#11507=DIRECTION('',(-1.0,0.0,-1.22464679914735E-16));
#11508=DIRECTION('',(-1.22464679914735E-16,0.0,1.0));
#11509=DIRECTION('',(-1.0,0.0,-1.22464679914735E-16));
#11510=DIRECTION('',(1.0,0.0,1.22464679914735E-16));
#11511=DIRECTION('',(-1.0,0.0,-1.22464679914735E-16));
#11512=DIRECTION('',(-1.0,0.0,-1.22464679914735E-16));
#11513=CARTESIAN_POINT('',(-0.931978875995188,-5.70916659632099,-18.63742));
#11514=DIRECTION('',(1.22464679914735E-16,0.0,-1.0));
#11515=DIRECTION('',(-1.0,0.0,-1.22464679914735E-16));
#11516=CARTESIAN_POINT('',(-0.931978875995188,-5.70916659632099,-17.563));
#11517=DIRECTION('',(-1.22464679914735E-16,0.0,1.0));
#11518=DIRECTION('',(1.0,0.0,1.22464679914735E-16));
#11519=DIRECTION('',(-2.2337514067361E-16,-1.40192399532075E-15,1.0));
#11520=CARTESIAN_POINT('',(0.931978875998143,-5.70916659632099,-18.63742));
#11521=DIRECTION('',(1.22464679914735E-16,0.0,-1.0));
#11522=DIRECTION('',(-1.0,0.0,-1.22464679914735E-16));
#11523=DIRECTION('',(-2.2337514067361E-16,-1.40192399532075E-15,1.0));
#11524=CARTESIAN_POINT('',(0.931978875998143,-5.70916659632099,-17.563));
#11525=DIRECTION('',(-1.22464679914735E-16,0.0,1.0));
#11526=DIRECTION('',(1.0,0.0,1.22464679914735E-16));
#11527=DIRECTION('',(-1.0,0.0,-1.22464679914735E-16));
#11528=DIRECTION('',(-1.0,0.0,-1.22464679914735E-16));
#11529=CARTESIAN_POINT('',(-3.66278999999852,-1.55721,-12.343));
#11530=DIRECTION('',(1.0,0.0,1.22464679914735E-16));
#11531=DIRECTION('',(1.22464679914735E-16,0.0,-1.0));
#11532=DIRECTION('',(0.0,-1.0,-0.0));
#11533=CARTESIAN_POINT('',(-3.66278999999852,-1.55721,-12.343));
#11534=DIRECTION('',(1.0,0.0,1.22464679914735E-16));
#11535=DIRECTION('',(1.22464679914735E-16,0.0,-1.0));
#11536=DIRECTION('',(0.0,1.0,0.0));
#11537=DIRECTION('',(2.2337514067361E-16,1.40192399532075E-15,-1.0));
#11538=DIRECTION('',(0.0,-1.0,-0.0));
#11539=CARTESIAN_POINT('',(-4.73720999999852,-1.55721,-12.343));
#11540=DIRECTION('',(-1.0,0.0,-1.22464679914735E-16));
#11541=DIRECTION('',(-1.22464679914735E-16,0.0,1.0));
#11542=DIRECTION('',(0.0,1.0,0.0));
#11543=CARTESIAN_POINT('',(-4.73720999999852,-1.55721,-12.343));
#11544=DIRECTION('',(-1.0,0.0,-1.22464679914735E-16));
#11545=DIRECTION('',(-1.22464679914735E-16,0.0,1.0));
#11546=DIRECTION('',(0.0,1.0,0.0));
#11547=DIRECTION('',(2.2337514067361E-16,1.40192399532075E-15,-1.0));
#11548=DIRECTION('',(0.0,-1.0,-0.0));
#11549=DIRECTION('',(-1.0,0.0,-1.22464679914735E-16));
#11550=DIRECTION('',(-1.0,0.0,-1.22464679914735E-16));
#11551=CARTESIAN_POINT('',(-5.13197887599519,-5.70916659632099,-14.43742));
#11552=DIRECTION('',(1.22464679914735E-16,0.0,-1.0));
#11553=DIRECTION('',(-1.0,0.0,-1.22464679914735E-16));
#11554=CARTESIAN_POINT('',(-5.13197887599519,-5.70916659632099,-13.363));
#11555=DIRECTION('',(-1.22464679914735E-16,0.0,1.0));
#11556=DIRECTION('',(1.0,0.0,1.22464679914735E-16));
#11557=DIRECTION('',(-2.2337514067361E-16,-1.40192399532075E-15,1.0));
#11558=CARTESIAN_POINT('',(-3.26802112400186,-5.70916659632099,-14.43742));
#11559=DIRECTION('',(1.22464679914735E-16,0.0,-1.0));
#11560=DIRECTION('',(-1.0,0.0,-1.22464679914735E-16));
#11561=DIRECTION('',(-2.2337514067361E-16,-1.40192399532075E-15,1.0));
#11562=CARTESIAN_POINT('',(-3.26802112400186,-5.70916659632099,-13.363));
#11563=DIRECTION('',(-1.22464679914735E-16,0.0,1.0));
#11564=DIRECTION('',(1.0,0.0,1.22464679914735E-16));
#11565=DIRECTION('',(-1.0,0.0,-1.22464679914735E-16));
#11566=DIRECTION('',(-1.0,0.0,-1.22464679914735E-16));
#11567=DIRECTION('',(-1.0,0.0,-1.22464679914735E-16));
#11568=DIRECTION('',(-1.0,0.0,-1.22464679914735E-16));
#11569=DIRECTION('',(-1.22464679914735E-16,0.0,1.0));
#11570=DIRECTION('',(1.0,0.0,1.22464679914735E-16));
#11571=DIRECTION('',(-1.22464679914735E-16,0.0,1.0));
#11572=DIRECTION('',(1.0,0.0,1.22464679914735E-16));
#11573=DIRECTION('',(0.0,-1.0,-0.0));
#11574=DIRECTION('',(-1.22464679914735E-16,0.0,1.0));
#11575=CARTESIAN_POINT('',(-3.66278999999853,2.64279,-16.543));
#11576=DIRECTION('',(1.0,0.0,1.22464679914735E-16));
#11577=DIRECTION('',(1.22464679914735E-16,0.0,-1.0));
#11578=DIRECTION('',(0.0,1.0,0.0));
#11579=DIRECTION('',(2.2337514067361E-16,1.40192399532075E-15,-1.0));
#11580=DIRECTION('',(0.0,-1.0,-0.0));
#11581=CARTESIAN_POINT('',(-3.66278999999853,2.64279,-16.543));
#11582=DIRECTION('',(1.0,0.0,1.22464679914735E-16));
#11583=DIRECTION('',(1.22464679914735E-16,0.0,-1.0));
#11584=DIRECTION('',(-1.22464679914735E-16,0.0,1.0));
#11585=DIRECTION('',(0.0,1.0,0.0));
#11586=CARTESIAN_POINT('',(-4.73720999999853,2.64279,-16.543));
#11587=DIRECTION('',(-1.0,0.0,-1.22464679914735E-16));
#11588=DIRECTION('',(-1.22464679914735E-16,0.0,1.0));
#11589=DIRECTION('',(0.0,1.0,0.0));
#11590=DIRECTION('',(2.2337514067361E-16,1.40192399532075E-15,-1.0));
#11591=DIRECTION('',(0.0,1.0,0.0));
#11592=CARTESIAN_POINT('',(-4.73720999999853,2.64279,-16.543));
#11593=DIRECTION('',(-1.0,0.0,-1.22464679914735E-16));
#11594=DIRECTION('',(-1.22464679914735E-16,0.0,1.0));
#11595=DIRECTION('',(-1.0,0.0,-1.22464679914735E-16));
#11596=DIRECTION('',(1.0,0.0,1.22464679914735E-16));
#11597=DIRECTION('',(-1.0,0.0,-1.22464679914735E-16));
#11598=DIRECTION('',(-1.0,0.0,-1.22464679914735E-16));
#11599=CARTESIAN_POINT('',(-5.13197887599519,-5.70916659632099,-18.63742));
#11600=DIRECTION('',(1.22464679914735E-16,0.0,-1.0));
#11601=DIRECTION('',(-1.0,0.0,-1.22464679914735E-16));
#11602=CARTESIAN_POINT('',(-5.13197887599519,-5.70916659632099,-17.563));
#11603=DIRECTION('',(-1.22464679914735E-16,0.0,1.0));
#11604=DIRECTION('',(1.0,0.0,1.22464679914735E-16));
#11605=DIRECTION('',(-2.2337514067361E-16,-1.40192399532075E-15,1.0));
#11606=CARTESIAN_POINT('',(-3.26802112400186,-5.70916659632099,-18.63742));
#11607=DIRECTION('',(1.22464679914735E-16,0.0,-1.0));
#11608=DIRECTION('',(-1.0,0.0,-1.22464679914735E-16));
#11609=DIRECTION('',(-2.2337514067361E-16,-1.40192399532075E-15,1.0));
#11610=CARTESIAN_POINT('',(-3.26802112400186,-5.70916659632099,-17.563));
#11611=DIRECTION('',(-1.22464679914735E-16,0.0,1.0));
#11612=DIRECTION('',(1.0,0.0,1.22464679914735E-16));
#11613=DIRECTION('',(-1.0,0.0,-1.22464679914735E-16));
#11614=DIRECTION('',(-1.0,0.0,-1.22464679914735E-16));
#11615=CARTESIAN_POINT('',(-7.86278999999852,-1.55721,-12.343));
#11616=DIRECTION('',(1.0,0.0,1.22464679914735E-16));
#11617=DIRECTION('',(1.22464679914735E-16,0.0,-1.0));
#11618=DIRECTION('',(0.0,-1.0,-0.0));
#11619=CARTESIAN_POINT('',(-7.86278999999852,-1.55721,-12.343));
#11620=DIRECTION('',(1.0,0.0,1.22464679914735E-16));
#11621=DIRECTION('',(1.22464679914735E-16,0.0,-1.0));
#11622=DIRECTION('',(0.0,1.0,0.0));
#11623=DIRECTION('',(2.2337514067361E-16,1.40192399532075E-15,-1.0));
#11624=DIRECTION('',(0.0,-1.0,-0.0));
#11625=CARTESIAN_POINT('',(-8.93720999999852,-1.55721,-12.343));
#11626=DIRECTION('',(-1.0,0.0,-1.22464679914735E-16));
#11627=DIRECTION('',(-1.22464679914735E-16,0.0,1.0));
#11628=DIRECTION('',(0.0,1.0,0.0));
#11629=CARTESIAN_POINT('',(-8.93720999999852,-1.55721,-12.343));
#11630=DIRECTION('',(-1.0,0.0,-1.22464679914735E-16));
#11631=DIRECTION('',(-1.22464679914735E-16,0.0,1.0));
#11632=DIRECTION('',(0.0,1.0,0.0));
#11633=DIRECTION('',(2.2337514067361E-16,1.40192399532075E-15,-1.0));
#11634=DIRECTION('',(0.0,-1.0,-0.0));
#11635=DIRECTION('',(-1.0,0.0,-1.22464679914735E-16));
#11636=DIRECTION('',(-1.0,0.0,-1.22464679914735E-16));
#11637=CARTESIAN_POINT('',(-9.33197887599519,-5.70916659632099,-14.43742));
#11638=DIRECTION('',(1.22464679914735E-16,0.0,-1.0));
#11639=DIRECTION('',(-1.0,0.0,-1.22464679914735E-16));
#11640=CARTESIAN_POINT('',(-9.33197887599519,-5.70916659632099,-13.363));
#11641=DIRECTION('',(-1.22464679914735E-16,0.0,1.0));
#11642=DIRECTION('',(1.0,0.0,1.22464679914735E-16));
#11643=DIRECTION('',(-2.2337514067361E-16,-1.40192399532075E-15,1.0));
#11644=CARTESIAN_POINT('',(-7.46802112400186,-5.70916659632099,-14.43742));
#11645=DIRECTION('',(1.22464679914735E-16,0.0,-1.0));
#11646=DIRECTION('',(-1.0,0.0,-1.22464679914735E-16));
#11647=DIRECTION('',(-2.2337514067361E-16,-1.40192399532075E-15,1.0));
#11648=CARTESIAN_POINT('',(-7.46802112400186,-5.70916659632099,-13.363));
#11649=DIRECTION('',(-1.22464679914735E-16,0.0,1.0));
#11650=DIRECTION('',(1.0,0.0,1.22464679914735E-16));
#11651=DIRECTION('',(-1.0,0.0,-1.22464679914735E-16));
#11652=DIRECTION('',(-1.0,0.0,-1.22464679914735E-16));
#11653=DIRECTION('',(-1.0,0.0,-1.22464679914735E-16));
#11654=DIRECTION('',(-1.0,0.0,-1.22464679914735E-16));
#11655=DIRECTION('',(-1.22464679914735E-16,0.0,1.0));
#11656=DIRECTION('',(1.0,0.0,1.22464679914735E-16));
#11657=DIRECTION('',(-1.22464679914735E-16,0.0,1.0));
#11658=DIRECTION('',(1.0,0.0,1.22464679914735E-16));
#11659=DIRECTION('',(0.0,-1.0,-0.0));
#11660=DIRECTION('',(-1.22464679914735E-16,0.0,1.0));
#11661=CARTESIAN_POINT('',(-7.86278999999853,2.64279,-16.543));
#11662=DIRECTION('',(1.0,0.0,1.22464679914735E-16));
#11663=DIRECTION('',(1.22464679914735E-16,0.0,-1.0));
#11664=DIRECTION('',(0.0,1.0,0.0));
#11665=DIRECTION('',(2.2337514067361E-16,1.40192399532075E-15,-1.0));
#11666=DIRECTION('',(0.0,-1.0,-0.0));
#11667=CARTESIAN_POINT('',(-7.86278999999853,2.64279,-16.543));
#11668=DIRECTION('',(1.0,0.0,1.22464679914735E-16));
#11669=DIRECTION('',(1.22464679914735E-16,0.0,-1.0));
#11670=DIRECTION('',(-1.22464679914735E-16,0.0,1.0));
#11671=DIRECTION('',(0.0,1.0,0.0));
#11672=CARTESIAN_POINT('',(-8.93720999999853,2.64279,-16.543));
#11673=DIRECTION('',(-1.0,0.0,-1.22464679914735E-16));
#11674=DIRECTION('',(-1.22464679914735E-16,0.0,1.0));
#11675=DIRECTION('',(0.0,1.0,0.0));
#11676=DIRECTION('',(2.2337514067361E-16,1.40192399532075E-15,-1.0));
#11677=DIRECTION('',(0.0,1.0,0.0));
#11678=CARTESIAN_POINT('',(-8.93720999999853,2.64279,-16.543));
#11679=DIRECTION('',(-1.0,0.0,-1.22464679914735E-16));
#11680=DIRECTION('',(-1.22464679914735E-16,0.0,1.0));
#11681=DIRECTION('',(-1.0,0.0,-1.22464679914735E-16));
#11682=DIRECTION('',(1.0,0.0,1.22464679914735E-16));
#11683=DIRECTION('',(-1.0,0.0,-1.22464679914735E-16));
#11684=DIRECTION('',(-1.0,0.0,-1.22464679914735E-16));
#11685=CARTESIAN_POINT('',(-9.33197887599519,-5.70916659632099,-18.63742));
#11686=DIRECTION('',(1.22464679914735E-16,0.0,-1.0));
#11687=DIRECTION('',(-1.0,0.0,-1.22464679914735E-16));
#11688=CARTESIAN_POINT('',(-9.33197887599519,-5.70916659632099,-17.563));
#11689=DIRECTION('',(-1.22464679914735E-16,0.0,1.0));
#11690=DIRECTION('',(1.0,0.0,1.22464679914735E-16));
#11691=DIRECTION('',(-2.2337514067361E-16,-1.40192399532075E-15,1.0));
#11692=CARTESIAN_POINT('',(-7.46802112400186,-5.70916659632099,-18.63742));
#11693=DIRECTION('',(1.22464679914735E-16,0.0,-1.0));
#11694=DIRECTION('',(-1.0,0.0,-1.22464679914735E-16));
#11695=DIRECTION('',(-2.2337514067361E-16,-1.40192399532075E-15,1.0));
#11696=CARTESIAN_POINT('',(-7.46802112400186,-5.70916659632099,-17.563));
#11697=DIRECTION('',(-1.22464679914735E-16,0.0,1.0));
#11698=DIRECTION('',(1.0,0.0,1.22464679914735E-16));
#11699=DIRECTION('',(-1.0,0.0,-1.22464679914735E-16));
#11700=DIRECTION('',(-1.0,0.0,-1.22464679914735E-16));
#11701=CARTESIAN_POINT('',(-12.0627899999985,-1.55721,-12.343));
#11702=DIRECTION('',(1.0,0.0,1.22464679914735E-16));
#11703=DIRECTION('',(1.22464679914735E-16,0.0,-1.0));
#11704=DIRECTION('',(0.0,-1.0,-0.0));
#11705=CARTESIAN_POINT('',(-12.0627899999985,-1.55721,-12.343));
#11706=DIRECTION('',(1.0,0.0,1.22464679914735E-16));
#11707=DIRECTION('',(1.22464679914735E-16,0.0,-1.0));
#11708=DIRECTION('',(0.0,1.0,0.0));
#11709=DIRECTION('',(2.2337514067361E-16,1.40192399532075E-15,-1.0));
#11710=DIRECTION('',(0.0,-1.0,-0.0));
#11711=CARTESIAN_POINT('',(-13.1372099999985,-1.55721,-12.343));
#11712=DIRECTION('',(-1.0,0.0,-1.22464679914735E-16));
#11713=DIRECTION('',(-1.22464679914735E-16,0.0,1.0));
#11714=DIRECTION('',(0.0,1.0,0.0));
#11715=CARTESIAN_POINT('',(-13.1372099999985,-1.55721,-12.343));
#11716=DIRECTION('',(-1.0,0.0,-1.22464679914735E-16));
#11717=DIRECTION('',(-1.22464679914735E-16,0.0,1.0));
#11718=DIRECTION('',(0.0,1.0,0.0));
#11719=DIRECTION('',(2.2337514067361E-16,1.40192399532075E-15,-1.0));
#11720=DIRECTION('',(0.0,-1.0,-0.0));
#11721=DIRECTION('',(-1.0,0.0,-1.22464679914735E-16));
#11722=DIRECTION('',(-1.0,0.0,-1.22464679914735E-16));
#11723=CARTESIAN_POINT('',(-13.5319788759952,-5.70916659632099,-14.43742));
#11724=DIRECTION('',(1.22464679914735E-16,0.0,-1.0));
#11725=DIRECTION('',(-1.0,0.0,-1.22464679914735E-16));
#11726=CARTESIAN_POINT('',(-13.5319788759952,-5.70916659632099,-13.363));
#11727=DIRECTION('',(-1.22464679914735E-16,0.0,1.0));
#11728=DIRECTION('',(1.0,0.0,1.22464679914735E-16));
#11729=DIRECTION('',(-2.2337514067361E-16,-1.40192399532075E-15,1.0));
#11730=CARTESIAN_POINT('',(-11.6680211240019,-5.70916659632099,-14.43742));
#11731=DIRECTION('',(1.22464679914735E-16,0.0,-1.0));
#11732=DIRECTION('',(-1.0,0.0,-1.22464679914735E-16));
#11733=DIRECTION('',(-2.2337514067361E-16,-1.40192399532075E-15,1.0));
#11734=CARTESIAN_POINT('',(-11.6680211240019,-5.70916659632099,-13.363));
#11735=DIRECTION('',(-1.22464679914735E-16,0.0,1.0));
#11736=DIRECTION('',(1.0,0.0,1.22464679914735E-16));
#11737=DIRECTION('',(-1.0,0.0,-1.22464679914735E-16));
#11738=DIRECTION('',(-1.0,0.0,-1.22464679914735E-16));
#11739=DIRECTION('',(-1.0,0.0,-1.22464679914735E-16));
#11740=DIRECTION('',(-1.0,0.0,-1.22464679914735E-16));
#11741=DIRECTION('',(-1.22464679914735E-16,0.0,1.0));
#11742=DIRECTION('',(1.0,0.0,1.22464679914735E-16));
#11743=DIRECTION('',(-1.22464679914735E-16,0.0,1.0));
#11744=DIRECTION('',(1.0,0.0,1.22464679914735E-16));
#11745=DIRECTION('',(0.0,-1.0,-0.0));
#11746=DIRECTION('',(-1.22464679914735E-16,0.0,1.0));
#11747=CARTESIAN_POINT('',(-12.0627899999985,2.64279,-16.543));
#11748=DIRECTION('',(1.0,0.0,1.22464679914735E-16));
#11749=DIRECTION('',(1.22464679914735E-16,0.0,-1.0));
#11750=DIRECTION('',(0.0,1.0,0.0));
#11751=DIRECTION('',(2.2337514067361E-16,1.40192399532075E-15,-1.0));
#11752=DIRECTION('',(0.0,-1.0,-0.0));
#11753=CARTESIAN_POINT('',(-12.0627899999985,2.64279,-16.543));
#11754=DIRECTION('',(1.0,0.0,1.22464679914735E-16));
#11755=DIRECTION('',(1.22464679914735E-16,0.0,-1.0));
#11756=DIRECTION('',(-1.22464679914735E-16,0.0,1.0));
#11757=DIRECTION('',(0.0,1.0,0.0));
#11758=CARTESIAN_POINT('',(-13.1372099999985,2.64279,-16.543));
#11759=DIRECTION('',(-1.0,0.0,-1.22464679914735E-16));
#11760=DIRECTION('',(-1.22464679914735E-16,0.0,1.0));
#11761=DIRECTION('',(0.0,1.0,0.0));
#11762=DIRECTION('',(2.2337514067361E-16,1.40192399532075E-15,-1.0));
#11763=DIRECTION('',(0.0,1.0,0.0));
#11764=CARTESIAN_POINT('',(-13.1372099999985,2.64279,-16.543));
#11765=DIRECTION('',(-1.0,0.0,-1.22464679914735E-16));
#11766=DIRECTION('',(-1.22464679914735E-16,0.0,1.0));
#11767=DIRECTION('',(-1.0,0.0,-1.22464679914735E-16));
#11768=DIRECTION('',(1.0,0.0,1.22464679914735E-16));
#11769=DIRECTION('',(-1.0,0.0,-1.22464679914735E-16));
#11770=DIRECTION('',(-1.0,0.0,-1.22464679914735E-16));
#11771=CARTESIAN_POINT('',(-13.5319788759952,-5.70916659632099,-18.63742));
#11772=DIRECTION('',(1.22464679914735E-16,0.0,-1.0));
#11773=DIRECTION('',(-1.0,0.0,-1.22464679914735E-16));
#11774=CARTESIAN_POINT('',(-13.5319788759952,-5.70916659632099,-17.563));
#11775=DIRECTION('',(-1.22464679914735E-16,0.0,1.0));
#11776=DIRECTION('',(1.0,0.0,1.22464679914735E-16));
#11777=DIRECTION('',(-2.2337514067361E-16,-1.40192399532075E-15,1.0));
#11778=CARTESIAN_POINT('',(-11.6680211240019,-5.70916659632099,-18.63742));
#11779=DIRECTION('',(1.22464679914735E-16,0.0,-1.0));
#11780=DIRECTION('',(-1.0,0.0,-1.22464679914735E-16));
#11781=DIRECTION('',(-2.2337514067361E-16,-1.40192399532075E-15,1.0));
#11782=CARTESIAN_POINT('',(-11.6680211240019,-5.70916659632099,-17.563));
#11783=DIRECTION('',(-1.22464679914735E-16,0.0,1.0));
#11784=DIRECTION('',(1.0,0.0,1.22464679914735E-16));
#11785=DIRECTION('',(-1.0,0.0,-1.22464679914735E-16));
#11786=DIRECTION('',(-1.0,0.0,-1.22464679914735E-16));
#11787=DIRECTION('',(1.00910460758875E-16,-1.0,1.23579672768841E-32));
#11788=DIRECTION('',(1.00910460758875E-16,-1.0,1.23579672768841E-32));
#11789=DIRECTION('',(1.0,0.0,1.22464679914735E-16));
#11790=CARTESIAN_POINT('',(-5.13197887599519,3.66279,-4.89084326515529));
#11791=DIRECTION('',(-0.0,-1.0,0.0));
#11792=DIRECTION('',(-1.22464679914735E-16,0.0,1.0));
#11793=DIRECTION('',(-1.00910460758875E-16,1.0,-1.23579672768841E-32));
#11794=CARTESIAN_POINT('',(-5.13197887599519,4.73721,-4.89084326515529));
#11795=DIRECTION('',(0.0,1.0,0.0));
#11796=DIRECTION('',(1.22464679914735E-16,0.0,-1.0));
#11797=DIRECTION('',(1.0,0.0,1.22464679914735E-16));
#11798=DIRECTION('',(-1.00910460758875E-16,1.0,-1.23579672768841E-32));
#11799=CARTESIAN_POINT('',(-3.26802112400186,3.66279,-4.89084326515529));
#11800=DIRECTION('',(-0.0,-1.0,0.0));
#11801=DIRECTION('',(-1.22464679914735E-16,0.0,1.0));
#11802=CARTESIAN_POINT('',(-3.26802112400186,4.73721,-4.89084326515529));
#11803=DIRECTION('',(0.0,1.0,0.0));
#11804=DIRECTION('',(1.22464679914735E-16,0.0,-1.0));
#11805=DIRECTION('',(1.22464679914735E-16,0.0,-1.0));
#11806=DIRECTION('',(-1.0,0.0,-1.22464679914735E-16));
#11807=DIRECTION('',(1.22464679914735E-16,0.0,-1.0));
#11808=DIRECTION('',(1.22464679914735E-16,0.0,-1.0));
#11809=DIRECTION('',(0.0,1.0,0.0));
#11810=DIRECTION('',(0.0,-1.0,-0.0));
#11811=DIRECTION('',(1.22464679914735E-16,0.0,-1.0));
#11812=DIRECTION('',(1.0,0.0,1.22464679914735E-16));
#11813=DIRECTION('',(1.00910460758875E-16,-1.0,1.23579672768841E-32));
#11814=DIRECTION('',(1.00910460758875E-16,-1.0,1.23579672768841E-32));
#11815=DIRECTION('',(1.0,0.0,1.22464679914735E-16));
#11816=CARTESIAN_POINT('',(-0.931978875995189,-0.53721,-4.89084326515529));
#11817=DIRECTION('',(-0.0,-1.0,0.0));
#11818=DIRECTION('',(-1.22464679914735E-16,0.0,1.0));
#11819=DIRECTION('',(-1.00910460758875E-16,1.0,-1.23579672768841E-32));
#11820=CARTESIAN_POINT('',(-0.931978875995189,0.53721,-4.89084326515529));
#11821=DIRECTION('',(0.0,1.0,0.0));
#11822=DIRECTION('',(1.22464679914735E-16,0.0,-1.0));
#11823=DIRECTION('',(1.0,0.0,1.22464679914735E-16));
#11824=DIRECTION('',(-1.00910460758875E-16,1.0,-1.23579672768841E-32));
#11825=CARTESIAN_POINT('',(0.931978875998152,-0.53721,-4.89084326515529));
#11826=DIRECTION('',(-0.0,-1.0,0.0));
#11827=DIRECTION('',(-1.22464679914735E-16,0.0,1.0));
#11828=CARTESIAN_POINT('',(0.931978875998152,0.53721,-4.89084326515529));
#11829=DIRECTION('',(0.0,1.0,0.0));
#11830=DIRECTION('',(1.22464679914735E-16,0.0,-1.0));
#11831=DIRECTION('',(1.22464679914735E-16,0.0,-1.0));
#11832=DIRECTION('',(-1.0,0.0,-1.22464679914735E-16));
#11833=DIRECTION('',(1.22464679914735E-16,0.0,-1.0));
#11834=DIRECTION('',(1.22464679914735E-16,0.0,-1.0));
#11835=DIRECTION('',(0.0,1.0,0.0));
#11836=DIRECTION('',(0.0,-1.0,-0.0));
#11837=DIRECTION('',(1.22464679914735E-16,0.0,-1.0));
#11838=DIRECTION('',(1.0,0.0,1.22464679914735E-16));
#11839=DIRECTION('',(1.00910460758875E-16,-1.0,1.23579672768841E-32));
#11840=DIRECTION('',(1.00910460758875E-16,-1.0,1.23579672768841E-32));
#11841=DIRECTION('',(1.0,0.0,1.22464679914735E-16));
#11842=CARTESIAN_POINT('',(-9.33197887599519,3.66279,-4.89084326515529));
#11843=DIRECTION('',(-0.0,-1.0,0.0));
#11844=DIRECTION('',(-1.22464679914735E-16,0.0,1.0));
#11845=DIRECTION('',(-1.00910460758875E-16,1.0,-1.23579672768841E-32));
#11846=CARTESIAN_POINT('',(-9.33197887599519,4.73721,-4.89084326515529));
#11847=DIRECTION('',(0.0,1.0,0.0));
#11848=DIRECTION('',(1.22464679914735E-16,0.0,-1.0));
#11849=DIRECTION('',(1.0,0.0,1.22464679914735E-16));
#11850=DIRECTION('',(-1.00910460758875E-16,1.0,-1.23579672768841E-32));
#11851=CARTESIAN_POINT('',(-7.46802112400186,3.66279,-4.89084326515529));
#11852=DIRECTION('',(-0.0,-1.0,0.0));
#11853=DIRECTION('',(-1.22464679914735E-16,0.0,1.0));
#11854=CARTESIAN_POINT('',(-7.46802112400186,4.73721,-4.89084326515529));
#11855=DIRECTION('',(0.0,1.0,0.0));
#11856=DIRECTION('',(1.22464679914735E-16,0.0,-1.0));
#11857=DIRECTION('',(1.22464679914735E-16,0.0,-1.0));
#11858=DIRECTION('',(-1.0,0.0,-1.22464679914735E-16));
#11859=DIRECTION('',(1.22464679914735E-16,0.0,-1.0));
#11860=DIRECTION('',(1.22464679914735E-16,0.0,-1.0));
#11861=DIRECTION('',(0.0,1.0,0.0));
#11862=DIRECTION('',(0.0,-1.0,-0.0));
#11863=DIRECTION('',(1.22464679914735E-16,0.0,-1.0));
#11864=DIRECTION('',(1.0,0.0,1.22464679914735E-16));
#11865=DIRECTION('',(1.00910460758875E-16,-1.0,1.23579672768841E-32));
#11866=DIRECTION('',(1.00910460758875E-16,-1.0,1.23579672768841E-32));
#11867=DIRECTION('',(1.0,0.0,1.22464679914735E-16));
#11868=CARTESIAN_POINT('',(-13.5319788759952,3.66279,-4.89084326515529));
#11869=DIRECTION('',(-0.0,-1.0,0.0));
#11870=DIRECTION('',(-1.22464679914735E-16,0.0,1.0));
#11871=DIRECTION('',(-1.00910460758875E-16,1.0,-1.23579672768841E-32));
#11872=CARTESIAN_POINT('',(-13.5319788759952,4.73721,-4.89084326515529));
#11873=DIRECTION('',(0.0,1.0,0.0));
#11874=DIRECTION('',(1.22464679914735E-16,0.0,-1.0));
#11875=DIRECTION('',(1.0,0.0,1.22464679914735E-16));
#11876=DIRECTION('',(-1.00910460758875E-16,1.0,-1.23579672768841E-32));
#11877=CARTESIAN_POINT('',(-11.6680211240019,3.66279,-4.89084326515529));
#11878=DIRECTION('',(-0.0,-1.0,0.0));
#11879=DIRECTION('',(-1.22464679914735E-16,0.0,1.0));
#11880=CARTESIAN_POINT('',(-11.6680211240019,4.73721,-4.89084326515529));
#11881=DIRECTION('',(0.0,1.0,0.0));
#11882=DIRECTION('',(1.22464679914735E-16,0.0,-1.0));
#11883=DIRECTION('',(1.22464679914735E-16,0.0,-1.0));
#11884=DIRECTION('',(-1.0,0.0,-1.22464679914735E-16));
#11885=DIRECTION('',(1.22464679914735E-16,0.0,-1.0));
#11886=DIRECTION('',(1.22464679914735E-16,0.0,-1.0));
#11887=DIRECTION('',(0.0,1.0,0.0));
#11888=DIRECTION('',(0.0,-1.0,-0.0));
#11889=DIRECTION('',(1.22464679914735E-16,0.0,-1.0));
#11890=DIRECTION('',(1.0,0.0,1.22464679914735E-16));
#11891=DIRECTION('',(1.00910460758875E-16,-1.0,1.23579672768841E-32));
#11892=DIRECTION('',(1.00910460758875E-16,-1.0,1.23579672768841E-32));
#11893=DIRECTION('',(1.0,0.0,1.22464679914735E-16));
#11894=CARTESIAN_POINT('',(-0.931978875995189,3.66279,-4.89084326515529));
#11895=DIRECTION('',(-0.0,-1.0,0.0));
#11896=DIRECTION('',(-1.22464679914735E-16,0.0,1.0));
#11897=DIRECTION('',(-1.00910460758875E-16,1.0,-1.23579672768841E-32));
#11898=CARTESIAN_POINT('',(-0.931978875995189,4.73721,-4.89084326515529));
#11899=DIRECTION('',(0.0,1.0,0.0));
#11900=DIRECTION('',(1.22464679914735E-16,0.0,-1.0));
#11901=DIRECTION('',(1.0,0.0,1.22464679914735E-16));
#11902=DIRECTION('',(-1.00910460758875E-16,1.0,-1.23579672768841E-32));
#11903=CARTESIAN_POINT('',(0.931978875998142,3.66279,-4.89084326515529));
#11904=DIRECTION('',(-0.0,-1.0,0.0));
#11905=DIRECTION('',(-1.22464679914735E-16,0.0,1.0));
#11906=CARTESIAN_POINT('',(0.931978875998142,4.73721,-4.89084326515529));
#11907=DIRECTION('',(0.0,1.0,0.0));
#11908=DIRECTION('',(1.22464679914735E-16,0.0,-1.0));
#11909=DIRECTION('',(1.22464679914735E-16,0.0,-1.0));
#11910=DIRECTION('',(-1.0,0.0,-1.22464679914735E-16));
#11911=DIRECTION('',(1.22464679914735E-16,0.0,-1.0));
#11912=DIRECTION('',(1.22464679914735E-16,0.0,-1.0));
#11913=DIRECTION('',(0.0,1.0,0.0));
#11914=DIRECTION('',(0.0,-1.0,-0.0));
#11915=DIRECTION('',(1.22464679914735E-16,0.0,-1.0));
#11916=DIRECTION('',(1.0,0.0,1.22464679914735E-16));
#11917=DIRECTION('',(1.00910460758875E-16,-1.0,1.23579672768841E-32));
#11918=DIRECTION('',(1.00910460758875E-16,-1.0,1.23579672768841E-32));
#11919=DIRECTION('',(1.0,0.0,1.22464679914735E-16));
#11920=CARTESIAN_POINT('',(-9.33197887599519,-0.53721,-4.89084326515529));
#11921=DIRECTION('',(-0.0,-1.0,0.0));
#11922=DIRECTION('',(-1.22464679914735E-16,0.0,1.0));
#11923=DIRECTION('',(-1.00910460758875E-16,1.0,-1.23579672768841E-32));
#11924=CARTESIAN_POINT('',(-9.33197887599519,0.53721,-4.89084326515529));
#11925=DIRECTION('',(0.0,1.0,0.0));
#11926=DIRECTION('',(1.22464679914735E-16,0.0,-1.0));
#11927=DIRECTION('',(1.0,0.0,1.22464679914735E-16));
#11928=DIRECTION('',(-1.00910460758875E-16,1.0,-1.23579672768841E-32));
#11929=CARTESIAN_POINT('',(-7.46802112400185,-0.53721,-4.89084326515529));
#11930=DIRECTION('',(-0.0,-1.0,0.0));
#11931=DIRECTION('',(-1.22464679914735E-16,0.0,1.0));
#11932=CARTESIAN_POINT('',(-7.46802112400185,0.53721,-4.89084326515529));
#11933=DIRECTION('',(0.0,1.0,0.0));
#11934=DIRECTION('',(1.22464679914735E-16,0.0,-1.0));
#11935=DIRECTION('',(1.22464679914735E-16,0.0,-1.0));
#11936=DIRECTION('',(-1.0,0.0,-1.22464679914735E-16));
#11937=DIRECTION('',(1.22464679914735E-16,0.0,-1.0));
#11938=DIRECTION('',(1.22464679914735E-16,0.0,-1.0));
#11939=DIRECTION('',(0.0,1.0,0.0));
#11940=DIRECTION('',(0.0,-1.0,-0.0));
#11941=DIRECTION('',(1.22464679914735E-16,0.0,-1.0));
#11942=DIRECTION('',(1.0,0.0,1.22464679914735E-16));
#11943=DIRECTION('',(1.00910460758875E-16,-1.0,1.23579672768841E-32));
#11944=DIRECTION('',(1.00910460758875E-16,-1.0,1.23579672768841E-32));
#11945=DIRECTION('',(1.0,0.0,1.22464679914735E-16));
#11946=CARTESIAN_POINT('',(-5.13197887599519,-0.53721,-4.89084326515529));
#11947=DIRECTION('',(-0.0,-1.0,0.0));
#11948=DIRECTION('',(-1.22464679914735E-16,0.0,1.0));
#11949=DIRECTION('',(-1.00910460758875E-16,1.0,-1.23579672768841E-32));
#11950=CARTESIAN_POINT('',(-5.13197887599519,0.53721,-4.89084326515529));
#11951=DIRECTION('',(0.0,1.0,0.0));
#11952=DIRECTION('',(1.22464679914735E-16,0.0,-1.0));
#11953=DIRECTION('',(1.0,0.0,1.22464679914735E-16));
#11954=DIRECTION('',(-1.00910460758875E-16,1.0,-1.23579672768841E-32));
#11955=CARTESIAN_POINT('',(-3.26802112400185,-0.53721,-4.89084326515529));
#11956=DIRECTION('',(-0.0,-1.0,0.0));
#11957=DIRECTION('',(-1.22464679914735E-16,0.0,1.0));
#11958=CARTESIAN_POINT('',(-3.26802112400185,0.53721,-4.89084326515529));
#11959=DIRECTION('',(0.0,1.0,0.0));
#11960=DIRECTION('',(1.22464679914735E-16,0.0,-1.0));
#11961=DIRECTION('',(1.22464679914735E-16,0.0,-1.0));
#11962=DIRECTION('',(-1.0,0.0,-1.22464679914735E-16));
#11963=DIRECTION('',(1.22464679914735E-16,0.0,-1.0));
#11964=DIRECTION('',(1.22464679914735E-16,0.0,-1.0));
#11965=DIRECTION('',(0.0,1.0,0.0));
#11966=DIRECTION('',(0.0,-1.0,-0.0));
#11967=DIRECTION('',(1.22464679914735E-16,0.0,-1.0));
#11968=DIRECTION('',(1.0,0.0,1.22464679914735E-16));
#11969=DIRECTION('',(1.00910460758875E-16,-1.0,1.23579672768841E-32));
#11970=DIRECTION('',(1.00910460758875E-16,-1.0,1.23579672768841E-32));
#11971=DIRECTION('',(1.0,0.0,1.22464679914735E-16));
#11972=CARTESIAN_POINT('',(-13.5319788759952,-0.53721,-4.89084326515529));
#11973=DIRECTION('',(-0.0,-1.0,0.0));
#11974=DIRECTION('',(-1.22464679914735E-16,0.0,1.0));
#11975=DIRECTION('',(-1.00910460758875E-16,1.0,-1.23579672768841E-32));
#11976=CARTESIAN_POINT('',(-13.5319788759952,0.53721,-4.89084326515529));
#11977=DIRECTION('',(0.0,1.0,0.0));
#11978=DIRECTION('',(1.22464679914735E-16,0.0,-1.0));
#11979=DIRECTION('',(1.0,0.0,1.22464679914735E-16));
#11980=DIRECTION('',(-1.00910460758875E-16,1.0,-1.23579672768841E-32));
#11981=CARTESIAN_POINT('',(-11.6680211240018,-0.53721,-4.89084326515529));
#11982=DIRECTION('',(-0.0,-1.0,0.0));
#11983=DIRECTION('',(-1.22464679914735E-16,0.0,1.0));
#11984=CARTESIAN_POINT('',(-11.6680211240018,0.53721,-4.89084326515529));
#11985=DIRECTION('',(0.0,1.0,0.0));
#11986=DIRECTION('',(1.22464679914735E-16,0.0,-1.0));
#11987=DIRECTION('',(1.22464679914735E-16,0.0,-1.0));
#11988=DIRECTION('',(-1.0,0.0,-1.22464679914735E-16));
#11989=DIRECTION('',(1.22464679914735E-16,0.0,-1.0));
#11990=DIRECTION('',(1.22464679914735E-16,0.0,-1.0));
#11991=DIRECTION('',(0.0,1.0,0.0));
#11992=DIRECTION('',(0.0,-1.0,-0.0));
#11993=DIRECTION('',(1.22464679914735E-16,0.0,-1.0));
#11994=DIRECTION('',(1.0,0.0,1.22464679914735E-16));
#11995=VERTEX_POINT('',#13370);
#11996=VERTEX_POINT('',#13371);
#11997=LINE('',#13372,#13373);
#11998=VERTEX_POINT('',#13374);
#11999=CIRCLE('',#13375,1.475);
#12000=VERTEX_POINT('',#13376);
#12001=LINE('',#13377,#13378);
#12002=CIRCLE('',#13379,1.475);
#12003=VERTEX_POINT('',#13380);
#12004=VERTEX_POINT('',#13381);
#12005=LINE('',#13382,#13383);
#12006=VERTEX_POINT('',#13384);
#12007=CIRCLE('',#13385,1.48);
#12008=VERTEX_POINT('',#13386);
#12009=LINE('',#13387,#13388);
#12010=CIRCLE('',#13389,1.48);
#12011=VERTEX_POINT('',#13390);
#12012=LINE('',#13391,#13392);
#12013=VERTEX_POINT('',#13393);
#12014=CIRCLE('',#13394,0.944540591269194);
#12015=B_SPLINE_CURVE_WITH_KNOTS('',3,(#13395,#13396,#13397,#13398,#13399,#13400,#13401,#13402,#13403,#13404,#13405,#13406,#13407,#13408),.UNSPECIFIED.,.F.,.F.,(4,2,2,2,2,2,4),(3.67849754809308E-11,0.249970660195031,0.499957299735349,0.624976511993219,0.74999548175104,0.875004684363448,0.999999999913143),.UNSPECIFIED.);
#12016=VERTEX_POINT('',#13409);
#12017=CIRCLE('',#13410,0.2);
#12018=VERTEX_POINT('',#13411);
#12019=CIRCLE('',#13412,0.780710182411397);
#12020=B_SPLINE_CURVE_WITH_KNOTS('',3,(#13413,#13414,#13415,#13416,#13417,#13418,#13419,#13420,#13421,#13422,#13423,#13424,#13425,#13426,#13427,#13428,#13429,#13430,#13431,#13432,#13433,#13434,#13435,#13436),.UNSPECIFIED.,.F.,.F.,(4,2,2,2,3,3,3,3,2,4),(-2.53206829884383E-15,0.124779602790311,0.249657344996656,0.37432036486394,0.499071306276026,0.624071151087446,0.749737987868948,0.875090365561302,0.937444645604503,1.0),.UNSPECIFIED.);
#12021=VERTEX_POINT('',#13437);
#12022=VERTEX_POINT('',#13438);
#12023=LINE('',#13439,#13440);
#12024=VERTEX_POINT('',#13441);
#12025=CIRCLE('',#13442,1.475);
#12026=VERTEX_POINT('',#13443);
#12027=LINE('',#13444,#13445);
#12028=CIRCLE('',#13446,1.475);
#12029=VERTEX_POINT('',#13447);
#12030=VERTEX_POINT('',#13448);
#12031=LINE('',#13449,#13450);
#12032=VERTEX_POINT('',#13451);
#12033=CIRCLE('',#13452,1.48);
#12034=VERTEX_POINT('',#13453);
#12035=LINE('',#13454,#13455);
#12036=CIRCLE('',#13456,1.48);
#12037=VERTEX_POINT('',#13457);
#12038=LINE('',#13458,#13459);
#12039=VERTEX_POINT('',#13460);
#12040=CIRCLE('',#13461,0.944540591269189);
#12041=B_SPLINE_CURVE_WITH_KNOTS('',3,(#13462,#13463,#13464,#13465,#13466,#13467,#13468,#13469,#13470,#13471,#13472,#13473,#13474,#13475),.UNSPECIFIED.,.F.,.F.,(4,2,2,2,2,2,4),(5.31742536699197E-12,0.124995315636775,0.250004518249465,0.375023488007282,0.500042700265118,0.75002933980538,0.999999999999728),.UNSPECIFIED.);
#12042=VERTEX_POINT('',#13476);
#12043=CIRCLE('',#13477,0.2);
#12044=VERTEX_POINT('',#13478);
#12045=CIRCLE('',#13479,0.944540591269189);
#12046=VERTEX_POINT('',#13480);
#12047=B_SPLINE_CURVE_WITH_KNOTS('',3,(#13481,#13482,#13483,#13484,#13485,#13486,#13487,#13488,#13489,#13490,#13491,#13492,#13493,#13494,#13495,#13496,#13497,#13498,#13499,#13500,#13501,#13502,#13503,#13504),.UNSPECIFIED.,.F.,.F.,(4,2,3,3,3,3,2,2,2,4),(0.0,0.0625538082476024,0.124908535641287,0.250262662404667,0.375929080625009,0.500926487660943,0.625677903485885,0.750340803620353,0.875219910686544,1.0),.UNSPECIFIED.);
#12048=CIRCLE('',#13505,0.78071018241139);
#12049=VERTEX_POINT('',#13506);
#12050=VERTEX_POINT('',#13507);
#12051=LINE('',#13508,#13509);
#12052=VERTEX_POINT('',#13510);
#12053=CIRCLE('',#13511,0.4);
#12054=VERTEX_POINT('',#13512);
#12055=LINE('',#13513,#13514);
#12056=CIRCLE('',#13515,0.4);
#12057=VERTEX_POINT('',#13516);
#12058=VERTEX_POINT('',#13517);
#12059=LINE('',#13518,#13519);
#12060=VERTEX_POINT('',#13520);
#12061=CIRCLE('',#13521,0.4);
#12062=VERTEX_POINT('',#13522);
#12063=LINE('',#13523,#13524);
#12064=CIRCLE('',#13525,0.4);
#12065=VERTEX_POINT('',#13526);
#12066=VERTEX_POINT('',#13527);
#12067=LINE('',#13528,#13529);
#12068=VERTEX_POINT('',#13530);
#12069=CIRCLE('',#13531,1.475);
#12070=VERTEX_POINT('',#13532);
#12071=LINE('',#13533,#13534);
#12072=CIRCLE('',#13535,1.475);
#12073=VERTEX_POINT('',#13536);
#12074=VERTEX_POINT('',#13537);
#12075=CIRCLE('',#13538,0.2);
#12076=VERTEX_POINT('',#13539);
#12077=CIRCLE('',#13540,0.944540591269194);
#12078=VERTEX_POINT('',#13541);
#12079=B_SPLINE_CURVE_WITH_KNOTS('',3,(#13542,#13543,#13544,#13545,#13546,#13547,#13548,#13549,#13550,#13551,#13552,#13553,#13554,#13555,#13556,#13557,#13558,#13559,#13560,#13561,#13562,#13563,#13564,#13565),.UNSPECIFIED.,.F.,.F.,(4,2,2,2,3,3,3,3,2,4),(-1.36795100962205E-15,0.124780089336703,0.249659196385748,0.374322096513679,0.49907351233872,0.624070919374724,0.74973733759515,0.87509146435864,0.937446191752355,1.00000000001199),.UNSPECIFIED.);
#12080=CIRCLE('',#13566,0.780710182411395);
#12081=VERTEX_POINT('',#13567);
#12082=VERTEX_POINT('',#13568);
#12083=LINE('',#13569,#13570);
#12084=VERTEX_POINT('',#13571);
#12085=CIRCLE('',#13572,1.48);
#12086=VERTEX_POINT('',#13573);
#12087=LINE('',#13574,#13575);
#12088=CIRCLE('',#13576,1.48);
#12089=LINE('',#13577,#13578);
#12090=VERTEX_POINT('',#13579);
#12091=CIRCLE('',#13580,0.944540591269194);
#12092=B_SPLINE_CURVE_WITH_KNOTS('',3,(#13581,#13582,#13583,#13584,#13585,#13586,#13587,#13588,#13589,#13590,#13591,#13592,#13593,#13594),.UNSPECIFIED.,.F.,.F.,(4,2,2,2,2,2,4),(2.76426281771408E-11,0.249970660195025,0.49995729973533,0.624976511993069,0.749995481750722,0.87500468436339,0.999999999919407),.UNSPECIFIED.);
#12093=VERTEX_POINT('',#13595);
#12094=VERTEX_POINT('',#13596);
#12095=LINE('',#13597,#13598);
#12096=VERTEX_POINT('',#13599);
#12097=CIRCLE('',#13600,0.944540591269182);
#12098=VERTEX_POINT('',#13601);
#12099=B_SPLINE_CURVE_WITH_KNOTS('',3,(#13602,#13603,#13604,#13605,#13606,#13607,#13608,#13609,#13610,#13611,#13612,#13613,#13614,#13615),.UNSPECIFIED.,.F.,.F.,(4,2,2,2,2,2,4),(1.13019126851709E-11,0.249970660194888,0.499957299735059,0.624976511992702,0.74999548175051,0.875004684363246,1.0),.UNSPECIFIED.);
#12100=CIRCLE('',#13616,1.48);
#12101=VERTEX_POINT('',#13617);
#12102=CIRCLE('',#13618,0.2);
#12103=VERTEX_POINT('',#13619);
#12104=CIRCLE('',#13620,0.780710182411379);
#12105=B_SPLINE_CURVE_WITH_KNOTS('',3,(#13621,#13622,#13623,#13624,#13625,#13626,#13627,#13628,#13629,#13630,#13631,#13632,#13633,#13634,#13635,#13636,#13637,#13638,#13639,#13640,#13641,#13642,#13643,#13644),.UNSPECIFIED.,.F.,.F.,(4,2,2,2,3,3,3,3,2,4),(-8.756375847961E-14,0.124779602790284,0.249657344996638,0.374320364863937,0.499071306276014,0.624071151087435,0.749737987868952,0.87509036556131,0.937444645604503,1.00000000000011),.UNSPECIFIED.);
#12106=VERTEX_POINT('',#13645);
#12107=LINE('',#13646,#13647);
#12108=VERTEX_POINT('',#13648);
#12109=LINE('',#13649,#13650);
#12110=CIRCLE('',#13651,1.48);
#12111=VERTEX_POINT('',#13652);
#12112=VERTEX_POINT('',#13653);
#12113=LINE('',#13654,#13655);
#12114=VERTEX_POINT('',#13656);
#12115=CIRCLE('',#13657,1.475);
#12116=VERTEX_POINT('',#13658);
#12117=LINE('',#13659,#13660);
#12118=CIRCLE('',#13661,1.475);
#12119=VERTEX_POINT('',#13662);
#12120=VERTEX_POINT('',#13663);
#12121=LINE('',#13664,#13665);
#12122=VERTEX_POINT('',#13666);
#12123=LINE('',#13667,#13668);
#12124=VERTEX_POINT('',#13669);
#12125=LINE('',#13670,#13671);
#12126=VERTEX_POINT('',#13672);
#12127=LINE('',#13673,#13674);
#12128=VERTEX_POINT('',#13675);
#12129=LINE('',#13676,#13677);
#12130=VERTEX_POINT('',#13678);
#12131=LINE('',#13679,#13680);
#12132=VERTEX_POINT('',#13681);
#12133=LINE('',#13682,#13683);
#12134=VERTEX_POINT('',#13684);
#12135=LINE('',#13685,#13686);
#12136=VERTEX_POINT('',#13687);
#12137=LINE('',#13688,#13689);
#12138=VERTEX_POINT('',#13690);
#12139=LINE('',#13691,#13692);
#12140=VERTEX_POINT('',#13693);
#12141=LINE('',#13694,#13695);
#12142=VERTEX_POINT('',#13696);
#12143=LINE('',#13697,#13698);
#12144=LINE('',#13699,#13700);
#12145=VERTEX_POINT('',#13701);
#12146=VERTEX_POINT('',#13702);
#12147=CIRCLE('',#13703,0.8);
#12148=VERTEX_POINT('',#13704);
#12149=LINE('',#13705,#13706);
#12150=VERTEX_POINT('',#13707);
#12151=LINE('',#13708,#13709);
#12152=VERTEX_POINT('',#13710);
#12153=LINE('',#13711,#13712);
#12154=VERTEX_POINT('',#13713);
#12155=CIRCLE('',#13714,0.8);
#12156=LINE('',#13715,#13716);
#12157=VERTEX_POINT('',#13717);
#12158=VERTEX_POINT('',#13718);
#12159=CIRCLE('',#13719,0.8);
#12160=VERTEX_POINT('',#13720);
#12161=LINE('',#13721,#13722);
#12162=VERTEX_POINT('',#13723);
#12163=CIRCLE('',#13724,0.8);
#12164=VERTEX_POINT('',#13725);
#12165=LINE('',#13726,#13727);
#12166=VERTEX_POINT('',#13728);
#12167=CIRCLE('',#13729,0.8);
#12168=VERTEX_POINT('',#13730);
#12169=LINE('',#13731,#13732);
#12170=VERTEX_POINT('',#13733);
#12171=CIRCLE('',#13734,0.8);
#12172=LINE('',#13735,#13736);
#12173=VERTEX_POINT('',#13737);
#12174=VERTEX_POINT('',#13738);
#12175=CIRCLE('',#13739,0.8);
#12176=VERTEX_POINT('',#13740);
#12177=LINE('',#13741,#13742);
#12178=VERTEX_POINT('',#13743);
#12179=LINE('',#13744,#13745);
#12180=VERTEX_POINT('',#13746);
#12181=LINE('',#13747,#13748);
#12182=LINE('',#13749,#13750);
#12183=VERTEX_POINT('',#13751);
#12184=VERTEX_POINT('',#13752);
#12185=CIRCLE('',#13753,0.8);
#12186=VERTEX_POINT('',#13754);
#12187=LINE('',#13755,#13756);
#12188=VERTEX_POINT('',#13757);
#12189=CIRCLE('',#13758,0.8);
#12190=VERTEX_POINT('',#13759);
#12191=LINE('',#13760,#13761);
#12192=VERTEX_POINT('',#13762);
#12193=LINE('',#13763,#13764);
#12194=LINE('',#13765,#13766);
#12195=VERTEX_POINT('',#13767);
#12196=VERTEX_POINT('',#13768);
#12197=CIRCLE('',#13769,0.8);
#12198=VERTEX_POINT('',#13770);
#12199=LINE('',#13771,#13772);
#12200=VERTEX_POINT('',#13773);
#12201=CIRCLE('',#13774,0.8);
#12202=VERTEX_POINT('',#13775);
#12203=LINE('',#13776,#13777);
#12204=VERTEX_POINT('',#13778);
#12205=LINE('',#13779,#13780);
#12206=LINE('',#13781,#13782);
#12207=VERTEX_POINT('',#13783);
#12208=VERTEX_POINT('',#13784);
#12209=LINE('',#13785,#13786);
#12210=VERTEX_POINT('',#13787);
#12211=LINE('',#13788,#13789);
#12212=VERTEX_POINT('',#13790);
#12213=CIRCLE('',#13791,0.8);
#12214=VERTEX_POINT('',#13792);
#12215=LINE('',#13793,#13794);
#12216=VERTEX_POINT('',#13795);
#12217=CIRCLE('',#13796,0.8);
#12218=VERTEX_POINT('',#13797);
#12219=LINE('',#13798,#13799);
#12220=CIRCLE('',#13800,0.8);
#12221=VERTEX_POINT('',#13801);
#12222=VERTEX_POINT('',#13802);
#12223=CIRCLE('',#13803,0.8);
#12224=VERTEX_POINT('',#13804);
#12225=LINE('',#13805,#13806);
#12226=VERTEX_POINT('',#13807);
#12227=LINE('',#13808,#13809);
#12228=VERTEX_POINT('',#13810);
#12229=LINE('',#13811,#13812);
#12230=VERTEX_POINT('',#13813);
#12231=CIRCLE('',#13814,0.8);
#12232=LINE('',#13815,#13816);
#12233=VERTEX_POINT('',#13817);
#12234=VERTEX_POINT('',#13818);
#12235=LINE('',#13819,#13820);
#12236=VERTEX_POINT('',#13821);
#12237=LINE('',#13822,#13823);
#12238=VERTEX_POINT('',#13824);
#12239=CIRCLE('',#13825,0.8);
#12240=VERTEX_POINT('',#13826);
#12241=LINE('',#13827,#13828);
#12242=LINE('',#13829,#13830);
#12243=VERTEX_POINT('',#13831);
#12244=VERTEX_POINT('',#13832);
#12245=LINE('',#13833,#13834);
#12246=VERTEX_POINT('',#13835);
#12247=CIRCLE('',#13836,0.8);
#12248=VERTEX_POINT('',#13837);
#12249=LINE('',#13838,#13839);
#12250=VERTEX_POINT('',#13840);
#12251=CIRCLE('',#13841,0.8);
#12252=VERTEX_POINT('',#13842);
#12253=LINE('',#13843,#13844);
#12254=VERTEX_POINT('',#13845);
#12255=CIRCLE('',#13846,0.8);
#12256=VERTEX_POINT('',#13847);
#12257=LINE('',#13848,#13849);
#12258=CIRCLE('',#13850,0.8);
#12259=VERTEX_POINT('',#13851);
#12260=VERTEX_POINT('',#13852);
#12261=LINE('',#13853,#13854);
#12262=VERTEX_POINT('',#13855);
#12263=LINE('',#13856,#13857);
#12264=VERTEX_POINT('',#13858);
#12265=CIRCLE('',#13859,0.8);
#12266=VERTEX_POINT('',#13860);
#12267=LINE('',#13861,#13862);
#12268=VERTEX_POINT('',#13863);
#12269=CIRCLE('',#13864,0.8);
#12270=LINE('',#13865,#13866);
#12271=VERTEX_POINT('',#13867);
#12272=VERTEX_POINT('',#13868);
#12273=CIRCLE('',#13869,0.2);
#12274=VERTEX_POINT('',#13870);
#12275=LINE('',#13871,#13872);
#12276=VERTEX_POINT('',#13873);
#12277=CIRCLE('',#13874,0.4);
#12278=VERTEX_POINT('',#13875);
#12279=LINE('',#13876,#13877);
#12280=CIRCLE('',#13878,0.4);
#12281=VERTEX_POINT('',#13879);
#12282=LINE('',#13880,#13881);
#12283=CIRCLE('',#13882,0.4);
#12284=VERTEX_POINT('',#13883);
#12285=LINE('',#13884,#13885);
#12286=VERTEX_POINT('',#13886);
#12287=CIRCLE('',#13887,0.4);
#12288=VERTEX_POINT('',#13888);
#12289=LINE('',#13889,#13890);
#12290=VERTEX_POINT('',#13891);
#12291=LINE('',#13892,#13893);
#12292=VERTEX_POINT('',#13894);
#12293=LINE('',#13895,#13896);
#12294=VERTEX_POINT('',#13897);
#12295=LINE('',#13898,#13899);
#12296=VERTEX_POINT('',#13900);
#12297=LINE('',#13901,#13902);
#12298=VERTEX_POINT('',#13903);
#12299=LINE('',#13904,#13905);
#12300=VERTEX_POINT('',#13906);
#12301=LINE('',#13907,#13908);
#12302=VERTEX_POINT('',#13909);
#12303=CIRCLE('',#13910,0.8);
#12304=VERTEX_POINT('',#13911);
#12305=LINE('',#13912,#13913);
#12306=VERTEX_POINT('',#13914);
#12307=CIRCLE('',#13915,0.8);
#12308=VERTEX_POINT('',#13916);
#12309=LINE('',#13917,#13918);
#12310=VERTEX_POINT('',#13919);
#12311=CIRCLE('',#13920,0.8);
#12312=VERTEX_POINT('',#13921);
#12313=LINE('',#13922,#13923);
#12314=VERTEX_POINT('',#13924);
#12315=CIRCLE('',#13925,0.8);
#12316=VERTEX_POINT('',#13926);
#12317=LINE('',#13927,#13928);
#12318=VERTEX_POINT('',#13929);
#12319=CIRCLE('',#13930,0.8);
#12320=VERTEX_POINT('',#13931);
#12321=LINE('',#13932,#13933);
#12322=VERTEX_POINT('',#13934);
#12323=CIRCLE('',#13935,0.8);
#12324=VERTEX_POINT('',#13936);
#12325=LINE('',#13937,#13938);
#12326=VERTEX_POINT('',#13939);
#12327=CIRCLE('',#13940,0.8);
#12328=VERTEX_POINT('',#13941);
#12329=LINE('',#13942,#13943);
#12330=VERTEX_POINT('',#13944);
#12331=CIRCLE('',#13945,0.8);
#12332=VERTEX_POINT('',#13946);
#12333=LINE('',#13947,#13948);
#12334=VERTEX_POINT('',#13949);
#12335=LINE('',#13950,#13951);
#12336=VERTEX_POINT('',#13952);
#12337=LINE('',#13953,#13954);
#12338=VERTEX_POINT('',#13955);
#12339=LINE('',#13956,#13957);
#12340=VERTEX_POINT('',#13958);
#12341=LINE('',#13959,#13960);
#12342=VERTEX_POINT('',#13961);
#12343=LINE('',#13962,#13963);
#12344=VERTEX_POINT('',#13964);
#12345=LINE('',#13965,#13966);
#12346=VERTEX_POINT('',#13967);
#12347=CIRCLE('',#13968,0.4);
#12348=VERTEX_POINT('',#13969);
#12349=LINE('',#13970,#13971);
#12350=VERTEX_POINT('',#13972);
#12351=CIRCLE('',#13973,0.4);
#12352=LINE('',#13974,#13975);
#12353=VERTEX_POINT('',#13976);
#12354=VERTEX_POINT('',#13977);
#12355=LINE('',#13978,#13979);
#12356=VERTEX_POINT('',#13980);
#12357=LINE('',#13981,#13982);
#12358=VERTEX_POINT('',#13983);
#12359=LINE('',#13984,#13985);
#12360=VERTEX_POINT('',#13986);
#12361=LINE('',#13987,#13988);
#12362=VERTEX_POINT('',#13989);
#12363=LINE('',#13990,#13991);
#12364=LINE('',#13992,#13993);
#12365=VERTEX_POINT('',#13994);
#12366=LINE('',#13995,#13996);
#12367=VERTEX_POINT('',#13997);
#12368=LINE('',#13998,#13999);
#12369=LINE('',#14000,#14001);
#12370=VERTEX_POINT('',#14002);
#12371=LINE('',#14003,#14004);
#12372=LINE('',#14005,#14006);
#12373=VERTEX_POINT('',#14007);
#12374=LINE('',#14008,#14009);
#12375=LINE('',#14010,#14011);
#12376=VERTEX_POINT('',#14012);
#12377=LINE('',#14013,#14014);
#12378=LINE('',#14015,#14016);
#12379=VERTEX_POINT('',#14017);
#12380=LINE('',#14018,#14019);
#12381=LINE('',#14020,#14021);
#12382=LINE('',#14022,#14023);
#12383=VERTEX_POINT('',#14024);
#12384=VERTEX_POINT('',#14025);
#12385=LINE('',#14026,#14027);
#12386=LINE('',#14028,#14029);
#12387=LINE('',#14030,#14031);
#12388=VERTEX_POINT('',#14032);
#12389=LINE('',#14033,#14034);
#12390=LINE('',#14035,#14036);
#12391=VERTEX_POINT('',#14037);
#12392=LINE('',#14038,#14039);
#12393=LINE('',#14040,#14041);
#12394=VERTEX_POINT('',#14042);
#12395=LINE('',#14043,#14044);
#12396=LINE('',#14045,#14046);
#12397=VERTEX_POINT('',#14047);
#12398=LINE('',#14048,#14049);
#12399=LINE('',#14050,#14051);
#12400=LINE('',#14052,#14053);
#12401=VERTEX_POINT('',#14054);
#12402=VERTEX_POINT('',#14055);
#12403=LINE('',#14056,#14057);
#12404=VERTEX_POINT('',#14058);
#12405=LINE('',#14059,#14060);
#12406=VERTEX_POINT('',#14061);
#12407=LINE('',#14062,#14063);
#12408=LINE('',#14064,#14065);
#12409=VERTEX_POINT('',#14066);
#12410=LINE('',#14067,#14068);
#12411=VERTEX_POINT('',#14069);
#12412=LINE('',#14070,#14071);
#12413=LINE('',#14072,#14073);
#12414=VERTEX_POINT('',#14074);
#12415=LINE('',#14075,#14076);
#12416=VERTEX_POINT('',#14077);
#12417=LINE('',#14078,#14079);
#12418=LINE('',#14080,#14081);
#12419=VERTEX_POINT('',#14082);
#12420=LINE('',#14083,#14084);
#12421=VERTEX_POINT('',#14085);
#12422=LINE('',#14086,#14087);
#12423=LINE('',#14088,#14089);
#12424=VERTEX_POINT('',#14090);
#12425=LINE('',#14091,#14092);
#12426=VERTEX_POINT('',#14093);
#12427=LINE('',#14094,#14095);
#12428=LINE('',#14096,#14097);
#12429=LINE('',#14098,#14099);
#12430=LINE('',#14100,#14101);
#12431=VERTEX_POINT('',#14102);
#12432=VERTEX_POINT('',#14103);
#12433=LINE('',#14104,#14105);
#12434=LINE('',#14106,#14107);
#12435=LINE('',#14108,#14109);
#12436=VERTEX_POINT('',#14110);
#12437=VERTEX_POINT('',#14111);
#12438=LINE('',#14112,#14113);
#12439=LINE('',#14114,#14115);
#12440=LINE('',#14116,#14117);
#12441=VERTEX_POINT('',#14118);
#12442=LINE('',#14119,#14120);
#12443=LINE('',#14121,#14122);
#12444=LINE('',#14123,#14124);
#12445=VERTEX_POINT('',#14125);
#12446=LINE('',#14126,#14127);
#12447=LINE('',#14128,#14129);
#12448=LINE('',#14130,#14131);
#12449=VERTEX_POINT('',#14132);
#12450=LINE('',#14133,#14134);
#12451=VERTEX_POINT('',#14135);
#12452=LINE('',#14136,#14137);
#12453=CIRCLE('',#14138,0.4);
#12454=VERTEX_POINT('',#14139);
#12455=VERTEX_POINT('',#14140);
#12456=LINE('',#14141,#14142);
#12457=LINE('',#14143,#14144);
#12458=LINE('',#14145,#14146);
#12459=VERTEX_POINT('',#14147);
#12460=LINE('',#14148,#14149);
#12461=VERTEX_POINT('',#14150);
#12462=LINE('',#14151,#14152);
#12463=LINE('',#14153,#14154);
#12464=VERTEX_POINT('',#14155);
#12465=LINE('',#14156,#14157);
#12466=LINE('',#14158,#14159);
#12467=VERTEX_POINT('',#14160);
#12468=LINE('',#14161,#14162);
#12469=VERTEX_POINT('',#14163);
#12470=CIRCLE('',#14164,0.4);
#12471=LINE('',#14165,#14166);
#12472=VERTEX_POINT('',#14167);
#12473=VERTEX_POINT('',#14168);
#12474=LINE('',#14169,#14170);
#12475=VERTEX_POINT('',#14171);
#12476=LINE('',#14172,#14173);
#12477=VERTEX_POINT('',#14174);
#12478=LINE('',#14175,#14176);
#12479=LINE('',#14177,#14178);
#12480=VERTEX_POINT('',#14179);
#12481=LINE('',#14180,#14181);
#12482=VERTEX_POINT('',#14182);
#12483=LINE('',#14183,#14184);
#12484=LINE('',#14185,#14186);
#12485=VERTEX_POINT('',#14187);
#12486=VERTEX_POINT('',#14188);
#12487=LINE('',#14189,#14190);
#12488=VERTEX_POINT('',#14191);
#12489=LINE('',#14192,#14193);
#12490=VERTEX_POINT('',#14194);
#12491=CIRCLE('',#14195,0.8);
#12492=VERTEX_POINT('',#14196);
#12493=LINE('',#14197,#14198);
#12494=VERTEX_POINT('',#14199);
#12495=CIRCLE('',#14200,0.8);
#12496=LINE('',#14201,#14202);
#12497=VERTEX_POINT('',#14203);
#12498=LINE('',#14204,#14205);
#12499=LINE('',#14206,#14207);
#12500=VERTEX_POINT('',#14208);
#12501=LINE('',#14209,#14210);
#12502=VERTEX_POINT('',#14211);
#12503=LINE('',#14212,#14213);
#12504=LINE('',#14214,#14215);
#12505=VERTEX_POINT('',#14216);
#12506=VERTEX_POINT('',#14217);
#12507=LINE('',#14218,#14219);
#12508=LINE('',#14220,#14221);
#12509=VERTEX_POINT('',#14222);
#12510=CIRCLE('',#14223,0.780710182411379);
#12511=LINE('',#14224,#14225);
#12512=VERTEX_POINT('',#14226);
#12513=VERTEX_POINT('',#14227);
#12514=LINE('',#14228,#14229);
#12515=ELLIPSE('',#14230,0.282842712474619,0.2);
#12516=B_SPLINE_CURVE_WITH_KNOTS('',3,(#14231,#14232,#14233,#14234,#14235,#14236,#14237,#14238,#14239,#14240,#14241,#14242,#14243,#14244,#14245,#14246,#14247,#14248,#14249,#14250,#14251,#14252,#14253,#14254),.UNSPECIFIED.,.F.,.F.,(4,2,3,3,3,3,2,2,2,4),(-1.40956783315556E-15,0.0625538082475971,0.124908535641274,0.250262662404661,0.375929080625001,0.500926487660936,0.625677903485887,0.750340803620335,0.875219910686508,1.0),.UNSPECIFIED.);
#12517=VERTEX_POINT('',#14255);
#12518=VERTEX_POINT('',#14256);
#12519=LINE('',#14257,#14258);
#12520=LINE('',#14259,#14260);
#12521=VERTEX_POINT('',#14261);
#12522=LINE('',#14262,#14263);
#12523=VERTEX_POINT('',#14264);
#12524=LINE('',#14265,#14266);
#12525=LINE('',#14267,#14268);
#12526=VERTEX_POINT('',#14269);
#12527=LINE('',#14270,#14271);
#12528=VERTEX_POINT('',#14272);
#12529=ELLIPSE('',#14273,0.244154917752291,0.2);
#12530=LINE('',#14274,#14275);
#12531=VERTEX_POINT('',#14276);
#12532=VERTEX_POINT('',#14277);
#12533=LINE('',#14278,#14279);
#12534=VERTEX_POINT('',#14280);
#12535=LINE('',#14281,#14282);
#12536=VERTEX_POINT('',#14283);
#12537=LINE('',#14284,#14285);
#12538=VERTEX_POINT('',#14286);
#12539=LINE('',#14287,#14288);
#12540=LINE('',#14289,#14290);
#12541=VERTEX_POINT('',#14291);
#12542=LINE('',#14292,#14293);
#12543=VERTEX_POINT('',#14294);
#12544=LINE('',#14295,#14296);
#12545=LINE('',#14297,#14298);
#12546=LINE('',#14299,#14300);
#12547=VERTEX_POINT('',#14301);
#12548=LINE('',#14302,#14303);
#12549=VERTEX_POINT('',#14304);
#12550=LINE('',#14305,#14306);
#12551=LINE('',#14307,#14308);
#12552=VERTEX_POINT('',#14309);
#12553=LINE('',#14310,#14311);
#12554=LINE('',#14312,#14313);
#12555=VERTEX_POINT('',#14314);
#12556=LINE('',#14315,#14316);
#12557=LINE('',#14317,#14318);
#12558=LINE('',#14319,#14320);
#12559=LINE('',#14321,#14322);
#12560=VERTEX_POINT('',#14323);
#12561=LINE('',#14324,#14325);
#12562=VERTEX_POINT('',#14326);
#12563=LINE('',#14327,#14328);
#12564=LINE('',#14329,#14330);
#12565=VERTEX_POINT('',#14331);
#12566=LINE('',#14332,#14333);
#12567=LINE('',#14334,#14335);
#12568=VERTEX_POINT('',#14336);
#12569=LINE('',#14337,#14338);
#12570=VERTEX_POINT('',#14339);
#12571=LINE('',#14340,#14341);
#12572=VERTEX_POINT('',#14342);
#12573=LINE('',#14343,#14344);
#12574=LINE('',#14345,#14346);
#12575=LINE('',#14347,#14348);
#12576=LINE('',#14349,#14350);
#12577=VERTEX_POINT('',#14351);
#12578=VERTEX_POINT('',#14352);
#12579=LINE('',#14353,#14354);
#12580=VERTEX_POINT('',#14355);
#12581=LINE('',#14356,#14357);
#12582=VERTEX_POINT('',#14358);
#12583=LINE('',#14359,#14360);
#12584=LINE('',#14361,#14362);
#12585=VERTEX_POINT('',#14363);
#12586=VERTEX_POINT('',#14364);
#12587=LINE('',#14365,#14366);
#12588=VERTEX_POINT('',#14367);
#12589=LINE('',#14368,#14369);
#12590=VERTEX_POINT('',#14370);
#12591=LINE('',#14371,#14372);
#12592=LINE('',#14373,#14374);
#12593=VERTEX_POINT('',#14375);
#12594=LINE('',#14376,#14377);
#12595=VERTEX_POINT('',#14378);
#12596=LINE('',#14379,#14380);
#12597=VERTEX_POINT('',#14381);
#12598=LINE('',#14382,#14383);
#12599=LINE('',#14384,#14385);
#12600=VERTEX_POINT('',#14386);
#12601=LINE('',#14387,#14388);
#12602=VERTEX_POINT('',#14389);
#12603=LINE('',#14390,#14391);
#12604=VERTEX_POINT('',#14392);
#12605=LINE('',#14393,#14394);
#12606=LINE('',#14395,#14396);
#12607=VERTEX_POINT('',#14397);
#12608=LINE('',#14398,#14399);
#12609=LINE('',#14400,#14401);
#12610=VERTEX_POINT('',#14402);
#12611=LINE('',#14403,#14404);
#12612=LINE('',#14405,#14406);
#12613=VERTEX_POINT('',#14407);
#12614=LINE('',#14408,#14409);
#12615=VERTEX_POINT('',#14410);
#12616=LINE('',#14411,#14412);
#12617=VERTEX_POINT('',#14413);
#12618=LINE('',#14414,#14415);
#12619=LINE('',#14416,#14417);
#12620=LINE('',#14418,#14419);
#12621=VERTEX_POINT('',#14420);
#12622=LINE('',#14421,#14422);
#12623=VERTEX_POINT('',#14423);
#12624=LINE('',#14424,#14425);
#12625=LINE('',#14426,#14427);
#12626=VERTEX_POINT('',#14428);
#12627=LINE('',#14429,#14430);
#12628=VERTEX_POINT('',#14431);
#12629=LINE('',#14432,#14433);
#12630=LINE('',#14434,#14435);
#12631=LINE('',#14436,#14437);
#12632=LINE('',#14438,#14439);
#12633=VERTEX_POINT('',#14440);
#12634=LINE('',#14441,#14442);
#12635=VERTEX_POINT('',#14443);
#12636=LINE('',#14444,#14445);
#12637=LINE('',#14446,#14447);
#12638=LINE('',#14448,#14449);
#12639=VERTEX_POINT('',#14450);
#12640=LINE('',#14451,#14452);
#12641=LINE('',#14453,#14454);
#12642=LINE('',#14455,#14456);
#12643=LINE('',#14457,#14458);
#12644=CIRCLE('',#14459,1.475);
#12645=CIRCLE('',#14460,1.475);
#12646=CIRCLE('',#14461,1.48);
#12647=CIRCLE('',#14462,1.48);
#12648=ELLIPSE('',#14463,0.244154917752291,0.2);
#12649=ELLIPSE('',#14464,0.282842712474619,0.2);
#12650=CIRCLE('',#14465,0.944540591269182);
#12651=B_SPLINE_CURVE_WITH_KNOTS('',3,(#14466,#14467,#14468,#14469,#14470,#14471,#14472,#14473,#14474,#14475,#14476,#14477,#14478,#14479),.UNSPECIFIED.,.F.,.F.,(4,2,2,2,2,2,4),(2.59378757253906E-14,0.124995315636601,0.250004518249194,0.375023488007148,0.50004270026517,0.750029339805217,1.00000000000599),.UNSPECIFIED.);
#12652=VERTEX_POINT('',#14480);
#12653=LINE('',#14481,#14482);
#12654=LINE('',#14483,#14484);
#12655=LINE('',#14485,#14486);
#12656=LINE('',#14487,#14488);
#12657=VERTEX_POINT('',#14489);
#12658=LINE('',#14490,#14491);
#12659=VERTEX_POINT('',#14492);
#12660=LINE('',#14493,#14494);
#12661=LINE('',#14495,#14496);
#12662=VERTEX_POINT('',#14497);
#12663=CIRCLE('',#14498,1.48);
#12664=B_SPLINE_CURVE_WITH_KNOTS('',3,(#14499,#14500,#14501,#14502,#14503,#14504,#14505,#14506,#14507,#14508,#14509,#14510,#14511,#14512),.UNSPECIFIED.,.F.,.F.,(4,2,2,2,2,2,4),(2.6688666566851E-12,0.125003463859417,0.249985322581454,0.374977296978396,0.499979948120641,0.750003819860383,0.999999999986276),.UNSPECIFIED.);
#12665=VERTEX_POINT('',#14513);
#12666=LINE('',#14514,#14515);
#12667=VERTEX_POINT('',#14516);
#12668=ELLIPSE('',#14517,0.244154917752291,0.2);
#12669=VERTEX_POINT('',#14518);
#12670=LINE('',#14519,#14520);
#12671=LINE('',#14521,#14522);
#12672=VERTEX_POINT('',#14523);
#12673=CIRCLE('',#14524,1.48);
#12674=LINE('',#14525,#14526);
#12675=LINE('',#14527,#14528);
#12676=VERTEX_POINT('',#14529);
#12677=CIRCLE('',#14530,1.475);
#12678=LINE('',#14531,#14532);
#12679=VERTEX_POINT('',#14533);
#12680=LINE('',#14534,#14535);
#12681=LINE('',#14536,#14537);
#12682=VERTEX_POINT('',#14538);
#12683=VERTEX_POINT('',#14539);
#12684=LINE('',#14540,#14541);
#12685=VERTEX_POINT('',#14542);
#12686=LINE('',#14543,#14544);
#12687=LINE('',#14545,#14546);
#12688=LINE('',#14547,#14548);
#12689=VERTEX_POINT('',#14549);
#12690=LINE('',#14550,#14551);
#12691=VERTEX_POINT('',#14552);
#12692=LINE('',#14553,#14554);
#12693=ELLIPSE('',#14555,0.244154917752291,0.2);
#12694=VERTEX_POINT('',#14556);
#12695=VERTEX_POINT('',#14557);
#12696=LINE('',#14558,#14559);
#12697=ELLIPSE('',#14560,0.282842712474619,0.2);
#12698=LINE('',#14561,#14562);
#12699=ELLIPSE('',#14563,0.282842712474619,0.2);
#12700=LINE('',#14564,#14565);
#12701=VERTEX_POINT('',#14566);
#12702=CIRCLE('',#14567,0.780710182411395);
#12703=B_SPLINE_CURVE_WITH_KNOTS('',3,(#14568,#14569,#14570,#14571,#14572,#14573,#14574,#14575,#14576,#14577,#14578,#14579,#14580,#14581,#14582,#14583,#14584,#14585,#14586,#14587,#14588,#14589,#14590,#14591),.UNSPECIFIED.,.F.,.F.,(4,2,3,3,3,3,2,2,2,4),(0.0,0.0625553543955872,0.124909634438877,0.250262012131398,0.375928848913059,0.50092869372463,0.625679635136872,0.750342654992084,0.875220397166176,1.0),.UNSPECIFIED.);
#12704=LINE('',#14592,#14593);
#12705=CIRCLE('',#14594,1.475);
#12706=VERTEX_POINT('',#14595);
#12707=LINE('',#14596,#14597);
#12708=VERTEX_POINT('',#14598);
#12709=LINE('',#14599,#14600);
#12710=LINE('',#14601,#14602);
#12711=VERTEX_POINT('',#14603);
#12712=LINE('',#14604,#14605);
#12713=VERTEX_POINT('',#14606);
#12714=LINE('',#14607,#14608);
#12715=VERTEX_POINT('',#14609);
#12716=LINE('',#14610,#14611);
#12717=LINE('',#14612,#14613);
#12718=LINE('',#14614,#14615);
#12719=LINE('',#14616,#14617);
#12720=VERTEX_POINT('',#14618);
#12721=LINE('',#14619,#14620);
#12722=LINE('',#14621,#14622);
#12723=LINE('',#14623,#14624);
#12724=VERTEX_POINT('',#14625);
#12725=VERTEX_POINT('',#14626);
#12726=LINE('',#14627,#14628);
#12727=VERTEX_POINT('',#14629);
#12728=LINE('',#14630,#14631);
#12729=LINE('',#14632,#14633);
#12730=CIRCLE('',#14634,1.475);
#12731=VERTEX_POINT('',#14635);
#12732=LINE('',#14636,#14637);
#12733=VERTEX_POINT('',#14638);
#12734=LINE('',#14639,#14640);
#12735=VERTEX_POINT('',#14641);
#12736=LINE('',#14642,#14643);
#12737=CIRCLE('',#14644,1.475);
#12738=VERTEX_POINT('',#14645);
#12739=VERTEX_POINT('',#14646);
#12740=LINE('',#14647,#14648);
#12741=LINE('',#14649,#14650);
#12742=VERTEX_POINT('',#14651);
#12743=LINE('',#14652,#14653);
#12744=LINE('',#14654,#14655);
#12745=LINE('',#14656,#14657);
#12746=VERTEX_POINT('',#14658);
#12747=LINE('',#14659,#14660);
#12748=CIRCLE('',#14661,0.4);
#12749=LINE('',#14662,#14663);
#12750=VERTEX_POINT('',#14664);
#12751=VERTEX_POINT('',#14665);
#12752=LINE('',#14666,#14667);
#12753=VERTEX_POINT('',#14668);
#12754=LINE('',#14669,#14670);
#12755=VERTEX_POINT('',#14671);
#12756=LINE('',#14672,#14673);
#12757=LINE('',#14674,#14675);
#12758=VERTEX_POINT('',#14676);
#12759=LINE('',#14677,#14678);
#12760=VERTEX_POINT('',#14679);
#12761=LINE('',#14680,#14681);
#12762=LINE('',#14682,#14683);
#12763=VERTEX_POINT('',#14684);
#12764=LINE('',#14685,#14686);
#12765=VERTEX_POINT('',#14687);
#12766=LINE('',#14688,#14689);
#12767=LINE('',#14690,#14691);
#12768=LINE('',#14692,#14693);
#12769=LINE('',#14694,#14695);
#12770=LINE('',#14696,#14697);
#12771=VERTEX_POINT('',#14698);
#12772=LINE('',#14699,#14700);
#12773=LINE('',#14701,#14702);
#12774=VERTEX_POINT('',#14703);
#12775=LINE('',#14704,#14705);
#12776=VERTEX_POINT('',#14706);
#12777=LINE('',#14707,#14708);
#12778=LINE('',#14709,#14710);
#12779=LINE('',#14711,#14712);
#12780=VERTEX_POINT('',#14713);
#12781=LINE('',#14714,#14715);
#12782=LINE('',#14716,#14717);
#12783=CIRCLE('',#14718,0.8);
#12784=LINE('',#14719,#14720);
#12785=LINE('',#14721,#14722);
#12786=LINE('',#14723,#14724);
#12787=LINE('',#14725,#14726);
#12788=LINE('',#14727,#14728);
#12789=LINE('',#14729,#14730);
#12790=VERTEX_POINT('',#14731);
#12791=LINE('',#14732,#14733);
#12792=VERTEX_POINT('',#14734);
#12793=LINE('',#14735,#14736);
#12794=LINE('',#14737,#14738);
#12795=VERTEX_POINT('',#14739);
#12796=LINE('',#14740,#14741);
#12797=LINE('',#14742,#14743);
#12798=CIRCLE('',#14744,0.8);
#12799=CIRCLE('',#14745,0.8);
#12800=VERTEX_POINT('',#14746);
#12801=LINE('',#14747,#14748);
#12802=VERTEX_POINT('',#14749);
#12803=LINE('',#14750,#14751);
#12804=LINE('',#14752,#14753);
#12805=CIRCLE('',#14754,0.8);
#12806=CIRCLE('',#14755,0.8);
#12807=CIRCLE('',#14756,0.8);
#12808=VERTEX_POINT('',#14757);
#12809=VERTEX_POINT('',#14758);
#12810=LINE('',#14759,#14760);
#12811=VERTEX_POINT('',#14761);
#12812=LINE('',#14762,#14763);
#12813=VERTEX_POINT('',#14764);
#12814=LINE('',#14765,#14766);
#12815=LINE('',#14767,#14768);
#12816=VERTEX_POINT('',#14769);
#12817=LINE('',#14770,#14771);
#12818=VERTEX_POINT('',#14772);
#12819=LINE('',#14773,#14774);
#12820=LINE('',#14775,#14776);
#12821=VERTEX_POINT('',#14777);
#12822=LINE('',#14778,#14779);
#12823=VERTEX_POINT('',#14780);
#12824=LINE('',#14781,#14782);
#12825=LINE('',#14783,#14784);
#12826=VERTEX_POINT('',#14785);
#12827=LINE('',#14786,#14787);
#12828=VERTEX_POINT('',#14788);
#12829=LINE('',#14789,#14790);
#12830=LINE('',#14791,#14792);
#12831=VERTEX_POINT('',#14793);
#12832=LINE('',#14794,#14795);
#12833=VERTEX_POINT('',#14796);
#12834=LINE('',#14797,#14798);
#12835=LINE('',#14799,#14800);
#12836=LINE('',#14801,#14802);
#12837=LINE('',#14803,#14804);
#12838=VERTEX_POINT('',#14805);
#12839=VERTEX_POINT('',#14806);
#12840=LINE('',#14807,#14808);
#12841=LINE('',#14809,#14810);
#12842=LINE('',#14811,#14812);
#12843=VERTEX_POINT('',#14813);
#12844=LINE('',#14814,#14815);
#12845=LINE('',#14816,#14817);
#12846=VERTEX_POINT('',#14818);
#12847=LINE('',#14819,#14820);
#12848=LINE('',#14821,#14822);
#12849=VERTEX_POINT('',#14823);
#12850=LINE('',#14824,#14825);
#12851=LINE('',#14826,#14827);
#12852=VERTEX_POINT('',#14828);
#12853=LINE('',#14829,#14830);
#12854=LINE('',#14831,#14832);
#12855=LINE('',#14833,#14834);
#12856=VERTEX_POINT('',#14835);
#12857=VERTEX_POINT('',#14836);
#12858=LINE('',#14837,#14838);
#12859=VERTEX_POINT('',#14839);
#12860=LINE('',#14840,#14841);
#12861=VERTEX_POINT('',#14842);
#12862=LINE('',#14843,#14844);
#12863=LINE('',#14845,#14846);
#12864=VERTEX_POINT('',#14847);
#12865=LINE('',#14848,#14849);
#12866=VERTEX_POINT('',#14850);
#12867=LINE('',#14851,#14852);
#12868=LINE('',#14853,#14854);
#12869=VERTEX_POINT('',#14855);
#12870=LINE('',#14856,#14857);
#12871=VERTEX_POINT('',#14858);
#12872=LINE('',#14859,#14860);
#12873=LINE('',#14861,#14862);
#12874=VERTEX_POINT('',#14863);
#12875=LINE('',#14864,#14865);
#12876=VERTEX_POINT('',#14866);
#12877=LINE('',#14867,#14868);
#12878=LINE('',#14869,#14870);
#12879=VERTEX_POINT('',#14871);
#12880=LINE('',#14872,#14873);
#12881=VERTEX_POINT('',#14874);
#12882=LINE('',#14875,#14876);
#12883=LINE('',#14877,#14878);
#12884=LINE('',#14879,#14880);
#12885=LINE('',#14881,#14882);
#12886=VERTEX_POINT('',#14883);
#12887=VERTEX_POINT('',#14884);
#12888=LINE('',#14885,#14886);
#12889=LINE('',#14887,#14888);
#12890=LINE('',#14889,#14890);
#12891=VERTEX_POINT('',#14891);
#12892=LINE('',#14892,#14893);
#12893=LINE('',#14894,#14895);
#12894=VERTEX_POINT('',#14896);
#12895=LINE('',#14897,#14898);
#12896=LINE('',#14899,#14900);
#12897=VERTEX_POINT('',#14901);
#12898=LINE('',#14902,#14903);
#12899=LINE('',#14904,#14905);
#12900=VERTEX_POINT('',#14906);
#12901=LINE('',#14907,#14908);
#12902=LINE('',#14909,#14910);
#12903=LINE('',#14911,#14912);
#12904=VERTEX_POINT('',#14913);
#12905=VERTEX_POINT('',#14914);
#12906=LINE('',#14915,#14916);
#12907=VERTEX_POINT('',#14917);
#12908=LINE('',#14918,#14919);
#12909=VERTEX_POINT('',#14920);
#12910=LINE('',#14921,#14922);
#12911=LINE('',#14923,#14924);
#12912=VERTEX_POINT('',#14925);
#12913=VERTEX_POINT('',#14926);
#12914=LINE('',#14927,#14928);
#12915=VERTEX_POINT('',#14929);
#12916=LINE('',#14930,#14931);
#12917=VERTEX_POINT('',#14932);
#12918=LINE('',#14933,#14934);
#12919=LINE('',#14935,#14936);
#12920=VERTEX_POINT('',#14937);
#12921=LINE('',#14938,#14939);
#12922=VERTEX_POINT('',#14940);
#12923=LINE('',#14941,#14942);
#12924=LINE('',#14943,#14944);
#12925=VERTEX_POINT('',#14945);
#12926=VERTEX_POINT('',#14946);
#12927=LINE('',#14947,#14948);
#12928=VERTEX_POINT('',#14949);
#12929=LINE('',#14950,#14951);
#12930=LINE('',#14952,#14953);
#12931=LINE('',#14954,#14955);
#12932=VERTEX_POINT('',#14956);
#12933=LINE('',#14957,#14958);
#12934=LINE('',#14959,#14960);
#12935=VERTEX_POINT('',#14961);
#12936=LINE('',#14962,#14963);
#12937=LINE('',#14964,#14965);
#12938=LINE('',#14966,#14967);
#12939=VERTEX_POINT('',#14968);
#12940=LINE('',#14969,#14970);
#12941=LINE('',#14971,#14972);
#12942=VERTEX_POINT('',#14973);
#12943=LINE('',#14974,#14975);
#12944=LINE('',#14976,#14977);
#12945=LINE('',#14978,#14979);
#12946=LINE('',#14980,#14981);
#12947=VERTEX_POINT('',#14982);
#12948=LINE('',#14983,#14984);
#12949=LINE('',#14985,#14986);
#12950=LINE('',#14987,#14988);
#12951=LINE('',#14989,#14990);
#12952=VERTEX_POINT('',#14991);
#12953=LINE('',#14992,#14993);
#12954=VERTEX_POINT('',#14994);
#12955=LINE('',#14995,#14996);
#12956=LINE('',#14997,#14998);
#12957=VERTEX_POINT('',#14999);
#12958=LINE('',#15000,#15001);
#12959=LINE('',#15002,#15003);
#12960=VERTEX_POINT('',#15004);
#12961=LINE('',#15005,#15006);
#12962=LINE('',#15007,#15008);
#12963=VERTEX_POINT('',#15009);
#12964=LINE('',#15010,#15011);
#12965=LINE('',#15012,#15013);
#12966=VERTEX_POINT('',#15014);
#12967=LINE('',#15015,#15016);
#12968=LINE('',#15017,#15018);
#12969=VERTEX_POINT('',#15019);
#12970=LINE('',#15020,#15021);
#12971=LINE('',#15022,#15023);
#12972=VERTEX_POINT('',#15024);
#12973=LINE('',#15025,#15026);
#12974=LINE('',#15027,#15028);
#12975=VERTEX_POINT('',#15029);
#12976=LINE('',#15030,#15031);
#12977=LINE('',#15032,#15033);
#12978=VERTEX_POINT('',#15034);
#12979=LINE('',#15035,#15036);
#12980=LINE('',#15037,#15038);
#12981=VERTEX_POINT('',#15039);
#12982=LINE('',#15040,#15041);
#12983=LINE('',#15042,#15043);
#12984=VERTEX_POINT('',#15044);
#12985=LINE('',#15045,#15046);
#12986=LINE('',#15047,#15048);
#12987=VERTEX_POINT('',#15049);
#12988=LINE('',#15050,#15051);
#12989=LINE('',#15052,#15053);
#12990=LINE('',#15054,#15055);
#12991=VERTEX_POINT('',#15056);
#12992=LINE('',#15057,#15058);
#12993=VERTEX_POINT('',#15059);
#12994=LINE('',#15060,#15061);
#12995=LINE('',#15062,#15063);
#12996=VERTEX_POINT('',#15064);
#12997=LINE('',#15065,#15066);
#12998=LINE('',#15067,#15068);
#12999=VERTEX_POINT('',#15069);
#13000=LINE('',#15070,#15071);
#13001=LINE('',#15072,#15073);
#13002=VERTEX_POINT('',#15074);
#13003=CIRCLE('',#15075,0.8);
#13004=LINE('',#15076,#15077);
#13005=VERTEX_POINT('',#15078);
#13006=LINE('',#15079,#15080);
#13007=CIRCLE('',#15081,0.8);
#13008=LINE('',#15082,#15083);
#13009=VERTEX_POINT('',#15084);
#13010=VERTEX_POINT('',#15085);
#13011=LINE('',#15086,#15087);
#13012=VERTEX_POINT('',#15088);
#13013=LINE('',#15089,#15090);
#13014=VERTEX_POINT('',#15091);
#13015=LINE('',#15092,#15093);
#13016=LINE('',#15094,#15095);
#13017=VERTEX_POINT('',#15096);
#13018=VERTEX_POINT('',#15097);
#13019=LINE('',#15098,#15099);
#13020=VERTEX_POINT('',#15100);
#13021=LINE('',#15101,#15102);
#13022=VERTEX_POINT('',#15103);
#13023=LINE('',#15104,#15105);
#13024=LINE('',#15106,#15107);
#13025=VERTEX_POINT('',#15108);
#13026=VERTEX_POINT('',#15109);
#13027=LINE('',#15110,#15111);
#13028=VERTEX_POINT('',#15112);
#13029=LINE('',#15113,#15114);
#13030=VERTEX_POINT('',#15115);
#13031=LINE('',#15116,#15117);
#13032=LINE('',#15118,#15119);
#13033=VERTEX_POINT('',#15120);
#13034=LINE('',#15121,#15122);
#13035=VERTEX_POINT('',#15123);
#13036=LINE('',#15124,#15125);
#13037=LINE('',#15126,#15127);
#13038=LINE('',#15128,#15129);
#13039=LINE('',#15130,#15131);
#13040=VERTEX_POINT('',#15132);
#13041=LINE('',#15133,#15134);
#13042=VERTEX_POINT('',#15135);
#13043=LINE('',#15136,#15137);
#13044=LINE('',#15138,#15139);
#13045=LINE('',#15140,#15141);
#13046=VERTEX_POINT('',#15142);
#13047=LINE('',#15143,#15144);
#13048=VERTEX_POINT('',#15145);
#13049=LINE('',#15146,#15147);
#13050=LINE('',#15148,#15149);
#13051=VERTEX_POINT('',#15150);
#13052=LINE('',#15151,#15152);
#13053=VERTEX_POINT('',#15153);
#13054=LINE('',#15154,#15155);
#13055=VERTEX_POINT('',#15156);
#13056=LINE('',#15157,#15158);
#13057=VERTEX_POINT('',#15159);
#13058=LINE('',#15160,#15161);
#13059=LINE('',#15162,#15163);
#13060=VERTEX_POINT('',#15164);
#13061=VERTEX_POINT('',#15165);
#13062=LINE('',#15166,#15167);
#13063=VERTEX_POINT('',#15168);
#13064=LINE('',#15169,#15170);
#13065=VERTEX_POINT('',#15171);
#13066=LINE('',#15172,#15173);
#13067=LINE('',#15174,#15175);
#13068=VERTEX_POINT('',#15176);
#13069=LINE('',#15177,#15178);
#13070=VERTEX_POINT('',#15179);
#13071=LINE('',#15180,#15181);
#13072=LINE('',#15182,#15183);
#13073=VERTEX_POINT('',#15184);
#13074=LINE('',#15185,#15186);
#13075=VERTEX_POINT('',#15187);
#13076=LINE('',#15188,#15189);
#13077=LINE('',#15190,#15191);
#13078=VERTEX_POINT('',#15192);
#13079=LINE('',#15193,#15194);
#13080=LINE('',#15195,#15196);
#13081=VERTEX_POINT('',#15197);
#13082=LINE('',#15198,#15199);
#13083=VERTEX_POINT('',#15200);
#13084=LINE('',#15201,#15202);
#13085=LINE('',#15203,#15204);
#13086=LINE('',#15205,#15206);
#13087=LINE('',#15207,#15208);
#13088=VERTEX_POINT('',#15209);
#13089=LINE('',#15210,#15211);
#13090=LINE('',#15212,#15213);
#13091=LINE('',#15214,#15215);
#13092=VERTEX_POINT('',#15216);
#13093=LINE('',#15217,#15218);
#13094=VERTEX_POINT('',#15219);
#13095=LINE('',#15220,#15221);
#13096=LINE('',#15222,#15223);
#13097=VERTEX_POINT('',#15224);
#13098=LINE('',#15225,#15226);
#13099=VERTEX_POINT('',#15227);
#13100=LINE('',#15228,#15229);
#13101=LINE('',#15230,#15231);
#13102=VERTEX_POINT('',#15232);
#13103=LINE('',#15233,#15234);
#13104=VERTEX_POINT('',#15235);
#13105=CIRCLE('',#15236,0.8);
#13106=LINE('',#15237,#15238);
#13107=VERTEX_POINT('',#15239);
#13108=LINE('',#15240,#15241);
#13109=LINE('',#15242,#15243);
#13110=VERTEX_POINT('',#15244);
#13111=LINE('',#15245,#15246);
#13112=LINE('',#15247,#15248);
#13113=CIRCLE('',#15249,0.8);
#13114=CIRCLE('',#15250,0.8);
#13115=CIRCLE('',#15251,0.8);
#13116=VERTEX_POINT('',#15252);
#13117=LINE('',#15253,#15254);
#13118=VERTEX_POINT('',#15255);
#13119=LINE('',#15256,#15257);
#13120=LINE('',#15258,#15259);
#13121=VERTEX_POINT('',#15260);
#13122=LINE('',#15261,#15262);
#13123=LINE('',#15263,#15264);
#13124=VERTEX_POINT('',#15265);
#13125=LINE('',#15266,#15267);
#13126=LINE('',#15268,#15269);
#13127=VERTEX_POINT('',#15270);
#13128=LINE('',#15271,#15272);
#13129=LINE('',#15273,#15274);
#13130=CIRCLE('',#15275,0.8);
#13131=VERTEX_POINT('',#15276);
#13132=LINE('',#15277,#15278);
#13133=VERTEX_POINT('',#15279);
#13134=LINE('',#15280,#15281);
#13135=LINE('',#15282,#15283);
#13136=VERTEX_POINT('',#15284);
#13137=VERTEX_POINT('',#15285);
#13138=LINE('',#15286,#15287);
#13139=VERTEX_POINT('',#15288);
#13140=LINE('',#15289,#15290);
#13141=VERTEX_POINT('',#15291);
#13142=LINE('',#15292,#15293);
#13143=CIRCLE('',#15294,0.8);
#13144=CIRCLE('',#15295,0.8);
#13145=LINE('',#15296,#15297);
#13146=LINE('',#15298,#15299);
#13147=LINE('',#15300,#15301);
#13148=LINE('',#15302,#15303);
#13149=VERTEX_POINT('',#15304);
#13150=LINE('',#15305,#15306);
#13151=VERTEX_POINT('',#15307);
#13152=LINE('',#15308,#15309);
#13153=LINE('',#15310,#15311);
#13154=VERTEX_POINT('',#15312);
#13155=LINE('',#15313,#15314);
#13156=LINE('',#15315,#15316);
#13157=VERTEX_POINT('',#15317);
#13158=LINE('',#15318,#15319);
#13159=LINE('',#15320,#15321);
#13160=VERTEX_POINT('',#15322);
#13161=LINE('',#15323,#15324);
#13162=VERTEX_POINT('',#15325);
#13163=LINE('',#15326,#15327);
#13164=LINE('',#15328,#15329);
#13165=CIRCLE('',#15330,0.8);
#13166=CIRCLE('',#15331,0.8);
#13167=VERTEX_POINT('',#15332);
#13168=LINE('',#15333,#15334);
#13169=VERTEX_POINT('',#15335);
#13170=LINE('',#15336,#15337);
#13171=LINE('',#15338,#15339);
#13172=VERTEX_POINT('',#15340);
#13173=LINE('',#15341,#15342);
#13174=VERTEX_POINT('',#15343);
#13175=LINE('',#15344,#15345);
#13176=LINE('',#15346,#15347);
#13177=VERTEX_POINT('',#15348);
#13178=LINE('',#15349,#15350);
#13179=LINE('',#15351,#15352);
#13180=VERTEX_POINT('',#15353);
#13181=LINE('',#15354,#15355);
#13182=CIRCLE('',#15356,0.8);
#13183=CIRCLE('',#15357,0.8);
#13184=VERTEX_POINT('',#15358);
#13185=LINE('',#15359,#15360);
#13186=CIRCLE('',#15361,0.8);
#13187=LINE('',#15362,#15363);
#13188=VERTEX_POINT('',#15364);
#13189=LINE('',#15365,#15366);
#13190=VERTEX_POINT('',#15367);
#13191=CIRCLE('',#15368,0.8);
#13192=LINE('',#15369,#15370);
#13193=VERTEX_POINT('',#15371);
#13194=LINE('',#15372,#15373);
#13195=LINE('',#15374,#15375);
#13196=VERTEX_POINT('',#15376);
#13197=LINE('',#15377,#15378);
#13198=LINE('',#15379,#15380);
#13199=LINE('',#15381,#15382);
#13200=CIRCLE('',#15383,0.2);
#13201=LINE('',#15384,#15385);
#13202=LINE('',#15386,#15387);
#13203=LINE('',#15388,#15389);
#13204=VERTEX_POINT('',#15390);
#13205=LINE('',#15391,#15392);
#13206=LINE('',#15393,#15394);
#13207=VERTEX_POINT('',#15395);
#13208=LINE('',#15396,#15397);
#13209=LINE('',#15398,#15399);
#13210=LINE('',#15400,#15401);
#13211=LINE('',#15402,#15403);
#13212=VERTEX_POINT('',#15404);
#13213=LINE('',#15405,#15406);
#13214=CIRCLE('',#15407,0.8);
#13215=VERTEX_POINT('',#15408);
#13216=LINE('',#15409,#15410);
#13217=CIRCLE('',#15411,0.4);
#13218=VERTEX_POINT('',#15412);
#13219=LINE('',#15413,#15414);
#13220=VERTEX_POINT('',#15415);
#13221=LINE('',#15416,#15417);
#13222=LINE('',#15418,#15419);
#13223=LINE('',#15420,#15421);
#13224=LINE('',#15422,#15423);
#13225=VERTEX_POINT('',#15424);
#13226=LINE('',#15425,#15426);
#13227=LINE('',#15427,#15428);
#13228=VERTEX_POINT('',#15429);
#13229=LINE('',#15430,#15431);
#13230=LINE('',#15432,#15433);
#13231=CIRCLE('',#15434,0.4);
#13232=LINE('',#15435,#15436);
#13233=LINE('',#15437,#15438);
#13234=CIRCLE('',#15439,0.4);
#13235=VERTEX_POINT('',#15440);
#13236=LINE('',#15441,#15442);
#13237=VERTEX_POINT('',#15443);
#13238=LINE('',#15444,#15445);
#13239=LINE('',#15446,#15447);
#13240=VERTEX_POINT('',#15448);
#13241=CIRCLE('',#15449,0.8);
#13242=VERTEX_POINT('',#15450);
#13243=LINE('',#15451,#15452);
#13244=VERTEX_POINT('',#15453);
#13245=LINE('',#15454,#15455);
#13246=VERTEX_POINT('',#15456);
#13247=LINE('',#15457,#15458);
#13248=CIRCLE('',#15459,0.8);
#13249=LINE('',#15460,#15461);
#13250=LINE('',#15462,#15463);
#13251=LINE('',#15464,#15465);
#13252=LINE('',#15466,#15467);
#13253=VERTEX_POINT('',#15468);
#13254=LINE('',#15469,#15470);
#13255=VERTEX_POINT('',#15471);
#13256=LINE('',#15472,#15473);
#13257=LINE('',#15474,#15475);
#13258=VERTEX_POINT('',#15476);
#13259=LINE('',#15477,#15478);
#13260=LINE('',#15479,#15480);
#13261=VERTEX_POINT('',#15481);
#13262=LINE('',#15482,#15483);
#13263=LINE('',#15484,#15485);
#13264=VERTEX_POINT('',#15486);
#13265=LINE('',#15487,#15488);
#13266=LINE('',#15489,#15490);
#13267=CIRCLE('',#15491,0.8);
#13268=VERTEX_POINT('',#15492);
#13269=LINE('',#15493,#15494);
#13270=VERTEX_POINT('',#15495);
#13271=LINE('',#15496,#15497);
#13272=LINE('',#15498,#15499);
#13273=VERTEX_POINT('',#15500);
#13274=CIRCLE('',#15501,0.8);
#13275=LINE('',#15502,#15503);
#13276=VERTEX_POINT('',#15504);
#13277=LINE('',#15505,#15506);
#13278=LINE('',#15507,#15508);
#13279=VERTEX_POINT('',#15509);
#13280=CIRCLE('',#15510,0.8);
#13281=LINE('',#15511,#15512);
#13282=VERTEX_POINT('',#15513);
#13283=LINE('',#15514,#15515);
#13284=LINE('',#15516,#15517);
#13285=VERTEX_POINT('',#15518);
#13286=CIRCLE('',#15519,0.8);
#13287=VERTEX_POINT('',#15520);
#13288=LINE('',#15521,#15522);
#13289=CIRCLE('',#15523,0.8);
#13290=LINE('',#15524,#15525);
#13291=LINE('',#15526,#15527);
#13292=VERTEX_POINT('',#15528);
#13293=CIRCLE('',#15529,0.78071018241139);
#13294=B_SPLINE_CURVE_WITH_KNOTS('',3,(#15530,#15531,#15532,#15533,#15534,#15535,#15536,#15537,#15538,#15539,#15540,#15541,#15542,#15543,#15544,#15545,#15546,#15547,#15548,#15549,#15550,#15551,#15552,#15553),.UNSPECIFIED.,.F.,.F.,(4,2,2,2,3,3,3,3,2,4),(5.21522954444781E-15,0.124779602790328,0.249657344996645,0.374320364863936,0.499071306276021,0.624071151087432,0.749737987868944,0.875090365561306,0.937444645604501,0.999999999976374),.UNSPECIFIED.);
#13295=VERTEX_POINT('',#15554);
#13296=LINE('',#15555,#15556);
#13297=VERTEX_POINT('',#15557);
#13298=LINE('',#15558,#15559);
#13299=ELLIPSE('',#15560,0.282842712474619,0.2);
#13300=VERTEX_POINT('',#15561);
#13301=LINE('',#15562,#15563);
#13302=LINE('',#15564,#15565);
#13303=VERTEX_POINT('',#15566);
#13304=ELLIPSE('',#15567,0.282842712474619,0.2);
#13305=LINE('',#15568,#15569);
#13306=VERTEX_POINT('',#15570);
#13307=CIRCLE('',#15571,1.48);
#13308=B_SPLINE_CURVE_WITH_KNOTS('',3,(#15572,#15573,#15574,#15575,#15576,#15577,#15578,#15579,#15580,#15581,#15582,#15583,#15584,#15585),.UNSPECIFIED.,.F.,.F.,(4,2,2,2,2,2,4),(1.5706964721774E-11,0.249970660195121,0.499957299735347,0.624976511993121,0.749995481750908,0.875004684363334,0.99999999991326),.UNSPECIFIED.);
#13309=VERTEX_POINT('',#15586);
#13310=CIRCLE('',#15587,1.48);
#13311=LINE('',#15588,#15589);
#13312=VERTEX_POINT('',#15590);
#13313=CIRCLE('',#15591,1.475);
#13314=LINE('',#15592,#15593);
#13315=LINE('',#15594,#15595);
#13316=VERTEX_POINT('',#15596);
#13317=LINE('',#15597,#15598);
#13318=VERTEX_POINT('',#15599);
#13319=LINE('',#15600,#15601);
#13320=ELLIPSE('',#15602,0.244154917752291,0.2);
#13321=VERTEX_POINT('',#15603);
#13322=LINE('',#15604,#15605);
#13323=ELLIPSE('',#15606,0.244154917752291,0.2);
#13324=VERTEX_POINT('',#15607);
#13325=LINE('',#15608,#15609);
#13326=LINE('',#15610,#15611);
#13327=LINE('',#15612,#15613);
#13328=LINE('',#15614,#15615);
#13329=LINE('',#15616,#15617);
#13330=VERTEX_POINT('',#15618);
#13331=CIRCLE('',#15619,0.944540591269194);
#13332=VERTEX_POINT('',#15620);
#13333=B_SPLINE_CURVE_WITH_KNOTS('',3,(#15621,#15622,#15623,#15624,#15625,#15626,#15627,#15628,#15629,#15630,#15631,#15632,#15633,#15634,#15635,#15636,#15637,#15638,#15639,#15640,#15641,#15642,#15643,#15644),.UNSPECIFIED.,.F.,.F.,(4,2,3,3,3,3,2,2,2,4),(1.37535668788844E-11,0.0625538082475972,0.124908535641268,0.250262662404659,0.375929080625,0.500926487660938,0.625677903485871,0.750340803620332,0.875219910686499,0.999999999999994),.UNSPECIFIED.);
#13334=CIRCLE('',#15645,0.780710182411397);
#13335=VERTEX_POINT('',#15646);
#13336=LINE('',#15647,#15648);
#13337=VERTEX_POINT('',#15649);
#13338=LINE('',#15650,#15651);
#13339=LINE('',#15652,#15653);
#13340=VERTEX_POINT('',#15654);
#13341=ELLIPSE('',#15655,0.282842712474619,0.2);
#13342=LINE('',#15656,#15657);
#13343=VERTEX_POINT('',#15658);
#13344=CIRCLE('',#15659,1.48);
#13345=B_SPLINE_CURVE_WITH_KNOTS('',3,(#15660,#15661,#15662,#15663,#15664,#15665,#15666,#15667,#15668,#15669,#15670,#15671,#15672,#15673),.UNSPECIFIED.,.F.,.F.,(4,2,2,2,2,2,4),(1.14539296553932E-11,0.124995315636728,0.250004518249347,0.37502348800718,0.500042700264884,0.750029339805001,1.00000000001098),.UNSPECIFIED.);
#13346=VERTEX_POINT('',#15674);
#13347=LINE('',#15675,#15676);
#13348=ELLIPSE('',#15677,0.282842712474619,0.2);
#13349=VERTEX_POINT('',#15678);
#13350=VERTEX_POINT('',#15679);
#13351=LINE('',#15680,#15681);
#13352=ELLIPSE('',#15682,0.244154917752291,0.2);
#13353=ELLIPSE('',#15683,0.244154917752291,0.2);
#13354=VERTEX_POINT('',#15684);
#13355=LINE('',#15685,#15686);
#13356=LINE('',#15687,#15688);
#13357=VERTEX_POINT('',#15689);
#13358=CIRCLE('',#15690,1.48);
#13359=VERTEX_POINT('',#15691);
#13360=LINE('',#15692,#15693);
#13361=CIRCLE('',#15694,1.475);
#13362=LINE('',#15695,#15696);
#13363=LINE('',#15697,#15698);
#13364=VERTEX_POINT('',#15699);
#13365=LINE('',#15700,#15701);
#13366=LINE('',#15702,#15703);
#13367=LINE('',#15704,#15705);
#13368=LINE('',#15706,#15707);
#13369=LINE('',#15708,#15709);
#13370=CARTESIAN_POINT('',(-11.125,-2.9,-6.6));
#13371=CARTESIAN_POINT('',(-11.125,-5.1,-6.6));
#13372=CARTESIAN_POINT('',(-11.125,-4.0,-6.6));
#13373=VECTOR('',#15710,1.0);
#13374=CARTESIAN_POINT('',(-11.5157375778899,-2.9,-5.6));
#13375=AXIS2_PLACEMENT_3D('',#15711,#15712,#15713);
#13376=CARTESIAN_POINT('',(-11.5157375778899,-5.1,-5.6));
#13377=CARTESIAN_POINT('',(-11.5157375778899,-2.9,-5.6));
#13378=VECTOR('',#15714,1000.0);
#13379=AXIS2_PLACEMENT_3D('',#15715,#15716,#15717);
#13380=CARTESIAN_POINT('',(-10.825,-5.35,-6.6));
#13381=CARTESIAN_POINT('',(-10.825,-5.1,-6.6));
#13382=CARTESIAN_POINT('',(-10.825,-5.22500000000401,-6.6));
#13383=VECTOR('',#15718,1.0);
#13384=CARTESIAN_POINT('',(-11.2139454641894,-5.35000000000801,-7.59999999995042));
#13385=AXIS2_PLACEMENT_3D('',#15719,#15720,#15721);
#13386=CARTESIAN_POINT('',(-11.2139454642411,-5.1,-7.6));
#13387=CARTESIAN_POINT('',(-11.2139454642411,-5.12445208744279,-7.6));
#13388=VECTOR('',#15722,1000.0);
#13389=AXIS2_PLACEMENT_3D('',#15723,#15724,#15725);
#13390=CARTESIAN_POINT('',(-11.3604594087308,-6.1147152872702,-6.6));
#13391=CARTESIAN_POINT('',(-10.825,-5.35,-6.6));
#13392=VECTOR('',#15726,1.0);
#13393=CARTESIAN_POINT('',(-11.4825895383016,-6.1147152872702,-7.06454059138489));
#13394=AXIS2_PLACEMENT_3D('',#15727,#15728,#15729);
#13395=CARTESIAN_POINT('',(-11.2139454642225,-5.35000000003203,-7.59999999996715));
#13396=CARTESIAN_POINT('',(-11.2337553066152,-5.41430717925823,-7.55497162831197));
#13397=CARTESIAN_POINT('',(-11.254069600687,-5.47850705521094,-7.51001839122797));
#13398=CARTESIAN_POINT('',(-11.2958803260256,-5.60664192093924,-7.42029739233752));
#13399=CARTESIAN_POINT('',(-11.3173776598954,-5.67058261026606,-7.37552563964474));
#13400=CARTESIAN_POINT('',(-11.3506917819044,-5.7662741001378,-7.30852173709402));
#13401=CARTESIAN_POINT('',(-11.3619737281868,-5.79813077604967,-7.28621545250625));
#13402=CARTESIAN_POINT('',(-11.3849271540081,-5.86174957401221,-7.24166909060104));
#13403=CARTESIAN_POINT('',(-11.3965985954465,-5.89351174631289,-7.21942897812619));
#13404=CARTESIAN_POINT('',(-11.4203719240378,-5.95692490818046,-7.17502660416481));
#13405=CARTESIAN_POINT('',(-11.4324737626772,-5.98857597294428,-7.15286429002481));
#13406=CARTESIAN_POINT('',(-11.4571570641597,-6.05174830124421,-7.10863054954294));
#13407=CARTESIAN_POINT('',(-11.4697384644021,-6.08326967713143,-7.08655904453197));
#13408=CARTESIAN_POINT('',(-11.4825895382363,-6.1147152872702,-7.0645405912692));
#13409=CARTESIAN_POINT('',(-11.5242898175886,-6.2,-6.6));
#13410=AXIS2_PLACEMENT_3D('',#15730,#15731,#15732);
#13411=CARTESIAN_POINT('',(-11.5845267006232,-6.2,-6.9007101824114));
#13412=AXIS2_PLACEMENT_3D('',#15733,#15734,#15735);
#13413=CARTESIAN_POINT('',(-11.5845267006232,-6.2,-6.9007101824114));
#13414=CARTESIAN_POINT('',(-11.5795093702309,-6.2,-6.90824112529004));
#13415=CARTESIAN_POINT('',(-11.5745136360812,-6.19957396021708,-6.91581867121599));
#13416=CARTESIAN_POINT('',(-11.5646336677323,-6.19784643863051,-6.93095614851264));
#13417=CARTESIAN_POINT('',(-11.5597500815884,-6.19654507509217,-6.93851505107897));
#13418=CARTESIAN_POINT('',(-11.5501611309481,-6.19306093277999,-6.95349868343804));
#13419=CARTESIAN_POINT('',(-11.5454570027304,-6.19088128175447,-6.96092108083128));
#13420=CARTESIAN_POINT('',(-11.5362235548772,-6.1856053568577,-6.97562075145337));
#13421=CARTESIAN_POINT('',(-11.5317087059998,-6.18251503143523,-6.98287526489691));
#13422=CARTESIAN_POINT('',(-11.5273302273256,-6.17897725250035,-6.98996903680368));
#13423=CARTESIAN_POINT('',(-11.5229585493893,-6.17544496851229,-6.99705179052643));
#13424=CARTESIAN_POINT('',(-11.5186922815125,-6.17144249776753,-7.00402375881477));
#13425=CARTESIAN_POINT('',(-11.5145667887342,-6.16696230230328,-7.01081735569987));
#13426=CARTESIAN_POINT('',(-11.5104424844745,-6.16248339754453,-7.01760899540856));
#13427=CARTESIAN_POINT('',(-11.5064656983714,-6.15753284733958,-7.02421116804918));
#13428=CARTESIAN_POINT('',(-11.5026829017862,-6.15213728373848,-7.03053408967297));
#13429=CARTESIAN_POINT('',(-11.4989000764806,-6.14674167917247,-7.03685705930249));
#13430=CARTESIAN_POINT('',(-11.4953127231086,-6.14090340035551,-7.04289816352441));
#13431=CARTESIAN_POINT('',(-11.4919587141184,-6.13466522439932,-7.04857930473746));
#13432=CARTESIAN_POINT('',(-11.4902809861319,-6.1315447907878,-7.05142110081975));
#13433=CARTESIAN_POINT('',(-11.4886647543701,-6.12833134683767,-7.05416749993929));
#13434=CARTESIAN_POINT('',(-11.4855437806299,-6.12169024330391,-7.05948547764681));
#13435=CARTESIAN_POINT('',(-11.4840362317924,-6.11825523748324,-7.06206189144514));
#13436=CARTESIAN_POINT('',(-11.4825895382363,-6.11471528727021,-7.06454059126919));
#13437=CARTESIAN_POINT('',(-1.475,-5.1,-6.6));
#13438=CARTESIAN_POINT('',(-1.475,-2.9,-6.6));
#13439=CARTESIAN_POINT('',(-1.475,-4.0,-6.6));
#13440=VECTOR('',#15736,1.0);
#13441=CARTESIAN_POINT('',(-1.08426242211007,-5.1,-5.6));
#13442=AXIS2_PLACEMENT_3D('',#15737,#15738,#15739);
#13443=CARTESIAN_POINT('',(-1.08426242211959,-2.9,-5.6));
#13444=CARTESIAN_POINT('',(-1.08426242211007,-2.9,-5.6));
#13445=VECTOR('',#15740,1000.0);
#13446=AXIS2_PLACEMENT_3D('',#15741,#15742,#15743);
#13447=CARTESIAN_POINT('',(-1.775,-5.35,-6.6));
#13448=CARTESIAN_POINT('',(-1.775,-5.1,-6.6));
#13449=CARTESIAN_POINT('',(-1.775,-5.22500000000092,-6.6));
#13450=VECTOR('',#15744,1.0);
#13451=CARTESIAN_POINT('',(-1.38605453577186,-5.35000000000061,-5.60000000000991));
#13452=AXIS2_PLACEMENT_3D('',#15745,#15746,#15747);
#13453=CARTESIAN_POINT('',(-1.38605453575886,-5.1,-5.6));
#13454=CARTESIAN_POINT('',(-1.38605453575886,-5.12445208744279,-5.6));
#13455=VECTOR('',#15748,1000.0);
#13456=AXIS2_PLACEMENT_3D('',#15749,#15750,#15751);
#13457=CARTESIAN_POINT('',(-1.23954059126919,-6.1147152872702,-6.6));
#13458=CARTESIAN_POINT('',(-1.775,-5.35,-6.6));
#13459=VECTOR('',#15752,1.0);
#13460=CARTESIAN_POINT('',(-1.11741046176773,-6.1147152872702,-6.13545940873789));
#13461=AXIS2_PLACEMENT_3D('',#15753,#15754,#15755);
#13462=CARTESIAN_POINT('',(-1.11741046176372,-6.1147152872702,-6.1354594087308));
#13463=CARTESIAN_POINT('',(-1.13026153559838,-6.08326967713025,-6.11344095546721));
#13464=CARTESIAN_POINT('',(-1.14284293584125,-6.05174830124184,-6.0913694504554));
#13465=CARTESIAN_POINT('',(-1.16752623732279,-5.98857597294433,-6.04713570997522));
#13466=CARTESIAN_POINT('',(-1.17962807596268,-5.95692490817934,-6.02497339583441));
#13467=CARTESIAN_POINT('',(-1.20340140455664,-5.89351174630455,-5.98057102186797));
#13468=CARTESIAN_POINT('',(-1.21507284599538,-5.86174957400267,-5.95833090939228));
#13469=CARTESIAN_POINT('',(-1.23802627181741,-5.79813077603772,-5.91378454748538));
#13470=CARTESIAN_POINT('',(-1.24930821810028,-5.76627410012464,-5.89147826289677));
#13471=CARTESIAN_POINT('',(-1.28262234011031,-5.67058261024928,-5.82447436034351));
#13472=CARTESIAN_POINT('',(-1.30411967398083,-5.60664192092004,-5.77970260764904));
#13473=CARTESIAN_POINT('',(-1.34593039932068,-5.47850705518686,-5.68998160875518));
#13474=CARTESIAN_POINT('',(-1.36624469339312,-5.41430717923171,-5.64502837166947));
#13475=CARTESIAN_POINT('',(-1.38605453578643,-5.35000000000307,-5.60000000001257));
#13476=CARTESIAN_POINT('',(-1.07571018241139,-6.2,-6.6));
#13477=AXIS2_PLACEMENT_3D('',#15756,#15757,#15758);
#13478=CARTESIAN_POINT('',(-1.11741046169843,-6.1147152872702,-7.06454059138478));
#13479=AXIS2_PLACEMENT_3D('',#15759,#15760,#15761);
#13480=CARTESIAN_POINT('',(-1.01547329937683,-6.2,-6.9007101824114));
#13481=CARTESIAN_POINT('',(-1.11741046176373,-6.1147152872702,-7.06454059126919));
#13482=CARTESIAN_POINT('',(-1.11596379387024,-6.11825517468863,-7.0620619354144));
#13483=CARTESIAN_POINT('',(-1.11445628303635,-6.1216900965842,-7.05948558650844));
#13484=CARTESIAN_POINT('',(-1.11133545623023,-6.12833090993733,-7.05416785841417));
#13485=CARTESIAN_POINT('',(-1.10971910466333,-6.13154461459937,-7.05142125492137));
#13486=CARTESIAN_POINT('',(-1.10804137437466,-6.13466505980939,-7.04857945463025));
#13487=CARTESIAN_POINT('',(-1.10468730392337,-6.14090336470523,-7.04289820869387));
#13488=CARTESIAN_POINT('',(-1.10109989241172,-6.14674173098766,-7.03685700684347));
#13489=CARTESIAN_POINT('',(-1.09731703948937,-6.15213736749963,-7.03053399151537));
#13490=CARTESIAN_POINT('',(-1.09353421503077,-6.1575329634126,-7.02421102376426));
#13491=CARTESIAN_POINT('',(-1.0895574329086,-6.1624834895896,-7.01760885916415));
#13492=CARTESIAN_POINT('',(-1.08543318842341,-6.16696232710965,-7.01081731808442));
#13493=CARTESIAN_POINT('',(-1.08130771627136,-6.17144249784853,-7.00402375536172));
#13494=CARTESIAN_POINT('',(-1.07704170742903,-6.17544474133021,-6.99705220872741));
#13495=CARTESIAN_POINT('',(-1.07267000521932,-6.17897706460526,-6.98996941356024));
#13496=CARTESIAN_POINT('',(-1.06829148427533,-6.18251489739873,-6.98287557104906));
#13497=CARTESIAN_POINT('',(-1.06377661564508,-6.18560524528185,-6.97562102477277));
#13498=CARTESIAN_POINT('',(-1.05454320543771,-6.19088117695738,-6.96092141038694));
#13499=CARTESIAN_POINT('',(-1.04983920614475,-6.19306079627722,-6.95349921230982));
#13500=CARTESIAN_POINT('',(-1.04025006823175,-6.19654503467741,-6.93851528305402));
#13501=CARTESIAN_POINT('',(-1.03536642771654,-6.19784641846153,-6.93095629534739));
#13502=CARTESIAN_POINT('',(-1.02548638380619,-6.19957396021939,-6.91581870109229));
#13503=CARTESIAN_POINT('',(-1.0204906287059,-6.2,-6.9082411236943));
#13504=CARTESIAN_POINT('',(-1.01547329937683,-6.2,-6.9007101824114));
#13505=AXIS2_PLACEMENT_3D('',#15762,#15763,#15764);
#13506=CARTESIAN_POINT('',(3.1,5.5,-6.6));
#13507=CARTESIAN_POINT('',(3.1,5.5,-12.8));
#13508=CARTESIAN_POINT('',(3.1,5.5,-12.8));
#13509=VECTOR('',#15765,1.0);
#13510=CARTESIAN_POINT('',(2.7,5.1,-6.6));
#13511=AXIS2_PLACEMENT_3D('',#15766,#15767,#15768);
#13512=CARTESIAN_POINT('',(2.7,5.1,-12.8));
#13513=CARTESIAN_POINT('',(2.7,5.1,-12.8));
#13514=VECTOR('',#15769,1000.0);
#13515=AXIS2_PLACEMENT_3D('',#15770,#15771,#15772);
#13516=CARTESIAN_POINT('',(3.1,-0.549999999999993,3.67394039744206E-17));
#13517=CARTESIAN_POINT('',(3.1,-0.549999999999993,-12.8));
#13518=CARTESIAN_POINT('',(3.1,-0.549999999999993,-12.8));
#13519=VECTOR('',#15773,1.0);
#13520=CARTESIAN_POINT('',(2.7,-0.95,3.30654635769785E-16));
#13521=AXIS2_PLACEMENT_3D('',#15774,#15775,#15776);
#13522=CARTESIAN_POINT('',(2.7,-0.95,-12.8));
#13523=CARTESIAN_POINT('',(2.7,-0.95,-12.8));
#13524=VECTOR('',#15777,1000.0);
#13525=AXIS2_PLACEMENT_3D('',#15778,#15779,#15780);
#13526=CARTESIAN_POINT('',(-14.075,-5.1,-6.6));
#13527=CARTESIAN_POINT('',(-14.075,-3.3,-6.6));
#13528=CARTESIAN_POINT('',(-14.075,-4.2,-6.6));
#13529=VECTOR('',#15781,1.0);
#13530=CARTESIAN_POINT('',(-13.6842624221101,-5.1,-5.6));
#13531=AXIS2_PLACEMENT_3D('',#15782,#15783,#15784);
#13532=CARTESIAN_POINT('',(-13.6842624221101,-3.3,-5.6));
#13533=CARTESIAN_POINT('',(-13.6842624221101,-2.9,-5.6));
#13534=VECTOR('',#15785,1000.0);
#13535=AXIS2_PLACEMENT_3D('',#15786,#15787,#15788);
#13536=CARTESIAN_POINT('',(-13.8395405912692,-6.1147152872702,-6.6));
#13537=CARTESIAN_POINT('',(-13.6757101824114,-6.2,-6.6));
#13538=AXIS2_PLACEMENT_3D('',#15789,#15790,#15791);
#13539=CARTESIAN_POINT('',(-13.7174104617616,-6.1147152872702,-7.06454059127281));
#13540=AXIS2_PLACEMENT_3D('',#15792,#15793,#15794);
#13541=CARTESIAN_POINT('',(-13.6154732993768,-6.2,-6.9007101824114));
#13542=CARTESIAN_POINT('',(-13.6154732993768,-6.2,-6.9007101824114));
#13543=CARTESIAN_POINT('',(-13.6204906287059,-6.2,-6.9082411236945));
#13544=CARTESIAN_POINT('',(-13.6254863838086,-6.19957396021913,-6.91581870109597));
#13545=CARTESIAN_POINT('',(-13.6353664277198,-6.19784641846079,-6.93095629535245));
#13546=CARTESIAN_POINT('',(-13.6402500682337,-6.19654503467675,-6.93851528305706));
#13547=CARTESIAN_POINT('',(-13.6498392061442,-6.19306079627739,-6.95349921230892));
#13548=CARTESIAN_POINT('',(-13.6545432054378,-6.19088117695731,-6.96092141038714));
#13549=CARTESIAN_POINT('',(-13.663776615645,-6.18560524528188,-6.9756210247727));
#13550=CARTESIAN_POINT('',(-13.6682914842753,-6.18251489739876,-6.982875571049));
#13551=CARTESIAN_POINT('',(-13.6726700052193,-6.17897706460529,-6.98996941356018));
#13552=CARTESIAN_POINT('',(-13.677041707429,-6.17544474133024,-6.99705220872735));
#13553=CARTESIAN_POINT('',(-13.6813077162713,-6.17144249784856,-7.00402375536168));
#13554=CARTESIAN_POINT('',(-13.6854331884234,-6.16696232710968,-7.01081731808438));
#13555=CARTESIAN_POINT('',(-13.6895574329086,-6.16248348958963,-7.01760885916411));
#13556=CARTESIAN_POINT('',(-13.6935342150308,-6.15753296341262,-7.02421102376424));
#13557=CARTESIAN_POINT('',(-13.6973170394894,-6.15213736749965,-7.03053399151535));
#13558=CARTESIAN_POINT('',(-13.7010998924117,-6.14674173098767,-7.03685700684346));
#13559=CARTESIAN_POINT('',(-13.7046873039234,-6.14090336470525,-7.04289820869386));
#13560=CARTESIAN_POINT('',(-13.7080413743747,-6.1346650598094,-7.04857945463024));
#13561=CARTESIAN_POINT('',(-13.7097191046633,-6.13154461459938,-7.05142125492136));
#13562=CARTESIAN_POINT('',(-13.7113354562302,-6.12833090993734,-7.05416785841417));
#13563=CARTESIAN_POINT('',(-13.7144562830364,-6.1216900965842,-7.05948558650844));
#13564=CARTESIAN_POINT('',(-13.7159637938702,-6.11825517468864,-7.06206193541439));
#13565=CARTESIAN_POINT('',(-13.7174104617637,-6.11471528727021,-7.06454059126919));
#13566=AXIS2_PLACEMENT_3D('',#15795,#15796,#15797);
#13567=CARTESIAN_POINT('',(-14.375,-5.35,-6.6));
#13568=CARTESIAN_POINT('',(-14.375,-5.1,-6.6));
#13569=CARTESIAN_POINT('',(-14.375,-5.22500000000272,-6.6));
#13570=VECTOR('',#15798,1.0);
#13571=CARTESIAN_POINT('',(-13.9860545358033,-5.35000000000543,-5.60000000004887));
#13572=AXIS2_PLACEMENT_3D('',#15799,#15800,#15801);
#13573=CARTESIAN_POINT('',(-13.9860545357589,-5.1,-5.6));
#13574=CARTESIAN_POINT('',(-13.9860545357589,-5.12445208744279,-5.6));
#13575=VECTOR('',#15802,1000.0);
#13576=AXIS2_PLACEMENT_3D('',#15803,#15804,#15805);
#13577=CARTESIAN_POINT('',(-14.375,-5.35,-6.6));
#13578=VECTOR('',#15806,1.0);
#13579=CARTESIAN_POINT('',(-13.7174104616987,-6.11471528726942,-6.13545940861456));
#13580=AXIS2_PLACEMENT_3D('',#15807,#15808,#15809);
#13581=CARTESIAN_POINT('',(-13.9860545357788,-5.35000000002799,-5.60000000003002));
#13582=CARTESIAN_POINT('',(-13.966244693386,-5.41430717925426,-5.64502837168526));
#13583=CARTESIAN_POINT('',(-13.9459303993142,-5.47850705520703,-5.68998160876931));
#13584=CARTESIAN_POINT('',(-13.9041196739757,-5.60664192093549,-5.77970260765986));
#13585=CARTESIAN_POINT('',(-13.8826223401058,-5.67058261026239,-5.8244743603527));
#13586=CARTESIAN_POINT('',(-13.8493082180976,-5.76627410013214,-5.89147826290201));
#13587=CARTESIAN_POINT('',(-13.8380262718152,-5.79813077604406,-5.91378454748982));
#13588=CARTESIAN_POINT('',(-13.8150728459932,-5.86174957400876,-5.95833090939655));
#13589=CARTESIAN_POINT('',(-13.8034014045548,-5.89351174630949,-5.98057102187143));
#13590=CARTESIAN_POINT('',(-13.7796280759617,-5.95692490818195,-6.02497339583624));
#13591=CARTESIAN_POINT('',(-13.7675262373222,-5.98857597294578,-6.04713570997624));
#13592=CARTESIAN_POINT('',(-13.7428429358416,-6.051748301241,-6.09136945045481));
#13593=CARTESIAN_POINT('',(-13.7302615355992,-6.08326967712824,-6.1134409554658));
#13594=CARTESIAN_POINT('',(-13.717410461765,-6.11471528726706,-6.13545940872861));
#13595=CARTESIAN_POINT('',(1.23954059126918,-6.1147152872702,-6.6));
#13596=CARTESIAN_POINT('',(1.775,-5.35,-6.6));
#13597=CARTESIAN_POINT('',(1.775,-5.35,-6.6));
#13598=VECTOR('',#15810,1.0);
#13599=CARTESIAN_POINT('',(1.11741046176372,-6.1147152872702,-7.0645405912692));
#13600=AXIS2_PLACEMENT_3D('',#15811,#15812,#15813);
#13601=CARTESIAN_POINT('',(1.38605453580562,-5.34999999999943,-7.59999999995477));
#13602=CARTESIAN_POINT('',(1.38605453578519,-5.35000000000711,-7.5999999999846));
#13603=CARTESIAN_POINT('',(1.36624469339195,-5.41430717923541,-7.55497162832794));
#13604=CARTESIAN_POINT('',(1.3459303993196,-5.47850705519022,-7.51001839124247));
#13605=CARTESIAN_POINT('',(1.30411967397994,-5.60664192092271,-7.42029739234909));
#13606=CARTESIAN_POINT('',(1.28262234010951,-5.67058261025163,-7.37552563965484));
#13607=CARTESIAN_POINT('',(1.24930821810035,-5.76627410012439,-7.30852173710342));
#13608=CARTESIAN_POINT('',(1.23802627181757,-5.7981307760373,-7.28621545251491));
#13609=CARTESIAN_POINT('',(1.2150728459949,-5.861749574004,-7.24166909060679));
#13610=CARTESIAN_POINT('',(1.2034014045562,-5.89351174630572,-7.21942897813121));
#13611=CARTESIAN_POINT('',(1.17962807596416,-5.95692490817535,-7.17502660416838));
#13612=CARTESIAN_POINT('',(1.16752623732441,-5.9885759729402,-7.15286429002767));
#13613=CARTESIAN_POINT('',(1.14284293584112,-6.05174830124218,-7.10863054954437));
#13614=CARTESIAN_POINT('',(1.13026153559832,-6.08326967713042,-7.08655904453268));
#13615=CARTESIAN_POINT('',(1.11741046176372,-6.1147152872702,-7.0645405912692));
#13616=AXIS2_PLACEMENT_3D('',#15814,#15815,#15816);
#13617=CARTESIAN_POINT('',(1.07571018241138,-6.2,-6.6));
#13618=AXIS2_PLACEMENT_3D('',#15817,#15818,#15819);
#13619=CARTESIAN_POINT('',(1.01547329937682,-6.2,-6.90071018241139));
#13620=AXIS2_PLACEMENT_3D('',#15820,#15821,#15822);
#13621=CARTESIAN_POINT('',(1.01547329937682,-6.2,-6.9007101824114));
#13622=CARTESIAN_POINT('',(1.02049062976909,-6.19999999999993,-6.90824112529005));
#13623=CARTESIAN_POINT('',(1.02548636391876,-6.19957396021708,-6.91581867121597));
#13624=CARTESIAN_POINT('',(1.03536633226772,-6.19784643863051,-6.93095614851264));
#13625=CARTESIAN_POINT('',(1.04024991841164,-6.19654507509217,-6.93851505107898));
#13626=CARTESIAN_POINT('',(1.04983886905185,-6.19306093277999,-6.95349868343804));
#13627=CARTESIAN_POINT('',(1.05454299726955,-6.19088128175447,-6.96092108083128));
#13628=CARTESIAN_POINT('',(1.06377644512275,-6.1856053568577,-6.97562075145338));
#13629=CARTESIAN_POINT('',(1.06829129400021,-6.18251503143524,-6.9828752648969));
#13630=CARTESIAN_POINT('',(1.07266977267445,-6.17897725250035,-6.98996903680368));
#13631=CARTESIAN_POINT('',(1.07704145061073,-6.17544496851229,-6.99705179052642));
#13632=CARTESIAN_POINT('',(1.08130771848749,-6.17144249776752,-7.00402375881478));
#13633=CARTESIAN_POINT('',(1.08543321126582,-6.16696230230328,-7.01081735569986));
#13634=CARTESIAN_POINT('',(1.08955751552546,-6.16248339754453,-7.01760899540857));
#13635=CARTESIAN_POINT('',(1.09353430162858,-6.15753284733958,-7.02421116804918));
#13636=CARTESIAN_POINT('',(1.09731709821384,-6.15213728373848,-7.03053408967297));
#13637=CARTESIAN_POINT('',(1.10109992351935,-6.14674167917246,-7.03685705930249));
#13638=CARTESIAN_POINT('',(1.10468727689135,-6.14090340035551,-7.04289816352442));
#13639=CARTESIAN_POINT('',(1.10804128588156,-6.13466522439931,-7.04857930473746));
#13640=CARTESIAN_POINT('',(1.10971901386806,-6.1315447907878,-7.05142110081976));
#13641=CARTESIAN_POINT('',(1.11133524562987,-6.12833134683767,-7.05416749993929));
#13642=CARTESIAN_POINT('',(1.11445621937169,-6.12169024330043,-7.0594854776496));
#13643=CARTESIAN_POINT('',(1.11596376820908,-6.11825523747956,-7.06206189144771));
#13644=CARTESIAN_POINT('',(1.11741046176372,-6.11471528727021,-7.06454059126919));
#13645=CARTESIAN_POINT('',(1.775,-5.1,-6.6));
#13646=CARTESIAN_POINT('',(1.775,-5.225,-6.6));
#13647=VECTOR('',#15823,1.0);
#13648=CARTESIAN_POINT('',(1.38605453575887,-5.1,-7.6));
#13649=CARTESIAN_POINT('',(1.38605453575887,-5.12445208744279,-7.6));
#13650=VECTOR('',#15824,1000.0);
#13651=AXIS2_PLACEMENT_3D('',#15825,#15826,#15827);
#13652=CARTESIAN_POINT('',(1.475,-3.3,-6.6));
#13653=CARTESIAN_POINT('',(1.475,-5.1,-6.6));
#13654=CARTESIAN_POINT('',(1.475,-4.2,-6.6));
#13655=VECTOR('',#15828,1.0);
#13656=CARTESIAN_POINT('',(1.08426242211007,-3.3,-5.6));
#13657=AXIS2_PLACEMENT_3D('',#15829,#15830,#15831);
#13658=CARTESIAN_POINT('',(1.08426242211008,-5.1,-5.6));
#13659=CARTESIAN_POINT('',(1.08426242211007,-2.9,-5.6));
#13660=VECTOR('',#15832,1000.0);
#13661=AXIS2_PLACEMENT_3D('',#15833,#15834,#15835);
#13662=CARTESIAN_POINT('',(1.94614598338161,0.624449027428103,-12.8));
#13663=CARTESIAN_POINT('',(1.91614598338144,0.601949027427968,-12.8));
#13664=CARTESIAN_POINT('',(-32.4710939999985,-25.188480960106,-12.8));
#13665=VECTOR('',#15836,1000.0);
#13666=CARTESIAN_POINT('',(1.89364598338145,0.594449027427968,-12.8));
#13667=CARTESIAN_POINT('',(-32.4710939999985,-10.8604643003659,-12.8));
#13668=VECTOR('',#15837,1000.0);
#13669=CARTESIAN_POINT('',(1.89364598338144,0.534449027427967,-12.8));
#13670=CARTESIAN_POINT('',(1.89364598338144,-1.298628,-12.8));
#13671=VECTOR('',#15838,1000.0);
#13672=CARTESIAN_POINT('',(2.49364598338143,0.534449027427967,-12.8));
#13673=CARTESIAN_POINT('',(-32.4710939999985,0.534449027427967,-12.8));
#13674=VECTOR('',#15839,1000.0);
#13675=CARTESIAN_POINT('',(2.49364598338143,0.609449027427968,-12.8));
#13676=CARTESIAN_POINT('',(2.49364598338143,-1.298628,-12.8));
#13677=VECTOR('',#15840,1000.0);
#13678=CARTESIAN_POINT('',(2.05864598338144,0.609449027427968,-12.8));
#13679=CARTESIAN_POINT('',(-32.4710939999985,0.609449027427968,-12.8));
#13680=VECTOR('',#15841,1000.0);
#13681=CARTESIAN_POINT('',(2.05864598338145,0.751949027427968,-12.8));
#13682=CARTESIAN_POINT('',(2.05864598338144,-1.298628,-12.8));
#13683=VECTOR('',#15842,1000.0);
#13684=CARTESIAN_POINT('',(1.99864598338144,0.751949027427968,-12.8));
#13685=CARTESIAN_POINT('',(-32.4710939999985,0.751949027427968,-12.8));
#13686=VECTOR('',#15843,1000.0);
#13687=CARTESIAN_POINT('',(1.99864598338143,0.736949027427968,-12.8));
#13688=CARTESIAN_POINT('',(1.99864598338144,-1.298628,-12.8));
#13689=VECTOR('',#15844,1000.0);
#13690=CARTESIAN_POINT('',(1.99114598338145,0.699449027427958,-12.8));
#13691=CARTESIAN_POINT('',(1.59153057789583,-1.298628,-12.8));
#13692=VECTOR('',#15845,1000.0);
#13693=CARTESIAN_POINT('',(1.98364598338145,0.676949027427968,-12.8));
#13694=CARTESIAN_POINT('',(1.3251203075721,-1.298628,-12.8));
#13695=VECTOR('',#15846,1000.0);
#13696=CARTESIAN_POINT('',(1.96864598338144,0.646949027427958,-12.8));
#13697=CARTESIAN_POINT('',(0.995857469667422,-1.298628,-12.8));
#13698=VECTOR('',#15847,1000.0);
#13699=CARTESIAN_POINT('',(0.0230689559535621,-1.298628,-12.8));
#13700=VECTOR('',#15848,1000.0);
#13701=CARTESIAN_POINT('',(0.500000000001493,1.3,-12.8));
#13702=CARTESIAN_POINT('',(1.3,0.65,-12.8));
#13703=AXIS2_PLACEMENT_3D('',#15849,#15850,#15851);
#13704=CARTESIAN_POINT('',(1.7,0.65,-12.8));
#13705=CARTESIAN_POINT('',(-32.4710939999985,0.65,-12.8));
#13706=VECTOR('',#15852,1000.0);
#13707=CARTESIAN_POINT('',(1.7,3.55,-12.8));
#13708=CARTESIAN_POINT('',(1.7,-1.298628,-12.8));
#13709=VECTOR('',#15853,1000.0);
#13710=CARTESIAN_POINT('',(1.3,3.55,-12.8));
#13711=CARTESIAN_POINT('',(-32.4710939999985,3.55,-12.8));
#13712=VECTOR('',#15854,1000.0);
#13713=CARTESIAN_POINT('',(0.500000000001493,2.9,-12.8));
#13714=AXIS2_PLACEMENT_3D('',#15855,#15856,#15857);
#13715=CARTESIAN_POINT('',(0.500000000001493,-1.298628,-12.8));
#13716=VECTOR('',#15858,1000.0);
#13717=CARTESIAN_POINT('',(-4.6999999999985,2.9,-12.8));
#13718=CARTESIAN_POINT('',(-5.5,3.55,-12.8));
#13719=AXIS2_PLACEMENT_3D('',#15859,#15860,#15861);
#13720=CARTESIAN_POINT('',(-7.1,3.55,-12.8));
#13721=CARTESIAN_POINT('',(-32.4710939999985,3.55,-12.8));
#13722=VECTOR('',#15862,1000.0);
#13723=CARTESIAN_POINT('',(-7.8999999999985,2.9,-12.8));
#13724=AXIS2_PLACEMENT_3D('',#15863,#15864,#15865);
#13725=CARTESIAN_POINT('',(-7.89999999999852,1.3,-12.8));
#13726=CARTESIAN_POINT('',(-7.8999999999985,-1.298628,-12.8));
#13727=VECTOR('',#15866,1000.0);
#13728=CARTESIAN_POINT('',(-7.1,0.65,-12.8));
#13729=AXIS2_PLACEMENT_3D('',#15867,#15868,#15869);
#13730=CARTESIAN_POINT('',(-5.5,0.65,-12.8));
#13731=CARTESIAN_POINT('',(-32.4710939999985,0.65,-12.8));
#13732=VECTOR('',#15870,1000.0);
#13733=CARTESIAN_POINT('',(-4.6999999999985,1.3,-12.8));
#13734=AXIS2_PLACEMENT_3D('',#15871,#15872,#15873);
#13735=CARTESIAN_POINT('',(-4.6999999999985,-1.298628,-12.8));
#13736=VECTOR('',#15874,1000.0);
#13737=CARTESIAN_POINT('',(0.500000000001481,5.5,-12.8));
#13738=CARTESIAN_POINT('',(1.3,4.85,-12.8));
#13739=AXIS2_PLACEMENT_3D('',#15875,#15876,#15877);
#13740=CARTESIAN_POINT('',(1.7,4.85,-12.8));
#13741=CARTESIAN_POINT('',(-32.4710939999985,4.85,-12.8));
#13742=VECTOR('',#15878,1000.0);
#13743=CARTESIAN_POINT('',(1.7,5.9,-12.8));
#13744=CARTESIAN_POINT('',(1.7,-1.298628,-12.8));
#13745=VECTOR('',#15879,1000.0);
#13746=CARTESIAN_POINT('',(0.500000000001493,5.9,-12.8));
#13747=CARTESIAN_POINT('',(-32.4710939999985,5.9,-12.8));
#13748=VECTOR('',#15880,1000.0);
#13749=CARTESIAN_POINT('',(0.500000000001493,-1.298628,-12.8));
#13750=VECTOR('',#15881,1000.0);
#13751=CARTESIAN_POINT('',(-7.89999999999854,5.5,-12.8));
#13752=CARTESIAN_POINT('',(-7.1,4.85,-12.8));
#13753=AXIS2_PLACEMENT_3D('',#15882,#15883,#15884);
#13754=CARTESIAN_POINT('',(-5.5,4.85,-12.8));
#13755=CARTESIAN_POINT('',(-32.4710939999985,4.85,-12.8));
#13756=VECTOR('',#15885,1000.0);
#13757=CARTESIAN_POINT('',(-4.6999999999985,5.5,-12.8));
#13758=AXIS2_PLACEMENT_3D('',#15886,#15887,#15888);
#13759=CARTESIAN_POINT('',(-4.6999999999985,5.9,-12.8));
#13760=CARTESIAN_POINT('',(-4.6999999999985,-1.298628,-12.8));
#13761=VECTOR('',#15889,1000.0);
#13762=CARTESIAN_POINT('',(-7.8999999999985,5.9,-12.8));
#13763=CARTESIAN_POINT('',(-32.4710939999985,5.9,-12.8));
#13764=VECTOR('',#15890,1000.0);
#13765=CARTESIAN_POINT('',(-7.8999999999985,-1.298628,-12.8));
#13766=VECTOR('',#15891,1000.0);
#13767=CARTESIAN_POINT('',(-3.69999999999852,5.5,-12.8));
#13768=CARTESIAN_POINT('',(-2.9,4.85,-12.8));
#13769=AXIS2_PLACEMENT_3D('',#15892,#15893,#15894);
#13770=CARTESIAN_POINT('',(-1.3,4.85,-12.8));
#13771=CARTESIAN_POINT('',(-32.4710939999985,4.85,-12.8));
#13772=VECTOR('',#15895,1000.0);
#13773=CARTESIAN_POINT('',(-0.499999999998507,5.5,-12.8));
#13774=AXIS2_PLACEMENT_3D('',#15896,#15897,#15898);
#13775=CARTESIAN_POINT('',(-0.499999999998507,5.9,-12.8));
#13776=CARTESIAN_POINT('',(-0.499999999998507,-1.298628,-12.8));
#13777=VECTOR('',#15899,1000.0);
#13778=CARTESIAN_POINT('',(-3.69999999999851,5.9,-12.8));
#13779=CARTESIAN_POINT('',(-32.4710939999985,5.9,-12.8));
#13780=VECTOR('',#15900,1000.0);
#13781=CARTESIAN_POINT('',(-3.69999999999851,-1.298628,-12.8));
#13782=VECTOR('',#15901,1000.0);
#13783=CARTESIAN_POINT('',(-0.499999999998498,1.3,-12.8));
#13784=CARTESIAN_POINT('',(-0.499999999998507,3.55,-12.8));
#13785=CARTESIAN_POINT('',(-0.499999999998507,-1.298628,-12.8));
#13786=VECTOR('',#15902,1000.0);
#13787=CARTESIAN_POINT('',(-2.9,3.55,-12.8));
#13788=CARTESIAN_POINT('',(-32.4710939999985,3.55,-12.8));
#13789=VECTOR('',#15903,1000.0);
#13790=CARTESIAN_POINT('',(-3.69999999999851,2.9,-12.8));
#13791=AXIS2_PLACEMENT_3D('',#15904,#15905,#15906);
#13792=CARTESIAN_POINT('',(-3.69999999999852,1.3,-12.8));
#13793=CARTESIAN_POINT('',(-3.69999999999851,-1.298628,-12.8));
#13794=VECTOR('',#15907,1000.0);
#13795=CARTESIAN_POINT('',(-2.9,0.65,-12.8));
#13796=AXIS2_PLACEMENT_3D('',#15908,#15909,#15910);
#13797=CARTESIAN_POINT('',(-1.3,0.65,-12.8));
#13798=CARTESIAN_POINT('',(-32.4710939999985,0.65,-12.8));
#13799=VECTOR('',#15911,1000.0);
#13800=AXIS2_PLACEMENT_3D('',#15912,#15913,#15914);
#13801=CARTESIAN_POINT('',(-13.0999999999985,2.9,-12.8));
#13802=CARTESIAN_POINT('',(-13.9,3.55,-12.8));
#13803=AXIS2_PLACEMENT_3D('',#15915,#15916,#15917);
#13804=CARTESIAN_POINT('',(-14.3,3.55,-12.8));
#13805=CARTESIAN_POINT('',(-24.0710939999985,3.55,-12.8));
#13806=VECTOR('',#15918,1000.0);
#13807=CARTESIAN_POINT('',(-14.3,0.65,-12.8));
#13808=CARTESIAN_POINT('',(-14.3,-1.298628,-12.8));
#13809=VECTOR('',#15919,1000.0);
#13810=CARTESIAN_POINT('',(-13.9,0.65,-12.8));
#13811=CARTESIAN_POINT('',(-24.0710939999985,0.65,-12.8));
#13812=VECTOR('',#15920,1000.0);
#13813=CARTESIAN_POINT('',(-13.0999999999985,1.3,-12.8));
#13814=AXIS2_PLACEMENT_3D('',#15921,#15922,#15923);
#13815=CARTESIAN_POINT('',(-13.0999999999985,-1.298628,-12.8));
#13816=VECTOR('',#15924,1000.0);
#13817=CARTESIAN_POINT('',(-14.3,5.9,-12.8));
#13818=CARTESIAN_POINT('',(-14.3,4.85,-12.8));
#13819=CARTESIAN_POINT('',(-14.3,-1.298628,-12.8));
#13820=VECTOR('',#15925,1000.0);
#13821=CARTESIAN_POINT('',(-13.9,4.85,-12.8));
#13822=CARTESIAN_POINT('',(-24.0710939999985,4.85,-12.8));
#13823=VECTOR('',#15926,1000.0);
#13824=CARTESIAN_POINT('',(-13.0999999999985,5.5,-12.8));
#13825=AXIS2_PLACEMENT_3D('',#15927,#15928,#15929);
#13826=CARTESIAN_POINT('',(-13.0999999999985,5.9,-12.8));
#13827=CARTESIAN_POINT('',(-13.0999999999985,-1.298628,-12.8));
#13828=VECTOR('',#15930,1000.0);
#13829=CARTESIAN_POINT('',(-24.0710939999985,5.9,-12.8));
#13830=VECTOR('',#15931,1000.0);
#13831=CARTESIAN_POINT('',(-9.7,3.55,-12.8));
#13832=CARTESIAN_POINT('',(-11.3,3.55,-12.8));
#13833=CARTESIAN_POINT('',(-24.0710939999985,3.55,-12.8));
#13834=VECTOR('',#15932,1000.0);
#13835=CARTESIAN_POINT('',(-12.0999999999985,2.9,-12.8));
#13836=AXIS2_PLACEMENT_3D('',#15933,#15934,#15935);
#13837=CARTESIAN_POINT('',(-12.0999999999985,1.3,-12.8));
#13838=CARTESIAN_POINT('',(-12.0999999999985,-1.298628,-12.8));
#13839=VECTOR('',#15936,1000.0);
#13840=CARTESIAN_POINT('',(-11.3,0.65,-12.8));
#13841=AXIS2_PLACEMENT_3D('',#15937,#15938,#15939);
#13842=CARTESIAN_POINT('',(-9.7,0.65,-12.8));
#13843=CARTESIAN_POINT('',(-32.4710939999985,0.65,-12.8));
#13844=VECTOR('',#15940,1000.0);
#13845=CARTESIAN_POINT('',(-8.8999999999985,1.3,-12.8));
#13846=AXIS2_PLACEMENT_3D('',#15941,#15942,#15943);
#13847=CARTESIAN_POINT('',(-8.8999999999985,2.9,-12.8));
#13848=CARTESIAN_POINT('',(-8.8999999999985,-1.298628,-12.8));
#13849=VECTOR('',#15944,1000.0);
#13850=AXIS2_PLACEMENT_3D('',#15945,#15946,#15947);
#13851=CARTESIAN_POINT('',(-8.8999999999985,5.9,-12.8));
#13852=CARTESIAN_POINT('',(-12.0999999999985,5.9,-12.8));
#13853=CARTESIAN_POINT('',(-32.4710939999985,5.9,-12.8));
#13854=VECTOR('',#15948,1000.0);
#13855=CARTESIAN_POINT('',(-12.0999999999985,5.5,-12.8));
#13856=CARTESIAN_POINT('',(-12.0999999999985,-1.298628,-12.8));
#13857=VECTOR('',#15949,1000.0);
#13858=CARTESIAN_POINT('',(-11.3,4.85,-12.8));
#13859=AXIS2_PLACEMENT_3D('',#15950,#15951,#15952);
#13860=CARTESIAN_POINT('',(-9.7,4.85,-12.8));
#13861=CARTESIAN_POINT('',(-32.4710939999985,4.85,-12.8));
#13862=VECTOR('',#15953,1000.0);
#13863=CARTESIAN_POINT('',(-8.8999999999985,5.5,-12.8));
#13864=AXIS2_PLACEMENT_3D('',#15954,#15955,#15956);
#13865=CARTESIAN_POINT('',(-8.8999999999985,-1.298628,-12.8));
#13866=VECTOR('',#15957,1000.0);
#13867=CARTESIAN_POINT('',(-10.3,6.7,-12.8));
#13868=CARTESIAN_POINT('',(-10.7,6.7,-12.8));
#13869=AXIS2_PLACEMENT_3D('',#15958,#15959,#15960);
#13870=CARTESIAN_POINT('',(2.3,6.7,-12.8));
#13871=CARTESIAN_POINT('',(-11.4710939999985,6.7,-12.8));
#13872=VECTOR('',#15961,1000.0);
#13873=CARTESIAN_POINT('',(2.7,6.3,-12.8));
#13874=AXIS2_PLACEMENT_3D('',#15962,#15963,#15964);
#13875=CARTESIAN_POINT('',(2.7,5.9,-12.8));
#13876=CARTESIAN_POINT('',(2.7,-1.298628,-12.8));
#13877=VECTOR('',#15965,1000.0);
#13878=AXIS2_PLACEMENT_3D('',#15966,#15967,#15968);
#13879=CARTESIAN_POINT('',(2.7,-0.150000000000002,-12.8));
#13880=CARTESIAN_POINT('',(2.7,-1.298628,-12.8));
#13881=VECTOR('',#15969,1000.0);
#13882=AXIS2_PLACEMENT_3D('',#15970,#15971,#15972);
#13883=CARTESIAN_POINT('',(2.7,-2.5,-12.8));
#13884=CARTESIAN_POINT('',(2.7,-1.298628,-12.8));
#13885=VECTOR('',#15973,1000.0);
#13886=CARTESIAN_POINT('',(2.3,-2.9,-12.8));
#13887=AXIS2_PLACEMENT_3D('',#15974,#15975,#15976);
#13888=CARTESIAN_POINT('',(1.475,-2.9,-12.8));
#13889=CARTESIAN_POINT('',(-32.4710939999985,-2.9,-12.8));
#13890=VECTOR('',#15977,1000.0);
#13891=CARTESIAN_POINT('',(1.475,-3.3,-12.8));
#13892=CARTESIAN_POINT('',(1.475,-1.298628,-12.8));
#13893=VECTOR('',#15978,1000.0);
#13894=CARTESIAN_POINT('',(0.700000000001492,-3.3,-12.8));
#13895=CARTESIAN_POINT('',(-32.4710939999985,-3.3,-12.8));
#13896=VECTOR('',#15979,1000.0);
#13897=CARTESIAN_POINT('',(0.700000000001492,-2.1,-12.8));
#13898=CARTESIAN_POINT('',(0.700000000001482,-1.298628,-12.8));
#13899=VECTOR('',#15980,1000.0);
#13900=CARTESIAN_POINT('',(1.7,-2.1,-12.8));
#13901=CARTESIAN_POINT('',(-32.4710939999985,-2.1,-12.8));
#13902=VECTOR('',#15981,1000.0);
#13903=CARTESIAN_POINT('',(1.7,-0.65,-12.8));
#13904=CARTESIAN_POINT('',(1.7,-1.298628,-12.8));
#13905=VECTOR('',#15982,1000.0);
#13906=CARTESIAN_POINT('',(1.3,-0.65,-12.8));
#13907=CARTESIAN_POINT('',(-32.4710939999985,-0.64999999999996,-12.8));
#13908=VECTOR('',#15983,1000.0);
#13909=CARTESIAN_POINT('',(0.500000000001433,-1.3,-12.8));
#13910=AXIS2_PLACEMENT_3D('',#15984,#15985,#15986);
#13911=CARTESIAN_POINT('',(-0.499999999998428,-1.3,-12.8));
#13912=CARTESIAN_POINT('',(-32.4710939999985,-1.3,-12.8));
#13913=VECTOR('',#15987,1000.0);
#13914=CARTESIAN_POINT('',(-1.3,-0.65,-12.8));
#13915=AXIS2_PLACEMENT_3D('',#15988,#15989,#15990);
#13916=CARTESIAN_POINT('',(-2.9,-0.65,-12.8));
#13917=CARTESIAN_POINT('',(-32.4710939999985,-0.65,-12.8));
#13918=VECTOR('',#15991,1000.0);
#13919=CARTESIAN_POINT('',(-3.69999999999858,-1.3,-12.8));
#13920=AXIS2_PLACEMENT_3D('',#15992,#15993,#15994);
#13921=CARTESIAN_POINT('',(-4.69999999999842,-1.3,-12.8));
#13922=CARTESIAN_POINT('',(-32.4710939999985,-1.3,-12.8));
#13923=VECTOR('',#15995,1000.0);
#13924=CARTESIAN_POINT('',(-5.5,-0.65,-12.8));
#13925=AXIS2_PLACEMENT_3D('',#15996,#15997,#15998);
#13926=CARTESIAN_POINT('',(-7.1,-0.65,-12.8));
#13927=CARTESIAN_POINT('',(-32.4710939999985,-0.65,-12.8));
#13928=VECTOR('',#15999,1000.0);
#13929=CARTESIAN_POINT('',(-7.89999999999856,-1.3,-12.8));
#13930=AXIS2_PLACEMENT_3D('',#16000,#16001,#16002);
#13931=CARTESIAN_POINT('',(-8.89999999999842,-1.3,-12.8));
#13932=CARTESIAN_POINT('',(-32.4710939999985,-1.3,-12.8));
#13933=VECTOR('',#16003,1000.0);
#13934=CARTESIAN_POINT('',(-9.7,-0.65,-12.8));
#13935=AXIS2_PLACEMENT_3D('',#16004,#16005,#16006);
#13936=CARTESIAN_POINT('',(-11.3,-0.65000000000001,-12.8));
#13937=CARTESIAN_POINT('',(-32.4710939999985,-0.649999999999974,-12.8));
#13938=VECTOR('',#16007,1000.0);
#13939=CARTESIAN_POINT('',(-12.0999999999987,-1.3,-12.8));
#13940=AXIS2_PLACEMENT_3D('',#16008,#16009,#16010);
#13941=CARTESIAN_POINT('',(-13.0999999999982,-1.3,-12.8));
#13942=CARTESIAN_POINT('',(-24.0710939999985,-1.3,-12.8));
#13943=VECTOR('',#16011,1000.0);
#13944=CARTESIAN_POINT('',(-13.9,-0.65,-12.8));
#13945=AXIS2_PLACEMENT_3D('',#16012,#16013,#16014);
#13946=CARTESIAN_POINT('',(-14.3,-0.65,-12.8));
#13947=CARTESIAN_POINT('',(-24.0710939999985,-0.65,-12.8));
#13948=VECTOR('',#16015,1000.0);
#13949=CARTESIAN_POINT('',(-14.3,-2.1,-12.8));
#13950=CARTESIAN_POINT('',(-14.3,-1.298628,-12.8));
#13951=VECTOR('',#16016,1000.0);
#13952=CARTESIAN_POINT('',(-13.3,-2.1,-12.8));
#13953=CARTESIAN_POINT('',(-24.0710939999985,-2.1,-12.8));
#13954=VECTOR('',#16017,1000.0);
#13955=CARTESIAN_POINT('',(-13.3,-3.3,-12.8));
#13956=CARTESIAN_POINT('',(-13.3,-1.298628,-12.8));
#13957=VECTOR('',#16018,1000.0);
#13958=CARTESIAN_POINT('',(-14.075,-3.3,-12.8));
#13959=CARTESIAN_POINT('',(-11.4710939999985,-3.3,-12.8));
#13960=VECTOR('',#16019,1000.0);
#13961=CARTESIAN_POINT('',(-14.075,-2.9,-12.8));
#13962=CARTESIAN_POINT('',(-14.075,-1.298628,-12.8));
#13963=VECTOR('',#16020,1000.0);
#13964=CARTESIAN_POINT('',(-14.9,-2.9,-12.8));
#13965=CARTESIAN_POINT('',(-11.4710939999985,-2.9,-12.8));
#13966=VECTOR('',#16021,1000.0);
#13967=CARTESIAN_POINT('',(-15.3,-2.5,-12.8));
#13968=AXIS2_PLACEMENT_3D('',#16022,#16023,#16024);
#13969=CARTESIAN_POINT('',(-15.3,6.3,-12.8));
#13970=CARTESIAN_POINT('',(-15.3,-1.298628,-12.8));
#13971=VECTOR('',#16025,1000.0);
#13972=CARTESIAN_POINT('',(-14.9,6.7,-12.8));
#13973=AXIS2_PLACEMENT_3D('',#16026,#16027,#16028);
#13974=CARTESIAN_POINT('',(-11.4710939999985,6.7,-12.8));
#13975=VECTOR('',#16029,1000.0);
#13976=CARTESIAN_POINT('',(-14.4,-1.05,-9.1));
#13977=CARTESIAN_POINT('',(-14.4,1.6,-9.1));
#13978=CARTESIAN_POINT('',(-14.4,24.298628,-9.1));
#13979=VECTOR('',#16030,1000.0);
#13980=CARTESIAN_POINT('',(-13.45,-2.0,-9.1));
#13981=CARTESIAN_POINT('',(-5.328906,-10.121094,-9.1));
#13982=VECTOR('',#16031,1000.0);
#13983=CARTESIAN_POINT('',(-11.75,-2.0,-9.1));
#13984=CARTESIAN_POINT('',(-5.328906,-2.0,-9.1));
#13985=VECTOR('',#16032,1000.0);
#13986=CARTESIAN_POINT('',(-10.8,-1.05,-9.1));
#13987=CARTESIAN_POINT('',(-5.328906,4.421094,-9.1));
#13988=VECTOR('',#16033,1000.0);
#13989=CARTESIAN_POINT('',(-10.8,1.6,-9.1));
#13990=CARTESIAN_POINT('',(-10.8,24.298628,-9.1));
#13991=VECTOR('',#16034,1000.0);
#13992=CARTESIAN_POINT('',(-5.328906,1.6,-9.1));
#13993=VECTOR('',#16035,1000.0);
#13994=CARTESIAN_POINT('',(-14.4776691897962,1.67766918979623,-0.199992384612843));
#13995=CARTESIAN_POINT('',(-14.4466062912337,1.64660629123367,-3.759448));
#13996=VECTOR('',#16036,1000.0);
#13997=CARTESIAN_POINT('',(-14.4776691897962,-1.08217163179214,-0.199992384612843));
#13998=CARTESIAN_POINT('',(-14.4776691897962,6.6,-0.199992384612843));
#13999=VECTOR('',#16037,1000.0);
#14000=CARTESIAN_POINT('',(-14.4466062912337,-1.0693049579209,-3.759448));
#14001=VECTOR('',#16038,1000.0);
#14002=CARTESIAN_POINT('',(-13.4821716317921,-2.07766918979624,-0.199992384612843));
#14003=CARTESIAN_POINT('',(-12.053581,-3.50625982158836,-0.199992384612842));
#14004=VECTOR('',#16039,1000.0);
#14005=CARTESIAN_POINT('',(-13.4693049579209,-2.04660629123367,-3.759448));
#14006=VECTOR('',#16040,1000.0);
#14007=CARTESIAN_POINT('',(-11.7178283682079,-2.07766918979623,-0.199992384612842));
#14008=CARTESIAN_POINT('',(-12.053581,-2.07766918979623,-0.199992384612842));
#14009=VECTOR('',#16041,1000.0);
#14010=CARTESIAN_POINT('',(-11.7306950420791,-2.04660629123367,-3.759448));
#14011=VECTOR('',#16042,1000.0);
#14012=CARTESIAN_POINT('',(-10.7223308102038,-1.08217163179214,-0.199992384612842));
#14013=CARTESIAN_POINT('',(-12.053581,-2.41342182158836,-0.199992384612842));
#14014=VECTOR('',#16043,1000.0);
#14015=CARTESIAN_POINT('',(-10.7533937087663,-1.0693049579209,-3.759448));
#14016=VECTOR('',#16044,1000.0);
#14017=CARTESIAN_POINT('',(-10.7223308102037,1.67766918979622,-0.199992384612842));
#14018=CARTESIAN_POINT('',(-10.7223308102038,6.6,-0.199992384612842));
#14019=VECTOR('',#16045,1000.0);
#14020=CARTESIAN_POINT('',(-10.7533937087663,1.64660629123367,-3.759448));
#14021=VECTOR('',#16046,1000.0);
#14022=CARTESIAN_POINT('',(-12.053581,1.67766918979623,-0.199992384612842));
#14023=VECTOR('',#16047,1000.0);
#14024=CARTESIAN_POINT('',(-10.5205855031041,1.87941449689591,-1.28840013615325E-15));
#14025=CARTESIAN_POINT('',(-14.6794144968959,1.87941449689591,-1.79770979769808E-15));
#14026=CARTESIAN_POINT('',(-3.071094,1.8794144968959,-3.76100543698064E-16));
#14027=VECTOR('',#16048,1000.0);
#14028=CARTESIAN_POINT('',(-12.053581,-0.746418999999986,-2.6030181826287));
#14029=VECTOR('',#16049,1000.0);
#14030=CARTESIAN_POINT('',(-12.053581,0.346419,-1.51967562186451));
#14031=VECTOR('',#16050,1000.0);
#14032=CARTESIAN_POINT('',(-14.6794144968959,-1.16573727413798,-1.79770979769808E-15));
#14033=CARTESIAN_POINT('',(-14.6794144968959,-1.298628,-1.79770979769808E-15));
#14034=VECTOR('',#16051,1000.0);
#14035=CARTESIAN_POINT('',(-12.053581,-0.0780814271901724,-2.6030181826287));
#14036=VECTOR('',#16052,1000.0);
#14037=CARTESIAN_POINT('',(-13.565737274138,-2.27941449689591,-1.6613236730847E-15));
#14038=CARTESIAN_POINT('',(-3.071094,-12.7740577710339,-3.76100543698064E-16));
#14039=VECTOR('',#16053,1000.0);
#14040=CARTESIAN_POINT('',(-9.8877633635916,6.6,-8.80226313429246));
#14041=VECTOR('',#16054,1000.0);
#14042=CARTESIAN_POINT('',(-11.634262725862,-2.2794144968959,-1.42478626076663E-15));
#14043=CARTESIAN_POINT('',(-3.071094,-2.27941449689591,-3.76100543698064E-16));
#14044=VECTOR('',#16055,1000.0);
#14045=CARTESIAN_POINT('',(-15.3122366364086,6.6,-8.80226313429246));
#14046=VECTOR('',#16056,1000.0);
#14047=CARTESIAN_POINT('',(-10.5205855031041,-1.16573727413795,-1.28840013615325E-15));
#14048=CARTESIAN_POINT('',(-3.071094,6.28375422896617,-3.76100543698064E-16));
#14049=VECTOR('',#16057,1000.0);
#14050=CARTESIAN_POINT('',(-12.053581,-0.530749748266804,-1.51967562186451));
#14051=VECTOR('',#16058,1000.0);
#14052=CARTESIAN_POINT('',(-10.5205855031041,-1.298628,-1.28840013615325E-15));
#14053=VECTOR('',#16059,1000.0);
#14054=CARTESIAN_POINT('',(-2.32233081020377,3.11782836820786,-0.199992384612841));
#14055=CARTESIAN_POINT('',(-2.32233081020377,5.87766918979623,-0.199992384612841));
#14056=CARTESIAN_POINT('',(-2.32233081020377,10.8,-0.199992384612841));
#14057=VECTOR('',#16060,1000.0);
#14058=CARTESIAN_POINT('',(-2.4,5.8,-9.1));
#14059=CARTESIAN_POINT('',(-2.35339370876632,5.84660629123367,-3.759448));
#14060=VECTOR('',#16061,1000.0);
#14061=CARTESIAN_POINT('',(-2.4,3.15,-9.1));
#14062=CARTESIAN_POINT('',(-2.4,24.298628,-9.1));
#14063=VECTOR('',#16062,1000.0);
#14064=CARTESIAN_POINT('',(-2.35339370876632,3.1306950420791,-3.759448));
#14065=VECTOR('',#16063,1000.0);
#14066=CARTESIAN_POINT('',(-6.0,5.8,-9.1));
#14067=CARTESIAN_POINT('',(-5.328906,5.8,-9.1));
#14068=VECTOR('',#16064,1000.0);
#14069=CARTESIAN_POINT('',(-6.07766918979622,5.87766918979623,-0.199992384612845));
#14070=CARTESIAN_POINT('',(-9.528906,5.87766918979623,-0.199992384612842));
#14071=VECTOR('',#16065,1000.0);
#14072=CARTESIAN_POINT('',(-6.0466062912337,5.84660629123367,-3.759448));
#14073=VECTOR('',#16066,1000.0);
#14074=CARTESIAN_POINT('',(-6.0,3.15,-9.1));
#14075=CARTESIAN_POINT('',(-6.0,24.298628,-9.1));
#14076=VECTOR('',#16067,1000.0);
#14077=CARTESIAN_POINT('',(-6.07766918979622,3.11782836820786,-0.199992384612842));
#14078=CARTESIAN_POINT('',(-6.0776691897962,10.8,-0.199992384612842));
#14079=VECTOR('',#16068,1000.0);
#14080=CARTESIAN_POINT('',(-6.0466062912337,3.1306950420791,-3.759448));
#14081=VECTOR('',#16069,1000.0);
#14082=CARTESIAN_POINT('',(-5.05,2.2,-9.1));
#14083=CARTESIAN_POINT('',(-5.328906,2.478906,-9.1));
#14084=VECTOR('',#16070,1000.0);
#14085=CARTESIAN_POINT('',(-5.08217163179212,2.12233081020377,-0.199992384612842));
#14086=CARTESIAN_POINT('',(-3.653581,0.693740178411638,-0.199992384612841));
#14087=VECTOR('',#16071,1000.0);
#14088=CARTESIAN_POINT('',(-5.0693049579209,2.15339370876633,-3.759448));
#14089=VECTOR('',#16072,1000.0);
#14090=CARTESIAN_POINT('',(-3.31782836820788,2.12233081020377,-0.199992384612841));
#14091=CARTESIAN_POINT('',(-3.653581,2.12233081020377,-0.199992384612841));
#14092=VECTOR('',#16073,1000.0);
#14093=CARTESIAN_POINT('',(-3.35,2.2,-9.1));
#14094=CARTESIAN_POINT('',(-3.33069504207909,2.15339370876633,-3.759448));
#14095=VECTOR('',#16074,1000.0);
#14096=CARTESIAN_POINT('',(-5.328906,2.2,-9.1));
#14097=VECTOR('',#16075,1000.0);
#14098=CARTESIAN_POINT('',(-5.328906,0.221093999999998,-9.1));
#14099=VECTOR('',#16076,1000.0);
#14100=CARTESIAN_POINT('',(-3.653581,1.78657817841163,-0.199992384612841));
#14101=VECTOR('',#16077,1000.0);
#14102=CARTESIAN_POINT('',(-2.12058550310409,3.03426272586206,-2.5969682486947E-16));
#14103=CARTESIAN_POINT('',(-3.23426272586208,1.9205855031041,-3.96082949482859E-16));
#14104=CARTESIAN_POINT('',(-3.071094,2.08375422896617,-3.76100543698064E-16));
#14105=VECTOR('',#16078,1000.0);
#14106=CARTESIAN_POINT('',(-3.653581,3.6692502517332,-1.51967562186451));
#14107=VECTOR('',#16079,1000.0);
#14108=CARTESIAN_POINT('',(-6.9122366364086,10.8,-8.80226313429246));
#14109=VECTOR('',#16080,1000.0);
#14110=CARTESIAN_POINT('',(-6.2794144968959,6.0794144968959,-7.69006486414305E-16));
#14111=CARTESIAN_POINT('',(-6.2794144968959,3.03426272586206,-7.69006486414305E-16));
#14112=CARTESIAN_POINT('',(-6.2794144968959,-1.298628,-7.69006486414305E-16));
#14113=VECTOR('',#16081,1000.0);
#14114=CARTESIAN_POINT('',(-3.653581,4.12191857280983,-2.6030181826287));
#14115=VECTOR('',#16082,1000.0);
#14116=CARTESIAN_POINT('',(-9.528906,9.328906,3.22125735576019));
#14117=VECTOR('',#16083,1000.0);
#14118=CARTESIAN_POINT('',(-2.12058550310409,6.0794144968959,-2.5969682486947E-16));
#14119=CARTESIAN_POINT('',(-9.528906,-1.32890599999996,-7.3439511602534));
#14120=VECTOR('',#16084,1000.0);
#14121=CARTESIAN_POINT('',(-3.071094,6.0794144968959,-3.76100543698064E-16));
#14122=VECTOR('',#16085,1000.0);
#14123=CARTESIAN_POINT('',(-2.12058550310409,-1.298628,-2.5969682486947E-16));
#14124=VECTOR('',#16086,1000.0);
#14125=CARTESIAN_POINT('',(-5.16573727413794,1.92058550310409,-6.3262036180092E-16));
#14126=CARTESIAN_POINT('',(-3.071094,-0.174057771033863,-3.76100543698064E-16));
#14127=VECTOR('',#16087,1000.0);
#14128=CARTESIAN_POINT('',(-1.48776336359156,10.8,-8.80226313429246));
#14129=VECTOR('',#16088,1000.0);
#14130=CARTESIAN_POINT('',(-3.071094,1.9205855031041,-3.76100543698064E-16));
#14131=VECTOR('',#16089,1000.0);
#14132=CARTESIAN_POINT('',(2.7,6.3,3.30654635769785E-16));
#14133=CARTESIAN_POINT('',(2.7,6.3,3.30654635769785E-16));
#14134=VECTOR('',#16090,1000.0);
#14135=CARTESIAN_POINT('',(2.3,6.7,2.81668763803891E-16));
#14136=CARTESIAN_POINT('',(2.3,6.7,2.81668763803891E-16));
#14137=VECTOR('',#16091,1000.0);
#14138=AXIS2_PLACEMENT_3D('',#16092,#16093,#16094);
#14139=CARTESIAN_POINT('',(0.700000000001492,-2.1,-12.5856406460551));
#14140=CARTESIAN_POINT('',(0.700000000001492,-3.3,-12.2641016151378));
#14141=CARTESIAN_POINT('',(0.700000000001492,-1.298628,-12.800367626292));
#14142=VECTOR('',#16095,1000.0);
#14143=CARTESIAN_POINT('',(0.70000000000149,-2.1,8.57252759404972E-17));
#14144=VECTOR('',#16096,1000.0);
#14145=CARTESIAN_POINT('',(0.70000000000149,-3.3,8.57252759404972E-17));
#14146=VECTOR('',#16097,1000.0);
#14147=CARTESIAN_POINT('',(-14.3,-0.65,-10.3));
#14148=CARTESIAN_POINT('',(-14.3,-0.65,-12.8));
#14149=VECTOR('',#16098,1000.0);
#14150=CARTESIAN_POINT('',(-14.3,-2.1,-10.3));
#14151=CARTESIAN_POINT('',(-14.3,-1.298628,-10.3));
#14152=VECTOR('',#16099,1000.0);
#14153=CARTESIAN_POINT('',(-14.3,-2.1,-12.8));
#14154=VECTOR('',#16100,1000.0);
#14155=CARTESIAN_POINT('',(-13.9,-0.65,-10.3));
#14156=CARTESIAN_POINT('',(-13.9,-0.65,-12.8));
#14157=VECTOR('',#16101,1000.0);
#14158=CARTESIAN_POINT('',(-24.0710939999985,-0.65,-10.3));
#14159=VECTOR('',#16102,1000.0);
#14160=CARTESIAN_POINT('',(-15.3,6.3,-1.87370960269545E-15));
#14161=CARTESIAN_POINT('',(-15.3,6.3,-1.87370960269545E-15));
#14162=VECTOR('',#16103,1000.0);
#14163=CARTESIAN_POINT('',(-14.9,6.7,-1.82472373072956E-15));
#14164=AXIS2_PLACEMENT_3D('',#16104,#16105,#16106);
#14165=CARTESIAN_POINT('',(-14.9,6.7,-1.82472373072956E-15));
#14166=VECTOR('',#16107,1000.0);
#14167=CARTESIAN_POINT('',(-9.0999999999985,-2.1,-12.8));
#14168=CARTESIAN_POINT('',(-9.0999999999985,-2.1,-12.5856406460551));
#14169=CARTESIAN_POINT('',(-9.0999999999985,-2.1,-1.11442858722391E-15));
#14170=VECTOR('',#16108,1000.0);
#14171=CARTESIAN_POINT('',(-9.0999999999985,-2.9,-12.3712812921102));
#14172=CARTESIAN_POINT('',(-9.0999999999985,-1.298628,-12.800367626292));
#14173=VECTOR('',#16109,1000.0);
#14174=CARTESIAN_POINT('',(-9.099999999999,-2.9,-12.8));
#14175=CARTESIAN_POINT('',(-9.0999999999985,-2.9,-1.11442858722391E-15));
#14176=VECTOR('',#16110,1000.0);
#14177=CARTESIAN_POINT('',(-9.0999999999985,-1.298628,-12.8));
#14178=VECTOR('',#16111,1000.0);
#14179=CARTESIAN_POINT('',(-11.9,-2.1,-12.8));
#14180=CARTESIAN_POINT('',(-32.4710939999985,-2.1,-12.8));
#14181=VECTOR('',#16112,1000.0);
#14182=CARTESIAN_POINT('',(-11.9,-2.9,-12.8));
#14183=CARTESIAN_POINT('',(-32.4710939999985,-2.9,-12.8));
#14184=VECTOR('',#16113,1000.0);
#14185=CARTESIAN_POINT('',(-11.9,-1.298628,-12.8));
#14186=VECTOR('',#16114,1000.0);
#14187=CARTESIAN_POINT('',(-12.0999999999985,-2.1,-10.3));
#14188=CARTESIAN_POINT('',(-8.8999999999985,-2.1,-10.3));
#14189=CARTESIAN_POINT('',(-32.4710939999985,-2.1,-10.3));
#14190=VECTOR('',#16115,1000.0);
#14191=CARTESIAN_POINT('',(-12.0999999999985,-1.3,-10.3));
#14192=CARTESIAN_POINT('',(-12.0999999999985,-1.298628,-10.3));
#14193=VECTOR('',#16116,1000.0);
#14194=CARTESIAN_POINT('',(-11.3,-0.65000000000001,-10.3));
#14195=AXIS2_PLACEMENT_3D('',#16117,#16118,#16119);
#14196=CARTESIAN_POINT('',(-9.7,-0.65,-10.3));
#14197=CARTESIAN_POINT('',(-32.4710939999985,-0.649999999999974,-10.3));
#14198=VECTOR('',#16120,1000.0);
#14199=CARTESIAN_POINT('',(-8.8999999999985,-1.3,-10.3));
#14200=AXIS2_PLACEMENT_3D('',#16121,#16122,#16123);
#14201=CARTESIAN_POINT('',(-8.8999999999985,-1.298628,-10.3));
#14202=VECTOR('',#16124,1000.0);
#14203=CARTESIAN_POINT('',(-8.8999999999985,-2.1,-12.5856406460551));
#14204=CARTESIAN_POINT('',(-8.8999999999985,-2.1,-12.8));
#14205=VECTOR('',#16125,1000.0);
#14206=CARTESIAN_POINT('',(-32.4710939999985,-2.1,-12.5856406460551));
#14207=VECTOR('',#16126,1000.0);
#14208=CARTESIAN_POINT('',(-11.9,-2.1,-12.5856406460551));
#14209=CARTESIAN_POINT('',(-11.9,-2.1,-1.45732969098535E-15));
#14210=VECTOR('',#16127,1000.0);
#14211=CARTESIAN_POINT('',(-12.0999999999985,-2.1,-12.5856406460551));
#14212=CARTESIAN_POINT('',(-24.0710939999985,-2.1,-12.5856406460551));
#14213=VECTOR('',#16128,1000.0);
#14214=CARTESIAN_POINT('',(-12.0999999999985,-2.1,-12.8));
#14215=VECTOR('',#16129,1000.0);
#14216=CARTESIAN_POINT('',(0.785000000000001,-6.2,-6.9007101824114));
#14217=CARTESIAN_POINT('',(0.785000000000001,-6.2,-6.2992898175886));
#14218=CARTESIAN_POINT('',(0.785,-6.2,9.61347737330672E-17));
#14219=VECTOR('',#16130,1000.0);
#14220=CARTESIAN_POINT('',(-32.4710939999985,-6.2,-6.9007101824114));
#14221=VECTOR('',#16131,1000.0);
#14222=CARTESIAN_POINT('',(1.01547329937682,-6.2,-6.2992898175886));
#14223=AXIS2_PLACEMENT_3D('',#16132,#16133,#16134);
#14224=CARTESIAN_POINT('',(-32.4710939999985,-6.2,-6.2992898175886));
#14225=VECTOR('',#16135,1000.0);
#14226=CARTESIAN_POINT('',(0.621169591142151,-6.11471528727013,-6.13545940873075));
#14227=CARTESIAN_POINT('',(1.11741046176372,-6.11471528727021,-6.13545940873081));
#14228=CARTESIAN_POINT('',(-32.4710939999985,-6.1147152872702,-6.1354594087308));
#14229=VECTOR('',#16136,1000.0);
#14230=AXIS2_PLACEMENT_3D('',#16137,#16138,#16139);
#14231=CARTESIAN_POINT('',(1.11741046176372,-6.11471528727021,-6.13545940873081));
#14232=CARTESIAN_POINT('',(1.11596379387024,-6.11825517468863,-6.1379380645856));
#14233=CARTESIAN_POINT('',(1.11445628303635,-6.1216900965842,-6.14051441349156));
#14234=CARTESIAN_POINT('',(1.11133545623023,-6.12833090993733,-6.14583214158583));
#14235=CARTESIAN_POINT('',(1.10971910466333,-6.13154461459937,-6.14857874507864));
#14236=CARTESIAN_POINT('',(1.10804137437466,-6.13466505980939,-6.15142054536975));
#14237=CARTESIAN_POINT('',(1.10468730392337,-6.14090336470523,-6.15710179130612));
#14238=CARTESIAN_POINT('',(1.10109989241172,-6.14674173098766,-6.16314299315653));
#14239=CARTESIAN_POINT('',(1.09731703948937,-6.15213736749963,-6.16946600848462));
#14240=CARTESIAN_POINT('',(1.09353421503076,-6.1575329634126,-6.17578897623573));
#14241=CARTESIAN_POINT('',(1.0895574329086,-6.1624834895896,-6.18239114083585));
#14242=CARTESIAN_POINT('',(1.08543318842341,-6.16696232710965,-6.18918268191558));
#14243=CARTESIAN_POINT('',(1.08130771627135,-6.17144249784853,-6.19597624463828));
#14244=CARTESIAN_POINT('',(1.07704170742903,-6.17544474133021,-6.20294779127259));
#14245=CARTESIAN_POINT('',(1.07267000521932,-6.17897706460526,-6.21003058643976));
#14246=CARTESIAN_POINT('',(1.06829148427533,-6.18251489739872,-6.21712442895094));
#14247=CARTESIAN_POINT('',(1.06377661564508,-6.18560524528185,-6.22437897522723));
#14248=CARTESIAN_POINT('',(1.0545432054377,-6.19088117695738,-6.23907858961306));
#14249=CARTESIAN_POINT('',(1.04983920614476,-6.19306079627722,-6.24650078769017));
#14250=CARTESIAN_POINT('',(1.04025006823175,-6.19654503467741,-6.26148471694597));
#14251=CARTESIAN_POINT('',(1.03536642771654,-6.19784641846153,-6.26904370465261));
#14252=CARTESIAN_POINT('',(1.02548638380619,-6.19957396021938,-6.28418129890769));
#14253=CARTESIAN_POINT('',(1.02049062870593,-6.2,-6.29175887630571));
#14254=CARTESIAN_POINT('',(1.01547329937682,-6.2,-6.2992898175886));
#14255=CARTESIAN_POINT('',(1.08426242211008,-3.3,-7.6));
#14256=CARTESIAN_POINT('',(1.08426242211008,-5.1,-7.6));
#14257=CARTESIAN_POINT('',(1.08426242211007,-2.9,-7.6));
#14258=VECTOR('',#16140,1000.0);
#14259=CARTESIAN_POINT('',(-32.4710939999985,-5.1,-7.6));
#14260=VECTOR('',#16141,1000.0);
#14261=CARTESIAN_POINT('',(0.585000000000001,-5.35,-7.6));
#14262=CARTESIAN_POINT('',(-32.4710939999985,-5.35,-7.6));
#14263=VECTOR('',#16142,1000.0);
#14264=CARTESIAN_POINT('',(0.585000000000001,-3.3,-7.6));
#14265=CARTESIAN_POINT('',(0.585000000000001,-1.298628,-7.6));
#14266=VECTOR('',#16143,1000.0);
#14267=CARTESIAN_POINT('',(-32.4710939999985,-3.3,-7.6));
#14268=VECTOR('',#16144,1000.0);
#14269=CARTESIAN_POINT('',(0.621169591142142,-6.1147152872701,-7.0645405912692));
#14270=CARTESIAN_POINT('',(-32.4710939999985,-6.1147152872702,-7.0645405912692));
#14271=VECTOR('',#16145,1000.0);
#14272=CARTESIAN_POINT('',(0.585000000000001,-6.0,-7.14486510016369));
#14273=AXIS2_PLACEMENT_3D('',#16146,#16147,#16148);
#14274=CARTESIAN_POINT('',(0.585000000000001,-1.298628,-10.4368012144917));
#14275=VECTOR('',#16149,1000.0);
#14276=CARTESIAN_POINT('',(0.585,-3.3,-2.0));
#14277=CARTESIAN_POINT('',(0.585000000000001,-3.3,-5.6));
#14278=CARTESIAN_POINT('',(0.585,-3.3,7.16418377501201E-17));
#14279=VECTOR('',#16150,1000.0);
#14280=CARTESIAN_POINT('',(0.585,-2.9,-2.0));
#14281=CARTESIAN_POINT('',(0.585,-1.298628,-2.0));
#14282=VECTOR('',#16151,1000.0);
#14283=CARTESIAN_POINT('',(0.585000000000002,-2.9,-12.3712812921102));
#14284=CARTESIAN_POINT('',(0.585,-2.9,7.16418377501201E-17));
#14285=VECTOR('',#16152,1000.0);
#14286=CARTESIAN_POINT('',(0.585000000000002,-3.3,-12.2641016151378));
#14287=CARTESIAN_POINT('',(0.585000000000002,-1.298628,-12.800367626292));
#14288=VECTOR('',#16153,1000.0);
#14289=CARTESIAN_POINT('',(0.585,-3.3,7.16418377501201E-17));
#14290=VECTOR('',#16154,1000.0);
#14291=CARTESIAN_POINT('',(0.585000000000001,-6.0,-6.05513489983631));
#14292=CARTESIAN_POINT('',(0.585,-6.0,7.16418377501201E-17));
#14293=VECTOR('',#16155,1000.0);
#14294=CARTESIAN_POINT('',(0.585000000000001,-5.35,-5.6));
#14295=CARTESIAN_POINT('',(0.585,-1.298628,-2.76319878550825));
#14296=VECTOR('',#16156,1000.0);
#14297=CARTESIAN_POINT('',(0.585000000000001,-1.298628,-5.6));
#14298=VECTOR('',#16157,1000.0);
#14299=CARTESIAN_POINT('',(-32.4710939999985,-3.3,-5.6));
#14300=VECTOR('',#16158,1000.0);
#14301=CARTESIAN_POINT('',(1.38605453577528,-5.34999999999785,-5.6000000000105));
#14302=CARTESIAN_POINT('',(-32.4710939999985,-5.35,-5.6));
#14303=VECTOR('',#16159,1000.0);
#14304=CARTESIAN_POINT('',(1.38605453575886,-5.1,-5.6));
#14305=CARTESIAN_POINT('',(1.38605453575886,-5.12445208744279,-5.6));
#14306=VECTOR('',#16160,1000.0);
#14307=CARTESIAN_POINT('',(-32.4710939999985,-5.1,-5.6));
#14308=VECTOR('',#16161,1000.0);
#14309=CARTESIAN_POINT('',(1.475,-3.3,-2.0));
#14310=CARTESIAN_POINT('',(1.475,-3.3,1.80635402874235E-16));
#14311=VECTOR('',#16162,1000.0);
#14312=CARTESIAN_POINT('',(-32.4710939999985,-3.3,-2.0));
#14313=VECTOR('',#16163,1000.0);
#14314=CARTESIAN_POINT('',(1.475,-2.9,-2.0));
#14315=CARTESIAN_POINT('',(1.475,-1.298628,-2.0));
#14316=VECTOR('',#16164,1000.0);
#14317=CARTESIAN_POINT('',(-32.4710939999985,-2.9,-2.0));
#14318=VECTOR('',#16165,1000.0);
#14319=CARTESIAN_POINT('',(1.475,-3.3,1.80635402874235E-16));
#14320=VECTOR('',#16166,1000.0);
#14321=CARTESIAN_POINT('',(1.475,-2.9,1.80635402874235E-16));
#14322=VECTOR('',#16167,1000.0);
#14323=CARTESIAN_POINT('',(1.7,-0.65,-10.3));
#14324=CARTESIAN_POINT('',(1.7,-0.65,-12.8));
#14325=VECTOR('',#16168,1000.0);
#14326=CARTESIAN_POINT('',(1.3,-0.65,-10.3));
#14327=CARTESIAN_POINT('',(-32.4710939999985,-0.64999999999996,-10.3));
#14328=VECTOR('',#16169,1000.0);
#14329=CARTESIAN_POINT('',(1.3,-0.65,-12.8));
#14330=VECTOR('',#16170,1000.0);
#14331=CARTESIAN_POINT('',(1.7,-2.1,-10.3));
#14332=CARTESIAN_POINT('',(1.7,-2.1,-12.8));
#14333=VECTOR('',#16171,1000.0);
#14334=CARTESIAN_POINT('',(1.7,-1.298628,-10.3));
#14335=VECTOR('',#16172,1000.0);
#14336=CARTESIAN_POINT('',(0.500000000001493,-2.1,-12.5856406460551));
#14337=CARTESIAN_POINT('',(0.500000000001493,-1.298628,-12.800367626292));
#14338=VECTOR('',#16173,1000.0);
#14339=CARTESIAN_POINT('',(0.500000000001492,-1.3,-10.3));
#14340=CARTESIAN_POINT('',(0.500000000001493,-1.3,-12.8));
#14341=VECTOR('',#16174,1000.0);
#14342=CARTESIAN_POINT('',(0.500000000001492,-2.1,-10.3));
#14343=CARTESIAN_POINT('',(0.500000000001492,-1.298628,-10.3));
#14344=VECTOR('',#16175,1000.0);
#14345=CARTESIAN_POINT('',(0.500000000001493,-2.1,-12.8));
#14346=VECTOR('',#16176,1000.0);
#14347=CARTESIAN_POINT('',(-32.4710939999985,-2.1,-12.5856406460551));
#14348=VECTOR('',#16177,1000.0);
#14349=CARTESIAN_POINT('',(-32.4710939999985,-2.1,-10.3));
#14350=VECTOR('',#16178,1000.0);
#14351=CARTESIAN_POINT('',(-0.699999999998507,-2.1,-12.8));
#14352=CARTESIAN_POINT('',(-0.699999999998507,-2.1,-12.5856406460551));
#14353=CARTESIAN_POINT('',(-0.699999999998509,-2.1,-8.57252759401321E-17));
#14354=VECTOR('',#16179,1000.0);
#14355=CARTESIAN_POINT('',(-0.699999999998507,-2.9,-12.3712812921102));
#14356=CARTESIAN_POINT('',(-0.699999999998507,-1.298628,-12.800367626292));
#14357=VECTOR('',#16180,1000.0);
#14358=CARTESIAN_POINT('',(-0.699999999998507,-2.9,-12.8));
#14359=CARTESIAN_POINT('',(-0.699999999998509,-2.9,-8.57252759401321E-17));
#14360=VECTOR('',#16181,1000.0);
#14361=CARTESIAN_POINT('',(-0.699999999998507,-1.298628,-12.8));
#14362=VECTOR('',#16182,1000.0);
#14363=CARTESIAN_POINT('',(-4.8999999999985,-2.1,-12.8));
#14364=CARTESIAN_POINT('',(-4.8999999999985,-2.1,-12.5856406460551));
#14365=CARTESIAN_POINT('',(-4.8999999999985,-2.1,-6.00076931582019E-16));
#14366=VECTOR('',#16183,1000.0);
#14367=CARTESIAN_POINT('',(-4.8999999999985,-2.9,-12.3712812921102));
#14368=CARTESIAN_POINT('',(-4.8999999999985,-1.298628,-12.800367626292));
#14369=VECTOR('',#16184,1000.0);
#14370=CARTESIAN_POINT('',(-4.8999999999985,-2.9,-12.8));
#14371=CARTESIAN_POINT('',(-4.8999999999985,-2.9,-6.00076931582019E-16));
#14372=VECTOR('',#16185,1000.0);
#14373=CARTESIAN_POINT('',(-4.8999999999985,-1.298628,-12.8));
#14374=VECTOR('',#16186,1000.0);
#14375=CARTESIAN_POINT('',(-7.8999999999985,-2.1,-12.5856406460551));
#14376=CARTESIAN_POINT('',(-7.8999999999985,-1.298628,-12.800367626292));
#14377=VECTOR('',#16187,1000.0);
#14378=CARTESIAN_POINT('',(-7.8999999999985,-1.3,-10.3));
#14379=CARTESIAN_POINT('',(-7.8999999999985,-1.3,-12.8));
#14380=VECTOR('',#16188,1000.0);
#14381=CARTESIAN_POINT('',(-7.8999999999985,-2.1,-10.3));
#14382=CARTESIAN_POINT('',(-7.8999999999985,-1.298628,-10.3));
#14383=VECTOR('',#16189,1000.0);
#14384=CARTESIAN_POINT('',(-7.8999999999985,-2.1,-12.8));
#14385=VECTOR('',#16190,1000.0);
#14386=CARTESIAN_POINT('',(-4.6999999999985,-2.1,-12.5856406460551));
#14387=CARTESIAN_POINT('',(-32.4710939999985,-2.1,-12.5856406460551));
#14388=VECTOR('',#16191,1000.0);
#14389=CARTESIAN_POINT('',(-7.6999999999985,-2.1,-12.8));
#14390=CARTESIAN_POINT('',(-32.4710939999985,-2.1,-12.8));
#14391=VECTOR('',#16192,1000.0);
#14392=CARTESIAN_POINT('',(-7.6999999999985,-2.1,-12.5856406460551));
#14393=CARTESIAN_POINT('',(-7.6999999999985,-2.1,-9.42978035343278E-16));
#14394=VECTOR('',#16193,1000.0);
#14395=CARTESIAN_POINT('',(-32.4710939999985,-2.1,-12.5856406460551));
#14396=VECTOR('',#16194,1000.0);
#14397=CARTESIAN_POINT('',(-4.6999999999985,-2.1,-10.3));
#14398=CARTESIAN_POINT('',(-32.4710939999985,-2.1,-10.3));
#14399=VECTOR('',#16195,1000.0);
#14400=CARTESIAN_POINT('',(-4.6999999999985,-2.1,-12.8));
#14401=VECTOR('',#16196,1000.0);
#14402=CARTESIAN_POINT('',(-7.6999999999985,-2.9,-12.8));
#14403=CARTESIAN_POINT('',(-32.4710939999985,-2.9,-12.8));
#14404=VECTOR('',#16197,1000.0);
#14405=CARTESIAN_POINT('',(-7.6999999999985,-1.298628,-12.8));
#14406=VECTOR('',#16198,1000.0);
#14407=CARTESIAN_POINT('',(-3.69999999999851,-2.1,-12.5856406460551));
#14408=CARTESIAN_POINT('',(-3.69999999999851,-1.298628,-12.800367626292));
#14409=VECTOR('',#16199,1000.0);
#14410=CARTESIAN_POINT('',(-3.49999999999851,-2.1,-12.5856406460551));
#14411=CARTESIAN_POINT('',(-32.4710939999985,-2.1,-12.5856406460551));
#14412=VECTOR('',#16200,1000.0);
#14413=CARTESIAN_POINT('',(-3.49999999999851,-2.9,-12.3712812921102));
#14414=CARTESIAN_POINT('',(-3.49999999999851,-1.298628,-12.800367626292));
#14415=VECTOR('',#16201,1000.0);
#14416=CARTESIAN_POINT('',(-32.4710939999985,-2.9,-12.3712812921102));
#14417=VECTOR('',#16202,1000.0);
#14418=CARTESIAN_POINT('',(-4.6999999999985,-1.298628,-12.800367626292));
#14419=VECTOR('',#16203,1000.0);
#14420=CARTESIAN_POINT('',(-3.69999999999851,-1.3,-10.3));
#14421=CARTESIAN_POINT('',(-3.69999999999851,-1.3,-12.8));
#14422=VECTOR('',#16204,1000.0);
#14423=CARTESIAN_POINT('',(-3.69999999999851,-2.1,-10.3));
#14424=CARTESIAN_POINT('',(-3.69999999999851,-1.298628,-10.3));
#14425=VECTOR('',#16205,1000.0);
#14426=CARTESIAN_POINT('',(-3.69999999999851,-2.1,-12.8));
#14427=VECTOR('',#16206,1000.0);
#14428=CARTESIAN_POINT('',(-3.49999999999851,-2.1,-12.8));
#14429=CARTESIAN_POINT('',(-3.49999999999851,-2.1,-4.28626379701391E-16));
#14430=VECTOR('',#16207,1000.0);
#14431=CARTESIAN_POINT('',(-3.49999999999851,-2.9,-12.8));
#14432=CARTESIAN_POINT('',(-3.49999999999851,-1.298628,-12.8));
#14433=VECTOR('',#16208,1000.0);
#14434=CARTESIAN_POINT('',(-3.49999999999851,-2.9,-4.28626379701391E-16));
#14435=VECTOR('',#16209,1000.0);
#14436=CARTESIAN_POINT('',(-32.4710939999985,-2.1,-12.8));
#14437=VECTOR('',#16210,1000.0);
#14438=CARTESIAN_POINT('',(-32.4710939999985,-2.9,-12.8));
#14439=VECTOR('',#16211,1000.0);
#14440=CARTESIAN_POINT('',(-0.499999999998507,-2.1,-12.5856406460551));
#14441=CARTESIAN_POINT('',(-32.4710939999985,-2.1,-12.5856406460551));
#14442=VECTOR('',#16212,1000.0);
#14443=CARTESIAN_POINT('',(-0.499999999998508,-2.1,-10.3));
#14444=CARTESIAN_POINT('',(-32.4710939999985,-2.1,-10.3));
#14445=VECTOR('',#16213,1000.0);
#14446=CARTESIAN_POINT('',(-0.499999999998507,-2.1,-12.8));
#14447=VECTOR('',#16214,1000.0);
#14448=CARTESIAN_POINT('',(-0.499999999998507,-1.298628,-12.800367626292));
#14449=VECTOR('',#16215,1000.0);
#14450=CARTESIAN_POINT('',(-0.499999999998508,-1.3,-10.3));
#14451=CARTESIAN_POINT('',(-0.499999999998508,-1.298628,-10.3));
#14452=VECTOR('',#16216,1000.0);
#14453=CARTESIAN_POINT('',(-0.499999999998507,-1.3,-12.8));
#14454=VECTOR('',#16217,1000.0);
#14455=CARTESIAN_POINT('',(-32.4710939999985,-2.9,-12.3712812921102));
#14456=VECTOR('',#16218,1000.0);
#14457=CARTESIAN_POINT('',(-32.4710939999985,-3.3,-12.2641016151378));
#14458=VECTOR('',#16219,1000.0);
#14459=AXIS2_PLACEMENT_3D('',#16220,#16221,#16222);
#14460=AXIS2_PLACEMENT_3D('',#16223,#16224,#16225);
#14461=AXIS2_PLACEMENT_3D('',#16226,#16227,#16228);
#14462=AXIS2_PLACEMENT_3D('',#16229,#16230,#16231);
#14463=AXIS2_PLACEMENT_3D('',#16232,#16233,#16234);
#14464=AXIS2_PLACEMENT_3D('',#16235,#16236,#16237);
#14465=AXIS2_PLACEMENT_3D('',#16238,#16239,#16240);
#14466=CARTESIAN_POINT('',(1.11741046176372,-6.1147152872702,-6.1354594087308));
#14467=CARTESIAN_POINT('',(1.13026153559838,-6.08326967713027,-6.11344095546721));
#14468=CARTESIAN_POINT('',(1.14284293584125,-6.05174830124186,-6.09136945045541));
#14469=CARTESIAN_POINT('',(1.16752623732277,-5.98857597294438,-6.04713570997526));
#14470=CARTESIAN_POINT('',(1.17962807596266,-5.95692490817939,-6.02497339583445));
#14471=CARTESIAN_POINT('',(1.20340140455778,-5.89351174630151,-5.98057102186584));
#14472=CARTESIAN_POINT('',(1.21507284599649,-5.86174957399962,-5.95833090939014));
#14473=CARTESIAN_POINT('',(1.23802627181813,-5.79813077603575,-5.913784547484));
#14474=CARTESIAN_POINT('',(1.24930821810096,-5.76627410012267,-5.89147826289538));
#14475=CARTESIAN_POINT('',(1.28262234011026,-5.67058261024943,-5.82447436034362));
#14476=CARTESIAN_POINT('',(1.30411967398077,-5.60664192092021,-5.77970260764916));
#14477=CARTESIAN_POINT('',(1.3459303993206,-5.47850705518709,-5.68998160875534));
#14478=CARTESIAN_POINT('',(1.36624469339305,-5.41430717923195,-5.64502837166964));
#14479=CARTESIAN_POINT('',(1.38605453578635,-5.35000000000334,-5.60000000001276));
#14480=CARTESIAN_POINT('',(-7.6999999999985,-2.9,-12.3712812921102));
#14481=CARTESIAN_POINT('',(-7.6999999999985,-1.298628,-12.800367626292));
#14482=VECTOR('',#16241,1000.0);
#14483=CARTESIAN_POINT('',(-7.6999999999985,-2.9,-9.42978035343278E-16));
#14484=VECTOR('',#16242,1000.0);
#14485=CARTESIAN_POINT('',(-32.4710939999985,-2.9,-12.3712812921102));
#14486=VECTOR('',#16243,1000.0);
#14487=CARTESIAN_POINT('',(-8.8999999999985,-1.298628,-12.800367626292));
#14488=VECTOR('',#16244,1000.0);
#14489=CARTESIAN_POINT('',(-13.3,-2.1,-12.5856406460551));
#14490=CARTESIAN_POINT('',(-13.3,-2.1,-1.62878024286598E-15));
#14491=VECTOR('',#16245,1000.0);
#14492=CARTESIAN_POINT('',(-13.3,-3.3,-12.2641016151378));
#14493=CARTESIAN_POINT('',(-13.3,-1.298628,-12.800367626292));
#14494=VECTOR('',#16246,1000.0);
#14495=CARTESIAN_POINT('',(-13.3,-3.3,-1.62878024286598E-15));
#14496=VECTOR('',#16247,1000.0);
#14497=CARTESIAN_POINT('',(-13.9860545357645,-5.35000000000114,-7.59999999999585));
#14498=AXIS2_PLACEMENT_3D('',#16248,#16249,#16250);
#14499=CARTESIAN_POINT('',(-13.7174104617637,-6.1147152872702,-7.0645405912692));
#14500=CARTESIAN_POINT('',(-13.7302684096705,-6.08325285679327,-7.08657082225955));
#14501=CARTESIAN_POINT('',(-13.7428484723168,-6.05173422025379,-7.10864040915824));
#14502=CARTESIAN_POINT('',(-13.7675261810185,-5.98857602843354,-7.15286425117047));
#14503=CARTESIAN_POINT('',(-13.7796252622067,-5.95693221996381,-7.17502148439898));
#14504=CARTESIAN_POINT('',(-13.8033932713168,-5.8935336345328,-7.21941365182961));
#14505=CARTESIAN_POINT('',(-13.8150621523494,-5.86177877847697,-7.24164864141467));
#14506=CARTESIAN_POINT('',(-13.838011526947,-5.7981720776744,-7.28618653279728));
#14507=CARTESIAN_POINT('',(-13.8492919841297,-5.7663201775157,-7.3084894733947));
#14508=CARTESIAN_POINT('',(-13.8826036391448,-5.67063743117993,-7.37548725365562));
#14509=CARTESIAN_POINT('',(-13.9041072950173,-5.60667945975004,-7.42027110735463));
#14510=CARTESIAN_POINT('',(-13.9459292751041,-5.47851089903113,-7.5100156997315));
#14511=CARTESIAN_POINT('',(-13.966247004035,-5.41429967825338,-7.55497688060569));
#14512=CARTESIAN_POINT('',(-13.986054535748,-5.35000000000456,-7.60000000001998));
#14513=CARTESIAN_POINT('',(-13.2211695911422,-6.11471528727021,-6.13545940873081));
#14514=CARTESIAN_POINT('',(1.12890600000148,-6.1147152872702,-6.1354594087308));
#14515=VECTOR('',#16251,1000.0);
#14516=CARTESIAN_POINT('',(-13.185,-6.0,-6.05513489983631));
#14517=AXIS2_PLACEMENT_3D('',#16252,#16253,#16254);
#14518=CARTESIAN_POINT('',(-13.185,-5.35,-5.6));
#14519=CARTESIAN_POINT('',(-13.185,-1.298628,-2.76319878550826));
#14520=VECTOR('',#16255,1000.0);
#14521=CARTESIAN_POINT('',(1.12890600000148,-5.35,-5.6));
#14522=VECTOR('',#16256,1000.0);
#14523=CARTESIAN_POINT('',(-13.9860545357589,-5.1,-7.6));
#14524=AXIS2_PLACEMENT_3D('',#16257,#16258,#16259);
#14525=CARTESIAN_POINT('',(-13.9860545357589,-5.12445208744279,-7.6));
#14526=VECTOR('',#16260,1000.0);
#14527=CARTESIAN_POINT('',(1.12890600000148,-5.1,-5.6));
#14528=VECTOR('',#16261,1000.0);
#14529=CARTESIAN_POINT('',(-13.6842624221101,-5.1,-7.6));
#14530=AXIS2_PLACEMENT_3D('',#16262,#16263,#16264);
#14531=CARTESIAN_POINT('',(1.12890600000148,-5.1,-7.6));
#14532=VECTOR('',#16265,1000.0);
#14533=CARTESIAN_POINT('',(-13.185,-3.3,-5.6));
#14534=CARTESIAN_POINT('',(-13.185,-1.298628,-5.6));
#14535=VECTOR('',#16266,1000.0);
#14536=CARTESIAN_POINT('',(-24.0710939999985,-3.3,-5.6));
#14537=VECTOR('',#16267,1000.0);
#14538=CARTESIAN_POINT('',(-13.185,-3.3,-7.6));
#14539=CARTESIAN_POINT('',(-13.6842624221101,-3.3,-7.6));
#14540=CARTESIAN_POINT('',(-24.0710939999985,-3.3,-7.6));
#14541=VECTOR('',#16268,1000.0);
#14542=CARTESIAN_POINT('',(-13.185,-5.35,-7.6));
#14543=CARTESIAN_POINT('',(-13.185,-1.298628,-7.6));
#14544=VECTOR('',#16269,1000.0);
#14545=CARTESIAN_POINT('',(1.12890600000148,-5.35,-7.6));
#14546=VECTOR('',#16270,1000.0);
#14547=CARTESIAN_POINT('',(-13.6842624221101,-2.9,-7.6));
#14548=VECTOR('',#16271,1000.0);
#14549=CARTESIAN_POINT('',(-13.2211695911422,-6.11471528727022,-7.06454059126919));
#14550=CARTESIAN_POINT('',(1.12890600000148,-6.1147152872702,-7.0645405912692));
#14551=VECTOR('',#16272,1000.0);
#14552=CARTESIAN_POINT('',(-13.185,-6.0,-7.14486510016367));
#14553=CARTESIAN_POINT('',(-13.185,-1.298628,-10.4368012144917));
#14554=VECTOR('',#16273,1000.0);
#14555=AXIS2_PLACEMENT_3D('',#16274,#16275,#16276);
#14556=CARTESIAN_POINT('',(-13.385,-6.2,-6.9007101824114));
#14557=CARTESIAN_POINT('',(-13.385,-6.2,-6.2992898175886));
#14558=CARTESIAN_POINT('',(-13.385,-6.2,-1.63918974065873E-15));
#14559=VECTOR('',#16277,1000.0);
#14560=AXIS2_PLACEMENT_3D('',#16278,#16279,#16280);
#14561=CARTESIAN_POINT('',(-13.185,-6.0,-1.61469680467578E-15));
#14562=VECTOR('',#16281,1000.0);
#14563=AXIS2_PLACEMENT_3D('',#16282,#16283,#16284);
#14564=CARTESIAN_POINT('',(1.12890600000148,-6.2,-6.9007101824114));
#14565=VECTOR('',#16285,1000.0);
#14566=CARTESIAN_POINT('',(-13.6154732993768,-6.2,-6.2992898175886));
#14567=AXIS2_PLACEMENT_3D('',#16286,#16287,#16288);
#14568=CARTESIAN_POINT('',(-13.7174104617637,-6.11471528727021,-6.13545940873081));
#14569=CARTESIAN_POINT('',(-13.7159637682076,-6.11825523748325,-6.13793810855487));
#14570=CARTESIAN_POINT('',(-13.7144562193701,-6.12169024330392,-6.14051452235319));
#14571=CARTESIAN_POINT('',(-13.7113352456299,-6.12833134683769,-6.14583250006073));
#14572=CARTESIAN_POINT('',(-13.7097190138681,-6.13154479078782,-6.14857889918027));
#14573=CARTESIAN_POINT('',(-13.7080412858816,-6.13466522439934,-6.15142069526256));
#14574=CARTESIAN_POINT('',(-13.7046872768913,-6.14090340035555,-6.15710183647562));
#14575=CARTESIAN_POINT('',(-13.7010999235193,-6.1467416791725,-6.16314294069755));
#14576=CARTESIAN_POINT('',(-13.6973170982138,-6.15213728373852,-6.16946591032708));
#14577=CARTESIAN_POINT('',(-13.6935343016285,-6.15753284733963,-6.17578883195088));
#14578=CARTESIAN_POINT('',(-13.6895575155254,-6.16248339754458,-6.18239100459151));
#14579=CARTESIAN_POINT('',(-13.6854332112658,-6.16696230230334,-6.18918264430022));
#14580=CARTESIAN_POINT('',(-13.6813077184874,-6.17144249776759,-6.19597624118533));
#14581=CARTESIAN_POINT('',(-13.6770414506107,-6.17544496851234,-6.20294820947367));
#14582=CARTESIAN_POINT('',(-13.6726697726744,-6.17897725250041,-6.21003096319643));
#14583=CARTESIAN_POINT('',(-13.6682912940001,-6.18251503143529,-6.21712473510322));
#14584=CARTESIAN_POINT('',(-13.6637764451227,-6.18560535685775,-6.22437924854675));
#14585=CARTESIAN_POINT('',(-13.6545429972698,-6.19088128175433,-6.23907891916835));
#14586=CARTESIAN_POINT('',(-13.6498388690507,-6.19306093278031,-6.24650131656367));
#14587=CARTESIAN_POINT('',(-13.6402499184153,-6.19654507509094,-6.26148494891536));
#14588=CARTESIAN_POINT('',(-13.6353663322739,-6.19784643862913,-6.2690438514779));
#14589=CARTESIAN_POINT('',(-13.6254863639233,-6.1995739602166,-6.28418132877712));
#14590=CARTESIAN_POINT('',(-13.6204906297692,-6.2,-6.2917588747097));
#14591=CARTESIAN_POINT('',(-13.6154732993768,-6.2,-6.2992898175886));
#14592=CARTESIAN_POINT('',(1.12890600000148,-6.2,-6.2992898175886));
#14593=VECTOR('',#16289,1000.0);
#14594=AXIS2_PLACEMENT_3D('',#16290,#16291,#16292);
#14595=CARTESIAN_POINT('',(-13.185,-3.3,-2.0));
#14596=CARTESIAN_POINT('',(-13.185,-3.3,-1.61469680467578E-15));
#14597=VECTOR('',#16293,1000.0);
#14598=CARTESIAN_POINT('',(-14.075,-3.3,-2.0));
#14599=CARTESIAN_POINT('',(1.12890600000148,-3.3,-2.0));
#14600=VECTOR('',#16294,1000.0);
#14601=CARTESIAN_POINT('',(-14.075,-3.3,-1.7236903697999E-15));
#14602=VECTOR('',#16295,1000.0);
#14603=CARTESIAN_POINT('',(-13.185,-3.3,-12.2641016151378));
#14604=CARTESIAN_POINT('',(-13.185,-3.3,-1.61469680467578E-15));
#14605=VECTOR('',#16296,1000.0);
#14606=CARTESIAN_POINT('',(-13.185,-2.9,-12.3712812921102));
#14607=CARTESIAN_POINT('',(-13.185,-1.298628,-12.800367626292));
#14608=VECTOR('',#16297,1000.0);
#14609=CARTESIAN_POINT('',(-13.185,-2.9,-2.0));
#14610=CARTESIAN_POINT('',(-13.185,-2.9,-1.61469680467578E-15));
#14611=VECTOR('',#16298,1000.0);
#14612=CARTESIAN_POINT('',(-13.185,-1.298628,-2.0));
#14613=VECTOR('',#16299,1000.0);
#14614=CARTESIAN_POINT('',(-14.075,-3.3,-1.7236903697999E-15));
#14615=VECTOR('',#16300,1000.0);
#14616=CARTESIAN_POINT('',(-24.0710939999985,-3.3,-12.2641016151378));
#14617=VECTOR('',#16301,1000.0);
#14618=CARTESIAN_POINT('',(-14.075,-2.9,-2.0));
#14619=CARTESIAN_POINT('',(-14.075,-1.298628,-2.0));
#14620=VECTOR('',#16302,1000.0);
#14621=CARTESIAN_POINT('',(-14.075,-2.9,-1.7236903697999E-15));
#14622=VECTOR('',#16303,1000.0);
#14623=CARTESIAN_POINT('',(-24.0710939999985,-2.9,-2.0));
#14624=VECTOR('',#16304,1000.0);
#14625=CARTESIAN_POINT('',(-12.015,-2.9,-7.6));
#14626=CARTESIAN_POINT('',(-11.5157375778876,-2.9,-7.59999999999743));
#14627=CARTESIAN_POINT('',(6.27941449689742,-2.9,-7.6));
#14628=VECTOR('',#16305,1000.0);
#14629=CARTESIAN_POINT('',(-12.015,-2.9,-5.6));
#14630=CARTESIAN_POINT('',(-12.015,-2.9,-1.47141312917554E-15));
#14631=VECTOR('',#16306,1000.0);
#14632=CARTESIAN_POINT('',(6.27941449689742,-2.9,-5.6));
#14633=VECTOR('',#16307,1000.0);
#14634=AXIS2_PLACEMENT_3D('',#16308,#16309,#16310);
#14635=CARTESIAN_POINT('',(-0.584999999999999,-2.9,-5.6));
#14636=CARTESIAN_POINT('',(6.27941449689742,-2.9,-5.6));
#14637=VECTOR('',#16311,1000.0);
#14638=CARTESIAN_POINT('',(-0.584999999999999,-2.9,-7.6));
#14639=CARTESIAN_POINT('',(-0.585,-2.9,-7.16418377501201E-17));
#14640=VECTOR('',#16312,1000.0);
#14641=CARTESIAN_POINT('',(-1.0842624221101,-2.9,-7.6));
#14642=CARTESIAN_POINT('',(6.27941449689742,-2.9,-7.6));
#14643=VECTOR('',#16313,1000.0);
#14644=AXIS2_PLACEMENT_3D('',#16314,#16315,#16316);
#14645=CARTESIAN_POINT('',(2.3,-2.9,2.81668763803891E-16));
#14646=CARTESIAN_POINT('',(-14.9,-2.9,-1.82472373072956E-15));
#14647=CARTESIAN_POINT('',(-24.0710939999985,-2.9,-2.94785882190732E-15));
#14648=VECTOR('',#16317,1000.0);
#14649=CARTESIAN_POINT('',(-14.9,-2.9,-1.82472373072956E-15));
#14650=VECTOR('',#16318,1000.0);
#14651=CARTESIAN_POINT('',(-11.9,-2.9,-12.3712812921102));
#14652=CARTESIAN_POINT('',(-24.0710939999985,-2.9,-12.3712812921102));
#14653=VECTOR('',#16319,1000.0);
#14654=CARTESIAN_POINT('',(-11.9,-2.9,-1.45732969098535E-15));
#14655=VECTOR('',#16320,1000.0);
#14656=CARTESIAN_POINT('',(2.3,-2.9,2.81668763803891E-16));
#14657=VECTOR('',#16321,1000.0);
#14658=CARTESIAN_POINT('',(-15.3,-2.5,-1.87370960269545E-15));
#14659=CARTESIAN_POINT('',(-15.3,-2.5,-1.87370960269545E-15));
#14660=VECTOR('',#16322,1000.0);
#14661=AXIS2_PLACEMENT_3D('',#16323,#16324,#16325);
#14662=CARTESIAN_POINT('',(-15.3,-1.298628,-1.87370960269545E-15));
#14663=VECTOR('',#16326,1000.0);
#14664=CARTESIAN_POINT('',(-10.1,6.7,-1.23689326713883E-15));
#14665=CARTESIAN_POINT('',(-10.1,8.1,-2.35));
#14666=CARTESIAN_POINT('',(-10.1,6.7,-1.23689326713883E-15));
#14667=VECTOR('',#16327,1000.0);
#14668=CARTESIAN_POINT('',(-2.5,6.7,-3.06161699786838E-16));
#14669=CARTESIAN_POINT('',(-3.071094,6.7,-3.76100543698064E-16));
#14670=VECTOR('',#16328,1000.0);
#14671=CARTESIAN_POINT('',(-2.5,8.1,-2.35));
#14672=CARTESIAN_POINT('',(-2.5,6.7,-3.06161699786838E-16));
#14673=VECTOR('',#16329,1000.0);
#14674=CARTESIAN_POINT('',(-3.071094,8.1,-2.35));
#14675=VECTOR('',#16330,1000.0);
#14676=CARTESIAN_POINT('',(-2.5,8.1,-3.17248412893629));
#14677=CARTESIAN_POINT('',(-2.5,8.1,-3.06161699786838E-16));
#14678=VECTOR('',#16331,1000.0);
#14679=CARTESIAN_POINT('',(-10.1,8.1,-3.17248412893629));
#14680=CARTESIAN_POINT('',(-3.071094,8.1,-3.17248412893629));
#14681=VECTOR('',#16332,1000.0);
#14682=CARTESIAN_POINT('',(-10.1,8.1,-1.23689326713883E-15));
#14683=VECTOR('',#16333,1000.0);
#14684=CARTESIAN_POINT('',(-2.5,6.7,-3.05));
#14685=CARTESIAN_POINT('',(-2.5,-1.298628,-2.35021072623897));
#14686=VECTOR('',#16334,1000.0);
#14687=CARTESIAN_POINT('',(-10.1,6.7,-3.05));
#14688=CARTESIAN_POINT('',(-3.071094,6.7,-3.05));
#14689=VECTOR('',#16335,1000.0);
#14690=CARTESIAN_POINT('',(-10.1,-1.298628,-2.35021072623897));
#14691=VECTOR('',#16336,1000.0);
#14692=CARTESIAN_POINT('',(-2.5,6.7,-3.06161699786838E-16));
#14693=VECTOR('',#16337,1000.0);
#14694=CARTESIAN_POINT('',(-10.1,6.7,-1.23689326713883E-15));
#14695=VECTOR('',#16338,1000.0);
#14696=CARTESIAN_POINT('',(-3.071094,6.7,-3.76100543698064E-16));
#14697=VECTOR('',#16339,1000.0);
#14698=CARTESIAN_POINT('',(-10.3,6.7,-1.26138620312177E-15));
#14699=CARTESIAN_POINT('',(-10.3,6.7,-1.26138620312177E-15));
#14700=VECTOR('',#16340,1000.0);
#14701=CARTESIAN_POINT('',(-3.071094,6.7,-3.76100543698064E-16));
#14702=VECTOR('',#16341,1000.0);
#14703=CARTESIAN_POINT('',(-13.0999999999985,-2.1,-12.5856406460551));
#14704=CARTESIAN_POINT('',(-24.0710939999985,-2.1,-12.5856406460551));
#14705=VECTOR('',#16342,1000.0);
#14706=CARTESIAN_POINT('',(-13.0999999999985,-2.1,-10.3));
#14707=CARTESIAN_POINT('',(-24.0710939999985,-2.1,-10.3));
#14708=VECTOR('',#16343,1000.0);
#14709=CARTESIAN_POINT('',(-13.0999999999985,-2.1,-12.8));
#14710=VECTOR('',#16344,1000.0);
#14711=CARTESIAN_POINT('',(-13.0999999999985,-1.298628,-12.800367626292));
#14712=VECTOR('',#16345,1000.0);
#14713=CARTESIAN_POINT('',(-13.0999999999985,-1.3,-10.3));
#14714=CARTESIAN_POINT('',(-13.0999999999985,-1.298628,-10.3));
#14715=VECTOR('',#16346,1000.0);
#14716=CARTESIAN_POINT('',(-13.0999999999985,-1.3,-12.8));
#14717=VECTOR('',#16347,1000.0);
#14718=AXIS2_PLACEMENT_3D('',#16348,#16349,#16350);
#14719=CARTESIAN_POINT('',(-12.0999999999985,-1.298628,-12.800367626292));
#14720=VECTOR('',#16351,1000.0);
#14721=CARTESIAN_POINT('',(-12.0999999999985,-1.3,-12.8));
#14722=VECTOR('',#16352,1000.0);
#14723=CARTESIAN_POINT('',(-9.7,-0.65,-12.8));
#14724=VECTOR('',#16353,1000.0);
#14725=CARTESIAN_POINT('',(-11.3,-0.650000000000031,-12.8));
#14726=VECTOR('',#16354,1000.0);
#14727=CARTESIAN_POINT('',(-11.9,-1.298628,-12.800367626292));
#14728=VECTOR('',#16355,1000.0);
#14729=CARTESIAN_POINT('',(-8.8999999999985,-1.3,-12.8));
#14730=VECTOR('',#16356,1000.0);
#14731=CARTESIAN_POINT('',(-5.5,-0.65,-10.3));
#14732=CARTESIAN_POINT('',(-5.5,-0.65,-12.8));
#14733=VECTOR('',#16357,1000.0);
#14734=CARTESIAN_POINT('',(-7.1,-0.65,-10.3));
#14735=CARTESIAN_POINT('',(-32.4710939999985,-0.65,-10.3));
#14736=VECTOR('',#16358,1000.0);
#14737=CARTESIAN_POINT('',(-7.1,-0.65,-12.8));
#14738=VECTOR('',#16359,1000.0);
#14739=CARTESIAN_POINT('',(-4.6999999999985,-1.3,-10.3));
#14740=CARTESIAN_POINT('',(-4.6999999999985,-1.298628,-10.3));
#14741=VECTOR('',#16360,1000.0);
#14742=CARTESIAN_POINT('',(-4.6999999999985,-1.3,-12.8));
#14743=VECTOR('',#16361,1000.0);
#14744=AXIS2_PLACEMENT_3D('',#16362,#16363,#16364);
#14745=AXIS2_PLACEMENT_3D('',#16365,#16366,#16367);
#14746=CARTESIAN_POINT('',(-1.3,-0.65,-10.3));
#14747=CARTESIAN_POINT('',(-1.3,-0.65,-12.8));
#14748=VECTOR('',#16368,1000.0);
#14749=CARTESIAN_POINT('',(-2.9,-0.65,-10.3));
#14750=CARTESIAN_POINT('',(-32.4710939999985,-0.65,-10.3));
#14751=VECTOR('',#16369,1000.0);
#14752=CARTESIAN_POINT('',(-2.9,-0.65,-12.8));
#14753=VECTOR('',#16370,1000.0);
#14754=AXIS2_PLACEMENT_3D('',#16371,#16372,#16373);
#14755=AXIS2_PLACEMENT_3D('',#16374,#16375,#16376);
#14756=AXIS2_PLACEMENT_3D('',#16377,#16378,#16379);
#14757=CARTESIAN_POINT('',(-6.0,1.6,-9.1));
#14758=CARTESIAN_POINT('',(-6.0,-1.05,-9.1));
#14759=CARTESIAN_POINT('',(-6.0,-1.298628,-9.1));
#14760=VECTOR('',#16380,1000.0);
#14761=CARTESIAN_POINT('',(-6.07766918979548,1.67766918979635,-0.199992384612717));
#14762=CARTESIAN_POINT('',(-6.0466062912337,1.64660629123367,-3.759448));
#14763=VECTOR('',#16381,1000.0);
#14764=CARTESIAN_POINT('',(-6.0776691897951,-1.08217163179379,-0.199992384612441));
#14765=CARTESIAN_POINT('',(-6.0776691897962,-1.298628,-0.199992384612842));
#14766=VECTOR('',#16382,1000.0);
#14767=CARTESIAN_POINT('',(-6.0466062912337,-1.0693049579209,-3.759448));
#14768=VECTOR('',#16383,1000.0);
#14769=CARTESIAN_POINT('',(-2.4,1.6,-9.1));
#14770=CARTESIAN_POINT('',(1.128906,1.6,-9.1));
#14771=VECTOR('',#16384,1000.0);
#14772=CARTESIAN_POINT('',(-2.32233081020299,1.67766918979611,-0.199992384612971));
#14773=CARTESIAN_POINT('',(-2.35339370876633,1.64660629123367,-3.759448));
#14774=VECTOR('',#16385,1000.0);
#14775=CARTESIAN_POINT('',(-32.4710939999985,1.67766918979623,-0.199992384612845));
#14776=VECTOR('',#16386,1000.0);
#14777=CARTESIAN_POINT('',(-2.32233081020336,-1.08217163179379,-0.19999238461243));
#14778=CARTESIAN_POINT('',(-2.32233081020376,-1.298628,-0.199992384612841));
#14779=VECTOR('',#16387,1000.0);
#14780=CARTESIAN_POINT('',(-2.4,-1.05,-9.1));
#14781=CARTESIAN_POINT('',(-2.4,-1.298628,-9.1));
#14782=VECTOR('',#16388,1000.0);
#14783=CARTESIAN_POINT('',(-2.35339370876633,-1.0693049579209,-3.759448));
#14784=VECTOR('',#16389,1000.0);
#14785=CARTESIAN_POINT('',(-3.35,-2.0,-9.1));
#14786=CARTESIAN_POINT('',(1.128906,2.478906,-9.1));
#14787=VECTOR('',#16390,1000.0);
#14788=CARTESIAN_POINT('',(-3.31782836820782,-2.07766918979633,-0.199992384612695));
#14789=CARTESIAN_POINT('',(-3.3306950420791,-2.04660629123367,-3.759448));
#14790=VECTOR('',#16391,1000.0);
#14791=CARTESIAN_POINT('',(-32.4710939999985,-31.2309348215869,-0.199992384612845));
#14792=VECTOR('',#16392,1000.0);
#14793=CARTESIAN_POINT('',(-5.0821716317914,-2.07766918979623,-0.199992384612842));
#14794=CARTESIAN_POINT('',(-32.4710939999985,-2.07766918979623,-0.199992384612845));
#14795=VECTOR('',#16393,1000.0);
#14796=CARTESIAN_POINT('',(-5.05,-2.0,-9.1));
#14797=CARTESIAN_POINT('',(1.128906,-2.0,-9.1));
#14798=VECTOR('',#16394,1000.0);
#14799=CARTESIAN_POINT('',(-5.0693049579209,-2.04660629123367,-3.759448));
#14800=VECTOR('',#16395,1000.0);
#14801=CARTESIAN_POINT('',(1.128906,-8.178906,-9.1));
#14802=VECTOR('',#16396,1000.0);
#14803=CARTESIAN_POINT('',(-32.4710939999985,25.3112531784101,-0.199992384612845));
#14804=VECTOR('',#16397,1000.0);
#14805=CARTESIAN_POINT('',(-6.2794144968959,-1.16573727413795,-7.69006486414305E-16));
#14806=CARTESIAN_POINT('',(-5.16573727413716,-2.27941449689591,-6.32620361800825E-16));
#14807=CARTESIAN_POINT('',(-32.4710939999985,25.0259422289647,-3.9765621331911E-15));
#14808=VECTOR('',#16398,1000.0);
#14809=CARTESIAN_POINT('',(-4.7594822053298,-1.298628,-0.972264649573091));
#14810=VECTOR('',#16399,1000.0);
#14811=CARTESIAN_POINT('',(-32.4710939999985,-12.0146861456538,25.9641055157376));
#14812=VECTOR('',#16400,1000.0);
#14813=CARTESIAN_POINT('',(-3.23426272586192,-2.27941449689584,-3.96082949482839E-16));
#14814=CARTESIAN_POINT('',(-32.4710939999985,-2.27941449689591,-3.9765621331911E-15));
#14815=VECTOR('',#16401,1000.0);
#14816=CARTESIAN_POINT('',(-3.64051779466873,-1.298628,-0.97226464957308));
#14817=VECTOR('',#16402,1000.0);
#14818=CARTESIAN_POINT('',(-2.12058550310389,-1.16573727413774,-2.59696824869446E-16));
#14819=CARTESIAN_POINT('',(-32.4710939999985,-31.5162457710324,-3.9765621331911E-15));
#14820=VECTOR('',#16403,1000.0);
#14821=CARTESIAN_POINT('',(-32.4710939999985,11.4058549701937,-30.0867993202293));
#14822=VECTOR('',#16404,1000.0);
#14823=CARTESIAN_POINT('',(-2.12058550310311,1.87941449689555,-2.04957066990132E-13));
#14824=CARTESIAN_POINT('',(-2.12058550310409,-1.298628,-2.5969682486947E-16));
#14825=VECTOR('',#16405,1000.0);
#14826=CARTESIAN_POINT('',(-32.4710939999985,-28.4710939999998,-30.0867993202308));
#14827=VECTOR('',#16406,1000.0);
#14828=CARTESIAN_POINT('',(-6.27941449689496,1.87941449689629,1.88315852395058E-13));
#14829=CARTESIAN_POINT('',(-32.4710939999985,1.87941449689591,-3.9765621331911E-15));
#14830=VECTOR('',#16407,1000.0);
#14831=CARTESIAN_POINT('',(-32.4710939999985,28.0710939999999,25.9641055157376));
#14832=VECTOR('',#16408,1000.0);
#14833=CARTESIAN_POINT('',(-6.2794144968959,-1.298628,-7.69006486414305E-16));
#14834=VECTOR('',#16409,1000.0);
#14835=CARTESIAN_POINT('',(-10.2,1.6,-9.1));
#14836=CARTESIAN_POINT('',(-10.2,-1.05,-9.1));
#14837=CARTESIAN_POINT('',(-10.2,-1.298628,-9.1));
#14838=VECTOR('',#16410,1000.0);
#14839=CARTESIAN_POINT('',(-10.2776691897955,1.67766918979635,-0.199992384612717));
#14840=CARTESIAN_POINT('',(-10.2466062912337,1.64660629123367,-3.759448));
#14841=VECTOR('',#16411,1000.0);
#14842=CARTESIAN_POINT('',(-10.2776691897951,-1.0821716317938,-0.199992384612441));
#14843=CARTESIAN_POINT('',(-10.2776691897962,-1.298628,-0.199992384612842));
#14844=VECTOR('',#16412,1000.0);
#14845=CARTESIAN_POINT('',(-10.2466062912337,-1.0693049579209,-3.759448));
#14846=VECTOR('',#16413,1000.0);
#14847=CARTESIAN_POINT('',(-6.6,1.6,-9.1));
#14848=CARTESIAN_POINT('',(-3.071094,1.6,-9.1));
#14849=VECTOR('',#16414,1000.0);
#14850=CARTESIAN_POINT('',(-6.5223308102032,1.6776691897958,-0.199992384613031));
#14851=CARTESIAN_POINT('',(-6.5533937087663,1.64660629123367,-3.759448));
#14852=VECTOR('',#16415,1000.0);
#14853=CARTESIAN_POINT('',(-32.4710939999985,1.67766918979623,-0.199992384612845));
#14854=VECTOR('',#16416,1000.0);
#14855=CARTESIAN_POINT('',(-6.52233081020382,-1.08217163179314,-0.199992384612632));
#14856=CARTESIAN_POINT('',(-6.5223308102038,-1.298628,-0.199992384612842));
#14857=VECTOR('',#16417,1000.0);
#14858=CARTESIAN_POINT('',(-6.6,-1.05,-9.1));
#14859=CARTESIAN_POINT('',(-6.6,-1.298628,-9.1));
#14860=VECTOR('',#16418,1000.0);
#14861=CARTESIAN_POINT('',(-6.5533937087663,-1.0693049579209,-3.759448));
#14862=VECTOR('',#16419,1000.0);
#14863=CARTESIAN_POINT('',(-7.55,-2.0,-9.1));
#14864=CARTESIAN_POINT('',(-3.071094,2.478906,-9.1));
#14865=VECTOR('',#16420,1000.0);
#14866=CARTESIAN_POINT('',(-7.5178283682078,-2.07766918979632,-0.199992384612696));
#14867=CARTESIAN_POINT('',(-7.5306950420791,-2.04660629123367,-3.759448));
#14868=VECTOR('',#16421,1000.0);
#14869=CARTESIAN_POINT('',(-32.4710939999985,-27.0309348215869,-0.199992384612845));
#14870=VECTOR('',#16422,1000.0);
#14871=CARTESIAN_POINT('',(-9.2821716317914,-2.07766918979623,-0.199992384612842));
#14872=CARTESIAN_POINT('',(-32.4710939999985,-2.07766918979623,-0.199992384612845));
#14873=VECTOR('',#16423,1000.0);
#14874=CARTESIAN_POINT('',(-9.25,-2.0,-9.1));
#14875=CARTESIAN_POINT('',(-3.071094,-2.0,-9.1));
#14876=VECTOR('',#16424,1000.0);
#14877=CARTESIAN_POINT('',(-9.2693049579209,-2.04660629123367,-3.759448));
#14878=VECTOR('',#16425,1000.0);
#14879=CARTESIAN_POINT('',(-3.071094,-8.178906,-9.1));
#14880=VECTOR('',#16426,1000.0);
#14881=CARTESIAN_POINT('',(-32.4710939999985,21.1112531784101,-0.199992384612845));
#14882=VECTOR('',#16427,1000.0);
#14883=CARTESIAN_POINT('',(-10.4794144968959,-1.16573727413795,-1.28335814205619E-15));
#14884=CARTESIAN_POINT('',(-9.36573727413716,-2.27941449689591,-1.14697201744271E-15));
#14885=CARTESIAN_POINT('',(-32.4710939999985,20.8259422289647,-3.9765621331911E-15));
#14886=VECTOR('',#16428,1000.0);
#14887=CARTESIAN_POINT('',(-8.9594822053298,-1.298628,-0.972264649573091));
#14888=VECTOR('',#16429,1000.0);
#14889=CARTESIAN_POINT('',(-32.4710939999985,-10.2749891836869,21.8005984312387));
#14890=VECTOR('',#16430,1000.0);
#14891=CARTESIAN_POINT('',(-7.4342627258618,-2.27941449689576,-9.10434605124713E-16));
#14892=CARTESIAN_POINT('',(-32.4710939999985,-2.27941449689591,-3.9765621331911E-15));
#14893=VECTOR('',#16431,1000.0);
#14894=CARTESIAN_POINT('',(-7.8405177946687,-1.298628,-0.972264649573081));
#14895=VECTOR('',#16432,1000.0);
#14896=CARTESIAN_POINT('',(-6.3205855031041,-1.16573727413875,-7.7404848051136E-16));
#14897=CARTESIAN_POINT('',(-32.4710939999985,-27.3162457710324,-3.9765621331911E-15));
#14898=VECTOR('',#16433,1000.0);
#14899=CARTESIAN_POINT('',(-32.4710939999985,9.6661580082267,-25.9232922357304));
#14900=VECTOR('',#16434,1000.0);
#14901=CARTESIAN_POINT('',(-6.32058550310312,1.8794144968955,-1.86389460410029E-13));
#14902=CARTESIAN_POINT('',(-6.3205855031041,-1.298628,-7.7404848051136E-16));
#14903=VECTOR('',#16435,1000.0);
#14904=CARTESIAN_POINT('',(-32.4710939999985,-24.2710939999999,-25.9232922357319));
#14905=VECTOR('',#16436,1000.0);
#14906=CARTESIAN_POINT('',(-10.479414496895,1.87941449689628,1.82597330311485E-13));
#14907=CARTESIAN_POINT('',(-32.4710939999985,1.87941449689591,-3.9765621331911E-15));
#14908=VECTOR('',#16437,1000.0);
#14909=CARTESIAN_POINT('',(-32.4710939999985,23.8710939999999,21.8005984312387));
#14910=VECTOR('',#16438,1000.0);
#14911=CARTESIAN_POINT('',(-10.4794144968959,-1.298628,-1.28335814205619E-15));
#14912=VECTOR('',#16439,1000.0);
#14913=CARTESIAN_POINT('',(0.96573727413802,1.9205855031041,1.18268706159042E-16));
#14914=CARTESIAN_POINT('',(-0.965737274137149,1.9205855031041,-1.18268706158935E-16));
#14915=CARTESIAN_POINT('',(-32.4710939999985,1.9205855031041,-3.9765621331911E-15));
#14916=VECTOR('',#16440,1000.0);
#14917=CARTESIAN_POINT('',(0.88217163179219,2.12233081020368,-0.199992384612695));
#14918=CARTESIAN_POINT('',(2.29917916729826,-1.298628,3.19124243492582));
#14919=VECTOR('',#16441,1000.0);
#14920=CARTESIAN_POINT('',(-0.882171631791579,2.12233081020344,-0.199992384612716));
#14921=CARTESIAN_POINT('',(-32.4710939999985,2.12233081020377,-0.199992384612845));
#14922=VECTOR('',#16442,1000.0);
#14923=CARTESIAN_POINT('',(-2.29917916729671,-1.298628,3.19124243492582));
#14924=VECTOR('',#16443,1000.0);
#14925=CARTESIAN_POINT('',(2.07941449689687,6.07941449689551,-1.85360757098745E-13));
#14926=CARTESIAN_POINT('',(2.07941449689592,3.03426272586104,2.54654830772419E-16));
#14927=CARTESIAN_POINT('',(2.0794144968959,-1.298628,2.54654830772417E-16));
#14928=VECTOR('',#16444,1000.0);
#14929=CARTESIAN_POINT('',(1.8776691897968,5.87766918979583,-0.199992384613022));
#14930=CARTESIAN_POINT('',(-32.4710939999985,-28.4710939999998,-34.2503064047296));
#14931=VECTOR('',#16445,1000.0);
#14932=CARTESIAN_POINT('',(1.87766918979619,3.11782836820728,-0.19999238461274));
#14933=CARTESIAN_POINT('',(1.87766918979624,-1.298628,-0.199992384612841));
#14934=VECTOR('',#16446,1000.0);
#14935=CARTESIAN_POINT('',(-32.4710939999985,17.3455519321606,-34.2503064047282));
#14936=VECTOR('',#16447,1000.0);
#14937=CARTESIAN_POINT('',(-2.07941449689571,6.07941449689628,1.9403437447863E-13));
#14938=CARTESIAN_POINT('',(-32.4710939999985,6.0794144968959,-3.9765621331911E-15));
#14939=VECTOR('',#16448,1000.0);
#14940=CARTESIAN_POINT('',(-1.87766918979547,5.87766918979635,-0.199992384612716));
#14941=CARTESIAN_POINT('',(-32.4710939999985,36.4710939999999,30.1276126002365));
#14942=VECTOR('',#16449,1000.0);
#14943=CARTESIAN_POINT('',(-32.4710939999985,5.87766918979623,-0.199992384612845));
#14944=VECTOR('',#16450,1000.0);
#14945=CARTESIAN_POINT('',(-1.8,3.15,-9.1));
#14946=CARTESIAN_POINT('',(-0.849999999999999,2.2,-9.1));
#14947=CARTESIAN_POINT('',(5.328906,-3.978906,-9.1));
#14948=VECTOR('',#16451,1000.0);
#14949=CARTESIAN_POINT('',(-1.87766918979545,3.11782836820714,-0.199992384612841));
#14950=CARTESIAN_POINT('',(-1.84660629123367,3.1306950420791,-3.759448));
#14951=VECTOR('',#16452,1000.0);
#14952=CARTESIAN_POINT('',(-32.4710939999985,33.7112531784102,-0.199992384612845));
#14953=VECTOR('',#16453,1000.0);
#14954=CARTESIAN_POINT('',(-0.869304957920899,2.15339370876633,-3.759448));
#14955=VECTOR('',#16454,1000.0);
#14956=CARTESIAN_POINT('',(0.850000000000001,2.2,-9.1));
#14957=CARTESIAN_POINT('',(0.86930495792091,2.15339370876633,-3.759448));
#14958=VECTOR('',#16455,1000.0);
#14959=CARTESIAN_POINT('',(5.328906,2.2,-9.1));
#14960=VECTOR('',#16456,1000.0);
#14961=CARTESIAN_POINT('',(1.8,3.15,-9.1));
#14962=CARTESIAN_POINT('',(5.328906,6.678906,-9.1));
#14963=VECTOR('',#16457,1000.0);
#14964=CARTESIAN_POINT('',(-32.4710939999985,-31.2309348215869,-0.199992384612845));
#14965=VECTOR('',#16458,1000.0);
#14966=CARTESIAN_POINT('',(1.84660629123366,3.1306950420791,-3.759448));
#14967=VECTOR('',#16459,1000.0);
#14968=CARTESIAN_POINT('',(1.8,5.8,-9.1));
#14969=CARTESIAN_POINT('',(1.84660629123366,5.84660629123367,-3.759448));
#14970=VECTOR('',#16460,1000.0);
#14971=CARTESIAN_POINT('',(1.8,2.901372,-9.1));
#14972=VECTOR('',#16461,1000.0);
#14973=CARTESIAN_POINT('',(-1.8,5.8,-9.1));
#14974=CARTESIAN_POINT('',(5.328906,5.8,-9.1));
#14975=VECTOR('',#16462,1000.0);
#14976=CARTESIAN_POINT('',(-1.84660629123367,5.84660629123367,-3.759448));
#14977=VECTOR('',#16463,1000.0);
#14978=CARTESIAN_POINT('',(-1.8,2.901372,-9.1));
#14979=VECTOR('',#16464,1000.0);
#14980=CARTESIAN_POINT('',(-1.87766918979623,-1.298628,-0.199992384612841));
#14981=VECTOR('',#16465,1000.0);
#14982=CARTESIAN_POINT('',(-2.07941449689513,3.03426272586138,-2.54654830772322E-16));
#14983=CARTESIAN_POINT('',(-2.0794144968959,-1.298628,-2.54654830772417E-16));
#14984=VECTOR('',#16466,1000.0);
#14985=CARTESIAN_POINT('',(-32.4710939999985,-9.55438310762067,30.1276126002365));
#14986=VECTOR('',#16467,1000.0);
#14987=CARTESIAN_POINT('',(-32.4710939999985,-31.5162457710324,-3.9765621331911E-15));
#14988=VECTOR('',#16468,1000.0);
#14989=CARTESIAN_POINT('',(-32.4710939999985,33.4259422289647,-3.9765621331911E-15));
#14990=VECTOR('',#16469,1000.0);
#14991=CARTESIAN_POINT('',(1.91614598338144,0.601949027427968,-12.6));
#14992=CARTESIAN_POINT('',(1.91614598338144,0.601949027427968,-12.8));
#14993=VECTOR('',#16470,1000.0);
#14994=CARTESIAN_POINT('',(1.89364598338144,0.594449027427968,-12.6));
#14995=CARTESIAN_POINT('',(1.89364598338144,0.594449027427968,-12.6));
#14996=VECTOR('',#16471,1000.0);
#14997=CARTESIAN_POINT('',(1.89364598338144,0.594449027427968,-12.8));
#14998=VECTOR('',#16472,1000.0);
#14999=CARTESIAN_POINT('',(1.89364598338144,0.534449027427967,-12.6));
#15000=CARTESIAN_POINT('',(1.89364598338144,0.534449027427967,-12.6));
#15001=VECTOR('',#16473,1000.0);
#15002=CARTESIAN_POINT('',(1.89364598338144,0.534449027427967,-12.8));
#15003=VECTOR('',#16474,1000.0);
#15004=CARTESIAN_POINT('',(2.49364598338143,0.534449027427967,-12.6));
#15005=CARTESIAN_POINT('',(2.49364598338143,0.534449027427967,-12.6));
#15006=VECTOR('',#16475,1000.0);
#15007=CARTESIAN_POINT('',(2.49364598338143,0.534449027427967,-12.8));
#15008=VECTOR('',#16476,1000.0);
#15009=CARTESIAN_POINT('',(2.49364598338143,0.609449027427968,-12.6));
#15010=CARTESIAN_POINT('',(2.49364598338143,0.609449027427968,-12.6));
#15011=VECTOR('',#16477,1000.0);
#15012=CARTESIAN_POINT('',(2.49364598338143,0.609449027427968,-12.8));
#15013=VECTOR('',#16478,1000.0);
#15014=CARTESIAN_POINT('',(2.05864598338144,0.609449027427968,-12.6));
#15015=CARTESIAN_POINT('',(2.05864598338144,0.609449027427968,-12.6));
#15016=VECTOR('',#16479,1000.0);
#15017=CARTESIAN_POINT('',(2.05864598338144,0.609449027427968,-12.8));
#15018=VECTOR('',#16480,1000.0);
#15019=CARTESIAN_POINT('',(2.05864598338144,0.751949027427968,-12.6));
#15020=CARTESIAN_POINT('',(2.05864598338144,0.751949027427968,-12.6));
#15021=VECTOR('',#16481,1000.0);
#15022=CARTESIAN_POINT('',(2.05864598338145,0.751949027427968,-12.8));
#15023=VECTOR('',#16482,1000.0);
#15024=CARTESIAN_POINT('',(1.99864598338144,0.751949027427968,-12.6));
#15025=CARTESIAN_POINT('',(1.99864598338144,0.751949027427968,-12.6));
#15026=VECTOR('',#16483,1000.0);
#15027=CARTESIAN_POINT('',(1.99864598338144,0.751949027427968,-12.8));
#15028=VECTOR('',#16484,1000.0);
#15029=CARTESIAN_POINT('',(1.99864598338144,0.736949027427968,-12.6));
#15030=CARTESIAN_POINT('',(1.99864598338144,0.736949027427968,-12.6));
#15031=VECTOR('',#16485,1000.0);
#15032=CARTESIAN_POINT('',(1.99864598338144,0.736949027427968,-12.8));
#15033=VECTOR('',#16486,1000.0);
#15034=CARTESIAN_POINT('',(1.99114598338144,0.699449027427917,-12.6));
#15035=CARTESIAN_POINT('',(1.99114598338144,0.699449027427968,-12.6));
#15036=VECTOR('',#16487,1000.0);
#15037=CARTESIAN_POINT('',(1.99114598338145,0.699449027427968,-12.8));
#15038=VECTOR('',#16488,1000.0);
#15039=CARTESIAN_POINT('',(1.98364598338146,0.676949027428002,-12.6));
#15040=CARTESIAN_POINT('',(1.98364598338145,0.676949027427968,-12.6));
#15041=VECTOR('',#16489,1000.0);
#15042=CARTESIAN_POINT('',(1.98364598338145,0.676949027427968,-12.8));
#15043=VECTOR('',#16490,1000.0);
#15044=CARTESIAN_POINT('',(1.96864598338144,0.646949027427968,-12.6));
#15045=CARTESIAN_POINT('',(1.96864598338144,0.646949027427968,-12.6));
#15046=VECTOR('',#16491,1000.0);
#15047=CARTESIAN_POINT('',(1.96864598338144,0.646949027427968,-12.8));
#15048=VECTOR('',#16492,1000.0);
#15049=CARTESIAN_POINT('',(1.94614598338143,0.624449027427963,-12.6));
#15050=CARTESIAN_POINT('',(1.94614598338144,0.624449027427968,-12.6));
#15051=VECTOR('',#16493,1000.0);
#15052=CARTESIAN_POINT('',(1.94614598338144,0.624449027427968,-12.8));
#15053=VECTOR('',#16494,1000.0);
#15054=CARTESIAN_POINT('',(1.91614598338144,0.601949027427968,-12.6));
#15055=VECTOR('',#16495,1000.0);
#15056=CARTESIAN_POINT('',(1.3,0.65,-10.3));
#15057=CARTESIAN_POINT('',(1.3,0.65,1.59204083889156E-16));
#15058=VECTOR('',#16496,1000.0);
#15059=CARTESIAN_POINT('',(1.7,0.65,-10.3));
#15060=CARTESIAN_POINT('',(-32.4710939999985,0.650000000000028,-10.3));
#15061=VECTOR('',#16497,1000.0);
#15062=CARTESIAN_POINT('',(1.7,0.65,-12.8));
#15063=VECTOR('',#16498,1000.0);
#15064=CARTESIAN_POINT('',(1.7,3.55,-10.3));
#15065=CARTESIAN_POINT('',(1.7,-1.298628,-10.3));
#15066=VECTOR('',#16499,1000.0);
#15067=CARTESIAN_POINT('',(1.7,3.55,-12.8));
#15068=VECTOR('',#16500,1000.0);
#15069=CARTESIAN_POINT('',(1.3,3.55,-10.3));
#15070=CARTESIAN_POINT('',(-32.4710939999985,3.55,-10.3));
#15071=VECTOR('',#16501,1000.0);
#15072=CARTESIAN_POINT('',(1.3,3.55,-12.8));
#15073=VECTOR('',#16502,1000.0);
#15074=CARTESIAN_POINT('',(0.500000000001492,2.9,-10.3));
#15075=AXIS2_PLACEMENT_3D('',#16503,#16504,#16505);
#15076=CARTESIAN_POINT('',(0.500000000001493,2.9,-12.8));
#15077=VECTOR('',#16506,1000.0);
#15078=CARTESIAN_POINT('',(0.500000000001492,1.3,-10.3));
#15079=CARTESIAN_POINT('',(0.500000000001491,1.29999999999995,6.12323399575502E-17));
#15080=VECTOR('',#16507,1000.0);
#15081=AXIS2_PLACEMENT_3D('',#16508,#16509,#16510);
#15082=CARTESIAN_POINT('',(0.500000000001492,-1.298628,-10.3));
#15083=VECTOR('',#16511,1000.0);
#15084=CARTESIAN_POINT('',(-10.2776691897958,4.76114784529928,-0.199992384611727));
#15085=CARTESIAN_POINT('',(-10.4794144968944,4.55940253820035,-1.28335814205601E-15));
#15086=CARTESIAN_POINT('',(-3.071094,11.9677230350947,-7.34395116025199));
#15087=VECTOR('',#16512,1000.0);
#15088=CARTESIAN_POINT('',(-10.4794144968944,1.9205855031041,-1.28335814205601E-15));
#15089=CARTESIAN_POINT('',(-10.4794144968944,-1.298628,-1.28335814205601E-15));
#15090=VECTOR('',#16513,1000.0);
#15091=CARTESIAN_POINT('',(-10.2776691897955,2.1223308102034,-0.199992384612468));
#15092=CARTESIAN_POINT('',(-32.4710939999985,-20.0710939999999,21.8005984312388));
#15093=VECTOR('',#16514,1000.0);
#15094=CARTESIAN_POINT('',(-10.2776691897962,-1.298628,-0.199992384611352));
#15095=VECTOR('',#16515,1000.0);
#15096=CARTESIAN_POINT('',(-6.5223308102036,5.87766918979623,-0.199992384612672));
#15097=CARTESIAN_POINT('',(-6.5223308102038,2.12233081020377,-0.199992384612832));
#15098=CARTESIAN_POINT('',(-6.5223308102038,-1.298628,-0.199992384612842));
#15099=VECTOR('',#16516,1000.0);
#15100=CARTESIAN_POINT('',(-6.6,5.8,-9.1));
#15101=CARTESIAN_POINT('',(-6.5205855031041,5.87941449689591,-7.98541416494307E-16));
#15102=VECTOR('',#16517,1000.0);
#15103=CARTESIAN_POINT('',(-6.6,2.2,-9.1));
#15104=CARTESIAN_POINT('',(-6.6,-1.298628,-9.1));
#15105=VECTOR('',#16518,1000.0);
#15106=CARTESIAN_POINT('',(-6.5205855031041,2.1205855031041,-7.98541416494307E-16));
#15107=VECTOR('',#16519,1000.0);
#15108=CARTESIAN_POINT('',(-10.7223308102038,2.12233081020379,-0.199992384612842));
#15109=CARTESIAN_POINT('',(-10.7223308102038,4.76114784530001,-0.199992384612842));
#15110=CARTESIAN_POINT('',(-10.7223308102038,-1.298628,-0.199992384612842));
#15111=VECTOR('',#16520,1000.0);
#15112=CARTESIAN_POINT('',(-10.5205855031041,1.92058550310411,-1.28840013615325E-15));
#15113=CARTESIAN_POINT('',(-3.071094,-5.528906,7.3847644402591));
#15114=VECTOR('',#16521,1000.0);
#15115=CARTESIAN_POINT('',(-10.5205855031041,4.55940253820034,-1.28840013615325E-15));
#15116=CARTESIAN_POINT('',(-10.5205855031041,-1.298628,-1.28840013615325E-15));
#15117=VECTOR('',#16522,1000.0);
#15118=CARTESIAN_POINT('',(-3.071094,-2.89008896490365,7.3847644402591));
#15119=VECTOR('',#16523,1000.0);
#15120=CARTESIAN_POINT('',(-10.2,2.2,-9.1));
#15121=CARTESIAN_POINT('',(-10.2794144968959,2.1205855031041,-1.25886520607325E-15));
#15122=VECTOR('',#16524,1000.0);
#15123=CARTESIAN_POINT('',(-10.2,4.83881703509624,-9.1));
#15124=CARTESIAN_POINT('',(-10.2,-1.298628,-9.1));
#15125=VECTOR('',#16525,1000.0);
#15126=CARTESIAN_POINT('',(-10.2794144968959,4.75940253820033,-1.25886520607325E-15));
#15127=VECTOR('',#16526,1000.0);
#15128=CARTESIAN_POINT('',(-32.4710939999985,2.12233081020377,-0.199992384612835));
#15129=VECTOR('',#16527,1000.0);
#15130=CARTESIAN_POINT('',(-32.4710939999985,2.2,-9.1));
#15131=VECTOR('',#16528,1000.0);
#15132=CARTESIAN_POINT('',(-6.3205855031041,1.9205855031041,-7.7404848051136E-16));
#15133=CARTESIAN_POINT('',(-32.4710939999985,28.0710939999983,-25.9232922357304));
#15134=VECTOR('',#16529,1000.0);
#15135=CARTESIAN_POINT('',(-6.3205855031041,6.0794144968959,-7.7404848051136E-16));
#15136=CARTESIAN_POINT('',(-6.3205855031041,-1.298628,-7.7404848051136E-16));
#15137=VECTOR('',#16530,1000.0);
#15138=CARTESIAN_POINT('',(-32.4710939999985,-20.0710939999984,-25.9232922357304));
#15139=VECTOR('',#16531,1000.0);
#15140=CARTESIAN_POINT('',(-32.4710939999985,1.9205855031041,-3.9765621331911E-15));
#15141=VECTOR('',#16532,1000.0);
#15142=CARTESIAN_POINT('',(-14.4776691897962,5.87766918979623,-0.199992384612843));
#15143=CARTESIAN_POINT('',(-45.0710939999985,5.87766918979623,-0.199992384612847));
#15144=VECTOR('',#16533,1000.0);
#15145=CARTESIAN_POINT('',(-14.6794144968959,6.0794144968959,-1.79770979769808E-15));
#15146=CARTESIAN_POINT('',(-3.071094,6.0794144968959,-3.76100543698064E-16));
#15147=VECTOR('',#16534,1000.0);
#15148=CARTESIAN_POINT('',(-45.0710939999985,36.4710939999999,30.1276126002365));
#15149=VECTOR('',#16535,1000.0);
#15150=CARTESIAN_POINT('',(-14.4,5.8,-9.1));
#15151=CARTESIAN_POINT('',(-3.071094,5.8,-9.1));
#15152=VECTOR('',#16536,1000.0);
#15153=CARTESIAN_POINT('',(-14.4,2.2,-9.1));
#15154=CARTESIAN_POINT('',(-14.4,-1.298628,-9.1));
#15155=VECTOR('',#16537,1000.0);
#15156=CARTESIAN_POINT('',(-10.8,2.2,-9.1));
#15157=CARTESIAN_POINT('',(-3.071094,2.2,-9.1));
#15158=VECTOR('',#16538,1000.0);
#15159=CARTESIAN_POINT('',(-10.8,4.83881703509624,-9.1));
#15160=CARTESIAN_POINT('',(-10.8,-1.298628,-9.1));
#15161=VECTOR('',#16539,1000.0);
#15162=CARTESIAN_POINT('',(-3.071094,4.83881703509623,-9.1));
#15163=VECTOR('',#16540,1000.0);
#15164=CARTESIAN_POINT('',(-1.8,-2.0,-9.1));
#15165=CARTESIAN_POINT('',(-1.87766918979622,-2.07766918979623,-0.199992384612841));
#15166=CARTESIAN_POINT('',(-1.8794144968959,-2.0794144968959,-2.3016189478947E-16));
#15167=VECTOR('',#16541,1000.0);
#15168=CARTESIAN_POINT('',(1.87766918979624,-2.07766918979624,-0.199992384612821));
#15169=CARTESIAN_POINT('',(-32.4710939999985,-2.07766918979623,-0.199992384612845));
#15170=VECTOR('',#16542,1000.0);
#15171=CARTESIAN_POINT('',(1.8,-2.0,-9.1));
#15172=CARTESIAN_POINT('',(1.87941449689591,-2.0794144968959,2.30161894789471E-16));
#15173=VECTOR('',#16543,1000.0);
#15174=CARTESIAN_POINT('',(-32.4710939999985,-2.0,-9.1));
#15175=VECTOR('',#16544,1000.0);
#15176=CARTESIAN_POINT('',(1.87766918979673,1.67766918979671,-0.199992384612342));
#15177=CARTESIAN_POINT('',(1.87766918979624,-1.298628,-0.199992384612841));
#15178=VECTOR('',#16545,1000.0);
#15179=CARTESIAN_POINT('',(1.8,1.6,-9.1));
#15180=CARTESIAN_POINT('',(1.87941449689591,1.67941449689591,2.30161894789471E-16));
#15181=VECTOR('',#16546,1000.0);
#15182=CARTESIAN_POINT('',(1.8,-1.298628,-9.1));
#15183=VECTOR('',#16547,1000.0);
#15184=CARTESIAN_POINT('',(2.0794144968959,-2.2794144968959,2.54654830772417E-16));
#15185=CARTESIAN_POINT('',(-32.4710939999985,32.2710939999983,-34.2503064047282));
#15186=VECTOR('',#16548,1000.0);
#15187=CARTESIAN_POINT('',(2.0794144968959,1.87941449689591,2.54654830772417E-16));
#15188=CARTESIAN_POINT('',(2.0794144968959,-1.298628,2.54654830772417E-16));
#15189=VECTOR('',#16549,1000.0);
#15190=CARTESIAN_POINT('',(-32.4710939999985,-32.6710939999983,-34.2503064047282));
#15191=VECTOR('',#16550,1000.0);
#15192=CARTESIAN_POINT('',(-2.07941449689442,-2.2794144968959,-2.54654830772235E-16));
#15193=CARTESIAN_POINT('',(-32.4710939999985,-32.6710939999999,30.1276126002366));
#15194=VECTOR('',#16551,1000.0);
#15195=CARTESIAN_POINT('',(-32.4710939999985,-2.27941449689591,-3.9765621331911E-15));
#15196=VECTOR('',#16552,1000.0);
#15197=CARTESIAN_POINT('',(-2.07941449689442,1.87941449689591,-2.54654830772235E-16));
#15198=CARTESIAN_POINT('',(-2.07941449689442,-1.298628,-2.54654830772235E-16));
#15199=VECTOR('',#16553,1000.0);
#15200=CARTESIAN_POINT('',(-1.87766918979623,1.67766918979673,-0.19999238461235));
#15201=CARTESIAN_POINT('',(-1.87766918979624,-1.298628,-0.19999238461136));
#15202=VECTOR('',#16554,1000.0);
#15203=CARTESIAN_POINT('',(1.09862800000149,-1.298628,-3.15042915492015));
#15204=VECTOR('',#16555,1000.0);
#15205=CARTESIAN_POINT('',(-32.4710939999985,1.87941449689591,-3.9765621331911E-15));
#15206=VECTOR('',#16556,1000.0);
#15207=CARTESIAN_POINT('',(-32.4710939999985,1.67766918979623,-0.199992384612845));
#15208=VECTOR('',#16557,1000.0);
#15209=CARTESIAN_POINT('',(-1.8,1.6,-9.1));
#15210=CARTESIAN_POINT('',(-32.4710939999985,1.6,-9.1));
#15211=VECTOR('',#16558,1000.0);
#15212=CARTESIAN_POINT('',(-1.8794144968959,1.67941449689591,-2.3016189478947E-16));
#15213=VECTOR('',#16559,1000.0);
#15214=CARTESIAN_POINT('',(-1.8,-1.298628,-9.1));
#15215=VECTOR('',#16560,1000.0);
#15216=CARTESIAN_POINT('',(-4.6999999999985,1.3,-10.3));
#15217=CARTESIAN_POINT('',(-4.6999999999985,1.3,-5.75583995599072E-16));
#15218=VECTOR('',#16561,1000.0);
#15219=CARTESIAN_POINT('',(-4.6999999999985,2.9,-10.3));
#15220=CARTESIAN_POINT('',(-4.6999999999985,-1.298628,-10.3));
#15221=VECTOR('',#16562,1000.0);
#15222=CARTESIAN_POINT('',(-4.6999999999985,2.9,-12.8));
#15223=VECTOR('',#16563,1000.0);
#15224=CARTESIAN_POINT('',(-5.5,3.55,-10.3));
#15225=CARTESIAN_POINT('',(-5.5,3.55,-12.8));
#15226=VECTOR('',#16564,1000.0);
#15227=CARTESIAN_POINT('',(-7.1,3.55,-10.3));
#15228=CARTESIAN_POINT('',(-32.4710939999985,3.55,-10.3));
#15229=VECTOR('',#16565,1000.0);
#15230=CARTESIAN_POINT('',(-7.1,3.55,-12.8));
#15231=VECTOR('',#16566,1000.0);
#15232=CARTESIAN_POINT('',(-7.89999999999854,1.3,-10.3));
#15233=CARTESIAN_POINT('',(-7.8999999999985,1.29999999999996,-9.67470971326225E-16));
#15234=VECTOR('',#16567,1000.0);
#15235=CARTESIAN_POINT('',(-7.1,0.65,-10.3));
#15236=AXIS2_PLACEMENT_3D('',#16568,#16569,#16570);
#15237=CARTESIAN_POINT('',(-7.1,0.65,-8.69499227394621E-16));
#15238=VECTOR('',#16571,1000.0);
#15239=CARTESIAN_POINT('',(-7.8999999999985,2.9,-10.3));
#15240=CARTESIAN_POINT('',(-7.8999999999985,2.9,-12.8));
#15241=VECTOR('',#16572,1000.0);
#15242=CARTESIAN_POINT('',(-7.8999999999985,-1.298628,-10.3));
#15243=VECTOR('',#16573,1000.0);
#15244=CARTESIAN_POINT('',(-5.5,0.65,-10.3));
#15245=CARTESIAN_POINT('',(-32.4710939999985,0.65,-10.3));
#15246=VECTOR('',#16574,1000.0);
#15247=CARTESIAN_POINT('',(-5.5,0.65,-6.73555739531044E-16));
#15248=VECTOR('',#16575,1000.0);
#15249=AXIS2_PLACEMENT_3D('',#16576,#16577,#16578);
#15250=AXIS2_PLACEMENT_3D('',#16579,#16580,#16581);
#15251=AXIS2_PLACEMENT_3D('',#16582,#16583,#16584);
#15252=CARTESIAN_POINT('',(1.3,4.85,-10.3));
#15253=CARTESIAN_POINT('',(1.3,4.85,1.59204083889156E-16));
#15254=VECTOR('',#16585,1000.0);
#15255=CARTESIAN_POINT('',(1.7,4.85,-10.3));
#15256=CARTESIAN_POINT('',(-32.4710939999985,4.85,-10.3));
#15257=VECTOR('',#16586,1000.0);
#15258=CARTESIAN_POINT('',(1.7,4.85,-12.8));
#15259=VECTOR('',#16587,1000.0);
#15260=CARTESIAN_POINT('',(1.7,5.9,-10.3));
#15261=CARTESIAN_POINT('',(1.7,-1.298628,-10.3));
#15262=VECTOR('',#16588,1000.0);
#15263=CARTESIAN_POINT('',(1.7,5.9,-12.8));
#15264=VECTOR('',#16589,1000.0);
#15265=CARTESIAN_POINT('',(0.500000000001492,5.9,-10.3));
#15266=CARTESIAN_POINT('',(-32.4710939999985,5.9,-10.3));
#15267=VECTOR('',#16590,1000.0);
#15268=CARTESIAN_POINT('',(0.500000000001493,5.9,-12.8));
#15269=VECTOR('',#16591,1000.0);
#15270=CARTESIAN_POINT('',(0.500000000001472,5.5,-10.3));
#15271=CARTESIAN_POINT('',(0.500000000001492,-1.298628,-10.3));
#15272=VECTOR('',#16592,1000.0);
#15273=CARTESIAN_POINT('',(0.500000000001491,5.5,6.12323399575502E-17));
#15274=VECTOR('',#16593,1000.0);
#15275=AXIS2_PLACEMENT_3D('',#16594,#16595,#16596);
#15276=CARTESIAN_POINT('',(-7.1,4.85,-10.3));
#15277=CARTESIAN_POINT('',(-7.1,4.85,-8.69499227394621E-16));
#15278=VECTOR('',#16597,1000.0);
#15279=CARTESIAN_POINT('',(-5.5,4.85,-10.3));
#15280=CARTESIAN_POINT('',(-32.4710939999985,4.85,-10.3));
#15281=VECTOR('',#16598,1000.0);
#15282=CARTESIAN_POINT('',(-5.5,4.85,-12.8));
#15283=VECTOR('',#16599,1000.0);
#15284=CARTESIAN_POINT('',(-7.8999999999985,5.9,-10.3));
#15285=CARTESIAN_POINT('',(-7.89999999999854,5.5,-10.3));
#15286=CARTESIAN_POINT('',(-7.8999999999985,-1.298628,-10.3));
#15287=VECTOR('',#16600,1000.0);
#15288=CARTESIAN_POINT('',(-4.6999999999985,5.9,-10.3));
#15289=CARTESIAN_POINT('',(-32.4710939999985,5.9,-10.3));
#15290=VECTOR('',#16601,1000.0);
#15291=CARTESIAN_POINT('',(-4.6999999999985,5.5,-10.3));
#15292=CARTESIAN_POINT('',(-4.6999999999985,-1.298628,-10.3));
#15293=VECTOR('',#16602,1000.0);
#15294=AXIS2_PLACEMENT_3D('',#16603,#16604,#16605);
#15295=AXIS2_PLACEMENT_3D('',#16606,#16607,#16608);
#15296=CARTESIAN_POINT('',(-7.8999999999985,5.5,-9.67470971326225E-16));
#15297=VECTOR('',#16609,1000.0);
#15298=CARTESIAN_POINT('',(-4.6999999999985,5.9,-12.8));
#15299=VECTOR('',#16610,1000.0);
#15300=CARTESIAN_POINT('',(-7.8999999999985,5.9,-12.8));
#15301=VECTOR('',#16611,1000.0);
#15302=CARTESIAN_POINT('',(-4.6999999999985,5.5,-12.8));
#15303=VECTOR('',#16612,1000.0);
#15304=CARTESIAN_POINT('',(-0.499999999998508,5.5,-10.3));
#15305=CARTESIAN_POINT('',(-0.499999999998509,5.5,-6.12323399571851E-17));
#15306=VECTOR('',#16613,1000.0);
#15307=CARTESIAN_POINT('',(-0.499999999998508,5.9,-10.3));
#15308=CARTESIAN_POINT('',(-0.499999999998508,-1.298628,-10.3));
#15309=VECTOR('',#16614,1000.0);
#15310=CARTESIAN_POINT('',(-0.499999999998507,5.9,-12.8));
#15311=VECTOR('',#16615,1000.0);
#15312=CARTESIAN_POINT('',(-3.69999999999851,5.9,-10.3));
#15313=CARTESIAN_POINT('',(-32.4710939999985,5.9,-10.3));
#15314=VECTOR('',#16616,1000.0);
#15315=CARTESIAN_POINT('',(-3.69999999999851,5.9,-12.8));
#15316=VECTOR('',#16617,1000.0);
#15317=CARTESIAN_POINT('',(-3.69999999999853,5.5,-10.3));
#15318=CARTESIAN_POINT('',(-3.69999999999851,-1.298628,-10.3));
#15319=VECTOR('',#16618,1000.0);
#15320=CARTESIAN_POINT('',(-3.69999999999851,5.5,-4.53119315684338E-16));
#15321=VECTOR('',#16619,1000.0);
#15322=CARTESIAN_POINT('',(-2.9,4.85,-10.3));
#15323=CARTESIAN_POINT('',(-2.9,4.85,-3.55147571752732E-16));
#15324=VECTOR('',#16620,1000.0);
#15325=CARTESIAN_POINT('',(-1.3,4.85,-10.3));
#15326=CARTESIAN_POINT('',(-32.4710939999985,4.85,-10.3));
#15327=VECTOR('',#16621,1000.0);
#15328=CARTESIAN_POINT('',(-1.3,4.85,-1.59204083889156E-16));
#15329=VECTOR('',#16622,1000.0);
#15330=AXIS2_PLACEMENT_3D('',#16623,#16624,#16625);
#15331=AXIS2_PLACEMENT_3D('',#16626,#16627,#16628);
#15332=CARTESIAN_POINT('',(-0.499999999998499,1.3,-10.3));
#15333=CARTESIAN_POINT('',(-0.499999999998509,1.3,-6.12323399571851E-17));
#15334=VECTOR('',#16629,1000.0);
#15335=CARTESIAN_POINT('',(-0.499999999998508,3.55,-10.3));
#15336=CARTESIAN_POINT('',(-0.499999999998508,-1.298628,-10.3));
#15337=VECTOR('',#16630,1000.0);
#15338=CARTESIAN_POINT('',(-0.499999999998507,3.55,-12.8));
#15339=VECTOR('',#16631,1000.0);
#15340=CARTESIAN_POINT('',(-2.9,0.65,-10.3));
#15341=CARTESIAN_POINT('',(-2.9,0.65,-3.55147571752732E-16));
#15342=VECTOR('',#16632,1000.0);
#15343=CARTESIAN_POINT('',(-1.3,0.65,-10.3));
#15344=CARTESIAN_POINT('',(-32.4710939999985,0.650000000000028,-10.3));
#15345=VECTOR('',#16633,1000.0);
#15346=CARTESIAN_POINT('',(-1.3,0.65,-1.59204083889156E-16));
#15347=VECTOR('',#16634,1000.0);
#15348=CARTESIAN_POINT('',(-2.9,3.55,-10.3));
#15349=CARTESIAN_POINT('',(-32.4710939999985,3.55,-10.3));
#15350=VECTOR('',#16635,1000.0);
#15351=CARTESIAN_POINT('',(-2.9,3.55,-12.8));
#15352=VECTOR('',#16636,1000.0);
#15353=CARTESIAN_POINT('',(-3.69999999999852,1.3,-10.3));
#15354=CARTESIAN_POINT('',(-3.69999999999851,1.29999999999996,-4.53119315684338E-16));
#15355=VECTOR('',#16637,1000.0);
#15356=AXIS2_PLACEMENT_3D('',#16638,#16639,#16640);
#15357=AXIS2_PLACEMENT_3D('',#16641,#16642,#16643);
#15358=CARTESIAN_POINT('',(-3.69999999999851,2.9,-10.3));
#15359=CARTESIAN_POINT('',(-3.69999999999851,-1.298628,-10.3));
#15360=VECTOR('',#16644,1000.0);
#15361=AXIS2_PLACEMENT_3D('',#16645,#16646,#16647);
#15362=CARTESIAN_POINT('',(-3.69999999999851,2.9,-12.8));
#15363=VECTOR('',#16648,1000.0);
#15364=CARTESIAN_POINT('',(-9.7,4.85,-10.3));
#15365=CARTESIAN_POINT('',(-9.7,4.85,-1.18790739517293E-15));
#15366=VECTOR('',#16649,1000.0);
#15367=CARTESIAN_POINT('',(-8.8999999999985,5.5,-10.3));
#15368=AXIS2_PLACEMENT_3D('',#16650,#16651,#16652);
#15369=CARTESIAN_POINT('',(-8.8999999999985,5.5,-1.08993565124096E-15));
#15370=VECTOR('',#16653,1000.0);
#15371=CARTESIAN_POINT('',(-10.7,6.7,-1.31037207508767E-15));
#15372=CARTESIAN_POINT('',(-10.7,6.7,-1.31037207508767E-15));
#15373=VECTOR('',#16654,1000.0);
#15374=CARTESIAN_POINT('',(-3.071094,6.7,-3.76100543698064E-16));
#15375=VECTOR('',#16655,1000.0);
#15376=CARTESIAN_POINT('',(-14.4776691897962,2.12233081020376,-0.199992384612846));
#15377=CARTESIAN_POINT('',(-3.071094,2.12233081020377,-0.199992384612841));
#15378=VECTOR('',#16656,1000.0);
#15379=CARTESIAN_POINT('',(-10.7205855031041,2.1205855031041,-1.3128930721362E-15));
#15380=VECTOR('',#16657,1000.0);
#15381=CARTESIAN_POINT('',(-14.4794144968959,2.1205855031041,-1.77321686171513E-15));
#15382=VECTOR('',#16658,1000.0);
#15383=AXIS2_PLACEMENT_3D('',#16659,#16660,#16661);
#15384=CARTESIAN_POINT('',(-10.7205855031041,4.75940253820033,-1.3128930721362E-15));
#15385=VECTOR('',#16662,1000.0);
#15386=CARTESIAN_POINT('',(-14.4466062912337,5.84660629123367,-3.759448));
#15387=VECTOR('',#16663,1000.0);
#15388=CARTESIAN_POINT('',(-14.4776691897962,-1.298628,-0.199992384612843));
#15389=VECTOR('',#16664,1000.0);
#15390=CARTESIAN_POINT('',(-14.6794144968959,1.92058550310406,-1.79770979769808E-15));
#15391=CARTESIAN_POINT('',(-3.071094,13.5289059999999,-11.5074582447523));
#15392=VECTOR('',#16665,1000.0);
#15393=CARTESIAN_POINT('',(-14.6794144968959,-1.298628,-1.79770979769808E-15));
#15394=VECTOR('',#16666,1000.0);
#15395=CARTESIAN_POINT('',(-11.3,4.85,-10.3));
#15396=CARTESIAN_POINT('',(-11.3,4.85,-1.38385088303651E-15));
#15397=VECTOR('',#16667,1000.0);
#15398=CARTESIAN_POINT('',(-24.0710939999985,4.85,-10.3));
#15399=VECTOR('',#16668,1000.0);
#15400=CARTESIAN_POINT('',(-3.071094,1.9205855031041,-3.76100543698064E-16));
#15401=VECTOR('',#16669,1000.0);
#15402=CARTESIAN_POINT('',(-3.071094,4.7611478453,-0.199992384612841));
#15403=VECTOR('',#16670,1000.0);
#15404=CARTESIAN_POINT('',(-12.0999999999985,5.5,-10.3));
#15405=CARTESIAN_POINT('',(-12.0999999999985,5.5,-1.48182262696811E-15));
#15406=VECTOR('',#16671,1000.0);
#15407=AXIS2_PLACEMENT_3D('',#16672,#16673,#16674);
#15408=CARTESIAN_POINT('',(2.7,-2.5,3.30654635769785E-16));
#15409=CARTESIAN_POINT('',(2.7,-2.5,3.30654635769785E-16));
#15410=VECTOR('',#16675,1000.0);
#15411=AXIS2_PLACEMENT_3D('',#16676,#16677,#16678);
#15412=CARTESIAN_POINT('',(-12.0999999999985,5.9,-10.3));
#15413=CARTESIAN_POINT('',(-12.0999999999985,-1.298628,-10.3));
#15414=VECTOR('',#16679,1000.0);
#15415=CARTESIAN_POINT('',(-8.8999999999985,5.9,-10.3));
#15416=CARTESIAN_POINT('',(-36.6710939999985,5.9,-10.3));
#15417=VECTOR('',#16680,1000.0);
#15418=CARTESIAN_POINT('',(-8.8999999999985,-1.298628,-10.3));
#15419=VECTOR('',#16681,1000.0);
#15420=CARTESIAN_POINT('',(2.7,-1.298628,3.30654635769785E-16));
#15421=VECTOR('',#16682,1000.0);
#15422=CARTESIAN_POINT('',(-3.071094,4.55940253820032,-3.76100543698064E-16));
#15423=VECTOR('',#16683,1000.0);
#15424=CARTESIAN_POINT('',(2.7,-0.150000000000002,3.30654635769785E-16));
#15425=CARTESIAN_POINT('',(2.7,-1.298628,3.30654635769785E-16));
#15426=VECTOR('',#16684,1000.0);
#15427=CARTESIAN_POINT('',(2.7,-0.150000000000002,-12.8));
#15428=VECTOR('',#16685,1000.0);
#15429=CARTESIAN_POINT('',(2.7,5.9,-6.6));
#15430=CARTESIAN_POINT('',(2.7,-1.298628,-6.6));
#15431=VECTOR('',#16686,1000.0);
#15432=CARTESIAN_POINT('',(2.7,5.9,-12.8));
#15433=VECTOR('',#16687,1000.0);
#15434=AXIS2_PLACEMENT_3D('',#16688,#16689,#16690);
#15435=CARTESIAN_POINT('',(-8.8999999999985,5.9,-12.8));
#15436=VECTOR('',#16691,1000.0);
#15437=CARTESIAN_POINT('',(-12.0999999999985,5.9,-12.8));
#15438=VECTOR('',#16692,1000.0);
#15439=AXIS2_PLACEMENT_3D('',#16693,#16694,#16695);
#15440=CARTESIAN_POINT('',(-13.0999999999985,1.3,-10.3));
#15441=CARTESIAN_POINT('',(-13.0999999999985,1.3,-1.60428730688285E-15));
#15442=VECTOR('',#16696,1000.0);
#15443=CARTESIAN_POINT('',(-13.0999999999985,2.9,-10.3));
#15444=CARTESIAN_POINT('',(-13.0999999999985,-1.298628,-10.3));
#15445=VECTOR('',#16697,1000.0);
#15446=CARTESIAN_POINT('',(-13.0999999999985,2.9,-12.8));
#15447=VECTOR('',#16698,1000.0);
#15448=CARTESIAN_POINT('',(-13.9,0.65,-10.3));
#15449=AXIS2_PLACEMENT_3D('',#16699,#16700,#16701);
#15450=CARTESIAN_POINT('',(-14.3,0.65,-10.3));
#15451=CARTESIAN_POINT('',(-24.0710939999985,0.65,-10.3));
#15452=VECTOR('',#16702,1000.0);
#15453=CARTESIAN_POINT('',(-14.3,3.55,-10.3));
#15454=CARTESIAN_POINT('',(-14.3,-1.298628,-10.3));
#15455=VECTOR('',#16703,1000.0);
#15456=CARTESIAN_POINT('',(-13.9,3.55,-10.3));
#15457=CARTESIAN_POINT('',(-24.0710939999985,3.55,-10.3));
#15458=VECTOR('',#16704,1000.0);
#15459=AXIS2_PLACEMENT_3D('',#16705,#16706,#16707);
#15460=CARTESIAN_POINT('',(-13.9,3.55,-12.8));
#15461=VECTOR('',#16708,1000.0);
#15462=CARTESIAN_POINT('',(-13.9,0.65,-1.70225905081482E-15));
#15463=VECTOR('',#16709,1000.0);
#15464=CARTESIAN_POINT('',(-14.3,3.55,-12.8));
#15465=VECTOR('',#16710,1000.0);
#15466=CARTESIAN_POINT('',(-14.3,0.65,-12.8));
#15467=VECTOR('',#16711,1000.0);
#15468=CARTESIAN_POINT('',(-13.0999999999985,5.5,-10.3));
#15469=CARTESIAN_POINT('',(-13.0999999999985,5.5,-1.60428730688285E-15));
#15470=VECTOR('',#16712,1000.0);
#15471=CARTESIAN_POINT('',(-13.0999999999985,5.9,-10.3));
#15472=CARTESIAN_POINT('',(-13.0999999999985,5.9,-10.3));
#15473=VECTOR('',#16713,1000.0);
#15474=CARTESIAN_POINT('',(-13.0999999999985,5.9,-12.8));
#15475=VECTOR('',#16714,1000.0);
#15476=CARTESIAN_POINT('',(-14.3,5.9,-10.3));
#15477=CARTESIAN_POINT('',(-24.0710939999985,5.9,-10.3));
#15478=VECTOR('',#16715,1000.0);
#15479=CARTESIAN_POINT('',(-14.3,5.9,-12.8));
#15480=VECTOR('',#16716,1000.0);
#15481=CARTESIAN_POINT('',(-14.3,4.85,-10.3));
#15482=CARTESIAN_POINT('',(-14.3,4.85,-10.3));
#15483=VECTOR('',#16717,1000.0);
#15484=CARTESIAN_POINT('',(-14.3,4.85,-12.8));
#15485=VECTOR('',#16718,1000.0);
#15486=CARTESIAN_POINT('',(-13.9,4.85,-10.3));
#15487=CARTESIAN_POINT('',(-24.0710939999985,4.85,-10.3));
#15488=VECTOR('',#16719,1000.0);
#15489=CARTESIAN_POINT('',(-13.9,4.85,-1.70225905081482E-15));
#15490=VECTOR('',#16720,1000.0);
#15491=AXIS2_PLACEMENT_3D('',#16721,#16722,#16723);
#15492=CARTESIAN_POINT('',(-11.3,0.65,-10.3));
#15493=CARTESIAN_POINT('',(-11.3,0.65,-1.38385088303651E-15));
#15494=VECTOR('',#16724,1000.0);
#15495=CARTESIAN_POINT('',(-9.7,0.65,-10.3));
#15496=CARTESIAN_POINT('',(-24.0710939999985,0.65,-10.3));
#15497=VECTOR('',#16725,1000.0);
#15498=CARTESIAN_POINT('',(-9.7,0.65,-1.18790739517293E-15));
#15499=VECTOR('',#16726,1000.0);
#15500=CARTESIAN_POINT('',(-8.8999999999985,1.3,-10.3));
#15501=AXIS2_PLACEMENT_3D('',#16727,#16728,#16729);
#15502=CARTESIAN_POINT('',(-8.8999999999985,1.3,-1.08993565124096E-15));
#15503=VECTOR('',#16730,1000.0);
#15504=CARTESIAN_POINT('',(-8.8999999999985,2.9,-10.3));
#15505=CARTESIAN_POINT('',(-8.8999999999985,-1.298628,-10.3));
#15506=VECTOR('',#16731,1000.0);
#15507=CARTESIAN_POINT('',(-8.8999999999985,2.9,-12.8));
#15508=VECTOR('',#16732,1000.0);
#15509=CARTESIAN_POINT('',(-9.7,3.55,-10.3));
#15510=AXIS2_PLACEMENT_3D('',#16733,#16734,#16735);
#15511=CARTESIAN_POINT('',(-9.7,3.55,-12.8));
#15512=VECTOR('',#16736,1000.0);
#15513=CARTESIAN_POINT('',(-11.3,3.55,-10.3));
#15514=CARTESIAN_POINT('',(-32.4710939999985,3.55,-10.3));
#15515=VECTOR('',#16737,1000.0);
#15516=CARTESIAN_POINT('',(-11.3,3.55,-12.8));
#15517=VECTOR('',#16738,1000.0);
#15518=CARTESIAN_POINT('',(-12.0999999999985,1.3,-10.3));
#15519=AXIS2_PLACEMENT_3D('',#16739,#16740,#16741);
#15520=CARTESIAN_POINT('',(-12.0999999999985,2.9,-10.3));
#15521=CARTESIAN_POINT('',(-12.0999999999985,-1.298628,-10.3));
#15522=VECTOR('',#16742,1000.0);
#15523=AXIS2_PLACEMENT_3D('',#16743,#16744,#16745);
#15524=CARTESIAN_POINT('',(-12.0999999999985,1.29999999999996,-1.48182262696811E-15));
#15525=VECTOR('',#16746,1000.0);
#15526=CARTESIAN_POINT('',(-12.0999999999985,2.9,-12.8));
#15527=VECTOR('',#16747,1000.0);
#15528=CARTESIAN_POINT('',(-1.01547329937682,-6.2,-6.2992898175886));
#15529=AXIS2_PLACEMENT_3D('',#16748,#16749,#16750);
#15530=CARTESIAN_POINT('',(-1.01547329937682,-6.2,-6.2992898175886));
#15531=CARTESIAN_POINT('',(-1.02049062976905,-6.2,-6.29175887470998));
#15532=CARTESIAN_POINT('',(-1.02548636391878,-6.19957396021708,-6.284181328784));
#15533=CARTESIAN_POINT('',(-1.03536633226772,-6.19784643863051,-6.26904385148736));
#15534=CARTESIAN_POINT('',(-1.04024991841163,-6.19654507509217,-6.26148494892102));
#15535=CARTESIAN_POINT('',(-1.04983886905185,-6.19306093277999,-6.24650131656195));
#15536=CARTESIAN_POINT('',(-1.05454299726956,-6.19088128175447,-6.23907891916873));
#15537=CARTESIAN_POINT('',(-1.06377644512276,-6.1856053568577,-6.22437924854663));
#15538=CARTESIAN_POINT('',(-1.0682912940002,-6.18251503143524,-6.21712473510309));
#15539=CARTESIAN_POINT('',(-1.07266977267444,-6.17897725250035,-6.21003096319632));
#15540=CARTESIAN_POINT('',(-1.07704145061072,-6.17544496851229,-6.20294820947357));
#15541=CARTESIAN_POINT('',(-1.08130771848748,-6.17144249776753,-6.19597624118523));
#15542=CARTESIAN_POINT('',(-1.08543321126583,-6.16696230230328,-6.18918264430014));
#15543=CARTESIAN_POINT('',(-1.08955751552546,-6.16248339754453,-6.18239100459144));
#15544=CARTESIAN_POINT('',(-1.09353430162858,-6.15753284733957,-6.17578883195082));
#15545=CARTESIAN_POINT('',(-1.09731709821384,-6.15213728373848,-6.16946591032703));
#15546=CARTESIAN_POINT('',(-1.10109992351935,-6.14674167917246,-6.16314294069751));
#15547=CARTESIAN_POINT('',(-1.10468727689135,-6.14090340035552,-6.15710183647559));
#15548=CARTESIAN_POINT('',(-1.10804128588157,-6.13466522439931,-6.15142069526254));
#15549=CARTESIAN_POINT('',(-1.10971901386806,-6.1315447907878,-6.14857889918025));
#15550=CARTESIAN_POINT('',(-1.11133524562987,-6.12833134683766,-6.14583250006071));
#15551=CARTESIAN_POINT('',(-1.11445621937169,-6.12169024330043,-6.1405145223504));
#15552=CARTESIAN_POINT('',(-1.11596376820908,-6.11825523747956,-6.13793810855229));
#15553=CARTESIAN_POINT('',(-1.11741046176373,-6.1147152872702,-6.13545940873081));
#15554=CARTESIAN_POINT('',(-0.784999999999999,-6.2,-6.9007101824114));
#15555=CARTESIAN_POINT('',(-32.4710939999985,-6.2,-6.9007101824114));
#15556=VECTOR('',#16751,1000.0);
#15557=CARTESIAN_POINT('',(-0.621169591142199,-6.1147152872702,-7.0645405912692));
#15558=CARTESIAN_POINT('',(-32.4710939999985,-6.1147152872702,-7.0645405912692));
#15559=VECTOR('',#16752,1000.0);
#15560=AXIS2_PLACEMENT_3D('',#16753,#16754,#16755);
#15561=CARTESIAN_POINT('',(-0.784999999999999,-6.2,-6.2992898175886));
#15562=CARTESIAN_POINT('',(-32.4710939999985,-6.2,-6.2992898175886));
#15563=VECTOR('',#16756,1000.0);
#15564=CARTESIAN_POINT('',(-0.785,-6.2,-9.61347737330672E-17));
#15565=VECTOR('',#16757,1000.0);
#15566=CARTESIAN_POINT('',(-0.621169591142199,-6.1147152872702,-6.1354594087308));
#15567=AXIS2_PLACEMENT_3D('',#16758,#16759,#16760);
#15568=CARTESIAN_POINT('',(-32.4710939999985,-6.1147152872702,-6.1354594087308));
#15569=VECTOR('',#16761,1000.0);
#15570=CARTESIAN_POINT('',(-1.38605453580331,-5.35000000000184,-7.59999999995477));
#15571=AXIS2_PLACEMENT_3D('',#16762,#16763,#16764);
#15572=CARTESIAN_POINT('',(-1.38605453578511,-5.35000000000738,-7.59999999998441));
#15573=CARTESIAN_POINT('',(-1.36624469339189,-5.41430717923566,-7.55497162832777));
#15574=CARTESIAN_POINT('',(-1.34593039931953,-5.47850705519044,-7.51001839124231));
#15575=CARTESIAN_POINT('',(-1.30411967397988,-5.60664192092288,-7.42029739234897));
#15576=CARTESIAN_POINT('',(-1.28262234010946,-5.67058261025178,-7.37552563965474));
#15577=CARTESIAN_POINT('',(-1.24930821809959,-5.7662741001266,-7.30852173710186));
#15578=CARTESIAN_POINT('',(-1.23802627181678,-5.7981307760395,-7.28621545251337));
#15579=CARTESIAN_POINT('',(-1.21507284599487,-5.86174957400409,-7.24166909060673));
#15580=CARTESIAN_POINT('',(-1.20340140455618,-5.89351174630579,-7.21942897813116));
#15581=CARTESIAN_POINT('',(-1.17962807596234,-5.95692490818022,-7.17502660416497));
#15582=CARTESIAN_POINT('',(-1.16752623732252,-5.98857597294504,-7.15286429002428));
#15583=CARTESIAN_POINT('',(-1.14284293584112,-6.05174830124219,-7.10863054954436));
#15584=CARTESIAN_POINT('',(-1.13026153559832,-6.08326967713043,-7.08655904453267));
#15585=CARTESIAN_POINT('',(-1.11741046176372,-6.1147152872702,-7.0645405912692));
#15586=CARTESIAN_POINT('',(-1.38605453575886,-5.1,-7.6));
#15587=AXIS2_PLACEMENT_3D('',#16765,#16766,#16767);
#15588=CARTESIAN_POINT('',(-32.4710939999985,-5.1,-5.6));
#15589=VECTOR('',#16768,1000.0);
#15590=CARTESIAN_POINT('',(-1.08426242211007,-5.1,-7.6));
#15591=AXIS2_PLACEMENT_3D('',#16769,#16770,#16771);
#15592=CARTESIAN_POINT('',(-32.4710939999985,-5.1,-7.6));
#15593=VECTOR('',#16772,1000.0);
#15594=CARTESIAN_POINT('',(-1.38605453575886,-5.12445208744279,-7.6));
#15595=VECTOR('',#16773,1000.0);
#15596=CARTESIAN_POINT('',(-0.584999999999999,-5.35,-7.6));
#15597=CARTESIAN_POINT('',(-32.4710939999985,-5.35,-7.6));
#15598=VECTOR('',#16774,1000.0);
#15599=CARTESIAN_POINT('',(-0.584999999999999,-6.0,-7.14486510016367));
#15600=CARTESIAN_POINT('',(-0.584999999999999,-1.298628,-10.4368012144917));
#15601=VECTOR('',#16775,1000.0);
#15602=AXIS2_PLACEMENT_3D('',#16776,#16777,#16778);
#15603=CARTESIAN_POINT('',(-0.584999999999999,-6.0,-6.05513489983631));
#15604=CARTESIAN_POINT('',(-0.585,-6.0,-7.16418377501201E-17));
#15605=VECTOR('',#16779,1000.0);
#15606=AXIS2_PLACEMENT_3D('',#16780,#16781,#16782);
#15607=CARTESIAN_POINT('',(-0.584999999999999,-5.35,-5.6));
#15608=CARTESIAN_POINT('',(-0.585,-1.298628,-2.76319878550826));
#15609=VECTOR('',#16783,1000.0);
#15610=CARTESIAN_POINT('',(-32.4710939999985,-5.35,-5.6));
#15611=VECTOR('',#16784,1000.0);
#15612=CARTESIAN_POINT('',(-0.584999999999999,-1.298628,-7.6));
#15613=VECTOR('',#16785,1000.0);
#15614=CARTESIAN_POINT('',(-0.584999999999999,-1.298628,-5.6));
#15615=VECTOR('',#16786,1000.0);
#15616=CARTESIAN_POINT('',(-1.08426242211007,-2.9,-7.6));
#15617=VECTOR('',#16787,1000.0);
#15618=CARTESIAN_POINT('',(-11.482589538232,-6.11471528726942,-6.13545940873721));
#15619=AXIS2_PLACEMENT_3D('',#16788,#16789,#16790);
#15620=CARTESIAN_POINT('',(-11.5845267006232,-6.2,-6.2992898175886));
#15621=CARTESIAN_POINT('',(-11.4825895382363,-6.11471528727021,-6.13545940873081));
#15622=CARTESIAN_POINT('',(-11.4840362061298,-6.11825517468863,-6.1379380645856));
#15623=CARTESIAN_POINT('',(-11.4855437169636,-6.1216900965842,-6.14051441349156));
#15624=CARTESIAN_POINT('',(-11.4886645437698,-6.12833090993733,-6.14583214158583));
#15625=CARTESIAN_POINT('',(-11.4902808953367,-6.13154461459937,-6.14857874507864));
#15626=CARTESIAN_POINT('',(-11.4919586256253,-6.13466505980938,-6.15142054536975));
#15627=CARTESIAN_POINT('',(-11.4953126960766,-6.14090336470523,-6.15710179130613));
#15628=CARTESIAN_POINT('',(-11.4989001075883,-6.14674173098765,-6.16314299315652));
#15629=CARTESIAN_POINT('',(-11.5026829605106,-6.15213736749963,-6.16946600848462));
#15630=CARTESIAN_POINT('',(-11.5064657849692,-6.1575329634126,-6.17578897623573));
#15631=CARTESIAN_POINT('',(-11.5104425670914,-6.1624834895896,-6.18239114083585));
#15632=CARTESIAN_POINT('',(-11.5145668115766,-6.16696232710965,-6.18918268191558));
#15633=CARTESIAN_POINT('',(-11.5186922837286,-6.17144249784853,-6.19597624463828));
#15634=CARTESIAN_POINT('',(-11.522958292571,-6.17544474133021,-6.2029477912726));
#15635=CARTESIAN_POINT('',(-11.5273299947807,-6.17897706460526,-6.21003058643976));
#15636=CARTESIAN_POINT('',(-11.5317085157247,-6.18251489739872,-6.21712442895093));
#15637=CARTESIAN_POINT('',(-11.5362233843549,-6.18560524528185,-6.22437897522723));
#15638=CARTESIAN_POINT('',(-11.5454567945623,-6.19088117695738,-6.23907858961306));
#15639=CARTESIAN_POINT('',(-11.5501607938552,-6.19306079627722,-6.24650078769018));
#15640=CARTESIAN_POINT('',(-11.5597499317682,-6.19654503467741,-6.26148471694598));
#15641=CARTESIAN_POINT('',(-11.5646335722834,-6.19784641846153,-6.2690437046526));
#15642=CARTESIAN_POINT('',(-11.5745136161938,-6.19957396021938,-6.28418129890769));
#15643=CARTESIAN_POINT('',(-11.579509371294,-6.2,-6.29175887630575));
#15644=CARTESIAN_POINT('',(-11.5845267006232,-6.2,-6.2992898175886));
#15645=AXIS2_PLACEMENT_3D('',#16791,#16792,#16793);
#15646=CARTESIAN_POINT('',(-11.815,-6.2,-6.9007101824114));
#15647=CARTESIAN_POINT('',(1.12890600000148,-6.2,-6.9007101824114));
#15648=VECTOR('',#16794,1000.0);
#15649=CARTESIAN_POINT('',(-11.815,-6.2,-6.2992898175886));
#15650=CARTESIAN_POINT('',(1.12890600000148,-6.2,-6.2992898175886));
#15651=VECTOR('',#16795,1000.0);
#15652=CARTESIAN_POINT('',(-11.815,-6.2,-1.4469201931926E-15));
#15653=VECTOR('',#16796,1000.0);
#15654=CARTESIAN_POINT('',(-11.9788304088578,-6.1147152872702,-7.0645405912692));
#15655=AXIS2_PLACEMENT_3D('',#16797,#16798,#16799);
#15656=CARTESIAN_POINT('',(1.12890600000148,-6.1147152872702,-7.0645405912692));
#15657=VECTOR('',#16800,1000.0);
#15658=CARTESIAN_POINT('',(-11.2139454642214,-5.35000000000184,-5.60000000001105));
#15659=AXIS2_PLACEMENT_3D('',#16801,#16802,#16803);
#15660=CARTESIAN_POINT('',(-11.482589538235,-6.11471528726706,-6.1354594087286));
#15661=CARTESIAN_POINT('',(-11.4697384644005,-6.08326967712741,-6.11344095546521));
#15662=CARTESIAN_POINT('',(-11.4571570641577,-6.05174830123932,-6.09136945045363));
#15663=CARTESIAN_POINT('',(-11.4324737626765,-5.98857597294241,-6.04713570997387));
#15664=CARTESIAN_POINT('',(-11.4203719240367,-5.95692490817772,-6.02497339583327));
#15665=CARTESIAN_POINT('',(-11.3965985954418,-5.89351174630042,-5.98057102186508));
#15666=CARTESIAN_POINT('',(-11.3849271540032,-5.86174957399884,-5.9583309093896));
#15667=CARTESIAN_POINT('',(-11.3619737281826,-5.79813077603765,-5.91378454748534));
#15668=CARTESIAN_POINT('',(-11.3506917818998,-5.76627410012488,-5.89147826289693));
#15669=CARTESIAN_POINT('',(-11.3173776598901,-5.67058261025044,-5.82447436034433));
#15670=CARTESIAN_POINT('',(-11.2958803260198,-5.60664192092183,-5.77970260765029));
#15671=CARTESIAN_POINT('',(-11.2540696006803,-5.47850705518991,-5.68998160875731));
#15672=CARTESIAN_POINT('',(-11.233755306608,-5.41430717923539,-5.64502837167205));
#15673=CARTESIAN_POINT('',(-11.2139454642149,-5.35000000000738,-5.60000000001559));
#15674=CARTESIAN_POINT('',(-11.9788304088578,-6.1147152872702,-6.1354594087308));
#15675=CARTESIAN_POINT('',(1.12890600000148,-6.1147152872702,-6.1354594087308));
#15676=VECTOR('',#16804,1000.0);
#15677=AXIS2_PLACEMENT_3D('',#16805,#16806,#16807);
#15678=CARTESIAN_POINT('',(-12.015,-6.0,-6.05513489983631));
#15679=CARTESIAN_POINT('',(-12.015,-6.0,-7.14486510016366));
#15680=CARTESIAN_POINT('',(-12.015,-6.0,-1.47141312917554E-15));
#15681=VECTOR('',#16808,1000.0);
#15682=AXIS2_PLACEMENT_3D('',#16809,#16810,#16811);
#15683=AXIS2_PLACEMENT_3D('',#16812,#16813,#16814);
#15684=CARTESIAN_POINT('',(-12.015,-5.35,-7.6));
#15685=CARTESIAN_POINT('',(-12.015,-1.298628,-10.4368012144917));
#15686=VECTOR('',#16815,1000.0);
#15687=CARTESIAN_POINT('',(1.12890600000148,-5.35,-7.6));
#15688=VECTOR('',#16816,1000.0);
#15689=CARTESIAN_POINT('',(-11.2139454642411,-5.1,-5.6));
#15690=AXIS2_PLACEMENT_3D('',#16817,#16818,#16819);
#15691=CARTESIAN_POINT('',(-11.5157375778899,-5.1,-7.6));
#15692=CARTESIAN_POINT('',(1.12890600000148,-5.1,-7.6));
#15693=VECTOR('',#16820,1000.0);
#15694=AXIS2_PLACEMENT_3D('',#16821,#16822,#16823);
#15695=CARTESIAN_POINT('',(1.12890600000148,-5.1,-5.6));
#15696=VECTOR('',#16824,1000.0);
#15697=CARTESIAN_POINT('',(-11.2139454642411,-5.12445208744279,-5.6));
#15698=VECTOR('',#16825,1000.0);
#15699=CARTESIAN_POINT('',(-12.015,-5.35,-5.6));
#15700=CARTESIAN_POINT('',(1.12890600000148,-5.35,-5.6));
#15701=VECTOR('',#16826,1000.0);
#15702=CARTESIAN_POINT('',(-12.015,-1.298628,-2.76319878550825));
#15703=VECTOR('',#16827,1000.0);
#15704=CARTESIAN_POINT('',(-12.015,-1.298628,-5.6));
#15705=VECTOR('',#16828,1000.0);
#15706=CARTESIAN_POINT('',(-12.015,-1.298628,-7.6));
#15707=VECTOR('',#16829,1000.0);
#15708=CARTESIAN_POINT('',(-11.5157375778899,-2.9,-7.6));
#15709=VECTOR('',#16830,1000.0);
#15710=DIRECTION('',(-0.0,-1.0,-0.0));
#15711=CARTESIAN_POINT('',(-12.6,-2.9,-6.6));
#15712=DIRECTION('',(-0.0,-1.0,0.0));
#15713=DIRECTION('',(-1.22464679914735E-16,0.0,1.0));
#15714=DIRECTION('',(0.0,-1.0,-0.0));
#15715=CARTESIAN_POINT('',(-12.6,-5.1,-6.6));
#15716=DIRECTION('',(0.0,-1.0,-0.0));
#15717=DIRECTION('',(-1.0,0.0,-1.22464679914735E-16));
#15718=DIRECTION('',(-0.0,1.0,-0.0));
#15719=CARTESIAN_POINT('',(-12.305,-5.35,-6.6));
#15720=DIRECTION('',(0.0,1.0,0.0));
#15721=DIRECTION('',(-1.0,0.0,-1.22464679914735E-16));
#15722=DIRECTION('',(0.0,1.0,0.0));
#15723=CARTESIAN_POINT('',(-12.305,-5.1,-6.6));
#15724=DIRECTION('',(0.0,1.0,0.0));
#15725=DIRECTION('',(-1.0,0.0,-1.22464679914735E-16));
#15726=DIRECTION('',(0.573576436351046,0.819152044288992,-6.69615699684122E-33));
#15727=CARTESIAN_POINT('',(-12.305,-6.1147152872702,-6.6));
#15728=DIRECTION('',(0.0,1.0,0.0));
#15729=DIRECTION('',(-1.0,0.0,-1.22464679914735E-16));
#15730=CARTESIAN_POINT('',(-11.5242898175886,-6.0,-6.6));
#15731=DIRECTION('',(0.0,-0.0,1.0));
#15732=DIRECTION('',(1.0,0.0,-0.0));
#15733=CARTESIAN_POINT('',(-12.305,-6.2,-6.6));
#15734=DIRECTION('',(0.0,1.0,0.0));
#15735=DIRECTION('',(-1.0,0.0,-1.22464679914735E-16));
#15736=DIRECTION('',(0.0,1.0,0.0));
#15737=CARTESIAN_POINT('',(1.67562862542566E-15,-5.1,-6.6));
#15738=DIRECTION('',(0.0,-1.0,-0.0));
#15739=DIRECTION('',(-1.0,0.0,-1.22464679914735E-16));
#15740=DIRECTION('',(0.0,-1.0,-0.0));
#15741=CARTESIAN_POINT('',(1.67562862542566E-15,-2.9,-6.6));
#15742=DIRECTION('',(-0.0,-1.0,0.0));
#15743=DIRECTION('',(-1.22464679914735E-16,0.0,1.0));
#15744=DIRECTION('',(-0.0,1.0,0.0));
#15745=CARTESIAN_POINT('',(-0.294999999999999,-5.35,-6.6));
#15746=DIRECTION('',(-0.0,1.0,0.0));
#15747=DIRECTION('',(1.0,0.0,1.22464679914735E-16));
#15748=DIRECTION('',(0.0,1.0,0.0));
#15749=CARTESIAN_POINT('',(-0.294999999999999,-5.1,-6.6));
#15750=DIRECTION('',(-0.0,1.0,0.0));
#15751=DIRECTION('',(1.0,0.0,1.22464679914735E-16));
#15752=DIRECTION('',(-0.573576436351046,0.819152044288992,6.69615699684122E-33));
#15753=CARTESIAN_POINT('',(-0.294999999999999,-6.1147152872702,-6.6));
#15754=DIRECTION('',(0.0,1.0,0.0));
#15755=DIRECTION('',(-1.0,0.0,-1.22464679914735E-16));
#15756=CARTESIAN_POINT('',(-1.07571018241139,-6.0,-6.6));
#15757=DIRECTION('',(0.0,-0.0,1.0));
#15758=DIRECTION('',(-1.0,0.0,0.0));
#15759=CARTESIAN_POINT('',(-0.294999999999999,-6.1147152872702,-6.6));
#15760=DIRECTION('',(0.0,1.0,0.0));
#15761=DIRECTION('',(-1.0,0.0,-1.22464679914735E-16));
#15762=CARTESIAN_POINT('',(-0.294999999999999,-6.2,-6.6));
#15763=DIRECTION('',(0.0,1.0,0.0));
#15764=DIRECTION('',(-1.0,0.0,-1.22464679914735E-16));
#15765=DIRECTION('',(1.22464679914735E-16,0.0,-1.0));
#15766=CARTESIAN_POINT('',(2.7,5.5,-6.6));
#15767=DIRECTION('',(1.22464679914735E-16,0.0,-1.0));
#15768=DIRECTION('',(-1.0,0.0,-1.22464679914735E-16));
#15769=DIRECTION('',(1.22464679914735E-16,0.0,-1.0));
#15770=CARTESIAN_POINT('',(2.7,5.5,-12.8));
#15771=DIRECTION('',(1.22464679914735E-16,0.0,-1.0));
#15772=DIRECTION('',(-1.0,0.0,-1.22464679914735E-16));
#15773=DIRECTION('',(1.22464679914735E-16,0.0,-1.0));
#15774=CARTESIAN_POINT('',(2.7,-0.549999999999993,3.30654635769785E-16));
#15775=DIRECTION('',(1.22464679914735E-16,0.0,-1.0));
#15776=DIRECTION('',(-1.0,0.0,-1.22464679914735E-16));
#15777=DIRECTION('',(1.22464679914735E-16,0.0,-1.0));
#15778=CARTESIAN_POINT('',(2.7,-0.549999999999993,-12.8));
#15779=DIRECTION('',(1.22464679914735E-16,0.0,-1.0));
#15780=DIRECTION('',(-1.0,0.0,-1.22464679914735E-16));
#15781=DIRECTION('',(0.0,1.0,0.0));
#15782=CARTESIAN_POINT('',(-12.6,-5.1,-6.6));
#15783=DIRECTION('',(0.0,-1.0,-0.0));
#15784=DIRECTION('',(-1.0,0.0,-1.22464679914735E-16));
#15785=DIRECTION('',(0.0,-1.0,-0.0));
#15786=CARTESIAN_POINT('',(-12.6,-3.3,-6.6));
#15787=DIRECTION('',(0.0,-1.0,-0.0));
#15788=DIRECTION('',(-1.0,0.0,-1.22464679914735E-16));
#15789=CARTESIAN_POINT('',(-13.6757101824114,-6.0,-6.6));
#15790=DIRECTION('',(0.0,-0.0,1.0));
#15791=DIRECTION('',(-1.0,0.0,0.0));
#15792=CARTESIAN_POINT('',(-12.895,-6.1147152872702,-6.6));
#15793=DIRECTION('',(0.0,1.0,0.0));
#15794=DIRECTION('',(-1.0,0.0,-1.22464679914735E-16));
#15795=CARTESIAN_POINT('',(-12.895,-6.2,-6.6));
#15796=DIRECTION('',(0.0,1.0,0.0));
#15797=DIRECTION('',(-1.0,0.0,-1.22464679914735E-16));
#15798=DIRECTION('',(-0.0,1.0,0.0));
#15799=CARTESIAN_POINT('',(-12.895,-5.35,-6.6));
#15800=DIRECTION('',(-0.0,1.0,0.0));
#15801=DIRECTION('',(1.0,0.0,1.22464679914735E-16));
#15802=DIRECTION('',(0.0,1.0,0.0));
#15803=CARTESIAN_POINT('',(-12.895,-5.1,-6.6));
#15804=DIRECTION('',(-0.0,1.0,0.0));
#15805=DIRECTION('',(1.0,0.0,1.22464679914735E-16));
#15806=DIRECTION('',(-0.573576436351046,0.819152044288992,6.69615699684122E-33));
#15807=CARTESIAN_POINT('',(-12.895,-6.1147152872702,-6.6));
#15808=DIRECTION('',(0.0,1.0,0.0));
#15809=DIRECTION('',(-1.0,0.0,-1.22464679914735E-16));
#15810=DIRECTION('',(0.573576436351046,0.819152044288992,-6.69615699684122E-33));
#15811=CARTESIAN_POINT('',(0.295000000000001,-6.1147152872702,-6.6));
#15812=DIRECTION('',(0.0,1.0,0.0));
#15813=DIRECTION('',(-1.0,0.0,-1.22464679914735E-16));
#15814=CARTESIAN_POINT('',(0.295000000000001,-5.35,-6.6));
#15815=DIRECTION('',(0.0,1.0,0.0));
#15816=DIRECTION('',(-1.0,0.0,-1.22464679914735E-16));
#15817=CARTESIAN_POINT('',(1.07571018241138,-6.0,-6.6));
#15818=DIRECTION('',(0.0,-0.0,1.0));
#15819=DIRECTION('',(1.0,0.0,-0.0));
#15820=CARTESIAN_POINT('',(0.295000000000001,-6.2,-6.6));
#15821=DIRECTION('',(0.0,1.0,0.0));
#15822=DIRECTION('',(-1.0,0.0,-1.22464679914735E-16));
#15823=DIRECTION('',(-0.0,1.0,-0.0));
#15824=DIRECTION('',(0.0,1.0,0.0));
#15825=CARTESIAN_POINT('',(0.295000000000001,-5.1,-6.6));
#15826=DIRECTION('',(0.0,1.0,0.0));
#15827=DIRECTION('',(-1.0,0.0,-1.22464679914735E-16));
#15828=DIRECTION('',(-0.0,-1.0,-0.0));
#15829=CARTESIAN_POINT('',(1.67562862542566E-15,-3.3,-6.6));
#15830=DIRECTION('',(0.0,-1.0,-0.0));
#15831=DIRECTION('',(-1.0,0.0,-1.22464679914735E-16));
#15832=DIRECTION('',(0.0,-1.0,-0.0));
#15833=CARTESIAN_POINT('',(1.67562862542566E-15,-5.1,-6.6));
#15834=DIRECTION('',(0.0,-1.0,-0.0));
#15835=DIRECTION('',(-1.0,0.0,-1.22464679914735E-16));
#15836=DIRECTION('',(-0.800000000000011,-0.599999999999985,-9.79717439317896E-17));
#15837=DIRECTION('',(-0.948683298050509,-0.316227766016852,-1.16180196436211E-16));
#15838=DIRECTION('',(0.0,-1.0,-0.0));
#15839=DIRECTION('',(1.0,0.0,1.22464679914735E-16));
#15840=DIRECTION('',(0.0,1.0,0.0));
#15841=DIRECTION('',(-1.0,0.0,-1.22464679914735E-16));
#15842=DIRECTION('',(0.0,1.0,0.0));
#15843=DIRECTION('',(-1.0,0.0,-1.22464679914735E-16));
#15844=DIRECTION('',(0.0,-1.0,-0.0));
#15845=DIRECTION('',(-0.196116135138191,-0.980580675690919,-2.40172997158135E-17));
#15846=DIRECTION('',(-0.316227766016849,-0.94868329805051,-3.87267321454052E-17));
#15847=DIRECTION('',(-0.447213595499971,-0.894427190999909,-5.47678698264219E-17));
#15848=DIRECTION('',(-0.707106781186534,-0.707106781186562,-8.65956056235476E-17));
#15849=CARTESIAN_POINT('',(0.514164390384911,0.500125403550608,-12.8));
#15850=DIRECTION('',(1.22464679914735E-16,0.0,-1.0));
#15851=DIRECTION('',(-1.0,0.0,-1.22464679914735E-16));
#15852=DIRECTION('',(1.0,-8.88178419700125E-16,1.22464679914735E-16));
#15853=DIRECTION('',(0.0,1.0,0.0));
#15854=DIRECTION('',(-1.0,-8.88178419700125E-16,-1.22464679914735E-16));
#15855=CARTESIAN_POINT('',(0.514164390384911,3.69987459644938,-12.8));
#15856=DIRECTION('',(1.22464679914735E-16,0.0,-1.0));
#15857=DIRECTION('',(-1.0,0.0,-1.22464679914735E-16));
#15858=DIRECTION('',(0.0,-1.0,-0.0));
#15859=CARTESIAN_POINT('',(-4.7141643903849,3.69987459644933,-12.8));
#15860=DIRECTION('',(1.22464679914735E-16,0.0,-1.0));
#15861=DIRECTION('',(-1.0,0.0,-1.22464679914735E-16));
#15862=DIRECTION('',(-1.0,0.0,-1.22464679914735E-16));
#15863=CARTESIAN_POINT('',(-7.8858356096151,3.69987459644938,-12.8));
#15864=DIRECTION('',(1.22464679914735E-16,0.0,-1.0));
#15865=DIRECTION('',(-1.0,0.0,-1.22464679914735E-16));
#15866=DIRECTION('',(4.44089209850063E-16,-1.0,5.43852429378757E-32));
#15867=CARTESIAN_POINT('',(-7.8858356096151,0.500125403550608,-12.8));
#15868=DIRECTION('',(1.22464679914735E-16,0.0,-1.0));
#15869=DIRECTION('',(-1.0,0.0,-1.22464679914735E-16));
#15870=DIRECTION('',(1.0,0.0,1.22464679914735E-16));
#15871=CARTESIAN_POINT('',(-4.7141643903849,0.500125403550668,-12.8));
#15872=DIRECTION('',(1.22464679914735E-16,0.0,-1.0));
#15873=DIRECTION('',(-1.0,0.0,-1.22464679914735E-16));
#15874=DIRECTION('',(-4.44089209850063E-16,1.0,-5.43852429378757E-32));
#15875=CARTESIAN_POINT('',(0.514164390384911,4.70012540355061,-12.8));
#15876=DIRECTION('',(1.22464679914735E-16,0.0,-1.0));
#15877=DIRECTION('',(-1.0,0.0,-1.22464679914735E-16));
#15878=DIRECTION('',(1.0,8.88178419700125E-16,1.22464679914735E-16));
#15879=DIRECTION('',(0.0,1.0,0.0));
#15880=DIRECTION('',(-1.0,0.0,-1.22464679914735E-16));
#15881=DIRECTION('',(0.0,-1.0,-0.0));
#15882=CARTESIAN_POINT('',(-7.8858356096151,4.70012540355061,-12.8));
#15883=DIRECTION('',(1.22464679914735E-16,0.0,-1.0));
#15884=DIRECTION('',(-1.0,0.0,-1.22464679914735E-16));
#15885=DIRECTION('',(1.0,8.88178419700125E-16,1.22464679914735E-16));
#15886=CARTESIAN_POINT('',(-4.7141643903849,4.70012540355067,-12.8));
#15887=DIRECTION('',(1.22464679914735E-16,0.0,-1.0));
#15888=DIRECTION('',(-1.0,0.0,-1.22464679914735E-16));
#15889=DIRECTION('',(-4.44089209850063E-16,1.0,-5.43852429378757E-32));
#15890=DIRECTION('',(-1.0,0.0,-1.22464679914735E-16));
#15891=DIRECTION('',(4.44089209850063E-16,-1.0,5.43852429378757E-32));
#15892=CARTESIAN_POINT('',(-3.68583560961509,4.70012540355061,-12.8));
#15893=DIRECTION('',(1.22464679914735E-16,0.0,-1.0));
#15894=DIRECTION('',(-1.0,0.0,-1.22464679914735E-16));
#15895=DIRECTION('',(1.0,0.0,1.22464679914735E-16));
#15896=CARTESIAN_POINT('',(-0.514164390384888,4.70012540355067,-12.8));
#15897=DIRECTION('',(1.22464679914735E-16,0.0,-1.0));
#15898=DIRECTION('',(-1.0,0.0,-1.22464679914735E-16));
#15899=DIRECTION('',(0.0,1.0,0.0));
#15900=DIRECTION('',(-1.0,0.0,-1.22464679914735E-16));
#15901=DIRECTION('',(4.44089209850063E-16,-1.0,5.43852429378757E-32));
#15902=DIRECTION('',(0.0,1.0,0.0));
#15903=DIRECTION('',(-1.0,0.0,-1.22464679914735E-16));
#15904=CARTESIAN_POINT('',(-3.6858356096151,3.69987459644938,-12.8));
#15905=DIRECTION('',(1.22464679914735E-16,0.0,-1.0));
#15906=DIRECTION('',(-1.0,0.0,-1.22464679914735E-16));
#15907=DIRECTION('',(4.44089209850063E-16,-1.0,5.43852429378757E-32));
#15908=CARTESIAN_POINT('',(-3.68583560961509,0.500125403550608,-12.8));
#15909=DIRECTION('',(1.22464679914735E-16,0.0,-1.0));
#15910=DIRECTION('',(-1.0,0.0,-1.22464679914735E-16));
#15911=DIRECTION('',(1.0,-8.88178419700125E-16,1.22464679914735E-16));
#15912=CARTESIAN_POINT('',(-0.514164390384888,0.500125403550668,-12.8));
#15913=DIRECTION('',(1.22464679914735E-16,0.0,-1.0));
#15914=DIRECTION('',(-1.0,0.0,-1.22464679914735E-16));
#15915=CARTESIAN_POINT('',(-13.1141643903849,3.69987459644933,-12.8));
#15916=DIRECTION('',(1.22464679914735E-16,0.0,-1.0));
#15917=DIRECTION('',(-1.0,0.0,-1.22464679914735E-16));
#15918=DIRECTION('',(-1.0,-8.88178419700125E-16,-1.22464679914735E-16));
#15919=DIRECTION('',(0.0,-1.0,-0.0));
#15920=DIRECTION('',(1.0,-8.88178419700125E-16,1.22464679914735E-16));
#15921=CARTESIAN_POINT('',(-13.1141643903849,0.500125403550668,-12.8));
#15922=DIRECTION('',(1.22464679914735E-16,0.0,-1.0));
#15923=DIRECTION('',(-1.0,0.0,-1.22464679914735E-16));
#15924=DIRECTION('',(-4.44089209850063E-16,1.0,-5.43852429378757E-32));
#15925=DIRECTION('',(0.0,-1.0,-0.0));
#15926=DIRECTION('',(1.0,8.88178419700125E-16,1.22464679914735E-16));
#15927=CARTESIAN_POINT('',(-13.1141643903849,4.70012540355067,-12.8));
#15928=DIRECTION('',(1.22464679914735E-16,0.0,-1.0));
#15929=DIRECTION('',(-1.0,0.0,-1.22464679914735E-16));
#15930=DIRECTION('',(0.0,1.0,0.0));
#15931=DIRECTION('',(-1.0,0.0,-1.22464679914735E-16));
#15932=DIRECTION('',(-1.0,-8.88178419700125E-16,-1.22464679914735E-16));
#15933=CARTESIAN_POINT('',(-12.0858356096151,3.69987459644938,-12.8));
#15934=DIRECTION('',(1.22464679914735E-16,0.0,-1.0));
#15935=DIRECTION('',(-1.0,0.0,-1.22464679914735E-16));
#15936=DIRECTION('',(4.44089209850063E-16,-1.0,5.43852429378757E-32));
#15937=CARTESIAN_POINT('',(-12.0858356096151,0.500125403550608,-12.8));
#15938=DIRECTION('',(1.22464679914735E-16,0.0,-1.0));
#15939=DIRECTION('',(-1.0,0.0,-1.22464679914735E-16));
#15940=DIRECTION('',(1.0,-8.88178419700125E-16,1.22464679914735E-16));
#15941=CARTESIAN_POINT('',(-8.9141643903849,0.500125403550668,-12.8));
#15942=DIRECTION('',(1.22464679914735E-16,0.0,-1.0));
#15943=DIRECTION('',(-1.0,0.0,-1.22464679914735E-16));
#15944=DIRECTION('',(-4.44089209850063E-16,1.0,-5.43852429378757E-32));
#15945=CARTESIAN_POINT('',(-8.9141643903849,3.69987459644933,-12.8));
#15946=DIRECTION('',(1.22464679914735E-16,0.0,-1.0));
#15947=DIRECTION('',(-1.0,0.0,-1.22464679914735E-16));
#15948=DIRECTION('',(-1.0,0.0,-1.22464679914735E-16));
#15949=DIRECTION('',(4.44089209850063E-16,-1.0,5.43852429378757E-32));
#15950=CARTESIAN_POINT('',(-12.0858356096151,4.70012540355061,-12.8));
#15951=DIRECTION('',(1.22464679914735E-16,0.0,-1.0));
#15952=DIRECTION('',(-1.0,0.0,-1.22464679914735E-16));
#15953=DIRECTION('',(1.0,8.88178419700125E-16,1.22464679914735E-16));
#15954=CARTESIAN_POINT('',(-8.9141643903849,4.70012540355067,-12.8));
#15955=DIRECTION('',(1.22464679914735E-16,0.0,-1.0));
#15956=DIRECTION('',(-1.0,0.0,-1.22464679914735E-16));
#15957=DIRECTION('',(-4.44089209850063E-16,1.0,-5.43852429378757E-32));
#15958=CARTESIAN_POINT('',(-10.5,6.7,-12.8));
#15959=DIRECTION('',(-1.22464679914735E-16,0.0,1.0));
#15960=DIRECTION('',(1.0,0.0,1.22464679914735E-16));
#15961=DIRECTION('',(-1.0,0.0,-1.22464679914735E-16));
#15962=CARTESIAN_POINT('',(2.3,6.3,-12.8));
#15963=DIRECTION('',(1.22464679914735E-16,0.0,-1.0));
#15964=DIRECTION('',(-1.0,0.0,-1.22464679914735E-16));
#15965=DIRECTION('',(0.0,1.0,0.0));
#15966=CARTESIAN_POINT('',(2.7,5.5,-12.8));
#15967=DIRECTION('',(1.22464679914735E-16,0.0,-1.0));
#15968=DIRECTION('',(-1.0,0.0,-1.22464679914735E-16));
#15969=DIRECTION('',(0.0,1.0,0.0));
#15970=CARTESIAN_POINT('',(2.7,-0.549999999999993,-12.8));
#15971=DIRECTION('',(1.22464679914735E-16,0.0,-1.0));
#15972=DIRECTION('',(-1.0,0.0,-1.22464679914735E-16));
#15973=DIRECTION('',(0.0,1.0,0.0));
#15974=CARTESIAN_POINT('',(2.3,-2.5,-12.8));
#15975=DIRECTION('',(-1.22464679914735E-16,0.0,1.0));
#15976=DIRECTION('',(1.0,0.0,1.22464679914735E-16));
#15977=DIRECTION('',(1.0,0.0,1.22464679914735E-16));
#15978=DIRECTION('',(0.0,-1.0,-0.0));
#15979=DIRECTION('',(-1.0,0.0,-1.22464679914735E-16));
#15980=DIRECTION('',(0.0,1.0,0.0));
#15981=DIRECTION('',(1.0,0.0,1.22464679914735E-16));
#15982=DIRECTION('',(0.0,1.0,0.0));
#15983=DIRECTION('',(-1.0,1.11022302462516E-15,-1.22464679914735E-16));
#15984=CARTESIAN_POINT('',(0.514164390384911,-0.500125403550617,-12.8));
#15985=DIRECTION('',(1.22464679914735E-16,0.0,-1.0));
#15986=DIRECTION('',(-1.0,0.0,-1.22464679914735E-16));
#15987=DIRECTION('',(-1.0,0.0,-1.22464679914735E-16));
#15988=CARTESIAN_POINT('',(-0.514164390384877,-0.50012540355067,-12.8));
#15989=DIRECTION('',(1.22464679914735E-16,0.0,-1.0));
#15990=DIRECTION('',(-1.0,0.0,-1.22464679914735E-16));
#15991=DIRECTION('',(-1.0,0.0,-1.22464679914735E-16));
#15992=CARTESIAN_POINT('',(-3.6858356096151,-0.500125403550617,-12.8));
#15993=DIRECTION('',(1.22464679914735E-16,0.0,-1.0));
#15994=DIRECTION('',(-1.0,0.0,-1.22464679914735E-16));
#15995=DIRECTION('',(-1.0,0.0,-1.22464679914735E-16));
#15996=CARTESIAN_POINT('',(-4.7141643903849,-0.50012540355067,-12.8));
#15997=DIRECTION('',(1.22464679914735E-16,0.0,-1.0));
#15998=DIRECTION('',(-1.0,0.0,-1.22464679914735E-16));
#15999=DIRECTION('',(-1.0,0.0,-1.22464679914735E-16));
#16000=CARTESIAN_POINT('',(-7.8858356096151,-0.500125403550617,-12.8));
#16001=DIRECTION('',(1.22464679914735E-16,0.0,-1.0));
#16002=DIRECTION('',(-1.0,0.0,-1.22464679914735E-16));
#16003=DIRECTION('',(-1.0,0.0,-1.22464679914735E-16));
#16004=CARTESIAN_POINT('',(-8.9141643903849,-0.50012540355067,-12.8));
#16005=DIRECTION('',(1.22464679914735E-16,0.0,-1.0));
#16006=DIRECTION('',(-1.0,0.0,-1.22464679914735E-16));
#16007=DIRECTION('',(-1.0,1.11022302462516E-15,-1.22464679914735E-16));
#16008=CARTESIAN_POINT('',(-12.0858356096151,-0.500125403550617,-12.8));
#16009=DIRECTION('',(1.22464679914735E-16,0.0,-1.0));
#16010=DIRECTION('',(-1.0,0.0,-1.22464679914735E-16));
#16011=DIRECTION('',(1.0,0.0,1.22464679914735E-16));
#16012=CARTESIAN_POINT('',(-13.1141643903849,-0.500125403550671,-12.8));
#16013=DIRECTION('',(1.22464679914735E-16,0.0,-1.0));
#16014=DIRECTION('',(-1.0,0.0,-1.22464679914735E-16));
#16015=DIRECTION('',(-1.0,0.0,-1.22464679914735E-16));
#16016=DIRECTION('',(0.0,-1.0,-0.0));
#16017=DIRECTION('',(1.0,0.0,1.22464679914735E-16));
#16018=DIRECTION('',(0.0,-1.0,-0.0));
#16019=DIRECTION('',(-1.0,0.0,-1.22464679914735E-16));
#16020=DIRECTION('',(0.0,-1.0,-0.0));
#16021=DIRECTION('',(1.0,0.0,1.22464679914735E-16));
#16022=CARTESIAN_POINT('',(-14.9,-2.5,-12.8));
#16023=DIRECTION('',(-1.22464679914735E-16,0.0,1.0));
#16024=DIRECTION('',(1.0,0.0,1.22464679914735E-16));
#16025=DIRECTION('',(0.0,-1.0,-0.0));
#16026=CARTESIAN_POINT('',(-14.9,6.3,-12.8));
#16027=DIRECTION('',(-1.22464679914735E-16,0.0,1.0));
#16028=DIRECTION('',(1.0,0.0,1.22464679914735E-16));
#16029=DIRECTION('',(-1.0,0.0,-1.22464679914735E-16));
#16030=DIRECTION('',(0.0,1.0,0.0));
#16031=DIRECTION('',(-0.707106781186548,0.707106781186547,-8.65956056235494E-17));
#16032=DIRECTION('',(-1.0,0.0,-1.22464679914735E-16));
#16033=DIRECTION('',(-0.707106781186548,-0.707106781186547,-8.65956056235494E-17));
#16034=DIRECTION('',(0.0,-1.0,-0.0));
#16035=DIRECTION('',(1.0,0.0,1.22464679914735E-16));
#16036=DIRECTION('',(-0.00872620324394435,0.00872620324394422,0.99992385047757));
#16037=DIRECTION('',(0.0,-1.0,-0.0));
#16038=DIRECTION('',(0.00872647848982904,0.00361462574224422,-0.999955390531953));
#16039=DIRECTION('',(-0.707106781186548,0.707106781186547,-8.65956056235494E-17));
#16040=DIRECTION('',(-0.00361462574224434,-0.00872647848982892,0.999955390531953));
#16041=DIRECTION('',(1.0,0.0,1.22464679914735E-16));
#16042=DIRECTION('',(-0.0036146257422441,0.00872647848982892,-0.999955390531953));
#16043=DIRECTION('',(-0.707106781186548,-0.707106781186547,-8.65956056235494E-17));
#16044=DIRECTION('',(0.00872647848982879,-0.00361462574224422,0.999955390531953));
#16045=DIRECTION('',(0.0,1.0,0.0));
#16046=DIRECTION('',(-0.0087262032439441,-0.00872620324394422,-0.99992385047757));
#16047=DIRECTION('',(-1.0,0.0,-1.22464679914735E-16));
#16048=DIRECTION('',(-1.0,0.0,-1.22464679914735E-16));
#16049=DIRECTION('',(-0.579022399294642,0.57902239929464,0.573991395606376));
#16050=DIRECTION('',(-0.579022399294643,-0.579022399294639,-0.573991395606375));
#16051=DIRECTION('',(0.0,-1.0,-0.0));
#16052=DIRECTION('',(-0.681317985169143,-0.282211149745751,0.675398156678149));
#16053=DIRECTION('',(-0.707106781186548,0.707106781186547,-8.65956056235494E-17));
#16054=DIRECTION('',(0.282211149745755,0.68131798516914,-0.67539815667815));
#16055=DIRECTION('',(1.0,0.0,1.22464679914735E-16));
#16056=DIRECTION('',(-0.282211149745765,0.681317985169138,-0.675398156678148));
#16057=DIRECTION('',(-0.707106781186548,-0.707106781186547,-8.65956056235494E-17));
#16058=DIRECTION('',(0.681317985169141,-0.28221114974576,0.675398156678146));
#16059=DIRECTION('',(0.0,1.0,0.0));
#16060=DIRECTION('',(0.0,1.0,0.0));
#16061=DIRECTION('',(-0.0087262032439441,-0.00872620324394422,-0.99992385047757));
#16062=DIRECTION('',(0.0,-1.0,-0.0));
#16063=DIRECTION('',(0.00872647848982879,-0.00361462574224422,0.999955390531953));
#16064=DIRECTION('',(1.0,0.0,1.22464679914735E-16));
#16065=DIRECTION('',(-1.0,0.0,-1.22464679914735E-16));
#16066=DIRECTION('',(-0.00872620324394435,0.00872620324394422,0.99992385047757));
#16067=DIRECTION('',(0.0,1.0,0.0));
#16068=DIRECTION('',(0.0,-1.0,-0.0));
#16069=DIRECTION('',(0.00872647848982904,0.00361462574224422,-0.999955390531953));
#16070=DIRECTION('',(-0.707106781186548,0.707106781186547,-8.65956056235494E-17));
#16071=DIRECTION('',(-0.707106781186548,0.707106781186547,-8.65956056235494E-17));
#16072=DIRECTION('',(-0.00361462574224434,-0.00872647848982892,0.999955390531953));
#16073=DIRECTION('',(1.0,0.0,1.22464679914735E-16));
#16074=DIRECTION('',(-0.0036146257422441,0.00872647848982892,-0.999955390531953));
#16075=DIRECTION('',(-1.0,0.0,-1.22464679914735E-16));
#16076=DIRECTION('',(-0.707106781186548,-0.707106781186547,-8.65956056235494E-17));
#16077=DIRECTION('',(-0.707106781186548,-0.707106781186547,-8.65956056235494E-17));
#16078=DIRECTION('',(-0.707106781186548,-0.707106781186547,-8.65956056235494E-17));
#16079=DIRECTION('',(0.681317985169141,-0.28221114974576,0.675398156678146));
#16080=DIRECTION('',(-0.282211149745765,0.681317985169138,-0.675398156678148));
#16081=DIRECTION('',(0.0,-1.0,-0.0));
#16082=DIRECTION('',(-0.681317985169143,-0.282211149745751,0.675398156678149));
#16083=DIRECTION('',(-0.579022399294642,0.57902239929464,0.573991395606376));
#16084=DIRECTION('',(-0.579022399294643,-0.579022399294639,-0.573991395606375));
#16085=DIRECTION('',(-1.0,0.0,-1.22464679914735E-16));
#16086=DIRECTION('',(0.0,1.0,0.0));
#16087=DIRECTION('',(-0.707106781186548,0.707106781186547,-8.65956056235494E-17));
#16088=DIRECTION('',(0.282211149745755,0.68131798516914,-0.67539815667815));
#16089=DIRECTION('',(1.0,0.0,1.22464679914735E-16));
#16090=DIRECTION('',(1.22464679914735E-16,0.0,-1.0));
#16091=DIRECTION('',(1.22464679914735E-16,0.0,-1.0));
#16092=CARTESIAN_POINT('',(2.3,6.3,2.81668763803891E-16));
#16093=DIRECTION('',(1.22464679914735E-16,0.0,-1.0));
#16094=DIRECTION('',(-1.0,0.0,-1.22464679914735E-16));
#16095=DIRECTION('',(-3.16961915143177E-17,-0.965925826289068,0.258819045102521));
#16096=DIRECTION('',(-1.22464679914735E-16,0.0,1.0));
#16097=DIRECTION('',(-1.22464679914735E-16,0.0,1.0));
#16098=DIRECTION('',(-1.22464679914735E-16,0.0,1.0));
#16099=DIRECTION('',(0.0,1.0,0.0));
#16100=DIRECTION('',(-1.22464679914735E-16,0.0,1.0));
#16101=DIRECTION('',(1.22464679914735E-16,0.0,-1.0));
#16102=DIRECTION('',(-1.0,0.0,-1.22464679914735E-16));
#16103=DIRECTION('',(-1.22464679914735E-16,0.0,1.0));
#16104=CARTESIAN_POINT('',(-14.9,6.3,-1.82472373072956E-15));
#16105=DIRECTION('',(-1.22464679914735E-16,0.0,1.0));
#16106=DIRECTION('',(1.0,0.0,1.22464679914735E-16));
#16107=DIRECTION('',(-1.22464679914735E-16,0.0,1.0));
#16108=DIRECTION('',(-1.22464679914735E-16,0.0,1.0));
#16109=DIRECTION('',(3.84637442720116E-16,-0.965925826289068,0.258819045102521));
#16110=DIRECTION('',(-1.22464679914735E-16,0.0,1.0));
#16111=DIRECTION('',(4.44089209850063E-16,-1.0,5.43852429378757E-32));
#16112=DIRECTION('',(1.0,0.0,1.22464679914735E-16));
#16113=DIRECTION('',(-1.0,0.0,-1.22464679914735E-16));
#16114=DIRECTION('',(0.0,-1.0,-0.0));
#16115=DIRECTION('',(1.0,0.0,1.22464679914735E-16));
#16116=DIRECTION('',(4.44089209850063E-16,-1.0,5.43852429378757E-32));
#16117=CARTESIAN_POINT('',(-12.0858356096151,-0.500125403550617,-10.3));
#16118=DIRECTION('',(1.22464679914735E-16,0.0,-1.0));
#16119=DIRECTION('',(-1.0,0.0,-1.22464679914735E-16));
#16120=DIRECTION('',(1.0,-1.11022302462516E-15,1.22464679914735E-16));
#16121=CARTESIAN_POINT('',(-8.9141643903849,-0.50012540355067,-10.3));
#16122=DIRECTION('',(1.22464679914735E-16,0.0,-1.0));
#16123=DIRECTION('',(-1.0,0.0,-1.22464679914735E-16));
#16124=DIRECTION('',(-4.44089209850063E-16,1.0,-5.43852429378757E-32));
#16125=DIRECTION('',(-1.22464679914735E-16,0.0,1.0));
#16126=DIRECTION('',(-1.0,0.0,-1.22464679914735E-16));
#16127=DIRECTION('',(-1.22464679914735E-16,0.0,1.0));
#16128=DIRECTION('',(-1.0,0.0,-1.22464679914735E-16));
#16129=DIRECTION('',(-1.22464679914735E-16,0.0,1.0));
#16130=DIRECTION('',(-1.22464679914735E-16,0.0,1.0));
#16131=DIRECTION('',(-1.0,0.0,-1.22464679914735E-16));
#16132=CARTESIAN_POINT('',(0.295000000000001,-6.2,-6.6));
#16133=DIRECTION('',(0.0,1.0,0.0));
#16134=DIRECTION('',(-1.0,0.0,-1.22464679914735E-16));
#16135=DIRECTION('',(1.0,0.0,1.22464679914735E-16));
#16136=DIRECTION('',(1.0,0.0,1.22464679914735E-16));
#16137=CARTESIAN_POINT('',(0.785000000000001,-6.0,-6.2992898175886));
#16138=DIRECTION('',(0.707106781186547,0.0,0.707106781186548));
#16139=DIRECTION('',(-0.707106781186548,0.0,0.707106781186547));
#16140=DIRECTION('',(0.0,-1.0,-0.0));
#16141=DIRECTION('',(1.0,0.0,1.22464679914735E-16));
#16142=DIRECTION('',(1.0,0.0,1.22464679914735E-16));
#16143=DIRECTION('',(0.0,-1.0,-0.0));
#16144=DIRECTION('',(1.0,0.0,1.22464679914735E-16));
#16145=DIRECTION('',(-1.0,0.0,-1.22464679914735E-16));
#16146=CARTESIAN_POINT('',(0.785000000000001,-6.0,-7.14486510016369));
#16147=DIRECTION('',(1.00317192905352E-16,-0.573576436351046,-0.819152044288992));
#16148=DIRECTION('',(7.02428546843654E-17,0.819152044288992,-0.573576436351046));
#16149=DIRECTION('',(-7.02428546843654E-17,-0.819152044288992,0.573576436351046));
#16150=DIRECTION('',(1.22464679914735E-16,0.0,-1.0));
#16151=DIRECTION('',(0.0,-1.0,-0.0));
#16152=DIRECTION('',(-1.22464679914735E-16,0.0,1.0));
#16153=DIRECTION('',(3.16961915143177E-17,0.965925826289068,-0.258819045102521));
#16154=DIRECTION('',(1.22464679914735E-16,0.0,-1.0));
#16155=DIRECTION('',(-1.22464679914735E-16,0.0,1.0));
#16156=DIRECTION('',(-7.02428546843654E-17,0.819152044288992,0.573576436351046));
#16157=DIRECTION('',(0.0,1.0,0.0));
#16158=DIRECTION('',(-1.0,0.0,-1.22464679914735E-16));
#16159=DIRECTION('',(-1.0,0.0,-1.22464679914735E-16));
#16160=DIRECTION('',(0.0,1.0,0.0));
#16161=DIRECTION('',(-1.0,0.0,-1.22464679914735E-16));
#16162=DIRECTION('',(-1.22464679914735E-16,0.0,1.0));
#16163=DIRECTION('',(-1.0,0.0,-1.22464679914735E-16));
#16164=DIRECTION('',(0.0,-1.0,-0.0));
#16165=DIRECTION('',(1.0,0.0,1.22464679914735E-16));
#16166=DIRECTION('',(1.22464679914735E-16,0.0,-1.0));
#16167=DIRECTION('',(-1.22464679914735E-16,0.0,1.0));
#16168=DIRECTION('',(-1.22464679914735E-16,0.0,1.0));
#16169=DIRECTION('',(1.0,-1.11022302462516E-15,1.22464679914735E-16));
#16170=DIRECTION('',(1.22464679914735E-16,0.0,-1.0));
#16171=DIRECTION('',(-1.22464679914735E-16,0.0,1.0));
#16172=DIRECTION('',(0.0,1.0,0.0));
#16173=DIRECTION('',(3.16961915143177E-17,0.965925826289068,-0.258819045102521));
#16174=DIRECTION('',(1.22464679914735E-16,0.0,-1.0));
#16175=DIRECTION('',(0.0,-1.0,-0.0));
#16176=DIRECTION('',(-1.22464679914735E-16,0.0,1.0));
#16177=DIRECTION('',(-1.0,0.0,-1.22464679914735E-16));
#16178=DIRECTION('',(-1.0,0.0,-1.22464679914735E-16));
#16179=DIRECTION('',(-1.22464679914735E-16,0.0,1.0));
#16180=DIRECTION('',(-3.16961915143177E-17,-0.965925826289068,0.258819045102521));
#16181=DIRECTION('',(1.22464679914735E-16,0.0,-1.0));
#16182=DIRECTION('',(0.0,-1.0,-0.0));
#16183=DIRECTION('',(-1.22464679914735E-16,0.0,1.0));
#16184=DIRECTION('',(3.84637442720116E-16,-0.965925826289068,0.258819045102521));
#16185=DIRECTION('',(1.22464679914735E-16,0.0,-1.0));
#16186=DIRECTION('',(4.44089209850063E-16,-1.0,5.43852429378757E-32));
#16187=DIRECTION('',(-3.84637442720116E-16,0.965925826289068,-0.258819045102521));
#16188=DIRECTION('',(1.22464679914735E-16,0.0,-1.0));
#16189=DIRECTION('',(4.44089209850063E-16,-1.0,5.43852429378757E-32));
#16190=DIRECTION('',(-1.22464679914735E-16,0.0,1.0));
#16191=DIRECTION('',(-1.0,0.0,-1.22464679914735E-16));
#16192=DIRECTION('',(1.0,0.0,1.22464679914735E-16));
#16193=DIRECTION('',(-1.22464679914735E-16,0.0,1.0));
#16194=DIRECTION('',(-1.0,0.0,-1.22464679914735E-16));
#16195=DIRECTION('',(1.0,0.0,1.22464679914735E-16));
#16196=DIRECTION('',(-1.22464679914735E-16,0.0,1.0));
#16197=DIRECTION('',(-1.0,0.0,-1.22464679914735E-16));
#16198=DIRECTION('',(0.0,-1.0,-0.0));
#16199=DIRECTION('',(-3.84637442720116E-16,0.965925826289068,-0.258819045102521));
#16200=DIRECTION('',(-1.0,0.0,-1.22464679914735E-16));
#16201=DIRECTION('',(-3.16961915143177E-17,-0.965925826289068,0.258819045102521));
#16202=DIRECTION('',(1.0,0.0,1.22464679914735E-16));
#16203=DIRECTION('',(3.84637442720116E-16,-0.965925826289068,0.258819045102521));
#16204=DIRECTION('',(1.22464679914735E-16,0.0,-1.0));
#16205=DIRECTION('',(4.44089209850063E-16,-1.0,5.43852429378757E-32));
#16206=DIRECTION('',(-1.22464679914735E-16,0.0,1.0));
#16207=DIRECTION('',(-1.22464679914735E-16,0.0,1.0));
#16208=DIRECTION('',(0.0,-1.0,-0.0));
#16209=DIRECTION('',(1.22464679914735E-16,0.0,-1.0));
#16210=DIRECTION('',(1.0,0.0,1.22464679914735E-16));
#16211=DIRECTION('',(-1.0,0.0,-1.22464679914735E-16));
#16212=DIRECTION('',(-1.0,0.0,-1.22464679914735E-16));
#16213=DIRECTION('',(1.0,0.0,1.22464679914735E-16));
#16214=DIRECTION('',(-1.22464679914735E-16,0.0,1.0));
#16215=DIRECTION('',(-3.16961915143177E-17,-0.965925826289068,0.258819045102521));
#16216=DIRECTION('',(0.0,-1.0,-0.0));
#16217=DIRECTION('',(1.22464679914735E-16,0.0,-1.0));
#16218=DIRECTION('',(1.0,0.0,1.22464679914735E-16));
#16219=DIRECTION('',(1.0,0.0,1.22464679914735E-16));
#16220=CARTESIAN_POINT('',(1.67562862542566E-15,-3.3,-6.6));
#16221=DIRECTION('',(0.0,-1.0,-0.0));
#16222=DIRECTION('',(-1.0,0.0,-1.22464679914735E-16));
#16223=CARTESIAN_POINT('',(1.67562862542566E-15,-5.1,-6.6));
#16224=DIRECTION('',(0.0,-1.0,-0.0));
#16225=DIRECTION('',(-1.0,0.0,-1.22464679914735E-16));
#16226=CARTESIAN_POINT('',(0.295000000000001,-5.1,-6.6));
#16227=DIRECTION('',(0.0,1.0,0.0));
#16228=DIRECTION('',(-1.0,0.0,-1.22464679914735E-16));
#16229=CARTESIAN_POINT('',(0.295000000000001,-5.35,-6.6));
#16230=DIRECTION('',(0.0,1.0,0.0));
#16231=DIRECTION('',(-1.0,0.0,-1.22464679914735E-16));
#16232=CARTESIAN_POINT('',(0.785000000000001,-6.0,-6.05513489983631));
#16233=DIRECTION('',(-1.00317192905352E-16,-0.573576436351046,0.819152044288992));
#16234=DIRECTION('',(-7.02428546843654E-17,0.819152044288992,0.573576436351046));
#16235=CARTESIAN_POINT('',(0.785000000000001,-6.0,-6.9007101824114));
#16236=DIRECTION('',(-0.707106781186548,0.0,0.707106781186547));
#16237=DIRECTION('',(0.707106781186547,0.0,0.707106781186548));
#16238=CARTESIAN_POINT('',(0.295000000000001,-6.1147152872702,-6.6));
#16239=DIRECTION('',(0.0,1.0,0.0));
#16240=DIRECTION('',(-1.0,0.0,-1.22464679914735E-16));
#16241=DIRECTION('',(-3.16961915143177E-17,-0.965925826289068,0.258819045102521));
#16242=DIRECTION('',(1.22464679914735E-16,0.0,-1.0));
#16243=DIRECTION('',(1.0,0.0,1.22464679914735E-16));
#16244=DIRECTION('',(3.84637442720116E-16,-0.965925826289068,0.258819045102521));
#16245=DIRECTION('',(-1.22464679914735E-16,0.0,1.0));
#16246=DIRECTION('',(-3.16961915143177E-17,-0.965925826289068,0.258819045102521));
#16247=DIRECTION('',(1.22464679914735E-16,0.0,-1.0));
#16248=CARTESIAN_POINT('',(-12.895,-5.35,-6.6));
#16249=DIRECTION('',(-0.0,1.0,0.0));
#16250=DIRECTION('',(1.0,0.0,1.22464679914735E-16));
#16251=DIRECTION('',(-1.0,0.0,-1.22464679914735E-16));
#16252=CARTESIAN_POINT('',(-13.385,-6.0,-6.05513489983631));
#16253=DIRECTION('',(-1.00317192905352E-16,-0.573576436351046,0.819152044288992));
#16254=DIRECTION('',(-7.02428546843654E-17,0.819152044288992,0.573576436351046));
#16255=DIRECTION('',(7.02428546843654E-17,-0.819152044288992,-0.573576436351046));
#16256=DIRECTION('',(1.0,0.0,1.22464679914735E-16));
#16257=CARTESIAN_POINT('',(-12.895,-5.1,-6.6));
#16258=DIRECTION('',(-0.0,1.0,0.0));
#16259=DIRECTION('',(1.0,0.0,1.22464679914735E-16));
#16260=DIRECTION('',(0.0,1.0,0.0));
#16261=DIRECTION('',(1.0,0.0,1.22464679914735E-16));
#16262=CARTESIAN_POINT('',(-12.6,-5.1,-6.6));
#16263=DIRECTION('',(0.0,-1.0,-0.0));
#16264=DIRECTION('',(-1.0,0.0,-1.22464679914735E-16));
#16265=DIRECTION('',(1.0,0.0,1.22464679914735E-16));
#16266=DIRECTION('',(0.0,-1.0,-0.0));
#16267=DIRECTION('',(1.0,0.0,1.22464679914735E-16));
#16268=DIRECTION('',(-1.0,0.0,-1.22464679914735E-16));
#16269=DIRECTION('',(0.0,1.0,0.0));
#16270=DIRECTION('',(1.0,0.0,1.22464679914735E-16));
#16271=DIRECTION('',(0.0,-1.0,-0.0));
#16272=DIRECTION('',(-1.0,0.0,-1.22464679914735E-16));
#16273=DIRECTION('',(-7.02428546843653E-17,-0.819152044288992,0.573576436351045));
#16274=CARTESIAN_POINT('',(-13.385,-6.0,-7.14486510016369));
#16275=DIRECTION('',(-1.00317192905353E-16,0.573576436351045,0.819152044288992));
#16276=DIRECTION('',(-7.02428546843653E-17,-0.819152044288992,0.573576436351045));
#16277=DIRECTION('',(-1.22464679914735E-16,0.0,1.0));
#16278=CARTESIAN_POINT('',(-13.385,-6.0,-6.9007101824114));
#16279=DIRECTION('',(0.707106781186547,0.0,0.707106781186548));
#16280=DIRECTION('',(-0.707106781186548,0.0,0.707106781186547));
#16281=DIRECTION('',(-1.22464679914735E-16,0.0,1.0));
#16282=CARTESIAN_POINT('',(-13.385,-6.0,-6.2992898175886));
#16283=DIRECTION('',(-0.707106781186548,0.0,0.707106781186547));
#16284=DIRECTION('',(0.707106781186547,0.0,0.707106781186548));
#16285=DIRECTION('',(-1.0,0.0,-1.22464679914735E-16));
#16286=CARTESIAN_POINT('',(-12.895,-6.2,-6.6));
#16287=DIRECTION('',(0.0,1.0,0.0));
#16288=DIRECTION('',(-1.0,0.0,-1.22464679914735E-16));
#16289=DIRECTION('',(-1.0,0.0,-1.22464679914735E-16));
#16290=CARTESIAN_POINT('',(-12.6,-3.3,-6.6));
#16291=DIRECTION('',(0.0,-1.0,-0.0));
#16292=DIRECTION('',(-1.0,0.0,-1.22464679914735E-16));
#16293=DIRECTION('',(-1.22464679914735E-16,0.0,1.0));
#16294=DIRECTION('',(-1.0,0.0,-1.22464679914735E-16));
#16295=DIRECTION('',(1.22464679914735E-16,0.0,-1.0));
#16296=DIRECTION('',(-1.22464679914735E-16,0.0,1.0));
#16297=DIRECTION('',(-3.16961915143177E-17,-0.965925826289068,0.258819045102521));
#16298=DIRECTION('',(-1.22464679914735E-16,0.0,1.0));
#16299=DIRECTION('',(0.0,1.0,0.0));
#16300=DIRECTION('',(-1.22464679914735E-16,0.0,1.0));
#16301=DIRECTION('',(1.0,0.0,1.22464679914735E-16));
#16302=DIRECTION('',(0.0,1.0,0.0));
#16303=DIRECTION('',(1.22464679914735E-16,0.0,-1.0));
#16304=DIRECTION('',(1.0,0.0,1.22464679914735E-16));
#16305=DIRECTION('',(1.0,0.0,1.22464679914735E-16));
#16306=DIRECTION('',(1.22464679914735E-16,0.0,-1.0));
#16307=DIRECTION('',(-1.0,0.0,-1.22464679914735E-16));
#16308=CARTESIAN_POINT('',(-12.6,-2.9,-6.6));
#16309=DIRECTION('',(-0.0,-1.0,0.0));
#16310=DIRECTION('',(-1.22464679914735E-16,0.0,1.0));
#16311=DIRECTION('',(-1.0,0.0,-1.22464679914735E-16));
#16312=DIRECTION('',(-1.22464679914735E-16,0.0,1.0));
#16313=DIRECTION('',(1.0,0.0,1.22464679914735E-16));
#16314=CARTESIAN_POINT('',(1.67562862542566E-15,-2.9,-6.6));
#16315=DIRECTION('',(-0.0,-1.0,0.0));
#16316=DIRECTION('',(-1.22464679914735E-16,0.0,1.0));
#16317=DIRECTION('',(-1.0,0.0,-1.22464679914735E-16));
#16318=DIRECTION('',(-1.22464679914735E-16,0.0,1.0));
#16319=DIRECTION('',(-1.0,0.0,-1.22464679914735E-16));
#16320=DIRECTION('',(-1.22464679914735E-16,0.0,1.0));
#16321=DIRECTION('',(-1.22464679914735E-16,0.0,1.0));
#16322=DIRECTION('',(-1.22464679914735E-16,0.0,1.0));
#16323=CARTESIAN_POINT('',(-14.9,-2.5,-1.82472373072956E-15));
#16324=DIRECTION('',(-1.22464679914735E-16,0.0,1.0));
#16325=DIRECTION('',(1.0,0.0,1.22464679914735E-16));
#16326=DIRECTION('',(0.0,1.0,0.0));
#16327=DIRECTION('',(1.05209595589041E-16,0.511805175094578,-0.859101543908756));
#16328=DIRECTION('',(1.0,0.0,1.22464679914735E-16));
#16329=DIRECTION('',(1.05209595589041E-16,0.511805175094578,-0.859101543908756));
#16330=DIRECTION('',(1.0,0.0,1.22464679914735E-16));
#16331=DIRECTION('',(1.22464679914735E-16,0.0,-1.0));
#16332=DIRECTION('',(-1.0,0.0,-1.22464679914735E-16));
#16333=DIRECTION('',(1.22464679914735E-16,0.0,-1.0));
#16334=DIRECTION('',(-1.0673500138323E-17,-0.996194698091746,0.0871557427476582));
#16335=DIRECTION('',(1.0,0.0,1.22464679914735E-16));
#16336=DIRECTION('',(-1.0673500138323E-17,-0.996194698091746,0.0871557427476582));
#16337=DIRECTION('',(1.22464679914735E-16,0.0,-1.0));
#16338=DIRECTION('',(1.22464679914735E-16,0.0,-1.0));
#16339=DIRECTION('',(1.0,0.0,1.22464679914735E-16));
#16340=DIRECTION('',(-1.22464679914735E-16,0.0,1.0));
#16341=DIRECTION('',(1.0,0.0,1.22464679914735E-16));
#16342=DIRECTION('',(-1.0,0.0,-1.22464679914735E-16));
#16343=DIRECTION('',(1.0,0.0,1.22464679914735E-16));
#16344=DIRECTION('',(-1.22464679914735E-16,0.0,1.0));
#16345=DIRECTION('',(3.9851523052793E-16,-0.965925826289068,0.258819045102521));
#16346=DIRECTION('',(-4.44089209850063E-16,1.0,-5.43852429378757E-32));
#16347=DIRECTION('',(1.22464679914735E-16,0.0,-1.0));
#16348=CARTESIAN_POINT('',(-13.1141643903849,-0.500125403550671,-10.3));
#16349=DIRECTION('',(1.22464679914735E-16,0.0,-1.0));
#16350=DIRECTION('',(-1.0,0.0,-1.22464679914735E-16));
#16351=DIRECTION('',(-3.9851523052793E-16,0.965925826289068,-0.258819045102521));
#16352=DIRECTION('',(1.22464679914735E-16,0.0,-1.0));
#16353=DIRECTION('',(1.22464679914735E-16,0.0,-1.0));
#16354=DIRECTION('',(1.22464679914735E-16,0.0,-1.0));
#16355=DIRECTION('',(3.16961915143177E-17,0.965925826289068,-0.258819045102521));
#16356=DIRECTION('',(1.22464679914735E-16,0.0,-1.0));
#16357=DIRECTION('',(1.22464679914735E-16,0.0,-1.0));
#16358=DIRECTION('',(1.0,0.0,1.22464679914735E-16));
#16359=DIRECTION('',(1.22464679914735E-16,0.0,-1.0));
#16360=DIRECTION('',(4.44089209850063E-16,-1.0,5.43852429378757E-32));
#16361=DIRECTION('',(1.22464679914735E-16,0.0,-1.0));
#16362=CARTESIAN_POINT('',(-4.7141643903849,-0.50012540355067,-10.3));
#16363=DIRECTION('',(1.22464679914735E-16,0.0,-1.0));
#16364=DIRECTION('',(-1.0,0.0,-1.22464679914735E-16));
#16365=CARTESIAN_POINT('',(-7.8858356096151,-0.500125403550617,-10.3));
#16366=DIRECTION('',(1.22464679914735E-16,0.0,-1.0));
#16367=DIRECTION('',(-1.0,0.0,-1.22464679914735E-16));
#16368=DIRECTION('',(1.22464679914735E-16,0.0,-1.0));
#16369=DIRECTION('',(1.0,0.0,1.22464679914735E-16));
#16370=DIRECTION('',(1.22464679914735E-16,0.0,-1.0));
#16371=CARTESIAN_POINT('',(-0.514164390384878,-0.50012540355067,-10.3));
#16372=DIRECTION('',(1.22464679914735E-16,0.0,-1.0));
#16373=DIRECTION('',(-1.0,0.0,-1.22464679914735E-16));
#16374=CARTESIAN_POINT('',(-3.6858356096151,-0.500125403550617,-10.3));
#16375=DIRECTION('',(1.22464679914735E-16,0.0,-1.0));
#16376=DIRECTION('',(-1.0,0.0,-1.22464679914735E-16));
#16377=CARTESIAN_POINT('',(0.514164390384911,-0.500125403550617,-10.3));
#16378=DIRECTION('',(1.22464679914735E-16,0.0,-1.0));
#16379=DIRECTION('',(-1.0,0.0,-1.22464679914735E-16));
#16380=DIRECTION('',(0.0,-1.0,-0.0));
#16381=DIRECTION('',(-0.00872620324394435,0.00872620324394422,0.99992385047757));
#16382=DIRECTION('',(0.0,-1.0,-0.0));
#16383=DIRECTION('',(0.00872647848982904,0.00361462574224422,-0.999955390531953));
#16384=DIRECTION('',(-1.0,0.0,-1.22464679914735E-16));
#16385=DIRECTION('',(-0.0087262032439441,-0.00872620324394422,-0.99992385047757));
#16386=DIRECTION('',(-1.0,0.0,-1.22464679914735E-16));
#16387=DIRECTION('',(0.0,1.0,0.0));
#16388=DIRECTION('',(0.0,1.0,0.0));
#16389=DIRECTION('',(0.00872647848982879,-0.00361462574224422,0.999955390531953));
#16390=DIRECTION('',(0.707106781186548,0.707106781186547,8.65956056235494E-17));
#16391=DIRECTION('',(-0.0036146257422441,0.00872647848982892,-0.999955390531953));
#16392=DIRECTION('',(-0.707106781186548,-0.707106781186547,-8.65956056235494E-17));
#16393=DIRECTION('',(1.0,0.0,1.22464679914735E-16));
#16394=DIRECTION('',(1.0,0.0,1.22464679914735E-16));
#16395=DIRECTION('',(-0.00361462574224434,-0.00872647848982892,0.999955390531953));
#16396=DIRECTION('',(0.707106781186548,-0.707106781186547,8.65956056235494E-17));
#16397=DIRECTION('',(-0.707106781186548,0.707106781186547,-8.65956056235494E-17));
#16398=DIRECTION('',(0.707106781186548,-0.707106781186547,8.65956056235494E-17));
#16399=DIRECTION('',(0.282211149745755,0.68131798516914,-0.67539815667815));
#16400=DIRECTION('',(0.681317985169143,0.282211149745751,-0.675398156678149));
#16401=DIRECTION('',(-1.0,0.0,-1.22464679914735E-16));
#16402=DIRECTION('',(-0.282211149745765,0.681317985169138,-0.675398156678148));
#16403=DIRECTION('',(0.707106781186548,0.707106781186547,8.65956056235494E-17));
#16404=DIRECTION('',(-0.681317985169141,0.28221114974576,-0.675398156678147));
#16405=DIRECTION('',(0.0,-1.0,-0.0));
#16406=DIRECTION('',(0.579022399294643,0.579022399294639,0.573991395606375));
#16407=DIRECTION('',(1.0,0.0,1.22464679914735E-16));
#16408=DIRECTION('',(0.579022399294642,-0.57902239929464,-0.573991395606376));
#16409=DIRECTION('',(0.0,1.0,0.0));
#16410=DIRECTION('',(0.0,-1.0,-0.0));
#16411=DIRECTION('',(-0.00872620324394435,0.00872620324394422,0.99992385047757));
#16412=DIRECTION('',(0.0,-1.0,-0.0));
#16413=DIRECTION('',(0.00872647848982904,0.00361462574224422,-0.999955390531953));
#16414=DIRECTION('',(-1.0,0.0,-1.22464679914735E-16));
#16415=DIRECTION('',(-0.0087262032439441,-0.00872620324394422,-0.99992385047757));
#16416=DIRECTION('',(-1.0,0.0,-1.22464679914735E-16));
#16417=DIRECTION('',(0.0,1.0,0.0));
#16418=DIRECTION('',(0.0,1.0,0.0));
#16419=DIRECTION('',(0.00872647848982879,-0.00361462574224422,0.999955390531953));
#16420=DIRECTION('',(0.707106781186548,0.707106781186547,8.65956056235494E-17));
#16421=DIRECTION('',(-0.0036146257422441,0.00872647848982892,-0.999955390531953));
#16422=DIRECTION('',(-0.707106781186548,-0.707106781186547,-8.65956056235494E-17));
#16423=DIRECTION('',(1.0,0.0,1.22464679914735E-16));
#16424=DIRECTION('',(1.0,0.0,1.22464679914735E-16));
#16425=DIRECTION('',(-0.00361462574224434,-0.00872647848982892,0.999955390531953));
#16426=DIRECTION('',(0.707106781186548,-0.707106781186547,8.65956056235494E-17));
#16427=DIRECTION('',(-0.707106781186548,0.707106781186547,-8.65956056235494E-17));
#16428=DIRECTION('',(0.707106781186548,-0.707106781186547,8.65956056235494E-17));
#16429=DIRECTION('',(0.282211149745755,0.68131798516914,-0.67539815667815));
#16430=DIRECTION('',(0.681317985169143,0.282211149745751,-0.675398156678149));
#16431=DIRECTION('',(-1.0,0.0,-1.22464679914735E-16));
#16432=DIRECTION('',(-0.282211149745765,0.681317985169138,-0.675398156678148));
#16433=DIRECTION('',(0.707106781186548,0.707106781186547,8.65956056235494E-17));
#16434=DIRECTION('',(-0.681317985169141,0.28221114974576,-0.675398156678147));
#16435=DIRECTION('',(0.0,-1.0,-0.0));
#16436=DIRECTION('',(0.579022399294643,0.579022399294639,0.573991395606375));
#16437=DIRECTION('',(1.0,0.0,1.22464679914735E-16));
#16438=DIRECTION('',(0.579022399294642,-0.57902239929464,-0.573991395606376));
#16439=DIRECTION('',(0.0,1.0,0.0));
#16440=DIRECTION('',(-1.0,0.0,-1.22464679914735E-16));
#16441=DIRECTION('',(-0.282211149745765,0.681317985169138,-0.675398156678148));
#16442=DIRECTION('',(1.0,0.0,1.22464679914735E-16));
#16443=DIRECTION('',(0.282211149745755,0.68131798516914,-0.67539815667815));
#16444=DIRECTION('',(0.0,-1.0,-0.0));
#16445=DIRECTION('',(0.579022399294643,0.579022399294639,0.573991395606375));
#16446=DIRECTION('',(0.0,1.0,0.0));
#16447=DIRECTION('',(-0.681317985169141,0.28221114974576,-0.675398156678147));
#16448=DIRECTION('',(1.0,0.0,1.22464679914735E-16));
#16449=DIRECTION('',(0.579022399294642,-0.57902239929464,-0.573991395606376));
#16450=DIRECTION('',(-1.0,0.0,-1.22464679914735E-16));
#16451=DIRECTION('',(0.707106781186548,-0.707106781186547,8.65956056235494E-17));
#16452=DIRECTION('',(0.00872647848982904,0.00361462574224422,-0.999955390531953));
#16453=DIRECTION('',(-0.707106781186548,0.707106781186547,-8.65956056235494E-17));
#16454=DIRECTION('',(-0.00361462574224434,-0.00872647848982892,0.999955390531953));
#16455=DIRECTION('',(-0.0036146257422441,0.00872647848982892,-0.999955390531953));
#16456=DIRECTION('',(1.0,0.0,1.22464679914735E-16));
#16457=DIRECTION('',(0.707106781186548,0.707106781186547,8.65956056235494E-17));
#16458=DIRECTION('',(-0.707106781186548,-0.707106781186547,-8.65956056235494E-17));
#16459=DIRECTION('',(0.00872647848982879,-0.00361462574224422,0.999955390531953));
#16460=DIRECTION('',(-0.0087262032439441,-0.00872620324394422,-0.99992385047757));
#16461=DIRECTION('',(0.0,1.0,0.0));
#16462=DIRECTION('',(-1.0,0.0,-1.22464679914735E-16));
#16463=DIRECTION('',(-0.00872620324394435,0.00872620324394422,0.99992385047757));
#16464=DIRECTION('',(0.0,-1.0,-0.0));
#16465=DIRECTION('',(0.0,-1.0,-0.0));
#16466=DIRECTION('',(0.0,1.0,0.0));
#16467=DIRECTION('',(0.681317985169143,0.282211149745751,-0.675398156678149));
#16468=DIRECTION('',(0.707106781186548,0.707106781186547,8.65956056235494E-17));
#16469=DIRECTION('',(0.707106781186548,-0.707106781186547,8.65956056235494E-17));
#16470=DIRECTION('',(-1.22464679914735E-16,0.0,1.0));
#16471=DIRECTION('',(0.948683298050509,0.316227766016852,1.16180196436211E-16));
#16472=DIRECTION('',(-1.22464679914735E-16,0.0,1.0));
#16473=DIRECTION('',(0.0,1.0,0.0));
#16474=DIRECTION('',(-1.22464679914735E-16,0.0,1.0));
#16475=DIRECTION('',(-1.0,0.0,-1.22464679914735E-16));
#16476=DIRECTION('',(-1.22464679914735E-16,0.0,1.0));
#16477=DIRECTION('',(0.0,-1.0,-0.0));
#16478=DIRECTION('',(-1.22464679914735E-16,0.0,1.0));
#16479=DIRECTION('',(1.0,0.0,1.22464679914735E-16));
#16480=DIRECTION('',(-1.22464679914735E-16,0.0,1.0));
#16481=DIRECTION('',(0.0,-1.0,-0.0));
#16482=DIRECTION('',(-1.22464679914735E-16,0.0,1.0));
#16483=DIRECTION('',(1.0,0.0,1.22464679914735E-16));
#16484=DIRECTION('',(-1.22464679914735E-16,0.0,1.0));
#16485=DIRECTION('',(0.0,1.0,0.0));
#16486=DIRECTION('',(-1.22464679914735E-16,0.0,1.0));
#16487=DIRECTION('',(0.196116135138191,0.980580675690919,2.40172997158135E-17));
#16488=DIRECTION('',(-1.22464679914735E-16,0.0,1.0));
#16489=DIRECTION('',(0.316227766016849,0.94868329805051,3.87267321454052E-17));
#16490=DIRECTION('',(-1.22464679914735E-16,0.0,1.0));
#16491=DIRECTION('',(0.447213595499971,0.894427190999909,5.47678698264219E-17));
#16492=DIRECTION('',(-1.22464679914735E-16,0.0,1.0));
#16493=DIRECTION('',(0.707106781186534,0.707106781186562,8.65956056235476E-17));
#16494=DIRECTION('',(-1.22464679914735E-16,0.0,1.0));
#16495=DIRECTION('',(0.800000000000011,0.599999999999985,9.79717439317896E-17));
#16496=DIRECTION('',(1.22464679914735E-16,0.0,-1.0));
#16497=DIRECTION('',(1.0,-8.88178419700125E-16,1.22464679914735E-16));
#16498=DIRECTION('',(-1.22464679914735E-16,0.0,1.0));
#16499=DIRECTION('',(0.0,1.0,0.0));
#16500=DIRECTION('',(-1.22464679914735E-16,0.0,1.0));
#16501=DIRECTION('',(1.0,8.88178419700125E-16,1.22464679914735E-16));
#16502=DIRECTION('',(1.22464679914735E-16,0.0,-1.0));
#16503=CARTESIAN_POINT('',(0.514164390384911,3.69987459644938,-10.3));
#16504=DIRECTION('',(1.22464679914735E-16,0.0,-1.0));
#16505=DIRECTION('',(-1.0,0.0,-1.22464679914735E-16));
#16506=DIRECTION('',(1.22464679914735E-16,0.0,-1.0));
#16507=DIRECTION('',(-1.22464679914735E-16,0.0,1.0));
#16508=CARTESIAN_POINT('',(0.514164390384911,0.500125403550608,-10.3));
#16509=DIRECTION('',(1.22464679914735E-16,0.0,-1.0));
#16510=DIRECTION('',(-1.0,0.0,-1.22464679914735E-16));
#16511=DIRECTION('',(0.0,-1.0,-0.0));
#16512=DIRECTION('',(-0.579022399294643,-0.579022399294635,0.57399139560638));
#16513=DIRECTION('',(0.0,-1.0,-0.0));
#16514=DIRECTION('',(0.579022399294641,0.579022399294639,-0.573991395606378));
#16515=DIRECTION('',(0.0,-1.0,-0.0));
#16516=DIRECTION('',(0.0,-1.0,-0.0));
#16517=DIRECTION('',(-0.0087262032439441,-0.00872620324394422,-0.99992385047757));
#16518=DIRECTION('',(0.0,1.0,0.0));
#16519=DIRECTION('',(-0.0087262032439441,0.00872620324394422,-0.99992385047757));
#16520=DIRECTION('',(0.0,1.0,0.0));
#16521=DIRECTION('',(0.579022399294643,-0.579022399294639,0.573991395606376));
#16522=DIRECTION('',(0.0,1.0,0.0));
#16523=DIRECTION('',(0.579022399294645,-0.579022399294634,0.573991395606378));
#16524=DIRECTION('',(-0.00872620324394435,-0.00872620324394422,0.99992385047757));
#16525=DIRECTION('',(0.0,-1.0,-0.0));
#16526=DIRECTION('',(-0.00872620324394435,-0.00872620324394421,0.99992385047757));
#16527=DIRECTION('',(-1.0,0.0,-1.22464679914735E-16));
#16528=DIRECTION('',(-1.0,0.0,-1.22464679914735E-16));
#16529=DIRECTION('',(-0.579022399294644,0.579022399294638,-0.573991395606376));
#16530=DIRECTION('',(0.0,-1.0,-0.0));
#16531=DIRECTION('',(-0.579022399294643,-0.579022399294639,-0.573991395606375));
#16532=DIRECTION('',(1.0,0.0,1.22464679914735E-16));
#16533=DIRECTION('',(-1.0,0.0,-1.22464679914735E-16));
#16534=DIRECTION('',(-1.0,0.0,-1.22464679914735E-16));
#16535=DIRECTION('',(0.579022399294642,-0.57902239929464,-0.573991395606376));
#16536=DIRECTION('',(1.0,0.0,1.22464679914735E-16));
#16537=DIRECTION('',(0.0,1.0,0.0));
#16538=DIRECTION('',(-1.0,0.0,-1.22464679914735E-16));
#16539=DIRECTION('',(0.0,-1.0,-0.0));
#16540=DIRECTION('',(-1.0,1.40980701539702E-15,-1.22464679914735E-16));
#16541=DIRECTION('',(-0.00872620324394435,-0.00872620324394422,0.99992385047757));
#16542=DIRECTION('',(1.0,0.0,1.22464679914735E-16));
#16543=DIRECTION('',(-0.0087262032439441,0.00872620324394422,-0.99992385047757));
#16544=DIRECTION('',(-1.0,0.0,-1.22464679914735E-16));
#16545=DIRECTION('',(0.0,-1.0,-0.0));
#16546=DIRECTION('',(-0.0087262032439441,-0.00872620324394422,-0.99992385047757));
#16547=DIRECTION('',(0.0,1.0,0.0));
#16548=DIRECTION('',(0.579022399294643,-0.579022399294639,0.573991395606376));
#16549=DIRECTION('',(0.0,-1.0,-0.0));
#16550=DIRECTION('',(-0.579022399294643,-0.579022399294639,-0.573991395606375));
#16551=DIRECTION('',(-0.579022399294641,-0.57902239929464,0.573991395606377));
#16552=DIRECTION('',(-1.0,0.0,-1.22464679914735E-16));
#16553=DIRECTION('',(0.0,1.0,0.0));
#16554=DIRECTION('',(0.0,-1.0,-0.0));
#16555=DIRECTION('',(0.579022399294641,-0.57902239929464,-0.573991395606376));
#16556=DIRECTION('',(1.0,0.0,1.22464679914735E-16));
#16557=DIRECTION('',(-1.0,0.0,-1.22464679914735E-16));
#16558=DIRECTION('',(-1.0,0.0,-1.22464679914735E-16));
#16559=DIRECTION('',(-0.00872620324394435,0.00872620324394422,0.99992385047757));
#16560=DIRECTION('',(0.0,-1.0,-0.0));
#16561=DIRECTION('',(1.22464679914735E-16,0.0,-1.0));
#16562=DIRECTION('',(4.44089209850063E-16,-1.0,5.43852429378757E-32));
#16563=DIRECTION('',(1.22464679914735E-16,0.0,-1.0));
#16564=DIRECTION('',(1.22464679914735E-16,0.0,-1.0));
#16565=DIRECTION('',(1.0,0.0,1.22464679914735E-16));
#16566=DIRECTION('',(1.22464679914735E-16,0.0,-1.0));
#16567=DIRECTION('',(-1.22464679914735E-16,0.0,1.0));
#16568=CARTESIAN_POINT('',(-7.8858356096151,0.500125403550608,-10.3));
#16569=DIRECTION('',(1.22464679914735E-16,0.0,-1.0));
#16570=DIRECTION('',(-1.0,0.0,-1.22464679914735E-16));
#16571=DIRECTION('',(1.22464679914735E-16,0.0,-1.0));
#16572=DIRECTION('',(1.22464679914735E-16,0.0,-1.0));
#16573=DIRECTION('',(4.44089209850063E-16,-1.0,5.43852429378757E-32));
#16574=DIRECTION('',(1.0,0.0,1.22464679914735E-16));
#16575=DIRECTION('',(-1.22464679914735E-16,0.0,1.0));
#16576=CARTESIAN_POINT('',(-4.7141643903849,0.500125403550668,-10.3));
#16577=DIRECTION('',(1.22464679914735E-16,0.0,-1.0));
#16578=DIRECTION('',(-1.0,0.0,-1.22464679914735E-16));
#16579=CARTESIAN_POINT('',(-7.8858356096151,3.69987459644938,-10.3));
#16580=DIRECTION('',(1.22464679914735E-16,0.0,-1.0));
#16581=DIRECTION('',(-1.0,0.0,-1.22464679914735E-16));
#16582=CARTESIAN_POINT('',(-4.7141643903849,3.69987459644933,-10.3));
#16583=DIRECTION('',(1.22464679914735E-16,0.0,-1.0));
#16584=DIRECTION('',(-1.0,0.0,-1.22464679914735E-16));
#16585=DIRECTION('',(1.22464679914735E-16,0.0,-1.0));
#16586=DIRECTION('',(-1.0,-8.88178419700125E-16,-1.22464679914735E-16));
#16587=DIRECTION('',(-1.22464679914735E-16,0.0,1.0));
#16588=DIRECTION('',(0.0,1.0,0.0));
#16589=DIRECTION('',(-1.22464679914735E-16,0.0,1.0));
#16590=DIRECTION('',(1.0,0.0,1.22464679914735E-16));
#16591=DIRECTION('',(-1.22464679914735E-16,0.0,1.0));
#16592=DIRECTION('',(0.0,-1.0,-0.0));
#16593=DIRECTION('',(-1.22464679914735E-16,0.0,1.0));
#16594=CARTESIAN_POINT('',(0.514164390384911,4.70012540355061,-10.3));
#16595=DIRECTION('',(1.22464679914735E-16,0.0,-1.0));
#16596=DIRECTION('',(-1.0,0.0,-1.22464679914735E-16));
#16597=DIRECTION('',(1.22464679914735E-16,0.0,-1.0));
#16598=DIRECTION('',(1.0,8.88178419700125E-16,1.22464679914735E-16));
#16599=DIRECTION('',(1.22464679914735E-16,0.0,-1.0));
#16600=DIRECTION('',(4.44089209850063E-16,-1.0,5.43852429378757E-32));
#16601=DIRECTION('',(-1.0,0.0,-1.22464679914735E-16));
#16602=DIRECTION('',(-4.44089209850063E-16,1.0,-5.43852429378757E-32));
#16603=CARTESIAN_POINT('',(-4.7141643903849,4.70012540355067,-10.3));
#16604=DIRECTION('',(1.22464679914735E-16,0.0,-1.0));
#16605=DIRECTION('',(-1.0,0.0,-1.22464679914735E-16));
#16606=CARTESIAN_POINT('',(-7.8858356096151,4.70012540355061,-10.3));
#16607=DIRECTION('',(1.22464679914735E-16,0.0,-1.0));
#16608=DIRECTION('',(-1.0,0.0,-1.22464679914735E-16));
#16609=DIRECTION('',(-1.22464679914735E-16,0.0,1.0));
#16610=DIRECTION('',(-1.22464679914735E-16,0.0,1.0));
#16611=DIRECTION('',(-1.22464679914735E-16,0.0,1.0));
#16612=DIRECTION('',(1.22464679914735E-16,0.0,-1.0));
#16613=DIRECTION('',(1.22464679914735E-16,0.0,-1.0));
#16614=DIRECTION('',(0.0,1.0,0.0));
#16615=DIRECTION('',(-1.22464679914735E-16,0.0,1.0));
#16616=DIRECTION('',(-1.0,0.0,-1.22464679914735E-16));
#16617=DIRECTION('',(-1.22464679914735E-16,0.0,1.0));
#16618=DIRECTION('',(-4.44089209850063E-16,1.0,-5.43852429378757E-32));
#16619=DIRECTION('',(-1.22464679914735E-16,0.0,1.0));
#16620=DIRECTION('',(1.22464679914735E-16,0.0,-1.0));
#16621=DIRECTION('',(1.0,0.0,1.22464679914735E-16));
#16622=DIRECTION('',(-1.22464679914735E-16,0.0,1.0));
#16623=CARTESIAN_POINT('',(-3.68583560961509,4.70012540355061,-10.3));
#16624=DIRECTION('',(1.22464679914735E-16,0.0,-1.0));
#16625=DIRECTION('',(-1.0,0.0,-1.22464679914735E-16));
#16626=CARTESIAN_POINT('',(-0.514164390384889,4.70012540355067,-10.3));
#16627=DIRECTION('',(1.22464679914735E-16,0.0,-1.0));
#16628=DIRECTION('',(-1.0,0.0,-1.22464679914735E-16));
#16629=DIRECTION('',(1.22464679914735E-16,0.0,-1.0));
#16630=DIRECTION('',(0.0,1.0,0.0));
#16631=DIRECTION('',(-1.22464679914735E-16,0.0,1.0));
#16632=DIRECTION('',(1.22464679914735E-16,0.0,-1.0));
#16633=DIRECTION('',(1.0,-8.88178419700125E-16,1.22464679914735E-16));
#16634=DIRECTION('',(-1.22464679914735E-16,0.0,1.0));
#16635=DIRECTION('',(-1.0,0.0,-1.22464679914735E-16));
#16636=DIRECTION('',(1.22464679914735E-16,0.0,-1.0));
#16637=DIRECTION('',(-1.22464679914735E-16,0.0,1.0));
#16638=CARTESIAN_POINT('',(-3.68583560961509,0.500125403550608,-10.3));
#16639=DIRECTION('',(1.22464679914735E-16,0.0,-1.0));
#16640=DIRECTION('',(-1.0,0.0,-1.22464679914735E-16));
#16641=CARTESIAN_POINT('',(-0.514164390384889,0.500125403550668,-10.3));
#16642=DIRECTION('',(1.22464679914735E-16,0.0,-1.0));
#16643=DIRECTION('',(-1.0,0.0,-1.22464679914735E-16));
#16644=DIRECTION('',(4.44089209850063E-16,-1.0,5.43852429378757E-32));
#16645=CARTESIAN_POINT('',(-3.6858356096151,3.69987459644938,-10.3));
#16646=DIRECTION('',(1.22464679914735E-16,0.0,-1.0));
#16647=DIRECTION('',(-1.0,0.0,-1.22464679914735E-16));
#16648=DIRECTION('',(1.22464679914735E-16,0.0,-1.0));
#16649=DIRECTION('',(-1.22464679914735E-16,0.0,1.0));
#16650=CARTESIAN_POINT('',(-8.9141643903849,4.70012540355067,-10.3));
#16651=DIRECTION('',(1.22464679914735E-16,0.0,-1.0));
#16652=DIRECTION('',(-1.0,0.0,-1.22464679914735E-16));
#16653=DIRECTION('',(1.22464679914735E-16,0.0,-1.0));
#16654=DIRECTION('',(-1.22464679914735E-16,0.0,1.0));
#16655=DIRECTION('',(1.0,0.0,1.22464679914735E-16));
#16656=DIRECTION('',(1.0,0.0,1.22464679914735E-16));
#16657=DIRECTION('',(0.0087262032439441,-0.00872620324394422,0.99992385047757));
#16658=DIRECTION('',(-0.00872620324394435,-0.00872620324394422,0.99992385047757));
#16659=CARTESIAN_POINT('',(-10.5,6.7,-1.28587913910472E-15));
#16660=DIRECTION('',(-1.22464679914735E-16,0.0,1.0));
#16661=DIRECTION('',(1.0,0.0,1.22464679914735E-16));
#16662=DIRECTION('',(-0.0087262032439441,0.00872620324394423,-0.99992385047757));
#16663=DIRECTION('',(-0.00872620324394435,0.00872620324394422,0.99992385047757));
#16664=DIRECTION('',(0.0,-1.0,-0.0));
#16665=DIRECTION('',(-0.579022399294643,-0.579022399294639,0.573991395606376));
#16666=DIRECTION('',(0.0,-1.0,-0.0));
#16667=DIRECTION('',(1.22464679914735E-16,0.0,-1.0));
#16668=DIRECTION('',(1.0,8.88178419700125E-16,1.22464679914735E-16));
#16669=DIRECTION('',(1.0,0.0,1.22464679914735E-16));
#16670=DIRECTION('',(1.0,-1.40980701539702E-15,1.22464679914735E-16));
#16671=DIRECTION('',(-1.22464679914735E-16,0.0,1.0));
#16672=CARTESIAN_POINT('',(-12.0858356096151,4.70012540355061,-10.3));
#16673=DIRECTION('',(1.22464679914735E-16,0.0,-1.0));
#16674=DIRECTION('',(-1.0,0.0,-1.22464679914735E-16));
#16675=DIRECTION('',(-1.22464679914735E-16,0.0,1.0));
#16676=CARTESIAN_POINT('',(2.3,-2.5,2.81668763803891E-16));
#16677=DIRECTION('',(-1.22464679914735E-16,0.0,1.0));
#16678=DIRECTION('',(1.0,0.0,1.22464679914735E-16));
#16679=DIRECTION('',(4.44089209850063E-16,-1.0,5.43852429378757E-32));
#16680=DIRECTION('',(-1.0,0.0,-1.22464679914735E-16));
#16681=DIRECTION('',(-4.44089209850063E-16,1.0,-5.43852429378757E-32));
#16682=DIRECTION('',(0.0,-1.0,-0.0));
#16683=DIRECTION('',(-1.0,1.40980701539702E-15,-1.22464679914735E-16));
#16684=DIRECTION('',(0.0,-1.0,-0.0));
#16685=DIRECTION('',(1.22464679914735E-16,0.0,-1.0));
#16686=DIRECTION('',(0.0,1.0,0.0));
#16687=DIRECTION('',(1.22464679914735E-16,0.0,-1.0));
#16688=CARTESIAN_POINT('',(2.7,5.5,-6.6));
#16689=DIRECTION('',(1.22464679914735E-16,0.0,-1.0));
#16690=DIRECTION('',(-1.0,0.0,-1.22464679914735E-16));
#16691=DIRECTION('',(-1.22464679914735E-16,0.0,1.0));
#16692=DIRECTION('',(-1.22464679914735E-16,0.0,1.0));
#16693=CARTESIAN_POINT('',(2.7,-0.549999999999993,3.30654635769785E-16));
#16694=DIRECTION('',(1.22464679914735E-16,0.0,-1.0));
#16695=DIRECTION('',(-1.0,0.0,-1.22464679914735E-16));
#16696=DIRECTION('',(1.22464679914735E-16,0.0,-1.0));
#16697=DIRECTION('',(-4.44089209850063E-16,1.0,-5.43852429378757E-32));
#16698=DIRECTION('',(1.22464679914735E-16,0.0,-1.0));
#16699=CARTESIAN_POINT('',(-13.1141643903849,0.500125403550668,-10.3));
#16700=DIRECTION('',(1.22464679914735E-16,0.0,-1.0));
#16701=DIRECTION('',(-1.0,0.0,-1.22464679914735E-16));
#16702=DIRECTION('',(1.0,-8.88178419700125E-16,1.22464679914735E-16));
#16703=DIRECTION('',(0.0,1.0,0.0));
#16704=DIRECTION('',(-1.0,-8.88178419700125E-16,-1.22464679914735E-16));
#16705=CARTESIAN_POINT('',(-13.1141643903849,3.69987459644933,-10.3));
#16706=DIRECTION('',(1.22464679914735E-16,0.0,-1.0));
#16707=DIRECTION('',(-1.0,0.0,-1.22464679914735E-16));
#16708=DIRECTION('',(1.22464679914735E-16,0.0,-1.0));
#16709=DIRECTION('',(-1.22464679914735E-16,0.0,1.0));
#16710=DIRECTION('',(-1.22464679914735E-16,0.0,1.0));
#16711=DIRECTION('',(-1.22464679914735E-16,0.0,1.0));
#16712=DIRECTION('',(1.22464679914735E-16,0.0,-1.0));
#16713=DIRECTION('',(0.0,-1.0,-0.0));
#16714=DIRECTION('',(-1.22464679914735E-16,0.0,1.0));
#16715=DIRECTION('',(1.0,0.0,1.22464679914735E-16));
#16716=DIRECTION('',(-1.22464679914735E-16,0.0,1.0));
#16717=DIRECTION('',(0.0,1.0,0.0));
#16718=DIRECTION('',(-1.22464679914735E-16,0.0,1.0));
#16719=DIRECTION('',(-1.0,-8.88178419700125E-16,-1.22464679914735E-16));
#16720=DIRECTION('',(-1.22464679914735E-16,0.0,1.0));
#16721=CARTESIAN_POINT('',(-13.1141643903849,4.70012540355067,-10.3));
#16722=DIRECTION('',(1.22464679914735E-16,0.0,-1.0));
#16723=DIRECTION('',(-1.0,0.0,-1.22464679914735E-16));
#16724=DIRECTION('',(1.22464679914735E-16,0.0,-1.0));
#16725=DIRECTION('',(1.0,0.0,1.22464679914735E-16));
#16726=DIRECTION('',(-1.22464679914735E-16,0.0,1.0));
#16727=CARTESIAN_POINT('',(-8.9141643903849,0.500125403550668,-10.3));
#16728=DIRECTION('',(1.22464679914735E-16,0.0,-1.0));
#16729=DIRECTION('',(-1.0,0.0,-1.22464679914735E-16));
#16730=DIRECTION('',(1.22464679914735E-16,0.0,-1.0));
#16731=DIRECTION('',(-4.44089209850063E-16,1.0,-5.43852429378757E-32));
#16732=DIRECTION('',(1.22464679914735E-16,0.0,-1.0));
#16733=CARTESIAN_POINT('',(-8.9141643903849,3.69987459644933,-10.3));
#16734=DIRECTION('',(1.22464679914735E-16,0.0,-1.0));
#16735=DIRECTION('',(-1.0,0.0,-1.22464679914735E-16));
#16736=DIRECTION('',(1.22464679914735E-16,0.0,-1.0));
#16737=DIRECTION('',(1.0,8.88178419700125E-16,1.22464679914735E-16));
#16738=DIRECTION('',(1.22464679914735E-16,0.0,-1.0));
#16739=CARTESIAN_POINT('',(-12.0858356096151,0.500125403550608,-10.3));
#16740=DIRECTION('',(1.22464679914735E-16,0.0,-1.0));
#16741=DIRECTION('',(-1.0,0.0,-1.22464679914735E-16));
#16742=DIRECTION('',(4.44089209850063E-16,-1.0,5.43852429378757E-32));
#16743=CARTESIAN_POINT('',(-12.0858356096151,3.69987459644938,-10.3));
#16744=DIRECTION('',(1.22464679914735E-16,0.0,-1.0));
#16745=DIRECTION('',(-1.0,0.0,-1.22464679914735E-16));
#16746=DIRECTION('',(-1.22464679914735E-16,0.0,1.0));
#16747=DIRECTION('',(1.22464679914735E-16,0.0,-1.0));
#16748=CARTESIAN_POINT('',(-0.294999999999999,-6.2,-6.6));
#16749=DIRECTION('',(0.0,1.0,0.0));
#16750=DIRECTION('',(-1.0,0.0,-1.22464679914735E-16));
#16751=DIRECTION('',(-1.0,0.0,-1.22464679914735E-16));
#16752=DIRECTION('',(-1.0,0.0,-1.22464679914735E-16));
#16753=CARTESIAN_POINT('',(-0.784999999999999,-6.0,-6.9007101824114));
#16754=DIRECTION('',(0.707106781186547,0.0,0.707106781186548));
#16755=DIRECTION('',(-0.707106781186548,0.0,0.707106781186547));
#16756=DIRECTION('',(1.0,0.0,1.22464679914735E-16));
#16757=DIRECTION('',(-1.22464679914735E-16,0.0,1.0));
#16758=CARTESIAN_POINT('',(-0.784999999999999,-6.0,-6.2992898175886));
#16759=DIRECTION('',(-0.707106781186548,0.0,0.707106781186547));
#16760=DIRECTION('',(0.707106781186547,0.0,0.707106781186548));
#16761=DIRECTION('',(1.0,0.0,1.22464679914735E-16));
#16762=CARTESIAN_POINT('',(-0.294999999999999,-5.35,-6.6));
#16763=DIRECTION('',(-0.0,1.0,0.0));
#16764=DIRECTION('',(1.0,0.0,1.22464679914735E-16));
#16765=CARTESIAN_POINT('',(-0.294999999999999,-5.1,-6.6));
#16766=DIRECTION('',(-0.0,1.0,0.0));
#16767=DIRECTION('',(1.0,0.0,1.22464679914735E-16));
#16768=DIRECTION('',(-1.0,0.0,-1.22464679914735E-16));
#16769=CARTESIAN_POINT('',(1.67562862542566E-15,-5.1,-6.6));
#16770=DIRECTION('',(0.0,-1.0,-0.0));
#16771=DIRECTION('',(-1.0,0.0,-1.22464679914735E-16));
#16772=DIRECTION('',(-1.0,0.0,-1.22464679914735E-16));
#16773=DIRECTION('',(0.0,1.0,0.0));
#16774=DIRECTION('',(-1.0,0.0,-1.22464679914735E-16));
#16775=DIRECTION('',(7.02428546843654E-17,0.819152044288992,-0.573576436351046));
#16776=CARTESIAN_POINT('',(-0.784999999999999,-6.0,-7.14486510016369));
#16777=DIRECTION('',(1.00317192905352E-16,-0.573576436351046,-0.819152044288992));
#16778=DIRECTION('',(7.02428546843654E-17,0.819152044288992,-0.573576436351046));
#16779=DIRECTION('',(-1.22464679914735E-16,0.0,1.0));
#16780=CARTESIAN_POINT('',(-0.784999999999999,-6.0,-6.05513489983631));
#16781=DIRECTION('',(-1.00317192905352E-16,-0.573576436351046,0.819152044288992));
#16782=DIRECTION('',(-7.02428546843654E-17,0.819152044288992,0.573576436351046));
#16783=DIRECTION('',(7.02428546843654E-17,-0.819152044288992,-0.573576436351046));
#16784=DIRECTION('',(1.0,0.0,1.22464679914735E-16));
#16785=DIRECTION('',(0.0,1.0,0.0));
#16786=DIRECTION('',(0.0,-1.0,-0.0));
#16787=DIRECTION('',(0.0,-1.0,-0.0));
#16788=CARTESIAN_POINT('',(-12.305,-6.1147152872702,-6.6));
#16789=DIRECTION('',(0.0,1.0,0.0));
#16790=DIRECTION('',(-1.0,0.0,-1.22464679914735E-16));
#16791=CARTESIAN_POINT('',(-12.305,-6.2,-6.6));
#16792=DIRECTION('',(0.0,1.0,0.0));
#16793=DIRECTION('',(-1.0,0.0,-1.22464679914735E-16));
#16794=DIRECTION('',(1.0,0.0,1.22464679914735E-16));
#16795=DIRECTION('',(-1.0,0.0,-1.22464679914735E-16));
#16796=DIRECTION('',(1.22464679914735E-16,0.0,-1.0));
#16797=CARTESIAN_POINT('',(-11.815,-6.0,-6.9007101824114));
#16798=DIRECTION('',(0.707106781186548,0.0,-0.707106781186547));
#16799=DIRECTION('',(-0.707106781186547,0.0,-0.707106781186548));
#16800=DIRECTION('',(1.0,0.0,1.22464679914735E-16));
#16801=CARTESIAN_POINT('',(-12.305,-5.35,-6.6));
#16802=DIRECTION('',(0.0,1.0,0.0));
#16803=DIRECTION('',(-1.0,0.0,-1.22464679914735E-16));
#16804=DIRECTION('',(-1.0,0.0,-1.22464679914735E-16));
#16805=CARTESIAN_POINT('',(-11.815,-6.0,-6.2992898175886));
#16806=DIRECTION('',(-0.707106781186547,0.0,-0.707106781186548));
#16807=DIRECTION('',(0.707106781186548,0.0,-0.707106781186547));
#16808=DIRECTION('',(1.22464679914735E-16,0.0,-1.0));
#16809=CARTESIAN_POINT('',(-11.815,-6.0,-7.14486510016369));
#16810=DIRECTION('',(1.00317192905352E-16,-0.573576436351046,-0.819152044288992));
#16811=DIRECTION('',(7.02428546843654E-17,0.819152044288992,-0.573576436351046));
#16812=CARTESIAN_POINT('',(-11.815,-6.0,-6.05513489983631));
#16813=DIRECTION('',(-1.00317192905352E-16,-0.573576436351046,0.819152044288992));
#16814=DIRECTION('',(-7.02428546843654E-17,0.819152044288992,0.573576436351046));
#16815=DIRECTION('',(-7.02428546843654E-17,-0.819152044288992,0.573576436351046));
#16816=DIRECTION('',(-1.0,0.0,-1.22464679914735E-16));
#16817=CARTESIAN_POINT('',(-12.305,-5.1,-6.6));
#16818=DIRECTION('',(0.0,1.0,0.0));
#16819=DIRECTION('',(-1.0,0.0,-1.22464679914735E-16));
#16820=DIRECTION('',(-1.0,0.0,-1.22464679914735E-16));
#16821=CARTESIAN_POINT('',(-12.6,-5.1,-6.6));
#16822=DIRECTION('',(0.0,-1.0,-0.0));
#16823=DIRECTION('',(-1.0,0.0,-1.22464679914735E-16));
#16824=DIRECTION('',(-1.0,0.0,-1.22464679914735E-16));
#16825=DIRECTION('',(0.0,1.0,0.0));
#16826=DIRECTION('',(-1.0,0.0,-1.22464679914735E-16));
#16827=DIRECTION('',(-7.02428546843654E-17,0.819152044288992,0.573576436351046));
#16828=DIRECTION('',(0.0,1.0,0.0));
#16829=DIRECTION('',(0.0,-1.0,-0.0));
#16830=DIRECTION('',(0.0,-1.0,-0.0));
#16831=PRESENTATION_LAYER_ASSIGNMENT('','',(#193,#195,#197,#199,#201,#203,#205,#207,#209,#211,#213,#215,#217,#219,#221,#223,#225,#227,#229,#231,#233,#235,#237,#239,#241,#243,#245,#247,#249,#251,#253,#255,#257,#259,#261,#263,#265,#267,#269,#271,#273,#275,#277,#279,#281,#283,#285,#287,#289,#291,#293,#295,#297,#299,#301,#303,#305,#307,#309,#311,#313,#315,#317,#319,#321,#323,#325,#327,#329,#331,#333,#335,#337,#339,#341,#343,#345,#347,#349,#351,#353,#355,#357,#359,#361,#363,#365,#367,#369,#371,#373,#375,#377,#379,#381,#383,#385,#387,#389,#391,#393,#395,#397,#399,#401,#403,#405,#407,#409,#411,#413,#415,#417,#419,#421,#423,#425,#427,#429,#431,#433,#435,#437,#439,#441,#443,#445,#447,#449,#451,#453,#455,#457,#459,#461,#463,#465,#467,#469,#471,#473,#475,#477,#479,#481,#483,#485,#487,#489,#491,#493,#495,#497,#499,#501,#503,#505,#507,#509,#511,#513,#515,#517,#519,#521,#523,#525,#527,#529,#1563,#1564,#1565,#1566,#1567,#1568,#1569,#1570,#1571,#1572,#1573,#1574,#1575,#1576,#1577,#1578,#1579,#1580,#1581,#1582,#1583,#1584,#1585,#1586,#1587,#1588,#1589,#1590,#1591,#1592,#1593,#1594,#1595,#1596,#1597,#1598,#1599,#1600,#1601,#1602,#1603,#1604,#1605,#1606,#1607,#1608,#1609,#1610,#1611,#1612,#1613,#1614,#1615,#1616,#1617,#1618,#1619,#1620,#1621,#1622,#1623,#1624,#1625,#1626,#1627,#1628,#1629,#1630,#1631,#1632,#1633,#1634,#1635,#1636,#1637,#1638,#1639,#1640,#1641,#1642,#1643,#1644,#1645,#1646,#1647,#1648,#1649,#1650,#1651,#1652,#1653,#1654,#1655,#1656,#1657,#1658,#1659,#1660,#1661,#1662,#1663,#1664,#1665,#1666,#1667,#1668,#1669,#1670,#1671,#1672,#1673,#1674,#1675,#1676,#1677,#1678,#1679,#1680,#1681,#1682,#1683,#1684,#1685,#1686,#1687,#1688,#1689,#1690,#1691,#1692,#1693,#1694,#1695,#1696,#1697,#1698,#1699,#1700,#1701,#1702,#1703,#1704,#1705,#1706,#1707,#1708,#1709,#1710,#1711,#1712,#1713,#1714,#1715,#1716,#1717,#1718,#1719,#1720,#1721,#1722,#1723,#1724,#1725,#1726,#1727,#1728,#1729,#1730,#1731,#1732,#1733,#1734,#1735,#1736,#1737,#1738,#1739,#1740,#1741,#1742,#1743,#1744,#1745,#1746,#1747,#1748,#1749,#1750,#1751,#1752,#1753,#1754,#1755,#1756,#1757,#1758,#1759,#1760,#1761,#1762,#1763,#1764,#1765,#1766,#1767,#1768,#1769,#1770,#1771,#1772,#1773,#1774,#1775,#1776,#1777,#1778,#1779,#1780,#1781,#1782,#1783,#1784,#1785,#1786,#1787,#1788,#1789,#1790,#1791,#1792,#1793,#1794,#1795,#1796,#1797,#1798,#1799,#1800,#1801,#1802,#1803,#1804,#1805,#1806,#1807,#1808,#1809,#1810,#1811,#1812,#1813,#1814,#1815,#1816,#1817,#1818,#1819,#1820,#1821,#1822,#1823,#1824,#1825,#1826,#1827,#1828,#1829,#1830,#1831,#1832,#1833,#1834,#1835,#1836,#1837,#1838,#1839,#1840,#1841,#1842,#1843,#1844,#1845,#1846,#1847,#1848,#1849,#1850,#1851,#1852,#1853,#1854,#1855,#1856,#1857,#1858,#1859,#1860,#1861,#1862,#1863,#1864,#1865,#1866,#1867,#1868,#1869,#1870,#1871,#1872,#1873,#1874,#1875,#1876,#1877,#1878,#1879,#1880,#1881,#1882,#1883,#1884,#1885,#1886,#1887,#1888,#1889,#1890,#1891,#4109,#4110,#4111,#4112,#4113,#4114,#4116,#4117,#4118,#4119,#4120,#4121,#4123,#4124,#4125,#4126,#4128,#4129,#4130,#4131,#4133,#4134,#4135,#4137,#4138,#4139,#4142,#4143,#4145,#4146,#4150,#4151,#4152,#4153,#4155,#4156,#4157,#4158,#4159,#4160,#4161,#4163,#4164,#4165,#4166,#4167,#4168,#4169,#4171,#4172,#4174,#4175,#4176,#4177,#4179,#4180,#4181,#4182,#4184,#4185,#4186,#4188,#4189,#4190,#4193,#4195,#4199,#4200,#4201,#4202,#4203,#4204,#4206,#4207,#4208,#4209,#4210,#4211,#4213,#4214,#4215,#4216,#4218,#4219,#4220,#4221,#4223,#4224,#4225,#4227,#4228,#4229,#4232,#4233,#4235,#4236,#4240,#4241,#4242,#4243,#4245,#4246,#4247,#4248,#4249,#4250,#4251,#4253,#4254,#4255,#4256,#4257,#4258,#4259,#4261,#4262,#4264,#4265,#4266,#4267,#4269,#4270,#4271,#4272,#4274,#4275,#4276,#4278,#4279,#4280,#4283,#4285,#4289,#4290,#4291,#4292,#4293,#4294,#4296,#4297,#4298,#4299,#4300,#4301,#4303,#4304,#4305,#4306,#4308,#4309,#4310,#4311,#4313,#4314,#4315,#4317,#4318,#4319,#4322,#4323,#4325,#4326,#4330,#4331,#4332,#4333,#4335,#4336,#4337,#4338,#4339,#4340,#4341,#4343,#4344,#4345,#4346,#4347,#4348,#4349,#4351,#4352,#4354,#4355,#4356,#4357,#4359,#4360,#4361,#4362,#4364,#4365,#4366,#4368,#4369,#4370,#4373,#4375,#4379,#4380,#4381,#4382,#4383,#4384,#4386,#4387,#4388,#4389,#4390,#4391,#4393,#4394,#4395,#4396,#4398,#4399,#4400,#4401,#4403,#4404,#4405,#4407,#4408,#4409,#4412,#4413,#4415,#4416,#4420,#4421,#4422,#4423,#4425,#4426,#4427,#4428,#4429,#4430,#4431,#4433,#4434,#4435,#4436,#4437,#4438,#4439,#4441,#4442,#4444,#4445,#4446,#4447,#4449,#4450,#4451,#4452,#4454,#4455,#4456,#4458,#4459,#4460,#4463,#4465,#4469,#4470,#4471,#4472,#4474,#4475,#4476,#4478,#4479,#4480,#4481,#4483,#4484,#4486,#4487,#4488,#4490,#4491,#4492,#4494,#4495,#4497,#4498,#4500,#4502,#4503,#4504,#4505,#4507,#4508,#4509,#4511,#4512,#4513,#4514,#4516,#4517,#4519,#4520,#4521,#4523,#4524,#4525,#4527,#4528,#4530,#4531,#4533,#4535,#4536,#4537,#4538,#4540,#4541,#4542,#4544,#4545,#4546,#4547,#4549,#4550,#4552,#4553,#4554,#4556,#4557,#4558,#4560,#4561,#4563,#4564,#4566,#4568,#4569,#4570,#4571,#4573,#4574,#4575,#4577,#4578,#4579,#4580,#4582,#4583,#4585,#4586,#4587,#4589,#4590,#4591,#4593,#4594,#4596,#4597,#4599,#4601,#4602,#4603,#4604,#4606,#4607,#4608,#4610,#4611,#4612,#4613,#4615,#4616,#4618,#4619,#4620,#4622,#4623,#4624,#4626,#4627,#4629,#4630,#4632,#4634,#4635,#4636,#4637,#4639,#4640,#4641,#4643,#4644,#4645,#4646,#4648,#4649,#4651,#4652,#4653,#4655,#4656,#4657,#4659,#4660,#4662,#4663,#4665,#4667,#4668,#4669,#4670,#4672,#4673,#4674,#4676,#4677,#4678,#4679,#4681,#4682,#4684,#4685,#4686,#4688,#4689,#4690,#4692,#4693,#4695,#4696,#4698,#4700,#4701,#4702,#4703,#4705,#4706,#4707,#4709,#4710,#4711,#4712,#4714,#4715,#4717,#4718,#4719,#4721,#4722,#4723,#4725,#4726,#4728,#4729,#4731,#5428,#5429,#5431,#5433,#5435,#5437,#5441,#5442,#5444,#5446,#5448,#5450,#5454,#5455,#5457,#5459,#5463,#5464,#5466,#5468,#5489,#5490,#5492,#5494,#5498,#5500,#5502,#5504,#5506,#5508,#5512,#5513,#5516,#5518,#5520,#5522,#5529,#5530,#5532,#5534,#5538,#5539,#5541,#5543,#5562,#5563,#5565,#5567,#5569,#5571,#5575,#5576,#5578,#5580,#5582,#5584,#5588,#5589,#5591,#5593,#5597,#5598,#5600,#5602,#5623,#5624,#5626,#5628,#5632,#5634,#5636,#5638,#5640,#5642,#5646,#5647,#5650,#5652,#5654,#5656,#5663,#5664,#5666,#5668,#5672,#5673,#5675,#5677,#5696,#5697,#5699,#5701,#5703,#5705,#5709,#5710,#5712,#5714,#5716,#5718,#5722,#5723,#5725,#5727,#5731,#5732,#5734,#5736,#5757,#5758,#5760,#5762,#5766,#5768,#5770,#5772,#5774,#5776,#5780,#5781,#5784,#5786,#5788,#5790,#5797,#5798,#5800,#5802,#5806,#5807,#5809,#5811,#5830,#5831,#5833,#5835,#5837,#5839,#5843,#5844,#5846,#5848,#5850,#5852,#5856,#5857,#5859,#5861,#5865,#5866,#5868,#5870,#5891,#5892,#5894,#5896,#5900,#5902,#5904,#5906,#5908,#5910,#5914,#5915,#5918,#5920,#5922,#5924,#5931,#5932,#5934,#5936,#5940,#5941,#5943,#5945,#5964,#5965,#5967,#5969,#5973,#5974,#5979,#5981,#5983,#5987,#5991,#5992,#5997,#5999,#6003,#6007,#6013,#6014,#6016,#6018,#6022,#6023,#6028,#6030,#6032,#6036,#6040,#6041,#6046,#6048,#6052,#6056,#6062,#6063,#6065,#6067,#6071,#6072,#6077,#6079,#6081,#6085,#6089,#6090,#6095,#6097,#6101,#6105,#6111,#6112,#6114,#6116,#6120,#6121,#6126,#6128,#6130,#6134,#6138,#6139,#6144,#6146,#6150,#6154,#6160,#6161,#6163,#6165,#6169,#6170,#6175,#6177,#6179,#6183,#6187,#6188,#6193,#6195,#6199,#6203,#6209,#6210,#6212,#6214,#6218,#6219,#6224,#6226,#6228,#6232,#6236,#6237,#6242,#6244,#6248,#6252,#6258,#6259,#6261,#6263,#6267,#6268,#6273,#6275,#6277,#6281,#6285,#6286,#6291,#6293,#6297,#6301,#6307,#6308,#6310,#6312,#6316,#6317,#6322,#6324,#6326,#6330,#6334,#6335,#6340,#6342,#6346,#6350,#10603,#10604,#10605,#10607,#10608,#10609,#10611,#10612,#10614,#10615,#10617,#10618,#10619,#10621,#10622,#10623,#10625,#10626,#10628,#10629,#10630,#10632,#10633,#10634,#10636,#10637,#10638,#10640,#10641,#10642,#10644,#10645,#10646,#10648,#10649,#10650,#10652,#10653,#10655,#10656,#10657,#10659,#10660,#10662,#10663,#10665,#10666,#10667,#10668,#10669,#10670,#10671,#10672,#10673,#10674,#10675,#10676,#10677,#10678,#10679,#10680,#10681,#10682,#10683,#10684,#10685,#10686,#10687,#10688,#10689,#10690,#10691,#10692,#10693,#10694,#10695,#10696,#10697,#10698,#10699,#10700,#10701,#10702,#10703,#10704,#10705,#10706,#10707,#10708,#10709,#10710,#10711,#10712,#10713,#10714,#10715,#10716,#10717,#10718,#10719,#10720,#10721,#10722,#10723,#10724,#10725,#10726,#10727,#10728,#10729,#10730,#10731,#10732,#10733,#10734,#10735,#10736,#10737,#10738,#10739,#10740,#10741,#10742,#10743,#10744,#10745,#10746,#10747,#10748,#10749,#10750,#10751,#10752,#10753,#10754,#10755,#10756,#10757,#10758,#10759,#10760,#10761,#10762,#10763,#10764,#10765,#10766,#10767,#10768,#10769,#10770,#10771,#10772,#10773,#10774,#10775,#10776,#10777,#10778,#10779,#10780,#10781,#10782,#10783,#10784,#10785,#10786,#10787,#10788,#10789,#10790,#10791,#10792,#10793,#10794,#10795,#10796,#10797,#10798,#10799,#10800,#10801,#10802,#10803,#10804,#10805,#10806,#10807,#10808,#10809,#10810,#10811,#10812,#10813,#10814,#10815,#10816,#10817,#10818,#10819,#10820,#10821,#10822,#10823,#10824,#10825,#10826,#10827,#10828,#10829,#10830,#10831,#10832,#10833,#10834,#10835,#10836,#10837,#10838,#10839,#10840,#10841,#10842,#10843,#10844,#10845,#10846,#10847,#10848,#10849,#10850,#10851,#10852,#10853,#10854,#10855,#10856,#10857,#10858,#10859,#10860,#10861,#10862,#10863,#10864,#10865,#10866,#10867,#10868,#10869,#10870,#10871,#10872,#10873,#10874,#10875,#10876,#10877,#10878,#10879,#10880,#10881,#10882,#10883,#10884,#10885,#10886,#10887,#10888,#10889,#10890,#10891,#10892,#10893,#10894,#10895,#10896,#10897,#10898,#10899,#10900,#10901,#10902,#10903,#10904,#10905,#10906,#10907,#10908,#10909,#10910,#10911,#10912,#10913,#10914,#10915,#10916,#10917,#10918,#10919,#10920,#10921,#10922,#10923,#10924,#10925,#10926,#10927,#10928,#10929,#10930,#10931,#10932,#10933,#10934,#10935,#10936,#10937,#10938,#10939,#10940,#10941,#10942,#10943,#10944,#10945,#10946,#10947,#10948,#10949,#10950,#10951,#10952,#10953,#10954,#10955,#10956,#10957,#10958,#10959,#10960,#10961,#10962,#10963,#10964,#10965,#10966,#10967,#10968,#10969,#10970,#10971,#10972,#10973,#10974,#10975,#10976,#10977,#10978,#10979,#10980,#10981,#10982,#10983,#10984,#10985,#10986,#10987,#10988,#10989,#10990,#10991,#10992,#10993,#10994,#10995,#10996,#10997,#10998,#10999,#11000,#11001,#11002,#11003,#11004,#11005,#11006,#11007,#11008,#11009,#11010,#11011,#11012,#11013,#11014,#11015,#11016,#11017,#11018,#11019,#11020,#11021,#11022,#11023,#11024,#11025,#11026,#11027,#11028,#11029,#11030,#11031,#11032,#11033,#11034,#11035,#11036,#11037,#11038,#11039,#11040,#11041,#11042,#11043,#11044,#11045,#11046,#11047,#11048,#11049,#11050,#11051,#11052,#11053,#11054,#11055,#11056,#11057,#11058,#11059,#11060,#11061,#11062,#11063,#11064,#11065,#11066,#11067,#11068,#11069,#11070,#11071,#11072,#11073,#11074,#11075,#11076,#11077,#11078,#11079,#11080,#11081,#11082,#11083,#11084,#11085,#11086,#11087,#11088,#11089,#11090,#11091,#11092,#11093,#11094,#11095,#11096,#11097,#11098,#11099,#11100,#11101,#11102,#11103,#11104,#11105,#11106,#11107,#11108,#11109,#11110,#11111,#11112,#11113,#11114,#11115,#11116,#11117,#11118,#11119,#11120,#11121,#11122,#11123,#11124,#11125,#11126,#11127,#11128,#11129,#11130,#11131,#11132,#11133,#11134,#11135,#11136,#11137,#11138,#11139,#11140,#11141,#11142,#11143,#11144,#11145,#11146,#11147,#11148,#11149,#11150,#11151,#11152,#11153,#11154,#11155,#11156,#11157,#11158,#11159,#11160,#11161,#11162,#11163,#11164,#11165,#11166,#11167,#11168,#11169,#11170,#11171,#11172,#11173,#11174,#11175,#11176,#11177,#11178,#11179,#11180,#11181,#11182,#11183,#11184,#11185,#11186,#11187,#11188,#11189,#11190,#11191,#11192,#11193,#11194,#11195,#11196,#11197,#11198,#11199,#11200,#11201,#11202,#11203,#11204,#11205,#11206,#11207,#11208,#11209,#11210,#11211,#11212,#11213,#11214,#11215,#11216,#11217,#11218,#11219,#11220,#11221,#11222,#11223,#11224,#11225,#11226,#11227,#11228,#11229,#11230,#11231,#11232,#11233,#11234,#11235,#11236,#11237,#11238,#11239,#11240,#11241,#11242,#11243,#11244,#11245,#11246,#11247,#11248,#11249,#11250,#11251,#11252,#11253,#11254,#11255,#11256,#11257,#11258,#11259,#11260,#11261,#11262,#11263,#11264,#11265,#11266,#11267,#11268,#11269,#11270,#11271,#11272,#11273,#11274,#11275,#11276,#11277,#11278,#11279,#11280,#11281,#11282,#11283,#11284,#11285,#11286,#11287,#11288,#11289,#11290,#11291,#11292,#11293,#11294,#11295,#11296,#11297,#11298,#11299,#11300,#11301,#11302,#11303,#11304,#11305,#11306,#11307,#11308,#11309,#11310,#11311,#11312,#11313,#11314,#11315,#11316,#11317,#11318,#11319,#11320,#11321,#11322,#11323,#11324,#11325,#11326,#11327,#11328,#11329,#11330,#11331,#11332,#11333,#11334,#11335,#11336,#11337,#11338,#11339,#11340,#11341,#11342,#11343,#11344,#11345,#11346,#11347,#11348,#11349,#11350,#11351,#11352,#11353,#11354,#11355,#11356,#11357,#11358,#11359,#11360,#11361,#11362,#11363,#11364,#11365,#11366,#11367,#11368,#11369,#11370,#11371,#11372,#11373,#11374,#11375,#11376,#11377,#11378,#11379,#11380,#11381,#11382,#11383,#11384,#11385,#11386,#11387,#11388,#11389,#11390,#11391,#11392,#11393,#11394,#11395,#11396,#11397,#11398,#11399,#11400,#11401,#11402,#11403,#11404,#11405,#11406,#11407,#11408,#11409,#11410,#11411,#11412,#11413,#11414,#11415,#11416,#11417,#11418,#11419,#11420,#11421,#11422,#11423,#11424,#11425,#11426,#11427,#11428,#11429,#11430,#11431,#11432,#11433,#11434,#11435,#11436,#11437,#11438,#11439,#11440,#11441,#11442,#11998,#12000,#12006,#12008,#12013,#12018,#12024,#12026,#12032,#12034,#12039,#12044,#12046,#12052,#12054,#12060,#12062,#12066,#12068,#12070,#12076,#12078,#12084,#12086,#12090,#12096,#12098,#12103,#12108,#12111,#12114,#12116,#12119,#12120,#12122,#12124,#12126,#12128,#12130,#12132,#12134,#12136,#12138,#12140,#12142,#12145,#12146,#12148,#12150,#12152,#12154,#12157,#12158,#12160,#12162,#12164,#12166,#12168,#12170,#12173,#12174,#12176,#12178,#12180,#12183,#12184,#12186,#12188,#12190,#12192,#12195,#12196,#12198,#12200,#12202,#12204,#12207,#12208,#12210,#12212,#12214,#12216,#12218,#12221,#12222,#12224,#12226,#12228,#12230,#12233,#12234,#12236,#12238,#12240,#12243,#12244,#12246,#12248,#12250,#12252,#12254,#12256,#12259,#12260,#12262,#12264,#12266,#12268,#12271,#12272,#12274,#12276,#12278,#12281,#12284,#12286,#12288,#12290,#12292,#12294,#12296,#12298,#12300,#12302,#12304,#12306,#12308,#12310,#12312,#12314,#12316,#12318,#12320,#12322,#12324,#12326,#12328,#12330,#12332,#12334,#12336,#12338,#12340,#12342,#12344,#12346,#12348,#12350,#12353,#12354,#12356,#12358,#12360,#12362,#12365,#12367,#12370,#12373,#12376,#12379,#12383,#12384,#12388,#12391,#12394,#12397,#12401,#12402,#12404,#12406,#12409,#12411,#12414,#12416,#12419,#12421,#12424,#12426,#12431,#12432,#12436,#12437,#12441,#12445,#12449,#12451,#12454,#12455,#12459,#12461,#12464,#12467,#12469,#12472,#12473,#12475,#12477,#12480,#12482,#12485,#12486,#12488,#12490,#12492,#12494,#12497,#12500,#12502,#12505,#12506,#12509,#12512,#12513,#12517,#12518,#12521,#12523,#12526,#12528,#12531,#12532,#12534,#12536,#12538,#12541,#12543,#12547,#12549,#12552,#12555,#12560,#12562,#12565,#12568,#12570,#12572,#12577,#12578,#12580,#12582,#12585,#12586,#12588,#12590,#12593,#12595,#12597,#12600,#12602,#12604,#12607,#12610,#12613,#12615,#12617,#12621,#12623,#12626,#12628,#12633,#12635,#12639,#12652,#12657,#12659,#12662,#12665,#12667,#12669,#12672,#12676,#12679,#12682,#12683,#12685,#12689,#12691,#12694,#12695,#12701,#12706,#12708,#12711,#12713,#12715,#12720,#12724,#12725,#12727,#12731,#12733,#12735,#12738,#12739,#12742,#12746,#12750,#12751,#12753,#12755,#12758,#12760,#12763,#12765,#12771,#12774,#12776,#12780,#12790,#12792,#12795,#12800,#12802,#12808,#12809,#12811,#12813,#12816,#12818,#12821,#12823,#12826,#12828,#12831,#12833,#12838,#12839,#12843,#12846,#12849,#12852,#12856,#12857,#12859,#12861,#12864,#12866,#12869,#12871,#12874,#12876,#12879,#12881,#12886,#12887,#12891,#12894,#12897,#12900,#12904,#12905,#12907,#12909,#12912,#12913,#12915,#12917,#12920,#12922,#12925,#12926,#12928,#12932,#12935,#12939,#12942,#12947,#12952,#12954,#12957,#12960,#12963,#12966,#12969,#12972,#12975,#12978,#12981,#12984,#12987,#12991,#12993,#12996,#12999,#13002,#13005,#13009,#13010,#13012,#13014,#13017,#13018,#13020,#13022,#13025,#13026,#13028,#13030,#13033,#13035,#13040,#13042,#13046,#13048,#13051,#13053,#13055,#13057,#13060,#13061,#13063,#13065,#13068,#13070,#13073,#13075,#13078,#13081,#13083,#13088,#13092,#13094,#13097,#13099,#13102,#13104,#13107,#13110,#13116,#13118,#13121,#13124,#13127,#13131,#13133,#13136,#13137,#13139,#13141,#13149,#13151,#13154,#13157,#13160,#13162,#13167,#13169,#13172,#13174,#13177,#13180,#13184,#13188,#13190,#13193,#13196,#13204,#13207,#13212,#13215,#13218,#13220,#13225,#13228,#13235,#13237,#13240,#13242,#13244,#13246,#13253,#13255,#13258,#13261,#13264,#13268,#13270,#13273,#13276,#13279,#13282,#13285,#13287,#13292,#13295,#13297,#13300,#13303,#13306,#13309,#13312,#13316,#13318,#13321,#13324,#13330,#13332,#13335,#13337,#13340,#13343,#13346,#13349,#13350,#13354,#13357,#13359,#13364));
ENDSEC;
END-ISO-10303-21;
