ISO-10303-21;
HEADER;
FILE_DESCRIPTION((''),'2;1');
FILE_NAME('874270802','2013-07-16T',('me'),(''),
'PRO/ENGINEER BY PARAMETRIC TECHNOLOGY CORPORATION, 2011490',
'PRO/ENGINEER BY PARAMETRIC TECHNOLOGY CORPORATION, 2011490','');
FILE_SCHEMA(('CONFIG_CONTROL_DESIGN'));
ENDSEC;
DATA;
#1=DIRECTION('',(0.E0,-1.E0,0.E0));
#2=VECTOR('',#1,3.6E0);
#3=CARTESIAN_POINT('',(4.4E0,4.9E0,0.E0));
#4=LINE('',#3,#2);
#5=DIRECTION('',(1.E0,0.E0,0.E0));
#6=VECTOR('',#5,3.8E0);
#7=CARTESIAN_POINT('',(4.4E0,1.3E0,0.E0));
#8=LINE('',#7,#6);
#9=DIRECTION('',(0.E0,1.E0,0.E0));
#10=VECTOR('',#9,3.6E0);
#11=CARTESIAN_POINT('',(8.2E0,1.3E0,0.E0));
#12=LINE('',#11,#10);
#13=DIRECTION('',(-1.E0,0.E0,0.E0));
#14=VECTOR('',#13,3.8E0);
#15=CARTESIAN_POINT('',(8.2E0,4.9E0,0.E0));
#16=LINE('',#15,#14);
#17=DIRECTION('',(0.E0,-1.E0,0.E0));
#18=VECTOR('',#17,2.8E0);
#19=CARTESIAN_POINT('',(4.4E0,9.1E0,0.E0));
#20=LINE('',#19,#18);
#21=DIRECTION('',(7.071067811865E-1,-7.071067811865E-1,0.E0));
#22=VECTOR('',#21,1.131370849898E0);
#23=CARTESIAN_POINT('',(4.4E0,6.3E0,0.E0));
#24=LINE('',#23,#22);
#25=DIRECTION('',(1.E0,0.E0,0.E0));
#26=VECTOR('',#25,2.2E0);
#27=CARTESIAN_POINT('',(5.2E0,5.5E0,0.E0));
#28=LINE('',#27,#26);
#29=DIRECTION('',(7.071067811865E-1,7.071067811865E-1,0.E0));
#30=VECTOR('',#29,1.131370849898E0);
#31=CARTESIAN_POINT('',(7.4E0,5.5E0,0.E0));
#32=LINE('',#31,#30);
#33=DIRECTION('',(0.E0,1.E0,0.E0));
#34=VECTOR('',#33,2.8E0);
#35=CARTESIAN_POINT('',(8.2E0,6.3E0,0.E0));
#36=LINE('',#35,#34);
#37=DIRECTION('',(-1.E0,0.E0,0.E0));
#38=VECTOR('',#37,3.8E0);
#39=CARTESIAN_POINT('',(8.2E0,9.1E0,0.E0));
#40=LINE('',#39,#38);
#41=DIRECTION('',(0.E0,-1.E0,0.E0));
#42=VECTOR('',#41,3.6E0);
#43=CARTESIAN_POINT('',(-8.2E0,4.9E0,0.E0));
#44=LINE('',#43,#42);
#45=DIRECTION('',(1.E0,0.E0,0.E0));
#46=VECTOR('',#45,3.8E0);
#47=CARTESIAN_POINT('',(-8.2E0,1.3E0,0.E0));
#48=LINE('',#47,#46);
#49=DIRECTION('',(0.E0,1.E0,0.E0));
#50=VECTOR('',#49,3.6E0);
#51=CARTESIAN_POINT('',(-4.4E0,1.3E0,0.E0));
#52=LINE('',#51,#50);
#53=DIRECTION('',(-1.E0,0.E0,0.E0));
#54=VECTOR('',#53,3.8E0);
#55=CARTESIAN_POINT('',(-4.4E0,4.9E0,0.E0));
#56=LINE('',#55,#54);
#57=DIRECTION('',(0.E0,-1.E0,0.E0));
#58=VECTOR('',#57,2.8E0);
#59=CARTESIAN_POINT('',(-8.2E0,9.1E0,0.E0));
#60=LINE('',#59,#58);
#61=DIRECTION('',(7.071067811865E-1,-7.071067811865E-1,0.E0));
#62=VECTOR('',#61,1.131370849898E0);
#63=CARTESIAN_POINT('',(-8.2E0,6.3E0,0.E0));
#64=LINE('',#63,#62);
#65=DIRECTION('',(1.E0,0.E0,0.E0));
#66=VECTOR('',#65,2.2E0);
#67=CARTESIAN_POINT('',(-7.4E0,5.5E0,0.E0));
#68=LINE('',#67,#66);
#69=DIRECTION('',(7.071067811865E-1,7.071067811865E-1,0.E0));
#70=VECTOR('',#69,1.131370849898E0);
#71=CARTESIAN_POINT('',(-5.2E0,5.5E0,0.E0));
#72=LINE('',#71,#70);
#73=DIRECTION('',(0.E0,1.E0,0.E0));
#74=VECTOR('',#73,2.8E0);
#75=CARTESIAN_POINT('',(-4.4E0,6.3E0,0.E0));
#76=LINE('',#75,#74);
#77=DIRECTION('',(-1.E0,0.E0,0.E0));
#78=VECTOR('',#77,3.8E0);
#79=CARTESIAN_POINT('',(-4.4E0,9.1E0,0.E0));
#80=LINE('',#79,#78);
#81=DIRECTION('',(0.E0,-1.E0,0.E0));
#82=VECTOR('',#81,2.8E0);
#83=CARTESIAN_POINT('',(-4.E0,4.9E0,0.E0));
#84=LINE('',#83,#82);
#85=DIRECTION('',(7.071067811865E-1,-7.071067811865E-1,0.E0));
#86=VECTOR('',#85,1.131370849898E0);
#87=CARTESIAN_POINT('',(-4.E0,2.1E0,0.E0));
#88=LINE('',#87,#86);
#89=DIRECTION('',(1.E0,0.E0,0.E0));
#90=VECTOR('',#89,2.2E0);
#91=CARTESIAN_POINT('',(-3.2E0,1.3E0,0.E0));
#92=LINE('',#91,#90);
#93=DIRECTION('',(7.071067811865E-1,7.071067811865E-1,0.E0));
#94=VECTOR('',#93,1.131370849898E0);
#95=CARTESIAN_POINT('',(-1.E0,1.3E0,0.E0));
#96=LINE('',#95,#94);
#97=DIRECTION('',(0.E0,1.E0,0.E0));
#98=VECTOR('',#97,2.8E0);
#99=CARTESIAN_POINT('',(-2.E-1,2.1E0,0.E0));
#100=LINE('',#99,#98);
#101=DIRECTION('',(-1.E0,0.E0,0.E0));
#102=VECTOR('',#101,3.8E0);
#103=CARTESIAN_POINT('',(-2.E-1,4.9E0,0.E0));
#104=LINE('',#103,#102);
#105=DIRECTION('',(0.E0,-1.E0,0.E0));
#106=VECTOR('',#105,3.6E0);
#107=CARTESIAN_POINT('',(-4.E0,9.1E0,0.E0));
#108=LINE('',#107,#106);
#109=DIRECTION('',(1.E0,0.E0,0.E0));
#110=VECTOR('',#109,3.8E0);
#111=CARTESIAN_POINT('',(-4.E0,5.5E0,0.E0));
#112=LINE('',#111,#110);
#113=DIRECTION('',(0.E0,1.E0,0.E0));
#114=VECTOR('',#113,3.6E0);
#115=CARTESIAN_POINT('',(-2.E-1,5.5E0,0.E0));
#116=LINE('',#115,#114);
#117=DIRECTION('',(-1.E0,0.E0,0.E0));
#118=VECTOR('',#117,3.8E0);
#119=CARTESIAN_POINT('',(-2.E-1,9.1E0,0.E0));
#120=LINE('',#119,#118);
#121=DIRECTION('',(0.E0,-1.E0,0.E0));
#122=VECTOR('',#121,3.E0);
#123=CARTESIAN_POINT('',(2.E-1,4.9E0,0.E0));
#124=LINE('',#123,#122);
#125=DIRECTION('',(7.071067811865E-1,-7.071067811865E-1,0.E0));
#126=VECTOR('',#125,1.131370849898E0);
#127=CARTESIAN_POINT('',(2.E-1,1.9E0,0.E0));
#128=LINE('',#127,#126);
#129=DIRECTION('',(1.E0,0.E0,0.E0));
#130=VECTOR('',#129,2.2E0);
#131=CARTESIAN_POINT('',(1.E0,1.1E0,0.E0));
#132=LINE('',#131,#130);
#133=DIRECTION('',(7.071067811865E-1,7.071067811865E-1,0.E0));
#134=VECTOR('',#133,1.131370849898E0);
#135=CARTESIAN_POINT('',(3.2E0,1.1E0,0.E0));
#136=LINE('',#135,#134);
#137=DIRECTION('',(0.E0,1.E0,0.E0));
#138=VECTOR('',#137,3.E0);
#139=CARTESIAN_POINT('',(4.E0,1.9E0,0.E0));
#140=LINE('',#139,#138);
#141=DIRECTION('',(-1.E0,0.E0,0.E0));
#142=VECTOR('',#141,3.8E0);
#143=CARTESIAN_POINT('',(4.E0,4.9E0,0.E0));
#144=LINE('',#143,#142);
#145=DIRECTION('',(0.E0,-1.E0,0.E0));
#146=VECTOR('',#145,3.6E0);
#147=CARTESIAN_POINT('',(2.E-1,9.1E0,0.E0));
#148=LINE('',#147,#146);
#149=DIRECTION('',(1.E0,0.E0,0.E0));
#150=VECTOR('',#149,3.8E0);
#151=CARTESIAN_POINT('',(2.E-1,5.5E0,0.E0));
#152=LINE('',#151,#150);
#153=DIRECTION('',(0.E0,1.E0,0.E0));
#154=VECTOR('',#153,3.6E0);
#155=CARTESIAN_POINT('',(4.E0,5.5E0,0.E0));
#156=LINE('',#155,#154);
#157=DIRECTION('',(-1.E0,0.E0,0.E0));
#158=VECTOR('',#157,3.8E0);
#159=CARTESIAN_POINT('',(4.E0,9.1E0,0.E0));
#160=LINE('',#159,#158);
#161=DIRECTION('',(-1.E0,0.E0,0.E0));
#162=VECTOR('',#161,1.74E1);
#163=CARTESIAN_POINT('',(8.7E0,4.E-1,0.E0));
#164=LINE('',#163,#162);
#165=DIRECTION('',(0.E0,1.E0,0.E0));
#166=VECTOR('',#165,9.E0);
#167=CARTESIAN_POINT('',(-9.E0,7.E-1,0.E0));
#168=LINE('',#167,#166);
#169=DIRECTION('',(1.E0,0.E0,0.E0));
#170=VECTOR('',#169,7.E0);
#171=CARTESIAN_POINT('',(-8.7E0,1.E1,0.E0));
#172=LINE('',#171,#170);
#173=DIRECTION('',(1.E0,0.E0,0.E0));
#174=VECTOR('',#173,3.4E0);
#175=CARTESIAN_POINT('',(-1.7E0,1.E1,0.E0));
#176=LINE('',#175,#174);
#177=DIRECTION('',(1.E0,0.E0,0.E0));
#178=VECTOR('',#177,7.E0);
#179=CARTESIAN_POINT('',(1.7E0,1.E1,0.E0));
#180=LINE('',#179,#178);
#181=DIRECTION('',(0.E0,-1.E0,0.E0));
#182=VECTOR('',#181,6.6E0);
#183=CARTESIAN_POINT('',(9.E0,9.7E0,0.E0));
#184=LINE('',#183,#182);
#185=CARTESIAN_POINT('',(9.E0,2.7E0,0.E0));
#186=DIRECTION('',(0.E0,0.E0,-1.E0));
#187=DIRECTION('',(0.E0,1.E0,0.E0));
#188=AXIS2_PLACEMENT_3D('',#185,#186,#187);
#190=DIRECTION('',(0.E0,-1.E0,0.E0));
#191=VECTOR('',#190,1.6E0);
#192=CARTESIAN_POINT('',(9.E0,2.3E0,0.E0));
#193=LINE('',#192,#191);
#194=DIRECTION('',(0.E0,0.E0,-1.E0));
#195=VECTOR('',#194,1.E1);
#196=CARTESIAN_POINT('',(4.4E0,4.9E0,0.E0));
#197=LINE('',#196,#195);
#198=DIRECTION('',(0.E0,0.E0,-1.E0));
#199=VECTOR('',#198,1.E1);
#200=CARTESIAN_POINT('',(8.2E0,4.9E0,0.E0));
#201=LINE('',#200,#199);
#202=DIRECTION('',(0.E0,0.E0,-1.E0));
#203=VECTOR('',#202,1.E1);
#204=CARTESIAN_POINT('',(8.2E0,1.3E0,0.E0));
#205=LINE('',#204,#203);
#206=DIRECTION('',(0.E0,0.E0,-1.E0));
#207=VECTOR('',#206,1.E1);
#208=CARTESIAN_POINT('',(4.4E0,1.3E0,0.E0));
#209=LINE('',#208,#207);
#210=DIRECTION('',(0.E0,-1.E0,0.E0));
#211=VECTOR('',#210,3.6E0);
#212=CARTESIAN_POINT('',(4.4E0,4.9E0,-1.E1));
#213=LINE('',#212,#211);
#214=DIRECTION('',(-1.E0,0.E0,0.E0));
#215=VECTOR('',#214,3.8E0);
#216=CARTESIAN_POINT('',(8.2E0,4.9E0,-1.E1));
#217=LINE('',#216,#215);
#218=DIRECTION('',(0.E0,1.E0,0.E0));
#219=VECTOR('',#218,3.6E0);
#220=CARTESIAN_POINT('',(8.2E0,1.3E0,-1.E1));
#221=LINE('',#220,#219);
#222=DIRECTION('',(1.E0,0.E0,0.E0));
#223=VECTOR('',#222,3.8E0);
#224=CARTESIAN_POINT('',(4.4E0,1.3E0,-1.E1));
#225=LINE('',#224,#223);
#226=DIRECTION('',(0.E0,-1.E0,0.E0));
#227=VECTOR('',#226,2.8E0);
#228=CARTESIAN_POINT('',(4.4E0,9.1E0,-1.E1));
#229=LINE('',#228,#227);
#230=DIRECTION('',(-1.E0,0.E0,0.E0));
#231=VECTOR('',#230,3.8E0);
#232=CARTESIAN_POINT('',(8.2E0,9.1E0,-1.E1));
#233=LINE('',#232,#231);
#234=DIRECTION('',(0.E0,1.E0,0.E0));
#235=VECTOR('',#234,2.8E0);
#236=CARTESIAN_POINT('',(8.2E0,6.3E0,-1.E1));
#237=LINE('',#236,#235);
#238=DIRECTION('',(7.071067811865E-1,7.071067811865E-1,0.E0));
#239=VECTOR('',#238,1.131370849898E0);
#240=CARTESIAN_POINT('',(7.4E0,5.5E0,-1.E1));
#241=LINE('',#240,#239);
#242=DIRECTION('',(1.E0,0.E0,0.E0));
#243=VECTOR('',#242,2.2E0);
#244=CARTESIAN_POINT('',(5.2E0,5.5E0,-1.E1));
#245=LINE('',#244,#243);
#246=DIRECTION('',(7.071067811865E-1,-7.071067811865E-1,0.E0));
#247=VECTOR('',#246,1.131370849898E0);
#248=CARTESIAN_POINT('',(4.4E0,6.3E0,-1.E1));
#249=LINE('',#248,#247);
#250=DIRECTION('',(0.E0,1.E0,0.E0));
#251=VECTOR('',#250,1.07E0);
#252=CARTESIAN_POINT('',(6.835E0,6.965E0,-1.E1));
#253=LINE('',#252,#251);
#254=DIRECTION('',(-1.E0,0.E0,0.E0));
#255=VECTOR('',#254,1.07E0);
#256=CARTESIAN_POINT('',(6.835E0,8.035E0,-1.E1));
#257=LINE('',#256,#255);
#258=DIRECTION('',(0.E0,1.E0,0.E0));
#259=VECTOR('',#258,1.07E0);
#260=CARTESIAN_POINT('',(5.765E0,6.965E0,-1.E1));
#261=LINE('',#260,#259);
#262=DIRECTION('',(-1.E0,0.E0,0.E0));
#263=VECTOR('',#262,1.07E0);
#264=CARTESIAN_POINT('',(6.835E0,6.965E0,-1.E1));
#265=LINE('',#264,#263);
#266=DIRECTION('',(0.E0,1.E0,0.E0));
#267=VECTOR('',#266,1.07E0);
#268=CARTESIAN_POINT('',(6.835E0,2.765E0,-1.E1));
#269=LINE('',#268,#267);
#270=DIRECTION('',(-1.E0,0.E0,0.E0));
#271=VECTOR('',#270,1.07E0);
#272=CARTESIAN_POINT('',(6.835E0,3.835E0,-1.E1));
#273=LINE('',#272,#271);
#274=DIRECTION('',(0.E0,1.E0,0.E0));
#275=VECTOR('',#274,1.07E0);
#276=CARTESIAN_POINT('',(5.765E0,2.765E0,-1.E1));
#277=LINE('',#276,#275);
#278=DIRECTION('',(-1.E0,0.E0,0.E0));
#279=VECTOR('',#278,1.07E0);
#280=CARTESIAN_POINT('',(6.835E0,2.765E0,-1.E1));
#281=LINE('',#280,#279);
#282=DIRECTION('',(0.E0,0.E0,-1.E0));
#283=VECTOR('',#282,1.E1);
#284=CARTESIAN_POINT('',(4.4E0,9.1E0,0.E0));
#285=LINE('',#284,#283);
#286=DIRECTION('',(0.E0,0.E0,-1.E0));
#287=VECTOR('',#286,1.E1);
#288=CARTESIAN_POINT('',(8.2E0,9.1E0,0.E0));
#289=LINE('',#288,#287);
#290=DIRECTION('',(0.E0,0.E0,-1.E0));
#291=VECTOR('',#290,1.E1);
#292=CARTESIAN_POINT('',(8.2E0,6.3E0,0.E0));
#293=LINE('',#292,#291);
#294=DIRECTION('',(0.E0,0.E0,-1.E0));
#295=VECTOR('',#294,1.E1);
#296=CARTESIAN_POINT('',(7.4E0,5.5E0,0.E0));
#297=LINE('',#296,#295);
#298=DIRECTION('',(0.E0,0.E0,-1.E0));
#299=VECTOR('',#298,1.E1);
#300=CARTESIAN_POINT('',(5.2E0,5.5E0,0.E0));
#301=LINE('',#300,#299);
#302=DIRECTION('',(0.E0,0.E0,-1.E0));
#303=VECTOR('',#302,1.E1);
#304=CARTESIAN_POINT('',(4.4E0,6.3E0,0.E0));
#305=LINE('',#304,#303);
#306=DIRECTION('',(0.E0,0.E0,-1.E0));
#307=VECTOR('',#306,5.565E0);
#308=CARTESIAN_POINT('',(6.835E0,8.035E0,-1.28E1));
#309=LINE('',#308,#307);
#310=CARTESIAN_POINT('',(6.835E0,6.465E0,-1.8365E1));
#311=DIRECTION('',(-1.E0,0.E0,0.E0));
#312=DIRECTION('',(0.E0,1.E0,0.E0));
#313=AXIS2_PLACEMENT_3D('',#310,#311,#312);
#315=DIRECTION('',(0.E0,-1.E0,0.E0));
#316=VECTOR('',#315,9.765E0);
#317=CARTESIAN_POINT('',(6.835E0,6.465E0,-1.9935E1));
#318=LINE('',#317,#316);
#319=DIRECTION('',(0.E0,0.E0,1.E0));
#320=VECTOR('',#319,1.07E0);
#321=CARTESIAN_POINT('',(6.835E0,-3.3E0,-1.9935E1));
#322=LINE('',#321,#320);
#323=DIRECTION('',(0.E0,1.E0,0.E0));
#324=VECTOR('',#323,9.765E0);
#325=CARTESIAN_POINT('',(6.835E0,-3.3E0,-1.8865E1));
#326=LINE('',#325,#324);
#327=CARTESIAN_POINT('',(6.835E0,6.465E0,-1.8365E1));
#328=DIRECTION('',(1.E0,0.E0,0.E0));
#329=DIRECTION('',(0.E0,0.E0,-1.E0));
#330=AXIS2_PLACEMENT_3D('',#327,#328,#329);
#332=DIRECTION('',(0.E0,0.E0,1.E0));
#333=VECTOR('',#332,5.565E0);
#334=CARTESIAN_POINT('',(6.835E0,6.965E0,-1.8365E1));
#335=LINE('',#334,#333);
#336=DIRECTION('',(0.E0,0.E0,1.E0));
#337=VECTOR('',#336,5.3E0);
#338=CARTESIAN_POINT('',(6.835E0,6.965E0,-1.E1));
#339=LINE('',#338,#337);
#340=DIRECTION('',(0.E0,1.E0,0.E0));
#341=VECTOR('',#340,1.07E0);
#342=CARTESIAN_POINT('',(6.835E0,6.965E0,-4.7E0));
#343=LINE('',#342,#341);
#344=DIRECTION('',(0.E0,0.E0,-1.E0));
#345=VECTOR('',#344,5.3E0);
#346=CARTESIAN_POINT('',(6.835E0,8.035E0,-4.7E0));
#347=LINE('',#346,#345);
#348=DIRECTION('',(0.E0,1.E0,0.E0));
#349=VECTOR('',#348,1.07E0);
#350=CARTESIAN_POINT('',(6.835E0,6.965E0,-1.28E1));
#351=LINE('',#350,#349);
#352=DIRECTION('',(-1.E0,0.E0,0.E0));
#353=VECTOR('',#352,1.07E0);
#354=CARTESIAN_POINT('',(6.835E0,6.965E0,-1.28E1));
#355=LINE('',#354,#353);
#356=DIRECTION('',(0.E0,1.E0,0.E0));
#357=VECTOR('',#356,1.07E0);
#358=CARTESIAN_POINT('',(5.765E0,6.965E0,-1.28E1));
#359=LINE('',#358,#357);
#360=DIRECTION('',(-1.E0,0.E0,0.E0));
#361=VECTOR('',#360,1.07E0);
#362=CARTESIAN_POINT('',(6.835E0,8.035E0,-1.28E1));
#363=LINE('',#362,#361);
#364=DIRECTION('',(0.E0,1.E0,0.E0));
#365=VECTOR('',#364,1.07E0);
#366=CARTESIAN_POINT('',(2.635E0,6.965E0,-1.28E1));
#367=LINE('',#366,#365);
#368=DIRECTION('',(-1.E0,0.E0,0.E0));
#369=VECTOR('',#368,1.07E0);
#370=CARTESIAN_POINT('',(2.635E0,6.965E0,-1.28E1));
#371=LINE('',#370,#369);
#372=DIRECTION('',(0.E0,1.E0,0.E0));
#373=VECTOR('',#372,1.07E0);
#374=CARTESIAN_POINT('',(1.565E0,6.965E0,-1.28E1));
#375=LINE('',#374,#373);
#376=DIRECTION('',(-1.E0,0.E0,0.E0));
#377=VECTOR('',#376,1.07E0);
#378=CARTESIAN_POINT('',(2.635E0,8.035E0,-1.28E1));
#379=LINE('',#378,#377);
#380=DIRECTION('',(0.E0,1.E0,0.E0));
#381=VECTOR('',#380,1.07E0);
#382=CARTESIAN_POINT('',(-1.565E0,6.965E0,-1.28E1));
#383=LINE('',#382,#381);
#384=DIRECTION('',(-1.E0,0.E0,0.E0));
#385=VECTOR('',#384,1.07E0);
#386=CARTESIAN_POINT('',(-1.565E0,6.965E0,-1.28E1));
#387=LINE('',#386,#385);
#388=DIRECTION('',(0.E0,1.E0,0.E0));
#389=VECTOR('',#388,1.07E0);
#390=CARTESIAN_POINT('',(-2.635E0,6.965E0,-1.28E1));
#391=LINE('',#390,#389);
#392=DIRECTION('',(-1.E0,0.E0,0.E0));
#393=VECTOR('',#392,1.07E0);
#394=CARTESIAN_POINT('',(-1.565E0,8.035E0,-1.28E1));
#395=LINE('',#394,#393);
#396=DIRECTION('',(0.E0,1.E0,0.E0));
#397=VECTOR('',#396,1.07E0);
#398=CARTESIAN_POINT('',(-5.765E0,6.965E0,-1.28E1));
#399=LINE('',#398,#397);
#400=DIRECTION('',(-1.E0,0.E0,0.E0));
#401=VECTOR('',#400,1.07E0);
#402=CARTESIAN_POINT('',(-5.765E0,6.965E0,-1.28E1));
#403=LINE('',#402,#401);
#404=DIRECTION('',(0.E0,1.E0,0.E0));
#405=VECTOR('',#404,1.07E0);
#406=CARTESIAN_POINT('',(-6.835E0,6.965E0,-1.28E1));
#407=LINE('',#406,#405);
#408=DIRECTION('',(-1.E0,0.E0,0.E0));
#409=VECTOR('',#408,1.07E0);
#410=CARTESIAN_POINT('',(-5.765E0,8.035E0,-1.28E1));
#411=LINE('',#410,#409);
#412=DIRECTION('',(0.E0,1.E0,0.E0));
#413=VECTOR('',#412,1.07E0);
#414=CARTESIAN_POINT('',(6.835E0,2.765E0,-1.28E1));
#415=LINE('',#414,#413);
#416=DIRECTION('',(-1.E0,0.E0,0.E0));
#417=VECTOR('',#416,1.07E0);
#418=CARTESIAN_POINT('',(6.835E0,2.765E0,-1.28E1));
#419=LINE('',#418,#417);
#420=DIRECTION('',(0.E0,1.E0,0.E0));
#421=VECTOR('',#420,1.07E0);
#422=CARTESIAN_POINT('',(5.765E0,2.765E0,-1.28E1));
#423=LINE('',#422,#421);
#424=DIRECTION('',(-1.E0,0.E0,0.E0));
#425=VECTOR('',#424,1.07E0);
#426=CARTESIAN_POINT('',(6.835E0,3.835E0,-1.28E1));
#427=LINE('',#426,#425);
#428=DIRECTION('',(0.E0,1.E0,0.E0));
#429=VECTOR('',#428,1.07E0);
#430=CARTESIAN_POINT('',(2.635E0,2.765E0,-1.28E1));
#431=LINE('',#430,#429);
#432=DIRECTION('',(-1.E0,0.E0,0.E0));
#433=VECTOR('',#432,1.07E0);
#434=CARTESIAN_POINT('',(2.635E0,2.765E0,-1.28E1));
#435=LINE('',#434,#433);
#436=DIRECTION('',(0.E0,1.E0,0.E0));
#437=VECTOR('',#436,1.07E0);
#438=CARTESIAN_POINT('',(1.565E0,2.765E0,-1.28E1));
#439=LINE('',#438,#437);
#440=DIRECTION('',(-1.E0,0.E0,0.E0));
#441=VECTOR('',#440,1.07E0);
#442=CARTESIAN_POINT('',(2.635E0,3.835E0,-1.28E1));
#443=LINE('',#442,#441);
#444=DIRECTION('',(0.E0,1.E0,0.E0));
#445=VECTOR('',#444,1.07E0);
#446=CARTESIAN_POINT('',(-1.565E0,2.765E0,-1.28E1));
#447=LINE('',#446,#445);
#448=DIRECTION('',(-1.E0,0.E0,0.E0));
#449=VECTOR('',#448,1.07E0);
#450=CARTESIAN_POINT('',(-1.565E0,2.765E0,-1.28E1));
#451=LINE('',#450,#449);
#452=DIRECTION('',(0.E0,1.E0,0.E0));
#453=VECTOR('',#452,1.07E0);
#454=CARTESIAN_POINT('',(-2.635E0,2.765E0,-1.28E1));
#455=LINE('',#454,#453);
#456=DIRECTION('',(-1.E0,0.E0,0.E0));
#457=VECTOR('',#456,1.07E0);
#458=CARTESIAN_POINT('',(-1.565E0,3.835E0,-1.28E1));
#459=LINE('',#458,#457);
#460=DIRECTION('',(0.E0,1.E0,0.E0));
#461=VECTOR('',#460,1.07E0);
#462=CARTESIAN_POINT('',(-5.765E0,2.765E0,-1.28E1));
#463=LINE('',#462,#461);
#464=DIRECTION('',(-1.E0,0.E0,0.E0));
#465=VECTOR('',#464,1.07E0);
#466=CARTESIAN_POINT('',(-5.765E0,2.765E0,-1.28E1));
#467=LINE('',#466,#465);
#468=DIRECTION('',(0.E0,1.E0,0.E0));
#469=VECTOR('',#468,1.07E0);
#470=CARTESIAN_POINT('',(-6.835E0,2.765E0,-1.28E1));
#471=LINE('',#470,#469);
#472=DIRECTION('',(-1.E0,0.E0,0.E0));
#473=VECTOR('',#472,1.07E0);
#474=CARTESIAN_POINT('',(-5.765E0,3.835E0,-1.28E1));
#475=LINE('',#474,#473);
#476=DIRECTION('',(1.E0,0.E0,0.E0));
#477=VECTOR('',#476,1.E0);
#478=CARTESIAN_POINT('',(-9.E0,9.E0,-1.28E1));
#479=LINE('',#478,#477);
#480=DIRECTION('',(0.E0,-1.E0,0.E0));
#481=VECTOR('',#480,8.6E0);
#482=CARTESIAN_POINT('',(-8.E0,9.E0,-1.28E1));
#483=LINE('',#482,#481);
#484=DIRECTION('',(-1.E0,0.E0,0.E0));
#485=VECTOR('',#484,1.6E1);
#486=CARTESIAN_POINT('',(8.E0,4.E-1,-1.28E1));
#487=LINE('',#486,#485);
#488=DIRECTION('',(0.E0,1.E0,0.E0));
#489=VECTOR('',#488,8.6E0);
#490=CARTESIAN_POINT('',(8.E0,4.E-1,-1.28E1));
#491=LINE('',#490,#489);
#492=DIRECTION('',(1.E0,0.E0,0.E0));
#493=VECTOR('',#492,1.E0);
#494=CARTESIAN_POINT('',(8.E0,9.E0,-1.28E1));
#495=LINE('',#494,#493);
#496=DIRECTION('',(0.E0,-1.E0,0.E0));
#497=VECTOR('',#496,7.E-1);
#498=CARTESIAN_POINT('',(9.E0,9.7E0,-1.28E1));
#499=LINE('',#498,#497);
#500=DIRECTION('',(1.E0,0.E0,0.E0));
#501=VECTOR('',#500,1.74E1);
#502=CARTESIAN_POINT('',(-8.7E0,1.E1,-1.28E1));
#503=LINE('',#502,#501);
#504=DIRECTION('',(0.E0,1.E0,0.E0));
#505=VECTOR('',#504,7.E-1);
#506=CARTESIAN_POINT('',(-9.E0,9.E0,-1.28E1));
#507=LINE('',#506,#505);
#508=DIRECTION('',(-1.E0,0.E0,0.E0));
#509=VECTOR('',#508,5.E-1);
#510=CARTESIAN_POINT('',(-8.5E0,4.E-1,-1.28E1));
#511=LINE('',#510,#509);
#512=DIRECTION('',(0.E0,1.E0,0.E0));
#513=VECTOR('',#512,1.E0);
#514=CARTESIAN_POINT('',(-9.E0,4.E-1,-1.28E1));
#515=LINE('',#514,#513);
#516=DIRECTION('',(1.E0,0.E0,0.E0));
#517=VECTOR('',#516,6.E-1);
#518=CARTESIAN_POINT('',(-9.6E0,1.4E0,-1.28E1));
#519=LINE('',#518,#517);
#520=DIRECTION('',(0.E0,1.E0,0.E0));
#521=VECTOR('',#520,1.4E0);
#522=CARTESIAN_POINT('',(-9.6E0,0.E0,-1.28E1));
#523=LINE('',#522,#521);
#524=DIRECTION('',(-1.E0,0.E0,0.E0));
#525=VECTOR('',#524,1.1E0);
#526=CARTESIAN_POINT('',(-8.5E0,0.E0,-1.28E1));
#527=LINE('',#526,#525);
#528=DIRECTION('',(0.E0,-1.E0,0.E0));
#529=VECTOR('',#528,4.E-1);
#530=CARTESIAN_POINT('',(-8.5E0,4.E-1,-1.28E1));
#531=LINE('',#530,#529);
#532=DIRECTION('',(0.E0,-1.E0,0.E0));
#533=VECTOR('',#532,8.E-1);
#534=CARTESIAN_POINT('',(9.E0,3.1E0,-1.28E1));
#535=LINE('',#534,#533);
#536=CARTESIAN_POINT('',(9.E0,2.7E0,-1.28E1));
#537=DIRECTION('',(0.E0,0.E0,-1.E0));
#538=DIRECTION('',(0.E0,1.E0,0.E0));
#539=AXIS2_PLACEMENT_3D('',#536,#537,#538);
#541=DIRECTION('',(0.E0,-1.E0,0.E0));
#542=VECTOR('',#541,1.E0);
#543=CARTESIAN_POINT('',(9.E0,1.4E0,-1.28E1));
#544=LINE('',#543,#542);
#545=DIRECTION('',(-1.E0,0.E0,0.E0));
#546=VECTOR('',#545,5.E-1);
#547=CARTESIAN_POINT('',(9.E0,4.E-1,-1.28E1));
#548=LINE('',#547,#546);
#549=DIRECTION('',(0.E0,1.E0,0.E0));
#550=VECTOR('',#549,4.E-1);
#551=CARTESIAN_POINT('',(8.5E0,0.E0,-1.28E1));
#552=LINE('',#551,#550);
#553=DIRECTION('',(-1.E0,0.E0,0.E0));
#554=VECTOR('',#553,1.1E0);
#555=CARTESIAN_POINT('',(9.6E0,0.E0,-1.28E1));
#556=LINE('',#555,#554);
#557=DIRECTION('',(0.E0,-1.E0,0.E0));
#558=VECTOR('',#557,1.4E0);
#559=CARTESIAN_POINT('',(9.6E0,1.4E0,-1.28E1));
#560=LINE('',#559,#558);
#561=DIRECTION('',(1.E0,0.E0,0.E0));
#562=VECTOR('',#561,6.E-1);
#563=CARTESIAN_POINT('',(9.E0,1.4E0,-1.28E1));
#564=LINE('',#563,#562);
#565=DIRECTION('',(-1.E0,0.E0,0.E0));
#566=VECTOR('',#565,1.07E0);
#567=CARTESIAN_POINT('',(6.835E0,6.965E0,-1.8365E1));
#568=LINE('',#567,#566);
#569=DIRECTION('',(-1.E0,0.E0,0.E0));
#570=VECTOR('',#569,1.07E0);
#571=CARTESIAN_POINT('',(6.835E0,6.465E0,-1.8865E1));
#572=LINE('',#571,#570);
#573=DIRECTION('',(-1.E0,0.E0,0.E0));
#574=VECTOR('',#573,1.07E0);
#575=CARTESIAN_POINT('',(6.835E0,-3.3E0,-1.8865E1));
#576=LINE('',#575,#574);
#577=DIRECTION('',(-1.E0,0.E0,0.E0));
#578=VECTOR('',#577,1.07E0);
#579=CARTESIAN_POINT('',(6.835E0,-3.3E0,-1.9935E1));
#580=LINE('',#579,#578);
#581=DIRECTION('',(-1.E0,0.E0,0.E0));
#582=VECTOR('',#581,1.07E0);
#583=CARTESIAN_POINT('',(6.835E0,6.465E0,-1.9935E1));
#584=LINE('',#583,#582);
#585=DIRECTION('',(-1.E0,0.E0,0.E0));
#586=VECTOR('',#585,1.07E0);
#587=CARTESIAN_POINT('',(6.835E0,8.035E0,-1.8365E1));
#588=LINE('',#587,#586);
#589=DIRECTION('',(-1.E0,0.E0,0.E0));
#590=VECTOR('',#589,1.07E0);
#591=CARTESIAN_POINT('',(6.835E0,8.035E0,-4.7E0));
#592=LINE('',#591,#590);
#593=DIRECTION('',(0.E0,0.E0,1.E0));
#594=VECTOR('',#593,5.565E0);
#595=CARTESIAN_POINT('',(5.765E0,6.965E0,-1.8365E1));
#596=LINE('',#595,#594);
#597=CARTESIAN_POINT('',(5.765E0,6.465E0,-1.8365E1));
#598=DIRECTION('',(1.E0,0.E0,0.E0));
#599=DIRECTION('',(0.E0,0.E0,-1.E0));
#600=AXIS2_PLACEMENT_3D('',#597,#598,#599);
#602=DIRECTION('',(0.E0,1.E0,0.E0));
#603=VECTOR('',#602,9.765E0);
#604=CARTESIAN_POINT('',(5.765E0,-3.3E0,-1.8865E1));
#605=LINE('',#604,#603);
#606=DIRECTION('',(0.E0,0.E0,1.E0));
#607=VECTOR('',#606,1.07E0);
#608=CARTESIAN_POINT('',(5.765E0,-3.3E0,-1.9935E1));
#609=LINE('',#608,#607);
#610=DIRECTION('',(0.E0,-1.E0,0.E0));
#611=VECTOR('',#610,9.765E0);
#612=CARTESIAN_POINT('',(5.765E0,6.465E0,-1.9935E1));
#613=LINE('',#612,#611);
#614=CARTESIAN_POINT('',(5.765E0,6.465E0,-1.8365E1));
#615=DIRECTION('',(-1.E0,0.E0,0.E0));
#616=DIRECTION('',(0.E0,1.E0,0.E0));
#617=AXIS2_PLACEMENT_3D('',#614,#615,#616);
#619=DIRECTION('',(0.E0,0.E0,-1.E0));
#620=VECTOR('',#619,5.565E0);
#621=CARTESIAN_POINT('',(5.765E0,8.035E0,-1.28E1));
#622=LINE('',#621,#620);
#623=DIRECTION('',(0.E0,0.E0,-1.E0));
#624=VECTOR('',#623,5.3E0);
#625=CARTESIAN_POINT('',(5.765E0,8.035E0,-4.7E0));
#626=LINE('',#625,#624);
#627=DIRECTION('',(0.E0,1.E0,0.E0));
#628=VECTOR('',#627,1.07E0);
#629=CARTESIAN_POINT('',(5.765E0,6.965E0,-4.7E0));
#630=LINE('',#629,#628);
#631=DIRECTION('',(0.E0,0.E0,1.E0));
#632=VECTOR('',#631,5.3E0);
#633=CARTESIAN_POINT('',(5.765E0,6.965E0,-1.E1));
#634=LINE('',#633,#632);
#635=DIRECTION('',(-1.E0,0.E0,0.E0));
#636=VECTOR('',#635,1.07E0);
#637=CARTESIAN_POINT('',(6.835E0,6.965E0,-4.7E0));
#638=LINE('',#637,#636);
#639=DIRECTION('',(0.E0,0.E0,-1.E0));
#640=VECTOR('',#639,5.565E0);
#641=CARTESIAN_POINT('',(2.635E0,8.035E0,-1.28E1));
#642=LINE('',#641,#640);
#643=CARTESIAN_POINT('',(2.635E0,6.465E0,-1.8365E1));
#644=DIRECTION('',(-1.E0,0.E0,0.E0));
#645=DIRECTION('',(0.E0,1.E0,0.E0));
#646=AXIS2_PLACEMENT_3D('',#643,#644,#645);
#648=DIRECTION('',(0.E0,-1.E0,0.E0));
#649=VECTOR('',#648,9.765E0);
#650=CARTESIAN_POINT('',(2.635E0,6.465E0,-1.9935E1));
#651=LINE('',#650,#649);
#652=DIRECTION('',(0.E0,0.E0,1.E0));
#653=VECTOR('',#652,1.07E0);
#654=CARTESIAN_POINT('',(2.635E0,-3.3E0,-1.9935E1));
#655=LINE('',#654,#653);
#656=DIRECTION('',(0.E0,1.E0,0.E0));
#657=VECTOR('',#656,9.765E0);
#658=CARTESIAN_POINT('',(2.635E0,-3.3E0,-1.8865E1));
#659=LINE('',#658,#657);
#660=CARTESIAN_POINT('',(2.635E0,6.465E0,-1.8365E1));
#661=DIRECTION('',(1.E0,0.E0,0.E0));
#662=DIRECTION('',(0.E0,0.E0,-1.E0));
#663=AXIS2_PLACEMENT_3D('',#660,#661,#662);
#665=DIRECTION('',(0.E0,0.E0,1.E0));
#666=VECTOR('',#665,5.565E0);
#667=CARTESIAN_POINT('',(2.635E0,6.965E0,-1.8365E1));
#668=LINE('',#667,#666);
#669=DIRECTION('',(0.E0,0.E0,1.E0));
#670=VECTOR('',#669,5.3E0);
#671=CARTESIAN_POINT('',(2.635E0,6.965E0,-1.E1));
#672=LINE('',#671,#670);
#673=DIRECTION('',(0.E0,1.E0,0.E0));
#674=VECTOR('',#673,1.07E0);
#675=CARTESIAN_POINT('',(2.635E0,6.965E0,-4.7E0));
#676=LINE('',#675,#674);
#677=DIRECTION('',(0.E0,0.E0,-1.E0));
#678=VECTOR('',#677,5.3E0);
#679=CARTESIAN_POINT('',(2.635E0,8.035E0,-4.7E0));
#680=LINE('',#679,#678);
#681=DIRECTION('',(-1.E0,0.E0,0.E0));
#682=VECTOR('',#681,1.07E0);
#683=CARTESIAN_POINT('',(2.635E0,8.035E0,-4.7E0));
#684=LINE('',#683,#682);
#685=DIRECTION('',(0.E0,0.E0,1.E0));
#686=VECTOR('',#685,5.565E0);
#687=CARTESIAN_POINT('',(1.565E0,6.965E0,-1.8365E1));
#688=LINE('',#687,#686);
#689=CARTESIAN_POINT('',(1.565E0,6.465E0,-1.8365E1));
#690=DIRECTION('',(1.E0,0.E0,0.E0));
#691=DIRECTION('',(0.E0,0.E0,-1.E0));
#692=AXIS2_PLACEMENT_3D('',#689,#690,#691);
#694=DIRECTION('',(0.E0,1.E0,0.E0));
#695=VECTOR('',#694,9.765E0);
#696=CARTESIAN_POINT('',(1.565E0,-3.3E0,-1.8865E1));
#697=LINE('',#696,#695);
#698=DIRECTION('',(0.E0,0.E0,1.E0));
#699=VECTOR('',#698,1.07E0);
#700=CARTESIAN_POINT('',(1.565E0,-3.3E0,-1.9935E1));
#701=LINE('',#700,#699);
#702=DIRECTION('',(0.E0,-1.E0,0.E0));
#703=VECTOR('',#702,9.765E0);
#704=CARTESIAN_POINT('',(1.565E0,6.465E0,-1.9935E1));
#705=LINE('',#704,#703);
#706=CARTESIAN_POINT('',(1.565E0,6.465E0,-1.8365E1));
#707=DIRECTION('',(-1.E0,0.E0,0.E0));
#708=DIRECTION('',(0.E0,1.E0,0.E0));
#709=AXIS2_PLACEMENT_3D('',#706,#707,#708);
#711=DIRECTION('',(0.E0,0.E0,-1.E0));
#712=VECTOR('',#711,5.565E0);
#713=CARTESIAN_POINT('',(1.565E0,8.035E0,-1.28E1));
#714=LINE('',#713,#712);
#715=DIRECTION('',(0.E0,0.E0,-1.E0));
#716=VECTOR('',#715,5.3E0);
#717=CARTESIAN_POINT('',(1.565E0,8.035E0,-4.7E0));
#718=LINE('',#717,#716);
#719=DIRECTION('',(0.E0,1.E0,0.E0));
#720=VECTOR('',#719,1.07E0);
#721=CARTESIAN_POINT('',(1.565E0,6.965E0,-4.7E0));
#722=LINE('',#721,#720);
#723=DIRECTION('',(0.E0,0.E0,1.E0));
#724=VECTOR('',#723,5.3E0);
#725=CARTESIAN_POINT('',(1.565E0,6.965E0,-1.E1));
#726=LINE('',#725,#724);
#727=DIRECTION('',(-1.E0,0.E0,0.E0));
#728=VECTOR('',#727,1.07E0);
#729=CARTESIAN_POINT('',(2.635E0,6.965E0,-1.8365E1));
#730=LINE('',#729,#728);
#731=DIRECTION('',(-1.E0,0.E0,0.E0));
#732=VECTOR('',#731,1.07E0);
#733=CARTESIAN_POINT('',(2.635E0,6.465E0,-1.8865E1));
#734=LINE('',#733,#732);
#735=DIRECTION('',(-1.E0,0.E0,0.E0));
#736=VECTOR('',#735,1.07E0);
#737=CARTESIAN_POINT('',(2.635E0,-3.3E0,-1.8865E1));
#738=LINE('',#737,#736);
#739=DIRECTION('',(-1.E0,0.E0,0.E0));
#740=VECTOR('',#739,1.07E0);
#741=CARTESIAN_POINT('',(2.635E0,-3.3E0,-1.9935E1));
#742=LINE('',#741,#740);
#743=DIRECTION('',(-1.E0,0.E0,0.E0));
#744=VECTOR('',#743,1.07E0);
#745=CARTESIAN_POINT('',(2.635E0,6.465E0,-1.9935E1));
#746=LINE('',#745,#744);
#747=DIRECTION('',(-1.E0,0.E0,0.E0));
#748=VECTOR('',#747,1.07E0);
#749=CARTESIAN_POINT('',(2.635E0,8.035E0,-1.8365E1));
#750=LINE('',#749,#748);
#751=DIRECTION('',(0.E0,-1.E0,0.E0));
#752=VECTOR('',#751,2.8E0);
#753=CARTESIAN_POINT('',(-4.E0,4.9E0,-1.E1));
#754=LINE('',#753,#752);
#755=DIRECTION('',(-1.E0,0.E0,0.E0));
#756=VECTOR('',#755,3.8E0);
#757=CARTESIAN_POINT('',(-2.E-1,4.9E0,-1.E1));
#758=LINE('',#757,#756);
#759=DIRECTION('',(0.E0,1.E0,0.E0));
#760=VECTOR('',#759,2.8E0);
#761=CARTESIAN_POINT('',(-2.E-1,2.1E0,-1.E1));
#762=LINE('',#761,#760);
#763=DIRECTION('',(7.071067811865E-1,7.071067811865E-1,0.E0));
#764=VECTOR('',#763,1.131370849898E0);
#765=CARTESIAN_POINT('',(-1.E0,1.3E0,-1.E1));
#766=LINE('',#765,#764);
#767=DIRECTION('',(1.E0,0.E0,0.E0));
#768=VECTOR('',#767,2.2E0);
#769=CARTESIAN_POINT('',(-3.2E0,1.3E0,-1.E1));
#770=LINE('',#769,#768);
#771=DIRECTION('',(7.071067811865E-1,-7.071067811865E-1,0.E0));
#772=VECTOR('',#771,1.131370849898E0);
#773=CARTESIAN_POINT('',(-4.E0,2.1E0,-1.E1));
#774=LINE('',#773,#772);
#775=DIRECTION('',(0.E0,-1.E0,0.E0));
#776=VECTOR('',#775,3.6E0);
#777=CARTESIAN_POINT('',(-4.E0,9.1E0,-1.E1));
#778=LINE('',#777,#776);
#779=DIRECTION('',(-1.E0,0.E0,0.E0));
#780=VECTOR('',#779,3.8E0);
#781=CARTESIAN_POINT('',(-2.E-1,9.1E0,-1.E1));
#782=LINE('',#781,#780);
#783=DIRECTION('',(0.E0,1.E0,0.E0));
#784=VECTOR('',#783,3.6E0);
#785=CARTESIAN_POINT('',(-2.E-1,5.5E0,-1.E1));
#786=LINE('',#785,#784);
#787=DIRECTION('',(1.E0,0.E0,0.E0));
#788=VECTOR('',#787,3.8E0);
#789=CARTESIAN_POINT('',(-4.E0,5.5E0,-1.E1));
#790=LINE('',#789,#788);
#791=DIRECTION('',(0.E0,-1.E0,0.E0));
#792=VECTOR('',#791,3.E0);
#793=CARTESIAN_POINT('',(2.E-1,4.9E0,-1.E1));
#794=LINE('',#793,#792);
#795=DIRECTION('',(-1.E0,0.E0,0.E0));
#796=VECTOR('',#795,3.8E0);
#797=CARTESIAN_POINT('',(4.E0,4.9E0,-1.E1));
#798=LINE('',#797,#796);
#799=DIRECTION('',(0.E0,1.E0,0.E0));
#800=VECTOR('',#799,3.E0);
#801=CARTESIAN_POINT('',(4.E0,1.9E0,-1.E1));
#802=LINE('',#801,#800);
#803=DIRECTION('',(7.071067811865E-1,7.071067811865E-1,0.E0));
#804=VECTOR('',#803,1.131370849898E0);
#805=CARTESIAN_POINT('',(3.2E0,1.1E0,-1.E1));
#806=LINE('',#805,#804);
#807=DIRECTION('',(1.E0,0.E0,0.E0));
#808=VECTOR('',#807,2.2E0);
#809=CARTESIAN_POINT('',(1.E0,1.1E0,-1.E1));
#810=LINE('',#809,#808);
#811=DIRECTION('',(7.071067811865E-1,-7.071067811865E-1,0.E0));
#812=VECTOR('',#811,1.131370849898E0);
#813=CARTESIAN_POINT('',(2.E-1,1.9E0,-1.E1));
#814=LINE('',#813,#812);
#815=DIRECTION('',(0.E0,-1.E0,0.E0));
#816=VECTOR('',#815,3.6E0);
#817=CARTESIAN_POINT('',(2.E-1,9.1E0,-1.E1));
#818=LINE('',#817,#816);
#819=DIRECTION('',(-1.E0,0.E0,0.E0));
#820=VECTOR('',#819,3.8E0);
#821=CARTESIAN_POINT('',(4.E0,9.1E0,-1.E1));
#822=LINE('',#821,#820);
#823=DIRECTION('',(0.E0,1.E0,0.E0));
#824=VECTOR('',#823,3.6E0);
#825=CARTESIAN_POINT('',(4.E0,5.5E0,-1.E1));
#826=LINE('',#825,#824);
#827=DIRECTION('',(1.E0,0.E0,0.E0));
#828=VECTOR('',#827,3.8E0);
#829=CARTESIAN_POINT('',(2.E-1,5.5E0,-1.E1));
#830=LINE('',#829,#828);
#831=DIRECTION('',(0.E0,1.E0,0.E0));
#832=VECTOR('',#831,1.07E0);
#833=CARTESIAN_POINT('',(2.635E0,6.965E0,-1.E1));
#834=LINE('',#833,#832);
#835=DIRECTION('',(-1.E0,0.E0,0.E0));
#836=VECTOR('',#835,1.07E0);
#837=CARTESIAN_POINT('',(2.635E0,8.035E0,-1.E1));
#838=LINE('',#837,#836);
#839=DIRECTION('',(0.E0,1.E0,0.E0));
#840=VECTOR('',#839,1.07E0);
#841=CARTESIAN_POINT('',(1.565E0,6.965E0,-1.E1));
#842=LINE('',#841,#840);
#843=DIRECTION('',(-1.E0,0.E0,0.E0));
#844=VECTOR('',#843,1.07E0);
#845=CARTESIAN_POINT('',(2.635E0,6.965E0,-1.E1));
#846=LINE('',#845,#844);
#847=DIRECTION('',(0.E0,1.E0,0.E0));
#848=VECTOR('',#847,1.07E0);
#849=CARTESIAN_POINT('',(-1.565E0,6.965E0,-1.E1));
#850=LINE('',#849,#848);
#851=DIRECTION('',(-1.E0,0.E0,0.E0));
#852=VECTOR('',#851,1.07E0);
#853=CARTESIAN_POINT('',(-1.565E0,8.035E0,-1.E1));
#854=LINE('',#853,#852);
#855=DIRECTION('',(0.E0,1.E0,0.E0));
#856=VECTOR('',#855,1.07E0);
#857=CARTESIAN_POINT('',(-2.635E0,6.965E0,-1.E1));
#858=LINE('',#857,#856);
#859=DIRECTION('',(-1.E0,0.E0,0.E0));
#860=VECTOR('',#859,1.07E0);
#861=CARTESIAN_POINT('',(-1.565E0,6.965E0,-1.E1));
#862=LINE('',#861,#860);
#863=DIRECTION('',(0.E0,1.E0,0.E0));
#864=VECTOR('',#863,1.07E0);
#865=CARTESIAN_POINT('',(2.635E0,2.765E0,-1.E1));
#866=LINE('',#865,#864);
#867=DIRECTION('',(-1.E0,0.E0,0.E0));
#868=VECTOR('',#867,1.07E0);
#869=CARTESIAN_POINT('',(2.635E0,3.835E0,-1.E1));
#870=LINE('',#869,#868);
#871=DIRECTION('',(0.E0,1.E0,0.E0));
#872=VECTOR('',#871,1.07E0);
#873=CARTESIAN_POINT('',(1.565E0,2.765E0,-1.E1));
#874=LINE('',#873,#872);
#875=DIRECTION('',(-1.E0,0.E0,0.E0));
#876=VECTOR('',#875,1.07E0);
#877=CARTESIAN_POINT('',(2.635E0,2.765E0,-1.E1));
#878=LINE('',#877,#876);
#879=DIRECTION('',(0.E0,1.E0,0.E0));
#880=VECTOR('',#879,1.07E0);
#881=CARTESIAN_POINT('',(-1.565E0,2.765E0,-1.E1));
#882=LINE('',#881,#880);
#883=DIRECTION('',(-1.E0,0.E0,0.E0));
#884=VECTOR('',#883,1.07E0);
#885=CARTESIAN_POINT('',(-1.565E0,3.835E0,-1.E1));
#886=LINE('',#885,#884);
#887=DIRECTION('',(0.E0,1.E0,0.E0));
#888=VECTOR('',#887,1.07E0);
#889=CARTESIAN_POINT('',(-2.635E0,2.765E0,-1.E1));
#890=LINE('',#889,#888);
#891=DIRECTION('',(-1.E0,0.E0,0.E0));
#892=VECTOR('',#891,1.07E0);
#893=CARTESIAN_POINT('',(-1.565E0,2.765E0,-1.E1));
#894=LINE('',#893,#892);
#895=DIRECTION('',(0.E0,0.E0,-1.E0));
#896=VECTOR('',#895,1.E1);
#897=CARTESIAN_POINT('',(-4.E0,4.9E0,0.E0));
#898=LINE('',#897,#896);
#899=DIRECTION('',(0.E0,0.E0,-1.E0));
#900=VECTOR('',#899,1.E1);
#901=CARTESIAN_POINT('',(-2.E-1,4.9E0,0.E0));
#902=LINE('',#901,#900);
#903=DIRECTION('',(0.E0,0.E0,-1.E0));
#904=VECTOR('',#903,1.E1);
#905=CARTESIAN_POINT('',(-2.E-1,2.1E0,0.E0));
#906=LINE('',#905,#904);
#907=DIRECTION('',(0.E0,0.E0,-1.E0));
#908=VECTOR('',#907,1.E1);
#909=CARTESIAN_POINT('',(-1.E0,1.3E0,0.E0));
#910=LINE('',#909,#908);
#911=DIRECTION('',(0.E0,0.E0,-1.E0));
#912=VECTOR('',#911,1.E1);
#913=CARTESIAN_POINT('',(-3.2E0,1.3E0,0.E0));
#914=LINE('',#913,#912);
#915=DIRECTION('',(0.E0,0.E0,-1.E0));
#916=VECTOR('',#915,1.E1);
#917=CARTESIAN_POINT('',(-4.E0,2.1E0,0.E0));
#918=LINE('',#917,#916);
#919=DIRECTION('',(0.E0,0.E0,-1.E0));
#920=VECTOR('',#919,1.E1);
#921=CARTESIAN_POINT('',(-4.E0,9.1E0,0.E0));
#922=LINE('',#921,#920);
#923=DIRECTION('',(0.E0,0.E0,-1.E0));
#924=VECTOR('',#923,1.E1);
#925=CARTESIAN_POINT('',(-2.E-1,9.1E0,0.E0));
#926=LINE('',#925,#924);
#927=DIRECTION('',(0.E0,0.E0,-1.E0));
#928=VECTOR('',#927,1.E1);
#929=CARTESIAN_POINT('',(-2.E-1,5.5E0,0.E0));
#930=LINE('',#929,#928);
#931=DIRECTION('',(0.E0,0.E0,-1.E0));
#932=VECTOR('',#931,1.E1);
#933=CARTESIAN_POINT('',(-4.E0,5.5E0,0.E0));
#934=LINE('',#933,#932);
#935=DIRECTION('',(0.E0,0.E0,-1.E0));
#936=VECTOR('',#935,1.E1);
#937=CARTESIAN_POINT('',(2.E-1,4.9E0,0.E0));
#938=LINE('',#937,#936);
#939=DIRECTION('',(0.E0,0.E0,-1.E0));
#940=VECTOR('',#939,1.E1);
#941=CARTESIAN_POINT('',(4.E0,4.9E0,0.E0));
#942=LINE('',#941,#940);
#943=DIRECTION('',(0.E0,0.E0,-1.E0));
#944=VECTOR('',#943,1.E1);
#945=CARTESIAN_POINT('',(4.E0,1.9E0,0.E0));
#946=LINE('',#945,#944);
#947=DIRECTION('',(0.E0,0.E0,-1.E0));
#948=VECTOR('',#947,1.E1);
#949=CARTESIAN_POINT('',(3.2E0,1.1E0,0.E0));
#950=LINE('',#949,#948);
#951=DIRECTION('',(0.E0,0.E0,-1.E0));
#952=VECTOR('',#951,1.E1);
#953=CARTESIAN_POINT('',(1.E0,1.1E0,0.E0));
#954=LINE('',#953,#952);
#955=DIRECTION('',(0.E0,0.E0,-1.E0));
#956=VECTOR('',#955,1.E1);
#957=CARTESIAN_POINT('',(2.E-1,1.9E0,0.E0));
#958=LINE('',#957,#956);
#959=DIRECTION('',(0.E0,0.E0,-1.E0));
#960=VECTOR('',#959,1.E1);
#961=CARTESIAN_POINT('',(2.E-1,9.1E0,0.E0));
#962=LINE('',#961,#960);
#963=DIRECTION('',(0.E0,0.E0,-1.E0));
#964=VECTOR('',#963,1.E1);
#965=CARTESIAN_POINT('',(4.E0,9.1E0,0.E0));
#966=LINE('',#965,#964);
#967=DIRECTION('',(0.E0,0.E0,-1.E0));
#968=VECTOR('',#967,1.E1);
#969=CARTESIAN_POINT('',(4.E0,5.5E0,0.E0));
#970=LINE('',#969,#968);
#971=DIRECTION('',(0.E0,0.E0,-1.E0));
#972=VECTOR('',#971,1.E1);
#973=CARTESIAN_POINT('',(2.E-1,5.5E0,0.E0));
#974=LINE('',#973,#972);
#975=DIRECTION('',(0.E0,0.E0,-1.E0));
#976=VECTOR('',#975,5.565E0);
#977=CARTESIAN_POINT('',(-1.565E0,8.035E0,-1.28E1));
#978=LINE('',#977,#976);
#979=CARTESIAN_POINT('',(-1.565E0,6.465E0,-1.8365E1));
#980=DIRECTION('',(-1.E0,0.E0,0.E0));
#981=DIRECTION('',(0.E0,1.E0,0.E0));
#982=AXIS2_PLACEMENT_3D('',#979,#980,#981);
#984=DIRECTION('',(0.E0,-1.E0,0.E0));
#985=VECTOR('',#984,9.765E0);
#986=CARTESIAN_POINT('',(-1.565E0,6.465E0,-1.9935E1));
#987=LINE('',#986,#985);
#988=DIRECTION('',(0.E0,0.E0,1.E0));
#989=VECTOR('',#988,1.07E0);
#990=CARTESIAN_POINT('',(-1.565E0,-3.3E0,-1.9935E1));
#991=LINE('',#990,#989);
#992=DIRECTION('',(0.E0,1.E0,0.E0));
#993=VECTOR('',#992,9.765E0);
#994=CARTESIAN_POINT('',(-1.565E0,-3.3E0,-1.8865E1));
#995=LINE('',#994,#993);
#996=CARTESIAN_POINT('',(-1.565E0,6.465E0,-1.8365E1));
#997=DIRECTION('',(1.E0,0.E0,0.E0));
#998=DIRECTION('',(0.E0,0.E0,-1.E0));
#999=AXIS2_PLACEMENT_3D('',#996,#997,#998);
#1001=DIRECTION('',(0.E0,0.E0,1.E0));
#1002=VECTOR('',#1001,5.565E0);
#1003=CARTESIAN_POINT('',(-1.565E0,6.965E0,-1.8365E1));
#1004=LINE('',#1003,#1002);
#1005=DIRECTION('',(0.E0,0.E0,1.E0));
#1006=VECTOR('',#1005,5.3E0);
#1007=CARTESIAN_POINT('',(-1.565E0,6.965E0,-1.E1));
#1008=LINE('',#1007,#1006);
#1009=DIRECTION('',(0.E0,1.E0,0.E0));
#1010=VECTOR('',#1009,1.07E0);
#1011=CARTESIAN_POINT('',(-1.565E0,6.965E0,-4.7E0));
#1012=LINE('',#1011,#1010);
#1013=DIRECTION('',(0.E0,0.E0,-1.E0));
#1014=VECTOR('',#1013,5.3E0);
#1015=CARTESIAN_POINT('',(-1.565E0,8.035E0,-4.7E0));
#1016=LINE('',#1015,#1014);
#1017=DIRECTION('',(-1.E0,0.E0,0.E0));
#1018=VECTOR('',#1017,1.07E0);
#1019=CARTESIAN_POINT('',(-1.565E0,8.035E0,-4.7E0));
#1020=LINE('',#1019,#1018);
#1021=DIRECTION('',(0.E0,0.E0,1.E0));
#1022=VECTOR('',#1021,5.565E0);
#1023=CARTESIAN_POINT('',(-2.635E0,6.965E0,-1.8365E1));
#1024=LINE('',#1023,#1022);
#1025=CARTESIAN_POINT('',(-2.635E0,6.465E0,-1.8365E1));
#1026=DIRECTION('',(1.E0,0.E0,0.E0));
#1027=DIRECTION('',(0.E0,0.E0,-1.E0));
#1028=AXIS2_PLACEMENT_3D('',#1025,#1026,#1027);
#1030=DIRECTION('',(0.E0,1.E0,0.E0));
#1031=VECTOR('',#1030,9.765E0);
#1032=CARTESIAN_POINT('',(-2.635E0,-3.3E0,-1.8865E1));
#1033=LINE('',#1032,#1031);
#1034=DIRECTION('',(0.E0,0.E0,1.E0));
#1035=VECTOR('',#1034,1.07E0);
#1036=CARTESIAN_POINT('',(-2.635E0,-3.3E0,-1.9935E1));
#1037=LINE('',#1036,#1035);
#1038=DIRECTION('',(0.E0,-1.E0,0.E0));
#1039=VECTOR('',#1038,9.765E0);
#1040=CARTESIAN_POINT('',(-2.635E0,6.465E0,-1.9935E1));
#1041=LINE('',#1040,#1039);
#1042=CARTESIAN_POINT('',(-2.635E0,6.465E0,-1.8365E1));
#1043=DIRECTION('',(-1.E0,0.E0,0.E0));
#1044=DIRECTION('',(0.E0,1.E0,0.E0));
#1045=AXIS2_PLACEMENT_3D('',#1042,#1043,#1044);
#1047=DIRECTION('',(0.E0,0.E0,-1.E0));
#1048=VECTOR('',#1047,5.565E0);
#1049=CARTESIAN_POINT('',(-2.635E0,8.035E0,-1.28E1));
#1050=LINE('',#1049,#1048);
#1051=DIRECTION('',(0.E0,0.E0,-1.E0));
#1052=VECTOR('',#1051,5.3E0);
#1053=CARTESIAN_POINT('',(-2.635E0,8.035E0,-4.7E0));
#1054=LINE('',#1053,#1052);
#1055=DIRECTION('',(0.E0,1.E0,0.E0));
#1056=VECTOR('',#1055,1.07E0);
#1057=CARTESIAN_POINT('',(-2.635E0,6.965E0,-4.7E0));
#1058=LINE('',#1057,#1056);
#1059=DIRECTION('',(0.E0,0.E0,1.E0));
#1060=VECTOR('',#1059,5.3E0);
#1061=CARTESIAN_POINT('',(-2.635E0,6.965E0,-1.E1));
#1062=LINE('',#1061,#1060);
#1063=DIRECTION('',(-1.E0,0.E0,0.E0));
#1064=VECTOR('',#1063,1.07E0);
#1065=CARTESIAN_POINT('',(-1.565E0,6.965E0,-1.8365E1));
#1066=LINE('',#1065,#1064);
#1067=DIRECTION('',(-1.E0,0.E0,0.E0));
#1068=VECTOR('',#1067,1.07E0);
#1069=CARTESIAN_POINT('',(-1.565E0,6.465E0,-1.8865E1));
#1070=LINE('',#1069,#1068);
#1071=DIRECTION('',(-1.E0,0.E0,0.E0));
#1072=VECTOR('',#1071,1.07E0);
#1073=CARTESIAN_POINT('',(-1.565E0,-3.3E0,-1.8865E1));
#1074=LINE('',#1073,#1072);
#1075=DIRECTION('',(-1.E0,0.E0,0.E0));
#1076=VECTOR('',#1075,1.07E0);
#1077=CARTESIAN_POINT('',(-1.565E0,-3.3E0,-1.9935E1));
#1078=LINE('',#1077,#1076);
#1079=DIRECTION('',(-1.E0,0.E0,0.E0));
#1080=VECTOR('',#1079,1.07E0);
#1081=CARTESIAN_POINT('',(-1.565E0,6.465E0,-1.9935E1));
#1082=LINE('',#1081,#1080);
#1083=DIRECTION('',(-1.E0,0.E0,0.E0));
#1084=VECTOR('',#1083,1.07E0);
#1085=CARTESIAN_POINT('',(-1.565E0,8.035E0,-1.8365E1));
#1086=LINE('',#1085,#1084);
#1087=DIRECTION('',(-1.E0,0.E0,0.E0));
#1088=VECTOR('',#1087,1.07E0);
#1089=CARTESIAN_POINT('',(-1.565E0,6.965E0,-4.7E0));
#1090=LINE('',#1089,#1088);
#1091=DIRECTION('',(0.E0,0.E0,-1.E0));
#1092=VECTOR('',#1091,2.65E-1);
#1093=CARTESIAN_POINT('',(2.635E0,3.835E0,-1.28E1));
#1094=LINE('',#1093,#1092);
#1095=CARTESIAN_POINT('',(2.635E0,2.465E0,-1.3065E1));
#1096=DIRECTION('',(-1.E0,0.E0,0.E0));
#1097=DIRECTION('',(0.E0,1.E0,-1.815255164351E-14));
#1098=AXIS2_PLACEMENT_3D('',#1095,#1096,#1097);
#1100=DIRECTION('',(0.E0,-1.E0,0.E0));
#1101=VECTOR('',#1100,5.765E0);
#1102=CARTESIAN_POINT('',(2.635E0,2.465E0,-1.4435E1));
#1103=LINE('',#1102,#1101);
#1104=DIRECTION('',(0.E0,0.E0,1.E0));
#1105=VECTOR('',#1104,1.07E0);
#1106=CARTESIAN_POINT('',(2.635E0,-3.3E0,-1.4435E1));
#1107=LINE('',#1106,#1105);
#1108=DIRECTION('',(0.E0,1.E0,0.E0));
#1109=VECTOR('',#1108,5.765E0);
#1110=CARTESIAN_POINT('',(2.635E0,-3.3E0,-1.3365E1));
#1111=LINE('',#1110,#1109);
#1112=CARTESIAN_POINT('',(2.635E0,2.465E0,-1.3065E1));
#1113=DIRECTION('',(1.E0,0.E0,0.E0));
#1114=DIRECTION('',(0.E0,5.921189464667E-14,-1.E0));
#1115=AXIS2_PLACEMENT_3D('',#1112,#1113,#1114);
#1117=DIRECTION('',(0.E0,0.E0,1.E0));
#1118=VECTOR('',#1117,2.65E-1);
#1119=CARTESIAN_POINT('',(2.635E0,2.765E0,-1.3065E1));
#1120=LINE('',#1119,#1118);
#1121=DIRECTION('',(0.E0,0.E0,1.E0));
#1122=VECTOR('',#1121,5.3E0);
#1123=CARTESIAN_POINT('',(2.635E0,2.765E0,-1.E1));
#1124=LINE('',#1123,#1122);
#1125=DIRECTION('',(0.E0,1.E0,0.E0));
#1126=VECTOR('',#1125,1.07E0);
#1127=CARTESIAN_POINT('',(2.635E0,2.765E0,-4.7E0));
#1128=LINE('',#1127,#1126);
#1129=DIRECTION('',(0.E0,0.E0,-1.E0));
#1130=VECTOR('',#1129,5.3E0);
#1131=CARTESIAN_POINT('',(2.635E0,3.835E0,-4.7E0));
#1132=LINE('',#1131,#1130);
#1133=DIRECTION('',(-1.E0,0.E0,0.E0));
#1134=VECTOR('',#1133,1.07E0);
#1135=CARTESIAN_POINT('',(2.635E0,3.835E0,-4.7E0));
#1136=LINE('',#1135,#1134);
#1137=DIRECTION('',(0.E0,0.E0,1.E0));
#1138=VECTOR('',#1137,2.65E-1);
#1139=CARTESIAN_POINT('',(1.565E0,2.765E0,-1.3065E1));
#1140=LINE('',#1139,#1138);
#1141=CARTESIAN_POINT('',(1.565E0,2.465E0,-1.3065E1));
#1142=DIRECTION('',(1.E0,0.E0,0.E0));
#1143=DIRECTION('',(0.E0,5.921189464667E-14,-1.E0));
#1144=AXIS2_PLACEMENT_3D('',#1141,#1142,#1143);
#1146=DIRECTION('',(0.E0,1.E0,0.E0));
#1147=VECTOR('',#1146,5.765E0);
#1148=CARTESIAN_POINT('',(1.565E0,-3.3E0,-1.3365E1));
#1149=LINE('',#1148,#1147);
#1150=DIRECTION('',(0.E0,0.E0,1.E0));
#1151=VECTOR('',#1150,1.07E0);
#1152=CARTESIAN_POINT('',(1.565E0,-3.3E0,-1.4435E1));
#1153=LINE('',#1152,#1151);
#1154=DIRECTION('',(0.E0,-1.E0,0.E0));
#1155=VECTOR('',#1154,5.765E0);
#1156=CARTESIAN_POINT('',(1.565E0,2.465E0,-1.4435E1));
#1157=LINE('',#1156,#1155);
#1158=CARTESIAN_POINT('',(1.565E0,2.465E0,-1.3065E1));
#1159=DIRECTION('',(-1.E0,0.E0,0.E0));
#1160=DIRECTION('',(0.E0,1.E0,-1.815255164351E-14));
#1161=AXIS2_PLACEMENT_3D('',#1158,#1159,#1160);
#1163=DIRECTION('',(0.E0,0.E0,-1.E0));
#1164=VECTOR('',#1163,2.65E-1);
#1165=CARTESIAN_POINT('',(1.565E0,3.835E0,-1.28E1));
#1166=LINE('',#1165,#1164);
#1167=DIRECTION('',(0.E0,0.E0,-1.E0));
#1168=VECTOR('',#1167,5.3E0);
#1169=CARTESIAN_POINT('',(1.565E0,3.835E0,-4.7E0));
#1170=LINE('',#1169,#1168);
#1171=DIRECTION('',(0.E0,1.E0,0.E0));
#1172=VECTOR('',#1171,1.07E0);
#1173=CARTESIAN_POINT('',(1.565E0,2.765E0,-4.7E0));
#1174=LINE('',#1173,#1172);
#1175=DIRECTION('',(0.E0,0.E0,1.E0));
#1176=VECTOR('',#1175,5.3E0);
#1177=CARTESIAN_POINT('',(1.565E0,2.765E0,-1.E1));
#1178=LINE('',#1177,#1176);
#1179=DIRECTION('',(-1.E0,0.E0,0.E0));
#1180=VECTOR('',#1179,1.07E0);
#1181=CARTESIAN_POINT('',(2.635E0,2.765E0,-1.3065E1));
#1182=LINE('',#1181,#1180);
#1183=DIRECTION('',(-1.E0,0.E0,0.E0));
#1184=VECTOR('',#1183,1.07E0);
#1185=CARTESIAN_POINT('',(2.635E0,2.465E0,-1.3365E1));
#1186=LINE('',#1185,#1184);
#1187=DIRECTION('',(-1.E0,0.E0,0.E0));
#1188=VECTOR('',#1187,1.07E0);
#1189=CARTESIAN_POINT('',(2.635E0,-3.3E0,-1.3365E1));
#1190=LINE('',#1189,#1188);
#1191=DIRECTION('',(-1.E0,0.E0,0.E0));
#1192=VECTOR('',#1191,1.07E0);
#1193=CARTESIAN_POINT('',(2.635E0,-3.3E0,-1.4435E1));
#1194=LINE('',#1193,#1192);
#1195=DIRECTION('',(-1.E0,0.E0,0.E0));
#1196=VECTOR('',#1195,1.07E0);
#1197=CARTESIAN_POINT('',(2.635E0,2.465E0,-1.4435E1));
#1198=LINE('',#1197,#1196);
#1199=DIRECTION('',(-1.E0,0.E0,0.E0));
#1200=VECTOR('',#1199,1.07E0);
#1201=CARTESIAN_POINT('',(2.635E0,3.835E0,-1.3065E1));
#1202=LINE('',#1201,#1200);
#1203=DIRECTION('',(-1.E0,0.E0,0.E0));
#1204=VECTOR('',#1203,1.07E0);
#1205=CARTESIAN_POINT('',(2.635E0,2.765E0,-4.7E0));
#1206=LINE('',#1205,#1204);
#1207=DIRECTION('',(0.E0,0.E0,-1.E0));
#1208=VECTOR('',#1207,2.65E-1);
#1209=CARTESIAN_POINT('',(-1.565E0,3.835E0,-1.28E1));
#1210=LINE('',#1209,#1208);
#1211=CARTESIAN_POINT('',(-1.565E0,2.465E0,-1.3065E1));
#1212=DIRECTION('',(-1.E0,0.E0,0.E0));
#1213=DIRECTION('',(0.E0,1.E0,-1.815255164351E-14));
#1214=AXIS2_PLACEMENT_3D('',#1211,#1212,#1213);
#1216=DIRECTION('',(0.E0,-1.E0,0.E0));
#1217=VECTOR('',#1216,5.765E0);
#1218=CARTESIAN_POINT('',(-1.565E0,2.465E0,-1.4435E1));
#1219=LINE('',#1218,#1217);
#1220=DIRECTION('',(0.E0,0.E0,1.E0));
#1221=VECTOR('',#1220,1.07E0);
#1222=CARTESIAN_POINT('',(-1.565E0,-3.3E0,-1.4435E1));
#1223=LINE('',#1222,#1221);
#1224=DIRECTION('',(0.E0,1.E0,0.E0));
#1225=VECTOR('',#1224,5.765E0);
#1226=CARTESIAN_POINT('',(-1.565E0,-3.3E0,-1.3365E1));
#1227=LINE('',#1226,#1225);
#1228=CARTESIAN_POINT('',(-1.565E0,2.465E0,-1.3065E1));
#1229=DIRECTION('',(1.E0,0.E0,0.E0));
#1230=DIRECTION('',(0.E0,5.921189464667E-14,-1.E0));
#1231=AXIS2_PLACEMENT_3D('',#1228,#1229,#1230);
#1233=DIRECTION('',(0.E0,0.E0,1.E0));
#1234=VECTOR('',#1233,2.65E-1);
#1235=CARTESIAN_POINT('',(-1.565E0,2.765E0,-1.3065E1));
#1236=LINE('',#1235,#1234);
#1237=DIRECTION('',(0.E0,0.E0,1.E0));
#1238=VECTOR('',#1237,5.3E0);
#1239=CARTESIAN_POINT('',(-1.565E0,2.765E0,-1.E1));
#1240=LINE('',#1239,#1238);
#1241=DIRECTION('',(0.E0,1.E0,0.E0));
#1242=VECTOR('',#1241,1.07E0);
#1243=CARTESIAN_POINT('',(-1.565E0,2.765E0,-4.7E0));
#1244=LINE('',#1243,#1242);
#1245=DIRECTION('',(0.E0,0.E0,-1.E0));
#1246=VECTOR('',#1245,5.3E0);
#1247=CARTESIAN_POINT('',(-1.565E0,3.835E0,-4.7E0));
#1248=LINE('',#1247,#1246);
#1249=DIRECTION('',(-1.E0,0.E0,0.E0));
#1250=VECTOR('',#1249,1.07E0);
#1251=CARTESIAN_POINT('',(-1.565E0,3.835E0,-4.7E0));
#1252=LINE('',#1251,#1250);
#1253=DIRECTION('',(0.E0,0.E0,1.E0));
#1254=VECTOR('',#1253,2.65E-1);
#1255=CARTESIAN_POINT('',(-2.635E0,2.765E0,-1.3065E1));
#1256=LINE('',#1255,#1254);
#1257=CARTESIAN_POINT('',(-2.635E0,2.465E0,-1.3065E1));
#1258=DIRECTION('',(1.E0,0.E0,0.E0));
#1259=DIRECTION('',(0.E0,5.921189464667E-14,-1.E0));
#1260=AXIS2_PLACEMENT_3D('',#1257,#1258,#1259);
#1262=DIRECTION('',(0.E0,1.E0,0.E0));
#1263=VECTOR('',#1262,5.765E0);
#1264=CARTESIAN_POINT('',(-2.635E0,-3.3E0,-1.3365E1));
#1265=LINE('',#1264,#1263);
#1266=DIRECTION('',(0.E0,0.E0,1.E0));
#1267=VECTOR('',#1266,1.07E0);
#1268=CARTESIAN_POINT('',(-2.635E0,-3.3E0,-1.4435E1));
#1269=LINE('',#1268,#1267);
#1270=DIRECTION('',(0.E0,-1.E0,0.E0));
#1271=VECTOR('',#1270,5.765E0);
#1272=CARTESIAN_POINT('',(-2.635E0,2.465E0,-1.4435E1));
#1273=LINE('',#1272,#1271);
#1274=CARTESIAN_POINT('',(-2.635E0,2.465E0,-1.3065E1));
#1275=DIRECTION('',(-1.E0,0.E0,0.E0));
#1276=DIRECTION('',(0.E0,1.E0,-1.815255164351E-14));
#1277=AXIS2_PLACEMENT_3D('',#1274,#1275,#1276);
#1279=DIRECTION('',(0.E0,0.E0,-1.E0));
#1280=VECTOR('',#1279,2.65E-1);
#1281=CARTESIAN_POINT('',(-2.635E0,3.835E0,-1.28E1));
#1282=LINE('',#1281,#1280);
#1283=DIRECTION('',(0.E0,0.E0,-1.E0));
#1284=VECTOR('',#1283,5.3E0);
#1285=CARTESIAN_POINT('',(-2.635E0,3.835E0,-4.7E0));
#1286=LINE('',#1285,#1284);
#1287=DIRECTION('',(0.E0,1.E0,0.E0));
#1288=VECTOR('',#1287,1.07E0);
#1289=CARTESIAN_POINT('',(-2.635E0,2.765E0,-4.7E0));
#1290=LINE('',#1289,#1288);
#1291=DIRECTION('',(0.E0,0.E0,1.E0));
#1292=VECTOR('',#1291,5.3E0);
#1293=CARTESIAN_POINT('',(-2.635E0,2.765E0,-1.E1));
#1294=LINE('',#1293,#1292);
#1295=DIRECTION('',(-1.E0,0.E0,0.E0));
#1296=VECTOR('',#1295,1.07E0);
#1297=CARTESIAN_POINT('',(-1.565E0,2.765E0,-1.3065E1));
#1298=LINE('',#1297,#1296);
#1299=DIRECTION('',(-1.E0,0.E0,0.E0));
#1300=VECTOR('',#1299,1.07E0);
#1301=CARTESIAN_POINT('',(-1.565E0,2.465E0,-1.3365E1));
#1302=LINE('',#1301,#1300);
#1303=DIRECTION('',(-1.E0,0.E0,0.E0));
#1304=VECTOR('',#1303,1.07E0);
#1305=CARTESIAN_POINT('',(-1.565E0,-3.3E0,-1.3365E1));
#1306=LINE('',#1305,#1304);
#1307=DIRECTION('',(-1.E0,0.E0,0.E0));
#1308=VECTOR('',#1307,1.07E0);
#1309=CARTESIAN_POINT('',(-1.565E0,-3.3E0,-1.4435E1));
#1310=LINE('',#1309,#1308);
#1311=DIRECTION('',(-1.E0,0.E0,0.E0));
#1312=VECTOR('',#1311,1.07E0);
#1313=CARTESIAN_POINT('',(-1.565E0,2.465E0,-1.4435E1));
#1314=LINE('',#1313,#1312);
#1315=DIRECTION('',(-1.E0,0.E0,0.E0));
#1316=VECTOR('',#1315,1.07E0);
#1317=CARTESIAN_POINT('',(-1.565E0,3.835E0,-1.3065E1));
#1318=LINE('',#1317,#1316);
#1319=DIRECTION('',(-1.E0,0.E0,0.E0));
#1320=VECTOR('',#1319,1.07E0);
#1321=CARTESIAN_POINT('',(-1.565E0,2.765E0,-4.7E0));
#1322=LINE('',#1321,#1320);
#1323=DIRECTION('',(-1.E0,0.E0,0.E0));
#1324=VECTOR('',#1323,1.07E0);
#1325=CARTESIAN_POINT('',(2.635E0,6.965E0,-4.7E0));
#1326=LINE('',#1325,#1324);
#1327=DIRECTION('',(0.E0,0.E0,-1.E0));
#1328=VECTOR('',#1327,5.565E0);
#1329=CARTESIAN_POINT('',(-5.765E0,8.035E0,-1.28E1));
#1330=LINE('',#1329,#1328);
#1331=CARTESIAN_POINT('',(-5.765E0,6.465E0,-1.8365E1));
#1332=DIRECTION('',(-1.E0,0.E0,0.E0));
#1333=DIRECTION('',(0.E0,1.E0,0.E0));
#1334=AXIS2_PLACEMENT_3D('',#1331,#1332,#1333);
#1336=DIRECTION('',(0.E0,-1.E0,0.E0));
#1337=VECTOR('',#1336,9.765E0);
#1338=CARTESIAN_POINT('',(-5.765E0,6.465E0,-1.9935E1));
#1339=LINE('',#1338,#1337);
#1340=DIRECTION('',(0.E0,0.E0,1.E0));
#1341=VECTOR('',#1340,1.07E0);
#1342=CARTESIAN_POINT('',(-5.765E0,-3.3E0,-1.9935E1));
#1343=LINE('',#1342,#1341);
#1344=DIRECTION('',(0.E0,1.E0,0.E0));
#1345=VECTOR('',#1344,9.765E0);
#1346=CARTESIAN_POINT('',(-5.765E0,-3.3E0,-1.8865E1));
#1347=LINE('',#1346,#1345);
#1348=CARTESIAN_POINT('',(-5.765E0,6.465E0,-1.8365E1));
#1349=DIRECTION('',(1.E0,0.E0,0.E0));
#1350=DIRECTION('',(0.E0,0.E0,-1.E0));
#1351=AXIS2_PLACEMENT_3D('',#1348,#1349,#1350);
#1353=DIRECTION('',(0.E0,0.E0,1.E0));
#1354=VECTOR('',#1353,5.565E0);
#1355=CARTESIAN_POINT('',(-5.765E0,6.965E0,-1.8365E1));
#1356=LINE('',#1355,#1354);
#1357=DIRECTION('',(0.E0,0.E0,-1.E0));
#1358=VECTOR('',#1357,5.3E0);
#1359=CARTESIAN_POINT('',(-5.765E0,8.035E0,-4.7E0));
#1360=LINE('',#1359,#1358);
#1361=DIRECTION('',(0.E0,0.E0,1.E0));
#1362=VECTOR('',#1361,5.3E0);
#1363=CARTESIAN_POINT('',(-5.765E0,6.965E0,-1.E1));
#1364=LINE('',#1363,#1362);
#1365=DIRECTION('',(0.E0,1.E0,0.E0));
#1366=VECTOR('',#1365,1.07E0);
#1367=CARTESIAN_POINT('',(-5.765E0,6.965E0,-4.7E0));
#1368=LINE('',#1367,#1366);
#1369=DIRECTION('',(-1.E0,0.E0,0.E0));
#1370=VECTOR('',#1369,1.07E0);
#1371=CARTESIAN_POINT('',(-5.765E0,8.035E0,-4.7E0));
#1372=LINE('',#1371,#1370);
#1373=DIRECTION('',(0.E0,0.E0,1.E0));
#1374=VECTOR('',#1373,5.565E0);
#1375=CARTESIAN_POINT('',(-6.835E0,6.965E0,-1.8365E1));
#1376=LINE('',#1375,#1374);
#1377=CARTESIAN_POINT('',(-6.835E0,6.465E0,-1.8365E1));
#1378=DIRECTION('',(1.E0,0.E0,0.E0));
#1379=DIRECTION('',(0.E0,0.E0,-1.E0));
#1380=AXIS2_PLACEMENT_3D('',#1377,#1378,#1379);
#1382=DIRECTION('',(0.E0,1.E0,0.E0));
#1383=VECTOR('',#1382,9.765E0);
#1384=CARTESIAN_POINT('',(-6.835E0,-3.3E0,-1.8865E1));
#1385=LINE('',#1384,#1383);
#1386=DIRECTION('',(0.E0,0.E0,1.E0));
#1387=VECTOR('',#1386,1.07E0);
#1388=CARTESIAN_POINT('',(-6.835E0,-3.3E0,-1.9935E1));
#1389=LINE('',#1388,#1387);
#1390=DIRECTION('',(0.E0,-1.E0,0.E0));
#1391=VECTOR('',#1390,9.765E0);
#1392=CARTESIAN_POINT('',(-6.835E0,6.465E0,-1.9935E1));
#1393=LINE('',#1392,#1391);
#1394=CARTESIAN_POINT('',(-6.835E0,6.465E0,-1.8365E1));
#1395=DIRECTION('',(-1.E0,0.E0,0.E0));
#1396=DIRECTION('',(0.E0,1.E0,0.E0));
#1397=AXIS2_PLACEMENT_3D('',#1394,#1395,#1396);
#1399=DIRECTION('',(0.E0,0.E0,-1.E0));
#1400=VECTOR('',#1399,5.565E0);
#1401=CARTESIAN_POINT('',(-6.835E0,8.035E0,-1.28E1));
#1402=LINE('',#1401,#1400);
#1403=DIRECTION('',(0.E0,0.E0,-1.E0));
#1404=VECTOR('',#1403,5.3E0);
#1405=CARTESIAN_POINT('',(-6.835E0,8.035E0,-4.7E0));
#1406=LINE('',#1405,#1404);
#1407=DIRECTION('',(0.E0,1.E0,0.E0));
#1408=VECTOR('',#1407,1.07E0);
#1409=CARTESIAN_POINT('',(-6.835E0,6.965E0,-4.7E0));
#1410=LINE('',#1409,#1408);
#1411=DIRECTION('',(0.E0,0.E0,1.E0));
#1412=VECTOR('',#1411,5.3E0);
#1413=CARTESIAN_POINT('',(-6.835E0,6.965E0,-1.E1));
#1414=LINE('',#1413,#1412);
#1415=DIRECTION('',(-1.E0,0.E0,0.E0));
#1416=VECTOR('',#1415,1.07E0);
#1417=CARTESIAN_POINT('',(-5.765E0,6.965E0,-1.8365E1));
#1418=LINE('',#1417,#1416);
#1419=DIRECTION('',(-1.E0,0.E0,0.E0));
#1420=VECTOR('',#1419,1.07E0);
#1421=CARTESIAN_POINT('',(-5.765E0,6.465E0,-1.8865E1));
#1422=LINE('',#1421,#1420);
#1423=DIRECTION('',(-1.E0,0.E0,0.E0));
#1424=VECTOR('',#1423,1.07E0);
#1425=CARTESIAN_POINT('',(-5.765E0,-3.3E0,-1.8865E1));
#1426=LINE('',#1425,#1424);
#1427=DIRECTION('',(-1.E0,0.E0,0.E0));
#1428=VECTOR('',#1427,1.07E0);
#1429=CARTESIAN_POINT('',(-5.765E0,-3.3E0,-1.9935E1));
#1430=LINE('',#1429,#1428);
#1431=DIRECTION('',(-1.E0,0.E0,0.E0));
#1432=VECTOR('',#1431,1.07E0);
#1433=CARTESIAN_POINT('',(-5.765E0,6.465E0,-1.9935E1));
#1434=LINE('',#1433,#1432);
#1435=DIRECTION('',(-1.E0,0.E0,0.E0));
#1436=VECTOR('',#1435,1.07E0);
#1437=CARTESIAN_POINT('',(-5.765E0,8.035E0,-1.8365E1));
#1438=LINE('',#1437,#1436);
#1439=DIRECTION('',(0.E0,-1.E0,0.E0));
#1440=VECTOR('',#1439,3.6E0);
#1441=CARTESIAN_POINT('',(-8.2E0,4.9E0,-1.E1));
#1442=LINE('',#1441,#1440);
#1443=DIRECTION('',(-1.E0,0.E0,0.E0));
#1444=VECTOR('',#1443,3.8E0);
#1445=CARTESIAN_POINT('',(-4.4E0,4.9E0,-1.E1));
#1446=LINE('',#1445,#1444);
#1447=DIRECTION('',(0.E0,1.E0,0.E0));
#1448=VECTOR('',#1447,3.6E0);
#1449=CARTESIAN_POINT('',(-4.4E0,1.3E0,-1.E1));
#1450=LINE('',#1449,#1448);
#1451=DIRECTION('',(1.E0,0.E0,0.E0));
#1452=VECTOR('',#1451,3.8E0);
#1453=CARTESIAN_POINT('',(-8.2E0,1.3E0,-1.E1));
#1454=LINE('',#1453,#1452);
#1455=DIRECTION('',(0.E0,-1.E0,0.E0));
#1456=VECTOR('',#1455,2.8E0);
#1457=CARTESIAN_POINT('',(-8.2E0,9.1E0,-1.E1));
#1458=LINE('',#1457,#1456);
#1459=DIRECTION('',(-1.E0,0.E0,0.E0));
#1460=VECTOR('',#1459,3.8E0);
#1461=CARTESIAN_POINT('',(-4.4E0,9.1E0,-1.E1));
#1462=LINE('',#1461,#1460);
#1463=DIRECTION('',(0.E0,1.E0,0.E0));
#1464=VECTOR('',#1463,2.8E0);
#1465=CARTESIAN_POINT('',(-4.4E0,6.3E0,-1.E1));
#1466=LINE('',#1465,#1464);
#1467=DIRECTION('',(7.071067811865E-1,7.071067811865E-1,0.E0));
#1468=VECTOR('',#1467,1.131370849898E0);
#1469=CARTESIAN_POINT('',(-5.2E0,5.5E0,-1.E1));
#1470=LINE('',#1469,#1468);
#1471=DIRECTION('',(1.E0,0.E0,0.E0));
#1472=VECTOR('',#1471,2.2E0);
#1473=CARTESIAN_POINT('',(-7.4E0,5.5E0,-1.E1));
#1474=LINE('',#1473,#1472);
#1475=DIRECTION('',(7.071067811865E-1,-7.071067811865E-1,0.E0));
#1476=VECTOR('',#1475,1.131370849898E0);
#1477=CARTESIAN_POINT('',(-8.2E0,6.3E0,-1.E1));
#1478=LINE('',#1477,#1476);
#1479=DIRECTION('',(0.E0,1.E0,0.E0));
#1480=VECTOR('',#1479,1.07E0);
#1481=CARTESIAN_POINT('',(-5.765E0,6.965E0,-1.E1));
#1482=LINE('',#1481,#1480);
#1483=DIRECTION('',(-1.E0,0.E0,0.E0));
#1484=VECTOR('',#1483,1.07E0);
#1485=CARTESIAN_POINT('',(-5.765E0,8.035E0,-1.E1));
#1486=LINE('',#1485,#1484);
#1487=DIRECTION('',(0.E0,1.E0,0.E0));
#1488=VECTOR('',#1487,1.07E0);
#1489=CARTESIAN_POINT('',(-6.835E0,6.965E0,-1.E1));
#1490=LINE('',#1489,#1488);
#1491=DIRECTION('',(-1.E0,0.E0,0.E0));
#1492=VECTOR('',#1491,1.07E0);
#1493=CARTESIAN_POINT('',(-5.765E0,6.965E0,-1.E1));
#1494=LINE('',#1493,#1492);
#1495=DIRECTION('',(0.E0,1.E0,0.E0));
#1496=VECTOR('',#1495,1.07E0);
#1497=CARTESIAN_POINT('',(-5.765E0,2.765E0,-1.E1));
#1498=LINE('',#1497,#1496);
#1499=DIRECTION('',(-1.E0,0.E0,0.E0));
#1500=VECTOR('',#1499,1.07E0);
#1501=CARTESIAN_POINT('',(-5.765E0,3.835E0,-1.E1));
#1502=LINE('',#1501,#1500);
#1503=DIRECTION('',(0.E0,1.E0,0.E0));
#1504=VECTOR('',#1503,1.07E0);
#1505=CARTESIAN_POINT('',(-6.835E0,2.765E0,-1.E1));
#1506=LINE('',#1505,#1504);
#1507=DIRECTION('',(-1.E0,0.E0,0.E0));
#1508=VECTOR('',#1507,1.07E0);
#1509=CARTESIAN_POINT('',(-5.765E0,2.765E0,-1.E1));
#1510=LINE('',#1509,#1508);
#1511=DIRECTION('',(0.E0,0.E0,-1.E0));
#1512=VECTOR('',#1511,1.E1);
#1513=CARTESIAN_POINT('',(-8.2E0,4.9E0,0.E0));
#1514=LINE('',#1513,#1512);
#1515=DIRECTION('',(0.E0,0.E0,-1.E0));
#1516=VECTOR('',#1515,1.E1);
#1517=CARTESIAN_POINT('',(-4.4E0,4.9E0,0.E0));
#1518=LINE('',#1517,#1516);
#1519=DIRECTION('',(0.E0,0.E0,-1.E0));
#1520=VECTOR('',#1519,1.E1);
#1521=CARTESIAN_POINT('',(-4.4E0,1.3E0,0.E0));
#1522=LINE('',#1521,#1520);
#1523=DIRECTION('',(0.E0,0.E0,-1.E0));
#1524=VECTOR('',#1523,1.E1);
#1525=CARTESIAN_POINT('',(-8.2E0,1.3E0,0.E0));
#1526=LINE('',#1525,#1524);
#1527=DIRECTION('',(0.E0,0.E0,-1.E0));
#1528=VECTOR('',#1527,1.E1);
#1529=CARTESIAN_POINT('',(-8.2E0,9.1E0,0.E0));
#1530=LINE('',#1529,#1528);
#1531=DIRECTION('',(0.E0,0.E0,-1.E0));
#1532=VECTOR('',#1531,1.E1);
#1533=CARTESIAN_POINT('',(-4.4E0,9.1E0,0.E0));
#1534=LINE('',#1533,#1532);
#1535=DIRECTION('',(0.E0,0.E0,-1.E0));
#1536=VECTOR('',#1535,1.E1);
#1537=CARTESIAN_POINT('',(-4.4E0,6.3E0,0.E0));
#1538=LINE('',#1537,#1536);
#1539=DIRECTION('',(0.E0,0.E0,-1.E0));
#1540=VECTOR('',#1539,1.E1);
#1541=CARTESIAN_POINT('',(-5.2E0,5.5E0,0.E0));
#1542=LINE('',#1541,#1540);
#1543=DIRECTION('',(0.E0,0.E0,-1.E0));
#1544=VECTOR('',#1543,1.E1);
#1545=CARTESIAN_POINT('',(-7.4E0,5.5E0,0.E0));
#1546=LINE('',#1545,#1544);
#1547=DIRECTION('',(0.E0,0.E0,-1.E0));
#1548=VECTOR('',#1547,1.E1);
#1549=CARTESIAN_POINT('',(-8.2E0,6.3E0,0.E0));
#1550=LINE('',#1549,#1548);
#1551=DIRECTION('',(0.E0,0.E0,-1.E0));
#1552=VECTOR('',#1551,2.65E-1);
#1553=CARTESIAN_POINT('',(-5.765E0,3.835E0,-1.28E1));
#1554=LINE('',#1553,#1552);
#1555=CARTESIAN_POINT('',(-5.765E0,2.465E0,-1.3065E1));
#1556=DIRECTION('',(-1.E0,0.E0,0.E0));
#1557=DIRECTION('',(0.E0,1.E0,-1.815255164351E-14));
#1558=AXIS2_PLACEMENT_3D('',#1555,#1556,#1557);
#1560=DIRECTION('',(0.E0,-1.E0,0.E0));
#1561=VECTOR('',#1560,5.765E0);
#1562=CARTESIAN_POINT('',(-5.765E0,2.465E0,-1.4435E1));
#1563=LINE('',#1562,#1561);
#1564=DIRECTION('',(0.E0,0.E0,1.E0));
#1565=VECTOR('',#1564,1.07E0);
#1566=CARTESIAN_POINT('',(-5.765E0,-3.3E0,-1.4435E1));
#1567=LINE('',#1566,#1565);
#1568=DIRECTION('',(0.E0,1.E0,0.E0));
#1569=VECTOR('',#1568,5.765E0);
#1570=CARTESIAN_POINT('',(-5.765E0,-3.3E0,-1.3365E1));
#1571=LINE('',#1570,#1569);
#1572=CARTESIAN_POINT('',(-5.765E0,2.465E0,-1.3065E1));
#1573=DIRECTION('',(1.E0,0.E0,0.E0));
#1574=DIRECTION('',(0.E0,5.921189464667E-14,-1.E0));
#1575=AXIS2_PLACEMENT_3D('',#1572,#1573,#1574);
#1577=DIRECTION('',(0.E0,0.E0,1.E0));
#1578=VECTOR('',#1577,2.65E-1);
#1579=CARTESIAN_POINT('',(-5.765E0,2.765E0,-1.3065E1));
#1580=LINE('',#1579,#1578);
#1581=DIRECTION('',(0.E0,0.E0,-1.E0));
#1582=VECTOR('',#1581,5.3E0);
#1583=CARTESIAN_POINT('',(-5.765E0,3.835E0,-4.7E0));
#1584=LINE('',#1583,#1582);
#1585=DIRECTION('',(0.E0,0.E0,1.E0));
#1586=VECTOR('',#1585,5.3E0);
#1587=CARTESIAN_POINT('',(-5.765E0,2.765E0,-1.E1));
#1588=LINE('',#1587,#1586);
#1589=DIRECTION('',(0.E0,1.E0,0.E0));
#1590=VECTOR('',#1589,1.07E0);
#1591=CARTESIAN_POINT('',(-5.765E0,2.765E0,-4.7E0));
#1592=LINE('',#1591,#1590);
#1593=DIRECTION('',(-1.E0,0.E0,0.E0));
#1594=VECTOR('',#1593,1.07E0);
#1595=CARTESIAN_POINT('',(-5.765E0,3.835E0,-4.7E0));
#1596=LINE('',#1595,#1594);
#1597=DIRECTION('',(0.E0,0.E0,1.E0));
#1598=VECTOR('',#1597,2.65E-1);
#1599=CARTESIAN_POINT('',(-6.835E0,2.765E0,-1.3065E1));
#1600=LINE('',#1599,#1598);
#1601=CARTESIAN_POINT('',(-6.835E0,2.465E0,-1.3065E1));
#1602=DIRECTION('',(1.E0,0.E0,0.E0));
#1603=DIRECTION('',(0.E0,5.921189464667E-14,-1.E0));
#1604=AXIS2_PLACEMENT_3D('',#1601,#1602,#1603);
#1606=DIRECTION('',(0.E0,1.E0,0.E0));
#1607=VECTOR('',#1606,5.765E0);
#1608=CARTESIAN_POINT('',(-6.835E0,-3.3E0,-1.3365E1));
#1609=LINE('',#1608,#1607);
#1610=DIRECTION('',(0.E0,0.E0,1.E0));
#1611=VECTOR('',#1610,1.07E0);
#1612=CARTESIAN_POINT('',(-6.835E0,-3.3E0,-1.4435E1));
#1613=LINE('',#1612,#1611);
#1614=DIRECTION('',(0.E0,-1.E0,0.E0));
#1615=VECTOR('',#1614,5.765E0);
#1616=CARTESIAN_POINT('',(-6.835E0,2.465E0,-1.4435E1));
#1617=LINE('',#1616,#1615);
#1618=CARTESIAN_POINT('',(-6.835E0,2.465E0,-1.3065E1));
#1619=DIRECTION('',(-1.E0,0.E0,0.E0));
#1620=DIRECTION('',(0.E0,1.E0,-1.815255164351E-14));
#1621=AXIS2_PLACEMENT_3D('',#1618,#1619,#1620);
#1623=DIRECTION('',(0.E0,0.E0,-1.E0));
#1624=VECTOR('',#1623,2.65E-1);
#1625=CARTESIAN_POINT('',(-6.835E0,3.835E0,-1.28E1));
#1626=LINE('',#1625,#1624);
#1627=DIRECTION('',(0.E0,0.E0,-1.E0));
#1628=VECTOR('',#1627,5.3E0);
#1629=CARTESIAN_POINT('',(-6.835E0,3.835E0,-4.7E0));
#1630=LINE('',#1629,#1628);
#1631=DIRECTION('',(0.E0,1.E0,0.E0));
#1632=VECTOR('',#1631,1.07E0);
#1633=CARTESIAN_POINT('',(-6.835E0,2.765E0,-4.7E0));
#1634=LINE('',#1633,#1632);
#1635=DIRECTION('',(0.E0,0.E0,1.E0));
#1636=VECTOR('',#1635,5.3E0);
#1637=CARTESIAN_POINT('',(-6.835E0,2.765E0,-1.E1));
#1638=LINE('',#1637,#1636);
#1639=DIRECTION('',(-1.E0,0.E0,0.E0));
#1640=VECTOR('',#1639,1.07E0);
#1641=CARTESIAN_POINT('',(-5.765E0,2.765E0,-1.3065E1));
#1642=LINE('',#1641,#1640);
#1643=DIRECTION('',(-1.E0,0.E0,0.E0));
#1644=VECTOR('',#1643,1.07E0);
#1645=CARTESIAN_POINT('',(-5.765E0,2.465E0,-1.3365E1));
#1646=LINE('',#1645,#1644);
#1647=DIRECTION('',(-1.E0,0.E0,0.E0));
#1648=VECTOR('',#1647,1.07E0);
#1649=CARTESIAN_POINT('',(-5.765E0,-3.3E0,-1.3365E1));
#1650=LINE('',#1649,#1648);
#1651=DIRECTION('',(-1.E0,0.E0,0.E0));
#1652=VECTOR('',#1651,1.07E0);
#1653=CARTESIAN_POINT('',(-5.765E0,-3.3E0,-1.4435E1));
#1654=LINE('',#1653,#1652);
#1655=DIRECTION('',(-1.E0,0.E0,0.E0));
#1656=VECTOR('',#1655,1.07E0);
#1657=CARTESIAN_POINT('',(-5.765E0,2.465E0,-1.4435E1));
#1658=LINE('',#1657,#1656);
#1659=DIRECTION('',(-1.E0,0.E0,0.E0));
#1660=VECTOR('',#1659,1.07E0);
#1661=CARTESIAN_POINT('',(-5.765E0,3.835E0,-1.3065E1));
#1662=LINE('',#1661,#1660);
#1663=DIRECTION('',(-1.E0,0.E0,0.E0));
#1664=VECTOR('',#1663,1.07E0);
#1665=CARTESIAN_POINT('',(-5.765E0,2.765E0,-4.7E0));
#1666=LINE('',#1665,#1664);
#1667=DIRECTION('',(-1.E0,0.E0,0.E0));
#1668=VECTOR('',#1667,1.07E0);
#1669=CARTESIAN_POINT('',(-5.765E0,6.965E0,-4.7E0));
#1670=LINE('',#1669,#1668);
#1671=DIRECTION('',(0.E0,0.E0,-1.E0));
#1672=VECTOR('',#1671,2.65E-1);
#1673=CARTESIAN_POINT('',(6.835E0,3.835E0,-1.28E1));
#1674=LINE('',#1673,#1672);
#1675=CARTESIAN_POINT('',(6.835E0,2.465E0,-1.3065E1));
#1676=DIRECTION('',(-1.E0,0.E0,0.E0));
#1677=DIRECTION('',(0.E0,1.E0,-1.815255164351E-14));
#1678=AXIS2_PLACEMENT_3D('',#1675,#1676,#1677);
#1680=DIRECTION('',(0.E0,-1.E0,0.E0));
#1681=VECTOR('',#1680,5.765E0);
#1682=CARTESIAN_POINT('',(6.835E0,2.465E0,-1.4435E1));
#1683=LINE('',#1682,#1681);
#1684=DIRECTION('',(0.E0,0.E0,1.E0));
#1685=VECTOR('',#1684,1.07E0);
#1686=CARTESIAN_POINT('',(6.835E0,-3.3E0,-1.4435E1));
#1687=LINE('',#1686,#1685);
#1688=DIRECTION('',(0.E0,1.E0,0.E0));
#1689=VECTOR('',#1688,5.765E0);
#1690=CARTESIAN_POINT('',(6.835E0,-3.3E0,-1.3365E1));
#1691=LINE('',#1690,#1689);
#1692=CARTESIAN_POINT('',(6.835E0,2.465E0,-1.3065E1));
#1693=DIRECTION('',(1.E0,0.E0,0.E0));
#1694=DIRECTION('',(0.E0,5.921189464667E-14,-1.E0));
#1695=AXIS2_PLACEMENT_3D('',#1692,#1693,#1694);
#1697=DIRECTION('',(0.E0,0.E0,1.E0));
#1698=VECTOR('',#1697,2.65E-1);
#1699=CARTESIAN_POINT('',(6.835E0,2.765E0,-1.3065E1));
#1700=LINE('',#1699,#1698);
#1701=DIRECTION('',(0.E0,0.E0,1.E0));
#1702=VECTOR('',#1701,5.3E0);
#1703=CARTESIAN_POINT('',(6.835E0,2.765E0,-1.E1));
#1704=LINE('',#1703,#1702);
#1705=DIRECTION('',(0.E0,1.E0,0.E0));
#1706=VECTOR('',#1705,1.07E0);
#1707=CARTESIAN_POINT('',(6.835E0,2.765E0,-4.7E0));
#1708=LINE('',#1707,#1706);
#1709=DIRECTION('',(0.E0,0.E0,-1.E0));
#1710=VECTOR('',#1709,5.3E0);
#1711=CARTESIAN_POINT('',(6.835E0,3.835E0,-4.7E0));
#1712=LINE('',#1711,#1710);
#1713=DIRECTION('',(-1.E0,0.E0,0.E0));
#1714=VECTOR('',#1713,1.07E0);
#1715=CARTESIAN_POINT('',(6.835E0,3.835E0,-4.7E0));
#1716=LINE('',#1715,#1714);
#1717=DIRECTION('',(0.E0,0.E0,1.E0));
#1718=VECTOR('',#1717,2.65E-1);
#1719=CARTESIAN_POINT('',(5.765E0,2.765E0,-1.3065E1));
#1720=LINE('',#1719,#1718);
#1721=CARTESIAN_POINT('',(5.765E0,2.465E0,-1.3065E1));
#1722=DIRECTION('',(1.E0,0.E0,0.E0));
#1723=DIRECTION('',(0.E0,5.921189464667E-14,-1.E0));
#1724=AXIS2_PLACEMENT_3D('',#1721,#1722,#1723);
#1726=DIRECTION('',(0.E0,1.E0,0.E0));
#1727=VECTOR('',#1726,5.765E0);
#1728=CARTESIAN_POINT('',(5.765E0,-3.3E0,-1.3365E1));
#1729=LINE('',#1728,#1727);
#1730=DIRECTION('',(0.E0,0.E0,1.E0));
#1731=VECTOR('',#1730,1.07E0);
#1732=CARTESIAN_POINT('',(5.765E0,-3.3E0,-1.4435E1));
#1733=LINE('',#1732,#1731);
#1734=DIRECTION('',(0.E0,-1.E0,0.E0));
#1735=VECTOR('',#1734,5.765E0);
#1736=CARTESIAN_POINT('',(5.765E0,2.465E0,-1.4435E1));
#1737=LINE('',#1736,#1735);
#1738=CARTESIAN_POINT('',(5.765E0,2.465E0,-1.3065E1));
#1739=DIRECTION('',(-1.E0,0.E0,0.E0));
#1740=DIRECTION('',(0.E0,1.E0,-1.815255164351E-14));
#1741=AXIS2_PLACEMENT_3D('',#1738,#1739,#1740);
#1743=DIRECTION('',(0.E0,0.E0,-1.E0));
#1744=VECTOR('',#1743,2.65E-1);
#1745=CARTESIAN_POINT('',(5.765E0,3.835E0,-1.28E1));
#1746=LINE('',#1745,#1744);
#1747=DIRECTION('',(0.E0,0.E0,-1.E0));
#1748=VECTOR('',#1747,5.3E0);
#1749=CARTESIAN_POINT('',(5.765E0,3.835E0,-4.7E0));
#1750=LINE('',#1749,#1748);
#1751=DIRECTION('',(0.E0,1.E0,0.E0));
#1752=VECTOR('',#1751,1.07E0);
#1753=CARTESIAN_POINT('',(5.765E0,2.765E0,-4.7E0));
#1754=LINE('',#1753,#1752);
#1755=DIRECTION('',(0.E0,0.E0,1.E0));
#1756=VECTOR('',#1755,5.3E0);
#1757=CARTESIAN_POINT('',(5.765E0,2.765E0,-1.E1));
#1758=LINE('',#1757,#1756);
#1759=DIRECTION('',(-1.E0,0.E0,0.E0));
#1760=VECTOR('',#1759,1.07E0);
#1761=CARTESIAN_POINT('',(6.835E0,2.765E0,-1.3065E1));
#1762=LINE('',#1761,#1760);
#1763=DIRECTION('',(-1.E0,0.E0,0.E0));
#1764=VECTOR('',#1763,1.07E0);
#1765=CARTESIAN_POINT('',(6.835E0,2.465E0,-1.3365E1));
#1766=LINE('',#1765,#1764);
#1767=DIRECTION('',(-1.E0,0.E0,0.E0));
#1768=VECTOR('',#1767,1.07E0);
#1769=CARTESIAN_POINT('',(6.835E0,-3.3E0,-1.3365E1));
#1770=LINE('',#1769,#1768);
#1771=DIRECTION('',(-1.E0,0.E0,0.E0));
#1772=VECTOR('',#1771,1.07E0);
#1773=CARTESIAN_POINT('',(6.835E0,-3.3E0,-1.4435E1));
#1774=LINE('',#1773,#1772);
#1775=DIRECTION('',(-1.E0,0.E0,0.E0));
#1776=VECTOR('',#1775,1.07E0);
#1777=CARTESIAN_POINT('',(6.835E0,2.465E0,-1.4435E1));
#1778=LINE('',#1777,#1776);
#1779=DIRECTION('',(-1.E0,0.E0,0.E0));
#1780=VECTOR('',#1779,1.07E0);
#1781=CARTESIAN_POINT('',(6.835E0,3.835E0,-1.3065E1));
#1782=LINE('',#1781,#1780);
#1783=DIRECTION('',(-1.E0,0.E0,0.E0));
#1784=VECTOR('',#1783,1.07E0);
#1785=CARTESIAN_POINT('',(6.835E0,2.765E0,-4.7E0));
#1786=LINE('',#1785,#1784);
#1787=DIRECTION('',(0.E0,0.E0,-1.E0));
#1788=VECTOR('',#1787,7.E-1);
#1789=CARTESIAN_POINT('',(-9.E0,9.E0,-1.28E1));
#1790=LINE('',#1789,#1788);
#1791=DIRECTION('',(0.E0,0.E0,-1.E0));
#1792=VECTOR('',#1791,1.08E1);
#1793=CARTESIAN_POINT('',(-9.E0,1.4E0,-2.E0));
#1794=LINE('',#1793,#1792);
#1795=DIRECTION('',(0.E0,0.E0,-1.E0));
#1796=VECTOR('',#1795,7.E-1);
#1797=CARTESIAN_POINT('',(-9.E0,4.E-1,-1.28E1));
#1798=LINE('',#1797,#1796);
#1799=DIRECTION('',(0.E0,1.E0,0.E0));
#1800=VECTOR('',#1799,7.E-1);
#1801=CARTESIAN_POINT('',(-9.E0,7.E-1,-2.E0));
#1802=LINE('',#1801,#1800);
#1803=DIRECTION('',(0.E0,0.E0,-1.E0));
#1804=VECTOR('',#1803,1.08E1);
#1805=CARTESIAN_POINT('',(-9.6E0,1.4E0,-2.E0));
#1806=LINE('',#1805,#1804);
#1807=DIRECTION('',(1.E0,0.E0,0.E0));
#1808=VECTOR('',#1807,6.E-1);
#1809=CARTESIAN_POINT('',(9.E0,1.4E0,-2.E0));
#1810=LINE('',#1809,#1808);
#1811=DIRECTION('',(0.E0,-1.E0,0.E0));
#1812=VECTOR('',#1811,1.4E0);
#1813=CARTESIAN_POINT('',(9.6E0,1.4E0,-2.E0));
#1814=LINE('',#1813,#1812);
#1815=DIRECTION('',(-1.E0,0.E0,0.E0));
#1816=VECTOR('',#1815,1.1E0);
#1817=CARTESIAN_POINT('',(9.6E0,0.E0,-2.E0));
#1818=LINE('',#1817,#1816);
#1819=DIRECTION('',(0.E0,1.E0,0.E0));
#1820=VECTOR('',#1819,4.E-1);
#1821=CARTESIAN_POINT('',(8.5E0,0.E0,-2.E0));
#1822=LINE('',#1821,#1820);
#1823=DIRECTION('',(0.E0,-1.E0,0.E0));
#1824=VECTOR('',#1823,4.E-1);
#1825=CARTESIAN_POINT('',(-8.5E0,4.E-1,-2.E0));
#1826=LINE('',#1825,#1824);
#1827=DIRECTION('',(-1.E0,0.E0,0.E0));
#1828=VECTOR('',#1827,1.1E0);
#1829=CARTESIAN_POINT('',(-8.5E0,0.E0,-2.E0));
#1830=LINE('',#1829,#1828);
#1831=DIRECTION('',(0.E0,1.E0,0.E0));
#1832=VECTOR('',#1831,1.4E0);
#1833=CARTESIAN_POINT('',(-9.6E0,0.E0,-2.E0));
#1834=LINE('',#1833,#1832);
#1835=DIRECTION('',(1.E0,0.E0,0.E0));
#1836=VECTOR('',#1835,6.E-1);
#1837=CARTESIAN_POINT('',(-9.6E0,1.4E0,-2.E0));
#1838=LINE('',#1837,#1836);
#1839=DIRECTION('',(0.E0,0.E0,-1.E0));
#1840=VECTOR('',#1839,1.08E1);
#1841=CARTESIAN_POINT('',(8.5E0,4.E-1,-2.E0));
#1842=LINE('',#1841,#1840);
#1843=DIRECTION('',(0.E0,0.E0,-1.E0));
#1844=VECTOR('',#1843,7.E-1);
#1845=CARTESIAN_POINT('',(9.E0,4.E-1,-1.28E1));
#1846=LINE('',#1845,#1844);
#1847=DIRECTION('',(0.E0,0.E0,-1.E0));
#1848=VECTOR('',#1847,7.E-1);
#1849=CARTESIAN_POINT('',(-8.E0,4.E-1,-1.28E1));
#1850=LINE('',#1849,#1848);
#1851=DIRECTION('',(0.E0,0.E0,1.E0));
#1852=VECTOR('',#1851,1.08E1);
#1853=CARTESIAN_POINT('',(-8.5E0,4.E-1,-1.28E1));
#1854=LINE('',#1853,#1852);
#1855=DIRECTION('',(-1.E0,0.E0,0.E0));
#1856=VECTOR('',#1855,2.E-1);
#1857=CARTESIAN_POINT('',(-8.5E0,4.E-1,-2.E0));
#1858=LINE('',#1857,#1856);
#1859=DIRECTION('',(-1.E0,0.E0,0.E0));
#1860=VECTOR('',#1859,2.E-1);
#1861=CARTESIAN_POINT('',(8.7E0,4.E-1,-2.E0));
#1862=LINE('',#1861,#1860);
#1863=DIRECTION('',(0.E0,0.E0,-1.E0));
#1864=VECTOR('',#1863,1.08E1);
#1865=CARTESIAN_POINT('',(8.5E0,0.E0,-2.E0));
#1866=LINE('',#1865,#1864);
#1867=DIRECTION('',(0.E0,0.E0,-1.E0));
#1868=VECTOR('',#1867,1.08E1);
#1869=CARTESIAN_POINT('',(9.6E0,0.E0,-2.E0));
#1870=LINE('',#1869,#1868);
#1871=DIRECTION('',(0.E0,0.E0,-1.E0));
#1872=VECTOR('',#1871,1.08E1);
#1873=CARTESIAN_POINT('',(9.6E0,1.4E0,-2.E0));
#1874=LINE('',#1873,#1872);
#1875=DIRECTION('',(0.E0,0.E0,-1.E0));
#1876=VECTOR('',#1875,7.E-1);
#1877=CARTESIAN_POINT('',(9.E0,9.E0,-1.28E1));
#1878=LINE('',#1877,#1876);
#1879=DIRECTION('',(0.E0,0.E0,-1.E0));
#1880=VECTOR('',#1879,1.08E1);
#1881=CARTESIAN_POINT('',(9.E0,1.4E0,-2.E0));
#1882=LINE('',#1881,#1880);
#1883=DIRECTION('',(0.E0,1.E0,0.E0));
#1884=VECTOR('',#1883,7.E-1);
#1885=CARTESIAN_POINT('',(9.E0,7.E-1,-2.E0));
#1886=LINE('',#1885,#1884);
#1887=DIRECTION('',(0.E0,0.E0,-1.E0));
#1888=VECTOR('',#1887,1.28E1);
#1889=CARTESIAN_POINT('',(9.E0,2.3E0,0.E0));
#1890=LINE('',#1889,#1888);
#1891=DIRECTION('',(0.E0,0.E0,-1.E0));
#1892=VECTOR('',#1891,1.28E1);
#1893=CARTESIAN_POINT('',(9.E0,3.1E0,0.E0));
#1894=LINE('',#1893,#1892);
#1895=DIRECTION('',(0.E0,0.E0,-1.E0));
#1896=VECTOR('',#1895,7.E-1);
#1897=CARTESIAN_POINT('',(8.E0,9.E0,-1.28E1));
#1898=LINE('',#1897,#1896);
#1899=DIRECTION('',(0.E0,0.E0,-1.E0));
#1900=VECTOR('',#1899,7.E-1);
#1901=CARTESIAN_POINT('',(8.E0,4.E-1,-1.28E1));
#1902=LINE('',#1901,#1900);
#1903=DIRECTION('',(1.E0,0.E0,0.E0));
#1904=VECTOR('',#1903,1.E0);
#1905=CARTESIAN_POINT('',(-9.E0,9.E0,-1.35E1));
#1906=LINE('',#1905,#1904);
#1907=DIRECTION('',(0.E0,1.E0,0.E0));
#1908=VECTOR('',#1907,8.6E0);
#1909=CARTESIAN_POINT('',(-9.E0,4.E-1,-1.35E1));
#1910=LINE('',#1909,#1908);
#1911=DIRECTION('',(-1.E0,0.E0,0.E0));
#1912=VECTOR('',#1911,1.E0);
#1913=CARTESIAN_POINT('',(-8.E0,4.E-1,-1.35E1));
#1914=LINE('',#1913,#1912);
#1915=DIRECTION('',(0.E0,-1.E0,0.E0));
#1916=VECTOR('',#1915,8.6E0);
#1917=CARTESIAN_POINT('',(-8.E0,9.E0,-1.35E1));
#1918=LINE('',#1917,#1916);
#1919=DIRECTION('',(0.E0,-1.E0,0.E0));
#1920=VECTOR('',#1919,8.6E0);
#1921=CARTESIAN_POINT('',(9.E0,9.E0,-1.35E1));
#1922=LINE('',#1921,#1920);
#1923=DIRECTION('',(1.E0,0.E0,0.E0));
#1924=VECTOR('',#1923,1.E0);
#1925=CARTESIAN_POINT('',(8.E0,9.E0,-1.35E1));
#1926=LINE('',#1925,#1924);
#1927=DIRECTION('',(0.E0,1.E0,0.E0));
#1928=VECTOR('',#1927,8.6E0);
#1929=CARTESIAN_POINT('',(8.E0,4.E-1,-1.35E1));
#1930=LINE('',#1929,#1928);
#1931=DIRECTION('',(-1.E0,0.E0,0.E0));
#1932=VECTOR('',#1931,1.E0);
#1933=CARTESIAN_POINT('',(9.E0,4.E-1,-1.35E1));
#1934=LINE('',#1933,#1932);
#1935=DIRECTION('',(0.E0,0.E0,-1.E0));
#1936=VECTOR('',#1935,7.E-1);
#1937=CARTESIAN_POINT('',(-8.E0,9.E0,-1.28E1));
#1938=LINE('',#1937,#1936);
#1939=DIRECTION('',(0.E0,0.E0,1.E0));
#1940=VECTOR('',#1939,2.E0);
#1941=CARTESIAN_POINT('',(8.7E0,4.E-1,-2.E0));
#1942=LINE('',#1941,#1940);
#1943=CARTESIAN_POINT('',(8.7E0,7.E-1,0.E0));
#1944=DIRECTION('',(0.E0,0.E0,1.E0));
#1945=DIRECTION('',(0.E0,-1.E0,0.E0));
#1946=AXIS2_PLACEMENT_3D('',#1943,#1944,#1945);
#1948=DIRECTION('',(0.E0,0.E0,1.E0));
#1949=VECTOR('',#1948,2.E0);
#1950=CARTESIAN_POINT('',(9.E0,7.E-1,-2.E0));
#1951=LINE('',#1950,#1949);
#1952=CARTESIAN_POINT('',(8.7E0,7.E-1,-2.E0));
#1953=DIRECTION('',(0.E0,0.E0,-1.E0));
#1954=DIRECTION('',(1.E0,0.E0,0.E0));
#1955=AXIS2_PLACEMENT_3D('',#1952,#1953,#1954);
#1957=DIRECTION('',(0.E0,0.E0,1.E0));
#1958=VECTOR('',#1957,1.28E1);
#1959=CARTESIAN_POINT('',(9.E0,9.7E0,-1.28E1));
#1960=LINE('',#1959,#1958);
#1961=CARTESIAN_POINT('',(8.7E0,9.7E0,0.E0));
#1962=DIRECTION('',(0.E0,0.E0,1.E0));
#1963=DIRECTION('',(1.E0,0.E0,0.E0));
#1964=AXIS2_PLACEMENT_3D('',#1961,#1962,#1963);
#1966=DIRECTION('',(0.E0,0.E0,1.E0));
#1967=VECTOR('',#1966,1.28E1);
#1968=CARTESIAN_POINT('',(8.7E0,1.E1,-1.28E1));
#1969=LINE('',#1968,#1967);
#1970=CARTESIAN_POINT('',(8.7E0,9.7E0,-1.28E1));
#1971=DIRECTION('',(0.E0,0.E0,-1.E0));
#1972=DIRECTION('',(0.E0,1.E0,0.E0));
#1973=AXIS2_PLACEMENT_3D('',#1970,#1971,#1972);
#1975=DIRECTION('',(0.E0,0.E0,-1.E0));
#1976=VECTOR('',#1975,3.E0);
#1977=CARTESIAN_POINT('',(1.7E0,1.E1,0.E0));
#1978=LINE('',#1977,#1976);
#1979=DIRECTION('',(1.E0,0.E0,0.E0));
#1980=VECTOR('',#1979,3.4E0);
#1981=CARTESIAN_POINT('',(-1.7E0,1.E1,-3.E0));
#1982=LINE('',#1981,#1980);
#1983=DIRECTION('',(0.E0,0.E0,-1.E0));
#1984=VECTOR('',#1983,3.E0);
#1985=CARTESIAN_POINT('',(-1.7E0,1.E1,0.E0));
#1986=LINE('',#1985,#1984);
#1987=DIRECTION('',(0.E0,-5.199469468957E-1,8.541985556144E-1));
#1988=VECTOR('',#1987,2.692582403567E0);
#1989=CARTESIAN_POINT('',(1.7E0,1.14E1,-2.3E0));
#1990=LINE('',#1989,#1988);
#1991=DIRECTION('',(0.E0,0.E0,1.E0));
#1992=VECTOR('',#1991,7.E-1);
#1993=CARTESIAN_POINT('',(1.7E0,1.14E1,-3.E0));
#1994=LINE('',#1993,#1992);
#1995=DIRECTION('',(0.E0,1.E0,0.E0));
#1996=VECTOR('',#1995,1.4E0);
#1997=CARTESIAN_POINT('',(1.7E0,1.E1,-3.E0));
#1998=LINE('',#1997,#1996);
#1999=DIRECTION('',(1.E0,0.E0,0.E0));
#2000=VECTOR('',#1999,3.4E0);
#2001=CARTESIAN_POINT('',(-1.7E0,1.14E1,-2.3E0));
#2002=LINE('',#2001,#2000);
#2003=DIRECTION('',(0.E0,1.E0,0.E0));
#2004=VECTOR('',#2003,1.4E0);
#2005=CARTESIAN_POINT('',(-1.7E0,1.E1,-3.E0));
#2006=LINE('',#2005,#2004);
#2007=DIRECTION('',(0.E0,0.E0,1.E0));
#2008=VECTOR('',#2007,7.E-1);
#2009=CARTESIAN_POINT('',(-1.7E0,1.14E1,-3.E0));
#2010=LINE('',#2009,#2008);
#2011=DIRECTION('',(0.E0,-5.199469468957E-1,8.541985556144E-1));
#2012=VECTOR('',#2011,2.692582403567E0);
#2013=CARTESIAN_POINT('',(-1.7E0,1.14E1,-2.3E0));
#2014=LINE('',#2013,#2012);
#2015=DIRECTION('',(1.E0,0.E0,0.E0));
#2016=VECTOR('',#2015,3.4E0);
#2017=CARTESIAN_POINT('',(-1.7E0,1.14E1,-3.E0));
#2018=LINE('',#2017,#2016);
#2019=DIRECTION('',(0.E0,0.E0,1.E0));
#2020=VECTOR('',#2019,1.28E1);
#2021=CARTESIAN_POINT('',(-8.7E0,1.E1,-1.28E1));
#2022=LINE('',#2021,#2020);
#2023=CARTESIAN_POINT('',(-8.7E0,9.7E0,0.E0));
#2024=DIRECTION('',(0.E0,0.E0,1.E0));
#2025=DIRECTION('',(0.E0,1.E0,0.E0));
#2026=AXIS2_PLACEMENT_3D('',#2023,#2024,#2025);
#2028=DIRECTION('',(0.E0,0.E0,1.E0));
#2029=VECTOR('',#2028,1.28E1);
#2030=CARTESIAN_POINT('',(-9.E0,9.7E0,-1.28E1));
#2031=LINE('',#2030,#2029);
#2032=CARTESIAN_POINT('',(-8.7E0,9.7E0,-1.28E1));
#2033=DIRECTION('',(0.E0,0.E0,-1.E0));
#2034=DIRECTION('',(-1.E0,0.E0,0.E0));
#2035=AXIS2_PLACEMENT_3D('',#2032,#2033,#2034);
#2037=DIRECTION('',(0.E0,0.E0,-1.E0));
#2038=VECTOR('',#2037,1.08E1);
#2039=CARTESIAN_POINT('',(-8.5E0,0.E0,-2.E0));
#2040=LINE('',#2039,#2038);
#2041=DIRECTION('',(0.E0,0.E0,-1.E0));
#2042=VECTOR('',#2041,1.08E1);
#2043=CARTESIAN_POINT('',(-9.6E0,0.E0,-2.E0));
#2044=LINE('',#2043,#2042);
#2045=DIRECTION('',(0.E0,0.E0,1.E0));
#2046=VECTOR('',#2045,2.E0);
#2047=CARTESIAN_POINT('',(-9.E0,7.E-1,-2.E0));
#2048=LINE('',#2047,#2046);
#2049=CARTESIAN_POINT('',(-8.7E0,7.E-1,0.E0));
#2050=DIRECTION('',(0.E0,0.E0,1.E0));
#2051=DIRECTION('',(-1.E0,0.E0,0.E0));
#2052=AXIS2_PLACEMENT_3D('',#2049,#2050,#2051);
#2054=DIRECTION('',(0.E0,0.E0,1.E0));
#2055=VECTOR('',#2054,2.E0);
#2056=CARTESIAN_POINT('',(-8.7E0,4.E-1,-2.E0));
#2057=LINE('',#2056,#2055);
#2058=CARTESIAN_POINT('',(-8.7E0,7.E-1,-2.E0));
#2059=DIRECTION('',(0.E0,0.E0,-1.E0));
#2060=DIRECTION('',(0.E0,-1.E0,0.E0));
#2061=AXIS2_PLACEMENT_3D('',#2058,#2059,#2060);
#2063=CARTESIAN_POINT('',(-9.6E0,0.E0,-2.E0));
#2064=CARTESIAN_POINT('',(-9.6E0,1.4E0,-2.E0));
#2065=VERTEX_POINT('',#2063);
#2066=VERTEX_POINT('',#2064);
#2067=CARTESIAN_POINT('',(-8.5E0,0.E0,-2.E0));
#2068=VERTEX_POINT('',#2067);
#2069=CARTESIAN_POINT('',(9.6E0,0.E0,-2.E0));
#2070=CARTESIAN_POINT('',(8.5E0,0.E0,-2.E0));
#2071=VERTEX_POINT('',#2069);
#2072=VERTEX_POINT('',#2070);
#2073=CARTESIAN_POINT('',(9.6E0,1.4E0,-2.E0));
#2074=VERTEX_POINT('',#2073);
#2075=CARTESIAN_POINT('',(-9.6E0,0.E0,-1.28E1));
#2076=CARTESIAN_POINT('',(-9.6E0,1.4E0,-1.28E1));
#2077=VERTEX_POINT('',#2075);
#2078=VERTEX_POINT('',#2076);
#2079=CARTESIAN_POINT('',(-8.5E0,0.E0,-1.28E1));
#2080=VERTEX_POINT('',#2079);
#2081=CARTESIAN_POINT('',(9.6E0,0.E0,-1.28E1));
#2082=CARTESIAN_POINT('',(8.5E0,0.E0,-1.28E1));
#2083=VERTEX_POINT('',#2081);
#2084=VERTEX_POINT('',#2082);
#2085=CARTESIAN_POINT('',(9.6E0,1.4E0,-1.28E1));
#2086=VERTEX_POINT('',#2085);
#2087=CARTESIAN_POINT('',(-9.E0,1.4E0,-2.E0));
#2088=VERTEX_POINT('',#2087);
#2089=CARTESIAN_POINT('',(-8.5E0,4.E-1,-2.E0));
#2090=VERTEX_POINT('',#2089);
#2091=CARTESIAN_POINT('',(8.5E0,4.E-1,-2.E0));
#2092=VERTEX_POINT('',#2091);
#2093=CARTESIAN_POINT('',(9.E0,1.4E0,-2.E0));
#2094=VERTEX_POINT('',#2093);
#2095=CARTESIAN_POINT('',(9.E0,3.1E0,0.E0));
#2096=CARTESIAN_POINT('',(9.E0,2.3E0,0.E0));
#2097=VERTEX_POINT('',#2095);
#2098=VERTEX_POINT('',#2096);
#2099=CARTESIAN_POINT('',(-1.7E0,1.14E1,-3.E0));
#2100=CARTESIAN_POINT('',(-1.7E0,1.14E1,-2.3E0));
#2101=VERTEX_POINT('',#2099);
#2102=VERTEX_POINT('',#2100);
#2103=CARTESIAN_POINT('',(1.7E0,1.14E1,-3.E0));
#2104=CARTESIAN_POINT('',(1.7E0,1.14E1,-2.3E0));
#2105=VERTEX_POINT('',#2103);
#2106=VERTEX_POINT('',#2104);
#2107=CARTESIAN_POINT('',(-1.7E0,1.E1,0.E0));
#2108=CARTESIAN_POINT('',(1.7E0,1.E1,0.E0));
#2109=VERTEX_POINT('',#2107);
#2110=VERTEX_POINT('',#2108);
#2111=CARTESIAN_POINT('',(-1.7E0,1.E1,-3.E0));
#2112=VERTEX_POINT('',#2111);
#2113=CARTESIAN_POINT('',(1.7E0,1.E1,-3.E0));
#2114=VERTEX_POINT('',#2113);
#2115=CARTESIAN_POINT('',(4.4E0,4.9E0,-1.E1));
#2116=CARTESIAN_POINT('',(4.4E0,1.3E0,-1.E1));
#2117=VERTEX_POINT('',#2115);
#2118=VERTEX_POINT('',#2116);
#2119=CARTESIAN_POINT('',(8.2E0,1.3E0,-1.E1));
#2120=VERTEX_POINT('',#2119);
#2121=CARTESIAN_POINT('',(8.2E0,4.9E0,-1.E1));
#2122=VERTEX_POINT('',#2121);
#2123=CARTESIAN_POINT('',(4.4E0,9.1E0,-1.E1));
#2124=CARTESIAN_POINT('',(4.4E0,6.3E0,-1.E1));
#2125=VERTEX_POINT('',#2123);
#2126=VERTEX_POINT('',#2124);
#2127=CARTESIAN_POINT('',(5.2E0,5.5E0,-1.E1));
#2128=CARTESIAN_POINT('',(7.4E0,5.5E0,-1.E1));
#2129=VERTEX_POINT('',#2127);
#2130=VERTEX_POINT('',#2128);
#2131=CARTESIAN_POINT('',(8.2E0,6.3E0,-1.E1));
#2132=CARTESIAN_POINT('',(8.2E0,9.1E0,-1.E1));
#2133=VERTEX_POINT('',#2131);
#2134=VERTEX_POINT('',#2132);
#2135=CARTESIAN_POINT('',(4.4E0,4.9E0,0.E0));
#2136=CARTESIAN_POINT('',(4.4E0,1.3E0,0.E0));
#2137=VERTEX_POINT('',#2135);
#2138=VERTEX_POINT('',#2136);
#2139=CARTESIAN_POINT('',(8.2E0,1.3E0,0.E0));
#2140=VERTEX_POINT('',#2139);
#2141=CARTESIAN_POINT('',(8.2E0,4.9E0,0.E0));
#2142=VERTEX_POINT('',#2141);
#2143=CARTESIAN_POINT('',(4.4E0,9.1E0,0.E0));
#2144=CARTESIAN_POINT('',(4.4E0,6.3E0,0.E0));
#2145=VERTEX_POINT('',#2143);
#2146=VERTEX_POINT('',#2144);
#2147=CARTESIAN_POINT('',(5.2E0,5.5E0,0.E0));
#2148=CARTESIAN_POINT('',(7.4E0,5.5E0,0.E0));
#2149=VERTEX_POINT('',#2147);
#2150=VERTEX_POINT('',#2148);
#2151=CARTESIAN_POINT('',(8.2E0,6.3E0,0.E0));
#2152=CARTESIAN_POINT('',(8.2E0,9.1E0,0.E0));
#2153=VERTEX_POINT('',#2151);
#2154=VERTEX_POINT('',#2152);
#2155=CARTESIAN_POINT('',(6.835E0,6.465E0,-1.9935E1));
#2156=CARTESIAN_POINT('',(6.835E0,-3.3E0,-1.9935E1));
#2157=VERTEX_POINT('',#2155);
#2158=VERTEX_POINT('',#2156);
#2159=CARTESIAN_POINT('',(6.835E0,-3.3E0,-1.8865E1));
#2160=VERTEX_POINT('',#2159);
#2161=CARTESIAN_POINT('',(6.835E0,6.465E0,-1.8865E1));
#2162=VERTEX_POINT('',#2161);
#2163=CARTESIAN_POINT('',(6.835E0,6.965E0,-4.7E0));
#2164=CARTESIAN_POINT('',(6.835E0,8.035E0,-4.7E0));
#2165=VERTEX_POINT('',#2163);
#2166=VERTEX_POINT('',#2164);
#2167=CARTESIAN_POINT('',(5.765E0,6.465E0,-1.9935E1));
#2168=CARTESIAN_POINT('',(5.765E0,-3.3E0,-1.9935E1));
#2169=VERTEX_POINT('',#2167);
#2170=VERTEX_POINT('',#2168);
#2171=CARTESIAN_POINT('',(5.765E0,-3.3E0,-1.8865E1));
#2172=VERTEX_POINT('',#2171);
#2173=CARTESIAN_POINT('',(5.765E0,6.465E0,-1.8865E1));
#2174=VERTEX_POINT('',#2173);
#2175=CARTESIAN_POINT('',(5.765E0,6.965E0,-4.7E0));
#2176=CARTESIAN_POINT('',(5.765E0,8.035E0,-4.7E0));
#2177=VERTEX_POINT('',#2175);
#2178=VERTEX_POINT('',#2176);
#2179=CARTESIAN_POINT('',(6.835E0,6.965E0,-1.28E1));
#2180=CARTESIAN_POINT('',(6.835E0,8.035E0,-1.28E1));
#2181=VERTEX_POINT('',#2179);
#2182=VERTEX_POINT('',#2180);
#2183=CARTESIAN_POINT('',(5.765E0,6.965E0,-1.28E1));
#2184=CARTESIAN_POINT('',(5.765E0,8.035E0,-1.28E1));
#2185=VERTEX_POINT('',#2183);
#2186=VERTEX_POINT('',#2184);
#2187=CARTESIAN_POINT('',(6.835E0,6.965E0,-1.E1));
#2188=CARTESIAN_POINT('',(6.835E0,8.035E0,-1.E1));
#2189=VERTEX_POINT('',#2187);
#2190=VERTEX_POINT('',#2188);
#2191=CARTESIAN_POINT('',(5.765E0,6.965E0,-1.E1));
#2192=CARTESIAN_POINT('',(5.765E0,8.035E0,-1.E1));
#2193=VERTEX_POINT('',#2191);
#2194=VERTEX_POINT('',#2192);
#2195=CARTESIAN_POINT('',(6.835E0,8.035E0,-1.8365E1));
#2196=VERTEX_POINT('',#2195);
#2197=CARTESIAN_POINT('',(6.835E0,6.965E0,-1.8365E1));
#2198=VERTEX_POINT('',#2197);
#2199=CARTESIAN_POINT('',(5.765E0,8.035E0,-1.8365E1));
#2200=VERTEX_POINT('',#2199);
#2201=CARTESIAN_POINT('',(5.765E0,6.965E0,-1.8365E1));
#2202=VERTEX_POINT('',#2201);
#2203=CARTESIAN_POINT('',(6.835E0,3.835E0,-1.3065E1));
#2204=CARTESIAN_POINT('',(6.835E0,2.465E0,-1.4435E1));
#2205=VERTEX_POINT('',#2203);
#2206=VERTEX_POINT('',#2204);
#2207=CARTESIAN_POINT('',(6.835E0,-3.3E0,-1.4435E1));
#2208=VERTEX_POINT('',#2207);
#2209=CARTESIAN_POINT('',(6.835E0,-3.3E0,-1.3365E1));
#2210=VERTEX_POINT('',#2209);
#2211=CARTESIAN_POINT('',(6.835E0,2.465E0,-1.3365E1));
#2212=VERTEX_POINT('',#2211);
#2213=CARTESIAN_POINT('',(6.835E0,2.765E0,-1.3065E1));
#2214=VERTEX_POINT('',#2213);
#2215=CARTESIAN_POINT('',(6.835E0,2.765E0,-4.7E0));
#2216=CARTESIAN_POINT('',(6.835E0,3.835E0,-4.7E0));
#2217=VERTEX_POINT('',#2215);
#2218=VERTEX_POINT('',#2216);
#2219=CARTESIAN_POINT('',(5.765E0,3.835E0,-1.3065E1));
#2220=CARTESIAN_POINT('',(5.765E0,2.465E0,-1.4435E1));
#2221=VERTEX_POINT('',#2219);
#2222=VERTEX_POINT('',#2220);
#2223=CARTESIAN_POINT('',(5.765E0,-3.3E0,-1.4435E1));
#2224=VERTEX_POINT('',#2223);
#2225=CARTESIAN_POINT('',(5.765E0,-3.3E0,-1.3365E1));
#2226=VERTEX_POINT('',#2225);
#2227=CARTESIAN_POINT('',(5.765E0,2.465E0,-1.3365E1));
#2228=VERTEX_POINT('',#2227);
#2229=CARTESIAN_POINT('',(5.765E0,2.765E0,-1.3065E1));
#2230=VERTEX_POINT('',#2229);
#2231=CARTESIAN_POINT('',(5.765E0,2.765E0,-4.7E0));
#2232=CARTESIAN_POINT('',(5.765E0,3.835E0,-4.7E0));
#2233=VERTEX_POINT('',#2231);
#2234=VERTEX_POINT('',#2232);
#2235=CARTESIAN_POINT('',(6.835E0,2.765E0,-1.28E1));
#2236=CARTESIAN_POINT('',(6.835E0,3.835E0,-1.28E1));
#2237=VERTEX_POINT('',#2235);
#2238=VERTEX_POINT('',#2236);
#2239=CARTESIAN_POINT('',(5.765E0,2.765E0,-1.28E1));
#2240=CARTESIAN_POINT('',(5.765E0,3.835E0,-1.28E1));
#2241=VERTEX_POINT('',#2239);
#2242=VERTEX_POINT('',#2240);
#2243=CARTESIAN_POINT('',(6.835E0,2.765E0,-1.E1));
#2244=CARTESIAN_POINT('',(6.835E0,3.835E0,-1.E1));
#2245=VERTEX_POINT('',#2243);
#2246=VERTEX_POINT('',#2244);
#2247=CARTESIAN_POINT('',(5.765E0,2.765E0,-1.E1));
#2248=CARTESIAN_POINT('',(5.765E0,3.835E0,-1.E1));
#2249=VERTEX_POINT('',#2247);
#2250=VERTEX_POINT('',#2248);
#2251=CARTESIAN_POINT('',(8.7E0,4.E-1,-2.E0));
#2252=CARTESIAN_POINT('',(8.7E0,4.E-1,0.E0));
#2253=VERTEX_POINT('',#2251);
#2254=VERTEX_POINT('',#2252);
#2255=CARTESIAN_POINT('',(9.E0,7.E-1,0.E0));
#2256=VERTEX_POINT('',#2255);
#2257=CARTESIAN_POINT('',(9.E0,7.E-1,-2.E0));
#2258=VERTEX_POINT('',#2257);
#2259=CARTESIAN_POINT('',(9.E0,9.7E0,-1.28E1));
#2260=CARTESIAN_POINT('',(9.E0,9.7E0,0.E0));
#2261=VERTEX_POINT('',#2259);
#2262=VERTEX_POINT('',#2260);
#2263=CARTESIAN_POINT('',(8.7E0,1.E1,0.E0));
#2264=VERTEX_POINT('',#2263);
#2265=CARTESIAN_POINT('',(8.7E0,1.E1,-1.28E1));
#2266=VERTEX_POINT('',#2265);
#2267=CARTESIAN_POINT('',(-8.7E0,1.E1,-1.28E1));
#2268=CARTESIAN_POINT('',(-8.7E0,1.E1,0.E0));
#2269=VERTEX_POINT('',#2267);
#2270=VERTEX_POINT('',#2268);
#2271=CARTESIAN_POINT('',(-9.E0,9.7E0,0.E0));
#2272=VERTEX_POINT('',#2271);
#2273=CARTESIAN_POINT('',(-9.E0,9.7E0,-1.28E1));
#2274=VERTEX_POINT('',#2273);
#2275=CARTESIAN_POINT('',(-9.E0,7.E-1,-2.E0));
#2276=CARTESIAN_POINT('',(-9.E0,7.E-1,0.E0));
#2277=VERTEX_POINT('',#2275);
#2278=VERTEX_POINT('',#2276);
#2279=CARTESIAN_POINT('',(-8.7E0,4.E-1,0.E0));
#2280=VERTEX_POINT('',#2279);
#2281=CARTESIAN_POINT('',(-8.7E0,4.E-1,-2.E0));
#2282=VERTEX_POINT('',#2281);
#2283=CARTESIAN_POINT('',(-8.2E0,4.9E0,-1.E1));
#2284=CARTESIAN_POINT('',(-8.2E0,1.3E0,-1.E1));
#2285=VERTEX_POINT('',#2283);
#2286=VERTEX_POINT('',#2284);
#2287=CARTESIAN_POINT('',(-4.4E0,1.3E0,-1.E1));
#2288=VERTEX_POINT('',#2287);
#2289=CARTESIAN_POINT('',(-4.4E0,4.9E0,-1.E1));
#2290=VERTEX_POINT('',#2289);
#2291=CARTESIAN_POINT('',(-8.2E0,9.1E0,-1.E1));
#2292=CARTESIAN_POINT('',(-8.2E0,6.3E0,-1.E1));
#2293=VERTEX_POINT('',#2291);
#2294=VERTEX_POINT('',#2292);
#2295=CARTESIAN_POINT('',(-7.4E0,5.5E0,-1.E1));
#2296=CARTESIAN_POINT('',(-5.2E0,5.5E0,-1.E1));
#2297=VERTEX_POINT('',#2295);
#2298=VERTEX_POINT('',#2296);
#2299=CARTESIAN_POINT('',(-4.4E0,6.3E0,-1.E1));
#2300=CARTESIAN_POINT('',(-4.4E0,9.1E0,-1.E1));
#2301=VERTEX_POINT('',#2299);
#2302=VERTEX_POINT('',#2300);
#2303=CARTESIAN_POINT('',(-8.2E0,4.9E0,0.E0));
#2304=CARTESIAN_POINT('',(-8.2E0,1.3E0,0.E0));
#2305=VERTEX_POINT('',#2303);
#2306=VERTEX_POINT('',#2304);
#2307=CARTESIAN_POINT('',(-4.4E0,1.3E0,0.E0));
#2308=VERTEX_POINT('',#2307);
#2309=CARTESIAN_POINT('',(-4.4E0,4.9E0,0.E0));
#2310=VERTEX_POINT('',#2309);
#2311=CARTESIAN_POINT('',(-8.2E0,9.1E0,0.E0));
#2312=CARTESIAN_POINT('',(-8.2E0,6.3E0,0.E0));
#2313=VERTEX_POINT('',#2311);
#2314=VERTEX_POINT('',#2312);
#2315=CARTESIAN_POINT('',(-7.4E0,5.5E0,0.E0));
#2316=CARTESIAN_POINT('',(-5.2E0,5.5E0,0.E0));
#2317=VERTEX_POINT('',#2315);
#2318=VERTEX_POINT('',#2316);
#2319=CARTESIAN_POINT('',(-4.4E0,9.1E0,0.E0));
#2320=VERTEX_POINT('',#2319);
#2321=CARTESIAN_POINT('',(-4.4E0,6.3E0,0.E0));
#2322=VERTEX_POINT('',#2321);
#2323=CARTESIAN_POINT('',(-4.E0,4.9E0,-1.E1));
#2324=CARTESIAN_POINT('',(-4.E0,2.1E0,-1.E1));
#2325=VERTEX_POINT('',#2323);
#2326=VERTEX_POINT('',#2324);
#2327=CARTESIAN_POINT('',(-3.2E0,1.3E0,-1.E1));
#2328=CARTESIAN_POINT('',(-1.E0,1.3E0,-1.E1));
#2329=VERTEX_POINT('',#2327);
#2330=VERTEX_POINT('',#2328);
#2331=CARTESIAN_POINT('',(-2.E-1,2.1E0,-1.E1));
#2332=CARTESIAN_POINT('',(-2.E-1,4.9E0,-1.E1));
#2333=VERTEX_POINT('',#2331);
#2334=VERTEX_POINT('',#2332);
#2335=CARTESIAN_POINT('',(-4.E0,9.1E0,-1.E1));
#2336=CARTESIAN_POINT('',(-4.E0,5.5E0,-1.E1));
#2337=VERTEX_POINT('',#2335);
#2338=VERTEX_POINT('',#2336);
#2339=CARTESIAN_POINT('',(-2.E-1,5.5E0,-1.E1));
#2340=VERTEX_POINT('',#2339);
#2341=CARTESIAN_POINT('',(-2.E-1,9.1E0,-1.E1));
#2342=VERTEX_POINT('',#2341);
#2343=CARTESIAN_POINT('',(2.E-1,4.9E0,-1.E1));
#2344=CARTESIAN_POINT('',(2.E-1,1.9E0,-1.E1));
#2345=VERTEX_POINT('',#2343);
#2346=VERTEX_POINT('',#2344);
#2347=CARTESIAN_POINT('',(1.E0,1.1E0,-1.E1));
#2348=CARTESIAN_POINT('',(3.2E0,1.1E0,-1.E1));
#2349=VERTEX_POINT('',#2347);
#2350=VERTEX_POINT('',#2348);
#2351=CARTESIAN_POINT('',(4.E0,1.9E0,-1.E1));
#2352=CARTESIAN_POINT('',(4.E0,4.9E0,-1.E1));
#2353=VERTEX_POINT('',#2351);
#2354=VERTEX_POINT('',#2352);
#2355=CARTESIAN_POINT('',(2.E-1,9.1E0,-1.E1));
#2356=CARTESIAN_POINT('',(2.E-1,5.5E0,-1.E1));
#2357=VERTEX_POINT('',#2355);
#2358=VERTEX_POINT('',#2356);
#2359=CARTESIAN_POINT('',(4.E0,5.5E0,-1.E1));
#2360=VERTEX_POINT('',#2359);
#2361=CARTESIAN_POINT('',(4.E0,9.1E0,-1.E1));
#2362=VERTEX_POINT('',#2361);
#2363=CARTESIAN_POINT('',(-4.E0,4.9E0,0.E0));
#2364=CARTESIAN_POINT('',(-4.E0,2.1E0,0.E0));
#2365=VERTEX_POINT('',#2363);
#2366=VERTEX_POINT('',#2364);
#2367=CARTESIAN_POINT('',(-3.2E0,1.3E0,0.E0));
#2368=CARTESIAN_POINT('',(-1.E0,1.3E0,0.E0));
#2369=VERTEX_POINT('',#2367);
#2370=VERTEX_POINT('',#2368);
#2371=CARTESIAN_POINT('',(-2.E-1,2.1E0,0.E0));
#2372=CARTESIAN_POINT('',(-2.E-1,4.9E0,0.E0));
#2373=VERTEX_POINT('',#2371);
#2374=VERTEX_POINT('',#2372);
#2375=CARTESIAN_POINT('',(-4.E0,9.1E0,0.E0));
#2376=CARTESIAN_POINT('',(-4.E0,5.5E0,0.E0));
#2377=VERTEX_POINT('',#2375);
#2378=VERTEX_POINT('',#2376);
#2379=CARTESIAN_POINT('',(-2.E-1,5.5E0,0.E0));
#2380=VERTEX_POINT('',#2379);
#2381=CARTESIAN_POINT('',(-2.E-1,9.1E0,0.E0));
#2382=VERTEX_POINT('',#2381);
#2383=CARTESIAN_POINT('',(2.E-1,4.9E0,0.E0));
#2384=CARTESIAN_POINT('',(2.E-1,1.9E0,0.E0));
#2385=VERTEX_POINT('',#2383);
#2386=VERTEX_POINT('',#2384);
#2387=CARTESIAN_POINT('',(1.E0,1.1E0,0.E0));
#2388=CARTESIAN_POINT('',(3.2E0,1.1E0,0.E0));
#2389=VERTEX_POINT('',#2387);
#2390=VERTEX_POINT('',#2388);
#2391=CARTESIAN_POINT('',(4.E0,1.9E0,0.E0));
#2392=CARTESIAN_POINT('',(4.E0,4.9E0,0.E0));
#2393=VERTEX_POINT('',#2391);
#2394=VERTEX_POINT('',#2392);
#2395=CARTESIAN_POINT('',(2.E-1,9.1E0,0.E0));
#2396=CARTESIAN_POINT('',(2.E-1,5.5E0,0.E0));
#2397=VERTEX_POINT('',#2395);
#2398=VERTEX_POINT('',#2396);
#2399=CARTESIAN_POINT('',(4.E0,5.5E0,0.E0));
#2400=VERTEX_POINT('',#2399);
#2401=CARTESIAN_POINT('',(4.E0,9.1E0,0.E0));
#2402=VERTEX_POINT('',#2401);
#2403=CARTESIAN_POINT('',(-9.E0,9.E0,-1.35E1));
#2404=CARTESIAN_POINT('',(-8.E0,9.E0,-1.35E1));
#2405=VERTEX_POINT('',#2403);
#2406=VERTEX_POINT('',#2404);
#2407=CARTESIAN_POINT('',(-8.E0,4.E-1,-1.35E1));
#2408=VERTEX_POINT('',#2407);
#2409=CARTESIAN_POINT('',(-9.E0,4.E-1,-1.35E1));
#2410=VERTEX_POINT('',#2409);
#2411=CARTESIAN_POINT('',(9.E0,9.E0,-1.35E1));
#2412=CARTESIAN_POINT('',(9.E0,4.E-1,-1.35E1));
#2413=VERTEX_POINT('',#2411);
#2414=VERTEX_POINT('',#2412);
#2415=CARTESIAN_POINT('',(8.E0,4.E-1,-1.35E1));
#2416=VERTEX_POINT('',#2415);
#2417=CARTESIAN_POINT('',(8.E0,9.E0,-1.35E1));
#2418=VERTEX_POINT('',#2417);
#2419=CARTESIAN_POINT('',(-9.E0,9.E0,-1.28E1));
#2420=CARTESIAN_POINT('',(-8.E0,9.E0,-1.28E1));
#2421=VERTEX_POINT('',#2419);
#2422=VERTEX_POINT('',#2420);
#2423=CARTESIAN_POINT('',(-8.E0,4.E-1,-1.28E1));
#2424=VERTEX_POINT('',#2423);
#2425=CARTESIAN_POINT('',(-8.5E0,4.E-1,-1.28E1));
#2426=CARTESIAN_POINT('',(-9.E0,4.E-1,-1.28E1));
#2427=VERTEX_POINT('',#2425);
#2428=VERTEX_POINT('',#2426);
#2429=CARTESIAN_POINT('',(-9.E0,1.4E0,-1.28E1));
#2430=VERTEX_POINT('',#2429);
#2431=CARTESIAN_POINT('',(9.E0,3.1E0,-1.28E1));
#2432=CARTESIAN_POINT('',(9.E0,2.3E0,-1.28E1));
#2433=VERTEX_POINT('',#2431);
#2434=VERTEX_POINT('',#2432);
#2435=CARTESIAN_POINT('',(9.E0,1.4E0,-1.28E1));
#2436=CARTESIAN_POINT('',(9.E0,4.E-1,-1.28E1));
#2437=VERTEX_POINT('',#2435);
#2438=VERTEX_POINT('',#2436);
#2439=CARTESIAN_POINT('',(8.5E0,4.E-1,-1.28E1));
#2440=VERTEX_POINT('',#2439);
#2441=CARTESIAN_POINT('',(8.E0,4.E-1,-1.28E1));
#2442=CARTESIAN_POINT('',(8.E0,9.E0,-1.28E1));
#2443=VERTEX_POINT('',#2441);
#2444=VERTEX_POINT('',#2442);
#2445=CARTESIAN_POINT('',(9.E0,9.E0,-1.28E1));
#2446=VERTEX_POINT('',#2445);
#2447=CARTESIAN_POINT('',(2.635E0,8.035E0,-1.8365E1));
#2448=CARTESIAN_POINT('',(2.635E0,6.465E0,-1.9935E1));
#2449=VERTEX_POINT('',#2447);
#2450=VERTEX_POINT('',#2448);
#2451=CARTESIAN_POINT('',(2.635E0,-3.3E0,-1.9935E1));
#2452=VERTEX_POINT('',#2451);
#2453=CARTESIAN_POINT('',(2.635E0,-3.3E0,-1.8865E1));
#2454=VERTEX_POINT('',#2453);
#2455=CARTESIAN_POINT('',(2.635E0,6.465E0,-1.8865E1));
#2456=VERTEX_POINT('',#2455);
#2457=CARTESIAN_POINT('',(2.635E0,6.965E0,-1.8365E1));
#2458=VERTEX_POINT('',#2457);
#2459=CARTESIAN_POINT('',(2.635E0,6.965E0,-4.7E0));
#2460=CARTESIAN_POINT('',(2.635E0,8.035E0,-4.7E0));
#2461=VERTEX_POINT('',#2459);
#2462=VERTEX_POINT('',#2460);
#2463=CARTESIAN_POINT('',(1.565E0,8.035E0,-1.8365E1));
#2464=CARTESIAN_POINT('',(1.565E0,6.465E0,-1.9935E1));
#2465=VERTEX_POINT('',#2463);
#2466=VERTEX_POINT('',#2464);
#2467=CARTESIAN_POINT('',(1.565E0,-3.3E0,-1.9935E1));
#2468=VERTEX_POINT('',#2467);
#2469=CARTESIAN_POINT('',(1.565E0,-3.3E0,-1.8865E1));
#2470=VERTEX_POINT('',#2469);
#2471=CARTESIAN_POINT('',(1.565E0,6.465E0,-1.8865E1));
#2472=VERTEX_POINT('',#2471);
#2473=CARTESIAN_POINT('',(1.565E0,6.965E0,-1.8365E1));
#2474=VERTEX_POINT('',#2473);
#2475=CARTESIAN_POINT('',(1.565E0,6.965E0,-4.7E0));
#2476=CARTESIAN_POINT('',(1.565E0,8.035E0,-4.7E0));
#2477=VERTEX_POINT('',#2475);
#2478=VERTEX_POINT('',#2476);
#2479=CARTESIAN_POINT('',(2.635E0,6.965E0,-1.28E1));
#2480=CARTESIAN_POINT('',(2.635E0,8.035E0,-1.28E1));
#2481=VERTEX_POINT('',#2479);
#2482=VERTEX_POINT('',#2480);
#2483=CARTESIAN_POINT('',(1.565E0,6.965E0,-1.28E1));
#2484=CARTESIAN_POINT('',(1.565E0,8.035E0,-1.28E1));
#2485=VERTEX_POINT('',#2483);
#2486=VERTEX_POINT('',#2484);
#2487=CARTESIAN_POINT('',(2.635E0,6.965E0,-1.E1));
#2488=CARTESIAN_POINT('',(2.635E0,8.035E0,-1.E1));
#2489=VERTEX_POINT('',#2487);
#2490=VERTEX_POINT('',#2488);
#2491=CARTESIAN_POINT('',(1.565E0,6.965E0,-1.E1));
#2492=CARTESIAN_POINT('',(1.565E0,8.035E0,-1.E1));
#2493=VERTEX_POINT('',#2491);
#2494=VERTEX_POINT('',#2492);
#2495=CARTESIAN_POINT('',(-1.565E0,8.035E0,-1.8365E1));
#2496=CARTESIAN_POINT('',(-1.565E0,6.465E0,-1.9935E1));
#2497=VERTEX_POINT('',#2495);
#2498=VERTEX_POINT('',#2496);
#2499=CARTESIAN_POINT('',(-1.565E0,-3.3E0,-1.9935E1));
#2500=VERTEX_POINT('',#2499);
#2501=CARTESIAN_POINT('',(-1.565E0,-3.3E0,-1.8865E1));
#2502=VERTEX_POINT('',#2501);
#2503=CARTESIAN_POINT('',(-1.565E0,6.465E0,-1.8865E1));
#2504=VERTEX_POINT('',#2503);
#2505=CARTESIAN_POINT('',(-1.565E0,6.965E0,-1.8365E1));
#2506=VERTEX_POINT('',#2505);
#2507=CARTESIAN_POINT('',(-1.565E0,6.965E0,-4.7E0));
#2508=CARTESIAN_POINT('',(-1.565E0,8.035E0,-4.7E0));
#2509=VERTEX_POINT('',#2507);
#2510=VERTEX_POINT('',#2508);
#2511=CARTESIAN_POINT('',(-2.635E0,8.035E0,-1.8365E1));
#2512=CARTESIAN_POINT('',(-2.635E0,6.465E0,-1.9935E1));
#2513=VERTEX_POINT('',#2511);
#2514=VERTEX_POINT('',#2512);
#2515=CARTESIAN_POINT('',(-2.635E0,-3.3E0,-1.9935E1));
#2516=VERTEX_POINT('',#2515);
#2517=CARTESIAN_POINT('',(-2.635E0,-3.3E0,-1.8865E1));
#2518=VERTEX_POINT('',#2517);
#2519=CARTESIAN_POINT('',(-2.635E0,6.465E0,-1.8865E1));
#2520=VERTEX_POINT('',#2519);
#2521=CARTESIAN_POINT('',(-2.635E0,6.965E0,-1.8365E1));
#2522=VERTEX_POINT('',#2521);
#2523=CARTESIAN_POINT('',(-2.635E0,6.965E0,-4.7E0));
#2524=CARTESIAN_POINT('',(-2.635E0,8.035E0,-4.7E0));
#2525=VERTEX_POINT('',#2523);
#2526=VERTEX_POINT('',#2524);
#2527=CARTESIAN_POINT('',(-1.565E0,6.965E0,-1.28E1));
#2528=CARTESIAN_POINT('',(-1.565E0,8.035E0,-1.28E1));
#2529=VERTEX_POINT('',#2527);
#2530=VERTEX_POINT('',#2528);
#2531=CARTESIAN_POINT('',(-2.635E0,6.965E0,-1.28E1));
#2532=CARTESIAN_POINT('',(-2.635E0,8.035E0,-1.28E1));
#2533=VERTEX_POINT('',#2531);
#2534=VERTEX_POINT('',#2532);
#2535=CARTESIAN_POINT('',(-1.565E0,6.965E0,-1.E1));
#2536=CARTESIAN_POINT('',(-1.565E0,8.035E0,-1.E1));
#2537=VERTEX_POINT('',#2535);
#2538=VERTEX_POINT('',#2536);
#2539=CARTESIAN_POINT('',(-2.635E0,6.965E0,-1.E1));
#2540=CARTESIAN_POINT('',(-2.635E0,8.035E0,-1.E1));
#2541=VERTEX_POINT('',#2539);
#2542=VERTEX_POINT('',#2540);
#2543=CARTESIAN_POINT('',(-5.765E0,8.035E0,-1.8365E1));
#2544=CARTESIAN_POINT('',(-5.765E0,6.465E0,-1.9935E1));
#2545=VERTEX_POINT('',#2543);
#2546=VERTEX_POINT('',#2544);
#2547=CARTESIAN_POINT('',(-5.765E0,-3.3E0,-1.9935E1));
#2548=VERTEX_POINT('',#2547);
#2549=CARTESIAN_POINT('',(-5.765E0,-3.3E0,-1.8865E1));
#2550=VERTEX_POINT('',#2549);
#2551=CARTESIAN_POINT('',(-5.765E0,6.465E0,-1.8865E1));
#2552=VERTEX_POINT('',#2551);
#2553=CARTESIAN_POINT('',(-5.765E0,6.965E0,-1.8365E1));
#2554=VERTEX_POINT('',#2553);
#2555=CARTESIAN_POINT('',(-5.765E0,6.965E0,-4.7E0));
#2556=CARTESIAN_POINT('',(-5.765E0,8.035E0,-4.7E0));
#2557=VERTEX_POINT('',#2555);
#2558=VERTEX_POINT('',#2556);
#2559=CARTESIAN_POINT('',(-6.835E0,8.035E0,-1.8365E1));
#2560=CARTESIAN_POINT('',(-6.835E0,6.465E0,-1.9935E1));
#2561=VERTEX_POINT('',#2559);
#2562=VERTEX_POINT('',#2560);
#2563=CARTESIAN_POINT('',(-6.835E0,-3.3E0,-1.9935E1));
#2564=VERTEX_POINT('',#2563);
#2565=CARTESIAN_POINT('',(-6.835E0,-3.3E0,-1.8865E1));
#2566=VERTEX_POINT('',#2565);
#2567=CARTESIAN_POINT('',(-6.835E0,6.465E0,-1.8865E1));
#2568=VERTEX_POINT('',#2567);
#2569=CARTESIAN_POINT('',(-6.835E0,6.965E0,-1.8365E1));
#2570=VERTEX_POINT('',#2569);
#2571=CARTESIAN_POINT('',(-6.835E0,6.965E0,-4.7E0));
#2572=CARTESIAN_POINT('',(-6.835E0,8.035E0,-4.7E0));
#2573=VERTEX_POINT('',#2571);
#2574=VERTEX_POINT('',#2572);
#2575=CARTESIAN_POINT('',(-5.765E0,6.965E0,-1.28E1));
#2576=CARTESIAN_POINT('',(-5.765E0,8.035E0,-1.28E1));
#2577=VERTEX_POINT('',#2575);
#2578=VERTEX_POINT('',#2576);
#2579=CARTESIAN_POINT('',(-6.835E0,6.965E0,-1.28E1));
#2580=CARTESIAN_POINT('',(-6.835E0,8.035E0,-1.28E1));
#2581=VERTEX_POINT('',#2579);
#2582=VERTEX_POINT('',#2580);
#2583=CARTESIAN_POINT('',(-5.765E0,8.035E0,-1.E1));
#2584=VERTEX_POINT('',#2583);
#2585=CARTESIAN_POINT('',(-5.765E0,6.965E0,-1.E1));
#2586=VERTEX_POINT('',#2585);
#2587=CARTESIAN_POINT('',(-6.835E0,8.035E0,-1.E1));
#2588=VERTEX_POINT('',#2587);
#2589=CARTESIAN_POINT('',(-6.835E0,6.965E0,-1.E1));
#2590=VERTEX_POINT('',#2589);
#2591=CARTESIAN_POINT('',(2.635E0,3.835E0,-1.3065E1));
#2592=CARTESIAN_POINT('',(2.635E0,2.465E0,-1.4435E1));
#2593=VERTEX_POINT('',#2591);
#2594=VERTEX_POINT('',#2592);
#2595=CARTESIAN_POINT('',(2.635E0,-3.3E0,-1.4435E1));
#2596=VERTEX_POINT('',#2595);
#2597=CARTESIAN_POINT('',(2.635E0,-3.3E0,-1.3365E1));
#2598=VERTEX_POINT('',#2597);
#2599=CARTESIAN_POINT('',(2.635E0,2.465E0,-1.3365E1));
#2600=VERTEX_POINT('',#2599);
#2601=CARTESIAN_POINT('',(2.635E0,2.765E0,-1.3065E1));
#2602=VERTEX_POINT('',#2601);
#2603=CARTESIAN_POINT('',(2.635E0,2.765E0,-4.7E0));
#2604=CARTESIAN_POINT('',(2.635E0,3.835E0,-4.7E0));
#2605=VERTEX_POINT('',#2603);
#2606=VERTEX_POINT('',#2604);
#2607=CARTESIAN_POINT('',(1.565E0,3.835E0,-1.3065E1));
#2608=CARTESIAN_POINT('',(1.565E0,2.465E0,-1.4435E1));
#2609=VERTEX_POINT('',#2607);
#2610=VERTEX_POINT('',#2608);
#2611=CARTESIAN_POINT('',(1.565E0,-3.3E0,-1.4435E1));
#2612=VERTEX_POINT('',#2611);
#2613=CARTESIAN_POINT('',(1.565E0,-3.3E0,-1.3365E1));
#2614=VERTEX_POINT('',#2613);
#2615=CARTESIAN_POINT('',(1.565E0,2.465E0,-1.3365E1));
#2616=VERTEX_POINT('',#2615);
#2617=CARTESIAN_POINT('',(1.565E0,2.765E0,-1.3065E1));
#2618=VERTEX_POINT('',#2617);
#2619=CARTESIAN_POINT('',(1.565E0,2.765E0,-4.7E0));
#2620=CARTESIAN_POINT('',(1.565E0,3.835E0,-4.7E0));
#2621=VERTEX_POINT('',#2619);
#2622=VERTEX_POINT('',#2620);
#2623=CARTESIAN_POINT('',(2.635E0,2.765E0,-1.28E1));
#2624=CARTESIAN_POINT('',(2.635E0,3.835E0,-1.28E1));
#2625=VERTEX_POINT('',#2623);
#2626=VERTEX_POINT('',#2624);
#2627=CARTESIAN_POINT('',(1.565E0,2.765E0,-1.28E1));
#2628=CARTESIAN_POINT('',(1.565E0,3.835E0,-1.28E1));
#2629=VERTEX_POINT('',#2627);
#2630=VERTEX_POINT('',#2628);
#2631=CARTESIAN_POINT('',(2.635E0,2.765E0,-1.E1));
#2632=CARTESIAN_POINT('',(2.635E0,3.835E0,-1.E1));
#2633=VERTEX_POINT('',#2631);
#2634=VERTEX_POINT('',#2632);
#2635=CARTESIAN_POINT('',(1.565E0,2.765E0,-1.E1));
#2636=CARTESIAN_POINT('',(1.565E0,3.835E0,-1.E1));
#2637=VERTEX_POINT('',#2635);
#2638=VERTEX_POINT('',#2636);
#2639=CARTESIAN_POINT('',(-1.565E0,3.835E0,-1.3065E1));
#2640=CARTESIAN_POINT('',(-1.565E0,2.465E0,-1.4435E1));
#2641=VERTEX_POINT('',#2639);
#2642=VERTEX_POINT('',#2640);
#2643=CARTESIAN_POINT('',(-1.565E0,-3.3E0,-1.4435E1));
#2644=VERTEX_POINT('',#2643);
#2645=CARTESIAN_POINT('',(-1.565E0,-3.3E0,-1.3365E1));
#2646=VERTEX_POINT('',#2645);
#2647=CARTESIAN_POINT('',(-1.565E0,2.465E0,-1.3365E1));
#2648=VERTEX_POINT('',#2647);
#2649=CARTESIAN_POINT('',(-1.565E0,2.765E0,-1.3065E1));
#2650=VERTEX_POINT('',#2649);
#2651=CARTESIAN_POINT('',(-1.565E0,2.765E0,-4.7E0));
#2652=CARTESIAN_POINT('',(-1.565E0,3.835E0,-4.7E0));
#2653=VERTEX_POINT('',#2651);
#2654=VERTEX_POINT('',#2652);
#2655=CARTESIAN_POINT('',(-2.635E0,3.835E0,-1.3065E1));
#2656=CARTESIAN_POINT('',(-2.635E0,2.465E0,-1.4435E1));
#2657=VERTEX_POINT('',#2655);
#2658=VERTEX_POINT('',#2656);
#2659=CARTESIAN_POINT('',(-2.635E0,-3.3E0,-1.4435E1));
#2660=VERTEX_POINT('',#2659);
#2661=CARTESIAN_POINT('',(-2.635E0,-3.3E0,-1.3365E1));
#2662=VERTEX_POINT('',#2661);
#2663=CARTESIAN_POINT('',(-2.635E0,2.465E0,-1.3365E1));
#2664=VERTEX_POINT('',#2663);
#2665=CARTESIAN_POINT('',(-2.635E0,2.765E0,-1.3065E1));
#2666=VERTEX_POINT('',#2665);
#2667=CARTESIAN_POINT('',(-2.635E0,2.765E0,-4.7E0));
#2668=CARTESIAN_POINT('',(-2.635E0,3.835E0,-4.7E0));
#2669=VERTEX_POINT('',#2667);
#2670=VERTEX_POINT('',#2668);
#2671=CARTESIAN_POINT('',(-1.565E0,2.765E0,-1.28E1));
#2672=CARTESIAN_POINT('',(-1.565E0,3.835E0,-1.28E1));
#2673=VERTEX_POINT('',#2671);
#2674=VERTEX_POINT('',#2672);
#2675=CARTESIAN_POINT('',(-2.635E0,2.765E0,-1.28E1));
#2676=CARTESIAN_POINT('',(-2.635E0,3.835E0,-1.28E1));
#2677=VERTEX_POINT('',#2675);
#2678=VERTEX_POINT('',#2676);
#2679=CARTESIAN_POINT('',(-1.565E0,2.765E0,-1.E1));
#2680=CARTESIAN_POINT('',(-1.565E0,3.835E0,-1.E1));
#2681=VERTEX_POINT('',#2679);
#2682=VERTEX_POINT('',#2680);
#2683=CARTESIAN_POINT('',(-2.635E0,2.765E0,-1.E1));
#2684=CARTESIAN_POINT('',(-2.635E0,3.835E0,-1.E1));
#2685=VERTEX_POINT('',#2683);
#2686=VERTEX_POINT('',#2684);
#2687=CARTESIAN_POINT('',(-5.765E0,3.835E0,-1.3065E1));
#2688=CARTESIAN_POINT('',(-5.765E0,2.465E0,-1.4435E1));
#2689=VERTEX_POINT('',#2687);
#2690=VERTEX_POINT('',#2688);
#2691=CARTESIAN_POINT('',(-5.765E0,-3.3E0,-1.4435E1));
#2692=VERTEX_POINT('',#2691);
#2693=CARTESIAN_POINT('',(-5.765E0,-3.3E0,-1.3365E1));
#2694=VERTEX_POINT('',#2693);
#2695=CARTESIAN_POINT('',(-5.765E0,2.465E0,-1.3365E1));
#2696=VERTEX_POINT('',#2695);
#2697=CARTESIAN_POINT('',(-5.765E0,2.765E0,-1.3065E1));
#2698=VERTEX_POINT('',#2697);
#2699=CARTESIAN_POINT('',(-5.765E0,2.765E0,-4.7E0));
#2700=CARTESIAN_POINT('',(-5.765E0,3.835E0,-4.7E0));
#2701=VERTEX_POINT('',#2699);
#2702=VERTEX_POINT('',#2700);
#2703=CARTESIAN_POINT('',(-6.835E0,3.835E0,-1.3065E1));
#2704=CARTESIAN_POINT('',(-6.835E0,2.465E0,-1.4435E1));
#2705=VERTEX_POINT('',#2703);
#2706=VERTEX_POINT('',#2704);
#2707=CARTESIAN_POINT('',(-6.835E0,-3.3E0,-1.4435E1));
#2708=VERTEX_POINT('',#2707);
#2709=CARTESIAN_POINT('',(-6.835E0,-3.3E0,-1.3365E1));
#2710=VERTEX_POINT('',#2709);
#2711=CARTESIAN_POINT('',(-6.835E0,2.465E0,-1.3365E1));
#2712=VERTEX_POINT('',#2711);
#2713=CARTESIAN_POINT('',(-6.835E0,2.765E0,-1.3065E1));
#2714=VERTEX_POINT('',#2713);
#2715=CARTESIAN_POINT('',(-6.835E0,2.765E0,-4.7E0));
#2716=CARTESIAN_POINT('',(-6.835E0,3.835E0,-4.7E0));
#2717=VERTEX_POINT('',#2715);
#2718=VERTEX_POINT('',#2716);
#2719=CARTESIAN_POINT('',(-5.765E0,2.765E0,-1.28E1));
#2720=CARTESIAN_POINT('',(-5.765E0,3.835E0,-1.28E1));
#2721=VERTEX_POINT('',#2719);
#2722=VERTEX_POINT('',#2720);
#2723=CARTESIAN_POINT('',(-6.835E0,2.765E0,-1.28E1));
#2724=CARTESIAN_POINT('',(-6.835E0,3.835E0,-1.28E1));
#2725=VERTEX_POINT('',#2723);
#2726=VERTEX_POINT('',#2724);
#2727=CARTESIAN_POINT('',(-5.765E0,3.835E0,-1.E1));
#2728=VERTEX_POINT('',#2727);
#2729=CARTESIAN_POINT('',(-5.765E0,2.765E0,-1.E1));
#2730=VERTEX_POINT('',#2729);
#2731=CARTESIAN_POINT('',(-6.835E0,3.835E0,-1.E1));
#2732=VERTEX_POINT('',#2731);
#2733=CARTESIAN_POINT('',(-6.835E0,2.765E0,-1.E1));
#2734=VERTEX_POINT('',#2733);
#2735=CARTESIAN_POINT('',(0.E0,0.E0,0.E0));
#2736=DIRECTION('',(0.E0,0.E0,-1.E0));
#2737=DIRECTION('',(-1.E0,0.E0,0.E0));
#2738=AXIS2_PLACEMENT_3D('',#2735,#2736,#2737);
#2739=PLANE('',#2738);
#2741=ORIENTED_EDGE('',*,*,#2740,.F.);
#2743=ORIENTED_EDGE('',*,*,#2742,.T.);
#2745=ORIENTED_EDGE('',*,*,#2744,.F.);
#2747=ORIENTED_EDGE('',*,*,#2746,.T.);
#2749=ORIENTED_EDGE('',*,*,#2748,.F.);
#2751=ORIENTED_EDGE('',*,*,#2750,.T.);
#2753=ORIENTED_EDGE('',*,*,#2752,.T.);
#2755=ORIENTED_EDGE('',*,*,#2754,.T.);
#2757=ORIENTED_EDGE('',*,*,#2756,.F.);
#2759=ORIENTED_EDGE('',*,*,#2758,.T.);
#2761=ORIENTED_EDGE('',*,*,#2760,.T.);
#2763=ORIENTED_EDGE('',*,*,#2762,.T.);
#2764=EDGE_LOOP('',(#2741,#2743,#2745,#2747,#2749,#2751,#2753,#2755,#2757,#2759,
#2761,#2763));
#2765=FACE_OUTER_BOUND('',#2764,.F.);
#2767=ORIENTED_EDGE('',*,*,#2766,.T.);
#2769=ORIENTED_EDGE('',*,*,#2768,.T.);
#2771=ORIENTED_EDGE('',*,*,#2770,.T.);
#2773=ORIENTED_EDGE('',*,*,#2772,.T.);
#2775=ORIENTED_EDGE('',*,*,#2774,.T.);
#2777=ORIENTED_EDGE('',*,*,#2776,.T.);
#2778=EDGE_LOOP('',(#2767,#2769,#2771,#2773,#2775,#2777));
#2779=FACE_BOUND('',#2778,.F.);
#2781=ORIENTED_EDGE('',*,*,#2780,.T.);
#2783=ORIENTED_EDGE('',*,*,#2782,.T.);
#2785=ORIENTED_EDGE('',*,*,#2784,.T.);
#2787=ORIENTED_EDGE('',*,*,#2786,.T.);
#2788=EDGE_LOOP('',(#2781,#2783,#2785,#2787));
#2789=FACE_BOUND('',#2788,.F.);
#2791=ORIENTED_EDGE('',*,*,#2790,.T.);
#2793=ORIENTED_EDGE('',*,*,#2792,.T.);
#2795=ORIENTED_EDGE('',*,*,#2794,.T.);
#2797=ORIENTED_EDGE('',*,*,#2796,.T.);
#2799=ORIENTED_EDGE('',*,*,#2798,.T.);
#2801=ORIENTED_EDGE('',*,*,#2800,.T.);
#2802=EDGE_LOOP('',(#2791,#2793,#2795,#2797,#2799,#2801));
#2803=FACE_BOUND('',#2802,.F.);
#2805=ORIENTED_EDGE('',*,*,#2804,.T.);
#2807=ORIENTED_EDGE('',*,*,#2806,.T.);
#2809=ORIENTED_EDGE('',*,*,#2808,.T.);
#2811=ORIENTED_EDGE('',*,*,#2810,.T.);
#2813=ORIENTED_EDGE('',*,*,#2812,.T.);
#2815=ORIENTED_EDGE('',*,*,#2814,.T.);
#2816=EDGE_LOOP('',(#2805,#2807,#2809,#2811,#2813,#2815));
#2817=FACE_BOUND('',#2816,.F.);
#2819=ORIENTED_EDGE('',*,*,#2818,.T.);
#2821=ORIENTED_EDGE('',*,*,#2820,.T.);
#2823=ORIENTED_EDGE('',*,*,#2822,.T.);
#2825=ORIENTED_EDGE('',*,*,#2824,.T.);
#2826=EDGE_LOOP('',(#2819,#2821,#2823,#2825));
#2827=FACE_BOUND('',#2826,.F.);
#2829=ORIENTED_EDGE('',*,*,#2828,.T.);
#2831=ORIENTED_EDGE('',*,*,#2830,.T.);
#2833=ORIENTED_EDGE('',*,*,#2832,.T.);
#2835=ORIENTED_EDGE('',*,*,#2834,.T.);
#2837=ORIENTED_EDGE('',*,*,#2836,.T.);
#2839=ORIENTED_EDGE('',*,*,#2838,.T.);
#2840=EDGE_LOOP('',(#2829,#2831,#2833,#2835,#2837,#2839));
#2841=FACE_BOUND('',#2840,.F.);
#2843=ORIENTED_EDGE('',*,*,#2842,.T.);
#2845=ORIENTED_EDGE('',*,*,#2844,.T.);
#2847=ORIENTED_EDGE('',*,*,#2846,.T.);
#2849=ORIENTED_EDGE('',*,*,#2848,.T.);
#2850=EDGE_LOOP('',(#2843,#2845,#2847,#2849));
#2851=FACE_BOUND('',#2850,.F.);
#2853=ORIENTED_EDGE('',*,*,#2852,.T.);
#2855=ORIENTED_EDGE('',*,*,#2854,.T.);
#2857=ORIENTED_EDGE('',*,*,#2856,.T.);
#2859=ORIENTED_EDGE('',*,*,#2858,.T.);
#2860=EDGE_LOOP('',(#2853,#2855,#2857,#2859));
#2861=FACE_BOUND('',#2860,.F.);
#2862=ADVANCED_FACE('',(#2765,#2779,#2789,#2803,#2817,#2827,#2841,#2851,#2861),
#2739,.F.);
#2863=CARTESIAN_POINT('',(4.4E0,4.9E0,0.E0));
#2864=DIRECTION('',(-1.E0,0.E0,0.E0));
#2865=DIRECTION('',(0.E0,-1.E0,0.E0));
#2866=AXIS2_PLACEMENT_3D('',#2863,#2864,#2865);
#2867=PLANE('',#2866);
#2868=ORIENTED_EDGE('',*,*,#2852,.F.);
#2870=ORIENTED_EDGE('',*,*,#2869,.T.);
#2872=ORIENTED_EDGE('',*,*,#2871,.T.);
#2874=ORIENTED_EDGE('',*,*,#2873,.F.);
#2875=EDGE_LOOP('',(#2868,#2870,#2872,#2874));
#2876=FACE_OUTER_BOUND('',#2875,.F.);
#2877=ADVANCED_FACE('',(#2876),#2867,.F.);
#2878=CARTESIAN_POINT('',(8.2E0,4.9E0,0.E0));
#2879=DIRECTION('',(0.E0,1.E0,0.E0));
#2880=DIRECTION('',(-1.E0,0.E0,0.E0));
#2881=AXIS2_PLACEMENT_3D('',#2878,#2879,#2880);
#2882=PLANE('',#2881);
#2883=ORIENTED_EDGE('',*,*,#2858,.F.);
#2885=ORIENTED_EDGE('',*,*,#2884,.T.);
#2887=ORIENTED_EDGE('',*,*,#2886,.T.);
#2888=ORIENTED_EDGE('',*,*,#2869,.F.);
#2889=EDGE_LOOP('',(#2883,#2885,#2887,#2888));
#2890=FACE_OUTER_BOUND('',#2889,.F.);
#2891=ADVANCED_FACE('',(#2890),#2882,.F.);
#2892=CARTESIAN_POINT('',(8.2E0,1.3E0,0.E0));
#2893=DIRECTION('',(1.E0,0.E0,0.E0));
#2894=DIRECTION('',(0.E0,1.E0,0.E0));
#2895=AXIS2_PLACEMENT_3D('',#2892,#2893,#2894);
#2896=PLANE('',#2895);
#2897=ORIENTED_EDGE('',*,*,#2856,.F.);
#2899=ORIENTED_EDGE('',*,*,#2898,.T.);
#2901=ORIENTED_EDGE('',*,*,#2900,.T.);
#2902=ORIENTED_EDGE('',*,*,#2884,.F.);
#2903=EDGE_LOOP('',(#2897,#2899,#2901,#2902));
#2904=FACE_OUTER_BOUND('',#2903,.F.);
#2905=ADVANCED_FACE('',(#2904),#2896,.F.);
#2906=CARTESIAN_POINT('',(4.4E0,1.3E0,0.E0));
#2907=DIRECTION('',(0.E0,-1.E0,0.E0));
#2908=DIRECTION('',(1.E0,0.E0,0.E0));
#2909=AXIS2_PLACEMENT_3D('',#2906,#2907,#2908);
#2910=PLANE('',#2909);
#2911=ORIENTED_EDGE('',*,*,#2854,.F.);
#2912=ORIENTED_EDGE('',*,*,#2873,.T.);
#2914=ORIENTED_EDGE('',*,*,#2913,.T.);
#2915=ORIENTED_EDGE('',*,*,#2898,.F.);
#2916=EDGE_LOOP('',(#2911,#2912,#2914,#2915));
#2917=FACE_OUTER_BOUND('',#2916,.F.);
#2918=ADVANCED_FACE('',(#2917),#2910,.F.);
#2919=CARTESIAN_POINT('',(0.E0,0.E0,-1.E1));
#2920=DIRECTION('',(0.E0,0.E0,1.E0));
#2921=DIRECTION('',(1.E0,0.E0,0.E0));
#2922=AXIS2_PLACEMENT_3D('',#2919,#2920,#2921);
#2923=PLANE('',#2922);
#2924=ORIENTED_EDGE('',*,*,#2871,.F.);
#2925=ORIENTED_EDGE('',*,*,#2886,.F.);
#2926=ORIENTED_EDGE('',*,*,#2900,.F.);
#2927=ORIENTED_EDGE('',*,*,#2913,.F.);
#2928=EDGE_LOOP('',(#2924,#2925,#2926,#2927));
#2929=FACE_OUTER_BOUND('',#2928,.F.);
#2931=ORIENTED_EDGE('',*,*,#2930,.T.);
#2933=ORIENTED_EDGE('',*,*,#2932,.T.);
#2935=ORIENTED_EDGE('',*,*,#2934,.F.);
#2937=ORIENTED_EDGE('',*,*,#2936,.F.);
#2938=EDGE_LOOP('',(#2931,#2933,#2935,#2937));
#2939=FACE_BOUND('',#2938,.F.);
#2940=ADVANCED_FACE('',(#2929,#2939),#2923,.T.);
#2941=CARTESIAN_POINT('',(0.E0,0.E0,-1.E1));
#2942=DIRECTION('',(0.E0,0.E0,1.E0));
#2943=DIRECTION('',(1.E0,0.E0,0.E0));
#2944=AXIS2_PLACEMENT_3D('',#2941,#2942,#2943);
#2945=PLANE('',#2944);
#2947=ORIENTED_EDGE('',*,*,#2946,.F.);
#2949=ORIENTED_EDGE('',*,*,#2948,.F.);
#2951=ORIENTED_EDGE('',*,*,#2950,.F.);
#2953=ORIENTED_EDGE('',*,*,#2952,.F.);
#2955=ORIENTED_EDGE('',*,*,#2954,.F.);
#2957=ORIENTED_EDGE('',*,*,#2956,.F.);
#2958=EDGE_LOOP('',(#2947,#2949,#2951,#2953,#2955,#2957));
#2959=FACE_OUTER_BOUND('',#2958,.F.);
#2961=ORIENTED_EDGE('',*,*,#2960,.T.);
#2963=ORIENTED_EDGE('',*,*,#2962,.T.);
#2965=ORIENTED_EDGE('',*,*,#2964,.F.);
#2967=ORIENTED_EDGE('',*,*,#2966,.F.);
#2968=EDGE_LOOP('',(#2961,#2963,#2965,#2967));
#2969=FACE_BOUND('',#2968,.F.);
#2970=ADVANCED_FACE('',(#2959,#2969),#2945,.T.);
#2971=CARTESIAN_POINT('',(4.4E0,9.1E0,0.E0));
#2972=DIRECTION('',(-1.E0,0.E0,0.E0));
#2973=DIRECTION('',(0.E0,-1.E0,0.E0));
#2974=AXIS2_PLACEMENT_3D('',#2971,#2972,#2973);
#2975=PLANE('',#2974);
#2976=ORIENTED_EDGE('',*,*,#2766,.F.);
#2978=ORIENTED_EDGE('',*,*,#2977,.T.);
#2979=ORIENTED_EDGE('',*,*,#2946,.T.);
#2981=ORIENTED_EDGE('',*,*,#2980,.F.);
#2982=EDGE_LOOP('',(#2976,#2978,#2979,#2981));
#2983=FACE_OUTER_BOUND('',#2982,.F.);
#2984=ADVANCED_FACE('',(#2983),#2975,.F.);
#2985=CARTESIAN_POINT('',(8.2E0,9.1E0,0.E0));
#2986=DIRECTION('',(0.E0,1.E0,0.E0));
#2987=DIRECTION('',(-1.E0,0.E0,0.E0));
#2988=AXIS2_PLACEMENT_3D('',#2985,#2986,#2987);
#2989=PLANE('',#2988);
#2990=ORIENTED_EDGE('',*,*,#2776,.F.);
#2992=ORIENTED_EDGE('',*,*,#2991,.T.);
#2993=ORIENTED_EDGE('',*,*,#2948,.T.);
#2994=ORIENTED_EDGE('',*,*,#2977,.F.);
#2995=EDGE_LOOP('',(#2990,#2992,#2993,#2994));
#2996=FACE_OUTER_BOUND('',#2995,.F.);
#2997=ADVANCED_FACE('',(#2996),#2989,.F.);
#2998=CARTESIAN_POINT('',(8.2E0,6.3E0,0.E0));
#2999=DIRECTION('',(1.E0,0.E0,0.E0));
#3000=DIRECTION('',(0.E0,1.E0,0.E0));
#3001=AXIS2_PLACEMENT_3D('',#2998,#2999,#3000);
#3002=PLANE('',#3001);
#3003=ORIENTED_EDGE('',*,*,#2774,.F.);
#3005=ORIENTED_EDGE('',*,*,#3004,.T.);
#3006=ORIENTED_EDGE('',*,*,#2950,.T.);
#3007=ORIENTED_EDGE('',*,*,#2991,.F.);
#3008=EDGE_LOOP('',(#3003,#3005,#3006,#3007));
#3009=FACE_OUTER_BOUND('',#3008,.F.);
#3010=ADVANCED_FACE('',(#3009),#3002,.F.);
#3011=CARTESIAN_POINT('',(7.4E0,5.5E0,0.E0));
#3012=DIRECTION('',(7.071067811865E-1,-7.071067811865E-1,0.E0));
#3013=DIRECTION('',(7.071067811865E-1,7.071067811865E-1,0.E0));
#3014=AXIS2_PLACEMENT_3D('',#3011,#3012,#3013);
#3015=PLANE('',#3014);
#3016=ORIENTED_EDGE('',*,*,#2772,.F.);
#3018=ORIENTED_EDGE('',*,*,#3017,.T.);
#3019=ORIENTED_EDGE('',*,*,#2952,.T.);
#3020=ORIENTED_EDGE('',*,*,#3004,.F.);
#3021=EDGE_LOOP('',(#3016,#3018,#3019,#3020));
#3022=FACE_OUTER_BOUND('',#3021,.F.);
#3023=ADVANCED_FACE('',(#3022),#3015,.F.);
#3024=CARTESIAN_POINT('',(5.2E0,5.5E0,0.E0));
#3025=DIRECTION('',(0.E0,-1.E0,0.E0));
#3026=DIRECTION('',(1.E0,0.E0,0.E0));
#3027=AXIS2_PLACEMENT_3D('',#3024,#3025,#3026);
#3028=PLANE('',#3027);
#3029=ORIENTED_EDGE('',*,*,#2770,.F.);
#3031=ORIENTED_EDGE('',*,*,#3030,.T.);
#3032=ORIENTED_EDGE('',*,*,#2954,.T.);
#3033=ORIENTED_EDGE('',*,*,#3017,.F.);
#3034=EDGE_LOOP('',(#3029,#3031,#3032,#3033));
#3035=FACE_OUTER_BOUND('',#3034,.F.);
#3036=ADVANCED_FACE('',(#3035),#3028,.F.);
#3037=CARTESIAN_POINT('',(4.4E0,6.3E0,0.E0));
#3038=DIRECTION('',(-7.071067811865E-1,-7.071067811865E-1,0.E0));
#3039=DIRECTION('',(7.071067811865E-1,-7.071067811865E-1,0.E0));
#3040=AXIS2_PLACEMENT_3D('',#3037,#3038,#3039);
#3041=PLANE('',#3040);
#3042=ORIENTED_EDGE('',*,*,#2768,.F.);
#3043=ORIENTED_EDGE('',*,*,#2980,.T.);
#3044=ORIENTED_EDGE('',*,*,#2956,.T.);
#3045=ORIENTED_EDGE('',*,*,#3030,.F.);
#3046=EDGE_LOOP('',(#3042,#3043,#3044,#3045));
#3047=FACE_OUTER_BOUND('',#3046,.F.);
#3048=ADVANCED_FACE('',(#3047),#3041,.F.);
#3049=CARTESIAN_POINT('',(6.835E0,1.E1,0.E0));
#3050=DIRECTION('',(-1.E0,0.E0,0.E0));
#3051=DIRECTION('',(0.E0,0.E0,1.E0));
#3052=AXIS2_PLACEMENT_3D('',#3049,#3050,#3051);
#3053=PLANE('',#3052);
#3055=ORIENTED_EDGE('',*,*,#3054,.T.);
#3057=ORIENTED_EDGE('',*,*,#3056,.T.);
#3059=ORIENTED_EDGE('',*,*,#3058,.T.);
#3061=ORIENTED_EDGE('',*,*,#3060,.T.);
#3063=ORIENTED_EDGE('',*,*,#3062,.T.);
#3065=ORIENTED_EDGE('',*,*,#3064,.T.);
#3067=ORIENTED_EDGE('',*,*,#3066,.T.);
#3069=ORIENTED_EDGE('',*,*,#3068,.T.);
#3070=EDGE_LOOP('',(#3055,#3057,#3059,#3061,#3063,#3065,#3067,#3069));
#3071=FACE_OUTER_BOUND('',#3070,.F.);
#3072=ADVANCED_FACE('',(#3071),#3053,.F.);
#3073=CARTESIAN_POINT('',(6.835E0,1.E1,0.E0));
#3074=DIRECTION('',(-1.E0,0.E0,0.E0));
#3075=DIRECTION('',(0.E0,0.E0,1.E0));
#3076=AXIS2_PLACEMENT_3D('',#3073,#3074,#3075);
#3077=PLANE('',#3076);
#3078=ORIENTED_EDGE('',*,*,#2960,.F.);
#3080=ORIENTED_EDGE('',*,*,#3079,.T.);
#3082=ORIENTED_EDGE('',*,*,#3081,.T.);
#3084=ORIENTED_EDGE('',*,*,#3083,.T.);
#3085=EDGE_LOOP('',(#3078,#3080,#3082,#3084));
#3086=FACE_OUTER_BOUND('',#3085,.F.);
#3087=ADVANCED_FACE('',(#3086),#3077,.F.);
#3088=CARTESIAN_POINT('',(0.E0,0.E0,-1.28E1));
#3089=DIRECTION('',(0.E0,0.E0,-1.E0));
#3090=DIRECTION('',(-1.E0,0.E0,0.E0));
#3091=AXIS2_PLACEMENT_3D('',#3088,#3089,#3090);
#3092=PLANE('',#3091);
#3094=ORIENTED_EDGE('',*,*,#3093,.T.);
#3096=ORIENTED_EDGE('',*,*,#3095,.T.);
#3098=ORIENTED_EDGE('',*,*,#3097,.F.);
#3100=ORIENTED_EDGE('',*,*,#3099,.T.);
#3102=ORIENTED_EDGE('',*,*,#3101,.T.);
#3104=ORIENTED_EDGE('',*,*,#3103,.F.);
#3106=ORIENTED_EDGE('',*,*,#3105,.F.);
#3108=ORIENTED_EDGE('',*,*,#3107,.F.);
#3110=ORIENTED_EDGE('',*,*,#3109,.F.);
#3112=ORIENTED_EDGE('',*,*,#3111,.F.);
#3113=EDGE_LOOP('',(#3094,#3096,#3098,#3100,#3102,#3104,#3106,#3108,#3110,
#3112));
#3114=FACE_OUTER_BOUND('',#3113,.F.);
#3115=ORIENTED_EDGE('',*,*,#3054,.F.);
#3117=ORIENTED_EDGE('',*,*,#3116,.T.);
#3119=ORIENTED_EDGE('',*,*,#3118,.T.);
#3121=ORIENTED_EDGE('',*,*,#3120,.F.);
#3122=EDGE_LOOP('',(#3115,#3117,#3119,#3121));
#3123=FACE_BOUND('',#3122,.F.);
#3125=ORIENTED_EDGE('',*,*,#3124,.F.);
#3127=ORIENTED_EDGE('',*,*,#3126,.T.);
#3129=ORIENTED_EDGE('',*,*,#3128,.T.);
#3131=ORIENTED_EDGE('',*,*,#3130,.F.);
#3132=EDGE_LOOP('',(#3125,#3127,#3129,#3131));
#3133=FACE_BOUND('',#3132,.F.);
#3135=ORIENTED_EDGE('',*,*,#3134,.F.);
#3137=ORIENTED_EDGE('',*,*,#3136,.T.);
#3139=ORIENTED_EDGE('',*,*,#3138,.T.);
#3141=ORIENTED_EDGE('',*,*,#3140,.F.);
#3142=EDGE_LOOP('',(#3135,#3137,#3139,#3141));
#3143=FACE_BOUND('',#3142,.F.);
#3145=ORIENTED_EDGE('',*,*,#3144,.F.);
#3147=ORIENTED_EDGE('',*,*,#3146,.T.);
#3149=ORIENTED_EDGE('',*,*,#3148,.T.);
#3151=ORIENTED_EDGE('',*,*,#3150,.F.);
#3152=EDGE_LOOP('',(#3145,#3147,#3149,#3151));
#3153=FACE_BOUND('',#3152,.F.);
#3155=ORIENTED_EDGE('',*,*,#3154,.F.);
#3157=ORIENTED_EDGE('',*,*,#3156,.T.);
#3159=ORIENTED_EDGE('',*,*,#3158,.T.);
#3161=ORIENTED_EDGE('',*,*,#3160,.F.);
#3162=EDGE_LOOP('',(#3155,#3157,#3159,#3161));
#3163=FACE_BOUND('',#3162,.F.);
#3165=ORIENTED_EDGE('',*,*,#3164,.F.);
#3167=ORIENTED_EDGE('',*,*,#3166,.T.);
#3169=ORIENTED_EDGE('',*,*,#3168,.T.);
#3171=ORIENTED_EDGE('',*,*,#3170,.F.);
#3172=EDGE_LOOP('',(#3165,#3167,#3169,#3171));
#3173=FACE_BOUND('',#3172,.F.);
#3175=ORIENTED_EDGE('',*,*,#3174,.F.);
#3177=ORIENTED_EDGE('',*,*,#3176,.T.);
#3179=ORIENTED_EDGE('',*,*,#3178,.T.);
#3181=ORIENTED_EDGE('',*,*,#3180,.F.);
#3182=EDGE_LOOP('',(#3175,#3177,#3179,#3181));
#3183=FACE_BOUND('',#3182,.F.);
#3185=ORIENTED_EDGE('',*,*,#3184,.F.);
#3187=ORIENTED_EDGE('',*,*,#3186,.T.);
#3189=ORIENTED_EDGE('',*,*,#3188,.T.);
#3191=ORIENTED_EDGE('',*,*,#3190,.F.);
#3192=EDGE_LOOP('',(#3185,#3187,#3189,#3191));
#3193=FACE_BOUND('',#3192,.F.);
#3194=ADVANCED_FACE('',(#3114,#3123,#3133,#3143,#3153,#3163,#3173,#3183,#3193),
#3092,.T.);
#3195=CARTESIAN_POINT('',(0.E0,0.E0,-1.28E1));
#3196=DIRECTION('',(0.E0,0.E0,-1.E0));
#3197=DIRECTION('',(-1.E0,0.E0,0.E0));
#3198=AXIS2_PLACEMENT_3D('',#3195,#3196,#3197);
#3199=PLANE('',#3198);
#3201=ORIENTED_EDGE('',*,*,#3200,.T.);
#3203=ORIENTED_EDGE('',*,*,#3202,.T.);
#3205=ORIENTED_EDGE('',*,*,#3204,.F.);
#3207=ORIENTED_EDGE('',*,*,#3206,.F.);
#3209=ORIENTED_EDGE('',*,*,#3208,.F.);
#3211=ORIENTED_EDGE('',*,*,#3210,.F.);
#3212=EDGE_LOOP('',(#3201,#3203,#3205,#3207,#3209,#3211));
#3213=FACE_OUTER_BOUND('',#3212,.F.);
#3214=ADVANCED_FACE('',(#3213),#3199,.T.);
#3215=CARTESIAN_POINT('',(0.E0,0.E0,-1.28E1));
#3216=DIRECTION('',(0.E0,0.E0,-1.E0));
#3217=DIRECTION('',(-1.E0,0.E0,0.E0));
#3218=AXIS2_PLACEMENT_3D('',#3215,#3216,#3217);
#3219=PLANE('',#3218);
#3221=ORIENTED_EDGE('',*,*,#3220,.T.);
#3223=ORIENTED_EDGE('',*,*,#3222,.F.);
#3224=EDGE_LOOP('',(#3221,#3223));
#3225=FACE_OUTER_BOUND('',#3224,.F.);
#3226=ADVANCED_FACE('',(#3225),#3219,.T.);
#3227=CARTESIAN_POINT('',(0.E0,0.E0,-1.28E1));
#3228=DIRECTION('',(0.E0,0.E0,-1.E0));
#3229=DIRECTION('',(-1.E0,0.E0,0.E0));
#3230=AXIS2_PLACEMENT_3D('',#3227,#3228,#3229);
#3231=PLANE('',#3230);
#3233=ORIENTED_EDGE('',*,*,#3232,.T.);
#3235=ORIENTED_EDGE('',*,*,#3234,.T.);
#3237=ORIENTED_EDGE('',*,*,#3236,.F.);
#3239=ORIENTED_EDGE('',*,*,#3238,.F.);
#3241=ORIENTED_EDGE('',*,*,#3240,.F.);
#3243=ORIENTED_EDGE('',*,*,#3242,.F.);
#3244=EDGE_LOOP('',(#3233,#3235,#3237,#3239,#3241,#3243));
#3245=FACE_OUTER_BOUND('',#3244,.F.);
#3246=ADVANCED_FACE('',(#3245),#3231,.T.);
#3247=CARTESIAN_POINT('',(6.835E0,6.965E0,-1.8365E1));
#3248=DIRECTION('',(0.E0,-1.E0,0.E0));
#3249=DIRECTION('',(0.E0,0.E0,1.E0));
#3250=AXIS2_PLACEMENT_3D('',#3247,#3248,#3249);
#3251=PLANE('',#3250);
#3252=ORIENTED_EDGE('',*,*,#3116,.F.);
#3253=ORIENTED_EDGE('',*,*,#3068,.F.);
#3255=ORIENTED_EDGE('',*,*,#3254,.T.);
#3257=ORIENTED_EDGE('',*,*,#3256,.T.);
#3258=EDGE_LOOP('',(#3252,#3253,#3255,#3257));
#3259=FACE_OUTER_BOUND('',#3258,.F.);
#3260=ADVANCED_FACE('',(#3259),#3251,.T.);
#3261=CARTESIAN_POINT('',(6.835E0,6.965E0,-1.8365E1));
#3262=DIRECTION('',(0.E0,-1.E0,0.E0));
#3263=DIRECTION('',(0.E0,0.E0,1.E0));
#3264=AXIS2_PLACEMENT_3D('',#3261,#3262,#3263);
#3265=PLANE('',#3264);
#3266=ORIENTED_EDGE('',*,*,#2966,.T.);
#3268=ORIENTED_EDGE('',*,*,#3267,.T.);
#3270=ORIENTED_EDGE('',*,*,#3269,.F.);
#3271=ORIENTED_EDGE('',*,*,#3079,.F.);
#3272=EDGE_LOOP('',(#3266,#3268,#3270,#3271));
#3273=FACE_OUTER_BOUND('',#3272,.F.);
#3274=ADVANCED_FACE('',(#3273),#3265,.T.);
#3275=CARTESIAN_POINT('',(6.835E0,6.465E0,-1.8365E1));
#3276=DIRECTION('',(-1.E0,0.E0,0.E0));
#3277=DIRECTION('',(0.E0,0.E0,1.E0));
#3278=AXIS2_PLACEMENT_3D('',#3275,#3276,#3277);
#3279=CYLINDRICAL_SURFACE('',#3278,5.E-1);
#3280=ORIENTED_EDGE('',*,*,#3066,.F.);
#3282=ORIENTED_EDGE('',*,*,#3281,.T.);
#3284=ORIENTED_EDGE('',*,*,#3283,.T.);
#3285=ORIENTED_EDGE('',*,*,#3254,.F.);
#3286=EDGE_LOOP('',(#3280,#3282,#3284,#3285));
#3287=FACE_OUTER_BOUND('',#3286,.F.);
#3288=ADVANCED_FACE('',(#3287),#3279,.F.);
#3289=CARTESIAN_POINT('',(6.835E0,-3.3E0,-1.8865E1));
#3290=DIRECTION('',(0.E0,0.E0,1.E0));
#3291=DIRECTION('',(0.E0,1.E0,0.E0));
#3292=AXIS2_PLACEMENT_3D('',#3289,#3290,#3291);
#3293=PLANE('',#3292);
#3294=ORIENTED_EDGE('',*,*,#3064,.F.);
#3296=ORIENTED_EDGE('',*,*,#3295,.T.);
#3298=ORIENTED_EDGE('',*,*,#3297,.T.);
#3299=ORIENTED_EDGE('',*,*,#3281,.F.);
#3300=EDGE_LOOP('',(#3294,#3296,#3298,#3299));
#3301=FACE_OUTER_BOUND('',#3300,.F.);
#3302=ADVANCED_FACE('',(#3301),#3293,.T.);
#3303=CARTESIAN_POINT('',(6.835E0,-3.3E0,-1.9935E1));
#3304=DIRECTION('',(0.E0,-1.E0,0.E0));
#3305=DIRECTION('',(0.E0,0.E0,1.E0));
#3306=AXIS2_PLACEMENT_3D('',#3303,#3304,#3305);
#3307=PLANE('',#3306);
#3308=ORIENTED_EDGE('',*,*,#3062,.F.);
#3310=ORIENTED_EDGE('',*,*,#3309,.T.);
#3312=ORIENTED_EDGE('',*,*,#3311,.T.);
#3313=ORIENTED_EDGE('',*,*,#3295,.F.);
#3314=EDGE_LOOP('',(#3308,#3310,#3312,#3313));
#3315=FACE_OUTER_BOUND('',#3314,.F.);
#3316=ADVANCED_FACE('',(#3315),#3307,.T.);
#3317=CARTESIAN_POINT('',(6.835E0,6.465E0,-1.9935E1));
#3318=DIRECTION('',(0.E0,0.E0,-1.E0));
#3319=DIRECTION('',(0.E0,-1.E0,0.E0));
#3320=AXIS2_PLACEMENT_3D('',#3317,#3318,#3319);
#3321=PLANE('',#3320);
#3322=ORIENTED_EDGE('',*,*,#3060,.F.);
#3324=ORIENTED_EDGE('',*,*,#3323,.T.);
#3326=ORIENTED_EDGE('',*,*,#3325,.T.);
#3327=ORIENTED_EDGE('',*,*,#3309,.F.);
#3328=EDGE_LOOP('',(#3322,#3324,#3326,#3327));
#3329=FACE_OUTER_BOUND('',#3328,.F.);
#3330=ADVANCED_FACE('',(#3329),#3321,.T.);
#3331=CARTESIAN_POINT('',(6.835E0,6.465E0,-1.8365E1));
#3332=DIRECTION('',(-1.E0,0.E0,0.E0));
#3333=DIRECTION('',(0.E0,0.E0,1.E0));
#3334=AXIS2_PLACEMENT_3D('',#3331,#3332,#3333);
#3335=CYLINDRICAL_SURFACE('',#3334,1.57E0);
#3336=ORIENTED_EDGE('',*,*,#3058,.F.);
#3338=ORIENTED_EDGE('',*,*,#3337,.T.);
#3340=ORIENTED_EDGE('',*,*,#3339,.T.);
#3341=ORIENTED_EDGE('',*,*,#3323,.F.);
#3342=EDGE_LOOP('',(#3336,#3338,#3340,#3341));
#3343=FACE_OUTER_BOUND('',#3342,.F.);
#3344=ADVANCED_FACE('',(#3343),#3335,.T.);
#3345=CARTESIAN_POINT('',(6.835E0,8.035E0,-4.7E0));
#3346=DIRECTION('',(0.E0,1.E0,0.E0));
#3347=DIRECTION('',(0.E0,0.E0,-1.E0));
#3348=AXIS2_PLACEMENT_3D('',#3345,#3346,#3347);
#3349=PLANE('',#3348);
#3350=ORIENTED_EDGE('',*,*,#3120,.T.);
#3352=ORIENTED_EDGE('',*,*,#3351,.T.);
#3353=ORIENTED_EDGE('',*,*,#3337,.F.);
#3354=ORIENTED_EDGE('',*,*,#3056,.F.);
#3355=EDGE_LOOP('',(#3350,#3352,#3353,#3354));
#3356=FACE_OUTER_BOUND('',#3355,.F.);
#3357=ADVANCED_FACE('',(#3356),#3349,.T.);
#3358=CARTESIAN_POINT('',(6.835E0,8.035E0,-4.7E0));
#3359=DIRECTION('',(0.E0,1.E0,0.E0));
#3360=DIRECTION('',(0.E0,0.E0,-1.E0));
#3361=AXIS2_PLACEMENT_3D('',#3358,#3359,#3360);
#3362=PLANE('',#3361);
#3363=ORIENTED_EDGE('',*,*,#2962,.F.);
#3364=ORIENTED_EDGE('',*,*,#3083,.F.);
#3366=ORIENTED_EDGE('',*,*,#3365,.T.);
#3368=ORIENTED_EDGE('',*,*,#3367,.T.);
#3369=EDGE_LOOP('',(#3363,#3364,#3366,#3368));
#3370=FACE_OUTER_BOUND('',#3369,.F.);
#3371=ADVANCED_FACE('',(#3370),#3362,.T.);
#3372=CARTESIAN_POINT('',(5.765E0,1.E1,0.E0));
#3373=DIRECTION('',(-1.E0,0.E0,0.E0));
#3374=DIRECTION('',(0.E0,0.E0,1.E0));
#3375=AXIS2_PLACEMENT_3D('',#3372,#3373,#3374);
#3376=PLANE('',#3375);
#3377=ORIENTED_EDGE('',*,*,#3118,.F.);
#3378=ORIENTED_EDGE('',*,*,#3256,.F.);
#3379=ORIENTED_EDGE('',*,*,#3283,.F.);
#3380=ORIENTED_EDGE('',*,*,#3297,.F.);
#3381=ORIENTED_EDGE('',*,*,#3311,.F.);
#3382=ORIENTED_EDGE('',*,*,#3325,.F.);
#3383=ORIENTED_EDGE('',*,*,#3339,.F.);
#3384=ORIENTED_EDGE('',*,*,#3351,.F.);
#3385=EDGE_LOOP('',(#3377,#3378,#3379,#3380,#3381,#3382,#3383,#3384));
#3386=FACE_OUTER_BOUND('',#3385,.F.);
#3387=ADVANCED_FACE('',(#3386),#3376,.T.);
#3388=CARTESIAN_POINT('',(5.765E0,1.E1,0.E0));
#3389=DIRECTION('',(-1.E0,0.E0,0.E0));
#3390=DIRECTION('',(0.E0,0.E0,1.E0));
#3391=AXIS2_PLACEMENT_3D('',#3388,#3389,#3390);
#3392=PLANE('',#3391);
#3393=ORIENTED_EDGE('',*,*,#2964,.T.);
#3394=ORIENTED_EDGE('',*,*,#3367,.F.);
#3396=ORIENTED_EDGE('',*,*,#3395,.F.);
#3397=ORIENTED_EDGE('',*,*,#3267,.F.);
#3398=EDGE_LOOP('',(#3393,#3394,#3396,#3397));
#3399=FACE_OUTER_BOUND('',#3398,.F.);
#3400=ADVANCED_FACE('',(#3399),#3392,.T.);
#3401=CARTESIAN_POINT('',(6.835E0,6.965E0,-4.7E0));
#3402=DIRECTION('',(0.E0,0.E0,1.E0));
#3403=DIRECTION('',(0.E0,1.E0,0.E0));
#3404=AXIS2_PLACEMENT_3D('',#3401,#3402,#3403);
#3405=PLANE('',#3404);
#3406=ORIENTED_EDGE('',*,*,#3081,.F.);
#3407=ORIENTED_EDGE('',*,*,#3269,.T.);
#3408=ORIENTED_EDGE('',*,*,#3395,.T.);
#3409=ORIENTED_EDGE('',*,*,#3365,.F.);
#3410=EDGE_LOOP('',(#3406,#3407,#3408,#3409));
#3411=FACE_OUTER_BOUND('',#3410,.F.);
#3412=ADVANCED_FACE('',(#3411),#3405,.T.);
#3413=CARTESIAN_POINT('',(2.635E0,1.E1,0.E0));
#3414=DIRECTION('',(-1.E0,0.E0,0.E0));
#3415=DIRECTION('',(0.E0,0.E0,1.E0));
#3416=AXIS2_PLACEMENT_3D('',#3413,#3414,#3415);
#3417=PLANE('',#3416);
#3418=ORIENTED_EDGE('',*,*,#3124,.T.);
#3420=ORIENTED_EDGE('',*,*,#3419,.T.);
#3422=ORIENTED_EDGE('',*,*,#3421,.T.);
#3424=ORIENTED_EDGE('',*,*,#3423,.T.);
#3426=ORIENTED_EDGE('',*,*,#3425,.T.);
#3428=ORIENTED_EDGE('',*,*,#3427,.T.);
#3430=ORIENTED_EDGE('',*,*,#3429,.T.);
#3432=ORIENTED_EDGE('',*,*,#3431,.T.);
#3433=EDGE_LOOP('',(#3418,#3420,#3422,#3424,#3426,#3428,#3430,#3432));
#3434=FACE_OUTER_BOUND('',#3433,.F.);
#3435=ADVANCED_FACE('',(#3434),#3417,.F.);
#3436=CARTESIAN_POINT('',(2.635E0,1.E1,0.E0));
#3437=DIRECTION('',(-1.E0,0.E0,0.E0));
#3438=DIRECTION('',(0.E0,0.E0,1.E0));
#3439=AXIS2_PLACEMENT_3D('',#3436,#3437,#3438);
#3440=PLANE('',#3439);
#3442=ORIENTED_EDGE('',*,*,#3441,.F.);
#3444=ORIENTED_EDGE('',*,*,#3443,.T.);
#3446=ORIENTED_EDGE('',*,*,#3445,.T.);
#3448=ORIENTED_EDGE('',*,*,#3447,.T.);
#3449=EDGE_LOOP('',(#3442,#3444,#3446,#3448));
#3450=FACE_OUTER_BOUND('',#3449,.F.);
#3451=ADVANCED_FACE('',(#3450),#3440,.F.);
#3452=CARTESIAN_POINT('',(2.635E0,8.035E0,-4.7E0));
#3453=DIRECTION('',(0.E0,1.E0,0.E0));
#3454=DIRECTION('',(0.E0,0.E0,-1.E0));
#3455=AXIS2_PLACEMENT_3D('',#3452,#3453,#3454);
#3456=PLANE('',#3455);
#3457=ORIENTED_EDGE('',*,*,#3130,.T.);
#3459=ORIENTED_EDGE('',*,*,#3458,.T.);
#3461=ORIENTED_EDGE('',*,*,#3460,.F.);
#3462=ORIENTED_EDGE('',*,*,#3419,.F.);
#3463=EDGE_LOOP('',(#3457,#3459,#3461,#3462));
#3464=FACE_OUTER_BOUND('',#3463,.F.);
#3465=ADVANCED_FACE('',(#3464),#3456,.T.);
#3466=CARTESIAN_POINT('',(2.635E0,8.035E0,-4.7E0));
#3467=DIRECTION('',(0.E0,1.E0,0.E0));
#3468=DIRECTION('',(0.E0,0.E0,-1.E0));
#3469=AXIS2_PLACEMENT_3D('',#3466,#3467,#3468);
#3470=PLANE('',#3469);
#3472=ORIENTED_EDGE('',*,*,#3471,.F.);
#3473=ORIENTED_EDGE('',*,*,#3447,.F.);
#3475=ORIENTED_EDGE('',*,*,#3474,.T.);
#3477=ORIENTED_EDGE('',*,*,#3476,.T.);
#3478=EDGE_LOOP('',(#3472,#3473,#3475,#3477));
#3479=FACE_OUTER_BOUND('',#3478,.F.);
#3480=ADVANCED_FACE('',(#3479),#3470,.T.);
#3481=CARTESIAN_POINT('',(1.565E0,1.E1,0.E0));
#3482=DIRECTION('',(-1.E0,0.E0,0.E0));
#3483=DIRECTION('',(0.E0,0.E0,1.E0));
#3484=AXIS2_PLACEMENT_3D('',#3481,#3482,#3483);
#3485=PLANE('',#3484);
#3486=ORIENTED_EDGE('',*,*,#3128,.F.);
#3488=ORIENTED_EDGE('',*,*,#3487,.F.);
#3490=ORIENTED_EDGE('',*,*,#3489,.F.);
#3492=ORIENTED_EDGE('',*,*,#3491,.F.);
#3494=ORIENTED_EDGE('',*,*,#3493,.F.);
#3496=ORIENTED_EDGE('',*,*,#3495,.F.);
#3498=ORIENTED_EDGE('',*,*,#3497,.F.);
#3499=ORIENTED_EDGE('',*,*,#3458,.F.);
#3500=EDGE_LOOP('',(#3486,#3488,#3490,#3492,#3494,#3496,#3498,#3499));
#3501=FACE_OUTER_BOUND('',#3500,.F.);
#3502=ADVANCED_FACE('',(#3501),#3485,.T.);
#3503=CARTESIAN_POINT('',(1.565E0,1.E1,0.E0));
#3504=DIRECTION('',(-1.E0,0.E0,0.E0));
#3505=DIRECTION('',(0.E0,0.E0,1.E0));
#3506=AXIS2_PLACEMENT_3D('',#3503,#3504,#3505);
#3507=PLANE('',#3506);
#3509=ORIENTED_EDGE('',*,*,#3508,.T.);
#3510=ORIENTED_EDGE('',*,*,#3476,.F.);
#3512=ORIENTED_EDGE('',*,*,#3511,.F.);
#3514=ORIENTED_EDGE('',*,*,#3513,.F.);
#3515=EDGE_LOOP('',(#3509,#3510,#3512,#3514));
#3516=FACE_OUTER_BOUND('',#3515,.F.);
#3517=ADVANCED_FACE('',(#3516),#3507,.T.);
#3518=CARTESIAN_POINT('',(2.635E0,6.965E0,-1.8365E1));
#3519=DIRECTION('',(0.E0,-1.E0,0.E0));
#3520=DIRECTION('',(0.E0,0.E0,1.E0));
#3521=AXIS2_PLACEMENT_3D('',#3518,#3519,#3520);
#3522=PLANE('',#3521);
#3523=ORIENTED_EDGE('',*,*,#3126,.F.);
#3524=ORIENTED_EDGE('',*,*,#3431,.F.);
#3526=ORIENTED_EDGE('',*,*,#3525,.T.);
#3527=ORIENTED_EDGE('',*,*,#3487,.T.);
#3528=EDGE_LOOP('',(#3523,#3524,#3526,#3527));
#3529=FACE_OUTER_BOUND('',#3528,.F.);
#3530=ADVANCED_FACE('',(#3529),#3522,.T.);
#3531=CARTESIAN_POINT('',(2.635E0,6.965E0,-1.8365E1));
#3532=DIRECTION('',(0.E0,-1.E0,0.E0));
#3533=DIRECTION('',(0.E0,0.E0,1.E0));
#3534=AXIS2_PLACEMENT_3D('',#3531,#3532,#3533);
#3535=PLANE('',#3534);
#3537=ORIENTED_EDGE('',*,*,#3536,.T.);
#3538=ORIENTED_EDGE('',*,*,#3513,.T.);
#3540=ORIENTED_EDGE('',*,*,#3539,.F.);
#3541=ORIENTED_EDGE('',*,*,#3443,.F.);
#3542=EDGE_LOOP('',(#3537,#3538,#3540,#3541));
#3543=FACE_OUTER_BOUND('',#3542,.F.);
#3544=ADVANCED_FACE('',(#3543),#3535,.T.);
#3545=CARTESIAN_POINT('',(2.635E0,6.465E0,-1.8365E1));
#3546=DIRECTION('',(-1.E0,0.E0,0.E0));
#3547=DIRECTION('',(0.E0,0.E0,1.E0));
#3548=AXIS2_PLACEMENT_3D('',#3545,#3546,#3547);
#3549=CYLINDRICAL_SURFACE('',#3548,5.E-1);
#3550=ORIENTED_EDGE('',*,*,#3429,.F.);
#3552=ORIENTED_EDGE('',*,*,#3551,.T.);
#3553=ORIENTED_EDGE('',*,*,#3489,.T.);
#3554=ORIENTED_EDGE('',*,*,#3525,.F.);
#3555=EDGE_LOOP('',(#3550,#3552,#3553,#3554));
#3556=FACE_OUTER_BOUND('',#3555,.F.);
#3557=ADVANCED_FACE('',(#3556),#3549,.F.);
#3558=CARTESIAN_POINT('',(2.635E0,-3.3E0,-1.8865E1));
#3559=DIRECTION('',(0.E0,0.E0,1.E0));
#3560=DIRECTION('',(0.E0,1.E0,0.E0));
#3561=AXIS2_PLACEMENT_3D('',#3558,#3559,#3560);
#3562=PLANE('',#3561);
#3563=ORIENTED_EDGE('',*,*,#3427,.F.);
#3565=ORIENTED_EDGE('',*,*,#3564,.T.);
#3566=ORIENTED_EDGE('',*,*,#3491,.T.);
#3567=ORIENTED_EDGE('',*,*,#3551,.F.);
#3568=EDGE_LOOP('',(#3563,#3565,#3566,#3567));
#3569=FACE_OUTER_BOUND('',#3568,.F.);
#3570=ADVANCED_FACE('',(#3569),#3562,.T.);
#3571=CARTESIAN_POINT('',(2.635E0,-3.3E0,-1.9935E1));
#3572=DIRECTION('',(0.E0,-1.E0,0.E0));
#3573=DIRECTION('',(0.E0,0.E0,1.E0));
#3574=AXIS2_PLACEMENT_3D('',#3571,#3572,#3573);
#3575=PLANE('',#3574);
#3576=ORIENTED_EDGE('',*,*,#3425,.F.);
#3578=ORIENTED_EDGE('',*,*,#3577,.T.);
#3579=ORIENTED_EDGE('',*,*,#3493,.T.);
#3580=ORIENTED_EDGE('',*,*,#3564,.F.);
#3581=EDGE_LOOP('',(#3576,#3578,#3579,#3580));
#3582=FACE_OUTER_BOUND('',#3581,.F.);
#3583=ADVANCED_FACE('',(#3582),#3575,.T.);
#3584=CARTESIAN_POINT('',(2.635E0,6.465E0,-1.9935E1));
#3585=DIRECTION('',(0.E0,0.E0,-1.E0));
#3586=DIRECTION('',(0.E0,-1.E0,0.E0));
#3587=AXIS2_PLACEMENT_3D('',#3584,#3585,#3586);
#3588=PLANE('',#3587);
#3589=ORIENTED_EDGE('',*,*,#3423,.F.);
#3591=ORIENTED_EDGE('',*,*,#3590,.T.);
#3592=ORIENTED_EDGE('',*,*,#3495,.T.);
#3593=ORIENTED_EDGE('',*,*,#3577,.F.);
#3594=EDGE_LOOP('',(#3589,#3591,#3592,#3593));
#3595=FACE_OUTER_BOUND('',#3594,.F.);
#3596=ADVANCED_FACE('',(#3595),#3588,.T.);
#3597=CARTESIAN_POINT('',(2.635E0,6.465E0,-1.8365E1));
#3598=DIRECTION('',(-1.E0,0.E0,0.E0));
#3599=DIRECTION('',(0.E0,0.E0,1.E0));
#3600=AXIS2_PLACEMENT_3D('',#3597,#3598,#3599);
#3601=CYLINDRICAL_SURFACE('',#3600,1.57E0);
#3602=ORIENTED_EDGE('',*,*,#3421,.F.);
#3603=ORIENTED_EDGE('',*,*,#3460,.T.);
#3604=ORIENTED_EDGE('',*,*,#3497,.T.);
#3605=ORIENTED_EDGE('',*,*,#3590,.F.);
#3606=EDGE_LOOP('',(#3602,#3603,#3604,#3605));
#3607=FACE_OUTER_BOUND('',#3606,.F.);
#3608=ADVANCED_FACE('',(#3607),#3601,.T.);
#3609=CARTESIAN_POINT('',(0.E0,0.E0,-1.E1));
#3610=DIRECTION('',(0.E0,0.E0,1.E0));
#3611=DIRECTION('',(1.E0,0.E0,0.E0));
#3612=AXIS2_PLACEMENT_3D('',#3609,#3610,#3611);
#3613=PLANE('',#3612);
#3615=ORIENTED_EDGE('',*,*,#3614,.F.);
#3617=ORIENTED_EDGE('',*,*,#3616,.F.);
#3619=ORIENTED_EDGE('',*,*,#3618,.F.);
#3621=ORIENTED_EDGE('',*,*,#3620,.F.);
#3623=ORIENTED_EDGE('',*,*,#3622,.F.);
#3625=ORIENTED_EDGE('',*,*,#3624,.F.);
#3626=EDGE_LOOP('',(#3615,#3617,#3619,#3621,#3623,#3625));
#3627=FACE_OUTER_BOUND('',#3626,.F.);
#3629=ORIENTED_EDGE('',*,*,#3628,.T.);
#3631=ORIENTED_EDGE('',*,*,#3630,.T.);
#3633=ORIENTED_EDGE('',*,*,#3632,.F.);
#3635=ORIENTED_EDGE('',*,*,#3634,.F.);
#3636=EDGE_LOOP('',(#3629,#3631,#3633,#3635));
#3637=FACE_BOUND('',#3636,.F.);
#3638=ADVANCED_FACE('',(#3627,#3637),#3613,.T.);
#3639=CARTESIAN_POINT('',(0.E0,0.E0,-1.E1));
#3640=DIRECTION('',(0.E0,0.E0,1.E0));
#3641=DIRECTION('',(1.E0,0.E0,0.E0));
#3642=AXIS2_PLACEMENT_3D('',#3639,#3640,#3641);
#3643=PLANE('',#3642);
#3645=ORIENTED_EDGE('',*,*,#3644,.F.);
#3647=ORIENTED_EDGE('',*,*,#3646,.F.);
#3649=ORIENTED_EDGE('',*,*,#3648,.F.);
#3651=ORIENTED_EDGE('',*,*,#3650,.F.);
#3652=EDGE_LOOP('',(#3645,#3647,#3649,#3651));
#3653=FACE_OUTER_BOUND('',#3652,.F.);
#3655=ORIENTED_EDGE('',*,*,#3654,.T.);
#3657=ORIENTED_EDGE('',*,*,#3656,.T.);
#3659=ORIENTED_EDGE('',*,*,#3658,.F.);
#3661=ORIENTED_EDGE('',*,*,#3660,.F.);
#3662=EDGE_LOOP('',(#3655,#3657,#3659,#3661));
#3663=FACE_BOUND('',#3662,.F.);
#3664=ADVANCED_FACE('',(#3653,#3663),#3643,.T.);
#3665=CARTESIAN_POINT('',(0.E0,0.E0,-1.E1));
#3666=DIRECTION('',(0.E0,0.E0,1.E0));
#3667=DIRECTION('',(1.E0,0.E0,0.E0));
#3668=AXIS2_PLACEMENT_3D('',#3665,#3666,#3667);
#3669=PLANE('',#3668);
#3671=ORIENTED_EDGE('',*,*,#3670,.F.);
#3673=ORIENTED_EDGE('',*,*,#3672,.F.);
#3675=ORIENTED_EDGE('',*,*,#3674,.F.);
#3677=ORIENTED_EDGE('',*,*,#3676,.F.);
#3679=ORIENTED_EDGE('',*,*,#3678,.F.);
#3681=ORIENTED_EDGE('',*,*,#3680,.F.);
#3682=EDGE_LOOP('',(#3671,#3673,#3675,#3677,#3679,#3681));
#3683=FACE_OUTER_BOUND('',#3682,.F.);
#3685=ORIENTED_EDGE('',*,*,#3684,.T.);
#3687=ORIENTED_EDGE('',*,*,#3686,.T.);
#3689=ORIENTED_EDGE('',*,*,#3688,.F.);
#3691=ORIENTED_EDGE('',*,*,#3690,.F.);
#3692=EDGE_LOOP('',(#3685,#3687,#3689,#3691));
#3693=FACE_BOUND('',#3692,.F.);
#3694=ADVANCED_FACE('',(#3683,#3693),#3669,.T.);
#3695=CARTESIAN_POINT('',(0.E0,0.E0,-1.E1));
#3696=DIRECTION('',(0.E0,0.E0,1.E0));
#3697=DIRECTION('',(1.E0,0.E0,0.E0));
#3698=AXIS2_PLACEMENT_3D('',#3695,#3696,#3697);
#3699=PLANE('',#3698);
#3701=ORIENTED_EDGE('',*,*,#3700,.F.);
#3703=ORIENTED_EDGE('',*,*,#3702,.F.);
#3705=ORIENTED_EDGE('',*,*,#3704,.F.);
#3707=ORIENTED_EDGE('',*,*,#3706,.F.);
#3708=EDGE_LOOP('',(#3701,#3703,#3705,#3707));
#3709=FACE_OUTER_BOUND('',#3708,.F.);
#3710=ORIENTED_EDGE('',*,*,#3441,.T.);
#3711=ORIENTED_EDGE('',*,*,#3471,.T.);
#3712=ORIENTED_EDGE('',*,*,#3508,.F.);
#3713=ORIENTED_EDGE('',*,*,#3536,.F.);
#3714=EDGE_LOOP('',(#3710,#3711,#3712,#3713));
#3715=FACE_BOUND('',#3714,.F.);
#3716=ADVANCED_FACE('',(#3709,#3715),#3699,.T.);
#3717=CARTESIAN_POINT('',(-4.E0,4.9E0,0.E0));
#3718=DIRECTION('',(-1.E0,0.E0,0.E0));
#3719=DIRECTION('',(0.E0,-1.E0,0.E0));
#3720=AXIS2_PLACEMENT_3D('',#3717,#3718,#3719);
#3721=PLANE('',#3720);
#3722=ORIENTED_EDGE('',*,*,#2804,.F.);
#3724=ORIENTED_EDGE('',*,*,#3723,.T.);
#3725=ORIENTED_EDGE('',*,*,#3614,.T.);
#3727=ORIENTED_EDGE('',*,*,#3726,.F.);
#3728=EDGE_LOOP('',(#3722,#3724,#3725,#3727));
#3729=FACE_OUTER_BOUND('',#3728,.F.);
#3730=ADVANCED_FACE('',(#3729),#3721,.F.);
#3731=CARTESIAN_POINT('',(-2.E-1,4.9E0,0.E0));
#3732=DIRECTION('',(0.E0,1.E0,0.E0));
#3733=DIRECTION('',(-1.E0,0.E0,0.E0));
#3734=AXIS2_PLACEMENT_3D('',#3731,#3732,#3733);
#3735=PLANE('',#3734);
#3736=ORIENTED_EDGE('',*,*,#2814,.F.);
#3738=ORIENTED_EDGE('',*,*,#3737,.T.);
#3739=ORIENTED_EDGE('',*,*,#3616,.T.);
#3740=ORIENTED_EDGE('',*,*,#3723,.F.);
#3741=EDGE_LOOP('',(#3736,#3738,#3739,#3740));
#3742=FACE_OUTER_BOUND('',#3741,.F.);
#3743=ADVANCED_FACE('',(#3742),#3735,.F.);
#3744=CARTESIAN_POINT('',(-2.E-1,2.1E0,0.E0));
#3745=DIRECTION('',(1.E0,0.E0,0.E0));
#3746=DIRECTION('',(0.E0,1.E0,0.E0));
#3747=AXIS2_PLACEMENT_3D('',#3744,#3745,#3746);
#3748=PLANE('',#3747);
#3749=ORIENTED_EDGE('',*,*,#2812,.F.);
#3751=ORIENTED_EDGE('',*,*,#3750,.T.);
#3752=ORIENTED_EDGE('',*,*,#3618,.T.);
#3753=ORIENTED_EDGE('',*,*,#3737,.F.);
#3754=EDGE_LOOP('',(#3749,#3751,#3752,#3753));
#3755=FACE_OUTER_BOUND('',#3754,.F.);
#3756=ADVANCED_FACE('',(#3755),#3748,.F.);
#3757=CARTESIAN_POINT('',(-1.E0,1.3E0,0.E0));
#3758=DIRECTION('',(7.071067811865E-1,-7.071067811865E-1,0.E0));
#3759=DIRECTION('',(7.071067811865E-1,7.071067811865E-1,0.E0));
#3760=AXIS2_PLACEMENT_3D('',#3757,#3758,#3759);
#3761=PLANE('',#3760);
#3762=ORIENTED_EDGE('',*,*,#2810,.F.);
#3764=ORIENTED_EDGE('',*,*,#3763,.T.);
#3765=ORIENTED_EDGE('',*,*,#3620,.T.);
#3766=ORIENTED_EDGE('',*,*,#3750,.F.);
#3767=EDGE_LOOP('',(#3762,#3764,#3765,#3766));
#3768=FACE_OUTER_BOUND('',#3767,.F.);
#3769=ADVANCED_FACE('',(#3768),#3761,.F.);
#3770=CARTESIAN_POINT('',(-3.2E0,1.3E0,0.E0));
#3771=DIRECTION('',(0.E0,-1.E0,0.E0));
#3772=DIRECTION('',(1.E0,0.E0,0.E0));
#3773=AXIS2_PLACEMENT_3D('',#3770,#3771,#3772);
#3774=PLANE('',#3773);
#3775=ORIENTED_EDGE('',*,*,#2808,.F.);
#3777=ORIENTED_EDGE('',*,*,#3776,.T.);
#3778=ORIENTED_EDGE('',*,*,#3622,.T.);
#3779=ORIENTED_EDGE('',*,*,#3763,.F.);
#3780=EDGE_LOOP('',(#3775,#3777,#3778,#3779));
#3781=FACE_OUTER_BOUND('',#3780,.F.);
#3782=ADVANCED_FACE('',(#3781),#3774,.F.);
#3783=CARTESIAN_POINT('',(-4.E0,2.1E0,0.E0));
#3784=DIRECTION('',(-7.071067811865E-1,-7.071067811865E-1,0.E0));
#3785=DIRECTION('',(7.071067811865E-1,-7.071067811865E-1,0.E0));
#3786=AXIS2_PLACEMENT_3D('',#3783,#3784,#3785);
#3787=PLANE('',#3786);
#3788=ORIENTED_EDGE('',*,*,#2806,.F.);
#3789=ORIENTED_EDGE('',*,*,#3726,.T.);
#3790=ORIENTED_EDGE('',*,*,#3624,.T.);
#3791=ORIENTED_EDGE('',*,*,#3776,.F.);
#3792=EDGE_LOOP('',(#3788,#3789,#3790,#3791));
#3793=FACE_OUTER_BOUND('',#3792,.F.);
#3794=ADVANCED_FACE('',(#3793),#3787,.F.);
#3795=CARTESIAN_POINT('',(-4.E0,9.1E0,0.E0));
#3796=DIRECTION('',(-1.E0,0.E0,0.E0));
#3797=DIRECTION('',(0.E0,-1.E0,0.E0));
#3798=AXIS2_PLACEMENT_3D('',#3795,#3796,#3797);
#3799=PLANE('',#3798);
#3800=ORIENTED_EDGE('',*,*,#2818,.F.);
#3802=ORIENTED_EDGE('',*,*,#3801,.T.);
#3803=ORIENTED_EDGE('',*,*,#3644,.T.);
#3805=ORIENTED_EDGE('',*,*,#3804,.F.);
#3806=EDGE_LOOP('',(#3800,#3802,#3803,#3805));
#3807=FACE_OUTER_BOUND('',#3806,.F.);
#3808=ADVANCED_FACE('',(#3807),#3799,.F.);
#3809=CARTESIAN_POINT('',(-2.E-1,9.1E0,0.E0));
#3810=DIRECTION('',(0.E0,1.E0,0.E0));
#3811=DIRECTION('',(-1.E0,0.E0,0.E0));
#3812=AXIS2_PLACEMENT_3D('',#3809,#3810,#3811);
#3813=PLANE('',#3812);
#3814=ORIENTED_EDGE('',*,*,#2824,.F.);
#3816=ORIENTED_EDGE('',*,*,#3815,.T.);
#3817=ORIENTED_EDGE('',*,*,#3646,.T.);
#3818=ORIENTED_EDGE('',*,*,#3801,.F.);
#3819=EDGE_LOOP('',(#3814,#3816,#3817,#3818));
#3820=FACE_OUTER_BOUND('',#3819,.F.);
#3821=ADVANCED_FACE('',(#3820),#3813,.F.);
#3822=CARTESIAN_POINT('',(-2.E-1,5.5E0,0.E0));
#3823=DIRECTION('',(1.E0,0.E0,0.E0));
#3824=DIRECTION('',(0.E0,1.E0,0.E0));
#3825=AXIS2_PLACEMENT_3D('',#3822,#3823,#3824);
#3826=PLANE('',#3825);
#3827=ORIENTED_EDGE('',*,*,#2822,.F.);
#3829=ORIENTED_EDGE('',*,*,#3828,.T.);
#3830=ORIENTED_EDGE('',*,*,#3648,.T.);
#3831=ORIENTED_EDGE('',*,*,#3815,.F.);
#3832=EDGE_LOOP('',(#3827,#3829,#3830,#3831));
#3833=FACE_OUTER_BOUND('',#3832,.F.);
#3834=ADVANCED_FACE('',(#3833),#3826,.F.);
#3835=CARTESIAN_POINT('',(-4.E0,5.5E0,0.E0));
#3836=DIRECTION('',(0.E0,-1.E0,0.E0));
#3837=DIRECTION('',(1.E0,0.E0,0.E0));
#3838=AXIS2_PLACEMENT_3D('',#3835,#3836,#3837);
#3839=PLANE('',#3838);
#3840=ORIENTED_EDGE('',*,*,#2820,.F.);
#3841=ORIENTED_EDGE('',*,*,#3804,.T.);
#3842=ORIENTED_EDGE('',*,*,#3650,.T.);
#3843=ORIENTED_EDGE('',*,*,#3828,.F.);
#3844=EDGE_LOOP('',(#3840,#3841,#3842,#3843));
#3845=FACE_OUTER_BOUND('',#3844,.F.);
#3846=ADVANCED_FACE('',(#3845),#3839,.F.);
#3847=CARTESIAN_POINT('',(2.E-1,4.9E0,0.E0));
#3848=DIRECTION('',(-1.E0,0.E0,0.E0));
#3849=DIRECTION('',(0.E0,-1.E0,0.E0));
#3850=AXIS2_PLACEMENT_3D('',#3847,#3848,#3849);
#3851=PLANE('',#3850);
#3852=ORIENTED_EDGE('',*,*,#2828,.F.);
#3854=ORIENTED_EDGE('',*,*,#3853,.T.);
#3855=ORIENTED_EDGE('',*,*,#3670,.T.);
#3857=ORIENTED_EDGE('',*,*,#3856,.F.);
#3858=EDGE_LOOP('',(#3852,#3854,#3855,#3857));
#3859=FACE_OUTER_BOUND('',#3858,.F.);
#3860=ADVANCED_FACE('',(#3859),#3851,.F.);
#3861=CARTESIAN_POINT('',(4.E0,4.9E0,0.E0));
#3862=DIRECTION('',(0.E0,1.E0,0.E0));
#3863=DIRECTION('',(-1.E0,0.E0,0.E0));
#3864=AXIS2_PLACEMENT_3D('',#3861,#3862,#3863);
#3865=PLANE('',#3864);
#3866=ORIENTED_EDGE('',*,*,#2838,.F.);
#3868=ORIENTED_EDGE('',*,*,#3867,.T.);
#3869=ORIENTED_EDGE('',*,*,#3672,.T.);
#3870=ORIENTED_EDGE('',*,*,#3853,.F.);
#3871=EDGE_LOOP('',(#3866,#3868,#3869,#3870));
#3872=FACE_OUTER_BOUND('',#3871,.F.);
#3873=ADVANCED_FACE('',(#3872),#3865,.F.);
#3874=CARTESIAN_POINT('',(4.E0,1.9E0,0.E0));
#3875=DIRECTION('',(1.E0,0.E0,0.E0));
#3876=DIRECTION('',(0.E0,1.E0,0.E0));
#3877=AXIS2_PLACEMENT_3D('',#3874,#3875,#3876);
#3878=PLANE('',#3877);
#3879=ORIENTED_EDGE('',*,*,#2836,.F.);
#3881=ORIENTED_EDGE('',*,*,#3880,.T.);
#3882=ORIENTED_EDGE('',*,*,#3674,.T.);
#3883=ORIENTED_EDGE('',*,*,#3867,.F.);
#3884=EDGE_LOOP('',(#3879,#3881,#3882,#3883));
#3885=FACE_OUTER_BOUND('',#3884,.F.);
#3886=ADVANCED_FACE('',(#3885),#3878,.F.);
#3887=CARTESIAN_POINT('',(3.2E0,1.1E0,0.E0));
#3888=DIRECTION('',(7.071067811865E-1,-7.071067811865E-1,0.E0));
#3889=DIRECTION('',(7.071067811865E-1,7.071067811865E-1,0.E0));
#3890=AXIS2_PLACEMENT_3D('',#3887,#3888,#3889);
#3891=PLANE('',#3890);
#3892=ORIENTED_EDGE('',*,*,#2834,.F.);
#3894=ORIENTED_EDGE('',*,*,#3893,.T.);
#3895=ORIENTED_EDGE('',*,*,#3676,.T.);
#3896=ORIENTED_EDGE('',*,*,#3880,.F.);
#3897=EDGE_LOOP('',(#3892,#3894,#3895,#3896));
#3898=FACE_OUTER_BOUND('',#3897,.F.);
#3899=ADVANCED_FACE('',(#3898),#3891,.F.);
#3900=CARTESIAN_POINT('',(1.E0,1.1E0,0.E0));
#3901=DIRECTION('',(0.E0,-1.E0,0.E0));
#3902=DIRECTION('',(1.E0,0.E0,0.E0));
#3903=AXIS2_PLACEMENT_3D('',#3900,#3901,#3902);
#3904=PLANE('',#3903);
#3905=ORIENTED_EDGE('',*,*,#2832,.F.);
#3907=ORIENTED_EDGE('',*,*,#3906,.T.);
#3908=ORIENTED_EDGE('',*,*,#3678,.T.);
#3909=ORIENTED_EDGE('',*,*,#3893,.F.);
#3910=EDGE_LOOP('',(#3905,#3907,#3908,#3909));
#3911=FACE_OUTER_BOUND('',#3910,.F.);
#3912=ADVANCED_FACE('',(#3911),#3904,.F.);
#3913=CARTESIAN_POINT('',(2.E-1,1.9E0,0.E0));
#3914=DIRECTION('',(-7.071067811865E-1,-7.071067811865E-1,0.E0));
#3915=DIRECTION('',(7.071067811865E-1,-7.071067811865E-1,0.E0));
#3916=AXIS2_PLACEMENT_3D('',#3913,#3914,#3915);
#3917=PLANE('',#3916);
#3918=ORIENTED_EDGE('',*,*,#2830,.F.);
#3919=ORIENTED_EDGE('',*,*,#3856,.T.);
#3920=ORIENTED_EDGE('',*,*,#3680,.T.);
#3921=ORIENTED_EDGE('',*,*,#3906,.F.);
#3922=EDGE_LOOP('',(#3918,#3919,#3920,#3921));
#3923=FACE_OUTER_BOUND('',#3922,.F.);
#3924=ADVANCED_FACE('',(#3923),#3917,.F.);
#3925=CARTESIAN_POINT('',(2.E-1,9.1E0,0.E0));
#3926=DIRECTION('',(-1.E0,0.E0,0.E0));
#3927=DIRECTION('',(0.E0,-1.E0,0.E0));
#3928=AXIS2_PLACEMENT_3D('',#3925,#3926,#3927);
#3929=PLANE('',#3928);
#3930=ORIENTED_EDGE('',*,*,#2842,.F.);
#3932=ORIENTED_EDGE('',*,*,#3931,.T.);
#3933=ORIENTED_EDGE('',*,*,#3700,.T.);
#3935=ORIENTED_EDGE('',*,*,#3934,.F.);
#3936=EDGE_LOOP('',(#3930,#3932,#3933,#3935));
#3937=FACE_OUTER_BOUND('',#3936,.F.);
#3938=ADVANCED_FACE('',(#3937),#3929,.F.);
#3939=CARTESIAN_POINT('',(4.E0,9.1E0,0.E0));
#3940=DIRECTION('',(0.E0,1.E0,0.E0));
#3941=DIRECTION('',(-1.E0,0.E0,0.E0));
#3942=AXIS2_PLACEMENT_3D('',#3939,#3940,#3941);
#3943=PLANE('',#3942);
#3944=ORIENTED_EDGE('',*,*,#2848,.F.);
#3946=ORIENTED_EDGE('',*,*,#3945,.T.);
#3947=ORIENTED_EDGE('',*,*,#3702,.T.);
#3948=ORIENTED_EDGE('',*,*,#3931,.F.);
#3949=EDGE_LOOP('',(#3944,#3946,#3947,#3948));
#3950=FACE_OUTER_BOUND('',#3949,.F.);
#3951=ADVANCED_FACE('',(#3950),#3943,.F.);
#3952=CARTESIAN_POINT('',(4.E0,5.5E0,0.E0));
#3953=DIRECTION('',(1.E0,0.E0,0.E0));
#3954=DIRECTION('',(0.E0,1.E0,0.E0));
#3955=AXIS2_PLACEMENT_3D('',#3952,#3953,#3954);
#3956=PLANE('',#3955);
#3957=ORIENTED_EDGE('',*,*,#2846,.F.);
#3959=ORIENTED_EDGE('',*,*,#3958,.T.);
#3960=ORIENTED_EDGE('',*,*,#3704,.T.);
#3961=ORIENTED_EDGE('',*,*,#3945,.F.);
#3962=EDGE_LOOP('',(#3957,#3959,#3960,#3961));
#3963=FACE_OUTER_BOUND('',#3962,.F.);
#3964=ADVANCED_FACE('',(#3963),#3956,.F.);
#3965=CARTESIAN_POINT('',(2.E-1,5.5E0,0.E0));
#3966=DIRECTION('',(0.E0,-1.E0,0.E0));
#3967=DIRECTION('',(1.E0,0.E0,0.E0));
#3968=AXIS2_PLACEMENT_3D('',#3965,#3966,#3967);
#3969=PLANE('',#3968);
#3970=ORIENTED_EDGE('',*,*,#2844,.F.);
#3971=ORIENTED_EDGE('',*,*,#3934,.T.);
#3972=ORIENTED_EDGE('',*,*,#3706,.T.);
#3973=ORIENTED_EDGE('',*,*,#3958,.F.);
#3974=EDGE_LOOP('',(#3970,#3971,#3972,#3973));
#3975=FACE_OUTER_BOUND('',#3974,.F.);
#3976=ADVANCED_FACE('',(#3975),#3969,.F.);
#3977=CARTESIAN_POINT('',(-1.565E0,1.E1,0.E0));
#3978=DIRECTION('',(-1.E0,0.E0,0.E0));
#3979=DIRECTION('',(0.E0,0.E0,1.E0));
#3980=AXIS2_PLACEMENT_3D('',#3977,#3978,#3979);
#3981=PLANE('',#3980);
#3982=ORIENTED_EDGE('',*,*,#3134,.T.);
#3984=ORIENTED_EDGE('',*,*,#3983,.T.);
#3986=ORIENTED_EDGE('',*,*,#3985,.T.);
#3988=ORIENTED_EDGE('',*,*,#3987,.T.);
#3990=ORIENTED_EDGE('',*,*,#3989,.T.);
#3992=ORIENTED_EDGE('',*,*,#3991,.T.);
#3994=ORIENTED_EDGE('',*,*,#3993,.T.);
#3996=ORIENTED_EDGE('',*,*,#3995,.T.);
#3997=EDGE_LOOP('',(#3982,#3984,#3986,#3988,#3990,#3992,#3994,#3996));
#3998=FACE_OUTER_BOUND('',#3997,.F.);
#3999=ADVANCED_FACE('',(#3998),#3981,.F.);
#4000=CARTESIAN_POINT('',(-1.565E0,1.E1,0.E0));
#4001=DIRECTION('',(-1.E0,0.E0,0.E0));
#4002=DIRECTION('',(0.E0,0.E0,1.E0));
#4003=AXIS2_PLACEMENT_3D('',#4000,#4001,#4002);
#4004=PLANE('',#4003);
#4005=ORIENTED_EDGE('',*,*,#3654,.F.);
#4007=ORIENTED_EDGE('',*,*,#4006,.T.);
#4009=ORIENTED_EDGE('',*,*,#4008,.T.);
#4011=ORIENTED_EDGE('',*,*,#4010,.T.);
#4012=EDGE_LOOP('',(#4005,#4007,#4009,#4011));
#4013=FACE_OUTER_BOUND('',#4012,.F.);
#4014=ADVANCED_FACE('',(#4013),#4004,.F.);
#4015=CARTESIAN_POINT('',(-1.565E0,8.035E0,-4.7E0));
#4016=DIRECTION('',(0.E0,1.E0,0.E0));
#4017=DIRECTION('',(0.E0,0.E0,-1.E0));
#4018=AXIS2_PLACEMENT_3D('',#4015,#4016,#4017);
#4019=PLANE('',#4018);
#4020=ORIENTED_EDGE('',*,*,#3140,.T.);
#4022=ORIENTED_EDGE('',*,*,#4021,.T.);
#4024=ORIENTED_EDGE('',*,*,#4023,.F.);
#4025=ORIENTED_EDGE('',*,*,#3983,.F.);
#4026=EDGE_LOOP('',(#4020,#4022,#4024,#4025));
#4027=FACE_OUTER_BOUND('',#4026,.F.);
#4028=ADVANCED_FACE('',(#4027),#4019,.T.);
#4029=CARTESIAN_POINT('',(-1.565E0,8.035E0,-4.7E0));
#4030=DIRECTION('',(0.E0,1.E0,0.E0));
#4031=DIRECTION('',(0.E0,0.E0,-1.E0));
#4032=AXIS2_PLACEMENT_3D('',#4029,#4030,#4031);
#4033=PLANE('',#4032);
#4034=ORIENTED_EDGE('',*,*,#3656,.F.);
#4035=ORIENTED_EDGE('',*,*,#4010,.F.);
#4037=ORIENTED_EDGE('',*,*,#4036,.T.);
#4039=ORIENTED_EDGE('',*,*,#4038,.T.);
#4040=EDGE_LOOP('',(#4034,#4035,#4037,#4039));
#4041=FACE_OUTER_BOUND('',#4040,.F.);
#4042=ADVANCED_FACE('',(#4041),#4033,.T.);
#4043=CARTESIAN_POINT('',(-2.635E0,1.E1,0.E0));
#4044=DIRECTION('',(-1.E0,0.E0,0.E0));
#4045=DIRECTION('',(0.E0,0.E0,1.E0));
#4046=AXIS2_PLACEMENT_3D('',#4043,#4044,#4045);
#4047=PLANE('',#4046);
#4048=ORIENTED_EDGE('',*,*,#3138,.F.);
#4050=ORIENTED_EDGE('',*,*,#4049,.F.);
#4052=ORIENTED_EDGE('',*,*,#4051,.F.);
#4054=ORIENTED_EDGE('',*,*,#4053,.F.);
#4056=ORIENTED_EDGE('',*,*,#4055,.F.);
#4058=ORIENTED_EDGE('',*,*,#4057,.F.);
#4060=ORIENTED_EDGE('',*,*,#4059,.F.);
#4061=ORIENTED_EDGE('',*,*,#4021,.F.);
#4062=EDGE_LOOP('',(#4048,#4050,#4052,#4054,#4056,#4058,#4060,#4061));
#4063=FACE_OUTER_BOUND('',#4062,.F.);
#4064=ADVANCED_FACE('',(#4063),#4047,.T.);
#4065=CARTESIAN_POINT('',(-2.635E0,1.E1,0.E0));
#4066=DIRECTION('',(-1.E0,0.E0,0.E0));
#4067=DIRECTION('',(0.E0,0.E0,1.E0));
#4068=AXIS2_PLACEMENT_3D('',#4065,#4066,#4067);
#4069=PLANE('',#4068);
#4070=ORIENTED_EDGE('',*,*,#3658,.T.);
#4071=ORIENTED_EDGE('',*,*,#4038,.F.);
#4073=ORIENTED_EDGE('',*,*,#4072,.F.);
#4075=ORIENTED_EDGE('',*,*,#4074,.F.);
#4076=EDGE_LOOP('',(#4070,#4071,#4073,#4075));
#4077=FACE_OUTER_BOUND('',#4076,.F.);
#4078=ADVANCED_FACE('',(#4077),#4069,.T.);
#4079=CARTESIAN_POINT('',(-1.565E0,6.965E0,-1.8365E1));
#4080=DIRECTION('',(0.E0,-1.E0,0.E0));
#4081=DIRECTION('',(0.E0,0.E0,1.E0));
#4082=AXIS2_PLACEMENT_3D('',#4079,#4080,#4081);
#4083=PLANE('',#4082);
#4084=ORIENTED_EDGE('',*,*,#3136,.F.);
#4085=ORIENTED_EDGE('',*,*,#3995,.F.);
#4087=ORIENTED_EDGE('',*,*,#4086,.T.);
#4088=ORIENTED_EDGE('',*,*,#4049,.T.);
#4089=EDGE_LOOP('',(#4084,#4085,#4087,#4088));
#4090=FACE_OUTER_BOUND('',#4089,.F.);
#4091=ADVANCED_FACE('',(#4090),#4083,.T.);
#4092=CARTESIAN_POINT('',(-1.565E0,6.965E0,-1.8365E1));
#4093=DIRECTION('',(0.E0,-1.E0,0.E0));
#4094=DIRECTION('',(0.E0,0.E0,1.E0));
#4095=AXIS2_PLACEMENT_3D('',#4092,#4093,#4094);
#4096=PLANE('',#4095);
#4097=ORIENTED_EDGE('',*,*,#3660,.T.);
#4098=ORIENTED_EDGE('',*,*,#4074,.T.);
#4100=ORIENTED_EDGE('',*,*,#4099,.F.);
#4101=ORIENTED_EDGE('',*,*,#4006,.F.);
#4102=EDGE_LOOP('',(#4097,#4098,#4100,#4101));
#4103=FACE_OUTER_BOUND('',#4102,.F.);
#4104=ADVANCED_FACE('',(#4103),#4096,.T.);
#4105=CARTESIAN_POINT('',(-1.565E0,6.465E0,-1.8365E1));
#4106=DIRECTION('',(-1.E0,0.E0,0.E0));
#4107=DIRECTION('',(0.E0,0.E0,1.E0));
#4108=AXIS2_PLACEMENT_3D('',#4105,#4106,#4107);
#4109=CYLINDRICAL_SURFACE('',#4108,5.E-1);
#4110=ORIENTED_EDGE('',*,*,#3993,.F.);
#4112=ORIENTED_EDGE('',*,*,#4111,.T.);
#4113=ORIENTED_EDGE('',*,*,#4051,.T.);
#4114=ORIENTED_EDGE('',*,*,#4086,.F.);
#4115=EDGE_LOOP('',(#4110,#4112,#4113,#4114));
#4116=FACE_OUTER_BOUND('',#4115,.F.);
#4117=ADVANCED_FACE('',(#4116),#4109,.F.);
#4118=CARTESIAN_POINT('',(-1.565E0,-3.3E0,-1.8865E1));
#4119=DIRECTION('',(0.E0,0.E0,1.E0));
#4120=DIRECTION('',(0.E0,1.E0,0.E0));
#4121=AXIS2_PLACEMENT_3D('',#4118,#4119,#4120);
#4122=PLANE('',#4121);
#4123=ORIENTED_EDGE('',*,*,#3991,.F.);
#4125=ORIENTED_EDGE('',*,*,#4124,.T.);
#4126=ORIENTED_EDGE('',*,*,#4053,.T.);
#4127=ORIENTED_EDGE('',*,*,#4111,.F.);
#4128=EDGE_LOOP('',(#4123,#4125,#4126,#4127));
#4129=FACE_OUTER_BOUND('',#4128,.F.);
#4130=ADVANCED_FACE('',(#4129),#4122,.T.);
#4131=CARTESIAN_POINT('',(-1.565E0,-3.3E0,-1.9935E1));
#4132=DIRECTION('',(0.E0,-1.E0,0.E0));
#4133=DIRECTION('',(0.E0,0.E0,1.E0));
#4134=AXIS2_PLACEMENT_3D('',#4131,#4132,#4133);
#4135=PLANE('',#4134);
#4136=ORIENTED_EDGE('',*,*,#3989,.F.);
#4138=ORIENTED_EDGE('',*,*,#4137,.T.);
#4139=ORIENTED_EDGE('',*,*,#4055,.T.);
#4140=ORIENTED_EDGE('',*,*,#4124,.F.);
#4141=EDGE_LOOP('',(#4136,#4138,#4139,#4140));
#4142=FACE_OUTER_BOUND('',#4141,.F.);
#4143=ADVANCED_FACE('',(#4142),#4135,.T.);
#4144=CARTESIAN_POINT('',(-1.565E0,6.465E0,-1.9935E1));
#4145=DIRECTION('',(0.E0,0.E0,-1.E0));
#4146=DIRECTION('',(0.E0,-1.E0,0.E0));
#4147=AXIS2_PLACEMENT_3D('',#4144,#4145,#4146);
#4148=PLANE('',#4147);
#4149=ORIENTED_EDGE('',*,*,#3987,.F.);
#4151=ORIENTED_EDGE('',*,*,#4150,.T.);
#4152=ORIENTED_EDGE('',*,*,#4057,.T.);
#4153=ORIENTED_EDGE('',*,*,#4137,.F.);
#4154=EDGE_LOOP('',(#4149,#4151,#4152,#4153));
#4155=FACE_OUTER_BOUND('',#4154,.F.);
#4156=ADVANCED_FACE('',(#4155),#4148,.T.);
#4157=CARTESIAN_POINT('',(-1.565E0,6.465E0,-1.8365E1));
#4158=DIRECTION('',(-1.E0,0.E0,0.E0));
#4159=DIRECTION('',(0.E0,0.E0,1.E0));
#4160=AXIS2_PLACEMENT_3D('',#4157,#4158,#4159);
#4161=CYLINDRICAL_SURFACE('',#4160,1.57E0);
#4162=ORIENTED_EDGE('',*,*,#3985,.F.);
#4163=ORIENTED_EDGE('',*,*,#4023,.T.);
#4164=ORIENTED_EDGE('',*,*,#4059,.T.);
#4165=ORIENTED_EDGE('',*,*,#4150,.F.);
#4166=EDGE_LOOP('',(#4162,#4163,#4164,#4165));
#4167=FACE_OUTER_BOUND('',#4166,.F.);
#4168=ADVANCED_FACE('',(#4167),#4161,.T.);
#4169=CARTESIAN_POINT('',(-1.565E0,6.965E0,-4.7E0));
#4170=DIRECTION('',(0.E0,0.E0,1.E0));
#4171=DIRECTION('',(0.E0,1.E0,0.E0));
#4172=AXIS2_PLACEMENT_3D('',#4169,#4170,#4171);
#4173=PLANE('',#4172);
#4174=ORIENTED_EDGE('',*,*,#4008,.F.);
#4175=ORIENTED_EDGE('',*,*,#4099,.T.);
#4176=ORIENTED_EDGE('',*,*,#4072,.T.);
#4177=ORIENTED_EDGE('',*,*,#4036,.F.);
#4178=EDGE_LOOP('',(#4174,#4175,#4176,#4177));
#4179=FACE_OUTER_BOUND('',#4178,.F.);
#4180=ADVANCED_FACE('',(#4179),#4173,.T.);
#4181=CARTESIAN_POINT('',(2.635E0,1.E1,0.E0));
#4182=DIRECTION('',(-1.E0,0.E0,0.E0));
#4183=DIRECTION('',(0.E0,0.E0,1.E0));
#4184=AXIS2_PLACEMENT_3D('',#4181,#4182,#4183);
#4185=PLANE('',#4184);
#4186=ORIENTED_EDGE('',*,*,#3164,.T.);
#4188=ORIENTED_EDGE('',*,*,#4187,.T.);
#4190=ORIENTED_EDGE('',*,*,#4189,.T.);
#4192=ORIENTED_EDGE('',*,*,#4191,.T.);
#4194=ORIENTED_EDGE('',*,*,#4193,.T.);
#4196=ORIENTED_EDGE('',*,*,#4195,.T.);
#4198=ORIENTED_EDGE('',*,*,#4197,.T.);
#4200=ORIENTED_EDGE('',*,*,#4199,.T.);
#4201=EDGE_LOOP('',(#4186,#4188,#4190,#4192,#4194,#4196,#4198,#4200));
#4202=FACE_OUTER_BOUND('',#4201,.F.);
#4203=ADVANCED_FACE('',(#4202),#4185,.F.);
#4204=CARTESIAN_POINT('',(2.635E0,1.E1,0.E0));
#4205=DIRECTION('',(-1.E0,0.E0,0.E0));
#4206=DIRECTION('',(0.E0,0.E0,1.E0));
#4207=AXIS2_PLACEMENT_3D('',#4204,#4205,#4206);
#4208=PLANE('',#4207);
#4209=ORIENTED_EDGE('',*,*,#3684,.F.);
#4211=ORIENTED_EDGE('',*,*,#4210,.T.);
#4213=ORIENTED_EDGE('',*,*,#4212,.T.);
#4215=ORIENTED_EDGE('',*,*,#4214,.T.);
#4216=EDGE_LOOP('',(#4209,#4211,#4213,#4215));
#4217=FACE_OUTER_BOUND('',#4216,.F.);
#4218=ADVANCED_FACE('',(#4217),#4208,.F.);
#4219=CARTESIAN_POINT('',(2.635E0,3.835E0,-4.7E0));
#4220=DIRECTION('',(0.E0,1.E0,0.E0));
#4221=DIRECTION('',(0.E0,0.E0,-1.E0));
#4222=AXIS2_PLACEMENT_3D('',#4219,#4220,#4221);
#4223=PLANE('',#4222);
#4224=ORIENTED_EDGE('',*,*,#3170,.T.);
#4226=ORIENTED_EDGE('',*,*,#4225,.T.);
#4228=ORIENTED_EDGE('',*,*,#4227,.F.);
#4229=ORIENTED_EDGE('',*,*,#4187,.F.);
#4230=EDGE_LOOP('',(#4224,#4226,#4228,#4229));
#4231=FACE_OUTER_BOUND('',#4230,.F.);
#4232=ADVANCED_FACE('',(#4231),#4223,.T.);
#4233=CARTESIAN_POINT('',(2.635E0,3.835E0,-4.7E0));
#4234=DIRECTION('',(0.E0,1.E0,0.E0));
#4235=DIRECTION('',(0.E0,0.E0,-1.E0));
#4236=AXIS2_PLACEMENT_3D('',#4233,#4234,#4235);
#4237=PLANE('',#4236);
#4238=ORIENTED_EDGE('',*,*,#3686,.F.);
#4239=ORIENTED_EDGE('',*,*,#4214,.F.);
#4241=ORIENTED_EDGE('',*,*,#4240,.T.);
#4243=ORIENTED_EDGE('',*,*,#4242,.T.);
#4244=EDGE_LOOP('',(#4238,#4239,#4241,#4243));
#4245=FACE_OUTER_BOUND('',#4244,.F.);
#4246=ADVANCED_FACE('',(#4245),#4237,.T.);
#4247=CARTESIAN_POINT('',(1.565E0,1.E1,0.E0));
#4248=DIRECTION('',(-1.E0,0.E0,0.E0));
#4249=DIRECTION('',(0.E0,0.E0,1.E0));
#4250=AXIS2_PLACEMENT_3D('',#4247,#4248,#4249);
#4251=PLANE('',#4250);
#4252=ORIENTED_EDGE('',*,*,#3168,.F.);
#4254=ORIENTED_EDGE('',*,*,#4253,.F.);
#4256=ORIENTED_EDGE('',*,*,#4255,.F.);
#4258=ORIENTED_EDGE('',*,*,#4257,.F.);
#4260=ORIENTED_EDGE('',*,*,#4259,.F.);
#4262=ORIENTED_EDGE('',*,*,#4261,.F.);
#4264=ORIENTED_EDGE('',*,*,#4263,.F.);
#4265=ORIENTED_EDGE('',*,*,#4225,.F.);
#4266=EDGE_LOOP('',(#4252,#4254,#4256,#4258,#4260,#4262,#4264,#4265));
#4267=FACE_OUTER_BOUND('',#4266,.F.);
#4268=ADVANCED_FACE('',(#4267),#4251,.T.);
#4269=CARTESIAN_POINT('',(1.565E0,1.E1,0.E0));
#4270=DIRECTION('',(-1.E0,0.E0,0.E0));
#4271=DIRECTION('',(0.E0,0.E0,1.E0));
#4272=AXIS2_PLACEMENT_3D('',#4269,#4270,#4271);
#4273=PLANE('',#4272);
#4274=ORIENTED_EDGE('',*,*,#3688,.T.);
#4275=ORIENTED_EDGE('',*,*,#4242,.F.);
#4277=ORIENTED_EDGE('',*,*,#4276,.F.);
#4279=ORIENTED_EDGE('',*,*,#4278,.F.);
#4280=EDGE_LOOP('',(#4274,#4275,#4277,#4279));
#4281=FACE_OUTER_BOUND('',#4280,.F.);
#4282=ADVANCED_FACE('',(#4281),#4273,.T.);
#4283=CARTESIAN_POINT('',(2.635E0,2.765E0,-1.3065E1));
#4284=DIRECTION('',(0.E0,-1.E0,0.E0));
#4285=DIRECTION('',(0.E0,0.E0,1.E0));
#4286=AXIS2_PLACEMENT_3D('',#4283,#4284,#4285);
#4287=PLANE('',#4286);
#4288=ORIENTED_EDGE('',*,*,#3166,.F.);
#4289=ORIENTED_EDGE('',*,*,#4199,.F.);
#4291=ORIENTED_EDGE('',*,*,#4290,.T.);
#4292=ORIENTED_EDGE('',*,*,#4253,.T.);
#4293=EDGE_LOOP('',(#4288,#4289,#4291,#4292));
#4294=FACE_OUTER_BOUND('',#4293,.F.);
#4295=ADVANCED_FACE('',(#4294),#4287,.T.);
#4296=CARTESIAN_POINT('',(2.635E0,2.765E0,-1.3065E1));
#4297=DIRECTION('',(0.E0,-1.E0,0.E0));
#4298=DIRECTION('',(0.E0,0.E0,1.E0));
#4299=AXIS2_PLACEMENT_3D('',#4296,#4297,#4298);
#4300=PLANE('',#4299);
#4301=ORIENTED_EDGE('',*,*,#3690,.T.);
#4302=ORIENTED_EDGE('',*,*,#4278,.T.);
#4304=ORIENTED_EDGE('',*,*,#4303,.F.);
#4305=ORIENTED_EDGE('',*,*,#4210,.F.);
#4306=EDGE_LOOP('',(#4301,#4302,#4304,#4305));
#4307=FACE_OUTER_BOUND('',#4306,.F.);
#4308=ADVANCED_FACE('',(#4307),#4300,.T.);
#4309=CARTESIAN_POINT('',(2.635E0,2.465E0,-1.3065E1));
#4310=DIRECTION('',(-1.E0,0.E0,0.E0));
#4311=DIRECTION('',(0.E0,0.E0,1.E0));
#4312=AXIS2_PLACEMENT_3D('',#4309,#4310,#4311);
#4313=CYLINDRICAL_SURFACE('',#4312,3.E-1);
#4314=ORIENTED_EDGE('',*,*,#4197,.F.);
#4316=ORIENTED_EDGE('',*,*,#4315,.T.);
#4317=ORIENTED_EDGE('',*,*,#4255,.T.);
#4318=ORIENTED_EDGE('',*,*,#4290,.F.);
#4319=EDGE_LOOP('',(#4314,#4316,#4317,#4318));
#4320=FACE_OUTER_BOUND('',#4319,.F.);
#4321=ADVANCED_FACE('',(#4320),#4313,.F.);
#4322=CARTESIAN_POINT('',(2.635E0,-3.3E0,-1.3365E1));
#4323=DIRECTION('',(0.E0,0.E0,1.E0));
#4324=DIRECTION('',(0.E0,1.E0,0.E0));
#4325=AXIS2_PLACEMENT_3D('',#4322,#4323,#4324);
#4326=PLANE('',#4325);
#4327=ORIENTED_EDGE('',*,*,#4195,.F.);
#4329=ORIENTED_EDGE('',*,*,#4328,.T.);
#4330=ORIENTED_EDGE('',*,*,#4257,.T.);
#4331=ORIENTED_EDGE('',*,*,#4315,.F.);
#4332=EDGE_LOOP('',(#4327,#4329,#4330,#4331));
#4333=FACE_OUTER_BOUND('',#4332,.F.);
#4334=ADVANCED_FACE('',(#4333),#4326,.T.);
#4335=CARTESIAN_POINT('',(2.635E0,-3.3E0,-1.4435E1));
#4336=DIRECTION('',(0.E0,-1.E0,0.E0));
#4337=DIRECTION('',(0.E0,0.E0,1.E0));
#4338=AXIS2_PLACEMENT_3D('',#4335,#4336,#4337);
#4339=PLANE('',#4338);
#4340=ORIENTED_EDGE('',*,*,#4193,.F.);
#4342=ORIENTED_EDGE('',*,*,#4341,.T.);
#4343=ORIENTED_EDGE('',*,*,#4259,.T.);
#4344=ORIENTED_EDGE('',*,*,#4328,.F.);
#4345=EDGE_LOOP('',(#4340,#4342,#4343,#4344));
#4346=FACE_OUTER_BOUND('',#4345,.F.);
#4347=ADVANCED_FACE('',(#4346),#4339,.T.);
#4348=CARTESIAN_POINT('',(2.635E0,2.465E0,-1.4435E1));
#4349=DIRECTION('',(0.E0,0.E0,-1.E0));
#4350=DIRECTION('',(0.E0,-1.E0,0.E0));
#4351=AXIS2_PLACEMENT_3D('',#4348,#4349,#4350);
#4352=PLANE('',#4351);
#4353=ORIENTED_EDGE('',*,*,#4191,.F.);
#4355=ORIENTED_EDGE('',*,*,#4354,.T.);
#4356=ORIENTED_EDGE('',*,*,#4261,.T.);
#4357=ORIENTED_EDGE('',*,*,#4341,.F.);
#4358=EDGE_LOOP('',(#4353,#4355,#4356,#4357));
#4359=FACE_OUTER_BOUND('',#4358,.F.);
#4360=ADVANCED_FACE('',(#4359),#4352,.T.);
#4361=CARTESIAN_POINT('',(2.635E0,2.465E0,-1.3065E1));
#4362=DIRECTION('',(-1.E0,0.E0,0.E0));
#4363=DIRECTION('',(0.E0,0.E0,1.E0));
#4364=AXIS2_PLACEMENT_3D('',#4361,#4362,#4363);
#4365=CYLINDRICAL_SURFACE('',#4364,1.37E0);
#4366=ORIENTED_EDGE('',*,*,#4189,.F.);
#4367=ORIENTED_EDGE('',*,*,#4227,.T.);
#4368=ORIENTED_EDGE('',*,*,#4263,.T.);
#4369=ORIENTED_EDGE('',*,*,#4354,.F.);
#4370=EDGE_LOOP('',(#4366,#4367,#4368,#4369));
#4371=FACE_OUTER_BOUND('',#4370,.F.);
#4372=ADVANCED_FACE('',(#4371),#4365,.T.);
#4373=CARTESIAN_POINT('',(2.635E0,2.765E0,-4.7E0));
#4374=DIRECTION('',(0.E0,0.E0,1.E0));
#4375=DIRECTION('',(0.E0,1.E0,0.E0));
#4376=AXIS2_PLACEMENT_3D('',#4373,#4374,#4375);
#4377=PLANE('',#4376);
#4378=ORIENTED_EDGE('',*,*,#4212,.F.);
#4379=ORIENTED_EDGE('',*,*,#4303,.T.);
#4380=ORIENTED_EDGE('',*,*,#4276,.T.);
#4381=ORIENTED_EDGE('',*,*,#4240,.F.);
#4382=EDGE_LOOP('',(#4378,#4379,#4380,#4381));
#4383=FACE_OUTER_BOUND('',#4382,.F.);
#4384=ADVANCED_FACE('',(#4383),#4377,.T.);
#4385=CARTESIAN_POINT('',(-1.565E0,1.E1,0.E0));
#4386=DIRECTION('',(-1.E0,0.E0,0.E0));
#4387=DIRECTION('',(0.E0,0.E0,1.E0));
#4388=AXIS2_PLACEMENT_3D('',#4385,#4386,#4387);
#4389=PLANE('',#4388);
#4390=ORIENTED_EDGE('',*,*,#3174,.T.);
#4392=ORIENTED_EDGE('',*,*,#4391,.T.);
#4394=ORIENTED_EDGE('',*,*,#4393,.T.);
#4396=ORIENTED_EDGE('',*,*,#4395,.T.);
#4398=ORIENTED_EDGE('',*,*,#4397,.T.);
#4400=ORIENTED_EDGE('',*,*,#4399,.T.);
#4402=ORIENTED_EDGE('',*,*,#4401,.T.);
#4404=ORIENTED_EDGE('',*,*,#4403,.T.);
#4405=EDGE_LOOP('',(#4390,#4392,#4394,#4396,#4398,#4400,#4402,#4404));
#4406=FACE_OUTER_BOUND('',#4405,.F.);
#4407=ADVANCED_FACE('',(#4406),#4389,.F.);
#4408=CARTESIAN_POINT('',(-1.565E0,1.E1,0.E0));
#4409=DIRECTION('',(-1.E0,0.E0,0.E0));
#4410=DIRECTION('',(0.E0,0.E0,1.E0));
#4411=AXIS2_PLACEMENT_3D('',#4408,#4409,#4410);
#4412=PLANE('',#4411);
#4413=ORIENTED_EDGE('',*,*,#3628,.F.);
#4415=ORIENTED_EDGE('',*,*,#4414,.T.);
#4417=ORIENTED_EDGE('',*,*,#4416,.T.);
#4419=ORIENTED_EDGE('',*,*,#4418,.T.);
#4420=EDGE_LOOP('',(#4413,#4415,#4417,#4419));
#4421=FACE_OUTER_BOUND('',#4420,.F.);
#4422=ADVANCED_FACE('',(#4421),#4412,.F.);
#4423=CARTESIAN_POINT('',(-1.565E0,3.835E0,-4.7E0));
#4424=DIRECTION('',(0.E0,1.E0,0.E0));
#4425=DIRECTION('',(0.E0,0.E0,-1.E0));
#4426=AXIS2_PLACEMENT_3D('',#4423,#4424,#4425);
#4427=PLANE('',#4426);
#4428=ORIENTED_EDGE('',*,*,#3180,.T.);
#4430=ORIENTED_EDGE('',*,*,#4429,.T.);
#4432=ORIENTED_EDGE('',*,*,#4431,.F.);
#4433=ORIENTED_EDGE('',*,*,#4391,.F.);
#4434=EDGE_LOOP('',(#4428,#4430,#4432,#4433));
#4435=FACE_OUTER_BOUND('',#4434,.F.);
#4436=ADVANCED_FACE('',(#4435),#4427,.T.);
#4437=CARTESIAN_POINT('',(-1.565E0,3.835E0,-4.7E0));
#4438=DIRECTION('',(0.E0,1.E0,0.E0));
#4439=DIRECTION('',(0.E0,0.E0,-1.E0));
#4440=AXIS2_PLACEMENT_3D('',#4437,#4438,#4439);
#4441=PLANE('',#4440);
#4442=ORIENTED_EDGE('',*,*,#3630,.F.);
#4443=ORIENTED_EDGE('',*,*,#4418,.F.);
#4445=ORIENTED_EDGE('',*,*,#4444,.T.);
#4447=ORIENTED_EDGE('',*,*,#4446,.T.);
#4448=EDGE_LOOP('',(#4442,#4443,#4445,#4447));
#4449=FACE_OUTER_BOUND('',#4448,.F.);
#4450=ADVANCED_FACE('',(#4449),#4441,.T.);
#4451=CARTESIAN_POINT('',(-2.635E0,1.E1,0.E0));
#4452=DIRECTION('',(-1.E0,0.E0,0.E0));
#4453=DIRECTION('',(0.E0,0.E0,1.E0));
#4454=AXIS2_PLACEMENT_3D('',#4451,#4452,#4453);
#4455=PLANE('',#4454);
#4456=ORIENTED_EDGE('',*,*,#3178,.F.);
#4458=ORIENTED_EDGE('',*,*,#4457,.F.);
#4460=ORIENTED_EDGE('',*,*,#4459,.F.);
#4462=ORIENTED_EDGE('',*,*,#4461,.F.);
#4464=ORIENTED_EDGE('',*,*,#4463,.F.);
#4466=ORIENTED_EDGE('',*,*,#4465,.F.);
#4468=ORIENTED_EDGE('',*,*,#4467,.F.);
#4469=ORIENTED_EDGE('',*,*,#4429,.F.);
#4470=EDGE_LOOP('',(#4456,#4458,#4460,#4462,#4464,#4466,#4468,#4469));
#4471=FACE_OUTER_BOUND('',#4470,.F.);
#4472=ADVANCED_FACE('',(#4471),#4455,.T.);
#4473=CARTESIAN_POINT('',(-2.635E0,1.E1,0.E0));
#4474=DIRECTION('',(-1.E0,0.E0,0.E0));
#4475=DIRECTION('',(0.E0,0.E0,1.E0));
#4476=AXIS2_PLACEMENT_3D('',#4473,#4474,#4475);
#4477=PLANE('',#4476);
#4478=ORIENTED_EDGE('',*,*,#3632,.T.);
#4479=ORIENTED_EDGE('',*,*,#4446,.F.);
#4481=ORIENTED_EDGE('',*,*,#4480,.F.);
#4483=ORIENTED_EDGE('',*,*,#4482,.F.);
#4484=EDGE_LOOP('',(#4478,#4479,#4481,#4483));
#4485=FACE_OUTER_BOUND('',#4484,.F.);
#4486=ADVANCED_FACE('',(#4485),#4477,.T.);
#4487=CARTESIAN_POINT('',(-1.565E0,2.765E0,-1.3065E1));
#4488=DIRECTION('',(0.E0,-1.E0,0.E0));
#4489=DIRECTION('',(0.E0,0.E0,1.E0));
#4490=AXIS2_PLACEMENT_3D('',#4487,#4488,#4489);
#4491=PLANE('',#4490);
#4492=ORIENTED_EDGE('',*,*,#3176,.F.);
#4493=ORIENTED_EDGE('',*,*,#4403,.F.);
#4495=ORIENTED_EDGE('',*,*,#4494,.T.);
#4496=ORIENTED_EDGE('',*,*,#4457,.T.);
#4497=EDGE_LOOP('',(#4492,#4493,#4495,#4496));
#4498=FACE_OUTER_BOUND('',#4497,.F.);
#4499=ADVANCED_FACE('',(#4498),#4491,.T.);
#4500=CARTESIAN_POINT('',(-1.565E0,2.765E0,-1.3065E1));
#4501=DIRECTION('',(0.E0,-1.E0,0.E0));
#4502=DIRECTION('',(0.E0,0.E0,1.E0));
#4503=AXIS2_PLACEMENT_3D('',#4500,#4501,#4502);
#4504=PLANE('',#4503);
#4505=ORIENTED_EDGE('',*,*,#3634,.T.);
#4506=ORIENTED_EDGE('',*,*,#4482,.T.);
#4508=ORIENTED_EDGE('',*,*,#4507,.F.);
#4509=ORIENTED_EDGE('',*,*,#4414,.F.);
#4510=EDGE_LOOP('',(#4505,#4506,#4508,#4509));
#4511=FACE_OUTER_BOUND('',#4510,.F.);
#4512=ADVANCED_FACE('',(#4511),#4504,.T.);
#4513=CARTESIAN_POINT('',(-1.565E0,2.465E0,-1.3065E1));
#4514=DIRECTION('',(-1.E0,0.E0,0.E0));
#4515=DIRECTION('',(0.E0,0.E0,1.E0));
#4516=AXIS2_PLACEMENT_3D('',#4513,#4514,#4515);
#4517=CYLINDRICAL_SURFACE('',#4516,3.E-1);
#4518=ORIENTED_EDGE('',*,*,#4401,.F.);
#4520=ORIENTED_EDGE('',*,*,#4519,.T.);
#4521=ORIENTED_EDGE('',*,*,#4459,.T.);
#4522=ORIENTED_EDGE('',*,*,#4494,.F.);
#4523=EDGE_LOOP('',(#4518,#4520,#4521,#4522));
#4524=FACE_OUTER_BOUND('',#4523,.F.);
#4525=ADVANCED_FACE('',(#4524),#4517,.F.);
#4526=CARTESIAN_POINT('',(-1.565E0,-3.3E0,-1.3365E1));
#4527=DIRECTION('',(0.E0,0.E0,1.E0));
#4528=DIRECTION('',(0.E0,1.E0,0.E0));
#4529=AXIS2_PLACEMENT_3D('',#4526,#4527,#4528);
#4530=PLANE('',#4529);
#4531=ORIENTED_EDGE('',*,*,#4399,.F.);
#4533=ORIENTED_EDGE('',*,*,#4532,.T.);
#4534=ORIENTED_EDGE('',*,*,#4461,.T.);
#4535=ORIENTED_EDGE('',*,*,#4519,.F.);
#4536=EDGE_LOOP('',(#4531,#4533,#4534,#4535));
#4537=FACE_OUTER_BOUND('',#4536,.F.);
#4538=ADVANCED_FACE('',(#4537),#4530,.T.);
#4539=CARTESIAN_POINT('',(-1.565E0,-3.3E0,-1.4435E1));
#4540=DIRECTION('',(0.E0,-1.E0,0.E0));
#4541=DIRECTION('',(0.E0,0.E0,1.E0));
#4542=AXIS2_PLACEMENT_3D('',#4539,#4540,#4541);
#4543=PLANE('',#4542);
#4544=ORIENTED_EDGE('',*,*,#4397,.F.);
#4546=ORIENTED_EDGE('',*,*,#4545,.T.);
#4547=ORIENTED_EDGE('',*,*,#4463,.T.);
#4548=ORIENTED_EDGE('',*,*,#4532,.F.);
#4549=EDGE_LOOP('',(#4544,#4546,#4547,#4548));
#4550=FACE_OUTER_BOUND('',#4549,.F.);
#4551=ADVANCED_FACE('',(#4550),#4543,.T.);
#4552=CARTESIAN_POINT('',(-1.565E0,2.465E0,-1.4435E1));
#4553=DIRECTION('',(0.E0,0.E0,-1.E0));
#4554=DIRECTION('',(0.E0,-1.E0,0.E0));
#4555=AXIS2_PLACEMENT_3D('',#4552,#4553,#4554);
#4556=PLANE('',#4555);
#4557=ORIENTED_EDGE('',*,*,#4395,.F.);
#4559=ORIENTED_EDGE('',*,*,#4558,.T.);
#4560=ORIENTED_EDGE('',*,*,#4465,.T.);
#4561=ORIENTED_EDGE('',*,*,#4545,.F.);
#4562=EDGE_LOOP('',(#4557,#4559,#4560,#4561));
#4563=FACE_OUTER_BOUND('',#4562,.F.);
#4564=ADVANCED_FACE('',(#4563),#4556,.T.);
#4565=CARTESIAN_POINT('',(-1.565E0,2.465E0,-1.3065E1));
#4566=DIRECTION('',(-1.E0,0.E0,0.E0));
#4567=DIRECTION('',(0.E0,0.E0,1.E0));
#4568=AXIS2_PLACEMENT_3D('',#4565,#4566,#4567);
#4569=CYLINDRICAL_SURFACE('',#4568,1.37E0);
#4570=ORIENTED_EDGE('',*,*,#4393,.F.);
#4571=ORIENTED_EDGE('',*,*,#4431,.T.);
#4572=ORIENTED_EDGE('',*,*,#4467,.T.);
#4573=ORIENTED_EDGE('',*,*,#4558,.F.);
#4574=EDGE_LOOP('',(#4570,#4571,#4572,#4573));
#4575=FACE_OUTER_BOUND('',#4574,.F.);
#4576=ADVANCED_FACE('',(#4575),#4569,.T.);
#4577=CARTESIAN_POINT('',(-1.565E0,2.765E0,-4.7E0));
#4578=DIRECTION('',(0.E0,0.E0,1.E0));
#4579=DIRECTION('',(0.E0,1.E0,0.E0));
#4580=AXIS2_PLACEMENT_3D('',#4577,#4578,#4579);
#4581=PLANE('',#4580);
#4582=ORIENTED_EDGE('',*,*,#4416,.F.);
#4583=ORIENTED_EDGE('',*,*,#4507,.T.);
#4584=ORIENTED_EDGE('',*,*,#4480,.T.);
#4585=ORIENTED_EDGE('',*,*,#4444,.F.);
#4586=EDGE_LOOP('',(#4582,#4583,#4584,#4585));
#4587=FACE_OUTER_BOUND('',#4586,.F.);
#4588=ADVANCED_FACE('',(#4587),#4581,.T.);
#4589=CARTESIAN_POINT('',(2.635E0,6.965E0,-4.7E0));
#4590=DIRECTION('',(0.E0,0.E0,1.E0));
#4591=DIRECTION('',(0.E0,1.E0,0.E0));
#4592=AXIS2_PLACEMENT_3D('',#4589,#4590,#4591);
#4593=PLANE('',#4592);
#4594=ORIENTED_EDGE('',*,*,#3445,.F.);
#4595=ORIENTED_EDGE('',*,*,#3539,.T.);
#4596=ORIENTED_EDGE('',*,*,#3511,.T.);
#4597=ORIENTED_EDGE('',*,*,#3474,.F.);
#4598=EDGE_LOOP('',(#4594,#4595,#4596,#4597));
#4599=FACE_OUTER_BOUND('',#4598,.F.);
#4600=ADVANCED_FACE('',(#4599),#4593,.T.);
#4601=CARTESIAN_POINT('',(-5.765E0,1.E1,0.E0));
#4602=DIRECTION('',(-1.E0,0.E0,0.E0));
#4603=DIRECTION('',(0.E0,0.E0,1.E0));
#4604=AXIS2_PLACEMENT_3D('',#4601,#4602,#4603);
#4605=PLANE('',#4604);
#4606=ORIENTED_EDGE('',*,*,#3144,.T.);
#4608=ORIENTED_EDGE('',*,*,#4607,.T.);
#4610=ORIENTED_EDGE('',*,*,#4609,.T.);
#4612=ORIENTED_EDGE('',*,*,#4611,.T.);
#4614=ORIENTED_EDGE('',*,*,#4613,.T.);
#4616=ORIENTED_EDGE('',*,*,#4615,.T.);
#4618=ORIENTED_EDGE('',*,*,#4617,.T.);
#4620=ORIENTED_EDGE('',*,*,#4619,.T.);
#4621=EDGE_LOOP('',(#4606,#4608,#4610,#4612,#4614,#4616,#4618,#4620));
#4622=FACE_OUTER_BOUND('',#4621,.F.);
#4623=ADVANCED_FACE('',(#4622),#4605,.F.);
#4624=CARTESIAN_POINT('',(-5.765E0,1.E1,0.E0));
#4625=DIRECTION('',(-1.E0,0.E0,0.E0));
#4626=DIRECTION('',(0.E0,0.E0,1.E0));
#4627=AXIS2_PLACEMENT_3D('',#4624,#4625,#4626);
#4628=PLANE('',#4627);
#4630=ORIENTED_EDGE('',*,*,#4629,.T.);
#4632=ORIENTED_EDGE('',*,*,#4631,.F.);
#4634=ORIENTED_EDGE('',*,*,#4633,.T.);
#4636=ORIENTED_EDGE('',*,*,#4635,.T.);
#4637=EDGE_LOOP('',(#4630,#4632,#4634,#4636));
#4638=FACE_OUTER_BOUND('',#4637,.F.);
#4639=ADVANCED_FACE('',(#4638),#4628,.F.);
#4640=CARTESIAN_POINT('',(-5.765E0,8.035E0,-4.7E0));
#4641=DIRECTION('',(0.E0,1.E0,0.E0));
#4642=DIRECTION('',(0.E0,0.E0,-1.E0));
#4643=AXIS2_PLACEMENT_3D('',#4640,#4641,#4642);
#4644=PLANE('',#4643);
#4645=ORIENTED_EDGE('',*,*,#3150,.T.);
#4647=ORIENTED_EDGE('',*,*,#4646,.T.);
#4649=ORIENTED_EDGE('',*,*,#4648,.F.);
#4650=ORIENTED_EDGE('',*,*,#4607,.F.);
#4651=EDGE_LOOP('',(#4645,#4647,#4649,#4650));
#4652=FACE_OUTER_BOUND('',#4651,.F.);
#4653=ADVANCED_FACE('',(#4652),#4644,.T.);
#4654=CARTESIAN_POINT('',(-5.765E0,8.035E0,-4.7E0));
#4655=DIRECTION('',(0.E0,1.E0,0.E0));
#4656=DIRECTION('',(0.E0,0.E0,-1.E0));
#4657=AXIS2_PLACEMENT_3D('',#4654,#4655,#4656);
#4658=PLANE('',#4657);
#4659=ORIENTED_EDGE('',*,*,#4629,.F.);
#4661=ORIENTED_EDGE('',*,*,#4660,.T.);
#4663=ORIENTED_EDGE('',*,*,#4662,.T.);
#4665=ORIENTED_EDGE('',*,*,#4664,.F.);
#4666=EDGE_LOOP('',(#4659,#4661,#4663,#4665));
#4667=FACE_OUTER_BOUND('',#4666,.F.);
#4668=ADVANCED_FACE('',(#4667),#4658,.T.);
#4669=CARTESIAN_POINT('',(-6.835E0,1.E1,0.E0));
#4670=DIRECTION('',(-1.E0,0.E0,0.E0));
#4671=DIRECTION('',(0.E0,0.E0,1.E0));
#4672=AXIS2_PLACEMENT_3D('',#4669,#4670,#4671);
#4673=PLANE('',#4672);
#4674=ORIENTED_EDGE('',*,*,#3148,.F.);
#4676=ORIENTED_EDGE('',*,*,#4675,.F.);
#4678=ORIENTED_EDGE('',*,*,#4677,.F.);
#4680=ORIENTED_EDGE('',*,*,#4679,.F.);
#4682=ORIENTED_EDGE('',*,*,#4681,.F.);
#4684=ORIENTED_EDGE('',*,*,#4683,.F.);
#4686=ORIENTED_EDGE('',*,*,#4685,.F.);
#4687=ORIENTED_EDGE('',*,*,#4646,.F.);
#4688=EDGE_LOOP('',(#4674,#4676,#4678,#4680,#4682,#4684,#4686,#4687));
#4689=FACE_OUTER_BOUND('',#4688,.F.);
#4690=ADVANCED_FACE('',(#4689),#4673,.T.);
#4691=CARTESIAN_POINT('',(-6.835E0,1.E1,0.E0));
#4692=DIRECTION('',(-1.E0,0.E0,0.E0));
#4693=DIRECTION('',(0.E0,0.E0,1.E0));
#4694=AXIS2_PLACEMENT_3D('',#4691,#4692,#4693);
#4695=PLANE('',#4694);
#4696=ORIENTED_EDGE('',*,*,#4662,.F.);
#4698=ORIENTED_EDGE('',*,*,#4697,.F.);
#4700=ORIENTED_EDGE('',*,*,#4699,.F.);
#4702=ORIENTED_EDGE('',*,*,#4701,.T.);
#4703=EDGE_LOOP('',(#4696,#4698,#4700,#4702));
#4704=FACE_OUTER_BOUND('',#4703,.F.);
#4705=ADVANCED_FACE('',(#4704),#4695,.T.);
#4706=CARTESIAN_POINT('',(-5.765E0,6.965E0,-1.8365E1));
#4707=DIRECTION('',(0.E0,-1.E0,0.E0));
#4708=DIRECTION('',(0.E0,0.E0,1.E0));
#4709=AXIS2_PLACEMENT_3D('',#4706,#4707,#4708);
#4710=PLANE('',#4709);
#4711=ORIENTED_EDGE('',*,*,#3146,.F.);
#4712=ORIENTED_EDGE('',*,*,#4619,.F.);
#4714=ORIENTED_EDGE('',*,*,#4713,.T.);
#4715=ORIENTED_EDGE('',*,*,#4675,.T.);
#4716=EDGE_LOOP('',(#4711,#4712,#4714,#4715));
#4717=FACE_OUTER_BOUND('',#4716,.F.);
#4718=ADVANCED_FACE('',(#4717),#4710,.T.);
#4719=CARTESIAN_POINT('',(-5.765E0,6.965E0,-1.8365E1));
#4720=DIRECTION('',(0.E0,-1.E0,0.E0));
#4721=DIRECTION('',(0.E0,0.E0,1.E0));
#4722=AXIS2_PLACEMENT_3D('',#4719,#4720,#4721);
#4723=PLANE('',#4722);
#4724=ORIENTED_EDGE('',*,*,#4633,.F.);
#4726=ORIENTED_EDGE('',*,*,#4725,.T.);
#4727=ORIENTED_EDGE('',*,*,#4699,.T.);
#4729=ORIENTED_EDGE('',*,*,#4728,.F.);
#4730=EDGE_LOOP('',(#4724,#4726,#4727,#4729));
#4731=FACE_OUTER_BOUND('',#4730,.F.);
#4732=ADVANCED_FACE('',(#4731),#4723,.T.);
#4733=CARTESIAN_POINT('',(-5.765E0,6.465E0,-1.8365E1));
#4734=DIRECTION('',(-1.E0,0.E0,0.E0));
#4735=DIRECTION('',(0.E0,0.E0,1.E0));
#4736=AXIS2_PLACEMENT_3D('',#4733,#4734,#4735);
#4737=CYLINDRICAL_SURFACE('',#4736,5.E-1);
#4738=ORIENTED_EDGE('',*,*,#4617,.F.);
#4740=ORIENTED_EDGE('',*,*,#4739,.T.);
#4741=ORIENTED_EDGE('',*,*,#4677,.T.);
#4742=ORIENTED_EDGE('',*,*,#4713,.F.);
#4743=EDGE_LOOP('',(#4738,#4740,#4741,#4742));
#4744=FACE_OUTER_BOUND('',#4743,.F.);
#4745=ADVANCED_FACE('',(#4744),#4737,.F.);
#4746=CARTESIAN_POINT('',(-5.765E0,-3.3E0,-1.8865E1));
#4747=DIRECTION('',(0.E0,0.E0,1.E0));
#4748=DIRECTION('',(0.E0,1.E0,0.E0));
#4749=AXIS2_PLACEMENT_3D('',#4746,#4747,#4748);
#4750=PLANE('',#4749);
#4751=ORIENTED_EDGE('',*,*,#4615,.F.);
#4753=ORIENTED_EDGE('',*,*,#4752,.T.);
#4754=ORIENTED_EDGE('',*,*,#4679,.T.);
#4755=ORIENTED_EDGE('',*,*,#4739,.F.);
#4756=EDGE_LOOP('',(#4751,#4753,#4754,#4755));
#4757=FACE_OUTER_BOUND('',#4756,.F.);
#4758=ADVANCED_FACE('',(#4757),#4750,.T.);
#4759=CARTESIAN_POINT('',(-5.765E0,-3.3E0,-1.9935E1));
#4760=DIRECTION('',(0.E0,-1.E0,0.E0));
#4761=DIRECTION('',(0.E0,0.E0,1.E0));
#4762=AXIS2_PLACEMENT_3D('',#4759,#4760,#4761);
#4763=PLANE('',#4762);
#4764=ORIENTED_EDGE('',*,*,#4613,.F.);
#4766=ORIENTED_EDGE('',*,*,#4765,.T.);
#4767=ORIENTED_EDGE('',*,*,#4681,.T.);
#4768=ORIENTED_EDGE('',*,*,#4752,.F.);
#4769=EDGE_LOOP('',(#4764,#4766,#4767,#4768));
#4770=FACE_OUTER_BOUND('',#4769,.F.);
#4771=ADVANCED_FACE('',(#4770),#4763,.T.);
#4772=CARTESIAN_POINT('',(-5.765E0,6.465E0,-1.9935E1));
#4773=DIRECTION('',(0.E0,0.E0,-1.E0));
#4774=DIRECTION('',(0.E0,-1.E0,0.E0));
#4775=AXIS2_PLACEMENT_3D('',#4772,#4773,#4774);
#4776=PLANE('',#4775);
#4777=ORIENTED_EDGE('',*,*,#4611,.F.);
#4779=ORIENTED_EDGE('',*,*,#4778,.T.);
#4780=ORIENTED_EDGE('',*,*,#4683,.T.);
#4781=ORIENTED_EDGE('',*,*,#4765,.F.);
#4782=EDGE_LOOP('',(#4777,#4779,#4780,#4781));
#4783=FACE_OUTER_BOUND('',#4782,.F.);
#4784=ADVANCED_FACE('',(#4783),#4776,.T.);
#4785=CARTESIAN_POINT('',(-5.765E0,6.465E0,-1.8365E1));
#4786=DIRECTION('',(-1.E0,0.E0,0.E0));
#4787=DIRECTION('',(0.E0,0.E0,1.E0));
#4788=AXIS2_PLACEMENT_3D('',#4785,#4786,#4787);
#4789=CYLINDRICAL_SURFACE('',#4788,1.57E0);
#4790=ORIENTED_EDGE('',*,*,#4609,.F.);
#4791=ORIENTED_EDGE('',*,*,#4648,.T.);
#4792=ORIENTED_EDGE('',*,*,#4685,.T.);
#4793=ORIENTED_EDGE('',*,*,#4778,.F.);
#4794=EDGE_LOOP('',(#4790,#4791,#4792,#4793));
#4795=FACE_OUTER_BOUND('',#4794,.F.);
#4796=ADVANCED_FACE('',(#4795),#4789,.T.);
#4797=CARTESIAN_POINT('',(0.E0,0.E0,-1.E1));
#4798=DIRECTION('',(0.E0,0.E0,1.E0));
#4799=DIRECTION('',(1.E0,0.E0,0.E0));
#4800=AXIS2_PLACEMENT_3D('',#4797,#4798,#4799);
#4801=PLANE('',#4800);
#4803=ORIENTED_EDGE('',*,*,#4802,.F.);
#4805=ORIENTED_EDGE('',*,*,#4804,.F.);
#4807=ORIENTED_EDGE('',*,*,#4806,.F.);
#4809=ORIENTED_EDGE('',*,*,#4808,.F.);
#4810=EDGE_LOOP('',(#4803,#4805,#4807,#4809));
#4811=FACE_OUTER_BOUND('',#4810,.F.);
#4813=ORIENTED_EDGE('',*,*,#4812,.T.);
#4815=ORIENTED_EDGE('',*,*,#4814,.T.);
#4817=ORIENTED_EDGE('',*,*,#4816,.F.);
#4819=ORIENTED_EDGE('',*,*,#4818,.F.);
#4820=EDGE_LOOP('',(#4813,#4815,#4817,#4819));
#4821=FACE_BOUND('',#4820,.F.);
#4822=ADVANCED_FACE('',(#4811,#4821),#4801,.T.);
#4823=CARTESIAN_POINT('',(0.E0,0.E0,-1.E1));
#4824=DIRECTION('',(0.E0,0.E0,1.E0));
#4825=DIRECTION('',(1.E0,0.E0,0.E0));
#4826=AXIS2_PLACEMENT_3D('',#4823,#4824,#4825);
#4827=PLANE('',#4826);
#4829=ORIENTED_EDGE('',*,*,#4828,.F.);
#4831=ORIENTED_EDGE('',*,*,#4830,.F.);
#4833=ORIENTED_EDGE('',*,*,#4832,.F.);
#4835=ORIENTED_EDGE('',*,*,#4834,.F.);
#4837=ORIENTED_EDGE('',*,*,#4836,.F.);
#4839=ORIENTED_EDGE('',*,*,#4838,.F.);
#4840=EDGE_LOOP('',(#4829,#4831,#4833,#4835,#4837,#4839));
#4841=FACE_OUTER_BOUND('',#4840,.F.);
#4842=ORIENTED_EDGE('',*,*,#4631,.T.);
#4843=ORIENTED_EDGE('',*,*,#4664,.T.);
#4844=ORIENTED_EDGE('',*,*,#4701,.F.);
#4845=ORIENTED_EDGE('',*,*,#4725,.F.);
#4846=EDGE_LOOP('',(#4842,#4843,#4844,#4845));
#4847=FACE_BOUND('',#4846,.F.);
#4848=ADVANCED_FACE('',(#4841,#4847),#4827,.T.);
#4849=CARTESIAN_POINT('',(-8.2E0,4.9E0,0.E0));
#4850=DIRECTION('',(-1.E0,0.E0,0.E0));
#4851=DIRECTION('',(0.E0,-1.E0,0.E0));
#4852=AXIS2_PLACEMENT_3D('',#4849,#4850,#4851);
#4853=PLANE('',#4852);
#4854=ORIENTED_EDGE('',*,*,#2780,.F.);
#4856=ORIENTED_EDGE('',*,*,#4855,.T.);
#4857=ORIENTED_EDGE('',*,*,#4802,.T.);
#4859=ORIENTED_EDGE('',*,*,#4858,.F.);
#4860=EDGE_LOOP('',(#4854,#4856,#4857,#4859));
#4861=FACE_OUTER_BOUND('',#4860,.F.);
#4862=ADVANCED_FACE('',(#4861),#4853,.F.);
#4863=CARTESIAN_POINT('',(-4.4E0,4.9E0,0.E0));
#4864=DIRECTION('',(0.E0,1.E0,0.E0));
#4865=DIRECTION('',(-1.E0,0.E0,0.E0));
#4866=AXIS2_PLACEMENT_3D('',#4863,#4864,#4865);
#4867=PLANE('',#4866);
#4868=ORIENTED_EDGE('',*,*,#2786,.F.);
#4870=ORIENTED_EDGE('',*,*,#4869,.T.);
#4871=ORIENTED_EDGE('',*,*,#4804,.T.);
#4872=ORIENTED_EDGE('',*,*,#4855,.F.);
#4873=EDGE_LOOP('',(#4868,#4870,#4871,#4872));
#4874=FACE_OUTER_BOUND('',#4873,.F.);
#4875=ADVANCED_FACE('',(#4874),#4867,.F.);
#4876=CARTESIAN_POINT('',(-4.4E0,1.3E0,0.E0));
#4877=DIRECTION('',(1.E0,0.E0,0.E0));
#4878=DIRECTION('',(0.E0,1.E0,0.E0));
#4879=AXIS2_PLACEMENT_3D('',#4876,#4877,#4878);
#4880=PLANE('',#4879);
#4881=ORIENTED_EDGE('',*,*,#2784,.F.);
#4883=ORIENTED_EDGE('',*,*,#4882,.T.);
#4884=ORIENTED_EDGE('',*,*,#4806,.T.);
#4885=ORIENTED_EDGE('',*,*,#4869,.F.);
#4886=EDGE_LOOP('',(#4881,#4883,#4884,#4885));
#4887=FACE_OUTER_BOUND('',#4886,.F.);
#4888=ADVANCED_FACE('',(#4887),#4880,.F.);
#4889=CARTESIAN_POINT('',(-8.2E0,1.3E0,0.E0));
#4890=DIRECTION('',(0.E0,-1.E0,0.E0));
#4891=DIRECTION('',(1.E0,0.E0,0.E0));
#4892=AXIS2_PLACEMENT_3D('',#4889,#4890,#4891);
#4893=PLANE('',#4892);
#4894=ORIENTED_EDGE('',*,*,#2782,.F.);
#4895=ORIENTED_EDGE('',*,*,#4858,.T.);
#4896=ORIENTED_EDGE('',*,*,#4808,.T.);
#4897=ORIENTED_EDGE('',*,*,#4882,.F.);
#4898=EDGE_LOOP('',(#4894,#4895,#4896,#4897));
#4899=FACE_OUTER_BOUND('',#4898,.F.);
#4900=ADVANCED_FACE('',(#4899),#4893,.F.);
#4901=CARTESIAN_POINT('',(-8.2E0,9.1E0,0.E0));
#4902=DIRECTION('',(-1.E0,0.E0,0.E0));
#4903=DIRECTION('',(0.E0,-1.E0,0.E0));
#4904=AXIS2_PLACEMENT_3D('',#4901,#4902,#4903);
#4905=PLANE('',#4904);
#4906=ORIENTED_EDGE('',*,*,#2790,.F.);
#4908=ORIENTED_EDGE('',*,*,#4907,.T.);
#4909=ORIENTED_EDGE('',*,*,#4828,.T.);
#4911=ORIENTED_EDGE('',*,*,#4910,.F.);
#4912=EDGE_LOOP('',(#4906,#4908,#4909,#4911));
#4913=FACE_OUTER_BOUND('',#4912,.F.);
#4914=ADVANCED_FACE('',(#4913),#4905,.F.);
#4915=CARTESIAN_POINT('',(-4.4E0,9.1E0,0.E0));
#4916=DIRECTION('',(0.E0,1.E0,0.E0));
#4917=DIRECTION('',(-1.E0,0.E0,0.E0));
#4918=AXIS2_PLACEMENT_3D('',#4915,#4916,#4917);
#4919=PLANE('',#4918);
#4920=ORIENTED_EDGE('',*,*,#2800,.F.);
#4922=ORIENTED_EDGE('',*,*,#4921,.T.);
#4923=ORIENTED_EDGE('',*,*,#4830,.T.);
#4924=ORIENTED_EDGE('',*,*,#4907,.F.);
#4925=EDGE_LOOP('',(#4920,#4922,#4923,#4924));
#4926=FACE_OUTER_BOUND('',#4925,.F.);
#4927=ADVANCED_FACE('',(#4926),#4919,.F.);
#4928=CARTESIAN_POINT('',(-4.4E0,6.3E0,0.E0));
#4929=DIRECTION('',(1.E0,0.E0,0.E0));
#4930=DIRECTION('',(0.E0,1.E0,0.E0));
#4931=AXIS2_PLACEMENT_3D('',#4928,#4929,#4930);
#4932=PLANE('',#4931);
#4933=ORIENTED_EDGE('',*,*,#2798,.F.);
#4935=ORIENTED_EDGE('',*,*,#4934,.T.);
#4936=ORIENTED_EDGE('',*,*,#4832,.T.);
#4937=ORIENTED_EDGE('',*,*,#4921,.F.);
#4938=EDGE_LOOP('',(#4933,#4935,#4936,#4937));
#4939=FACE_OUTER_BOUND('',#4938,.F.);
#4940=ADVANCED_FACE('',(#4939),#4932,.F.);
#4941=CARTESIAN_POINT('',(-5.2E0,5.5E0,0.E0));
#4942=DIRECTION('',(7.071067811865E-1,-7.071067811865E-1,0.E0));
#4943=DIRECTION('',(7.071067811865E-1,7.071067811865E-1,0.E0));
#4944=AXIS2_PLACEMENT_3D('',#4941,#4942,#4943);
#4945=PLANE('',#4944);
#4946=ORIENTED_EDGE('',*,*,#2796,.F.);
#4948=ORIENTED_EDGE('',*,*,#4947,.T.);
#4949=ORIENTED_EDGE('',*,*,#4834,.T.);
#4950=ORIENTED_EDGE('',*,*,#4934,.F.);
#4951=EDGE_LOOP('',(#4946,#4948,#4949,#4950));
#4952=FACE_OUTER_BOUND('',#4951,.F.);
#4953=ADVANCED_FACE('',(#4952),#4945,.F.);
#4954=CARTESIAN_POINT('',(-7.4E0,5.5E0,0.E0));
#4955=DIRECTION('',(0.E0,-1.E0,0.E0));
#4956=DIRECTION('',(1.E0,0.E0,0.E0));
#4957=AXIS2_PLACEMENT_3D('',#4954,#4955,#4956);
#4958=PLANE('',#4957);
#4959=ORIENTED_EDGE('',*,*,#2794,.F.);
#4961=ORIENTED_EDGE('',*,*,#4960,.T.);
#4962=ORIENTED_EDGE('',*,*,#4836,.T.);
#4963=ORIENTED_EDGE('',*,*,#4947,.F.);
#4964=EDGE_LOOP('',(#4959,#4961,#4962,#4963));
#4965=FACE_OUTER_BOUND('',#4964,.F.);
#4966=ADVANCED_FACE('',(#4965),#4958,.F.);
#4967=CARTESIAN_POINT('',(-8.2E0,6.3E0,0.E0));
#4968=DIRECTION('',(-7.071067811865E-1,-7.071067811865E-1,0.E0));
#4969=DIRECTION('',(7.071067811865E-1,-7.071067811865E-1,0.E0));
#4970=AXIS2_PLACEMENT_3D('',#4967,#4968,#4969);
#4971=PLANE('',#4970);
#4972=ORIENTED_EDGE('',*,*,#2792,.F.);
#4973=ORIENTED_EDGE('',*,*,#4910,.T.);
#4974=ORIENTED_EDGE('',*,*,#4838,.T.);
#4975=ORIENTED_EDGE('',*,*,#4960,.F.);
#4976=EDGE_LOOP('',(#4972,#4973,#4974,#4975));
#4977=FACE_OUTER_BOUND('',#4976,.F.);
#4978=ADVANCED_FACE('',(#4977),#4971,.F.);
#4979=CARTESIAN_POINT('',(-5.765E0,1.E1,0.E0));
#4980=DIRECTION('',(-1.E0,0.E0,0.E0));
#4981=DIRECTION('',(0.E0,0.E0,1.E0));
#4982=AXIS2_PLACEMENT_3D('',#4979,#4980,#4981);
#4983=PLANE('',#4982);
#4984=ORIENTED_EDGE('',*,*,#3184,.T.);
#4986=ORIENTED_EDGE('',*,*,#4985,.T.);
#4988=ORIENTED_EDGE('',*,*,#4987,.T.);
#4990=ORIENTED_EDGE('',*,*,#4989,.T.);
#4992=ORIENTED_EDGE('',*,*,#4991,.T.);
#4994=ORIENTED_EDGE('',*,*,#4993,.T.);
#4996=ORIENTED_EDGE('',*,*,#4995,.T.);
#4998=ORIENTED_EDGE('',*,*,#4997,.T.);
#4999=EDGE_LOOP('',(#4984,#4986,#4988,#4990,#4992,#4994,#4996,#4998));
#5000=FACE_OUTER_BOUND('',#4999,.F.);
#5001=ADVANCED_FACE('',(#5000),#4983,.F.);
#5002=CARTESIAN_POINT('',(-5.765E0,1.E1,0.E0));
#5003=DIRECTION('',(-1.E0,0.E0,0.E0));
#5004=DIRECTION('',(0.E0,0.E0,1.E0));
#5005=AXIS2_PLACEMENT_3D('',#5002,#5003,#5004);
#5006=PLANE('',#5005);
#5008=ORIENTED_EDGE('',*,*,#5007,.T.);
#5009=ORIENTED_EDGE('',*,*,#4812,.F.);
#5011=ORIENTED_EDGE('',*,*,#5010,.T.);
#5013=ORIENTED_EDGE('',*,*,#5012,.T.);
#5014=EDGE_LOOP('',(#5008,#5009,#5011,#5013));
#5015=FACE_OUTER_BOUND('',#5014,.F.);
#5016=ADVANCED_FACE('',(#5015),#5006,.F.);
#5017=CARTESIAN_POINT('',(-5.765E0,3.835E0,-4.7E0));
#5018=DIRECTION('',(0.E0,1.E0,0.E0));
#5019=DIRECTION('',(0.E0,0.E0,-1.E0));
#5020=AXIS2_PLACEMENT_3D('',#5017,#5018,#5019);
#5021=PLANE('',#5020);
#5022=ORIENTED_EDGE('',*,*,#3190,.T.);
#5024=ORIENTED_EDGE('',*,*,#5023,.T.);
#5026=ORIENTED_EDGE('',*,*,#5025,.F.);
#5027=ORIENTED_EDGE('',*,*,#4985,.F.);
#5028=EDGE_LOOP('',(#5022,#5024,#5026,#5027));
#5029=FACE_OUTER_BOUND('',#5028,.F.);
#5030=ADVANCED_FACE('',(#5029),#5021,.T.);
#5031=CARTESIAN_POINT('',(-5.765E0,3.835E0,-4.7E0));
#5032=DIRECTION('',(0.E0,1.E0,0.E0));
#5033=DIRECTION('',(0.E0,0.E0,-1.E0));
#5034=AXIS2_PLACEMENT_3D('',#5031,#5032,#5033);
#5035=PLANE('',#5034);
#5036=ORIENTED_EDGE('',*,*,#5007,.F.);
#5038=ORIENTED_EDGE('',*,*,#5037,.T.);
#5040=ORIENTED_EDGE('',*,*,#5039,.T.);
#5041=ORIENTED_EDGE('',*,*,#4814,.F.);
#5042=EDGE_LOOP('',(#5036,#5038,#5040,#5041));
#5043=FACE_OUTER_BOUND('',#5042,.F.);
#5044=ADVANCED_FACE('',(#5043),#5035,.T.);
#5045=CARTESIAN_POINT('',(-6.835E0,1.E1,0.E0));
#5046=DIRECTION('',(-1.E0,0.E0,0.E0));
#5047=DIRECTION('',(0.E0,0.E0,1.E0));
#5048=AXIS2_PLACEMENT_3D('',#5045,#5046,#5047);
#5049=PLANE('',#5048);
#5050=ORIENTED_EDGE('',*,*,#3188,.F.);
#5052=ORIENTED_EDGE('',*,*,#5051,.F.);
#5054=ORIENTED_EDGE('',*,*,#5053,.F.);
#5056=ORIENTED_EDGE('',*,*,#5055,.F.);
#5058=ORIENTED_EDGE('',*,*,#5057,.F.);
#5060=ORIENTED_EDGE('',*,*,#5059,.F.);
#5062=ORIENTED_EDGE('',*,*,#5061,.F.);
#5063=ORIENTED_EDGE('',*,*,#5023,.F.);
#5064=EDGE_LOOP('',(#5050,#5052,#5054,#5056,#5058,#5060,#5062,#5063));
#5065=FACE_OUTER_BOUND('',#5064,.F.);
#5066=ADVANCED_FACE('',(#5065),#5049,.T.);
#5067=CARTESIAN_POINT('',(-6.835E0,1.E1,0.E0));
#5068=DIRECTION('',(-1.E0,0.E0,0.E0));
#5069=DIRECTION('',(0.E0,0.E0,1.E0));
#5070=AXIS2_PLACEMENT_3D('',#5067,#5068,#5069);
#5071=PLANE('',#5070);
#5072=ORIENTED_EDGE('',*,*,#5039,.F.);
#5074=ORIENTED_EDGE('',*,*,#5073,.F.);
#5076=ORIENTED_EDGE('',*,*,#5075,.F.);
#5077=ORIENTED_EDGE('',*,*,#4816,.T.);
#5078=EDGE_LOOP('',(#5072,#5074,#5076,#5077));
#5079=FACE_OUTER_BOUND('',#5078,.F.);
#5080=ADVANCED_FACE('',(#5079),#5071,.T.);
#5081=CARTESIAN_POINT('',(-5.765E0,2.765E0,-1.3065E1));
#5082=DIRECTION('',(0.E0,-1.E0,0.E0));
#5083=DIRECTION('',(0.E0,0.E0,1.E0));
#5084=AXIS2_PLACEMENT_3D('',#5081,#5082,#5083);
#5085=PLANE('',#5084);
#5086=ORIENTED_EDGE('',*,*,#3186,.F.);
#5087=ORIENTED_EDGE('',*,*,#4997,.F.);
#5089=ORIENTED_EDGE('',*,*,#5088,.T.);
#5090=ORIENTED_EDGE('',*,*,#5051,.T.);
#5091=EDGE_LOOP('',(#5086,#5087,#5089,#5090));
#5092=FACE_OUTER_BOUND('',#5091,.F.);
#5093=ADVANCED_FACE('',(#5092),#5085,.T.);
#5094=CARTESIAN_POINT('',(-5.765E0,2.765E0,-1.3065E1));
#5095=DIRECTION('',(0.E0,-1.E0,0.E0));
#5096=DIRECTION('',(0.E0,0.E0,1.E0));
#5097=AXIS2_PLACEMENT_3D('',#5094,#5095,#5096);
#5098=PLANE('',#5097);
#5099=ORIENTED_EDGE('',*,*,#5010,.F.);
#5100=ORIENTED_EDGE('',*,*,#4818,.T.);
#5101=ORIENTED_EDGE('',*,*,#5075,.T.);
#5103=ORIENTED_EDGE('',*,*,#5102,.F.);
#5104=EDGE_LOOP('',(#5099,#5100,#5101,#5103));
#5105=FACE_OUTER_BOUND('',#5104,.F.);
#5106=ADVANCED_FACE('',(#5105),#5098,.T.);
#5107=CARTESIAN_POINT('',(-5.765E0,2.465E0,-1.3065E1));
#5108=DIRECTION('',(-1.E0,0.E0,0.E0));
#5109=DIRECTION('',(0.E0,0.E0,1.E0));
#5110=AXIS2_PLACEMENT_3D('',#5107,#5108,#5109);
#5111=CYLINDRICAL_SURFACE('',#5110,3.E-1);
#5112=ORIENTED_EDGE('',*,*,#4995,.F.);
#5114=ORIENTED_EDGE('',*,*,#5113,.T.);
#5115=ORIENTED_EDGE('',*,*,#5053,.T.);
#5116=ORIENTED_EDGE('',*,*,#5088,.F.);
#5117=EDGE_LOOP('',(#5112,#5114,#5115,#5116));
#5118=FACE_OUTER_BOUND('',#5117,.F.);
#5119=ADVANCED_FACE('',(#5118),#5111,.F.);
#5120=CARTESIAN_POINT('',(-5.765E0,-3.3E0,-1.3365E1));
#5121=DIRECTION('',(0.E0,0.E0,1.E0));
#5122=DIRECTION('',(0.E0,1.E0,0.E0));
#5123=AXIS2_PLACEMENT_3D('',#5120,#5121,#5122);
#5124=PLANE('',#5123);
#5125=ORIENTED_EDGE('',*,*,#4993,.F.);
#5127=ORIENTED_EDGE('',*,*,#5126,.T.);
#5128=ORIENTED_EDGE('',*,*,#5055,.T.);
#5129=ORIENTED_EDGE('',*,*,#5113,.F.);
#5130=EDGE_LOOP('',(#5125,#5127,#5128,#5129));
#5131=FACE_OUTER_BOUND('',#5130,.F.);
#5132=ADVANCED_FACE('',(#5131),#5124,.T.);
#5133=CARTESIAN_POINT('',(-5.765E0,-3.3E0,-1.4435E1));
#5134=DIRECTION('',(0.E0,-1.E0,0.E0));
#5135=DIRECTION('',(0.E0,0.E0,1.E0));
#5136=AXIS2_PLACEMENT_3D('',#5133,#5134,#5135);
#5137=PLANE('',#5136);
#5138=ORIENTED_EDGE('',*,*,#4991,.F.);
#5140=ORIENTED_EDGE('',*,*,#5139,.T.);
#5141=ORIENTED_EDGE('',*,*,#5057,.T.);
#5142=ORIENTED_EDGE('',*,*,#5126,.F.);
#5143=EDGE_LOOP('',(#5138,#5140,#5141,#5142));
#5144=FACE_OUTER_BOUND('',#5143,.F.);
#5145=ADVANCED_FACE('',(#5144),#5137,.T.);
#5146=CARTESIAN_POINT('',(-5.765E0,2.465E0,-1.4435E1));
#5147=DIRECTION('',(0.E0,0.E0,-1.E0));
#5148=DIRECTION('',(0.E0,-1.E0,0.E0));
#5149=AXIS2_PLACEMENT_3D('',#5146,#5147,#5148);
#5150=PLANE('',#5149);
#5151=ORIENTED_EDGE('',*,*,#4989,.F.);
#5153=ORIENTED_EDGE('',*,*,#5152,.T.);
#5154=ORIENTED_EDGE('',*,*,#5059,.T.);
#5155=ORIENTED_EDGE('',*,*,#5139,.F.);
#5156=EDGE_LOOP('',(#5151,#5153,#5154,#5155));
#5157=FACE_OUTER_BOUND('',#5156,.F.);
#5158=ADVANCED_FACE('',(#5157),#5150,.T.);
#5159=CARTESIAN_POINT('',(-5.765E0,2.465E0,-1.3065E1));
#5160=DIRECTION('',(-1.E0,0.E0,0.E0));
#5161=DIRECTION('',(0.E0,0.E0,1.E0));
#5162=AXIS2_PLACEMENT_3D('',#5159,#5160,#5161);
#5163=CYLINDRICAL_SURFACE('',#5162,1.37E0);
#5164=ORIENTED_EDGE('',*,*,#4987,.F.);
#5165=ORIENTED_EDGE('',*,*,#5025,.T.);
#5166=ORIENTED_EDGE('',*,*,#5061,.T.);
#5167=ORIENTED_EDGE('',*,*,#5152,.F.);
#5168=EDGE_LOOP('',(#5164,#5165,#5166,#5167));
#5169=FACE_OUTER_BOUND('',#5168,.F.);
#5170=ADVANCED_FACE('',(#5169),#5163,.T.);
#5171=CARTESIAN_POINT('',(-5.765E0,2.765E0,-4.7E0));
#5172=DIRECTION('',(0.E0,0.E0,1.E0));
#5173=DIRECTION('',(0.E0,1.E0,0.E0));
#5174=AXIS2_PLACEMENT_3D('',#5171,#5172,#5173);
#5175=PLANE('',#5174);
#5176=ORIENTED_EDGE('',*,*,#5012,.F.);
#5177=ORIENTED_EDGE('',*,*,#5102,.T.);
#5178=ORIENTED_EDGE('',*,*,#5073,.T.);
#5179=ORIENTED_EDGE('',*,*,#5037,.F.);
#5180=EDGE_LOOP('',(#5176,#5177,#5178,#5179));
#5181=FACE_OUTER_BOUND('',#5180,.F.);
#5182=ADVANCED_FACE('',(#5181),#5175,.T.);
#5183=CARTESIAN_POINT('',(-5.765E0,6.965E0,-4.7E0));
#5184=DIRECTION('',(0.E0,0.E0,1.E0));
#5185=DIRECTION('',(0.E0,1.E0,0.E0));
#5186=AXIS2_PLACEMENT_3D('',#5183,#5184,#5185);
#5187=PLANE('',#5186);
#5188=ORIENTED_EDGE('',*,*,#4635,.F.);
#5189=ORIENTED_EDGE('',*,*,#4728,.T.);
#5190=ORIENTED_EDGE('',*,*,#4697,.T.);
#5191=ORIENTED_EDGE('',*,*,#4660,.F.);
#5192=EDGE_LOOP('',(#5188,#5189,#5190,#5191));
#5193=FACE_OUTER_BOUND('',#5192,.F.);
#5194=ADVANCED_FACE('',(#5193),#5187,.T.);
#5195=CARTESIAN_POINT('',(6.835E0,1.E1,0.E0));
#5196=DIRECTION('',(-1.E0,0.E0,0.E0));
#5197=DIRECTION('',(0.E0,0.E0,1.E0));
#5198=AXIS2_PLACEMENT_3D('',#5195,#5196,#5197);
#5199=PLANE('',#5198);
#5200=ORIENTED_EDGE('',*,*,#3154,.T.);
#5202=ORIENTED_EDGE('',*,*,#5201,.T.);
#5204=ORIENTED_EDGE('',*,*,#5203,.T.);
#5206=ORIENTED_EDGE('',*,*,#5205,.T.);
#5208=ORIENTED_EDGE('',*,*,#5207,.T.);
#5210=ORIENTED_EDGE('',*,*,#5209,.T.);
#5212=ORIENTED_EDGE('',*,*,#5211,.T.);
#5214=ORIENTED_EDGE('',*,*,#5213,.T.);
#5215=EDGE_LOOP('',(#5200,#5202,#5204,#5206,#5208,#5210,#5212,#5214));
#5216=FACE_OUTER_BOUND('',#5215,.F.);
#5217=ADVANCED_FACE('',(#5216),#5199,.F.);
#5218=CARTESIAN_POINT('',(6.835E0,1.E1,0.E0));
#5219=DIRECTION('',(-1.E0,0.E0,0.E0));
#5220=DIRECTION('',(0.E0,0.E0,1.E0));
#5221=AXIS2_PLACEMENT_3D('',#5218,#5219,#5220);
#5222=PLANE('',#5221);
#5223=ORIENTED_EDGE('',*,*,#2930,.F.);
#5225=ORIENTED_EDGE('',*,*,#5224,.T.);
#5227=ORIENTED_EDGE('',*,*,#5226,.T.);
#5229=ORIENTED_EDGE('',*,*,#5228,.T.);
#5230=EDGE_LOOP('',(#5223,#5225,#5227,#5229));
#5231=FACE_OUTER_BOUND('',#5230,.F.);
#5232=ADVANCED_FACE('',(#5231),#5222,.F.);
#5233=CARTESIAN_POINT('',(6.835E0,3.835E0,-4.7E0));
#5234=DIRECTION('',(0.E0,1.E0,0.E0));
#5235=DIRECTION('',(0.E0,0.E0,-1.E0));
#5236=AXIS2_PLACEMENT_3D('',#5233,#5234,#5235);
#5237=PLANE('',#5236);
#5238=ORIENTED_EDGE('',*,*,#3160,.T.);
#5240=ORIENTED_EDGE('',*,*,#5239,.T.);
#5242=ORIENTED_EDGE('',*,*,#5241,.F.);
#5243=ORIENTED_EDGE('',*,*,#5201,.F.);
#5244=EDGE_LOOP('',(#5238,#5240,#5242,#5243));
#5245=FACE_OUTER_BOUND('',#5244,.F.);
#5246=ADVANCED_FACE('',(#5245),#5237,.T.);
#5247=CARTESIAN_POINT('',(6.835E0,3.835E0,-4.7E0));
#5248=DIRECTION('',(0.E0,1.E0,0.E0));
#5249=DIRECTION('',(0.E0,0.E0,-1.E0));
#5250=AXIS2_PLACEMENT_3D('',#5247,#5248,#5249);
#5251=PLANE('',#5250);
#5252=ORIENTED_EDGE('',*,*,#2932,.F.);
#5253=ORIENTED_EDGE('',*,*,#5228,.F.);
#5255=ORIENTED_EDGE('',*,*,#5254,.T.);
#5257=ORIENTED_EDGE('',*,*,#5256,.T.);
#5258=EDGE_LOOP('',(#5252,#5253,#5255,#5257));
#5259=FACE_OUTER_BOUND('',#5258,.F.);
#5260=ADVANCED_FACE('',(#5259),#5251,.T.);
#5261=CARTESIAN_POINT('',(5.765E0,1.E1,0.E0));
#5262=DIRECTION('',(-1.E0,0.E0,0.E0));
#5263=DIRECTION('',(0.E0,0.E0,1.E0));
#5264=AXIS2_PLACEMENT_3D('',#5261,#5262,#5263);
#5265=PLANE('',#5264);
#5266=ORIENTED_EDGE('',*,*,#3158,.F.);
#5268=ORIENTED_EDGE('',*,*,#5267,.F.);
#5270=ORIENTED_EDGE('',*,*,#5269,.F.);
#5272=ORIENTED_EDGE('',*,*,#5271,.F.);
#5274=ORIENTED_EDGE('',*,*,#5273,.F.);
#5276=ORIENTED_EDGE('',*,*,#5275,.F.);
#5278=ORIENTED_EDGE('',*,*,#5277,.F.);
#5279=ORIENTED_EDGE('',*,*,#5239,.F.);
#5280=EDGE_LOOP('',(#5266,#5268,#5270,#5272,#5274,#5276,#5278,#5279));
#5281=FACE_OUTER_BOUND('',#5280,.F.);
#5282=ADVANCED_FACE('',(#5281),#5265,.T.);
#5283=CARTESIAN_POINT('',(5.765E0,1.E1,0.E0));
#5284=DIRECTION('',(-1.E0,0.E0,0.E0));
#5285=DIRECTION('',(0.E0,0.E0,1.E0));
#5286=AXIS2_PLACEMENT_3D('',#5283,#5284,#5285);
#5287=PLANE('',#5286);
#5288=ORIENTED_EDGE('',*,*,#2934,.T.);
#5289=ORIENTED_EDGE('',*,*,#5256,.F.);
#5291=ORIENTED_EDGE('',*,*,#5290,.F.);
#5293=ORIENTED_EDGE('',*,*,#5292,.F.);
#5294=EDGE_LOOP('',(#5288,#5289,#5291,#5293));
#5295=FACE_OUTER_BOUND('',#5294,.F.);
#5296=ADVANCED_FACE('',(#5295),#5287,.T.);
#5297=CARTESIAN_POINT('',(6.835E0,2.765E0,-1.3065E1));
#5298=DIRECTION('',(0.E0,-1.E0,0.E0));
#5299=DIRECTION('',(0.E0,0.E0,1.E0));
#5300=AXIS2_PLACEMENT_3D('',#5297,#5298,#5299);
#5301=PLANE('',#5300);
#5302=ORIENTED_EDGE('',*,*,#3156,.F.);
#5303=ORIENTED_EDGE('',*,*,#5213,.F.);
#5305=ORIENTED_EDGE('',*,*,#5304,.T.);
#5306=ORIENTED_EDGE('',*,*,#5267,.T.);
#5307=EDGE_LOOP('',(#5302,#5303,#5305,#5306));
#5308=FACE_OUTER_BOUND('',#5307,.F.);
#5309=ADVANCED_FACE('',(#5308),#5301,.T.);
#5310=CARTESIAN_POINT('',(6.835E0,2.765E0,-1.3065E1));
#5311=DIRECTION('',(0.E0,-1.E0,0.E0));
#5312=DIRECTION('',(0.E0,0.E0,1.E0));
#5313=AXIS2_PLACEMENT_3D('',#5310,#5311,#5312);
#5314=PLANE('',#5313);
#5315=ORIENTED_EDGE('',*,*,#2936,.T.);
#5316=ORIENTED_EDGE('',*,*,#5292,.T.);
#5318=ORIENTED_EDGE('',*,*,#5317,.F.);
#5319=ORIENTED_EDGE('',*,*,#5224,.F.);
#5320=EDGE_LOOP('',(#5315,#5316,#5318,#5319));
#5321=FACE_OUTER_BOUND('',#5320,.F.);
#5322=ADVANCED_FACE('',(#5321),#5314,.T.);
#5323=CARTESIAN_POINT('',(6.835E0,2.465E0,-1.3065E1));
#5324=DIRECTION('',(-1.E0,0.E0,0.E0));
#5325=DIRECTION('',(0.E0,0.E0,1.E0));
#5326=AXIS2_PLACEMENT_3D('',#5323,#5324,#5325);
#5327=CYLINDRICAL_SURFACE('',#5326,3.E-1);
#5328=ORIENTED_EDGE('',*,*,#5211,.F.);
#5330=ORIENTED_EDGE('',*,*,#5329,.T.);
#5331=ORIENTED_EDGE('',*,*,#5269,.T.);
#5332=ORIENTED_EDGE('',*,*,#5304,.F.);
#5333=EDGE_LOOP('',(#5328,#5330,#5331,#5332));
#5334=FACE_OUTER_BOUND('',#5333,.F.);
#5335=ADVANCED_FACE('',(#5334),#5327,.F.);
#5336=CARTESIAN_POINT('',(6.835E0,-3.3E0,-1.3365E1));
#5337=DIRECTION('',(0.E0,0.E0,1.E0));
#5338=DIRECTION('',(0.E0,1.E0,0.E0));
#5339=AXIS2_PLACEMENT_3D('',#5336,#5337,#5338);
#5340=PLANE('',#5339);
#5341=ORIENTED_EDGE('',*,*,#5209,.F.);
#5343=ORIENTED_EDGE('',*,*,#5342,.T.);
#5344=ORIENTED_EDGE('',*,*,#5271,.T.);
#5345=ORIENTED_EDGE('',*,*,#5329,.F.);
#5346=EDGE_LOOP('',(#5341,#5343,#5344,#5345));
#5347=FACE_OUTER_BOUND('',#5346,.F.);
#5348=ADVANCED_FACE('',(#5347),#5340,.T.);
#5349=CARTESIAN_POINT('',(6.835E0,-3.3E0,-1.4435E1));
#5350=DIRECTION('',(0.E0,-1.E0,0.E0));
#5351=DIRECTION('',(0.E0,0.E0,1.E0));
#5352=AXIS2_PLACEMENT_3D('',#5349,#5350,#5351);
#5353=PLANE('',#5352);
#5354=ORIENTED_EDGE('',*,*,#5207,.F.);
#5356=ORIENTED_EDGE('',*,*,#5355,.T.);
#5357=ORIENTED_EDGE('',*,*,#5273,.T.);
#5358=ORIENTED_EDGE('',*,*,#5342,.F.);
#5359=EDGE_LOOP('',(#5354,#5356,#5357,#5358));
#5360=FACE_OUTER_BOUND('',#5359,.F.);
#5361=ADVANCED_FACE('',(#5360),#5353,.T.);
#5362=CARTESIAN_POINT('',(6.835E0,2.465E0,-1.4435E1));
#5363=DIRECTION('',(0.E0,0.E0,-1.E0));
#5364=DIRECTION('',(0.E0,-1.E0,0.E0));
#5365=AXIS2_PLACEMENT_3D('',#5362,#5363,#5364);
#5366=PLANE('',#5365);
#5367=ORIENTED_EDGE('',*,*,#5205,.F.);
#5369=ORIENTED_EDGE('',*,*,#5368,.T.);
#5370=ORIENTED_EDGE('',*,*,#5275,.T.);
#5371=ORIENTED_EDGE('',*,*,#5355,.F.);
#5372=EDGE_LOOP('',(#5367,#5369,#5370,#5371));
#5373=FACE_OUTER_BOUND('',#5372,.F.);
#5374=ADVANCED_FACE('',(#5373),#5366,.T.);
#5375=CARTESIAN_POINT('',(6.835E0,2.465E0,-1.3065E1));
#5376=DIRECTION('',(-1.E0,0.E0,0.E0));
#5377=DIRECTION('',(0.E0,0.E0,1.E0));
#5378=AXIS2_PLACEMENT_3D('',#5375,#5376,#5377);
#5379=CYLINDRICAL_SURFACE('',#5378,1.37E0);
#5380=ORIENTED_EDGE('',*,*,#5203,.F.);
#5381=ORIENTED_EDGE('',*,*,#5241,.T.);
#5382=ORIENTED_EDGE('',*,*,#5277,.T.);
#5383=ORIENTED_EDGE('',*,*,#5368,.F.);
#5384=EDGE_LOOP('',(#5380,#5381,#5382,#5383));
#5385=FACE_OUTER_BOUND('',#5384,.F.);
#5386=ADVANCED_FACE('',(#5385),#5379,.T.);
#5387=CARTESIAN_POINT('',(6.835E0,2.765E0,-4.7E0));
#5388=DIRECTION('',(0.E0,0.E0,1.E0));
#5389=DIRECTION('',(0.E0,1.E0,0.E0));
#5390=AXIS2_PLACEMENT_3D('',#5387,#5388,#5389);
#5391=PLANE('',#5390);
#5392=ORIENTED_EDGE('',*,*,#5226,.F.);
#5393=ORIENTED_EDGE('',*,*,#5317,.T.);
#5394=ORIENTED_EDGE('',*,*,#5290,.T.);
#5395=ORIENTED_EDGE('',*,*,#5254,.F.);
#5396=EDGE_LOOP('',(#5392,#5393,#5394,#5395));
#5397=FACE_OUTER_BOUND('',#5396,.F.);
#5398=ADVANCED_FACE('',(#5397),#5391,.T.);
#5399=CARTESIAN_POINT('',(-9.E0,9.E0,-1.28E1));
#5400=DIRECTION('',(0.E0,1.E0,0.E0));
#5401=DIRECTION('',(1.E0,0.E0,0.E0));
#5402=AXIS2_PLACEMENT_3D('',#5399,#5400,#5401);
#5403=PLANE('',#5402);
#5404=ORIENTED_EDGE('',*,*,#3093,.F.);
#5406=ORIENTED_EDGE('',*,*,#5405,.T.);
#5408=ORIENTED_EDGE('',*,*,#5407,.T.);
#5410=ORIENTED_EDGE('',*,*,#5409,.F.);
#5411=EDGE_LOOP('',(#5404,#5406,#5408,#5410));
#5412=FACE_OUTER_BOUND('',#5411,.F.);
#5413=ADVANCED_FACE('',(#5412),#5403,.T.);
#5414=CARTESIAN_POINT('',(-9.E0,4.E-1,0.E0));
#5415=DIRECTION('',(-1.E0,0.E0,0.E0));
#5416=DIRECTION('',(0.E0,1.E0,0.E0));
#5417=AXIS2_PLACEMENT_3D('',#5414,#5415,#5416);
#5418=PLANE('',#5417);
#5420=ORIENTED_EDGE('',*,*,#5419,.T.);
#5421=ORIENTED_EDGE('',*,*,#3202,.F.);
#5423=ORIENTED_EDGE('',*,*,#5422,.T.);
#5425=ORIENTED_EDGE('',*,*,#5424,.T.);
#5426=ORIENTED_EDGE('',*,*,#5405,.F.);
#5427=ORIENTED_EDGE('',*,*,#3111,.T.);
#5429=ORIENTED_EDGE('',*,*,#5428,.T.);
#5430=ORIENTED_EDGE('',*,*,#2746,.F.);
#5432=ORIENTED_EDGE('',*,*,#5431,.F.);
#5434=ORIENTED_EDGE('',*,*,#5433,.T.);
#5435=EDGE_LOOP('',(#5420,#5421,#5423,#5425,#5426,#5427,#5429,#5430,#5432,
#5434));
#5436=FACE_OUTER_BOUND('',#5435,.F.);
#5437=ADVANCED_FACE('',(#5436),#5418,.T.);
#5438=CARTESIAN_POINT('',(-9.6E0,1.4E0,-2.E0));
#5439=DIRECTION('',(0.E0,1.E0,0.E0));
#5440=DIRECTION('',(1.E0,0.E0,0.E0));
#5441=AXIS2_PLACEMENT_3D('',#5438,#5439,#5440);
#5442=PLANE('',#5441);
#5443=ORIENTED_EDGE('',*,*,#5419,.F.);
#5445=ORIENTED_EDGE('',*,*,#5444,.F.);
#5447=ORIENTED_EDGE('',*,*,#5446,.T.);
#5448=ORIENTED_EDGE('',*,*,#3204,.T.);
#5449=EDGE_LOOP('',(#5443,#5445,#5447,#5448));
#5450=FACE_OUTER_BOUND('',#5449,.F.);
#5451=ADVANCED_FACE('',(#5450),#5442,.T.);
#5452=CARTESIAN_POINT('',(0.E0,0.E0,-2.E0));
#5453=DIRECTION('',(0.E0,0.E0,-1.E0));
#5454=DIRECTION('',(-1.E0,0.E0,0.E0));
#5455=AXIS2_PLACEMENT_3D('',#5452,#5453,#5454);
#5456=PLANE('',#5455);
#5458=ORIENTED_EDGE('',*,*,#5457,.F.);
#5460=ORIENTED_EDGE('',*,*,#5459,.F.);
#5462=ORIENTED_EDGE('',*,*,#5461,.T.);
#5464=ORIENTED_EDGE('',*,*,#5463,.T.);
#5466=ORIENTED_EDGE('',*,*,#5465,.T.);
#5468=ORIENTED_EDGE('',*,*,#5467,.T.);
#5470=ORIENTED_EDGE('',*,*,#5469,.T.);
#5471=EDGE_LOOP('',(#5458,#5460,#5462,#5464,#5466,#5468,#5470));
#5472=FACE_OUTER_BOUND('',#5471,.F.);
#5473=ADVANCED_FACE('',(#5472),#5456,.F.);
#5474=CARTESIAN_POINT('',(0.E0,0.E0,-2.E0));
#5475=DIRECTION('',(0.E0,0.E0,-1.E0));
#5476=DIRECTION('',(-1.E0,0.E0,0.E0));
#5477=AXIS2_PLACEMENT_3D('',#5474,#5475,#5476);
#5478=PLANE('',#5477);
#5479=ORIENTED_EDGE('',*,*,#5433,.F.);
#5481=ORIENTED_EDGE('',*,*,#5480,.F.);
#5483=ORIENTED_EDGE('',*,*,#5482,.F.);
#5485=ORIENTED_EDGE('',*,*,#5484,.T.);
#5487=ORIENTED_EDGE('',*,*,#5486,.T.);
#5489=ORIENTED_EDGE('',*,*,#5488,.T.);
#5490=ORIENTED_EDGE('',*,*,#5444,.T.);
#5491=EDGE_LOOP('',(#5479,#5481,#5483,#5485,#5487,#5489,#5490));
#5492=FACE_OUTER_BOUND('',#5491,.F.);
#5493=ADVANCED_FACE('',(#5492),#5478,.F.);
#5494=CARTESIAN_POINT('',(9.E0,4.E-1,0.E0));
#5495=DIRECTION('',(0.E0,-1.E0,0.E0));
#5496=DIRECTION('',(-1.E0,0.E0,0.E0));
#5497=AXIS2_PLACEMENT_3D('',#5494,#5495,#5496);
#5498=PLANE('',#5497);
#5500=ORIENTED_EDGE('',*,*,#5499,.T.);
#5501=ORIENTED_EDGE('',*,*,#3234,.F.);
#5503=ORIENTED_EDGE('',*,*,#5502,.T.);
#5505=ORIENTED_EDGE('',*,*,#5504,.T.);
#5507=ORIENTED_EDGE('',*,*,#5506,.F.);
#5508=ORIENTED_EDGE('',*,*,#3097,.T.);
#5510=ORIENTED_EDGE('',*,*,#5509,.T.);
#5512=ORIENTED_EDGE('',*,*,#5511,.T.);
#5513=ORIENTED_EDGE('',*,*,#5422,.F.);
#5514=ORIENTED_EDGE('',*,*,#3200,.F.);
#5516=ORIENTED_EDGE('',*,*,#5515,.T.);
#5517=ORIENTED_EDGE('',*,*,#5482,.T.);
#5519=ORIENTED_EDGE('',*,*,#5518,.T.);
#5520=ORIENTED_EDGE('',*,*,#2742,.F.);
#5522=ORIENTED_EDGE('',*,*,#5521,.F.);
#5523=ORIENTED_EDGE('',*,*,#5457,.T.);
#5524=EDGE_LOOP('',(#5500,#5501,#5503,#5505,#5507,#5508,#5510,#5512,#5513,#5514,
#5516,#5517,#5519,#5520,#5522,#5523));
#5525=FACE_OUTER_BOUND('',#5524,.F.);
#5526=ADVANCED_FACE('',(#5525),#5498,.T.);
#5527=CARTESIAN_POINT('',(8.5E0,0.E0,-2.E0));
#5528=DIRECTION('',(-1.E0,0.E0,0.E0));
#5529=DIRECTION('',(0.E0,1.E0,0.E0));
#5530=AXIS2_PLACEMENT_3D('',#5527,#5528,#5529);
#5531=PLANE('',#5530);
#5532=ORIENTED_EDGE('',*,*,#5499,.F.);
#5533=ORIENTED_EDGE('',*,*,#5469,.F.);
#5535=ORIENTED_EDGE('',*,*,#5534,.T.);
#5536=ORIENTED_EDGE('',*,*,#3236,.T.);
#5537=EDGE_LOOP('',(#5532,#5533,#5535,#5536));
#5538=FACE_OUTER_BOUND('',#5537,.F.);
#5539=ADVANCED_FACE('',(#5538),#5531,.T.);
#5540=CARTESIAN_POINT('',(9.6E0,0.E0,-2.E0));
#5541=DIRECTION('',(0.E0,-1.E0,0.E0));
#5542=DIRECTION('',(-1.E0,0.E0,0.E0));
#5543=AXIS2_PLACEMENT_3D('',#5540,#5541,#5542);
#5544=PLANE('',#5543);
#5545=ORIENTED_EDGE('',*,*,#5467,.F.);
#5547=ORIENTED_EDGE('',*,*,#5546,.T.);
#5548=ORIENTED_EDGE('',*,*,#3238,.T.);
#5549=ORIENTED_EDGE('',*,*,#5534,.F.);
#5550=EDGE_LOOP('',(#5545,#5547,#5548,#5549));
#5551=FACE_OUTER_BOUND('',#5550,.F.);
#5552=ADVANCED_FACE('',(#5551),#5544,.T.);
#5553=CARTESIAN_POINT('',(9.6E0,1.4E0,-2.E0));
#5554=DIRECTION('',(1.E0,0.E0,0.E0));
#5555=DIRECTION('',(0.E0,-1.E0,0.E0));
#5556=AXIS2_PLACEMENT_3D('',#5553,#5554,#5555);
#5557=PLANE('',#5556);
#5558=ORIENTED_EDGE('',*,*,#5465,.F.);
#5560=ORIENTED_EDGE('',*,*,#5559,.T.);
#5561=ORIENTED_EDGE('',*,*,#3240,.T.);
#5562=ORIENTED_EDGE('',*,*,#5546,.F.);
#5563=EDGE_LOOP('',(#5558,#5560,#5561,#5562));
#5564=FACE_OUTER_BOUND('',#5563,.F.);
#5565=ADVANCED_FACE('',(#5564),#5557,.T.);
#5566=CARTESIAN_POINT('',(9.E0,1.4E0,-2.E0));
#5567=DIRECTION('',(0.E0,1.E0,0.E0));
#5568=DIRECTION('',(1.E0,0.E0,0.E0));
#5569=AXIS2_PLACEMENT_3D('',#5566,#5567,#5568);
#5570=PLANE('',#5569);
#5572=ORIENTED_EDGE('',*,*,#5571,.T.);
#5573=ORIENTED_EDGE('',*,*,#3242,.T.);
#5574=ORIENTED_EDGE('',*,*,#5559,.F.);
#5575=ORIENTED_EDGE('',*,*,#5463,.F.);
#5576=EDGE_LOOP('',(#5572,#5573,#5574,#5575));
#5577=FACE_OUTER_BOUND('',#5576,.F.);
#5578=ADVANCED_FACE('',(#5577),#5570,.T.);
#5579=CARTESIAN_POINT('',(9.E0,1.E1,0.E0));
#5580=DIRECTION('',(1.E0,0.E0,0.E0));
#5581=DIRECTION('',(0.E0,-1.E0,0.E0));
#5582=AXIS2_PLACEMENT_3D('',#5579,#5580,#5581);
#5583=PLANE('',#5582);
#5584=ORIENTED_EDGE('',*,*,#3103,.T.);
#5586=ORIENTED_EDGE('',*,*,#5585,.T.);
#5588=ORIENTED_EDGE('',*,*,#5587,.T.);
#5589=ORIENTED_EDGE('',*,*,#5502,.F.);
#5590=ORIENTED_EDGE('',*,*,#3232,.F.);
#5591=ORIENTED_EDGE('',*,*,#5571,.F.);
#5592=ORIENTED_EDGE('',*,*,#5461,.F.);
#5594=ORIENTED_EDGE('',*,*,#5593,.T.);
#5595=ORIENTED_EDGE('',*,*,#2762,.F.);
#5597=ORIENTED_EDGE('',*,*,#5596,.T.);
#5598=ORIENTED_EDGE('',*,*,#3220,.F.);
#5600=ORIENTED_EDGE('',*,*,#5599,.F.);
#5601=ORIENTED_EDGE('',*,*,#2758,.F.);
#5603=ORIENTED_EDGE('',*,*,#5602,.F.);
#5604=EDGE_LOOP('',(#5584,#5586,#5588,#5589,#5590,#5591,#5592,#5594,#5595,#5597,
#5598,#5600,#5601,#5603));
#5605=FACE_OUTER_BOUND('',#5604,.F.);
#5606=ADVANCED_FACE('',(#5605),#5583,.T.);
#5607=CARTESIAN_POINT('',(8.E0,9.E0,-1.28E1));
#5608=DIRECTION('',(0.E0,1.E0,0.E0));
#5609=DIRECTION('',(1.E0,0.E0,0.E0));
#5610=AXIS2_PLACEMENT_3D('',#5607,#5608,#5609);
#5611=PLANE('',#5610);
#5612=ORIENTED_EDGE('',*,*,#3101,.F.);
#5614=ORIENTED_EDGE('',*,*,#5613,.T.);
#5616=ORIENTED_EDGE('',*,*,#5615,.T.);
#5617=ORIENTED_EDGE('',*,*,#5585,.F.);
#5618=EDGE_LOOP('',(#5612,#5614,#5616,#5617));
#5619=FACE_OUTER_BOUND('',#5618,.F.);
#5620=ADVANCED_FACE('',(#5619),#5611,.T.);
#5621=CARTESIAN_POINT('',(8.E0,4.E-1,-1.28E1));
#5622=DIRECTION('',(-1.E0,0.E0,0.E0));
#5623=DIRECTION('',(0.E0,1.E0,0.E0));
#5624=AXIS2_PLACEMENT_3D('',#5621,#5622,#5623);
#5625=PLANE('',#5624);
#5626=ORIENTED_EDGE('',*,*,#3099,.F.);
#5627=ORIENTED_EDGE('',*,*,#5506,.T.);
#5629=ORIENTED_EDGE('',*,*,#5628,.T.);
#5630=ORIENTED_EDGE('',*,*,#5613,.F.);
#5631=EDGE_LOOP('',(#5626,#5627,#5629,#5630));
#5632=FACE_OUTER_BOUND('',#5631,.F.);
#5633=ADVANCED_FACE('',(#5632),#5625,.T.);
#5634=CARTESIAN_POINT('',(0.E0,0.E0,-1.35E1));
#5635=DIRECTION('',(0.E0,0.E0,-1.E0));
#5636=DIRECTION('',(-1.E0,0.E0,0.E0));
#5637=AXIS2_PLACEMENT_3D('',#5634,#5635,#5636);
#5638=PLANE('',#5637);
#5639=ORIENTED_EDGE('',*,*,#5407,.F.);
#5640=ORIENTED_EDGE('',*,*,#5424,.F.);
#5641=ORIENTED_EDGE('',*,*,#5511,.F.);
#5643=ORIENTED_EDGE('',*,*,#5642,.F.);
#5644=EDGE_LOOP('',(#5639,#5640,#5641,#5643));
#5645=FACE_OUTER_BOUND('',#5644,.F.);
#5646=ADVANCED_FACE('',(#5645),#5638,.T.);
#5647=CARTESIAN_POINT('',(0.E0,0.E0,-1.35E1));
#5648=DIRECTION('',(0.E0,0.E0,-1.E0));
#5649=DIRECTION('',(-1.E0,0.E0,0.E0));
#5650=AXIS2_PLACEMENT_3D('',#5647,#5648,#5649);
#5651=PLANE('',#5650);
#5652=ORIENTED_EDGE('',*,*,#5587,.F.);
#5653=ORIENTED_EDGE('',*,*,#5615,.F.);
#5654=ORIENTED_EDGE('',*,*,#5628,.F.);
#5655=ORIENTED_EDGE('',*,*,#5504,.F.);
#5656=EDGE_LOOP('',(#5652,#5653,#5654,#5655));
#5657=FACE_OUTER_BOUND('',#5656,.F.);
#5658=ADVANCED_FACE('',(#5657),#5651,.T.);
#5659=CARTESIAN_POINT('',(-8.E0,9.E0,-1.28E1));
#5660=DIRECTION('',(1.E0,0.E0,0.E0));
#5661=DIRECTION('',(0.E0,-1.E0,0.E0));
#5662=AXIS2_PLACEMENT_3D('',#5659,#5660,#5661);
#5663=PLANE('',#5662);
#5664=ORIENTED_EDGE('',*,*,#3095,.F.);
#5665=ORIENTED_EDGE('',*,*,#5409,.T.);
#5666=ORIENTED_EDGE('',*,*,#5642,.T.);
#5667=ORIENTED_EDGE('',*,*,#5509,.F.);
#5668=EDGE_LOOP('',(#5664,#5665,#5666,#5667));
#5669=FACE_OUTER_BOUND('',#5668,.F.);
#5670=ADVANCED_FACE('',(#5669),#5663,.T.);
#5671=CARTESIAN_POINT('',(8.7E0,7.E-1,-1.2815648E1));
#5672=DIRECTION('',(0.E0,0.E0,1.E0));
#5673=DIRECTION('',(1.E0,0.E0,0.E0));
#5674=AXIS2_PLACEMENT_3D('',#5671,#5672,#5673);
#5675=CYLINDRICAL_SURFACE('',#5674,3.E-1);
#5676=ORIENTED_EDGE('',*,*,#5521,.T.);
#5677=ORIENTED_EDGE('',*,*,#2740,.T.);
#5678=ORIENTED_EDGE('',*,*,#5593,.F.);
#5679=ORIENTED_EDGE('',*,*,#5459,.T.);
#5680=EDGE_LOOP('',(#5676,#5677,#5678,#5679));
#5681=FACE_OUTER_BOUND('',#5680,.F.);
#5682=ADVANCED_FACE('',(#5681),#5675,.T.);
#5683=CARTESIAN_POINT('',(9.E0,2.7E0,0.E0));
#5684=DIRECTION('',(0.E0,0.E0,-1.E0));
#5685=DIRECTION('',(-1.E0,0.E0,0.E0));
#5686=AXIS2_PLACEMENT_3D('',#5683,#5684,#5685);
#5687=CYLINDRICAL_SURFACE('',#5686,4.E-1);
#5688=ORIENTED_EDGE('',*,*,#5599,.T.);
#5689=ORIENTED_EDGE('',*,*,#3222,.T.);
#5690=ORIENTED_EDGE('',*,*,#5596,.F.);
#5691=ORIENTED_EDGE('',*,*,#2760,.F.);
#5692=EDGE_LOOP('',(#5688,#5689,#5690,#5691));
#5693=FACE_OUTER_BOUND('',#5692,.F.);
#5694=ADVANCED_FACE('',(#5693),#5687,.T.);
#5695=CARTESIAN_POINT('',(8.7E0,9.7E0,-1.2815648E1));
#5696=DIRECTION('',(0.E0,0.E0,1.E0));
#5697=DIRECTION('',(0.E0,1.E0,0.E0));
#5698=AXIS2_PLACEMENT_3D('',#5695,#5696,#5697);
#5699=CYLINDRICAL_SURFACE('',#5698,3.E-1);
#5700=ORIENTED_EDGE('',*,*,#5602,.T.);
#5701=ORIENTED_EDGE('',*,*,#2756,.T.);
#5703=ORIENTED_EDGE('',*,*,#5702,.F.);
#5704=ORIENTED_EDGE('',*,*,#3105,.T.);
#5705=EDGE_LOOP('',(#5700,#5701,#5703,#5704));
#5706=FACE_OUTER_BOUND('',#5705,.F.);
#5707=ADVANCED_FACE('',(#5706),#5699,.T.);
#5708=CARTESIAN_POINT('',(-9.E0,1.E1,0.E0));
#5709=DIRECTION('',(0.E0,1.E0,0.E0));
#5710=DIRECTION('',(1.E0,0.E0,0.E0));
#5711=AXIS2_PLACEMENT_3D('',#5708,#5709,#5710);
#5712=PLANE('',#5711);
#5713=ORIENTED_EDGE('',*,*,#5702,.T.);
#5714=ORIENTED_EDGE('',*,*,#2754,.F.);
#5716=ORIENTED_EDGE('',*,*,#5715,.T.);
#5718=ORIENTED_EDGE('',*,*,#5717,.F.);
#5720=ORIENTED_EDGE('',*,*,#5719,.F.);
#5721=ORIENTED_EDGE('',*,*,#2750,.F.);
#5723=ORIENTED_EDGE('',*,*,#5722,.F.);
#5724=ORIENTED_EDGE('',*,*,#3107,.T.);
#5725=EDGE_LOOP('',(#5713,#5714,#5716,#5718,#5720,#5721,#5723,#5724));
#5726=FACE_OUTER_BOUND('',#5725,.F.);
#5727=ADVANCED_FACE('',(#5726),#5712,.T.);
#5728=CARTESIAN_POINT('',(1.7E0,0.E0,0.E0));
#5729=DIRECTION('',(1.E0,0.E0,0.E0));
#5730=DIRECTION('',(0.E0,0.E0,-1.E0));
#5731=AXIS2_PLACEMENT_3D('',#5728,#5729,#5730);
#5732=PLANE('',#5731);
#5733=ORIENTED_EDGE('',*,*,#5715,.F.);
#5735=ORIENTED_EDGE('',*,*,#5734,.F.);
#5737=ORIENTED_EDGE('',*,*,#5736,.F.);
#5739=ORIENTED_EDGE('',*,*,#5738,.F.);
#5740=EDGE_LOOP('',(#5733,#5735,#5737,#5739));
#5741=FACE_OUTER_BOUND('',#5740,.F.);
#5742=ADVANCED_FACE('',(#5741),#5732,.T.);
#5743=CARTESIAN_POINT('',(-1.7E0,1.14E1,-2.3E0));
#5744=DIRECTION('',(0.E0,8.541985556144E-1,5.199469468957E-1));
#5745=DIRECTION('',(0.E0,-5.199469468957E-1,8.541985556144E-1));
#5746=AXIS2_PLACEMENT_3D('',#5743,#5744,#5745);
#5747=PLANE('',#5746);
#5748=ORIENTED_EDGE('',*,*,#2752,.F.);
#5750=ORIENTED_EDGE('',*,*,#5749,.F.);
#5752=ORIENTED_EDGE('',*,*,#5751,.T.);
#5753=ORIENTED_EDGE('',*,*,#5734,.T.);
#5754=EDGE_LOOP('',(#5748,#5750,#5752,#5753));
#5755=FACE_OUTER_BOUND('',#5754,.F.);
#5756=ADVANCED_FACE('',(#5755),#5747,.T.);
#5757=CARTESIAN_POINT('',(-1.7E0,0.E0,0.E0));
#5758=DIRECTION('',(1.E0,0.E0,0.E0));
#5759=DIRECTION('',(0.E0,0.E0,-1.E0));
#5760=AXIS2_PLACEMENT_3D('',#5757,#5758,#5759);
#5761=PLANE('',#5760);
#5762=ORIENTED_EDGE('',*,*,#5719,.T.);
#5764=ORIENTED_EDGE('',*,*,#5763,.T.);
#5766=ORIENTED_EDGE('',*,*,#5765,.T.);
#5767=ORIENTED_EDGE('',*,*,#5749,.T.);
#5768=EDGE_LOOP('',(#5762,#5764,#5766,#5767));
#5769=FACE_OUTER_BOUND('',#5768,.F.);
#5770=ADVANCED_FACE('',(#5769),#5761,.F.);
#5771=CARTESIAN_POINT('',(-1.7E0,1.E1,-3.E0));
#5772=DIRECTION('',(0.E0,0.E0,-1.E0));
#5773=DIRECTION('',(0.E0,1.E0,0.E0));
#5774=AXIS2_PLACEMENT_3D('',#5771,#5772,#5773);
#5775=PLANE('',#5774);
#5776=ORIENTED_EDGE('',*,*,#5717,.T.);
#5777=ORIENTED_EDGE('',*,*,#5738,.T.);
#5779=ORIENTED_EDGE('',*,*,#5778,.F.);
#5780=ORIENTED_EDGE('',*,*,#5763,.F.);
#5781=EDGE_LOOP('',(#5776,#5777,#5779,#5780));
#5782=FACE_OUTER_BOUND('',#5781,.F.);
#5783=ADVANCED_FACE('',(#5782),#5775,.T.);
#5784=CARTESIAN_POINT('',(-1.7E0,1.14E1,-3.E0));
#5785=DIRECTION('',(0.E0,1.E0,0.E0));
#5786=DIRECTION('',(0.E0,0.E0,1.E0));
#5787=AXIS2_PLACEMENT_3D('',#5784,#5785,#5786);
#5788=PLANE('',#5787);
#5789=ORIENTED_EDGE('',*,*,#5765,.F.);
#5790=ORIENTED_EDGE('',*,*,#5778,.T.);
#5791=ORIENTED_EDGE('',*,*,#5736,.T.);
#5792=ORIENTED_EDGE('',*,*,#5751,.F.);
#5793=EDGE_LOOP('',(#5789,#5790,#5791,#5792));
#5794=FACE_OUTER_BOUND('',#5793,.F.);
#5795=ADVANCED_FACE('',(#5794),#5788,.T.);
#5796=CARTESIAN_POINT('',(-8.7E0,9.7E0,-1.2815648E1));
#5797=DIRECTION('',(0.E0,0.E0,1.E0));
#5798=DIRECTION('',(-1.E0,0.E0,0.E0));
#5799=AXIS2_PLACEMENT_3D('',#5796,#5797,#5798);
#5800=CYLINDRICAL_SURFACE('',#5799,3.E-1);
#5801=ORIENTED_EDGE('',*,*,#5722,.T.);
#5802=ORIENTED_EDGE('',*,*,#2748,.T.);
#5803=ORIENTED_EDGE('',*,*,#5428,.F.);
#5804=ORIENTED_EDGE('',*,*,#3109,.T.);
#5805=EDGE_LOOP('',(#5801,#5802,#5803,#5804));
#5806=FACE_OUTER_BOUND('',#5805,.F.);
#5807=ADVANCED_FACE('',(#5806),#5800,.T.);
#5808=CARTESIAN_POINT('',(-8.5E0,4.E-1,-2.E0));
#5809=DIRECTION('',(1.E0,0.E0,0.E0));
#5810=DIRECTION('',(0.E0,-1.E0,0.E0));
#5811=AXIS2_PLACEMENT_3D('',#5808,#5809,#5810);
#5812=PLANE('',#5811);
#5813=ORIENTED_EDGE('',*,*,#5515,.F.);
#5814=ORIENTED_EDGE('',*,*,#3210,.T.);
#5816=ORIENTED_EDGE('',*,*,#5815,.F.);
#5817=ORIENTED_EDGE('',*,*,#5484,.F.);
#5818=EDGE_LOOP('',(#5813,#5814,#5816,#5817));
#5819=FACE_OUTER_BOUND('',#5818,.F.);
#5820=ADVANCED_FACE('',(#5819),#5812,.T.);
#5821=CARTESIAN_POINT('',(-8.5E0,0.E0,-2.E0));
#5822=DIRECTION('',(0.E0,-1.E0,0.E0));
#5823=DIRECTION('',(-1.E0,0.E0,0.E0));
#5824=AXIS2_PLACEMENT_3D('',#5821,#5822,#5823);
#5825=PLANE('',#5824);
#5826=ORIENTED_EDGE('',*,*,#5486,.F.);
#5827=ORIENTED_EDGE('',*,*,#5815,.T.);
#5828=ORIENTED_EDGE('',*,*,#3208,.T.);
#5830=ORIENTED_EDGE('',*,*,#5829,.F.);
#5831=EDGE_LOOP('',(#5826,#5827,#5828,#5830));
#5832=FACE_OUTER_BOUND('',#5831,.F.);
#5833=ADVANCED_FACE('',(#5832),#5825,.T.);
#5834=CARTESIAN_POINT('',(-9.6E0,0.E0,-2.E0));
#5835=DIRECTION('',(-1.E0,0.E0,0.E0));
#5836=DIRECTION('',(0.E0,1.E0,0.E0));
#5837=AXIS2_PLACEMENT_3D('',#5834,#5835,#5836);
#5838=PLANE('',#5837);
#5839=ORIENTED_EDGE('',*,*,#5488,.F.);
#5840=ORIENTED_EDGE('',*,*,#5829,.T.);
#5841=ORIENTED_EDGE('',*,*,#3206,.T.);
#5842=ORIENTED_EDGE('',*,*,#5446,.F.);
#5843=EDGE_LOOP('',(#5839,#5840,#5841,#5842));
#5844=FACE_OUTER_BOUND('',#5843,.F.);
#5845=ADVANCED_FACE('',(#5844),#5838,.T.);
#5846=CARTESIAN_POINT('',(-8.7E0,7.E-1,-1.2815648E1));
#5847=DIRECTION('',(0.E0,0.E0,1.E0));
#5848=DIRECTION('',(0.E0,-1.E0,0.E0));
#5849=AXIS2_PLACEMENT_3D('',#5846,#5847,#5848);
#5850=CYLINDRICAL_SURFACE('',#5849,3.E-1);
#5851=ORIENTED_EDGE('',*,*,#5431,.T.);
#5852=ORIENTED_EDGE('',*,*,#2744,.T.);
#5853=ORIENTED_EDGE('',*,*,#5518,.F.);
#5854=ORIENTED_EDGE('',*,*,#5480,.T.);
#5855=EDGE_LOOP('',(#5851,#5852,#5853,#5854));
#5856=FACE_OUTER_BOUND('',#5855,.F.);
#5857=ADVANCED_FACE('',(#5856),#5850,.T.);
#5858=CLOSED_SHELL('',(#2862,#2877,#2891,#2905,#2918,#2940,#2970,#2984,#2997,
#3010,#3023,#3036,#3048,#3072,#3087,#3194,#3214,#3226,#3246,#3260,#3274,#3288,
#3302,#3316,#3330,#3344,#3357,#3371,#3387,#3400,#3412,#3435,#3451,#3465,#3480,
#3502,#3517,#3530,#3544,#3557,#3570,#3583,#3596,#3608,#3638,#3664,#3694,#3716,
#3730,#3743,#3756,#3769,#3782,#3794,#3808,#3821,#3834,#3846,#3860,#3873,#3886,
#3899,#3912,#3924,#3938,#3951,#3964,#3976,#3999,#4014,#4028,#4042,#4064,#4078,
#4091,#4104,#4117,#4130,#4143,#4156,#4168,#4180,#4203,#4218,#4232,#4246,#4268,
#4282,#4295,#4308,#4321,#4334,#4347,#4360,#4372,#4384,#4407,#4422,#4436,#4450,
#4472,#4486,#4499,#4512,#4525,#4538,#4551,#4564,#4576,#4588,#4600,#4623,#4639,
#4653,#4668,#4690,#4705,#4718,#4732,#4745,#4758,#4771,#4784,#4796,#4822,#4848,
#4862,#4875,#4888,#4900,#4914,#4927,#4940,#4953,#4966,#4978,#5001,#5016,#5030,
#5044,#5066,#5080,#5093,#5106,#5119,#5132,#5145,#5158,#5170,#5182,#5194,#5217,
#5232,#5246,#5260,#5282,#5296,#5309,#5322,#5335,#5348,#5361,#5374,#5386,#5398,
#5413,#5437,#5451,#5473,#5493,#5526,#5539,#5552,#5565,#5578,#5606,#5620,#5633,
#5646,#5658,#5670,#5682,#5694,#5707,#5727,#5742,#5756,#5770,#5783,#5795,#5807,
#5820,#5833,#5845,#5857));
#5859=MANIFOLD_SOLID_BREP('',#5858);
#5861=DIMENSIONAL_EXPONENTS(0.E0,0.E0,0.E0,0.E0,0.E0,0.E0,0.E0);
#5863=PLANE_ANGLE_MEASURE_WITH_UNIT(PLANE_ANGLE_MEASURE(1.745329251994E-2),
#5862);
#5864=(CONVERSION_BASED_UNIT('DEGREE',#5863)NAMED_UNIT(*)PLANE_ANGLE_UNIT());
#5866=UNCERTAINTY_MEASURE_WITH_UNIT(LENGTH_MEASURE(1.E-3),#5860,'closure',
'Maximum model space distance between geometric entities at asserted connectivities');
#5867=(GEOMETRIC_REPRESENTATION_CONTEXT(3)GLOBAL_UNCERTAINTY_ASSIGNED_CONTEXT((
#5866))GLOBAL_UNIT_ASSIGNED_CONTEXT((#5860,#5864,#5865))REPRESENTATION_CONTEXT(
'ID1','3'));
#5869=APPLICATION_CONTEXT(
'CONFIGURATION CONTROLLED 3D DESIGNS OF MECHANICAL PARTS AND ASSEMBLIES');
#5870=APPLICATION_PROTOCOL_DEFINITION('international standard',
'config_control_design',1994,#5869);
#5871=DESIGN_CONTEXT('',#5869,'design');
#5872=MECHANICAL_CONTEXT('',#5869,'mechanical');
#5873=PRODUCT('874270802','874270802','NOT SPECIFIED',(#5872));
#5874=PRODUCT_DEFINITION_FORMATION_WITH_SPECIFIED_SOURCE('1','LAST_VERSION',
#5873,.MADE.);
#5878=PRODUCT_CATEGORY('part','');
#5879=PRODUCT_RELATED_PRODUCT_CATEGORY('detail','',(#5873));
#5880=PRODUCT_CATEGORY_RELATIONSHIP('','',#5878,#5879);
#5881=SECURITY_CLASSIFICATION_LEVEL('unclassified');
#5882=SECURITY_CLASSIFICATION('','',#5881);
#5883=CC_DESIGN_SECURITY_CLASSIFICATION(#5882,(#5874));
#5884=APPROVAL_STATUS('approved');
#5885=APPROVAL(#5884,'');
#5886=CC_DESIGN_APPROVAL(#5885,(#5882,#5874,#5875));
#5887=CALENDAR_DATE(113,16,7);
#5888=COORDINATED_UNIVERSAL_TIME_OFFSET(5,30,.AHEAD.);
#5889=LOCAL_TIME(15,5,4.8E1,#5888);
#5890=DATE_AND_TIME(#5887,#5889);
#5891=APPROVAL_DATE_TIME(#5890,#5885);
#5892=DATE_TIME_ROLE('creation_date');
#5893=CC_DESIGN_DATE_AND_TIME_ASSIGNMENT(#5890,#5892,(#5875));
#5894=DATE_TIME_ROLE('classification_date');
#5895=CC_DESIGN_DATE_AND_TIME_ASSIGNMENT(#5890,#5894,(#5882));
#5896=PERSON('UNSPECIFIED','UNSPECIFIED',$,$,$,$);
#5897=ORGANIZATION('UNSPECIFIED','UNSPECIFIED','UNSPECIFIED');
#5898=PERSON_AND_ORGANIZATION(#5896,#5897);
#5899=APPROVAL_ROLE('approver');
#5900=APPROVAL_PERSON_ORGANIZATION(#5898,#5885,#5899);
#5901=PERSON_AND_ORGANIZATION_ROLE('creator');
#5902=CC_DESIGN_PERSON_AND_ORGANIZATION_ASSIGNMENT(#5898,#5901,(#5874,#5875));
#5903=PERSON_AND_ORGANIZATION_ROLE('design_supplier');
#5904=CC_DESIGN_PERSON_AND_ORGANIZATION_ASSIGNMENT(#5898,#5903,(#5874));
#5905=PERSON_AND_ORGANIZATION_ROLE('classification_officer');
#5906=CC_DESIGN_PERSON_AND_ORGANIZATION_ASSIGNMENT(#5898,#5905,(#5882));
#5907=PERSON_AND_ORGANIZATION_ROLE('design_owner');
#5908=CC_DESIGN_PERSON_AND_ORGANIZATION_ASSIGNMENT(#5898,#5907,(#5873));
#189=CIRCLE('',#188,4.E-1);
#314=CIRCLE('',#313,1.57E0);
#331=CIRCLE('',#330,5.E-1);
#540=CIRCLE('',#539,4.E-1);
#601=CIRCLE('',#600,5.E-1);
#618=CIRCLE('',#617,1.57E0);
#647=CIRCLE('',#646,1.57E0);
#664=CIRCLE('',#663,5.E-1);
#693=CIRCLE('',#692,5.E-1);
#710=CIRCLE('',#709,1.57E0);
#983=CIRCLE('',#982,1.57E0);
#1000=CIRCLE('',#999,5.E-1);
#1029=CIRCLE('',#1028,5.E-1);
#1046=CIRCLE('',#1045,1.57E0);
#1099=CIRCLE('',#1098,1.37E0);
#1116=CIRCLE('',#1115,3.E-1);
#1145=CIRCLE('',#1144,3.E-1);
#1162=CIRCLE('',#1161,1.37E0);
#1215=CIRCLE('',#1214,1.37E0);
#1232=CIRCLE('',#1231,3.E-1);
#1261=CIRCLE('',#1260,3.E-1);
#1278=CIRCLE('',#1277,1.37E0);
#1335=CIRCLE('',#1334,1.57E0);
#1352=CIRCLE('',#1351,5.E-1);
#1381=CIRCLE('',#1380,5.E-1);
#1398=CIRCLE('',#1397,1.57E0);
#1559=CIRCLE('',#1558,1.37E0);
#1576=CIRCLE('',#1575,3.E-1);
#1605=CIRCLE('',#1604,3.E-1);
#1622=CIRCLE('',#1621,1.37E0);
#1679=CIRCLE('',#1678,1.37E0);
#1696=CIRCLE('',#1695,3.E-1);
#1725=CIRCLE('',#1724,3.E-1);
#1742=CIRCLE('',#1741,1.37E0);
#1947=CIRCLE('',#1946,3.E-1);
#1956=CIRCLE('',#1955,3.E-1);
#1965=CIRCLE('',#1964,3.E-1);
#1974=CIRCLE('',#1973,3.E-1);
#2027=CIRCLE('',#2026,3.E-1);
#2036=CIRCLE('',#2035,3.E-1);
#2053=CIRCLE('',#2052,3.E-1);
#2062=CIRCLE('',#2061,3.E-1);
#2740=EDGE_CURVE('',#2254,#2256,#1947,.T.);
#2742=EDGE_CURVE('',#2254,#2280,#164,.T.);
#2744=EDGE_CURVE('',#2278,#2280,#2053,.T.);
#2746=EDGE_CURVE('',#2278,#2272,#168,.T.);
#2748=EDGE_CURVE('',#2270,#2272,#2027,.T.);
#2750=EDGE_CURVE('',#2270,#2109,#172,.T.);
#2752=EDGE_CURVE('',#2109,#2110,#176,.T.);
#2754=EDGE_CURVE('',#2110,#2264,#180,.T.);
#2756=EDGE_CURVE('',#2262,#2264,#1965,.T.);
#2758=EDGE_CURVE('',#2262,#2097,#184,.T.);
#2760=EDGE_CURVE('',#2097,#2098,#189,.T.);
#2762=EDGE_CURVE('',#2098,#2256,#193,.T.);
#2766=EDGE_CURVE('',#2145,#2146,#20,.T.);
#2768=EDGE_CURVE('',#2146,#2149,#24,.T.);
#2770=EDGE_CURVE('',#2149,#2150,#28,.T.);
#2772=EDGE_CURVE('',#2150,#2153,#32,.T.);
#2774=EDGE_CURVE('',#2153,#2154,#36,.T.);
#2776=EDGE_CURVE('',#2154,#2145,#40,.T.);
#2780=EDGE_CURVE('',#2305,#2306,#44,.T.);
#2782=EDGE_CURVE('',#2306,#2308,#48,.T.);
#2784=EDGE_CURVE('',#2308,#2310,#52,.T.);
#2786=EDGE_CURVE('',#2310,#2305,#56,.T.);
#2790=EDGE_CURVE('',#2313,#2314,#60,.T.);
#2792=EDGE_CURVE('',#2314,#2317,#64,.T.);
#2794=EDGE_CURVE('',#2317,#2318,#68,.T.);
#2796=EDGE_CURVE('',#2318,#2322,#72,.T.);
#2798=EDGE_CURVE('',#2322,#2320,#76,.T.);
#2800=EDGE_CURVE('',#2320,#2313,#80,.T.);
#2804=EDGE_CURVE('',#2365,#2366,#84,.T.);
#2806=EDGE_CURVE('',#2366,#2369,#88,.T.);
#2808=EDGE_CURVE('',#2369,#2370,#92,.T.);
#2810=EDGE_CURVE('',#2370,#2373,#96,.T.);
#2812=EDGE_CURVE('',#2373,#2374,#100,.T.);
#2814=EDGE_CURVE('',#2374,#2365,#104,.T.);
#2818=EDGE_CURVE('',#2377,#2378,#108,.T.);
#2820=EDGE_CURVE('',#2378,#2380,#112,.T.);
#2822=EDGE_CURVE('',#2380,#2382,#116,.T.);
#2824=EDGE_CURVE('',#2382,#2377,#120,.T.);
#2828=EDGE_CURVE('',#2385,#2386,#124,.T.);
#2830=EDGE_CURVE('',#2386,#2389,#128,.T.);
#2832=EDGE_CURVE('',#2389,#2390,#132,.T.);
#2834=EDGE_CURVE('',#2390,#2393,#136,.T.);
#2836=EDGE_CURVE('',#2393,#2394,#140,.T.);
#2838=EDGE_CURVE('',#2394,#2385,#144,.T.);
#2842=EDGE_CURVE('',#2397,#2398,#148,.T.);
#2844=EDGE_CURVE('',#2398,#2400,#152,.T.);
#2846=EDGE_CURVE('',#2400,#2402,#156,.T.);
#2848=EDGE_CURVE('',#2402,#2397,#160,.T.);
#2852=EDGE_CURVE('',#2137,#2138,#4,.T.);
#2854=EDGE_CURVE('',#2138,#2140,#8,.T.);
#2856=EDGE_CURVE('',#2140,#2142,#12,.T.);
#2858=EDGE_CURVE('',#2142,#2137,#16,.T.);
#2869=EDGE_CURVE('',#2137,#2117,#197,.T.);
#2871=EDGE_CURVE('',#2117,#2118,#213,.T.);
#2873=EDGE_CURVE('',#2138,#2118,#209,.T.);
#2884=EDGE_CURVE('',#2142,#2122,#201,.T.);
#2886=EDGE_CURVE('',#2122,#2117,#217,.T.);
#2898=EDGE_CURVE('',#2140,#2120,#205,.T.);
#2900=EDGE_CURVE('',#2120,#2122,#221,.T.);
#2913=EDGE_CURVE('',#2118,#2120,#225,.T.);
#2930=EDGE_CURVE('',#2245,#2246,#269,.T.);
#2932=EDGE_CURVE('',#2246,#2250,#273,.T.);
#2934=EDGE_CURVE('',#2249,#2250,#277,.T.);
#2936=EDGE_CURVE('',#2245,#2249,#281,.T.);
#2946=EDGE_CURVE('',#2125,#2126,#229,.T.);
#2948=EDGE_CURVE('',#2134,#2125,#233,.T.);
#2950=EDGE_CURVE('',#2133,#2134,#237,.T.);
#2952=EDGE_CURVE('',#2130,#2133,#241,.T.);
#2954=EDGE_CURVE('',#2129,#2130,#245,.T.);
#2956=EDGE_CURVE('',#2126,#2129,#249,.T.);
#2960=EDGE_CURVE('',#2189,#2190,#253,.T.);
#2962=EDGE_CURVE('',#2190,#2194,#257,.T.);
#2964=EDGE_CURVE('',#2193,#2194,#261,.T.);
#2966=EDGE_CURVE('',#2189,#2193,#265,.T.);
#2977=EDGE_CURVE('',#2145,#2125,#285,.T.);
#2980=EDGE_CURVE('',#2146,#2126,#305,.T.);
#2991=EDGE_CURVE('',#2154,#2134,#289,.T.);
#3004=EDGE_CURVE('',#2153,#2133,#293,.T.);
#3017=EDGE_CURVE('',#2150,#2130,#297,.T.);
#3030=EDGE_CURVE('',#2149,#2129,#301,.T.);
#3054=EDGE_CURVE('',#2181,#2182,#351,.T.);
#3056=EDGE_CURVE('',#2182,#2196,#309,.T.);
#3058=EDGE_CURVE('',#2196,#2157,#314,.T.);
#3060=EDGE_CURVE('',#2157,#2158,#318,.T.);
#3062=EDGE_CURVE('',#2158,#2160,#322,.T.);
#3064=EDGE_CURVE('',#2160,#2162,#326,.T.);
#3066=EDGE_CURVE('',#2162,#2198,#331,.T.);
#3068=EDGE_CURVE('',#2198,#2181,#335,.T.);
#3079=EDGE_CURVE('',#2189,#2165,#339,.T.);
#3081=EDGE_CURVE('',#2165,#2166,#343,.T.);
#3083=EDGE_CURVE('',#2166,#2190,#347,.T.);
#3093=EDGE_CURVE('',#2421,#2422,#479,.T.);
#3095=EDGE_CURVE('',#2422,#2424,#483,.T.);
#3097=EDGE_CURVE('',#2443,#2424,#487,.T.);
#3099=EDGE_CURVE('',#2443,#2444,#491,.T.);
#3101=EDGE_CURVE('',#2444,#2446,#495,.T.);
#3103=EDGE_CURVE('',#2261,#2446,#499,.T.);
#3105=EDGE_CURVE('',#2266,#2261,#1974,.T.);
#3107=EDGE_CURVE('',#2269,#2266,#503,.T.);
#3109=EDGE_CURVE('',#2274,#2269,#2036,.T.);
#3111=EDGE_CURVE('',#2421,#2274,#507,.T.);
#3116=EDGE_CURVE('',#2181,#2185,#355,.T.);
#3118=EDGE_CURVE('',#2185,#2186,#359,.T.);
#3120=EDGE_CURVE('',#2182,#2186,#363,.T.);
#3124=EDGE_CURVE('',#2481,#2482,#367,.T.);
#3126=EDGE_CURVE('',#2481,#2485,#371,.T.);
#3128=EDGE_CURVE('',#2485,#2486,#375,.T.);
#3130=EDGE_CURVE('',#2482,#2486,#379,.T.);
#3134=EDGE_CURVE('',#2529,#2530,#383,.T.);
#3136=EDGE_CURVE('',#2529,#2533,#387,.T.);
#3138=EDGE_CURVE('',#2533,#2534,#391,.T.);
#3140=EDGE_CURVE('',#2530,#2534,#395,.T.);
#3144=EDGE_CURVE('',#2577,#2578,#399,.T.);
#3146=EDGE_CURVE('',#2577,#2581,#403,.T.);
#3148=EDGE_CURVE('',#2581,#2582,#407,.T.);
#3150=EDGE_CURVE('',#2578,#2582,#411,.T.);
#3154=EDGE_CURVE('',#2237,#2238,#415,.T.);
#3156=EDGE_CURVE('',#2237,#2241,#419,.T.);
#3158=EDGE_CURVE('',#2241,#2242,#423,.T.);
#3160=EDGE_CURVE('',#2238,#2242,#427,.T.);
#3164=EDGE_CURVE('',#2625,#2626,#431,.T.);
#3166=EDGE_CURVE('',#2625,#2629,#435,.T.);
#3168=EDGE_CURVE('',#2629,#2630,#439,.T.);
#3170=EDGE_CURVE('',#2626,#2630,#443,.T.);
#3174=EDGE_CURVE('',#2673,#2674,#447,.T.);
#3176=EDGE_CURVE('',#2673,#2677,#451,.T.);
#3178=EDGE_CURVE('',#2677,#2678,#455,.T.);
#3180=EDGE_CURVE('',#2674,#2678,#459,.T.);
#3184=EDGE_CURVE('',#2721,#2722,#463,.T.);
#3186=EDGE_CURVE('',#2721,#2725,#467,.T.);
#3188=EDGE_CURVE('',#2725,#2726,#471,.T.);
#3190=EDGE_CURVE('',#2722,#2726,#475,.T.);
#3200=EDGE_CURVE('',#2427,#2428,#511,.T.);
#3202=EDGE_CURVE('',#2428,#2430,#515,.T.);
#3204=EDGE_CURVE('',#2078,#2430,#519,.T.);
#3206=EDGE_CURVE('',#2077,#2078,#523,.T.);
#3208=EDGE_CURVE('',#2080,#2077,#527,.T.);
#3210=EDGE_CURVE('',#2427,#2080,#531,.T.);
#3220=EDGE_CURVE('',#2433,#2434,#535,.T.);
#3222=EDGE_CURVE('',#2433,#2434,#540,.T.);
#3232=EDGE_CURVE('',#2437,#2438,#544,.T.);
#3234=EDGE_CURVE('',#2438,#2440,#548,.T.);
#3236=EDGE_CURVE('',#2084,#2440,#552,.T.);
#3238=EDGE_CURVE('',#2083,#2084,#556,.T.);
#3240=EDGE_CURVE('',#2086,#2083,#560,.T.);
#3242=EDGE_CURVE('',#2437,#2086,#564,.T.);
#3254=EDGE_CURVE('',#2198,#2202,#568,.T.);
#3256=EDGE_CURVE('',#2202,#2185,#596,.T.);
#3267=EDGE_CURVE('',#2193,#2177,#634,.T.);
#3269=EDGE_CURVE('',#2165,#2177,#638,.T.);
#3281=EDGE_CURVE('',#2162,#2174,#572,.T.);
#3283=EDGE_CURVE('',#2174,#2202,#601,.T.);
#3295=EDGE_CURVE('',#2160,#2172,#576,.T.);
#3297=EDGE_CURVE('',#2172,#2174,#605,.T.);
#3309=EDGE_CURVE('',#2158,#2170,#580,.T.);
#3311=EDGE_CURVE('',#2170,#2172,#609,.T.);
#3323=EDGE_CURVE('',#2157,#2169,#584,.T.);
#3325=EDGE_CURVE('',#2169,#2170,#613,.T.);
#3337=EDGE_CURVE('',#2196,#2200,#588,.T.);
#3339=EDGE_CURVE('',#2200,#2169,#618,.T.);
#3351=EDGE_CURVE('',#2186,#2200,#622,.T.);
#3365=EDGE_CURVE('',#2166,#2178,#592,.T.);
#3367=EDGE_CURVE('',#2178,#2194,#626,.T.);
#3395=EDGE_CURVE('',#2177,#2178,#630,.T.);
#3419=EDGE_CURVE('',#2482,#2449,#642,.T.);
#3421=EDGE_CURVE('',#2449,#2450,#647,.T.);
#3423=EDGE_CURVE('',#2450,#2452,#651,.T.);
#3425=EDGE_CURVE('',#2452,#2454,#655,.T.);
#3427=EDGE_CURVE('',#2454,#2456,#659,.T.);
#3429=EDGE_CURVE('',#2456,#2458,#664,.T.);
#3431=EDGE_CURVE('',#2458,#2481,#668,.T.);
#3441=EDGE_CURVE('',#2489,#2490,#834,.T.);
#3443=EDGE_CURVE('',#2489,#2461,#672,.T.);
#3445=EDGE_CURVE('',#2461,#2462,#676,.T.);
#3447=EDGE_CURVE('',#2462,#2490,#680,.T.);
#3458=EDGE_CURVE('',#2486,#2465,#714,.T.);
#3460=EDGE_CURVE('',#2449,#2465,#750,.T.);
#3471=EDGE_CURVE('',#2490,#2494,#838,.T.);
#3474=EDGE_CURVE('',#2462,#2478,#684,.T.);
#3476=EDGE_CURVE('',#2478,#2494,#718,.T.);
#3487=EDGE_CURVE('',#2474,#2485,#688,.T.);
#3489=EDGE_CURVE('',#2472,#2474,#693,.T.);
#3491=EDGE_CURVE('',#2470,#2472,#697,.T.);
#3493=EDGE_CURVE('',#2468,#2470,#701,.T.);
#3495=EDGE_CURVE('',#2466,#2468,#705,.T.);
#3497=EDGE_CURVE('',#2465,#2466,#710,.T.);
#3508=EDGE_CURVE('',#2493,#2494,#842,.T.);
#3511=EDGE_CURVE('',#2477,#2478,#722,.T.);
#3513=EDGE_CURVE('',#2493,#2477,#726,.T.);
#3525=EDGE_CURVE('',#2458,#2474,#730,.T.);
#3536=EDGE_CURVE('',#2489,#2493,#846,.T.);
#3539=EDGE_CURVE('',#2461,#2477,#1326,.T.);
#3551=EDGE_CURVE('',#2456,#2472,#734,.T.);
#3564=EDGE_CURVE('',#2454,#2470,#738,.T.);
#3577=EDGE_CURVE('',#2452,#2468,#742,.T.);
#3590=EDGE_CURVE('',#2450,#2466,#746,.T.);
#3614=EDGE_CURVE('',#2325,#2326,#754,.T.);
#3616=EDGE_CURVE('',#2334,#2325,#758,.T.);
#3618=EDGE_CURVE('',#2333,#2334,#762,.T.);
#3620=EDGE_CURVE('',#2330,#2333,#766,.T.);
#3622=EDGE_CURVE('',#2329,#2330,#770,.T.);
#3624=EDGE_CURVE('',#2326,#2329,#774,.T.);
#3628=EDGE_CURVE('',#2681,#2682,#882,.T.);
#3630=EDGE_CURVE('',#2682,#2686,#886,.T.);
#3632=EDGE_CURVE('',#2685,#2686,#890,.T.);
#3634=EDGE_CURVE('',#2681,#2685,#894,.T.);
#3644=EDGE_CURVE('',#2337,#2338,#778,.T.);
#3646=EDGE_CURVE('',#2342,#2337,#782,.T.);
#3648=EDGE_CURVE('',#2340,#2342,#786,.T.);
#3650=EDGE_CURVE('',#2338,#2340,#790,.T.);
#3654=EDGE_CURVE('',#2537,#2538,#850,.T.);
#3656=EDGE_CURVE('',#2538,#2542,#854,.T.);
#3658=EDGE_CURVE('',#2541,#2542,#858,.T.);
#3660=EDGE_CURVE('',#2537,#2541,#862,.T.);
#3670=EDGE_CURVE('',#2345,#2346,#794,.T.);
#3672=EDGE_CURVE('',#2354,#2345,#798,.T.);
#3674=EDGE_CURVE('',#2353,#2354,#802,.T.);
#3676=EDGE_CURVE('',#2350,#2353,#806,.T.);
#3678=EDGE_CURVE('',#2349,#2350,#810,.T.);
#3680=EDGE_CURVE('',#2346,#2349,#814,.T.);
#3684=EDGE_CURVE('',#2633,#2634,#866,.T.);
#3686=EDGE_CURVE('',#2634,#2638,#870,.T.);
#3688=EDGE_CURVE('',#2637,#2638,#874,.T.);
#3690=EDGE_CURVE('',#2633,#2637,#878,.T.);
#3700=EDGE_CURVE('',#2357,#2358,#818,.T.);
#3702=EDGE_CURVE('',#2362,#2357,#822,.T.);
#3704=EDGE_CURVE('',#2360,#2362,#826,.T.);
#3706=EDGE_CURVE('',#2358,#2360,#830,.T.);
#3723=EDGE_CURVE('',#2365,#2325,#898,.T.);
#3726=EDGE_CURVE('',#2366,#2326,#918,.T.);
#3737=EDGE_CURVE('',#2374,#2334,#902,.T.);
#3750=EDGE_CURVE('',#2373,#2333,#906,.T.);
#3763=EDGE_CURVE('',#2370,#2330,#910,.T.);
#3776=EDGE_CURVE('',#2369,#2329,#914,.T.);
#3801=EDGE_CURVE('',#2377,#2337,#922,.T.);
#3804=EDGE_CURVE('',#2378,#2338,#934,.T.);
#3815=EDGE_CURVE('',#2382,#2342,#926,.T.);
#3828=EDGE_CURVE('',#2380,#2340,#930,.T.);
#3853=EDGE_CURVE('',#2385,#2345,#938,.T.);
#3856=EDGE_CURVE('',#2386,#2346,#958,.T.);
#3867=EDGE_CURVE('',#2394,#2354,#942,.T.);
#3880=EDGE_CURVE('',#2393,#2353,#946,.T.);
#3893=EDGE_CURVE('',#2390,#2350,#950,.T.);
#3906=EDGE_CURVE('',#2389,#2349,#954,.T.);
#3931=EDGE_CURVE('',#2397,#2357,#962,.T.);
#3934=EDGE_CURVE('',#2398,#2358,#974,.T.);
#3945=EDGE_CURVE('',#2402,#2362,#966,.T.);
#3958=EDGE_CURVE('',#2400,#2360,#970,.T.);
#3983=EDGE_CURVE('',#2530,#2497,#978,.T.);
#3985=EDGE_CURVE('',#2497,#2498,#983,.T.);
#3987=EDGE_CURVE('',#2498,#2500,#987,.T.);
#3989=EDGE_CURVE('',#2500,#2502,#991,.T.);
#3991=EDGE_CURVE('',#2502,#2504,#995,.T.);
#3993=EDGE_CURVE('',#2504,#2506,#1000,.T.);
#3995=EDGE_CURVE('',#2506,#2529,#1004,.T.);
#4006=EDGE_CURVE('',#2537,#2509,#1008,.T.);
#4008=EDGE_CURVE('',#2509,#2510,#1012,.T.);
#4010=EDGE_CURVE('',#2510,#2538,#1016,.T.);
#4021=EDGE_CURVE('',#2534,#2513,#1050,.T.);
#4023=EDGE_CURVE('',#2497,#2513,#1086,.T.);
#4036=EDGE_CURVE('',#2510,#2526,#1020,.T.);
#4038=EDGE_CURVE('',#2526,#2542,#1054,.T.);
#4049=EDGE_CURVE('',#2522,#2533,#1024,.T.);
#4051=EDGE_CURVE('',#2520,#2522,#1029,.T.);
#4053=EDGE_CURVE('',#2518,#2520,#1033,.T.);
#4055=EDGE_CURVE('',#2516,#2518,#1037,.T.);
#4057=EDGE_CURVE('',#2514,#2516,#1041,.T.);
#4059=EDGE_CURVE('',#2513,#2514,#1046,.T.);
#4072=EDGE_CURVE('',#2525,#2526,#1058,.T.);
#4074=EDGE_CURVE('',#2541,#2525,#1062,.T.);
#4086=EDGE_CURVE('',#2506,#2522,#1066,.T.);
#4099=EDGE_CURVE('',#2509,#2525,#1090,.T.);
#4111=EDGE_CURVE('',#2504,#2520,#1070,.T.);
#4124=EDGE_CURVE('',#2502,#2518,#1074,.T.);
#4137=EDGE_CURVE('',#2500,#2516,#1078,.T.);
#4150=EDGE_CURVE('',#2498,#2514,#1082,.T.);
#4187=EDGE_CURVE('',#2626,#2593,#1094,.T.);
#4189=EDGE_CURVE('',#2593,#2594,#1099,.T.);
#4191=EDGE_CURVE('',#2594,#2596,#1103,.T.);
#4193=EDGE_CURVE('',#2596,#2598,#1107,.T.);
#4195=EDGE_CURVE('',#2598,#2600,#1111,.T.);
#4197=EDGE_CURVE('',#2600,#2602,#1116,.T.);
#4199=EDGE_CURVE('',#2602,#2625,#1120,.T.);
#4210=EDGE_CURVE('',#2633,#2605,#1124,.T.);
#4212=EDGE_CURVE('',#2605,#2606,#1128,.T.);
#4214=EDGE_CURVE('',#2606,#2634,#1132,.T.);
#4225=EDGE_CURVE('',#2630,#2609,#1166,.T.);
#4227=EDGE_CURVE('',#2593,#2609,#1202,.T.);
#4240=EDGE_CURVE('',#2606,#2622,#1136,.T.);
#4242=EDGE_CURVE('',#2622,#2638,#1170,.T.);
#4253=EDGE_CURVE('',#2618,#2629,#1140,.T.);
#4255=EDGE_CURVE('',#2616,#2618,#1145,.T.);
#4257=EDGE_CURVE('',#2614,#2616,#1149,.T.);
#4259=EDGE_CURVE('',#2612,#2614,#1153,.T.);
#4261=EDGE_CURVE('',#2610,#2612,#1157,.T.);
#4263=EDGE_CURVE('',#2609,#2610,#1162,.T.);
#4276=EDGE_CURVE('',#2621,#2622,#1174,.T.);
#4278=EDGE_CURVE('',#2637,#2621,#1178,.T.);
#4290=EDGE_CURVE('',#2602,#2618,#1182,.T.);
#4303=EDGE_CURVE('',#2605,#2621,#1206,.T.);
#4315=EDGE_CURVE('',#2600,#2616,#1186,.T.);
#4328=EDGE_CURVE('',#2598,#2614,#1190,.T.);
#4341=EDGE_CURVE('',#2596,#2612,#1194,.T.);
#4354=EDGE_CURVE('',#2594,#2610,#1198,.T.);
#4391=EDGE_CURVE('',#2674,#2641,#1210,.T.);
#4393=EDGE_CURVE('',#2641,#2642,#1215,.T.);
#4395=EDGE_CURVE('',#2642,#2644,#1219,.T.);
#4397=EDGE_CURVE('',#2644,#2646,#1223,.T.);
#4399=EDGE_CURVE('',#2646,#2648,#1227,.T.);
#4401=EDGE_CURVE('',#2648,#2650,#1232,.T.);
#4403=EDGE_CURVE('',#2650,#2673,#1236,.T.);
#4414=EDGE_CURVE('',#2681,#2653,#1240,.T.);
#4416=EDGE_CURVE('',#2653,#2654,#1244,.T.);
#4418=EDGE_CURVE('',#2654,#2682,#1248,.T.);
#4429=EDGE_CURVE('',#2678,#2657,#1282,.T.);
#4431=EDGE_CURVE('',#2641,#2657,#1318,.T.);
#4444=EDGE_CURVE('',#2654,#2670,#1252,.T.);
#4446=EDGE_CURVE('',#2670,#2686,#1286,.T.);
#4457=EDGE_CURVE('',#2666,#2677,#1256,.T.);
#4459=EDGE_CURVE('',#2664,#2666,#1261,.T.);
#4461=EDGE_CURVE('',#2662,#2664,#1265,.T.);
#4463=EDGE_CURVE('',#2660,#2662,#1269,.T.);
#4465=EDGE_CURVE('',#2658,#2660,#1273,.T.);
#4467=EDGE_CURVE('',#2657,#2658,#1278,.T.);
#4480=EDGE_CURVE('',#2669,#2670,#1290,.T.);
#4482=EDGE_CURVE('',#2685,#2669,#1294,.T.);
#4494=EDGE_CURVE('',#2650,#2666,#1298,.T.);
#4507=EDGE_CURVE('',#2653,#2669,#1322,.T.);
#4519=EDGE_CURVE('',#2648,#2664,#1302,.T.);
#4532=EDGE_CURVE('',#2646,#2662,#1306,.T.);
#4545=EDGE_CURVE('',#2644,#2660,#1310,.T.);
#4558=EDGE_CURVE('',#2642,#2658,#1314,.T.);
#4607=EDGE_CURVE('',#2578,#2545,#1330,.T.);
#4609=EDGE_CURVE('',#2545,#2546,#1335,.T.);
#4611=EDGE_CURVE('',#2546,#2548,#1339,.T.);
#4613=EDGE_CURVE('',#2548,#2550,#1343,.T.);
#4615=EDGE_CURVE('',#2550,#2552,#1347,.T.);
#4617=EDGE_CURVE('',#2552,#2554,#1352,.T.);
#4619=EDGE_CURVE('',#2554,#2577,#1356,.T.);
#4629=EDGE_CURVE('',#2558,#2584,#1360,.T.);
#4631=EDGE_CURVE('',#2586,#2584,#1482,.T.);
#4633=EDGE_CURVE('',#2586,#2557,#1364,.T.);
#4635=EDGE_CURVE('',#2557,#2558,#1368,.T.);
#4646=EDGE_CURVE('',#2582,#2561,#1402,.T.);
#4648=EDGE_CURVE('',#2545,#2561,#1438,.T.);
#4660=EDGE_CURVE('',#2558,#2574,#1372,.T.);
#4662=EDGE_CURVE('',#2574,#2588,#1406,.T.);
#4664=EDGE_CURVE('',#2584,#2588,#1486,.T.);
#4675=EDGE_CURVE('',#2570,#2581,#1376,.T.);
#4677=EDGE_CURVE('',#2568,#2570,#1381,.T.);
#4679=EDGE_CURVE('',#2566,#2568,#1385,.T.);
#4681=EDGE_CURVE('',#2564,#2566,#1389,.T.);
#4683=EDGE_CURVE('',#2562,#2564,#1393,.T.);
#4685=EDGE_CURVE('',#2561,#2562,#1398,.T.);
#4697=EDGE_CURVE('',#2573,#2574,#1410,.T.);
#4699=EDGE_CURVE('',#2590,#2573,#1414,.T.);
#4701=EDGE_CURVE('',#2590,#2588,#1490,.T.);
#4713=EDGE_CURVE('',#2554,#2570,#1418,.T.);
#4725=EDGE_CURVE('',#2586,#2590,#1494,.T.);
#4728=EDGE_CURVE('',#2557,#2573,#1670,.T.);
#4739=EDGE_CURVE('',#2552,#2568,#1422,.T.);
#4752=EDGE_CURVE('',#2550,#2566,#1426,.T.);
#4765=EDGE_CURVE('',#2548,#2564,#1430,.T.);
#4778=EDGE_CURVE('',#2546,#2562,#1434,.T.);
#4802=EDGE_CURVE('',#2285,#2286,#1442,.T.);
#4804=EDGE_CURVE('',#2290,#2285,#1446,.T.);
#4806=EDGE_CURVE('',#2288,#2290,#1450,.T.);
#4808=EDGE_CURVE('',#2286,#2288,#1454,.T.);
#4812=EDGE_CURVE('',#2730,#2728,#1498,.T.);
#4814=EDGE_CURVE('',#2728,#2732,#1502,.T.);
#4816=EDGE_CURVE('',#2734,#2732,#1506,.T.);
#4818=EDGE_CURVE('',#2730,#2734,#1510,.T.);
#4828=EDGE_CURVE('',#2293,#2294,#1458,.T.);
#4830=EDGE_CURVE('',#2302,#2293,#1462,.T.);
#4832=EDGE_CURVE('',#2301,#2302,#1466,.T.);
#4834=EDGE_CURVE('',#2298,#2301,#1470,.T.);
#4836=EDGE_CURVE('',#2297,#2298,#1474,.T.);
#4838=EDGE_CURVE('',#2294,#2297,#1478,.T.);
#4855=EDGE_CURVE('',#2305,#2285,#1514,.T.);
#4858=EDGE_CURVE('',#2306,#2286,#1526,.T.);
#4869=EDGE_CURVE('',#2310,#2290,#1518,.T.);
#4882=EDGE_CURVE('',#2308,#2288,#1522,.T.);
#4907=EDGE_CURVE('',#2313,#2293,#1530,.T.);
#4910=EDGE_CURVE('',#2314,#2294,#1550,.T.);
#4921=EDGE_CURVE('',#2320,#2302,#1534,.T.);
#4934=EDGE_CURVE('',#2322,#2301,#1538,.T.);
#4947=EDGE_CURVE('',#2318,#2298,#1542,.T.);
#4960=EDGE_CURVE('',#2317,#2297,#1546,.T.);
#4985=EDGE_CURVE('',#2722,#2689,#1554,.T.);
#4987=EDGE_CURVE('',#2689,#2690,#1559,.T.);
#4989=EDGE_CURVE('',#2690,#2692,#1563,.T.);
#4991=EDGE_CURVE('',#2692,#2694,#1567,.T.);
#4993=EDGE_CURVE('',#2694,#2696,#1571,.T.);
#4995=EDGE_CURVE('',#2696,#2698,#1576,.T.);
#4997=EDGE_CURVE('',#2698,#2721,#1580,.T.);
#5007=EDGE_CURVE('',#2702,#2728,#1584,.T.);
#5010=EDGE_CURVE('',#2730,#2701,#1588,.T.);
#5012=EDGE_CURVE('',#2701,#2702,#1592,.T.);
#5023=EDGE_CURVE('',#2726,#2705,#1626,.T.);
#5025=EDGE_CURVE('',#2689,#2705,#1662,.T.);
#5037=EDGE_CURVE('',#2702,#2718,#1596,.T.);
#5039=EDGE_CURVE('',#2718,#2732,#1630,.T.);
#5051=EDGE_CURVE('',#2714,#2725,#1600,.T.);
#5053=EDGE_CURVE('',#2712,#2714,#1605,.T.);
#5055=EDGE_CURVE('',#2710,#2712,#1609,.T.);
#5057=EDGE_CURVE('',#2708,#2710,#1613,.T.);
#5059=EDGE_CURVE('',#2706,#2708,#1617,.T.);
#5061=EDGE_CURVE('',#2705,#2706,#1622,.T.);
#5073=EDGE_CURVE('',#2717,#2718,#1634,.T.);
#5075=EDGE_CURVE('',#2734,#2717,#1638,.T.);
#5088=EDGE_CURVE('',#2698,#2714,#1642,.T.);
#5102=EDGE_CURVE('',#2701,#2717,#1666,.T.);
#5113=EDGE_CURVE('',#2696,#2712,#1646,.T.);
#5126=EDGE_CURVE('',#2694,#2710,#1650,.T.);
#5139=EDGE_CURVE('',#2692,#2708,#1654,.T.);
#5152=EDGE_CURVE('',#2690,#2706,#1658,.T.);
#5201=EDGE_CURVE('',#2238,#2205,#1674,.T.);
#5203=EDGE_CURVE('',#2205,#2206,#1679,.T.);
#5205=EDGE_CURVE('',#2206,#2208,#1683,.T.);
#5207=EDGE_CURVE('',#2208,#2210,#1687,.T.);
#5209=EDGE_CURVE('',#2210,#2212,#1691,.T.);
#5211=EDGE_CURVE('',#2212,#2214,#1696,.T.);
#5213=EDGE_CURVE('',#2214,#2237,#1700,.T.);
#5224=EDGE_CURVE('',#2245,#2217,#1704,.T.);
#5226=EDGE_CURVE('',#2217,#2218,#1708,.T.);
#5228=EDGE_CURVE('',#2218,#2246,#1712,.T.);
#5239=EDGE_CURVE('',#2242,#2221,#1746,.T.);
#5241=EDGE_CURVE('',#2205,#2221,#1782,.T.);
#5254=EDGE_CURVE('',#2218,#2234,#1716,.T.);
#5256=EDGE_CURVE('',#2234,#2250,#1750,.T.);
#5267=EDGE_CURVE('',#2230,#2241,#1720,.T.);
#5269=EDGE_CURVE('',#2228,#2230,#1725,.T.);
#5271=EDGE_CURVE('',#2226,#2228,#1729,.T.);
#5273=EDGE_CURVE('',#2224,#2226,#1733,.T.);
#5275=EDGE_CURVE('',#2222,#2224,#1737,.T.);
#5277=EDGE_CURVE('',#2221,#2222,#1742,.T.);
#5290=EDGE_CURVE('',#2233,#2234,#1754,.T.);
#5292=EDGE_CURVE('',#2249,#2233,#1758,.T.);
#5304=EDGE_CURVE('',#2214,#2230,#1762,.T.);
#5317=EDGE_CURVE('',#2217,#2233,#1786,.T.);
#5329=EDGE_CURVE('',#2212,#2228,#1766,.T.);
#5342=EDGE_CURVE('',#2210,#2226,#1770,.T.);
#5355=EDGE_CURVE('',#2208,#2224,#1774,.T.);
#5368=EDGE_CURVE('',#2206,#2222,#1778,.T.);
#5405=EDGE_CURVE('',#2421,#2405,#1790,.T.);
#5407=EDGE_CURVE('',#2405,#2406,#1906,.T.);
#5409=EDGE_CURVE('',#2422,#2406,#1938,.T.);
#5419=EDGE_CURVE('',#2088,#2430,#1794,.T.);
#5422=EDGE_CURVE('',#2428,#2410,#1798,.T.);
#5424=EDGE_CURVE('',#2410,#2405,#1910,.T.);
#5428=EDGE_CURVE('',#2274,#2272,#2031,.T.);
#5431=EDGE_CURVE('',#2277,#2278,#2048,.T.);
#5433=EDGE_CURVE('',#2277,#2088,#1802,.T.);
#5444=EDGE_CURVE('',#2066,#2088,#1838,.T.);
#5446=EDGE_CURVE('',#2066,#2078,#1806,.T.);
#5457=EDGE_CURVE('',#2253,#2092,#1862,.T.);
#5459=EDGE_CURVE('',#2258,#2253,#1956,.T.);
#5461=EDGE_CURVE('',#2258,#2094,#1886,.T.);
#5463=EDGE_CURVE('',#2094,#2074,#1810,.T.);
#5465=EDGE_CURVE('',#2074,#2071,#1814,.T.);
#5467=EDGE_CURVE('',#2071,#2072,#1818,.T.);
#5469=EDGE_CURVE('',#2072,#2092,#1822,.T.);
#5480=EDGE_CURVE('',#2282,#2277,#2062,.T.);
#5482=EDGE_CURVE('',#2090,#2282,#1858,.T.);
#5484=EDGE_CURVE('',#2090,#2068,#1826,.T.);
#5486=EDGE_CURVE('',#2068,#2065,#1830,.T.);
#5488=EDGE_CURVE('',#2065,#2066,#1834,.T.);
#5499=EDGE_CURVE('',#2092,#2440,#1842,.T.);
#5502=EDGE_CURVE('',#2438,#2414,#1846,.T.);
#5504=EDGE_CURVE('',#2414,#2416,#1934,.T.);
#5506=EDGE_CURVE('',#2443,#2416,#1902,.T.);
#5509=EDGE_CURVE('',#2424,#2408,#1850,.T.);
#5511=EDGE_CURVE('',#2408,#2410,#1914,.T.);
#5515=EDGE_CURVE('',#2427,#2090,#1854,.T.);
#5518=EDGE_CURVE('',#2282,#2280,#2057,.T.);
#5521=EDGE_CURVE('',#2253,#2254,#1942,.T.);
#5534=EDGE_CURVE('',#2072,#2084,#1866,.T.);
#5546=EDGE_CURVE('',#2071,#2083,#1870,.T.);
#5559=EDGE_CURVE('',#2074,#2086,#1874,.T.);
#5571=EDGE_CURVE('',#2094,#2437,#1882,.T.);
#5585=EDGE_CURVE('',#2446,#2413,#1878,.T.);
#5587=EDGE_CURVE('',#2413,#2414,#1922,.T.);
#5593=EDGE_CURVE('',#2258,#2256,#1951,.T.);
#5596=EDGE_CURVE('',#2098,#2434,#1890,.T.);
#5599=EDGE_CURVE('',#2097,#2433,#1894,.T.);
#5602=EDGE_CURVE('',#2261,#2262,#1960,.T.);
#5613=EDGE_CURVE('',#2444,#2418,#1898,.T.);
#5615=EDGE_CURVE('',#2418,#2413,#1926,.T.);
#5628=EDGE_CURVE('',#2416,#2418,#1930,.T.);
#5642=EDGE_CURVE('',#2406,#2408,#1918,.T.);
#5702=EDGE_CURVE('',#2266,#2264,#1969,.T.);
#5715=EDGE_CURVE('',#2110,#2114,#1978,.T.);
#5717=EDGE_CURVE('',#2112,#2114,#1982,.T.);
#5719=EDGE_CURVE('',#2109,#2112,#1986,.T.);
#5722=EDGE_CURVE('',#2269,#2270,#2022,.T.);
#5734=EDGE_CURVE('',#2106,#2110,#1990,.T.);
#5736=EDGE_CURVE('',#2105,#2106,#1994,.T.);
#5738=EDGE_CURVE('',#2114,#2105,#1998,.T.);
#5749=EDGE_CURVE('',#2102,#2109,#2014,.T.);
#5751=EDGE_CURVE('',#2102,#2106,#2002,.T.);
#5763=EDGE_CURVE('',#2112,#2101,#2006,.T.);
#5765=EDGE_CURVE('',#2101,#2102,#2010,.T.);
#5778=EDGE_CURVE('',#2101,#2105,#2018,.T.);
#5815=EDGE_CURVE('',#2068,#2080,#2040,.T.);
#5829=EDGE_CURVE('',#2065,#2077,#2044,.T.);
#5860=(LENGTH_UNIT()NAMED_UNIT(*)SI_UNIT(.MILLI.,.METRE.));
#5862=(NAMED_UNIT(*)PLANE_ANGLE_UNIT()SI_UNIT($,.RADIAN.));
#5865=(NAMED_UNIT(*)SI_UNIT($,.STERADIAN.)SOLID_ANGLE_UNIT());
#5868=ADVANCED_BREP_SHAPE_REPRESENTATION('',(#5859),#5867);
#5875=PRODUCT_DEFINITION('design','',#5874,#5871);
#5876=PRODUCT_DEFINITION_SHAPE('','SHAPE FOR 874270802.',#5875);
#5877=SHAPE_DEFINITION_REPRESENTATION(#5876,#5868);
ENDSEC;
END-ISO-10303-21;
